# chinese-dictionary e804ada333b68afddfdccbe8dcc938a72da157a7 | entries 3500
一	yī	常用汉字 · 1画 · 部首一	(指事。“一”是汉字部首之一。本义:数词。大写作“壹”。最小的正整数。常用以表示人或事、物的最少数量)。同本义。序数的第一位。若干份中的一份或整数以外的零头。表示动作一次或短暂。全;满。统一。专一。都,一概。一经。
乙	yǐ	常用汉字 · 1画 · 部首乙	(象形。甲骨文字形。本义:象植物屈曲生长的样子)。同本义。天干的第二位,与地支相配,用以纪年、月、日。某人。鱼腮骨。虎两肋和尾端有骨,形如乙字,叫虎威。碾压;压抑。
二	èr	常用汉字 · 2画 · 部首二	(会意。古文字二用两横画表示,是原始记数符号)。一加一的和。排列顺序中第二位的。
十	shí	常用汉字 · 2画 · 部首十	(指事。甲骨文象用一根树枝代表十,金文象是结绳记数,用一个结表示十。后来一点变成了一横。本义:九加一的和)。同本义。指十分;十份。表示约数。犹言十来个。序数的第十位。表示多;齐全;完备。
丁	dīng zhēng	常用汉字 · 2画 · 部首一	(象形。金文象俯视所见的钉头之形,小篆象侧视的钉形。本义:钉子)。同本义。丁为“钉”的古字。天干的第四位,与地支相配,用以纪年、月、日。能担任赋役的成年男子,不同于男孩。指从事某种劳动的人 。如 :园丁;家丁;庖丁。壮盛;强壮。当;遭逢。
厂	chǎng ān hàn	常用汉字 · 2画 · 部首厂	(形声。从广(yǎn),敞声。从“广”,表示与房屋有关。本义:棚舍)。没有墙壁的简易房屋。马屋;牲口棚子。工厂。多用于人名。山边岩石突出覆盖处，人可居住的地方。
七	qī	常用汉字 · 2画 · 部首一	(指事。从一ㄣ。画以纪数。本义:六加一的和)。同本义。姓(明代有七希贤)。
卜	bo bǔ	常用汉字 · 2画 · 部首卜	——见“萝卜”。(象形。甲骨文字形,象龟甲烧过后出现的裂纹形。汉字部首之一,从“卜”的字多与占卜有关。本义:占卜)。古人用火灼龟甲,根据裂纹来预测吉凶,叫卜。选择。赐予;给予。推断;预料。卜官,卜卦之人。元代戏曲中扮演老妇的角色。姓。
八	bā	常用汉字 · 2画 · 部首八	(象形。甲骨文象分开相背的样子。汉字部首之一。从“八”的字多与分解、分散、相背有关。本义:相背分开) 同本义。七加一的和。常表次第,即第八。
人	rén	常用汉字 · 2画 · 部首人	(象形。甲骨文字形,象侧面站立的人形。“人”是汉字部首之一。本义:能制造工具改造自然并使用语言的高等动物)。同本义。某人;某种人;某些人。别人,他人。民,百姓。指成年人。伴侣。果仁仁爱。每人 一定人群中的每一个。
入	rù	常用汉字 · 2画 · 部首入	(象形。甲骨文字形,象个尖头器具,尖头器具容易进入。本义:进来,进去)。同本义。参加, 加入。交、交纳。接纳;采纳。与…相适应。入朝,指属国、外国使臣或地方官员谒见天子。到达。侵入。占据。收入,进项。古汉语声调之一——见“入声”。
儿	ér	常用汉字 · 2画 · 部首儿	(象形。甲骨文字形,下面是“人”字,上面象小儿张口哭笑。“儿”是汉字部首之一,从“儿”的字大都与“人”有关。本义:幼儿。古时男称儿,女称婴,后来孩童都称儿)。同本义。父母对儿子的称呼。我。子女对父母的自称。古代年轻女子的自称。弟对兄的自称。自己的 用于古代妇女称自己丈夫。儿化。汉语后缀的“儿”不自成音节,而和前面一个音节合在一起构成带卷舌韵母r的音节。多用作名词后缀 表示小。如:盆儿;棍儿;小猫儿;小车儿 表示词性变化。动词名词化,如:唱儿;逗笑儿。形容词名词化,如:亮儿;零碎儿 表示具体事物抽象化。如:口儿;门儿;根儿 表示词义变化。如:白面儿(海洛因);老家儿(对人称自己或别人的父母)。形容词后缀。如邵雍《首尾吟》:“天听虽高只些子,人情想去没多儿。”。
匕	bǐ	常用汉字 · 2画 · 部首匕	(象形。从二匕,匕亦声。甲骨文字形,象汤匙形。汉字部首之一。本义:勺子。按:一说“匕”象反人形,“妣”之初文)。古代的一种取食器具,长柄浅斗,形状像汤勺。匕首。
几	jī jǐ	常用汉字 · 2画 · 部首几	(象形。本义:古人席地而坐时有靠背的坐具)。同本义。后专指有光滑平面、由腿或其它支撑物固定起来的小桌子。苗头;预兆。政务表示非常接近,相当于“几乎”、“差不多”。(会意。从戌。戌,兵守也。本义:细微,隐微)。危险。接近;达到。(会意,本义:微,隐微)。表示肯定观念,意思是“虽少但仍有一些”。表示否定概念意思是“不多”“没有多少”。表示疑问,用以询问数目的多少。
九	jiǔ	常用汉字 · 2画 · 部首丿	(指事。本义:数词。比八大一的基数)。同本义。第九。《周易》以阳爻为九。泛指多数,数量大。时间长。九月。时令名。从冬至起每九天为一“九” 。如:今日进九;数九寒天;九尽寒尽。如:九九(自冬至次日起数,每九天为一九,共历八十一日,称为九九)。古国名 。今河北省临漳县西南。纠合,聚集。
刁	diāo	常用汉字 · 2画 · 部首刀	乖巧,机灵。[方言] 稻、麦、谷、高粱等抽的穗。
了	liǎo le	常用汉字 · 2画 · 部首乛	(象形。从子,无臂。小篆字象婴儿束其两臂形。初生的婴儿,往往束其两臂而裹之。本义:束婴儿两臂)。手弯曲。假借为“憭”、“悟”。懂得,明白其意思。结束,了结。聪敏,颖慧。明亮,光亮。用在动词或形容词后面，表示动作或变化已经完成。用在句子的末尾或句中停顿的地方，表示变化或出现新的情况。
刀	dāo	常用汉字 · 2画 · 部首刀	(象形。小篆字形,象刀形。汉字部首之一。本义:古代兵器名)。同本义。泛指用来斩、割、切、削、砍、铡的工具。即刀币 ,中国的一种古钱币,其形如刀。小船。姓。
力	lì	常用汉字 · 2画 · 部首力	(象形。甲骨文字形,象耒形,有柄有尖,用以翻地。用耒表示执耒耕作需要花费力气。“力”是汉字部首之一。本义:体力,力气)。同本义。力量。能力。威力;权势。劳役;仆役。本指制法成治之功,后泛指功劳。兵士。勤;致力,努力;从事于。役使。尽力,竭力。姓。
乃	nǎi	常用汉字 · 2画 · 部首丿	你,你的。他的。此,这个。这样,如此。是,就是。刚刚,才,表示事情发生得晚或结束得晚。竟,竟然。却。于是;就。可是,然而。
又	yòu	常用汉字 · 2画 · 部首又	(象形。甲骨文字形,象右手形,本左右的“右”。从“又”的字多与手的动作有关。本义:右手) 同本义复,再,再一次。表示几种情况或性质同时存在。而且,表示意思上更进一层。另外。
三	sān	常用汉字 · 3画 · 部首一	(指事。本义:数目。二加一的和)。同本义。表示多数或多次。指三颗星。姓。
干	gān gàn	常用汉字 · 3画 · 部首干	(象形。甲骨文字形,象叉子一类的猎具、武器,本是用于进攻的,后来用于防御。本义:盾牌)。同本义。岸;水畔。江南把山垅之间的地段叫干。故金陵有大长干、小长干、东长干。捍卫。触犯;冒犯;冲犯;冲。又。立,建立。求,求取。干预;干扰。关涉;牵扯。(形声。从乙(表示向上),倝(gàn)声。①本义:天。②引申义:没有水分或水分很少,与“湿”相对)。同引申义。枯竭。干亲。谓没有血缘或婚姻关系而结认的亲戚关系。使干,竭尽。怠慢;使对方难堪。加工制成的干食品。徒然,白白地。虚假地,表面地。姓。(形声。从木,倝(gàn)声。本义:筑墙板。筑土墙时两边所用的木板)。木名。柘树。主干。引申为本质。胁。效果;用处。地位低下的官吏。做,从事于或忙于做某事,尤指从事某项职业。主管。护卫,遮挡。干练。乱。
于	yú	常用汉字 · 3画 · 部首二	(象形。甲骨文字形,表示气出受阻而仍越过。本义:超过)。往;去。取。如;好像。引进动作、行为的时间、处所,意义相当于“在”、“到”或“在…方面(上、中)”。引进动作、行为的对象,相当于“向”、“对”、“对于”。在被动句中,引进动作、行为的主动者,相当于“被”。引进比较对象,意思相当于“比”。词缀。嵌在动词或形容词后面,不必译出。姓。
亏	kuī	常用汉字 · 3画 · 部首二	(形声。从亏,(hū)声。本义:气损)。同本义。欠缺,短少(应该有的而缺少)。与“盈”、“满”相对。损耗,损害。输。毁坏。减损;减少。违背。相异;不适应。损失,丧失。月相从全月到新月的时期。
工	gōng	常用汉字 · 3画 · 部首工	(象形。甲骨文字形,象工具形。“工”、“巨”(矩)古同字,有“规矩”,即持有工具。本义:工匠的曲尺)。同本义。工匠;工人。古代对从事各种技艺的劳动者的总称;现代为工人和工人阶级的总称。古代特指乐官或乐人。官吏;职事。劳绩,功绩。成效。精巧,精致。擅长;善于。
土	tǔ	常用汉字 · 3画 · 部首土	(象形。甲骨文字形,上象土块,下象地面。金文中空廓变填实,小篆又变为线条。本义:泥土,土壤)。同本义。沉积于地面上的泥沙混合物。潮湿时称泥土,地质学上称土壤。土地。领土,国土。田。中医学上指脾。土地神中国少数民族之一 。自称“蒙古勒”或“蒙古尔孔”(意为蒙古人),分布在青海省及甘肃天祝等地。测量土地。吐。姓。
士	shì	常用汉字 · 3画 · 部首士	(会意。从一,从十。善于做事情,从一开始,到十结束。本义:古代男子的美称)。同本义。将领。兵士;武士。古代指掌管刑狱的官员。士大夫(旧时指官吏或较有声望、地位的知识分子)。中国古代社会阶层的名称。先秦时期贵族的最低等级,位次于大夫。古代四民之一。指农工商以外学道艺、习武勇的人。或称“士民”以区别于“庶民”。知识分子的通称。古代诸侯士大夫对天子的自称。对品德好、有学识、有技艺的人的美称。又如志士、勇士、谋士、医士。作官
才	cái	常用汉字 · 3画 · 部首扌	(象形。甲骨文字形,上面一横表示土地,下面象草木的茎(嫩芽)刚刚出土,其枝叶尚未出土的样子。本义:草木初生)。同本义。有才能;有本领。才力;才能。人才。常写作“材”。从才能方面指某类人。材资;本能。刚刚。仅,只 ——表示数量少,程度低。表示只有在某种条件下或由于某种原因、目的而能怎么样。用于后一分句,前一小句常有“只有、必须、要、因为、由于”等词语。强调确定语气。姓。
下	xià	常用汉字 · 3画 · 部首一	(指事。据甲骨文,上面部分表示位置的界限,下面部分表示在下的意思。本义:下面,位置在下)。同本义。地。臣下;百姓;群众。方面。特指湖泽。地表之下。里面。旧时时间单位,相当于“点”。指时间、处所、范围。位在下的人。下来。落下;降下。弯屈。卸下。发表、宣告。去;到。做饭。夺得、攻取、占领或攻占。又如:连下数城。歇宿;收留。又如:下人(旅店安排客人住宿);下处(住所;旅店);下店。投降。又如:下气(说求饶的话);下腰(弯腰。比喻屈服)。居人之下;谦让。又如:下人(居于人下);下顾(照顾;关照);下气(恭敬顺从)。安扎。拍。身分、地位低。次序或时间在后。
寸	cùn	常用汉字 · 3画 · 部首寸	(指事。小篆字形,从又,从一。“又”象手形,“一”指下手腕一寸之处。“寸”是汉字部首之一,从“寸”的字往往与“手”有关。本义:中医切脉,称距离手腕一寸长的部位为“寸口”,简称“寸”)。长度单位, 1/10尺为一寸,古代计量长度单位的标准不同,寸的具体数值也有差异。引申为极短。协助。
大	dà dài	常用汉字 · 3画 · 部首大	(象形。甲骨文字形,象人的正面形,有手有脚。“大”是汉字部首之一,从“大”的字往往与人类或人事有关。本义:大小的“大”)。形容体积、面积、数量、力量、规模、程度等方面超过一般或超过所比较的对象。与“小”相对。年辈较长或排行第一的。重要,重大。德高望重的。超过一般。学识渊博的。规模大。性质严重。达到很广范围或很高程度,大肆。很,太,非常。大人。大小。长大。超过。姓。“大夫”、“大王”。世代。
丈	zhàng	常用汉字 · 3画 · 部首一	(会意。小篆字形。从又(手)持“十”。十,十尺。本义:长度单位,十尺) 同本义。古时对长辈男子的尊称。扶,倚
与	yǔ yù yú	常用汉字 · 3画 · 部首一	(会意。小篆字形,“一、勺”合起来,表示赐予别人东西。“與”,从与,从舁(yú),共同抬起,与,给予。合起来表偕同、朋友。本义:赐予,施予,给予)。同本义。交往;交好。奖赏。帮助;援助。随从;随着。等候,等待。允许。交付,偿还。亲近。党与;朋党。盟国,友邦。类;同类。跟;和;及。对于;于。与多用于轻微的疑问。吗。参与。
万	wàn mǒ	常用汉字 · 3画 · 部首一	(形声。“萬”,甲骨文呈蝎子形。本义:蝎)。虫名。蝎。古州名。南朝梁大同二年置。治所在石城(今四川省达县)。唐贞观八年改浦州置。治所在南浦(今四川省万县市)。明洪武元年置。治所在万安(今广东省万宁县)。县名 。在四川省东部长江北岸。三国吴置羊渠县,蜀汉改南浦县,元入万州,明改万县。倍。极言其多。极言各不相同。姓。原为中国古代鲜卑族部落名；后为复姓。
上	shàng shǎng shang	常用汉字 · 3画 · 部首一	(指事。小篆字形。下面的“一”表示位置的界线,线上一短横表示在上面的意思。本义:高处;上面)。同本义。上天;天帝。上级;尊长;社会的最高层。君主;皇帝。工尺谱里的“do”称为上。时间,时候。方位词,边,畔。上等,等级高或品质良好。时间或次序在前。远;久远。广大。丰足。登;上升;向上。上报;呈报。进献,送上。崇尚,提倡。向前;前进。去;到。放到;放进。安装;装上。汉语声调之一，普通话上声（第三声）。用在名词后，表示在物体的表面。用在名词后，表示在某种事物的范围以内。表示某一方面。
小	xiǎo	常用汉字 · 3画 · 部首小	(象形。据甲骨文,象沙粒形。小篆析为会意。从八,从|。本义:细;微。与“大”相对)。同本义 。形容事物在体积、面积、数量、力量、强度等方面不及一般的或不及比较的对象。年幼。稍,略。将近。狭隘;低窄。低微。年幼的人。引申为小辈。妾,小老婆。微细的事物。小人,品质不高的人。小。
口	kǒu	常用汉字 · 3画 · 部首口	(象形。甲骨文字形,象人的口形。本义:口腔器官,嘴)。同本义。人类用来发声和进食的器官。出入通过的地方。又。口才。刃,武器或器具上刀片的切割边。用于某些物品、家畜及人等。
山	shān	常用汉字 · 3画 · 部首山	(象形。甲骨文和金文字形,象山峰并立的形状。“山”是汉字的一个部首。本义:地面上由土石构成的隆起部分)。同本义。形状像山的东西。特指“五岳”。指酒肆的楼上。粗俗。姓。
巾	jīn	常用汉字 · 3画 · 部首巾	(象形。甲骨文字形,象布巾下垂之形。本义:佩巾,拭布,相当于现在的手巾)。同本义。缠束或覆盖用的织物。头巾。巾箱。包裹;覆盖。
千	qiān	常用汉字 · 3画 · 部首十	(形声。从十,人声。本义:数目。十百为千) 同本义。比喻数甚大;许许多多。田间小路。
乞	qǐ	常用汉字 · 3画 · 部首乙	(象形。《说文》本作“气”,借云气字表示乞求义。本义:向人求讨)。同本义。引申为请求,希望。被;叫。乞丐。姓。
川	chuān	常用汉字 · 3画 · 部首川	(象形。甲骨文字形,左右是岸,中间是流水,正像河流形。本义:河流)。同本义。平地;平野。
亿	yì	常用汉字 · 3画 · 部首亻	(形声。左形,右声。本义:安宁)。安宁;安定。极多;极大。满。数目的名称。古代有时把十万叫亿。今以万万为亿,即以阿拉伯数字100000000标记的可数量。臆测,预料。姓。
个	gè gě	常用汉字 · 3画 · 部首人	通用个体量词,表示单独的人或物。字亦作“箇”。俗又作“個”。也可用于某些有专用量词的事物。跟动作有关的用法。这;那。用于“自个儿”(zìgěr)。
夕	xī	常用汉字 · 3画 · 部首夕	(指事。从月半见。本义:黄昏,傍晚)。同本义。夜。指一年的最后一季或一个月的下旬。晚潮。傍晚朝见君主。
久	jiǔ	常用汉字 · 3画 · 部首丿	灸灼。“灸”的古字。支撑。堵塞。等待。滞留。长久,时间久(跟“暂”相对)。从前的、先前的。
么	me	常用汉字 · 3画 · 部首丿	词尾。助词，表示含蓄语气，用在前半句末了。用作歌词中的衬字。
勺	sháo	常用汉字 · 3画 · 部首勹	(象形。本义:古代舀酒器)。同本义。泛指舀东西的器具,有柄。容量单位名。历代不同。
凡	fán	常用汉字 · 3画 · 部首几	(象形。金文字形,象造器之模范形。①本义:铸造器物的模子。②引申义:凡是,表示概括)。凡是,一切。总共。平常;普通。平庸。纲要,概括之辞。人世间,尘世。古国名 。姬姓。始封之君为周公之子。在今河南省辉县西南。
丸	wán	常用汉字 · 3画 · 部首丿	(形声。反体指事。小篆是仄的反写。本义:小而圆的物体)。同本义。特指弹丸。量词。指鸟卵。揉物使成小球形。完。姓。
及	jí	常用汉字 · 3画 · 部首又	(会意。甲骨文字形,从人,从手。表示后面的人赶上來用手抓住前面的人。本义:追赶上,抓住)。同本义。至,达到。待,等到。遭受。比得上,能与…相比。连累;关联。供应。趁。和,与。——表示反问,相当于“岂”。——表示頻率,相当于“又”。——表示程度,相当于“极”。姓。
广	ān guǎng	常用汉字 · 3画 · 部首广	草屋。(形声。从广(yǎn),黄声。从“广”,表示与房屋有关。按:“广”和“廣”本不同义:是两个字。“广”,本读yǎn,甲骨文和金文的写法象屋墙屋顶,其含义是依山崖建造的房屋。现在“广”是“廣”的简化字。本义:宽大的房屋)。四周无壁的大屋。宽度,横向尺寸。广州的省称。广阔,宽阔;分布广;辽阔。引申为大。多,众多,数目很多。普通;广泛。(kuàng)。荒废,耽搁。引申为扩大。
亡	wáng wú	常用汉字 · 3画 · 部首亠	(会意。小篆字从入,从乚。“入”是人字。乚(yǐn)隐蔽。合起来表示人到隐蔽处。本义:逃离,出走)。同本义。死。丢失;丧失。灭亡。外出;出门。沉迷于宴饮。过去。古同“无”。没有。副词,通“毋”可译为“不”、“不要”等,表示否定。
门	mén	常用汉字 · 3画 · 部首门	(象形。甲骨文字形,象门形。“门”是汉字的一个部首。本义:双扇门,门)。同本义 。房屋垣墙等建筑物,在出入通口处所设可开关转动的装置。古代门与户有别,一扇曰户,两扇曰门;又在堂室曰户,在区域曰门。房屋、围墙、车船等的出入口。门前,门口。形状或作用像门的东西。门径;诀窍。家;家族。学术思想或宗教的派别。守门。攻门。
丫	yā	常用汉字 · 3画 · 部首丨	(象形。本义:树木或物体的分叉)。同本义。
义	yí yì	常用汉字 · 3画 · 部首丶	(“仪”的古字)。仪容;状貌。(会意。从我,从羊。“我”是兵器,又表仪仗;“羊”表祭牲。本义:正义;合宜的道德、行为或道理)。同本义。情谊。意义;意思。名义上的。善;美。姓。
之	zhī	常用汉字 · 3画 · 部首丶	(会意。象艸过屮。枝茎益大。本义:出,生出,滋长)。同本义。往,朝某方向走,到…去。指示人或事物,相当于“这个”“那个”。指代人或事物的名称,相当于他、她、它、他们。又。指示代词,相当于“其”、“他的”、“其他的”。的。用在定语和中心词之间,表示领属关系或一般的修饰关系。用于主谓结构之间,取消句子的独立性。用于实词与介词之间。
尸	shī	常用汉字 · 3画 · 部首尸	(象形。小篆字形,屍像卧着的人形。本义:祭祀时代表死者受祭的人)。同本义。神主牌,以木为之。陈尸示众,陈列。立神像或神主。担任;承担。执掌,主持。在其位而无所作为。列阵。尸体。姓。
己	jǐ	常用汉字 · 3画 · 部首己	(象形。甲骨文字形,象绳曲之形。“己”是古“纪”字,假借作“自己”用。①本义:丝的头绪,用以缠束丝。②自己) 自己,本人。天干的第六位。借作“给”。
已	yǐ	常用汉字 · 3画 · 部首己	(象形。象蛇形。一说原与“子”同字。本义:停止)。同本义。完成,完毕。治愈。已经 ——表示动作变化达到的程度。太 ——表示程度。又 ——表示行为的频率。最终,终归。已而,然后。
巳	sì	常用汉字 · 3画 · 部首巳	(象形。甲骨文字形,像在胎包中生长的小儿。本义:在胎包中成长的小儿)。同本义。地支的第六位。与天干相配,用以纪年。如一九四一年为农历辛巳年。用以纪月,即农历四月。十二生肖属蛇。
弓	gōng	常用汉字 · 3画 · 部首弓	(象形。甲骨文字形,象弓形,有弓背和弓弦,后省去弓弦,只剩下弓背,隶变后变成现在的“弓”字。“弓”是汉字部首之一,从“弓”的字多与“弓箭”有关系。本义:射箭或打弹的器械)。同本义。形状或作用像弓的器具。丈量土地的器具,用木制成,形状似弓 ,两端距离是五尺,也叫步弓。丈量土地的计量单位,一弓为五尺、三百六十弓为一里。弯曲,引申为弯身,指行礼。
子	zǐ zì	常用汉字 · 3画 · 部首子	(象形。甲骨文字形,象小儿在襁褓中,有头、身、臂膀,两足象并起来的样子。“子”是汉字的一个部首。本义:婴儿)。同本义。儿女。古人称子兼男女。今则专指儿子,即某人直系血统的下一代男性。子孙。通常指晚辈直系或旁系血亲。系另一人或一个共同世系的后裔;后代。人的通称。中国古代士大夫的通称。中国古代对男子的通称。古人对自己老师的称呼。地支的第一位。与天干相配,用以纪年。用以纪月,即农历十一月。用以纪日。用以纪时,即夜半十一时至一时。子夜。专指女儿。加在姓氏或数词后面作为对人的尊称。小。幼小。爱;尤指像对子女一样地爱护。收养为子。结果实。尽儿女之道;善事父母。表示限制,相当于“只”。相当于“虽然”。你——尊称对方,通常为男性。姓。构词后缀。加在动词或形容词词素后。个别量词后缀。
卫	wèi	常用汉字 · 3画 · 部首卩	(会意。从韋币从行。甲骨文中“卫、韦”同字。意思是在大道(行)站岗保卫(韦)。本义:保卫;防护)。同本义。谋求。担任卫护、防守之职的人。周代京师以外的行政区域之一。驴的别称。箭羽。古国名 。周武王弟康叔封地。至懿公为狄所灭。戴公野处漕邑,文公又徙居楚丘。秦始皇既统一全国,独置卫君,为附庸,至二世元年废。边陲,边远的地方。水名 。源出河北省灵寿县东北,南流至县东南,合滹沱河。肢体。
也	yě	常用汉字 · 3画 · 部首乙	表示选择,还是。用在句末表示判断或肯定语气。相当于“啊”、“呀”。用在句中,表示停顿。用在句末,表示疑问,相当于“呢”、“吗”。用在前半句的末了,表示停顿一下,舒缓语气,后半句将对前半句加以解说。对后半句有强调作用。
女	nǚ	常用汉字 · 3画 · 部首女	(象形。甲骨文字形,象一个敛手跪着的人形。本义:女性, 女人,与“男”相对)。同本义。引申指女儿。又。星宿名。二十八宿之一,北方玄武七宿的第三宿。有星四颗。以女嫁人(此义又读nǜ)。像姑娘。当女奴。柔弱。雌性的。假借为“汝”。你。
刃	rèn	常用汉字 · 3画 · 部首刀	(指事。小篆字形,在刀上加一点,表示刀锋所在。本义:刀口,刀锋)。同本义。刀剑一类利器。长度单位。杀死,弄死。磨。柔软而坚固。
飞	fēi	常用汉字 · 3画 · 部首飞	(象形。小篆字形,下面象展开的双翼,上面象鸟首。本义:鸟飞)。同本义。泛指飞翔。物体随风在空中飘游浮荡。矿物药或颜料,研成细末,置于水中以漂去其浮于水面的粗屑。疾速。没有根据的。不具姓名的。凌空,高。肌肉丰满。奔驰的马。飞星,流星的一种。
习	xí	常用汉字 · 3画 · 部首乙	(会意。从羽 。从羽,与鸟飞有关。本义:小鸟反复地试飞)。同本义。反覆练习,钻研。通晓,熟悉。学习。习惯;习惯于,习以为常。训练。习染。习性;习惯。亲信。经常,常常。
叉	chā chá chǎ chà	常用汉字 · 3画 · 部首又	(指事。小篆为“又”(即手)上加一点,指出叉手的动向。本义:交错,交叉)。手指相交错。也泛指一般的交错、交叉。古代的一种兵器,头有分杈。叉子。挡住,卡住。
马	mǎ	常用汉字 · 3画 · 部首马	(象形。早期金文字形,象马眼、马鬃、马尾之形。“马”是汉字的一个部首。本义:家畜名)。单蹄食草大型哺乳动物 。史前即为人类所驯化,用作驮畜、挽畜和乘骑;它和其他现存的马属和马科动物的区别是尾毛和鬃毛长,后腿飞节内下方有一块胼胝,还有一些非固定特征(如体型较大,蹄子较大,颈稍呈弓形,头小,耳短)。“码”的古字。古代用 以计算的筹码。近世也用以计数。驾着马。姓。
乡	xiāng	常用汉字 · 3画 · 部首乙	(会意。据甲骨文,像二人对食形。“‘鄉’和‘饗’原本是一字…整个字像两个人相向对坐,共食一簋的情状。本义是用酒食款待别人,是“饗”的古字)。“乡”假借为行政区域名。乡村,城市外的区域。家乡,故乡。在客地称原籍为乡。地方;处所。用作动词,读xiàng姓。
丰	fēng	常用汉字 · 4画 · 部首丨	(象形。甲骨文字形,上面象一器物盛有玉形,下面是“豆”(古代盛器)。故“豐”本是盛有贵重物品的礼器。这由“豊”字可以得到证明。古文“豐与“豊”是同一个字,《说文》:“豊,行礼之器也。”本义:古代盛酒器的托盘)。中国古代礼器,形状像豆,用以承酒觯。蒲草。地名。周国都名 。在今陕西省西安市西南。秦沛县之丰邑,汉置县 。今江苏省徐州市丰县。草木茂盛。大;高大。又。丰满;胖。指农作物收成好。盛多。多指事物的数量。丰厚;富裕。富饶。豆器所盛丰富的。增大;扩大。容貌丰满美好。风度,风姿。
王	wáng wàng	常用汉字 · 4画 · 部首王	(会意。本作“士”,是能独立任事的人,后加一横,表示在“士”之上,即人间的最高统治者,而帝 是天上的最高统治者。后“帝”、“王”同步降职,帝成了人间的皇帝,而“王”成了对臣子的最高封爵。本义:天子、君主)。殷周时代对帝王的称呼。春秋时,楚、吴、越等诸侯国国君也开始称“王”,战国时各诸侯国国君普遍称“王”。从秦代开始,天子改称“皇帝”,“王”便成了对贵族或功臣的最高封爵,即诸侯王。首领;同类中最突出者。中国古代对祖父母的尊称。姓。统治、领有一国或一地。作皇帝,称王。胜过。
开	kāi	常用汉字 · 4画 · 部首廾	(会意。小篆字形,两边是两扇门,中间一横是门闩,下面是一双手,表示两手打开门闩之意。本义:开门)。同本义。打开,开启。引申为开放;舒放。创立,建立,开创,设立。摆开。开掘;开通。教导,启发。开拓,扩展。戏剧开场角色的说白。分离,分开。又如:开交(分开;解决)。放晴。姓。
井	jǐng	常用汉字 · 4画 · 部首二	(象形。金文字形,外象井口,中间一点表示井里有水。本义:水井)。同本义。井田。相传古制八家为井。引申为人口聚居地;乡里;家宅。污水池 。 如: 井匽(排除污水秽物的水池和水沟)。比喻法度;条理。市街。汲水于井。划定井田。
天	tiān	常用汉字 · 4画 · 部首大	(会意。甲骨文字形。下面是个正面的人形(大),上面指出是人头,小篆变成一横。本义:人的头顶)。同本义。古代的墨刑。在额头上刺字的刑罚。《其人天且劓。——《易·睽卦》。虞注:“黥额为天。”。天空。天帝,上天。古人以天为万物主宰者。天堂 。一昼夜 。比人类品质更高尚和能力更强大的存在。自然所生成的事物。一年里的特定时候 。气象状态。丈夫 。如:失其所天。指先天不足。古代指君王 。如:天颜(皇帝之面);天表(天子的仪表);天恩;天邑(帝王之都);天位(天子之位)。头等大事。人的额部 。如:天炙(朱水点额)。天然的;天生的。顶上的;架空的 。姓。
夫	fū fú	常用汉字 · 4画 · 部首大	(象形。甲骨文字形,像站着的人形(大),上面的“一”,表示头发上插一根簪(zān),意思是成年男子,是个丈夫了。古时男子成年束发加冠才算丈夫,故加“一”做标志。本义:成年男子的通称)。同本义。女子的正式配偶。大丈夫。对男子的美称。剑衣。足背。再,又一次。那,那个,那些 ——表示远指。这,这个,这些 ——表示近指。所有的,大家。相当于“凡”。用于句首,有提示作用。用于句中,舒缓语气。用于句尾名，表示感叹。
元	yuán	常用汉字 · 4画 · 部首儿	(会意。从一,从兀。甲骨文字形。象人形。上面一横指明头的部位。上一短横是后加上去的,依汉字造字规律,顶端是一横的,其上可加一短横。本义:头)。同本义。天。君。开始;起端。道家所谓的道。指帝王年号。朝代名 。1206 年,成吉思汗建蒙古汗国。1271 年,忽必烈定国号为元。1279 年灭南宋,统一全国,建都大都(今北京)。1368 年,朱元璋军攻占大都,元亡。自定国号起,元凡十一帝,历时九十八年。又。第一,居首位的。大。本来;向来;原来。黑色。清朝避康熙(玄烨)皇帝的讳。改“玄”为“元”。
无	mó wú	常用汉字 · 4画 · 部首一	“南无”(nāmó):佛教用语,表示对佛尊敬或皈依。(会意。据甲骨文字形,象一个人持把在跳舞。卜辞、金文中“无、舞”同字。本义:乐舞)。同本义。哲学范畴,指无形、无名、虚无等,或指物质的隐微状态。没有,跟“有”相对。不,表示对动词或形容词的否定。表示劝阻或禁止,可译为“不要”、“别”。未,不曾,没。不必,不值得。表示不定指的人、事物、时间、处所等。连接词组或分句,表示在任何条件或情况下都是如此,相当于“不论”、“无论”。用在句首,无义。用在句末,表示疑问语气,可译为“吗”。
云	yún	常用汉字 · 4画 · 部首二	(象形。《说文》:古文字形。象云回转形。“雲”为会意字,从雨,从云。本义:云彩。这个意义后作“雲”)。同本义。大气中的水蒸气,凝聚而成小水滴或水粒,或与雨共存时肉眼可见的集合体,叫做云。比喻轻柔舒卷如云之物。借指高空。云南省的简称。比喻盛多。比喻高。说。有。为,是。旋。无实在意义。如此;这样。姓。
专	zhuān	常用汉字 · 4画 · 部首一	(会意兼形声。甲骨文字形,右边象纺塼(zhuān)形,即“叀(zhuan);左边是手(寸),合起来为用手纺织。“叀”兼作声符。本义:纺锤)。纺专,收丝器。独占;独用。使专一;使集中。独裁,专擅,独断独行。又。专断。狭小。满。诚笃。全,都。很,非常。仅仅,只。姓。
丐	gài	常用汉字 · 4画 · 部首一	乞求,乞讨。求,请求。给予;施舍,把财物给与人。免除,宽免。乞丐,以乞讨为生的人。
扎	zā zhā zhá	常用汉字 · 4画 · 部首扌	捆绑;缠束;拴;系。准备。刺;戳。驻扎。装扮。张开,揸开。拔。书写。用同“炸”。
艺	yì	常用汉字 · 4画 · 部首艹	(会意。甲骨文字形。左上是“木”,表植物;右边是人用双手操作。又写成“埶”,从坴(lù),土块;从丮(jí),拿。后繁化为“藝”。“艺”从“帅”,乙声。本义:种植) 同本义。技能;才能。指礼、乐、射、御、书、数六种古代教学科目。指经籍称《诗》、《书》、《礼》、《乐》、《易》、《春秋》六经为六艺。极限。标准;准则。
木	mù	常用汉字 · 4画 · 部首木	(象形。甲骨文字形。象树木形。上为枝叶,下为树根。“木”是汉字的一个部首。从“木”的字表示树木或木器的名称。本义:树木)。同本义。木料,木材。树叶。棺材。某些木制的器物。麻木;失去知觉。朴拙。
五	wǔ	常用汉字 · 4画 · 部首二	(五,会意。从二,从乂。“二”代表天地,“乂”表示互相交错。本义:交午,纵横交错) 同本义。四加一的和。古代军队编制单位,五人为伍。偶;相类。工尺谱中的音名之一,表示音阶上的一级。五行。古军队编制,五人为伍;行列。姓。
支	zhī	常用汉字 · 4画 · 部首支	(会意。小篆字形,上面是“竹”的一半,下面是手(又)。《说文》:“从手持半竹。”本义:去枝的竹子)。同本义。枝条分支。支流。祖宗支系。支,线及棉纱等的粗细单位。地支的简称。支撑。支开,支派。分,分散。姓。
厅	tīng	常用汉字 · 4画 · 部首厂	(形声。从广(yǎn),聽(tīng)声。厅是后起字,大约产生于唐代。古作“聽”。魏晋以来加“广”。本义:堂屋)。同本义。官署中听事问案之处。住宅中通往各房间的大或小空间。一级政府部门。清代在府下设厅,与州、县同为地方基层行政机构。其长官为同知或通判。有直隶厅与散厅之别。清末内阁及各部所设掌理政务之机关。民国以来,省政府之下设民政厅、财政厅、教育厅等。现代党政机关的办事机构 。为营业而容纳多人的房屋 。
不	bù	常用汉字 · 4画 · 部首一	(象形。甲骨文字形,上面象花蒂的子房,下面象花蕊下垂形。①本义:萼足。《诗·小雅·常棣》:“常棣之花,鄂不韡(wěi)。”郑笺:“承华者曰鄂。”②副词。不。《荀子》:“锲而不舍,金石可镂。”)。用在动词、形容词或个别副词前,表示否定。表示事理上或情理上不需要。古疑问词。用来调整音节。大。注意:“不”字在第四声(去声)字前念第二声(阳平),如“不必”(bú bì);“不是”(bú shì)。本词典为方便起见,条目中的“不”字,都注第四声。
犬	quǎn	常用汉字 · 4画 · 部首犬	(象形。“犬”是汉字部首之一。本义:狗)。同本义。古时特指大狗,后来犬、狗通名。称自己的儿子(谦称)。
太	tài	常用汉字 · 4画 · 部首大	(指事。古作“大”,后语音分化,在“大”字下添加符号,成指事字。本义:过于)。极大。古作“大”,也作“泰”。凡言大而以为形容未尽,则作太。身分最高或辈数更高的。大的,广大的。古代记数有所超过称“太”。安宁的,秩序正常的。也作“泰”。亨通;顺利。泰阶,星名,即三台。又比喻三公。过于;过分。又。
区	ōu qū	常用汉字 · 4画 · 部首匚	一种中国古代容器。又用为容量单位。姓氏。(会意。甲骨文字形。从品在匚中。“品”表示许多物品。“匚”(fāng),盛物的器具。本义:收藏)。隐匿。区别。区域;地区。行政区划单位 。如:自治区;解放区;市辖区;县辖区。亦指区政府所在地。如:他在区里开了三天会。特指小屋。小,微小。
历	lì	常用汉字 · 4画 · 部首厂	(形声。从謪,厤(lì)声。从“止”,表示与脚、行走有关。本义:经过)。同本义。行;游历。超越;超过。担任;先后担任各种官职。发出;流露。审视;察看;推算。尽;遍。逐一;逐个地。又历历可听;历历在目。分明,清晰。稀疏。历法,历术。历书,按当年的日、周和月顺序载有天文学等资料的出版物。次第,依次而定。所有以前的、先前的。釜鬲。
歹	dǎi	常用汉字 · 4画 · 部首歹	(象形。本作“歺”,音è。甲骨文字形,象有裂缝的残骨。隶变作“歹”。“歹”是汉字部首之一,从“歹”的字多与死、坏或不吉祥等义有关。①(è)本义:残骨。《说文》:“ 列骨之残也。” ②坏)。坏。与“好”相对。又指不健康的。奸细,有异心的人。
友	yǒu	常用汉字 · 4画 · 部首又	(会意。甲骨文字形,象顺着一个方向的两只手,表示以手相助。本义:朋友)。同本义。职官名。王官之近臣。互相合作。结交,与…为友。给予帮助或支持。
尤	yóu	常用汉字 · 4画 · 部首尢	(形声,小篆字形,从乙,又声。乙象植物屈曲生长的样子,受到阻碍,则显示出它的优异。本义:最优异)。同本义。惊异。责备;怪罪。过失,罪过。尤其,更加。姓。
匹	pǐ	常用汉字 · 4画 · 部首匚	(会意。据金文,象以山崖的凹凸不平来比喻布的摺皱。本义:中国古代计算布帛的单位,四丈为匹)。量词。用于纺织品或缧马等。志同道合的人;伴侣;配偶。同类;友辈。匹敌,对手。二人。比喻。匹敌;比得上,相当。
车	chē jū	常用汉字 · 4画 · 部首车	(象形。甲骨文有多种写法。象车形。本义:车子,陆地上有轮子的运输工具)。同本义。特指战车,兵车。乘车。姓。国际象棋中的一种棋子,它可以顺着平行于棋盘边的路随便走多少方格,假如没有其它棋子阻挡的话。
巨	jù	常用汉字 · 4画 · 部首工	(象形。金文字形,是“矩”的本字,象人持矩形。本义:画直角方形用的工具)。同本义距离。大;很大。岂,难道。最。姓。
牙	yá	常用汉字 · 4画 · 部首牙	(象形。金文字形,象上下牙齿交错形。“牙”是汉字的一个部首。本义:槽牙)。大牙,臼齿。古时,当唇者称齿,在辅车之后者称牙。形状像齿的东西。特指象牙。萌芽。孩童。姓。
屯	tún zhūn	常用汉字 · 4画 · 部首屮	(会意。从屮贯一。屮(chè),草。一,土地。象草木初生的艰难。①(zhūn)本义:艰难。②引申义:聚集)。聚集。戍守,驻扎。积聚。聚集储存起来。兵营。小山。河港靠船之处。,由十八个月、每月二十天构成的三百六十天的周期,并且用作再加五天的三百六十五天的马雅历长年的基础。艰难;困顿。吝惜。
戈	gē	常用汉字 · 4画 · 部首戈	(象形。甲骨文字形,象一种长柄兵器形。本义:一种兵器)。中国古代的主要兵器。泛指兵器。战争;战乱。
比	bǐ	常用汉字 · 4画 · 部首比	(会意。从二匕,匕亦声。甲骨文字形,象两人步调一致,比肩而行。它与“从”字同形,只是方向相反。《说文》:“二人为从,反从为比。”本义:并列;并排)。同本义。连接,接近。比较;考校,核对。及,等到。勾结;偏爱。等同。具备。官府限期办好公事。接近;亲近。密(与“稀”、“疏”相对)。和谐。皆,都,同等地。连续,频频。近来。比起。为;替。姓。
互	hù	常用汉字 · 4画 · 部首二	(象形。是一种绞绳用的工具。本义:绞绳用的工具)。同本义。差错。古代挂肉的木架。交替;相互。交接。
切	qiē qiè	常用汉字 · 4画 · 部首刀	台阶。(形声。从刀,七声。本义:用刀把物品分成若干部分)。摩擦;接触。一定要。靠近;贴近。急切;急迫。深;深切。恳切;率直。严厉。激烈。
瓦	wǎ wà	常用汉字 · 4画 · 部首瓦	(象形。象屋瓦俯仰相承的样子。“瓦”是汉字的一个部首。本义:已烧土器的总称)。同本义。屋瓦。功率单位,瓦特的简称。盾脊,盾背拱起如覆瓦的部分。宋、元时都市中的游乐、贸易场所。也称“瓦子”、“瓦舍”、“瓦肆”或“瓦市”。古八音中“土”的别称。地名 。春秋时卫地,在今河南省滑县南。姓。用瓦覆盖;铺瓦。
止	zhǐ	常用汉字 · 4画 · 部首止	(“趾”的本字。象形。甲骨文字形。上象脚趾头,下象脚面和脚掌。本义:脚) 同本义。停住,中断进程。又。阻止,不让进行。居住。停留,逗留。仅;只。在句末可表肯定陈述语气,相当于“呢”。
少	shǎo	常用汉字 · 4画 · 部首小	(会意。小篆从小,丿(piě)声。本义:不多)。同本义。薄弱。短缺,距原来的要求还差。使少,减少;削弱。轻视,看不起。稍稍,稍微。又。一会儿。
曰	yuē	常用汉字 · 4画 · 部首曰	(指事。甲骨文字形,下象口形,加上的短横表示声气。本义:说,说道)。同本义。叫做。句首、句中助词,无实义。
日	rì	常用汉字 · 4画 · 部首日	(象形。甲骨文和小篆字形。象太阳形。轮廓象太阳的圆形,一横或一点表示太阳的光。本义:太阳)。同本义。白天,白昼。时节;为特殊目的而定的日子。一昼夜。时间,光阴。每日,每天。他日,改天。往日,从前。
中	zhōng zhòng	常用汉字 · 4画 · 部首丨	(指事。甲骨文字形,中象旗杆,上下有旌旗和飘带,旗杆正中竖立。本义:中心;当中,指一定范围内部适中的位置)。同本义。又。内,里面。与“外”相对。半;中途;半中腰。方位名。泛指一个地区内或一个时期内,中间;居中。指宫禁之内。亦借指朝廷。内心。内脏。中介人。中等。容易。合适,适当。不偏不倚,正。忠诚。姓。正对上;射中,正着目标。受到;遭到。造谣;中伤。合于;符合。考取;录取。得到。满,充满。位居第二的。
贝	bèi	常用汉字 · 4画 · 部首贝	(象形。甲骨文和金文字形,象海贝形。汉字部首之一。古时以贝壳为货币,又用作装饰,故从“贝”的字多与钱财宝物、装饰品或贸易商品有关。本义:海贝)。牡蛎、蛤或其它软体动物中腹足类和瓣鳃类的统称。体软无节,外束膜一层曰外套膜,能分泌液质,结构成壳,名为介。贝壳。古代货币。贝尔的简称。姓。
冈	gāng	常用汉字 · 4画 · 部首冂	(形声。从山,网声。本义:山脊,山岭) 同本义。
内	nà nèi	常用汉字 · 4画 · 部首冂	(会意。甲骨文字形,从冂入。冂(jiōng)表示蒙盖,入表示进入之物,合而表示事物被蒙盖在里面。本义:入,自外面进入里面)。同本义。交入;接纳里面。与“外”相对。指某一群体或某一物体的中间。常指国内或朝廷内。室,内室,房室。皇宫;帝王所居之处。又。妇女;女色。古代泛称妻妾。后专称妻。内心。内脏。
水	shuǐ	常用汉字 · 4画 · 部首水	(象形。甲骨文字形。中间像水脉,两旁似流水。“水”是汉字的一个部首。从水的字,或表示江河或水利名称,或表示水的流动,或水的性质状态。本义:以雨的形式从云端降下的液体,无色无味且透明,形成河流、湖泊和海洋,分子式为 H2O,是一切生物体的主要成分)。同本义。特指河流。泛指一切水域。大水;水灾。五行之一。额外收入或附加费用。又“发水”就是“发财”。指水军。水族 。中国少数民族之一,居住在贵州省。泅水,游泳。用水测平。姓。
见	jiàn xiàn	常用汉字 · 4画 · 部首见	(会意。甲骨文字形,上面是“目”,下面是“人”。在人的头上加只眼睛,就是为了突出眼睛的作用。本义:看见,看到)。同本义。进见;会见。遇到;碰见。听到。观察;知道;了解。看法,见解。表示被动,相当于“被”。用在动词前面表示对我怎么样。“现”的古字。显现;出现;实现。介绍,推荐。(“现”的古字)。现有;现成。现在。
午	wǔ	常用汉字 · 4画 · 部首十	(象形。本义:御马索)。同本义。地支的第七位。与天干相配,用以纪年。用以纪月。即农历五月。用以纪日。用以纪时,即十一时至十三时;正午,白天十二时。纵横相交。违反。抵触,相遇。
牛	niú	常用汉字 · 4画 · 部首牛	(象形。甲骨文字形作“牜”。中间一竖表示牛面,上面两竖加弯表牛角,下面两小撇表示牛耳)。牛属或近缘属的成员。哺乳动物,体型粗壮,角中空,由头骨向两侧呈大弧度伸出。力大,能耕田、拉车。中国产的以黄牛、水牛为主。星名。牛宿的省称。比喻性格执拗或倔犟 。如:牛心左性(头脑顽固,性情偏执);牛劲。也喻其温顺、迟钝、笨拙、力气大。如:笨牛;大牛。姓。
手	shǒu	常用汉字 · 4画 · 部首手	(象形。小篆字形,象伸出五指形。本义:人体上肢的总称,一般指腕以下的部分)。同本义。专司某事或擅长某种技艺的人。笔迹。手艺;本领。亲自,亲手。拿着,执持。用手击杀。取。
气	qì	常用汉字 · 4画 · 部首气	(象形。甲骨文、小篆字形。象云气蒸腾上升的样子。“气”是汉字部首之一。本义:云气)。同本义。气体的通称 。既没有独立的形态又没有固定的体积而趋向无限膨胀的流体。如:气蚀。又指天然气。如:气田。空气。气象。气味。呼吸;气息。景象;气氛。指人的元气。指精神状态,情绪。气焰;权势。中医学术语。指脉气和营卫。用具,工具。向人求讨。
毛	máo	常用汉字 · 4画 · 部首毛	(象形。金文字形。“毛”是汉字的一个部首,从“毛”的字多与皮毛有关。本义:眉毛、头发、兽毛)。同本义。鸟的羽毛。草木;五谷。小,微不足道。多用于贬义。发慌。姓。
壬	rén	常用汉字 · 4画 · 部首士	(象形兼指事。像一个人挑担子。本义:挑担) 同本义。天干的第九位,用以纪旬。巧辩。假借为“佞”。盛大;庄严。
升	shēng	常用汉字 · 4画 · 部首十	(象形。本义:容器名。一斗的十分之一)。容量单位。量酒的单位。量器。古代布八十缕为升。上升,升起。登,上。提升。谷物登场,成熟。进奉,进献。古州名 故治在今南京市。姓(如宋有昇元中)。姓。
夭	ǎo yāo	常用汉字 · 4画 · 部首大	刚出生的兽或禽。初生的草木。(象形。小篆字形,象头部屈曲的样子。本义:屈,摧折) 同本义。短命,早死。未成年而死。茂盛。幼嫩;矫好。(yǎo)。昏暗。
长	cháng zhǎng	常用汉字 · 4画 · 部首长	(象形。甲骨文字形,象人披长发之形,以具体表抽象,表示长短的“长”。本义:两点距离大)。同本义。与“短”相对。时间久。遥远。高;高大。长度。长处。长久;永远。长长地。经常。直直地。顺利迅速地。姓。老,年高。年长,年龄较大。成年的,幼之反,成人曰长。排行第一。辈分大;居高位者。生长;成长。抚育;使…成长。滋长,助长,增长。崇尚。做长官;为首领。首领;君长;领袖;各种组织的位高者。年纪较大的人。
仁	rén	常用汉字 · 4画 · 部首亻	(会意。从人,从二。右边的二是重文。本义:博爱,人与人相互亲爱)。中国古代一种含义极广的道德观念。其核心指人与人相互亲爱。孔子以之作为最高的道德标准。有德者之称。旧指有仁德的人。指事物中有恩于万物生育者,古代常与五行等相配。完美的道德。仁政。恩惠。同情, 怜悯。人。古县名。水名。等于8尺(一说7尺,也有说5.6尺或4尺的)的中国古代长度单位温润。亲爱。同情;怜悯。思念。姓。
什	shén shí	常用汉字 · 4画 · 部首亻	代词，表示疑问代词，指不确定的事物虚指,表示不肯定的事物表示否定表示惊讶或激动一切事物用在‘也’前,表示所说的范围之内无例外用在‘都’前,表示所说的范围之内无例外(会意。从人十。十亦声。本义:“什”是集体的十)。同本义。十倍。(五倍为蓰)。十成,十分,十分之几(古人称“什几”)。杂;多种的。姓。
片	piàn piān	常用汉字 · 4画 · 部首片	(指事。甲骨文字形,象劈开的木片。本义:劈开树木之类)。同本义。扁而薄的东西。半;整体中的一小部分或较大地区内划出来的较小地区。雪花。词的分段称分片,上段叫“上片”,下段叫“下片”。下一段的开头叫“过片”。微小;微少。形容薄而成片的东西。延伸的平面或广阔区域(如陆地或水域)。指有图像、景物或录有声音的片子。
仆	pū pú	常用汉字 · 4画 · 部首亻	向前跌倒。下坠;倾倒。(会意。从人,从菐,菐亦声。古文从臣,从菐。甲骨文字形,象一个罪人端着畚箕,从事卑贱劳动之形。本义:供役使的人。即奴隶)。同本义。又。驾车的人。驾车。古时男子谦称自己。
化	huà huā	常用汉字 · 4画 · 部首亻	(古字为“匕”。会意。甲骨文,从二人,象二人相倒背之形,一正一反,以示变化。本义:变化,改变)。同本义。教化。感化;转变人心。募化。消化;领会,融会贯通。死。消除,去掉。习俗,风气。造化。自然的功能。用掉、耗费。
仇	chóu qiú	常用汉字 · 4画 · 部首亻	(形声。从人,九声。(qiú)本义:匹偶,同伴)。怨恨。仇恨。仇人;仇敌。报复。(形声。从人,九声。本义:同伴)。同本义。配偶。姓。
币	bì	常用汉字 · 4画 · 部首巾	(形声。从巾,敝声。从巾表示与布帛有关。本义:古人用作礼物的丝织品)。同本义。泛指车马皮帛玉器等礼物。泛指财物。货币,钱。破旧;弃;败坏。
仍	réng	常用汉字 · 4画 · 部首亻	(形声。从人,乃声。本义:因袭,依旧)。同本义。接续;连续。牵引。仍旧,还是。一再;频繁。于是;乃。
仅	jǐn jìn	常用汉字 · 4画 · 部首亻	(形声。从人,堇(qín)声。本义:仅能,只能) 同本义。
斤	jīn jin	常用汉字 · 4画 · 部首斤	(象形。甲骨文字形,上面是横刃,下为曲柄,象斧斤形。本义:斧子一类的工具)。同本义 。一般用以砍木,与斧相似,比斧小而刃横。古代一种似锄但比锄小的农具。砍削,砍杀。也作“觔”。中国和东南亚各国所用的各种重量单位中,均在600克左右;亦指中国在1929年规定的标准单位,等于1.1023磅或500克。——如“千斤”(qiānjin):起重的工具。
爪	zhǎo zhuǎ	常用汉字 · 4画 · 部首爪	(象形。按甲骨文和小篆字形,“又”是手,两点表手爪甲形。本义:人的指甲、趾甲)。同本义。鸟兽的脚趾。抓,搔。剪指甲或趾甲。鸟兽的脚爪 。多用于口语。
反	fǎn	常用汉字 · 4画 · 部首又	(象形。甲骨文字形,从又从厂。“厂”音hǎn。本义:手心翻转)。同本义反覆。返回;回归。未能遵守,违背。往返于…之间。反叛;造反。反省。归还;送还。类推。贱买而贵卖。相反的;对立的。与“正”相对。反而;相反。姓。
介	jiè	常用汉字 · 4画 · 部首人	(象形。甲骨文字形,象人身上穿着铠甲形。中间是人,两边的四点象联在一起的铠甲片。本义:铠甲。一种用来防身的武器)。同本义。疆界;界限传宾主之言的人。古时主有傧相迎宾,宾有随从通传叫介。节操;独特之行。披甲。介入;居中。介绍。介意;留存。间隔,隔开。佐助。因;凭借;依靠。独;特异。副;次一等。细微。姓。
父	fǔ fù	常用汉字 · 4画 · 部首父	对有才德的男子的美称,多附缀于表字后面。对老年男子的尊称。开始。天。古人以为天地生万物,故称天为“父”。(bǔ)。捕捉,捉拿。(指事。甲骨文字形,象右手持棒之形。意思是:手里举着棍棒教子女守规矩的人是家长,即父亲。本义:父亲)。同本义。某人直系血统的上一代男性。又。指万物化生之本。对和父亲同辈的男性亲属的称呼。如:伯父;叔父;祖父;父老。后亦以称姻亲中的长辈。如:舅父;姨父;岳父。古代天子、诸侯对同姓长辈的称呼。
从	cóng	常用汉字 · 4画 · 部首人	(会意。甲骨文字形,象二人相从形。本义:随行,跟随)。同本义。顺从;依从。》。参与其事。自,由 ——用作虚词,表示起点。因由。堂房亲属。言词顺畅的。
仑	lún	常用汉字 · 4画 · 部首人	思。自我反省检讨。——见“昆仑”(Kūnlún)。
今	jīn	常用汉字 · 4画 · 部首人	(会意。从佶亼(jí)。本义:现在)。同本义。现代;当代。与“古”相对。比喻用计谋逃脱,如:今蝉蜕壳。即将;立刻;马上。假使,如果。姓。
凶	xiōng	常用汉字 · 4画 · 部首凵	(指事。小篆字形,“凵”象地陷形,读kǎn。“乂”表示这里可陷人。“兇”是会意字,从儿(人),在凶下。本义:不吉利)。同本义。凶恶可怕。闹饥荒的,歉收的。与死人有关,丧葬。恐惧;骚动。杀人的行为,也指行凶的人。灾祸。早死;夭亡。争讼,吵闹。
分	fēn fèn	常用汉字 · 4画 · 部首刀	(会意。从八,从刀。“八”就是分;从“刀”,是以刀剖物,使之分开的意思。本义:一分为二)。同本义。分开,分成,分出,与“合”相对。辨别,区分。分给,分配。离开;离别。分散。把…隔开成两半。排解,调和矛盾。分担,共同承担。时间单位,等于1/60小时,或60秒。角度测量单位,等于1/60度或60秒。长度单位,寸的十分之一。价值等于某货币单位百分之一的单位。用数字表示的质量等级(如牲口或黄油的等级);常以100分为最高等级,并根据某种规定的方案,对一些指定的重要特征(如形态、皮毛的情况、香味等)分配分数,总分恰为100分。分头;分别。乱,杂。所分之物,整体中的一部分。分际,合适的界限。职分;本分。原则;原理。资质。情分。甘愿;满意。意料;料想。
乏	fá	常用汉字 · 4画 · 部首丿	古代射礼唱靶者用以避箭的器具,其形略似屏风。无功伏安,电抗性伏安单位。假借为贬。物质财富短缺。荒废;耽误。疲乏;无力。无能的,不中用的。
公	gōng	常用汉字 · 4画 · 部首八	(会意。小篆字形,上面是“八”,表示相背,下面是“厶”(“私”的本字)。合起来表示“与私相背”,即“公正无私”的意思。本义:公正,无私)。同本义。共,共同。公共,公家,公众的。与“私”相对。朝廷;国家。君王。公事;政府或机关的工作。古爵位名。古代朝廷最高官位的通称 。后泛称朝中职高掌权者。旧时对男性的长者或老人的尊称。父。又丈夫的父亲。劳绩,功绩。公然;公开地。
仓	cāng	常用汉字 · 4画 · 部首人	(象形。甲骨文字形,上象盖儿,中间象一扇门,下面是进出的口儿,合起来表示仓库这个概念。本义:粮仓)。同本义。姓。
月	yuè	常用汉字 · 4画 · 部首月	(象形。甲骨文字形。象半月形。“月”是汉字部首之一。本义:月亮)。同本义。历名。农历依月相变化的一个周期为一月;月份。月光,月色。指妇女的月经;月事。
氏	shì zhī	常用汉字 · 4画 · 部首氏	(象形。甲骨文字形,象物体欲倾倒而将其支撑住的形象。是“支”的本字。本义:古代贵族标志宗族系统的称号)。同本义。也有以邑、官职、祖父的谥号或字为氏的。对学术、流派、专家、名人或宗教的称呼。旧时放在已婚妇女的姓后,或如通常在父姓前还加上夫姓的称呼。此,这。姓。——见“月氏”(Yuèzhī):汉代西域国名。
勿	wù	常用汉字 · 4画 · 部首勹	(象形。据甲骨文,像一树旗。右边是柄,左边是飘带。本义:州里所建旗帜) 古代大夫、士所建旗帜,半赤半白,用来麾集人众。不。不要,别。无,没有。与“有”相对 没得到;落空)。
欠	qiàn qian	常用汉字 · 4画 · 部首欠	(象形。甲骨文字形,象人张着口打呵欠。小篆字形下面是人(儿),上面象人呼出的气。本义:打呵欠)。同本义。身体或身体的一部分稍微向上移动。亏欠;欠债。缺少。不如。想念。痴呆。——如：“打哈欠”（dǎ hāqian）。
风	fēng fěng fèng	常用汉字 · 4画 · 部首风	(形声。从虫,凡声。“风动虫生”故字从“虫”。本义:空气流动的自然现象;尤指空气与地球表面平行的自然运动)。同本义。风俗;风气。风范,气度,韵致。风声,消息。“诗经”六义之一。指《诗经》中三种诗歌类型的一种,即《国风》中收集的民俗歌谣。男女间的情爱。刮风;起风。走逸。嬉戏。癫狂。(fán)。大凡,大概。姓。讽刺;委婉劝告比喻感化。
丹	dān	常用汉字 · 4画 · 部首丿	(象形。甲骨文字形,外面框框象矿井形,里边的一横是加上的符号,表示那里有丹砂。本义:辰砂,朱砂)。同本义。古代用作染色的颜料。依成方制成的颗粒状或粉末状的中成药。红色,赤色。涂染成红色。
匀	yún	常用汉字 · 4画 · 部首勹	(会意。从勹(bāo)二。勹,象人曲形有所包裹,“二”表示所裹不多。本义:少)。假借为“均”。分,分出。涂抹均匀。打扮。均匀。
乌	wū wù	常用汉字 · 4画 · 部首丿	(象形。本义:鸟名,乌鸦)。同本义。刚孵化出的幼蚕。浅黑色。也作“於”。表示感叹。
勾	gōu gòu	常用汉字 · 4画 · 部首勹	删除或截取。勾结。勾引,引诱。捉拿,逮捕。用同“够”。足够;能够。
凤	fèng	常用汉字 · 4画 · 部首几	(形声。从鸟,凡声。本义:凤凰。中国古代传说中的百鸟之王。常用来象征祥瑞。雄的叫凤,雌的叫凰)。同本义。古时比喻有圣德的人。姓。
六	liù lù	常用汉字 · 4画 · 部首八	五加一的和。《易》卦之阴爻称为六。六次。工尺谱记音符号之一,表示音阶上的一级。古国名 。周封皋陶的后代在六。在今安徽省六安县北。姓。古国名 。故城在今安徽省六安县北。古县名。在今安徽省六安县。
文	wén	常用汉字 · 4画 · 部首文	(象形。甲骨文此字象纹理纵横交错形。“文”是汉字的一个部首。本义:花纹;纹理)。同本义。字,文字(“文”,在先秦时期就有文字的意思,“字”,到了秦朝才有此意。分别讲,“文”指独体字;“字”指合体字。笼统地说,都泛指文字)。文章(遣造的词句叫做“文”,结构段落叫做 “章”)。美德;文德。文才;才华。亦谓有文才,有才华。文献,经典;韵文。自然界的某些现象。文治;文事;文职。与“武”相对。法令条文。文教;礼节仪式。又如:文丈(崇尚礼文仪节);文俗(拘守礼法而安于习俗);文致(指礼乐);文貌(礼文仪节);文绪(文教礼乐之事);文仪(礼节仪式)。谥号,谥法:勤学好问叫文。在肌肤上刺画花纹或图案。修饰;文饰。装饰。有文采,华丽。与“质”或“野”相对。紊乱的。用于计算纺织物。姓。
亢	kàng	常用汉字 · 4画 · 部首亠	(象形。小篆字形,从大(人)省,象人的颈脉形 ①(gāng)本义:人颈的前部,喉咙 ②高)。高。刚强。自高,无所屈。星名,亢宿。二十八宿之一,青龙七宿的第二宿。极,达到最高的境界。抵御蔽,庇护。姓。
方	fāng	常用汉字 · 4画 · 部首方	(象形。下从舟省,而上有竝头之象。故知并船为本义。本义:并行的两船;泛指并列;并行)。同本义。等同;相当。比拟。辨别。占有。依据;依托。模拟。指责别人的过失。竹木编成的筏。方形。地区;地方。方面。指四面。指四面,周围,四旁。规律;道理。指儒家伦理道德和学问。合成药物的配方。品类;类别。以最弱可听声为零开始的响度单位,与声强的分贝标度相当,某一声音的方数等于听起来同样响时1000赫纯音的分贝数。方法。又如:千方百计;教导有方;方儿(方法;药方)。方圆。指土地面积。又。植物种子的外皮。住室。方正(人行为、品性正直无邪);正直。遍,广。方才。表示时间、相当于“始”“才”。表示时间,相当于“正在”。表示时间,相当于“将”。表示情态方式,相当于“一并”。表示范围或程度,相当于“只”、“仅”。表示时间,相当于“在”、“当”。姓。
火	huǒ	常用汉字 · 4画 · 部首火	(象形。甲骨文字形象火焰。汉字部首之一。本义:物体燃烧所发的光、焰和热)。同本义。火灾;发生火灾。灯火,指灯烛或火把。中国古代兵制单位, 十人为 “火”。火星之简称。又名大火 。司南方,主夏季。而古恒星之名,心宿二,古称“大火”,亦简称火。焚烧;烧毁。形容像火那样的颜色,一般指红色的。
为	wéi wèi	常用汉字 · 4画 · 部首丶	(爲的本义是母猴。象形。按字,从爪,古文下象两母猴相对形)。假借为“伪”。做,作,干,搞。制作;创作。治理。变成,成为。是。学习,研究。种植;营作。使。以为;认为。被 ——引出动作行为的主动者。于,在 ——表示时间或处所。和 ——表示并列关系。则,就 ——表示承接关系。如,若 ——表示假设关系。或,抑 ——表示选择关系。的,之 ——用于名词性偏正结构中。宾语前置的标志。用于句尾,表示感叹。姓。(爲字的本义是母猴。象形。按字,从爪,下象形。古文象两母猴相对形)。帮助;佑助。言说;告诉。因为,由于。替,给。为了。表示动作行为所向,可译为“向”、“对”、“朝”。
斗	dǒu dòu	常用汉字 · 4画 · 部首斗	(象形。有柄。说文叙,俗谓人持十为斗。本义:十升)。同本义。盛酒器。口大底小的方形或鼓形量器,多用木头或竹子制成。容量为一斗。指北斗七星。容量单位。也作量词。十升等于一斗,十斗等于一石。星宿名 二十八宿之一,也称南斗。陡峭陡然,突然。抖动。(象形。甲骨文字形,象两人怒发对打形。本义:搏斗)。搏斗;引申为战斗。又。较量,竞赛。古代天文用语,星相击。斗争,争斗。
忆	yì	常用汉字 · 4画 · 部首忄	(形声。从心,意声。本义:思念,回想)。同本义。留在记忆中;记住。回忆。
计	jì	常用汉字 · 4画 · 部首讠	(会意。从言,从十。“言”有数(shǔ)的意思;“十”是整数,表示事物成一个数目。数数字,所以有计算的意思。本义:算账;总计;计算)。同本义。计较;关心于。商议;谋划。考察;审核。又如：计勘(审核勘验);计制(审核规格)。计策;计谋。姓。
订	dìng	常用汉字 · 4画 · 部首讠	(形声。从言,丁声。本义:评议)。同本义。改正,修正。预先约定 如:订购;订阅。把零散的纸张、书页加工成本 如:装订;订书。
户	hù	常用汉字 · 4画 · 部首户	(象形。甲骨文字形,象门(門)字的一半。汉字部首之一。从“户”的多与门户有关。本义:单扇门)。同本义。住户,人家。一家称一户。屋室。酒量。洞穴。阻止。用以计户数。
认	rèn	常用汉字 · 4画 · 部首讠	(形声。从言,忍声。本义:认识,辨明)。同本义。把本无某种亲密关系的人看作有某种亲密关系。说话谨慎。
冗	rǒng	常用汉字 · 4画 · 部首冖	( 《说文》:“散也。从宀儿(人),人在屋下,无田事也。”儿,“人”的古文形体。本义:闲散)。同本义。多余。离散,向四周散开。
讥	jī	常用汉字 · 4画 · 部首讠	(形声。从言,幾(jì)声。本义:旁敲侧击地批评)。同本义。讽刺;讥笑。进谏;规劝。查问。非难,指责的话。
心	xīn	常用汉字 · 4画 · 部首心	(象形。据甲骨文和小篆,中间像心;外面像心的包络。本义:心脏)。同本义。内心。古代人以心为思维器官,故后沿用为脑的代称。思想。中心,中央。又。
尺	chě chǐ	常用汉字 · 4画 · 部首尸	中国民族音乐音阶上的一级,乐谱上用做记音符号,相当于简谱的“2”,如“工尺”。(指事。小篆,从尸,从乙。“尸”象人卧的形象。“乙”是个标识,周制寸、咫、尺、仞、寻、常诸度,皆以人之体为法。本义:十寸)。同本义,量词。长度单位。喻短小或狭小的。
引	yǐn	常用汉字 · 4画 · 部首弓	(会意。从弓丨。丨表示箭。箭在弦上,即将射发。本义:拉开弓)。同本义。拉,牵挽。延长;延续。伸着。牵连;攀供。引导。带领。引决、自尽。援引。荐举。招致。又如:引纳(招致接纳);引惹(招惹)。退避。又如:引避(引退,回避);引遁(退却,逃走)。吸引。又如:引类呼朋(呼引同类);引狗入寨(比喻主动把敌人或坏人引进来);引流(导引水流)。举起;竖起。又如:引耳(竖着耳朵);引饮(举杯而饮)。承认。又如:引伏(服罪);引过(承认过失);引罪(承认罪过)。延请。取过来,拿出。引车前行的皮带。乐曲体裁之一,有序奏之意。指商人运销货物的凭证。通行执照。长久。长度单位 。古代以十丈为一引。今为市引的简称。1公里=30引。
丑	chǒu	常用汉字 · 4画 · 部首一	(形声。从鬼,酉声。古人以为鬼的面貌最丑,故从鬼。本义:貌丑。按:在古代,“醜”和“丑”是两个字,意义各不相同,除作地支和时辰用“丑”以外,都不能写作“丑”。现在“醜”字简化为“丑”)。可恶。污秽。众多。类,相同。厌恶;憎恶。侮辱;玷污。愤怒。惭愧。怪异之事。传统戏曲中的一种角色,扮演滑稽人物。(象形。甲骨文象爪形。①本义:爪 ②地支的第二位)。地支的第二位。用以纪月,即农历十二月。用以纪日。用以纪时,即早晨一时至三时。姓。
巴	bā	常用汉字 · 4画 · 部首巳	(象形。小篆象蛇形。本义:大蛇)。古代传说中的一种大蛇。古族名;古代国名,辖境在今四川省东部。古时这里出产巴蛇,因此周朝分封在该地区的诸侯国叫“巴子国”。秦惠文王灭巴后,改置巴、蜀、汉中三郡。压强的单位,等于105帕,或105牛顿/米2,或106达因/厘米2(0.986923标准大气压)。盼,期待着愿望的实现。靠近;贴近。
孔	kǒng	常用汉字 · 4画 · 部首子	(象形。金文字形,象小儿食乳之形。婴儿吃奶容易过量,因以表示过甚之意。本义:甚,很) 同本义。小窟窿。王注:“孔,空也。”。孔雀的省称。嘉,美。通达。姓。
队	duì	常用汉字 · 4画 · 部首阝	(形声。本义:从高处掉下来。是“坠”的本字)。坠落。失。队列。军队或集体的编制单位。注:“二百人为一队。”。
办	bàn	常用汉字 · 4画 · 部首力	(形声。从力,辡声。力取致力之意。本义:办理;治理)。同本义。做,干。创设,经营,管理。准备,操办。惩罚。做成;做好;能做到。
以	yǐ	常用汉字 · 4画 · 部首人	(象形。甲骨文字形象。金文字形,象人。本义:用)。同本义。有一部分现已弱化成了介词。使,令。凭借;仗恃。认为,以为。做,从事。原因,缘故。无固定职业的人。把,拿 ——表示对事物的处置。依,按,凭 ——表示动作行为的凭借或前提。犹言凭、根据。在,于 ——表示行动的时间、处所或范围。从,自,由 ——表示行动或变化的起点。因为,由于 ——表示行为产生的原因。和,而 ——表示并列关系。则,那么 ——表示条件关系。才。表目的或结果等。用在单纯方位词或时间词之前,表示时间、方位、数量、质量、范围之类的界限。加在句中,表示语气的舒缓或调整节奏。加在句尾,不示肯定语气。
允	yǔn	常用汉字 · 4画 · 部首儿	(会意。甲骨文字形,上为“以”(呂)字,下为“儿”(人)字。以是任用,用人不贰就是“允”。本义:诚信)。同本义。公平。答应,许可。使人信服;受人敬重。用,使用。确实,果真。
予	yú yǔ	常用汉字 · 4画 · 部首乛	“予”假借为“余”,我。(指事。象两手相与之形。本义:授予;给予)。同本义。赞许,称誉。出售,卖。
邓	dèng	常用汉字 · 4画 · 部首阝	古国名。在今河南省邓县。公元前678年为楚所灭。古地名。春秋蔡地,后属楚。在今河南省郾城县东南。春秋鲁地。在今山东省汶河以南、运河以北地区(清兖州府境)。战国楚地,秦置邓县,是故邓侯国。在今湖北省襄樊市北。战国魏邑,在今河南省孟县西南。姓(邓通:西汉人,以自铸铜钱而成为巨富,后世常用此名比喻富有。邓禹:东汉新野人,字仲华。随汉光武刘秀作战,为东汉开国功臣。邓骘:人名,东汉安帝刘祜的舅父,封为上蔡侯,任大将军)。
劝	quàn	常用汉字 · 4画 · 部首力	(形声。从力,雚(guàn)声。简化字中“又”仅是一个符号。本义:勉励)。同本义。劝说。勤勉;努力。细看,看。喜乐。姓。
双	shuāng	常用汉字 · 4画 · 部首又	(会意。从雔,从又,持之。雔(chóu),两只鸟。又,手。本义:一对)。禽鸟二只。云南等地少数民族计算田亩的单位 。田广二亩、四亩、五亩都可称双,各从方俗;无定制。成双的,一对。偶,与“单”相对。两个,一对。追随,跟从。匹敌。姓。
书	shū	常用汉字 · 4画 · 部首乛	(形声。从聿,者声。聿(yù),即笔。隶书省“者”成“曰”。《说文》:“书,箸也。”箸(著)即显明。合起来表示用笔使文字显明,“者、箸”音近,故“者”有表意作用。本义:书写,记录,记载)。同本义。画。书籍,装订成册的著作。信件,信函。奏章;文书,文件。书法。《尚书》的简称。文字。又如：书理(即文理。文辞之义理与脉络);书士(从事文字、文书工作的人员);书轨(指国中所用文字与车轨);书计(文字与筹算)。指“六书”,即中国古代分析文字的理论。古代皇帝的诏书。姓。
幻	huàn	常用汉字 · 4画 · 部首幺	惑乱。假象;虚幻,虚无。
玉	yù	常用汉字 · 5画 · 部首玉	(象形。甲骨文字形。象一根绳子,串着一些玉石。“玉”是汉字的一个部首。本义:温润而有光泽的美石)。同本义。指玉制的乐器。比喻美德、贤才。敬辞。多用以尊称对方的身体言行等。
刊	kān	常用汉字 · 5画 · 部首刂	(形声。从刀,干声。本义:砍,砍削)。同本义。删除。刻;雕刻。
未	wèi	常用汉字 · 5画 · 部首木	(象形。基本义:没有;不。“未”字否定过去,不否定将来,与“不”有别。但有时候也当“不”字讲)。相当于“没有”、“不曾”、“尚未”。(“未”字否定过去,“不”字否定将来,但有时候未也当不讲)不。否 ——用在句末,表示疑问。滋味地支的第八。与天干相配,用以纪年。如1967年为农历丁未年。用以纪月,即农历六月。用以纪时,叫“未刻”。即午后十三时至十五时。五行属土。十二生肖属羊。将来。
末	mò	常用汉字 · 5画 · 部首木	(指事。金文字形。“木”上加一点,指明树木末梢所在处。本义:树梢)。同本义。泛指物的末端、末尾。古代称农为本,反本为末,即工商业。传统戏曲角色名。主要扮演中年男子。末期;晚年。细的粉末。蓋在车轼上遮蔽风尘的帷席。卑微。低级。微不足道。细,小。肤浅。抹拭。姓。
示	shì	常用汉字 · 5画 · 部首示	(会意。小篆字形,“二”是古文“上”字,三竖代表日月星。甲骨文本作“T”,象祭台形。“示”是汉字的一个部首,其义多与祭祀、礼仪有关。本读(qí)。本义:地神。引申义:让人看,显示)。显现;表示。指示;让人看;把事物摆出来或指出来让人知道。暗示;示意解释。公文,告示。泛指命令、指示。
击	jī	常用汉字 · 5画 · 部首凵	(形声。从手,毄(jī)声。本义:敲击,敲打)。同本义。攻击;攻打。碰撞;接触。杀;搏杀。
打	dǎ dá	常用汉字 · 5画 · 部首扌	(形声。从手,丁声。本义:击)。同本义。往;去。制造;建造。砍;割。除去。又如:打麦(用工具使麦子去皮或脱粒);打灭(打消;消除;消灭)。摇荡。武术 。如:教打;练打。亦指京剧里指武打。如:唱、做、念、打。量词，指十二个
巧	qiǎo	常用汉字 · 5画 · 部首工	(形声。从工,丂(kǎo)声。“工”有精密、灵巧义。本义:技艺高明、精巧)。同本义。巧妙;精妙。美好;美丽。虚浮不实,伪诈。技巧。
正	zhēng zhèng	常用汉字 · 5画 · 部首止	农历一年的第一个月。箭靶的中心。引申为目标。征税。出兵,征讨。(指事。甲骨文字形,上面的符号表示方向、目标,下面是足(止),意思是向这个方位或目标不偏不斜地走去。本义:不偏斜,平正)。同本义。正直,正派。纯正不杂(多指色、味)。作为主体的,与“副”相对。正当;合适。正面,面对观察者或对手的一面。(zhěng)。使正;整理;端正。整治。纠正;改正,匡正。正法,治罪。决定,考定。官长;君长。正常情况,正命,正常寿限。嫡长子,与“庶”相对。妻,旧时代敬称人妻为“令正”。道理,规律。政治,政事。凭证,证据。正好,恰好。表示动作、状态的进行,持续,正在。仅;只。端正地。方,刚刚。公然;显然。总是。这么;这样。姓。
扑	pū	常用汉字 · 5画 · 部首扌	(形声。左形,右声。本义:击,打)。同本义。进攻。拂着;拂拭。倾倒喻指烟、气之属直冲(人的感官)。棰杖。鞭子;戒尺。古代体罚用具。
卉	huì	常用汉字 · 5画 · 部首十	(会意。小篆字从三“屮”(chè),草木初生。本义:草的总称)。同本义。泛指草木。指花。众。
扒	ba pá	常用汉字 · 5画 · 部首扌	刨,挖。攀援。用手或用工具把东西聚拢或散开。从别人身上摸窃财物。挣。
功	gōng	常用汉字 · 5画 · 部首力	(会意。从力,工声。“工”亦兼表字义,表示用力从事工作。本义:功绩,功业;功劳)。同本义。事情;工作。功德;恩德。事。土木营造之事。工程和劳动人力。
扔	rēng	常用汉字 · 5画 · 部首扌	(形声。从手,乃声。甲骨文字形,象以手牵引或投掷东西的样子。本义:牵引,拉)。同本义。摧残。姓。
去	qù	常用汉字 · 5画 · 部首厶	(会意兼形声。甲骨文字形。上面是人(大),下面是口(或作“凵”),表示人离开洞口或坑坎而去。《说文》:“从大,凵声。”凵(qū)。本义:离开)。同本义。除去;去掉。相距,远离。前往,到别处,跟“来”相反。失掉; 失去。赶走;打发走。抛弃,舍弃。去世,死亡。用在谓词或谓词结构后表示趋向或持续。逃离,逃亡。驱逐。胆小,畏缩。在。表示时间或处所。去声。汉语四声之一。
甘	gān	常用汉字 · 5画 · 部首甘	(会意兼指事。小篆从口,中间的一横象口中含的食物,能含在口中的食物往往是甜的、美的。汉字部首之一,从“甘”的字往往与“甜”、“美味”有关。本义:味美)。同本义。甜。好,及时。甘愿;乐意。美味的食品。甘味,甜味。果名,橘属。嗜好;爱好。
世	shì	常用汉字 · 5画 · 部首一	(指事。金文字形。古人以三十年为一世。“止”上加三个圆点,表三十年;止,到此为止。本义:三十年)。同本义。父子相继为世。一代(古礼规定,男子三十岁结婚生孩子,产生新一代)。一生;一辈子。人世,世间;世界。时代;朝代。岁;年。世俗。后嗣;后人。家世。世族。有世交关系,表示两家之间世代交往。指嫡长。大的。既然,已经。从来;终归。永远。姓。
艾	ài yì	常用汉字 · 5画 · 部首艹	(形声。本义:草名)。即艾蒿 。一种菊科的多年生草本植物(Artemisia argyi),叶制成艾绒,供针灸用。老年,对老年人的敬称。漂亮的人。小人。老。艾草的颜色。即苍白色或绿色。终止,断绝。姓。刈割;斩除。治理;安定。
古	gǔ	常用汉字 · 5画 · 部首口	(会意。从十,从口。本义:古代。一般分为太古、上古、中古、近古)。同本义。古代的事物,特指先哲的遗典、道统。古代的典章、文献。古人。天。象声词。如;古剌剌(旗子飘动或甩鞭的声响);古鲁鲁(古鹿鹿。形容物体转动;也指腹内肠子蠕动或液体喷出的声响);古都都(多形容水不断涌出的声响)。久远;古老 ——用来指从很久以前就已经存在的东西。奇特,不同凡俗;执拗。旧,原来。
节	jiē jié	常用汉字 · 5画 · 部首艹	——用于“节骨眼”、“节子”等复音词中。(形声。从竹,即声。本义:竹节)。同本义。泛指草木枝干间坚实结节的部分。骨节,节骨眼,关键。节日,纪念日,也指传统的庆祝或祭祀的日子。气节;节操。节令,节气。节度。礼节,有礼貌的行为。符节,古代使者所持以作凭证。节拍,节奏。由一整体分成的部分、段、区、片段或章节。乐器名。拍板一类的乐器。又如:节鼓(古乐器。形状似博局,中开圆孔,恰容其鼓,击之以节乐)。减省。节制;管束。调节。高峻的样子。
本	běn	常用汉字 · 5画 · 部首木	(指事。小篆字形,从“木”,下面的一横是加上的符号,指明树根之所在。本义:草木的根或靠根的茎干)。同本义。本宗族。事物的根基或主体。母金,本钱。根源,本源。古代指农业生产。底本。原来的;本来的。推究,推原。自己或自己方面的。这,那。用于植物。株;棵。原先,本来。
术	shù zhú	常用汉字 · 5画 · 部首木	(形声。从行,术声。行,甲骨文中指道路。本义:城邑中的道路)。同本义。泛指街道、道路。方法;策略。特指君主控制和使用臣下的策略、手段。权术;计谋。技艺;业术。法,法律。学说。方术。指医、占卜、星相等术艺。学习;实践。申述,叙述,记叙。选择职业。白术 。一种产于中国的苍术属多年生草本植物,叶互生,椭圆形或羽裂,边缘有刺状细锯齿,紫红色头状花生于茎顶。
可	kě kè	常用汉字 · 5画 · 部首口	(会意。从口,从丂(供神之架),表示在神前歌唱。“可”似为“歌”字的古文。①本义:唱 ②引申义:许可)。许可;同意;准许。能够;可以。值得,堪。相称;适合。应当,应该。病痊愈。善,好。合意,认为正确,是;对。适当。满的。可是;却。大约、近似。表示程度。无义。语助词。表被动的助动词。
丙	bǐng	常用汉字 · 5画 · 部首一	(象形。本义:鱼尾。《尔雅·释鱼》曰:‘鱼枕谓之丁,鱼肠谓之乙,鱼尾谓之丙’。乙之象鱼肠,丙之象鱼尾,可无庸说。”)。鱼尾。假借为天干的第三位,与地支相配,用以纪年、月、日。古代以十干配五方,丙为南方之位,因以指南方。
左	zuǒ	常用汉字 · 5画 · 部首工	(会意。甲骨文字形,象手的象形。本义:辅佐,从旁帮助同本义。贬谪,从朝廷下放到地方为官。见外,把某人当外人看待。左手。方位名。与“右”相对。地理上常以东为左。后多泛指旁边。在直书而左行的文字中,特指右后。证据;证人。御者,赶车的人。偏僻,离中心城市很远。不正,偏邪。向左。姓。
厉	lì	常用汉字 · 5画 · 部首厂	(是“砺”的本字。从厂(hàn),象山崖形,表示与山石有关。本义:磨刀石)。同本义。祸患;危险。恶鬼。疠,瘟疫,传染病。河岸,水旁;边。带,衣带的下垂部分。(lài)。恶疮。磨,磨快。砥砺,磨练。振奋。激励,勉励。连衣涉水。策,鞭打。警惕。疾飞。害;虐害;损害。得传染病。变为恶鬼。严厉(威严不随和)。猛烈。恶,凶恶。危险。味道浓烈。姓。
石	dàn shí	常用汉字 · 5画 · 部首石	容量单位,十斗为一石。重量单位,一百二十市斤为一石。(象形。甲骨文字形。右象岩角,左象石块。“石”是汉字的一个部首。本义:山石)。同本义。石刻,碑碣。指矿物类药物。亦指道教用矿石炼的所谓长生的药。石磬,古乐器名,八音之一。古针,古代的医疗用具。硬;坚固。大。姓。
右	yòu	常用汉字 · 5画 · 部首口	(会意。从口,从又(手)。口手并用帮助别人。本义:右助。见《说文》。这个意义后来写作“佑”)。助;帮助。后多作“佑”。尊崇;崇尚。保佑劝食。右手。右手一边的方位,与“左”相对。车右。即参乘,古代战车上站在右边负责警卫的武士。古代崇右,故以右为上,为贵,为高。姓。
布	bù	常用汉字 · 5画 · 部首巾	(形声。从巾,父声。本义:麻布)。同本义(古时无棉布)。棉、麻、苎、葛等织物的通称。古代钱币。铺开。引申为散开,分布。布列。布施;施行。公布,颁布。传布。陈述。
夯	hāng bèn	常用汉字 · 5画 · 部首大	用力扛东西。充胀,胀满。笨拙。
戊	wù	常用汉字 · 5画 · 部首戈	古代以十干配五方,戊居十干中,因以指中央。
龙	lóng	常用汉字 · 5画 · 部首龙	(象形。甲骨文,象龙形。本义:古代传说中一种有鳞有须能兴云作雨的神异动物)。同本义。传说中的一种长形、有鳞、有角的神异动物，能走，能飞，能游泳，能兴云作雨。封建时代用龙作为皇帝的象征。喻不凡之士,豪杰之士。喻骏马。姓。
平	píng	常用汉字 · 5画 · 部首干	(指事。小篆字形, 从于, 从八。“于”是气受阻碍而能越过的意思, “八”是分的意思, 气越过而能分散, 语气自然平和舒顺。本义: 语气平和舒顺)。同本义。平坦,没有高低凹凸。平安;太平。均平;齐一。均等。平允,公正。平地,平整土地。平定;平息。评论。媾和;和好。标准。
灭	miè	常用汉字 · 5画 · 部首火	(形声。从水,威(xuè)声。简化字“灭”为会意,从“一”从“火”,“一”表示覆压火上。本义:消灭;灭亡)。同本义。消失,隐没。熄灭。淹没。
轧	yà zhá gá	常用汉字 · 5画 · 部首车	(形声。从车,本义:辗压)。同本义。排挤,倾轧。委曲。把金属坯压成一定形状挤入;拥挤结交核查象声词
东	dōng	常用汉字 · 5画 · 部首一	(会意。从木,官溥说,从日在木中。本义:东方,日出的方向)。同本义。向东,东去。
卡	kǎ qiǎ	常用汉字 · 5画 · 部首丨	卡路里的简称。
北	běi	常用汉字 · 5画 · 部首匕	方位名。与“南”相对。败逃的军队。败北。败逃。姓。
占	zhān zhàn	常用汉字 · 5画 · 部首卜	(会意。从卜,从口。以口问卜。本义:推测吉凶,即察看甲骨的裂纹或蓍草排列的情况取兆推测吉凶)。同本义。占状(报告观测天象结果的奏状);占视(观察);占气(观云气风色以测吉凶)。推料,推测。估计;揣度。征兆。运数,运气。姓。占据,拥有。也作“佔”。自报数目,估计上报。估计、测算。口头吟作;口授。
凸	tū	常用汉字 · 5画 · 部首凵	高出。高于周围的,如球形或圆形的外部或其一部分那样弯曲的 -- 指从外面观看一个球面或曲线。〖指月亮或行星〗可见的光亮部分大于半圆而不是全部的使突出于周围表面或范围之外伸出;突出
卢	lú	常用汉字 · 5画 · 部首卜	(形声。甲骨文字形,从皿,虎声。本义:饭器)。同本义。房屋。瞳人。头盖骨。黑色。姓。
业	yè	常用汉字 · 5画 · 部首业	(象形。从丵(zhuó),从巾丛生草。巾象版。本义:古时乐器架子横木上的大版,刻如锯齿状,用来悬挂钟磬)。版,大版。古代覆在悬挂钟、鼓等乐器架横木上的装饰物,刻如锯齿形,涂以白色。筑墙版。古代书册之版。亦指写字用的业版。学业。事业;功业。家业,产业。职业。罪孽。使从事于,以…为职业。使成业或乐业。已经。
旧	jiù	常用汉字 · 5画 · 部首日	(形声。甲骨文字形,上面是“萑”(huān),鸱鸟类;下面是“臼”,作声符。本义:鸟名)。鸺鶹,即猫头鹰。故交,老交情。原有的典章制度。丘冢,坟墓。过时的;陈旧的(跟“新”相对)。从前的;原先的。长久。
帅	shuài	常用汉字 · 5画 · 部首巾	(形声)。同本义 ,佩巾也。——《说文》。张舜徽注:“然佩巾之义,经传皆用帨,无用帅者,帅乃为将帅义所专矣。吴楚《说文染指》谓帅字当以将帅为本义。军队中的主将、统帅。地方的长官。中国象棋棋子中的主将。指首领或起主导作用的人或事物。表率;楷模。指总督。清代下级称总督为“大帅”。统率;率领。引导;带头。遵循。姓。
归	guī kuì	常用汉字 · 5画 · 部首彐	(会意。从止,从婦省。本义:女子出嫁)。同本义。返回,回来。归还。辞官回家。死。合并;归依;归属;归到一处。趋向;归向。结算。(kuì)。饷,赠送。羞惭。
旦	dàn	常用汉字 · 5画 · 部首日	(指事。甲骨文字形,象太阳从地面刚刚升起的样子。本义:天亮,破晓,夜刚尽日初出时)。同本义。早晨。天,日;某日。旦角,传统戏剧中的女演员或女性角色类型。女主角称正旦,又有副旦、贴旦、外旦、小旦、大旦、老旦、花旦、色旦、搽旦等。
目	mù	常用汉字 · 5画 · 部首目	(象形。甲骨文和小篆字形。象眼睛形,外边轮廓象眼眶,里面象瞳孔。小篆处理为线条。先秦时期多用“目”,两汉以后,用眼逐渐多起来。“目”具有书面语色彩。本义:眼睛)。同本义。目光;眼力。孔眼。首领;头目。名目,数目;行列。观看,注视。递眼色,使眼。看待。
且	iě jū	常用汉字 · 5画 · 部首一	此,这;今。将近;几乎。将要。暂且;姑且。表示并列关系,相当于“又”、“而且”。表示选择关系,相当于“抑或”、“或者”。表示递进关系,相当于“尚且”、“况且”。表示假设关系,相当于“若”、“假如”。尚且,还。用在句末,相当于“啊”。
叶	xié yè shè	常用汉字 · 5画 · 部首口	和洽。合,共同。(形声。从艸,枽(yè)声。植物的叶子。“叶”,同“协”,会意字,从十从口。本是两个字。本义:草木之叶)。同本义。比喻轻小、轻飘像叶子的东西。世,代。古邑名 ,在今河南叶县南。姓。古邑名。在今河南省叶县南。春秋时属楚领地。汉置县。
甲	jiá	常用汉字 · 5画 · 部首田	(象形。小篆字形,像草木生芽后所戴的种皮裂开的形象。本义:种籽萌芽后所戴的种壳)。同本义。古时战士的护身衣,用皮革或金属制成。也叫“铠”。武器。披甲的人,即甲士。天干的第一位,用以纪年、月、日。居第一;冠于。把甲衣穿在身上。姓。
申	shēn	常用汉字 · 5画 · 部首田	(指事。从臼,自持。从丨。身体。与寅同意。本义: 束身)。同本义;约束。舒展表明,表达。申诫;告诫。重复地说,重申。申报,旧时官府行文,下级对上级称申。欠伸。地支的第九位。与天干相配用以纪年。如1944年为甲申年。用以纪月,即农历七月。用以纪日。用以纪时,即十五时至十七时为申时。周时国名。姜姓,传为伯夷之后。故城在今河南省南阳市。明, 明白。重复,一再。姓。
叮	dīng	常用汉字 · 5画 · 部首口	虫类用针形口器刺人。
电	diàn	常用汉字 · 5画 · 部首田	(形声。从雨,申声。本义:闪电)。同本义。电报的简称。
号	hào	常用汉字 · 5画 · 部首口	(会意。从虎,从号。“号”亦兼表读音。“号”是“號”的古字,上面是“口”,下面代表声音,即号呼的意思。后繁化,变成“號”,现在简化为“号”。本义:大声喊叫)。同本义。哭而有言。动物引声长鸣,大风发出巨响。扬言有。命令,发令。宣称,称号。名位;名称;称谓。别号。名、字以外的称谓。商店的代称。
田	tián	常用汉字 · 5画 · 部首田	(象形。小篆认为象阡陌纵横或沟浍四通的一块块农田。“田”是汉字的一个部首,从“田”的字多与田猎耕种有关。本义:种田)。后作“佃”。耕作。打猎农田。一块蕴藏、出产或生产一种自然资源的土地 。大鼓。人体部位,俗称丹田。古代统治者赏赐给亲属臣仆的封地。古代管理农事的官。
由	yóu	常用汉字 · 5画 · 部首田	(《说文》无“由”字,古字字形)。树木生新枝。亦泛指萌生。经,由。行走。(yǐ)。用。任用。听凭;听任。遵从;遵照。蹈行;践履。原由;缘故。来源;开头。机缘;机会。法式。途径;办法。因为;由于。自,从…(表示起点)。
只	zhī zhǐ	常用汉字 · 5画 · 部首口	(形声。从又,持隹。持一隹曰隻,持二隹曰雙。本义:鸟一只) 同本义。引申为凡物之单者曰只。单一。单数;奇数。(指事。小篆字形。上为“口”,下面两点表示气向下。本义:句末语气词)。用于句末,表示终结或感叹。用于句末, 表示限止。相当于“耳”。用于句中。用于判断句首,对主语起限定和强调作用。(秖和衹在唐、宋以后多写作只。“祇”简化为“只”)。仅;仅仅。又。唯此;无它。本,本来。直;一直。指示代词。作,做。用在句中。
叭	bā bà pā	常用汉字 · 5画 · 部首口	将食物扒入口中。叼;含在口中。——见“喇叭”。
史	shǐ	常用汉字 · 5画 · 部首口	(会意。甲骨文字形,上面是放简策的容器,下面是手。合起来表示掌管文书记录。本义:史官)。古官名。职别各异。殷代为驻守于外的武官。卜辞:“在北史其获羌。”。在王左右的史官,担任祭祀、星历、卜筮、记事等职。太史令的简称。史册,历史。古代官府的佐吏。中国古代图书四大类别之一,包括各类历史书籍。画师。姓。
央	yāng	常用汉字 · 5画 · 部首大	(会意。小篆字形。从大,在冂(jiǒng)之内。上像物体(冂),一个人(大)站在它的当中。本义:中心)。同本义。灾祸。远;久。恳求,请求。
兄	xiōng	常用汉字 · 5画 · 部首儿	(会意。据甲骨文,上为“口”,下为匍伏的人。小篆从口,从儿(人)。象一人在对天祈祷,是“祝”的本字。本义:兄长)。同本义。亲戚中同辈男性中年龄比自己大的。对他人的尊称。古代亦以称姐。指物之先生而大者。
叽	jī	常用汉字 · 5画 · 部首口	稍微吃一点。悲叹。
叼	diāo	常用汉字 · 5画 · 部首口	用嘴衔住
叫	jiào	常用汉字 · 5画 · 部首口	(形声。本义:呼,喊)。同本义。招唤,招呼。鸣叫。[方言] 叫子(哨儿)。清明到,做【麦叫】,一头吹,一头笑。
叩	kòu	常用汉字 · 5画 · 部首口	(《说文》无“叩”字,只有“敂”字。《说文》:“敂,击也。从攴,句声。读若扣。”从“攴”(pū),表示与击打有关。本义:击,敲打)。同本义。叩头、拜。举发;询问。攻打。拉住。
叨	dāo tāo	常用汉字 · 5画 · 部首口	话多[方言]∶临死前气息急促的样子贪婪。饕的俗字。承受 。古汉语中用于对受人恩惠及礼物表示感谢的谦词。
另	lìng	常用汉字 · 5画 · 部首口	分居,分开居住而各自谋生。割开,分开。
叹	tàn	常用汉字 · 5画 · 部首口	(形声。从欠(另一繁体从“口”),“難”省声。欠,打呵欠,与出气有关。本义:叹息)。同本义。赞叹,赞美。吟诵。
冉	rǎn	常用汉字 · 5画 · 部首冂	(象形。本义:毛柔弱下垂的样子)。同本义。逐渐,渐进。常作“冉冉”。龟壳的边缘。
皿	mǐn	常用汉字 · 5画 · 部首皿	(象形。小篆字形,象碗、盆之类的食器。本义:器皿) 同本义。泛指碗碟杯盘一类饮食用具。
凹	āo	常用汉字 · 5画 · 部首凵	周围高,中间低。
囚	qiú	常用汉字 · 5画 · 部首囗	(会意。从人在囗(围)中。本义:拘禁、囚禁)。同本义。限制,围困。犯人,被逮捕或被捕入狱的人。被俘获的敌人。
四	sì	常用汉字 · 5画 · 部首囗	(指事。甲骨文字形,象鼻子喘息呼气之形。本义:数目。三加一所得) 同本义。。中国民族音乐音阶上的一级,乐谱上用做记音符号,相当于简谱的“6”。古代一车四马称“驷”。
生	shēng	常用汉字 · 5画 · 部首生	(会意。甲骨文字形,上面是初生的草木,下面是地面或土壤。“生”是汉字部首之一。本义:草木从土里生长出来;滋长)。同本义。生育;养育。生存;活。与“死”相对。滋生;产生。救活,使活。制造。生产;制作。生命。人的一生。生活。后生,长辈对晚辈的称呼。老师称弟子,或弟子自称;学生。妓女。俘虏。年长有学问、有德行的人。“先生”的省称。儒生;读书人的通称。资质;禀赋。天生,生来。生的,未煮熟的。新鲜的。生疏。具有活力的。很、甚、极其。姓。
矢	shǐ	常用汉字 · 5画 · 部首矢	(象形。甲骨文字形。象镝括羽之形。本义:箭)。同本义。以竹为箭,以木为矢。古代投壶用的筹码。几何学名词。弧弦之半径。人或动物排出的粪便。发誓。施行。陈述。陈列。直;正直,端正。
失	shī	常用汉字 · 5画 · 部首大	(形声。从手,乙声。表示从手中丢失。小篆字形。本义:失掉;丢失)。同本义。错过。不自禁,忍不住。违背。遗漏。迷失。消失;消灭。淫泆,放荡,放纵。过错,错误。
乍	zhà	常用汉字 · 5画 · 部首丿	(会意。小篆字形,从亡从一。本义:忽然)。同本义。刚;才。初;开始。正;恰。或者。宁可。因害怕而颤动。耸;竖。俏丽的。
禾	hé	常用汉字 · 5画 · 部首禾	(象形。金文字形,象垂穗的禾本科农作物。汉字部首之一。从“禾”的字多与农作物有关。本义:谷类作物的总称)。古代指粟,即今之小米。粟的植株;谷类植物的统称。特指初生没有吐穗的水稻。
丘	qiū	常用汉字 · 5画 · 部首丿	(会意兼指事。甲骨文字形,象地面上并立两个小土峰。本义:自然形成的小土山)。同本义。泛指山。坟墓。废墟。地域。空;寡。大。姓。
付	fù	常用汉字 · 5画 · 部首亻	(会意。从人,从寸。从“寸”,表示与手的动作有关。意思是:以手持物交付给别人。本义:给予)。同本义。支付。涂;搽。(fú)。符合。归附,附着。姓。
仗	zhàng	常用汉字 · 5画 · 部首亻	(形声。从人,丈声。本义:执,拿着)。同本义。依靠,依赖。弓、矛、剑、戟等兵器的总称。仪仗队。
代	dài	常用汉字 · 5画 · 部首亻	(形声。小篆字形,从人,弋(yì)声。本义:更迭,代替)。同本义。父子相继为“代”、“世代”。(这个意义唐以前写作“世”,唐人为避唐太宗李世民之讳,将“世”写成“代”,后人一直沿用)。历史上的某一时期或年代。朝代。中医脉象之一,指脉搏跳动时出现较长的停歇现象。
仙	xiān	常用汉字 · 5画 · 部首亻	(会意。本作“僊”。右边的意思是人爬到高处取鸟巢,加上“人”旁,表示人升高成仙。隶书作“仙”,表示仙人多住在高处。本义:仙人)。同本义。神仙,古代神话和宗教中指修炼得道长生不死的人,或指能达到至高神界的人物。仙女。旧时对美分(百分之一美元)音译名生脱的简称,现在香港、台湾仍用;香港货币的分亦称“仙”。成仙。轻松,自在。
们	men	常用汉字 · 5画 · 部首亻	“么”的变音字。注意：名词前有数量词时，后面不加“们”，例如不说“三个孩子们”。
仪	yí	常用汉字 · 5画 · 部首亻	(形声。从人,义声。本义:容止仪表)。同本义。法度;礼法。典范;表率。礼仪。仪式;礼节。仪仗。礼物,馈赠给某人或单位的钱或物。取法;效法。拟想;推测;忖度。匹配。姓。
白	bái	常用汉字 · 5画 · 部首白	(象形。甲骨文字形,象日光上下射之形,太阳之明为白,从“白”的字多与光亮、白色有关。本义:白颜色)。同本义。古人用以代表西方、秋季、金、肺等。纯洁;代表清流贤正。亮;明亮。与“暗”相对。一无所有。显著。真诚;坦白。古时罚酒用的酒杯。也泛指酒杯。清楚,明白。表明;说明。禀告;报告。上告;控告。使…白。白白,平白。单单;只是。姓。
仔	zǎi zī zǐ	常用汉字 · 5画 · 部首亻	(会意兼形声。从人,从子,子亦声。甲骨文字形,是小孩的意思。本义:儿子)。任。
他	tā	常用汉字 · 5画 · 部首亻	(本作“佗”。形声。从人,“它”省声。本义:负担)。古代、近代泛指男女及一切事物,现代则用于称代自己和对方以外的男性第三者。表示指称,相当于“别的”、“其他的”,与“此”相对 。
斥	chì	常用汉字 · 5画 · 部首斤	(形声。从广(yǎn),屰(nì)声。从“广”,表示与房屋有关。“屰”(不顺)也兼表字义,表示人从房屋里逆行而出。本义:驱逐)。同本义。责备。又称:斥詈,斥遣。开拓,开。黜免。侦察。多;众多的。大的;广的;宽的。
瓜	guā	常用汉字 · 5画 · 部首瓜	(象形。小篆字形,两边象瓜蔓,中间是果实,是藤上结瓜的形象。从“瓜”的字,多与瓜果有关。草木蔓生植物名。种类很多,果实也称瓜)。同本义 。属于双子叶植物瓜科。瓜州。古地名。故址在今甘肃省敦煌县。治所在今甘肃省安西县东。瓜洲,镇名 。又称瓜埠洲。在江苏省邗江县南部大运河入长江处。(wō)。蜗牛。瓜成熟。分割。
乎	hū	常用汉字 · 5画 · 部首丿	(会意。甲骨文字形,上面的符号表示声音上扬,下面的符号表示舒气。“乎”是“呼”的本字。当“乎”借作语气词、介词用之后,就另造了一个从“口”的形声字“呼”。本义:吐气)。同本义。表示疑问或反诘。相当于“吗”。表示感叹语气或呼告。表示祈使或命令语气。相当于“啊”、“呀”。表示推测语气。表示呼唤人的语气。相当于“啊”、“呀”。表示商榷语气。表示肯定语气。于;在 。介绍动作、行为发生的时间。于;从 介绍动作、行为发生的时间。于;在 。介绍动作、行为发生的处所。于;从 。介绍行为、动作发生的地点。于;因为;由于;在于 。介绍动作、行为产生的原因。于;按照;根据 。介绍动作、行为遵循的准则。于,对。引进动作产生的对象。用在形容词后面,单独不能翻译。
丛	cóng	常用汉字 · 5画 · 部首一	(会意。从丵,取声。“丵”(zhuó),意思是“丛生草”。本义:聚集)。同本义。许多事物凑在一起。众多;繁杂。丛林;丛生的树木。
令	líng lǐng lìng	常用汉字 · 5画 · 部首人	听从名词假设语气词。纸的数量单位, 原张的纸 500 张为一令。(会意。甲骨文字形,上面是集聚的“集”;下面是“人”,象跪在那里听命。从集从人,表示集聚众人,发布命令。本义:发布命令)。同本义(上对下有所指示)。又。命名。使,让。命令;法令。时令,季节。酒令,饮酒时做的可分输赢的游戏。词调、曲调名,即“小令”,又称“令曲”,一般字少调短,如词中的《十六字令》,元曲中的《叨叨令》之类。官名。县一级的行政长官。名声。鶺鴒。鸟名,大如鷃雀。美善。你的——尊称他人的亲属。假使,假设。
用	yòng	常用汉字 · 5画 · 部首用	(象形。甲骨文字形,象桶形。桶可用,故引申为用。本义:使用,采用)。同本义。任用(委派人员担任职务)。运用(根据事物的特性加以利用)。治理;管理。出力;效命。需要。执政;当权。行事;行动。功用;功能。器用;物质。费用,资财。因;由。凭,拿。因,因为。表示结果,相当于“因而”、“于是”。表示目的,相当于“为了”、“为的是”。
甩	shuǎi	常用汉字 · 5画 · 部首用	扔;抛开。
印	yìn	常用汉字 · 5画 · 部首卩	(会意。甲骨文字形。左是手爪,右象跪着的人,合起来表示用手按人使之跪拜。本义:官印)。同本义。泛指图章。痕迹,标记。盖章。印刷。印证 。证明与事实相符。使物上留下痕迹。姓。
尔	ěr	常用汉字 · 5画 · 部首小	(形声。本义:窗格花纹)。同本义。后引作薾。华盛的样子。近。浅近。第二人称代词。那。这个;此。如此;这样。形容词、副词的词尾,相当于“然”。表示限止用在句末,可译为“而己”“罢了”。
乐	lè yuè	常用汉字 · 5画 · 部首丿	喜悦;愉快。安乐。乐于;安于。又。感到快乐,享受。旧指“声色”。即歌舞和女色。乐趣。姓。(象形。小篆字形。象鼓鼙木架形。本义:音乐)。同本义。乐器。乐工,精于音乐的人。唱,用口发音乐音。奏乐。
句	gōu jù	常用汉字 · 5画 · 部首口	(形声。从口。正当读今言钩,俗作勾。本义:弯曲)。同本义。勾画。如果——表示假设。古称不等腰直角三角形直角旁的短边。——人名用字。(会意。小篆字形,从口,从丩(jiū),象绳丝缠结之状)。“丩”亦兼表字音。①(gōu)本义:弯曲。②句子。语句;诗句。中国汉代行大礼时,由九宾中地位最低的士依次向上传话,与“胪”相反。用于时间的计量。表示点时,相当于“点”;表示时段时,相当于“个”(钟头)。
匆	cōng	常用汉字 · 5画 · 部首勹	急促地
册	cè	常用汉字 · 5画 · 部首丿	(象形。金文、小篆字形与甲骨文相似,象简册形。本义:书简。古代文书用竹简。编简名为册,后凡簿籍均可称“册”)。同本义。经传多以策为之,字俗作筴。特指皇帝的诏书。册封,封爵。计算书本数量的单位。
卯	mǎo	常用汉字 · 5画 · 部首卩	(象形。象两扇门打开之形。本义:门开着)。用以纪月,即农历二月。
犯	fàn	常用汉字 · 5画 · 部首犭	同本义。触犯,冒犯。袭击。遭遇;顶着;冒着。又。侵害。伤害,损害。欺凌,污辱。违背;违反。值得(与不连用)。制服;胜。落入;落到。至,到。犯人,罪犯。
外	wài	常用汉字 · 5画 · 部首夕	(会意。从夕,从卜。通常在白天占卜,如在夜里占卜,表明边疆(外)有事。又有人说,因为要在外过夜,故要卜问吉凶。本义:外面;外部)。同本义。与“内”或“里”相对。外表;仪表。表面。古代妻子对丈夫的称呼。外地;异乡。母亲、妻子、姐妹或儿女方面的(指亲属)。指外廷臣僚。指地方官。亦谓京官调任地方官。以外。又如:外作(正业之外的事);外郡(京都以外的州郡);外埠(本地以外的城镇);外境(国境以外的地区)。外来的。又如:外寇(外来的敌兵);外祟(外来的鬼怪、祸祟);外忧(外来的忧患);外比(外附,勾结外乱)。传统戏曲脚色行当。疏远。关系、感情上保持距离。背离。排斥。抛弃。另外;其他;别的。非正式的,非正规的,不正当的。
处	chú chù	常用汉字 · 5画 · 部首夂	(会意。从口,从文,或从处,虍(hū)声。“处”即“處”的古字,于六书为会意。金文加声旁“虍(hù)”变成了形声字。本义:中止;停止)。同本义。居住;生活。居家不仕,隐居。惩罚。治理;办理。决断;定夺。对待。相交,交往。定,常。处所;地方。人或物所在的地方。
冬	dōng	常用汉字 · 5画 · 部首夂	(会意。表示时序终了,已进入寒冷季节。四季中的第四季,即农历十月至十二月)。一年四季中秋春之间的季节,天文学上认为是从12月至3月,农历十月到十二月。冬月,阴历十一月的俗称。最后,终。
鸟	niǎo diǎo	常用汉字 · 5画 · 部首鸟	(象形。甲骨文字形,小篆作字形,都象鸟形。本义:飞禽总名) 同本义。人、畜的雄性生殖器 -- 一般指骂人的粗话。
务	wù	常用汉字 · 5画 · 部首力	(形声。从力,務(wù)声。从力,表示要致力于某事。本义:致力,从事)。同本义。谋求。追求。事业;事务。职业。古代官署名。多为掌管贸易和税收的机构。宋、元时的酒店。一定;务必。
包	bāo	常用汉字 · 5画 · 部首勹	(会意。小篆字形,外边是“勹”。中间是个“巳”(sì)字,“象子未成形”。“勹”就是“包”的本字。本义:裹)。用纸、布等裹东西。包含,包容。里面含有。包围。四面围住。保证,担保。约定专用。包装好的一堆单件。姓。
饥	jī	常用汉字 · 5画 · 部首饣	(形声。从食,幾(jī)声。本义:荒年,五谷无收)。同本义。(“飢”与“饑”的区别在于,“飢”指肚子饿,“饑”指饥荒。在先秦不相混同,到后来才逐渐通用。“飢”、“饑”现在均简化为“饥”)。吃不饱。荒年,五谷无收。古国名。姓。
主	zhǔ zhù	常用汉字 · 5画 · 部首丶	(象形。甲骨文字形,象点燃的火把。下面是木材。“主”是“炷”的本字。小篆字形从上往下依次为:火焰、油盏、灯台、灯座。本义:灯心)。同本义 。油灯上用来点火的灯草、纱、线等君主 。古代国家的最高统治者。又。指立国一方的国君。旧史家以正统为帝,偏安为主 。如朱熹《资治通鉴纲目》以蜀为正统,故称“蜀”为“帝”,魏、吴为主。公主的简称。主人;东道主。控制者,支配者,财产或权力的所有者。长官;首脑,首长。家长;父母或其他监护人。事主,指当事人。事物的根本。死人的牌位。上帝。真主 。伊斯兰教教徒对其所信仰的主神的称呼。主持;掌管。支持,提倡,主张。寄住在。注重。保持。主持婚约。预示。存心;萌生。姓。件,桩。灌入
市	shì	常用汉字 · 5画 · 部首巾	(会意。金文字形,上面是“之”(往),下面是“兮”,表市场嘈杂声。本义:市场)。同本义。集镇;城镇;城市。街市。交易;商品买卖。购买。卖。
立	lì	常用汉字 · 5画 · 部首立	(会意。甲骨文象一人正面立地之形。本义:笔直的站立)。同本义。耸立;树立;建立;竖起。设置;设立。确定;决定。存在;生存。立身;立足。登位,即位。又。扶立;确定某种地位。临,到。进食。爵次、位次。立时;立刻。
冯	féng píng	常用汉字 · 5画 · 部首冫	古地名。姓。(形声。从马,冫声。冫,古冰字的楷书写法。本义:马跑得快)。同本义。大,盛。徒步过水。扶持,服膺。依仗,倚托。
玄	xuán	常用汉字 · 5画 · 部首玄	(象形。小篆字,下端象单绞的丝,上端是丝绞上的系带,表示作染丝用的丝结。本义:赤黑色,黑中带红)。同本义。又泛指黑色。引申为黑暗。深;厚。神妙难捉摸;深奥。假借为“远”或为“原”。寂静;清静。天,天空。道家的学说;道教。农历九月的别称。玄孙的省称。北方。
闪	shǎn	常用汉字 · 5画 · 部首门	(会意。从人在门中。本义:自门内偷看)。同本义,引申为偷看。忽有忽无, 突然显现。动摇不定。遮拦。抛弃。抛洒。扭伤筋骨。招引。天空的电光。俗称闪电为闪。闪族 ,高加索人种的一个分支,多住在中东一带,包括阿拉伯人、犹太人和埃塞俄比亚人。闪失;挫折。姓。
兰	lán	常用汉字 · 5画 · 部首丷	(形声。从艸,阑(lán)声。本义:兰草,即泽兰)。同本义。即“春兰”。亦称“兰花”、“山兰”、“草兰”、“朵朵香” 。一种多年生常绿草本植物,根簇生、肉质、圆柱形,叶线形、革质,早春由叶丛间抽生多数花茎,每茎顶开一花,花淡黄绿色、清香,供观赏。兵器架。假借为“栏”。栏杆。假借为“籣”。盛弩矢之袋,形如木桶。姓 ?。
半	bàn	常用汉字 · 5画 · 部首十	(会意。从八,从牛。“八”是分解的意思;牛大,易于分割,所以取“牛”会意。本义:一半,二分之一)。同本义。部分的,不完全的。比喻极少的。
汁	zhī	常用汉字 · 5画 · 部首氵	(形声。从水,十声。本义:含有某种物质的液体)。同本义。雨夹雪。
汇	huì	常用汉字 · 5画 · 部首氵	(形声。从匚(fāng),筐子,淮声。本义:盛器)。同本义。大量吸收某种物质的器件或系统。迂回,围绕。(形声。从韋(yì),长毛兽,胃省声。本义:刺猬)。
头	tóu tou	常用汉字 · 5画 · 部首大	(形声。从页(xié),豆声。页,人头。头在战国时期才出现,首出现较早。本义:首)。同本义 本指人的头部,后也泛指各种动物的头部。物的两端或末梢。特指敌对的人。头部有发部分。赌博或买卖中抽的回扣。磕头 。旧时的一种跪拜礼。件,桩。如多用以计算牲畜。置于方位词后,表处所可不译。名词后缀。方位词后缀。
汉	hàn	常用汉字 · 5画 · 部首氵	(会意。从水難(省去隹)声。音熯。本义:水名。即汉水)。同本义,又叫汉江,长江的最大支流。银河。也称云汉、银汉、天汉。朝代名,公元前202年刘邦称帝,国号汉,共历24帝,统治406年。国名。(公元 221—263)三国之一。史称季汉,又称蜀汉。刘备所建。(公元 304—329)东晋十六国之一。西晋时刘渊称汉,后改为赵,史称前赵。(公元311—347)东晋十六国之一。西晋时李雄称帝,国号成,至李寿时,改号为汉,史称成汉,也称后蜀。(公元917—971)五代十国之一。刘隐称帝,国号汉,史称南汉。
宁	níng nìng zhù	常用汉字 · 5画 · 部首宀	(本作“寍”。从宀(mián),从心,从皿。表示住在屋里有饭吃就安心了。后世假“寧”为“寍”,“寧”行而“寍”废。今用“宁”字作“寧”简化字。“宁”本读zhù,是“贮”的本字。本义:安宁,平安)。同本义。平静;宁静。已嫁女子回娘家探望父母;也泛指省亲。守父母之丧。返回,回。姓。宁可;宁愿。岂;难道。又。贮藏;积聚。本作“宁”久立。后作“佇、竚”,简化为“伫”。古代宫殿的门与屏之间。
穴	xué	常用汉字 · 5画 · 部首穴	(象形。小篆字形,上面是“宀”,表覆盖物;下面两边表示洞孔。本义:土窟窿,地洞)。同本义。墓穴;埋棺材的坑。动物的窝。指敌人或奸人盘据、藏匿的地方。地道。水道。穴居;穴藏。挖凿;洞穿。
它	tā	常用汉字 · 5画 · 部首宀	(象形。小篆字形。象虫形。本义:虫) 同本义称代人以外的事物 。如:煤炭,很多工业离不开它;香山观,从老远的地方就能看见它——口语中与“他、她”无分别。如:它比(引他类比附)。表示指称。相当于“别的”、“其他的”。姓。
讨	tǎo	常用汉字 · 5画 · 部首讠	(会意。从言,从寸。言,言论。寸,法度。用言论和法度进行处治。本义:声讨)。同本义。讨伐;诛戮。探究。索取。诛杀。
写	xiě xiè	常用汉字 · 5画 · 部首冖	(形声。从宀,舃(xì)声。本义:移置;放置)。同本义。输送。倾吐,倾诉;抒发。传抄地书写(汉以前只用“书”,汉以后“书”与“写”并用)。抄写。仿效;描绘。画。写作,创作。租赁,确定某种出租或雇佣关系。
让	ràng	常用汉字 · 5画 · 部首讠	(形声。从言,襄(xiāng)声。本义:责备)。同本义。退让;谦让。推举。以一定代价将东西的所有权转给他人。推辞;推让;拒绝。窃夺。骚扰。古代的一种礼节仪式。举手平衡状。
礼	lǐ	常用汉字 · 5画 · 部首礻	(会意。从示,从豊(lǐ)。“豊”是行礼之器,在字中也兼表字音。本义:举行仪礼,祭神求福)。同本义。表示敬意;尊敬。礼拜,顶礼膜拜。礼遇;厚待。礼节。礼法;等级社会的典章制度,规定社会行为的规范、传统习惯。礼仪。礼物。礼貌。又。礼文;礼书。(tǐ)。身体。姓。
训	xùn	常用汉字 · 5画 · 部首讠	(形声。从言,川声。本义:教育,教导)。同本义。解说,注释。用通俗的话解释词语的意义。训练;讲习。顺从;归顺。取名。解说的词语 。如《尔雅·释训》。
议	yì	常用汉字 · 5画 · 部首讠	(形声。从言,义声。本义:商议,讨论)。同本义。评议是非。选择。议处;议罪。议论,特指议论政事。(yí)。忖度。意见、看法、判断或评价。
必	bì	常用汉字 · 5画 · 部首心	(会意。从八,从弋。弋亦兼表字音。“八”表示“分”,“弋”即“杙”,小木桩,合起来指用木杆做标记。本义:区分的标准)。标杆;标准。必须,一定要。必然,必定。必须。倘偌;假如。姓。
讯	xùn	常用汉字 · 5画 · 部首讠	同本义。询问;请教。责问,诘问。问候。施以讯杖。消息;音信。信。
记	jì	常用汉字 · 5画 · 部首讠	(形声。从言,己声。本义:记住)。同本义。记载,记录。标志,记号。胎记。古时的一种公文 。如:奏记;残记。又指记述或解释典章制度的文字。如:十三经中的《周礼·考工记》和《礼记》。印章。
永	yǒng	常用汉字 · 5画 · 部首水	(象形。小篆字形,象水流曲曲折折的样子。本义:水流长)。同本义。泛指长。兼指时间和空间。游泳。“泳”的古字。延长。曼声。长吟,歌唱。永久,永远。
司	sī	常用汉字 · 5画 · 部首口	(指事。甲骨文字形,表示一个人用口发布命令,有统治、管理义。从反后,意思说,与帝王“后”相对为“司”,即有司。本义:职掌,主管)。同本义(含负责掌握、处理之意)。承担。侦察,观察。官吏;方面之长。中国古代官署的名称 。唐宋以后,尚书省各部所属有司。现称中央机关部以下一级的行政部门为司。政府执行部门的独立的下属机构。
尼	ní nǐ	常用汉字 · 5画 · 部首尸	(会意。从尸,匕声。甲骨文字形象两个人亲昵的样子。本义:亲近,亲昵)。同本义安定,平和。尼姑,佛教中出家修行的女子。是梵语“比丘尼”(Bhidsunt)的简称。阻止;阻拦。
民	mín	常用汉字 · 5画 · 部首氏	(指事。从古文之象。古文从母,取蕃育意。古代指黎民百姓,平民。与君、官对称)。同本义。泛指人。民间的。
弗	fú	常用汉字 · 5画 · 部首弓	(象形。甲骨文字形,中间象两根不平直之物,上以绳索束缚之,使之平直。本义:矫枉)。同本义。违拗;拂逆。(fèi)。泉水喷涌的样子。怫郁,不舒畅。“弗”为“不”的同源字。笔。法国货币法郎的异译。
弘	hóng	常用汉字 · 5画 · 部首弓	(形声。从弓。厶(gōng)声。本义:弓声)。同本义。假借为“宏”。大的(现多作宏)。广,广大。扩大;推广;光大。
出	chū	常用汉字 · 5画 · 部首凵	(象形。象草木益滋上出达之形。本义:长出)。同本义。引申为出入的“出”。出去,出来,与“入”相对。出现;显露。生产;产生。高出;超出。使出;拿出;取出。发出,发布。逃亡。经过,穿过 。 如:出边(渡越边境)。
辽	liáo	常用汉字 · 5画 · 部首辶	(形声。从辵(chuò),尞(liáo)声。本义:遥远)。同本义。开阔。久远。朝代名 。公元916年,契丹族领袖耶律阿保机创建,国号契丹,两年后建都皇都(今内蒙巴林左旗南波罗城)。公元947年改国号为辽(983—1066年间曾重称契丹),改皇都为上京。疆域东北至今日本海黑龙江口,西北至蒙古中部,南以今天津海河、河北霸县、山西雁门关一线与宋接界。同为官吏,或朋辈。
奶	nǎi	常用汉字 · 5画 · 部首女	(古作嬭) (形声。从女,乃声。本义:乳房)。同本义。乳汁。奶奶的简称。
奴	nú	常用汉字 · 5画 · 部首女	(会意。从女,从又。女指女奴,又(手)指用手掠夺之。一说又(手)指女奴从事劳动。本义:奴隶;奴仆)。同本义。对人的鄙称。自称。古时青年女子的自称,或称“奴家”。看作奴仆;贬低;使沦为奴隶。水不流动。
召	zhào	常用汉字 · 5画 · 部首口	(形声。从口,刀声。本义:呼唤)。召唤。用言语叫人来。招致。邀请。征召来授予官职或另有调用。感化和召唤。召集。
加	jiā	常用汉字 · 5画 · 部首力	(会意。从力,从口。本义:添枝加叶说假话、虚报)。同本义。增加。放在上面,加上。施加;强加。凌驾,侵凌。表示程度,相当于“更加”,“愈加”。益处;好处。姓。
皮	pí	常用汉字 · 5画 · 部首皮	(会意。金文字形上面是个口,表示兽的头;一竖表示身体;右边半圆表示已被揭起的皮;右下表手。“皮”是汉字部首之一。本义:用手剥兽皮)。同本义。兽皮。皮毛;皮革。包或围在物体外面的一层东西。
边	biān	常用汉字 · 5画 · 部首辶	(形声。从辵(chuò),臱(mián)声。本义:山崖的边缘)。同本义。边境。旁边。尽头。方位词的后缀。靠近。姓。
孕	yùn	常用汉字 · 5画 · 部首子	(会意。甲骨文字形,外象妇女大腹之形,内象腹中怀子之形。本义:怀胎)。同本义。孕育 。虽未显露、表达或发展,但却包含在某物本质中的。包含,含。分娩,生小孩。花含实。
发	fā fà fèi	常用汉字 · 5画 · 部首又	(形声。本义: 放箭)。同本义。出发;上路。打开;开启。征发;征调。发生;发出。发布;宣告。抒发;发泄。派遣。挖掘。花开放。送出;交付。与“收”相对;发出。显现;显露。揭露;暴露。点燃;燃烧起来 褺。除去;错乱。效法,遵守。头发,人头上的毛 ?。草木。古代旐末形如燕尾的垂旒;旗帜的通称。崩坏;停止。
圣	shèng	常用汉字 · 5画 · 部首土	(形声。从耳,呈声。甲骨文字形。左边是耳朵,右边是口字。即善用耳,又会用口。本义:通达事理)。同本义。聪明;才智胜人。神圣的。封建时代称颂帝王或与帝王有关的事物之词。亦为宗教圣徒对所崇拜事物的尊称。圣人。指儒家所称道德智能极高超的理想人物。古之王天下者。亦为对于帝王或太后的极称。
对	duì	常用汉字 · 5画 · 部首寸	(会意。从口,从“丵”(zhuó,即,古“丛”字,象草木丛生。),从寸。寸,法度也。汉文帝以为责对而伪,言多非诚,故去其口,以从土。本义:应答)。同本义。两者相对;面对。相当;相配。核对,比照着检查。对待,以特定方式待。扬;显扬;指扬威。抵押。朝着。配偶。对手,敌对者。姓。
台	tāi tái	常用汉字 · 5画 · 部首口	地名。“台州”的简称 。唐武德五年(公元622年),改海州为台州,以境内天台山得名,治所在今浙江省临海县。元改为路,明改为府。(形声。小篆字形。从口,(以)声。从口,与表示喜悦有一定的联系。本义:喜悦。读(yí))。鱼名。背上有黑的花纹(会意。从至,从之,从高省,与室屋同意。按积土四方高丈曰台,不方者曰观曰阙。本义:用土筑成的方形的高而平的建筑物)。同本义。站;单位。敬辞。用于称呼对方或跟对方有关的行为。莎草。古代中央官署名。用于某些机器。 如: 一台车床; 一台拖拉机。台风的简称 。 如:请大家注意收听当地广播电台的天气预报,注意防台抗台。姓。
矛	máo	常用汉字 · 5画 · 部首矛	(象形。金文字形,是古代用来刺杀敌人的进攻性武器。本义:长矛) 同本义。
纠	jiū	常用汉字 · 5画 · 部首纟	(形声。从糸(mì),表示与线丝有关,丩(jiū)声。本义:三股的绳子)。同本义。缠绕。纠集;集结。矫正。督察。检举。姓。
母	mǔ	常用汉字 · 5画 · 部首母	(象形。甲骨文字形,象母亲有乳之形。本义:母亲)。同本义。本源。女师。古时以妇道教子女的女教师。
幼	yòu	常用汉字 · 5画 · 部首幺	(会意。从幺(yāo),从力。幺,小。年幼力小。本义:幼小) 同本义。小孩儿。爱护。
丝	sī	常用汉字 · 5画 · 部首一	(会意。从二糸。糸(mì),细丝。本义:蚕丝)。同本义。泛指纤细如丝的东西。线。丝织品。八音之一。指琴、瑟、琵琶等弦乐器。比喻极细微的东西。缫丝;纺丝。一种计算长度、容量和重量的微小单位。长度或重量的微量。十忽为一丝,十丝为一毫。表示极小或极少的量。
邦	bāng	常用汉字 · 6画 · 部首阝	(形声。从邑,丰声。古文从之、从田,会意。与封字从之、从土同意。本义:古代诸侯的封国、国家)。同本义。汉避高祖讳,多以国易之。泛指国家。国都,大城镇。泛指地方。封,分封。姓。
式	shì	常用汉字 · 6画 · 部首弋	(形声。从工,弋(yì)声。工有“矩”的意思。本义:法度;规矩)。同本义。榜样;楷模。规格;样式。效法。示范,作为榜样。使用。以手抚轼,为古人表示尊敬的礼节。句首语气词。无实义。
迂	yū	常用汉字 · 6画 · 部首辶	(形声。从辵(chuò),于声。本义:曲折,绕远)。同本义。迂腐,不合事理。邪避,不正。
刑	xíng	常用汉字 · 6画 · 部首刂	同本义。惩罚。形容,形体。法式,典范,榜样。姓。
戎	róng	常用汉字 · 6画 · 部首戈	(会意。从戈,从十。“戈”是兵器,“十”是铠甲的“甲”。本义:古代兵器的总称。弓、殳、矛、戈、戟为古代五戎)。同本义。兵车。军队。战争。敌对双方的军事行动。戎羌,中国古代称西部民族。兵士。敌寇。古国名 。故地在今山东省曹县东南。征伐;进行武装的敌对行动。拔除。假借为“从”。相助。假借为“崇”。大。表示第二人称,相当于“你”、“你们”。姓。
动	dòng	常用汉字 · 6画 · 部首力	(形声。从力,重声。《说文》古文从“辵”。本义:行动;发作)。同本义。摇动,震动,移动。与“静”相对。动摇;震撼。触动感应;感动。萌动。做;操作;劳作。动不动,常常。
扛	gāng káng	常用汉字 · 6画 · 部首扌	用两手举重物。横架。顶撞;抬杠。(形声。从手,工声。(gāng)本义:两手对举以托重物)。用肩部携带。用言语顶撞。
寺	sì	常用汉字 · 6画 · 部首寸	同本义。佛教的庙宇。奄人,内监。古代皇宫内供使令的小臣。姓。
吉	jí	常用汉字 · 6画 · 部首口	(会意。甲骨文字形,上象兵器,下象盛放兵器的器具。合起来表示把兵器盛放在器中不用,以减少战争,使人民没有危难。本义:吉祥;吉利)。同本义。吉服(古代祭祀时穿的礼服);吉帖(婚帖,庚帖);吉谶(预示吉祥的隐语或图记);吉羊(吉利祥瑞。古代器物上多铭刻“吉羊”二字。羊,古祥字);吉卜(吉利的卜兆);吉幸(吉利幸运);吉征(幸运的征兆)。善;美。吉士(古时对男子的美称。引申指大华优美之人);吉灵即溜(形容身段灵活);吉吉抖抖(弯曲成串的样子)。古州名 。隋置。唐、五代、宋、清因之。在今江西省吉安市。
扣	kòu	常用汉字 · 6画 · 部首扌	(形声。从手,口声。本义:拉住,牵住)。同本义。假借为“敂”(击)。敲击。求教;探问。扣除。结。用于捆扎成束的文件或帐折等物。
考	kǎo	常用汉字 · 6画 · 部首耂	(形声。从老省,丂(kǎo)声。按甲骨文、金文均象偻背老人扶杖而行之状,与老同义。本义:老,年纪大)同本义。去世的父亲。假借为“攷”。敲,击。假借为“拷”。拷打。查核,考试。审察,察考。完成;建成。
托	tuō	常用汉字 · 6画 · 部首扌	推。同“拓”。压力单位 ,等于1333.2巴,为0°C和标准重力下1毫米汞柱的压力。(形声。左形,右声。本字是“乇”(zhé),小篆字形,象形。象初生的嫩芽,“一”表地面,枝叶有根,有所寄托。后加“手”作“托”。汉字简化后,“托”又兼代“託”字。本义:寄托)。同本义。交付委托。假托。
老	lǎo	常用汉字 · 6画 · 部首耂	(会意。甲骨文字形,象一个手里拿着拐杖的老人形。本义:年老,衰老)。五十至七十岁的高龄。历时长久。排行在最后的。老年;晚年。又。对先辈、年长者的尊称。古时对某些臣僚的尊称。指上公。指上卿。指大夫。指大夫的家臣。指群吏之尊者。指父母或兄长。死的讳称。敬爱,敬重。告老。变老;衰老。衰老;衰颓。姓。
巩	gǒng	常用汉字 · 6画 · 部首工	(形声。从革,巩声。从“革”,表示与皮革有关。本义:用皮革捆东西)。同本义。恐惧。中国河南省县名 ,以在洛水之间,四面皆山,可以巩固,故名,历代因之。姓。
圾	jī	常用汉字 · 6画 · 部首土	——见“垃圾”(lājī)。
执	zhí	常用汉字 · 6画 · 部首扌	(右边是人,手被铐住。本义:拘捕;捉拿)。同本义。拿;持。又。操持;执行。主持;掌管。掌握;控制。固执;坚持。取得。判断。堵塞。结下,结成。对待。至交,好友。相当于“用”、“凭”。姓。
扩	kuò	常用汉字 · 6画 · 部首扌	扩大;张开。
扫	sǎo sào	常用汉字 · 6画 · 部首扌	(会意。从手,从帚。手拿扫帚表示打扫。本义:打扫)。同本义。掠过。清除,消灭。画,染。祭扫。飞快地书写。
地	de dì	常用汉字 · 6画 · 部首土	还用于状语后或补语前。(形声。从土,也声。本义:大地)。同本义,与“天”相对。地面;陆地。土地;田地。领土,属地;地区 。地方;场所。路程;面积。言语和行动可以回旋的地方。
场	cháng chǎng chang	常用汉字 · 6画 · 部首土	(形声。从土昜声。本义:平坦的空地)。祭坛旁的平地。谷场,场子。又。道路。用于事情经过的次数。(形声。从土,昜(yáng)声。本义:场所)。场所。众人聚集进行某桩事情的地方或事情发生的地方。
扬	yáng	常用汉字 · 6画 · 部首扌	(形声。从手,昜(yáng)声。金文字形,像用双手举起“玉”,是会意字。本义:高举)。同本义。假借为“飞”。飞起,升高。通过风或气流处理。提高声音。发扬,发挥。振作,昂扬。显示;夸耀。仰。眉毛及其上下部分。过长过高的树枝。古九州之一 。辖今苏、皖、赣、浙、闽诸省。姓。
耳	ěr	常用汉字 · 6画 · 部首耳	(象形。甲骨文字形,象耳朵形。汉字部首之一。本义:耳朵)。同本义。谷物在雨淋后所生的芽。位置在两旁的如:耳门;耳房。退后,居次。表示限制,相当于“而已”、“罢了”。表示肯定或语句的停顿与结束,如同“矣”,相当于“了”、“啊”、“也”。表示转折关系,相当于“而”。
芋	yù	常用汉字 · 6画 · 部首艹	(形声。从艸,于声。本义:植物名。俗称“芋艿”)。同本义。
共	gōng gǒng gòng	常用汉字 · 6画 · 部首八	供奉。恭敬供给;供应供职;奉职。古国名 。有两个。一个在今甘肃省泾川北,另一个在今河南省 辉县。(拱的本字)。拱手,打拱。引申为环抱。(会意。从廿。本义:同)。共享,共用或共有。(gǒng)。执持。抱拳,拱手。环绕。(gòng)。奉献。供给。(gōng)。恭敬。有礼貌。相同,一样。一同,一起。总共;共计。(gōng)。宫刑。古代破坏生殖机能的酷刑。又称腐刑,为五刑之一。表示涉及的对象,相当于“跟”、“同”。和,与。
芒	máng	常用汉字 · 6画 · 部首艹	(形声。从艸,亡声。本义:谷类植物种子壳上或草木上的针状物)。同本义。光芒。毫末;锋刃。广大;众多。模糊不清。
亚	yà	常用汉字 · 6画 · 部首二	(象形。小篆作“亞”。许慎认为像人驼背形。甲骨文一说像花边形。本义:丑)。同本义。次;次于。表示时间或空间的先后。低于;低。表示等级的高低。垂;低垂。俯,偃俯。压;低压。挨着,靠近。掩,闭。垂压。
芝	zhī	常用汉字 · 6画 · 部首艹	(会意。从艸,从之,之亦声。本义:灵芝,菌类植物的一种)。同本义。也称“木灵芝”。真菌的一种,生于枯木根际。入药,为强壮剂。《神农本草经》有青芝、赤芝、黄芝、白芝、黑芝、紫芝。古人以为瑞草,服之可以成仙。形如菌盖的东西,多指车盖。香草。也作“芷”。
朽	xiǔ	常用汉字 · 6画 · 部首木	(形声。从木,丂(kǎo)声。本义:腐烂)。同本义。衰老;衰弱。磨灭,消散。作国画用土笔勾勒草图。
朴	piáo pō pò pǔ	常用汉字 · 6画 · 部首木	姓(明代有朴素)。(形声。左形,右声。古代二字意义不同。“朴”,本义:树皮。《说文》:“木皮也。”王褒《洞箫赋》:“秋蜩不食抱朴而长吟兮。”)。榆科,朴属植物的泛称 木名,落叶乔木,高五六丈,叶形椭圆而尖,上部缘边有锯齿,花细小,色淡黄。实为球形小肉果,黄赤色,味甘可食。木材可制器具。大木材。没有晾干的鼠肉。质朴(形声。从木,菐声。本义:未加工的木材)。同本义。本质;本性。货物的成本。砍伐整理。击,打。淳朴;朴实。
机	jī	常用汉字 · 6画 · 部首木	木名。桤木树。几案,小桌子。(形声。从木,幾(jī)声。本义:弓弩上的发射机关。按:“机”与“機”古代是两个字。“机”本木名,即桤(qī)木树。现在“机”是“機”的简化字)。同本义。指机械,器械。捕鸟兽的机关。指织机。事物的关键;枢纽。事物变化之所由。先兆,征兆。时机,机会。心计;心意。机密,机要。多指军国大事。又如:机臣(机要近臣);机廷(掌握军国机杼大事的官署);机任(机要重任);机近(机密近要的地位)。机巧;机灵灵巧。危险。
权	quán	常用汉字 · 6画 · 部首木	(形声。从木,雚（guàn）声。本义:黄花木)。同本义。秤。测定物体重量的器具。亦称秤锤。权柄,权力。权宜、变通。谋略,计谋。唐以来的称试官或暂时代理官职为“权”。颧骨。称量。衡量,比较。平衡。姓。
过	guò guō	常用汉字 · 6画 · 部首辶	(形声。从辵(chuò),表示与行走有关,咼(guā)声。本义:走过,经过)。同本义。超出,胜过。过去(过后)。给予;递给。渡过。转移;过渡。度过;过活。来访;前往拜访;探望。交往,相处。错,犯错误。怪罪,责难。继入、赘入或嫁人。传递。无意的犯法或作恶行为;错误。灾殃。过分;过于;太甚。古国名 ,在今山东省掖县稍西北近海处。姓,过国之后。
臣	chén	常用汉字 · 6画 · 部首臣	(象形。甲骨文字形,象一只竖立的眼睛形。人在低头时,眼睛即处于竖立的位置,字形正表示了俯首屈从之意。本义:男性奴隶)。同本义。君主制时的官吏。君主制时的高级官员;大臣。古人自称。古代大臣对君的自称。对父的自称。对一般人的自称。表示自谦。臣服。
吏	lì	常用汉字 · 6画 · 部首口	(会意。甲骨文。从手(又),从中。以手持中。有人认为中为笔。“吏”、“事”、“使”古同字。本义:官吏)。官员的通称。汉以后,指低级官员或吏卒。专指官府中的胥吏或差役。吏部狱。治理;为官。姓。
再	zài	常用汉字 · 6画 · 部首冂	(会意。小篆:从一,冓(gòu)省。“冓”是“构”的初文,甲骨文字形,象两部分材木架起的样子。本义:第二次)。同本义。两次。事情或行为重复,继续。重,重新。更,更加 ——表示程度。与否定词配合使用,强调情况的普遍性。用于让步句,常同“也”、“都”配合使用,有“即使多么”、“不管怎样”的意思。表示转折,相当于“却”、“也”。表示两种行为或情状并举、并存、相当于“且…且”、“又…又”。
协	xié	常用汉字 · 6画 · 部首十	(会意。从办,从十。办亦声。办(xié)表示同力。十,表示众多。合起来表示众人同力。本义:和睦;融洽)。同本义。合;共同。调和;调整。顺服。用同“胁”。逼迫。符合。清末新军的编制单位,在镇之下。三营为标,两标一协。相当于后代的旅。
西	xī	常用汉字 · 6画 · 部首覀	(象形。据小篆字形,上面是鸟的省写,下象鸟巢形。“西”是“栖”的本字。本义:鸟入巢息止)。同本义。往西走;向西去。方位词。日落的方向,西方。古称西边的邻国。现代我国称欧美为“西洋”或“泰西”,简称“西”。
压	yā yà	常用汉字 · 6画 · 部首厂	(形声。从土,厌声。本义:崩坏)。同本义。从上往下增加重力,加压。压抑,压制;逼迫。杀。逼近。超越;胜于。覆盖,笼罩。镇住。压力。
厌	yā yàn	常用汉字 · 6画 · 部首厂	一物压在另一物上。泛指压制;抑制。以迷信的方法,镇服或驱避可能出现的灾祸,或致灾祸于人。堵塞。(形声。从厂(hǎn),猒(yàn)声。厂,象山崖石穴形。《说文》:“厌,笮也。”意思是“压”。由“犬、肉、甘”三部分合起来,会意,表示“吃饱”、“满足”。本义:吃饱)。饱,满足憎恶;嫌弃。
戌	qu xū	常用汉字 · 6画 · 部首戈	——见“屈戌儿”（qūqur）。(指事。从戊,含一。不详。戊(wù)武器。本义:地支的第十一位)。戌时。夏正建寅,九月为戌。
在	zài	常用汉字 · 6画 · 部首土	(形声。小篆字形。从土,才声。表示草木初生在土上。本义:存活着,生存,存在)。同本义。居于,处于。在于;决定于。省视;观察。存问,问候。到。表示动作、情状所涉及的处所、时间、范围等。从。才;正在。用在动词后面表示可能,相当于“得”。表示一定的语气。相当于“着”。地方;处。姓。
百	bǎi	常用汉字 · 6画 · 部首白	(会意。从一,从白。“白”假借为“百”。本义:数词)。十个十。一百,100。概数。言其多,许多的,众多的。多种多样的;各种的。所有;一切;凡。增为百倍。姓。
有	yǒu yòu	常用汉字 · 6画 · 部首月	(会意。金文字形,从又(手)持肉,意思是手中有物。本义:具有,与“无”相对)。同本义。存在。取得,获得,占有。相当于“或”。或许。附着在动词、名词、形容词前,相当于词缀,无实际意义。
存	cún	常用汉字 · 6画 · 部首子	(形声。本义:生存;存在)。同本义。恤问,劳问。访问;问候。思念;怀念。储存;保存;保全。
而	ér néng	常用汉字 · 6画 · 部首而	(象形。小篆字形,象胡须形。上面的“一”表示鼻端,“|”表示人中;下面分内外两层,外层象两腮的胡子,内层象生在嘴下的胡子。“而”是汉字部首之一。本义:颊毛) 同本义。从古沿用下来的连词,可连接词、短语和分句,表示多种关系。表示并列关系。表示递进关系。表示承接关系。表示转折关系。表示假设关系。表示修饰关系,连接状语。你;你的。这样,此。表示偏正关系,相当于“之”,“的”。与“上”、“下”、“前”、“后”、“来”、“往”连用,相当于“以”。用于句中,表示反问,相当于“难道”,“岂”。用于句末,相当于“耳”,“哪”。如,好象。才能。能够。
页	yè	常用汉字 · 6画 · 部首页	(象形。小篆字形。上面是“首”,下面是“人”,“头”的本字。本读xié。“页”是汉字的一个部首。从“页”的字都与头面有关。①本义:人头。②引申义:书页)。书页。量词。
匠	jiàng	常用汉字 · 6画 · 部首匚	(会意。从匚(fāng),盛放工具的筐器,从斤(斧)。工具筐里放着斧头等工具,表示从事木工。本义:木工)。同本义。亦泛指工匠。治理。教。
夸	kuā	常用汉字 · 6画 · 部首大	(形声。从大,于声。本义:奢侈)。同本义。自大;炫耀。大。假借为“誇”。虚,空。柔弱美好。(形声。从言,夸声。本义:把事情说得或做得超过了原有程度,不符合实际)。扩大,张大。(kuà)。兼有。
夺	duó	常用汉字 · 6画 · 部首大	(会意。金文字形,上面象振翅欲飞的鸟,下面是手(又、寸),其意思是:这只振翅欲飞的鸟,眼看着就要从手中失脱掉。本义:丧失)。同本义。强取。竞先取得。剥夺;削除。
灰	huī	常用汉字 · 6画 · 部首火	(会意。从手,从火。意思是火已熄灭,可以用手去拿。本义:火灰)。同本义。灰尘。灰浆。灰色。白色和黑色的混合色。烧毁;燃烧。
达	dá	常用汉字 · 6画 · 部首辶	(形声。从辵(chuò),羍声。本义:道路畅通)。同本义。泛指畅通。到达,通到。通达事理;通晓,见识高远。通晓事理,理解,明白。荐举。将意思表达出来。通行的;共同的。显达(地位高而有名声)。地名 。今四川省达县。形容物体相碰时发出的声响。姓。
列	liè	常用汉字 · 6画 · 部首刂	(形声。从刀,本义:割,分)。“裂”的古字。分割;分解。排列。陈列;摆开。安排;给予。布置。对立。开列。假借为“迾”。遮遏,阻止。排列有序的行列(竖排称“行”,横排称“列”)。职务;职位。店肆。序次。假借为“烈”。功业。众,各。假借为“洌”。水清醇,洁净。依次。姓。
死	sǐ	常用汉字 · 6画 · 部首歹	(会意。小篆字形。右边是人,左边是“歺”(è),残骨,指人的形体与魂魄分离。本义:生命终止)。同本义。为某事或某人而牺牲性命。穷,尽。拼死,拼命。死板,不灵活。牢牢固定的;移动不了或极难移动的。甚;极。死刑。尸体。主,主管。
成	chéng	常用汉字 · 6画 · 部首戈	(会意。甲骨文字形,从“|”(即“杵”)。“斧”、“杵”具备就可以做成事情。本义:完成,成就)。同本义。变成;成为。形成。事物生长到一定的状态;长成。树立。平定;讲和。成功。
夹	jiā jiá gā	常用汉字 · 6画 · 部首大	(会意。甲骨文字形,象左右二人从两边辅助中间一个人。本义:从左右两方相持,从两旁限制)。从两旁钳住。栽插在物体的两边。带;沿靠。辅佐。掺杂;混杂。处在两旁的。钳夹用具。剑把。双层的(衣被等)。腋下
夷	yí	常用汉字 · 6画 · 部首大	(会意。从大从弓。本义:东方之人。即我囯古代对对东部各民族的统称)。同本义 。殷代分布在今山东省,江苏省一带。后來蔑指中原以外的各族。旧时往往用以稱外囶或外囯人。倚輩;同輩。古囯名 。在今山东省即墨市西。平坦。平和;平易。经常,常道。傲慢。喜悅。使平,拉平;铲平。伤,受伤。铲除;消灭;诛灭。锄草。姓。
轨	guǐ	常用汉字 · 6画 · 部首车	(形声。从车,九声。本义:轨距,车两轮间的距离)。同本义。车轮的痕迹,车辙。法则、法度。道,导轨。车子。道路;途径。又如;轨途(道路);轨路(道路)。盗窃或作乱的坏人。依循,遵循。
邪	xié yé	常用汉字 · 6画 · 部首阝	(形声。从邑,牙声。本义:琅邪郡。字亦作琊)。不正当,不正派。异常。妖异怪诞。品行不正的人。中医指邪气 。与人体正气相对而言。泛指各种致病因素及其病理损害。(mòyé)。古同疑问词“耶”。
尧	yáo	常用汉字 · 6画 · 部首兀	(会意。从垚(yáo),从兀。“垚”是土高,兀(wù)高耸突出,所以“尧”表示高。本义:高) 同本义。中国古代的皇帝陶唐氏之号。生于伊,嗣后耆,故称伊耆氏;初封陶,后徙唐,又称“伊唐氏”。姓。
划	huá huà huai	常用汉字 · 6画 · 部首刂	用桨拨水使船行动。合算，按利益情况计较是否相宜。用刀或其它东西把物件分开或从物件上面擦过。指二人伸指猜拳行酒。(会意。从画(划分),从刀。“画”亦兼表读音。本义:割开,分开。按:“划”和“劃”古代是意义不同的两个字。“划”,读作huá,是个从戈、从刀的形声字,意思是“拔水前进”,如“划舟”、“划桨”等。而“割开”、“分开”等意义古代都写作劃,不写作“划”。现在“劃”简化为“划”)。划分。汉字的一笔。尤指一横。
迈	mài	常用汉字 · 6画 · 部首辶	(形声。从辵 夲义:远行)。同本义。∪缏跬(勇行迈进);迈迹(迈行;远行)。行走;跨步。超过,跨越。时光流逝。勤勉。超然不俗。老。
毕	bì	常用汉字 · 6画 · 部首比	(会意。甲骨文字形,上端象网形,下端是柄,古时用以捕捉鸟兽、老鼠之类的器具。金文又在上面加个“田”,意思是田猎所用的网。本义:打猎用的有长柄的网)。同本义。毕宿。星名。二十八宿之一,西方白虎七宿的第五宿,有星八颗。以其形状像毕网得名。用毕猎取。完毕,结束。全部使出。全部,都,统统。姓。
至	zhì	常用汉字 · 6画 · 部首至	(象形。从一,一犹地,指事,不去而下来。古文从土,上亦象飞下之形。尾上首下。本义:到来,到达)。同本义(上古时期多用“至”,中古时期多用“到”)。来;去。形容事物的尽善尽美。犹言最好、最高、最大。深。得当;恰当。真挚;诚挚。周到。大。极;最。一定;必。竟,竟然。夏至、冬至的简称。至道。道家多以指最玄妙精深的道理。道德高尚的人;圣人。准则。乃;乃至;以至。至于,甚至于 ——用于说完一事时,又另外提出一事。转折相连。到…时候。
此	cǐ	常用汉字 · 6画 · 部首止	(会意。从止,从人。甲骨文字形,左边是一只脚(止),右边是“人”,意思是一只脚踩在别人身上,是“跐”(cǐ)的本字。①本义:踩,踏。②指示代词,这)。这;这个 。表示近指的代词,与“彼”相对。如此,这般。乃;则。
贞	zhēn	常用汉字 · 6画 · 部首贝	(会意。从卜,从贝(甲骨文作“鼎”,后省改为“贝”)。鼎本是食器,这里表火具,即用火具而卜。本义:占卜) 同本义。假借为“正”、为“定”。端方正直。坚定不移。多指意志或操守。坚硬;坚劲。忠;真诚。贞操,节操。旧称女子“贞节”。
师	shī	常用汉字 · 6画 · 部首巾	(会意。从币,从垖。垖(duī)是小土山,帀(zā)是包围。四下里都是小土山,表示众多。本义:古代军队编制的一级。二千五百人为一师)。同本义。师今为隶属于军的单位,下辖若干旅或团。泛指军队。军师。民众,徒众。古代行政区划单位。老师。长,首领。亦以称专司一事的神道或官员。首都,京城。擅长某种技术或在某个领域里有特殊技能的人。乐师;乐官。效法;学习。出兵征伐,进军。姓。
尘	chén	常用汉字 · 6画 · 部首小	(会意。《说文》从三“鹿”,从“土”,表示鹿群行扬起尘土的意思。楷书简去重迭的部分,只保留一个“鹿”。现行简化字“尘”,也是一个从“小”从“土”的会意字。本义:尘土)。同本义。喻庸俗肮脏或指庸俗肮脏的事物。重量单位。十埃为“尘”。蒙上灰尘,弄脏。姓。
尖	jiān	常用汉字 · 6画 · 部首小	(会意。从小,从大。一头小一头大为尖。本义:物体的末端细削而锐利)。同本义。音调细而高,刺耳。细长的手指。
劣	liè	常用汉字 · 6画 · 部首力	(会意。从力,从少。这是合并两个字的意思而构成的会意字。本义:弱;小)。同本义。少,不足。不好;低劣,与“优”相对。认为不好。劣下(低能;低下);劣弟(在平辈或朋友间表示自谦的称呼);劣丈(在世交中,长辈对晚辈表示自谦的称呼)。强;美。仅,只。
光	guāng	常用汉字 · 6画 · 部首儿	(会意。甲骨文字形,“从火,在人上”。本义:光芒,光亮)。同本义。色泽;光彩。荣耀;昭著。光阴,时光。景色。称人来访的敬词。光明,明亮。光滑。裸露。(guǎng)。广大,宽阔。照耀。增辉,发扬光大。
当	dāng dàng	常用汉字 · 6画 · 部首彐	(形声。从田,尚声。本义:两块田相当、相等)。对等;相当于。面对着。承担。主持。阻挡。用武力抵敌。应当。判决罪人,断狱。在。本,这。假使。主领;典领。抵押,用实物作抵押向当铺借钱。当作;算是。抵得上。顶替。适合,适当。指事情发生的那个时候或地方。相当于“本”、“此”。
早	zǎo	常用汉字 · 6画 · 部首日	(会意。小篆字形,上面是“日”,下面是“甲”。“甲”的最早写法象“十”,指皮开裂,或东西破裂。“早”即天将破晓,太阳冲破黑暗而裂开涌出之意。本义:早晨)。同本义。本来;已经。比一定的时间靠前。何时;何日。特指年幼时。在通常、预期、规定或实际的时间以前。是迟或晚的反义词。姓。
吁	xū yū yù	常用汉字 · 6画 · 部首口	(形声。从口,于声。本义:表示惊怪、不然、感慨等) 同本义。叹息,叹气。吆喝牲口的声音。呼天而告。
吐	tǔ tù	常用汉字 · 6画 · 部首口	(形声。从口,土声。本义:东西从口腔中涌出)。同本义。摆出,亮出 。武术用语。姓。
吓	hè xià	常用汉字 · 6画 · 部首口	(形声。从口,赫声。本义:恐吓,恫吓) 同本义。使害怕。
虫	chóng huǐ	常用汉字 · 6画 · 部首虫	(会意。汉字部首之一,从“虫”的字多与昆虫、蛇等有关。按:“虫”甲骨文字形象蛇形,本读huǐ,即虺,是一种毒蛇。后为“蟲”的简体。本义:昆虫的通称)。同本义。古代泛指所有的动物。“虺”的本字。毒蛇名。
曲	qū qǔ	常用汉字 · 6画 · 部首曰	弯曲,不直。假借为“局”。狭隘,拘泥。理屈;理亏。弯曲的地方,亦指幽深之处。蚕箔,用苇或竹编制的养蚕的器具。使弯曲。乐曲,歌曲。一种韵文形式,盛行于元代,又称元曲。
团	tuán	常用汉字 · 6画 · 部首囗	(形声。从囗(wéi),专声。本义:圆)。同本义。聚集,集合。分不开;聚合在一起。团练。团子 米或粉制成的球形食品。
吕	lǚ	常用汉字 · 6画 · 部首口	(象形。甲骨文字形,象脊骨形,是“膂”的本字。本义:脊梁骨)。同本义。“膂”的古字。客舍。古国名 。故地在今河南省南阳西。周时赐姓姜。春秋初年为楚所灭。吕县 。春秋宋邑。在今江苏省铜山县东南。吕州 。春秋晋邑。在今山西省霍县西南。
同	tóng tòng	常用汉字 · 6画 · 部首口	(会意。从冃,从口。冃(mào),重复。本义:聚集)。同本义。相同,一样,共同(侧重于同样,齐一)。参与;一起干某事。共,共一个。齐一;统一。共同。到一处。中国古代诸侯朝见天子的六礼之一。每隔十二年,诸侯一齐来朝见天子叫“同”。中国古代土地面积单位,地方百里为同。中国古代爵一类的酒器。引进共同行动者 。给,为。和,表示并列关系 。姓。——见“胡同”hútòng。
吊	diào	常用汉字 · 6画 · 部首口	(吊为弔的俗字。会意。甲骨文字形,象人持弋射矰(zēng)缴之形。古人死而不葬,只是放在荒野里用柴薪盖着,但怕禽兽要来吃,连送丧的亲友都带着弓箭前来帮助驱除。本义:悼念死者)。同本义。引申为慰问。在牌戏中 。如:接连吊三圈主牌。如:吊主。提取。落下。哀伤,悲悯。善;良好。
吃	chī	常用汉字 · 6画 · 部首口	(形声。从口,乞声。本义:口吃,结巴) 同本义。(形声。从口,契声。本义:吃东西。按:“吃”在古代一般不当“吃东西”讲。“吃东西”的意义古代写作“喫”。汉字简化后“喫”写作“吃”)。吃东西。与“喝”形成对照。被;让;由于。
因	yīn	常用汉字 · 6画 · 部首囗	(会意。从囗(wéi)大。大,人。甲骨文字形,象人在车席子上。本义:“茵”的本字,坐垫,车垫)。同本义。原因。机会。依靠;凭借。沿袭,承袭。连接。顺;顺应。相就;趋赴。由于,因为。趁着;乘便。亲,亲近。于是,就。因而。姓。
吸	xī	常用汉字 · 6画 · 部首口	(形声。从口,及声。本义:吸气入体内)。同本义。张开口吸,急饮。吸取;吸收;摄取。引;吸引。聚合。
吗	ma má mǎ	常用汉字 · 6画 · 部首口	用在句末,表示疑问或反诘的语气。译音字。〔吗啡〕用鸦片制成的有机化合物。
吆	yāo	常用汉字 · 6画 · 部首口	大声喊。通常指大声斥责人,大声驱赶牲口,高声叫卖,喊劳动号子等。
屿	yǔ	常用汉字 · 6画 · 部首山	(形声。从山,与声。本义:小岛)。同本义。平地小山。
屹	yì	常用汉字 · 6画 · 部首山	(形声。从山,乞声。本义:山势直立高耸的样子)。同本义。后泛指耸立的。
岁	suì	常用汉字 · 6画 · 部首山	(形声。小篆字形。从步,戌(xū)声。“步”有经历的意思。古音“岁、戌”迭韵。本义:岁星。即木星)。同本义。年的别称。年龄。岁月;时光。年景,一年的农事收成。
帆	fān	常用汉字 · 6画 · 部首巾	张帆行驶。挂在船桅上利用风力使船前进的布篷。靠帆推进的船舶。
回	huí	常用汉字 · 6画 · 部首囗	(囘为回的古字; 廻为迴的俗字。囬、迴同回。象形。甲骨文象渊水回旋之形。本义:回旋;旋转)。同本义。环绕; 包围。掉转。还,返回。改变。违背。问。姓。
岂	qǐ	常用汉字 · 6画 · 部首山	（kai）。安乐。(形声。从壴(zhù)省,微省声。壴,陈列乐器。(kǎi)本义:回师时献功之乐)。“岂”假借作虚词,用在句中或句首,表示反问。相当于“难道”,“怎么”。其。表示估计、推测。相当于也许、莫非。又。
则	zé	常用汉字 · 6画 · 部首刂	(会意。金文从鼎,从刀。古代的法律条文曾刻铸在鼎上,以便让人遵守。本义:准则,法则)。同本义。等级(由则的划分等级引申而来)。古指三百平方里以下的采邑 。王莽时以土方五十里为一则,为子男封邑。标准权衡器。划分等级。做,作。正相反。表示相反或对照。表示平列关系。表示假设,相当于“若”、“如果”。虽然,表示让步关系。用于判断句表示肯定,相当于“就”。表示前后两事时间相距很近,有因果、条件关系,相当于“即”、“便”。表示在发现某事时早已如此,或即将如此,相当于“就”、“将”。表示范围,相当于“仅”、“只”。对已然或发生的事强调。可译为“都”、“已经”、“原来”。表示让步,可译为“倒”、“倒是”。
刚	gāng	常用汉字 · 6画 · 部首刂	(形声。从刀,冈声。本义:坚硬)。同本义。坚强。刚正,刚直方正。倔强固执。刚直。表示动作、行为或情况发生在不久之前,相当于“刚才”。
网	wǎng	常用汉字 · 6画 · 部首冂	(象形。“网”捕鸟兽的叫“网”,捕鱼的叫罟。笼统地说,两字没有不同。本义:捕鱼鳖鸟兽的工具)。同本义。泛指多孔而状如网的东西。喻指法律,法令。用网捕鱼。搜罗;收容。
肉	ròu	常用汉字 · 6画 · 部首肉	(象形。甲骨文 字形,小篆,象动物肉形。“肉”是汉字的一个部首。本义:动物的肌肉)。指供食用的动物肉。指人体的皮肤、肌肉和脂肪层。蔬果除去皮核外的可食部分。指从口中发出的歌声,对乐器之声而言。中间有孔的环状物的体部。外层;外表。吃肉。使长出肉。
年	nián	常用汉字 · 6画 · 部首干	(形声。甲骨文字形,上面是“禾”,下面是“人”,禾谷成熟,人在负禾。小篆字形,从禾,千声。本义:年成,五谷成熟)。同本义。又指一年的收成。又。时间单位。地球环绕太阳公转一次所需的约365又1/4太阳日的周期。年节。年纪,岁数。寿命;一生的岁数。用以指有关年节用的。假借为“佞”。奸巧谄庾,花言巧语的人。科举时代同科考中者互称。姓。
朱	zhū	常用汉字 · 6画 · 部首木	(指事。小篆字形,从木,一在其中指出这种木是红心的。 本义:赤心木)。同本义。指朱色的物品。朱色,大红色 。古代称为正色。“朱砂”的简称。姓。
先	xiān	常用汉字 · 6画 · 部首儿	(会意。据甲骨文,上面是“止”(脚),下面是“人”。意思是脚已走在人的前面。本义:前进,走在前面)。同本义。尊崇;重视。首创;开始。当初;先前。先世;祖先。前导;前驱。前,时间或次序在前。古时的;先前的,先代的。首要,根本。上。已故的。称呼死者的敬词。指事情、行为发生在前。姓。
丢	diū	常用汉字 · 6画 · 部首一	遗留。
廷	tíng	常用汉字 · 6画 · 部首廴	(形声。从廴,壬(tíng)声。廴(yǐn),建之旁。有引长之义。本义:朝廷)。同本义。官署。地方官吏办事的地方。庭院;院子朝位;位置。公正。
舌	shé	常用汉字 · 6画 · 部首舌	(会意。从干,从口。本义:舌头)。同本义。代指言语。指装在铃铎内的锤。亦指管乐器的簧。
竹	zhú	常用汉字 · 6画 · 部首竹	(象形。小篆字形,象竹茎与下垂的叶片。“竹”是汉字的一个部首。从“竹”的字大部分是乐器、竹器和记载文字的东西。本义:竹子)。同本义 。多年生常绿植物。茎杆有节,中空,可供建筑用,又可作造纸原料,还可以制成乐器。竹简。古代八音之一,指箫笛一类竹制乐器。竹林。
迁	qiān	常用汉字 · 6画 · 部首辶	(形声。从辵,“辵”表移动。形声字声旁有时有表意作用,此即一例。本义:向高处迁移)。同本义。晋升或调动。徙居;搬动。变更,变动。流放;放逐。贬谪,降职。离散。古州名 。北周置。即今湖北省房县。姓。
乔	qiáo	常用汉字 · 6画 · 部首丿	(会意。从夭,从高省,高亦声。夭,象人(大)行走的样子。本义:高)。高耸。多用以形容树木。詈词。宋元以后,曲中用乔者甚多,常随文为释,含有坏、窝囊、糊涂、狡猾、怯懦无用等贬义。形容某种恶劣的表现。骄傲。做作;装假。尖峭的高山。
迄	qì	常用汉字 · 6画 · 部首辶	(形声。从辵(chuò),乞声。本义:到;至) 同本义。竟,毕竟,终究。
伟	wěi	常用汉字 · 6画 · 部首亻	(形声。从人,韦声。本义:高大;壮美)。同本义。奇异。伟大。宏大;盛大。
传	chuán zhuàn	常用汉字 · 6画 · 部首亻	传递;传送。传授。让位;传代。留传。充分或确切地表明;表达。召,叫来。发出命令叫人来。驿站所备的车。驿站;驿舍。符信。传记。又。注释或阐述经义的文字。作传;记载。
乒	pīng	常用汉字 · 6画 · 部首丿	象声词,好像枪弹击中金属障碍物时的尖锐声乒乓球的简称
乓	pāng	常用汉字 · 6画 · 部首丿	象声词，形容枪声、关门声、东西砸破声等。
休	xiū	常用汉字 · 6画 · 部首亻	(会意。从人,从木。人依傍大树休息。本义:休息)。同本义。停止、中止或结束。辞去。离弃,解除自己的婚姻。休假。美好,美善。吉庆。喜悦的,欢乐的。悠闲;安闲。勿;不要;别。语气助词。罢;了。树荫。福禄。
伍	wǔ	常用汉字 · 6画 · 部首亻	(会意。从人,从五。五人为伍。本义:五人构成一个集体)。同本义。古代军队编制单位。士兵五名编为一伍。。用于支票、会计防止出错或涂改。成对的组合。
伏	fú	常用汉字 · 6画 · 部首亻	(会意。从人,从犬。意思是:人如狗那样地匍伏着。本义:俯伏;趴下)。同本义。身体前倾靠在物体上。潜藏;埋伏。屈服,顺从。承认罪行或失败。佩服,信服。从事。保持。伏天;伏日。指夏至后第三个庚日起至立秋后第二个庚日前一天止的一段时间,分为初伏、中伏、末伏,统称三伏,相当于阳历七月中旬至八月下旬。电势差和电压单位“伏特”的简称。居处。
优	yōu	常用汉字 · 6画 · 部首亻	(形声。从人,尤声。本义:古代表演乐舞、杂戏的艺人。宋元以后,亦泛称戏曲艺人、演员)。同本义。充足,富裕。雨水充沛。优良;美好;优越。跟“劣”相对。宽厚;宽容。安闲,悠闲,安逸。优厚。柔弱,少决断。优待,给予好的待遇,厚待。协调;调和。开玩笑;戏谑。姓。
臼	jiù	常用汉字 · 6画 · 部首臼	(象形。小篆字形,象舂米器具形,中间的四点表示有米。本义:中部下凹的舂米器具)。同本义。用臼舂米。形如臼的 。如臼齿;臼头深目(形容相貌极丑);臼科(臼形的坑)。低。
伐	fá	常用汉字 · 6画 · 部首亻	(会意。从人,从戈。甲骨文字形,像用戈砍人的头。本义:砍杀)。同本义。砍伐。讨伐,进攻。自吹自擂,夸耀自己。败坏,损伤。打破、挫败。敲击。引申为开凿。批评,责备。功劳,功业。畎上高土。
延	yán	常用汉字 · 6画 · 部首廴	同本义。假借为“引”。引入;引见;迎接。拖延。延续。蔓延。邀请;请。迎击。长,久。
仲	zhòng	常用汉字 · 6画 · 部首亻	(会意兼形声。从人,从中。中亦声。甲骨文、金文作“中”。本义:排行第二)。同本义。假借为中。时序、位次居中的,特指每季的第二个月。姓。
件	jiàn	常用汉字 · 6画 · 部首亻	(会意。从人,从牛。《说文》:“分也。从人,从牛。牛大物故可分。”本义:分解,分开) 同本义。计量某些个体事物、衣服等。
任	rén rèn	常用汉字 · 6画 · 部首亻	汉王莽时女子爵位名。用以称公主。古代中国南方少数民族的一种乐曲。壬人,狡猾骗人的;巧言谄媚的。姓。(形声。从人,壬(rén)声。甲骨文字形。壬是任的初文。壬即担荷的担子的竖立形。本义:挑担;荷;肩负)。同本义。堪;承当;禁受。保举;担保,保用。任用,委派人员担任职务。讲信用;相信;信任。听凭,任凭。放纵,无拘束。使用。怀孕立功。担子,行李。职责。任务;责任。任何人应对其负责或承担的事务。人质。丝;线。能力。劳役。表示让步关系,相当于“纵使”、“即使 ”。用于担任官职的次数。
伤	shāng	常用汉字 · 6画 · 部首亻	(形声。从人,塲(shāng)省声。本义:皮肉破损处;创伤)。同本义。丧事;丧祭。损失。受伤的人。损伤;伤害。受伤;负伤。诋毁;中伤。死亡哀伤;悲伤。
价	jià jiè jie	常用汉字 · 6画 · 部首亻	(形声。从人,贾声。本义:价格,价值)。同本义。钱款、费用。声望。论价。善。称被派遣传送东西或传达事情的人。用于句尾,相当于“的”、“似的”。
伦	lún	常用汉字 · 6画 · 部首亻	(形声。从人,仑(lún)声。本义:辈,类)。同本义。条理,顺序。人伦,人与人之间的道德关系。伦常,纲纪,封建礼教规定的人与人之间正常关系,特指尊卑长幼之间的关系。道理,义理。意义。顺其纹理。类比,匹敌。议论。姓。
份	fèn	常用汉字 · 6画 · 部首亻	(形声。从人,分声。同“彬”。①(bīn)本义:文质兼备的样子 ②量词。用于计数或搭配成组的东西)。
华	huā huá huà	常用汉字 · 6画 · 部首十	(会意。从芔,从芌(xū)。“華”的本字,上面是“垂”字,象花叶下垂形。本义:花)。,花朵。轻浮柔弱如花的脉象。开花。昏花。当中剖开。华丽;光彩美丽。豪华。灰白。浮华。繁盛。鲜美。光辉;光彩。声望。精华。文才。瓜类植物的果实。光环。矿脉或煤层已发生氧化或分解的露头。
仰	yǎng áng	常用汉字 · 6画 · 部首亻	(会意兼形声。从人,从卬,卬亦声。卬,小篆字形。一个人站着,一个人跪着,跪者抬头看站者,为抬头仰望的“仰”的本字。后借为“我”,遂加“人”作“仰”。“卬”“仰”古今字。本义:抬头,脸向上)。同本义。跟“俯”相对。敬慕。钦佩或高度敬重。切望 旧时公文中上级命令下级的惯用辞,意为切望。依赖;依靠。物体面朝上。指把覆合着的物体翻过来,使底部朝上。高
仿	fǎng páng	常用汉字 · 6画 · 部首亻	(形声。从人,方声。本义:相似。或作“彷”)。同本义。仿效;模仿。也作“彷”、“倣”。照着范本写的字。——见“仿佛”(fǎngfú)。游荡,徘徊。地势坦荡。
伙	huǒ huo	常用汉字 · 6画 · 部首亻	同伴，一同做事的人。古兵制十人为火,同火的人互称火伴集体所办的饭食旧指店员或长工等人结伴，联合起来
伪	wěi	常用汉字 · 6画 · 部首亻	(会意兼形声。从人,从为,为亦声。本义:欺诈)。同本义。人为;矫饰。伪装;假装。虚假;不真实。非法;非正统。
自	zì	常用汉字 · 6画 · 部首自	(象形。小篆字形。象鼻形。“自”是汉字的一个部首。本义:鼻子)。同本义。始;开头。起源。自己,自我;本身。由;从。在;于。自然,当然。本是;本来。仍旧,依然。亲自。别自、另外。假如,苟。与“非”连用。即使,虽。却,可是。因为,由于。用。是。
伊	yī	常用汉字 · 6画 · 部首亻	(会意。从人,从尹。尹,治理。合起来指伊尹,殷治理天下者。后假借为那)。表示远指,相当于“那”。表示第三人称,相当于“她”、“他”、“彼”。表示第二人称,相当于“你”。表示判断,常与“匪”连用,相当于“却是”、“即是”。语助词。用于句中,无义。是。伊拉克的简称。
血	xuè xiě	常用汉字 · 6画 · 部首血	(指事。小篆字形,从皿,“一”象血形。表示器皿中盛的是血。本义:牲血,供祭祀用)。同本义。后泛指血液。指妇女的月经。悲痛的泪水。血脉。用鲜血涂沾。杀伤,杀害。染,涂。指有血缘关系的近亲。亦指血缘、血统。喻红色。口语读音(多单用)。
向	xiàng	常用汉字 · 6画 · 部首口	(象形。从宀(mián),从口。“宀”表示房屋,甲骨文中像屋墙,有窗户之形。本义:朝北开的窗户)。同本义。泛指窗户。方向;方位。过去,往昔。从来,向来。刚才。面朝、面对。跟“背”相对。趋向,亲近。爱;偏爱;偏袒。往,去。从;在。用于“争”、“怎”、“争奈”、“如何”一类词语后,起加强语气作用。奔向;趋向。接近;临近。旧时,以往。
似	shì sì	常用汉字 · 6画 · 部首亻	用在名词、代词或动词后面,表示比况,相当于“似的”、“如…一般”。(形声。从人,以声。本义:像;相像)。同本义。似乎。给予,送给。继承。用于比较,表示程度更甚。放在动词后面,表示动作影响及于他处,相当于“与”、“向”。
后	hòu	常用汉字 · 6画 · 部首口	(会意。象人之形,施令以告四方,古之,从一口,发号者君后也。按从坐人,从口,与君同意。本义:君主,帝王)。同本义。帝王的妻子。古代指列国诸侯。古代对长官、郡守或将领的尊称。指后土。对大地的尊称。(会意。金文,从“彳”(chì),表示与走路有关,从“幺”(yāo,小),从“攵”(suī),是“足”的反写,有“行路迟缓”的意思)。段玉裁《说文解字注》:“幺者小也,小而行迟,后可知矣。”本义:迟到,走在后。承继。后代,子孙。次序在后。时间较迟或较晚。与“先”相对。后面,位置在后。
行	háng hàng héng xíng	常用汉字 · 6画 · 部首行	(象形。本义:道路)。同本义。直排为行,横排为列。军队编制,二十五人为一行。队伍,军队。行业。原指工商业中的类别,后亦泛指职业。辈分。连续贯穿。这里 ——表示处所。那里 ——表示处所。刚强。——“道行”(dàohéng):僧道修行的功夫,比喻技能本领。(会意。从彳,从亍。本义:走路,行走)。出游;出行;出动。运行。流动,流通。流行;流传。做;从事某种活动。实施。离开。路程。道理,事物的发展规律。行为。品行。即将…。姓。
舟	zhōu	常用汉字 · 6画 · 部首舟	(象形。甲骨文字形,象船形。两边象船帮,中间三条线代表船头、船舱和船尾。先秦多用“舟”,汉以后用“船”渐多起来。本义:船)。同本义。尊彝等器的托盘。酒器名。用船过渡。姓。
全	quán	常用汉字 · 6画 · 部首入	(一作仝。会意。篆文从入,从王(玉)。盖谓交纳的玉完整无缺。本义:纯色玉)。同本义。古州名。全州 。治所在今广西全县。完全。完备,完整。纯,纯粹的。与“杂”相对。保全。,病愈。完全,都。姓。
会	huì kuài	常用汉字 · 6画 · 部首人	(会意。古文从合,从彡。按彡亦众多意。本义:会合)。同本义。晤见。使协调一致;符合。器物的盖子。业务、社交或其他性质的集会。灾厄;厄运。民间一种小规模经济互助形式 。一般由发起人约集若干人,按期等量交款,首次由发起人使用,以后按议定或拈阄决定的顺序轮流使用。中医经络穴位名。古代中国历法所用的单位,等于10800年。必然,一定。恰巧,正好。表示范围。相当于“皆”、“都”。相当于“与”、“同”、“和”。(会意。本义:计算;总计。本指年终结账。后泛指算账) 同本义。会稽(kuàjī)。山地名,县名。在今浙江绍兴。姓。
杀	shā	常用汉字 · 6画 · 部首木	(形声。从殳,杀声。古字作“杀”,甲骨文字形,在人(大)的下方做上一个被剁的记号,表示杀。殳(shū):兵器。从殳表示与杀有关。本义:杀戮)。同本义。攻杀,激战。凋落。败坏;衰败。旧称臣杀君,子杀父母为弑。猎获物。用在谓语后面,表示程度之深。
合	gě hé	常用汉字 · 6画 · 部首口	容量单位, 市制十合为一升。(会意。从亼(jí),三面合闭,从口。本义:闭合,合拢)。同本义。引申为开合之称。会聚,聚合。适合。匹配;配偶。和睦,和谐,融洽。盒子与;向。姓。
兆	zhào	常用汉字 · 6画 · 部首儿	(象形。大篆字形像龟甲受灼所生的裂痕。本义:卜兆,龟甲烧后的裂纹)。同本义。征兆,预兆。人民;百姓。数词。一百万;极言众多。墓地,埋葬死人之处。开始。姓。
企	qǐ	常用汉字 · 6画 · 部首人	(会意。从人,从止。甲骨文字形,上面是一个人,下面是“止”(脚),表示这个人在踮起后脚跟,有企立、企足的意思。本义:踮起脚跟)。同本义。立,站立。姓。
众	zhòng	常用汉字 · 6画 · 部首人	(会意。“众”从三人。“三”表示众多。“众”表示众人站立。“衆”,甲骨文字形。象许多人在烈日下劳动。本义:众人、大家)。同本义。又。指诸事,万事。指百官;群臣。兵;军队。亦指丁壮可为兵者。殷、周从事农业生产的奴隶,或管理奴隶的人。佛家语。用以指教徒人数。众多,与“寡”、“少”相对。广泛;普遍。姓。
爷	yé	常用汉字 · 6画 · 部首父	(形声。从父,耶声。简体字“卩”只是个符号。本义:父亲)。同本义。也作“耶”。爷爷。祖父——多叠用。旧时对主人、上官或尊贵者的称呼 。如王爷;相爷;老爷;少爷。自矜之称。
伞	sǎn	常用汉字 · 6画 · 部首人	(繖为傘的古字)。特指伞盖。长柄,圆顶,伞面边缘有流苏下垂,也称马伞。古代仪仗的一种,用不同颜色区别品级的高下。知府以上用黄色,知州以下用蓝色。姓。
创	chuāng chuàng	常用汉字 · 6画 · 部首刂	(指事。从刀,仓声。金文,象一个躺着的人,手上脚上都有小竖,表示受了创伤,是个指事字。本义:创伤,伤口)。同本义。损伤;伤害。始造。惩治。撰写。
肌	jī	常用汉字 · 6画 · 部首月	(形声。从肉,几声。本义:肌肉)。同本义(先秦时期,“肌”表示人的肉;“肉”表示禽兽的肉)。引申指皮肤。
肋	lèi lē	常用汉字 · 6画 · 部首月	(形声。从肉,力声。本义:肋骨)。许多成对的骨质或部分为软骨的杆状体之一,起着加固大多数脊椎动物驱体侧壁并保护内脏的作用,通常其背部一端与脊柱相接合,而腹部一端有时也以形态学上认为是非骨化部分的肋软骨形式与胸骨连接,对哺乳动物来说都长在或几乎都长在胸部,人身上一般有12对 。衣裳肥大，不整洁。
朵	duǒ	常用汉字 · 6画 · 部首木	(象形。小篆字形,下面是“木”(树),上面象花实之类。本义:花朵。朶为朵的俗字)。树木枝叶花实下垂貌。今指花朵,即植物的花或苞。花朵及花朵状物的计量单位。动。
杂	zá	常用汉字 · 6画 · 部首木	(形声。从衣,集声。本义:五彩相合)。同本义。混合;搀杂。聚会;聚集。驳杂不纯。众多。交错,交会。都;共同。旧时等外的小官为杂职,如清代九品未入流之类或统称为佐杂。传统戏曲角色名。元杂剧、明清传奇以至京剧里的“杂”,一般扮演杂差、百姓等人物。
危	wēi	常用汉字 · 6画 · 部首厄	(会意。小篆字形上面是人,中间是山崖,下面腿骨节形。人站在山崖上,表示很高。本义:在高处而畏惧)。同本义。恐惧;忧惧。威胁,摧败。使危险;伤害;损伤。败亡,灭亡。怀疑,疑虑。高。危险; 危难。很陡峭的。特指人将死。绷得紧;强劲。端正。不正。屋脊。艰难困苦。几乎;差点儿。姓。
旬	xún	常用汉字 · 6画 · 部首日	(会意。从勹(bāo)日。甲骨文,上为交叉记号,表示由此开始,后来引长内曲,表示回环周遍。金文又加“日”。本义:十日。古代天干纪日,每十日周而复始,称一旬)。同本义。十岁为一旬,多指人的年龄。巡视;游历。光阴;时间。
旨	zhǐ	常用汉字 · 6画 · 部首日	(会意。甲骨文字形。上象“匕”(bǐ)即匙形,下面是口,以匙入口,表示味道好。”“口”隶变为“日”。《说文》:“从甘,匕声。本义:味美)。同本义。美好。美味的食品。意思;意义。意图;宗旨。长官的命令。皇帝的意见,命令。
旭	xù	常用汉字 · 6画 · 部首日	(形声。从日,九声。本义:太阳初出的样子) 同本义。光。姓。
负	fù	常用汉字 · 6画 · 部首贝	(会意。从人,从贝。本义:恃,即依恃,凭仗)。同本义。背负。以背驮物。引申为负担。背倚,背靠着。抱持。抱有;具有。承担,担当。背弃,违背。又。欠债;欠缺;缺少。失败。蒙受。又如:负屈衔冤(受到冤屈);负讥(受到讥刺);负谤(蒙受责难);负霜(受霜;带霜);负忧(遭受忧患)。辜负;对不起人。又如:负国(对不起国家);负恩(忘恩;背恩);负负(对不起、对不起);负咎(抱愧)。赔偿;补偿。
匈	xiōng	常用汉字 · 6画 · 部首勹	(形声。从勹,凶声。勹(bāo),裹。本义:胸膛)。“胸”的古字。心胸;胸怀。胸部。称匈奴。亦泛称北方少数民族。
名	míng	常用汉字 · 6画 · 部首口	(会意。甲骨文字形。从口夕。本义:自己报出姓名;起名字)。同本义。称说;说出。出名,有名声。以私人名义占有。明白。名字;名称。名声,名誉,名望。名义。有名的,著名的;名贵的。大的。
各	gě gè	常用汉字 · 6画 · 部首口	特别,与众不同。每个,各自。皆。
多	duō	常用汉字 · 6画 · 部首夕	(会意。甲骨文字形,从二“夕”。表示数量大。本义:多,数量大,与“少”、“寡”相对)。同本义。重。与“轻”相对。贤;好。赞许,推崇。多么。虚指某种程度。只,仅仅。大多。姓。
争	zhēng zhèng	常用汉字 · 6画 · 部首刀	(会意。金文字形,上为“爪”(手),下为“又”(手),中间表示某一物体,象两人争一样东西。从又,义同。本义:争夺)。同本义。辩论;争论。争胜,争着。争斗。竞争;较量。相差。春秋时鲁国北城护城河名,又为北城门名 。也作“净”。多用于诗、词、曲中,相当于“怎么”。姓。“诤”的本字。强谏;规劝。
色	sè shǎi	常用汉字 · 6画 · 部首色	(会意。甲骨文中象一个人驮另一个人,仰承其脸色。本义:脸色)。同本义。又。颜色。姿色,容颜(多就女子而言);美色。佛家语。指一切物质的存在。履历,古称“脚色”,省称“色”。物质(多指金银)的成分。兆气,即古人烧灼龟甲占卜时甲上裂纹所呈现的征兆。风景;景观。天色。生气;变脸。惊惧。
壮	zhuàng	常用汉字 · 6画 · 部首士	(形声。从士,爿(pán)声。本义:人体高大,肌肉壮实)。同本义。豪壮;豪迈。勇壮。宏伟。坚实,坚牢。增强。长成年,长大。以…为壮美;赞赏。伤壮年 。中国古代称男子三十为壮。灸法术语。指艾炷灸中的计数单位。每灸一个艾炷,称为一壮。指艾炷。如大壮灸,即指用较大的艾炷施灸,小壮灸即指用较小的艾炷施灸。壮族的省称 。原作“僮”。
冲	chōng chòng	常用汉字 · 6画 · 部首冫	(形声。从水,中声。本义:向上涌流)。同本义。直上。空虚。平和;谦虚。幼小。(形声。从行,重声。“行”,意思是路。本义:交通要道)。古战车名。用以攻城。冲击;冲撞。
妆	zhuāng	常用汉字 · 6画 · 部首女	(形声。从女,爿(pán)声。本义:梳妆打扮)。同本义。又。假装。同“装”。女子身上的妆饰、脂粉。装饰的式样。
冰	bīng	常用汉字 · 6画 · 部首冫	(会意。从仌,从水。金文作“仌”。金文字形表示水凝成冰后,体积增大,表面上涨(上拱)形。《说文》:“冻也,象水凝之形”。小篆繁化,增加“水”变成。从“仌”从“水”的会意字,于是“仌”就专用作部首。本义:水冻结而成的固体)。同本义。结冰,冻结。使感到极冷。清白,晶莹。姓。
庄	zhuāng	常用汉字 · 6画 · 部首广	(会意兼形声。从艸,从壮,壮亦声。本义:草大)。同本义。谨严持重。四面八方的,四通八达的。恭敬。村庄,也指建在山林田野间的住宅,别墅。六路通达的大路。又如康庄(康,五路通达的大路;庄:六路通达的大路。合称通达的大路);庄馗(四通八达的道路。馗,同“逵”)。庄园,皇室、官僚、地主等在乡下占据的大片土地及其建筑物。件古代云南交易用贝单位。打扮,修饰。
庆	qìng	常用汉字 · 6画 · 部首广	(会意。甲骨文字形,左边是个“文”字,中间有个心,表示心情诚恳;右边是一张鹿皮。合起来表示带着鹿皮,真诚地对人庆贺。小篆字形上面是鹿字省略一部分;中间是“心”字,表心意;下边是“攵”(suī脚),表示“往”。意思跟甲骨文相同。本义:祝贺;庆贺)。同本义。赏赐。喜;福庆,吉庆。福泽。有幸的事。卿士,大臣掌事者。姓。
亦	yì	常用汉字 · 6画 · 部首亠	(指事。甲骨文字形,在“大”(人)旁加两点,指示两腋所在。“腋”的本字。本义:人腋窝) 同本义。也;也是。又。不过;仅仅;只是。
刘	liú	常用汉字 · 6画 · 部首刂	(形声。从金,从刀,丣(yǒu)声。本义:杀,戮)。同本义(含有大规模杀戮的意思)。克,战胜。兵器名。斧钺。剥落,凋残。姓。
齐	jì qí	常用汉字 · 6画 · 部首齐	调味品。合金。登,升。(象形。甲骨文字形,象禾麦穗头长得平整的样子。小篆字形下面多了两条线,表示地面。本义:禾麦吐穗上平整)。同本义。整齐。平等。全,齐全。好。疾,敏捷。（zhai）。肃敬。同等,相等。整治。达到同样高度。使整齐。（zhāi）。斋戒。资助。朝代名 。南北朝时代,南朝萧道成代宋为帝,国号齐,史称南齐(479—502);北朝高洋代北魏为帝,国号齐,史称北齐(550—557)。齐国 。中国周朝分封的诸候国名(公元前1122—前265),在今山东省。又。肚脐。中央。同,并,一齐,皆。从。
交	jiāo	常用汉字 · 6画 · 部首亠	(象形。小篆字形,象人两腿交叉形。本义:交叉)。脚胫相交。交叉;交错,错杂。结交; 交往。交接,移交;交换。交配。接触。送上;付出。朋友。友谊;友情。交往。〖时间〗交替之际。跟头。地名。汉代交州的略称。一齐。互相,相互。美丽。侮慢,骄傲。狡谲,诡诈。
衣	yī yì	常用汉字 · 6画 · 部首衣	(象形。甲骨文字形。上面象领口,两旁象袖筒,底下象两襟左右相覆,为上衣形。“衣”是汉字的一个部首。从“衣”的字与衣服有关。本义:上衣)。同本义。服装的通称。合上衣下裳而言。穿衣。遮盖;包扎。依靠
次	cì	常用汉字 · 6画 · 部首欠	(形声。从欠,二声。本义:临时驻扎和住宿)。同本义。指行军在一处停留三宿以上。第二,居其次。顺序,等第。
产	chǎn	常用汉字 · 6画 · 部首亠	(形声。从生,彦省声。本义:出生,生育)。同本义。出产。产业;财产。
决	jué	常用汉字 · 6画 · 部首冫	(形声。从水,夬(guài)声。本义:疏通水道,使水流出去)。同本义。大水冲破堤岸或溢出。断裂,折断。离别,同“诀”。决断,决定。判决。处死犯人。较量,分胜负。一定,必定。
亥	hài	常用汉字 · 6画 · 部首亠	(象形。甲骨文字形,与“豕”的写法相似,象猪形。古代“亥”与“豕”很容易写混,成语:“鲁鱼亥豕”讲的就是这种误写现象。本义:猪)。同本义。地支的末一位。与天干相配,用以纪年。用以纪月,农历十月为亥。与天干相配,用以纪日。用以纪时,即夜里九点至十一点。十二生肖属猪。
充	chōng	常用汉字 · 6画 · 部首亠	(会意。从儿,育省声。育子长大成人。本义:长,高)。同本义。满。装满;塞满。任职,充任;充当。
妄	wàng	常用汉字 · 6画 · 部首女	(形声。从女,亡声。本义:胡乱)。同本义。虚妄,极不真实。不法,胡作非为。狂乱,毫无约束。荒谬,荒诞。相当于“凡”。平庸。
闭	bì	常用汉字 · 6画 · 部首门	(会意。从门,从才。“才”是用来闭门的东西。本义:关门,把门合闭起来)。同本义。泛指闭合,合拢。壅塞不通。禁绝。门闩的孔。古时称立秋、立冬为“闭”,意即开始闭藏的气节。
问	wèn	常用汉字 · 6画 · 部首门	(形声。从口,门声。本义:问,询问)。同本义。访问。责问。问候;慰问。过问。审案,审讯。追究。寻访。告诉。周代诸侯国间的一种相互访问的礼节。指书信。权威性的命令,常由上级向下级发布。声誉。
闯	chuǎng	常用汉字 · 6画 · 部首门	(会意。从马,从门。本义:猛冲,突然直入)。同本义。
羊	yáng	常用汉字 · 6画 · 部首羊	(象形。甲骨文字形,像羊头形。“羊”是汉字的一个部首。本义:一种哺乳动物)。同本义 。反刍类,以食草为生。一般头上有一对角,有许多品种。十二生肖之一,与十二地支的未相配。吉利细密;完备姓。
并	bīng bìng	常用汉字 · 6画 · 部首干	古地名。并州。相传禹治洪水,分天下为九州。并州为九州之一,其地在今河北保定、正定和山西大同、太原一带。沿用为太原的别称。汉置并州,其地在今内蒙古、山西(大部)、河北(一部)。东汉时并入冀州。三国魏复置。其地在今山西汾水中游。(会意。《说文》:“从二立。”金文字形,为二人并立之形。本义:并行,并列)。同本义。合并(由一部分与另一部分结合一起)。兼并;并吞。具备。排除。相同。全,全都。一起;一齐;同时。并且,连。和,以及。
关	guān	常用汉字 · 6画 · 部首丷	(形声。从门,丱(guān)声。金文作“門”,象门里有门闩形,本象形字。小篆繁化,变成了形声字。本义:门闩)。门闩。闩门的横木。关口,隘门。事物的枢纽或重要的转折点。人体的重要孔窍或肢体。征收关税的机构、组织或程序。古代公文的一种。用于互相质询。合拢,闭门。贯通,贯穿。牵连,涉及。支领,领取。引弓。
米	mǐ	常用汉字 · 6画 · 部首米	(象形,甲骨文字形。象米粒琐碎纵横之状。“米”是汉字的一个部首,从“米”的字与米、粮有关。本义:谷物和其他植物子实去壳后的子实)。同本义。特指稻米。喻极少或极小的量。犹点滴。姓。
灯	dēng	常用汉字 · 6画 · 部首火	(形声。从火,登声。本写作“ 镫”。本义:置烛用以照明的器具。“镫”在古代还作“盛熟食的器具”解。隶变以后,作照明器具用的写作“燈”,而“镫”多作马鞍两旁的铁脚踏讲)。同本义。亦指通电发光的照明器具或做其他用途的发光器具。
州	zhōu	常用汉字 · 6画 · 部首川	(会意。甲骨文字形,两边的曲折线象河流,中间象水中的陆地。“州”是“洲”的本字。小篆字形象两个“川”字相重合。本义:水中的陆地)。同本义字亦作洲。中国古地方行政区划名。相传禹治水后,分其领域为九州。 历代多有兴废。 民国废州。 有些地名仍沿用至今。中国古代户籍编制单位。周代国名。姜姓。故域在今山东省安丘县东北。偃姓。故域在今湖北省监利县。姓。
汗	hán hàn	常用汉字 · 6画 · 部首氵	可汗,古代鲜卑、柔然、突厥、回纥、蒙古等族对其统治者的称号。(形声。从水,干声。本义:汗腺的分泌物)。由人或高等动物皮肤内腺体分泌的一种含盐的液体。旧时维吾尔族一些上层男子名字后面所加的称号 。亦作维吾尔族表示女性的称号,用在名字末尾。出汗;使出汗。
污	wū	常用汉字 · 6画 · 部首氵	(形声。从水,于声。本义:停积不流的水)。浊水池。一说小水坑。字亦作汙。污垢,脏东西。劳苦之事。不清洁,肮脏。腐败的;社会风气、个人道德等恶劣、败坏的。衰微的。玷污。洗去污垢。漫出,水超过约束物高限而流出。贪污。
江	jiāng	常用汉字 · 6画 · 部首氵	(形声。从水,工声。本义:长江的专称)。同本义。江河的通称。中国古国名 。嬴姓,在今河南正阳西南,公元前623年灭于楚。是中古州名 。晋置,辖境约当今江西全省并西延至湖北省武昌附近。后专指江西省九江一带。姓。
汛	xùn	常用汉字 · 6画 · 部首氵	同本义。防守。明清时称军队驻防地段。又称:汛地。
池	chí	常用汉字 · 6画 · 部首氵	(形声。从水,也声。本义:水停积处)。水塘。护城河 。城堡或其他筑垒地方围墙外面深而宽的壕沟,通常注满水。某些四周围起象水池形状的处所。衣被等物的缘饰。姓。
汝	rǔ	常用汉字 · 6画 · 部首氵	(形声。从水,女声。本义:汝水)。同本义。你。多用于称同辈或后辈。以“汝”相称,表示彼此亲昵。姓。
汤	tāng tàng shāng	常用汉字 · 6画 · 部首氵	(形声。从水,昜(yáng)声。本义:热水;开水)。同本义。煮东西的汁液,菜汤。汤池,护城河。古州名。唐置,辖境在今越南的凉山、朗高、鸿基之间的地区。唐勃海置,金废。故治在今辽宁省辽中县东北。山名。在北京市昌平县东,有大小二汤山。大汤山三峰并峙。小汤山南有温泉。在南京市东,有温泉,建有浴池,为疗养地。温泉姓。加热。触,碰。遇上,碰上。水势浩大、水流很急的样子广大貌;浩茫貌形容非常流利
忙	máng	常用汉字 · 6画 · 部首忄	(形声。从心,亡声。本义:急迫,慌忙)。同本义。事情多,繁忙。赶快;赶紧。急于。姓。
兴	xīng xìng	常用汉字 · 6画 · 部首八	(会意。从舁,从同。舁(yú),共举;同,同力。本义:兴起;起来)。同本义。使兴盛;流行。又。开始办理;创办 。推举;选拔。成功。派遣;发动。征发。作。宠;惯。蓬勃发展;兴旺。姓。兴致,情趣。诗歌表现手法之一。以他事引起此事叫起兴。又简称兴。情欲。一种修辞手段,即比喻。喜欢;喜爱。
宇	yǔ	常用汉字 · 6画 · 部首宀	(形声。从宀(mián),于声。“宀”表示房屋。本义:屋檐)。同本义。房屋。空间。上下四方,天地之间。地域;疆土。又。国境。住处。风度,仪容。
守	shǒu	常用汉字 · 6画 · 部首宀	(会意。从宀,从寸。宀表示房屋;寸是法度。合起来表示掌管法度。本义:官吏的职责,职守)。同本义。节操;操守。秦代郡的长官名,汉代更名太守。后时作州、府地方长官的省称。被委任在某一方或某一区域负责实施法律或管理的政府主要官员。州郡地方政府所在地。遵守;奉行。坚持,保持;保守。看守,看管。保卫;防守,与“攻”相对。掌管。收捕。请求。守侯;守护。做郡的知州。
宅	zhái	常用汉字 · 6画 · 部首宀	(形声。从宀(mián),乇(zhé)声。本义:住所;住处)。同本义。家,常指大家族的家。葬地。居,居住。居于;处于某种境地。存。托;寄托。顺应,归顺。
字	zì	常用汉字 · 6画 · 部首子	(会意兼形声。从宀(mián)从子,子亦声。在屋内生孩子。本义:生孩子)。同本义。怀孕,体内怀着胎儿。抚养;养育;教养。爱。教育;教课;传授知识。治理。取名;取表字。女子许嫁。文字(古时单体叫文,合体叫字,后人逐渐不再严格区别)。表字,人的别名(字和名常有意义上的联系。自称用名,表示谦虚;称人用字,表示尊敬)。名号。用文字写成的凭据、字条或短柬。书法 。文字的书写艺术;特指用毛笔写汉字的艺术。书法作品。书信。姓。
安	ān	常用汉字 · 6画 · 部首宀	(会意。从“女”在“宀”下,表示无危险。本义:安定;安全;安稳)。同本义。安逸,安乐。安宁。缓慢。使安定。安抚,安顿抚慰。安排;安置。安心。习惯、满足于。安装。表示疑问,相当于“岂”、“怎么”。“安培”的简称。谁;何;什么。哪里,何处。姓。
讲	jiǎng	常用汉字 · 6画 · 部首讠	(形声。从言,冓(gōu)声。本义:和解)。同本义。讲习(共同讨论研习学问)。练习;操练。用。
讳	huì	常用汉字 · 6画 · 部首讠	(形声。从言,韦声。本义:避忌。有顾忌而躲开某些事或不说某些话)。同本义。隐;隐蔽。畏,怕。忌讳的事情。旧时指死去的帝王或尊长的名字。
军	jūn	常用汉字 · 6画 · 部首冖	(会意。金文字形,从车,从勹(bāo,包裹)。表示用车子打包围圈的意思。古代打仗主要靠车战,驻扎时,用战车围起来形成营垒,以防敌人袭击。本义:围成营垒)。同本义。注:“犹屯兵粮储也。”。攻杀。指挥作战。从军。军队。军队的编制单位 。古代以军为军队中最大的编制单位。春秋时各大国多设上、中、下三军,历代沿用其名,人数多少不一。士兵。中国宋代行政区划名。与府、州、监同属于路。唐于设兵戍守之地 ,设置“军”、“守捉”、“镇”、“戍”等。安史之乱后,内地也设“军”。如汴州设宣武军。“军”与“守捉”的将领称使;“镇”与“戍”的将领称镇将。阵地。
讶	yà	常用汉字 · 6画 · 部首讠	(形声。从言,牙声。本义:迎接)。同本义。诧异,感到意外。责怪。(yù)。称人之美。
许	xǔ	常用汉字 · 6画 · 部首讠	(形声。从言,午声。本义:应允,许可)。同本义。同意,赞同。事先答应给予。期望。相信。给予;奉献。处所,地方。古国名 。公元前十一世纪周分封的诸侯国。姜姓。战国初期为楚所灭。一说灭于魏。故地在今河南省许昌东。表示大约的数量。:表示约略估计的数量。这样,这般。何,什么。姓。
讹	é	常用汉字 · 6画 · 部首讠	(形声。从言,化声。字本作“譌”。本义:谣言)。同本义。字亦作“讹”。改变;感化。变化。不正确的。
论	lún lùn	常用汉字 · 6画 · 部首讠	《论语》的简称 。内容主要是记录孔子及其门徒的言行。(形声。从言,仑(lún)声。本义:评论,研究。引申为“议论”)。议论, 分析和说明事理。思;思考。衡量;评定。评论;辩析。又。判罪;判决。考虑;顾及。较量。控告,举报。凭借。说;陈述。研究。又如:论演(研究阐发);论道经邦(研究治国之道,以治理好国家);论思(研究思想)。选择。治理。主张;学说。议论文。伦理。姓。
讼	sòng	常用汉字 · 6画 · 部首讠	(形声。从言,公声。从言的字与讲话有关。本义:争论)。同本义。打官司。喧哗。为人辩冤。歌颂。诉讼者。公开地,明白地。
农	nóng	常用汉字 · 6画 · 部首冖	(会意。甲骨文字形,从林,从辰。古代森林遍野,如要进行农耕,必先伐木开荒,故从“林”;古代以蜃蛤的壳为农具进行耕耨,故从“辰”。小篆认为从晨,囟(xìn)声。从“晨”,取日出而作、日入而息之意。本义:耕,耕种) 同本义。努力,勉力。农业。农民。又。古代的田官。先秦学术思想流派之一,九流中“农家”的简称。勤勉。浓厚。姓。
讽	fěng	常用汉字 · 6画 · 部首讠	(形声。从言,风声。本义:背诵;朗读;传诵)。同本义。婉言微辞或指责。规劝。
设	shè	常用汉字 · 6画 · 部首讠	(会意。从言,从殳。本义:摆设;陈列)。同本义。创立,建立,开创。筹划;秘密策划。拟设;设置。施行,实现。布置,部署。表示假设关系,相当于“如果”、“假如”。完备。大。
访	fǎng	常用汉字 · 6画 · 部首讠	(形声。从言,方声。本义:广泛地征求意见)。同本义。引申为访问、拜访(敬词)。寻求。初始。谋议。调查;查处。
诀	jué	常用汉字 · 6画 · 部首讠	(形声。从言,夬(guài)声。本义:辞别,告别。特指长别)。同本义。自杀。
寻	xún	常用汉字 · 6画 · 部首寸	(会意。从工口,从又(彐)寸。本义:八尺为寻) 中国古代的一种长度单位,八尺为寻。寻找。探究;研究;推求。用。继续。讨伐,派兵去镇压。追逐。用热水脱毛。顷刻,不久。沿着,顺着。
那	nā nà nè nèi nuó	常用汉字 · 6画 · 部首阝	姓。(形声。小篆字形,从邑,冄(rǎn)声。邑与地名或行政区域有关。后省作“那”。①本义:国名。《说文》:“西夷国。”本读nuó。②指示代词。特指某个人、某个时间、某个地方或某个事物。不一定是远指之词,如“那件事你我心里都清楚。”)。指示代词。指代较远的时间、处所。多。安闲的样子。美好。代词。何。移动
迅	xùn	常用汉字 · 6画 · 部首辶	快
尽	jǐn jìn	常用汉字 · 6画 · 部首尸	(尽为“儘”和“盡”的简化字)。任凭,纵使。(尽原为“盡”的俗字;今为“盡”的简化字。会意。甲骨文字形表示手持刷子洗刷器皿。盛东西的器皿只有空了才能洗刷。本义:器物中空) 同本义。竭;完;没有了。达到极限。死。努力完成。追问。消灭;消失。全部,都。姓。
导	dǎo	常用汉字 · 6画 · 部首寸	(形声。从寸,道声。“寸”与“手”意思相近。本义:以手牵引,引导)。同本义。教导。疏通。启发,开导。引诱。向导,引路人。顺着。
异	yì	常用汉字 · 6画 · 部首廾	(会意。“異”,甲骨文字形,象个有手、脚、头的人形。从廾(gǒng)从畀(bì)。畀,予也。本义:奇特;奇异;奇怪)。同本义。不同。其他,别的。护翼。区别;分开。觉得奇怪;诧异。恭敬。辅助。怪异不祥之事;灾异。指特殊本领、才能。
弛	chí	常用汉字 · 6画 · 部首弓	(形声。从弓,也声。本义:放松弓弦)。同本义:。松弛,放松。解除。毁坏;废弃。放下。懈怠,松懈。
孙	sūn	常用汉字 · 6画 · 部首子	(会意。从子,从系,续也。金文,象用绳索捆绑小孩子,意为少年俘虏。本义:儿子的儿子)。同本义。跟孙子同辈的同性或异性亲属。泛指后代子孙。脉络的细小分支。再生或孳生的植物。姓。
阵	zhèn	常用汉字 · 6画 · 部首阝	(会意。从阜(fù),从车。土山前摆满了战车。字本作“陈”。“阵”为后起字。本义:两军交战时队伍的战斗队形)。同本义。阵地。又指战争或战斗。雷阵雨来临前乌云翻滚、雷电交加的现象。布阵,列阵。表示事物经过的一定时间段落。
阳	yáng	常用汉字 · 6画 · 部首阝	(形声。从阜,昜(yáng)声。从阜,与山有关。本义:山南水北)。同本义。太阳。物体的正面,前面。男性生殖器。精液。外面。晴天。天。人世。额 。又指前面正面。眸子。借指美目。古代阴阳家、方士以四千六百一十七岁为一元,初入一元为一百零六岁,有旱灾九年,称为阳九。其余尚有阴九、阴七、阳七、阴五、阳五、阴三、阳三等。阳为旱灾,阴为水灾。太乙数以四百五十六年为一阳九,二百八十八年为一百六。阳九为奇数,为阳数之穷;百六,偶数,为阴数之穷。道家称三千三百年为小阳九,小百六;九千九百年为大阳九,大百六。(天厄称为阳九,地亏称为百六);阳干(指十干中的甲、丙、戊、庚、壬。即列于单数位天干。与阴相对);阳木(春夏所生的树木。一说为山南之木);阳辰(相术家以十二地支中的单数位,子、寅、辰、午、申、戊六日为阳辰,余六日为阴辰);阳鱼(鱼。因其生于阴生属于阳,故名);阳童(未成年而死的庶子。一说男孩夭亡为阳童,女孩夭亡为阴童);阳施(阳气散布);阳道(外事,政事);阳会(古俗妇女于每月十九日夜举行的一种聚会);阳德(阳气。也指日);阳错(阴阳家的迷信之说);阳声(古乐声分阴阳,六律为阳声。也指清声);阳灵(祭天之所。也指太阳)。中国中医学上指人体内部某些器官。又如:阳病(中医指阳虚有寒的病症);阳疾(中医指热邪)。春秋国名 。在今山东省沂水县西南。春秋燕邑名 。在今河南省唐县东北。指春夏。又如:阳和(春天的暖气);阳夏(夏季);阳时(春夏之时);阳官(指《周礼》中的春官)。中午。日出。颜色明亮。鲜明。温暖。干旱。诈伪。奇数。外露;显露。假装。复苏;生长。举起。表面上。
收	shōu	常用汉字 · 6画 · 部首攵	(形声。从攴(pū),收(jiū)声)。同本义。收拾;收取。聚集;收集。收容;接受。收获;收割。使中断、停顿或终止。征收。收回;收缴。收藏;保存。占取。收回;收复。收获;收成。收藏品。车箱底部四面的横木,即车轸。夏代冠名。
阶	jiē	常用汉字 · 6画 · 部首阝	(形声。从阜(fù),表示与地形地势的高低上下有关,皆声。本义:台阶)。同本义。梯子。官阶,官方的衔头。缘由,途径。凭借。
阴	yīn	常用汉字 · 6画 · 部首阝	(会意。从阜(fù),从侌,侌(yīn)亦声。阜,土山,从阜多与地形有关。简化字属会意,表示月夜笼罩山冈,很阴暗。本义:山的北面,水的南面)。同本义。泛指北面。背阳为阴。生殖器。指秋冬季节。日影;阴影。雨。水。月亮。妇人。又如:阴教(女子的教化);阴化(女子的教化);阴德(女德);阴帝(指女娲)。坟,墓。又如:阴壤(墓地);阴宅(坟墓;墓穴);阴户(墓门)。指月经。天空中十分之八以上的部分被中低云量占住叫做阴。又如:阴埃(阴雾和尘埃);阴晦(云气掩映日光,天气阴晦);阴凝冰坚(阴气始凝为霜,渐积成冰);阴澹(山色暗淡);阴雨(天阴下雨)。云块。又如:阴霞(云霞)。鬼怪。又如:阴魅(鬼魅);阴兵(鬼兵;神兵);阴力(鬼神之力);阴魅(魅火;鬼火)。中国古代哲学认为宇宙中贯通物质和人事的两大对立面之一(跟“阳”相对) 。阳的相对名称。又如:阴阳不将(阴阳家所称的嫁娶吉日);阴阳官(专司星相、占卜、卜宅、相墓等的职官);阴阳生(阴阳人。指以星相、占卜、相宅、看风水等为职业的人)。凹进去的东西。幽暗;昏暗。阴险。冷,寒冷。阴湿;潮湿。偶数。隐藏的,不露在外面的。暗中,暗地里。姓。
防	fáng	常用汉字 · 6画 · 部首阝	(形声。从阜,方声。本义:堤坝)。同本义。地名。春秋陈邑,在今河南省淮阳县北。春秋鲁地。在今山东省费城县东北。春秋宋地,后属鲁,在今山东省金乡县西南。住室。筑堤。防止;防备。防守;防御;防卫。姓。
奸	gān jiān	常用汉字 · 6画 · 部首女	干犯,抵触。(会意。从三女。本义:奸邪,虚伪狡诈)。同本义。伪。(会意。从女,从干,干亦声。本义:奸淫;私通)。作乱或窃夺。欺骗;作弄。犯法作乱的人,歹徒;恶人。
如	rú	常用汉字 · 6画 · 部首女	(会意。从女,从口。本义:遵从,依照)。同本义。好像, 如同。比得上,及。去,往。遭遇,际遇。相敌;抵挡。应当。按照。假如,如果。与,和。或——表示选择关系。而——表示连接。用于语末,相当于“然”。用于语末,相当于“焉”。相当于“乎”。
妇	fù	常用汉字 · 6画 · 部首女	(会意。甲骨文字形,左边是“帚”,右边是“女”。从女持帚,表示洒扫。本义:已婚的女子)。同本义。泛指妇女,常指成年女子。妻子。儿媳。
妃	fēi	常用汉字 · 6画 · 部首女	(会意。从女,己声。本义:婚配,配偶)。(pèi)。同本义。泛指妻子。帝王的妾。特指太子、王侯之妻。女神的尊称。某一事物的对立面。因其既相反又相成,故称。
好	hǎo hào	常用汉字 · 6画 · 部首女	(会意。从女,从子。本义:美,貌美)。指女子貌美。善,优良,良好。交好;友爱。完成;完毕。便于;宜于。宜于;便于;以便。喜好;喜爱。
她	tā	常用汉字 · 6画 · 部首女	(形声。从女,“它”省声。本义:女性第三人称)。
妈	mā	常用汉字 · 6画 · 部首女	(形声。从女,马声。本义:称呼母亲)。同本义。
戏	hū huī xì	常用汉字 · 6画 · 部首戈	——“於戏”(wūhū):同“呜呼”(wūhū)。(形声。从戈。虚(xī)声。本义:一种兵器)。同本义。假借为“麾”。军队中的帅旗。侧翼。指歌舞杂技等的表演。戏剧。游戏。角斗,角力。开玩笑,耍笑捉弄。游戏;戏耍。姓。
羽	yǔ	常用汉字 · 6画 · 部首羽	(象形。甲骨文字形,象羽毛形,即鸟的长翎(líng)形。“羽”是汉字的一个部首,从“羽”的字多与羽毛有关。本义:鸟毛,特指鸟的长毛)。同本义。鸟类。鸟虫的翅膀。指旌旗。
观	guān guàn	常用汉字 · 6画 · 部首见	(形声。从见,雚(guàn)声。本义:仔细看)。同本义。观察,审察。示范;显示。玩赏;观赏。阅读。景象,情景。古代天子、诸侯宫门外张示法令的地方。同“阙”。台榭。道教的庙宇。雚雀鸟。姓。春秋楚有观射父。
欢	huān	常用汉字 · 6画 · 部首欠	(形声。从欠,雚(guàn)声。本义:喜悦,高兴)。同本义。欢迎,殷勤地或诚挚地迎接。古时男女相爱,女子对情人的称呼。
买	mǎi	常用汉字 · 6画 · 部首乙	(会意。小篆字形,从网贝。“网”是收进,“贝”是财货。合起来表示把财货购进来。本义:买进,购进)。同本义。雇,租。用金钱或其他手段取得;收买,买通。招惹,引起。
红	hóng gōng	常用汉字 · 6画 · 部首纟	(形声。从糸(mì),表示与线丝有关,工声。本义:粉红色)。同本义。后也指各种红色。红色物品。花的代称,花多红色,故借红代花。春秋时鲁国地名。在今山东省境内。女工,从事手工劳动的女性。功服。丧服名。劳绩,功绩。
驮	tuó duò	常用汉字 · 6画 · 部首马	(形声。从马,大声。本作“佗”。《说文》:“负何也。”本义:骡马负载东西)。同本义。用背负载。挨;受。驮着货物的牲口或牲口所负载的货物
纤	qiàn xiān	常用汉字 · 6画 · 部首纟	用于拉船的绳索。牵牲口的绳索。(形声。从糸,千声从糸(mī),细丝,表微小。本义:细小)。同本义。吝啬,花钱小气。脆弱,小巧。衣薄的样子。祭服的颜色,黑经白纬曰纤。细纹丝帛。纤维。古代计量单位。一寸或一两的千万分之一。记时单位。
驯	xùn	常用汉字 · 6画 · 部首马	(形声。从马,川声。本义:马驯服)。同本义。亦指鸟兽驯服。泛指顺服。熟悉。善良。使驯服;使和顺。解释。逐渐地,循序渐进。
约	yuē yāo	常用汉字 · 6画 · 部首纟	(形声。从糸(mì),勺声。糸是细丝,有缠束作用。本义:绳索)。同本义。盟约;相期的诺言。缠束;环束。约定,以语言或文字订立共同应遵守的条件。邀请。束缚,约束。少;省减;简约 ——《史记·屈原贾生列传》。估量。简要。姓。
级	jí	常用汉字 · 6画 · 部首纟	(形声。从糸(mì),表示与线丝有关,及声。本义:丝的次第)。同本义。引申为等级,特指官阶爵位的品级。石阶。秦制,战争中斩敌首一,赐爵一级,称为首级。后以“级”为所斩之首的量词。
纪	jǐ jì	常用汉字 · 6画 · 部首纟	姓。(形声。从糸(mì),表示与线丝有关,己声。本义:散丝的头绪)。同本义。开端,头绪。要领。纲领;纲纪。法则;准则。十二年的一个时期。中国古国名 。姜姓,春秋时为齐所灭,故城在今山东省寿光县东南。处理;治理。记录,记载。
驰	chí	常用汉字 · 6画 · 部首马	(形声。从马,也声。本义:车马疾行)。同本义。又驱使。疾行。追逐。向往。消逝迅速。传播。
纫	rèn	常用汉字 · 6画 · 部首纟	(形声。从糸,刃声。本义:搓绳)。同本义。缝纫; 缝补。穿。连缀,联结。按摩。柔软而结实的绳索,绳子。
巡	xún	常用汉字 · 6画 · 部首巛	(形声。从辵(chuò),川声。本义:到各地视察;巡行)。同本义。审视;细看。抚慰。同时对一组的每个人各敬一杯酒。
寿	shòu	常用汉字 · 7画 · 部首寸	(形声。从老省,畴声(依《说文》),从老省,即上面象“老”的上半部。本义:长寿) 同本义。年寿,寿限。祝寿;祝福。多指奉酒祝人长寿。向人献物以祝人长寿。姓。
弄	nòng lòng	常用汉字 · 7画 · 部首廾	(会意。上为“玉”,下为“廾”(即廾,gǒng)。指双手玩赏玉器。本义:用手把玩;玩弄)。同本义。戏耍;游戏。作弄;期侮。演奏乐器。玩赏。做;搞。妆饰。设法争得。乐曲。巷中巷。
麦	mài	常用汉字 · 7画 · 部首麦	(形声。甲骨文字形。从攵(zhí),来声。“麦”是汉字的一个部首。本义:麦子)。同本义 。一年生或二年生草本植物,有小麦、大麦、燕麦、黑麦等。子实主要作粮食或作精饲料、酿酒、制饴糖。秆可作编织或造纸原料。姓。
玖	jiǔ	常用汉字 · 7画 · 部首王	(形声。从玉,久声。本义:似玉的黑色美石)。同本义。
玛	mǎ	常用汉字 · 7画 · 部首王	矿物，成分主要是二氧化硅，有多种颜色，质地坚硬，耐磨，可做研磨用具、仪表轴承或装饰品，亦可入药。
形	xíng	常用汉字 · 7画 · 部首彡	同本义。形体,实体。容色,容貌。各种自然环境或地表的自然特征。情势,形势。模型。画图形。使之现形,显露,显示。比较,对照。描绘。形成,成为某种形象。
进	jìn	常用汉字 · 7画 · 部首辶	(会意。甲骨文字形,上面是“隹”,象小鸟形,下面是“止”(趾)。鸟脚只能前进不能后退,故用以表示前进。本义:前进,与“退”相对)。同本义。超过。入,走入。奉献。任官;出仕。推荐。登。促进,增强。推崇,赞扬。终止;竭尽。钱财。平房的一宅之内分前后几排的,一排称为一进。层。
戒	jiè	常用汉字 · 7画 · 部首戈	(会意。小篆字形,上面是“戈”,下面象两只手(即“廾”)。两手持戈,表示戒备森严。本义:警戒,戒备)。同本义。告诫。预备;准备。戒除。斋戒。警戒之事。界限,分界。
吞	tūn	常用汉字 · 7画 · 部首口	(形声。从口,天声。本义:咽下)。同本义。吞并,消灭掉。容纳。忍受。痴呆。
远	yuǎn	常用汉字 · 7画 · 部首辶	(形声。从辵(chuò),袁声。本义:走路走得长)。同本义 。引申距离大,相隔远。与近相对。长久;长远。高远;远大。多。指差距大。深远;深奥。离开;避开。违背。疏远,不亲近,不接近。又。超过;胜过 。如远逾(超越); 远迈(远远超过);远过,(超过)。姓。
违	wéi	常用汉字 · 7画 · 部首辶	(形声。从辵(chuò),韦声。本义:离开;背离)。同本义。避开。违背;违反。恨。
韧	rèn	常用汉字 · 7画 · 部首韦	(形声。从韦,刃声。韦,熟牛皮。本义:柔软而结实,受外力作用时虽变形而不易折断) 同本义。
运	yùn	常用汉字 · 7画 · 部首辶	(会意。从辵(chuò),军声。本义:运行;运转;转动)。同本义。搬运;运输。运用。玩弄,拨弄。运气,命运。地之南北距离曰运。春秋莒邑 。在今山东省沂水县东北五十里。也作“郓”。日月周围的光圈。远。纵,竖。浑浊。眩晕姓。
扶	fú	常用汉字 · 7画 · 部首扌	(形声。从手,夫声。从“手”,表示与手的动作有关。本义:搀扶)。同本义。扶持;护持。辅助;帮助。靠近。攀缘。沿,顺。在水上泛行。抚养,培育。古代妇女肃拜行礼的一种动作。姓。
抚	fǔ	常用汉字 · 7画 · 部首扌	(形声。从手,无声。本义:抚摩)。同本义。用手按着。拍或轻击。安抚;安慰。照料使健全生长;养育。占有。(hū)。掩;盖。官名。巡抚的简称。古州名 。汉豫章郡地,陈置抚州。在今江西省临川县治。
坛	tán	常用汉字 · 7画 · 部首土	(形声。从土,亶(dǎn)声。本义:土筑的高台,用于祭祀、会盟等)。同本义。像坛之物。土筑的屋基。园林庭院中点缀环境的台子。楚人称中庭为坛,庭院。筑坛祭祀。
技	jì	常用汉字 · 7画 · 部首扌	(形声。从手,支声。本义:技艺,技巧,才艺)。同本义。歌舞。亦指以歌舞为业的艺人。工匠,从事一些行业或手工业的人。
坏	huài	常用汉字 · 7画 · 部首土	(形声。从土,褱(huái)声。古代建筑物主要以土建造,故从“土”。本义:倒塌(指建筑物遭到破坏)。按:古代“坏”与“壞”是音义都不相同的两个字。“坏”,本读作pēi,是个从土、不声的形声字,指“未烧过的砖瓦、陶器”。现在“壞”简化为“坏”)。同本义。破坏;毁坏。衰亡。变质;变得不好或有害。战败。坏事,指官员被革职、查办。坏分子的简称。
抠	kōu	常用汉字 · 7画 · 部首扌	(形声。从手,区声。本义:抓,提)。同本义。挖。抓牢。眼睛凹陷 。如;抠搂(眼珠子深陷在眼眶里)。
扰	rǎo	常用汉字 · 7画 · 部首扌	(形声。从手,擾省(yōu)声。本义:搅扰;扰乱)。同本义。叨扰,指受人财物、饮食。安抚;和顺。驯养。混乱;烦乱。浑浊不清。柔弱;顺从。家畜。
扼	è	常用汉字 · 7画 · 部首扌	(形声。从手,厄声。本义:抓住;掐住)。同本义。阻碍,堵住。
拒	jù	常用汉字 · 7画 · 部首扌	(形声。从手,巨声。本义:抵御,抵抗)。同本义。拒绝,抵制。占据。方形阵势。
找	zhǎo	常用汉字 · 7画 · 部首扌	(会意。从手,从戈。像用手拾戈。本义:觅取,寻求)。同本义。补不足。
批	pī	常用汉字 · 7画 · 部首扌	(形声。从手,比声。本义:反手打)。引申为刺入。分析;评论。披露。
址	zhǐ	常用汉字 · 7画 · 部首土	(形声。从土,止声。字本从阜,止声。本义:地基,基部)。同本义。地点;地址;处所。
扯	chě	常用汉字 · 7画 · 部首扌	(形声。从手,奢声。扯是“撦”的俗字。本义:撕裂)。
走	zǒu	常用汉字 · 7画 · 部首走	(会意。金文字形象摆动两臂跑步的人形,下部象人脚。合起来表示人在跑。本义:跑)。同本义。逃跑。往。奔向某地。泄漏。丧失,失去。泛指兽类。车轮。仆人,有时含蔑称意。
抄	chāo	常用汉字 · 7画 · 部首扌	(形声。从手,少声。本义:叉取)。同本义。搜查并没收。匙子;小勺。
贡	gòng	常用汉字 · 7画 · 部首贝	(形声。从贝,工声。本义:进贡,把物品进献给朝廷)。同本义。示告;告诉。赏赐。推荐。贡品,贡献的物品。夏代的田赋名称。(gōng)。女工。从事手工劳动的女性。
汞	gǒng	常用汉字 · 7画 · 部首水	本义:一种有毒的银白色一价和二价重金属元素,它是常温下唯一的液体金属,游离存在于自然界并存在于辰砂、甘汞及其他几种矿中。常常用焙烧辰砂和冷凝汞蒸气的方法制取汞,它主要用于科学仪器(电学仪器、控制设备、温度计、气压计)及汞锅炉、汞泵及汞气灯中 ——元素符号Hg。通称“水银”。
坝	bà	常用汉字 · 7画 · 部首土	(形声。从土,霸声。本义:堤坝)。截河拦水的堤堰。堤坝。平地。
攻	gōng	常用汉字 · 7画 · 部首攵	(形声。从攴(pū),工声。本义:进攻,攻打)。同本义(与“守”相对)。指责。引申为以药物治疗疾病。致力研究,专心从事。治理,加工。器物精好坚利。功绩。
赤	chì	常用汉字 · 7画 · 部首赤	(会意。甲骨文,从大(人)从火。人在火上,被烤得红红的。一说“大火”为赤。本义:火的颜色,即红色)。同本义。忠诚;真纯。裸露。空;尽;一无所有。共产党。除掉,诛灭。
折	shé zhē zhé	常用汉字 · 7画 · 部首扌	使断成两截(如在变形应力或张应力下)。倒过来倒过去。(会意。甲骨文字形,右边是斧子(斤),左边是断开的“木”,意即斤砍断木。后来断木演变为“手”,意为用手拿斧弄断东西。本义:折断)。同本义。引申为曲折;弯。反转;改变方向。屈服;折服。挫伤,挫折。折合;抵当。损失;减损。毁坏。汉字笔画名。戏曲名词。元、明杂剧剧本中的一个段落,每剧大都四折 。其中可单独演出的一折,叫“折子戏”。折叠。转折;曲折。姓。
抓	zhuā	常用汉字 · 7画 · 部首扌	(形声。从手,爪声。本义:搔)。同本义 。人用指甲或带齿的东西或动物用爪在物体上划过。用手或爪取物。扎缚。
扳	bān pān	常用汉字 · 7画 · 部首扌	(形声。从手,反声。本义:拉,引)。拉;引;拨动。扭转;背转。(古通“攀”)。攀援。结交。攀附。纠缠。
抡	lūn lún	常用汉字 · 7画 · 部首扌	挥动或挥舞。(形声。从手,仑(lún)声。本义:挑选,选拔) 同本义。
扮	bàn	常用汉字 · 7画 · 部首扌	(形声。从手,分声。(fěn)本义:握,并)。打扮,装扮。
抢	qiāng qiǎng	常用汉字 · 7画 · 部首扌	撞;碰;触。推,搡 。创伤,伤。冲;闯。(形声。从手,仓声。本义:抢夺)。同本义。
孝	xiào	常用汉字 · 7画 · 部首子	(形声。从老省,从子。本义:尽心奉养和服从父母)。同本义。祭,祭祀 。向神或祖先供财物以示感激。能继先人之志。居丧。丧服,孝服 。象征悲恸的白色稀纱衣服(尤指中国)或黑色服装、黑纱或黑色标志(尤指西方各民族)。又指办丧事仪式。居丧的人。姓。
坎	kǎn	常用汉字 · 7画 · 部首土	(形声。从土,欠声。本义:坑,穴)。同本义。墓穴;墓坑。八卦之一,代表水。光学名词。坎德拉的简称。掘坑,挖洞。陷;陷落。扣;戴。忧,恨。
均	jūn	常用汉字 · 7画 · 部首土	(形声。从土,匀声。“匀”亦兼表字义。合起来指土地分配均平。本义:均匀;公平)。同本义。等同,相同。使…同样;平分。衡量,比较。皆,都,全部。一种制造陶器所用的转轮,又称“陶旋轮”,后喻国政。中国水名 。汉水支流之一,上、中游为河南淅河,至河南淅川县与丹水合为均水,也称“丹江”。中国州名 。今为湖北省均县。中国宋代瓷窑名,在今河南省禹县。
抑	yì	常用汉字 · 7画 · 部首扌	(本写作“归”。会意。小篆字形,象用手抑人使跽。本义:按,向下压)。同本义。抑制。贬。强行;强迫。或是,还是。但是;不过。而且。表示推测,可译为“或许”、“也许”。用在句首,无义。
抛	pāo	常用汉字 · 7画 · 部首扌	(形声。本义:丢弃)。同本义。抛,掷。秽物一堆为一抛。也作“泡”。
投	tóu	常用汉字 · 7画 · 部首扌	(会意。从手,从殳。殳(shū),古兵器。合起来表示手拿兵器投掷。本义:投掷)。同本义。跳进去;投入(专指自杀行为)。投弃,抛弃。投奔。前往依靠别人。投宿,临时住宿。顿,用力往下踩。投入,投进。投壶的省称。中国古代宴会时的游戏。设特制之壶,宾主依次投矢其中,中多者为胜,负者饮。骰子。赌具 。骨制,成正立方体,六面分别刻一点至六点之数,掷之以决胜负。点着色,故也称“色子”。表示方位、方向,相当于“朝”、“向”。姓。
坟	fén	常用汉字 · 7画 · 部首土	(形声。从土,贲(bēn)声。本义:大防)。同本义。注:“或曰河坟,汝坟、淮坟也。”。土堆。水边;沿河的高地。特指坟堆,坟墓。古代典籍名。起土堆;筑坟。划分。大。顺从的。
坑	kēng	常用汉字 · 7画 · 部首土	(形声。从土,亢声。本义:地面上凹下去的地方)。同本义。矿穴,矿场。陷害。活埋。损人。
抗	kàng	常用汉字 · 7画 · 部首扌	(形声。从手,亢声。本义:抵抗,抵御)。同本义。抗拒;拒绝。匹敌,抗衡。举起。高;大刚正不阿;高尚。
坊	fāng fáng	常用汉字 · 7画 · 部首土	(形声。从土,方声。本义:城市中街市里巷的通称)。古代把一个城邑划分为若干区,通称为坊。官署名 。隋代太子官署有左右坊、门下坊、典书坊等,唐以后易为太子左春坊、右春坊。铸造器物的土模。店铺。别屋;专用的房舍。古州名 在今陕西省黄陵县。堤防。小手工业者的工作场所。防止;防范。
抖	dǒu	常用汉字 · 7画 · 部首扌	(形声。从手,斗声。本义:抖擞)。振动;甩动 )。振作。
护	hù	常用汉字 · 7画 · 部首扌	(形声。从言,蒦(huó)声。本义:保卫;保护)。同本义。爱护。袒护;包庇。监视;监督。救助。总领。
壳	ké qiào	常用汉字 · 7画 · 部首士	坚硬的外皮坚硬的外皮。
志	zhì	常用汉字 · 7画 · 部首心	(形声。从心,士声。战国文字,从心之,之亦声。意为心愿所往。本义:志气,意愿:心之所向,未表露出来的长远而大的打算)。同本义。心情。神志。旗帜。皮肤上生的班痕有志;立志;专心。记着。向慕。记载,记录。叙述。(形声。言形志声。本义:记忆)。记录。做记号。又。标记;记号。
块	kuài	常用汉字 · 7画 · 部首土	(形声。从土,鬼声。字本作“凷”,是个会意字,表示土块装在筐器之中。后来写作“塊”,变成了形声字,现在简化为“块”。本义:土块)。同本义。整体的一部分。孤独;孑然。又如;块坐(独坐);块然(孤独;安适自得的样子);块独(孤独)。
扭	niǔ	常用汉字 · 7画 · 部首扌	(形声。从手,丑声。本义:用手拧)。揪住。扭动;摇摆。拧伤筋骨。争执;违拗。掉转,转动。手铐。
声	shēng	常用汉字 · 7画 · 部首士	(形声。从耳,殸(qìng)声。“殸”是古乐器“磬”的本字,“耳”表示听。本义:声音;声响)。同本义。音乐;诗歌。声望,声名(名声)。口信;消息;传说。声威;声势。言语,口音。声称,宣扬。听。表示声音发出次数的单位。
把	bǎ bà	常用汉字 · 7画 · 部首扌	(形声。从手,巴声 。本义:握持;执)。同本义。把守;看守。站岗放哨。掌管;控制。给。把东西扎在一起的小捆儿。大约 ——用在数词(如百、千、万)和度量衡单位(如公里、公斤、个)的后面表示数量近于这个单位数。引进凭借的工具、材料、方法等,相当于“拿”、“用”。引进对象,相当于“对”。表示经过,用在处所词前面,相当于“从”。在被动式里引进行为的主动者,相当于“被”。一握或一小捆。柄。器物上便于用手拿的部分。植物上支持着一个或多个叶片、花朵或果实的部分。
报	bào	常用汉字 · 7画 · 部首扌	(会意。从帇,从阜,金文字形,左边象刑具形,即“帇(niè)”。右象手按人使之跽跪意,即“阜”,读fǔ。组合在一起表示治人罪之意。本义:断狱,判决罪人)。同本义。又。报答,报酬。报告,答复。报复。(fù)。奔赴。报应。传达消息的文件或信号。
拟	nǐ	常用汉字 · 7画 · 部首扌	(形声。从手,以声。本义:揣度,猜测)。同本义。类似;比拟。又。模仿。打算。起草。
却	què	常用汉字 · 7画 · 部首卩	(形声。本作“却”,俗字作“却”。从卩,谷(què)声。卩(jié),象人下跪的样子,即腿骨节屈曲的样子。从“卩”与脚的活动有关。本义:退)。同本义。除;去。避;避免。用在偏正复句的正句中,提出跟偏句相反或不一致的动作、行为或状况,表示转折,相当于“但”、“但是”、“可是”。固然。再。
抒	shū	常用汉字 · 7画 · 部首扌	(形声。从手,予声。本义:舀出)。同本义。表达;发泄。解除,排除或免除,减轻。斜削。
劫	jié	常用汉字 · 7画 · 部首力	(会意。从力,去声。本义:以强力使对方欲去而不得)。威胁;威逼。抢夺;强取。围棋术语,争夺某一从属未定的棋眼。
芙	fú	常用汉字 · 7画 · 部首艹	(形声。从艸,夫声。芙蕖:荷花的别名。本义:芙蓉:荷花的别名)。同本义。木莲,即木芙蓉。落叶大灌木,叶大掌状浅裂,花大有柄,色有红白,晚上变深红,供观赏,叶和花均可入药。喻指美女。
芜	wú	常用汉字 · 7画 · 部首艹	(形声。从艸,无声。本义:土地不耕种而荒废)。同本义。杂乱。丛生的杂草。姓。
苇	wěi	常用汉字 · 7画 · 部首艹	(形声。从艸,韦声。本义:芦苇) 同本义。
芽	yá	常用汉字 · 7画 · 部首艹	(形声。从艸,牙声。本义:尚未发育成长的枝、叶或花的雏体)。同本义。》。
花	huā	常用汉字 · 7画 · 部首艹	同本义。草木花的总称。泛指能开花供观赏的草本与木本植物。特指某一名花。形状像花朵的东西。喻指美女。喻出卖色相的女子。开花。在支付或支出上用掉钱。模糊不清。姓。
芹	qín	常用汉字 · 7画 · 部首艹	芹菜。即今之水芹菜》。多年生草本植物,夏天开白色花,茎叶可以吃。亦名“水芹”、“水靳”,古名“楚葵”。又有一种旱芹,有特殊的香气,俗名“药芹”。喻微薄。
芥	jiè gài	常用汉字 · 7画 · 部首艹	(形声。从艸,介声。本义:蔬菜名。即“芥菜”)。同本义。一年或二年生草本植物，种子黄色，味辛辣。小草。梗塞。比喻轻微纤细的事物芥菜
芬	fēn	常用汉字 · 7画 · 部首艹	(会意。从艸,从分,分亦声。本义:香气)。同本义。特别好闻的香气。比喻盛德或美名。(fěn)。米细末,化妆用的粉末。和,和好。乱,杂。隆起的样子。
苍	cāng	常用汉字 · 7画 · 部首艹	(形声。从艸,仓声。本义:草色)。同本义,引申为青黑色。灰白色。姓。
芳	fāng	常用汉字 · 7画 · 部首艹	(形声。从艸,方声。本义:花草)。同本义。香气。比喻美名或美德。喻有贤德的人。子房。(páng)。侧,边。香,气味美好。美好。对人的敬称,美称。
严	yán	常用汉字 · 7画 · 部首一	同本义。严厉;严肃。紧密。猛烈,严酷。威严、威信。警戒。畏惧。尊敬,尊重。(kàn)。远望。姓。
芦	lú	常用汉字 · 7画 · 部首艹	(形声。从艸,盧声。本义:草名。芦菔)。芦菔,似芜菁。今作萝卜。
芯	xīn xìn	常用汉字 · 7画 · 部首艹	灯心草茎中的髓,俗称“灯芯”。
劳	láo	常用汉字 · 7画 · 部首力	(会意。小篆字形,上面是焱(yàn),即“焰”的本字,表示灯火通明;中间是“冖”字,表示房屋;下面是“力”,表示用力。夜间劳作。本义:努力劳动;使受辛苦)。同本义。烦劳;麻烦。慰劳。忧愁;愁苦。夺取。劳累,疲劳。辛苦;费力。劳绩,小功。摩田农具。
克	kè	常用汉字 · 7画 · 部首十	(象形。甲骨文字形,下面象肩形。整个字形,象人肩物之形。本义:胜任)。同本义。能够。攻下;战胜;打败。克制。严格限定期限。
芭	bā	常用汉字 · 7画 · 部首艹	(形声。巴声。本义:①香草名。②芭蕉)。古书上说的一种香草。芭蕉。
苏	sū	常用汉字 · 7画 · 部首艹	(形声。从艸,稣(sū)声。从艸,与植物有关。本义:植物名,即紫苏)。柴草。须状下垂的饰物。更生。唤醒;昏迷后醒过来。割草;取草。引申为取。“噜囌”(lūsū),即“噜苏”(lūsū)。姓。
杆	gān gǎn	常用汉字 · 7画 · 部首木	较长的棍器物上像棍子的细长部分量词，用于有杆的器物兵器,盾牌。
杠	gāng gàng	常用汉字 · 7画 · 部首木	(形声。从木,工声。(gāng)本义:床前横木)。同本义。指旗杆。
杜	dù	常用汉字 · 7画 · 部首木	(形声。从木,土声。本义:杜梨,棠梨,一种木本植物)。同本义。堵塞。关门,封闭 。冲击。姓。
材	cái	常用汉字 · 7画 · 部首木	(形声。从木,才声。本义:木材,木料)。同本义。泛指原料、材料。才能,能力。财物。
村	cūn	常用汉字 · 7画 · 部首木	(形声。从邑,屯声。本义:村庄)。同本义。乡村,乡下,农村。冒犯,用不好听的话伤人。
杖	zhàng	常用汉字 · 7画 · 部首木	(形声。从木,丈声。本义:执;持)。同本义。凭倚;依靠。用棍子打;拷打 。自隋开皇新律始定为五刑(笞、杖、徒、流、死)之一。用大荆条、大竹板或棍棒抽击人的背、臀或腿部。拄着。手杖(走路时手里拄着的棍子,俗称“拐杖”)。泛指棍棒或棒状物。
杏	xìng	常用汉字 · 7画 · 部首木	木名。杏树 。一种落叶乔木,叶子宽卵形,花单性,白色或粉红色,果实圆形,成熟时黄红色,味酸甜。杏花。杏仁。
杉	shā shān	常用汉字 · 7画 · 部首木	义同“杉”(shān),用于“杉篙”“杉木”。
巫	wū	常用汉字 · 7画 · 部首工	(象形。据甲骨文,象古代女巫所用的道具。小篆象女巫两袖舞形。本义:古代称能以舞降神的人)。同本义。商代的巫地位较高。周时分男巫、女巫,司职各异,同属司巫。春秋以后,医道渐从巫术中分出。巫州 。唐代设置,治所在今湖南省黔阳西南黔城镇。古县名 。秦设置。汉因之。治所在今四川省巫山县东。巫山。在今山东省肥城县西北。另在湖南省城步县东。
极	jí	常用汉字 · 7画 · 部首木	(形声。从木,亟声。本义:房屋的正梁)。同本义。最高的地位。特指君位。顶点,最高处;最高最远的处所。尽头;极限。地球的南北两端 。如:极流(从地球南北极移向赤道的潮流);极光;极冠。又指磁体的两端;电源或电器上电流的输入输出端。如:南极;北极;正极;负极。北极星。最高准则、标准。最,非常,狠,满。至,到达。极天际地(直达天边,遍及大地。形容广大无边);极天爬地(用尽一切办法);极明(直至天明);极格(及格。达到标准);极海(至海);极晨(直到次日清晨)。穷尽,竭尽。极情尽致(感情充沛,神态逼真);极望(尽目所见,放眼远望);极言(尽言无余);极目(穷尽目力,眺望远方)。惩罚,诛杀。到达极点。最高的、最远的,达到极点的。急速。屡次,一再。
李	lǐ	常用汉字 · 7画 · 部首木	(形声。从木,子声。本义:李树)。同本义。落叶乔木,春天开白色花,果实叫李子,熟时黄色或紫红色,可吃。(李:李花)。(李:李子)。(李:李园)。狱官
杨	yáng	常用汉字 · 7画 · 部首木	(形声。从木,昜(yáng)声。本义:植物名。落叶乔木)。杨柳科杨属植物的泛称。姓。
求	qiú	常用汉字 · 7画 · 部首水	(《说文》以“求”为“裘”之古文。省衣,象形。金文与战国古文作“求”。本是“裘衣”的“裘”。古人皮衣一般毛朝外,所以甲骨文在“衣”字外加毛。表示裘衣。本义:皮衣)。“裘”的古字。皮衣。请求;干请;乞助。追求,谋求;寻求;寻找。索取。探索。责备,责求。招来。贪求;贪婪。聚合。贿赂。姓。
甫	fǔ	常用汉字 · 7画 · 部首用	(象形。甲骨文字形,象田中有菜苗之形。金文字形,变为从田父声的形声字。本义:苗)。中国古代对男子的美称。多用于表字之后。(fù)。对男性长辈的通称,犹父老。(pǔ)。种植果木瓜菜的园地。方才,刚刚。
匣	xiá	常用汉字 · 7画 · 部首匚	(形声。从匚,甲声。匚(fāng),盛物器。本义:匣子)。同本义,一般呈方形,大的叫箱,小的叫匣。棺材。旧时江、浙一带称商业界的一种同行业组织。用匣子收藏。夹、锁。
更	gēng gèng	常用汉字 · 7画 · 部首曰	(形声。从攴(pū),“更”的小篆形是个形声字。丙声。 本义:改变)。同本义。改,改正。更换;替代。经过,经历。连续,接续。轮流。偿还;抵偿。报,报答。(gěng)。阻塞。汉代皇宫中值班人员分五个班次,按时更换,叫“五更”。更鼓。量词。旧时夜间计时单位,一夜分为五更,每更约两小时。表示动作行为的重复,相当于“再”、“复”、“又”。表示程度的加深,相当于“更加”、“愈加”、“越发”等。表示在所说的范围之外,相当于另外;也。表示跟上一层意思相反或出乎意料和常情之外,相当于“反而”“竟然”“还是”。与,和。
束	shù	常用汉字 · 7画 · 部首木	(会意。从囗(weí)木。在木上加圈,象用绳索把木柴捆起来。本义:捆绑)。同本义。约束;限制。收拾;整理。搁置。把,小捆。姓。
吾	wú	常用汉字 · 7画 · 部首口	(形声。从口,五声。本义:我)。同本义。按,在上古时代,“吾”和“我”在语法上有别,吾不用于动词后作宾语。抵御。姓。
豆	dòu	常用汉字 · 7画 · 部首豆	(象形。甲骨文字形,形似高脚盘,或有盖。汉字部首之一,从“豆”的字或与食器有关。或与豆类有关。本义:古代一种盛食物的器皿)。同本义。形似高足盘,或有盖。新石器时代晚期开始出现,盛行于商周时,多陶制,也有青铜制或木制涂漆的。后世也作礼器。又。古代容器 。亦为容量单位,四升为一豆。“豆”假借为“菽”,豆类植物的总称。古代重量单位 。十六黍为一豆,六豆为一铢,二十四铢重一两,十六两为一斤。姓。
两	liǎng	常用汉字 · 7画 · 部首一	(会意。从一,兩平分。兩亦声。本义:二十四铢为一两)。同本义 16两为1斤。今市制折合国际单位制0。05千克,十钱一两,十两一斤。双。用于鞋娄。匹(长四丈)。车一乘。二。双方;常用于相对的两个方面或成对的人或事物。又。表示不定数,多与“一”或“三”前后连用,义为少量。同时兼具两方面,双方,两下里。等同;比并。
酉	yǒu	常用汉字 · 7画 · 部首酉	(象形。金文字形,象酒坛形。“酉”是汉字的一个部首,从“酉”的字多与酒或因发酵而制成的食物有关。本义:酒)。同本义。地支的第十位。与天干相配,或在太岁纪年法中用以纪年。如1945年为农历乙酉年。用以纪月,即农历八月。用以纪日。十二生肖之一。属鸡。成熟;老。
丽	lí lì	常用汉字 · 7画 · 部首一	遭遇;落入。(形声。从鹿,丽声。其字本作“丽”,后加“鹿”,成为形声字。鹿形丽声,鹿成对,并驾。本义:成群;结伴;成对)。成对美丽,漂亮。华丽,华靡。猛烈。结伴而行。依附;附着。施;加。射中。依托。系;拴。遭遇。数,数目。
医	yī	常用汉字 · 7画 · 部首匚	(会意兼形声。从匚(fāng),从矢,矢亦声。《说文》:“盛弓弩矢器也。”“醫”,会意,从“殹”(yī),从酉(yǒu)。“殹”,治病时的扣击声。“酉”,用以医疗的酒。二字各有本义,今用“医”为简体字。本义:治病的人)。同本义。医术;医学。治疗,治愈。救治。
辰	chén	常用汉字 · 7画 · 部首辰	(象形。金文字形,是蛤蚌壳之类软体动物的形象,“蜃”的本字。后经假借而产生了其他用法。本义;蛤蚌之类的软体动物)。同本义。十二地支的第五位。在太岁纪年法中与天干相配用以纪年。如1976年为农历丙辰年。用以纪月,即农历三月。用以纪日。时光;日子。古地名,即辰州 。今属湖南省。
励	lì	常用汉字 · 7画 · 部首力	(形声。从力,厉声。本义:勉力,努力)。同本义。振作。
否	fǒu pǐ	常用汉字 · 7画 · 部首口	(会意。从口,从不。“不”亦兼表字音。本义:不然,不是这样)。非,不是。用在疑问句末,构成是非问句。闭塞;阻隔不通。贬斥。变坏;灭绝。困厄;不顺。恶。鄙陋。病名,胸中满闷结块的病。
还	hái huán	常用汉字 · 7画 · 部首辶	——表示某些语气,有时兼有连接前后分句的作用。“还”表示的语气大体上可以分成平、扬、抑三类。表示平的语气,不含轻重抑扬的意思。表示行为动作或状况不变,跟“仍旧、依然”相当。跟“虽然、尽管”等连用,表示行为状况不因别的条件改变而改变。如:虽然已经宣布散会,人们还在继续争论(表示行为重复,有“重新、再”的意思。如:京剧团明天还演一场)。表示扬的语气,把事情往大里、高里、重里说。表示抑的语气,把事情往小里、低里、轻里说。表示感情为主,意思有的可以用前面三项来解释,但那是次要的。(形声。从辵(chuó,表示与行走有关),瞏(huán)声。本义:返回)。同本义。回头;回顾。环绕。恢复;还原。来,到来。交还;归还。偿还;交付。后退。经营;谋画。惑乱。仍然;重复。反而。迅速。
尬	gà	常用汉字 · 7画 · 部首尢	——“尴尬”(gāngà):处境困难,不易处理。
歼	jiān	常用汉字 · 7画 · 部首歹	(形声。从歹(表示与死有关),韱(xiān)声。本义:消灭)。同本义。死。
来	lái lài	常用汉字 · 7画 · 部首木	(象形。甲骨文字形。象麦子形。本义:麦。小麦叫“麦”,大麦叫“麰”(或写作“牟”))。同本义。未来,将来。由彼至此;由远到近。与“去”、“往”相对。归,回来,返回。归服;归顺。招来;招致。后多作“徕”。表示动作的趋向。赐予。这。无义,译作“了”,“吧”,或不译。以来,表示时间从过去某时持续到现在。用于句尾。姓。慰劳。
连	lián	常用汉字 · 7画 · 部首辶	(会意。从辵(chuò),从车。本义:人拉的车)。同本义。姻亲关系。连词的简称。古州名。在今广东连县一带。在今四川筠连县。兰草。铅。用人拉的车。(自汉以来,习用连,不用联,故反以借字改正字)。连接;相连。连续,不停止。牵连。联合;结合。同时获得。自;从。艰难。连续;多次。姓。
轩	xuān	常用汉字 · 7画 · 部首车	(形声。从车,干声。本义:中国古代一种前顶较高而有帷幕的车子,供大夫以上乘坐)。同本义。泛指华美的车子。屋檐。殿堂前檐处。房屋。也用作书斋、茶馆的字号。以敞朗为特点的建筑物。厕所的别称。槛板。有窗槛的小室或长廊。指窗户或门。古代车子前高后低叫“轩”,前低后高叫“轾”。引申为高大。重。宽悦。也作“刳”。高扬;飞扬。
步	bù	常用汉字 · 7画 · 部首止	(会意。甲骨文字形,由两只脚的象形符号重迭而成,表示两脚一前一后走路。本义:行走)。同本义。按照,跟着;跟随。推算;测算。脚步,步伐。古时一举足叫跬(半步);两足各跨一次叫步。今指行走时两脚之间的距离。步兵(诸兵种之一)。时运,命运。埠 ,水边停船处。长度单位,历代不一,周代以八尺为一步,秦代以六尺,为一步。姓。
卤	lǔ	常用汉字 · 7画 · 部首卜	(象形。金文字形,象盐罐(或盐池)中有盐形。本义:盐碱地)。同本义。天然生成的盐称为“卤”。泛指食盐。大盾。抄掠笨;迟钝
坚	jiān	常用汉字 · 7画 · 部首土	(会意。从臤(qiān),从土。“臤”,金文象以手拉“臣”(屈服的奴隶)。从“土”,表示土质坚硬。本义:泥土坚硬)。同本义。泛指坚硬;结实。牢固,坚固,强固有力而不易摧毁。坚定;意志、主张不动摇。牢靠,稳定。固执。坚固的东西。
肖	xiāo xiào	常用汉字 · 7画 · 部首月	姓。“萧”字的俗写。假借为“小”。细微。假借为“消”。消灭;消失;衰退,衰微。(形声。从肉,小声。本义:相似,相像)。同本义(侧重于本质特点上的相像)。刻画,谓图画或雕塑人像。仿效。
旱	hàn	常用汉字 · 7画 · 部首日	(形声。从日,干声。本义:久不下雨)。同本义。迅猛山名。旱山 。在今陕西省南郑县西南。
盯	dīng	常用汉字 · 7画 · 部首目	(形声。从目,丁声。本义:注视)。紧跟着不放松。
呈	chéng	常用汉字 · 7画 · 部首口	(形声。从口,壬(tǐng)声。本义:平)。同本义。呈现,显现,显露。献。旧时公文的一种,用于下对上。
时	shí	常用汉字 · 7画 · 部首日	(形声。从日,寺声。从“日”与时间有关。本义:季度;季节)。同本义。时辰 ,计时单位,一昼夜的十二分之一(古时一昼夜分为十二时)。时间;时候。时尚,时俗。时运;命运。时机;机会。岁月,光阴。指时势或时局。代,朝。气候。合时宜的,适时的。当时的。善,好。相当于“常常”、“经常”。相当于“有时”、“偶尔”。按时,到时候。当时,这时,那时。表示近指,相当于“此”、这”。适时;合于时宜。伺候;等待。处,处于。承,承受。姓。
吴	wú	常用汉字 · 7画 · 部首口	(会意。从口,从矢。矢(zè),象头的动作。合起来表示晃着头大声说话。本义:大声说话,喧哗) 同本义。
助	chú zhù	常用汉字 · 7画 · 部首力	除去。(形声。从力,且(zǔ)声。助人要用力,故从力。本义:帮助)。同本义(在物质上或精神上给予协助)。辅助。增添;增加。
县	xiàn xuán	常用汉字 · 7画 · 部首厶	(会意。从系持倒首。象悬挂的样子。(xuán)本义:悬挂)。县假借为“寰”,为州县的县 。行政区划单位。周代县大于郡,秦以后县属于郡。今为一级行政区划,隶属于地区、自治州、直辖市之下。系挂。维系;拴系;系联。揭示;颁立。古称悬挂的乐器,如钟磬等。秤锤。远,悬殊。
里	lǐ	常用汉字 · 7画 · 部首里	(会意。从衣,里声。本义:衣服的里层)。同本义。内,中。与外相反。时候。附在“这”、“那”、“哪”等字后边表示地点;位置;处所。(会意。从土,从田。从“田”,含有区分界域的意思。本义:里弄;街巷)。古代一种居民组织,先秦以二十五家为里。乡里;家乡;故乡。量词。长度单位。地理。居住。治理。忧伤。同“哩”。
呆	dāi	常用汉字 · 7画 · 部首口	痴;傻。暂时住在。
吱	zhī zī	常用汉字 · 7画 · 部首口	细小的声音。发出。
吠	fèi	常用汉字 · 7画 · 部首口	(会意。从犬,从口。本义:狗叫)。同本义。
呕	ǒu	常用汉字 · 7画 · 部首口	(形声。从口,区(ōu)声。本义:东西在胃喉中上涌,从口中出来)。同本义。唱歌。逗弄;故意惹人生怒。
园	yuán	常用汉字 · 7画 · 部首囗	(形声。从囗(wéi),袁声。形符为“囗”(wéi),表示范围。本义:种蔬菜、花果、树木的地方)。同本义。又。庭园;供人憩息、游乐或观赏的地方。
旷	kuàng	常用汉字 · 7画 · 部首日	(会义兼形声。从日,广声。本义:光明;明朗)。同本义。心境开阔,开朗。空旷;开阔。久。遥远。空,使空闲。绝。耽误;荒废。
围	wéi	常用汉字 · 7画 · 部首囗	(形声。从囗,韦声。“囗”是“围”的古字。本义:环绕)。同本义。包围。防守。违背;离开。围子,用土、石、荆棘等围成的防御设施。打猎的围场;围猎。封建帝王出外所圈设的禁区。围田。围占江湖淤滩造的田。区域。包围圈。姓。
呀	yā ya	常用汉字 · 7画 · 部首口	叹词，表示惊疑表示语气。
吨	dūn	常用汉字 · 7画 · 部首口	(形声。从口,屯声。本义:重量单位。公制1吨为 1000 公斤)。同本义。质量和重量的单位 。以下各种重量单位中的任何一种都叫吨。等于 20 长担或 2240磅的单位,主要用于英国——亦称“长吨”(long ton)。等于20短担或2000磅的单位,主要用于美国、加拿大和南非——亦称“短吨”(short ton)。船舶的内部容积单位,等于100立方英尺——亦称“注册吨” (register ton)。用来计算船只排水,约等于一长吨海水体积的单位,用来计算船舶排水量,亦等于35立方英尺——亦称“排水吨”(displacement ton)。船舶装载容积的单位, 通常按 40 立方英尺计算——亦称“装载吨”(freight ton;measurement ton)。欧洲的木料数量单位,等于480板英尺。致冷量的单位,等于一吨冰在24小时内融化的致冷效力。
足	zú	常用汉字 · 7画 · 部首足	(会意。甲骨文字形,上面的方口象膝,下面的“止”即脚,合起来指整个脚。本义:脚)。(同本义。秦汉以前,“足”和’趾”都表示“脚”;“脚”表示小腿。魏晋以后,三者都表示脚,但在书面语中,多用“足”)。支撑器物的脚。充实;完备;足够。富裕的。使满足。重视。止。完成。值得。
邮	yóu	常用汉字 · 7画 · 部首阝	(会意。从邑垂。垂,边郵;邑,城邑。“邮”,从邑,由声。本义:古地名。)。同本义。传递文书的驿站。指传送文书的人。过失,罪过。责怪。
男	nán	常用汉字 · 7画 · 部首田	(会意。从田,从力。表示用力(一说指耒)在田间耕作。本义:男人,与“女”相对)。同本义。引申为儿子。又。又指儿子对父母的自称。封建制度五等爵位的第五等。
困	kùn	常用汉字 · 7画 · 部首囗	(会意。甲骨文字形,从囗(wéi),象房的四壁;里边是生长的树木。本义:废弃的房屋)。同本义。“梱”的本字。门槛。穷;贫困。困难;苦难。劳倦;疲倦。急难、危难。困扰;围困,为人所阨阻。又。阻碍。穷尽。睡。疲倦欲睡。
吵	chāo chǎo	常用汉字 · 7画 · 部首口	——古人名用字。(形声。从口,少声。本义:叫嚷)。
串	guàn chuàn	常用汉字 · 7画 · 部首丨	习惯。亲近的人。亲近,巴结。也作串昵。多个同类东西连贯在一起将物品连贯在一起。亦指连贯而成的物品勾结，做坏事交错连接走;到别人家走动担任戏曲角色量词，用于连贯起来的东西
员	yuán yún yùn	常用汉字 · 7画 · 部首口	(会意。甲骨文字形,表示俯视鼎,看到鼎口是圆形的。小篆从贝,口声。本义:物的数量;人员的数额。亦指人员)。同本义。成员。园形增益。相当于“云”。姓。
呐	nà nè	常用汉字 · 7画 · 部首口	呐喊,大叫。表示提醒注意。(会意兼形声。从口,从内,内亦声。讲话迟钝或口吃,好像在口内存留。本义:说话迟钝或口吃) 同本义。同“讷”。小声说话。
听	tīng	常用汉字 · 7画 · 部首口	(形声。本字从耳德,壬(tìng)声。从耳德,即耳有所得,今简化为“听”。“听”本义“笑貌”。从口,斤声。本义:用耳朵感受声音)。同本义。接受,听信,接纳。治理,管理或执行事务 。决断;审理 。等候;待 。听凭,任凭。侦察。耳朵。马口铁罐。耳目,间谍。厅堂。古代官府办公处,后作“厅”。
吟	yín	常用汉字 · 7画 · 部首口	(形声。从口,今声。唫为吟的本字。本义:呻吟、叹息)。同本义。吟咏;诵读。鸣,叫。作诗,写诗;推敲字句。
吩	fēn	常用汉字 · 7画 · 部首口	(也写作"分付")叮嘱，嘱咐，多用于口头分派或命令这件事，～咐他去办理。～咐她早点回来。
呛	qiāng qiàng	常用汉字 · 7画 · 部首口	鸟啄食物。受,忍受。
吻	wěn	常用汉字 · 7画 · 部首口	(形声。从口,勿声。本义:嘴唇)。同本义。嘴;口。指鸱吻。古建筑屋脊两端的装饰物。合;闭。紧接;相符合。
吹	chuī	常用汉字 · 7画 · 部首口	(会意。从口,从欠。“欠”是出气的意思。本义:合拢嘴唇用力呼气)。同本义。刮风。引申为吹奏乐器。说大话,自夸。
呜	wū	常用汉字 · 7画 · 部首口	口中舒发而出的声音,叹息声。悲叹。
吭	háng kēng	常用汉字 · 7画 · 部首口	鸟的喉咙,泛指喉咙;咽喉出声，发言
吧	bā ba	常用汉字 · 7画 · 部首口	英语 bar 的译音,小酒馆,又称酒吧。
邑	yì	常用汉字 · 7画 · 部首邑	(会意。甲骨文字形。上为囗(wéi),表疆域,下为跪着的人形,表人口。合起来表城邑。“邑”是汉字的一个部首,变体为右耳旁。从“邑”的字多和地名、邦郡有关。本义:国)。古代称侯国为邑。国都,京城。(翼翼:整齐的样子)。指古代无先君宗庙的都城。泛指一般城镇。大曰都,小曰邑。旧时县的别称。通称诸侯的封地、大夫的采地。居民聚居的地方。
吼	hǒu	常用汉字 · 7画 · 部首口	(形声。从口,孔声。本义:大声叫)。同本义。虹。
囤	dùn tún	常用汉字 · 7画 · 部首囗	用木栅围成,填以土石,作堤防或防御工事之用。(形声。从囗(wéi),屯声。囗表示一个范围 ①(dùn)本义:储存粮食的器物 ②引申义:储存) 积存。储存。
别	bié biè	常用汉字 · 7画 · 部首刂	(会意。从冎(guǎ),从刀。“冎”,《说文》:“剔人肉置其骨也。”“别”的小篆形体,是一个表示用刀剔骨头的会意字。本义:分解)。同本义。分离;分开;分出。区分;辨别。离别;告别。又。送别。扭、转过去。另外的,不同的。特殊的。另外(古代没有“另”字,现代“另、另外”的意义在古书中常用“别”字来表示)。各;各自。
吮	shǔn	常用汉字 · 7画 · 部首口	(形声。从口,允声。本义:用口含吸,缓饮)。同本义。
岖	qū	常用汉字 · 7画 · 部首山	(形声。从山,区声。崎岖,地面高低不平的样子)。
岗	gǎng gāng gàng	常用汉字 · 7画 · 部首山	(形声。从山,冈声。本义:岗位,哨位)。土石坡儿 。如:黄土岗儿。亦指平面上凸起的长道。如:胸口上肿起一道岗子。山脊,山岭。
帐	zhàng	常用汉字 · 7画 · 部首巾	(形声。从巾,长声。巾,麻丝织品。本义:篷帐,有顶的篷帐)。同本义 。一种张挂或支架起来作为遮蔽用的器物。通常用布帛毡革制成。蚊帐,床帐。古代游牧民族计算人户的单位 。因他们逐水草而居,每户住一顶帐篷,故按帐计人户数。
财	cái	常用汉字 · 7画 · 部首贝	(形声。从贝,才声。本义:财物)。同本义(多指日常生活必需品,包括米粟在内)。财富;财产。仅仅。刚刚。裁成,裁制。裁断,指材料的剪裁和人事的论断。节制,制裁。杀,自杀。姓。
针	zhēn	常用汉字 · 7画 · 部首钅	(会意。从金,从十。最初用的竹针,写作“箴”,后来有了金属的针,写作“鍼”(针)。本义:缝衣的用具)。同本义。缝缀衣物的用具。也叫“引线”。医疗用具。用石或金属做成。缝。刺。以针刺治病。
钉	dīng dìng	常用汉字 · 7画 · 部首钅	(形声。从金,丁声。本义:鍊饼黄金)。钉子 ,用以贯穿物体使结合牢固的东西。催促;监督;紧迫。用锐器刺人。
牡	mǔ	常用汉字 · 7画 · 部首牜	(会意。从牛,土声。甲骨文字形,左为阳性生殖器。本义:雄性的鸟兽)。同本义。男性生殖器。雄性的,在生殖过程中起授精作用从而生育下一代的生物。
告	gào	常用汉字 · 7画 · 部首口	(会意。甲骨文字形,上面的“牛”,牛触人,角着横木,所以告人也。从口,从牛。本义:报告,上报)。同本义。把话说给别人听,告诉。揭发,告状,控告。请求。谕告,宣告告别,辞行。光亮,洁白。姓。
我	wǒ	常用汉字 · 7画 · 部首戈	(会意。从戈,从戈。“我”表示兵器。甲骨文字形象兵器形。本义:兵器。基本义:第一人称代词)。自称;自己。向一边倾斜的,扭歪的。杀。
乱	luàn	常用汉字 · 7画 · 部首乙	(会意。金文字形,象上下两手在整理架子上散乱的丝。是“乱”的本字。本义:理丝)。同本义。治理。扰乱;打乱;使乱。淫乱,玩弄。败坏;破坏。为丧事奔忙。烦乱。横渡。昏乱;迷乱。混乱;无秩序。混杂,杂。随意,随便;任意。叛乱;动乱;不安定。又。淫乱的事,男女胡乱的性交。危害;祸乱。乐章的尾声叫做乱 。辞赋里用在篇末,总括全篇思想内容的文字也叫乱。
利	lì	常用汉字 · 7画 · 部首刂	(会意。从刀,从禾。表示以刀断禾的意思。本义:刀剑锋利,刀口快)。同本义。又。又泛指锐利。快;敏捷。吉利;顺利。有利的。重要的;要害的。利益。赢利;利息。财利。指个人的安危。胜利。物资出产。姓。
秃	tū	常用汉字 · 7画 · 部首禾	(象形。从人,上象禾粟之形。本义:头顶无发)。同本义。
秀	xiù	常用汉字 · 7画 · 部首禾	(会意。石鼓文,上为“禾”,下象禾穗摇曳。本义:谷物抽穗扬花)。同本义。草类结实。成长。美好,秀丽(指人的容貌姿态或景物,重于内在的气韵)。茂盛。亦指茂盛的草木。特异;优秀。多指人品德美好。草木之花。宋、明间对官僚贵族子弟和有财势者的称呼。
私	sī	常用汉字 · 7画 · 部首禾	(形声。从禾,厶(sī)声。本义:禾;庄稼)。同本义。中国古时女子称姊妹之夫为私。男女阴部。日常衣服。古指私田。古代卿大夫的家臣。又指诸侯国君的嬖臣妾媵。假借为“厶”。私人的;自己的。与“公”相对。秘密的;不公开的。邪,不正。小。非法的。通奸。排尿;小便。偏爱。贪爱,求多。占有。用财物买通,贿赂。私下,偷偷地。
每	měi	常用汉字 · 7画 · 部首母	(形声。小篆字形,从屮(chè),母声。屮,草木初生。一说“每”为“母”的异体字。本义:草旺盛生长) 同本义。常常,经常。每一次。各个。用在人称代词或名词后,表示复数。
兵	bīng	常用汉字 · 7画 · 部首八	(会意。从廾,从斤。甲骨文字形,上面是“斤”,是短斧之类;下面是“廾”(gǒng,双手),象双手持斤。本义:兵器,武器)。同本义。士兵的群体,即整个军队。士卒。军事;武力;战争。用兵策略,战略。牌戏名。国际象棋16个棋子中价值最小的棋子。中国象棋中红方的价值最小的五个棋子之一——蓝方相应的为“卒”。用兵器攻击,刺杀。伤害。
估	gū gù	常用汉字 · 7画 · 部首亻	(形声。从人,古声。本义:物价)。同本义。商人。市场税。用同“鼓”。凸起;涨大。
体	tǐ tī	常用汉字 · 7画 · 部首亻	(体,会意。从人,从本。古代“体、軆”是两个字,“体”是“劣”,又指粗笨。身体本字是“軆”,形声。从骨,豊(lǐ)声。今简化为“体”。本义:身体)。同本义。手脚、四肢。形体 ;体态。牲体。事物的主要部分。实体。规格;法式。占卜时的兆象。又如;体象(象征)。本性,本质 。准则。文体 。体制。又如:政体;国体。动词的一套屈折形式、表示动作的性质或关于该动作的开始、持续、完成或重复等方面的情况,但不涉及该动作发生的时间——最初用于斯拉夫语言,后来用于其他语言 。如:完成体;进行体。文字的书写形式 。如:草体;楷体;宋体;字体;印刷体。立体。亲身经验;体察。设身处地为人着想 。划分,分解。成形。表现;体现。效法。相承;继承。生长。包含;容纳。体验;实行。亲近的,贴心的。家庭成员个人积蓄的(指财物)。私下里。
何	hé hè	常用汉字 · 7画 · 部首亻	什么。怎么样。哪里,什么地方。谁。哪样,哪点。问,盘问,诘问。谴责;呵斥。甚;多么。句中语气词,相当于“啊”。(形声。从人,可声。金文,象人负担之形。本义:负荷) 同本义
佐	zuǒ	常用汉字 · 7画 · 部首亻	(本作左。形声。从人,左声。本义:辅助,帮助)。同本义(古人以“右”为尊,“左”为卑。“佐”常用于下对上、弱对强的帮助。上对下,强对弱时用“佑”)。劝。处于辅助地位的官员,僚属。副,第二位。姓。
佑	yòu	常用汉字 · 7画 · 部首亻	(形声。从人,右声。字本作“右”。表右助。因“右”用为左右之“右”,又造“佑”字表示本义。本义:保护;右助)。同本义。辅助;帮助。《说文》无“佑”字。徐铉在“右”字下注云:“今俗别作佑。”按:又、右、佑当为一字分化。
但	dàn	常用汉字 · 7画 · 部首亻	(形声。从人,旦声。①本义:脱去上衣,露出身体的一部分。经传皆以袒为之。②只,仅,不过)。表示范围,相当于“只”,“仅”。只管,尽管。只是;但是——表示转折。只要——表示假设或条件。
伸	shēn	常用汉字 · 7画 · 部首亻	(本作“申”。形声。从人,申声。本义:伸直,伸展)。同本义。申理;洗雪。陈述,表白。
佃	diàn tián	常用汉字 · 7画 · 部首亻	(形声。从人,田声。“田”又兼表字义。①(tián)本义:耕种土地 ②引申义:租种田地)。畋猎,猎取禽兽。(形声。从人,田声。本义:耕作)。同本义。打猎。
作	zuō zuò	常用汉字 · 7画 · 部首亻	作坊,手工业工场。(会意。从人,从乍。人突然站起为作。甲骨文字形,象衣领初作的形状。本义:人起身)。同本义。起来;开始工作。产生,兴起。做;创制;制作;从事某种活动。写作,创作。《与元九书》。振作。充当。当作。建筑。发出音响,演奏。又如:作倡(演奏音乐或表演歌舞);作健(成为强者。谓奋发称雄)。生出,长出来。又如:作花(长出花蕾;开花);作谷(田里生长着的谷物);作肉(方言。长肉)。培育,造就。又如:作育(造就培养);作新(比喻教化百姓移风易俗);作养(培养,培育);作诲(教诲,训导)。担任。又如:作县(当县官);作吏(担任官职);作宾(担任太子宾客职务);作游(谓游幕。指到各地做幕僚);作邑(当县令)。发生,发作。发出,放射。发动。像;似(唐宋时期出现的)。咒诅。作品;文章。事情,事业。措施;办法。
伯	bà bǎi bó	常用汉字 · 7画 · 部首亻	原指春秋时诸侯的首领。称霸。数目。十的十倍。百倍妇人对夫兄的称呼 。又称“伯子”、“伯叔”(妇人称丈夫的兄弟)。今北方方言称作“大伯子”。(形声。从人,白声。本义:排行第一的,老大)。同本义。伯父。父亲的哥哥。对年龄较长的男子的尊称。女子对丈夫的尊称。古代统领一方的长官。古代五等爵位的第三等。王覇姓。
伶	líng	常用汉字 · 7画 · 部首亻	(形声。从人,令声。本义:古乐官名、相传黄帝时有伶伦,世掌乐官)。同本义。引申为表演歌舞的艺人。孤独。姓。
佣	yōng yòng	常用汉字 · 7画 · 部首亻	(形声。从人,庸声。本义:受雇佣,出卖劳动力) 同本义。又如 雇佣。如:佣伍(雇佣的军队);佣钱(雇佣的酬金、工钱) 受雇佣。如:佣作(受雇于人,为人工作);佣债(受雇于人,从事劳役以取酬劳);佣耕(受雇于人,为人耕种);佣书(受雇于人,为人书写文字);佣客(受雇用的人);佣力(受雇出卖劳力)。工钱。平凡。
低	dī	常用汉字 · 7画 · 部首亻	(形声。从人,氐(dǐ)声。本义:下,与“高”相对)。同本义。向上伸展的长度相对较小的。向下;向下垂。触犯。
你	nǐ	常用汉字 · 7画 · 部首亻	(形声。从人,尔声。本义:称说话的对方)。同本义。
住	zhù	常用汉字 · 7画 · 部首亻	(形声。从人,主声。本义:停留)。同本义(站住)。停止。暂居;居住。又。住宿;过夜。保留。做动词的补语。表示牢固或稳当。表示停止或静上。跟“得”或“不”连用。表示能否胜任或能否够得上。
位	wèi	常用汉字 · 7画 · 部首亻	(会意。从人立。人站在朝廷上。本义:官吏在朝廷上站立的位置)。同本义。位置;方位。职位;地位。特指君王或诸侯之位。占据其应有的位置。立,站。引申为居,处。姓。
伴	bàn pàn	常用汉字 · 7画 · 部首亻	陪同;依随。相比。伴侣;同伴。大貌。
身	shēn	常用汉字 · 7画 · 部首身	(象形。象人之形。本义:身躯的总称)。同本义。物件的主体部分。自己,自身。生命,性命。地位或身分。毕生,一辈子。亲身,亲自。怀孕。体验。担当。担任。
皂	zào	常用汉字 · 7画 · 部首白	皂斗的略称(指栎实、柞实等),其壳斗煮汁,可以染黑,本作“皁”,后作“皂”。旧时衙门内的差役。喂马或喂牛的饲槽。皂荚的省称。黑色
伺	sì cì	常用汉字 · 7画 · 部首亻	(形声。从人,司声。本义:候望,探察)。同本义。观察。守候,等待。对待。在人身边供使唤；照料饮食起居；
佛	fó fú	常用汉字 · 7画 · 部首亻	梵文 Buddha音译“佛陀”的简称 。意译为“觉者”、“知者”、“觉”。觉有三义:自觉、觉他(使众生觉悟)、觉行圆满,是佛教修行的最高果位。据称,凡夫缺此三项,声闻、缘觉缺后二项,菩萨缺最后一项,只有佛才三项俱全。小乘讲的“佛”,一般是用作对释迦牟尼的尊称。大乘除指释迦牟尼外, 还泛指一切觉行圆满者。宣称三世十方,到处有佛。佛教。佛像。比喻慈悲的人。佛经。违背。——见“仿佛”(fǎngfú)。
囱	cōng	常用汉字 · 7画 · 部首囗	灶突。今称烟囱。
近	jìn	常用汉字 · 7画 · 部首辶	(形声。从辵(chuò),表示与行走有关,斤声。本义:走近,接近)。同本义。引申追求,希求。逼近。得宠。知晓。指时间或空间的距离短。最近。亲近。浅近,容易理解,容易明白的。将近;差不多。
彻	chè	常用汉字 · 7画 · 部首彳	(形声。从彳(chì),甲骨文,从“鬲”(炊具)从“丑”(举手),表示吃罢饭用手撤去炊具的意思。《说文》给古文增加了音符“彳”,变成了形声字。本义:撤除,撤去)。同本义。拆毁;拆下。通达;明白。垦治。穿透。结束,完结。通,达。又。
役	yì	常用汉字 · 7画 · 部首彳	(古文作伇。会意。甲骨文字形,象人持殳(shū)击人。本义:服兵役,戍守边疆)。同本义。役使,驱使。劳役。服劳役的人。仆人。门生,弟子。事情。事件。士卒,服兵役的人。职责,职分。战斗;战争。差役。
返	fǎn	常用汉字 · 7画 · 部首辶	(形声。从辵,反声。字本作“反”。本义:回归,返回)。同本义。归还。更换。
余	yú	常用汉字 · 7画 · 部首人	(形声。从食,余声。本义:饱足)。饱足。足食得饱。剩下;剩余。剩下的,多余的。残留的;遗留的。次要的。不尽,无穷。其余,其他,以外。多,表示整数后不定的零数。闲暇。第一人称代词,我或我的。又。农历四月的别称。“余”的简化字 “余”。姓。
希	xī	常用汉字 · 7画 · 部首巾	(会意。从巾,从爻(yáo),象做针线。“巾”,丝织品,“爻”,象针线交错。本义:刺绣)。假借为“稀”。稀少;罕见。稀疏,成员稀少疏落。同“稀”。寂静无声。观望仰慕。希望。希图,谋求。迎合。表示程度。非常;极。
坐	zuò	常用汉字 · 7画 · 部首土	(会意。《说文》古文作象形字,象两人坐在土上。本义:人的止息方式之一。古人席地而坐,坐时两膝着地,臀部压在脚跟上)。同本义。现代在椅、凳出现后,凡将臀部置于椅、凳以支持身体的重量者皆为坐。引申为就坐,就任,包含“主持”、“掌管”的意思。定罪,由…而获罪。因…犯罪,触犯法律。居留,停留。守,防守。坐儿,坐位。后来写作“座”。因为;由于。
谷	gǔ yù	常用汉字 · 7画 · 部首谷	(会意。甲骨文字形,上面的部分象水形而不全,表示刚从山中出洞而尚未成流的泉脉;下面象谷口。“谷”是汉字部首之一。本义:两山之间狭长而有出口的低地,往往包含一个流域)。同本义。两山之间的水流。泛指水流。困穷 。引申为困境。谷类植物或粮食作物的总称。即稻谷。未脱壳的水稻的子实。——“吐谷浑”(Tǔyùhún):我国古代西部民族名。
妥	tuǒ	常用汉字 · 7画 · 部首女	(会意。从爪女。爪指手。意思是得到了女子,就安稳、安定了。本义:安稳,安定)。同本义。落下,掉下。停止。
含	hán hàn	常用汉字 · 7画 · 部首口	(形声。从口,今声。本义:含在嘴里)。同本义。容纳;包含。怀着不露;隐藏在内。古时丧葬时放在死人口里的珠玉 。天子用玉,诸侯用璧,士用米贝。
邻	lín	常用汉字 · 7画 · 部首阝	(形声。从邑,粦(lìn)声。从“邑”,表示与行政区域有关。本义:古代的一种居民组织。五家为邻)。周朝地方基层组织的户口单位。相连接的家户。邻居;邻国。磷火。五家为一组,彼此相距不远,因此引申为邻近;近邻。位置很接近,邻近。顾惜,舍不得。
岔	chà	常用汉字 · 7画 · 部首山	(会意。从山,从分。本义:山脉分岐的地方)。
肝	gān	常用汉字 · 7画 · 部首月	(形声。从肉,干声。本义:肝脏)。同本义。比喻人的内心。
肛	gāng	常用汉字 · 7画 · 部首月	(形声。从肉,工声。本义:肛门)。同本义。肛管和肛门的总称。
肚	dù dǔ	常用汉字 · 7画 · 部首月	(形声。从肉,土声。本义:人或动物的腹部)。器物下面的中心部分圆而凸起像肚子的供食用的动物的胃。
肘	zhǒu	常用汉字 · 7画 · 部首月	(会意。从肉从寸,寸,腕下“寸口”部位。点明肘所在的范围。本义:上下臂相接处可以弯曲的部位)同本义。肘者,肱与臂相接处。用肘触人示意;拉住肘部。
肠	cháng	常用汉字 · 7画 · 部首月	(形声。从肉,昜(yáng)声。本义:人和动物消化器官之一)。
龟	guī jūn qiū	常用汉字 · 7画 · 部首刀	(象形。甲骨文字形,头象它(蛇)头,左象足,右象甲壳,下面象尾。本义:乌龟)。即金龟,亦称乌龟 。一种龟属动物(Chinemys reevesii),头、颈侧面有黄色线状斑纹,背甲有三条纵走的隆起,后缘不呈锯齿状,雄体背部黑色,雌体呈棕色,腹面略带黄色,均有暗褐色斑纹,四肢较扁平,有爪,指、趾间具全蹼,产于中国、朝鲜和日本,其腹甲可入药。龟甲。男生殖器。(jūn)。皮肤冻裂。高隆。比喻高寿。手足的皮肤冻裂。
甸	diàn	常用汉字 · 7画 · 部首田	(会意。从田,包省声,田亦声。本义:王田)。古时都城的郭外称郊,郊外称甸。田野。田野出产物。古代管理柴薪的官。甸师,古代管理田事的官。治理。挺。
免	miǎn wèn	常用汉字 · 7画 · 部首刀	(会意。金文字形,下面是“人”,上面象人头上戴帽形,是冠冕的“冕”本字。由于假借为“免除”义,另造“冕”字。假借义:免除,避免)。脱掉;脱落。赦免,释放。逃避灾难或罪过。去掉;除掉。罢黜。生孩子。同“娩”。分开;分离;别离。低头。努力,尽力。物之新生、稚弱者。
狂	kuáng	常用汉字 · 7画 · 部首犭	(形声。本义:狗发疯)。同本义。也指狗发疯。引申指“人的精神失常”,“疯癫”。狂妄。狂放,任性放荡。凶猛。汹涌。欺骗。(wǎng)。去。
犹	yóu	常用汉字 · 7画 · 部首犭	(形声。从犬,酋(尤)声。本义:一种猿类动物)。兽名。猴属,也叫“犹猢”,形如麂。犬子。如同。好比。踌躇疑惧。谋画。还;仍然 。多用于书面语。
狈	bèi	常用汉字 · 7画 · 部首犭	传说中的一种兽,狼属。前腿特别短,走路时要爬在狼身上,没有狼,它就不能行动,所以用狼狈形容困苦或受窘的样子 。“狼狈为奸”:互相勾结做坏事。
角	jiǎo jué	常用汉字 · 7画 · 部首角	(象形。甲骨文字形,象兽角形。本义:动物的角)。同本义。突起的额骨。古代未成年的人,头顶两侧束发为髻,状如牛角,故称角。角落。号角。古时平斗斛的工具。古代量器名。古代盛酒的器具。青铜制。形似爵而无柱与流,两尾对称,有盖,用以温酒和盛酒。比试;竞争。衡量,考察。
删	shān	常用汉字 · 7画 · 部首刂	(会意。从刀从册。册是简册,把若干竹简编穿在一起叫“册”。简册的内容有问题,就用刀除掉,所以从“刀”。本义:削除)。削除;勾划掉。选录,抄录或摘引。
条	tiáo	常用汉字 · 7画 · 部首木	(形声。从木,攸(yōu)声。本义:小枝)。同本义。泛指一般长条形的物体。条款;项目。条理;次序。用于长条形的东西。引申用于人体。用于某些抽象事物。长方形的 。长条形的 。逐条地。逐项地 。分列条款、条目。通达。姓。
彤	tóng	常用汉字 · 7画 · 部首彡	(会意。从丹,从彡(shān)。丹,丹砂。彡,毛饰。本义:彩色装饰) 同本义。赤色。彤管(笔)的简称。周代国名 。在今陕西省华县境。
卵	luǎn	常用汉字 · 7画 · 部首卩	(象形。小篆字形像卵。本义:卵子,特指蛋)。蛋。指动物发育的第一个阶段 。例如完全变态的昆虫(蛾,蝶、蚊、蝇等),有卵、幼虫、蛹和成虫四个阶段。大。
灸	jiǔ	常用汉字 · 7画 · 部首火	(形声。从火,久声。本义:用艾火烧灼。中医的一种疗法)。同本义。拄,支撑。堵塞。
岛	dǎo	常用汉字 · 7画 · 部首山	(形声。从山,鸟声。本义:江、湖、海洋中被水所包围而比大陆要小的一片陆地) 同本义。字省作“岛”。
刨	bào páo	常用汉字 · 7画 · 部首刂	推刮木料等，使其平滑的一种工具。(形声。从刀,包声。本义:削)。同本义。挖掘[口语]减，除去
迎	yíng	常用汉字 · 7画 · 部首辶	(形声。从辵(chuò)。本义:遇,相逢)。同本义。迎接;欢迎。迎合;逢迎。投降。面向着,正对着。
饭	fàn	常用汉字 · 7画 · 部首饣	(形声。从食,反声。本义:吃饭)。同本义。给人喂饭或喂牲口。含。古代将米贝珠玉之类放入死者口中。煮熟的谷类食物,多指米饭。
饮	yǐn yìn	常用汉字 · 7画 · 部首饣	(会意。甲骨文字形。右边是人形,左上边是人伸着舌头,左下边是酒坛(酉)。象人伸舌头向酒坛饮酒。小篆演变为“飲”,隶书作“饮”。本义:喝)。同本义。有时特指喝酒。含;忍。隐没;藏匿酒。饮料。把水给人或牲畜喝。用酒食款待。
系	jì xì	常用汉字 · 7画 · 部首糸	拴;系结。约束;羁绊。拘囚。牵涉;关连。(“系”、“係”、“繫”三字的意义界限不清楚,故往往通用,且经传多以繫为之,只有世系的意义,只用“系”字。会意。甲骨文字形上面是“爪”,下面是“丝”。丝悬于掌中而下垂。本义:悬,挂)。同本义。拴;绑。拘囚;关进牢狱。牵挂。依附。关联。系物的带、绳。世系;系统。地质学名词 。地层系统分类的第二级,小于界,相当于地质年代的纪。姓。楚有系益。束缚;捆绑。继续;接续。维系;关联。
言	yán	常用汉字 · 7画 · 部首言	(指事。甲骨文字形,下面是“舌”字,下面一横表示言从舌出。“言”是张口伸舌讲话的象形。从“言”的字与说话或道德有关。本义:说,说话)。同本义。议论,谈论。记载。问。告知;告诉。陈述;叙述。解释引文、词语或某种现象的发端词,相当于“就是说”或“意思是”。说明。话,言语,口语。又特指怨言、谤言。言论;见解;意见。言辞;辞令;辞章。政令;号令。誓言;盟辞;约言。建议;主意;计策。学说;主张。言语或文章中的字。口语或文章中的句子。著作。无义,用于句中或句首,作语气助词。姓。
冻	dòng	常用汉字 · 7画 · 部首冫	(形声。从仌(bīng),东声。本义:结冰)。同本义。受冻;感到寒冷。厚冰。寒冷,受冷或感到冷。水晶般的,形容像冰一般晶莹润泽的。姓。
状	zhuàng	常用汉字 · 7画 · 部首犬	(形声。从犬,爿(pán)声。用具体的动物“犬”表示事物各具形态。本义:犬形)。同本义。引申为形状,形态。情形;状况。行状,记述死者事迹的一种文体,属于传记类。诉状。书信。容貌,面貌。礼貌 。常与“无”连用,“无状”即没有礼貌之意。陈述。描绘。描摹。
亩	mǔ	常用汉字 · 7画 · 部首亠	(形声。小篆字形。从十,从田,久声。十,四方。本义:中国土地面积市亩的通称) 同本义,一亩约等于667平方米。田垄。泛指农田,田地。
况	kuàng	常用汉字 · 7画 · 部首冫	(形声。从水,兄声。本义:寒冷的水)。同本义。情形,景况(侧重于整个事物的概况)。比拟,比喻。光顾;访问。赐予。表示递进关系,相当于“何况”、“况且”。(何况在乡间那些没有声名的人呢?草野,与“朝廷”相对,借指民间。闻,这里应读“wèn”,声名,声誉)。姓。
床	chuáng	常用汉字 · 7画 · 部首广	(形声。从木,爿(pán)声。本义:坐卧的器具)。同本义。床形物。
库	kù	常用汉字 · 7画 · 部首广	(会意。从广(yǎn),表示与房屋有关,从车。兵车藏在房屋一类的建筑内,表示是储藏武器战车的地方。本义:军械库,收藏兵器和兵车的处所)。同本义。后泛指贮物的屋舍。监狱。宋时酒肆称库。电量单位“库仑”的简称。
庇	bì	常用汉字 · 7画 · 部首广	(形声。从广,比声。“广”(yǎn),甲骨文、金文象屋顶屋墙。从“广”表示与房屋等有关。本义:遮蔽)。同本义。保护。
疗	liáo	常用汉字 · 7画 · 部首疒	(形声。从疒(chuáng),表示疾病有关,尞(liáo)声。本义:医治)。同本义(含有对症下药之意)。
吝	lìn	常用汉字 · 7画 · 部首口	(形声。从口,文声。本义:顾惜,舍不得)。同本义(爱惜过分,当耗费的舍不得耗费,该使用的舍不得使用)。认为耻辱。吝啬;小气。非分贪求。
应	yīng yìng	常用汉字 · 7画 · 部首广	应当,应该。答应,允许。所有;全部。古国名 ,故址在今河南省鲁山县东。应和,响应。受;接受。符合;适应;顺应。应付;对付。感应;应验。对敌方回击、迎击。许配。
这	zhè zhèi	常用汉字 · 7画 · 部首辶	(形声。从辵(chuò),言声。本义:迎)。此,指目前的或较近的或刚刚提到的人、物、事或想法。
冷	lěng	常用汉字 · 7画 · 部首冫	(形声。从仌(bīng),冰,令声。本义:凉)。同本义。寒冷。冷清;冷落。不畅销。
庐	lú	常用汉字 · 7画 · 部首广	(形声。从广(yǎn),廬声。从“广”,表示与房屋有关。本义:特指田中看守庄稼的小屋)。同本义。亦泛指简陋居室。古代沿途迎候宾客的房舍。古代官员值宿所住的房舍。古州名 。故址在今安徽省合肥市一带。矛戟等兵器的柄。寄住。
序	xù	常用汉字 · 7画 · 部首广	(形声。从广,予声。从广(yǎn),与房屋有关。本义:东西墙)。堂屋的东西墙。正屋两侧东西厢房。古代学校的别名。次第,次序。特指官吏等级系列中的位次。教育。季节。序言。又。功业。头绪。依次序排列。叙述,叙说。引出。草拟。给……作序。按功升官。
辛	xīn	常用汉字 · 7画 · 部首辛	(象形。据甲骨文,像古代刑刀。本义:大罪)。同本义。葱蒜等带刺激性的蔬菜。天干第八位与地支相配,用以纪年、月、日。商帝号。辣味。劳苦;艰苦。痛苦,悲伤。酸痛。姓。
弃	qì	常用汉字 · 7画 · 部首廾	(会意。甲骨文字形,上面是个头向上的婴孩,三点表示羊水,头向上表示逆产。中间是只簸箕 ,下面是两只手。合起来表示将不吉利的逆产儿倒掉之意。小篆写法大同小异。本义:扔掉;抛弃)。同本义。废,废除。忘记。离开。
冶	yě	常用汉字 · 7画 · 部首冫	(形声。从冫(古“冰”字),台(yí)声。以冰融化解释金属销熔。段玉裁:“冰之融如铄金然,故炉铸亦曰冶。”本义:销熔)。同本义。陶冶。田野,郊原。艳丽。容态妖媚。姓。
忘	wàng	常用汉字 · 7画 · 部首心	(会意兼形声。从心,从亡,亡亦声。本义:忘记,不记得)。同本义。玩忽,怠忽。逃亡;遗失;灭亡。
闰	rùn	常用汉字 · 7画 · 部首门	(会意。从“王在门中”。古代天子每年冬季以明年朔政分赐诸侯,诸侯于月初祭庙受朔政称为“告朔”。据《说文》段注,举行告朔之礼时,王通常居于明堂,但逢闰月,则居于路寝门,所以“从王在门中。”本义:余数。指历法纪年和地球环绕太阳一周运行时间的差数,多余的叫“闰”。如“闰月”) 同本义。副;偏;伪。对“正”而言。滋润。姓。
闲	xián	常用汉字 · 7画 · 部首门	(会意。从门中有木。本义:栅栏)。同本义。马厩,关养马的地方。伦理道德的规范、界限。阻隔。限制,约束。熟悉、熟练防止。闲暇。空着,没使用。悠闲。空虚。安静。娴雅大。空阔;宽大。空闲的时间。闲职。“閒”另见jiān“间”;jiàn“间”。
间	jiān jiàn	常用汉字 · 7画 · 部首门	(间是后起字,本字作閒,本义见间jiàn)。中间;内。一会儿,顷刻。近来。姓(閒)。表示房屋的量詞。另見jiàn;。“间”另见xián。(会意。古写作“閒”,“间”是后起字。金文,从门,从月。段玉裁《说文解字注》:“开门月入,门有缝而月光可入。”(jiàn) 本义:门缝)。同本义。泛指缝隙;空隙。隔阂;嫌隙。挑拔,使人不和。隔开间隔。夹杂;参杂。参与。更迭;交替。间或,断断续续。秘密,暗中(隔开众人,使自己隐而不现)。
闷	mēn mèn	常用汉字 · 7画 · 部首门	气闷,因气不通畅而引起的不快之感。沉默不出声或声音不响的样子。(形声。从心,门声。本义:烦闷;愤懑)。同本义。
判	pàn	常用汉字 · 7画 · 部首刂	(形声兼会意。从刀,半声。从刀,表明其意义与刀有联系。“半”是把牛分开。本义:分,分开)。同本义。判决。区别;分辨。舍弃。半。
兑	duì	常用汉字 · 7画 · 部首丷	(会意。从人,从囗,八象气之舒散,兄者与祝同意。从八,与曾同意,今字作悦。本义:喜悦)。同本义。锋利。拼。
灶	zào	常用汉字 · 7画 · 部首火	(会意。从火从土。繁体从穴,鼀(cù)声。本义:用砖石等砌成,供烹煮食物、烧水的设备)。同本义。灶神。
灿	càn	常用汉字 · 7画 · 部首火	(形声。从火,粲声。本义:灿烂,光彩鲜明耀眼)。同本义。
灼	zhuó	常用汉字 · 7画 · 部首火	(形声。从火,勺声。本义:烧,灸)。同本义。烫伤。照亮,用光亮照明。(zhuō)。明亮,鲜明。又。
弟	dì	常用汉字 · 7画 · 部首弓	(象形。甲骨文字形,象有绳索围绕于“弋”,象竖立有杈的短木桩。绳索捆束木桩,就出现了一圈一圈的“次第”。本义:次第)。同本义。弟弟。古代亦称妹为弟。敬爱兄长。
汪	wāng	常用汉字 · 7画 · 部首氵	(形声。从水,王声。本义:深广的样子)。同本义。弯曲的。池。指污浊的小水坑。古地名。故地约在今陕西省白水县境。狗叫声。姓。
沐	mù	常用汉字 · 7画 · 部首氵	(形声。从水,木声。本义:洗头发)。同本义。芟除。水名。即中国山东省弥河。
沛	pèi	常用汉字 · 7画 · 部首氵	(形声。从水,市(bèi)声。本义:沛水)。同本义。泽名。沛泽。多水草的沼泽地。蓄积用来灌田的水。旗,幡。水势湍急的样子,泛指盛,大。雨盛大的样子。
汰	tài	常用汉字 · 7画 · 部首氵	淘洗。洗涤、清洗。波涛。骄泰;奢侈。
沥	lì	常用汉字 · 7画 · 部首氵	(形声。从水,歷声。字又作“砯”,从石从水会意。本义:踩着石头过河)。水、泪、酒等液体下滴。
沙	shā shà	常用汉字 · 7画 · 部首氵	(会意。从水,从少。《说文》:“水少沙见。”金文字形,左边是水,右边“少”象沙粒形。本义:极细碎的石粒)。同本义。沙滩。水边或水中由沙子淤积成的陆地。古有时通“纱”。指绢之轻细者。
汽	qì	常用汉字 · 7画 · 部首氵	水枯竭。泣下 。今作汔。
沃	wò	常用汉字 · 7画 · 部首氵	(形声。从水,夭(yāo)声。本义:把水从上浇下)。同本义。大水量的灌溉。饮,喝。淹。浸泡,使没于水中。肥美。低。驯顺。沃水 。在今山西省右玉县境。地名 。春秋晋地曲沃的简称。
沦	lún	常用汉字 · 7画 · 部首氵	(形声。从水,仑(lún)声。本义:水起微波)。同本义。沉沦;没落。灭亡;丧亡。又如：沦翳(衰亡消失);沦坠(沦亡,消灭);沦替(没落衰微);沦殁(死亡);沦佚(沦没散失);沦溺(沉没;淹没)。
汹	xiōng	常用汉字 · 7画 · 部首氵	(形声。从水,凶声。本义:水猛烈地向上涌腾) 同本义。通常作“汹涌”。形容声音大;喧嚣。
泛	fàn	常用汉字 · 7画 · 部首氵	(形声。从水,乏声。汎、泛实同一词。本义:漂浮)。同本义。漫溢,大水漫流。弥漫。向上冒出。(fěng),倾覆。假借为氾。广泛,普遍。
沧	cāng	常用汉字 · 7画 · 部首氵	(形声。从水,仓声。本义:寒冷)。寒冷。州名 。北朝东魏置。治所在今河北省盐山县与山东省乐陵县之间。唐至元因之,治所向北移至今河北省沧州市。
没	méi mò	常用汉字 · 7画 · 部首氵	不领有,不具有,不存在。没有,不曾,未。(会意 表示入水有所取。本义:沉没水中)。同本义。潜游水中。消失,不见;隐没。覆灭;败亡。没收。死。沦没,落入。隐没。
沟	gōu	常用汉字 · 7画 · 部首氵	(形声。从水,冓(gōu)声。本义:田间水道)。同本义。泛指水道。护城河。挖沟。
沪	hù	常用汉字 · 7画 · 部首氵	捕鱼的竹栅。
沈	shěn	常用汉字 · 7画 · 部首氵	西周分封的诸侯国名。姬姓。一说姒姓。始封之君为周文王之子季载。在今河南平舆北。公元前506年为蔡所灭。水名。沈水 旧名小沈河,俗称五里河。在辽宁省沈阳市南。源出县东哈达岭观音阁下,流入浑河,再流至三岔河注入辽河。汁。姓。
沉	chén	常用汉字 · 7画 · 部首氵	(形声。从水,冘(yín)声。甲骨文字形,中间是牛,周围是水,表示把牛沉到水中。商代祭祀用牲的方法。本义:没入水中)。同本义。沉迷,沉溺。沉沦;沦落 。 如:沉人(沉沦在下的贤人);沉顿(沉沦顿踬)。山岭上凹处的积水。古水名 。陕西省滪水的别名。今四川省射洪县东南的杨桃溪,为涪江的支流。份量重,重。低沉。
沁	qìn	常用汉字 · 7画 · 部首氵	(形声。从水,心声。本义:沁水)。同本义。即出今山西省沁源县东北绵山东谷,南流至河南省武陟县南入黄河。县名 。在山西省中部偏南。吸水。
怀	huái	常用汉字 · 7画 · 部首忄	(形声。从心,褱声。本义:想念,怀念)。同本义。心里存有;怀藏。包容;包围。归向;依恋。安;安抚。胸口;怀抱里。心意;情意。古地名 ,在今河南省武陟县西南。
忧	yōu	常用汉字 · 7画 · 部首忄	(本字古作上“页”（xie）下“心”。会意。心中有了忧愁，必然在脸上(用“页”即人头代表)反映出来。后加“攵”(suī表示行走),形成“憂”字。“忧”是形声字。本义:担忧;发愁)同本义。居丧 。多指居父母丧。忧患,祸患。姓。
忱	chén	常用汉字 · 7画 · 部首忄	真诚而有信用信任真诚的心意
快	kuài	常用汉字 · 7画 · 部首忄	(形声。从心,(guài)声。本义:高兴,痛快)。同本义。舒适;舒畅。又。动作迅速,与“慢”相对。锋利。直爽,爽快。旧时州县衙门里任缉捕的差卒。赌博时撒出的头钱为“快”,表示“赢”。
完	wán	常用汉字 · 7画 · 部首宀	(形声。从宀(mián),元声。“宀”与房屋有关。本义:完备,完整)。同本义。充足;充实。完成,结束。重新整修。指生命终结或进入危急的境地。古代轻刑之一。汉以前指剪去犯人的须发;汉以后罚作劳役。因其不伤肢体,故曰“完”。山羊。地名 。在河北省境内,太行山东麓。秦为曲逆县,北齐设北平县,金改永平县,后升完州,明改完县。水名。即今黑龙江。墙垣。姓。
宋	sòng	常用汉字 · 7画 · 部首宀	(会意。从宀(mián),从木。表示房屋周围有树木。本义:定居) 同本义。周代诸侯国名。子姓。周武王灭商后,封商王纣子武庚于商旧都(今河南商丘)。成王时,武庚叛乱,被杀,又以其地与纣的庶兄微子启,号宋公,为宋国。战国初年曾迁都彭城(今徐州)。公元前286年为齐所灭。辖地在今河南东部及山东、江苏、安徽之间。中国朝代名 。公元960年赵匡胤(宋太祖)代后周称帝。国号宋,定都汴京(今河南开封),史称北宋。钦宗靖康元年(1126年)金兵攻入开封,北宋亡。次年赵构(宋高宗)在南京(今河南商丘)称帝后建都临安(今浙江杭州),史称南宋。两宋共历十八帝,统治三百二十年。主观响度单位 ,1宋等于强度为听者听阈上40分贝的1000赫纯音的响度。姓。
宏	hóng	常用汉字 · 7画 · 部首宀	(形声。从宀(mián),表示与家室房屋有关,厷(gōng)声。本义:屋子宽大而深)。同本义。大;宏大。扩大;光大。
牢	láo	常用汉字 · 7画 · 部首牛	(象形指事。据甲骨文,里面是个“牛”字,外面象养牛的圈。泛指一般养性畜的栏圈(juàn)。本义:关养牛马等牲畜的圈)。同本义。古代祭祀或宴享时用的牲畜。牛羊豕各一曰太牢,羊豕各一曰少牢。监狱。古州名 。唐置,在今广西玉林县。古水名 。即今广东西南部的新兴江。源出天露山,北流至高要入西江。坚固;牢固。稳妥可靠。以谨慎少言为标志的;嘴紧。用网或罩捉。
究	jiū	常用汉字 · 7画 · 部首穴	(形声。从穴,九声。本义:穷;尽) 同本义。谋划;研究;探求。系统调查或追查。达,贯彻。毕竟,到底。
穷	qióng	常用汉字 · 7画 · 部首穴	(形声。从穴,躬声。躬,身体,身在穴下,很窘困。简化字为会意,力在穴下,有劲使不出。本义:穷尽,完结)。同本义。贫穷,缺乏衣食钱财。边远的。特指不得志。寻根究源。揭穿。终端;终极。缺陷。恶人。身体。
灾	zāi	常用汉字 · 7画 · 部首火	(会意。甲骨文字形,象火焚屋的形状。小篆从川,表水;从火。水火都是灾祸之源。本义:火灾)。同本义。灾害,祸患。罪恶。伤害,使受灾害。焚烧。
良	liáng	常用汉字 · 7画 · 部首艮	(形声。本义:善良)。同本义。良好;美好。优秀。和悦;和善。长,久;深。诚实,信实。很,甚,极其,非常。确实;果然。首;头。首领;首长。坟墓。认为好。能够。
证	zhèng	常用汉字 · 7画 · 部首讠	谏正。病症。假借为“徵”。今亦用为證验字。证据。(形声。从言,正声。繁体为“登”声。本义:告发)。同本义。谏诤。 直爽地说出人的过错,劝人改正。验证;证实。佛教用语。参悟,修行得道。证据,凭据。
启	qǐ	常用汉字 · 7画 · 部首口	(会意。从户,从口。甲骨文字形,左边是手(又),右边是户(单扇门);用手开门,即开启的意思。后繁化加“口”,或省去手(又)而成“启”。金文又加“攴”(pū)成“啓”。现简化为“启”。本义:开,打开)。同本义。经传皆作“啟”。启发;教育。出发;起程。开拓;开创。启奏;禀告。又。跪。省视,察看。书信。官方文件。中国古代指立春、立夏。
评	píng	常用汉字 · 7画 · 部首讠	(形声。从言,平声。本义:议论是非高下)。同本义。评判。棃的一个部件。
补	bǔ	常用汉字 · 7画 · 部首衤	(形声。从衣,甫声。本义:补衣服)。同本义。修补;整修破旧的东西。补充。弥补。济助。补养;滋补。春秋时地名 。在今河南省汜水县境。
初	chū	常用汉字 · 7画 · 部首刀	(会意。从刀,从衣。合起来表示:用刀剪裁衣服是制衣服的起始。本义:起始,开端)。同本义。本原。往昔;当初。表示时间、频率,相当于“才”、“刚刚”。全;本来就。加在“一”至“十”的前面,表示农历一个月前十天的次序。姓。
社	shè	常用汉字 · 7画 · 部首礻	(会意。从示从土。土亦声。社土同字。本义:土地神)。同本义。又。土地之神的神主。祭祀社神之所。台湾高山族的基层社会组织。史书上称“土社”、“番社”,每社自八、九户至几百户不等,头目多由群众选举,少数世袭。集体性组织;团体。社日,祭祀社神的日子。机构。祭祀社神。
祀	sì	常用汉字 · 7画 · 部首礻	(形声。从示,巳声。“示”常与祭祀有关。本义:祭祀天神)。同本义。一说指祭祀地神。祭祀。祭神的地方。世,代。中国商代对年的一种称呼。向神或神明供奉动物或植物食物、酒类、香烛或珍贵物品作为祭祀的行为或举动。
识	shí zhì	常用汉字 · 7画 · 部首讠	(形声。从言。戠(zhí)声。善于言谈,表示有知识,故从言。本义:知道;懂得)。同本义。认识。赏识。感觉;识别;辨别。见识;知识。相知的朋友。思想或意识。刚才。姓。旗帜古代钟鼎上凸出的文字。标记。加上标记记住。
诈	zhà	常用汉字 · 7画 · 部首讠	(形声。从言,乍声。从言,说明与言论有关。本义:欺骗)。同本义。假装;冒充。用语言试探,诱使对方露真情。体面;俊俏。矜夸;神气。不诚实;虚伪。
诉	sù	常用汉字 · 7画 · 部首讠	(形声。本义:告状;控告)。同本义。告诉,说给人听。有事实根据地说人坏话。通“愬。
罕	hǎn	常用汉字 · 7画 · 部首冖	(古字为爳”。形声。小篆字形,从网,干声。本义:捕鸟用的长柄小网)。同本义。旌旗名。稀;少。
诊	zhěn	常用汉字 · 7画 · 部首讠	(形声。从言。诊断需要询问,故从言。本义:看病)。同本义。验看;辨别。整治。症状。引申为情况,征兆。
词	cí	常用汉字 · 7画 · 部首讠	(形声。从言,司声。本义:言词。按,“辞”、“词”在“言词”这个意义上是同义词。但在较古的时代,一般只说“辞”,不说“词”。汉代以后逐渐以“词”代“辞”)。同本义。诗文中的词语。状纸;诉讼。文体名,诗歌的一种 。一种韵文形式,由五言诗、七言诗或民间歌谣发展而成,起于唐代,盛于宋代。原是配乐歌唱的一种诗体,句的长短随歌调而改变,因此又叫长短句。有小令和慢词两种,一般分上下两阕。说,告诉。
译	yì	常用汉字 · 7画 · 部首讠	(形声。从言,睪(yì)声。本义:翻译,把一种语言文字翻译成另一种语言文字)。同本义。解释;阐述。选择。翻译人员。异域。
君	jūn	常用汉字 · 7画 · 部首口	(会意。从尹,从口。“尹”,表示治事;从“口”,表示发布命令。合起来的意思是:发号施令,治理国家。本义:君主,国家的最高统治者)。古代大夫以上据有土地的各级统治者的通称。封建制度的一种尊号,尤指君主国家所封的称号或封号。引申为人的尊称,相当于“您”。夫妇之间的尊称。主宰、统治。
灵	líng	常用汉字 · 7画 · 部首火	(形声。从巫,靈(líng)声。本义:巫)。古时楚人称跳舞降神的巫为灵。神灵。灵魂。敬辞。用以称有关鬼神的事物。对死者的敬称。灵柩的简称。指人的精神状态。窗中竖木。指天、地、日、月等尊称及物品名。威灵;福气,福分。茯苓。有窗的小船。命令、法令。假借为“良”。善,美好。灵活;有灵性。应验;灵验。姓。
即	jí	常用汉字 · 7画 · 部首卩	(会意。甲骨文作坐人形(后讹为卩)面对食器(皀)会意。本义:走近去吃东西)。同本义。基本义是接近、靠近、走向,与“离”对举。登上;走上。虽然。假若。即使。那就。就在某时某处;乘,趁。当。立刻,当即。那就是说,那就是。烛头烬。姓。
层	céng	常用汉字 · 7画 · 部首尸	(形声。从尸,尸者象屋形,从屋省。本义:楼房)。同本义。重叠。又。重复,连接不断。量的单位,用于重叠的、有层次的事物。
屁	pì	常用汉字 · 7画 · 部首尸	肠道产生但从肛门突然排出的臭气屁股,臀部常用来骂人或指斥诗文、言语的荒谬。比喻没用的、微不足道的事物
尿	niào suī	常用汉字 · 7画 · 部首尸	(会意。从尸,从水。尸代表人体。本义:小便) 同本义。
尾	wěi yǐ	常用汉字 · 7画 · 部首尸	(会意。从倒毛在尸后。尸,指人。象人长有尾巴。本义:人或动物的尾巴)。同本义。末端,末尾。边际,边界。后部。鸟兽虫鱼交配。
迟	chí	常用汉字 · 7画 · 部首辶	(形声。本义:慢慢走)。同本义。泛指慢。迟钝;反应慢,不灵敏。迟疑;犹豫。晚。长久。
局	jú	常用汉字 · 7画 · 部首尸	(会意。从口,从尺。“尺”示规矩法度。口易出错,故以尺相拘束。本义:局促)。同本义。距离近。弯曲。催逼;逼迫。部分。邻居。
改	gǎi	常用汉字 · 7画 · 部首己	(会意。甲骨文字形,左边是“己”,象一个跪着的小孩子;右边是“攴”(pū),象以手持杖或执鞭。表示教子改过归正之意。本义: 改变)。同本义。改正;纠正。重新;再。另行;改任。姓。
张	zhāng zhàng	常用汉字 · 7画 · 部首弓	(形声。从弓,长声。本义:把弦安在弓上)。同本义 。与“弛”相对。开弓;拉弓弦。张开。张挂(展开挂起)。展开。设网捕捉。张设(部署;设置)。看;望。布满,充满。增强,扩大。又如:张吾军(壮大自己的声势)。夸张;夸大。又如:虚张声势。主張。星名 。二十八宿之一,南方朱雀七宿的第五宿,有星六顆。汉代諸侯囯名 。在今河南省任縣西南。一种或一类中的一件。姓。帐幔,帷幕。胀满。
忌	jì	常用汉字 · 7画 · 部首心	(形声。从心,己声。本义:憎恨)。同本义。嫉妒。禁忌;忌讳。顾忌。
际	jì	常用汉字 · 7画 · 部首阝	(形声。从阜(fù),祭声。本义:两墙相合之缝)。同本义。泛指合缝的地方;缝隙。边缘。时候;时机。中间,彼此之间。旁边;近旁。其时;适逢…的时候。交会;会合。适逢;恰遇。达到;连接。靠近或沿着。
陆	liù lù	常用汉字 · 7画 · 部首阝	数目字“六”的大写。(会意。从阜(fù),表示与地形地势的高低上下有关,从坴(lù),土块很大。“坴”亦兼表字音。本义:陆地,高而平的地方)。同本义。又。路;道。陆路。西汉侯国名 ,在今山东省寿光县东。跳跃。卸;摘。掳掠。
阿	ē ā ǎ à	常用汉字 · 7画 · 部首阝	(形声。从阜,可声。本义:大的山陵,大的土山)。同本义。泛指山。山坡。细缯,古代一种轻细的丝织品。曲隅,角落。水边。曲从;迎合。(汉语名词词头,盛行于魏晋以后)。加在亲属称呼前面有亲昵的意味。加于某些人的姓、名、小名、排行前用作称呼,往往带有一定的感情色彩或尊卑关系。阿托(10-18)的简称。表示疑问、肯定、呼召、祈请等语气。用于表示各种感情(如惊讶)。
陈	chén	常用汉字 · 7画 · 部首阝	(形声。从阜,从木,申声。本义:地名。古宛丘地,春秋时陈国国都,在今河南省淮阳县。引申为姓氏)。古国名 。在今河南省东部和安徽省北部一带。陈朝 。朝代名。南朝之一。公元557年陈霸先代梁称帝,国号陈。建都建康(今江苏南京),后被隋所灭。战阵;行列。陈设,陈列。述说。陈旧。姓。
阻	zǔ	常用汉字 · 7画 · 部首阝	(形声。从阜(jù)声,且(jǔ)声。“阜”是土山,与高下险阻有关。本义:险要的地方)。同本义。妨碍物;障隔。又如;险阻(险要阻塞之地);阻障(障碍);阻寻(排除险阻寻访);阻积(险阻众多)。地形崎岖多阻隔,道路难行。沮丧。也作“沮”。阻止;阻隔;阻拦。隔绝;断绝。感到疑惑不解。凭借。离别。推却,拒绝。
附	fù	常用汉字 · 7画 · 部首阝	(形声。从阜,付声。从“阜”(fù),表示与地形地势的高低上下有关。(bù)本义:小土丘。《说文》:“附娄,小土山也。”)。沾着,附着。依傍;依附。归附。佩带。靠近。增益。捎带;寄。(fǔ)。体恤,抚慰。树木外表的粗皮。中草药“附子”的简称。脏腑。姓。
坠	zhuì	常用汉字 · 7画 · 部首土	(形声。从土,队声。坠落到地上,故从土。本义:落下,掉下)。同本义。又。丧失;败坏。毁坏。
妓	jì	常用汉字 · 7画 · 部首女	(形声。从女,支声。本义:古代歌舞的女子)。同本义。字本作伎。
妙	miào	常用汉字 · 7画 · 部首女	(会意兼形声。从女,从少,少亦声。美妙少女。本义:美,好)。同本义。神妙。精妙;精微。巧妙,高明。细微,幼小,年少。
妖	yāo	常用汉字 · 7画 · 部首女	(形声。从女,夭声。)。同本义。妖媚。淫邪,不正。古称一切反常怪异的事物或现象。迷信传说中称害人的怪物。
姊	zǐ	常用汉字 · 7画 · 部首女	(形声。本义:姐姐)。同本义。又。指母亲。
妨	fáng	常用汉字 · 7画 · 部首女	(形声。从女,方声。本义:损害;有害于)。同本义。阻碍。妨碍。中止。迷信者以为因命相、时辰、方位等凶像而人造成的灾厄,即所谓犯尅。
妒	dù	常用汉字 · 7画 · 部首女	(形声。从女,户声。本义:妇女忌妒丈夫。也指忌妒别的女子的姿色)。泛指忌妒别人。
努	nǔ	常用汉字 · 7画 · 部首力	(形声。从力,奴声。本义:勉力,出力)。同本义。向外突出。
忍	rěn	常用汉字 · 7画 · 部首心	(形声。从心, 刃声。本义: 忍耐、 容忍)。同本义。抑制; 克制。愿意; 舍得。认识,识别。坚韧。残忍;忍心;狠心。怎;岂。姓。
劲	jìn jìng	常用汉字 · 7画 · 部首力	(形声。从力,坙声。①(jìng)本义:强劲有力。②力气)。(形声。从力,巠声。本义:强劲有力)。同本义。猛烈;风势强劲。坚固;坚硬。强壮,对疾病或恶劣天气有抵抗力。坚强;刚强。精锐部队。加强。
矣	yǐ	常用汉字 · 7画 · 部首矢	(形声。小篆字形,上面是“以”字,下面是“矢”。从矢,以声。“以”也可以理解为象矢飞逝的声音,是完成的语气。本义:语气词。是“了”)。表示完成时态。表示坚决、肯定。
鸡	jī	常用汉字 · 7画 · 部首鸟	(形声。从鸟,奚声。本义:家禽名。雄鸡可以报晓) 鸟纲雉科家禽,品种很多,喙短锐,有冠与肉髯,翅膀短,尤指普通家鸡(Gallus gallus)。
纬	wěi	常用汉字 · 7画 · 部首纟	(形声。从糸(mì),韦声。本义:织横纱)。同本义。东西向的道路或土地。与南北向的“经”相对。行星的古称。琴徽,系琴弦的绳子。地理学上所假想为地球上与赤道平行的南北分度线。在赤道以北的叫北纬,以南的叫南纬。
驱	qū	常用汉字 · 7画 · 部首马	(形声。从马,区声。本义:奔驰;疾行)。同本义。赶马。驱逐;赶走。迫使。追随。行进。
纯	chún	常用汉字 · 7画 · 部首纟	(形声。从糸(mì),屯声。从“糸”,表示与线丝有关。本义:蚕丝)。同本义。同一颜色的丝织品。纯正,纯粹。美;善。大。专一。质朴。
纱	shā	常用汉字 · 7画 · 部首纟	(会意。从糸(mì),从少。本义:轻细的绢)。轻细的丝麻织物,古时多以蚕丝为之。古亦作“沙”。今泛指用棉麻、化学纤维或其他材料制成的经纬线稀疏的织品。
纲	gāng	常用汉字 · 7画 · 部首纟	(形声。从糸(mì),表示与线丝有关,冈声。本义:提网的总绳)。同本义。事物的关键部分,事理的要领。系束。
纳	nà	常用汉字 · 7画 · 部首纟	(形声。从糸(mì),内声。本义:丝被水浸湿)。同本义。收藏;收入。“纳”假借为“接纳”;接受。缴纳,贡献。使进入。取;娶。结交。用同“捺”。密针缝纫。扣压。
驳	bó	常用汉字 · 7画 · 部首马	(会意。从马,从爻。甲骨文字形,右边是“爻”(yáo),表示马的毛色混杂,左边是“马”。本义:马毛色不纯)。同本义。驳杂;庞杂。驳斥,反驳。传说中能食虎豹的猛兽。
纵	zòng	常用汉字 · 7画 · 部首纟	(形声。从糸(mì),从声。本义:松缓)。同本义。南北称纵,东西称横。古作“从衡”。广泛。发;放。释放;放走。放纵;随心所欲,不受约束,不加检点。指合纵。战国时期苏秦游说六国诸侯,要他们联合起来西向抗秦,秦在西边,六国土地南北相连,故曰“合纵”。(纵,定纵。)又。纵然,即使。
纷	fēn	常用汉字 · 7画 · 部首纟	(形声。从糸(mì),分声。从“糸”,表示与线丝等有关。本义:马尾韬,扎束马尾的丝麻织物)。同本义。旗上的飘带。花边。祸乱;灾难。争执;纠纷。盛多,各种各样。艚又如:纷委(盛多);纷若(盛多的样子);纷营(众多,杂乱);纷郁(盛多的样子)。杂乱。
纸	zhǐ	常用汉字 · 7画 · 部首纟	(形声。从糸(mì),氏声。纸的原料本是破旧的丝绵,故从糸。本义:纸张)。同本义。冥钱,旧俗为祭奠鬼神而焚化的纸钱。文契,字据。书信、文件的张;件。
纹	wén	常用汉字 · 7画 · 部首纟	(形声。从糸(mì),文声。本义:丝织品上的花纹)。同本义。皮肤上的纹理。以彩色线条刻画在物体表面。
纺	fǎng	常用汉字 · 7画 · 部首纟	(形声。从糸(mì),方声。本义:将丝麻纤维制成纱或线)。同本义。捆绑,悬挂;束缚。绸属;素纱 。古指素色纱绢。
驴	lǘ	常用汉字 · 7画 · 部首马	(形声。从马,盧声。本义:驴子。家畜名)。同本义。又。姓。
纽	niǔ	常用汉字 · 7画 · 部首纟	(形声。从糸(mì),丑声。从糸,与丝线有关。本义:指可解的结)。同本义。比喻事物的根本,关键。纽绊。器物上用以提携或系绳带的部件。汉语音韵学名词,指辅音或声母。如“声母”又称“声纽”。姓。
奉	fèng	常用汉字 · 8画 · 部首大	(会意。小篆字形,从手,从収(gǒng,双手),最上面像一串玉或树盖子。是用手捧物的意思。本义:两手恭敬地捧着同本义。恭敬地接受。进献,下对上送东西。送;给予,赐予。为…效劳,侍候。奉承。贯彻,执行。尊奉。供奉,供养。持,拿。辅助,拥戴。俸禄。待遇,事奉。奉天的省称 。1929年改名沈阳市。姓。
玩	wán	常用汉字 · 8画 · 部首王	(形声。从玉,元声。本义:以手玩弄)。玩耍;玩弄。玩赏;欣赏。戏弄。研讨;反复体会。轻慢;轻视。供玩赏之物。
环	huán	常用汉字 · 8画 · 部首王	(形声。从玉,瞏huán声。本义:圆形而中间有孔的玉器)。同本义。泛指圆圈形的物品。数学中,具有加法和乘法运算的集合 。其中任两个元素的并与对称差仍是该族中的元素。环绕,围绕。旋转。
武	wǔ	常用汉字 · 8画 · 部首止	(会意。从止,从戈。据甲骨文,人持戈行进,表示要动武。本义:勇猛;猛烈) 同本义。指干戈军旅之事。士,兵,卒。古以六尺为步,半步为武。舞蹈足迹。古州名 。南朝梁置,治所在武陵(今湖南省常德市)。金属打击乐器。继承。半步。古代六尺为步,半步为武。姓。
青	qīng	常用汉字 · 8画 · 部首青	(会意。从生,从丹。金文字形上面是个“生”字;下面是“丹”字,丹是井字之变。“青”是汉字部首之一。本义:蓝色)。同本义。深绿色。东方的代称。春的代称。青海省的简称。古州名。《禹贡》九州之一。在今山东省及辽宁省辽河以东。姓。
责	zé zhài	常用汉字 · 8画 · 部首贝	(形声。小篆字形。从贝,朿(cì)声。(zhài)本义:债款,债务)。索取(财物)。责备。惩罚。诘问。责令;要求。责任,差使。欠别人的财物
现	xiàn	常用汉字 · 8画 · 部首见	(形声。从玉,见声。本义:出现)。同本义(明显看得见)。见。玉光。次于玉的石。现在,眼前。
玫	méi	常用汉字 · 8画 · 部首攵	(形声。从玉,文声。双音词“玫瑰”,指美玉,或珍珠,又植物名)。
表	biǎo	常用汉字 · 8画 · 部首一	(会意。从毛,从衣,“毛”又兼作声符。小篆字形,衣字中间加个毛字。古人穿皮衣,毛朝外面,所以“表”从“毛”。本义:外衣)。同本义。外面(与“里”相对)。外表,外貌。表率,榜样。表帜,标志。给皇帝上的奏章。表格。作标记的木柱。直立于地面,用以测日影的标杆。石碑。表彰,显扬。设立标记;标出,标明。表白。启奏,上表章给皇帝。姓。
规	guī	常用汉字 · 8画 · 部首见	(会意。金文字形,从聿从周,当系以规画之意。本义:画圆的器具,今指圆规)。同本义。法度、准则。模范;典范,风仪。成例;标准;法则。画圆。划分土地而占有。劝告,建议,尤指温和地力劝。计划;打算。谋求;谋划。窥察。圆形。浅陋、拘泥的样子。
抹	mā mǒ mò	常用汉字 · 8画 · 部首扌	揩;擦。(形声。从手,末声。本义:涂抹,涂敷;搽)。同本义。涂掉,抹去。轻按。弹奏弦乐器的一种指法。蒙住。
卦	guà	常用汉字 · 8画 · 部首卜	(形声。从卜(bǔ,占卜),圭(guī)声。本义:象征自然现象和人事变化的一套符号,供占卜用)。同本义。比喻预见。
坷	kě kē	常用汉字 · 8画 · 部首土	意思是道路高低不平；事情不顺利或不称心，比喻十分不得志。[方言]土块
坯	pī	常用汉字 · 8画 · 部首土	没有烧过的砖瓦、陶器。山丘一重
拓	tà tuò	常用汉字 · 8画 · 部首扌	拓印 。在刻铸有文字或图像的器物上蒙一层纸,捶打后使凹凸分明,涂上墨,显出文字图像来。以纸片依样制作。贴。涂抹。举,托起。开辟;扩展。把物推开。张开。——见“落拓”（luòtuò）。
拢	lǒng	常用汉字 · 8画 · 部首扌	(形声。从手,龙声。本义:聚合,合拢)。同本义。梳理;整理。傍靠。弹奏弦乐器的一种指法。用指在弦上上下按捺。
拔	bá	常用汉字 · 8画 · 部首扌	(形声。从手,犮(bó)声。本义:拔起,拔出)。同本义。又。选拔;提拔。突出;超出。突起。攻取。移动。
坪	píng	常用汉字 · 8画 · 部首土	(形声。从土,平声。本义:平坦之地)。同本义,泛指山区和丘陵地区局部的平地。中国西北黄土地区的黄土阶地或台地。草多是良好的农耕场所。日本面积单位名,等于一日亩的三十分之一,合3.3057平方米。
拣	jiǎn	常用汉字 · 8画 · 部首扌	(形声。从手,柬声。“柬”亦兼表字义。本义:挑选,选择)。同本义。
坦	tǎn	常用汉字 · 8画 · 部首土	(形声。从土,旦声。本义:平而宽广)。同本义。坦率,显明。敞开。露出;吐露。姓。
担	dān dàn	常用汉字 · 8画 · 部首扌	(形声。从手,詹声。本义:用肩挑)。同本义。承当,承担。扁担和挂在两头的东西。中国重量单位。旧制一百斤为一担,今以百市斤为一市担。
坤	kūn	常用汉字 · 8画 · 部首土	(形声。从土,申声。本义:八卦之一,象征地)。地,大地。《易》卦名。八卦之一。六十四卦之一。
押	yā	常用汉字 · 8画 · 部首扌	(形声。从手,甲声。本义:签署,在公文、契约上签字或画记号,以做凭信)。同本义。抵押,典当。押送。执掌。挤压。
抽	chōu	常用汉字 · 8画 · 部首扌	(形声。从手,由声。本义:拔出,抽出)。拔出,把夹在中间的东西取出。从全部里取出一部分;拔除。
拐	guǎi	常用汉字 · 8画 · 部首扌	(形声。从手。本义:拐杖) 同本义诱骗。把妇女或儿童骗带走。转弯,常指行进时改变方向。
拖	tuō	常用汉字 · 8画 · 部首扌	(形声。本作“拕”,左形,右声。本义:曳引)。同本义。下垂。强夺或费力取得。披散。掷。
者	zhě	常用汉字 · 8画 · 部首耂	(《说文》:“别事词也。相当于“这”)。同本义。用在形容词、动词、动词词组或主谓词组之后,组成“者”字结构,用以指代人、事、物。指代人。指代事或物。用在数词之后,指代上文所说的几种人或几件事。用在表时间的名词后面,表示停顿。作为定语后置的标志。用于名词之后,标明语音上的停顿,并引出下文,常表示判断。用在句末表示语气完毕。用在句末,与疑问词相配合表示疑问。表示祈使语气。表示商榷。表示比拟,相当于“…的样子”。“者也”两个语气词连用,起加强语气的作用,语气重点在最后一个语气词上,“也”在这里强调了肯定的语气。轻狂。虚假,不老实。(zhū)。众多。假借,借口。
拍	pāi	常用汉字 · 8画 · 部首扌	(形声。从手,白声。本义:拍击)。同本义。抚慰。
顶	dǐng	常用汉字 · 8画 · 部首页	(形声。从页(xié),丁声。从“页”,表示与人头有关。本义:人头的最上端)。同本义。引申为物的最上部;前部。顶子。清代官吏依其等级在冠上,缀珠玉宝石金银等以为饰,谓之顶。以头承戴。支撑;承担。到。旧时指转让或取得企业经营权、房屋或土地租赁权。拜。围棋手法的术语。相当;抵得上。
拆	chāi cā	常用汉字 · 8画 · 部首扌	(形声。从手,斥声。本义:裂开)。裂开;绽开。开启。分散,把合在一起的弄开 暗中破坏;中伤)。[方言]∶排泄
拎	līn	常用汉字 · 8画 · 部首扌	[方言] 提
拥	yōng	常用汉字 · 8画 · 部首扌	(形声。从手,雍声。本义:抱)。同本义。簇拥。环抱。持;执持。聚集。拥挤。裹。阻塞。遮盖。占有。又如:拥蹲(占有权位);拥制(控制);拥兵(掌握、聚集军队)。
抵	dǐ	常用汉字 · 8画 · 部首扌	(形声。从手,氐(dǐ)声。本义:挤,推)。同本义。抵赖,拒不承认事实。抵偿。抵达。相当。扔,掷。欺诈。用角顶,相触。
拘	jū	常用汉字 · 8画 · 部首扌	(会意。从手,从句,句亦声。本义:拘留,拘禁)。同本义。束缚;限制。拘守;拘泥于。抽搐。钩取,探取。曲,痉挛;痀偻,曲背。
势	shì	常用汉字 · 8画 · 部首力	(形声。从力,埶(yì)声。本义:权力;权势)。同本义。力量;威力。形势;情势。姿态。形状;样式;架式。自然界或物体的形貌。人及动物的睾丸。物理学名词 。亦称“位”。根据它可以算出在某范围内任一点的强度或速度的不同函数中的任一函数。势头;趋势;时机。姓。
抱	bào	常用汉字 · 8画 · 部首扌	(形声。从手,包声。本义:用手臂围住)。同本义。捧着。环绕。怀藏,心里存有。保护,爱护。生育。孵。怀,胸怀。
拄	zhǔ	常用汉字 · 8画 · 部首扌	(形声。从手,主声。本义:支撑)。同本义。执持;靠。
垃	lā	常用汉字 · 8画 · 部首土	脏土或抛扔的破烂东西，科学处理～圾。〈喻〉旧时遗留下来的反动腐朽的事物，腐朽的～圾。
拉	lā lá lǎ	常用汉字 · 8画 · 部首扌	(形声。从手,立声。本义:摧折,折断)。同本义。牵;引;扯;拽。牵连。
拦	lán	常用汉字 · 8画 · 部首扌	(形声。从手,阑(lán)声。本义:阻挡;遮拦)。同本义。表示方式、方向,相当于“当”、“对着”。
幸	xìng	常用汉字 · 8画 · 部首干	侥幸。幸亏。表敬,副词,表明对方的行为使自己感到幸运。使…欢乐、愉快或欣喜;庆幸。宠爱。感受到怜悯之心。希望。旧指皇帝亲临,后也泛指皇族亲临。特指帝王与女子同房。遇。使…活命。幸福。受宠的人。姓。
拌	bàn pān pàn	常用汉字 · 8画 · 部首扌	搅和;调匀。耗费。摧残。分开
拧	níng nǐng nìng	常用汉字 · 8画 · 部首扌	(形声。从手,宁声。本义:用拇指和另外一两个指头扭住皮肉用力转动)。用力扭转。别扭;意见相互不一致。颠倒,不好,荒谬,不正确。固执,执拗。
拂	fú	常用汉字 · 8画 · 部首扌	(形声。从手。弗声。本义:拂拭;掸除)。同本义。击。违背;逆。掠过或轻轻擦过。甩动;抖动。除去。从…中拔出来。拂拭的用具。
拙	zhuō	常用汉字 · 8画 · 部首扌	(形声。从手,出声。本义:笨拙,不灵活)。同本义。我的 。自谦之辞。粗劣。倒霉。质朴无华。不善于。穷尽;用尽。屈抑;粗暴对待。
招	zhāo	常用汉字 · 8画 · 部首扌	(会意。从手。召声,呼唤。本义:打手势叫人来)。同本义。招收;招募。邀请。招致;招惹。招供,供认。逗引。招抚;招安。摇动;挥舞。招赘;招婿。(jiǎo)。举起。靶子。姓。
坡	pō	常用汉字 · 8画 · 部首土	(形声。从土,皮声。本义:山地倾斜的地方)。同本义。平原;原野。
披	pī	常用汉字 · 8画 · 部首扌	(形声。从手,皮声。本义:引柩帛) 古夹具。即用在柩车两旁牵挽的帛。分开;裂开。打开;开发。拨开。覆盖或搭衣于肩。翻开;翻阅。披靡。
拨	bō	常用汉字 · 8画 · 部首扌	(形声。从手,发声。本义:治理)。同本义。拨动东西;分开;拨开。调拨。废弃。排除。断绝,折。弹拨。碰撞;撞击。拨子。
择	zé zhái	常用汉字 · 8画 · 部首扌	(形声。从手,睪(yì)声。本义:选取,挑选)。同本义。捉。(dù)。败坏;不合法度。挑剔。区别。挑拣,用于口语。
抬	tái	常用汉字 · 8画 · 部首扌	(形声。从手,台声。本义:合力共举一物)。同本义。高举,使升高。
拇	mǔ	常用汉字 · 8画 · 部首扌	(形声。从手,母声。本义:手大指) 同本义。
拗	ǎo ào niù	常用汉字 · 8画 · 部首扌	(形声。从手,幼声。本义:折断)。同本义。转折;弯转。违反;不服从。不顺口,作旧诗时平仄不依常格。撬,扳。
其	jī qí	常用汉字 · 8画 · 部首八	周年。期限。(形声。甲骨文字形象簸箕形,即“箕”本字。金文又加声符“丌”(jī),变成“其”。(jī)本义:簸箕。今字作“箕”。“其”假借为代词:他、他们、那等)。彼、他。它。他的。根据情况所指的、提到的或认为的那个。也许;大概。表示祈使。当,可。将,将要。表示诘问极,甚。如果,假设。或许;大概。还是。表选择。又。用作语助。附着于形容词前、后,起加强形容的作用。句中助词,无义,只增加一个音节。姓。
取	qǔ	常用汉字 · 8画 · 部首又	(会意。从又,从耳。甲骨文字形。左边是耳朵,右边是手(又),合起来表示用手割耳朵。古代作战,以割取敌人尸体首级或左耳以计数献功。本义:割下左耳)。同本义。斩获敌人的首级为取。拿。娶妻。选取;选拔。招致。得到;取得。攻取,夺取。会合,集合。积畜。跑,疾走。趋向。表示范围,相当于“才”、“仅”。表示动态,相当于“得”、“着”。
茉	mò	常用汉字 · 8画 · 部首艹	(形声。从艸,末声。茉莉,植物名)。
苦	kǔ gǔ	常用汉字 · 8画 · 部首艹	(形声。从艸,古声。本义:苦菜)。同本义,即“荼”。病;病痛。苦味,跟“甘”、“甜”相对。古称“五味”之一。又。痛苦;困苦。刻苦。劳苦;辛苦。贫穷。困扰;困辱。使困苦,困于。恨,怨嫌。竭力;尽力。甚,很。表示程度。幸好,幸亏。粗劣
昔	xī	常用汉字 · 8画 · 部首日	(象形。象残肉日以晞之,与俎同意。本义:干肉)。同本义。假借为“昨。”从前;过去(与“今”相对)。昨日。傍晚。夜晚。
苛	kē	常用汉字 · 8画 · 部首艹	(形声。本义:小草)。同本义。疥疮。病繁杂,烦琐。狠虐、刻薄(侧重于残暴狠毒)。使…苛刻。烦扰,骚扰。谴责,责问。
若	rě ruò	常用汉字 · 8画 · 部首艹	（bōrě）:智慧(佛经用语)。(象形。甲骨文字形,象一个女人跪着,上面中间象头发,两边两只手在梳发,表示“顺从”。本义:顺从)。同本义。如同;像。择菜。引申为选择。同,相当。及;到。比得上(多用于否定句和反问句)。诺,应允,后作“诺”。对付,处置。如此,这样。你。其;他的 ——用于他称。这么;那么。用同“偌”。假如;如果。至于 。用在句首以引起下文。或;或者。与,和。而。禾秆皮。香草名。秦、汉时县名 。治所在今湖北省宜城县东南。古水名 。即今雅砻江,为金沙江支流。源出青海,东南流经甘孜、新龙等县,到攀枝花市东北入金沙江。用在形容词或副词后面,表示事物的状态。相当于“貌”、“样子”。用于句首。
茂	mào	常用汉字 · 8画 · 部首艹	(形声。从艸,戊(wù)声。本义:草木繁盛)。同本义。大;盛大。美好;优秀。买卖。劝勉。
苹	píng	常用汉字 · 8画 · 部首艹	(形声。从艸,平声。本义:浮萍)。同本义。蒿的一种。即青蒿。兵车的一种。
苗	miáo	常用汉字 · 8画 · 部首艹	(会意。从田,从艸。田里生长的形状象草的东西。本义:禾苗,未吐穗的庄稼)。同本义;泛指初生的植物。子孙后代。事物的开端;事物的预兆。庄稼出苗。夏天的狩猎。姓。
英	yīng	常用汉字 · 8画 · 部首艹	(形声。从艸,央声。本义:花)。同本义。矛上的羽饰。杰出的人。精华。精灵;神灵。英国,英格兰。卓越,才智杰出。好,美好。光华,光彩。姓。
苟	gǒu	常用汉字 · 8画 · 部首艹	(形声。从艸,句(gōu)声。本义:草名。又:菜名) 同本义。随便,轻率。姑且;暂且。若;如果;假使。
苑	yuàn	常用汉字 · 8画 · 部首艹	(形声。从艸,夗(yuàn)声。本义:养禽兽植树木的地方。后来多指帝王游乐打猎的地方)。同本义。泛指园林,花园。姓。
苞	bāo	常用汉字 · 8画 · 部首艹	(形声。本义:席草,可制席子和草鞋)。同本义。又。苞片,花未开时包着花朵的变态叶。草木的根或茎干。草木茂盛,丛生。包裹;怀抱。
范	fàn	常用汉字 · 8画 · 部首艹	(形声。从车,笵(fàn)省声。本义:古代遇大事出车,先辗过祭坛及祭牲的一种祭祀活动,祭路神)。同本义。假借为笵。法则。典范。模子。用模子浇铸,引申纳入规范。效法;取法。草名。蜂。县名。汉置,属东郡。今仍为县。原属山东省。1964年划归河南省。姓。
直	zhí	常用汉字 · 8画 · 部首目	(会意。小篆字形,从L(yǐn),从十,从目。徐锴:“L,隐也,今十目所见是直也。”本义:不弯曲,与“枉”、“曲”相对)。同本义。又。竖。与“横”相对 。跟地面垂直的。引申为正直;公正;不偏私。直爽。正。正当,有理。径直,一直。故意。竟然。只;仅仅。简直。&X({tè})。单单,单独。伸直;挺直。伸雪。面对着,当。遇,碰上。当值,轮值,轮班。担任。价值相当于。价值;代价。工钱。即使。当…时候。
茁	zhuó	常用汉字 · 8画 · 部首艹	(会意。从艸,从出,出亦声。本义:植物才生长出来的样子)同本义。生出;生长。绽开,开。生。
茄	qié jiā	常用汉字 · 8画 · 部首艹	(形声。从艸,加声。本义:茄子。植物名) 同本义。茄科,一年生草本植物,叶椭圆形、花紫色,果实球形或长圆形、紫色、白色或浅绿色,表面光泽,是普通蔬菜;一年生草本植物，花黄色。果实圆形，熟时红、黄色。荷梗译音用字一种上衣。
茎	jīng	常用汉字 · 8画 · 部首艹	(形声。从艸,巠声。本义:植物的主干)。同本义。柱;竿。小枝。器物的柄。
苔	tāi tái	常用汉字 · 8画 · 部首艹	——“舌苔”（shétāi）。舌上的垢腻。(形声。从艸,台声。本义:青苔;也指苔类植物)。植物名。本作菭。又名地衣,水衣。属隐花植物类,根、茎、叶区别不明显,有青、绿、紫等色,多生于阴湿地方,延贴地面,故亦叫“地衣”。
茅	máo	常用汉字 · 8画 · 部首艹	(形声。从艸,矛声。本义:草名。即白茅,俗称茅草)。同本义。竿顶用旄牛尾做装饰的旗帜。姓。
枉	wǎng	常用汉字 · 8画 · 部首木	(形声。从木,王声。本义:弯曲;不正)。同本义。邪恶。使受冤屈。违背。谦词。谓使对方受屈。徒然,白费。
林	lín	常用汉字 · 8画 · 部首木	(会意。从二木。表示树木丛生。本义:丛聚的树木或竹子)。同本义。指野外或退隐的地方。泛指人或事物的会聚,汇集处。众多的样子。姓。
枝	zhī	常用汉字 · 8画 · 部首木	(形声。从木,支声。本义:主干上分出的茎条)。同本义。古代指嫡长子以外的宗族子孙。人的手足与鸟兽翼足的总称。通常是细长的从树主干或大枝上长出的细茎或者由植物芽苞长出的嫩茎或部分。
杯	bēi	常用汉字 · 8画 · 部首木	(形声。从木,不声。本义:盛酒、茶或其他饮料的器皿)。同本义,也称“耳杯”。表示以杯量的量。
枢	shū	常用汉字 · 8画 · 部首木	(形声。从木,区声。本义:户枢。旧式门的转轴或承轴臼)。同本义。木名,即刺榆。泛指转轴。又指主制动的机关。中心;枢纽;关键。旧指国家政权或天子之位。星名。
柜	guì jǔ	常用汉字 · 8画 · 部首木	(形声。从木,匮(guì)声。本义:收藏衣物、书籍的家具)。小匣。四周高起以蓄水的地方。老板;掌柜的。木名。柜柳,即“榉柳”。行马。古时官府门前拦阻通行的障碍物。
枚	méi	常用汉字 · 8画 · 部首木	(会意。从木,从攴(pū)。本义:树干)。同本义。马鞭。古代行军时,士卒口衔用以防止喧哗的器具,形如筷子。相当于“个”,“支”,“件”等。姓。
析	xī	常用汉字 · 8画 · 部首木	(会意。从木,从斤。用斧子劈开木头。本义:劈,劈木头)。同本义。分析,辨认。分开;分散。姓。
板	bǎn	常用汉字 · 8画 · 部首木	(形声。从木,反声。《说文》作“版”。本义:片状的木头。后凡施于宫室器用的片状物皆可称板)。木板。泛指板状的扁平之物。又。笏,手板。古代官吏上朝时所执的记事板。板筑用的夹板。印板,印书用的板片。现用“版”。门窗的遮板,如店铺的门板。常作“板儿”。结成硬块。私营工商业的财产所有者。旧尊称戏剧演员。姓。
松	sōng	常用汉字 · 8画 · 部首木	(形声。从木,公声。本义:松科植物的总称) 同本义。发乱;乱发貌。不紧。不中用。慢 。围棋术语。
枪	qiāng	常用汉字 · 8画 · 部首木	(形声。从木,仓声。本义:二树的枝条互相抵拒)。古时长柄有尖头的刺击武器。武器名。火铳,火枪;发射子弹的火器。同“鎗”。触,撞,碰撞。
枫	fēng	常用汉字 · 8画 · 部首木	(形声。从木,风声。本义:木名。即枫香树)。同本义。落叶乔木,春季开花,黄褐色。叶子掌状三裂,秋季变成红色。
构	gòu	常用汉字 · 8画 · 部首木	(会意。古字为“冓。从木,冓(góu)声。字本作“冓”,金文象屋架两面对构形。本义:架木造屋)。同本义。字亦作“搆”。构成,造成。招致,引起。诬陷,陷害。挑拨离间。连结,交合。遭遇。悬赏,收买。(jiǎng)。解释。和解。房屋,屋宇,供人居住的木、砖瓦构筑物。业绩。(gōu)。篝火。
杭	háng	常用汉字 · 8画 · 部首木	(形声。从木,亢(kāng)声。(Káng)本义:抵御)。方舟并济或以船渡。航行。方舟;船。
杰	jié	常用汉字 · 8画 · 部首木	(形声。从人,桀(jié)声。杰为傑的俗字。本义:才智出众的人)。同本义。作标志用的小木椿。卓异的;出色的。高大;高耸。凶暴。
述	shù	常用汉字 · 8画 · 部首辶	(形声。从辵(chuò),术声。本义:遵循)。同本义。陈述,记叙。传述;传承;阐述前人成说。泛指叙述的文字。
枕	zhěn	常用汉字 · 8画 · 部首木	(形声。从木。本义:枕头)。同本义。枕骨。枕着。靠近,临。
丧	sāng sàng	常用汉字 · 8画 · 部首一	丧仪;丧事 。在埋葬或火化前为死者举行的哀悼仪式。泛指丧事,人死后殓、奠殡、葬等事宜。人的尸体、骨殖。祸难。服丧,持丧。悲悼;伤悼。(会意。小篆字形,上面是“哭’,下面是“亡”。表示哭已死去的人。本义:丧失)。同本义。死去。灭亡;失败。忘记,忘掉。
或	huò	常用汉字 · 8画 · 部首戈	(会意。甲骨文字形从囗(象城形),从戈(以戈守之)。表示以戈卫国。本义:国家。用本义时读yù)有人,有的——泛指人或事物。用作虚词 表示选择或列举。如:或是(连词。表示选择或并列关系);或乃(或者。常用于句首表示变换叙述内容) 在不同或不相似的事物、状况或行动之间的一个抉择。如:有病或无病,他不都应该在这里 近似、可疑或不肯定。如:在五天或六天之内 两个词或两个短语同义、等义或替换的性质。间或,有时。迷惑。语气词,在否定句中加强否定语气。
画	huà	常用汉字 · 8画 · 部首田	(会意兼指事。金文。上面是“聿”(yù),象以手执笔的样子,是“笔”的本字;下面象画出的田界。整个字形,象人持笔画田界之形。本义:划分,划分界线)。同本义。绘画;作画。截止;停止。谋划;策划。横划过去。成品画。计策;计谋。
卧	wò	常用汉字 · 8画 · 部首卜	(会意。从人臣。“臣”是竖立的眼睛。本义:人伏在几案上休息,眼睛呈竖立形)。同本义。躺;卧而不眠。眠,睡。倒伏;横陈。燠,暖。趴伏。
事	shì	常用汉字 · 8画 · 部首亅	(形声。从史,之省声。史,掌管文书记录。甲骨文中与“吏”同字。本义:官职)。同本义。引申为职守;政事;事务。职业。事情。事业。事故,事件。典故;故事。情况,情形。侍奉;供奉。做,从事。使用;役使。奉行。治理;办理。任用。件;副。
刺	cì cī	常用汉字 · 8画 · 部首刂	(形声。从刀,朿(cì)声。本义:扎入,用尖利的东西刺)。同本义。讽刺。杀。古时君杀大夫叫刺。指责、揭发。探取;采取。刺探;侦探。名帖。象声词
枣	zǎo	常用汉字 · 8画 · 部首木	(会意。从双朿(cì)。朿,木芒。枣树多刺。本义:枣树)。同本义。枣树所结的果实。
雨	yǔ yù	常用汉字 · 8画 · 部首雨	雨,从云层中降向地面的水。比喻朋友。比喻教导之言,教泽。譬喻离散。(象形。甲骨文字形,象下雨形。“雨”是汉字的一个部首,从“雨”的字都与“雨水”有关。本义:下雨)。同本义。又。天上降下。密集地射击或投掷。
卖	mài	常用汉字 · 8画 · 部首十	(会意。小篆字形。从出,从买。将收进的财物卖出。本义:以货物换钱。与“买”相对)。同本义。背地里害人以利己;背叛。炫耀。旧时酒馆中称一整份菜为一卖。
郁	yù	常用汉字 · 8画 · 部首阝	郁夷。古地名。汉置县。在今陕西省陇县西。物实无中核者谓之郁。文采美盛。丰盛。香气浓郁。(形声。从邑,有声。“郁”本是地名,又作姓。“鬱”为形声,从林,鬱(yù)省声。本义:繁盛的样子)。同本义。隆盛;繁多。忧郁。积聚。怨恨;愤怒。郁积,阻滞。
矾	fán	常用汉字 · 8画 · 部首石	各种金属(如铜、铁、锌)的硫酸盐,尤指具有玻璃质状态表面或光泽的该种硫酸盐的水合物。铝的氧化物Al2O3
矿	kuàng	常用汉字 · 8画 · 部首石	(形声。从石,广声。本义:矿产,矿物)。同本义。石针,古代的一种医疗工具。
码	mǎ	常用汉字 · 8画 · 部首石	码碯(亦作“玛瑙”。一种似玉而次于玉的宝石)。英制长度单位,美制码等于0.9144米,在英国,则1码等于保存在威斯敏斯特商务部标准局的青铜棒两个金塞子上横线标记之间的距离(在62°F时)。撂下不管。
厕	cè si	常用汉字 · 8画 · 部首厂	(形声。从厂(hǎn),则声。“厂”,小篆字形象山崖,可以住人。“厂”作为汉字部首之一,常与“广”(yǎn)通用,表示与房屋有关,如“廁”又写作“厠”。本义:厕所)。同本义。假借为“侧”。旁边。——如“茅厕”（máosi）:厕所(用于口语)。
奈	nài	常用汉字 · 8画 · 部首大	如,如何。这。对付;处置。禁受住;忍受。怎奈、无奈的省文 。用于转折句,表示原因。
奔	bēn bèn	常用汉字 · 8画 · 部首大	(会意。金文字形,上面从“大”(人),象人挥动双手,下面从“止”(趾),而且是三个“止”,表示快跑。本义:快跑)。同本义。逃跑,逃亡。私奔,中国古代女子没有通过正当礼节而私去与男子结合。急速。直往;趋向。竭尽全力。
奇	qí jī	常用汉字 · 8画 · 部首大	(会意。从大,从可,可亦声。本义:奇异,怪异)。同本义。珍奇;稀奇。出人意外,诡变莫测。引起惊讶;感到惊异。姓。(字源见奇(qí)。本义:奇特,奇异)。单数,偶之对。余数,零头,不足整数者。
奋	fèn	常用汉字 · 8画 · 部首大	(会意。金文字形,中间是“隹”(鸟);外面象鸟振翅欲飞之势;下面是“田”,表示空旷的田野。本义:鸟类振羽展翅)。同本义。鼓起劲来,振作。震动。奋力;施展;发挥。挥动;举起;舞动。
态	tài	常用汉字 · 8画 · 部首心	(会意。从心,从能。简体字为形声。从心,太声。本义:姿态,姿势与状态)。同本义。情状,神情。用以表明动作主体和动词表示的行为之间的关系 ——见“主态”。
欧	ōu	常用汉字 · 8画 · 部首欠	歌唱。殴打。种族名 。如:欧人(古越族的一支);亦为地名。如:欧越(即瓯越。古越人聚居之地)。欧姆的简称。姓。
殴	ōu	常用汉字 · 8画 · 部首殳	(形声。从殳,区(ōu)声。殳(shū),古代兵器,用以撞击。本义:打击,捶击)。同本义。气恼。假借为“驱”。驱赶。
垄	lǒng	常用汉字 · 8画 · 部首土	(形声。从土,龙声。本义:坟)。同本义。土埂。田埂。成行种植农作物的土埂。高丘,高地。
妻	qī qì	常用汉字 · 8画 · 部首女	(会意。小篆字形从女,从屮,从又。“屮”象家具形,又是手。合起来象女子手拿家具从事劳动的形象。本义:男子的正式配偶)。同本义。又。周代宫中女御。以女嫁人。娶女子为配偶。奸淫。
轰	hōng	常用汉字 · 8画 · 部首车	(会意。从三车。本义:群车行驶声)。同本义。眩晕。
顷	qīng qǐng	常用汉字 · 8画 · 部首页	(会意。从匕(bì),从页(xié)。匕有排列比较义,也有不正之义。页,头。合起来表示头偏。本义:头不正)。同本义。倾斜;偏侧。田地面积的单位,等于一百亩。少顷,短时间。偏侧。
转	zhuǎn zhuàn	常用汉字 · 8画 · 部首车	(形声。从车,专声。转运要用车,故从车。本义:转运)。同本义(通过陆路运输)。回还,转动。指情况的变化、改变。转移,辗转。丢弃。迁官转任。掉转;转向。移动;迁徙。离去,离开。摇动;飘荡。避。缠绕。又如:转踅(回旋缠绕)。卖。又如:转物(买卖货物);转肩(一种不正当的买卖。高价赊入,低价卖出);转货(做买卖);转卖(把买进的东西再卖出去)。诵。又如:转经(诵经);转读(诵读佛经)。曲折,盘曲。量词。等于说“次”。古时军功每加一等,则官爵随升一级,叫做一转。旋转;打转。绕过。鸟鸣,蝉鸣。次;回。
斩	zhǎn	常用汉字 · 8画 · 部首斤	(会意。从车,从斤。古有“车裂”之刑,故从车。斤,斧子,可用于杀人。本义:古代死刑的一种。斩首或腰斩;杀)。同本义。砍;砍断。断绝。剪裁,特指丧服不缉下边。用同“眨”。眼睛一睁一闭。非常;特别。
轮	lún	常用汉字 · 8画 · 部首车	(形声。从车,仑(lún)声。本义:车轮,轮子)。同本义。引申为车子。凡平圆形像车轮似的东西。制作车轮的工匠。高大的样子。回转;转动。用力挥动依次更替,轮流。辆。姓。
软	ruǎn	常用汉字 · 8画 · 部首车	(形声。从车,欠声。本义:柔软)。同本义。质地不硬,与“硬”相对。也作“輭”。柔和;温和。形容人体柔弱无力。意志不坚定,容易被感动或动摇。不用强硬的手段,只是平和地进行。麻痹;软化。
到	dào	常用汉字 · 8画 · 部首刂	(形声。从至,刀声。本义:到达,达来,去到)。同本义。颠倒。往。可作状语,介绍出动作的时间,表明动作到此时的状况。
非	fēi	常用汉字 · 8画 · 部首非	(指事。金文作“兆”,像“飞”字下面相背展开的双翅形,双翅相背,表示违背。本义:违背;不合)。同本义。责怪;非难;反对。讨厌。讥刺。(fěi)。诽谤,诋毁。∮秩?非誉(诽谤与赞誉);非而不用(诽谤而不予重用);非世(诋毁世俗);非孝(非难毁诋孝行);非怨(诋毁,怨恨)。躲开。无;没有。不对;错误。相当于“不”、“不是”。不真实。
叔	shū	常用汉字 · 8画 · 部首又	会意兼形声。同本义。假借为“少”。年幼的。古时兄弟长幼顺序常用“伯、仲、叔、季”或“孟、仲、叔、季”表示,叔表示排第三的。末;衰。称父亲的弟弟。女性对其丈夫的弟弟的称呼。豆类的总称。姓。
歧	qí	常用汉字 · 8画 · 部首止	(同“跂”。形声。从止,支声。或作“岐”。本义:多余的脚趾)。同本义。叉开,事物错出。岔路。亦指走入歧路。
肯	kěn	常用汉字 · 8画 · 部首月	(会意。小篆字形从肉,从冎(guǎ)省。本义:着骨之肉) 同本义。假借为“可”。表示应允,同意。愿意,心甘情愿、乐意。
齿	chǐ	常用汉字 · 8画 · 部首齿	(象形。甲骨文,象嘴里的牙齿,象形字。战国文字在上面加了个声符“止”,成为形声字。小篆同。本义:牙)。同本义。排列如齿状的物品。指年龄。并列,次列。录用,收纳。挡,触。
些	xiē	常用汉字 · 8画 · 部首二	(会意。从此,从二。未详)。细小。少许;一点儿。表示不定的多数。一些。些。
卓	zhuó	常用汉字 · 8画 · 部首十	(卓的古字。形声。匕形早声。“匕”表示“人”。本义:超然独立;高明;高超)。同本义。高远;遥远。独特。直立。白额的马。建立;竖立。停;停留。姓。
虎	hǔ hù	常用汉字 · 8画 · 部首虍	(象形。金文字形象以虎牙、虎纹为特征的虎形。本义:老虎)。同本义 ,亚洲产的一种大型食肉类哺乳动物(Panthera tigris),在黄褐色的毛皮上有黑色横纹,尾长而无簇毛,有黑圈,下体大部白色,无鬣,典型的体形比狮子略大。比喻残酷凶暴。姓。[方言] 虎不拉：比喜鹊稍大的一种鸟,性猛善鸣。
虏	lǔ	常用汉字 · 8画 · 部首虍	(形声。从力,从毌(guàn),虍(hū)声。“毌”即“贯”字,是穿钱用的绳索。这里表示用绳索拘捕的意思。本义:俘获)。同本义。亦指虏掠、抄掠。俘虏。奴仆。指敌人;叛逆。古时对北方外族或南方人对北方人的蔑称。
肾	shèn	常用汉字 · 8画 · 部首月	位于脊椎动物体腔内脊柱近旁的一对内脏器官,它排出尿液、尿酸和其它代谢的排泄物。
贤	xián	常用汉字 · 8画 · 部首贝	(形声。从贝,与财富有关。本义:多财)。有德行;多才能。对人的敬称。良,美善。艰难;劳苦。有才德的人;人才。人的贤能。胜过,超过。尊重;崇尚。
尚	shàng	常用汉字 · 8画 · 部首小	(会意。从八,向声。本义:尚且)。同本义。又。还;仍然。希望 表示命令或希望。差不多。尚假借为“上”,尊崇。重视。仰慕。佑,佑助。给帝王管理事物。夸耀。超过;高出。奉;承。仰攀婚姻。加上,往…上补充东西。荐举;选拔。娶帝王之女为妻。志向;愿望。久远;古远。自负;骄傲。上,高尚。姓。
旺	wàng	常用汉字 · 8画 · 部首日	(形声。从日,王声。本义:光美) 日晕。火势炽烈。
具	jù	常用汉字 · 8画 · 部首八	(会意。甲骨文字形,上面是“鼎”,下面是双手。表示双手捧着盛有食物的鼎器(餐具)。本义:准备饭食或酒席)。同本义。泛指准备,备办。写,题。具备,有。判决;定案。用具;器械。才能;才干。酒席。饭食。完备;详尽。假借为“俱”。都;全。
味	wèi	常用汉字 · 8画 · 部首口	(形声。从口,未声。本义:滋味)。同本义。食物。——用于中药配方药物的一种为一味。
果	guǒ	常用汉字 · 8画 · 部首木	(象形。甲骨文字形,田象树上结的果实形,在木之上。本义:果子,果实。这个意义后来曾写作“菓”)。同本义。结果。(guàn)。古代帝王以酒祭奠祖先或赐宾客饮之礼。果敢,果断。(luǒ)。赤体。赤露。吃饱。实现。凡事与预期相合的称果,不合的称不果。果然,当真。究竟,终于,到底。如果,假若。
昆	kūn	常用汉字 · 8画 · 部首日	(会意。从日,从比。金文字形,表示二人在日光下并肩行走 。本义:一起,共同)。同本义。后,然后。哥哥,胞兄。子孙,后代。昆山 。古代传说中产玉之山。众多,诸多。盛明貌。——见“昆仑山”。姓。
国	guó	常用汉字 · 8画 · 部首囗	(会意。从“囗”(wéi),表示疆域。从或(即“国”)。“或”亦兼表字音。本义:邦国)。周代,天子统治的是“天下”,略等于现在说的“全国”。国都,一国最高政权机关所在地。又称国城,国邑。国家。古代王、侯的封地。部落。地方。家乡。姓。
哎	āi	常用汉字 · 8画 · 部首口	叹词，表示不满或提醒。表示惊讶或不满意。哎,你怎么不早说!表示提醒。哎,小声点 !表示醒悟。哎!原来是这样!表示招呼。哎,大婶,我们回头再来看你!表示答应。哎,我一会儿就来!
咕	gū	常用汉字 · 8画 · 部首口	鸟的叫声小声说话，低声说话等的声音象声词,脚踩进泥水的声音[方言]低声说话等的声音嘀咕唠叨;自言自语
昌	chāng	常用汉字 · 8画 · 部首日	(会意。从日,从曰。本义:善,正当)。同本义。兴旺发达,与“亡”相对。光;光明。壮大;美好。生物。
呵	hē hā kē ā a	常用汉字 · 8画 · 部首口	(形声。从口,可声。本义:怒责,大声发怒地喝斥)。同本义。喝道,喝令行人让路。喝。笑声。弯。表示惊异或赞叹。同“啊”。表示感叹或惊讶的语气。
畅	chàng	常用汉字 · 8画 · 部首田	(形声。从申,昜(yáng)声。本义:畅通,无阻碍)。同本义。舒畅。茂盛。正;极;甚。
明	míng	常用汉字 · 8画 · 部首日	(会意。甲骨文以“日、月”发光表示明亮。小篆从月囧(jiǒng),从月,取月之光;从囧,取窗牖之明亮。本义:明亮,清晰明亮)。同本义。与“昏暗”相对。明白,清楚。圣明,明察,明智。明显,明确。明艳, 鲜明。照亮。点燃,点亮。懂得,了解。阐明,表明。明确。受。结盟。白昼,白天。人世,阳世。眼睛,视力。明朝 。(1368—1644年)朱元璋所建。先定都南京,永乐年间迁都北京。声名、名誉。名分,地位身分。公开。姓。
易	yì	常用汉字 · 8画 · 部首日	(象形。本义:蜥易)。换,交换。改变,更改。替代。蔓延;传播。治,整治。轻视。含有“不以为意”的意思。容易。与“难”相对。简易,简省。平坦。古代指阴阳变代消长的现象。古代卜筮书,包括《连山》、《归藏》、《周易》,合称三易。《周易》的简称。古代占卜官名。卜筮之象,古代以示吉凶祸福。弹奏弦乐器拽法之一,即中指向外,拨动琴弦。边界。州名 。治所在今河北省易县。易水的简称 。在现在河北省西部,发源于易县,在定兴县汇入南拒马河。姓。
咙	lóng	常用汉字 · 8画 · 部首口	喉咙,咽部和喉部的统称。
昂	áng	常用汉字 · 8画 · 部首日	(形声。从曰,卬声。本义:仰起,抬起)。同本义。高,升高。抬高物价。
迪	dí	常用汉字 · 8画 · 部首辶	开导。遵循。行,出走。(形声。从辵,由声。本义:道;道理) 同本义。
典	diǎn	常用汉字 · 8画 · 部首八	(会意。甲骨文字形,上面是“册”字,下面是大。本义:重要的文献、典籍)。同本义。法律;法规。主持;主管。抵押,旧时一方把土地或房屋等押给另一方使用,换取一笔钱,不付利息,议定年限,到期还款,收回原物。
固	gù	常用汉字 · 8画 · 部首囗	(形声。从囗(wéi),“围”的古体字,象四周围起来的样子,古声。本义:坚,坚固)。同本义。特指地势险要和城郭坚固。久。疾病经久难治的安定,稳固。固执,专一。鄙陋。坚定。巩固;使坚固;加固。安守;坚守。执意;坚决地。必,一定。原来;本来。当然;仍然。确实。已经。(hú)。何,何故。
忠	zhōng	常用汉字 · 8画 · 部首心	(形声。从心,中声。本义:忠诚无私,尽心竭力)。同本义。又。忠厚。尽忠。特指事上忠诚。忠臣。中间,适中。姓。
呻	shēn	常用汉字 · 8画 · 部首口	(形声。从口,申声。本义:吟诵)。同本义。病痛时低声哼。
咒	zhòu	常用汉字 · 8画 · 部首口	(呪俗作咒。会意。从口从兄。“兄”,“祝”的本字。“祝、呪本同一词。祝愿和诅呪是一件事的两面。本义:祝告)。同本义。诅咒,乞求神灵降祸。旧时僧、道、方士等自称可以驱鬼降妖的口诀;某些宗教或巫术中的密语。梵语陀罗尼,意译为咒,又曰真言,被认为具有魔力的一个词或一组词。
咋	zǎ zé zhā zhà	常用汉字 · 8画 · 部首口	[方言] 怎;怎么为什么原因、理由或目的多用于句末,表示疑问、命令、惊讶等语气啃咬。突然。激怒。炸开。
咐	fù	常用汉字 · 8画 · 部首口	——“吩咐”(fēnfù):嘱托;安排。
呼	hū	常用汉字 · 8画 · 部首口	(形声。从口,乎声。本义:吐气,与“吸”相对)。同本义 。生物体把体内的气体排出体外——与“吸”相对。大声叫喊。召唤。称呼。姓。
鸣	míng	常用汉字 · 8画 · 部首鸟	(会意。从口,从鸟。本义:鸟叫)。同本义。又如鸣管(鸟类的发声装置);鸣凤(凤鸟鸣叫);鸣雁(雁鸣叫)。泛指发声。又如鸣石(撞击则会发出声响的石头);鸣玉(古人佩于腰间的玉饰。行走时相互撞击而发声);鸣琴(指琴。又比喻瀑布的声音);鸣鞭(挥鞭发出声响);鸣銮(车上的銮铃鸣响。指天子或贵族出行)。震惊。申告。言说;称说。闻名,著称。假借为“明”。光明,明亮。
咏	yǒng	常用汉字 · 8画 · 部首口	(形声。从口,永声。又作“詠”。本义:曼声长吟;歌唱)。同本义。用诗词等形式来写景抒情。歌颂。指诗歌等韵文作品。
呢	ne ní	常用汉字 · 8画 · 部首口	用在疑问句末,表示疑问用在反问句末,加强反问用在陈述句末,表示对事实的确认或强调用在陈述句末,表示动作或情况正在继续用在句中表示停顿一种毛织物人们的悄声细语。燕子鸣声。
咄	duō	常用汉字 · 8画 · 部首口	(形声。从口,出声。本义:呵叱声) 同本义。
咖	gā kā	常用汉字 · 8画 · 部首口	——译音用字。(形声。从口,加声。咖啡:木名。种子制成粉末可作饮料。也指这种饮料) ——译音用字。
岸	àn	常用汉字 · 8画 · 部首山	(形声。从山,从厂,干声。厂(hǎn,山崖),意思为水边高起之地。本义:河岸)。同本义。后泛指靠近水边的陆地。比喻高位。台阶。高傲。高。头饰高戴,前额外露。
岩	yán	常用汉字 · 8画 · 部首山	(形声。从山,严声。“岩”为会意字。从山,从石。本义:高峻的山崖)。同本义。山峰。高山。高出水面较大而高耸的石头。高险。
帖	tiē tiě tiè	常用汉字 · 8画 · 部首巾	帖服。对约束、控制或权威命令顺从的。安定。安静。粘。同“贴”。紧挨着。砌垒。添补,增添 。典押。官府文书,公文。证券;单据;凭证。写有简短文字的柬帖 。书面的或印刷的通告或公告 。科举时代明经科的考试名目。箭靶。旧时妇女置放缝纫用品的器物。标签。用于配合起来的若干味汤药。(形声。从巾,占声。本义:古代字写在布帛上叫帖)。写在帛上的书签。名册,名簿。铭功纪事的石刻称“碑”,书疏称“帖” 。又指石刻、木刻的拓本,书画的摹临范本 。对联;联语。
罗	luó	常用汉字 · 8画 · 部首罒	(会意。甲骨文字形,象网中有隹,表示以网捕鸟的意思。小篆增加了“糸”(mì),表示结网所用的材料。本义:用绳线结成的捕鸟网)。同本义。轻软的丝织品。又。罗马尼亚的简称。用网捕捉。排列;广布。收罗;招集,收集。英文gross的省音译。十二打为一罗。姓。
帜	zhì	常用汉字 · 8画 · 部首巾	(形声。从巾,只(戠zhí)声。本义:旗帜的通称)。同本义。又。标记。
帕	pà	常用汉字 · 8画 · 部首巾	帷帐。压强单位。帕斯卡的简称 ,即单位面积上所受的压力。缠绕,包裹。
岭	lǐng	常用汉字 · 8画 · 部首山	(形声。从山,领声。本义:山道;山坡)。同本义。顶上有路可通行的山,亦泛指山峰。相连的山,山脉。
凯	kǎi	常用汉字 · 8画 · 部首几	(会意,从豈,从几。“几”象架子。字本作“豈”(qǐ),也作“愷”。从豆,(wèi)省声。本义:军队得胜所奏的乐曲) 同本义。和乐;欢乐。安乐;温和。杀,斩。
败	bài	常用汉字 · 8画 · 部首贝	(会意。从贝,从攴。攴(pū),甲骨文象以手持杖,敲击的意思,汉字部首之一。在现代汉字中,“攴”大多写成“攵”,只有极少数字保留着“攴”的写法。从“攴”的字多与打、敲、击等手的动作有关。败,甲骨文左边是“鼎”字(小篆简作“贝”),右边是“攴”,表示以手持棍击鼎。本义:毁坏,搞坏)。同本义。又。损害;损伤。失败;战败。打败。使…战败。腐烂变质。破旧。衰落;破旧;凋谢。灾年;荒年。弊端;过失。姓。
账	zhàng	常用汉字 · 8画 · 部首贝	(古作“帐”。形声。从贝,长声。从贝,表明与财富有关。本义:账目,关于银钱财物出入的记载)。同本义。
贩	fàn	常用汉字 · 8画 · 部首贝	(形声。从贝,反声。本义:贱买而贵卖的人)。同本义。古国名。买货出售。比喻叛卖。
贬	biǎn	常用汉字 · 8画 · 部首贝	(形声。从贝,乏声。本义:减少;减损)。同本义。降级。特指降职并外放;贬谪。给予低的评价。与“褒”相对。
购	gòu	常用汉字 · 8画 · 部首贝	(形声。从贝。从“贝”,表示与财物有关。本义:悬赏征求)。同本义。原指用重金收买,后泛指买。讲和。
贮	zhù	常用汉字 · 8画 · 部首贝	(形声。从贝,宁(zhù)声。从贝与财物有关。本义:积存,收藏)。同本义(侧重于保存,含有积累储存的过程)。又。等待
图	tú	常用汉字 · 8画 · 部首囗	(会意。从囗,从啚。囗(wéi),表示范围。啚(bǐ),“鄙”的本字,表示艰难。合起来表示规划一件事,需慎重考虑,相当不容易。本义:谋划,反复考虑)。同本义。图谋;谋取。筹划;设法对付。绘画。摹拟。预料,料想到。多用于否定。所画的图画。地图。版图。有所有权与管辖权的领土,行使主权的领土。意图;意愿。塔,即“浮图”的简称。明清时地方区划名。
钓	diào	常用汉字 · 8画 · 部首钅	(形声。从金,勺声。本义:以钩饵取鱼)。同本义。引申为诱取。
制	zhì	常用汉字 · 8画 · 部首刂	制、製本同一词,后来分化,“製”用于具体的制 造,“制”且于抽象的制作。(会意。小篆字形,左边是“未”,右为刀。“未”即有滋味,乐于裁制。本义:裁断;制作)。同本义。制定,用文字规定。控制;制服。又。抑制,限制,忍住。裁决,决断。抵押。规章,制度。式样。规模。守父母之丧为制。帝王的命令。也指法令。(会意。从衣从制。本义:裁制衣服)。制造,制作器物。作品,文章。
知	zhī	常用汉字 · 8画 · 部首矢	(会意。小篆字形,从口矢。段玉裁:“识敏,故出于口者疾如矢也。”意思是:认识、知道的事物,可以脱口而出。本义:知道)。同本义。又。懂得,了解,理会。主持;管理。识别;区别。赏识。要好。感到,感觉,察觉。参与。知识。知觉。知己。“智”的古字。智慧;才智。
迭	dié	常用汉字 · 8画 · 部首辶	(形声。从辵,失声。本义:交替,轮流)。同本义。停止。
氛	fēn	常用汉字 · 8画 · 部首气	(形声。从气,分声。本义:凶气,古时迷信说法指预示吉凶的云气,多指凶气 )。同本义。泛指雾气;云气。尘埃。乱,杂。
垂	chuí	常用汉字 · 8画 · 部首土	(形声。从土,(chuí)声。本义:边疆)。边疆;边境。堂檐下靠阶的地方。垂挂。留传。注意;留意 。 如:垂青(看重;见爱);垂顾(看重;宠爱)。
牧	mù	常用汉字 · 8画 · 部首牜	(会意。甲骨文字形。从牛,从攴(pū),表示手拿棍棒牧牛(羊)。本义:放牧牲畜)。同本义。统治;主管。牧人;牧民。掌畜牧的官员或官署。古代州的长官。姓。
物	wù	常用汉字 · 8画 · 部首牜	(形声,从牛,勿声。“勿”是一种杂色旗,表示杂色。本义:万物)。同本义。物件,东西。事;事情。社会,外界环境。杂色牛。杂色的旗。牲畜的种类、 品级。颜色。哲学用语。物质,与“心”相对。物产。他人;众人。神灵。标记,记号。选择。观察。
乖	guāi	常用汉字 · 8画 · 部首丿	(会意。小篆字形,象羊角形,从“北”。从“北”,取其分背的意思。本义:背离,违背,不和谐)。同本义。分离;离别。不同;差异。反常;谬误。邪恶;奸滑。灵巧,聪明,伶俐。
刮	guā	常用汉字 · 8画 · 部首刂	(形声。小篆作字形,从刀。本义:削,用刃平削物体,或把物体表面的某些东西去掉)。同本义。扫拂;刷抹。
秆	gǎn	常用汉字 · 8画 · 部首禾	(形声。从禾,旱声。本义:禾茎) 同本义。后泛指草木的茎。
和	hé hè hú huó huò huo	常用汉字 · 8画 · 部首口	和谐;协调。和睦;融洽。暖和;和煦;晴和。指身体健康舒适。搀和,混和。和解;息争而归和平。应和;跟着唱。打麻将或斗纸牌时某一家的牌合乎规定的要求,取得胜利。不同的人混杂到一起。用于时间,相当于“会儿”。——用于“搀和”(chānhuo)、“搅和”jiǎohuo、“暖和”nuǎnhuo、“热和”rèhuo、“软和”(ruǎnhuo)。
季	jì	常用汉字 · 8画 · 部首子	(会意。从子,从稚省。“稚”亦兼表读音。本义:即排行最后的)。同本义(与“老”相对)。一年四季中,每季的最后一个月。下等。物之幼嫩者。末,一个朝代的末期。泛指弟弟。姓。
委	wēi wěi	常用汉字 · 8画 · 部首女	曲,委曲。(会意。从女,从禾。“女”表顺随,“禾”表委曲。本义:曲折)。同本义。委托。丢弃,抛弃。推卸;推诿。安,安于。交付,给。水的下流。后称事情的本末为原委或源委。帽檐,冠檐。末尾。琐碎;鄙陋。
秉	bǐng	常用汉字 · 8画 · 部首禾	(会意。从又,从禾,表示以手持禾。“又”篆体象一只手。本义:禾把,禾束)。同本义。权力,权柄。手拿着,手持(是一只手从旁边拿着小物)。引申为主持,掌握。保持;坚持。
佳	jiā	常用汉字 · 8画 · 部首亻	(形声。从人,圭(guī)声。本义:美,美好)。同本义。
侍	shì	常用汉字 · 8画 · 部首亻	(形声。从人,寺声。本义:在尊长旁边陪着)。同本义。引申为服侍、侍奉。进言,进献。侍妾;侍女。姓。
岳	yuè	常用汉字 · 8画 · 部首山	(会意。从山,从丘。古文字形,象两座高大的山峰形,表示高山大岭。“嶽”字从山,狱声。本义:高大的山)。特指名山“五岳”或“四岳”。高大的山。“嶽”另见yuè。姓。
供	gōng gòng	常用汉字 · 8画 · 部首亻	(形声。从人,共声。本义:供给,供应)。同本义。恭敬。有礼貌。(形声。从人,共声。本义:摆设;陈设)。供奉,供献。受审者陈述案情。供词,口供,受审者所说的案情。
使	shǐ	常用汉字 · 8画 · 部首亻	(形声。从人,吏声。从人表示人的动作行为。本义:命令)。同本义。派遣。致使;让;叫。运用;使用。使唤;役使;支使。出使。放纵,任性。主使。使者。使命。佣人;奴仆。假如;如果。姓。
例	lì	常用汉字 · 8画 · 部首亻	(形声。从人,列声。本义:比照) 同本义。类;列。可以作依据的事物;例子。规定;规则;条例。
侠	xiá	常用汉字 · 8画 · 部首亻	(形声。从人,夹声。本义:侠义)。同本义。指见义勇为、肯舍己助人的性格、气质或行为。侠客。要挟。姓。
侥	jiǎo yáo	常用汉字 · 8画 · 部首亻	(形声。从人,尧声。(yáo) 本义: 僬侥(jiāoyáo): 古代传说中的矮人)。贪求不止。引申指希求意外成功或幸免。侥薄,即浇薄。指民俗浮薄。——“僬侥”(jiāoyáo)。
版	bǎn	常用汉字 · 8画 · 部首片	(形声。从片,反声。“片”(piàn),意思是破开的木片或草片。从“片”的字大都与木板有关。本义:筑墙的夹板)。同本义。又指版筑的土墙。牍。古时书写用的木简,后也指书籍。名册;户籍。国家的图籍。朝笏,即手板。古代官吏上朝用的笏。授职;任命。古代墙计量单位。
侄	zhí	常用汉字 · 8画 · 部首亻	(侄为姪的俗字)弟兄或其他同辈男性亲属的子女。
侦	zhēn	常用汉字 · 8画 · 部首亻	(形声。从人,贞声。本义:探伺,暗中察看)。同本义。问,卜问。凭借占卜来寻求预言。侦察。探子;间谍。
侣	lǚ	常用汉字 · 8画 · 部首亻	(形声。从人,吕声。本义:伴侣,同伴) 同本义。结为伴侣;陪伴。
侧	cè zè zhāi	常用汉字 · 8画 · 部首亻	(形声。从人,则声。本义:旁边)。同本义。亦用作谦词。边缘。向旁边歪斜。靠近。不正,邪辟。倾斜。“平仄”也作“平侧”。
凭	píng	常用汉字 · 8画 · 部首几	(会意。从几,从任。几,矮而小的桌子。任,凭借。本义:倚靠)。同本义。依托;仰仗。不论;不管。如此。
侨	qiáo	常用汉字 · 8画 · 部首亻	(形声。从人,乔声。本义:高) 同本义。
佩	pèi	常用汉字 · 8画 · 部首亻	(会意。从人凡巾。本义:系在衣带上的装饰品)。同本义。佩带,把徽章、符号、手枪等戴在或挂在胸前、臂上、肩上或腰间。钦佩,敬仰。携带,随身拿着。姓。
货	huò	常用汉字 · 8画 · 部首贝	(形声。从贝,化声。本义:财物)。财物,金钱珠玉布帛的总称。钱币。买进,卖出。贿赂。
侈	chǐ	常用汉字 · 8画 · 部首亻	(形声。从人,多声。本义:自高自大,盛气凌人)。同本义。奢侈,追求过分的享受。过分;过度。夸大,吹牛。放纵。扩大。
依	yī yǐ	常用汉字 · 8画 · 部首亻	(形声。从人,衣声。甲骨文字形。人在衣中。本义:靠着)。同本义。倚仗,仗恃,仰赖。依靠;托身。同意;允许。遵照,根据。爱。依照,按照。(yǐn)。藏匿。茂盛的样子。户牖间画有斧形的屏风。
卑	bēi	常用汉字 · 8画 · 部首十	(椑之古字,本义是圆搕,一种酒器)。地位低微。地势低下。与“高”相对。衰微,衰弱。素质低下。谦恭。轻视,小看。
的	de dí dì	常用汉字 · 8画 · 部首白	用在两个数量词中间。,后面带补语。(de)。用在状语后,表示状语和中心词之间的修饰关系。确实;实在。(形声。本作“旳”,从日,勺声。本义:鲜明、明亮的样子)。鲜明的样子。
迫	pò pǎi	常用汉字 · 8画 · 部首辶	(形声。从辵(chuò),白声。本义:逼近)。同本义。硬逼,逼迫。催促。紧迫;急迫。狭窄。一种火炮
质	zhì	常用汉字 · 8画 · 部首贝	(形声。从贝,斦(zhì)声。朱骏声认为“斦”是砧板。从贝,与财富有关。本义:抵押;以…作人质)。同本义。(jié)。问;诘问。双方对质,验证。评断。抵押品;人质。盟约。古代贸易用的券书。箭靶。素质;本质;禀性。物质;事物。形体。质地、底子。砧板 。行斩刑时用的垫板。信物;见面礼。对象。朴实、朴素。信实;诚信。
欣	xīn	常用汉字 · 8画 · 部首欠	(形声。从欠,斤声。实与忻同字。本义:喜悦) 同本义。爱戴。悦服。
征	zhēng	常用汉字 · 8画 · 部首彳	(形声。从彳(chì),正声。从彳,表示与行走有关。甲骨文从彳,从足。本义:到很远的地方去,远行)。同本义。征伐,发兵讨伐。争夺,争取。征收。赋税。(会意。从微省、壬。行于微而闻达。本义:征召)。求取;索取。追究;追问。证明;验证。征兆;迹象。姓。
往	wǎng	常用汉字 · 8画 · 部首彳	(会意。甲骨文字形,从止,从土。意为从这个地方走向目的地。本义:去,到…去)。同本义。彼此间来往。亡去。给予,送。归向。昔时;过去。死者。后;以后。外,超过某种限度或范围。同“望”。表示动作行为的方向,相当于“朝”、“向”。
爬	pá	常用汉字 · 8画 · 部首爪	(形声。从爪,巴声。爪,手爪。本义:搔,爬梳)。同本义。爬行,匍匐。躯体贴地(如虫、蛇、龟)缓慢向前行。攀登。
彼	bǐ	常用汉字 · 8画 · 部首彳	(形声。从彳,皮声。“彳”(chì)。本义:流行、传播,施加)。那,与“此”相对。另一个事物。他,他们。
径	jīng jìng	常用汉字 · 8画 · 部首彳	经过,行经。(形声。从彳(chì),表示与道路有关,巠声。本义:步行小路)。同本义。泛指道路。直径。径直;直接。特地,特意。即,就。取道。经过。
所	suǒ	常用汉字 · 8画 · 部首户	(形声。从斤,户声。斤,斧子。(hǔ)本义:伐木声)。“所”假借为“处”。处所;地方。地方。进行科学研究的机构 。如:物理所;农民问题研究所。又指机关或其他机构的名称。如:派出所;招待所;指挥所。着落;结果。表示结构。与后面的动词结合,构成名词性结构。用在作主谓结构的谓词前,相当于“之”、“的”。用作宾语提前的标志,多与“唯”字配合使用,相当于“是”。与“为”呼应,构成“为…所…”句式,表示被动。与介词“从”“由”“自”结合,组成所字结构,表示与动作有关的地方、原因、对象等。和介词“以”组成“所以”这一短语,根据“以”的不同用法与具体语言环境,有不同的意思。用于山、岛等物,相当于“座”。用于建筑物。尚,还。大约 。用在数量词后面,表示大概的数目。表示疑问,相当于“何”、“什么”。宜,适宜的,为其所需的。许多的,多种的。可以的。
舍	shě shè	常用汉字 · 8画 · 部首舌	放在一边;丢开。放弃;舍弃。废止、停止。布施,施舍。免罪或免罚;释放。发,发射。(象形。小篆字形,上端象屋顶,下端象建筑物的基础。中间是客舍招徕顾客的幌子。本义:客舍)。同本义。房屋(住宅)。营寨;营房。中国古代行军以三十里为一舍。谦辞,用于对别人称自己的家或辈分低、年纪小的亲属。置;安置。住宿。休息;止息。安排住宿。宿营。
金	jīn	常用汉字 · 8画 · 部首金	(会意。金文字形。从人(表示覆盖),从土,从二。从“土”,表示藏在地下;从“二”,表示藏在地下的矿物。本义:金属)。金属的通称或金属总名。金属的制品,可省称为金。刀、剑、箭等兵器。犁铧头。钏、镯一类妆饰品。化学元素名。金子 一种延性展性非常好的黄色三价和一价金属元素,产状主要为独立存在的自然金,但也存在于如针碲金银矿或叶碲矿等少数矿物中;大多数化学品对它不起作用,但遇到氯气和王水会受浸蚀;为增加硬度或改变颜色供商业上应用(如金币、首饰、金牙)而加入铜、银、锌、镉及其它金属熔成合金。钱财;货币。星名。金星的简称。朝代名 。公元1115年—1234年,共历九帝,统治中国北部120年。由女真族完颜部领袖阿骨打创建,建都会宁(今黑龙江省阿城南),先后迁都中都(今北京)、开封等地,后在蒙古和宋的联合进攻下灭亡。古州名 。治所在今陕西省安康县。古代货币单位。金黄色,亚麻色,尤用指头发。比喻声音美妙。姓。
刹	chà shā	常用汉字 · 8画 · 部首刂	(形声,从刀,杀声。梵语刹多罗的省称。本义:土或土田,国土)。
命	mìng	常用汉字 · 8画 · 部首口	(会意。从口从令。表示用口发布命令。本义:指派;发号)。同本义。取名;命名。动,用。在神前誓约,结盟。命令;政令;教令。命运,天命。性命,寿命。帝王按等级官职赐给臣下的东西。声誉。
肴	yáo	常用汉字 · 8画 · 部首月	(形声。小篆字形。从肉,爻(yáo)声。本义:做熟的鱼肉等) 同本义。
斧	fǔ	常用汉字 · 8画 · 部首斤	(形声。从斤(斧头),父声。本义:斧子,伐木工具)。同本义。白与黑相间的斧形图案。用斧子劈、砍或破开。
爸	bà	常用汉字 · 8画 · 部首父	(形声。从父,巴声。本义:父亲)。
采	cǎi cài	常用汉字 · 8画 · 部首采	(会意。从爪从木。甲骨文,上象手,下象树木及其果实。表示以手在树上采摘果实和叶子。本义:用手指或指尖轻轻摘取来)。同本义。引申为采集;搜集。挑选;采纳。多色的丝织品。后来写作“綵”。引申为彩色。后写作“彩”。文章的词藻。采地,古代士大夫的封邑 ,又叫采邑,食邑,采地。
觅	mì	常用汉字 · 8画 · 部首见	(会意。从爪,从见。表示用手和眼去寻找。本义:寻找,到处寻找)。同本义。偷窃。
受	shòu	常用汉字 · 8画 · 部首又	(会意。甲骨文字形,象两手中间有一只舟,表示传递东西。本义:接受;承受)。同本义。蒙受;遭受。得到。收进,取回。买入,收入。容纳。授予;交给。教授;传授。
乳	rǔ	常用汉字 · 8画 · 部首乙	(会意。从孚)。甲骨文中象手抱婴儿哺乳形。“孚”是以爪抱子哺乳。本义:生子,生产。同本义。喂奶。孵化。饮。乳汁。乳房。草鞋上穿带子的耳鼻儿。年幼。
贪	tān	常用汉字 · 8画 · 部首贝	(形声。从贝,今声。从“贝”,与财物有关。本义:贪财)。同本义。贪婪。多欲而不知满足。求。同“探”。贪污。
念	niàn	常用汉字 · 8画 · 部首心	(形声。从心,今声。本义:常思;思念,惦念)。同本义。思考, 考虑。引申为忧虑。哀怜,可怜。想法;念头。二十。佛教名词。法相宗别境之一。指记忆。诵读,按字读出声。姓。
贫	pín	常用汉字 · 8画 · 部首贝	(会意兼形声。从贝从分,分亦声。“贝”是古货币,一个“贝”还要分开,表示贫困。本义:缺少财物,贫困。与“富”相对)。同本义。引申为缺少,不足。以为贫穷。
忿	fèn	常用汉字 · 8画 · 部首心	(形声。从心,分声。从“心”,表示与心情有关。本义:愤怒,怨恨)。同本义。
肤	fū	常用汉字 · 8画 · 部首月	(形声。从肉,盧省声。本义:人的皮肤)。同本义。某些像皮层那样的东西。古代用于祭祀或供食用的肉类。外表。(fǔ)。古祭祀燕享,以盛稻粱的器皿。浅薄。大。肥美,美。
肺	fèi	常用汉字 · 8画 · 部首月	人和某些高级动物的呼吸器官
肢	zhī	常用汉字 · 8画 · 部首月	(形声。从肉,支声。本义:人的手足与鸟兽翼足的总称)。同本义。指人体的腰部。
肿	zhǒng	常用汉字 · 8画 · 部首月	(形声。从肉,中(重)声。本义:痈) 同本义。浮胀;肿胀。
胀	zhàng	常用汉字 · 8画 · 部首月	(形声。从肉,长声。从肉,表示与身体有关。本义:皮肉鼓胀)。同本义 。因为身体内壁受到压迫而产生的不适之感。亦泛指充塞难受的感觉。膨胀,体积变大。
朋	péng	常用汉字 · 8画 · 部首月	(象形。本义:古代货币单位。相传五贝为一朋。或说五贝为一系,两系为一朋)。古代货币单位。五贝为一朋。一说两贝为一朋,也有说十贝为一朋的。同学。朋友。队;班。勾结。倒塌。
股	gǔ	常用汉字 · 8画 · 部首月	(形声。从肉,殳(shū)声。本义:大腿)。同本义。事物的分支或一部分。不等腰直角三角形构成直角的较长的边。一阵突然而剧烈的爆发 。如:一股熊熊火焰正从屋顶冒出来;尤指一阵感情的激烈爆发。如:一股劲。
肮	āng háng	常用汉字 · 8画 · 部首月	a.不干净；b.喻卑鄙、丑恶。咽喉
肪	fáng	常用汉字 · 8画 · 部首月	脂肪 。动物组织的一部分,主要由充满油脂物质或油液物质的细胞所组成。也特指动物腰部肥厚的油。
肥	féi	常用汉字 · 8画 · 部首月	(会意。从肉，本义:脂肪多)。同本义。引申为肥沃。茁壮,粗大。使土地肥沃。(fēi)。责难。油脂。古国名 。春秋时狄人所建,后为晋所灭。故都在山西省昔阳县东。姓。
服	fú fù	常用汉字 · 8画 · 部首月	(会意。古文从舟,兼做声符。本义:舟两旁的夹木)。服从,顺服。佩服;信服;使信服。使用。从事;致力。饮用或吞服药物。担任;承当。招认,承认,肯定,认可。穿着。佩带。铭记,怀念。任用。实行;施行。又如:服行(施行,实行)。得。使习惯于。又如:不服水土。负荷;驾驶。又如:服牛乘马(役使牛马驾车);服辂,服舆(驾车);服驯(驾驭车马);服御(驾驶车马)。遮盖,掩蔽。衣服,服装。事情。服丧。古代一车驾四马,居中的两匹叫“服”。盛箭之器。鸟名,又名山鴞,古以为不祥之鸟。又。姓。车厢。负载;负荷。
胁	xié	常用汉字 · 8画 · 部首月	(形声。从肉(月),劦(xié)声。本义:腋下肋骨所在的部分)。同本义。肋骨。旁边,边侧。挟持。威逼,用威力促使。(xī)。收缩。
周	zhōu	常用汉字 · 8画 · 部首口	(象形。甲骨文字形,在“田”里加四点,郭沫若认为“周象田中有种植之形。”有稠密和周遍的意思。小篆析为会意,从用口。段玉裁认为,善用口则周密。本义:周密;周到而没有疏漏)。同本义。稠密;紧密。亲密,亲切,熟悉而情深。周到,处处留意和体贴;周全;全面。完备。遍及;普遍。诚,忠信。周围。拐角儿。朝代名。公元前11世纪周武王灭商后建立,建都镐京(今陕西西安市南)。历史上称平王东迁以前为西周,以后为东周。公元前256年为秦所灭,共历三十四王,八百多年。南北朝时,宇文觉代西魏称帝,国号周。史称北周。为隋所灭。唐时,武则天临朝执政,改国号为周。五代时,郭威继后汉称帝,国号周。史称后周。960年为宋所灭。绕一圈,环绕。保全。周济;救济。合,适合。巩固。保密。(tiáo)调和,协调。回。“週”同“周”。姓。
昏	hūn	常用汉字 · 8画 · 部首日	(会意。从日,从氐(dǐ)省。“氐”是下的意思。合起来表示日已下沉。本义:黄昏) 同本义。引申为昏暗;无光。昏聩;糊涂。世道混乱、黑暗。斑驳难辨。昏迷;失去知觉。惑乱;迷惑。
鱼	yú	常用汉字 · 8画 · 部首鱼	(象形。甲骨文字形,象鱼形。本义:一种水生脊椎动物)。完全水生并在水中呼吸的有头冷血脊椎动物,包括圆口类、板鳃类和具有软骨或硬骨骨骼的高等有鳃水生脊椎动物。某些像鱼的水生动物。两眼白色的马。中医穴位名。指手拇指(或足姆趾)后方的掌(或跖)骨处有明显肌肉隆起,状如鱼腹的部位。“渔”的古字。打鱼,捕鱼。姓。
兔	tù	常用汉字 · 8画 · 部首刀	(象形。象踞后其尾形。本义:哺乳类动物,通称兔子)。同本义。古代车制 。舆下方木,伏于毂上轴内两旁,用以承舆者。名优兔,省称为兔。
狐	hú	常用汉字 · 8画 · 部首犭	(形声。从犬,瓜声。本义:狐狸)。同本义。
忽	hū	常用汉字 · 8画 · 部首心	(形声。从心,勿声。本义:不重视;忽略)。同本义。忽然;突然。急速。渺茫;辽远;恍忽。中国古代的长度和重量单位,1忽等于1/1000分,即等于1/3000厘米或1/20000克。姓。
狗	gǒu	常用汉字 · 8画 · 部首犭	(形声。从犬,句(gōu)声。本义:犬。原指小犬。后为狗犬的通称)。同本义。古代特指未长毛的小狗崽。比喻坏人。指事之失度或人之失意。
狞	níng	常用汉字 · 8画 · 部首犭	弱。忿怒而视。
备	bèi	常用汉字 · 8画 · 部首夂	(形声。从人,備(bèi)声。本义:谨慎、警惕)。同本义。完备;齐备。疲乏;困顿。准备;预备。防备;戒备。储备。提供或装备。凑数;充数。设备;设施。又。全部;完全;尽。
饰	shì	常用汉字 · 8画 · 部首饣	(形声。从巾,从人,食声。人佩巾有装饰作用。本义:刷拭)。同本义。装饰;修饰。掩饰,粉饰。表扬,奖励。整饬;整治。饰物,装饰品。
饱	bǎo	常用汉字 · 8画 · 部首饣	(形声。从食,包声。本义:吃足)。同本义。与“饥”相对。充足,多。满足。
饲	sì	常用汉字 · 8画 · 部首饣	(形声。从食,司声。本义:给人吃,喂食。本作“食”)。同本义。粮食。
变	biàn	常用汉字 · 8画 · 部首又	(形声。从攴(pū),孌(luán)声。本义:变化,改变)。同本义。变通。发动事变。事变,有重大影响的突发事件。灾异,异常的自然现象。
京	jīng	常用汉字 · 8画 · 部首亠	(象形。甲骨文字形,象筑起的高丘形,上为耸起的尖端。本义:人工筑起的高土堆)。同本义。国都。京族。古代数目名十兆为京,一说万万兆为京。古代数位序列是:万、亿、兆、京。十兆为京。春秋时邑名,汉置京县 。故城在今河南省荥阳县东南二十余里。大,盛。悲痛的。姓。
享	xiǎng	常用汉字 · 8画 · 部首亠	(会意。本作“亯”。从“高”省,“曰”象进献熟物形。本义:祭献,上供。用物品进献人,供奉鬼神使其享受)。同本义。人享受福禄。献,像进贡那样地交付、献出。鬼神享用祭品。宴请,以酒食待客适应。
庞	páng	常用汉字 · 8画 · 部首广	(形声。从广,龙声。广(yǎn),象高屋形。本义:高屋)。同本义。多而杂乱的。高大。厚实。
店	diàn	常用汉字 · 8画 · 部首广	(形声。从广(yǎn),占声。从“广”,表示与房屋有关。本义:栈房)。同本义。
夜	yè	常用汉字 · 8画 · 部首夕	(形声。金文字形。从月,亦声。本义:从天黑到天亮的时间)。同本义。黄昏,天黑。凌晨,天快要亮的时候。晦暝,幽暗。
庙	miào	常用汉字 · 8画 · 部首广	(形声。从广(yǎn),朝声。“广”与建筑物有关。本义:宗庙,供奉祭祀祖先的处所)。同本义。古时供奉神佛的处所。古时供奉祭祀历史上有名人物的处所。“朝廷”的代称。古代贵族住房的前厅,王宫和庙宇的前殿都称庙。已死皇帝在宗庙中的称呼。祭祀;立庙祭祖。
府	fǔ	常用汉字 · 8画 · 部首广	(形声。从广(yǎn),表示与房屋有关,付声。本义:府库,府藏。古时国家收藏文书或财物的地方)。同本义。官署。汉至南北朝多指高级官员及诸王治事之所。脏腑。又。屈身,低头,与“仰”相对。
底	de dǐ	常用汉字 · 8画 · 部首广	“底”在五四时期至三十年代用于领属关系,现已不用。(形声。从广(yǎn),氐(dǐ)声。本义:止住;停滞)。同本义。又。最下面,底端。疑问代词。何,什么。
疟	nüè yào	常用汉字 · 8画 · 部首疒	(形声。从疒(chuáng),虐声。本义:病名,即疟疾)。同本义。残暴;灾害。——义同“疟”(nüè),只用于“疟子”(yàozi)。
疙	gē	常用汉字 · 8画 · 部首疒	——如:疙蹅蹅(象声词。敲击器物的声音);疙皱(蹙眉。表示烦恼、发愁);疙颤颤(抖动摇晃的样子;颤巍巍);疙秃(头上突起的疮疖)。
疚	jiù	常用汉字 · 8画 · 部首疒	(形声。从疒(chuáng),表示与疾病有关,久声。本义:久病)。同本义。贫穷。缺陷。害;灾殃。因有过失而感到内心惭愧痛苦。困惑。败坏;伤害。居丧。
剂	jì	常用汉字 · 8画 · 部首刂	(会意。从刀,齐声。“齐”亦兼表字义。本义:剪齐)。同本义。割。调节;调和。古代买卖时用的契券。分剂,一定的分量。
卒	cù zú	常用汉字 · 8画 · 部首十	仓促,急速。突然。(指事。小篆字形,在“衣”上加一点标记,表示穿这种衣服的人。本义:古代供隶役穿的一种衣服。衣上著有标记,以区别于常人)。同本义。古代供驱遣从事一定劳役的奴隶。后用为低级差役的称呼。步兵。后泛指士兵。春秋时地方一级居民单位名,同时也是一级军队编制名。古代天子统率诸侯的一级组织名。三十国为卒。春秋时军队中百人的指挥者。末尾,结局。棋子。终止;尽,完毕。古代指大夫死亡,后为死亡的通称。停止。终究;终于。
郊	jiāo	常用汉字 · 8画 · 部首阝	(形声。从邑,交声。从“邑”,表示与城郭、行政区域有关。本义:上古时代国都外百里以内的地区称“郊”)。郊区。田野。古代祭天地的典礼。古地名 。春秋晋地。在今山西省运城县境。在郊区住。
庚	gēng	常用汉字 · 8画 · 部首广	天干的第七位,与地支相配,用以纪年、月、日。又以配五行。赔偿,偿还。变更;更换愈加。姓。
废	fèi	常用汉字 · 8画 · 部首广	(形声。从广,发声。从“广”(yǎn),表示与房屋有关。本义:房子倾倒)。同本义。泛指倾圮,倒塌。废弃;废除。停止; 中止。废黜,罢官。衰败;败坏。坠落;跌下。杀害,杀死。费,浪费。举,发生。荒废,放弃不用的。沮丧失望。衰败。残疾的。
净	jìng	常用汉字 · 8画 · 部首冫	(形声。从水,争声。本义:春秋时鲁国北城门“争门”的护城河)。同本义。清洁,洁净。亦用于形容抽象事物。亦指明净。空无所有,无余。冷。
盲	máng	常用汉字 · 8画 · 部首目	(形声。从目,亡声。本义:眼睛失明)。同本义。昏暗。迅疾。使失明。看望。指盲人。
放	fàng	常用汉字 · 8画 · 部首攵	(形声。从攴(pū),方声。本义:驱逐,流放)。同本义。又。舍弃;废置。解除约束;释放。免去;免除。放纵,恣纵。发放。搁置;放下。委任;外放(旧指京官调任外地)。从。并船。又如:落日放船好,轻风生浪迟。发射;放射;发出。又如:有的放矢;放电;放光。点燃 如:放爆竹;放焰火。在规定的时间内停止学习或工作 如:放寒假;放学。阻碍。模拟。又如:放物(模拟事物);放效(模拟仿效)。相似。正当。
刻	kè	常用汉字 · 8画 · 部首刂	(形声。从刀,亥声。本义:雕刻,在木头上雕刻)。同本义。又。泛指在各种材料上的雕刻。绘画;修饰。限定。伤害。铭记。时间单位,一小时的四分之一。刻薄;苛刻。
育	yō yù	常用汉字 · 8画 · 部首月	—— 见“杭育”(hángyō)。(会意。甲骨文字形,象妇女生孩子。上为“母”及头上的装饰,下为倒着的“子”。)。同本义。抚养;教育。
氓	máng méng	常用汉字 · 8画 · 部首氏	——“流氓”(liúmáng):原指无业游民,后来指品质恶劣、不务正业、为非作歹的人。(会意。从民,亡声。“亡”亦有表意作用,指自彼来此之民。本义:外来的百姓)。同本义。古代称百姓。野民,周朝指居住在鄙野地区从事农业生产的奴隶。灭,尽。
闸	zhá	常用汉字 · 8画 · 部首门	(形声。从门,甲声。本义:开闭門(根据枢转轧轧有声而造字,本义读yā声))。水闸。把水截住,关闸。引申为拦。
闹	nào	常用汉字 · 8画 · 部首门	(会意。从市,从門(斗)。市场上的争吵、喧闹。本义:嘈杂,喧扰)。同本义。热闹。浓盛。争吵。
郑	zhèng	常用汉字 · 8画 · 部首阝	(形声。从邑,奠声。从邑,与地名、邦域有关。本义:周代诸侯国名,姬姓)。同本义。原指春秋战国时郑国的民间音乐,后与所谓雅乐对举,指与雅乐相背的“淫邪之音”。郑重;慎重。姓。
券	quàn xuàn	常用汉字 · 8画 · 部首刀	(形声。 券要分成两半,故从“刀”。本义:契据)。同本义。古代用于买卖或债务的契据。书于简牍,常分为两半,双方各执其一,以为凭证。后用纸帛书写。状写,描摹。钻。懈怠,厌倦。通称“拱券” 。桥梁、门窗等建筑物上呈弧形的部分。
卷	juǎn juàn quán	常用汉字 · 8画 · 部首厄	(形声。从卩(jié,甲骨文象人曲膝而跪的样子),劵(juàn)声。(quǎn)本义:膝曲)。把物弯转成圆筒形。席卷。衮服。古代贵族画卷龙图案的礼服。断绝。犹聚。古时书籍写在帛或纸上,一部书可分成若干部分,每部分的文字自有起讫,后代仍用来指全书的一部分。试卷。裱好并带轴的书画等。膝盖弯曲。引申泛指弯曲。诚恳。美好的样子。
单	dān chán shàn	常用汉字 · 8画 · 部首十	(本义:大)。同本义。单独。一个。孤独;孤立。衣物等单层。衣物单薄。古代匈奴君主的称号。地名。单县 ,在山东省西南部。姓(春秋有单豹)。
炬	jù	常用汉字 · 8画 · 部首火	(形声。从火,巨声。本义:火把)。同本义。蜡烛。火烧;放火。
炒	chǎo	常用汉字 · 8画 · 部首火	(形声。从火,少声。本义:煎炒,火干)。中药炮制法之一。将药材放在锅内加热、翻动至一定要求 。炒时不加辅料叫清炒;加辅料同炒的有:麸炒、土炒、米炒、酒炒、醋炒等。
炊	chuī	常用汉字 · 8画 · 部首火	(形声。从火,吹省声。本义:烧火做饭)。同本义。
炕	hāng kàng	常用汉字 · 8画 · 部首火	张开。(形声。从火,亢声。本义:干,烘干)。同本义。又如：把湿褥子在炕上炕一炕。断绝。中国北方住宅里用砖或土坯砌成,上面铺席,下有孔道和烟囱相通,可以烧火取暖的床。干渴。急躁。
炎	yán	常用汉字 · 8画 · 部首火	(会意。从二火。本义:火苗升腾)。同本义。焚烧。炎热,酷热。
炉	lú	常用汉字 · 8画 · 部首火	(形声。从火,盧声。本义:贮火的器具,作冶炼、烹饪、取暖等用)。火炉。又。古代酒店前放置酒坛的土台子。
沫	mò	常用汉字 · 8画 · 部首氵	(形声。从水,末声。本义:沫水)。同本义。古水名,即今四川省大渡河。泡沫,沫子。唾沫。竭,终止。
浅	qiǎn jiān	常用汉字 · 8画 · 部首氵	实行,实现。(形声。从水,戔(jiān)声。本义:水不深)。从表面到底或外面到里面距离小的。与“深”相对。从上到下或从外到内距离小(跟“深”相反)。浅显,明白易懂。肤浅,浅薄。不久，时间短。衣带宽松。程度不深的。颜色淡薄。流水声
法	fǎ	常用汉字 · 8画 · 部首氵	(会意。从“水”,表示法律、法度公平如水;从“廌”(zhì),即解廌,神话传说中的一种神兽,据说,它能辨别曲直,在审理案件时,它能用角去触理曲的人。基本义:刑法;法律;法度)。同基本义。又。法令;规章;制度。标准;模式。方法;办法。法拉,电容的MKS制实用单位,等于电容器极板上充以1库仑电量后两板间的电压为1伏特时的电容。尊称佛家的事物。中国战国时期一重要学派名。法国的简称。合法。效法。守法。依法处治。姓。
泄	xiè	常用汉字 · 8画 · 部首氵	(形声。从水,世声。本义:泄水。在江西)。假借为“歇”。发泄;发散。排出。腹泻。泄漏;泄露。物体由孔穴或缝中滴下、透出或掉出。狎侮;轻慢。指风邪久入腠理间,以致出现汗泄不止、口干、身痛的病症。皮肤长小疙瘩并有瘙痒的病症。
沽	gū	常用汉字 · 8画 · 部首氵	(形声。从水,古声。本义:古水名)。同本义。古水名,即今河北省白河。即今河北省州河。下流为蓟运河,经宁河县至天津市北塘入海。天津市的别称。买。多指买酒卖,出售粗劣。简略。
河	hé	常用汉字 · 8画 · 部首氵	(形声。从水,可声。本义:黄河)。同本义。河流的通称。天河,银河。
沾	zhān	常用汉字 · 8画 · 部首氵	古水名。淇水支流。源出山西省壶关县南赵掌尖老山南麓,东流入河南省,至鹤壁市西注入淇水。今上流建有弓上水库。假借为“霑”。浸润;浸湿。接触。熏陶;感化。雨水浸湿。比喻恩泽沾润。
泪	lèi	常用汉字 · 8画 · 部首氵	(形声。从水,戾(lì)声。简化字“泪”是个从“水”从“目”的会意字。本义:眼泪)。同本义。流泪。
沮	jǔ jù	常用汉字 · 8画 · 部首氵	(形声。从水,且声。①(jū)本义:古水名。在今陕西省。②阻止)。阻止,阻遏;终止。畏惧,恐惧。破坏,败坏。丧气、颓丧或灰心失望。湿,湿润。
油	yóu	常用汉字 · 8画 · 部首氵	(形声。从水,由声。本义:油水)。同本义。古水名。也作“繇”。发源于湖北五峰县界,东流经松滋县界,至公安县西南油口注入长江。今其上游汇入松滋河,南流注入澧水,下游为荆江分洪区,故址已不复存在。动物的脂肪和由植物或矿物中提炼出来的脂质物。涂油。比喻浮滑,不诚实。色泽光润的样子。和悦恭谨的样子。流动的样子,常形容云和水。
泊	bó pō	常用汉字 · 8画 · 部首氵	(形声。从水,白声。本义:停船)。同本义。栖止,停留。淡泊;恬静(心地安然,不为名利所动)。轻微;不厚道。粘。
沿	yán	常用汉字 · 8画 · 部首氵	同本义。遵循;因袭。
泡	pào pāo	常用汉字 · 8画 · 部首氵	(形声。从水,包声。本义:浮沤,水泡)。古水名。又名丰水。盛大。相当于“番”、“回”。
注	zhù	常用汉字 · 8画 · 部首氵	(形声。从水,主声。本义:灌入,注入)。同本义。集中;聚集。解释古书原文意义为“注”(解释前人注文的意义为“疏”)。投;击。连为一个整体;连接。预示。涂抹。记载。预先决定。附着;安放。输送。赌注。用于斟注的小壶。屋檐滴水处。古地名 。故址在河南省临汝县西。用于赌注。赌博时一次所用的本钱叫一注。用于钱款、交易等。相当于“笔”、“桩”。用于雨。相当于“阵”、“场”。用文字解释词句。记载;登记。
泣	qì	常用汉字 · 8画 · 部首氵	(形声。从水,立声。本义:无声或低声地哭)。同本义。眼泪。
泞	nìng	常用汉字 · 8画 · 部首氵	(形声。从水,宁声。本义:泥浆) 同本义。按,荥泞叠韵连语,小水之貌。
泻	xiè	常用汉字 · 8画 · 部首氵	倾泻。倾注;倾倒。排泄。消散。
泌	bì mì	常用汉字 · 8画 · 部首氵	(形声。从水,必声。本义:泉水涌出的样子) 同本义。又指涌出的泉水。水名。在河南省西南部,唐河上游的别称。在山东省中部,源出肥城县,流入汶水。现称卫鱼河。
泳	yǒng	常用汉字 · 8画 · 部首氵	(形声。从水,永声。本义:潜行水中;游泳) 同本义。
泥	ní nì	常用汉字 · 8画 · 部首氵	(形声。从水,尼声。本义:泥水)。中国古水名,泾水支流,即今甘肃省庆阳地区的东河及其下流马连河。泥土;泥巴。泥水,稀泥;烂泥。一堆捣成或压成的柔软的糊状混合料。读“niè”,通“涅”,染黑。软弱无力。阻塞,阻滞。拘泥于;拘执,不变通。涂沫。糊。软求,软缠;缠着。
沸	fèi	常用汉字 · 8画 · 部首氵	(形声。从水,弗声。本义:泉水大量涌出的样子)。同本义。水波翻涌的样子。把水烧开;沸腾。声音喧闹或嘈杂。沸水。
沼	zhǎo	常用汉字 · 8画 · 部首氵	(形声。从水,召声。本义:水池,积水的洼地。上古时期,池和沼都表水池,塘在中古时期才表示水池。一说圆曰池,曲曰沼)。同本义。池水。
波	bō	常用汉字 · 8画 · 部首氵	(形声。从水,皮声。本义:波浪,水自身涌动而成波动的水面)。同本义。涌流的水;流水。目光流转;流转的目光。激荡,起水波。奔;逃跑。
泼	pō	常用汉字 · 8画 · 部首氵	(形声。从水,发声。本义:水漏出。见《玉篇》。用力向外倒或洒)。同本义。泡。淹死。凶悍,蛮横,耍赖。讨厌,恶劣;无赖;可恶。
泽	zé	常用汉字 · 8画 · 部首氵	(形声。从水。睪(yì)声。本义::光泽,润泽)。同本义。水深的湖泽或水草丛杂的湖泽。恩泽,恩惠。仁慈的行动。雨和露。土壤中的水分。津液、唾液或汗水。润头发或皮肤的油脂。汗衣;内衣。禄位;遗风。
治	zhì	常用汉字 · 8画 · 部首氵	(形声。从水,台声。①(chí)本义:水名。②引申义:治水;整治;修治)。同引申义。治理;管理;统治。办理;处理。经营。治;治疗。惩处;惩办。修筑。整顿,训练。研究。政治。社会安定、太平(跟“乱”相对)。又。姓。
怔	zhēng zhèng	常用汉字 · 8画 · 部首忄	(形声。从心,正声。本义:惶恐不安的样子)。同本义。发愣,发呆。
怯	qiè	常用汉字 · 8画 · 部首忄	(形声。从心,去声。《说文》:本从犬。本义:胆小,畏缩)。同本义 怯,多畏也。从犬,去声。杜林说,从心或曰劫省声。——《说文》。土气。虚弱。害怕;畏惧。舍弃。
怖	bù	常用汉字 · 8画 · 部首忄	(形声。从心,布声。《说文》“作‘悑’”。本义:惶恐,惊惧)。同本义。恐吓。
性	xìng	常用汉字 · 8画 · 部首忄	(形声。从心,生声。本义:人的本性)。同本义。事物的性质或性能。(shēng)。生命;生机。性情;脾气。
怕	pà	常用汉字 · 8画 · 部首忄	(形声。从心,白声。怕就是怖,“怕”是中古的新字。本义:畏惧)同本义。如其,倘。
怜	lián	常用汉字 · 8画 · 部首忄	(形声。从心,粦声。本义:哀怜,怜悯)。同本义。爱,惜。吝惜。遗憾。
怪	guài	常用汉字 · 8画 · 部首忄	(形声。从心,圣(kù)声。恠曾为怪的俗字。本义:奇异;奇怪) 同本义。妖精,鬼物。责怪。惊异;觉得奇怪。
怡	yí	常用汉字 · 8画 · 部首忄	(形声。从心,台(yí)声。本义:和悦的样子)。同本义。喜乐的,使人心神感官愉快的。姓。
学	xué	常用汉字 · 8画 · 部首子	(形声。本作“壆”,象双手构木为屋形。后作声符,加“子”为义符。子,孩子。小孩子是学习的主体。本义:学习)。同本义。模仿。讲述,说。讲学。学校 。又曾称学庐、学教、学馆、学堂、学宫、学院、学屋、学园。学问。学科;某一门类系统的知识。
宝	bǎo	常用汉字 · 8画 · 部首宀	(形声。甲骨文字形,象房子里有贝和玉,表示家里藏有珍宝,会意。在西周金文里,又加上一个声符“缶”(古音与“宝”同)。本义:珍宝)。同本义。珍贵的东西。印信符玺。一种赌具。方形,用牛角或硬木做成,上有指示方向的记号,参加赌博的人猜测宝上所指的方向下注。珍爱,珍视。珍贵的,宝贵的。敬词。姓。
宗	zōng	常用汉字 · 8画 · 部首宀	(会意。从宀示。示,神祇,宀,房屋。在室内对祖先进行祭祀。本义:宗庙,祖庙)。同本义。祖先(常指祖父辈以上的)。宗族;同族。宗派;派别。宗子,即嫡长子。即品系 。一个种中具有明显不同的形态和生理特性的变种,如异宗配合的霉菌有两个宗:(十)宗和(一)宗,前者以其较强壮的生长势而区别于相应的后者。被传达、表示或暗示的意思;主旨。尊祭之神。帝王的庙号。从汉代起,始帝称为太祖、高祖或世祖,以后的嗣君称为太宗、世宗等。诸侯夏天朝见天子之礼。尊崇。尊敬。取法。归往。归向。
定	dìng	常用汉字 · 8画 · 部首宀	(会意。从宀(mián),从正。“正”亦兼表字音。本义:安定;安稳)。同本义,与“乱”或“动”相对。镇静;宁静。固定。使安定。平定。又。奠定。决定。确定。规定。约定签定,缔结。止;停止。判定,断定。一定。到底;究竟。
宠	chǒng	常用汉字 · 8画 · 部首宀	(形声。从宀(mián),龙声。本义:尊崇)。同本义。宠爱。荣耀。受宠爱的人。
宜	yí	常用汉字 · 8画 · 部首宀	(会意。从门之下一之上。甲骨文字形。象屋里俎上有肉的形状。本义:合适;适宜) 同本义。煮熟可吃的肉。祭名。祭祀土地之神。适宜的事。法度,标准。(yì)。合理的道理、行为。应当(多用于否定式)。当然。大概。
审	shěn	常用汉字 · 8画 · 部首宀	(会意。从宀番。宀房屋。番,兽足。屋里有兽足印,能仔细分辨。简体字从宀申声。本义:详究;考察)。同本义。知道,知悉。又。审核,审查,检查核对。审讯;审判。询问,打听清楚。真实;确实。详尽,仔细。慎重,小心谨慎。确切。正,不偏斜。固定;安定。
宙	zhòu	常用汉字 · 8画 · 部首宀	(形声。从宀(mián),由声。“宀”,表示房屋。本义:栋梁)。同本义。古往今来的时间;时间的总称。天空。
官	guān	常用汉字 · 8画 · 部首宀	(会意。甲骨文字形,从“宀”(mián), 以冖覆众,则有治众的意思。本义:官吏,官员)。同本义。官府(政府机关)。房舍,馆舍。器官。官职,职位。古时用以称天子。公;公有。与“私”相对。当官,作官。(guǎn)。管制,管理。姓。
空	kōng kǒng kòng	常用汉字 · 8画 · 部首穴	空虚;内无所有。引申为空虚处,空档。罄尽;空其所有。引申为没有。广阔;空旷。空洞而不实际;空泛;虚构。空间;天空。佛教语。道家谓虚静之性。徒然;白白地。只;仅。使空虚;使罄尽。(形声。从穴,工声。本义:孔,窟窿)。同本义口,嘴巴。使之困穷。腾让出来。闲暇,闲功夫,没被占用的时间。
帘	lián	常用汉字 · 8画 · 部首巾	旧时酒家、茶馆作店招的旗帜,用布做成。(形声。从竹,廉声。本义:门帘)。帘子,遮蔽门窗的用具。古代盛梳妆用品的器具,也用于嫁女时嫁妆的總稱。
宛	wǎn	常用汉字 · 8画 · 部首宀	(形声。从宀(mián),夗(yuàn)声。象屋里的草弯曲自相覆盖。本义:弯曲)。同本义。晃荡;摇动。释散。委婉;婉转。凹入;低洼。隆起。顺利;顺遂。小。似乎,好像;仿佛。
实	shí	常用汉字 · 8画 · 部首宀	(会意。从宀,从贯。宀,房屋。贯,货物,以货物充于屋下。本义:财物粮食充足,富有)。同本义。真实;诚实。广大。坚实;坚强。果实;种子。实际,事实。物资,器物。结果,效果。诚实的人。真正地;确实;实在。果然。终于。实际上。充满;充实;填塞。结果实;结子实。使加强,充实。察实;核实。即,就是。据实陈报。
试	shì	常用汉字 · 8画 · 部首讠	(形声。从言,式声。本义:用;任用)。同本义。尝试。初次使用。试验。考查;考试。试探;刺探。旧称臣杀君、子杀父母等行为。相当于“姑且”。
郎	láng	常用汉字 · 8画 · 部首阝	(形声。从邑,良声。从“邑”,表示与行政区域有关。本义:古邑名。在今山东金乡县境)。古地名。春秋鲁邑。在今山东省鱼台县东北,是费伯的食邑。在今山东省曲阜县附近。郎,古廊字。原指宫殿廷廊,置侍卫人员所在。官名。旧时妇女对丈夫或情人的昵称。汉魏以后少年的美称。旧时对一般男子的尊称。仆人称主人为郎。又。室外有顶的过道。朝廷。
诗	shī	常用汉字 · 8画 · 部首讠	(形声。从言,寺声。本义:诗歌)。同本义。指《诗经》。在古语中凡称“诗曰”、“诗云”都是指《诗经》。诵诗;作诗;赋诗歌颂。
肩	jiān	常用汉字 · 8画 · 部首月	(象形。从户,从肉。本义:肩膀)。同本义。动物的腿根部。任,任用。用于比喻重量、负担。
房	fáng	常用汉字 · 8画 · 部首户	(形声。从户,方声。上古边室皆用单扇门(即“户”),庙门大门才用双扇门,故“房”从“户”。本义:正室左右的住室)。古代堂中间叫正室,两旁的叫房。泛指房屋。房间。官署及办公处所 。如:房科(旧时官衙里的下级办事人员);房省(宫室,官署)。又指明清乡、会试分房阅卷处所。亦指分房阅卷的同考官。如:房书(八股文的选集,所选的是进士的文章);房考(亦称“房官”。明清时乡、会试时分房阅卷的考官);房差(房考官的差使)。结构和作用像房子的东西。房族及其宗支的单位。妻室。俎,祭器。用于植物的果实等物,相当于“串”、“个”。用于妻妾,相当于“个”。姓。
诚	chéng	常用汉字 · 8画 · 部首讠	(形声。从言,成声。本义:诚实,真诚)。同本义。真实。确实,的确。果真;如果。
衬	chèn	常用汉字 · 8画 · 部首衤	(形声。从衣,親声。本义:外衣内的单衫)。
衫	shān	常用汉字 · 8画 · 部首衤	古代指无袖头的开衩上衣。
视	shì	常用汉字 · 8画 · 部首见	(会意兼形声。从见示,示亦声。见,看见。示,表现。本义:看)。同本义。考察,察看,审察。治理,处理。看待。向…表示。比照。效法。接纳。眼;眼力;视线。水名。即“涀水” 。在河南省叶县西。
祈	qí	常用汉字 · 8画 · 部首礻	(形声。从示,斤声。本义:向上天或神明求福)。同本义。请求;希望。假借为 “畿”。古称天子直辖之地。
话	huà	常用汉字 · 8画 · 部首讠	(形声。从言,舌声。本义:言语)。同本义。说;谈。
诞	dàn	常用汉字 · 8画 · 部首讠	(形声。从言,延声。本义:说大话)。同本义。虚妄;荒唐。大。生育;出生。
诡	guǐ	常用汉字 · 8画 · 部首讠	(形声。从言,危声。本义:责成,要求)。同本义。违反,自相矛盾。隐蔽;隐藏。怪异,奇异。欺诈;假冒。
询	xún	常用汉字 · 8画 · 部首讠	(形声。从言,旬声。本义:询问,请教)。同本义。查考;打听。谋。均,协调。
该	gāi	常用汉字 · 8画 · 部首讠	(形声。从言,亥声。本义:军中互相戒守的约言。《说文》:“该,军中约也。”引申为“完备”。引申义:完备,包括一切同引申义。包容;包括。应该;应当(宋、元时才出现此义)。欠。表示范围,相当于“全”、“都”。
详	xiáng	常用汉字 · 8画 · 部首讠	(形声。从言,羊声。本义:审察,审理)。同本义。详细说明。清楚地知道。旧时下级将案情向上级报告请示。祷祝。揣摩;推断。详细;详尽。公平。吉祥庄重。安详。详情;细节。旧时下级将案情向上级请示报告的公文。
建	jiàn	常用汉字 · 8画 · 部首廴	(会意。从廴(yǐn),有引长的意思,从聿(意为律)。本义:立朝律)。同本义。引申为建立、创设。封立。树立、竖起。建筑;建造。倡仪;提出。为岁首的历法。星官名。建星(古星官名。亦省称“建”。凡六星。在黄道北。与南斗六星同属斗宿)。
肃	sù	常用汉字 · 8画 · 部首聿	(会意。小篆字形。表示人战战兢兢,非常畏惧小心。本义:{恭敬})。同本义。庄重;严肃。清静;安静。峻急。十万火急的。敏捷揖拜。拜礼之一。即揖。今妇人行礼称端肃,朋友通函称肃启、谨肃,本此。恭敬地引进。衰落,萎缩。清除;平靖;肃清。整饬;整肃。古代州名 。隋置。在今甘肃省。
录	lù	常用汉字 · 8画 · 部首彐	(形声。从金,录声。本义:绿色金属)。同本义。记载言行事物的册籍。次第,次序。总领。抄写(含有有选择地照样誊写的意味)。又。记载。采取。记;惦记。逮捕。收集;收藏。
隶	lì	常用汉字 · 8画 · 部首隶	(隶:又樆尾会意。本义:逮、捕、追及)。同本义。跟从;附属。流离。检查。练习。中囯古代对一种奴隶或差役的称谓。
帚	zhǒu	常用汉字 · 8画 · 部首巾	(象形。甲骨文字形,象扫帚形。本义:扫帚) 同本义。
屉	tì	常用汉字 · 8画 · 部首尸	鞍屉,马鞍垫子。抽屉。笼屉 。窗棂;窗格子。“屟”。
居	jū	常用汉字 · 8画 · 部首尸	(象形。金文字形,是“踞”的本字,象人曲胫蹲踞形。本义:蹲着)。同本义居住。坐。处在,处于。积储。占。治理;安置。停止;休息;止息。傲慢。住所,住宅。平素家居。
届	jiè	常用汉字 · 8画 · 部首尸	(形声。从尸,凷(kuài)声。本义:人行路不便) 同本义。极限;穷极。到达。届满,结束 (如一段时间)。
刷	shuā shuà	常用汉字 · 8画 · 部首刂	(形声。本义:清扫;揩拭;冲洗)。同本义。清除;洗雪。刷抹;涂抹。选取。查,查核;查究。刷子。刷白。
屈	qū	常用汉字 · 8画 · 部首尸	(形声。从尸,出声。尸,古文字中是假卧着的人形。本义:弯曲)。同本义。委屈;冤屈。屈服。治理,收治。强迫。理亏。古邑名 。春秋晋地。在今山西省吉县北,盛产良马。假借为“崛”。高起,突出。假借为“倔”。直傲不屈。
弧	hú	常用汉字 · 8画 · 部首弓	(形声。从弓,瓜声。本义:木弓)。同本义;泛指弓。张旗用的竹弓。弯曲如弓。圆弧。电弧。在地面上沿一条曲线重复出现的地质或地形特征。
弥	mí	常用汉字 · 8画 · 部首弓	(形声。从弓,尔声。本义:放松弓弦)。同本义。充满;填满。停止。遍;满。广。久;远。更加;越发。
弦	xián	常用汉字 · 8画 · 部首弓	(会意。左为“弓”,右为“丝”。弓弦是用丝做成的。本义:弓弦)。同本义。乐器上的肠线或金属丝。弦乐器。弦乐器弹奏出的声音。直角三角形的斜边(直角所对的边)。四分之一。地平圈按四分之一划分的一个部分或相当于这一部分的基本方位点。半圆形的月亮。周代国名 。春秋时为楚所灭。故城在今河南省潢川县西南。弦脉。中医指脉气紧张,是脉象之一。弹奏琴瑟等弦乐器。安上弓弦。姓。
承	chéng	常用汉字 · 8画 · 部首手	(会意。甲骨文字形,上面象跽跪着的人,下面象两只手。合起来表示人被双手捧着或接着。本义:捧着)。继承。接受;承受。
孟	mèng	常用汉字 · 8画 · 部首子	(形声。从子,皿声。本义:妾媵生的长子称“孟”,正妻生的长子称“伯”,后来统称长子)。同本义。始,四季中每季的第一个月。假借为“猛”。威猛。民众。姓。孟尝(齐国贵族,姓田名文;春申,楚国人,姓黄名歇。他们同赵国的平原君和魏国的信陵君都是当时仅次于国君的当政者,被称赤“战国四君子”)。
陋	lòu	常用汉字 · 8画 · 部首阝	(形声。本义:狭窄,狭小)。同本义。简陋。知识浅薄。偏僻;边远。粗劣。粗俗,野鄙。不好看,丑。
陌	mò bǎi	常用汉字 · 8画 · 部首阝	(形声。从阜(fù),百声。阜,土山,与地形有关。本义:田间小路)。田间东西方向的小路。也泛指田间小路。泛指道路。田野。街道。用于钱,指一百文。用于旧时祭奠所烧的纸钱,约相当于“叠”。
孤	gū	常用汉字 · 8画 · 部首子	(形声。从子,瓜声。本义:幼年丧父,即孤儿)。同本义。古代王侯的自称。单独;孤独。孤高。独特。负,负恩,背弃恩德。狐立于。
陕	shǎn	常用汉字 · 8画 · 部首阝	古地名。战国陕邑,在今河南省陕县。中国陕西省的简称。狭窄。
降	jiàng xiáng	常用汉字 · 8画 · 部首阝	(会意)。同本义,与“陟”相对。贬抑;降低。下落,落下。从高往低掉。诞生;降生。赐给;给予。投降。降服,使驯服。欢悦,快乐。详细。
函	hán	常用汉字 · 8画 · 部首凵	(象形。今隶误作函。本义:舌)。同本义。盛物的匣子、套子。信封。铠甲。包含;容纳。用匣子或封套装盛。陷入。宽阔。
限	xiàn	常用汉字 · 8画 · 部首阝	(形声。从阜,艮(gèn)声。阜,土山,与山势有关。本义:阻隔)。同本义。限制;限定。险阻。限期。界限、边界、分界线(如领土、运动场所、田地等)。限度,止境。门槛。
妹	mèi	常用汉字 · 8画 · 部首女	(形声。从女,未声。本义:妹妹)。称同父母或同父异母或同母异父比自己年纪小的女子。古邑 。在今河南省淇县。昏暗不明。
姑	gū	常用汉字 · 8画 · 部首女	(形声。从女,古声。本义:丈夫的母亲)。同本义。父亲的姐妹。丈夫的姐妹。姑且,暂且。(gǔ)。诂训。以通行的文字解释古代语言文字或方言字义。吸饮。
姐	jiě	常用汉字 · 8画 · 部首女	(形声。从女,且声。本义:母亲的别称)。女兄。同父母或只同父或同母;年龄比自己大的女子。指妓女。
姓	xìng	常用汉字 · 8画 · 部首女	(会意兼形声。从女,从生,生亦声。本义:标志家族系统的字)。同本义。命,性命。官吏。平民。子孙的通称。命名,称呼。
妮	nī	常用汉字 · 8画 · 部首女	(形声。从女,尼声。本义:婢女,侍候主人的女孩子)。同本义。
始	shǐ	常用汉字 · 8画 · 部首女	(形声。从女,台声。本义:开头,开始)。同本义。与“终”相对。过去,从前。根本,本源。当初,在最初的时候。曾,尝。刚刚;才。然后;随之;立刻就。仅仅,只。谋划。滋生。姓。
姆	mǔ mā	常用汉字 · 8画 · 部首女	(形声。从女,母声。本义:中国古代教育未出嫁女子的妇人)。同本义。乳母。[方言]母亲泛称跟母亲年龄相近的妇女
迢	tiáo	常用汉字 · 8画 · 部首辶	(形声。从辵(chuò),召声。本义:遥远)。同本义。高貌,高峻貌 。
驾	jià	常用汉字 · 8画 · 部首马	(形声。从马,加声。本义:以轭加于马上)。同本义。把鞍加在马背上。骑;乘。操纵;驾驶。用胳膊支撑。抵挡。凌驾;超越。传布。车子,或帝王车乘的总称。马拉车走一天叫一驾。姓。
叁	sān	常用汉字 · 8画 · 部首厶	"三"的大写。
参	cān cēn sān shēn	常用汉字 · 8画 · 部首厶	(本义见shēn音)。加入。参与(亦作“参予”“参豫”。预闻而参议其事)。领悟;琢磨。检验。进见,拜见(以一定的礼节进见)。弹劾,封建时代指向皇帝告发官吏罪状。即三。星名,二十八宿之一。
艰	jiān	常用汉字 · 8画 · 部首艮	(形声。表示与土有关,艮(gèn)声。本义:土难治理)。同本义。艰难;困难。险恶,危难。旧指父母之丧事。开发土地。
线	xiàn	常用汉字 · 8画 · 部首纟	(形声。从糸(mì),戔(jiān)声。本义:用棉麻丝毛等材料拈成的细缕)。同本义。细长如线的东西。线索。记录边界、区域或等高线的标记。
练	liàn	常用汉字 · 8画 · 部首纟	(形声。从糸(mì),表示与线丝有关,柬声。本义:把生丝煮熟;亦指把麻或织品煮得柔而洁白)。同本义。练习;操演。熔炼。选择。染。洁白的熟绢。古代祭名。因古时于父母去世十三月时戴练冠祭于家庙而得名。水名 。在今广东省普宁县至潮阳县一带。链子。白,素色。引申为经验多,精熟。姓。
组	zǔ	常用汉字 · 8画 · 部首纟	(形声。从糸(mì),且(jǔ)声。与丝织品有关,故从糸。本义:具有文采的宽丝带。古代多用作佩印或佩玉的绶)。同本义。代指官印或官吏。编织。华丽。
绅	shēn	常用汉字 · 8画 · 部首纟	(形声。从糸(mì),申声。本义:士大夫束在衣外的大带)。同本义。旧指地方上有地位权势的人物或他们所属的阶级。束上带子,佩大带。
细	xì	常用汉字 · 8画 · 部首纟	(形声。从系(mì),囟(xìn)声。系,细丝。本义:细小)。同本义。和“大”相对。纤细。和“粗”相对。精致,细密。仔细,详细。细音,尖细的声音 的韵母,称为“细音”)。地位低微。细微,轻微。旧称行为不高尚或地位低下的人。指轻微的罪过。
驶	shǐ	常用汉字 · 8画 · 部首马	(形声。从马,史声。本义:马行疾(快))。同本义。疾速。使者。也作“使”。
织	zhī zhì	常用汉字 · 8画 · 部首纟	(形声。从糸(mì),埴(zhí)声。从“糸”,与丝织品有关。本义:织布,制作布帛的总称)。同本义。编制,组成。搜罗;收集。布帛,织布机上的丝。又。旗帜。
驹	jū	常用汉字 · 8画 · 部首马	(形声。从马,句声。本义:两岁以下的马)。同本义。泛指少壮的马。
终	zhōng	常用汉字 · 8画 · 部首纟	(形声。从糸(mì),冬声。甲骨文字形,象一束丝,两头象结扎的末端。本义:把丝缠紧)。同本义。终了;结束。与“始”相对。又。死。完成。相当。古代历法指称“闰月”。众人。整;全,尽。(zhòng)。多。始终,总。表始终全过程。终究,到底。表示时间,相当于“常”、“久”。姓。
驻	zhù	常用汉字 · 8画 · 部首马	(形声。从马,主声。本义:马立止)。同本义。古时特指车驾停立。停留;止住。驻扎。居留其地。留住。
绊	bàn	常用汉字 · 8画 · 部首纟	(形声。从糸,半声。本义:驾车时套在牲口后部的皮带)。同本义。泛指系鸟兽的绳子。喻阴谋、圈套。亦用以比喻误中圈套而受害。装束,穿戴。羁绊;拘束;束缚。用绳子把足系住。走路或跑步时被别的东西挡住或缠住。
驼	tuó	常用汉字 · 8画 · 部首马	(形声。从马,它声。从马,表示与马相类的动物。本义:骆驼)。相当于“坨”、“块”。用牲口负物。也作“驮”。
绍	shào	常用汉字 · 8画 · 部首纟	(形声。从糸(mì),召声。本义:继承;紧密连续)。同本义。介绍,为人引见,使相互认识。
绎	yì	常用汉字 · 8画 · 部首纟	(形声。从糸(mì),睪(yì)声。本义:抽丝)。同本义。陈述。陈列。扰动。
经	jīng jìng	常用汉字 · 8画 · 部首纟	(古字为“巠”。形声。从糸(mì),表示与线丝有关,巠声。本义:织物的纵线,与“纬”相对)。同本义。南北纵贯的道路或土地。常道。指常行的义理、准则、法制。经典。历来被尊奉为典范的著作。中医称经脉,人体气血运行的通路。中国古代图书目录四部(经、史、子、集)分类法中指儒家经典及小学(文学、音韵、训诂)方面的书。中国古地名 。在今河北省巨鹿县东北。小路,途径。治理。经过,经历。经营;料理。量度;筹划。上吊,缢死。正常;经常。纺织,把纤维拧成纱。
贯	guàn	常用汉字 · 8画 · 部首贝	(会意。从毌(guàn),从贝(表示与钱财有关)。“毌”是贯穿之贯,象穿物之形。本义:穿钱的绳子)。同本义。旧时用绳索穿钱,每一千文为一贯。事情,事例。条理;系统。罪恶。祖籍;籍贯。序次;按顺序排列。古国名 。故址在曹州济阴县南五六十里。姓。汉有贯高。用绳子穿连成串。穿过;贯通,精通。累;连续。侍奉,服事。学习;复习。熟习;熟练。习惯。(wān)。弯弓,张满弓。
契	qì xiè	常用汉字 · 9画 · 部首大	古代在龟甲、兽骨上灼刻文字和灼刻文字用的刀具,皆称契。刻龟甲的凿子。泛指雕凿用具。感情志趣投合的朋友。用刀刻。又。楔子。人名。殷代的祖先,传说是舜的臣。
贰	èr	常用汉字 · 9画 · 部首贝	(会意。从贝,弍,(èr)声。本义:副)。同本义。二的大写 ——用于会计账中以防伪造。古国名 。故地在今湖北省应山县境。一分为二。背离;怀有二心。
奏	zòu	常用汉字 · 9画 · 部首大	(会意。小篆字形。上为“屮”(chè),初生的草,有上进义;中为双手形;下为“本”(tāo),行趋之义。本义:奉献,送上)。同本义。特指向帝王进言或上书。演奏,吹奏。取得;产生。进(刀)。臣子上帝王的文书。
春	chūn	常用汉字 · 9画 · 部首日	(会意。甲骨文字形,从草(木),草木春时生长;中间是“屯”字,似草木破土而出,土上臃肿部分,即刚破土的胚芽形,表示春季万木生长;“屯”亦兼作声符。小篆字形,隶变以后,除“日”之外,其他部分都看不出来了。本义:春。四季的第一季)。同本义。男女情欲。泛指一年。
帮	bāng	常用汉字 · 9画 · 部首巾	(形声。从巾,邦声。“巾”。从“巾”字多与布帛有关。本义:鞋的边缘部分)。同本义。从旁挟持。
玷	diàn	常用汉字 · 9画 · 部首王	(形声。本义:白玉上的斑点)。同本义。
珍	zhēn	常用汉字 · 9画 · 部首王	(本义:珠玉等宝物)。同本义。比喻难得的人才。精美的食品。珍贵的,宝贵的。珍爱,珍视。
玲	líng	常用汉字 · 9画 · 部首王	(形声。从玉,令声。玲玎:玉石等相击的清脆声)。象声词。玉声。明亮或美好的样子。
珊	shān	常用汉字 · 9画 · 部首王	由一种叫珊瑚虫的腔肠动物的外骨骼聚集而成。珊瑚在网比喻有才学的人都被收罗来了。
玻	bō	常用汉字 · 9画 · 部首王	a.一种质地硬而脆的透明物品，一般用细纱、石灰石、碳酸钠等混合起来，加高温熔解，冷却后制成，主要成分是二氧化碳、氧化钠和氧化钙。b.俗称某些透明的像玻璃的质料。【玻尔半径】在玻尔理论中是氢原子处于基态时电子绕核运行所作的圆轨道的半径。是原子物理学中的一种长度单位。常用表示。【玻尔的原子理论】根据卢瑟福的核式结构模型、用经典运动规律和普朗克的量子概念来阐明原子结构的初步理论。其主要内容包括如下假设（1）原子只能处于一系列不连续的能量状态中，在这些状态中原子是稳定的，电子虽做加速运动，但不向外辐射能量；（2）原子从一种定态跃迁到另一种定态时，它辐射一定频率的光子，光子的能量等于这两种定态的能量差；（3）原子的不同能量状态跟电子沿不同的圆形轨道绕核运动相适应。【玻璃】一种质地硬而脆的透明物体。一般玻璃是用含石英的砂子、石灰石、纯碱等混合后，在高温下熔化，成型，冷却后制成。主要成分是二氧化硅、氧化钠和氧化钙。此外还有以硼酸盐、氟化物等为主的特种玻璃、安全玻璃、有色玻璃等。【玻璃电极】玻璃和溶液接触时，界面上有电位差，其数值同溶液的ph值有关。利用这种关系所制成的一种测定溶液氢离子浓度的电极就是玻璃电极。【玻璃钢】用玻璃纤维或其织物增强的塑料。质地轻巧而坚硬，机械强度可与钢材相比。不导电，耐腐蚀。在某些方面可代替钢材。是重要的工业材料。【玻璃体】填充于眼球后部腔隙内的一种无色透明胶状物质。具有支撑眼球内壁、透光、折光的作用。【玻利瓦尔】（1783-1830）南美西班牙殖民地独立战争领袖，南美共和制度的奠基者。生于加拉加斯。曾在欧洲学习。1810年起投身南美独立战争，曾获'解放者'称号，多次率军打败西班牙军队。1819年建立大哥伦比亚，任总统。1826年建玻利维亚共和国，结束西班牙在南美的统治。1830年大哥伦比亚陷于分裂时辞职。12月17日在哥伦比亚病死。【玻利维亚】全称玻利维亚共和国。位于南美洲中部。面积108万平方公里。人口719万（1989），印第安人占54%，，印欧混血种人占31%，。官方语言为西班牙语。95%的居民信奉天主教。法定首都苏克雷。议会、政府所在地拉巴斯。【玻色子】自旋动量矩为1/2h/2π的偶数倍的微观粒子（h是普朗克常量）。如光子、π介子、a粒子及由偶数个核子构成的原子核等。不服从泡利不相容原理。
毒	dú	常用汉字 · 9画 · 部首母	(会意。从屮(象草木初生),毒声。本义:毒草滋生)。毒物;毒纯洁。苦;苦痛。毒害。怨恨,憎恨。治理。有毒的;恶性的。厉害;甚于。姓。
型	xíng	常用汉字 · 9画 · 部首土	(形声。从土,刑声。本义:铸造器物的模子。用木做的叫模,用竹做的叫范,用泥做的叫型)。同本义。楷模。
拭	shì	常用汉字 · 9画 · 部首扌	(形声。从手,式声。本义:揩,擦) 同本义。
挂	guà	常用汉字 · 9画 · 部首扌	(形声。从手,圭(guī)声。本义:区别,区分)。同本义。悬挂;下垂。钩住;拴住。悬挂。
封	fēng	常用汉字 · 9画 · 部首寸	(会意。金文字形,左边象土上长着丰茂的树木形,右边是一只手(又,后来写作“寸”),表示聚土培植。《说文》:“封,爵诸侯之土也。从之从土从寸。”郭沫若曰:“古之畿封实以树为之也。此习于今犹存。然其事之起,乃远在太古。太古之民多利用自然林木以为族与族间之畛域,西方学者所称为境界林者是也。”。李孝定曰:“封之本义当以郭说为是,许训乃后起之义。字象植树土上,以明经界。爵诸侯必有封疆,乃其引申义。”本义:疆界;田界)。同本义。坟堆;土堆。土堆或形状像坟的堆积物。国土,土地。泛指书信。封建主义的简称。封山,山名 。在今浙江省德清县西南。分封土地。帝王把爵位及土地赐给臣子也叫封。堆土植树为界;培土。古代帝王打胜仗筑土坛以祭天也叫封。堆土筑坟。用加盖印章的纸条贴在门、箱或其他容器的口上以防开启。界限,局限。封闭(以封记关闭,使不能动用、通行或随便打开);堵塞。高。姓。
持	chí	常用汉字 · 9画 · 部首扌	(形声。从手,寺声。本义:拿着)。同本义。引申为掌握;控制。保守,保持。搀扶;支持;支撑。对抗,不相上下。
拷	kǎo	常用汉字 · 9画 · 部首扌	(形声。从手,考声。本义:打;拷打) 同本义。
拱	gǒng	常用汉字 · 9画 · 部首扌	(形声。从手,共声。本义:抱拳,敛手。两手在胸前相合,表示恭敬)。同本义。围绕,环绕。肢体弯曲成弧形。用粗嘴脸向上或向前顶掀。两手合围,常用来表达树木的粗细。大璧。
项	xiàng	常用汉字 · 9画 · 部首工	(形声。从页,工声。从页,与头有关。本义:脖子的后部)。同本义。泛指人颈。春秋时国名 。在今河南省项城县东北。冠的后部。姓。
垮	kuǎ	常用汉字 · 9画 · 部首土	(形声。从土,夸声。本义:倒塌,崩溃瓦解)。
挎	kuà	常用汉字 · 9画 · 部首扌	胳膊弯起来挂着东西把东西挂在肩头、脖颈或挂在腰里
城	chéng	常用汉字 · 9画 · 部首土	(会意。从土,从成,成亦声。本义:城墙)。同本义 。都邑四周用作防御的高墙。一般分两重,里面的叫城,外面的叫郭,城字单用时,多包含城与郭。城郭对举时,只指城。古代王朝国都、诸侯封地、卿大夫采邑,都以有城垣的都邑为中心。皆可称城。城市。国。筑城。守城。
挟	xié	常用汉字 · 9画 · 部首扌	(形声。从手,夹声。本义:用胳膊夹住)。同本义。挟制。怀抱,怀有。携带。占有,拥有。倚仗,依恃。夹杂;夹带。辅佐,从旁协助。搀扶。
挠	náo	常用汉字 · 9画 · 部首扌	(形声。从手,尧声。本义:扰乱)。同本义。搅,搅动。阻挠。屈服。弯曲。弱。
政	zhēng zhèng	常用汉字 · 9画 · 部首攵	(zhēng)。征伐。征税。(会意兼形声。从攴从正,正亦声。攴(pū)敲击。统治者靠皮鞭来推行其政治。“正”是光明正大。本义:匡正)。同本义。主持政事。政治;政事。政策;法令。官长;主事者。政权。策略 其次伐兵,下政攻城。——《孙子》。朝廷;政府机关。姓。
赴	fù	常用汉字 · 9画 · 部首走	(形声。从走,卜声。从“走”的字、多与“跑”、“走”有关。本义:奔向,奔赴。多指奔向危险的地方)。同本义。前往;去;到;至,到达。报丧(古人讣告字只作赴者,取急疾之意。)。跳进,举身投入。投身;参与。向前倾跌。
赵	zhào	常用汉字 · 9画 · 部首走	(形声。从走,肖声。本义:快走) 同本义。字亦作“踃”。古国名。周穆王封造父于赵,故址在今山西省赵城县西南。战国七雄之一。在今山西北部、河北西部和南部一带。东晋十六国之一。在今河北、山西、河南、陕西各一部分。史称“前赵”。东晋十六国之一。羯族石勒灭前赵后称帝,史称“后赵”。姓。
挡	dǎng dàng	常用汉字 · 9画 · 部首扌	(形声。从手,当声。本义:阻拦;抵挡)。同本义。——见“摒挡”(bìngdàng)。
拽	yè zhuāi zhuài	常用汉字 · 9画 · 部首扌	“抴”。拉,牵引。如 :拽步(拉开脚步);拽扶(牵扶);拽扎(绷紧;捆紧)。携带。短桨。一说船舷。
哉	zāi	常用汉字 · 9画 · 部首口	(形声。本义:语气词。《说文》:“言之间也。”表感叹)。同本义。表示感叹,相当于“啊”。表示疑问或反问,相当于“呢”或“吗”。表示测度,相当于“吧”。表示祈使语气,相当于“吧”。
挺	tǐng	常用汉字 · 9画 · 部首扌	(形声。从手,廷声。本义:拔出)。同本义。生出;生长。动摇。直,伸直,撑直。睡 。使身体处于直立状态 。勉强支撑 。突出 。忍受痛苦 。前进。顶住,抵抗 。脱身 。如:挺走(退走);挺逸(脱逃)。杰出;特出。直率。生硬 。非常 。颇,相当 。用于某些挺直物。
括	kuò	常用汉字 · 9画 · 部首扌	(形声。本义:结,扎束)。用绳或带子结扎,捆束。引申为约束。阻滞;闭塞。包容,包括。搜求。汇集。法。箭的末端。
垢	gòu	常用汉字 · 9画 · 部首土	(形声。从土,后声。本义:污秽,尘土一类的脏东西)。同本义。耻辱,因不名誉而产生的羞耻感。污秽不洁。耻辱。
拴	shuān	常用汉字 · 9画 · 部首扌	(形声。从手,全声。本义:绑住)。同本义。插上门闩。门闩。
拾	shí shè	常用汉字 · 9画 · 部首扌	(形声。从手,合声。本义:捡取,从地上捡起来)。同本义。收敛,收集。十,数目,九加一所得,汉字数目‘十’的大写沿着台阶一级一级地登上
挑	tiāo tiǎo	常用汉字 · 9画 · 部首扌	(本义的挑读tiǎo,挖取)。用肩膀担。引申为承担;担当 。挑选。挑剔。窃取。挖取。抬举。用于成挑儿的东西。修长貌。多指身材。轻佻。(形声。从手,兆声。本义:挑拨,挑动)。同本义。挖取 。用竿子把东西举起或支起 。用指尖、棍尖等刺或戳 。显露。弹奏琵琶的一种指法,反手回拨。汉字的笔画之一,由左斜上。
垛	duǒ duò	常用汉字 · 9画 · 部首土	垛子;墙两侧或上头伸出的部分。设置箭靶的小土墙。堆,成堆的东西。
指	zhǐ	常用汉字 · 9画 · 部首扌	手指。手掌的五个终端部分之一。足指也叫做指。近代误写作“趾”。意旨;意向。指向;指着。指定。指示。指点。指责。诬指。竖起。美好。
垫	diàn	常用汉字 · 9画 · 部首土	(形声。从土,执声。本义:下陷,淹没)。同本义。
挣	zhēng zhèng	常用汉字 · 9画 · 部首扌	撞;击。用力张开。用力摆脱。用力支撑。用力。用力获取;赚取。修饰。发呆,发怔。漂亮。
挤	jǐ	常用汉字 · 9画 · 部首扌	(形声。从手,齐声。本义:推开;除去)。同本义。排斥;排挤。毁坏;损坏。簇聚;拥挤。攒聚。
拼	pīn	常用汉字 · 9画 · 部首扌	绑。随从。拼命,不顾惜,舍弃。弹;拉开。
挖	wā	常用汉字 · 9画 · 部首扌	(挖为穵的俗字。形声。从手,穵(wā)声。本作“穵”。穵,空大的意思。本义:掘)。镂,镂空。掏取。用工具或手从物体内向外扒出。
按	àn	常用汉字 · 9画 · 部首扌	(形声。从手,安声。本义:用手向下压或摁)。同本义。控制;抑止。考察,考验。打。按摩,用手在人身上推、捏、揉。巡视。安置;安定。依据;依照;按照。姓。
挥	huī	常用汉字 · 9画 · 部首扌	(形声。从手,军声。本义:抛洒、甩出)。同本义。舞动;摇动。挥霍。运动;移动。飞翔。旗幡光辉
挪	nuó	常用汉字 · 9画 · 部首扌	(形声。从手,那声。本义:揉搓)。同本义。移动,从一处移到另一处。移用。
拯	zhěng	常用汉字 · 9画 · 部首扌	(形声。从手,丞(chéng)声。本义:向上举)。同本义。救济;援救。
某	mǒu	常用汉字 · 9画 · 部首木	(象形。金文字形。像木上结一个果实,本是“梅”的象形。(méi)本义:梅)。指一定的不明说的人或事物。指不定的不说明的人或事物。自称之词。指代“我”或本名。旧时谦虚的用法。
甚	shèn shén	常用汉字 · 9画 · 部首甘	(会意。小篆字形,从甘,从匹。甘是快乐,匹,匹耦。沉溺于男女欢情。本义:异常安乐)。同本义。过分。厉害,严重。盛,大。深厚。重要。极端,极其;非常,异常。诚,真。超过,胜过。引申为宠爱配偶 。又凡事之过皆曰甚。古者读若耽,声转为常枕切。”张舜徽注:“许云甘匹耦者,谓沈于色也。”。责备。疑问代词。什么为什么,怎么
荆	jīng	常用汉字 · 9画 · 部首艹	(形声。从艸,刑声。本义:一种灌木)。灌木名。又名楚。荆条。古代用为刑杖。荆山的简称。古国名。古九州之一荆州的简称。
茸	róng	常用汉字 · 9画 · 部首艹	(形声。本义:草初生时又细又柔软) 同本义。鹿茸的简称。
革	gé jí	常用汉字 · 9画 · 部首革	(象形。金文字形,象被剖剥下来的兽皮。中间的圆形物,是被剥下的兽身皮,余下的部分是兽的头、身和尾。“革”是汉字部首之一,从“革”的字多与皮革有关。本义:去毛的兽皮)。同本义。皮的总称。用革制成的甲胄。车前的饰物。(lè)。马络头。有嚼口的叫勒,没有的叫羁。变革,更改。免除或丢掉。姓。
茬	chá	常用汉字 · 9画 · 部首艹	(形声。从艸,在声。(chí)本义:草茂盛的样子)。
荐	jiàn	常用汉字 · 9画 · 部首艹	(形声。从草,存声。本义:草垫子) 同本义。再;又;接连。同本义。细草。假借为荐。草垫子。介绍进献人才。进;进献。衬,垫。包裹。无酒肉作贡品的祭祀,素祭。铺陈。
巷	xiàng hàng	常用汉字 · 9画 · 部首巳	同本义。直为街,曲为巷;大者为街,小者为巷。住宅。矿坑里的通道
带	dài	常用汉字 · 9画 · 部首巾	(象形。小篆字形,上面表示束在腰间的一根带子和用带的两端打成的结。下面象垂下的须子,有装饰作用。本义:大带,束衣的腰带)。同本义。泛指狭长形条状物。佩带。携带。兼管。表示两个动作同时进行,相当于“又” 连说带比划的,就交上朋友了;带口(随口)。表示附有较小的数量。
草	cǎo	常用汉字 · 9画 · 部首艹	(形声。从艸,早声。小篆艸,象两棵草形,是草的本字。今“草”字系假借字,原是“皂”的本字。《说文》:“草,草斗,栎(lì)实也”(栎实:栎树的荚果,即皂角)。借为“草木”之“草”以后,则另造“皂”字来代替。本义:栎实)。草本植物的总称。指用作燃料、饲料的干草。未开垦过的荒地。文书的底稿;初稿。粗糙;粗劣。创造;创立。草拟;起稿。
茧	jiǎn	常用汉字 · 9画 · 部首艹	许多昆虫幼虫在化蛹前包围身体大部分的由丝组成的外皮,在其中化蛹。家蚕的茧是商业蚕丝的来源。絮丝棉的衣服
茵	yīn	常用汉字 · 9画 · 部首艹	(形声。从艸,因声。本义:车垫子。字本作“因”)。同本义。
茶	chá	常用汉字 · 9画 · 部首艹	茶叶。由茶树的嫩叶加工制成,供泡取饮料用。用茶叶泡制、烹制或煎制而成的饮料。
荒	huāng huang	常用汉字 · 9画 · 部首艹	(形声。从丱,巟(huāng)声。本义:荒芜)。同本义。年成不好;凶年;歉收。卷八》。大;广大,无边际。引申为不可信。远;久远。成色不足的。荒废;荒疏。废弃物;破烂。——“饥荒”(jīhuang):指经济困难。
茫	máng	常用汉字 · 9画 · 部首艹	(形声。从水,芒声。本义:水浩大的样子)。同本义。迷蒙不明;模糊不清。
荡	dàng	常用汉字 · 9画 · 部首艹	(会意。从皿,从汤,汤亦声。本义:洗涤)。同本义。动;摇动;震动。又如;荡突(冲撞);荡心(摇荡心神);荡摇(动摇);荡荡悠悠(摇荡、飘流的样子)。清除。毁坏;破坏。冲撞;冲杀;触碰。放纵,放荡。平坦。广阔。姓。
荣	róng	常用汉字 · 9画 · 部首艹	(形声。从木,荧省声。本义:梧桐。又金文字形,象两支如火把相互照耀的花朵或穗头形)。同本义。草本植物的花。又为花的通称。飞檐,屋檐两头翘起的部分。荣誉。良好的名声或社会名望。繁茂,茂盛。繁荣。盛多;丰富。开花。抛弃。使…荣耀;使…光荣。经营。炫惑。
荤	hūn xūn	常用汉字 · 9画 · 部首艹	(形声。从丱,军声。本义:指葱蒜类辛臭的蔬菜)。同本义。
荧	yíng	常用汉字 · 9画 · 部首艹	(会意。从焱(yàn)冂(jiǒng)。焱,火花。冂,远方的边界。合起来表示远处的火花,光微弱。本义:光微弱的样子) 同本义。萤火。眩惑。
故	gù	常用汉字 · 9画 · 部首攵	(形声。从攴(pū),古声。从“攴”,取役使之意。本义:缘故,原因)。同本义。事;事情。意外或不幸的事变。旧识;旧交。特指旧法、旧典、成例。旧的事物。以今言解释古代语言文字或方言字义。原来。旧时的。时代久远。死亡。衰老。故意,存心。原来,本来。仍,还是。何,何故。因此,所以 ——表示因果关系。
胡	hú	常用汉字 · 9画 · 部首月	(形声。从肉,古声。本义:牛脖子下的垂肉)。鸟兽颔下的垂肉或皮囊。古代称北方和西方的民族如匈奴等为胡。古国名 。其地在今天的安徽省阜阳县西北。怎样;何。为什么;何。黑。胡须。见“胡同”(hútong)“衚”。
荫	yìn	常用汉字 · 9画 · 部首艹	(形声。从艸,阴声。本义:树阴)。同本义。指地窖或暗室。字亦作廕。遮蔽。庇荫 。封建时代,因祖先有勋劳或官职而循例受封、得官。
荔	lì	常用汉字 · 9画 · 部首艹	草名。即“马蔺” 。又名“马荔”。一种多年生草本植物,须根长而坚硬,叶片狭线形,花蓝色。花及种子可入药,叶可造纸,根可制刷子。
南	nán nā	常用汉字 · 9画 · 部首十	(象形,甲骨文字形,是钟镈之类的乐器。①本义:乐器。《诗·小雅·鼓钟》:“以雅以南。”②方位词)。方位名。和“北”相对。南方;南面。官爵名对《诗经》中《周南》、《召南》的简称。向南走;向南移动。又。向南。姓。佛教用语
药	yào	常用汉字 · 9画 · 部首艹	(形声。从艸,乐声。本义:治病的物品。药物;药材。一般是植物,故从艸)。同本义。指某些有化学作用的物质。特指火药。用药治疗。姓。
标	biāo	常用汉字 · 9画 · 部首木	(形声。从木,票声。本义:树梢)。同本义。末梢;事物的枝节或表面。与“本”相对。顶端。柱竿之类。旗帜。标准。标明,显出。题写。
栈	zhàn	常用汉字 · 9画 · 部首木	(形声。从木,戔(jiān)声。本义:牲口棚)。同本义。古代用竹木条横排编成车箱的轻便车子。栈道。姓。
柑	gān	常用汉字 · 9画 · 部首木	(形声。从木,甘声。本义:木名,柑树,果实也称柑)一种小的有刺柑橘属乔木,复叶,叶翼小。春末夏初开白色花,单生或丛生。果扁圆形,红色或橙黄色,中心柱大,味酸甜不一。种子多为多胚性。性较耐寒。用嫁接、压条、实生等法繁殖。果供生食或加工,果皮、核、叶供药用。亦指柑树的果实。
枯	kū	常用汉字 · 9画 · 部首木	(形声。从木,古声。本义:枯槁,草木干枯)。同本义。弃市暴死。干涸。空。干。干瘦;憔悴。枯朽的树木。肉已烂尽的骸骨。
柄	bǐng	常用汉字 · 9画 · 部首木	(形声。从木,丙声。本义:器物的把儿)。同本义。权力。根本。执掌;掌握。同“秉”。姓。
栋	dòng	常用汉字 · 9画 · 部首木	(形声。从木,东声。本义:屋的正梁,即屋顶最高处的水平木梁,支承着椽皮 的上端)。同本义。比喻堪当大任的人或重要的物。
相	xiāng xiàng	常用汉字 · 9画 · 部首目	交互;互相。共同。递相;先后。表示一方对另一方有所施为。表自称。表对称。表他称。相差。(会意。从目,从木。本义:察看;仔细看)。同本义。看相。辅佐,扶助。教导。治,治理。选择。作某国或某人的相;使作相。像。人的外貌,相貌。官名。古代辅佐帝王的大臣。后专指宰相。汉时诸侯王国的实际执政者,相当于郡太守。赞礼者,主持礼节仪式的人。古代的一种乐器。农历七月的别名。古地名 。故址在今河南省安阳市西。引盲人行走的人。
查	chá zhā	常用汉字 · 9画 · 部首木	(形声。从木,且声。本义:木筏)。同本义。同“楂”。棍、杖之类。放纵不拘礼度的人。张开;分开。姓。
柏	bǎi bó bò	常用汉字 · 9画 · 部首木	(形声。从木,白声。本义:木名,柏树,也称“椈”)。柏科柏木属植物的通称。特指柏台(御史台的别称。汉御史府中列植柏树,固称)。古国名。故地在今河南省西平县。——见“黄柏”:即黄檗。
栅	zhà shān cè	常用汉字 · 9画 · 部首木	(会意兼形声。从木,从册,册亦声。本义:栅栏)。同本义。营寨。编竹木搭建的浮桥。由金属细丝组成的筛网状或螺旋状电极,插在电子管另外两个电极之间,起控制板极电流强度、改变电子管性能的作用。产生光的衍射图像的光学仪器。[方言]中国北京市前门外一条热闹街市名。地名，在中国广东省。
柳	liǔ	常用汉字 · 9画 · 部首木	(形声。从木,丣(yǒu)声。本义:木名。枝条柔韧。种类很多,常见的有垂柳、旱柳、杞柳等)。同本义 ,柳属的一种落叶乔木或灌木,枝细长下垂,叶狭长,其中多种有重要经济用途,如作木材,编篮用柳条,或树皮用于鞣皮,其中少数(如白柳和垂柳)为观赏遮荫树木。肿瘤。姓。
柱	zhǔ zhù	常用汉字 · 9画 · 部首木	支撑挡住;阻塞。拄。(形声。从木,主声。本义:屋柱)。同本义。像柱子的东西。
柿	shì	常用汉字 · 9画 · 部首木	柿树。
栏	lán	常用汉字 · 9画 · 部首木	(形声。从木,阑(lán)声。“栏”和“拦”都是后起字。“阑”用作名词时写作“栏”,用作动词时,写作“拦”。本义:栏杆)。同本义。由扶手和支柱构成的栅杆护围。
柠	níng	常用汉字 · 9画 · 部首木	木名。
树	shù	常用汉字 · 9画 · 部首木	(形声。从木,尌(shù)声。本义:栽树)。同本义。种植。竖起或建起;树立。培植;培养。树木。姓。
勃	bó	常用汉字 · 9画 · 部首力	(形声。从力,孛(bèi)声。本义:排,推动) 同本义。兴起;旺盛。乖戾。变容、变色的样子。粉末;粉状物。姓。
要	yāo yào	常用汉字 · 9画 · 部首覀	(象形。小篆字形。中间象人形,两旁为两手形。表示两手叉腰。本义:人腰)。“腰”的古字。约请;邀请。约言。以明誓的方式就某事作出庄严的承诺或表示某种决心。亦指所订立的誓约、盟约。(jiǎo)。探求;求取。拦阻;截击。(yuē)。胁迫。姓。要点,纲要。计数的簿书。权柄。指重要的地位或职务。总要。重要,重大。简要。地位显要。想要,希望。使;让;叫。表示比较;估计。表示选择,相当于要么…要么。
柬	jiǎn	常用汉字 · 9画 · 部首木	(会意。从束,从八。“束”,札束。“八”,分别的意思。本义:挑选,从事物中分别出好坏) 同本义。从作“拣”。柬埔寨的简称。
咸	xián	常用汉字 · 9画 · 部首口	(会意。据甲骨文。从戌(xū),从口。戌是长柄大斧,“口”指人头。合起来表示大斧砍人头。本义:杀)。同本义。毕;终。感应。普遍都,全部。共;同。普遍。协和,调和。咸阳(今为地级市,位于陕西西安西北20公里)。中国古代文化的发祥地。公元前350年秦孝公都咸阳,城市宫殿林立。公元前206年为楚项羽焚毁,简称咸。
威	wēi	常用汉字 · 9画 · 部首女	威力;威风。尊严,威严。虐害古代军事编制单位。畏惧震慑。
歪	wāi wǎi	常用汉字 · 9画 · 部首止	(会意。合不正二字为一字,“不正”为歪。本义:不正,偏斜)。同本义。不正当;不正派;不正直。躺;侧卧或半躺下休息。扭伤。
研	yán yàn	常用汉字 · 9画 · 部首石	(形声。从石,幵(jiān)声。本义:细磨)。同本义。研究;探讨。
砖	zhuān	常用汉字 · 9画 · 部首石	(形声。从石,专声。本义:用粘土烧成的长方形块状建材)。同本义。
厘	lí	常用汉字 · 9画 · 部首厂	(形声。从里,从“里”,表示与居住家居有关。本义:家福;幸福)。同本义。治理;处理。改正;改革。整理。给予,赐予。重量单位,两的千分之一。地积单位,亩的百分之一。利率单位。对于年利一厘为百分之一;对于月利一厘为千分之一。寡妇。
厚	hòu	常用汉字 · 9画 · 部首厂	(会意。从厂(hǎn),表示与山石有关。本义:地壳厚。与“薄”相对)。同本义。扁平物体上下两面之间距离大的。 与“薄”相对。大。丰厚。重;多。忠厚。深。深厚。财富。优待;推崇。
砌	qì qiè	常用汉字 · 9画 · 部首石	(形声。从石,切声。本义:台阶)。同本义。门限,门槛。堆砌。指戏剧。串演。
砂	shā	常用汉字 · 9画 · 部首石	指石之细碎者泛指细碎如砂的物质道家所炼丹砂
泵	bèng	常用汉字 · 9画 · 部首水	音译字。吸入和排除流体的一种机器。能提升、输送或压缩流体
砚	yàn	常用汉字 · 9画 · 部首石	(形声。从石,见声。本义:砚台,磨墨器)。光滑的石头。砚台 一种石刻的写字文具,供研墨、调墨之用。
砍	kǎn	常用汉字 · 9画 · 部首石	(形声。从石,欠声。本义:猛劈)。同本义。
面	miàn	常用汉字 · 9画 · 部首面	(象形。甲骨文字形,里面是“目”字,外面表示面庞。“面”,在古代指人的整个面部。“脸”是魏晋时期才出现,而且只指两颊的上部,唐宋口语中才开始用同“面”本义:脸)。同本义。外表;表面。部位;方面。几何学上称线移动所生成的形迹。当面。朝向;面对;面向。见面。勉励。面向。背向。面粉,小麦精细地磨成的粉。
耐	nài	常用汉字 · 9画 · 部首而	(会意。从而,从寸。而亦声。“而”指面颊,“寸”指法度,刑法。在面颊上施刑罚,指剃须。字本作“耏”。从而,从彡。本义:古时一种剃掉胡须两年的刑罚)。同本义。忍耐;忍受。引申为容忍。禁得起。适宜;相称。无奈;奈何。
耍	shuǎ	常用汉字 · 9画 · 部首而	(会意。从而,从女。而,颊毛。盖谓用颊毛戏弄女子。本义:戏耍。一般指不正当的行为)。玩耍,游玩;消闲取乐。戏谑;捉弄。舞弄;使用武器、器物等。赌博。
牵	qiān	常用汉字 · 9画 · 部首牛	(形声。从牛,“冖”象牵牛的绳,玄声。本义:牵牛)。同本义。引申为牵拉。牵制。牵连;牵累。拘泥。指可牵走的牲畜如牛羊猪等。
鸥	ōu	常用汉字 · 9画 · 部首鸟	(形声。从鸟,区(ōu)声。《说文》:“水鸮也。”本义:水鸮)。水鸟名。
残	cán	常用汉字 · 9画 · 部首歹	(形声。从歹(è),戋(jiān)声。从“歹”表示与死亡有关。本义:伤害)。同本义。毁坏;破坏。凋谢。凶恶;狠毒。残缺,残废。剩余;残余,残存。也指凶暴的人,暴虐无道的人。
殃	yāng	常用汉字 · 9画 · 部首歹	(形声。从歺(è),央声。歺,剔肉后残剩的骨头。多与死亡、灾祸有关。本义:祸害,灾难) 同本义。使受祸害败坏;为害。
轴	zhóu zhòu	常用汉字 · 9画 · 部首车	(形声。从车,由声。本义:轮轴)。同本义。织具。引申为一切机枢之称。中心,枢纽。指重要位置。指装成卷轴形的书、画。某些可以旋转之物。压轴子。
轻	qīng	常用汉字 · 9画 · 部首车	(形声。本义:车名)。轻车。化学元素氢的旧译。分量不大。与“重”相对。微小。轻快,轻便。轻率,不稳重。宽松。不贵重;贱。轻佻。轻轻地。轻视;不重视。使轻;减少。宽大;宽容。
鸦	yā	常用汉字 · 9画 · 部首鸟	鸟名。各种大型的、通常是亮黑色的鸦属(Corvus)成员。
皆	jiē	常用汉字 · 9画 · 部首白	(会意。从比,从白。从“比”,有“并”的意思。本义:都,全)。同本义。;一同。
韭	jiǔ	常用汉字 · 9画 · 部首韭	(象形。小篆,象韭菜长在地上的形状。本义:韭菜)。同本义。
背	bēi bèi	常用汉字 · 9画 · 部首月	人用脊背驮。(形声。从肉,北声。本义:脊背)。同本义。事物的后面或反面。又。正北堂屋。背部对着或后部靠着。转过身;背过。反叛;背弃;违背。离开。避开,不让别人知道。
战	zhàn	常用汉字 · 9画 · 部首戈	(形声。从戈,单(占)声。本义:作战,打仗)。同本义。泛指搏斗,争斗,争胜负,比高低。后作“颤”。发抖。战争;战事。姓。
点	diǎn dian	常用汉字 · 9画 · 部首灬	(形声。从黑,占声。本义:斑点)。细小的黑色斑痕。小滴。汉字笔画名 。如:横、竖、撇、点、折。又指旧时读书标明句逗及品评文章所用“、”号及其动作。如:点撇(文字的点和撇)。数学名词。数学上表示小数的符号叫小数点,省称为“点”。古时夜间的计时单位。一夜分五更,一更又分五点。一种特制响器,两端作云状,名为云板,也称点。旧时官署、邸宅以打点为报事集众的信号。规定的时间 如:船误点;火车准点到达。引申为玷污。用笔加点。多用以描绘物象,审识章句,或表示删除的意思。指定,选派。评论。短暂接触。表示少量。点儿化。收拾;贿赂。
虐	nüè	常用汉字 · 9画 · 部首虍	(会意。小篆字形。从虍(hǔ指虎头),爪人。即虎足反爪伤人。隶变后省略“人”字。本义:凶恶,残暴)。同本义。暴烈;险恶。无节制;纵情。侵害;残害。轻视;忽视。灾害。
临	lín lìn	常用汉字 · 9画 · 部首丨	(会意。金文字形,右边是人,左上角象人的眼睛,左下角象众多的器物。整个字形象人俯视器物的样子。本义:从高处往低处察看)。同本义。引申为从上监视着。面对(上对下,尊对卑)。碰上, 逢着。到,至。后常用作敬辞。又。攻伐;胁制。照着他人的字画书写或绘画。治理、管理、统治 。靠近,逼近(多用于上对下,强对弱)。在…之前,在即将…的时候。哭(很多人哭,或聚众哭,为丧事而悲痛哭泣)。
览	lǎn	常用汉字 · 9画 · 部首见	(会意。从见,从监。“监”亦兼表字音。“监”的本义是借水照形,这里表示看。本义:观看)。同本义。观赏。观察;考察。采纳。采取;采摘。景致。唐代州名,在今云南省楚雄县。姓。
竖	shù	常用汉字 · 9画 · 部首立	纵。与“横”相反。童仆。宫中供役使的小臣。书法的直笔画,从上一直向下。古时对人的蔑称、贱称。对宦官的蔑称。姓。
省	shěng xǐng	常用汉字 · 9画 · 部首目	(会意。从眉省,从屮(chè)。甲骨文和小篆字形,象眼睛观察草。(xǐng)本义:察看)。王宫禁署,禁中。官署名称。行政区域名 。元代中央置中书省,于各路设行中书省,称为行省。明代改行省为布政使司,自后即以省为地方行政区域的通称。灾祸;过失。减少;精简。节约。免除;非除。同本义。检查。探望,问候(多指对尊长)。明白。醒悟。
削	xiāo xuē	常用汉字 · 9画 · 部首刂	(本义读qiào。装刀剑的套子)。曲刀,书刀,削刀。斜着刀略平地切去物体的表层。删除。指删改文字。削除;削减。掠夺。分,割裂。剃;刮。消瘦,纤细瘦长。削弱,削减。徒峭。
尝	cháng	常用汉字 · 9画 · 部首小	(形声。从旨,尚声。“旨”,滋味美。本义:辨别滋味,品尝)。同本义。尝试。经历。曾经。
昧	mèi	常用汉字 · 9画 · 部首日	(形声。从日,未声。从日,与光线有关。本义:昏暗不明)。同本义。眼不明的样子。愚昧;糊涂。掩蔽;欺骗。违背。冒犯。
盹	dǔn	常用汉字 · 9画 · 部首目	(形声。从目,屯声。本义:闭目小睡)很短时间的睡眠。
是	shì	常用汉字 · 9画 · 部首日	(会意。小篆字形,从日正。本义:正,不偏斜)。同本义。对的,正确的。此,这。赞同;认为正确;肯定。遵从,以为法则。关系词。表示肯定判断之词。表示两种事情同一,或后者说明前者。表示让步。表示肯定 昨天买的票;他手艺是高明,做出来的东西就是不一样。“是”不重读时,可省略,只表示一般肯定 问问,没有别的意思。表示原因、目的。“是”后可加“因为、由于、为了” 平时太骄傲了。或者。有时也用完整的“是”字句回答。商业、职业或政府的事务、业务或国务。帮助宾语提前。姓。
盼	pàn	常用汉字 · 9画 · 部首目	(形声。从目,分声。本义:眼睛黑白分明的样子) 同本义。喻美目流转。顾;看。探望。
眨	zhǎ	常用汉字 · 9画 · 部首目	(形声。从目,乏声。本义:眼睛一闭一开)。同本义。
哇	wā wa	常用汉字 · 9画 · 部首口	(形声。从口,圭(guī)声。本义:靡曼的乐声)。同本义。泰国长度单位,泰丈,庹,约等于2米。呕吐,使胃内容物通过口腔吐出。嚎哭或叫喊(如由于痛苦、生气或要求援助或怜悯)。“啊”受到前一字收音u或ao影响而发生的音变。
哄	hōng hǒng hòng	常用汉字 · 9画 · 部首口	(形声。从口,共声。本义:许多人同时发声)。同本义。呵叱。混。吵闹;喧嚣。
哑	yā yǎ	常用汉字 · 9画 · 部首口	(形声。从口,亚声。本义:笑声)。同本义。乌鸦之类的叫声。婴儿学说话的声音。相当于现代汉语的“呀”。相当于“呀”。由于生理缺陷或疾病而失去言语功能。
显	xiǎn	常用汉字 · 9画 · 部首日	(会意。从页(xié)从显,显亦声。今字从页,与人头有联系。本义:头上的装饰品)。同本义。表面,外面。明显;显示得很清楚。显赫,显达。明,光明。显露;公开。传扬;显扬。表现;显示。见。
冒	mào mò	常用汉字 · 9画 · 部首冂	(会意。小篆字形。上为帽子,下边是眼睛。本义:帽子)。“帽”的古字。帽子。古代殓尸的布囊,由上下两截合成。冒与芼古字通。芼,菜也。天子所执之玉。戴帽。贪求,不知满足地追求。盖蒙。不顾;顶着。假冒。侵犯;违犯。嫉妬。勉励。冒失;冒昧。
映	yìng	常用汉字 · 9画 · 部首日	(形声。从日,央声。本义:照)。同本义。反映,因光线照射而显出。映衬。遮;隐藏。阳光。未时。午后一到 三时。
星	xīng	常用汉字 · 9画 · 部首日	(象形。从晶,生声。晶象形。本义:星星)。同本义 宇宙间发射或反射光的天体。天文。古时特指妇女装饰面颊的美容花点 。斑白。多指鬓发。姓。
昨	zuó	常用汉字 · 9画 · 部首日	(形声。从日,乍声。本义:隔夜,上一天)。同本义。泛指往日;过去。
咧	liě liē lié lie	常用汉字 · 9画 · 部首口	嘴向旁边斜着张开形容随随便便，满不在乎的样子。[方言]乱说乱讲相当于“了”、“啦”、“哩”等。
昭	zhāo	常用汉字 · 9画 · 部首日	(形声。从日,召声。本义:明亮)。同本义。彰明,显著。光;亮光。古时宗法制度 ,宗庙次序,始祖居中,二世、四世、六世位于始祖之左方,称“昭”;三世、五世、七世,位于右方,称“穆”。又坟地葬位的左右次序也按此规定排列。显扬;显示。姓。
畏	wèi	常用汉字 · 9画 · 部首田	(会意。据甲骨文意思是鬼手拿杖打人,使人害怕。本义:害怕)。同本义(对威势、威严的害怕)。敬;敬服。担心。避开。憎恶;怨恨。死,古代指被兵器杀死。弯曲处。罪。险恶的。
趴	pā	常用汉字 · 9画 · 部首足	肚子向下卧倒身体向前靠在东西上
胃	wèi	常用汉字 · 9画 · 部首月	(象形。据小篆字形。上象口袋形的消化器官,下为肉。本义:人和动物贮藏和消化食物的器官)。同本义。
贵	guì	常用汉字 · 9画 · 部首贝	(形声。小篆字形,从贝,臾(guì)声。从“贝”,表示与钱物有关。本义:物价高,与“贱”相对)。同本义。社会地位高。贵重;重要。敬辞,尊称与对方有关的事物时用。地位显要的人。贵州省的简称。姓。汉有庐江太守贵迁。抬高物价。崇尚,重视。
界	jiè	常用汉字 · 9画 · 部首田	(会意。从田,介声。本义:边垂,边境)。同本义。界限;范围。指某一特殊的境域。毗邻,毗连;接界。划分。离间。
虹	hóng	常用汉字 · 9画 · 部首虫	(形声。从虫,工声。甲骨文“虹”与杠梁、古玉璜之形相似。本义:雨后天空出现的弧形彩晕。主虹称虹,副虹称霓)。同本义。桥的代称。惑乱。
虾	xiā há	常用汉字 · 9画 · 部首虫	动物名 。节肢动物门,甲壳纲,软甲亚纲,十足目,长尾亚目。许多较小的须,有一细长身体及侧扁的腹部,长足,长而多少带刺状的额。像虾一样弯曲满语对侍卫的称呼。同‘蛤蟆’
蚁	yǐ	常用汉字 · 9画 · 部首虫	(形声。从虫,义声。本作“螘”。本义:蚂蚁)。膜翅类昆虫名。俗称蚂蚁。玄色。
思	sī sāi	常用汉字 · 9画 · 部首心	(会意兼形声。从心,从囟(xìn),囟亦声。囟脑子。古人认为心脑合作产生思想。本义:思考,想;考虑)。同本义。思慕;想念。悲伤,哀愁。思想,思绪,心情。亦指构思。特指创作的构思。诉讼诗体的一种。语气词。用于语首,无实义。用于句中,无实义。多胡须的样子
蚂	mā mǎ mà	常用汉字 · 9画 · 部首虫	[方言]∶蜻蜓[方言]∶水蛭蚁的通称[方言]∶蝗虫
虽	suī	常用汉字 · 9画 · 部首虫	(形声。从虫,唯声。古读 (huī)。本义:虫,似蜥蜴而大)。即使…也;纵使。仅,只。原本,本。
品	pǐn	常用汉字 · 9画 · 部首口	(会意,从三口。口代表人,三个表多数,意即众多的人。本义:众多)。同本义。齐一,相同。事物的种类。等级。中国封建社会的一种官阶、爵阶。格调。法式, 法则。乐器构件名。指月琴、琵琶等乐器上的弦枕木。古地名 。唐宋皆有品州, 约在今四川省宜宾地区境内。评价,衡量。姓。
咽	yān yàn yè	常用汉字 · 9画 · 部首口	(形声。从口,因声。本义:咽头)。同本义 消化和呼吸的通道,位于鼻腔、口腔的后方,喉的上方,相应地分为鼻咽、口咽和喉咽三部分。通称咽喉。指颈项。比喻形势险要之地。吞入;吞食。填塞;充塞。
骂	mà	常用汉字 · 9画 · 部首马	(形声。从吅&X({xuān}),马声。吅,喧闹声。本义:用粗语或恶意的话侮辱人)。同本义。增益痛斥。
勋	xūn	常用汉字 · 9画 · 部首力	(形声。小篆字作“勲”,从力,熏声。古文从力,员声。本义:特别大的功劳)。同本义。勋官。姓。
哗	huá huā	常用汉字 · 9画 · 部首口	人声嘈杂,喧闹。形容很响的笑声的象声词
咱	zán	常用汉字 · 9画 · 部首口	(形声。从口,自声。本义:我)。同本义。我们。称代对话者的双方。用在祈使句末,表示祈使语气,相当于“吧”。用在陈述句末,表示要做什么的语气。——“早晚”两字的合音,用于:“这咱”,“那咱”,“多咱”。
响	xiǎng	常用汉字 · 9画 · 部首口	(形声。从口,鄉声。本义:回声)。同本义。声音。音讯。清晰地发出声音。
哈	hā hǎ hà	常用汉字 · 9画 · 部首口	(形声。从口,合声。(shà)本义:以唇啜饮。同“歃”)。口。笑声 ,表示得意或满意,大多叠用。鱼很多的样子。呵斥。
哆	duō	常用汉字 · 9画 · 部首口	形容敲击声。哆哆(喋喋。说话没完没了)。
咬	yǎo	常用汉字 · 9画 · 部首口	(形声。从口,交声。《说文》本从“齿”。本义:用牙齿把东西夹住或切断弄碎)。同本义。
咳	hāi hái ké	常用汉字 · 9画 · 部首口	叹息。小儿笑。阻隔。小儿。(形声。从口,亥(hāi)声,①(hāi)本义:小儿笑。《史记·扁鹊传》:“曾不以告咳婴之儿。”(咳婴:刚会笑的婴儿) ②咳嗽 )。
咪	mī mǐ	常用汉字 · 9画 · 部首口	形容猫叫声或唤猫声微笑的样子法国长度单位“米突”的省称。
哪	nǎ na nǎi né něi	常用汉字 · 9画 · 部首口	(形声。从口,那声。本义:表疑问的词)。用于反问,表示肯定、否定或加强语气。“啊”的变体 。表示惊叹、警诫或停顿。也作“那”、“嗱”。
哟	yō yo	常用汉字 · 9画 · 部首口	表示轻微的惊异(有时带玩笑的语气)用在句尾表示祈使语气。用在歌词中做衬字。
炭	tàn	常用汉字 · 9画 · 部首火	(形声。从火,岸省声。本义:木炭)。同本义。火。比喻灾难;困苦。姓。
峡	xiá	常用汉字 · 9画 · 部首山	(形声。从山,夹声。本义:两山夹水处)。同本义。形容词。狭窄。
罚	fá	常用汉字 · 9画 · 部首罒	(会意。小篆字,从刀,从詈(lì,骂人)。“刀”指刑法。本义:处罚,惩办)。同本义。对有过失、错误的处分。讨伐;杀。出钱赎罪。发誓。刑罚。
贱	jiàn	常用汉字 · 9画 · 部首贝	(形声。从贝,戋(qiān)声。本义:价格低)。同本义。地位低下,人格卑鄙。自谦的用语。行为卑鄙、下流。使其地位低下。鄙视,轻视。
贴	tiē	常用汉字 · 9画 · 部首贝	(形声。从贝,占声。本义:典当)。同本义。贴补。补偿,补益 。粘附;附着。切近,挨近。不准入场。科举考试中,考生犯规被用蓝笔书其姓名、事故,贴出场门之外,不准入试。当时习惯简称“贴”。补偿费 。靶心。适合,妥当 。膏药的一张 。
贻	yí	常用汉字 · 9画 · 部首贝	(形声。从贝,台声。从“贝”,与财富有关。本义:赠送)。同本义。遗留。贻贝属或有关属的海产双壳类软体动物 ,通常有一个卵形或长形贝壳,具一黑色角质层并依动物分泌的细丝状足丝附着在基层。
骨	gǔ gū	常用汉字 · 9画 · 部首骨	(会意。从冎(guǎ),小篆象去掉肉的骨形,意思是“剐”。从肉,表示骨与肉相连。“骨”是汉字部首之一,从“骨”的字多与骨头和人体有关。本义:骨头)。同本义。尸骨,尸首。指死去的人。人的品质、气概。比喻文学作品的刚健风格。比喻瘦劲的书体。尚未开放的花朵。表示声、形、动作。
幽	yōu	常用汉字 · 9画 · 部首幺	同本义。退隐;潜藏。囚禁。昏暗;阴暗。深邃。幽静。幽雅。(yǒu)。黑色。幽静隐蔽的地方。阴间。幽州。古地名。在今河北省北部及辽宁等地。在今北京市及所属通县、房山及河北省武清、永清、安次等县境内。
钙	gài	常用汉字 · 9画 · 部首钅	一种金属元素，银白色结晶，有延展性。它的化合物在工业上、建筑工程上和医药上用途很大。
钝	dùn	常用汉字 · 9画 · 部首钅	(形声。从金,屯声。本义:不锋利)。同本义。呆;笨拙。
钞	chāo	常用汉字 · 9画 · 部首钅	掠取;抢掠誊写。也作“抄”。纸币名。现在称纸币为钞票,简称钞。姓。
钟	zhōng	常用汉字 · 9画 · 部首钅	(形声。左形,右声。鐘:本义:古代打击乐器,青铜制)。同本义。又。专指佛寺悬挂的钟 。用以作报时、报警、集合的信号。泛指一般报时的钟。(形声。从金,重声。本义: 古时盛酒的器皿。现也称“盅”)。大酒杯。酒杯、茶杯,与“盅”通。古容量单位 ,春秋时齐国公室的公量,合六斛四斗。之后亦有合八斛及十斛之制。集聚。介词。适逢,当。寄托。
钢	gāng gàng	常用汉字 · 9画 · 部首钅	铁和碳的合金。经过精炼，不含磷砂等杂质的铁，含碳0.15钢1.7％，比熟铁更坚硬更富于弹性，是工业上极其重要的原料。把刀在布、皮、石、或缸沿上用力摩擦几下，使锋利些在刀口上加点儿钢，重新打造，使更锋利
钠	nà	常用汉字 · 9画 · 部首钅	一种银白色的软的、蜡状而有延展性的金属元素,原子序数11,其化学性质很活泼,用在钠蒸气灯中,尤其在内燃机用的致冷阀中作为一种传热剂 ——元素符号Na。
钥	yào yuè	常用汉字 · 9画 · 部首钅	门直闩。上穿横闩下插地上的直木。枢要,重要之处。钥匙。指锁。姓。钥匙,开锁的工具。锁闭。入。
钦	qīn	常用汉字 · 9画 · 部首钅	(形声。从欠,金声。欠,打呵欠,张口舒气。本义:打呵欠的样子)。同本义。敬佩;恭敬。假借为“吟”。叹息。姓。
钧	jūn	常用汉字 · 9画 · 部首钅	(形声。从金,匀声。本义:古代重量单位。三十斤为一钧)。同本义。制陶器所用的转轮。相同;相等;均衡;均匀。
钩	gōu	常用汉字 · 9画 · 部首钅	(会意。从金,从句,句亦声。“句”(gōu),弯曲。也具有表意作用。本义:衣带上的钩。引申为“ 钓鱼或挂物用的钩”)。形状弯曲,用于探取、悬挂器物的用品。可分为钓钩、挂钩、带钩等。镰刀。中国古代兵器名,似剑而曲。汉字的一种笔画名 。钩取;钩住。引申为逮捕,捉取。探索,探讨。牵连。
钮	niǔ	常用汉字 · 9画 · 部首钅	(形声。从金,丑声。本义:印鼻,即印把子)。同本义。器物上面可以提携或系绳带的部分。扣。姓。
卸	xiè	常用汉字 · 9画 · 部首卩	(会意。从卩,从止,从午。卩(jié),像人形;止,息止;午,指马。合起来表示停车解马。本义:解马卸车)。同本义。解除;解下。亦指褪下;脱下。凋谢。倒塌。
缸	gāng	常用汉字 · 9画 · 部首缶	(形声。从缶(fǒu),表示与瓦器有关,工声。(hāng)本义:瓦制长颈容器,可受十升)。大口而常无颈的陶器。
拜	bài	常用汉字 · 9画 · 部首手	(会意。从两手,从下。《说文》古文上象两手,丅为“下”的古体。《说文》引扬雄说:“拜从两手下。”表示双手作揖,或下拜。隶书将“丅”(下)并入右边的“手”之下而成为“拜”,一直沿用至今。本义:古代表示敬意的一种礼节。两手合于胸前,头低到手)。同本义。后世指下跪叩头。两腿跪地,两手扶地,低头。后又作为行礼的通称。拜谢。行拜礼表示感谢。拜见;拜谒。授与官职;任命。接受官职;上任。上;献。
看	kān kàn	常用汉字 · 9画 · 部首目	守护。(会意。小篆字形,上面是“手”字的变形,下面是“目”,意思是用手遮住眼睛远望。本义:用手加额遮目而远望)。同本义。探望;问候。瞧;观看。料理,准备。估量。看见。阅读。观察;察看。听,闻。物色。当心。“看怎么样”的省略,用在动词或动词结构的后面,表示试一试。
矩	jǔ ju	常用汉字 · 9画 · 部首矢	(本字作巨,今字作矩。形声。从矢,巨声。本义:矩尺,画直角或方形的工具)。同本义。法度。方形。——见“规矩”(guīju)。
毡	zhān	常用汉字 · 9画 · 部首毛	(形声。从毛,占声。本义:加工羊毛或其他动物毛而成的块片状材料) 同本义。
氢	qīng	常用汉字 · 9画 · 部首气	化学元素名。一价非金属元素。在正常情况下,氢是无色、无臭、极易燃烧的双原子气体,在地球上和地球大气中只存在极稀少的游离状态氢 ——元素符号H。
怎	zěn	常用汉字 · 9画 · 部首心	(形声。从心,乍(zuò)声。本义:怎么,如何)。同本义。
牲	shēng	常用汉字 · 9画 · 部首牜	(形声。从牛,从生。本义:古代供祭祀用的全牛)。同本义。泛指供祭祀、盟誓及食用的家畜,包括牛、羊、豕、马、犬、鸡等。指野生动物。生的肉食。
选	xuǎn	常用汉字 · 9画 · 部首辶	(形声。从辵(chuò),巽(xùn)声。本义:遣送;放遂)。同本义。假借为“柬”。挑选,选择。派遣;使令。畏怯。入。牵引,攀连。具有;拥有。德行。片刻,须臾。
适	shì	常用汉字 · 9画 · 部首辶	(形声。从辵(chuò),啻(chì)声。本义:往,到)。同本义。归向。女子出嫁。符合,适合。遇。舒适,满足。正好,恰好。偶而,偶然。刚刚;方才。如果,假如,假定。辟领,古丧服之领。系开丧服而成。一说通“积”。
秒	miǎo	常用汉字 · 9画 · 部首禾	(形声。从禾,少声。本义:禾芒)。同本义。末端。计量单位的名称。时间一分的1/60;特指厘米-克-秒制的时间单位。角度一分的1/60。作为测定液体粘度的一个测量单位的时间。
香	xiāng	常用汉字 · 9画 · 部首香	(会意字。据小篆,从黍,从甘。“黍”表谷物;“甘”表香甜美好。本义:五谷的香)。同本义。有飶其香,邦家之光。——《诗·周颂·载芟》。泛指好闻的气味。气味美好。受欢迎。亲热。美好。草木香料,常掺以木屑做成细条,点燃用以祭祀祖先或神佛。抽;吸(鸦片烟)。
种	chóng zhǒng zhòng	常用汉字 · 9画 · 部首禾	幼稚。植物的种子。人的种族或其他生物的族类。人种。种类;类别。(形声。从禾,中(重)声。本义:播种;散布)。同本义。种植;栽种。繁殖;养育。移植;接种。培养;培植。
秋	qiū	常用汉字 · 9画 · 部首禾	(象形。甲骨文字形为蟋蟀形,虫以鸣秋,借以表达“秋天”的概念。另一写法,是蟋蟀形下加“火”字,表示秋天禾谷熟,似火灼。籀文又添加“禾”旁。本义:收成,成熟的庄稼)。同本义。秋季 。四季中的第三季,即八月、九月和十月这三个月。年。指某一时期、某一时刻。悲愁。喻容颜衰老。古以五色、五行配四时,秋为金,其色白,故指白色。姓。
科	kē	常用汉字 · 9画 · 部首禾	(会意。从禾,从斗。“斗”的意思是“量”。合起来指衡量、分别谷子的等级品类。本义:品类,等级)。同本义。法令;刑律。科举考试的科目或等第。条款;段落。传统戏剧角色的动作。坎;坑。课税,征税。空虚。
重	chóng zhòng	常用汉字 · 9画 · 部首里	(字源见“重”zhòng)。重复,重叠。双,成对。多。在家庭关系中,属于比 。 如:重孙;重庆(祖父母、父母都健在)。再次,另一次,重新,又。层。怀孕。(会意兼形声。金文字形,从东,从壬(tǐng),东亦声。壬,挺立。东,囊袋。人站着背囊袋,很重。《说文》:“重,厚也。”徐锴:“壬者,人在土上,故为厚也。”本义:分量大,与“轻”相对)。同本义。指音强。大。庄重,慎重。重要;紧要。贵重;尊贵。严肃;严明。严重。又。重量。指辎重。军中载运粮食、器物的车子。权力,权势。重视;尊重。加重;增加。(dòng)影响。极;甚;十分。特别。姓。
复	fù	常用汉字 · 9画 · 部首夂	(形声。小篆字形,下面的意符“攵”,是甲骨文“止”字的变形,表示与脚或行走有关。上面是声符“畐”(fú)的省形,有“腹满”义,在字中亦兼有表义作用。后来繁化,加义符“彳”(chì),表示行走,现在又简化为“复”。本义:返回,回来)。同本义。引申为恢复。回归,还原。回答。报复。免除。覆盖。引申为庇护。又,再。中断再开始。有里的衣服。即夹衣。重复;繁复。夹层。重叠。
竿	gān	常用汉字 · 9画 · 部首竹	(形声。从竹,干声。本义:竹竿)。同本义。竹子的主干。竹简。计算长状物的单位,竹一根为一竿。方言。用于抽旱烟。以竿悬挂。请托。
段	duàn	常用汉字 · 9画 · 部首殳	(形声。从殳(shū),耑(duān)声。“殳”,是古代的一种兵器,这里用作意符,表示与手持器械的动作有关。金文字形,会意,字形象手持物在山崖中敲棰石之形。本义:锤击)。同本义。分段;截断。碫。砺石。身段;体段。指妇女的身段或体态。姓。
便	biàn pián	常用汉字 · 9画 · 部首亻	便利,方便。灵便;轻捷。有利于;有益于。熟习。尿、屎。有利的机会。即;就。纵使;即使。(会意。从人,从更。本义:安适)。同本义。
俩	liǎ liǎng	常用汉字 · 9画 · 部首亻	(形声。从人,两声。本义:两个)。——见“伎俩”(jìliǎng)。
贷	dài	常用汉字 · 9画 · 部首贝	(形声。从贝,代声。从“贝”,表示与钱财有关。本义:施予;给予)。同本义。借出钱财。借入。饶恕,宽恕。
顺	shùn	常用汉字 · 9画 · 部首页	(会意。从页,从巛。页(xié),头。本义:沿着同一方向)。同本义。顺从;顺应。教诲。道理。合理的。事情进行顺利,合乎心意。逻辑上前后保持一致和合条理的。和顺。谨慎。姓。
修	xiū	常用汉字 · 9画 · 部首亻	(形声。从彡(shān),攸(yōu)声。“彡”有装饰义。本义:修饰,装饰)。同本义。整修;修理。兴建;建造。整治。实行;从事某种活动。编纂;撰写;写。设。置备。循;遵循。修订,修改,改正。长。高;大。善;美好。致送师长的酬金。姓。
俏	qiào	常用汉字 · 9画 · 部首亻	(形声。从人,肖声。本义:相貌美好)。有利可图。货物销路好。相似。
保	bǎo	常用汉字 · 9画 · 部首亻	(会意。甲骨文字形,象用手抱孩子形。金文写作从“人”从“子”。后来为了结构的对称,小篆变成“保”,使人不能因形见义了。本义:背子于背)。同本义。护养;育。保佑。保护;保全;守住。保持。保证;担保。占有;拥有。保举;保荐。依靠;仗持。保育幼儿的妇女。保护婴儿的包裹衣。作保证的人。小城(此义后来写作“堡”)。珍贵之物。姓。
促	cù	常用汉字 · 9画 · 部首亻	(形声。从人,足声。本义:紧迫。又指急促,赶快)。同本义。短。时间、距离拉得不长的。使加快,催。靠近,靠拢。
俄	é	常用汉字 · 9画 · 部首亻	(形声。从人,我声。本义:倾斜)。同本义。短暂的时间,一会儿。俄罗斯;俄罗斯人。
俐	lì	常用汉字 · 9画 · 部首亻	——“伶俐”(línglì):聪慧;机灵。
侮	wǔ	常用汉字 · 9画 · 部首亻	(形声。从人,每声。本义:轻慢,不敬重)。同本义。欺负。用手遮盖。古时奴婢的贱称。
俭	jiǎn	常用汉字 · 9画 · 部首亻	(形声。从人,佥(qiān)声。本义:自我约束,不放纵)。同本义。节俭,节省。贫乏;贫苦。歉收。薄;少。险要。
俗	sú	常用汉字 · 9画 · 部首亻	(形声。从人,谷(gǔ)声。习俗是人的行为,所以从人。本义:风俗)。同本义(长期形成的礼节、习惯)。佛教称尘世间为俗,与出家相对。一般人;百姓。平凡;普通;一般。庸俗,不雅,缺乏修养的。世俗。通俗,流行。从其习俗。厌烦,腻味。
俘	fú	常用汉字 · 9画 · 部首亻	(形声。从人,孚(fú)声。本义:俘获)。同本义。缴获;指用战争手段获取对方土地或物质等。俘虏。珍贵之物。
信	xìn	常用汉字 · 9画 · 部首亻	(会意。从人,从言。人的言论应当是诚实的。本义:真心诚意)。同本义。真实,不虚伪。相信;信任。守信用。住宿两夜。证实;应验。知晓。信约;盟约。符契;凭证。持有信物的外交使臣或传送函件或口头消息的人。音讯。书信,信件(晚起义。先秦两汉的书信又用“书”字表示)。放任;随便。果真,的确。姓。
皇	huáng	常用汉字 · 9画 · 部首白	(象形。金文,象灯火辉煌形。上面的三点,象灯光参差上出之形;中间的部分象灯缸;下面的“土”是灯柱。“皇”即“煌”的古字。本义:灯火辉煌)。同本义。大。美好。空闲的;有闲暇的。黄白色。指天。指天神。君主,天子,皇帝。鸟名。凰的古字。传说中的雌凤 。如;皇鸟(传说中的雌凤);皇翼(凤凰的羽翼。借指笙管)。对神明的敬称。匡正。往。姓。
泉	quán	常用汉字 · 9画 · 部首水	(象形。甲骨文字形。象水从山崖泉穴中流出的样子。本义:泉水)。同本义。地下水。泉下,指人死后所在的地方。帛币。古钱币名。泉眼。
鬼	guǐ	常用汉字 · 9画 · 部首鬼	(象形。甲骨文字形,下面是个“人”字,上面象一个可怕的脑袋(非“田”字),是人们想象中的似人非人的怪物。“鬼”是汉字部首之一,从“鬼”的字大多与迷信、鬼神有关。本义:迷信的人认为人死后有“灵魂”,称之为“鬼”)。同本义。万物的精怪。用于对小孩等表示爱昵的称呼 。如小鬼;机灵鬼。对人表示轻蔑的称呼。如小气鬼,吝啬鬼。隐密不测。慧黠,机警。姓。
侵	qīn	常用汉字 · 9画 · 部首亻	(会意。小篆字形从人,手(又)拿扫帚,一步一步地扫地。本义:渐进)。同本义。侵犯:进攻。侵蚀。侵凌。临近,到。通“寝。止息。逐渐。容貌丑陋。
禹	yǔ	常用汉字 · 9画 · 部首忄	(象形。小篆字形。本义:虫名。《说文》:“虫也。”一说为龋虫) 远古夏部落领袖。姒姓,名文命,鲧之子。
侯	hóu hòu	常用汉字 · 9画 · 部首亻	(象形。从人,从厂(hàn),象张布,矢在其下。甲骨文字形,象射侯张布著矢之形。本义:箭靶)。同本义。以兽皮或画上兽形的为之。诸侯。古时封建制度五等爵位的第二等。侯服。古代王城外围,按距离远近划分的区域之一。封侯。美。——“闽侯”(Mǐnhòu):中国东南部福建省的一个县,东邻福州市。
追	zhuī	常用汉字 · 9画 · 部首辶	(本义:追赶)。同本义(使追赶对象回来)。又。追求;追取。赶得上;比配。追随,紧紧跟随某人。回溯;追念;召回。补救。追寻。追究。送别;告别。收缴。催逼。又如:追敛(催交租税);追征(催迫征收);追租(催交租税)。
俊	jùn	常用汉字 · 9画 · 部首亻	(形声。从人,雋(jùn)声。本义:才智超群的人)。同本义。光彩。大;高尚。漂亮,美丽。
盾	dùn	常用汉字 · 9画 · 部首目	(象形。小篆字形。上面象盾形,下面是“目”,表示以盾蔽目(身体)。本义:盾牌)。同本义。
待	dài dāi	常用汉字 · 9画 · 部首彳	(形声。从彳(chì),寺声。本义:等待,等候)。同本义。以某种态度或行为加之于人或事物,对待。招待。需要。将，要（古典戏曲小说和现代某些方言的用法）。防备。依靠。容,让。要是,如果。[口语]暂时停留，逗留，迟延[口语]无目的地消磨时间或在某处逗留
徊	huái	常用汉字 · 9画 · 部首彳	(形声。从彳chì,表示与行走有关)回环。
衍	yǎn	常用汉字 · 9画 · 部首行	(会意。从水,从行。本义:水流入海)。水循河道流汇于海。溢出,水满而出。散开。分布。推演;演述。扩展,扩充。动植物孳生繁茂。(yán)绵延。以盛、多、过多、多余为特点的。丰富的, 种类多、数量大的。富足的。多余。山坡。山顶和山脚之间的部分。一片软湿的土地;沼泽。低而平坦之地。
律	lǜ	常用汉字 · 9画 · 部首彳	(形声。从彳(chì),聿(yù)声。本义:法律;法令)。同本义 (多指具体的规则、条文)。律管,古代用来校正乐音标准的管状仪器。以管的长短来确定音阶。从低音算起,成奇数的六个管叫律,成偶数的六个管叫吕。统称十二律。音律,乐律。古人按乐音的高低分为六律和六吕,合称十二律。古代爵位的等第。指季节和气候。约束。遵循。击。高。
很	hěn	常用汉字 · 9画 · 部首彳	(形声。从彳(chì),艮(gèn)声。本义:违逆,不听从)。同本义。争斗;争讼。凶恶,残忍;暴戾,乖戾。假借为“狠”。
须	xū	常用汉字 · 9画 · 部首页	(本字作“须”。后来写成有鬚,现在又简化为“须”。象形。从页,从彡,页(xié),头,彡(shān),表毛饰。指人面上的毛。本义:胡须)。同本义。野兽的鬚。泛指动、植物身上像须的东西。流苏。片刻。等待。停留。需要。助动词。必要,应当。终于。本是;本来。必然。相当于“却”。虽然。姓。
叙	xù	常用汉字 · 9画 · 部首又	(形声。从攴(pū),余声。本义:秩序,次序)。同本义(强调一个挨一个的序列)。依次序排列。叙述,述说。谈话。记述,著述。评定等级、次第,按功提升。
剑	jiàn	常用汉字 · 9画 · 部首刂	(形声。从刀,佥(qiān)声。本义:古代兵器。长刃两面,中间有脊,短柄)。同本义。以剑杀人。挟在胁下。
逃	táo	常用汉字 · 9画 · 部首辶	(形声。从辵(chuò),兆声。本义:逃走,逃跑)。同本义。逃避,回避。离开。叛,离,由于关系破裂而脱离。
食	shí sì yì	常用汉字 · 9画 · 部首飠	(会意。从饣皂,饣声。本义:饭,饭食)。同本义。粮食。食物的通称。食禄,俸禄。食墨亦简作“食”。龟卜的术语。古代龟卜兆与墨画重合叫“食墨”,为吉兆。亏损特指日蚀或月蚀。吃。靠着吃饭;赖以为生。引申为依赖、依靠。享受;受。垦耕。背弃。接受,采纳。祭献,享祀。拿东西给人吃饲养 ;喂养;供养。宴请。——用于人名的字。如汉代的郦食其、审食其。
盆	pén	常用汉字 · 9画 · 部首皿	(形声。从皿,分声。皿,泛指盘碗一类器具。本义:盛东西或洗涤用的器皿。通常为圆形,口大底小,比盘深)。同本义。古代量器。容量为古制十二斗八升。古炊器。把物浸在水盆里。水上涌四溢。也作“湓”。古代计算量盆所盛数量的单位。古制十二斗八升为一盆。计算一般容器盆所盛数量的单位。姓。
胚	pēi	常用汉字 · 9画 · 部首月	(形声。《说文》作“肧”,从月(肉),不声。本义:妇女怀胎一月之称)。初期发育的幼孢子体,由精细胞和卵细胞结合发展而成。
胧	lóng	常用汉字 · 9画 · 部首月	(形声。从月,龙声。朦胧:月色不明的样子。引申为“模糊不清”) 同本义。
胆	dǎn	常用汉字 · 9画 · 部首月	(形声。从肉,詹声。本义:胆囊。动物体内消化器官之一)。同本义。通称胆或苦胆。胆子,胆量,勇气。
胜	shèng	常用汉字 · 9画 · 部首月	(形声。从力,朕(zhèn)声。本义:胜任,禁得起)。同本义。战胜,打败。胜过;超过。一说通“称”。相当;相称。克制;制服。上升。特指名胜古迹。容积单位。古代妇女首饰。胜利。非常美好;美妙。尽;完。姓。
胞	bāo	常用汉字 · 9画 · 部首月	(形声。从肉,包声。“包”亦兼表字义。本义:胎衣)。同本义。同胞。
胖	pán pàng	常用汉字 · 9画 · 部首月	安泰舒适。(会意兼形声。从月(肉),从半,半亦声。半,分牛。本义:古代祭祀时用的半边牲肉) 同本义。肥胖。
脉	mài mò	常用汉字 · 9画 · 部首月	(会意。合起来表示身体里的一种支脉。本义:血管)。同本义。指事物如血管连贯有条理者。脉搏 。心脏收缩时,由于输出血液的冲击引起动脉的跳动。号脉,按脉诊病。
胎	tāi	常用汉字 · 9画 · 部首月	(形声。从肉,台声。本义:未生的幼体,胚胎)。同本义。事物的根源或初基。植物幼芽。
勉	miǎn	常用汉字 · 9画 · 部首力	(形声。从力,免声。本义:力所不及而强作)。同本义。尽力,用尽所有力量。勉励,鼓励。除去,脱掉。
狭	xiá	常用汉字 · 9画 · 部首犭	(形声。从犬,夹声。本义:窄,宽度、广度小)。同本义。心胸狭窄。急促。急迫。小。少。
狮	shī	常用汉字 · 9画 · 部首犭	犬生二子称“狮”。
独	dú	常用汉字 · 9画 · 部首犭	(形声。从犬,蜀声。犬性好斗,多独居,故字从犬。本义:单独;单一)。同本义。独特。特,特别地。唯独,仅仅。岂,难道。无子孙的老人。无丈夫的妇女。专断;独裁。姓。
狰	zhēng	常用汉字 · 9画 · 部首犭	(形声。从犬,争声。“犬”泛指兽类。本义:传说中的奇兽)同本义。
狡	jiǎo	常用汉字 · 9画 · 部首犭	(形声。从犬,交声。本义:小狗)。同本义。传说中的兽名。狡猾;狡诈。壮健骁勇。急促。狂暴。
狱	yù	常用汉字 · 9画 · 部首犭	讼案。刑狱。刑罚。监狱,牢房。
狠	hěn	常用汉字 · 9画 · 部首犭	(形声。从犬,艮(gèn)声。(wán)本义:犬争斗声。又指凶狠,残忍)。下定决心。吃。非常。同“很”。颇,相当。
贸	mào	常用汉字 · 9画 · 部首贝	(形声。从贝,卯(mǎo)声。从贝,与财物有关。本义:交换财物,交易)。同本义。改变。蒙昧不明。轻率,冒冒失失。相等。
怨	yuàn	常用汉字 · 9画 · 部首心	(形声。从心,夗(yuàn)声。本义:怨恨;仇恨)。同本义。责怪;埋怨。又。讥讽。哀怨。仇恨,怨仇。怨家。
急	jí	常用汉字 · 9画 · 部首心	(形声。小篆字形,从心,及声。本义:狭窄)。紧,紧缩。急躁,着急。迫切;紧急。疾速;快捷;匆忙。指声音急促。着急;使焦虑。以…为急,关切;赶快帮助。重视。急难,危急的事。假期;休假。
饵	ěr	常用汉字 · 9画 · 部首饣	(形声。从食,耳声。本义:糕饼)。同本义。钓鱼用的鱼食。药饵。食物的总称 。筋腱。吞食。引诱。
饶	ráo	常用汉字 · 9画 · 部首饣	(形声。从食,尧声。本义:饱)。同本义。富裕,丰足。余;剩。安逸。肥沃。乱。宽恕;宽容。额外增添。厚赐;多给。古地名。在今河北省饶阳县东。当在今山东省东部昌乐县、潍县一带地方。当在今山西省西南部临汾市一带。任凭;尽管。不仅。姓。
蚀	shí	常用汉字 · 9画 · 部首虫	(会意。从虫,从食,从人,食亦声。本义:虫等蛀伤物)。同本义。日月食。
饺	jiǎo	常用汉字 · 9画 · 部首饣	包成半圆形的有馅的面食
饼	bǐng	常用汉字 · 9画 · 部首饣	(形声。从食,并声。本义:古代面食的通称。后指扁圆形的面制食品)。
峦	luán	常用汉字 · 9画 · 部首山	(形声。从山,羉(luán)声。本义:小而尖的山)。同本义。泛指山。山脉,相连的群山。山脊、山梁。
弯	wān	常用汉字 · 9画 · 部首弓	(形声。本义:拉弓)。同本义。折,使弯曲。停船靠岸,停泊。水流弯曲之处。
将	jiāng jiàng qiāng	常用汉字 · 9画 · 部首寸	(形声。从寸,酱省声。从“寸”,表示与手有关。(jiàng)本义:将领,带兵的人)。扶持,扶助。奉行,秉承。送行。携带。带领。顺从;随从。供养;奉养。行,进。使用。就要;将要。必,必定。将近。岂;难道。相当于“拿”、“取”。相当于“把”、“用”。连接意思平等的词或词组,表示并列关系,相当于“又”,“且” 。例如:将信将疑。如果;假若。或;抑。用在动词后面,表示动作、行为的趋向或进行。在现代汉语里见于方言。(形声。从寸,酱省声。本义:将领,带兵的人)。同本义。中国象棋中的一子,即“帅”。统率;率领。愿;请求。用来表示礼貌上的尊敬。
奖	jiǎng	常用汉字 · 9画 · 部首大	(形声。字本作“奨”,从犬,将省声。本义:驱使狗猛进)。同本义。劝勉;鼓励。辅助。奖励。为了鼓励或表扬而给予的荣誉或财物等 。如:得奖;发奖;大奖;一等奖。亦指可以靠运气(如在抽奖中)得到的某物。如:奖券;中奖。
哀	āi	常用汉字 · 9画 · 部首口	(形声。从口,衣声。本义:悲痛;悲伤)。同本义。形容声音凄清尖锐。同情,怜悯。慰问;哀悼。哀求。爱护。哀叹。姓。
亭	tíng	常用汉字 · 9画 · 部首亠	(象形。战国文字字形,其中“T”象矗立的亭柱。小篆以为从高省,丁声。本义:古代设在路旁的公房,供旅客停宿)。同本义。后指驿亭。亭子。有顶无墙,供休息用的建筑物,多建筑在路旁或花园里。古代设在边塞观察敌情的岗亭。像亭子的小房子 。山梨。秦汉时的基层行政单位。养育 。停止。同“停”。适中,均衡 。直。姿势挺立的或笔直 。正。
亮	liàng	常用汉字 · 9画 · 部首亠	(《说文》一说本作“倞”,后移“人”于“京”下,又变作“儿”,并省去“京”中一竖。本义:明亮)。同本义。诚信;忠诚。响亮。明白,清楚。辅佐。相信;信任。显示;显露。谅解;原谅。姓。
度	dù duó	常用汉字 · 9画 · 部首广	(形声。从又,庶省声。“又”即手,古代多用手、臂等来测量长度。本义:计量长短的标准,尺码)。同本义。法制;法度。限度,限额。胸襟;器度。心意,考虑。计划。度过,越过。僧尼道士劝人离俗出家。超度;宗教说法,使死者灵魂得以脱离地狱诸苦难。谱写。次。姓。估计,推测。衡量。量;计算。
迹	jì	常用汉字 · 9画 · 部首辶	同本义。留下的印子。前人留下的事物(主要指建筑或器物)。功劳。追踪;追寻。
庭	tíng	常用汉字 · 9画 · 部首广	(形声。从广,廷声。广（yǎn）,就山岩架成的屋。本义:厅堂)。同本义。堂阶前的地坪。朝廷,君主受朝问政的地方。法庭,司法机关审理案件的处所 。官署,政府办公的地方 。朝觐,到圣地去进香。古代指少数民族所辖区域或所都之处。也泛指边疆地方。中医学名词。指额部中央 。望诊时常作为诊察头、面部疾病的部位,又叫“天庭”。房屋 。唐代州名 。故治在今新疆乌鲁木齐市。父亲、母亲的或与父或与母有关的 。直的,笔直的。
疮	chuāng	常用汉字 · 9画 · 部首疒	(形声。从疒(chuáng),仓声。本义:皮肤上肿烂溃疡的病)。痈、瘫、疽、疖等的总称。
疯	fēng	常用汉字 · 9画 · 部首疒	(形声。 从疒 (chuáng), 表示与疾病有关。风声。 本义:头风病)。同本义。瘫痪。
疫	yì	常用汉字 · 9画 · 部首疒	(形声。从疒(chuáng),役省声。本义:瘟役)。同本义。急性传染病流行的通称。
疤	bā	常用汉字 · 9画 · 部首疒	(形声。从疒(chuáng),巴声。从“疒”表示与疾病有关。本义:疮疤)。
咨	zī	常用汉字 · 9画 · 部首口	(形声。从口,次声。本义:商议;征询)。同本义。又。叹息;赞叹。用同“龇”。露出。表示赞赏,相当于“啧”。旧时公文的一种。咨文的简称 。用于同级机关。
姿	zī	常用汉字 · 9画 · 部首女	(形声。从女,次声。本义:姿态)。同本义(“姿”侧重于呈现的姿势、风度)。又。容貌。资质(天资,禀赋)。气质。美好;妩媚。
亲	qīn qìng	常用汉字 · 9画 · 部首亠	(形声。从见,亲(shēn)声。“见”与“至”义相通。本义:亲爱)。同本义。亲密。与“疏”相对。准,准确。更新。艰苦。父母。也单指父亲或母亲。泛指有血统或婚姻关系的人。亲密的、可靠的人。亲自,亲身。亲近;接近。
音	yīn	常用汉字 · 9画 · 部首音	(指事。从言含一。甲骨文“言、音”互用,金文、小篆在“言中加一横,表示所发之音。本义:声音)。同本义。音乐。字的音读。
帝	dì	常用汉字 · 9画 · 部首巾	(象形。甲骨文字形,象花蒂的全形。上面象花的子房,中间象花萼(花瓣外面的绿片)。下面下垂的象雌雄花蕊。本义:花蒂)。天帝,上帝。宗教或神话中称主宰万物的神。最高的天神。古人想像中宇宙万物的主宰。又。君主,皇帝。称帝,为帝。尊奉为帝。
施	shī	常用汉字 · 9画 · 部首方	(形声。从(yǎn),也声。本指旗帜)。旗飘动。假借为“吔”。给,给予。引申为施舍。设置;安放。施行;实行;推行。散布;铺陈。加;施加。判罪。陈尸示众。用;运用。恩惠,仁慈。旄羽珥,旗竿头上缀饰物。姓。施琅Shī Láng (1621—1696) 中国清朝时将领,福建晋江人。字尊侯,号琢公。初为郑芝龙部将,降清后任水师提督。康熙二十二年(1683年)攻灭台湾的郑氏政权。他建议在台湾驻兵屯守,以备御西方殖民者的侵略,为清政府所采纳。封靖海侯。
闺	guī	常用汉字 · 9画 · 部首门	(形声。从门,圭声。“圭”亦具有表意作用。本义:上圆下方的小门;小门)。同本义。内室。特指女子居住的内室。借指妇女。
闻	wén	常用汉字 · 9画 · 部首门	(形声。从耳,门声。本义:听到)。同本义。听说;知道。传布,传扬。闻名,出名。嗅;嗅到。询问;问候。知识;见闻。传闻,听到的事情;消息。声望;威望。
闽	mǐn	常用汉字 · 9画 · 部首门	(形声。从虫,门声。本义:古种族名。生活在浙江南部和福建一带,后因称福建为闽)。同本义。五代十国之一 。933年王延钧在长乐(今福州市)称帝,国号闽。历三十七年,后被南唐所灭。
阀	fá	常用汉字 · 9画 · 部首门	(形声。从门,伐声。本义:阀阅。即仕官人家自序功状而树立在门外左边的柱子)。同本义 釩 在左曰阀,在右曰阅。——《玉篇》。功劳 。也作“伐”。名门巨室,仕宦人家。
阁	gé	常用汉字 · 9画 · 部首门	(形声。从门,各声。本义:古代放在门上用来防止门自合的长木桩)。门限。一种架空的小楼房,中国传统建筑物的一种。其特点是通常四周设隔扇或栏杆回廊,供远眺、游憩、藏书和供佛之用。藏书的地方。架空的栈道。用木板架筑在山岩绝险处的道路。官署名。内阁的简称。特指女子的卧房。放置,搁置。
差	chā chà chāi chài cī	常用汉字 · 9画 · 部首工	(会意。小篆,从左(手)。本义:失当;错;相差) 同本义。区别。指派;派遣。选择。病愈限度;界限。
养	yǎng	常用汉字 · 9画 · 部首丷	(形声。从食,羊声。本义:饲养)。供养,奉养;抚育。饲养。生育。培养,修养。保养。治,调养。皮肤受刺激,产生欲搔的感觉。姓。
美	měi	常用汉字 · 9画 · 部首八	(会意。金文字形,从羊,从大,古人以羊为主要副食品,肥壮的羊吃起来味很美。本义:味美)。同本义。形貌好看,漂亮。美好。理想。称美;赞美。认为…美;使事物变美,变好。音调的主观单位,等于频率为1000赫的音的音调的千分之一——尤其用于听觉学。
姜	jiāng	常用汉字 · 9画 · 部首女	(形声。从女,羊声。本义:水名。姜水)。同本义。生姜。一种姜属多年生草本植物(Zingiber officinate),作一年生栽培。须根不发达,根茎肥大,呈不规则块状,灰白或黄色,有辛辣味,可作蔬菜、调料,亦入药。姓。
叛	pàn	常用汉字 · 9画 · 部首又	(形声。从反,半声。本义:背叛) 同本义。零乱的。
送	sòng	常用汉字 · 9画 · 部首辶	(会意。小篆字形)。同本义。送行;送别。将东西运去或传交 。又。遣送。送葬;送丧。馈赠。了结;断送。
类	lèi	常用汉字 · 9画 · 部首米	(形声。从犬,頪(lèi)声。从“犬”,因犬种类最相似。本义:种类)。同本义。又。族类。事例;条例。缺点,毛病。古祭名,祭天。相似;像。类比;类推。偏,不平。大抵;大都。
迷	mí	常用汉字 · 9画 · 部首辶	(形声。从辵(chuò),米声。本义:迷路;分辨不清)。同本义。迷惑,使…辨不清。迷恋。昏迷。
籽	zǐ	常用汉字 · 9画 · 部首米	某些植物所结的种子
娄	lóu	常用汉字 · 9画 · 部首女	物体中空的。收敛。二十八宿之一,西方白虎七宿的第二宿。有白羊座α、β、γ星三颗。母猪。小土丘。多次。姓。
前	qián	常用汉字 · 9画 · 部首刂	(本义:前进)。同本义。引导。进见。剪裁。前面,与“后”相对;正面。与“后”相对,时间在先。预先;事前。目前。箭竹。
首	shǒu	常用汉字 · 9画 · 部首首	(象形。金文字形,上面是头发和头皮,用以表示头盖;下面是眼睛,用以代表面部。本义:头)。同本义。首领,团体的领导人。开端;开头;前端。要领。剑柄上的环。位次。方;面。第一。形容迟疑不决。告发。自首,犯人自己到有关部门去交代罪行。头向着。向着…出发。屈服;服罪。标明;显示。最早;首先。
逆	nì	常用汉字 · 9画 · 部首辶	(形声。从辵(chuò),屰(nì)声。本义:迎,迎接,迎着)。同本义。迎击;迎战。倒;反;向相反方向活动。抵触;不顺;违背。颠倒。叛乱,谋反。抗拒。预测;揣度。事前,预先。叛逆。
兹	cí zī	常用汉字 · 9画 · 部首丷	——“龟兹”(Qiūcí):古代西域的国名,唐代征服东突厥时曾在此设郡,旧址在今新疆库东县一带。(形声。据《说文》,从艸,滋省声。本义:草木茂盛) 同本义。年。草席。现在;此时。这个,此。这里。益,愈加。
总	zǒng	常用汉字 · 9画 · 部首心	(形声。从糸(mì),悤(cōng)声。糸是细丝,细丝常聚合成一束,故从糸。本义:聚束;系扎)。同本义。聚合;汇集。结,系。统领,统管。总括;概括。禾稿;连穗带杆的禾把子。束穗;流苏 (古代的车马装饰品)。整数。麻杆扎成的火把。全部,全面。用法同“纵”。纵然;即使。姓。
炼	liàn	常用汉字 · 9画 · 部首火	(形声。从火,柬声。本义:提炼)。同本义。用加热等方法使物质溶化并趋于纯净或坚韧。修炼;锻炼;造就。
炸	zhá zhà	常用汉字 · 9画 · 部首火	将旧金属器物加工,使重现光泽。指物体突然破裂。
烁	shuò	常用汉字 · 9画 · 部首火	(形声。从火,乐声。本义:发光的样子)。同本义。摇曳;闪烁。销熔。
炮	bāo páo pào	常用汉字 · 9画 · 部首火	一种烹调方法。(形声。从火,包声。(páo)本义:古烹饪法的一种。用烂泥等裹物而烧烤)。同本义。焚烧,燃烧。制中药的一种方法,把生药放在热铁锅里炒,使它焦黄爆裂。厨师。吼叫,咆哮。“炮”假借为“砲”,大炮。
炫	xuàn	常用汉字 · 9画 · 部首火	(形声。从火,玄声。本义:晃眼)。同本义。显示;夸耀。形容艳丽。
烂	làn	常用汉字 · 9画 · 部首火	(形声。从火,阑声。本义:煮烂)。同本义。又。火烧伤。腐烂,腐败。明亮、光明;色彩绚丽。
剃	tì	常用汉字 · 9画 · 部首刂	用刀刮去毛发。后来写作“剃”。剃度出家 。
洼	wā	常用汉字 · 9画 · 部首氵	(形声。从水,圭(guī)声。本义:深池)。同本义。古水名。“渥洼”的省称。是今甘肃省敦煌县党河的水源之一。古水,今未详。“窪”的简化字。清水。假借为“窐”。低陷,凹下。潴积。
洁	jié	常用汉字 · 9画 · 部首氵	(形声。从水,絜(jié)声。本义:干净,清洁。按:“洁”和“潔”本是不同的两个字。“洁”本音念jí,是河流名,后来成为“潔”的俗字,现在是“潔”的简化字)。同本义。操行清白,品德高尚。元代民間戏稱和尚为“洁郎”,省稱“洁”。使清白。分清。
洪	hóng	常用汉字 · 9画 · 部首氵	(形声。从水,共声。本义:大水)。同本义。河道陡窄流急之处。河流分道之处。大。与“小”相对。姓。
洒	sǎ	常用汉字 · 9画 · 部首氵	(形声。从水,西声。本义:把水散布在地上)。同本义。东西散落。开阔 。如洒豁。咱 ——宋、元时关西一带男子的自称“洒家”的略称。非常;很。
柒	qī	常用汉字 · 9画 · 部首木	“七”的大写。
浇	jiāo	常用汉字 · 9画 · 部首氵	(形声。从水,尧声。本义:沃灌,灌溉)。同本义。浮薄。浅薄。
浊	zhuó	常用汉字 · 9画 · 部首氵	(形声。从水,蜀声。本义:浊水) 同本义。源出山东省益都县西南,北流注入小清河。液体浑浊。与“清”相对。脏,不干净。庸俗。品行坏,卑劣。混乱。昏暗不明。
洞	dòng	常用汉字 · 9画 · 部首氵	(形声。从水,同声。本义:水流急)。同本义。窟窿;孔穴。口令中用以代替数目中的“零”。贯穿;通达。通晓;知悉。
测	cè	常用汉字 · 9画 · 部首氵	(形声。从水,则声。本义:度量水的深浅)。度量;测量。观测,观察。推测、预料。
洗	xǐ xiǎn	常用汉字 · 9画 · 部首氵	(形声。从水,先声。据甲骨文,上为足形,下为水形。本义:用水洗脚)。同本义。假借为洒。用水涤除污垢。免去;除去。革除。抢光;杀尽。整治;雕琢。古代盥洗用的器皿 。形似浅盆。一般用青铜铸造,也有陶质的。洗脚。姓。同“冼”。
活	huó	常用汉字 · 9画 · 部首氵	(形声。从水,昏(kuò)声。本义:流水声。用本义时读(guō))。生存。与“死”相对。救活。
派	pài pā	常用汉字 · 9画 · 部首氵	(形声。本义:水的支流)。同本义。英文pass的音译
洽	qià	常用汉字 · 9画 · 部首氵	(形声。从水,合声。本义:沾湿,浸润)。同本义。合,符合。假借为“给”。供应。周遍;广博。和谐;融洽。
染	rǎn	常用汉字 · 9画 · 部首木	(形声。从水,杂声。一说从木、从水、从九。会意。古染料多来源于植物,故从木;染料须加工成液体,故从水;染须反复进行,故从九。本义:使布帛等物着色)。同本义。传染,感染。熏染;影响。污染,沾染。豆豉酱。
洛	luò	常用汉字 · 9画 · 部首氵	(形声。从水,各声。本义:水名。指洛水)。同本义。北洛河。发源于陕西省定边县,东南流经志丹、洛川、蒲城等县。洛阳的简称。
浏	liú	常用汉字 · 9画 · 部首氵	水深而清澈。风疾速的样子。
济	jǐ jì	常用汉字 · 9画 · 部首氵	(形声。从水,齐声。本义:水名,即济水。古四渎之一)。同本义。发源于今河南省济源县西王屋山,原在山东境内与黄河并行入渤海。后因黄河改道,下游被黄河淹没。现在黄河下游的河道就是原来济水的河道。州名。北魏泰常八年(公元423年)置,治所在今山东省聊城东南。五代周置,在今山东省巨野县。金置,在今吉林省农安县。众多。整齐美好的样子。渡过水流。帮助;救助。拯救;救济。成就。停;止。增加。弥补。及,比得上。成;可以。渡口,过河的地方。能干,中用。
洋	yáng	常用汉字 · 9画 · 部首氵	(形声。从水,羊声。本义:古水名)。同本义。洋水。又名西乡河。在陕西省南部。源出西乡县星子山,北流合木马河会于西乡县东,东北流注于汉水。旧指海之中心。亦泛指海域 。今指地球表面上被水覆盖的广大的地区,约占地球面积的十分之七,分成四个部分,即太平洋、大西洋、印度洋、北冰洋。盛多、广大。
洲	zhōu	常用汉字 · 9画 · 部首氵	(形声。从水,州声。“洲”本作“州”,后人加水以别州县之字。本义:水中的陆地)。同本义。大陆,地球上陆地的大的划区,特指其大小和结构上与岛屿和半岛不同的大片陆地及以山脉为界的大盆地。
浑	hún hùn	常用汉字 · 9画 · 部首氵	(形声。从水,军声。本义:大水涌流声)。同本义。河名。桑干河上游支流,亦名浑源川,发源于山西省北端西麓。卢沟河在元明后的别称,因河水浑浊得名,即今永定河。小辽河,辽河最大的支流。浑江,又名佟家江,发源于吉林省龙岗山脉。中国古代少数民族吐谷浑的省称。浑天说的简称。混浊。简直。仍;还。混,苟且度过。姓。混同。同“混”。胡乱地,随意地。同“混”。
浓	nóng	常用汉字 · 9画 · 部首氵	(形声。从水,农声。本义:露多)。同本义。稠密;厚;多。特指液体或气体中所含某种成分多。与“淡”、“薄”相对。艳丽。颜色重。程度深。
津	jīn	常用汉字 · 9画 · 部首氵	(会意。金文字形,从舟,从淮。“淮”表示淮水。泛指一般的河流。船停泊在河旁,用来渡河。本义:渡口)。同本义。生物的津液;口水。涯,岸。汗,由汗腺分泌的一种含盐的液体。渡,乘船过河或湖、海。滋润。引申为以资财助人。润泽。
恃	shì	常用汉字 · 9画 · 部首忄	(形声。从心,寺声。本义:依赖,依靠)。同本义。持;矜持。母亲的代称,母死称失恃。
恒	héng	常用汉字 · 9画 · 部首忄	(会意。金文,从心,从月,从二。“二”,表示天地。本义:永久,永恒)。同本义。寻常;普通。即恒山 。古山名,在今河北省曲阳西北与山西接壤处。五岳中的北岳。经常,常常。
恢	huī	常用汉字 · 9画 · 部首忄	(形声。从心,灰声。本义:志气大;大;广大)。同本义。扩大;发扬。恢复。
恍	huǎng	常用汉字 · 9画 · 部首忄	(形声。从心,況省声。字本作怳,亦作慌.本义:狂的样子)。同本义。昏瞆不明的样子。心神不安的样子;失意的样子。猛然;忽然。一闪而过。
恬	tián	常用汉字 · 9画 · 部首忄	(形声。从心,甜省声。本义:安静)。同本义 (表示心境的安静,平静)。安逸,舒适 。。泰然。淡泊 。
恤	xù	常用汉字 · 9画 · 部首忄	(形声。从心,血声。本义:忧虑)。同本义。体恤。怜悯。周济。安置。顾及;顾念。抚养。葬仪。
恰	qià	常用汉字 · 9画 · 部首忄	(形声。从心,合声。本义:用心)。同本义。适当;正好。
恼	nǎo	常用汉字 · 9画 · 部首忄	(形声。从心,惱(nǎo)声。本义:恼恨;生气;发怒)。同本义。懊恼;烦闷。打扰。惹,撩拨。
恨	hèn	常用汉字 · 9画 · 部首忄	(形声。从心,艮(gèn)声。本义:怀恨在心,怨恨)。同本义。遗憾;后悔。违逆;不听从
举	jǔ	常用汉字 · 9画 · 部首丶	(形声。小篆字形,从手,舉(yǔ)声。本义:双手托物)。同本义。拿起;提起。飞,飞起;飘动。升起;耸起。仰起;抬起。发问;动问。推荐;选用。提出;列举。兴起;发动。施行;办理。攻克;占领。成就;成功。参加科举考试。又如:举进士;举首(科举考试的第一名)。取;拾取。攀援。耸立,突起。成立,站得住脚。记录;登记。谈论;称引。复兴。祭祀。没收。吃丰盛的饮食。轻手诊脉。榉柳。肺脊;骨体正脊。古代词性术语之一,相当于现在的名词。古代重量单位,一举重三两。全。皆,都。姓。
觉	jiào jué	常用汉字 · 9画 · 部首见	睡醒。比较,较量。俗称睡眠为睡觉。(形声。从见,学省声。本义:醒悟,明白)。同本义。感觉到,意识到。启发;使人觉悟。发觉,发现。贤智者之称。
宣	xuān	常用汉字 · 9画 · 部首宀	(形声。从宀(mián),亘(xuán)声。“宀”与房屋有关。一说据甲骨文为云气舒卷自如之象。本义:帝王的宫殿)。古代帝王的大室,古宫室名。帝王的诏书。宣纸的简称。璧玉。地名。古州名。治所在今安徽省宣城县。明代宣府镇 ,驻所在今河北省张家口市(旧宣化市)。宣布。宣读。放掉;漏掉。宣扬;宣传,广泛传播。传达,多用于传达帝王的诏命。抒写;表白。通,疏通。明白;了解。宽大,空敞。骄;骄奢。周遍;普遍。姓。
宦	huàn	常用汉字 · 9画 · 部首宀	(会意。从宀mián,表示与家庭房屋有关。从臣。“臣”本奴隶。合起来的意思是家室奴仆。本义:做奴隶主或帝王的奴仆)。同本义。学习官吏的事务。做官。官吏。太监,在内宫侍候女眷或被任为宫廷内侍的割去睾丸的男人。
室	shì	常用汉字 · 9画 · 部首宀	(会意。从宀从至。人到屋中就停止了。本义:内室)。同本义 。堂后之正室。古人房屋内部,前叫“堂”,堂后以墙隔开,后部中央叫“室”,室的东西两侧叫“房”。房屋;房间。家。指妻子。墓穴。刀剑的鞘 :与刀刃、猎刀或者其它器械紧密配合的护套。家人;家族。家产;家财。娶妻;成家。男女同房,交媾。姓。
宫	gōng	常用汉字 · 9画 · 部首宀	(象形。甲骨文字形,象房屋形。在穴居野处时代也就是洞窟。外围象洞门,里面的小框框象彼此连通的小窟,即人们居住的地方。本义:古代对房屋、居室的通称(秦、汉以后才特指帝王之宫))。同本义。秦汉以来,宫指宫廷,帝王的住所。神仙的居处 。如:蓬莱宫;天宫;宫神(守卫天宫的门神)。又指文化活动或娱乐的场所。如:少年宫;文化宫。五音之一。最古的音阶仅用五音,即宫、商、角、徵、羽。古人通常以宫作为音阶的第一级音。以十二个黄道座的位置作为标志的黄道十二宫之一。宗庙,神殿,供神的大建筑物。古代五刑之一。阉割男子生殖器。古代贵族妇女的卧室。身体。(guān)。官府,官舍。居住;栖息。营建宫室房屋。围绕。
宪	xiàn	常用汉字 · 9画 · 部首宀	(会意。从心,从目,害省声。心、目并用。本义:敏捷)。同本义。喜乐的样子。法令。宪司的省称 。宋代官名,即诸路提点刑狱公事,相当于后世的按察司之职。方法。旧时属吏对上司的尊称。公布。效法。制裁。姓。
突	tū	常用汉字 · 9画 · 部首穴	(会意。从穴,从犬。本义:犬从洞穴中突然窜出)。狗从穴中突然而出。急速地向前或向外冲。触犯。欺诈。穿;破。凸出;高耸。烟囱。忽然;猝然。
穿	chuān	常用汉字 · 9画 · 部首穴	(会意。从牙,从穴。牙在穴中,表示穿通的意思。本义:穿通,穿破)。同本义。通过、透过(空隙、空间等)。贯通;贯串。
窃	qiè	常用汉字 · 9画 · 部首穴	(会意。 从米,以米为穴,意为虫在穴中偷米吃,是会意字。本义:偷)。同本义。篡夺。指非其有而取之;不当受而受之。用作表示自己的谦词。私下;私自。多用作谦词。偷偷地。盗贼。
客	kè	常用汉字 · 9画 · 部首宀	(形声。从宀(mián),表示与家室房屋有关,各声。本义:寄居;旅居,住在异国他乡)。同本义。以客礼相待。来宾,宾客。旅客;旅居他乡的人。从事某种活动的人。诸侯委派出使他国的使臣。在本国做官的外国人。商贩,行商。泛指某人。鬼怪。食客,门客。用于论份出售的食品。
诫	jiè	常用汉字 · 9画 · 部首讠	(形声。从言,戒声。本义:告诫,警告)。同本义。规劝。警诫。
冠	guān guàn	常用汉字 · 9画 · 部首冖	(会意。从“冖”(mì),用布帛蒙覆。从“元”(人头),从“寸”(手)。意思是:手拿布帛之类的制品加在人的头上,即“冠”。本义:帽子)。同本义。公鸡头上的肉瘤或高出的羽毛。戴;戴帽子。超出众人;超过;位居第一。古代男子到成年则举行加冠礼,叫做冠。一般在二十岁。
诬	wū	常用汉字 · 9画 · 部首讠	欺骗。无中生有,捏造事实害人。抹杀。冤屈。
语	yǔ yù	常用汉字 · 9画 · 部首讠	(形声。从言,吾声。本义:谈论;议论;辩论)。同本义。交谈,说话。又。鸟兽虫类鸣叫。说的话。词语。语言。告诉,使知道。
扁	biǎn piān	常用汉字 · 9画 · 部首户	(会意。从户,从册。本义:在门户上题字)。同本义。匾额,题字的长方形牌子。指物体宽而薄。小。
袄	ǎo	常用汉字 · 9画 · 部首衤	(形声。从衣,夭声。本义:有衬里的上衣)。皮衣之类的御寒衣服。
祖	zǔ	常用汉字 · 9画 · 部首礻	(形声。从示,且(jǔ)。从“示”与祭祀、宗庙有关。本义:祖庙)。同本义。祖父。祖宗 ;祖先;自祖父以上各辈尊长。祖师。指言行、功业为后世所宗仰者。帝王的庙号 。从汉代开始,凡创业的国君死,其庙号称为“祖”。如汉称刘邦为汉高祖,唐称李渊为唐高祖。初,开始。亦指事物的本源。效法;承袭。熟悉。出行时祭祀路神。引申为饯行。姓。
神	shén	常用汉字 · 9画 · 部首礻	(会意。从示申。“申”是天空中闪电形,古人以为闪电变化莫测,威力无穷,故称之为神。本义:神灵)。传说中的天神,即天地万物的创造者或主宰者。泛指神灵。精神。表情;神色。神奇;神异。灵验。姓。
祝	zhòu zhù	常用汉字 · 9画 · 部首礻	诅咒。(会意。甲骨文字形,象一个人跪在神前拜神、开口祈祷。从示,从儿口。“儿”是古文“人”字。本义:男巫,祭祀时主持祝告的人,即庙祝)。同本义。祭神的祈祷词。祝贺。祷告,向鬼神求福。向人祝颂。断;断绝。
祠	cí	常用汉字 · 9画 · 部首礻	(形声。从示,司声。本义:春祭)。同本义。供奉鬼神、祖先或先贤的庙堂。引申为祭祀。
误	wù	常用汉字 · 9画 · 部首讠	谬误;错误。耽误。妨害。
诱	yòu	常用汉字 · 9画 · 部首讠	(形声。从言,秀声。字本作“羑”,从厶(sī),从羑(yǒu)。厶,同“私”。羑,诱导。本义:教导;引导;劝导)。同本义。引诱。向导,引路。欺狂,诱骗。
诲	huì	常用汉字 · 9画 · 部首讠	(形声。从言,每声。本义:教导)。同本义。教导的话。
说	shuō shuì tuō yuè	常用汉字 · 9画 · 部首讠	(形声。从言,兑(duì)声。本义:用言语解说,开导,说明)。同本义。谈说,讲说。告知;告诉。评议;谈论。劝告;责备。学说;观点;言论。古代墨家逻辑的名词,指推理。指说书。一种文体,通过发表议论或记述事物来说明某个道理。如《爱莲说》、《捕蛇者说》。说服;劝说。解脱。古语的读法。
诵	sòng	常用汉字 · 9画 · 部首讠	(形声。从言,甬(yǒng)声。本义:背诵、朗读)。同本义。述说,发表详细内容。颂扬。公开。诗篇。
垦	kěn	常用汉字 · 9画 · 部首土	(形声。从土,(kěn)声。本义:翻土,开垦)。同本义。损伤。
退	tuì	常用汉字 · 9画 · 部首辶	(会意。小篆字形。从彳,从日,从攵。彳(chì),小步。攵(suī),足的反写。本义:向后走,后退)。同本义。退却;打退。引申为减退;下降。辞去官职;退隐。离去,退出。谦让。改悔。脱去。返回,归。天文学上称天体自东向西运行为“退”。
既	jì	常用汉字 · 9画 · 部首旡	(会意。甲骨文字形,左边是食器的形状,右边象一人吃罢而掉转身体将要离开的样子。本义:吃罢,吃过)。同本义。食尽。指日全食或月全食。完毕;完了。已经。不久;随即。常用“则”、“就”、“那么”相呼应,相当于“既然”。跟“且”、“又”、“也”、“还”等词配合,表示同时具有两种情况。
屋	wū	常用汉字 · 9画 · 部首尸	(屋的本义是幄,后来“屋”指房屋,另造“幄”字。会意。从尸,从至。尸,与房屋有关,“至”表示来到。人来到这里居住之意。本义:帐幕。“幄”的本字)。同本义。古代半地穴式住室建筑的顶部覆盖。房舍,房屋。室深处。车盖,车篷子。终止。建屋,盖屋。
昼	zhòu	常用汉字 · 9画 · 部首日	(会意。从日,从畫(画)省。从日,表示太阳。从畫,表示一种界限。本义:白天。与“夜”相对)。同本义。古地名 。在今山东省淄博市临淄西北。
屏	píng bǐng bīng	常用汉字 · 9画 · 部首尸	(形声。从尸,并声。这里的“尸”是由“广”(yǎn)演变来的,表示与宫室有关的事物。本义:宫殿当门的小墙。又称“照壁”)。同本义。屏风。室内陈设,用以挡风或遮蔽的器具,上面常有字画。屏障之物。退避;隐退。隐藏。抑制。抑止不出气。掩蔽。作谦词用于信札中,意为惶恐
屎	shǐ	常用汉字 · 9画 · 部首尸	大便，粪。眼、耳所分泌的东西嘲笑低能的
费	fèi	常用汉字 · 9画 · 部首贝	(形声。从贝,弗声。从“贝”表示与钱财有关。本义:花费 )。同本义。耗损。浪费。(fú)。逆,违背。钱财;费用。古地名 。在今山东省鱼台县西南。(bèi)。谬误。语句多余,言辞烦琐。
陡	dǒu	常用汉字 · 9画 · 部首阝	(形声。从阜,走声。从“阜”,表示与地形地势的高低上下有关。本义:山势陡峭) 同本义 。坡度大,近于垂直。程度深,范围广。
逊	xùn	常用汉字 · 9画 · 部首辶	(形声。从辵(chuò),孙声。本义:逃遁)。同本义。辞让;退让。谦逊;恭顺。
眉	méi	常用汉字 · 9画 · 部首目	(象形。甲骨文,小篆字形。象目上毛形。本义:眉毛)。眼上方的弓或嵴,亦指生长在这条嵴上的眉毛。借指美女。古州名 。故地在今四川省眉山县。老。
孩	hái	常用汉字 · 9画 · 部首子	(形声。从子,亥声。本义:小儿笑)。同本义。同“咳”。当作婴儿看待。抚爱。幼小;幼稚。幼儿。未成年的人;孩子。
陨	yǔn	常用汉字 · 9画 · 部首阝	(形声。从阜(fù),员声。“阜”指土山,与“高下”义有关。本义:从高处掉下,坠落)。同本义。丧失,失去。死。毁坏。
除	chú	常用汉字 · 9画 · 部首阝	(形声。从阜,余声。从“阜”,表示与地形地势的高低上下有关。本义:宫殿的台阶)。同本义。一般建筑的台阶。泛指台阶。拜受官位。清除,去掉。修治、修整。打扫。诛灭。不计算在内。
险	xiǎn	常用汉字 · 9画 · 部首阝	(形声。从阜,佥(qiàn)声。从“阜”,与地势有关。本义:地势高低悬殊,难以通过)。同本义。地势险峻、危险。地势不平。邪恶。艰难;困难。奇特,怪异。阴险,难以揣测。危险。要隘,险要的地带。道路。防御工事。差一点。
院	yuàn	常用汉字 · 9画 · 部首阝	(形声。从阜(fù),完声。“阜”是土山,与土、建筑有关。本义:庭院,院子。房屋围墙以内的空地)。同本义。四周有墙垣围绕、自成部分的房屋。林园。官署。
娃	wá	常用汉字 · 9画 · 部首女	(形声。从女,圭(guī)声。本义:美女)。同本义。少女;姑娘。儿子或女儿。有亲昵意。圜深目的样子。字亦作眭。美好。
姥	lǎo mǔ	常用汉字 · 9画 · 部首女	即母亲的母亲的尊称。(形声。从女,老声。本义:老年妇女的俗称)。同本义。婆,丈夫的母亲。
姨	yí	常用汉字 · 9画 · 部首女	(形声。从女,夷声。本义:妻子的姐妹)。同本义。母之姊妹。父亲的小老婆;庶母。
姻	yīn	常用汉字 · 9画 · 部首女	(会意兼形声。从女,从因,因亦声。本义:女婿家)。同本义 。结亲的男家,指夫或夫之父。妻或妻之父。姻亲。婚姻。
娇	jiāo	常用汉字 · 9画 · 部首女	(形声。从女,乔声。本义:妩媚可爱)。同本义(柔嫩美态)。柔弱。任性。对儿童的称谓。爱;宠爱。
姚	yáo	常用汉字 · 9画 · 部首女	(形声。从女,兆声。本义:姓) 同本义。相传为虞舜之后。长。
娜	nà nuó	常用汉字 · 9画 · 部首女	(形声。从女,那声(nuó)。本义:婀娜,美貌) ——女子人名用字。——“婀娜”(ē'nuó)形容姿态柔美。
怒	nù	常用汉字 · 9画 · 部首心	(形声。从心,奴声。本义:发怒,明显地表形于外的生气)。同本义。又。谴责。奋起;奋发。激怒。超过。气势很盛、不可遏止。》序。妻子儿女。彗星尾。
架	jià	常用汉字 · 9画 · 部首木	(形声。从木,加声。本义:棚架)。同本义。搁置或支持东西的用具。建造;搭设;支撑。超越,凌驾。挡架,不让进入。两柱之间为一架。
贺	hè	常用汉字 · 9画 · 部首贝	奉送礼物表示庆祝。嘉奖;犒劳。增加,增益。锡的别名 。因古时以临贺(今广西贺县)出的锡最出名,因而称锡为贺。
盈	yíng	常用汉字 · 9画 · 部首皿	(会意。从皿。《说文》:“满器也。”)。同本义。自满;满足。溢出。长,增加。超过。丰满,匀称好看。圆满,无残缺。有余、多余、多出来,余出盛,旺盛。
勇	yǒng	常用汉字 · 9画 · 部首力	(本作勈,或作恿。形声。从力,甬(yǒng)声。从力,与力气有关。本义:果敢,胆大)。同本义。勇猛;凶猛。勇气,勇力。姓。
怠	dài	常用汉字 · 9画 · 部首心	(形声。从心,台声。本义:懒惰)。同本义。疲倦;倦怠。使…懒惰。轻漫;骄傲不敬重。
癸	guǐ	常用汉字 · 9画 · 部首癶	(象形。甲骨文字形,象二戣(kuí),古代兵器。交叉之形,盖即“戣”之古文。①本义:古代兵器。戟属。②天干的第十位),用作顺序的第十。估量。
蚤	zǎo	常用汉字 · 9画 · 部首虫	(形声)。同本义。指月初或早晨。(zhǎo)。指甲,脚趾。指时间在先,和“迟”相对。
柔	róu	常用汉字 · 9画 · 部首木	(形声。从木,矛声。本义:树木可曲可直)。同本义。柔弱;细嫩。柔软。柔和;温和。温柔。软弱;柔弱。安抚或平息,尤其通过让步。通过加工使变软。润泽。车轮的外周。汉代侯国名 。治所在今山东省临沂地区境内。
垒	lěi	常用汉字 · 9画 · 部首土	(形声。从土,畾(雷)声。本义:军壁,防护军营的墙壁或建筑物)。同本义。把砖、石等重叠砌起来。捆绑。
绑	bǎng	常用汉字 · 9画 · 部首纟	(形声。从糸(mì),邦声。古无此字。“绑”字出现于元、明之间。本义:捆,缚)。同本义。
绒	róng	常用汉字 · 9画 · 部首纟	(形声。从糸(mì),戎声。本义:鸟兽身上的柔毛)。熟丝。
结	jiē jié	常用汉字 · 9画 · 部首纟	植物生长果实坚硬;牢固健壮口吃用绳、线、皮条等绾成的疙瘩关键。总发,挽发而结之于顶。比喻心情烦闷,心里有结。牢固。
绕	rào	常用汉字 · 9画 · 部首纟	(形声。从糸(mì),尧声。本义:缠束)。同本义。环绕。迂回绕过。纠缠(如事情或问题)。弯曲。
骄	jiāo	常用汉字 · 9画 · 部首马	(形声。从马,乔声。本义:六尺高的马) 同本义。傲慢;骄矜。宠爱;爱怜。轻视。
绘	huì	常用汉字 · 9画 · 部首纟	(从糸(mì,与线丝有关),会声。本义:五彩绣品) 同本义。也作“会”。绘画。
给	gěi jǐ	常用汉字 · 9画 · 部首纟	交付，送与。把动作或态度加到对方。表示对象、目的,相当于‘为’、‘替’。引进动作行为的主动者,或表示被动语态,相当于‘被’。表示方向,相当于‘朝’、‘对’、‘向’。(形声。从糸,合声。本义:衣食丰足;充裕)。同本义。口齿伶利。充足的供给,以物质给予对方。授与,交付。速,捷。
绚	xuàn	常用汉字 · 9画 · 部首纟	(形声。从糸(mì),旬声。本义:美丽,漂亮有文采的样子)。同本义(含有色彩灿烂多姿的意思)。迅疾的样子。点缀。使眩惑迷乱。
骆	luò	常用汉字 · 9画 · 部首马	(形声。从马,各声。本义:尾和鬣毛黑色的白马)。同本义。又。络绎不绝。姓。
络	luò lào	常用汉字 · 9画 · 部首纟	(形声。从糸(mì),表示与丝线有关。各声。本义:缠绕,捆缚)。同本义。用网状物兜住。搜罗。用于一些口语词
绝	jué	常用汉字 · 9画 · 部首纟	(会意。从糸(mì),表示与线丝有关,从刀,从卩(人)。表示人用刀断丝。本义:把丝弄断)。同本义。引申为断,断绝。割断;切断。气息中止;晕死。断根,无后代。横渡;穿越。落。杜绝;摒弃。停止。竭;尽。才技特异,独一无二。距离远、隔绝难通的。绝对;全然 ——用在否定词前面。极,最。指食物断绝的穷困者。罢了,了。
绞	jiǎo	常用汉字 · 9画 · 部首纟	(会意。从交,从糸(mì),表示与线丝有关,交亦声。本义:用两股以上的细长条扭结成一根绳索;扭,拧)。同本义。缠绕。旧时死刑的一种。缢死;勒死。急切。
骇	hài	常用汉字 · 9画 · 部首马	(形声。从马,亥声。本义:马受惊)。同本义。惊骇;惊诧;惊动。震动。突发;兴起。惊扰;骚动。擂,击。播散。
统	tǒng	常用汉字 · 9画 · 部首纟	(形声。从糸(mì),充声。本义:丝的头绪)。同本义。世代相继的系统。纲纪,准则。主管;率领。总括;合而为一;统一。管理;治理。犹“通”。古时用以纪年 。一千五百三十九年为一统。
耕	gēng	常用汉字 · 10画 · 部首耒	(形声。从耒(lěi),井声。从“耒”,表示与耕作有关。本义:犁田)。同本义。翻松田土。种田;播种。泛指致力于某种工作或事业。
耘	yún	常用汉字 · 10画 · 部首耒	(形声。从耒(lěi),云声。本义:除草)。同本义。比喻辛勤攻读。培土。
耗	hào	常用汉字 · 10画 · 部首耒	(形声。从耒(lěi),毛声。本义:一种稻子)。消息;音信。旧时官府征收钱粮时,以损耗为名,在正额外例有附加部分,称“耗”。假借为“消”。亏损;消耗。损失,受损失;耗费。歉收。土壤瘠薄。空虚。零落。
耙	bà pá	常用汉字 · 10画 · 部首耒	用于碎土、平地和消灭杂草的整地农具 按工作部分不同分齿耙、无齿耙、圆盘耙等。
艳	yàn	常用汉字 · 10画 · 部首色	(会意。从豐(fēng),从色。豐,丰大。色,色彩。丰大而有色彩。本义:鲜艳,艳丽)。同本义。文辞华丽。过于艳丽的色彩,极为俗气花俏的服饰。美女。有关男女爱情方面的事情或著作。照耀;闪耀。羡慕。
泰	tài	常用汉字 · 10画 · 部首水	(形声)。同本义。安定平和。奢侈。骄纵;傲慢。大之极,极大。古州名。五代唐置,明代改称保定府,治所在河北省清苑县。今为保定市。南唐置,治所在海陵(今江苏省泰州市)。县名 。在江苏省中部。汉置海陵县,明为泰州,1912年改为泰县。1949年后拆置泰州市。六十四卦之一。泰国的简称。姓。
秦	qín	常用汉字 · 10画 · 部首禾	(会意。从禾,从舂省。本义:禾名。假借为专名用字)。秦,部落名 。嬴姓。相传是伯益的后代。古国名 。秦襄公始立国,孝公时,成为战国七雄之一,定都咸阳。朝代名(公元前221—公元前206年),是由周朝的秦国(在今陕西甘肃一带)统一全中国后建立的中国历史上第一个中央集权的朝代。汉时西域诸国沿称中国为秦。蝉的一种。螓首。
珠	zhū	常用汉字 · 10画 · 部首王	(形声。从玉,朱声。本义:珍珠。蛤蚌壳内由分泌物结成的有光小圆体)。同本义。又。珠玉。以球形或椭球形体滴下的液体。
班	bān	常用汉字 · 10画 · 部首王	(会意。从玨,从刀。金文,中间是刀,左右是玉。象用刀割玉。本义:分割玉)。分瑞玉。瑞玉是古代玉质的信物,中分为二,各执其一以为信。分开;离群。赏赐;分给。分布;铺开。颁布返回。排列。职位等次,位次;等级。序列;排列等级。引申朝班。指朝庭上臣下所站的队列。杂色,亦指杂色斑点或斑纹。用于人群。姓。
素	sù	常用汉字 · 10画 · 部首糸	(会意。小篆字形。上是“垂”,下是糸(mì)。糸,丝。织物光润则易于下垂。本义:没有染色的丝绸)。同本义。用作写字的丝绸或纸张。又指用绢帛纸张写的书籍或信件。本质;本性。蔬菜瓜果等副食。旧交。姓 。三国魏有素利。白色,雪白。质朴;不加装饰。空,有名无实或有实无名。平素,往常,旧时。寒素,低微。诚心的,真情的。预先。
匿	nì	常用汉字 · 10画 · 部首匚	(形声。从匚(xǐ),若声(上古读音与匿声相近)。“匚”表示有所藏。本义:隐藏,躲藏)。同本义。又。隐瞒。假借为“慝”。恶,坏。
蚕	cán	常用汉字 · 10画 · 部首虫	(形声。本义:一种能吐丝结茧的昆虫)。同本义 。有家蚕、柞蚕等。蚕丝为重要的纤维资源。蚕事。养蚕的工作。
顽	wán	常用汉字 · 10画 · 部首页	(形声。从页(xié),元声。从页。本义:难劈开的囫囵木头)。同本义。凶恶的人。引申为浑圆。顽固,不驯服。头脑迟钝; 愚蠢。坚硬。坚强。同“玩”。游戏。
盏	zhǎn	常用汉字 · 10画 · 部首皿	(形声。从皿,戔(jiān)声。从皿,表示与器皿有关。本义:浅而小的杯子) 同本义。酒、茶或灯的计量单位。
匪	fěi	常用汉字 · 10画 · 部首匚	(形声。从匚(fāng),盛物之器。非声。本义:“篚”的古字。竹器,形似竹箧)。同本义。五色相错 斐。假借为“非”,表示否定。表示否定,相当于“无”。表示关联,用于“非…不…”之类的句式。不仅,不但。(bǐ)。那,那个。行为不正。(fēn)。分配。
捞	lāo	常用汉字 · 10画 · 部首扌	(形声。从手,劳声。本义:从水中寻取东西)。
栽	zāi	常用汉字 · 10画 · 部首木	(形声本义:筑墙立板)。同本义。种植。捏造假证嫁祸于清白无罪的人。跌;摔。秧子,可以移植的植物幼苗。
捕	bǔ	常用汉字 · 10画 · 部首扌	(形声。从手,甫声。捕的原始意义是追捕逃亡的奴隶。本义:捕捉,捉拿)。同本义。追寻,搜寻。姓。
埂	gěng	常用汉字 · 10画 · 部首土	(形声。从土,更声。本义:小坑)。同本义。田埂,田与田之间便于人走路或蓄水用的高起的长条地方。
捂	wǔ	常用汉字 · 10画 · 部首扌	(形声。从手,吾声。本义:用手扪住)。抵触。撑持;斜拄。没入;陷入。逆;对面。
振	zhèn	常用汉字 · 10画 · 部首扌	(形声。从手,辰声。本义:赈济;救济)。同本义。挽救;救治。抖动;摇动。举起;挥动。震憾;震惊。又。整治,整顿 [reorganize］。振作;奋起。消除。发出;生长。姓。
载	zǎi zài	常用汉字 · 10画 · 部首车	年(唐虞时代用于年名)。记载,写在一定的册页里,有郑重的色彩。描绘。(形声。本义:乘坐)。同本义。用车船装运。承载;负担。担任,担负。施行。陈设。处;登。祭祀。开始。装饰。词缀。嵌在动词前边。充满。车、船等交通工具。所装运的物件。事;事业。又,且。一车所载的容量为一载。少数民族的计量单位。四十两为一载。
赶	gǎn	常用汉字 · 10画 · 部首走	(形声。从走,旱声。①(gián)本义:兽类翘起尾巴奔跑。《说文》:“举尾走也。”②追赶;驱赶)。追赶,从后面追上。驱逐。等到 ——跟时间名词组成介词结构,用在动词前面,表示动作、行为到某个时候才发生,多用于口语。
起	qǐ	常用汉字 · 10画 · 部首走	(形声。从走,己声。本义:由躺而坐;由坐而立)。同本义。又。起床。产生;发生。开始;开端。源起;起因于。起身,动起来,采取行动。起义,起事,闹事。隆起,凸起,耸立。草拟。使疏松。扶持。取。出身。用在动词后作为补足语,表示动作的向上方向。
盐	yán	常用汉字 · 10画 · 部首皿	(形声。从卤,监声。本义:食盐)。同本义。由金属离子(或铵根离子NH4+)和酸根离子组成的化合物。含有氢离子的盐叫酸式盐,如:碳酸氢铵(NH4HCO3);硫酸氢钠(NaHSO4);磷酸二氢钾(KH2PO4)。含有氢氧根离子的盐叫碱式盐,如:碱式碳酸铜(Cu22CO3)。不含氢氧根离子和氢离子的盐叫正盐,如:氯化钠(NaCl);碳酸钠(Na2CO3)。此外还有复盐(如明矾)等。
捎	shāo shào	常用汉字 · 10画 · 部首扌	(形声。从手,肖声。本义:选取)。同本义。掠拂。破除;砍杀;芟除。捎带;顺带。扇打。
捍	hàn	常用汉字 · 10画 · 部首扌	(古字作“扞”,后作“捍”。形声。从手,旱声。本义:抵御;保卫)同本义。勇猛;强悍。
捏	niē	常用汉字 · 10画 · 部首扌	(形声。从手,从土,曰声。本义:用手指将软的东西捻成一定形状)。同本义。握。假造。
埋	mái mān	常用汉字 · 10画 · 部首土	(形声.从土,里声.字本作“薶”,甲骨文字形,象在坑中埋狗的形象,是向地神祭献的活动。本义:藏入土中)。同本义。古代特指简陋不依礼制而落葬。也泛指葬埋。藏,掩盖。
捉	zhuō	常用汉字 · 10画 · 部首扌	(形声。从手,足声。本义:握,持)。同本义。又。戏弄。捡,拾。找,趁。控制。相当于“把”、“将”。
捆	kǔn	常用汉字 · 10画 · 部首扌	(形声。从手,困声。本义:叩击使牢)。同本义。用绳、链或带子系、拴、扎紧。
捐	juān	常用汉字 · 10画 · 部首扌	(形声。从手,肙(yuān)声。本义:舍弃)。同本义。除去;废除。捐献,贡献。花费;耗用。
损	sǔn	常用汉字 · 10画 · 部首扌	(形声。从手,员声。本义:减少)。同本义,与“益”相对。损失;丧失。伤害或损害。病情减轻。
袁	yuán	常用汉字 · 10画 · 部首土	长衣的样子。
捌	bā	常用汉字 · 10画 · 部首扌	用手分开。“八”字的大写。
都	dōu dū	常用汉字 · 10画 · 部首阝	全部。表示全部包括在内。(形声。从邑,者声。从“邑”,表示与城市有关。本义:建有宗庙的城邑)。同本义 ,周时各国把国都叫国,把有宗庙或先君神主的城叫都,没有的叫邑。邦国的都城,国都。引申为城市。周代王室子弟及三公的封地、采地。国家或帝国的行政区域或行政分区。明、清时基层行政区划是图,图下分十庄,图有地保;图上设都,相当于区或乡。建都。聚集。美好的样子。大。统统,完全。
哲	zhé	常用汉字 · 10画 · 部首口	(形声。从口,折声。本义:聪明,有智慧) 同本义。贤明的人;有智慧的人。
逝	shì	常用汉字 · 10画 · 部首辶	(形声。从辵(chuò),折声。本义:去;往)。同本义。死亡,去世。表决心。助词。无实义,起调整音节的作用。
捡	jiǎn	常用汉字 · 10画 · 部首扌	(形声。从手,佥(qiān)声。(jiàn)本义:拱手)。约束。察看;检查。
挫	cuò	常用汉字 · 10画 · 部首扌	(形声。从手,坐声。本义:折断;摧折)。同本义。失败。挫伤,折伤。弯折,收缩。
换	huàn	常用汉字 · 10画 · 部首扌	(形声。从手,奂(huàn)声。本义:互易)。同本义。变易,改变。
挽	wǎn	常用汉字 · 10画 · 部首扌	(形声。从手,免声。古字从“车”,免声。本义:牵引;拉)。同本义。悼念死者。扭转;挽回。请,托。后,迟
挚	zhì	常用汉字 · 10画 · 部首手	(会意。从手,从执。本义: 古代初次求见人时所送的礼物,见面礼)。同本义。古国名 。在今河南省汝南县东南。见面礼。逮;捕;捉。击;搏击。攫取。至;到。凶猛。姓。
热	rè	常用汉字 · 10画 · 部首灬	(形声。本义:温度高)。同本义。跟“冷”相对。满腔热情;热心肠 。如 :热莽(热蟒。感情狂热得不能自制);热气换冷气(好心没好报);热合(热心)。滚热的物体。热气。中医学亦泛指因外感而引起的热性疾病。激动。
恐	kǒng	常用汉字 · 10画 · 部首心	(形声。从心,巩声。本义:严重害怕,惊恐)。同本义。又。恐吓,使之害怕。恐怕。恐怕,表示估计兼担心。
捣	dǎo	常用汉字 · 10画 · 部首扌	(形声。从手,岛声。本义:捣,舂)。同本义。冲击;攻打。
壶	hú	常用汉字 · 10画 · 部首士	(象形。甲骨文字形,象壶形。本义:古代盛器)。同本义 。深腹,敛口,多为圆形,也有方形、椭圆等形制。古代滴水计时的器具。古代宴饮时投壶的用具。瓠瓜,也叫葫芦。
捅	tǒng	常用汉字 · 10画 · 部首扌	(形声。从手,甬(yǒng)声。本义:引;招引)。同本义。
埃	āi	常用汉字 · 10画 · 部首土	(形声。从土,矣声。本义:尘土;灰尘) 同本义。埃及的略称。两种波长单位的任一种。一百亿分之一米,即10-10米。镉的红色谱线波长除以6438.4696。
挨	āi ái	常用汉字 · 10画 · 部首扌	(形声。从手,矣声。本义:以手击背)。从后推击;打。靠近。拥挤。依次,顺次。遭受;忍受。拖延;磨蹭。等待。困难地度过或走过。
耻	chǐ	常用汉字 · 10画 · 部首耳	(形声。从心,耳声。本义:耻辱,可耻的事情)。同本义(因声誉受损害而至的内心羞愧)。羞愧。羞辱;侮辱。
耿	gěng	常用汉字 · 10画 · 部首耳	(形声。从火,圣(shèng)省声。本义:耳贴于颊)。同本义。明亮,光明。心情不安;悲伤。刚直。气忿时头面上血管膨胀,红筋暴露的样子。
耽	dān	常用汉字 · 10画 · 部首耳	(形声。从耳,冘(yín)声。本义:耳朵大而且下垂) 同本义。沉溺。承受;担负。嗜;喜好。
聂	niè	常用汉字 · 10画 · 部首耳	(会意。从三耳。本义:附耳小语)。同本义。假借为“摄”。握持。古代地名 。在今山东省聊城县东北。姓。
恭	gōng	常用汉字 · 10画 · 部首小	(形声。从心,共声。本义:恭敬,谦逊有礼)。同本义。奉行。拱手致礼。
莽	mǎng	常用汉字 · 10画 · 部首艹	(会意。从犬,从茻。原意是犬跑到草丛中逐兔,假借为茻,草丛)。草丛。草。茂密;盛多。无涯际的样子。姓。
莱	lái	常用汉字 · 10画 · 部首艹	(形声。从艸,来声。本义:草名。即藜)。草名,又名藜 。一种一年生草本植物。嫩苗可食,生田间、路边、荒地、宅旁等地,为古代贫者常食的野菜。长满杂草。除草。姓。
莲	lián	常用汉字 · 10画 · 部首艹	(形声。从艸,连声。本义:莲子,荷的种子)。同本义。也称芙蓉、芙蕖、菡萏等。多年生草本植物,生浅水中。叶子大而圆,叫荷叶。花有粉红、白色两种。种子叫莲子,包在倒圆锥形的花托内,合称莲蓬。地下茎叫藕。
莫	mò mù	常用汉字 · 10画 · 部首艹	表示否定,相当于“不”。表示劝戒。不要;不可;不能。没有谁;没有什么(指处所或事物)。生物体内部的薄皮组织。沙漠。幕府。疾苦,病。谟划。削。思慕,向往。广漠。寂静。(会意。甲骨文字形。从日,从茻(mǎng)。太阳落在草丛中,表示傍晚天快黑了。是“暮”的本字。本义:日落时)。同本义。姓。
莉	lì	常用汉字 · 10画 · 部首艹	人名用字。(mòlì)。
荷	hé hè	常用汉字 · 10画 · 部首艹	(形声。从艸,何声。本义:植物名。也称莲,别称芙蕖、芙蓉。地下茎称藕,子实称莲,花叶供观赏)。植物名。即莲。古代酒器荷叶杯的代称。用肩扛或担;背负。肩负,担负。承受;承蒙。用于书信中表示感谢或客气 。如感荷;拜荷;荷佩(荷佩。感荷;感激);荷恩(蒙受恩惠);荷眷(荷睠。承受恩宠;承蒙关注)。古泽名。又水名。也作“菏”。
获	huò	常用汉字 · 10画 · 部首艹	(形声。从犬,蒦(huó)声。按甲骨文从隹从又,表示捕鸟在手。本义:猎得禽兽)。同本义。俘获。得到;取得。打猎得到的禽兽。中国古代奴婢的贱称。(形声。从禾,蒦(huó)声。本义:收割庄稼)。割取草木。收获;收成。得到的成果或利益。木名,榆属,叶如榆,皮坚韧,可作姮索甑带。
晋	jìn	常用汉字 · 10画 · 部首日	(会意。小篆字形,从日。指追着太阳一直前进。本义:上进)。进。晋升。提高地位、级别或荣誉。低,俯。周代诸侯国名 。周成王封弟叔虞于唐,叔虞子燮父改国号为晋,春秋时居有今山西省大部与河北省西南地区,地跨黄河两岸。后被其大夫韩、赵、魏所分而亡。朝代名。司马炎代魏称帝,国号晋,都洛阳,史称西晋(公元265—316年),共四帝,为前赵所灭。司马睿即位建康,保有江南之地,史称东晋(公元317—420年),共十一帝,为刘裕所取代。五代时,石敬瑭灭后唐称帝,国号晋,都洛阳,史称后晋(公元936—946年)。水名 。源出山西省太原市西南悬瓮山,分北、中、南三渠,东流入汾河。
恶	è wū ě wù	常用汉字 · 10画 · 部首心	(形声。从心,亚声。本义:过失)。同本义。泛指一般罪恶。恶人;坏人。丑陋。坏;不好。污秽;肮脏。贫瘠。表示疑问,相当于“何”、“怎么”。表示惊讶。要呕吐的感觉讨厌;憎恶。嫉妒。诽谤;中伤。忌讳。羞耻,羞愧。
莹	yíng	常用汉字 · 10画 · 部首艹	(形声。从玉,荧(yíng)省声。本义:珠光的光采)。同本义。似玉的宝石。光洁透明。使明洁。使生光泽。明白;觉悟。
莺	yīng	常用汉字 · 10画 · 部首艹	(形声。从鸟,荣省声。本义:鸟羽有文彩的样子) 同本义。黄莺 。又称黄鹂、仓庚等。
真	zhēn	常用汉字 · 10画 · 部首目	(会意。小篆字形,从华(huà),从目,从乚(yǐn),从八。《说文》:“仙人变形而登天也。”匕,变化。目,眼睛。乚,隐藏。八,乘载的工具。本义:道家称存养本性或修真得道的人为真人)。同本义。旧时所谓仙人。本性;本原。身。肖像,摹画的人像。汉字楷书的别称。古州名。真实。与假、伪相对。亦为佛教观念,与“妄”相对。正。与副、邪相对。精;淳。本来的,固有的。真诚;诚实,情感真切。清楚;真切。实在;的确。姓。
框	kuàng	常用汉字 · 10画 · 部首木	(形声。从木,匡声。本义:门窗的架子)。棺门。
梆	bāng	常用汉字 · 10画 · 部首木	(本义:木名)。梆子,用竹筒或挖空木头做成的发声器。用于巡更或聚众。中国地方戏曲梆子腔打击乐器梆子的简称。敲打木头的声音。
桂	guì	常用汉字 · 10画 · 部首木	(形声。从木,圭声。本义:木名。《说文》:“江南木,百药之长。”)。肉桂(Cinnamomum cassia),常绿乔木,花黄色,果实黑色,树皮可做健胃剂,又可调味。月桂属的乔木或灌木,尤指月桂,其叶子被古希腊人用来为德尔斐神桂冠竞技运动的胜利者加冠。即木犀(Osmanthus fragrans),亦称“桂花”。常绿灌木或小乔木,叶对生、椭圆形,花黄色或黄白色,极芳香,果黑色。花可作香料。姓。
桔	jié jú	常用汉字 · 10画 · 部首木	桔梗,一种多年生草本植物。桔槔 。古代的一种井上汲水工具,是架在水边的杠杆,一端挂水桶,一端坠大石块。直木。“橘”的俗字。
栖	qī xī	常用汉字 · 10画 · 部首木	(棲本作“西”。同“栖”。形声。从木,妻声。本义:鸟类歇息)。同本义。停留。居住;寄居。居息的处所,止息的地方。床。忙忙碌碌;不安定。
档	dàng	常用汉字 · 10画 · 部首木	(形声。从木,当声。本义:器物上用以分格或撑的横木条)。同本义。
桐	tóng	常用汉字 · 10画 · 部首木	(形声。从木,同声。本义:木名,也名“荣”)。树名 古书中多指梧桐科的梧桐,还有大戟科的油桐,玄参科的泡桐等。春秋国名。今安徽桐城县北有古桐城。古地名 。故址在今山西万荣县西。一说在今河北临漳。儿童
株	zhū	常用汉字 · 10画 · 部首木	(形声。从木,朱声。本义:露出地面的树根)。同本义。又。泛指草木。植根。
桥	qiáo	常用汉字 · 10画 · 部首木	(形声。从木,乔声。本义:桥梁)。同本义。器物上的横杆。架桥,修桥。纠正。高。
桦	huà	常用汉字 · 10画 · 部首木	(形声。从木,华声。本义:木名。桦木) 桦木属(Betula)植物的泛称。落叶乔木或灌木
栓	shuān	常用汉字 · 10画 · 部首木	(形声。从木,全声。本义:木钉;插子)。
桃	táo	常用汉字 · 10画 · 部首木	(形声。从木,兆声。本义:果木名)。桃树。桃子。指桃树开的花。指形状像桃的其他果实 。如棉桃。地名。春秋鲁邑 。故址在今山东省汶上县北。
格	gé gē	常用汉字 · 10画 · 部首木	(形声。从木,各声。本义:树木的长枝条)。同本义。引申为格子。栅栏。法式;标准;规格。箭靶子。表明某词在一定上下文中与其它词之间意义关系的屈折变化形式(如主格、 宾格、 所有格)。茖葱。山葱。村落。阻止;搁置。纠正,匡正。推究。击打;格斗。击杀;搏杀。抗拒;抗御。古书借“格”为“佫”。来到,到达。大。
桩	zhuāng	常用汉字 · 10画 · 部首木	(形声。从木庄声。舂(chōng)。本义:桩子,打入地中以固基础的木橛)。同本义。储物备用的内库 。宋代有“封桩库”。储备;储存。插;栽。
校	jiào xiào	常用汉字 · 10画 · 部首木	古代刑具。枷械的统称。栅栏。“校人”的省称。养马官。古代军营的一种建制。亦指“军营”。订正,改正。考核,考察。较量。对抗;抗衡。计较;考虑。(形声。从木,交(jiào)声。(jiào)本义:古代拘囚犯人的刑具)。学堂,学校。
核	hé hú	常用汉字 · 10画 · 部首木	(形声。从木,亥声。本义:果核)。同本义。有核的果实。核心;中心。查对;审查。
样	yàng	常用汉字 · 10画 · 部首木	(形声。从木,羕(yàng)声。本义:栩实,字亦作橡)。假借为“像”。式样。形状,模样。
根	gēn	常用汉字 · 10画 · 部首木	(形声。从木,艮(gèn)声。本义:草木之根)。植物生长于土中或水中吸收营养的部分。事物的本源,根由,依据。物体的下部,基部。痼疾。数学名词。代数方程中未知数的值,或称代数方程式的解;方根的简称。延续后代的子孙。植根。杜绝;根除。根究;追究。
索	suǒ	常用汉字 · 10画 · 部首糸	(会意。意为用绳子把木头束起。于省吾认为是绳索。本义:大绳子)。同本义 。后泛指各种绳索。法度。中国古地名 。故地在今河南荥阳县。秦末刘邦与项羽战于京、索之间的索,即此地。索县 。中国汉代建立的县,在今湖南省常德市东。属武陵郡,顺帝时更名汉寿。今为湖南汉寿县。搜索。寻求;探索。挑选。求取,讨取。须,应,得。捻绳使紧。独自,孤单。涕泪流出貌。索性;干脆。尽;空。古时民间计量单位,十丈为一索。
哥	gē	常用汉字 · 10画 · 部首口	(会意。从二可。“可”,有“快乐”、“欢乐”的意思。《诗·小雅·正月》:“哿矣富人。”毛传:“哿,可。”王引之《经义述闻》卷六:“哿与哀对文,哀者忧悲,哿者欢乐也。……《毛传》训哿为可,可亦快意惬心之称。”“哥”似即“歌”之本字。本义:歌)。咏,唱,奏乐。哥哥。唐代常称父为哥。宋代著名瓷窑“哥窑”的简称。
速	sù	常用汉字 · 10画 · 部首辶	(形声。从辵(chuò),束声。本义:速度快)。同本义。字亦作“遬”。加速,加快。邀请。招致。催促。姓。
逗	dòu	常用汉字 · 10画 · 部首辶	(形声。从辵(chuò),豆声。本义:止住,停留)。同本义。度,时间的延续。
栗	lì	常用汉字 · 10画 · 部首木	(会意。甲骨文象结了果实的栗树形。本义:木名。果实也称栗,可食)。一种落叶乔木,果实叫栗子,果仁味甜,可以吃。木材坚实,供建筑和制器具用;树皮可供鞣皮及染色用;叶子可喂柞蚕。任一种栗属的乔木或灌木结的可食的甜味坚果。谷实饱满。坚实。庄敬,严肃。恐惧。哆嗦,发抖。忧伤。历阶。分开。寒、凉。姓。
贾	gǔ jiǎ jià	常用汉字 · 10画 · 部首贝	(形声。本义:做买卖)。同本义。坐卖。泛指卖。买。谋求;求取。招引,招惹。商人。古时特指囤积营利的坐商,古时候称行商为“商”,坐商为“贾”。后泛指商人。古官名 。(形声。从贝,覀(xià)声。(gǔ)本义:做买卖)。中国古国名 。姬姓,唐叔虞少子公明封此。后为晋所灭。地在今山西省襄汾县东。一种鸟的名字。鹰属。姓。价格,价值。
酌	zhuó	常用汉字 · 10画 · 部首酉	(形声。从酉(yǒu),从勺,勺亦声。从“酉”与酒有关。本义:斟酒)。同本义。饮酒。斟酌,择善而行。舀取。酒的代称。中国古代的一种酒器。
配	pèi	常用汉字 · 10画 · 部首酉	(形声。从酉,己声。按:一说不从“己”声,应是“妃”省声。本义:用不同的酒配制而成的颜色)。同本义。假借为“妃”。配偶,夫妻的称呼。后多指妻。结婚,婚配。衬托,陪衬。分给;配给。充军, 流放。配享。 如:配神(配享神灵);配祔(配享);配祭(配享);配极(配享于宗庙);配享(古代以有功于王朝的贤人或功臣,附祭在孔庙、帝王庙或其他祠庙中;以功臣附祭于祖庙)。
翅	chì	常用汉字 · 10画 · 部首羽	(形声。从羽,支声。本义:鸟类、昆虫的翅膀)。同本义。
辱	rǔ	常用汉字 · 10画 · 部首辰	(会意。甲骨文字形,是“辰”下加脚(止)或加手(又,寸)的形象。①本义:耕作。“辰”是“蜃”的本字,古代以蜃为农具进行耕作。这个意义后来写作“耨”(nòu)。②引申义:耻辱) 同引申义。使…受辱;侮辱。埋没。谦词。承蒙。压下去,挫。隆重;厚。黑。湿润。
唇	chún	常用汉字 · 10画 · 部首口	(形声。从口,辰声。本义:嘴唇)。同本义。边缘。
夏	xià	常用汉字 · 10画 · 部首夂	(会意。据小篆字形,从页,从臼,从攵。页(xié),人头。臼(jù),两手,攵(suī),两足。合起来象人形。本义:古代汉民族自称)。同本义。也称华夏、诸夏。泛指中国。朝代名。中国历史上的第一王朝,系传说中禹的儿子启所建立,奴隶制国家,建都安邑(今山西省夏县北),即夏后氏。封建割据政权或农民起义政权称号 东晋末,公元407年匈奴贵族赫连勃勃建夏国,建都统万城(今陕西横山西北) 隋末窦建德于公元618年建立夏国,都乐寿(今河北献县) 北宋仁宗时,赵元昊于1032年建立夏国,史称西夏,都兴州(今宁夏回族自治区银川东南) 元末明玉珍于公元1362年建立夏国,都重庆。大屋。夏季。一年的第二季,中国习惯指立夏到立秋的三个月时间,也指农历“四、五、六”三个月。大。华彩,即五色。姓。
砸	zá	常用汉字 · 10画 · 部首石	重物掉落在物体上,或用重物撞击。指责,数落。合,闭合。
砰	pēng	常用汉字 · 10画 · 部首石	(形声。从石,平声。象声词)。撞击。
砾	lì	常用汉字 · 10画 · 部首石	(从石,乐声。本义:小石,碎石) 同本义。
础	chǔ	常用汉字 · 10画 · 部首石	(形声。从石,楚声。本义:柱脚石,垫在房屋柱子下的石头)。同本义。
破	pò	常用汉字 · 10画 · 部首石	(形声。从石,皮声。本义:石头开裂;破碎,碎裂)。同本义。破坏;损坏。破亡;衰败;毁灭。击溃;攻破。破除;解除。透;穿;揭穿。射中。敲;打。助词。了。尽;遍。碎裂;不完整。
原	yuán	常用汉字 · 10画 · 部首厂	(会意。小篆字形。象泉水从山崖里涌出来。从厂(hǎn),象山崖石穴形。从泉。本义:水源,源泉)。“源”的古字。水源,水流起头的地方。起源;根本;根由。又。原野。原来。本来。推究。宽恕。
套	tào	常用汉字 · 10画 · 部首大	(会意。从大,从长。套在外面的东西比被套者要大、长。本义:罩在外面的东西)。地势弯曲的地方。常作地名用字。圈套。罩在外面。用计哄骗或诈诱。
逐	zhú	常用汉字 · 10画 · 部首辶	(会意。甲骨文字形,象人(脚)在豕等动物后面追逐的样子。“止”小篆改从辵(chuò)。本义:追赶)。同本义 (含有使追赶对象离开或消灭的意思)。驱逐。放逐;流放。竞争。追求。流荡。随,跟随。
烈	liè	常用汉字 · 10画 · 部首灬	(形声。从火,列声。“火”字在下面一般写作四点。本义:火势猛)。同本义。猛烈;激烈。刚直;坚贞。光明;显赫。严厉;严重。美好;优美。功业。恶疾。行列。烧。
殊	shū	常用汉字 · 10画 · 部首歹	(形声。从攴(è),朱声。小篆字形。攴,分解后剩下的骨头。隶变为“歹”。本义:斩首,断其首身而死)。同本义。引申为死。断绝。分开;离开。分;区别。超过。异;不同。特异;出众;突出。特别,独特。很;甚。
殉	xùn	常用汉字 · 10画 · 部首歹	(形声。从歹(本作歺),旬声。歺(è),剔过肉剩下的骨头,常与“死亡”有关。本义:殉葬;以人从葬)。同本义。献身或丧生。贪,追求。随;跟从。从葬的人。
顾	gù	常用汉字 · 10画 · 部首页	(形声。从页(xié),头。表示与头有关。雇声。本义:回头看)。同本义。观看,瞧。访问,拜访。照顾,关怀。眷念,顾及。顾虑;考虚。出钱请人做事。表示轻微的转折,相当于“而”、“不过”。反而,却。
轿	jiào	常用汉字 · 10画 · 部首车	(形声。从车,乔声。本义:轿子)。竹舆。古代过山用的交通工具。
较	jiào	常用汉字 · 10画 · 部首车	(形声。从车,交声。本义:车箱两旁板上的横木。士大夫以上的乘车,较上饰有曲铜钩)。同本义。车箱。概略;大旨。较量。用同“校”。竞逐。明显。正直。
顿	dú dùn	常用汉字 · 10画 · 部首页	——“冒顿”(Mòdú):汉匈奴族的单于(chán yú)。(形声。从页(xié),屯声。从“页”,表示与头有关。本义:叩头,磕头)。同本义。用脚底或用脚使劲往下踩。倒下,跌倒。舍弃;废弃。劳累疲弊。古国名。在今河南省商水县北,于公元前496被楚灭。立刻。
毙	bì	常用汉字 · 10画 · 部首比	(形声。从死,敝声。在先秦古书中的獘,在流传中往往被改成斃。本义:仆倒;倒下去)。同本义。垮台,失败。引申为死。杀死。
致	zhì	常用汉字 · 10画 · 部首至	同本义。招引;招致。造成;导致。求取;获得。表达。奉献;献纳。转告;回报。施加;施行。归还;交还。到达。又。极,尽。情趣;兴致。书卷,契据。结构上细密。周密。
柴	chái zhài	常用汉字 · 10画 · 部首木	(形声。从木,此声。本义:捆束的细木小柴)。同本义。泛指木柴,小木散材,也指作燃料的木柴。烧柴祭天。后又写作“祡”。注:“柴,祭天告至也。”。姓。编木维护四周。覆盖。阻塞;闭塞。防守的栅栏篱障。也指村墅。
桌	zhuō	常用汉字 · 10画 · 部首木	(形声。从木,卓省声。桌字本作“卓”。卓有高而直立之义。后来人们又根据“棹”是木制的特点另制“桌”字。俗又作“棹”。本义:桌子)。同本义。古称几案。
虑	lǜ	常用汉字 · 10画 · 部首虍	(形声。从思,虍(hū)声。本义:思虑,谋划)。同本义。用绳结缀。忧虑。审察,讯察。思想;意念。
监	jiān jiàn	常用汉字 · 10画 · 部首皿	(会意。甲骨文字形,左边是一个人睁大眼睛在往下看(臣,竖目),右边是个器皿。金文又在器皿上加一小横,表示器中有水。古人以水为镜,“监”就是一个人弯着腰,睁大眼睛,从器皿的水中照看自己的面影。本义:监督,察看督促)。同本义。统领,率领。牢狱。监督、指导或劝告的人。指诸候。借鉴。照。
紧	jǐn	常用汉字 · 10画 · 部首糸	(会意。从臤(qiān),坚。从糸(mì),细丝。本义:缠丝急)。同本义。急促;迫切。猛烈;激急。紧实,牢固。距离近;密接无间。使紧或更紧;收束。
党	dǎng	常用汉字 · 10画 · 部首儿	(形声。从黑,尚声。“党”、“黨”在古代是两个字,现在“党”是“黨”的简化字。简化字“党”,从儿(人,尚声)本义:晦暗不明。“党”指集团时,在古代一般只用于贬义,与现代汉语不同)。不鲜明。美,善,正直知晓,解悟。偏私,偏袒。又。结伙。古代地方户籍编制单位。五百家为党。朋辈。指意气相投的人。朋党;由私人利害关系结成的小集团。
逞	chěng	常用汉字 · 10画 · 部首辶	(形声。从辵(chuò),呈声。本义:通,通达)。同本义。快意,实现,使称心。
晒	shài	常用汉字 · 10画 · 部首日	(曬俗作晒。形声。左形,右声。本义:在阳光下曝干或取暖)。暴晒;晒干。
眠	mián	常用汉字 · 10画 · 部首目	(形声。从目,民声。本义:闭上眼睛)。同本义。睡觉。横卧;平放。
晓	xiǎo	常用汉字 · 10画 · 部首日	(象形。从日,尧声。本义:天明)。同本义。今专指天刚亮。清晨。明白,了解。告知,使明白。
哮	xiào	常用汉字 · 10画 · 部首口	(形声。从口,孝声。本义:野兽的吼声)。同本义。呼喊。哮症的简称。猪的惊叫声。
唠	láo lào	常用汉字 · 10画 · 部首口	说起来没完。
鸭	yā	常用汉字 · 10画 · 部首鸟	水禽名。俗称鸭子。》。
晃	huǎng huàng	常用汉字 · 10画 · 部首日	(会意。从日,光亦声。本义:明亮)。同本义。引申为美俊。
哺	bǔ	常用汉字 · 10画 · 部首口	(形声。从口,甫声。本义:口中含嚼的食物) 同本义。吃食。喂养。泛指禽兽喂养幼仔。
晌	shǎng	常用汉字 · 10画 · 部首日	白天。片刻,一会儿。泛指比较短的一段时间。量词
剔	tī	常用汉字 · 10画 · 部首刂	(形声。从刀,易声。本义:分解骨肉,把肉刮下)。同本义。挑;拔。用喙或舌舔整理 。剪削。疏导 。清除 。挑捡;搜寻 。弦乐弹奏指法之一,中指向外为剔 。理发。
晕	yūn yùn	常用汉字 · 10画 · 部首日	昏倒。(形声。从日,军声。本义:日月周围形成光圈)。同本义。日月周围的光圈。环形花纹或波纹。光环 。围绕于乳头周围的有色环(乳晕),或围绕于水疱或脓疱周围的有色的环。
蚌	bàng bèng	常用汉字 · 10画 · 部首虫	(形声。从虫,丰声。本义:一种软体动物。有的能产珍珠)。同本义。美珠。蚌埠的简称。
畔	pàn	常用汉字 · 10画 · 部首田	(形声。从田,半声。本义:田界)。同本义。界限;疆界。边,旁边。泮宫,古代学校。背叛;叛变。违背;背离。离,离开。躲避。
蚣	gōng	常用汉字 · 10画 · 部首虫	——见“蜈蚣”wúgōng。
蚊	wén	常用汉字 · 10画 · 部首虫	蚊子。
蚪	dǒu	常用汉字 · 10画 · 部首虫	——见“蝌蚪”(kēdǒu)。
蚓	yǐn	常用汉字 · 10画 · 部首虫	蚯蚓。
哨	shào	常用汉字 · 10画 · 部首口	(形声。从口,肖声。本义:口小不能容的,一说口歪不正的)。同本义。细狭尖锐。巡逻。侦察。撮口或用哨子发出响声。吹;喷。叫;鸟叫。一队人马。古代军事术语。泛称战阵的两翼或军队的一支、一队。古代军队编制单位 。明永乐时分步骑军为中军、左右掖、左右哨,合为五军。清咸丰后立勇营,其制以百人为哨,三哨为一旗,五哨为一营。哨兵。
哩	li lī lǐ	常用汉字 · 10画 · 部首口	用在陈述句末,表示肯定、猜测、夸张、强调等语气。[方言]用于句中并列成分之后,表示例举。稀疏、分散、时断时续的样子英里的旧称。英美制长度单位，一哩等于5280英尺，合1609米。（中国大陆地区已停用此字，写作'英里'）。
圃	pǔ	常用汉字 · 10画 · 部首囗	(形声。从囗,甫声。囗(wéi),围的古体字。从囗的字往往表示某一个范围或区域。本义:种植果木瓜菜的园地。周围常无垣篱)。同本义。帝王贵族游乐观赏的地方。种菜。亦指种菜的人。大。
哭	kū	常用汉字 · 10画 · 部首口	(会意。甲骨文字形,从(xuān),表示号呼;中间象一人擗踊的样子。本义:悲痛出声,声泪俱下)。同本义(有声有泪)。吊唁,祭奠死者并慰问家属。歌。
哦	é ó	常用汉字 · 10画 · 部首口	吟咏。用以表示喜悦、惊异或强烈的感情。表示疑问、惊奇等。
恩	ēn	常用汉字 · 10画 · 部首心	(形声。从心,因声。本义:恩惠)。同本义。又。情谊。恩爱,亲爱。恩赐,加恩。
鸯	yāng	常用汉字 · 10画 · 部首鸟	——见“鸳鸯”(yuānyang)。
唤	huàn	常用汉字 · 10画 · 部首口	(形声。从口,奂(huàn)声。本义:呼,叫,)。同本义。呼唤使来。啼叫,禽鸟发出叫声。
唁	yàn	常用汉字 · 10画 · 部首口	(形声。从口,言声。本义:对遭遇非常变故者的慰问。后多指对遭遇丧事的人的慰问)。
哼	hēng hng	常用汉字 · 10画 · 部首口	(形声。从口,亨声。本义:痛苦作声)。同本义。訇的俗字。
唧	jī	常用汉字 · 10画 · 部首口	(形声。从口,即声。本义:象声词。唧唧:杂乱细碎的声音;秋虫鸣声) 同本义突然有力的喷射出吸水上喷
啊	ā á ǎ à a	常用汉字 · 10画 · 部首口	(形声。从口,阿声。本义:叹词)表示惊叹或赞颂表示追问或要求再说一遍表示惊疑或疑惑表示应诺等的叹词。表示醒悟。表示惊异或赞叹。用来表示悲痛、遗憾或忧伤。表示语气。用在感叹句末,加强感叹语气。用在陈述句或祈使句,表示肯定、辨明、请求、劝止、警告、催促、命令等。用在问句末尾。在有疑问指代词的问句或选择问句里,用来和缓语气。用在打招呼的话里。用在重复的动词后面,表示过程长。
唉	āi ài	常用汉字 · 10画 · 部首口	(形声。从口,矣声。本义:表示答应)。同本义。假借为诶。表示叹息。
唆	suō	常用汉字 · 10画 · 部首口	(形声。本义:怂恿人做坏事)。同本义。犹噀。喷。
罢	bà ba	常用汉字 · 10画 · 部首罒	(会意。从网,从能。表示用网捕住有贤能的人。“网”在字的上部楷书多写作“罒”。本义:罢官;免去;解除)。同本义。停止。完毕。废除;取消。
峭	qiào	常用汉字 · 10画 · 部首山	(形声。从山,肖声。《说文》:从阜。本义:陡直)。同本义。挺拔;直立而高耸。严峻。苛刻,严酷。高超不凡。陡岩,坡度极大的山崖。
峨	é	常用汉字 · 10画 · 部首山	(形声。从山,我声。本义:山势高峻。常“峨峨”连用)泛指高大。
峰	fēng	常用汉字 · 10画 · 部首山	(形声。从山,峯(fēng)声。本义:山顶)。同本义。
圆	yuán	常用汉字 · 10画 · 部首囗	(形声。从囗(wéi),员声。本义:圆形)。同本义。圆通;灵活。圆满;完整。丰满;周全。婉转;圆润。圆周。指天。丸,圆而小的东西。使圆满,成全。旋转。团圆,散而重聚。姓。
峻	jùn	常用汉字 · 10画 · 部首山	(形声。从山,雋(jùn)声。本义:高而陡峭)。同本义。严酷,严厉。大;高大。增高,加高。
贼	zéi	常用汉字 · 10画 · 部首贝	(会意。小篆字形,从戈,则声。从戈,刀毁贝。 本义:残害;伤害)。同本义。特指杀害。先秦两汉时期,贼指作乱叛国危害人民的人。刺客,杀人的人。偷窃或抢劫的人(先秦两汉用“盗”,多指偷窃者,很少指抢劫者;用贼,多指抢劫财物者,后来才指偷窃者)。骂人的字眼。祸害。敌人;仇敌。邪恶,不正派。残暴;狠毒。
贿	huì	常用汉字 · 10画 · 部首贝	(形声。从贝,有声。本义:财物)。同本义。赠送财物。用财物买通别人。受贿。
赂	lù	常用汉字 · 10画 · 部首贝	(形声。从贝,各声。从“贝”,表示与钱财有关。本义:赠送财物)。同本义。行贿,用钱、物买通别人。赠送的财物和钱。美玉。
赃	zāng	常用汉字 · 10画 · 部首贝	(形声。左形,右声。本义:赃物) 同本义。贪污;行贿。
钱	qián	常用汉字 · 10画 · 部首钅	(形声。从金,戔(jiān)声。(jiǎn)本义:农具名,即铁铲。上古时期曾以农具作为交易媒介,其后铸造货币又仿其形为之,因此引申为货币、钱财)。金属货币。特指铜钱。像铜钱的东西。衡名。公制重量单位。一公斤的十分之一为一公两。一公两的十分之一为一公钱。市制重量单位。中国市制中计算质量和重量的一种单位。以前是一市斤的十六分之一(现在是十分之一)为市两,一市两的十分之一为一市钱。旧营造库平制。两的十分之一为钱。
钳	qián	常用汉字 · 10画 · 部首钅	(形声。从金,甘声。本义:金属夹具)。古刑具。束颈的铁圈。古代刑罚。用铁圈束颈、手、足。(钳为箝的简化字)。夹住。紧闭。探求;探测。
钻	zuān zuàn	常用汉字 · 10画 · 部首钅	(形声。从金,赞(占)声。古时“钻”、“鑽”是两个字。“钻”本是镊子,又作刑具。现在是“鑽”的简化字。本义:穿孔)。同本义。钻研,集中精力学习,推究事理。投机钻营。进入。穿过。钻孔的器具。钻石的简称。
钾	jiǎ	常用汉字 · 10画 · 部首钅	碱金属族的一价金属元素,呈银白色,质软,有光泽,熔点低,比钠更活泼,在空气中很快氧化,与水激烈反应,放出氢气而自行着火,主要用作还原剂及用于合成中 ——元素符号K。
铁	tiě	常用汉字 · 10画 · 部首钅	(形声。从金,臷(zhì)声。本义:化学元素。符号Fe。一种很重的可锻、有延展性和有磁性的、主要是两价和三价的金属元素,纯铁为银白色,但在潮湿空气中容易生锈)。同本义。铁制的器物。指兵器 。赤黑色的马。古丘名 。春秋时卫地。在今河南濮阳北。黑色 。比喻坚固 。比喻坚强不屈;强硬 。驳不倒的 。。下决心 。板着面孔(表情严肃) 。姓。
铃	líng	常用汉字 · 10画 · 部首钅	(形声。从金,令声。本义:金属制成的响器。又为打击乐器。形似钟而小)。同本义。铃状物 。 如:铃柝(打更用的梆子);棉铃; 杠铃。
铅	qiān yán	常用汉字 · 10画 · 部首钅	青金。古时也指锡类。一种重而柔软、有延展性、可塑性而没有弹性的二价或四价的金属元素,元素符号Pb。原子序数82,刚切割时呈蓝白色,但在潮湿空气中很快失去光泽而变暗灰色,它大多以化合状态存在。铅粉。古时用以点校书文或绘画的颜料。遵循,因袭。铅山(Yánshān),县名,在江西省。姓。
缺	quē	常用汉字 · 10画 · 部首缶	(形声。从缶(fǒu),夬(guài)声。缶,瓦器。“夬”也有表意作用。水缺为“决”,玉缺为“玦”,器缺为“缺”,都有破损之意。本义:器具破损) 同本义。引申为缺漏而不完整。短少;缺乏。空隙;缺口。亏缺。缺陷。引申为遗憾。
氧	yǎng	常用汉字 · 10画 · 部首气	一种非金属元素,原子序数8,主要是两价,一般是无色无嗅无味不可燃的双原子气体,稍溶于水,是地球上含量最丰富的元素之一,以游离状态存在于空气中,按体积计,空气含氧达21%,并以化合状态存在于水、大多数普通岩石、矿物(例如氧化物、硅酸盐、碳酸盐),以及多种多样的有机化合物(例如醇、酸、脂肪、碳水化合物、蛋白质) ——元素符号O。
氨	ān	常用汉字 · 10画 · 部首气	氮和氢的化合物NH3 比空气轻,有极强的刺激性气味,易溶于水,冷却加压下很易冷凝成液体,因此常用液氨蒸发吸热来人工致冷。
特	tè	常用汉字 · 10画 · 部首牜	(形声。从牛,寺声。本义:雄性的牛马)。同本义。泛指牛。三岁兽。独特,特异;突出;特别。单独;单单;特地。只,仅,不过。
牺	xī	常用汉字 · 10画 · 部首牜	(形声。从牛,羲声。本义:做祭品用的毛色纯一的牲畜)。同本义。指伏羲氏。酒樽名(以前读suō,今读xī)。
造	zào	常用汉字 · 10画 · 部首辶	(形声。从辵(chuò),告声。本义:到;往某地去)。同本义。拜访。假借为“作”,制造;制作。虚构;伪造。培养;造就;创造。撰写;汇集。制定。建立。成就。时代。忽然;仓卒。姓。
乘	chéng shèng	常用汉字 · 10画 · 部首丿	(会意。甲骨文字形,从大(人)从木,表示人爬在树上。“大”象“人”正面。本义:登,升)。同本义。骑;坐。驱马驾车;驾驭。趁着;利用。凭持;依仗。冒着。交错(出现)。用以指车兵。春秋时晋国的史书。后用以称一般的史书。古时计物以四为乘。用以计算车子。用以计算马。四匹。用以计算船只。用以计算田地、区域的单位,犹丘。用以计算轿子、梯子等。军赋的计算单位。古井田制,九夫为井,十六井为丘,四丘为甸,一甸土地所出的军赋叫乘(包括战车、甲士和步卒)。
敌	dí	常用汉字 · 10画 · 部首攵	(形声。从攴(pū),啇(dí)声。本义:匹敌;对等)。同本义。抵抗;抵挡。攻击。仇敌;敌人。
秤	chèng chēng	常用汉字 · 10画 · 部首禾	利用杠杆原理量物体轻重的器具中国古代重量单位。十五斤为一秤。用秤量物之轻重。权衡;衡量
租	zū	常用汉字 · 10画 · 部首禾	(形声。从禾,且(jū)声。从禾,与谷物有关。本义:田赋,征收的农产品,又指按田地征收的捐税)。同本义。赋税。租赁;租用。征收租税。积聚。
积	jī	常用汉字 · 10画 · 部首禾	(形声。从禾,责声。从“禾”,表示与农作物有关。本义:堆积谷物)。同本义。累积;堆叠。蕴积,积蓄。滞留。累计。指贮积起来的钱物等。衣裙的褶子。功劳。长久。习惯的;积久渐成的。
秧	yāng	常用汉字 · 10画 · 部首禾	(形声。从禾,央声。本义:植物的幼苗)。稻的初生幼苗。泛指草木初生可以移植的幼苗。插。泛指栽种。
秩	zhì	常用汉字 · 10画 · 部首禾	(形声。从禾,失声。本义:聚积)。同本义。按次序排列。祭祀。秩序;次序。官吏的俸禄。官吏的职位或品级。常态。礼器爵的等级次第。十年为一秩。十年。
称	chèn chēng chèng	常用汉字 · 10画 · 部首禾	符合,相当。(形声。从禾,爯(chēng)声。(chèng)本义:称量物体轻重的器具。这个意义后来写作“秤”。又指称量)。测定重量。叫做;称呼;号称;把…说成。述说;声称。举起。称赞,赞扬。举事,领兵造反。举荐。(称为“稱”的简化字) 测定物体轻重的器具,后作“秤”。
秘	bì mì	常用汉字 · 10画 · 部首禾	秘鲁的简称。(形声。从禾,必(bì)声。 本义:一种香草)。不可测知;不公开。稀奇,世上少有。隐藏;保守秘密。秘密、奥妙的事物。姓。
透	tòu	常用汉字 · 10画 · 部首辶	(形声。从辵,秀声。本义:跳,跳跃)。同本义。穿过,透过。更加。
笔	bǐ	常用汉字 · 10画 · 部首毛	(会意。从竹,从聿。“聿”(yù),是“笔”的本字,小篆象以手执笔。古时毛笔笔杆都是以竹制成,故从竹。简化字“笔”,“从竹从毛”会意,指旧时用的毛笔。此字最早见于北齐隽修罗碑,是六朝时的俗字。也见于《集韵》。本义:毛笔)。同本义。笔法。曲笔,伏笔。书写;记载。用于款项、书画的量,如:一笔款;三笔账;写得一笔好字。
笑	xiào	常用汉字 · 10画 · 部首竹	(会意。从竹,从夭。杨承庆曰,“竹得风其体夭屈,如人之笑”。字或从竹,从夭。本义:因喜悦开颜或出声)。同本义。讥笑;嘲笑。玩笑;逗乐。比喻花朵开放。
笋	sǔn	常用汉字 · 10画 · 部首竹	(形声。从竹,尹(yǐn)声。本义:竹笋)。竹子初从土里长出的嫩芽,味鲜美,可以做菜,也叫“竹笋”。竹的青皮。
债	zhài	常用汉字 · 10画 · 部首亻	(形声。从人,责声。本作“责”,“债”为后起字。本义:欠别人的钱财)。同本义。借贷。讨债。租赁。
借	jiè	常用汉字 · 10画 · 部首亻	(形声。从人,昔声。本义:借,借进,借出)。借进。借出。帮助。假托;借口。凭借;依靠。相当于“假使”,“假设”,“假如”,“即使”。
值	zhí	常用汉字 · 10画 · 部首亻	(形声。从人,直声。字本作“直”。本义:措置,放置)。同本义。持,拿住。遇到,碰上。又。值班。价值相当。价值;数值。价钱。
倚	yǐ	常用汉字 · 10画 · 部首亻	(形声。从人,奇声。本义:斜靠着)。同本义。依靠;依赖。拄。依照,合着。姓。
俺	ǎn	常用汉字 · 10画 · 部首亻	[方言] 我[方言] 我的[方言] 我们的
倾	qīng	常用汉字 · 10画 · 部首亻	(会意兼形声。从人,从顷,顷亦声。“顷”有偏侧的意思。从人,多表示人的动作行为。本义:偏侧)。同本义。倾塌,倒下。向往,钦佩。倒出来。倾轧。用尽;竭尽。超过,胜过。衰败。
倒	dǎo dào	常用汉字 · 10画 · 部首亻	(形声。从人,到声。本义:倒下)。同本义。失败,败落。坍塌;垮台。将货物或商店企业作价给人。上下、前后颠倒。向相反方向移动。将容器倾斜或反转,使里面的东西出来。表示跟一般情理相反。
倘	tǎng cháng	常用汉字 · 10画 · 部首亻	表示假设。同‘徜徉’
俱	jù	常用汉字 · 10画 · 部首亻	(形声。从人,具声。本义:走在一起,在一起)。同本义。等同。皆;全;都。一起;一同。
倡	chāng chàng	常用汉字 · 10画 · 部首亻	(形声。从人,昌声。本义:唱歌的艺人)。同本义。泛指中国古代表演歌舞杂戏的艺人。又称:倡人,倡优,倡伎,倡女,倡家,倡俳,倡排,倡妇。妓女 。也作“娼”。(形声。从人,昌声。(chāng)本义:表演歌舞的人)。领唱,发声先唱。提倡。倡导,先导;带头。歌唱。
候	hòu	常用汉字 · 10画 · 部首亻	(形声。古文作“矦”。从人,侯声。本义:守望;侦察)。同本义。等候。敬候。看望;问候。预测;占验。服侍。官吏。驿站,驿馆。古代计时单位。五天为一候。引申为节候,时令。症候。
赁	lìn	常用汉字 · 10画 · 部首贝	(形声。从贝,任声。本义:给人做雇工)。同本义。租用、租借。
俯	fǔ	常用汉字 · 10画 · 部首亻	(会意。从页(xié),表示与头有关,从逃省。取低头逃跑意。现在简化为“从人府声”的形声字。本义:低头)。同本义。弯腰屈身。在蛰伏的状态中的越冬。上对下行动的敬辞。
倍	bèi	常用汉字 · 10画 · 部首亻	(形声。从人,(tǒu)声。本义:通“背”。反;背向)。同本义。背弃;背叛违反;违背。加倍,照原数等加。背诵。倍数。
倦	juàn	常用汉字 · 10画 · 部首亻	(形声。从人,卷声。本义:疲倦,劳累)。同本义。懈怠,厌烦,厌倦。蹲坐,双臂贴近身体弯下腰去,或蜷腿并用臀部贴近地面衰减。
健	jiàn	常用汉字 · 10画 · 部首亻	(形声。从人,建声。本义:强有力)。同本义。健康;健壮。敏捷;高明;有才能。善于;擅长。
臭	chòu xiù	常用汉字 · 10画 · 部首自	(会意。从犬,从自(鼻)。狗鼻特别灵敏,故从二字会意。(xiù)本义:闻气味)。气味之总名。难闻的气味。香气。腐败。气味的总称。“嗅”的古字。用鼻子辨别气味。
射	shè	常用汉字 · 10画 · 部首寸	(本作“射”。会意。金文字形,象箭在弦上,手(寸)在发放。小篆把弓矢形讹变成“身”字,误。本义:用弓发箭使中远处目标)。同本义。用推力、压力或弹力送出。猜度。打赌。谋求,逐取。照射,放射。循着,顺着。瞬间地斜视。拦阻。嘲弄。指投壶 。把箭投向壶里,按投中次数多少决定胜负。输了罚酒。放箭的人。圭璋上端锐出部分。姓。
躬	gōng	常用汉字 · 10画 · 部首身	(形声。从身,弓声。从“身”的字多与身体有关。本义:整个身体)。同本义。生命。手臂从肘到腕的部分。泛指手臂。自身;自己。亲身;亲自。稍微向前弯身,以表尊敬。困苦危难。
息	xī	常用汉字 · 10画 · 部首心	(会意兼形声。从心,从自,自亦声。自,鼻子。古人以为气是从心里通过鼻子呼吸的。本义:喘气;呼吸)。同本义。叹气。停止,停息。休息。滋息;生长。平息。消除。熄灭;消失。气息,呼吸时出入的气。利息,利钱。消息。亲生子女。春秋时诸侯国名 。故址在今河南省息县北。姓。
倔	jué juè	常用汉字 · 10画 · 部首亻	(形声。从人,屈声。本义:顽强,固执)。同本义。突出的。也作“崛”。
徒	tú	常用汉字 · 10画 · 部首彳	(形声。从辵(chuò),土声。本义:步行) 同本义。步兵,兵卒(周代盛行车战,车上的兵称“甲士”,车后跟着步行的兵叫“徒”)。徒党,同一类或同一派别的人。服徭役的人。门徒,弟子。奴仆。独,仅仅。徒然,枉然。姓。
徐	xú	常用汉字 · 10画 · 部首彳	(形声。从彳(chì),余声。双人旁与行走有关。本义:慢步走)。同本义。散开。缓慢。安闲的样子。全,都古州名。古徐州的简称 ,古九州之一。古徐州约在今江苏、山东、安徽的部分地区。汉以后各代皆置徐州,辖地常有变更,大致都在今淮北一带。多以彭城(今江苏徐州市)或下邳(今江苏邳县)为治所。古国名。——《战国策·燕策》。姓。
殷	yān yīn	常用汉字 · 10画 · 部首殳	黑红色(会意。从殷从殳。本义:盛乐)。大。众,多。盛。富裕。深,深切。恳切。殷朝 。公元前14世纪到公元前11世纪,是商代迁都于殷(今河南省安阳市西北小屯村)后改用的称号。古都邑名 ,在今河南省安阳市小屯村,商的第十代君王盘庚迁都于此。后世称为“殷墟”。深厚的情意。姓。
舰	jiàn	常用汉字 · 10画 · 部首舟	(形声。从舟,监声。本义:大型的战船)。同本义。
舱	cāng	常用汉字 · 10画 · 部首舟	(形声。从舟,仓声。本义:船上居人置物的部位)。船或飞机中分隔开来载人或装东西的部分。船上用来盛水、油或液体的分隔仓柜。
般	bān bō pán	常用汉字 · 10画 · 部首舟	种,类。搬运。布,颁布。斑纹。大船。水边的高地。囊。大。相连。
航	háng	常用汉字 · 10画 · 部首舟	船;方舟。渡过。
途	tú	常用汉字 · 10画 · 部首辶	(形声。从辵(chuò),余声。本义:道路)。同本义。职位。途径;路子。
拿	ná	常用汉字 · 10画 · 部首手	(会意。手合起来,表示握持,字本作“挐”。从手。奴声。本义:握持)。同本义。捉拿。刁难。
耸	sǒng	常用汉字 · 10画 · 部首耳	(形声。从耳,从声。本义:耳聋) 同本义。高起;矗立。比喻出众,不凡。劝勉。惊动;惊惧。
爹	diē	常用汉字 · 10画 · 部首父	(形声。从父,多声。本义:父亲)。对老者、长者的尊称。旧时对官长的尊称或作官长的代称。
舀	yǎo	常用汉字 · 10画 · 部首臼	(会意。上为“爪”,下为“臼”(jiù),象伸手掏取之形。本义:用瓢勺取物) 同本义
爱	ài	常用汉字 · 10画 · 部首爫	(形声。从心,旡(jì)声。本义:亲爱;喜爱)。对人或事物有深厚真挚的感情。男女间有情。喜好。爱护。爱惜,珍惜。舍不得;吝惜。又。贪。友爱。怜悯、怜恤、同情。惠;仁爱。尊称对方的女儿为“令爱”。姓。
豺	chái	常用汉字 · 10画 · 部首豸	(形声。从豸(zhì),才声。从“豸”,表示与野兽有关。本义:野兽名。形似犬而残猛如狼,俗名豺狗) 同本义。按,一种野犬,比狼小,毛色较黄,胆子也较狼小,有时夜间成群猎食,但多半是单独或成对出猎,主要吃腐肉或小动物(如家禽)。
豹	bào	常用汉字 · 10画 · 部首豸	(形声。从豸,勺声。“豸”(zhì),象形字,本指长脊的野兽。本义:豹子) 同本义。
颁	bān	常用汉字 · 10画 · 部首页	(形声。从页,分声。“页”本音念xié,意思是头,汉字部首之一。从“页”的字多与头有关。(fén)本义:脑袋很大的样子) 鬓。又假借为“攽”。颁发;分赏。,发布;公布。
颂	sòng	常用汉字 · 12画 · 部首页	(形声。从页(xié),公声。从“页”的字一般与“头”有关。本义:容貌,仪容)。同本义。这个意义后来写作“容”。占兆之词。《诗经》的六义之一 。与风、雅、赋、比、兴合称六义。指《诗经》中三种诗歌类型之一,即收集在《周颂》、《鲁颂》、《商颂》中的祭祀时用的舞曲歌辞。歌颂。朗读。
翁	wēng	常用汉字 · 10画 · 部首羽	(形声。从羽,公声。本义:鸟颈毛)。同本义。假借为“公”。父亲。泛称男性老人。腾涌。
胰	yí	常用汉字 · 10画 · 部首月	胰腺 一种大的复合性消化腺,位于第一腰椎的前方,胃的后方,形状略似铁锤,胰头被十二指肠环绕,通过胰管胆总管合成胆胰管后与十二指肠相通。
脆	cuì	常用汉字 · 10画 · 部首月	(会意。从肉,绝省声。本义:易折断)。同本义。
脂	zhī	常用汉字 · 10画 · 部首月	(形声。从肉,旨声。本义:动植物所含的油脂)。同本义。胭脂。涂油使润滑。
胸	xiōng	常用汉字 · 10画 · 部首月	(形声。从肉,匈声。本作“匈”,胸是后起字。本义:胸膛)。同本义。内心;心里。
胳	gē gé	常用汉字 · 10画 · 部首月	(形声。从肉,各声。本义:腋下) 同本义。牲畜的后胫骨
脏	zāng zàng	常用汉字 · 10画 · 部首月	弄污。(形声。左形,右声。本义:中医学以心、肝、脾、肺、肾为五脏。后因以为身体内脏的通称)同本义。
脐	qí	常用汉字 · 10画 · 部首月	(形声。从肉,齐声。本义:肚脐)。螃蟹腹部的厣,雌者圆形称“团脐”,雄者尖形称“尖脐”。
胶	jiāo	常用汉字 · 10画 · 部首月	(形声。古代“胶”用动物的皮煮制而成,所以从“肉”。段玉裁说:“皮近肉,故字从肉。”本义:粘性物质,用动物的皮角或树脂制成)。同本义。橡胶。牢固。诡辩的。姓。
脑	nǎo	常用汉字 · 10画 · 部首月	(形声。本义:脑髓)。同本义。头部。
脓	nóng	常用汉字 · 10画 · 部首月	(形声。从肉,农声。本义:从疮口流出的黄绿色粘液) 同本义。腐烂。肥硕。浓厚。特指浓烈的酒。
逛	guàng	常用汉字 · 10画 · 部首辶	外出散步;闲游;游览。
狸	lí	常用汉字 · 10画 · 部首犭	(狸为貍的俗字。形声。从豸(zhì),长脊的野兽,里声。本义:狸子,也叫野猫、山猫)。同本义。黄鼠狼的别名。
狼	láng	常用汉字 · 10画 · 部首犭	(形声。从犬,良声。本义:狼)。同本义。凶狠。姓。
卿	qīng	常用汉字 · 10画 · 部首卩	(会意。甲骨文字形,像二人向食之形。《说文》:“从卯,皂(bī)声。”“卯,事之制也。”本义:飨食)。古时高级长官或爵位的称谓。汉以前有六卿,汉设九卿,北魏在正卿下还有少卿。以后历代相沿,清末始废。古代用为第二人称,表尊敬或爱意。古代朋友、夫妇间的爱称。将领。秦以前天子、诸侯之将帅皆以卿为之。祥瑞,福泽。姓。
逢	féng	常用汉字 · 10画 · 部首辶	(形声。从辵(chuò),表示与行走有关。夆(fēng)声。本义:遭逢,遇见)。同本义。又。迎,迎接。迎合。大的。(fēng)。壮大,茂盛。宽大。烽火。古代边防要塞报警的烟火。
鸵	tuó	常用汉字 · 10画 · 部首鸟	鸵鸟。鸵鸟属(Struthio)的一种善跑而不会飞的平胸鸟类,头和颈有茸毛,身上有软羽,大腿几乎赤裸,足有二趾,翼和尾有值钱的大羽,因此而为人饲养。自欺欺人者,行径类似传说中鸵鸟般的人;可联想到驼鸟习性的人。
留	liú	常用汉字 · 10画 · 部首田	(会意。从田,从丣,丣亦(yǒu)声。从“田”,表示停留的地方。本义:停留,留下)。同本义(停止在某一处所,含有不动的意思)。使不离开;挽留。引申为扣留。又。保存;遗留。滞留;拖延;搁置。水流动。杀。长久。姓。
鸳	yuān	常用汉字 · 10画 · 部首鸟	(形声。从鸟,夗(yuàn)声。本义:“鸳鸯”的省称)。同本义。比喻同事,同僚。比喻配偶,夫妻。
皱	zhòu	常用汉字 · 10画 · 部首皮	(形声。从皮,刍(chú)声。本义:皮肤因松弛而起的纹路)。同本义。衣、物等经折叠而显出痕迹。收缩;紧蹙。
饿	è	常用汉字 · 10画 · 部首饣	(形声。从食,我声。本义:饥之甚。按:在古代,“饥”与“饿”存在着程度上的差别。“饥”指一般的肚子饿;“饿”是严重的饥饿)。同本义 。与“饱”相对。使受饿;感到饥饿。
馁	něi	常用汉字 · 10画 · 部首饣	(形声。从食,委声。本义:饥饿)。同本义。气馁;泄气,丧气。指鱼腐烂变质。泛指食物腐烂变质。
凌	líng	常用汉字 · 10画 · 部首冫	(形声。从仌(bīng,冰,夌líng)声。本义:冰)。同本义。积冰。凌驾;压倒。欺侮。“凌”假借为“夌”。侵犯。升,登上(只有于有相当高度的地方)。战栗。迫近。越过,渡过。杂乱。姓。
凄	qī	常用汉字 · 10画 · 部首冫	(淒俗作“凄”。形声。从水,妻声。本义:云雨兴起的样子)。同本义。寒冷。凄凉。
恋	liàn	常用汉字 · 10画 · 部首心	(形声。本义:留恋,依依不舍)。同本义。思念,怀念。
桨	jiǎng	常用汉字 · 10画 · 部首木	(形声。从木,将声。本义:划船用具。短小者称桨) 同本义。
浆	jiāng	常用汉字 · 10画 · 部首水	(从水,将声。本义:饮料)。古代一种微酸的饮料。
衰	cuī shuāi	常用汉字 · 10画 · 部首亠	古代用粗麻布制成的毛边丧服。(会意。从衣,从冄(rǎn)。“冄”象草毛茸茸的样子。是“蓑衣”的“蓑”的本字。（suǒ）本义:蓑衣。)。力量减退,衰落,没落。与“盛”相对。减少;削弱。枯萎;凋谢。衰老。人老时鬓发疏落变白。衰弱。懈怠。
衷	zhōng zhòng	常用汉字 · 10画 · 部首亠	(形声。从衣。中声。本义:贴身的内衣)。同本义。内心。中心,中央。贴身穿着;穿在里面。引申为包围。正;正派。善;福。忠诚。姓。适合,恰当。
高	gāo	常用汉字 · 10画 · 部首高	(象形。甲骨文字形,象楼台重叠之形。汉字部首之一。从“高”的字多与高大或建筑有关。本义:离地面远;从下向上距离大)。同本义。等级在上,超越流俗或标准。敬称,称别人的事物。空泛,不切实际。年长,年老。高大;远大;盛大。声调激越。肥沃,膏腴。甘美。由下至上的距离。高处。膏肓,古代医学指心下。泛指城外,野外。加高,提高。尊崇,敬重。远离,隐居。姓。
郭	guō	常用汉字 · 10画 · 部首阝	(形声。从邑,从“邑”,表示与城郭有关。本义:在城的外围加筑的一道城墙)。同本义。内城叫城,外城叫郭。泛指城市。外部,外周。春秋国名 。在今山东省北部。皮。(guǒ)。古代棺材外面套的大棺。(kuò)。开拓。空。
席	xí	常用汉字 · 10画 · 部首巾	(“蓆”的古字。会意。从巾,庶省声。天子诸侯的席有刺绣镶边,故从巾。席用来待广大宾客,故从“庶”省。本义:供坐卧铺垫的用具。后又曾写作“蓆”) 同本义。座位;席位。成桌的饭菜,酒筵。职位。旧称所司职务为席,如管刑名的幕宾称刑席,管钱谷的称钱席;教师称教席。船帆。铺席,登席就坐。凭借,倚仗。垫,压。姓。
准	zhǔn	常用汉字 · 10画 · 部首冫	(准本为凖的俗字,现为凖的简化字。但在未简化前,准习用的意义,与凖字有别)。公文用语 。始于唐·五代 表示允许,认可。折充;抵充。(形声。从水,隼(sǔn)声。本义:平,不倾斜)。同本义(取义于水平,侧重于平稳)。亦指其他物体的平。轻重相当;均等。古代测量水平的仪器。标准;法则。箭靶,靶子鼻子。允许;批准 。唐、宋以来公文上许可的批语,俗作“准”。仿效,效法。瞄准。测量,度量。揣测,揣度。按照,依照。姓。
座	zuò	常用汉字 · 10画 · 部首广	(形声。从广(yǎn),坐声。“坐”的后起字。本义:座位)。同本义。供人坐的地方,也指位置,座次。坐具。引申为在座的人。
症	zhēng zhèng	常用汉字 · 10画 · 部首疒	腹中结块的病。症候;病象。古通“證”。
病	bìng	常用汉字 · 10画 · 部首疒	(形声。疒形丙声。本义:上古时指重病)。同本义。生理上或心理上不正常的状态。缺点,毛病,瑕疵。疾苦,痛苦。困难,不利。枯萎。生病。担心,忧虑。苦恼,困恼。疲累,倦困。
疾	jí	常用汉字 · 10画 · 部首疒	(会意。甲骨文字形,从大(人),从矢,字形象人腋下中箭。段玉裁《说文解字注》:“矢能伤人,矢之去甚速,故从矢会意。”本义:受兵伤。泛指疾病)。轻微的叫疾。泛指病。疫疠;发生疫疠。痛苦;忧患。缺点,毛病,瑕疵。快速;急速。敏捷;轻快。急剧而猛烈。强大,宏大。患病,生一般的病。厌恶;憎恨。嫌怨。妒忌。忧虑。
斋	zhāi	常用汉字 · 10画 · 部首文	(形声。从示,斎齐省声。本义:斋戒,旧指祭祀前整洁身心)。同本义。施舍饭食给僧、道或穷苦人。素食。屋舍,多指学舍 。如斋房(学舍;书房);养心斋;斋长(舍长。指旧时学校宿舍的主管人员)。专指拜忏诵经、祈祷求福一类活动。斋宫的简称。商店用名 。今北京有荣宝斋,苏州有采芝斋。庄重;恭敬。
疹	zhěn	常用汉字 · 10画 · 部首疒	病。
疼	téng	常用汉字 · 10画 · 部首疒	(形声。从疒(chuáng),冬声。本义:痛)。同本义 (仅表示身体上的难受)。疼爱。
疲	pí	常用汉字 · 10画 · 部首疒	(形声。从疒,皮声。病字旁念chuáng,据甲骨文,象人躺在床上害病的样子。以它作形旁的字一般与疾病有关。本义:疲乏;困倦)。同本义。衰老;衰弱。厌倦。停止。
脊	jǐ	常用汉字 · 10画 · 部首月	(本义:背中间的骨头)。同本义。理,条理。
效	xiào	常用汉字 · 10画 · 部首攵	(形声。从攴(pū),交声。“攴”有致力的意思。本义:献出;尽力)。同本义。明白。考查。考核。授还,授。显示;呈现。效验,验证。效劳,效忠。摹仿;师法。字又作傚。功效;效果;结果。经验。
离	lí	常用汉字 · 10画 · 部首忄	(形声。从隹(zhuī),表示与鸟类有关,离声。“离”是“鹂”的本字,因而声符亦兼表字义。本义:鸟名。即黄鹂,也称仓庚,鸣声清脆动听)。同本义。长离,传说中的凤鸟,比喻有才华的人。八卦之一,象征火。古代女子出嫁时系的佩巾。古代传说中没有角的龙。山棃。香草。离假借为“剺”。离开;离别。分散,离散。跟 “合”相对。假借为“罹”。遭受。割取。断绝;判别。违背,背离。距离;相距。又。罗列,陈列。经历。附丽,附着。二,两;双。成双,成对。姓。
紊	wěn	常用汉字 · 10画 · 部首糸	(形声。从糸(mì),文声。本义:乱)。同本义。繁盛。扰乱。
唐	táng	常用汉字 · 10画 · 部首口	(形声。小篆作字形。从口,庚声。本义:大话)。广大。朝代名。唐朝。传说中古帝尧政权的称号。五代之一。公元 923年,李存勖继后梁称帝,国号唐,史称后唐,也简称唐,历四帝,十三年, 936年禅位后晋。五代时十国之一。公元 937年李升于金陵称帝,国号唐,史称南唐。共历三帝,三十九年。 975年,为宋所灭。古国名。相传为祁姓,尧的后代,在今山丁翼城西。周所建,姬姓,在今湖北省隋县镇,公元前505年为楚所灭。古代庙堂前或宗庙内的大路。姓。
瓷	cí	常用汉字 · 10画 · 部首瓦	(形声。从瓦,次声。本义:用高岭土烧制成的质料。也指瓷器) 同本义。
资	zī	常用汉字 · 10画 · 部首贝	(形声。从贝,次声。从贝,与财富有关。本义:钱财)。同本义。费用。资历;资格。天赋;天资。条件。资料;材料。粮食。水名 。发源于湖南省武冈县,北流入洞庭湖。凭借。能力;作用。资助;供给。给予。救助;帮助。蓄积。取,取用。锋利。姓。
凉	liáng liàng	常用汉字 · 10画 · 部首冫	(形声。从水,京声。本义:寒)。同本义。微寒,稍冷。薄;轻微;刻薄。诚信。国名 。东晋十六国时期建立在今甘肃省一带的政权,国号皆称“凉”。有前凉、后凉、北凉、南凉、西凉等。辒辌,丧车。姓。辅佐。信,实。
站	zhàn	常用汉字 · 10画 · 部首立	(形声。从立,占声。本义:直立)。站立,直立。以基本直立的姿势用双脚或一脚支撑自己。蒙古语的音译。驿站,古时传递军政文书的人中途换马、食宿或转递之所 。元代驿站称“站赤”,省称“站”。明改站为“驿”,清代“驿”、“站”并称。
剖	pōu	常用汉字 · 10画 · 部首刂	(形声。从刀,咅(pǒu)声。本义:破开,中分)。同本义。分辨;分析。
竞	jìng	常用汉字 · 10画 · 部首立	(会意。甲骨文字形,象二人竞逐。本义:争竞;角逐;比赛)。同本义。争辩。强劲。繁忙的。
部	bù	常用汉字 · 10画 · 部首阝	(形声。从邑,(fǒu)声。从“邑”表示与行政区域有关。本义:古汉地名。约在今甘肃省天水、清水、秦安、两当、礼县、徽县一带)。同本义。古代军事编制单位,后泛指部队,军队。中央行政官署。有时也称一般衙署、地方行政官署。地区。古代监察或行政区域名。部落。分类,门类。统率。安排,布置。用于书籍、机器、电影等。
旁	bàng páng	常用汉字 · 10画 · 部首方	(古通“傍”)。依傍;依附。靠近。依照;仿效。诽谤。(形声。从二阙,方声。本义:大;广)。同本义。又。别的,其他的。旁边。古同“傍”。附近。辅助,辅佐。
旅	lǚ	常用汉字 · 10画 · 部首方	(会意。甲骨文字形,象众人站在旗下。旗,指军旗;人,指士兵。小篆字形,表示旌旗;从“从”,表示众人,即士兵。本义:古代军队五百人为一旅)。军队编制单位。上古一般以五百人为旅,齐制二千人为旅。现代指师以下的单位,基本上由司令部和两个或者两个以上的团或大队组成的战术和行政单位。又。军队。在外的人,旅人。旅行;旅途。旅馆。众人;众子弟。次序。脊骨。寄居外地,旅居。旅行。俱,一同。不种而生,野生。姓。
畜	chù xù	常用汉字 · 10画 · 部首田	(会意。甲骨文字形)。(表示牵引,下象出气的牛鼻形。牛鼻被牵着,说明是已被人类驯服豢养的家畜。本义:家畜) 同本义。饲养。养育。培养;培植。顺从,驯服。喜欢,喜爱。积;积聚收容。保存;收藏。
阅	yuè	常用汉字 · 10画 · 部首门	(形声。从门,说省声。象在门里清点东西。本义:在门内考察、计算事物)。同本义。引申为计算。察看;视察,考查。检阅。看;阅读。经历。观赏。总聚;汇集。
羞	xiū	常用汉字 · 10画 · 部首羊	(会意兼形声。据甲骨文,以手持羊,表示进献。小篆从羊,从丑,丑亦声。“丑”是手的讹变。本义:进献)。同本义。推荐;进用。假借为“丑”。感到耻辱。因惭愧而难为情。嘲弄;侮辱。怕。熟的食物。
羔	gāo	常用汉字 · 10画 · 部首灬	(会意。从羊,从火,下面的四点由“火”变来。甲骨文字形正象羊在火上。本义:小羊)。同本义。树秧或菜秧。
瓶	píng	常用汉字 · 10画 · 部首瓦	(形声。从瓦,并声。《说文》本从缶。缶(fǒu),瓦器,即陶制器皿。本义:汲水器)。古代比缶小的容器,用以汲水,也用以盛酒食。泛指腹大颈长的容器。
拳	quán	常用汉字 · 10画 · 部首手	(形声。夲义:紧握的手。俗称拳头)。同本义。弓弩。屈曲;卷曲。勇壮。诚挚。表示动量,用于拿拳头打人的动作。表示物量,相当于“桩”、“件”。姓。
粉	fěn	常用汉字 · 10画 · 部首米	(会意。从米,从分,分亦声。本义:米细末。亦指谷类、豆类作物子实的细末)。同本义。妆饰用的白色粉末,亦有染成红色者。用米、豆类或马铃薯等淀粉制成的食品,特指粉条或粉丝。研成粉末;粉碎。白色的;带白色的;粉红色的。
料	liào	常用汉字 · 10画 · 部首斗	(会意。从斗,从米,表示用斗量米。本义:称量)。计数;计量;核计。估量;揣度;料想。选择,挑选。安排,料理;管理。小看。丢,撂。敌,对付。隋及唐宋时官吏于俸禄外所津贴的食料、口粮。供人畜食用或为植物提供营养的物品。宗,番。
益	yì	常用汉字 · 10画 · 部首皿	(会意。小篆字形。象器皿中有水漫出。从皿,从水。“水”已隶变。本义:“溢”的本字。水漫出)。同本义。引申为水涨。在某些方面增加(如体积、数量、程度等)。助;补助。扩大,加大。富裕。骄傲自满。更加。渐渐。任何一种好处或利益 ——跟“害”相对。州名 。汉武帝所置十三刺史部之一。辖境约当今四川省折多山,云南省怒山、哀牢山以东,甘肃省武都、两当,陕西省秦岭以南,湖北省郧县、保康西北,贵州省除东边以外地区。
兼	jiān	常用汉字 · 10画 · 部首丷	(会意。小篆字形,从又(手),从秝(lì)。字形象一手持两棵庄稼。本义:一手执两禾。引申为同时进行几桩事情或占有几样东西)。同时具有或涉及几种事务或若干方面。合并,由部分合成整体。并吞;兼并。倍,加倍。重复;累积。尽;竭尽。同,连同。全部;整个。表示另一方面,可译为“还”、“同时”、“再加上”之类。又。
烤	kǎo	常用汉字 · 10画 · 部首火	(形声。从火,考声。本义:用火烘熟或烤干)。暴晒。
烘	hōng	常用汉字 · 10画 · 部首火	(形声。从火,共声。本义:烧,焚烧)。同本义。
烦	fán	常用汉字 · 10画 · 部首火	(会意。从页(xié),从火。从“页”表示与头部有关;从“火”,表示发烧。本义:头痛发烧)。烦躁,烦闷。烦琐;繁多。乱;纠缠。相烦;烦劳。搅扰;烦扰。
烧	shāo	常用汉字 · 10画 · 部首火	(形声。从火,尧声。本义:使物着火)。同本义。烹调方法之一。先用油炸,再加汤汁炒或炖,或先煮熟再用油炸。野火。
烛	zhú	常用汉字 · 10画 · 部首火	(形声。从火,蜀声。本义:古代照明用的火炬)。同本义。蜡烛(始于唐代)。照;照亮。洞察。姓。
烟	yān	常用汉字 · 10画 · 部首火	(形声。从火,因声。本义:物质因燃烧而产生的气体)。同本义。烟状物;云气;雾气。堵塞。烟草。
烙	lào luò	常用汉字 · 10画 · 部首火	(形声。从火,各声。本义:把食物放在烧热的器物上焙熟)。用高温的金属烧灼。引申为打上或留下标志。用烙器(烧灼器)或烧灼剂烫。灼;烧烤。
递	dì	常用汉字 · 10画 · 部首辶	(形声。从辵(chuò),虒(sī)声。本义:轮流;交替)。同本义。特指通过驿站传递公文、货物等。顺次地;一个一个地。驿车;驿马。
涛	tāo	常用汉字 · 10画 · 部首氵	(形声。从水,寿声。本义:大波)。同本义。像波涛一样的声音。
浙	zhè	常用汉字 · 10画 · 部首氵	(形声。从水,折声。本义:水名。浙江,即钱塘江)。同本义 ,水名。即今钱塘江,上游为新安江。古州名,浙州 。其境约当今贵州习水县一带。浙江省的简称。
涝	láo lào	常用汉字 · 10画 · 部首氵	(形声。从水,劳声。本义:水名。在陕西省。源出秦岭,北流入渭水) 同本义。又名潦水。在陕西省户县、周至两县界上,源出秦岭,为关中八川之一。汾水支流。源出山西省浮山县西北,西流至临汾市北注入汾水。水淹没;雨多成灾。浇水,灌溉。奶酪。
浦	pǔ	常用汉字 · 10画 · 部首氵	(形声。从水,甫声。本义:水滨)。同本义。江河与支流的汇合处。
酒	jiǔ	常用汉字 · 10画 · 部首酉	(会意。从水,从酉(yǒu)。“酉”本义就是酒。“酉”亦兼表字音。本义:用高粱、大麦、米、葡萄或其他水果发酵制成的饮料)。同本义。以酒荐祖庙。
涉	shè	常用汉字 · 10画 · 部首氵	(会意。从水步。甲骨文字形。中间是水,两边两只脚,象涉水之形。本义:趟水过河)。同本义。泛指渡水。经历,经过。牵涉,涉及,关连。跋涉。行走。至,到。游玩,游览。入,进入。涉猎。指阅读学习。便语,喋喋。渡口。姓。
消	xiāo	常用汉字 · 10画 · 部首氵	(形声。从水,肖声。本义:消除;消灭)。同本义。消失,完全不存在。减削。消磨,打发。享受;受用。售出。禁受,经受。抵得上,配得上。需要;须。消息。糖尿病。
涡	guō wō	常用汉字 · 10画 · 部首氵	水名。今称涡河。古州名 。故地在今安徽省。(形声。本义:水的旋流)。酒窝,嘴角附近的小凹陷。沾染。
浩	hào	常用汉字 · 10画 · 部首氵	(形声。从水,告声。本义:水势浩大)。同本义。广远;盛大。丰富,众多。远;无边无际。傲慢。
海	hǎi	常用汉字 · 10画 · 部首氵	(形声。从水,每声。本义:大海,海洋)。百川会聚之处。后指邻接大陆而区域范围小于洋的咸水水体。海水。古人认为陆地四周皆为海,故用以指僻远地区。在月球表面或火星表面上一种相当大的暗区。大口,大嘴巴。很多的。
涂	tú	常用汉字 · 10画 · 部首氵	(形声。从水,余声。本义:涂水)。同本义。古水名。即今云南省之牛栏江。发源于寻甸,北流至威宁折向西北,至鲁甸县注入金沙江。洞涡水支流。在山西省榆次县境。道路。也作“途”。十二月。古月名。“塗”的简化字。泥,泥巴。道路。引申指途径;门路。涂抹;粉刷物品。
浴	yù	常用汉字 · 10画 · 部首氵	(形声。从水,谷(yù)声。本义:洗澡)。同本义。鸟飞忽上忽下。沉浸;浸染。
浮	fú	常用汉字 · 10画 · 部首氵	(形声。从水,孚(fú)声。本义:漂流,漂浮)。同本义。游水(如挥动手脚或摆动翅鳍或尾巴)推进身体。超过。用满杯酒罚人。在表面上。轻薄;轻佻。空虚;无根据。又空虚不实。疏松细碎的土。(hú)。葫芦。虫名。
涣	huàn	常用汉字 · 10画 · 部首氵	(形声。从水,奂(huàn)声。本义:流散,离散)。同本义。水很大的。又泛指盛貌。鲜明的。同“焕”。
涤	dí	常用汉字 · 10画 · 部首氵	(形声。从水,条声。本义:洗)。同本义。除,清除。打扫。涤宫,古代宫中饲养祭祀牲畜的房子。
流	liú	常用汉字 · 10画 · 部首氵	(会意。本义:水流动)。同本义。顺水漂流。漂没;移动不定;流浪。传布;扩散。放逐,流放,古代五刑之一。停留,停止。求取。河川;江河的流水。流派;派别。品类;等级。
润	rùn	常用汉字 · 10画 · 部首氵	(形声。从水, 闰(rùn)声。本义:雨水下流,滋润万物)。同本义。修饰,使有光彩。使得到好处,扶助。潮湿。细腻光滑。润水 。淮河支流。在今安徽省西北部。发源于临泉县,东南流至润河集入淮,今称润河。古州名。隋置。治所在今江苏省镇江市。辽置。治海阳,故城在今秦皇岛市西北部。
涧	jiàn	常用汉字 · 10画 · 部首氵	(形声。从水,间声。本义:夹在两山间的水沟)。同本义。古代数词。万万沟为涧,即1064。水名。源出河南渑池县东北,东南流会渑水,东流经新安县南,到洛阳市西折,东南入洛河。
涕	tì	常用汉字 · 10画 · 部首氵	(形声。从水,弟声。先秦时期,“涕”指眼泪,后来出现了“泪”,两字就同义并用了。本义:眼泪)。同本义。鼻涕。痰。流泪;哭泣。
浪	làng	常用汉字 · 10画 · 部首氵	波浪,水因风吹、石激而形成的涌动。放荡;放纵。言词不干净;随口说脏话。无用。破烂。
浸	jìn	常用汉字 · 10画 · 部首氵	(形声。从水,籀文寝声。本义:古水名。浸水) 同本义。泡在水里,被水渗入。灌溉。渗入;渗透。淹没。滋润。喻施恩惠。仔细看。
涨	zhǎng zhàng	常用汉字 · 10画 · 部首氵	(形声。从水,张声。本义:水上升)。同本义。增长;高出。大水貌。盛,茂盛。
烫	tàng	常用汉字 · 10画 · 部首火	(本作汤)。以热水温物。
涩	sè	常用汉字 · 10画 · 部首氵	(形声。从水,歰声。声符(歰sè)为本字,象四只脚两两相抵,表示不滑,是会意字。本义:不滑溜)。同本义。味不甘滑。说话、写文章迟钝艰难、生硬、不流畅。道路险阻;不通畅的。
涌	chōng yǒng	常用汉字 · 10画 · 部首氵	多用于地名。(形声。从水,甬(yǒng)声。本义:水向上冒)。同本义。引申指云、雾、烟、气等上腾冒出。水奔涌,翻腾。“湧”另见yǒng。
悖	bèi	常用汉字 · 10画 · 部首忄	(形声。从心,孛(bèi)声。本义:违反,违背)。同本义。掩蔽。叛乱。惑乱;糊涂。荒谬;谬误。背谬,行不通。
悟	wù	常用汉字 · 10画 · 部首忄	(形声,从心,吾声。本义:理解,明白)。同本义。觉醒;觉悟启发;使觉悟。相对。抵触。
悄	qiǎo	常用汉字 · 10画 · 部首忄	(形声。从心,肖声。本义:忧愁的样子)。同本义。寂静无声。
悍	hàn	常用汉字 · 10画 · 部首忄	(形声。从手,旱声。本义:勇猛)。同本义。凶狠,蛮横。
悔	huǐ	常用汉字 · 10画 · 部首忄	(形声。从心,每声。本义:悔恨,懊悔) 同本义。过失;灾祸。
悯	mǐn	常用汉字 · 10画 · 部首忄	(形声。从心,闵(mǐn)声。本义:怜恤) 同本义。忧愁;烦闷。
悦	yuè	常用汉字 · 10画 · 部首忄	(形声。从心,说省声。本作“说”。本义:高兴,愉快) 同本义。“说”、“悦”古今字。顺服,悦服,从心里佩服。喜,喜欢。又如;悦义(爱慕道义);悦慕(爱慕敬慕)。
害	hài hé	常用汉字 · 10画 · 部首宀	(会意。从宀(mián),从口,丰(gài)声。从“宀”、从“口”,意思是言从家起,而“言”又往往是危害的根源。本义:伤害,损害)。同本义。妨碍,妨害。谋杀,谋害。妒忌。招致某种后果。加祸。灾害。祸害。险要的处所。何不。
宽	kuān	常用汉字 · 10画 · 部首宀	(形声。从宀(mián),表示与房屋有关,苋(kuān)声。本义:房屋宽敞)。同本义。广阔;面积大。与“狭”相对。横的距离大。度量宽宏;宽厚。宽坐(多坐一会儿。留坐的敬词)宽松;松弛。紧的反义词。多;富裕。放松;放宽。又。宽免;宽恕。减轻。
家	jiā gū jie	常用汉字 · 10画 · 部首宀	(会意。甲骨文字形,上面是“宀”(mián),表示与室家有关,下面是“豕”,即猪。古代生产力低下,人们多在屋子里养猪,所以房子里有猪就成了人家的标志。本义:屋内,住所)。同本义。引申表示住宅、房屋。家庭,人家。指夫或妻。大夫统治的政治区域,即卿大夫或卿大夫的采地食邑。娘家。学术或艺术流派。经营某种行业的人家或具有某种身分的人。掌握某种专门学识或从事某种工作、担任某种职务的人。指某一集团或某一方面 。 如: 三家条约。家财,财产。又如:分家;发家;家破人亡;抄家。朝廷。又如:汉家(即汉朝);随家(即隋朝);家历(皇朝的历数)。都城。帝王或太子。又如:家吏(皇后或太子的官属)。古代医书上指患某种病的人。私家的,个人的 ,与“公”相对。娶妻;成家。安家;定居。稼穑。种谷曰稼,收获曰穑。词尾。
宵	xiāo	常用汉字 · 10画 · 部首宀	(形声。从宀(mián),肖声。从“门”表夜间昏暗。本义:夜晚)。同本义。前半夜。丝织品的一种。假借为“小”。小。
宴	yàn	常用汉字 · 10画 · 部首宀	(形声。从宀(mián),妟(yàn)声。“宀”表示房屋,“妟”是“安”意思,也有表意作用。本义:请人吃饭喝酒,聚会在一起喝酒吃饭 )。同本义。进餐。(假借为“安”。安闲,安逸)。安定,没有战事或动乱。喜乐;欢乐。内室。
宾	bīn	常用汉字 · 10画 · 部首宀	(形声。从贝,冥(mián)声。甲骨文字形,会意。上面象屋形,下面是“人”和“止”。表示客人来到屋下,即宾客到门。金文将“止”改为“贝”,小篆从之。王国维说:“金文及小篆易从止为从贝者,乃后起之字。”本义:地位尊贵、受人尊敬的客人,贵客)。同本义。古州名 。汉郁林郡地。唐贞观五年置宾州,亦曰安城郡。至德二年改为领方郡。元初为宾州路,寻复为宾州。清属广西思恩府。今为宾阳县。接引客人。用宾客的礼节相待。礼敬。服从,归服。排斥;弃绝。姓。
窍	qiào	常用汉字 · 10画 · 部首穴	(形声。从穴,巧声。本义:孔,洞)。同本义。
窄	zhǎi	常用汉字 · 10画 · 部首穴	(形声。从穴,乍声。本义:狭小)。同本义。短缺;生活不宽裕。整齐;漂亮。使缩小。
容	róng	常用汉字 · 10画 · 部首宀	(会意兼形声。小徐本“从宀,谷(gǔ)。”大徐本看作会意。“宀”是房屋,“谷”是空虚的山洼,都有盛受的意思。本义:容纳)。同本义。宽容。允许,许可。收留。应当。等待,待。需要。假借为“用”。使用。仪容;容貌,容颜(容貌神色)。模式,样式。法则,规律。礼仪;礼法。一种佩饰用的刀。古州名 。在今广西壮族自治区东南部,邻接广东省。汉属合浦县,晋初置荡昌县,属合浦郡,梁改为阴石县,并置阴石郡,陈改为奉化县,隋改为普宁县,宋为容州,元为容州路,后降为州,明改为容县,属梧州府。常绿乔木。适宜,合宜。表示反问。难道;岂。姓。
宰	zǎi	常用汉字 · 10画 · 部首宀	(会意。从宀(mián),从辛。“宀”表屋子。辛,奴隶,罪人。本义:充当家奴的罪人)。同本义。一说古代贵族家中的管家或奴隶总管。一说宰为手工业奴隶。古代官吏的通称。古官名。辅佐国君执政的百官之长。屠宰者;厨工。冢,坟墓。宰杀牲畜并割肉。分割疆土;主宰。姓。
案	àn	常用汉字 · 10画 · 部首木	(形声。从木,安声。本义:木制的盛食物的矮脚托盘)。同本义。无靠背的坐具。长方形的桌子。案件。官府处理公事的文书、成例。狱讼的案卷。又。按语。同“按”。按;用手向下压。考查,研求。查办。查讯、审问。切。
请	qǐng	常用汉字 · 10画 · 部首讠	情况,实情。(形声。从言,青声。本义:拜访)。同本义。请求;要求。询问。召;邀请。告诉。在请求时用作表示礼貌。请教,请示。
朗	lǎng	常用汉字 · 10画 · 部首月	(形声。从月,良声。本义:明亮)。同本义。声音清晰响亮。明察。又。
诸	zhū	常用汉字 · 10画 · 部首讠	(形声。从言,者声。本义:辩,问辩) 同本义。众;各。又。代人,代事,代物,相当于“之”。作定语,相当于“其”。表示语气,相当于“啊”。干果。古地名 。春秋时鲁邑,在今山东省诸城县西南。“之于”的合音。“之乎”的合音。相当于“于”。
诺	nuò	常用汉字 · 10画 · 部首讠	(形声。从言,若声。本义:表示)。同本义(一般用于上对下、尊对卑或平辈之间,卑对尊用“谨诺” )。古时批字于公文之尾,表示许可叫“诺”,犹今签字。
读	dòu dú	常用汉字 · 10画 · 部首讠	语句中的停顿。古代诵读文章,分句和读,极短的停顿叫读,稍长的停顿叫句,今以逗号标志。也作“逗”。(形声。从言,卖声。本义:读书)。籀书,抽释理解书的意义。阅读。说。文体名。属于题跋一类。用以记心得于书后,以备遗忘。姓。
扇	shān shàn	常用汉字 · 10画 · 部首户	摇扇。施展。煽动、鼓动。泛指兴起、发生。扑打。炽盛。(会意。从户从翅省。户,单扇门;从翅,像鸟的翅膀,可以张合。本义:门扇)。同本义。扇子。毛巾、盖头之类织品。用于门、窗等扁形器物。遮蔽。
诽	fěi	常用汉字 · 10画 · 部首讠	(形声。从言,非声。本义:背地议论,指责他人)。同本义。又如;诽怨(责备怨恨);诽议(责难,非议)。毁谤。
袜	wà mò	常用汉字 · 10画 · 部首衤	穿在脚上的东西,针织或编织的足套。穿袜子。抹胸掩盖;覆蔽
袖	xiù	常用汉字 · 10画 · 部首衤	(古字作褎。形声。从衣,由声。本义:衣袖)。同本义。袖口。藏物于袖中。
袍	páo	常用汉字 · 10画 · 部首衤	有夹层、中着棉絮的长衣。外衣。
被	bèi pī	常用汉字 · 10画 · 部首衤	(形声。从衣,皮声。本义:睡眠时用以覆体的夹被;被子)。同本义。表面。被覆;遮盖。蒙受,遭受。及;到达。加;施加。表示被动:叫;让。(后作“披”)。搭衣于肩背。穿着。打开。
祥	xiáng	常用汉字 · 10画 · 部首礻	(形声。从示,羊声。本义:凶吉的预兆,预先显露出来的迹象)。同本义。特指吉兆。特指凶兆。幸福。吉利。好的;善的。
课	kè	常用汉字 · 10画 · 部首讠	(形声。从言,果声。本义:考核)。同本义(根据一定的标准验核)。督促完成指定的工作。按规定的内容和分量讲授或学习。征收赋税;差派劳役。占卜。税款,税。
冥	míng	常用汉字 · 10画 · 部首冖	(会意。小篆字形,从日,从六,冖(mì)声。日,太阳,日数十,十六日而月始亏,幽暗也。本义:昏暗)。同本义。深远;幽深。愚昧。虚空渺茫。静默。潜心,专心。迷信人称人死后进入的世界,即“地府”、“阴间”。海。闭上眼睛。暗合,默契。姓。
谁	shéi shuí	常用汉字 · 10画 · 部首讠	——“谁”(shuí)的又音。(形声。从言,隹(zhuī)声。金文字形,象鸟在叫。①基本义:什么人。《左传·隐公元年》:“其谁曰不然?”②什么。《说文》:“何也。”)。哪个人或哪些人。
调	diào tiáo zhōu	常用汉字 · 10画 · 部首讠	(形声。从言,周声。(tiáo)本义:声音调和;协调)。选拔或提拔官吏。征用,提取,征发。调动。计算;调查。格调,人的才气风格 。(形声。从言,周声。本义:和谐;协调) 同本义。调节。驯服;训练。调治;调养(调治保养)。嘲笑。搀合 。经搅拌、摇晃。调节音高或使之入调 。演奏。调济。调戏。掷;丢。耍 。调弄,弹奏。烹调,调味。清晨,早晨
冤	yuān	常用汉字 · 10画 · 部首冖	(会意。从兔,从冖(mì)。“冖”表示覆盖。兔子被覆盖住了,卷曲不能伸。或从冖,表示在房屋内。本义:屈缩;不舒展)。同本义。枉曲,冤屈。冤仇,仇敌。
谅	liàng	常用汉字 · 10画 · 部首讠	(形声。从言,京声。本义:诚实;信实)。同本义。固执,坚持己见。谅解。宽恕或容忍。料想,认为。
谆	zhūn	常用汉字 · 10画 · 部首讠	(形声。本义:教诲恳切耐心的样子)。同本义。多叠用,也单用。诚恳;忠诚。辅佐。
谈	tán	常用汉字 · 10画 · 部首讠	(形声。从言,炎声。本义:说,谈论)。同本义。称赞。
谊	yì	常用汉字 · 10画 · 部首讠	(会意兼形声。从言,从宜,宜亦声。宜,表示合宜。本义:合宜的道德、行为或道理)。同本义 。古“谊”与“义”同。意义,意思。
剥	bō bāo	常用汉字 · 10画 · 部首刂	(会意。从刀,从录,“录”又兼作声符。“录”,《说文》:“刻割也。”本义:削;剥离;剥脱,即去掉物体表面上的东西)。同本义。割裂。脱落。强制除去。盘剥;掠夺。伤害。[口语]去掉外面的皮或其他东西
恳	kěn	常用汉字 · 10画 · 部首心	(形声。从心,(kěn)声。本义:诚恳,真诚)同本义。请求,表露愿望和要求。
展	zhǎn	常用汉字 · 10画 · 部首尸	(形声。小篆字形假卧的人形。从尸,与人体动作有关。本义:转动)。同本义。舒展;伸展。张开;展现或进入视野。延长;放宽。陈述;申述。施展,发挥。陈列;展览。省视;视察。瞻仰。演奏。又如:展乐(奏乐);展玩(玩赏)。揩抹。又如:展灰(抹去灰尘)。诚实。诚然;确实。姓。
剧	jù	常用汉字 · 10画 · 部首刂	(形声。本义:甚;厉害,严重)。同本义。繁多;繁忙。艰难。巨,大。急促;疾速。戏耍。古县名 。故址在今山东省寿光县东南。
屑	xiè	常用汉字 · 10画 · 部首尸	(形声。从尸,肖声。本义:碎末) 同本义。研成碎末。顾惜;介意。常用否定式,不屑,即不惜顾一眼。用拳头击打。不安。轻忽的。清洁,整洁。
弱	ruò	常用汉字 · 10画 · 部首弓	(会意。小篆字形,两把弯曲的弓,“彡”(shān)象毛羽之形,合起来表示柔弱。本义:气力小;势力差)。同本义。与“强”相对。纤柔;软弱。虚弱;瘦弱。年幼,年少。不足,略少。坏。衰败。丧失。减少。削弱。侵害。败。惧怕。
陵	líng	常用汉字 · 10画 · 部首阝	(形声。从阜(fù),表示与地形地势的高低上下有关。夌(líng)声。本义:大土山)。同本义。又。引申指帝王陵墓。山,山头。升,登。超越,逾越。欺侮;欺压。日渐衰微。凌驾。
祟	suì	常用汉字 · 10画 · 部首示	(会意。从示,从出。示,与鬼神有关。表示鬼魅出来作怪。本义:鬼神制造的灾祸) 同本义。
陶	táo yáo	常用汉字 · 10画 · 部首阝	(形声。从阜,匋(táo)声,阜,土山。从“阜”,与土有关。本义:陶丘)。同本义。本为两重的山丘,后为地名专称。在今山东省定陶县。因陶丘在定陶,故定陶亦省称陶。瓦器,陶器。制作瓦器。陶冶,化育。烤灼,炎炽。快乐。姓。窑灶。
陷	xiàn	常用汉字 · 10画 · 部首阝	(会意兼形声。从阜(fù);从臽,臽(xiān)亦声。据金文,象人掉进陷阱形。本义:坠入,掉进)。同本义。陷溺,淹没。陷害。攻破。陷入,落在不利的境地。陷阱 。诱捕猎物或诱杀动物用的坑。缺点;过失。
陪	péi	常用汉字 · 10画 · 部首阝	(形声。从阜(fù),咅(pǒu)声。左耳旁为“阜”的变形。阜,土山。本义:重叠的土堆)。同本义。辅佐之臣,公卿之臣。伴随,陪伴。增加。辅佐;帮助。赔偿,偿还。违背。
娱	yú	常用汉字 · 10画 · 部首女	(形声。从女,吴声。本义:快乐,欢娱) 同本义。戏乐,使欢乐。排遣,抒发。
娟	juān	常用汉字 · 10画 · 部首女	(形声。从女,肙(yuān)声。本义:美好,多指姿态美)。同本义。姿态柔美的。长曲的样子。明媚貌。
恕	shù	常用汉字 · 10画 · 部首心	(形声。从心,如声。本义:恕道,体谅) 同本义。饶恕,宽恕。
娥	é	常用汉字 · 10画 · 部首女	(形声。从女,我声。本义:女子容貌美好。常“娥媌”、“娥娥”、“娥姣”等连用,形容女子美貌) 同本义。传说中尧女舜妻的字。
娘	niáng	常用汉字 · 10画 · 部首女	(形声。从女,良声。本义:对妇女的泛称,多指少女)。同本义。又。奴婢对女主人也称娘。称长一辈或年长的已婚妇女。
通	tōng tòng	常用汉字 · 10画 · 部首辶	(形声。从辵(chuò),甬(yǒng)声。本义:没有堵塞,可以通过)。同本义。通往。传递;传达。沟通;接通。往来友好。了解;精通。通报;说 。疏通;开通。流通,互相交换。陈述 。如:通款(向敌方表示愿意降服);通诚(在神前表白诚意)。通奸,过非婚性生活 。如:与人有通。调和。整个,全部。博识。总共 。共同 。透彻 。在某一方面,技术高超、有独创性或聪明灵巧的人 。古州名。西魏设。在今四川达县。五代周置,在今江苏省南通县。金置。在今北京市通县。乐器名。古代土地面积单位 。十井为通。药名。马粪。遍;次 。用于文书电报。很;十分 。总是。
能	néng	常用汉字 · 10画 · 部首月	(象形。金文作字形象熊形。本义:熊)。传说中的一种像熊的兽。才能,能力。有才能的人。又。形状。能够,主、客条件具备,会作,会做,会完成。会;善于。友好,亲善;和睦。忍受。表示指示或程度,相当于“如此”、“这样”。
难	nán nàn	常用汉字 · 10画 · 部首隹	(形声。从隹(zhuī)?声。从隹,与鸟有关。①本义:支翅鸟。②假借为困难)。困难;艰难;不容易。不可;不好。为难,畏难;感到困难。使感到困难。恐惧。敬。驱除疫鬼之祭。灾难;祸害,人为而产生的祸害。兵难,指反抗或叛乱。怨仇;仇敌。诘问;责难。抵挡;拒斥。论说;争辩。
预	yù	常用汉字 · 10画 · 部首页	(形声。从页(xié), 予声。本义:安乐。经典通用“豫”字)。同本义。预先,事先。事先有准备参与
桑	sāng	常用汉字 · 10画 · 部首木	(会意。从桑,从木。桑者。神桑也。本义:植物名)。一种桑属的落叶乔木 。树皮有浅裂,叶子椭圆形,花单性,花被黄绿色,叶子是蚕的饲料,嫩枝的韧皮纤维可造纸,果实可以吃,嫩枝、根的白皮、叶和果实均可入药。桑叶。采桑叶。姓。
绢	juàn	常用汉字 · 10画 · 部首纟	(形声。从糸(mì,表示与线丝有关),肙(yuān)声。本义:生丝织物。厚而疏者称绢)。同本义。指书画、装璜物件。使缠绕或包住;使环绕或网住。
绣	xiù	常用汉字 · 10画 · 部首纟	(形声。从糸,秀声。从“糸”(mì)与丝织有关。本义:刺绣) 同本义 。用彩色线在布帛上刺成花、鸟、图案等。绣花的衣服。绣花的物品。绘饰华美的。华丽,精致如绣。
验	yàn	常用汉字 · 10画 · 部首马	(形声。从马。佥(jiǎn)声。本义:马名)。同本义。证据;凭证。效验,灵验。征象;征兆。检查;检验。试验。
继	jì	常用汉字 · 10画 · 部首纟	同本义(把断了的丝接续上)。继承。随后;跟着。挂,拴缚;系念。子孙后代。后援。
骏	jùn	常用汉字 · 10画 · 部首马	(形声。本义:良马)。同本义。迅速。高大,大。才智杰出。长。
球	qiú	常用汉字 · 11画 · 部首王	(形声。从玉,求声。本义:美玉)。同本义。法。
琐	suǒ	常用汉字 · 11画 · 部首王	(形声。本义:玉件相击发出的细碎声音)。同本义。也作“琐琐”。镂玉为连环叫琐,后以金属为之,作“锁”。连环;锁链。锁链形的纹饰。加在门、箱等上面使人不能随便开启的器具宫禁 宫门的禁令的代称。玉屑。古地名。春秋郑地。约在河南省新郑县北。春秋晋地。约在河北省大名县。又作“沙”、“沙泽”。春秋楚地。约在安微省霍丘县东。细碎,细小。形容人品卑劣,猥琐。琐碎。仔细。姓。
理	lǐ	常用汉字 · 11画 · 部首王	(形声。从玉,里声。本义:加工雕琢玉石)。同本义。治理;管理。整理,使有条理、有秩序。又。温习;熟习。区分;辨别。理睬,理会。操理。纹理;条理。法律;司法官。道理,义理。使者。媒人。狱官。治理得很好。
琉	liú	常用汉字 · 11画 · 部首王	琉璃。亦指琉璃灯座。一盏琉璃。
琅	láng	常用汉字 · 11画 · 部首王	(形声。从玉,良声。本义:似玉的美石或青色的珊瑚)。同本义。门环。洁白、华美如玉。姓。
捧	pěng	常用汉字 · 11画 · 部首扌	(形声。从手,奉声。本义:两手承托。古多作“奉”)。同本义。
堵	dǔ	常用汉字 · 11画 · 部首土	(形声。从土,者声。本义:墙壁)。同本义。古代墙壁的面积单位,古代用板筑法筑土墙,五板为一堵,板的长度就是堵的长度,五层板的高度就是堵的高度。
措	cuò	常用汉字 · 11画 · 部首扌	(形声。从手,昔声。本义:放置,安放)。同本义。废弃;搁置。
描	miáo	常用汉字 · 11画 · 部首扌	(形声。从手,苗声。本义:依样摹写或绘画)。
域	yù	常用汉字 · 11画 · 部首土	(形声。从土,或(yù)声。土,表示疆土。“域”本作“或”,与“国”同义。“从口,从戈,以守一。一,地也。”为会意字。本义:疆界,疆域)。同本义。地区,区域。范围。茔地,坟地。局限。
捺	nà	常用汉字 · 11画 · 部首扌	(形声。从手,奈声。本义:用手重按)。同本义。搁置;扣压。汉字笔画的一种,向右斜下,近末端微有波折。古又名“磔”。
掩	yǎn	常用汉字 · 11画 · 部首扌	(会意。从手,从奄,奄亦声。本义:遮蔽)。同本义。藏。止。关闭;合上。抹杀。
捷	jié	常用汉字 · 11画 · 部首扌	(形声。从手,疌(jié)声。本义:战利品)。同本义。胜利。成功。敏捷;迅速。旁出,斜出,抄行近道。赶上。
排	pái pǎi	常用汉字 · 11画 · 部首扌	(形声。从手,非声。本义:推挤,推开)。同本义。排斥;排挤。疏通;排解。安排;准备。排列;编次。斥责,数落。古代的演员。也作“俳”。依次,一个接一个。
焉	yān	常用汉字 · 11画 · 部首灬	(象形。小篆字形。像鸟形。本义:焉鸟)。鸟名。(yán)。额。表示指示,相当于“之”。哪里或那里。什么。怎么。兼有介词“于”加代词“此”的语法功能,相当于“于是”、“于此”。于是,就,乃,则 。表示两件事或数个事接连发生。于是 。表示前后承接,古代汉语中多与“乃”连用。表示结构,用于前置的宾语之后,相当于“之”,“是”。后缀,表示状态,用于形容词、副词之后,相当于“然”、“样子”。用于句中表示停顿,相当于“啊”。用于句尾,表示陈述或肯定,相当于“矣”、“呢”。用于句尾,表示疑问,相当于“乎”、“吗”。用于句尾,表示感叹,相当于“呢”、“啊”。
掉	diào	常用汉字 · 11画 · 部首扌	(形声。从手,卓声。本义:摇,摆动)。同本义。弄,卖弄。划。
捶	chuí	常用汉字 · 11画 · 部首扌	(形声。从手,垂声。本义:棒打)。同本义。马杖
赦	shè	常用汉字 · 11画 · 部首赤	(形声。从攴(pū),赤声。本义:宽免罪过)。同本义。宽容。姓。
堆	duī	常用汉字 · 11画 · 部首土	(象形。从土,隹(zhuī)声。本义:土堆)。土墩,沙墩或水中聚集的礁石。堆积。用来计量成堆的东西。
推	tuī	常用汉字 · 11画 · 部首扌	(形声。从手,隹(zhuī)声。本义:手向外用力使物体移动或向前移动)。同本义。推移,变化、移动和发展。按顺序更换。寻求;探索。推行,推广施行。推测;推断。排除,除。推让;让与。刺;杀。夺去生命;处死。
埠	bù	常用汉字 · 11画 · 部首土	同本义。
掀	xiān	常用汉字 · 11画 · 部首扌	(形声。从手,欣声。本义:举起)。同本义。撩起;揭开。翻;推。攻取。
授	shòu	常用汉字 · 11画 · 部首扌	(会意。从手,从受,受声。本义:给予;交给)。同本义。交还,奉还。任命。又如：授正(任命官长);授用(任用);授能(任用有才能的人)。传授。接受。
捻	niǎn niē	常用汉字 · 11画 · 部首扌	(形声。从手,念声。本义:用手指搓转)。同本义。领导。拿;捏;提;举。用线、纸等搓成的条状物。
教	jiāo jiào	常用汉字 · 11画 · 部首攵	把知识和技能传授给别人。使;令;让。(会意。从攴(pū),从孝,孝亦声。“攴”,篆体象以手持杖或执鞭。在奴隶社会,奴隶主要靠鞭杖来施行他们的教育、教化。本义:教育,指导)。同本义。叫;让。教育;教材。
掏	tāo	常用汉字 · 11画 · 部首扌	(形声。从手,匋(táo)声。本义:挖取)。
掐	qiā	常用汉字 · 11画 · 部首扌	用指甲切断或截取,摘。镶嵌。
掠	lüè	常用汉字 · 11画 · 部首扌	(形声。从手,京声。本义:抢劫,夺取)。同本义。按:掠是“略”的分别字,以别于经略、简略的略。拷打;拷问。拂过。砍伐;砍。梳理。扔;抛。
掂	diān	常用汉字 · 11画 · 部首扌	(形声。从手,店声。本义:以手称物)。
培	péi	常用汉字 · 11画 · 部首土	(形声。从土,咅(pǒu)声。本义:给植物或墙堤等的根基垒土)。同本义。(píng)。凭借、依靠。
接	jiē jié	常用汉字 · 11画 · 部首扌	(形声。从手,妾声。本义:两手交叉)。交合;会合。迎接。接见;接待。靠近;接触。连续;继续。连接。承接,收受。缚。交往,交情。姓。迅速,敏捷。
掷	zhì	常用汉字 · 11画 · 部首扌	(形声。从手,郑声。本义:扔,抛)。同本义。投射。腾跃,将自身抛入空中。
控	kòng	常用汉字 · 11画 · 部首扌	(形声。从手,空声。本义:开弓)。同本义。勒马。控制。投。悬。
探	tàn	常用汉字 · 11画 · 部首扌	(形声。从手,罙(shēn)声。本义:摸取)。同本义。探求。打听。看望。侦察。
据	jū jù	常用汉字 · 11画 · 部首扌	——“拮据”(jiéjū):经济上紧张、缺少钱用。(形声。本义:手靠着;靠着)。同本义。依靠,凭借。根据。占有,占据。按着。安;定。古西域的长度单位。相当于晋代的十里。
掘	jué	常用汉字 · 11画 · 部首扌	(形声。从手,屈声。本义:挖)。同本义。竭尽;穷尽。突起;翘起。愚笨;粗劣。
掺	càn chān shān shǎn	常用汉字 · 11画 · 部首扌	古时候的一种鼓曲名。也指击鼓三次。搓;涂抹。细小。女手纤美的样子。执持,握持。操守。
职	zhí	常用汉字 · 11画 · 部首耳	(形声。从耳,只(戠zhí)声。“职”是“记”的意思。段玉裁:“凡言职者,谓其善听也。”故从耳。本义:识;记。职为识之本字)。同本义。主管;任职。尽职;称职。职务;职业;职责。职位;执行事务所。贡赋,向朝庭交的财物。姓。
基	jī	常用汉字 · 11画 · 部首土	(形声。从土,其声。本义:墙基)。同本义。泛指一切建筑物的根脚。基础;事业的根本。一周年,一整月或一昼夜。奠定基础;创建。
聆	líng	常用汉字 · 11画 · 部首耳	(形声。从耳,令声。本义:细听)。同本义。明了,清楚。
勘	kān	常用汉字 · 11画 · 部首力	(形声。从力,甚声。本义:校订,核对)。同本义(考订核实异同)。审问。查看;调查。判断。
聊	liáo	常用汉字 · 11画 · 部首耳	(形声。从耳,卯(mǎo)声。本义:耳鸣)。同本义。依赖,凭藉。略微,略。姑且,暂且。惊恐,恐惧的样子。
娶	qǔ	常用汉字 · 11画 · 部首女	(会意兼形声。从女,从取,取亦声。本义:男子结婚。把女子接过来成亲)。同本义。
著	zhù	常用汉字 · 11画 · 部首艹	(形声。从艸,者声。“艸”长在地面上,表示显露。本义:明显,显著;突出) 同本义。显现;显扬。又。写作;撰述,用文字显明地表述。画图。明了。登记,记载。标出。建立;引申为成就。土著 。指定居不迁的人。
菱	líng	常用汉字 · 11画 · 部首艹	柳叶菜科,菱属植物的泛称 。一年生水生草本,叶子略呈三角形,叶柄有气囊,夏天开花,白色。果实有硬壳,有角,可供食用。
勒	lè lēi lei	常用汉字 · 11画 · 部首力	(形声。从革,力声。从“革”,表示与皮革有关。本义:套在马头上带嚼子的笼头)。同本义。对数能量损失,中子能量损失的一种量度,等于中子初始能量与在慢化过程中任一点上能量之比的自然对数值。勒克司的简称(照度单位)。约束;收紧缰绳以止住马骡等或使马转身。统率。割,划。姓。
黄	huáng	常用汉字 · 11画 · 部首黄	(象形。金文象蝗虫形。当是“蝗”的本字。本义:蝗虫)。黄色。垮掉,坏了事。黄赤色的马。金印。古国名 ,在今河南省潢川县西。粪便。牛黄。黄犬。热病。烟叶。
菲	fēi fěi	常用汉字 · 11画 · 部首艹	花草的香气很浓的——常叠用。一种无色结晶烃C14H10,熔点约100°C,其母核由某些生物碱降解生成,用于染料和药物的合成。菲律宾的简称。(形声。从艹,非声。本义:菲菜,一种芜菁类植物。又名芴、刹恕⑼凉)?。同本义。(fèi)。刖足,即断足,古代五刑之一。(fèi)。草鞋,蔴鞋。微薄;使之微薄。
萌	méng	常用汉字 · 11画 · 部首艹	(形声。从艸,明声。本义:草木的芽)。同本义。比喻事情刚刚显露的发展趋势或情况;开端。人民。农民。草木发芽。开始;产生。
萝	luó	常用汉字 · 11画 · 部首艹	(形声。从艸,罗声。本义:植物名。指某些蔓生植物,即“莪”) 同本义。
菌	jūn jùn	常用汉字 · 11画 · 部首艹	低等植物的一大类,不开花,没有茎和叶子,不含叶绿素,不能自己制造养料,靠寄生生活,种类很多如细菌、真菌等。
萎	wěi	常用汉字 · 11画 · 部首艹	(形声。从艸,委声。本义:枯槁、凋谢)。同本义。引申指病危。
菜	cài	常用汉字 · 11画 · 部首艹	(形声。采声。上古时期,菜只指蔬菜,不包括肉类、蛋类,到了中古以后,菜就包括内类、蛋 类及其熟食在内了。本义:蔬菜)。同本义。按特殊风味制作的食品。
萄	táo	常用汉字 · 11画 · 部首艹	——如“葡萄”（pútao）。
菊	jú	常用汉字 · 11画 · 部首艹	(形声。从艸,匊(jú)声。本义:植物名,通称“菊花”)。同本义 。多年生草本植物。叶子卵形有柄,边缘有缺刻或锯齿。秋季开花,供观赏,有的品种可入药。
菩	pú	常用汉字 · 11画 · 部首艹	菩提(音译):意为正觉。指对佛教“真理”的觉悟。又指觉悟的智慧和觉悟的途径;亦指树名,即菩提树。“菩萨”:佛教名词。梵文菩提萨埵(Bodhi-sattva)之省,原为释迦牟尼修行而未成佛时的称号,后泛用为对大乘思想的实行者的称呼;亦指人们崇拜的偶像;或比喻心肠仁慈的人。
萍	píng	常用汉字 · 11画 · 部首艹	(会意兼形声。从水,苹,苹亦声。本义:浮萍) 同本义。
菠	bō	常用汉字 · 11画 · 部首艹	藜科。一二年生草本，叶子略呈三角形，根略带红色，雌雄异株。原产伊朗。现为我国主要食用菜之一。凤梨科，多年生草本。叶大，边缘有锯齿；果实香甜，外部呈鳞片状。产于热带，我国广东、广西、台湾等地均有种植。又叫凤梨。
萤	yíng	常用汉字 · 11画 · 部首艹	动物名。节肢动物门,昆虫纲。萤火虫。比喻微弱的亮光。
营	yíng	常用汉字 · 11画 · 部首艹	(形声。从宫,荧(yíng)省声。宫,房子,与居住有关。本义:四周垒土而居)。同本义。围绕;缠绕。建造。经营。测量;度量。谋求。迷惑。耕作。军营,营寨。军队编制的一级,主要由一个司令部和两个以上的连、炮兵连或类似单位组成。
乾	qián gān	常用汉字 · 11画 · 部首乙	(俗作乹。形声。从乙,倝声(gàn)。乙,象植物屈曲生长的样子。本义:上出) 同本义。八卦的首卦;天。姓。沒有水分或缺乏水分的。
萧	xiāo	常用汉字 · 11画 · 部首艹	(形声。从艸,肃声。本义:艾蒿)。同本义。古国名 。春秋时宋的附庸,灭于楚。地在今安徽省萧县西北。县名 。在安徽省北端,东邻江苏省,西接河南省。秦置县。萧条,冷落;荒凉。稀疏。(sù)。恭敬;严肃。洒脱。姓。
萨	sà	常用汉字 · 11画 · 部首艹	姓。明有萨琦。
菇	gū	常用汉字 · 11画 · 部首艹	蘑菇 。属于担子菌纲菌目(Agaricales)的真菌或其子实体(担子果)
械	xiè	常用汉字 · 11画 · 部首木	(形声。从木,戒声。本义:脚镣手铐一类的刑具)。同本义。器械,用具。拘系;枷住;拘束。治。
彬	bīn	常用汉字 · 11画 · 部首彡	(形声。从彡(shān),焚省声(省去“火”)。本义:文质兼备的样子)。同本义。富有文采的。
梦	mèng	常用汉字 · 11画 · 部首木	(会意。小篆字形,由“宀”(房子)、“爿”(床)、“夢”(不明也)三字合成。意为夜间在床上睡觉,眼前模糊看不清,即作梦。“夢”由“苜”(mò,眼看不清)、“宀”(人的变形)、“夕”(晚间)三字会意。本义:睡眠中的幻象)。同本义。做梦。
婪	lán	常用汉字 · 11画 · 部首女	(形声。从女,林声。本义:贪食)。同本义。
梗	gěng	常用汉字 · 11画 · 部首木	(形声。从木,更声。本义:一种树)。刺榆(Hemiptelea davidii)的古名。有刺的草木。草本植物的枝茎。阻塞;阻碍。假借为“抗”。抵御;抗拒。食留咽中。耿直,刚正。强硬;凶猛。大略。
梧	wú	常用汉字 · 11画 · 部首木	屋梁上两头起支架作用的斜柱。古地名。在今河南省荥阳县附近。在今江苏省徐州西部。支撑。违背;抵触。俣俣,魁伟貌。
梢	shāo	常用汉字 · 11画 · 部首木	(形声。从木,肖声。本义:树木的末端)。同本义。树木的枝条。事物的末尾或一段时间的尽头。舵尾。竹竿。一伙人。击,冲激;扫。
梅	méi	常用汉字 · 11画 · 部首木	(形声。从木,每声。本义:楠木)。同本义。梅树 。蔷薇科,落叶乔木,少有灌木。早春开花,后生叶芽。花以白色、淡红色为主。气味清香。核果近球形,未熟时为青色,成熟后一般呈黄色,味极酸。梅树的果实,称酸果,即酸梅子。马鞭。姓。
检	jiǎn	常用汉字 · 11画 · 部首木	(形声。从木,佥(qiān)声。本义:书匣上的标签)。同本义。法式,法度。品行;节操。约束,限制。考查,察验。收敛,约束言行;收聚。
梳	shū	常用汉字 · 11画 · 部首木	(形声。从木,疏省声。本义:梳子) 同本义。用梳整理头发。整理。梳笼;梳拢;梳弄 。指妓女首次按客伴宿。
梯	tī	常用汉字 · 11画 · 部首木	(形声。从木,弟声。本义:便利人上下攀登(尤其建筑物)的用具或设备)。同本义。(梯,名词用如动词,用梯子。)。形状像梯的分级的东西。凭,依着。用梯子攀登 。攀登。谋求 。姓。
桶	tǒng	常用汉字 · 11画 · 部首木	(形声。从木,甬(yǒng)声。本义:量器名)。古量器名。方形斛。同“捅”。
梭	suō	常用汉字 · 11画 · 部首木	(形声。本义:织机的构件) 梭子。织布梭往复的次数。穿梭 。比喻往来频繁,运行快速。悠荡。
救	jiù	常用汉字 · 11画 · 部首攵	(形声。从攴(pū),轻轻敲击,求声。本义:止;禁止;阻止)。同本义。援救别人。治疗。纠正。求助于人。“捄”。
曹	cáo	常用汉字 · 11画 · 部首曰	古代指诉讼的原告和被告。即两曹。古代分科办事的官署或部门。双方;班;组。辈,等于现代汉语中的“们”。古国名。西周的诸侯国。古西域国名。姓。
副	fù	常用汉字 · 11画 · 部首刂	(形声。从刀,畐(fú)声。(pì)本义:用刀剖开。《说文》:“判也。”《诗·大雅》:“不坼不副。”)。相称,符合。交付,付与。非正的(区别于“正”或“主”)。次要的。辅助职务;副手;助手。书籍、文献的副本。副词的简称。姓。
票	piāo piào	常用汉字 · 11画 · 部首示	(会意。本义: 火飞)。同本义。轻举的样子。摇动。迅疾;轻捷。
酝	yùn	常用汉字 · 11画 · 部首酉	(形声。从酉(yǒu),昷(wēn)声。简体字“云”声。从“酉”,与酒有关。本义:酿酒)。同本义。逐渐造成。酒。酒曲。
酗	xù	常用汉字 · 11画 · 部首酉	(形声。从酉(yǒu),凶声。“酉”与酒有关。本义:无节制地喝酒,酒后昏迷乱来)。同本义。撒酒疯。
厢	xiāng	常用汉字 · 11画 · 部首厂	(形声。从厂(hǎn)相声。从厂,与房屋有关。本义:东西廊)。同本义。厢房,在正房前面两侧的房屋。堂屋的东西墙。边;旁。车厢。用同“箱”。箱箧。类似厢的隔间 车厢。镶嵌。用同“镶”。用花边、滚边、带、条子给…装。
戚	qī	常用汉字 · 11画 · 部首戈	(形声。从戉,尗声。戉:(yuè),斧子。本义:古兵器名,斧的一种)。同本义。亦用为舞具。亲属,亲戚。忧愁;悲伤又。亲近,亲密。假借为“促”（cù）。疾速。姓。
硅	guī	常用汉字 · 11画 · 部首石	一种四价的非金属元素,以化合物的形式,作为仅次于氧的最丰富的元素存在于地壳中,通常是在电炉中由碳还原二氧化硅而制得的,主要以合金的形式使用(如硅铁合金),也与陶瓷材料一起用于金属陶瓷中,或用作半导体材料(如在晶体管中)和光生电池的元件 ——元素符号Si。
硕	shuò	常用汉字 · 11画 · 部首石	(形声。从页(xié),石声。页,头。本义:头大)。同本义。引申为大。比喻坚固。学识渊博、德高望重的。
奢	shē shá	常用汉字 · 11画 · 部首大	(形声。从大,者声。本义: 奢侈,不节俭)。同本义。用钱没有节制，过分享受。过分。出色;美好。夸张,夸大。胜过。姓
盔	kuī	常用汉字 · 11画 · 部首皿	(形声。从皿,灰声。本义:钵)。同本义。盂一类容器。首铠。古代战士用以保护头部的帽子。也指消防人员或矿工带的金属帽子。
爽	shuāng shuǎng	常用汉字 · 11画 · 部首爻	——如“肃爽”(sùshuāng):古骏马名。(会意。甲骨文字形,像人左右腋下有火,表示明亮(从于省吾说)。本义:明亮;亮)。同本义。畅快;舒适。明白;明智。开朗;豪爽。开阔;宽阔。差错,失误。丧失;失去。伤败;败坏。
聋	lóng	常用汉字 · 11画 · 部首耳	(形声。从耳,龙声。本义:丧失听觉能力)。同本义。愚昧;不明事理。
袭	xí	常用汉字 · 11画 · 部首龙	(形声。从衣,从两“龙”(tà)省声。本义:死者穿的衣服,衣襟在左边)。同本义。衣一套为一袭。层,重。因袭,照旧搬用。继承。重复。调合;合。袭击,乘其不备,偷偷地进攻。衣上加衣。穿衣。盖。触及;熏染;侵袭。姓。
盛	chéng shèng	常用汉字 · 11画 · 部首皿	放在祭器里的谷物。器皿,如杯、碗之类。春秋时国名 。即郕。故址在今山东省宁阳县东北。整饬;端正。(形声。从皿,成声。(chéng)本义:盛在祭器中的黍稷)。旺盛;兴盛。茂盛。丰盛。盛大;隆重。众,多;极充足。大,高,显赫。美好。范围广大;广泛。极力;表程度深。极点;顶点。赞美。抚育。姓。
匾	biǎn	常用汉字 · 11画 · 部首匚	同“扁”。形体的厚度比长度、宽度小;不圆匾额上面绣字的丝制横幅用竹蔑编成的器具,圆形平底框很浅,用来养蚕或盛粮食
雪	xuě	常用汉字 · 11画 · 部首雨	(会意。从雨,从彗,彗(huì)省声。本义:空气中的水汽,冷却到摄氏零度以下时,就有部分凝结成冰晶,由空中降下,叫做雪)。同本义。借喻白色。比喻高洁。下雪。洗刷,昭雪。擦净;揩干。姓。
辅	fǔ	常用汉字 · 11画 · 部首车	(形声。从车,甫声。本义:车旁横木。辅所以益辐,使之能重载)。同本义。助手。面颊。人的颊骨。旧指京城附近的地方。佐助,从旁帮助。护卫。(bǔ)。捕捉。姓。
辆	liàng	常用汉字 · 11画 · 部首车	(形声。从车,两声。古代的车一般有两个轮子,故车一乘即称一两,后来写作“辆”,总称为“车辆”)。指鞋一双。
颅	lú	常用汉字 · 11画 · 部首页	(形声。从页(xié),盧声。从“页”,表示与头有关。本义:头盖骨)。同本义。头,头颅。额头。
虚	xū	常用汉字 · 11画 · 部首虍	(“墟”的古字)(形声。小篆字。从丘,虍(hū)声。丘,山丘。本义:大土山)。同本义。住所;处所。故城;废址;废墟;荒地。乡村市集。孔洞;空隙。引申为薄弱环节。空际,天空。引申为凌空。指抽象的理论。空虚,与“实”相对。稀少。虚弱。谦虚。虚假,不真实。道教语。指无欲无为的思想境界。使空出。居住。使成为废墟。耗费。徒然,白白地。姓。
彪	biāo	常用汉字 · 11画 · 部首彡	(会意。从虎,从彡(shān)。“彡”,《说文》:“象其文也。”本义:虎身的斑纹)。同本义。借喻为文采。虎,幼虎。旧小说、戏曲里用于队伍。姓。
雀	què qiāo qiǎo	常用汉字 · 11画 · 部首隹	(会意。从小隹。“隹”是短尾鸟的泛称,上加三点表示小。本义:麻雀)。同本义。泛指小鸟,鸟。即‘雀斑’[方言]用于“家雀儿”（jiāqiǎor）、“雀盲眼”（qiǎomángyǎn）。
堂	táng	常用汉字 · 11画 · 部首土	(形声。从土,尚声。“尚”有“高”义。本义:殿堂。高于一般房屋,用于祭献神灵、祈求丰年)。同本义。后泛指房屋的正厅。旧时官府议论政事、审理案件的地方。山上宽阔平坦的地方。高显的样子。
常	cháng	常用汉字 · 11画 · 部首巾	(形声。从巾,尚声。本义:旗)。同本义。裙子。规则,规律。古代长度单位。一丈六尺为常。恒久;长久不变。一般;普通;正常。经常,常常。曾经。
眶	kuàng	常用汉字 · 11画 · 部首目	眼眶。
匙	chí shi	常用汉字 · 11画 · 部首匕	(形声。从匕(bǐ),是声。“匕”食器。本义:古时盛食物的器具。后来的茶匙、汤匙,即由它演变而来)。姓。——如“钥匙”(yàoshì)。
晨	chén	常用汉字 · 11画 · 部首日	(会意。从臼,从辰,辰时也。辰亦声。本义:星名。即房星) 清晨。
睁	zhēng	常用汉字 · 11画 · 部首目	(形声。从目,争声。本义:张开眼睛)。同本义。看,望;瞪。
眯	mī mí mǐ	常用汉字 · 11画 · 部首目	眼皮微微合拢 如:眯着眼睛笑;眯萋(眯睎,眯齐。两眼微合成缝的样子);眯缝(眼皮微合而不全闭)。(形声。从目,米声。(mǐ)本义:灰沙等物入眼) 同本义。
眼	yǎn	常用汉字 · 11画 · 部首目	(形声。从目,艮(gèn)声。本义:眼珠)。同本义。泛指眼睛。耳目;眼线。见证。指孔;洞穴。围棋用语。成片的白子或黑子中间的空心,在这个空心中对手不能下子。
悬	xuán	常用汉字 · 11画 · 部首心	(形声。从心,县声。本作“县”,象断首倒挂,后加“系”。假借为行政区域的“县”后,另加“心”字表示悬挂。本义:吊挂)。同本义。凭空设想;揣测。系连,关联。悬钟、磬等乐器的架子。
野	yě	常用汉字 · 11画 · 部首里	(形声。从里,予声。《尔雅·释言》:“里,邑也。”本义:郊外;野外)。同本义。原野,田野。指民间。与朝廷相对。非家养的;野生的。动物未经人畜养的。植物未经人工种植培养的。不驯服,不受拘束。粗鲁,粗野,野蛮,不文雅。
啪	pā	常用汉字 · 11画 · 部首口	微弱的或轻微的拍打声。
啦	la lā	常用汉字 · 11画 · 部首口	是语气词“了”(le)和“啊”(a)的合音,兼有语气词“了”和“啊”的作用。用在句末表示喜悦、赞叹、惊奇、气愤。用在句末,表示情况已经变化或将要出现新的情况。用在句末,表示肯定、解释、劝止。用在句末,表示疑问。用在列举的事项之后,表示停顿。闲扯,闲谈
曼	màn	常用汉字 · 11画 · 部首曰	(形声。小篆字形,从又,冒声。又,手。从“又”与手的动作有关。本义:长)。同本义。柔美;细润。延长;拉长。没有。蔓延。古时对南方少数民族的泛称。
晦	huì	常用汉字 · 11画 · 部首日	(形声。从日,每声。本义:阴历每月的最后一天)。同本义。夜;晚。昏暗。义理深微;隐晦;含蓄。草木凋零。
晚	wǎn	常用汉字 · 11画 · 部首日	(形声。从日,免声。本义:傍晚;黄昏)。同本义。夜晚。晚年。旧时官场后辈对前辈、下级对上级称晚生,简言曰晚。多用于书信。时间靠后。属于或关于时间上或发展上的后期阶段的。迟,在规定的、通常的或恰当的时间以后来的或做的。
啄	zhuó	常用汉字 · 11画 · 部首口	(形声。从口,豖(chù)声。本义:鸟用嘴取食)。同本义。又。敲击。咬。
啡	fēi	常用汉字 · 11画 · 部首口	——见“咖啡”(kāfēi)、“吗啡”(mǎfēi)。
距	jù	常用汉字 · 11画 · 部首足	(形声。从足,巨声。本义:鸡爪)。同本义。距离。倒刺。古代兵器锋刃上的倒刺。钓钩上的倒刺。抗拒;抵御。拒绝。离;距离。至,到达。
趾	zhǐ	常用汉字 · 11画 · 部首足	(形声。从足,止声。古所谓趾,指足,不指脚趾。脚指叫做指,趾是“止”的后起字。本义:脚)。同本义。脚指头。支撑器物的脚。基址。
啃	kěn	常用汉字 · 11画 · 部首口	(形声。从口,肯声。本义:用牙齿剥食坚硬的东西)。坑,害。咳嗽声。“龈”。
跃	yuè	常用汉字 · 11画 · 部首足	(形声。从足,翟(dí)声。本义:跳跃)。同本义。
略	lüè	常用汉字 · 11画 · 部首田	(形声。从田,各声。本义:封疆土地)。同本义。巡视;巡行。抢劫;夺取。又。忽略。又 如: 略迹原心(撇开表面的事实,而从其用心上加以原谅);略迹论心(撇开表面的事实而评论其用心)。省去;省略。疆界。要点;概要;概况。谋略。简明、简洁;简略。锋利。大约,大致。全;皆。简略地;稍微。
蚯	qiū	常用汉字 · 11画 · 部首虫	环节动物，身体细长柔软，生活于土中，以带有机物的土壤为食，使土壤疏松，对农作物有益。可作鱼和家禽的食饵，可入药。
蛀	zhù	常用汉字 · 11画 · 部首虫	(形声。从虫,主声。本义:蛀虫)。同本义。蠹蚀;被蛀虫咬坏。
蛇	shé yí	常用汉字 · 11画 · 部首虫	(形声。从虫,它声。本写作“它”。甲骨文字形,是象形字。本义:一种爬行动物)。同本义。象征国君、君子等。——见“委蛇”(wēiyí)。
唬	hǔ xià	常用汉字 · 11画 · 部首口	虚张声势、夸大事实来吓人。恐惧,害怕。
累	léi lěi lèi	常用汉字 · 11画 · 部首糸	(形声。从糸(mì),表示与线丝有关,畾(雷)声。本义:绳索)。同本义。也作“缧”。重叠;接连成串。拘系;捆绑。(会意。字本象土块相积之形;从糸(mì),细丝,织物由细丝积累而成,因而也取积累的意思。隶变以后写作“累”。本义:堆积,积聚)。同本义。又。玷污。连续;多次。(累:屡次。今有双音词“累次”。召:被征召。应:应召)。姓。罪行;过失。
鄂	è	常用汉字 · 11画 · 部首阝	古地名。湖北省的简称 。因清代省会武昌是隋以后鄂州的治所而得名。边界。惊愕。花托。
唱	chàng	常用汉字 · 11画 · 部首口	(形声。从口,昌声。“唱”字经传以“倡”为之。本义:领唱)。同本义。倡导;发起
患	huàn	常用汉字 · 11画 · 部首心	(形声。从心,毌guàn)声。“串”即“毌”(贯)字。本义:担忧,忧虑。同本义。憎恶;讨厌;厌烦。苦于。祸患,祸害。疾病;毛病。
啰	luō luó luo	常用汉字 · 11画 · 部首口	a.说话絮絮叨叨；b.办事不痛快，使人感觉麻烦。啰唣放在句末,表示一种情况或感情。用在句末表示情况的变化。表示赞叹。表示祈使。用在句末,表示肯定。
唾	tuò	常用汉字 · 11画 · 部首口	(形声。从口,垂声。本义:口液,唾沫) 同本义。吐唾沫。拖长。表示鄙弃不乐的样子。
唯	wéi	常用汉字 · 11画 · 部首口	(形声。从口,隹(zhuī)声。本义:急声回答声) 同本义。只有,只是。以,因为。表示希望、祈使。表示听任、任随 。常和“所”搭配。虽然,纵使 ——表示让步关系。表示肯定。用于句首,无实义。
啤	pí	常用汉字 · 11画 · 部首口	(德语 beer 的音译)。
啥	shá	常用汉字 · 11画 · 部首口	[方言]什么
啸	xiào	常用汉字 · 11画 · 部首口	(形声。从口,肃声。本义:撮口作声,打口哨)。同本义。呼召,号召。鸟兽等的长声鸣叫。
崖	yá	常用汉字 · 11画 · 部首山	(形声。从山,厓(yá)声。本义:岸;水边)。同本义。
崎	qí	常用汉字 · 11画 · 部首山	(形声。从山,奇声。本义:崎岖,地面高低不平的样子)。同本义。险峻。
崭	zhǎn	常用汉字 · 11画 · 部首山	(形声。从山,斩声。双音词“崭岩”。本义:山高而险峻的样子)。同本义。
逻	luó	常用汉字 · 11画 · 部首辶	(形声。从辵(chuò),表示与行走有关,罗声。本义:巡察,巡逻)。同本义。遮拦。用同“捋”。
崔	cuī	常用汉字 · 11画 · 部首山	(形声。从山,隹(zhuī)声。本义:高大)。同本义。春秋时齐国邑名,在今山东省章丘县西北。
帷	wéi	常用汉字 · 11画 · 部首巾	(形声。从巾,隹(zhuī)声。从巾,与丝织品有关。“帷”是帷幕。本义:围在四周的布幕) 同本义。用幕布遮挡。
崩	bēng	常用汉字 · 11画 · 部首山	(形声。从山,朋声。本义:山倒塌)。同本义。崩裂;倒塌。古代把天子的死看得很重,常用山塌下来比喻,由此从周代开始帝王死称“崩”。崩溃;垮台;败坏。破裂,迸裂。血崩,指妇科“崩症”。
崇	chóng	常用汉字 · 11画 · 部首山	(形声。从山,宗声。本义:山大而高)。同本义。高;高大。高贵。兴盛。尊崇,推崇。充满。终,尽
崛	jué	常用汉字 · 11画 · 部首山	(形声。从山,屈声。本义:高起,突起)。同本义。
婴	yīng	常用汉字 · 11画 · 部首女	(会意。从女,賏(yīng)。“賏”是颈项链。本义:妇女颈饰,似现代的项链)。同本义。初生的女孩。亦泛指初生儿。系到颈上;戴。缠绕,反复盘绕其上。触犯。绕,围绕。遭受;遇。
圈	juān juàn quān	常用汉字 · 11画 · 部首囗	把禽畜关在栅栏里。闷在;关闭。(形声。从囗(wéi,表示被围),卷声。本义:家畜的小围栏)。同本义。国,城邑。曲木做成的饮器。注:“屈木所为,谓厄匜之属。”。圈子,环行物。区域;范围。用圈作记号。
铐	kào	常用汉字 · 11画 · 部首钅	(形声。从金,考声。本义:手铐) 同本义戴上手铐
铛	chēng dāng	常用汉字 · 11画 · 部首钅	烙饼或做菜用的平底浅锅。锒铛。锁系囚人的铁索。女子的耳饰。钟鼓的声音。
铝	lǚ	常用汉字 · 11画 · 部首钅	带蓝色的银白色三价金属元素,延展性好,有韧性并能发出——元素符号Al。
铜	tóng	常用汉字 · 11画 · 部首钅	(形声。从金,同声。本义:金属名,古称赤金)。同本义。铜铸的货币。也用以泛指金钱。铜制乐器。铜印。铜镜。
铭	míng	常用汉字 · 11画 · 部首钅	(形声。从金,名声。从金,与钟鼎器物有关。本义:在器物上雕刻文字)。同本义。牢记不忘。为着确立持久的或公开的记载而刻写或题写的文辞(古多刻于钟鼎,秦汉以后有的刻在石碑上)。
铲	chǎn	常用汉字 · 11画 · 部首钅	(形声。从金,产声。本义:用以铲削的铁器)。铲子。古兵器。形似铲。削平;铲除。
银	yín	常用汉字 · 11画 · 部首钅	(形声。从金,艮(gèn)声。本义:一种白色金属,通称银子)。同本义 。一种白色的金属元素,能发出响亮声音,有延展 性和良好的韧性,可达到高度抛光状态,在化合物中主要以一价形式存在,是所有物质中具有最高导热性和导电性的物质,在自然界中以自生式共生状态(如在脆银矿、辉银矿、淡红银矿、深红银矿和角银矿中)存在——元素符号Ag。
矫	jiǎo jiáo	常用汉字 · 11画 · 部首矢	(形声。从矢,乔声。本义:把箭杆揉直的一种器具。引申为“正曲使直”)。把弯曲的物体弄直。匡正;纠正。假托;诈称。高举。拂逆,违背。飞。勇武的样子。[方言] 指强词夺理，无理取闹
甜	tián	常用汉字 · 11画 · 部首甘	(会意。从甘,从舌。舌头能品尝甜味。本义:味甘)。像糖或蜜的味道。比喻幸福;快乐 。美好 。形容睡得酣畅 。指美言 。酣睡,熟睡。
秸	jiē	常用汉字 · 11画 · 部首禾	(形声。从禾,皆声。农作物的茎杆。如:麦秸) 谷物脱粒后的茎杆 。如:秸子;秸杆;秸席(禾秆做的席子。古代祀神时所用)。
梨	lí	常用汉字 · 11画 · 部首木	(形声。从木,利声。梨为棃的俗字。本义:木名。果实也称梨)。同本义。落叶乔木,叶子卵形。花多白色,果子多汁,可食。如:梨枣(古代印书的木刻板。因多用梨木、枣木刻成,故称);梨栗(梨树和栗树);梨云(梨雪,梨英,梨霜,梨蕊,梨花。梨树的花,一般为纯白色)。又指梨树的果实。如:梨果(梨子);梨头(小梨);梨条(用梨子所做的条状果脯);梨干(梨子加工制的果干)。黎民,人民。黑;年老 。指老人面色如冻梨。割。
犁	lí	常用汉字 · 11画 · 部首牛	(形声。从牛,利声。本义:牛耕)。同本义。及,等到。耕地的农具。我国春秋时代,就已用牛拉犁耕田。黑(在黑的意义上,黧、黎、犁实同一词)。众多之意。姓。
秽	huì	常用汉字 · 11画 · 部首禾	(形声。从禾,岁声。本义:荒废;长满野草)。同本义。弄脏,弄污。杂乱。肮脏;污浊。罪过。
移	yí	常用汉字 · 11画 · 部首禾	(形声。从禾,多声。本义:移秧)。同本义。泛指移植。假借为“迻”。移动。转移。变动;改变。
笨	bèn	常用汉字 · 11画 · 部首竹	(形声。从竹,本声。本义:竹里。指竹的内表面) 竹子的内层。通称“竹黄”。
笼	lóng lǒng	常用汉字 · 11画 · 部首龙	(形声。从竹,龙声。本义:竹笼)。用竹片编成的盛物的器具。又。饲养鸟、虫、家禽等的笼子。生火。在袖内藏东西。笼罩;遮掩。包括;包罗。
笛	dí	常用汉字 · 11画 · 部首竹	(形声。从竹,由声。本义:笛子,管乐器名,竹制,左一孔为吹口,次孔加竹膜,右六孔皆上出,又谓之横吹)。同本义。
笙	shēng	常用汉字 · 11画 · 部首竹	(形声。从竹,生声。本义:簧管乐器) 同本义。
符	fú	常用汉字 · 11画 · 部首竹	(形声。从竹,付声。从“竹”,表示与竹子有关。本义:古代朝廷传达命令或调兵将用的凭证,双方各执一半,以验真假)。符信。征兆。符箓,旧时道士用来驱鬼召神或治病延年的神秘文书。莩甲。草木种子外皮。符合;相同。姓。
第	dì	常用汉字 · 11画 · 部首竹	(形声。从竹,弟声。本写作“弟”。本义:次第,次序)。同本义。有时也用于数字前表示次序。大官的住宅。本指古代按一定品级为王侯功臣建造的大宅院,后也通称上等房屋为第。科第。科举时代考试合格列入的等第。也指取得的功名。仅;只;只是;尽管;只管。
敏	mǐn	常用汉字 · 11画 · 部首攵	(形声。从攴(pū),每声。甲骨文字形,像用手整理头发的样子。本义:动作快)。同本义。思想敏锐,反应快。勤勉。假借为“拇”。足大指。
做	zuò	常用汉字 · 11画 · 部首亻	(“做”是“作”后起的分别字,“作”近代写作“做”)。作。从事某种工作或活动。制作,制造。充当。斗,争斗。杀害,谋害。代,替。定价;算作。
袋	dài	常用汉字 · 11画 · 部首衣	(形声。从衣,代声。本义:有口的盛器,囊属。也指衣袋) 同本义。
悠	yōu	常用汉字 · 11画 · 部首心	(形声。从心,攸(yōu)声。本义:忧思)。同本义。做事从容不迫。长;远。飘扬的样子。闲适的样子。众多。
偿	cháng	常用汉字 · 11画 · 部首亻	(形声。从人,赏声。本义:归还,赔偿)。同本义。补偿,抵偿。
偶	ǒu	常用汉字 · 11画 · 部首亻	(形声。从人,禺声。禺,通常读yù,又音ǒu。本义:仿人形制成的木偶)。同本义。伙伴;同伴;与人共处。配合。匹对;配偶。假借为“遇”。遇合,得到赏识。相对。偶然;偶尔。
偎	wēi	常用汉字 · 11画 · 部首亻	(形声。从人,畏声。本义:亲近)。同本义。依傍,紧靠着。哄;安慰;劝导。
偷	tōu	常用汉字 · 11画 · 部首亻	(形声。从人,俞声。本义:苟且;马虎)。同本义。浅薄;不厚道。轻视。取。窃取。盗窃他人钱物的人。
您	nín	常用汉字 · 11画 · 部首心	注意:用于多数时不加词尾“们”,两个人称“您俩”或“您二位”,三个人称“您仨”或“您三位”,三个人以上称“您诸位”。
售	shòu	常用汉字 · 11画 · 部首口	(形声。从口,雔省声。雔(chóu)。本义:卖出去)。同本义。买。引申为酬谢。推行;施展。指女子得嫁。考试得中。
停	tíng	常用汉字 · 11画 · 部首亻	(形声。从人,亭声。本义:停止,止息)。同本义。停留,暂时居住。停放;停泊。蓄积 。抚育 。耸立 。停滞 。成数,总数分成几份,其中一份叫一停 。行人停留宿食的处所 。停当。妥贴;妥当 。平均的 。正值。
偏	piān	常用汉字 · 11画 · 部首亻	(形声。从人,扁声。本义:不正,倾斜)。同本义。边远。片面,侧重于某一方面或某一部分。偏私;不公正;不公平。假借为“遍”。普遍。扁舟,小船。疾飞,飘扬。部属。配偶的一方。倾侧。表示时间,相当于“正的”、“恰巧”。
躯	qū	常用汉字 · 11画 · 部首身	(形声。从身,区声。本义:身体)。同本义。身孕。“躯口”的省称。宋元时代女真族和蒙古族称被俘获并强迫服劳役的汉族人为“躯口”。身体的数目。
兜	dōu	常用汉字 · 11画 · 部首儿	兜鍪,即胄,古代头盔名。迷惑;受蒙蔽。包裹;围绕;环绕。用瓢勺等取东西。
假	jiǎ jià xiá	常用汉字 · 11画 · 部首亻	(形声。从人,叚(jiǎ)声。“叚”亦兼表字义。本义:不是真的)。同本义(跟“真”相反)。代理,非正式。借。兼指借出和借入。租赁;雇佣。凭借。授予;给予。宽容;宽饶。赞美,表彰。假设,如果。暂且;权宜。当。休假。远。
衅	xìn	常用汉字 · 11画 · 部首血	(会意。从爨省,爨(cuàn),灶。从酉(yǒu),与酒有关,表祭祀。分,表示分布。合起来表杀牲以祭。本义:古代血祭新制的器物。杀牲,用其血涂于器物缝隙中来祭祀)。同本义。涂。缝隙;裂痕。祸患;祸乱。罪过。过失。争端。引起争执的事端。征兆。
徘	pái	常用汉字 · 11画 · 部首彳	(形声。从彳,非声。彳读chì,表示小步行走)。
徙	xǐ	常用汉字 · 11画 · 部首彳	(形声。从辵(chuò),止声。本义:迁移)。同本义 (平行或由上而下的移动)。改变,变化。贬谪。搬走,搬开。调职。
得	dé de děi	常用汉字 · 11画 · 部首彳	(会意。金文字形,右边是“贝”(财货)加“手”,左边是“彳”,表示行有所得。手里拿着财货,自然是有所得。本义:得到,获得)。同本义(本来没有而争取得来成为己有)。找到。得知。捕获。成功;完成。适,合。具备。,恩惠,感恩。助动词。能,能够。得意,满足。看到。收获,心得。德,道德,有德之人。必须,应该。合适;正确。绝对必要或应当去做。
衔	xián	常用汉字 · 11画 · 部首行	口含。怀藏。奉接,接受。把两物互相接起来或缚住。包含,蕴含。
盘	pán	常用汉字 · 11画 · 部首皿	(形声。从皿,般声。皿,盘碗一类器具。本义:盘子,浅而敞口的盛物器)。同本义。古代的一种盥洗用具。大石。礼物。订婚时男方送给女方的彩礼。系于腰间盛手巾等的小囊。围绕;缠绕。盘问,盘查。攀爬。徘徊,逗留。盘曲,回绕。姓。
舶	bó	常用汉字 · 11画 · 部首舟	(形声。从舟,白声。本义:大船,海船) 同本义。
船	chuán	常用汉字 · 11画 · 部首舟	(形声。本义:水运工具。古称舟)。同本义。用船运载。
舵	duò	常用汉字 · 11画 · 部首舟	(形声。从舟,它声。本义:船尾用以控制行向的装置) 同本义。也作柁、杕
斜	xié	常用汉字 · 11画 · 部首斗	(形声。从斗,余声。本义:用斗倒出)。舀出。侧着移动,向偏离正中或正前方的方向移动。不正,歪斜。不专诚。巷。
盒	hé	常用汉字 · 11画 · 部首皿	(形声。从皿,合声。从“皿”,表示与器皿有关。本义:底盖相合的盛器) 同本义。
鸽	gē	常用汉字 · 11画 · 部首鸟	(形声。从鸟,合声。本义:鸽子) 同本义。
敛	liǎn	常用汉字 · 11画 · 部首攵	(形声。从攴(pū),佥(qiān)。本义:收集,聚集)。同本义(收集的对象是物,常是财物)。收获。征收。收缩;退缩。如又:敛额(皱眉);敛退(退缩);敛策(收束马鞭。比喻隐退不仕);敛手(缩手不敢乱动)。入殓。收敛,约束言行。整肃;整理。赋税。
悉	xī	常用汉字 · 11画 · 部首心	(会意。从心,从采。采（biàn）,辨别。心中加以辨别,很详细。本义:详尽) 同本义。详尽地叙述。详尽的知道,了解。尽其所有。
欲	yù	常用汉字 · 11画 · 部首欠	(形声。从欠,谷(yù)声。“欠”表示有所不足,故产生欲望。本义:欲望;嗜欲) 同本义。想要;希望。爱好;喜爱。
彩	cǎi	常用汉字 · 11画 · 部首彡	(形声。从彡(shān),采声。从“彡”表示与图画、文饰相关。本义:文采,文章才华)。同本义。彩色的丝织品。又作“綵”。指某些赌博、竞赛等赢得的财物。彩色,各种颜色。得好运。
领	lǐng	常用汉字 · 11画 · 部首页	(形声。从页(xié),令声。从“页”,表示与头有关。本义:脖子)。同本义。领子,衣领。山道,山坡统领,居上领导指挥。带领;引导。兼任。治理。理解, 懂得。接受, 受取。美好。
脚	jiǎo jué	常用汉字 · 11画 · 部首月	(形声。从肉,却声。本义:胫,小腿)。同本义。足的别称。某物的底座(作为它的支承部件)。帮手。传统戏曲中的人物类型。
脖	bó	常用汉字 · 11画 · 部首月	(形声。从肉,孛(bèi)声。本义:颈项。俗称脖子)。同本义。
脯	fǔ pú	常用汉字 · 11画 · 部首月	(形声。从肉,甫声。本义:干肉)。同本义。制干肉。
豚	tún	常用汉字 · 11画 · 部首豕	(会意。小篆作字形从彖省。彖(shǐ),猪。从手(又)持肉,用于祭祀。本义:小猪,猪)。同本义。
脸	liǎn	常用汉字 · 11画 · 部首月	(形声。从肉,佥(qiān)声。古代表示人的整个面部用“面”。“脸”字在魏晋时期才出现,只表示两颊的上部,到了唐宋时期,口语中才用“脸”表示整个面部。本义:两颊的上部)。同本义。脸面,人头的前部,包括下巴、嘴、鼻、颊、眼,且通常包括前额。指某些物体的前部。脸色;脸上的表情。
脱	tuō	常用汉字 · 11画 · 部首月	(形声。从肉,兑(duì)声。本义:肉去皮骨)。同本义。离;脱离。脱落;掉落。脱下,取下。逃。失去;散落,缺漏。照着描画;临摹。过去。冒出,说出。指病情突变、阴阳相离而致生命垂危的病理及其症候。又指中风脱证。表示频度,相当于“偶尔”。表示推断,相当于“或者”。表示假设,相当于“倘若”。洒脱;放任。疏忽,轻漫。
象	xiàng	常用汉字 · 11画 · 部首豕	(象形。甲骨文字形,突出其长鼻。本义:大象,一种哺乳动物)。象科的,特别是象属(Elephas)和非洲象属(Loxodonta)的体型极大而粗重的几乎无毛的四足动物。象牙的省称。人的外貌。肖像,用水墨画、油画、素描或其他绘画手法描绘的人面部的像。象征。形状;样子;景象。法,法令。道理。假借为“像”。类似;好像。摹拟。描绘。效法。想像。
够	gòu	常用汉字 · 11画 · 部首夕	(形声。从多,句(gōu)声。本义:聚,多) 同本义。手等达到,触及。
逸	yì	常用汉字 · 11画 · 部首辶	(会意。从辵(chuò)兔。兔子善于奔逃。本义:逃跑)。同本义。奔跑。超越。释放;从约束、禁闭、奴役下释放出来。隐逸,退出社会而隐居起来。散失,亡失。闲适;安乐。疾速。放纵;荒淫。
猜	cāi	常用汉字 · 11画 · 部首犭	(形声。从犬,青声。本义:疑恨;忌恨)。同本义。揣测;推测。起疑心。怀疑;疑心。
猪	zhū	常用汉字 · 11画 · 部首犭	猪只 ,组成猪科(Suidae)的各种哺乳动物的任一种,四肢短小,尾短,体毛稀疏,鼻面短凹或平直,耳大下垂或前挺,被毛较粗,有黑、白或黑白花等色,汁腺不发达,热时喜浸水散热;特指家养种的成员。水积聚。
猎	liè	常用汉字 · 11画 · 部首犭	(形声。从犬,巤(liè)声。本义:打猎,捕捉禽兽)。同本义。搜求,追求。夺取。踩,践踏。越过;掠过。用手捋齐。
猫	māo máo	常用汉字 · 11画 · 部首犭	家猫,久已被人类驯养的一种食肉类动物 ,通常被认为是一个独立的种,虽然可能是由几种旧大陆的小型野猫的杂交后代中通过自然选择而最后衍生的,有一些变种,主要的区别在于皮毛的长短,体形以及尾的有无。姓。
凰	huáng	常用汉字 · 11画 · 部首几	中国古代传说中的鸟名,雄的叫“凤”,雌的叫“凰”
猖	chāng	常用汉字 · 11画 · 部首犭	猖狂的人。
猛	měng	常用汉字 · 11画 · 部首犭	(形声。从犬,孟声。本义:健壮的狗) 同本义。凶恶可怕。勇猛;威猛。猛烈(强烈;刚烈)。忽然,突然。非常,甚。
祭	jì zhài	常用汉字 · 11画 · 部首示	(会意。甲骨文字形,左边是牲肉;左边是“又”(手);中间象祭桌。表示以手持肉祭祀神灵。古人杀牲,一是为自己吃,再就是常把牲肉放在祭台上,“祭”字就是有酒肉的祭祀,即牲祭。本义:祭祀)。同本义。姓。
馅	xiàn	常用汉字 · 11画 · 部首饣	被包裹的人或物。
馆	guǎn	常用汉字 · 11画 · 部首饣	(形声。从食,官声。“馆”,供宿供膳,所以从“食”。它的异体字作“舘”,说明“馆”属于房舍一类。本义:高级客舍,宾馆)。同本义。房舍华丽的。官署、学塾、书房、商坊、展览处所等都可命名为馆。住,住宿。
凑	còu	常用汉字 · 11画 · 部首冫	(形声。从水,奏声。本义:水流会合)。同本义。聚集。奔向;趋。
减	jiǎn	常用汉字 · 11画 · 部首冫	(形声。从水,咸声。本义:减少,由全体中去掉一部分)。同本义。不足;不到;少于。诛,杀。降低;减轻。
毫	háo	常用汉字 · 11画 · 部首毛	(毫为豪的俗字。形声。从毛,高省声。本义:长而尖的毛)。同本义。毛笔的头部;毛笔。比喻极细小的东西,细微。单位名。长度单位,等于千分之一寸或1/30毫米。重量单位,等于千分之一钱或0.005克。
烹	pēng	常用汉字 · 11画 · 部首灬	(形声。从火,亨声。本义:烧煮)。同本义。
庶	shù zhù	常用汉字 · 11画 · 部首广	众多。各种。几乎,将近,差不多。百姓;平民。庶子,非嫡配所生的孩子;宗族的旁支。也许;或许。幸而,幸得。但愿,希冀。姓。煮。
麻	má mā	常用汉字 · 11画 · 部首麻	(会意。从广(yǎn),从林(fèi)。广表示房子,林指削制的麻皮。合而表示在家里劈麻,进行剥制。本义:麻类植物的总名。古代专指大麻) 同本义 。桑科,一年生草本,雌雄异株。茎部韧皮纤维长坚韧,可供纺织。有大麻、亚麻、苎麻、黄麻、剑麻、蕉麻等,俗称“火麻”。麻的茎皮纤维。麻布丧服,亲属死后穿的白色麻布衣服。代指唐宋时的诏书 ,因为是用黄、白麻纸写的,故名。脸部皮肤的痘瘢,俗称麻子脸。形容众多,混乱。穿丧服。麻木。姓。天色
庵	ān	常用汉字 · 11画 · 部首广	(闇的俗字作庵或菴)。圆顶草屋。尼姑的住所。庙宇。
痊	quán	常用汉字 · 11画 · 部首疒	病除;病愈。
痒	yǎng	常用汉字 · 11画 · 部首疒	(形声。从疒(chuáng),养声。本义:一种皮肤不适、引人欲搔的感觉)。形容某些难以抑制的强烈愿望。
痕	hén	常用汉字 · 11画 · 部首疒	(形声。从疒(chuáng),表示与疾病有关,艮(gèn)声。本义:疮伤痊愈后留下的疤)。同本义。泛指痕迹。
廊	láng	常用汉字 · 11画 · 部首广	(形声。从广(yǎn),郎声。从“广”,表示与房屋有关。本义:厅堂周围的屋)。同本义。走廊。
康	kāng	常用汉字 · 11画 · 部首广	(会意。康为穅的本字。从禾,康声。本义:谷皮;米糠)。同本义。五路通达的大路,泛指大路。安乐,安定。健康。太平;安宁。丰足;富裕。四通八达的;四面八方的。空。褒扬;赞美。使安定。姓。
庸	yōng	常用汉字 · 11画 · 部首广	(会意。小篆字形。从用,从庚。“庚更”同音,表更换。先做某事,然后更换做别的事。本义:用;需要)。同本义。靖潜庸回。——《左传·文公十八年》。常与否定副词“无”、“勿”、“弗”连用。任用。受雇用,出卖劳动力。酬其功劳。平常。平庸。昏庸,庸下。功勋。受雇用的人。劳苦。受雇者的工钱。古国名,在今湖北省。或许,大概。表示反问,可译为“难道”、“岂”、“哪里”。姓。
鹿	lù	常用汉字 · 11画 · 部首鹿	(象形。甲骨文字形,象鹿的头角四足之形。本义:鹿科动物的总称。种类很多,通常雄鹿有角)。同本义。比喻政权,爵位。方形粮仓。山脚。竹箱。姓。
盗	dào	常用汉字 · 11画 · 部首皿	(会意。甲骨文字形,意思是:看到人家的器皿就会贪婪地流口涎,存心不善。本义:盗窃,偷东西)。同本义。抢掠劫持。私通。偷盗财物的人(先秦两汉用“盗”)。抢劫财物的人,强盗。偷偷地,暗中地。
章	zhāng	常用汉字 · 11画 · 部首立	(会意。从音十。音指音乐,“十”是个位数已终了的数,合起来表示音乐完毕。本义:音乐的一曲)。同本义。今称“乐章”。棵;根。在绘画或刺绣上,赤与白相间的花纹叫“章”。红白相间的丝织品。文章。诗歌的段落。亦指文章的段或篇。法规;规章。法律条目。印章。标记;徽章。指旌旗。奏章,臣下呈给皇上的书面报告。大木材。彰明,明显,显著。条理化。显示;表明。彰明,表彰。上奏章告发。姓。
竟	jìng	常用汉字 · 11画 · 部首立	(会意。从音,从人。本义:奏乐完毕)。同本义。泛指结束,完毕。追究。终于;到底。竟然;倒。含出乎意料之意。全部;完全;整个。
商	shāng	常用汉字 · 11画 · 部首口	(会意。从阩,章省声。本义:计算,估量)。同本义。引申为商议,商讨;商量。经商,贩卖货物。揣测,臆度。商业。商人。秋季 。古人把五音与四季相配,商音配秋,因以商指秋季。春秋时诸侯国宋的别称 。周灭商后,封商贵族微子的后代于宋,故宋又称商。象声词。铃摇击的声音。星宿名,指心宿。篇章,乐竟为一章,引申为诗文的篇章。
族	zú	常用汉字 · 11画 · 部首方	(会意。本义:箭头)。同本义。家族,氏族。姓氏,表明家族、宗族系统的称号。古代百家为一族。品类,种类。筋骨交错聚结的地方。灭族。把。丛聚。众多。
旋	xuán xuàn	常用汉字 · 11画 · 部首方	同本义。返回或归来。绕行。小便。圆。圈儿。东汉时地名,即“旋门关” 。故址在今河南省荥阳县西汜水镇西南。立即,随即。同时进行。逐渐。随意,漫然。姓。转轴。温酒器。通称“旋子”。茶炊。铜锡盘。回旋着切削。用旋温酒。屡次,常常。
望	wàng	常用汉字 · 11画 · 部首月	(会意。甲骨文字形,上面是“臣”象眼睛,下面是“壬”(tǐng)。象一个人站在土地上远望。小篆又加“月”字,表望的对象。本义:远望)。同本义。遥祭,指古代帝王祭祀山川、日月、星辰。希望,期望。看望。比较。怨恨,责怪。接近。名望。希望;盼望。望日,夏历每月十五,天文学上指月亮圆的那一天。边际。仪容。有名的人。窗口。唐代行政区划的等级之一。
率	lǜ shuài	常用汉字 · 11画 · 部首玄	规格;标准。古重量名。(象形。甲骨文字形,象捕鸟的丝网。本义:捕鸟的丝网)。同本义。榜样;表率;楷模。领导者,统帅,首领。部队。用网捕鸟兽。率领;带领劝导;引导。遵行;遵循。沿着;顺着。顺服;顺从。类似。草率:轻率。急速。直率;坦率。粗鲁。皆,都。大约,大概。一般说来。自,由,从。姓。
阎	yán	常用汉字 · 11画 · 部首门	(形声。从门,臽(xiàn)声。本义:内巷内的门,亦指里巷)。同本义。姓。
阐	chǎn	常用汉字 · 11画 · 部首门	(形声。从门,单声。本义:开,打开)。同本义。开辟;开拓。讲明白。
着	zhāo zháo zhe zhuó	常用汉字 · 11画 · 部首目	(著的俗字)。放置。安顿。围棋的下子;下棋落子。为达到某种目的而采取的一步;策略。是;对 。用于答语,表示同意。燃烧。遇;受到。觉得。中,恰好合上。得当,对。用在动词后,表示已经达到目的或有了结果。用在谓语之后,表示动作正在进行或状态的持续。用在句末,表示命令、祈使或一般告语。用在某些名词后,表示“呢”。(着为著的俗字)。穿。附着;加…于上。又。接触;挨上。安置,放置。差使;打发。关切。生长;增添。用。开。结。命令 。旧时公文用语。助词。用于动词之后。泛指服装。酒器。
羚	líng	常用汉字 · 11画 · 部首羊	羊名。羚羊 ,毛灰黄色,柔软细密。角可入药。小羊。
盖	gài gě	常用汉字 · 11画 · 部首皿	(形声。从艸,盍(hé)声。本义:用芦苇或茅草编成的覆盖物)。苫,用茅草编成的遮盖物,可以蔽体或覆屋顶。雨伞。车篷。容器的盖子。(hé)。门扇。遮蔽;掩盖;引申为概括。引申为胜过、超出。(hài)。伤害,杀害。关闭。因为,由于。发语词。表示推测,相当于“大约”、“大概”。却,则。(hé)。何。何不。古地名 。战国齐盖邑,汉置盖县,北齐废。故城在今山东省沂水县西北。
眷	juàn	常用汉字 · 11画 · 部首目	(形声。本义:回头看)。同本义。思慕,眷恋。
粘	nián zhān	常用汉字 · 11画 · 部首米	(形声。从米,占声。本义:具有粘性)东西互相附着连结在一起
粗	cū	常用汉字 · 11画 · 部首米	(形声。从米,且声。本义:糙米)。同本义。粗粮。中国古代哲学范畴,指事物的表面现象。不精,粗糙。粗疏;粗略。刚,才。
粒	lì	常用汉字 · 11画 · 部首米	(形声。从米,立声。本义:米粒,谷粒)。养活。成。
断	duàn	常用汉字 · 11画 · 部首斤	(会意。本义:截断,截开)。同本义。断开;断绝。拦截;拦劫。判断;裁决。分;区分;划分。斩杀,宰杀。绝对;一定。
剪	jiǎn	常用汉字 · 11画 · 部首刀	(形声。从刀,前声。本义:用剪刀铰断)。同本义。本作“前”,通作“翦”,俗作“剪”。砍伐 ;截断。除灭。杀戮。拦截。扫;挥动。辩白,驳斥。交刀,剪刀。
兽	shòu	常用汉字 · 11画 · 部首丷	(象形。小篆字形。上象耳,中象头,下象足踩地。兽本是禽兽的总称。古另有“獸”字,指捕捉禽兽的活动。二字通用。本义:禽兽的总称)。四足的哺乳动物,多指野兽。干肉。比喻野蛮、残忍。
焊	hàn	常用汉字 · 11画 · 部首火	焊接 。用低熔点的合金于熔后流过洁净之金属面,冷却后,可使各种金属互相接合,叫做銲。俗作焊。
焕	huàn	常用汉字 · 11画 · 部首火	(形声。从火,奂(huàn)声。本义:火光) 同本义。光亮,鲜明。
清	qīng	常用汉字 · 11画 · 部首氵	(形声。从水,青声。“青”,碧绿透彻,也有表意作用。本义:水清)。同本义。与“浊”相对。清洁;洁净;纯洁。清明。清凉。清冷,凄清。清平;太平。寂静。清雅高尚。清白。清静;恬静。清正。清廉。又如:清鲠(清廉鲠直):清俭(清廉俭朴);清头(清廉);清己(以清廉之德要求自己);清公(清廉公正)。清香、清馨、清醇。无余。纯粹。朝代名 。公元1616—1911年,满族人爱新觉罗·努尔哈赤所建。初名后金,1636年改为清。1644年入关,定都北京。滤去酒糟的甜酒。粪槽,厕所。清除。付款结 。 如: 帐清了吗。姓。
添	tiān	常用汉字 · 11画 · 部首氵	(形声。从水,忝声。本义:增加,增补)。同本义 。。
鸿	hóng	常用汉字 · 11画 · 部首鸟	(形声。从鸟,江声。本义:大雁)。同本义 。雁属中类似天鹅的大型种类旧时的泛称。鹄。即天鹅。洪水即豆雁 。一种带褐色的欧亚普通雁(Anser fabalis),嘴有一豆形斑。大。形容学识渊博。旺盛,兴盛。
淋	lín lìn	常用汉字 · 11画 · 部首氵	(形声。从水,林声。本义:浇)。同本义。让水或其他液体自上落下。浸渍。山水奔流的样子;雨下的样子。形容水、血、汗、泪等连续下滴貌。酿酒。
涯	yá	常用汉字 · 11画 · 部首氵	(会意兼形声。从水,从厓(yá),厓亦声。厓,山边。本义:水边)。同本义。岸,靠近大水体的陆地;特指靠近滨海的陆地。边际;极限。限制,约束。
淹	yān	常用汉字 · 11画 · 部首氵	(形声。从水,奄声。本义:古水名,即今金沙江的一段) 同本义。在四川省南部。即今金沙江自发源地至四川省攀枝花市的一段。浸泡。淹没;沉没。逗留;挽留。以盐渍食物。广博;深入。时间长。迟缓。
渠	qú	常用汉字 · 11画 · 部首氵	(形声。从水,榘(qú)省声。本义:水停积处,也指人工开凿的水道)。同本义。濠沟。水名。渠江,在四川省境内。渠水,在湖南省靖县境内。一名渠河。古州名 。治所在今四川省渠县。疾速。他。开凿沟渠。姓。
渐	jiān jiàn	常用汉字 · 11画 · 部首氵	流入;入。淹没,浸泡。熏染,可染。欺诈。潜伏。(形声。从水,斩声。本义:古水名。即今新安江及其下游钱塘江)。古水名。逐渐。立刻。缓慢。疏导河川。加剧。成长;滋长。
淑	shū	常用汉字 · 11画 · 部首氵	(形声。从水,叔声。本义:水清澈)。同本义。“淑”假借为“俶”。善良;美好。美丽。
淌	tǎng	常用汉字 · 11画 · 部首氵	(形声。从水,尚声。本义:流下)。同本义。用同“趟”,在浅水里走。
混	hún hùn	常用汉字 · 11画 · 部首氵	(形声。从水,昆声。本义:水势盛大)。同本义。浑浊,水多泥多杂质而不清澈。全部。同“浑”。整个。同“浑”。混同,混合搀杂。
淮	huái	常用汉字 · 11画 · 部首氵	(形声。从水,隹(zhuī)声。本义:水名。也称淮河) 同本义。大。
淆	xiáo	常用汉字 · 11画 · 部首氵	(形声。从水,肴(yáo)声。本义:错杂;混杂)。同本义。彻底地搀和;搅合。
渊	yuān	常用汉字 · 11画 · 部首氵	(会意。《说文》古文字形,外边大框象水潭,里面是打漩的水。本义:打漩涡的水)。同本义。深潭。人或物聚集的处所。深;深远;渊博。
淫	yín	常用汉字 · 11画 · 部首氵	(形声。从水,侌(yín)声。本义:浸淫;浸渍)。同本义。涂染。特指通奸; 奸淫。放纵;恣肆。贪欲;贪心。惑乱,沉湎;沉浸。侵淫;侵犯。(yóu)。遨游。过度,无节制;滥。引申为过失。犹大。指规模广,程度深,力量强。邪恶,奸邪。乱杂;邪乱。
渔	yú	常用汉字 · 11画 · 部首氵	(会意。从水,从鱼。小篆从二鱼。本义:捕鱼)。同本义。掠夺。猎取,寻觅。捕鱼的人。
淘	táo	常用汉字 · 11画 · 部首氵	(本作“洮”。形声。从水匋(táo)声。本义:用水冲洗,去除杂质)。同本义。疏浚。以液汁拌和食品。怄。耗费。“淘淘”同“滔滔”。水汹涌澎湃的。顽皮的。
淳	chún	常用汉字 · 11画 · 部首氵	(形声。(zhūn)本义:浇灌)。敦厚;质朴;朴实。味道浓厚的。一说通“醇”。味咸的。纯粹。姓。
液	yè	常用汉字 · 11画 · 部首氵	(形声。从水,夜声。本义:汁,流质)。同本义。冰冻融解;溶化。浸渍。润。渗漏。
淤	yū	常用汉字 · 11画 · 部首氵	(形声。从水,於(yú)声。本义:水中沉淀的泥沙)。同本义。泥沙冲积成的地带。将含有大量淤泥的河水引入低洼地,令其沉淀以改良土壤。又如：淤田(用水将淤泥引入农田);淤溉(引含有大量淤泥的水灌田,使淤泥沉淀,以改良土壤,增加肥力)。滞塞,不流通。
淡	dàn	常用汉字 · 11画 · 部首氵	(形声。从水,炎声。本义:味淡;味道不浓,不咸)。同本义。稀薄。冷淡,不热情。淡雅。淡泊,不追求名利。
淀	diàn	常用汉字 · 11画 · 部首氵	(形声。从水,殿声。本义:沉淀下来的泥滓)。同本义。蓝靛。一种蓝色染料。淤积。沉淀。
深	shēn	常用汉字 · 11画 · 部首氵	(形声。从水,深声(shēn)。本是河流名。深浅的深,本作“深”。本义:水名)。古水名 。即今湘水支流之一的潇水。今潇水上源至江华县一段仍称深水。从上到下或从外到内的距离。水深。与“浅”相对。引申为距离大。玄妙,深奥。深刻;深远。苛刻。深厚;亲密。历时久。大,重大。深重;厉害、严重。很,甚。测量。
涮	shuàn	常用汉字 · 11画 · 部首氵	(形声。从水,刷声。本义:荡洗。用水摇动或放在水里摆动洗清)。同本义。
涵	hán	常用汉字 · 11画 · 部首氵	(形声。从水,圅声。本义:水泽众多) 同本义。浸润;滋润。
婆	pó	常用汉字 · 11画 · 部首女	——婆娑。(形声。从女,波声。本义:舞貌)。舞。盘旋;停留。分散;扶疏。舒展。母。古代广西少数民族对老人的称谓。
梁	liáng	常用汉字 · 11画 · 部首木	(会意。从木,从水,刅(chuāng)声。从“木”从“水”,表示用木料在水上造桥。本义:水桥)。同本义。房梁。稻粱山谷之间的延绵高地 。如:梁端(山顶);山梁。又指身体或物体上居中拱起或成弧形的部分。如:脊梁;鼻梁;深辀(古代车子的曲辕);梁冠(有横脊的冠)。堤堰;鱼堰。国名。周时诸侯国。战国七雄之一,即魏。魏惠王于公元前362年迁都大梁,故称梁。又。朝代名。南朝萧衍(梁武帝)所建(公元502—557年)。五代朱温(梁太祖)所建,史称后梁(公元907年—923年)。古九州之一 。辖境即今陕西省南部及四川省全部。架桥、修桥。姓。
渗	shèn	常用汉字 · 11画 · 部首氵	(形声。从水,参(shēn)声。本义:水往下渗透)。同本义。水枯竭。其他事物渐渐侵入。人从空隙中挤进、穿入。睡。
情	qíng	常用汉字 · 11画 · 部首忄	(形声。从心,青声。本义:感情)。同本义。本性。爱情。实情,情况。私情;人情;情分。情趣,兴趣。道理;情理。形态;情态;姿态。真诚,真实。
惜	xī	常用汉字 · 11画 · 部首忄	(形声。从心,昔声。本义:哀痛,哀伤)。同本义。珍惜,爱惜,重视而不糟蹋耗费。惋惜。哀怜、哀悯。贪婪,贪求。吝惜;舍不得。
惭	cán	常用汉字 · 11画 · 部首忄	(形声。从心,斩声。本义:羞愧)同本义。
悼	dào	常用汉字 · 11画 · 部首忄	(形声。从心,卓声。本义:恐惧)。同本义。悲痛;哀伤。悼念。
惧	jù	常用汉字 · 11画 · 部首忄	(形声。从心,瞿声。本义:害怕,恐惧)。同本义。恐吓。
惕	tì	常用汉字 · 11画 · 部首忄	(形声。从心,易声。本义:害怕,放心不下)。同本义。忧伤。姓。
惟	wéi	常用汉字 · 11画 · 部首忄	(形声。从心,隹(zhuī)声。本义:思考;思念)。同本义。为,是。有。听从,随从。愿,希望。在于。用来限定范围,相当于“只有”、“只是”。相当于“犹”、“还”。用在句首,表希望、祈使。表示并列关系,相当于“与”、“和”。表示顺承关系,相当于“则”。表示让步关系,相当于“即使”、“虽然”。由于,以。用在年、月、日之前。用于句首,无实义。用在句中,起调整音节的作用。
惊	jīng	常用汉字 · 11画 · 部首忄	(形声。从马,敬声。本义:马受惊)。同本义。惊动;震惊。动。惊慌,恐惧。纷乱。
惦	diàn	常用汉字 · 11画 · 部首忄	(形声。从心,店声。本义:惦记,挂念) 同本义
悴	cuì	常用汉字 · 11画 · 部首忄	(形声。从心,卒声。本义:忧愁,悲伤)。同本义。憔悴;枯萎。
惋	wǎn	常用汉字 · 11画 · 部首忄	(形声。从心,宛声。本义:怨恨,叹惜) 同本义。中医学术语。内热。
惨	cǎn	常用汉字 · 11画 · 部首忄	(形声。从心,参声。本义:残酷,狠毒)。同本义。悲痛;伤心。厉害;程度严重。
惯	guàn	常用汉字 · 11画 · 部首忄	(形声。从心,贯声。本义:习惯,惯常) 同本义。纵容;迁就。
寇	kòu	常用汉字 · 11画 · 部首宀	(会意。从宀(mián),表示与室家房屋有关,从元(人),从攴(pū),表示持械击打。意思是手持器械的人,侵犯到房子里来打人。本义:入侵;侵犯)。同本义。砍伐。入侵者。敌人。贼兵,敌军。盗匪。姓。
寅	yín	常用汉字 · 11画 · 部首宀	(象形。据甲骨文为矢形。小篆讹变。本义:恭敬) 同本义。地支的第三位。用以纪时,指凌晨三至五时。五行属木。
寄	jì	常用汉字 · 11画 · 部首宀	(形声。从宀(mián),表示与家室房屋有关,奇声。本义:寄居)。同本义。委托,托付。依赖;依附。寄放;寄存。寄托。托人递送。人物名。
寂	jì	常用汉字 · 11画 · 部首宀	(形声。从宀(mián),叔声。本义:静悄悄,没有声音)。同本义。安详闲静,心志淡泊。寂寞;孤单;冷落。
宿	sù xiǔ xiù	常用汉字 · 11画 · 部首宀	(形声。据甲骨文,象人睡在室内席子上。本义:住宿;过夜)。同本义。值宿守卫,守夜。处于。隐含;寄寓。安心;安于。古代官道上设立的住宿站。夜。栖宿之鸟。有名望的人。从前,往日。老的,积久的。隔夜的,前一夜的。前一年的,隔年的。老成阅历久的。前世注定的。旧欠的。平素,平日。预先;早先。用于计算夜。星座的古名。星宿 。二十八宿:坐落在黄道的星宿,按照中国古代的分法,共有二十八个。黄道是日在星际所行的路。
窒	zhì	常用汉字 · 11画 · 部首穴	(形声。从穴,至声。洞穴狭小阻塞,故从穴。本义:阻塞,不通)。同本义。抑止住使不发泄。障碍物。
窑	yáo	常用汉字 · 11画 · 部首穴	(会意。从穴,从缶(fǒu)。穴,土室;缶,瓦器。表示烧制瓦器的地方。本义:烧砖瓦陶瓷器的灶)。同本义。
密	mì	常用汉字 · 11画 · 部首宀	(形声。从山,宓(mì)声。本义:形状象堂屋的山)。同本义(意思是山多)。隐蔽的地方。假借为“比”。稠密;多。亲密(强调关系上的亲近)。秘密的,隐密的,慎密的。紧密。安宁;安定;安静。严密。不语。接近。姓。
谋	móu	常用汉字 · 11画 · 部首讠	(形声。从言,某声。本义:考虑;谋划)。同本义(侧重于商议出办法或盘算出主意)。计议;商议。图谋;营求。咨询。策略,计谋。媒介。
谍	dié	常用汉字 · 11画 · 部首讠	(形声。从言,枼(yè)声。本义:间谍,细作)。间谍。传递的情报。书札。又。暗中窥伺敌情或秘密。
谎	huǎng	常用汉字 · 11画 · 部首讠	(形声。从言,荒声。本义:谎言,假话)。梦中讲的话。
谐	xié	常用汉字 · 11画 · 部首讠	(形声。从言,皆声。本义:和谐)。同本义(强调配合得匀称)。言语或行为有趣而引人发笑。办妥,办成功。商定。
袱	fú	常用汉字 · 11画 · 部首衤	妇女的包头巾。
祷	dǎo	常用汉字 · 11画 · 部首礻	(形声。从示,寿声。向神求福的一种迷信行为)。祈祷,祈神求福。盼望——书信中用作敬词,表示期望和请求。
祸	huò	常用汉字 · 11画 · 部首礻	(形声。从示,楇(kuā)声。本义:灾祸,祸患)。同本义。罪。灾荒之处。作祸;加害。遭难;受害。
谓	wèi	常用汉字 · 11画 · 部首讠	(形声。从言,胃声。本义:告诉)。同本义。说。评论。称为。认为,以为。意料。援助。因为。
谚	yàn	常用汉字 · 11画 · 部首讠	(形声。从言,彦声。本义:谚语) 同本义。慰问死者家属。粗野不恭。
谜	mí mèi	常用汉字 · 11画 · 部首讠	(会意兼形声。从言,迷声。本义:谜语)。同本义。而君子嘲隐,化为谜语。猜谜儿
逮	dài dǎi	常用汉字 · 11画 · 部首辶	(形声。从辵(chuò),隶(dài)声。本义:赶上;及;到)。同本义。逮捕,抓人(人在捉拿称“逮”,人逃亡而追拿称“捕”)。捉,特指经过追赶或试图抓住
敢	gǎn	常用汉字 · 11画 · 部首攵	(会意。本义:勇敢,有胆量) 同本义。有胆量做某种事情。谦词,自言冒昧。岂敢;哪敢。大约。
尉	wèi yù	常用汉字 · 11画 · 部首寸	(会意。“尉”是“熨”的古字。表示用火熨烫缯布使之平展。本义:烫平衣服的火斗,熨斗)。同本义。中国古代官名 。掌管军事。春秋时晋国上中下三军均设尉。军衔名 。在士之上,校之下。分上尉、中尉、少尉。官名。县官的副职。“慰”的本字。安慰。姓。
屠	tú	常用汉字 · 11画 · 部首尸	(形声。从尸,者声。“尸”,祭祀时代表死者受祭的活人,与人有关。本义:宰杀牲畜)。同本义。大屠杀,残杀。分裂。以宰杀牲畜为职业的人。古地名 。在今陕西省长安县东南。姓。
弹	dàn tán	常用汉字 · 11画 · 部首弓	(形声。从弓,单声。本义:弹丸)。同本义。形状像弹丸的东西,如圆形的果实;禽鸟的卵等。弹弓。(形声。从弓,单声。本义:用弹弓发射弹丸)。弹击。用手指拨动而演奏。批评,揭发。针刺。测定重量。
隋	suī suí	常用汉字 · 11画 · 部首阝	(形声。从肉,隓省声。隓(huī),城墙倒塌,“隋”字从肉,本义同肉有关。(suī)本义:残余的祭品) 同本义。周代诸侯国名。姓。
堕	duò huī	常用汉字 · 11画 · 部首土	(形声。从土,隋声。甲骨文字形,右边是“阜”(象陡坡),左边是倒过来的“人”。会意。表示人从陡坡上掉下。本义:毁坏)。同本义。假借为“惰”。懒散;懈怠。损毁;败坏。
随	suí	常用汉字 · 11画 · 部首阝	(形声。从辵(chuò))。同本义。依顺;依从。听任某人自愿去做。接着,随即。六十四卦之一,震下兑上。中国周代国名 。姬姓。春秋后期为楚之附庸。地在今湖北随县。
蛋	dàn	常用汉字 · 11画 · 部首虫	骂人的话 。放在某些名词或形容词的后面,组成代表人的词。如:坏蛋;糊涂蛋。 放在某些动词后面,使那个动作带有贬意。如:捣蛋;滚蛋;完蛋。
隅	yú	常用汉字 · 11画 · 部首阝	(形声。从阜(fù),禺(yú)声。“阜”是土山,有土则可用于建筑,因而从“阜”的字有的与建筑有关。本义:山水弯曲边角处)。同本义。角,角落。边远的地方。事物的部分或片面。边;旁。
隆	lóng	常用汉字 · 11画 · 部首阝	(形声。从生,降省声。本义:高)。丰大;高。国家逢勃发展;隆盛。指程度深。升高;增高。尊崇。高出;高起。使成长。使兴盛。假借为“降”。下,落。常用于雷声或炮声。
隐	yǐn	常用汉字 · 11画 · 部首阝	藏匿;隐蔽。隐瞒。隐测,审度。怜悯。隐逸不出。塞,堵塞。隐没;熄灭。精深;微妙。用同“稳”(wěn)。安稳;稳定。威重的样子,深沉稳重。殷盛。矮墙。痛苦;疾苦。隐居的人。隐语。隐衷,隐情。櫽栝,矫正竹木弯曲的工具。暗暗地。姓。
婚	hūn	常用汉字 · 11画 · 部首女	(形声。从女,昏声。因为古时黄昏迎亲,故“昏”亦兼表字义。本义:妇家)。妻之家。妻之父。通婚。婚姻关系。男女结为夫妇,结婚。特指男子娶妇 。如:完婚;成婚。也指女子出嫁。如:婚田(女子出嫁时,陪嫁的田地)。
婶	shěn	常用汉字 · 11画 · 部首女	叔母。父亲弟弟的妻子。兄、嫂称弟之妻。
婉	wǎn	常用汉字 · 11画 · 部首女	(形声。从女,宛声。本义:柔顺)。同本义。柔美。委婉;曲折。简约。非常喜欢或喜爱。
颇	pō	常用汉字 · 11画 · 部首皮	(形声。从页,皮声。页(xié),人头。本义:头偏)。同本义。偏,倾斜,不平正。偏邪,不公正。略微;稍。很;甚。
颈	gěng jǐng	常用汉字 · 11画 · 部首页	脖子 ——用于“脖颈儿”。(形声。从刀,巠声。从“页”,表示与头有关。本义:颈项)。同本义。脖子的前面部分。一星名。
绩	jì	常用汉字 · 11画 · 部首纟	把麻纤维披开接续起来搓成线。成就;功业。下裳。
绪	xù	常用汉字 · 11画 · 部首纟	(形声。从糸(mì),者声。本义:丝的头)。同本义。头绪,开端。情绪,心情。次序。世系。前人遗留下来的未竟的事业。姓。明代有绪纪、绪珊。余留的,遗留下来的。寻绎;整理。叙述。顺;顺从。
续	xù	常用汉字 · 11画 · 部首纟	(形声。从糸(mì),卖(yù)声。本义:连接起来,接上)。同本义。继续。继承。妻子死后再娶。传递。后同于前,旧事重演。
骑	qí	常用汉字 · 11画 · 部首马	(形声。从马,奇声。本义:跨马)。同本义。跨于物上或两边叫骑,跨坐。跨越。马。骑兵;骑马的人。又。侍从。用于马,相当于“匹”。&X（{jì}） 一人一马的合称。
绰	chāo chuò chuo	常用汉字 · 11画 · 部首纟	抓取。(形声。从糸(mì),卓声。本义:宽大,舒缓)。同本义。姿态柔美。端正。——见“宽绰”(kuānchuo)。
绳	shéng	常用汉字 · 11画 · 部首纟	(形声。从糸(mì),蝇省声。本义:绳子)。同本义。墨线。准则;法度。水名。金沙江的古称。山东省的南阳水、北阳水。继承,通“承”。衡量。纠正。约束;制裁。称赞。直的;正的。
维	wéi	常用汉字 · 11画 · 部首纟	(形声。从糸(mì),隹(zhuī)声。本义:系物的大绳)。同本义。隅,角落。关键。几何学上指空间独立而互相正交的方位数,通常的空间有三维,平面或曲面有二维,直线或曲线只有一维。网。古地名 。故地在今四川省理县。拴;系。思考,计度维持;维系。表示判断,相当于“乃”、“是”、“为”。由于。相当于“与”。独。用于句首,无义。用于句中,帮助判断。
绵	mián	常用汉字 · 11画 · 部首纟	(会意。从帛,从糸(mì)。本义:丝棉,精丝绵,新丝绵)。同义。丝絮状物。姓。春秋齐有绵驹。接连不断。久远。薄弱;软弱。病重。
绷	bēng běng bèng	常用汉字 · 11画 · 部首纟	(形声。从糸(mì),朋声。本义:束缚,捆绑)。缠束;包扎。
绸	chóu	常用汉字 · 11画 · 部首纟	(形声。从糸,周声。本义:缠绕)。同本义。捆缚。致密;稠密。
综	zèng zōng	常用汉字 · 11画 · 部首纟	织布机上使经线上下交错以受纬线的一种装置。(形声。从糸(mì),宗声(zòng)。 ①本义:织布机上使经线上下交错以受纬线的一种装置 ②编织。聚总,集合)。总聚;总合。治理。归纳。精通。起皱纹。
绽	zhàn	常用汉字 · 11画 · 部首纟	(形声。从糸(mì),定声。糸,细丝。本义:衣服裂开)。同本义 。俗称“开线”。饱满、开裂。特指花果。缝补。破费;花费。
绿	lù lǜ	常用汉字 · 11画 · 部首纟	一种野菜。又用于绿林(绿林山)、绿营(清代汉人地方武装)、鸭绿江等。(形声。从糸(mì),表示与线丝有关,录声。本义:青中带黄的颜色)。颜色昏暗,乌黑色。呈现绿色。
缀	zhuì	常用汉字 · 11画 · 部首纟	同本义。著作。组织文字以成篇章。装饰。连结。物件边缘的装饰。
巢	cháo	常用汉字 · 11画 · 部首巛	(象形。小篆字形,下边是树木,木上是三只鸟和鸟窝。合起来表示鸟栖于树窝上。本义:鸟窝)。同本义。又泛指其他动 物的巢穴。古人住的巢穴。筑巢。姓。
琴	qín	常用汉字 · 12画 · 部首王	(本作“珡”。象形。小篆字形,象乐器形,上面“玨”象弦和弦柱,下面象琴身。本义:拨弦乐器。俗称古琴)。同本义。
琳	lín	常用汉字 · 12画 · 部首王	(形声。从玉,林声。本义:美玉)。同本义。
琢	zhuó zuó	常用汉字 · 12画 · 部首王	(形声。从玉,豖(chù)声。本义:雕刻加工玉石)。同本义。撰文时的修改加工,琢磨。
琼	qióng	常用汉字 · 12画 · 部首王	(形声。左形,右声。本义:赤色玉)。同本义。泛指美玉。博具,相当于后来的骰子。比喻雪。府名。琼州 。汉置珠崖、儋耳郡;三国吴复置珠崖郡;晋废;唐贞观五年,始置琼州;宋迁治所于今海南省琼山县南;明改置琼州府;清仍之;民国废;今设海南省。喻事物的美好。
斑	bān	常用汉字 · 12画 · 部首文	(形声。本作“班”,从文,辡(biàn)声。本义:杂色的花纹或斑点)。同本义。行列;位次。色彩驳杂的;灿烂多彩的。毛色花白的。
替	tì	常用汉字 · 12画 · 部首曰	(形声。本作“竝”。从竝,白声。竝(bìng),二人并立。本义:废弃)。同本义。停止。消亡,泯灭。衰微;衰落。代替。衰亡。松弛;怠惰。替身,替代别人的人。对正身而言。常指代人受罪的人 。抽屉。为;给 。同,和。次、批、起。
揍	zòu	常用汉字 · 12画 · 部首扌	(形声。从手,奏声。本义:打)。
款	kuǎn	常用汉字 · 12画 · 部首欠	(会意。从欠,塞。省。本义:真诚;诚恳)。同本义。又。空;空洞,不真实。缓,慢。事项,条款。样子;样式;格式。架子。款识,古代钟鼎彝器上铸刻的文字。条理。款待,殷勤招待。敲,叩。求和;议和。留;歇息。归顺。
堪	kān	常用汉字 · 12画 · 部首土	(形声。从土,甚声。本义:地面高起)。同本义。指天道。勉强承受。人不堪其忧,回也不改其乐。——《论语·雍也》。《更哪堪冷落清秋节。——宋·柳永《雨霖铃》》。能够;可以。
塔	d tǎ	常用汉字 · 12画 · 部首土	——见“圪塔”(gēda):即“圪垯”。(形声。从土,荅(dá)声。本义:佛塔,亦作“浮屠”)。同本义。晋、宋译经时始造“塔”字。塔为形高而顶尖的佛教建筑物,多为五层七级,也有高至十三级的,初为藏佛骨(舍利子)的地方,后世也藏经于其中,俗称宝塔。表示块、片。
搭	dā	常用汉字 · 12画 · 部首扌	(形声。从手,荅声。本义:打,击)。同本义。披;挂;戴。架设。搁;接触。勾搭,勾引。钩。书法笔锋。凡上笔带起下笔,上字带起下字都叫“搭”。短衣。块,处。
堰	yàn	常用汉字 · 12画 · 部首土	(形声。从土,匽(yàn)声。本义:拦河坝)。同本义。池塘。堵。
揩	kāi	常用汉字 · 12画 · 部首扌	(形声。从手,皆声。本义:擦抹;摩擦) 同本义。
越	yuè	常用汉字 · 12画 · 部首走	(形声。从走,戉(yuè)声。本义:经过,越过)。同本义。超越,跃过。超过;超出。传播,宣扬。失坠;坠落。劫夺,抢劫。及、到。无义。古国名。也称“於越” ,姒姓,相传始祖为夏少康庶子无佘。封于会稽。春秋末越王勾践卧薪尝胆,终灭吴称要霸,战国时为楚灭。古民族名。古时江浙粤闽之地越族所居,谓之百越。越与“粤”通,百越亦作百粤。地域的代称。指广东、广西地区,也作中国南方的泛称。姓。
趁	chèn	常用汉字 · 12画 · 部首走	(形声。本义:追逐)。同本义。
趋	qū	常用汉字 · 12画 · 部首走	(形声。从走,刍声。本义:快步走)。同本义。步,行走。古代的一种礼节,小步快走,表示恭敬。奔赴;趋向。催促。志趣。节奏。
超	chāo	常用汉字 · 12画 · 部首走	(形声。从走,召声。本义:跃上;跳过,跃过)。同本义。提拔;擢升。超过;胜过。超脱,超凡。远;遥远。惆怅,若有所失。
揽	lǎn	常用汉字 · 12画 · 部首扌	(形声。从手,览声。本义:执,持)。同本义。采摘。招引;兜揽。提,撩起。观看。
堤	dī	常用汉字 · 12画 · 部首土	(形声。从土,是声。本义:河堤,堤坝)。同本义。陶器的底座。
提	dī tí	常用汉字 · 12画 · 部首扌	——用于“提防”(dīfang)、“提溜”(dīliu)等。(形声。从手,是声。本义:悬持;悬空拎着物品)。同本义。引申为带领;统领。古代如提督、提举、提点、提刑、提学、提法诸官名,皆取此义。紧紧拿着;执持。说起,提及。指出;举出。提拔;提升。携带。掷。请求回答或要求提供消息 。提醒 。扶持 。传讯,指提取犯人 。如:提事(捕快);提犯人;提问(传讯审问);提解(押送犯人或财物)。一种垂直向上舀油、酒等的器具,有很长的把儿,往往按舀液体的斤两制成大小不等的一套 。提梁。篮、壶等的提手 。用于提着的物体,其重量没有确数。姓。
博	bó	常用汉字 · 12画 · 部首十	(形声。从十,尃(fū)声。“十”意思是四方中央齐备。“尃”有分布之义。本义:大)。同本义。与“小”相对。宽广;广搏。众多;丰富。广泛;普遍。渊博,知道得多。赌,博弈。取得。换取。争斗,博斗。
揭	jiē	常用汉字 · 12画 · 部首扌	标志。揭揭。修长的样子。
喜	xǐ	常用汉字 · 12画 · 部首口	(会意。甲骨文上面是“鼓”本字,下面是“口”。“鼓”表示欢乐,“口”是发出欢声。本义:快乐;高兴)。同本义(乐之见于谈笑曰喜。喜,形于色)。容易。喜爱;爱好。妇女怀孕。喜事。痘疹 。旧俗孩子出痘时,常因惧得天花而讳言之,又以痘既发出便可平安,故用“喜”字代指,以求吉利。姓。
彭	péng	常用汉字 · 12画 · 部首彡	(会意。从壴(zhù),从彡。“壴”在古文字中象鼓形。彡(shān),毛饰形。本义:鼓声) 同本义。古国名 。在今四川省彭山县。古水名。在湖北省房县。在河南省鲁山县东南。;彭泽先生(东晋大诗人陶潜。因曾任彭泽令,故名“彭泽先生”)。侧,边。水流声。
揣	chuǎi chuāi chuài	常用汉字 · 12画 · 部首扌	(会意。本义:测量;量度)。同本义。猜想,推测;估量。捶击。放在衣服里怀孕强给;给与挣扎。
插	chā	常用汉字 · 12画 · 部首扌	(形声。从手,臿(chā)声。本义:刺入、挤放进去)。同本义。
揪	jiū	常用汉字 · 12画 · 部首扌	(形声。从手,秋声。本义:收聚)。同本义。抓;扯住。抽打。
搜	sōu	常用汉字 · 12画 · 部首扌	搜索;搜查。寻求。检查,检点。选择。挖,掏。打猎。消除,清除
煮	zhǔ	常用汉字 · 12画 · 部首灬	(形声。从火,者声。本义:把东西放在有水的锅里加热使熟) 同本义。又。煮盐,熟盐 。熬干含盐的水分,提取食盐。
援	yuán	常用汉字 · 12画 · 部首扌	(形声。从手,爰(yuán)声。本义:拉,引)。同本义。攀援。擢拔,引进推荐。引用。拯救,相救。助,救助。篱笆。
搀	chān	常用汉字 · 12画 · 部首扌	(形声。从手,毚(chán)声。本义:扶,牵挽)。
裁	cái	常用汉字 · 12画 · 部首衣	(形声。从衣,(zāi)声。本义:裁制,剪裁)。同本义。裁定;判断。删除;削减。杀戮。体制。刚刚。仅仅。
搁	gē gé	常用汉字 · 12画 · 部首扌	(形声。从手,阁声。本义:放,放置)。同本义。停顿;耽搁。经受,承受。
搓	cuō	常用汉字 · 12画 · 部首扌	(形声。从手,差声。本义:两掌互相摩擦)。同本义。急迫。
搂	lōu lǒu	常用汉字 · 12画 · 部首扌	(形声。从手,娄声。本义:引,拉拢)。同本义。搂抱;用手或工具把东西向自己面前聚集。拨。用臂膀抱住或怀抱。
搅	jiǎo	常用汉字 · 12画 · 部首扌	(形声。从手,觉声。本义:扰乱)。同本义。胡闹;嬉戏。
壹	yī	常用汉字 · 12画 · 部首士	(形声。小篆字形。从壶,吉声。“一”的大写。本义:专一)。同本义。统一;一致。皆;一概;一律。一样;等同;同一。“一”的大写。——常用于支票、银行票据等,以避免差错或涂改。
握	wò	常用汉字 · 12画 · 部首扌	(形声。从手,屋声。本义:攥在手里,执持)。同本义。屈指成拳。掌握。控制。用同“捂(wǔ”)。遮盖。一把的容量。一拳的长度。
搔	sāo	常用汉字 · 12画 · 部首扌	(形声。从手,蚤声。本义:用指甲轻刮)。同本义。骚扰;骚乱。
揉	róu	常用汉字 · 12画 · 部首扌	(形声。从手, 柔声。本义: 使木弯曲或伸直)。同本义。驯服。牵引。攀援。混杂。
斯	sī	常用汉字 · 12画 · 部首斤	(会意。从斤,其声。其所以盛木柿。斤,斧子。本义:劈;砍)。同本义。扯裂。分开。距离;离开。“斯”假借为“此”,这,这个。则。就 ——表示承接上文,得出结论。古时干粗杂活的奴隶或仆役。引申为卑贱。白色。表示结构,相当于“之”、“的”。用在倒装宾语和动词之间,以确指行为的对象,相当于“是”。用在形容词之后,相当于“然”。
期	qī	常用汉字 · 12画 · 部首月	(形声。从月,其声。金文从日,其声。战国古文从日,丌（qí）声。日、月都有表时间的意思。本义:约会,约定)。同本义。又。会,会合。希望。预定的时间;选定的日子;期限。极,限度。
欺	qī	常用汉字 · 12画 · 部首欠	(形声。从欠,其声。“欠”与出气、说话有关。本义:欺骗)。同本义。又。欺诈,用狡猾奸诈的手段骗人。欺压,欺侮。
联	lián	常用汉字 · 12画 · 部首耳	(会意。从耳,从丝。战国文字,中间是耳,两边是丝相联。本义:连结)。同本义。联合;联系。缝。
葫	hú	常用汉字 · 12画 · 部首艹	(形声。从芔,胡声。本义:蔬菜名。即“大蒜”)。
散	sǎn sàn	常用汉字 · 12画 · 部首攵	逍遥,懒散。潇洒;洒脱。挂名职务,没有或很少有工作却可以领工资。杂乱;错杂。零碎;不集中的。粗疏 [careless;inatten-tive］。如：散落(疏忽)；散拙(散漫粗疏)。药粉。姓。(本义:分散)。同本义。散发,使分散。敞开。排遣。逃,逃走。放,放牧。杂乱,纷乱。
惹	rě	常用汉字 · 12画 · 部首心	(形声。从心,若声。本义:招引)。同本义。引起。沾染;染上。牵引。牵挂。
葬	zàng	常用汉字 · 12画 · 部首艹	(会意。小篆字形。从“死”,在“茻”(mǎng)中,“一”其中,所以荐之。指人死后盖上草席埋藏在丛草中。荐,草席覆盖。本义:人死用草覆盖埋葬,后用棺木埋入土中)。同本义。
募	mù	常用汉字 · 12画 · 部首力	(形声。从力,莫声。本义:招募;征召) 同本义。假借为“膜”。
葛	gé gě	常用汉字 · 12画 · 部首艹	(形声。从艸,曷(hé)声。本义:一种植物,纤维可以织布)。葛布。指以葛为原料制成的布、衣、带等。夏衣的代称。
董	dǒng	常用汉字 · 12画 · 部首艹	(形声。从艸,重声。①本义:草名,即鼎蕫。②督察)。监督;督察。正,守正。古地名。春秋时晋地,在今山西省万荣县境。
葡	pú	常用汉字 · 12画 · 部首艹	葡萄糖的简称。葡萄。
敬	jìng	常用汉字 · 12画 · 部首攵	(会意。从攴(pū),以手执杖或执鞭,表示敲打,从苟(jí),有紧急、急迫之义。本义:恭敬;端肃。恭在外表,敬存内心)。同本义。慎重地对待,不怠慢不苟且;敬谨。尊重,尊敬。自愿转让毋需抵偿的东西,捐赠或赠的礼品。姓。
葱	cōng	常用汉字 · 12画 · 部首艹	(形声。从艸,悤(cōng)声。本义:葱,一种蔬菜)。有圆筒状中空叶的植物之一 。多年生草本植物。叶子圆筒形,中空,鳞茎圆柱形,开小白花。种类很多。可作蔬菜或调味品,亦可作药用。
蒋	jiǎng	常用汉字 · 12画 · 部首艹	(形声。从艸,将声。(jiāng)本义:植物名。即“茭白”)。古国名 。姬姓,始封之君为周公之子,在今河南固始县。一说在今河南光山,春秋时灭于楚。姓。
蒂	dì	常用汉字 · 12画 · 部首艹	(形声。从艸,帝声。本义:花、叶或瓜、果与枝茎连结的部分)。
落	luò là lào luō	常用汉字 · 12画 · 部首艹	(形声。从艸,洛声。本义:叶落,花落)。同本义。泛指下落;下坠。掉进。耽误;荒废。衰败。止息;停留;亦指留下。得到。古代宫室建成时举行祭礼。用网状物兜住。中医的经络系統。衰败;零落;稀疏。居处。丢了,漏掉忘了拿,没注意取落后没有上,误捞,赚。[方言]形容态度大方。
韩	hán	常用汉字 · 12画 · 部首韦	(形声。从韦,倝(gàn)声。从“韦”,取围绕,周匝之义。本义:井垣)。井上的木栏。古国名。中国周朝时的一个诸侯国,在今山西省韩城县。战国七雄之一。后为秦所灭。今山西省东部和河南省西北部。1897—1910年朝鲜的国名 ,1910年被日本吞并。第二次世界大战后,朝鲜南半部称“大韩民国”,简称“韩国”。
朝	cháo zhāo	常用汉字 · 12画 · 部首月	(会意。甲骨文字形,从日在草中,从月。字象太阳已出草中而月亮尚未隐没形。(zhāo)本义:早晨)。早晨省亲,子、媳向父母、公婆请安。朝见,封建时代臣见君。使…朝见。泛指拜见。会聚;召。朝廷。古时亦称:朝堂,朝宁,朝冶,朝苑,朝省,朝家。朝代,指同一姓帝王连续继承王位的时代。某一个帝王的统治时期。朝班,古代群臣朝见帝王时按官品分班排列的位次 。又称:朝列,朝次,朝序,朝伦;朝部;朝著。表示动作针对的方向。(会意。甲骨文字形,上下为“莽”字,中间为“日”,“月”。表明太阳已从草丛升起,月亮还未落,是早晨。本义:指日出到早餐时,泛指早晨)。同本义。日;天。姓。
辜	gū	常用汉字 · 12画 · 部首辛	(形声。从辛,古声。“辛”,是受刑的意思。本义:罪行)。同本义。灾难,祸害。(gù)。原故,原因。惩罚,治罪。肢解,分裂肢体。辜负,亏负。专固,垄断。(kǔ)。困扰。
葵	kuí	常用汉字 · 12画 · 部首艹	(形声。从艸,癸声。本义:植物名。指“冬葵”,古代主要的蔬菜。《说文》:“菜也。”也指“向日葵”)。蔬菜名。我国古代重要蔬菜之一。可腌制,称葵菹。菊科草本植物 。有锦葵、蜀葵、秋葵、向日葵等。假借为“揆”。审度。
棒	bàng	常用汉字 · 12画 · 部首木	(形声。从木,奉声。本义:棍,杖)。同本义。用棍棒打。
棱	lēng líng	常用汉字 · 12画 · 部首木	(俗作“楞”和“稜”。形声。从木,夌(líng)声。本义:有四角的木)。同本义。威势。——“穆棱”(Mùlíng):县名。在黑龙江省。
棋	qí	常用汉字 · 12画 · 部首木	(形声。从木,其声。本义:古时通称博奕的子为棋) 同本义。
椰	yē	常用汉字 · 12画 · 部首木	椰子树 一种常绿乔木,树干直立,不分枝。叶子丛生顶部。核果椭圆形,外果皮黄褐色,内果皮为角质的硬壳,果肉白色多汁,含脂肪。果肉可吃,也可榨油。果肉内的汁可做饮料,外果皮和中果皮的纤维可制船缆和刷子,叶子可编席和盖棚。
植	zhí	常用汉字 · 12画 · 部首木	(形声。从木,直声。本义:关闭门户用的直木)。同本义。木柱。引申为支柱,柱本。特指筑城墙两端所竖的木柱。又指悬挂蚕箔的柱子。(zhì)。志向。栽种;种植;生长。又。立;树立。建立。竖立。(zhì)。安放,放置。姓。
森	sēn	常用汉字 · 12画 · 部首木	(会意。从林从木。本义:树木丛生繁密)。同本义。满;罗列。众多,众盛。高耸。峙立。阴沉,幽暗。森严,严峻。
焚	fén	常用汉字 · 12画 · 部首火	(会意。从火,从林。甲骨文字形,象火烧丛木。古人田猎,为了把野兽从树林里赶出来,就采用焚林的办法。本义:烧山)。用火烧山林宿草。烧。旧时的一种酷刑。用火烧死。
椅	yǐ yī	常用汉字 · 12画 · 部首木	(形声。从木,奇声。①本义:木名。即山桐子。《诗·銿风·定之方中》:“树之榛栗,椅桐梓漆。”这个意义读yī。②椅子。本字作“倚”)。椅子, 有靠背的坐具。轿子。落叶乔木，木材可以制器物。大风子科,落叶乔木。果实为浆果,球形,红色。
椒	jiāo	常用汉字 · 12画 · 部首木	(形声。从木,叔声。本义:花椒)。同本义。芸香科植物 。落叶灌木或小乔木。具香气。单数羽状复叶,果实作调味料,并可提芳香油入药。种子可榨油,叶制农药。
棵	kē	常用汉字 · 12画 · 部首木	(形声。从木,果声。本义:指植物的株数)植物的大小指某些植物的茎
棍	gǔn gùn	常用汉字 · 12画 · 部首木	能够转动,用以缠绕线、弦的旋纽。棍棒。品行很坏的人。
椎	chuí zhuī	常用汉字 · 12画 · 部首木	(形声。从木,隹(zhuī)声。本义:槌子,敲击的器具)。捶击的工具。后亦为兵器。用椎打击。椎骨。锥(锥属植物)的古称。
棉	mián	常用汉字 · 12画 · 部首木	(会意。从木,从帛。植物名)。木棉,也叫“攀枝花”、“英雄树”。植物名 。一年生草本或多年生灌木。棉属的任何一种植物,其特征是直立、自由分枝、叶互生、分裂、花大,乳白色或黄色,迅速转变红色,由一个杯形的总苞包入叶腋内,产生蒴果,当成熟时裂开,因此露出种子和附着的纤维。比喻耳根软,不坚持己见。
棚	péng	常用汉字 · 12画 · 部首木	(形声。从木,朋声。本义:用竹、木搭成的篷架或小屋)。同本义。楼阁。我国传统楼房的一种,供远眺、游憩、藏书、供佛等用。也指类似棚阁的结构与设施。朋党,帮派。清末陆军编制,兵士十四人为一棚。
棕	zōng	常用汉字 · 12画 · 部首木	植物名。棕榈的省称 。本作椶。
棺	guān	常用汉字 · 12画 · 部首木	(形声。从木,官声。本义:棺材,装殓尸体的器具) 同本义。亦称:棺木,棺函,棺柩,棺衬。
榔	láng	常用汉字 · 12画 · 部首木	槟榔,又叫桄榔。
椭	tuǒ	常用汉字 · 12画 · 部首木	(形声。从木,隋声。本义:长圆形,狭长) 同本义。指某些长圆形的容器。
惠	huì	常用汉字 · 12画 · 部首心	(会意。从心,从叀(zhuān)。本义:仁爱)。同本义。柔顺;顺从。聪慧。恩惠。恩爱;宠爱。古兵器名。三棱矛。惠赠;给予好处。姓。
惑	huò	常用汉字 · 12画 · 部首心	(形声。从心,惑声。本义:疑惑,分辨不清)。同本义。迷惑,使…辨不清。迷失。糊涂,令人不解。
逼	bī	常用汉字 · 12画 · 部首辶	(形声。从辵(chuò),畐(fú)声。本义:接近,靠近)。同本义(仅表示空间距离的接近、靠近)。逼迫,即紧紧催促。驱逐;追赶。狭窄。危急,紧急。很,程度深。
粟	sù	常用汉字 · 12画 · 部首米	(会意,象草木果实下垂的样子。后隶变为“西”。本义:粟子,谷子)。同本义 今北方通称“谷子”,去皮后叫“小米”。一种粗糙、抗旱、但不耐霜冻的一年生禾草(Setaria italica),具有粗而重的长穗状花序,可作谷物、干草和饲料。谷粒 。未去皮壳者为粟,已舂去糠则为米。粮食的统称。
棘	jí	常用汉字 · 12画 · 部首木	(会意。从二-朿(cì)。“朿”是“刺”的本字。两个“朿”字并排立着,表示棘树多刺,是矮小而成丛莽的灌木。本义:丛生的小枣树)。酸枣树。一种落叶乔木,有刺。果实较枣小,味酸,种子、果皮、根可入药。泛指有芒刺的草木。又如荆棘丛生;披荆斩棘;棘针科(有棘刺的植物,荆棘丛);棘匕(枣木做的饭匙。匕:饭勺或羹匙);棘楚(即荆棘。有芒刺的草木)。四轴海绵骨针,其中辐肋等长或近于等长。古代兵器名。合戈矛为一体,可以直刺与横击。中国地名。春秋鲁国的都城,在今山东省肥城县南。春秋楚国的都城,在今河南省永城县南。棱角整饬,锋刃锐利。办事艰难。急切,急迫。瘦弱;土地不肥沃。姓。
酣	hān	常用汉字 · 12画 · 部首酉	(会意。从酉,从甘,甘亦声。从“酉”,表示与酒有关。“甘”也具有表意作用。本义:酒喝得很畅快)。同本义。浓盛;盛美。尽情地;痛快地。
酥	sū	常用汉字 · 12画 · 部首酉	(会意。从禾,从酉(yǒu)。酥指食品,因而与禾、酉(代表酒)有关。本义:酪类。由牛羊乳制成。又称“酥油”)。同本义。酒。面粉加酒、糖等制成的一种点心,松而易碎。搽脸的油脂。肢体松软的。缺乏力量、肌肉松弛的。
厨	chú	常用汉字 · 12画 · 部首厂	(形声。从广(yǎn),尌(shù)声。本义:厨房)。同本义。操办官食的官。菜肴。烹饪;烹调。
厦	shà xià	常用汉字 · 12画 · 部首厂	(厦俗作厦。古通作夏。形声。从广,夏声。广(yǎn)表示房屋。“夏”古有“大”的意思。见《尔雅·释诂》。本义:大屋子)。同本义。大。
硬	yìng	常用汉字 · 12画 · 部首石	(形声。从石,更声。本义:坚硬)。同本义 。与“软”相对。结实。生硬。倔强,执拗。坚强,强硬。能力强;质量好。确实;真正。勉强。强。
硝	xiāo	常用汉字 · 12画 · 部首石	硝石。经过硝制变软的皮革。用朴芒硝等鞣制皮革使变软。
确	què	常用汉字 · 12画 · 部首石	(形声。左形,右声。本作“碻”、“塙”。本义:坚固)。同本义。敲击。竞争。
硫	liú	常用汉字 · 12画 · 部首石	硫磺。一种非金属的、多价的、无味无嗅不溶于水的元素 ——元素符号S。
雁	yàn	常用汉字 · 12画 · 部首隹	(形声。从隹(zhuī),从人,厂(hǎn)声,隹,短尾鸟。厂,石山之涯岩,也有表意作用。本义:鸟名)。鸟类的一属,形状略像鹅,颈和翼较长,足和尾较短,羽毛淡紫褐色,善于游泳和飞行。伪造的,假的。
殖	shi zhí	常用汉字 · 12画 · 部首歹	——如“骨殖”(gǔshi):尸骨。(形声。从歺(è),直声。歺,残骨,隶书写作“歹”。本义:脂膏因放置时间过久而变质)。同本义。生长,繁殖。经营,从事买卖活动。种植。树立,立。姓。
裂	liè liě	常用汉字 · 12画 · 部首衣	(会意。从衣,从列,列亦声。本义:裁剪后的丝绸残余)。同本义。裁剪;扯裂。割,分。分裂;裂开。
雄	xióng	常用汉字 · 12画 · 部首隹	(形声。从隹(zhuī),厷(gōng)声。从隹,与鸟有关。本义:公鸟)。同本义。泛指动植物能产生精细胞的。指男子。指为首者,居前列者。杰出的人物。强有力的国家。比喻高强、胜利。雄壮;雄伟。威武。雄健,刚健;豪放。强有力;杰出。优胜;称雄。姓。
颊	jiá	常用汉字 · 12画 · 部首页	(形声。从页(xié),表示与头有关,夹声。本义:面颊,脸的两侧从眼到下颌部分)。同本义。侧,旁边。堂内正室旁边的房间。姓。
雳	lì	常用汉字 · 12画 · 部首雨	——见“霹雳”pīlì。
暂	zàn	常用汉字 · 12画 · 部首日	(形声。从日,斩声。从日,与时间有关。本义:时间短) 同本义。暂时。刚刚;方才。仓卒;突然。
雅	yǎ yā	常用汉字 · 12画 · 部首隹	(形声。从隹,牙声。从隹(zhuī),与鸟有关。(yā)本义:鸟名,乌鸦的一种。《说文》:“楚乌也。”)。正确;合乎规范。高尚;美好。素常;向来。表示程度很甚,相当于“很”、“极”。平素的交情。《诗经》中六义之一。训诂中多有名雅的书。姓。
翘	qiáo qiào	常用汉字 · 12画 · 部首羽	(形声。从羽,尧声。羽,鸟毛。本义:鸟尾上的长羽)。同本义。鸟尾。泛指动物的尾部。抬起。揭露。高;危。
辈	bèi	常用汉字 · 12画 · 部首车	(形声。从车,非声。本义:百辆车)。同本义。也指车列,车队。世;辈分。某类人。群,队。等级;类别。成批地。表示人的多数,批。
悲	bēi	常用汉字 · 12画 · 部首忄	(形声。从心,非声。本义:哀伤;痛心)。同本义。悲哀。悲壮;悲凉。悲愤。眷念;怅望。哀怜;怜悯。感叹,慨叹。可悲。悲叹。佛教语,愿解他人痛苦之心。悲是大乘佛教菩萨概念的基本特点。苦。
紫	zǐ	常用汉字 · 12画 · 部首糸	(形声。从糸(mì),此声。本义:紫色,蓝和红组成的颜色)。同本义。又。与帝王、皇宫有关的事物。紫色的衣服和绶带。姓。
凿	záo	常用汉字 · 12画 · 部首凵	(形声。从金,鑿(zuò)省声。从金,表示与金属制品有关。本义:凡穿物使通都称凿)。同本义。挖掘;开凿。开通。穿凿附会。戳,用手指头猛地一推。舂米使之精白。引申为冲刷。敲击,捶打。凿子。古代用以施行黥刑的刑具。因指黥刑。
辉	huī	常用汉字 · 12画 · 部首车	(形声。从光。军声。本义:光;光辉)。同本义。晨光。产生光彩;照耀。
敞	chǎng	常用汉字 · 12画 · 部首攵	将高起的土地筑成平台,用以远望。同本义。显露;露出。(形声。从攴(pū),尚声。本义:宽敞)。宽敞。
棠	táng	常用汉字 · 12画 · 部首木	(形声。从木,尚声。本义:乔木名) 同本义。甘棠,有红、白两种。白棠即棠梨。
赏	shǎng	常用汉字 · 12画 · 部首贝	(形声。从贝,尚声。本义:赏赐;奖给)。同本义。玩赏;欣赏。称颂,赞扬。尊重。赐予或奖给的东西。量词。计量土地面积的单位。也作“晌”
掌	zhǎng	常用汉字 · 12画 · 部首手	本义:手掌,手心。四足动物带爪的脚。用手掌打。主管,负责。支撑。忍住。姓。
晴	qíng	常用汉字 · 12画 · 部首日	(形声。从日,青声。青古指蓝色,也有表意作用。《说文》作“夝”。意思是夜间(夕)雨止,出现星星。本义:雨止无云,天气晴朗) 同本义。
睐	lài	常用汉字 · 12画 · 部首目	瞳仁不正。旁视,斜视。眺望。
暑	shǔ	常用汉字 · 12画 · 部首日	(形声。从日,者声。本义:炎热) 同本义。炎热的日子。夏季。
最	zuì	常用汉字 · 12画 · 部首曰	(会意。小篆字形,从冃(mào),从取。本义:冒犯夺取)。同本义。聚,聚合。总计;合计。古代考核政绩或军功时划分的等级,以上等为最。跟“殿”相对。假借为“绝”。表示程度,相当于“极”、“尤”。首位。凡要,即簿书的纲要、总目。
晰	xī	常用汉字 · 12画 · 部首日	光亮。清楚;明白。白,多指皮肤。
量	liáng liàng liang	常用汉字 · 12画 · 部首里	(形声。本义:用量器计算容积或长度)。同本义。衡量,酌量。双。量器,计算物体容积的器具,如斗斛一类的容器。度量;器量。容量,容受事物的限度。标准;规格。抱负。才华。估量;揣度。料想。——见“打量”(dǎliang);“掂量”(diāngliang)。
鼎	dǐng	常用汉字 · 12画 · 部首鼎	(象形。甲骨文字形,上面的部分象鼎的左右耳及鼎腹,下面象鼎足。本义:古代烹煮用的器物)。同本义 。盛行于商、周。用于煮盛物品,或置于宗庙作铭功记绩的礼器。统治者亦用作烹人的刑具。显赫,盛大。变革。
喷	pēn pèn	常用汉字 · 12画 · 部首口	(形声。从口,贲(bì或bēn)声。本义:怒叱)。同本义。泉水自地下涌出;喷出,喷射。马嘘气或鼓鼻。
喳	zhā chā	常用汉字 · 12画 · 部首口	(形声。从口,查声。本义:啁啾;震颤声)。同本义。下级(或仆人)对上级(或主人)的应诺声。低语声
晶	jīng	常用汉字 · 12画 · 部首日	(会意。甲骨文字形,从三日,表示光亮之意。本义:光亮,明亮)。同本义。清明;晴朗。
喇	lā lá lǎ la	常用汉字 · 12画 · 部首口	形容忽然发出的声音。流出来的口水。一半。唢呐的俗称形容食油或含油食物日久变坏的味道。
遇	yù	常用汉字 · 12画 · 部首辶	(形声。从辵(chuò),禺(yù)声。本义:相逢,不期而会)。同本义。遭受。又。对待、相待。抵挡;对付。遇合;投合。接触。际遇;机会。姓。
喊	hǎn	常用汉字 · 12画 · 部首口	(形声。从口,咸声。本义:尝味)。同本义。
遏	è	常用汉字 · 12画 · 部首辶	(形声。从辵(chuò),曷声。本义:抑制;阻止,阻拦)。阻止。断绝。伤害。遮拦;遮蔽。堰。
晾	liàng	常用汉字 · 12画 · 部首日	(形声。从日,京声。本义:晒干)。
景	jǐng	常用汉字 · 12画 · 部首日	(形声。从日,京声。本义:日光)。同本义。风景,景致。景象;情况。古代出门御尘的罩衣。钟乳,即钟面上隆起的部分。中国山名。指河北省邯郸县境的景山。指河南省景山。仰慕。大的。祥瑞。姓。
畴	chóu	常用汉字 · 12画 · 部首田	(形声。从田,寿声。本义:已耕作的田地)。同本义。同类,类别壅土。报酬,酬答
践	jiàn	常用汉字 · 12画 · 部首足	(形声。从足,戋(jiān)声。本义:踩,践踏)。同本义。履行;实现。登上,承袭。依循,顺着。灭除。凭借。
跋	bá	常用汉字 · 12画 · 部首足	(形声。从足,犮(bó)声。本义:草中行走,越山过岭)。同本义。扭转。踏,踩。文体的一种。附在正文之后。即后序。
跌	diē	常用汉字 · 12画 · 部首足	(形声。从足,失声。本义:失足摔倒)。同本义。失足。喻指犯过失。放荡不羁。
跑	páo pǎo	常用汉字 · 12画 · 部首足	(形声。从足,包声。本义:兽用足刨地) 同本义。急走。逃走;躲避。
跛	bǒ	常用汉字 · 12画 · 部首足	(形声。从足,皮声。本义:瘸,腿或脚有毛病)同本义。瘸腿的人。
遗	wèi yí	常用汉字 · 12画 · 部首辶	给予;馈赠。送交;交付。输送。加给。(形声。从辵(chuò),贵声。本义:遗失)。同本义。遗漏,因疏忽而漏掉。遗弃;舍弃。不自主地排泄。残存。留下。遗忘。遗留。堕,落下;下垂。遗失之物。姓。
蛙	wā	常用汉字 · 12画 · 部首虫	(形声。从虫,圭声。本义:田鸡类动物。青蛙) 同本义。凹隐。扳着脸的样子。
蛛	zhū	常用汉字 · 12画 · 部首虫	蜘蛛。
蜓	tíng	常用汉字 · 12画 · 部首虫	——见［蜻蜓］（qīngtíng）。
蜒	yán	常用汉字 · 12画 · 部首虫	蜿蜒,龙蛇爬行。
蛤	gé há	常用汉字 · 12画 · 部首虫	(形声。从虫,合声。本义:蛤蜊) 同本义。产于浅海泥沙中,也可以人工养殖。肉可食。
喝	hē hè	常用汉字 · 12画 · 部首口	(形声。从口,曷声。(yè)本义:声音幽咽。如:嘶喝。又指饮。特指饮酒) 饮。北方称饮为喝 。如:喝水;喝茶;喝汤;喝咖啡。用以表示惊讶。同“嗬”。大声喊叫。买卖时吆定商品的价钱。
鹃	juān	常用汉字 · 12画 · 部首鸟	(形声。从鸟,肙(yuān)声。本义:鸟名,即杜鹃)又名郭公、杜宇、布谷、子规。一种常见的鸟,上体灰褐色,下体白色而具暗色横斑,其显著特点是双音节叫声,并把卵产于别的鸟巢中为它代孵,吃毛虫,是益鸟。
喂	wèi	常用汉字 · 12画 · 部首口	(餵、喂是近代的“餧”字) 喂食。
喘	chuǎn	常用汉字 · 12画 · 部首口	(形声。从口,耑(duān)声。本义:喘息,急速地呼吸)。同本义。轻声说话。
喉	hóu	常用汉字 · 12画 · 部首口	喉头。
喻	yù	常用汉字 · 12画 · 部首口	(形声。从口,俞声。本义:告知,把情况通知某人。同“谕”)。同本义。晓喻;开导。知晓;明白。比喻。
啼	tí	常用汉字 · 12画 · 部首口	(形声。从口,帝声。本义:放声痛心地哭)。同本义。叫鸣。哭泣。眼泪 。
喧	xuān	常用汉字 · 12画 · 部首口	(形声。从口,宣声。“宣”有“宣扬”义,也有表义作用。本义:声音大而嘈杂)。同本义。显赫。
嵌	qiàn	常用汉字 · 12画 · 部首山	(形声。本义:山谷深的样子)。张开的样子。山洞,岩洞。
幅	fú	常用汉字 · 12画 · 部首巾	(形声。从巾,畐(fú)声。从“巾”表示与布帛有关。声符“畐”训“满”(参“福”字条),在字中亦兼有表义作用。布帛的宽度(广)与“满”有相通之处,故可以引申。本义: 布帛的宽度)。同本义。古制一幅为二尺二寸。今为布帛、呢绒等宽度的通称。引申指地面或书画面的广狭。指布帛或纸张。覆盖,用东西遮在…上面。古称富贵寿考为福。
帽	mào	常用汉字 · 12画 · 部首巾	(形声。从巾,冒声。巾是丝织品,表示材料。字本作“月”,象帽形,又作“冒”。本义:帽子)。同本义。形状或作用像帽子或各种保护头部的物件。戴帽。
赋	fù	常用汉字 · 12画 · 部首贝	(形声。从贝,武声。从“贝”,表示与财物有关。本义:征收)。同本义。缴纳赋税。给予;授予。做诗。诵读;吟咏。陈述。颁布。又。田赋;赋税。特指民赋,即征收的兵车、武器、衣甲或银钱。徭役;兵役。兵,军队。中国古代文体,盛行于汉魏六朝,是韵文和散文的综合体,通常用来写景叙事,也有以较短篇幅抒情说理的。
赌	dǔ	常用汉字 · 12画 · 部首贝	(形声。从贝,者声。本义:用财物作注比输赢)。
赎	shú	常用汉字 · 12画 · 部首贝	(形声。左形,右声。本义:用财物换回人或抵押品)。同本义。用财物脱罪或抵免过失。
赐	cì	常用汉字 · 12画 · 部首贝	(形声。从贝,易声。从“贝”,表示与钱财有关。本义:赏赐)。给予;上给予下。
赔	péi	常用汉字 · 12画 · 部首贝	(形声。从贝,咅(pǒu)声。“贝”是古代货币,与财产买卖有关。本义:补还损失)。
黑	hēi	常用汉字 · 12画 · 部首黑	(会意。小篆字形,上面是古“囱”字,即烟囱;下面是“炎”(火)字,表示焚烧出烟之盛。合起来表示烟火熏黑之意。本义:黑色)。同本义。昏暗无光。黑色物质、物体。黑色黍米。黑色的猪羊。黑龙江省的简称。说…的坏话,诽谤 。 如: 黑了良心。
铸	zhù	常用汉字 · 12画 · 部首钅	(形声。从金,寿声。甲骨文字形,会意。上面是双手拿“鬲”(lì,古炊具),下面是“皿”;鬲、皿表熔化金属的锅炉。中间象被熔铸的金属。小篆变为形声字。本义:铸造)。同本义 。锤炼,雕琢金属或以液态非金属材料(如塑料)浇制成器的统称。造就。锤炼;雕琢。
铺	pū pù	常用汉字 · 12画 · 部首钅	(形声。从金,甫声。本义:衔门环的底座。又称“铺首”)。同本义。铜器名。豆属。其上为一平的直壁浅盘。铺与豆的区别在于它没有细长的把柄,在盘下连铸一较宽的高圈足。把东西展开或摊平。安排,摆设。披挂;覆盖。商店。俗作“铺”。驿站。古代传递公文和投递信件的地方。现多用于地名。
链	liàn	常用汉字 · 12画 · 部首钅	(形声。从金,连声。(liàn)本义:铅矿)。链条。
销	xiāo	常用汉字 · 12画 · 部首钅	(形声。从金,肖声。本义:熔化金属)。同本义。溶化;消融。清失;消除;消散。耗尽,毁灭。排遣,打发。衰敝;衰残。消耗,耗费。注销。卖,出售。古代的一种刀。生铁。生丝缯;帆网。
锁	suǒ	常用汉字 · 12画 · 部首钅	(形声)。置于可启闭的器物上,以钥匙或暗码(如字码机构、时间机构、自动释放开关、磁性螺线管等)打开的扣件。一种用铁环钩连而成的刑具。链子。加锁,用锁锁住。束缚。姓。
锄	chú	常用汉字 · 12画 · 部首钅	(形声。从金,助声。本义:锄头。一种长柄农具,其刀身平薄而横装,专用于中耕、除草、疏松植株周围的土壤) 同本义。用锄头整理田地,除草。根除,铲除。
锅	guō	常用汉字 · 12画 · 部首钅	(形声。从金,咼(kuā)声。本义:炊事用具,圆形中凹,多用铁制)。车釭。即车轴外面的铁圈。
锈	xiù	常用汉字 · 12画 · 部首钅	金属表面所生的氧化物。锈病 。植物受真菌类锈菌寄生而引起的一种病害,此病害对农林生产危害很大。生锈。
锋	fēng	常用汉字 · 12画 · 部首钅	(形声。从金,夆fēng声。本义:刀、剑等的尖端或锐利部分)。同本义。借指刀、剑等有刃的兵器。泛指器物尖锐犀利的部分。队伍的前列。昆虫名。比喻众多。用锋翻地。
锌	xīn	常用汉字 · 12画 · 部首钅	一种蓝白色的晶状的二价金属元素,有低至中等的硬度,纯时有延性,主要用作钢铁的保护性涂层 ——元素符号Zn。
锐	ruì	常用汉字 · 12画 · 部首钅	(形声。从金,兑声。本义:芒)。同本义。精锐的军队或士卒。锐气,勇往直前的气势。锐利的兵器。锋利。精锐。勇猛;急速。急切。坚定,坚决。姓。
甥	shēng	常用汉字 · 12画 · 部首生	(形声。从男,生声。本义:姐妹的儿子)。同本义。古代为姑之子、舅之子、妻之兄弟、姊妹之夫的通称。
掰	bāi	常用汉字 · 12画 · 部首手	张开。
短	duǎn	常用汉字 · 12画 · 部首矢	(会意。从矢,豆声。从“矢”,表示短不短可以用矢来量。古代弓长箭短,量长的用弓作标准,量短的用箭作标准。本义:不长)。同本义 。指两端距离小。与“长”相对。指空间或指时间。寿命短促。浅薄,简陋。引申为不足,缺乏。指摘缺点,揭发过失。指短路。拦路抢夺。缺点;过失。姓。
智	zhì	常用汉字 · 12画 · 部首日	(会意兼形声。从日,从知,知亦声。“知”的后起字。本义:聪明,智力强) 同本义。智慧,智谋。计谋;策略。知识。智士。有智慧的人。春秋时晋国地名 ,在今山西省永济县北。知道,认识。姓。
氮	dàn	常用汉字 · 12画 · 部首气	一种普通的非金属元素,原子序数7,游离态的氮通常为无色、无嗅、无味的不溶性双原子惰性气体,约占空气的78%(按体积计) ——元素符号N。
毯	tǎn	常用汉字 · 12画 · 部首毛	厚实有毛绒的织品。
氯	lǜ	常用汉字 · 12画 · 部首气	卤族的一种普遍非金属一价和高价元素,其最熟知的形式是重的、绿黄色、难闻的刺激性有毒气体 ——元素符号Cl。
鹅	é	常用汉字 · 12画 · 部首鸟	(形声。从鸟,我声。本义:家禽名。头大,喙扁阔,颈长,尾短。羽毛为白色或黑色)。同本义。鸭科中一明确亚科的鸟 ,亲缘关系是在天鹅和鸭之间,额部有橙黄色或黑褐色肉质突起,有一高的稍扁平的嘴,腿中等长,身体通常较鸭大,颈也较鸭长。鹅骄(形容像鹅一般高傲);。鹅顶椅(靠背高的椅子);。鹅眼(古代钱币名称。魏时所锖);。鹅头(讹头。讹诈,敲竹杠);。鹅项懒凳(狭长的矮凳);。鹅梨角儿(形容像鹅梨一样的发髻);。鹅掌鸭信(鹅趾掌,鸭舌头。可做名菜)。
剩	shèng	常用汉字 · 12画 · 部首刂	(形声。从刀,乘声。本义:剩余;余下)。同本义。多。表示程度,相当于“更”、“更加”。表示无条件限制,相当于“尽管”。余留下来 所剩无几;给你剩多少?。阉割。
稍	shāo shào	常用汉字 · 12画 · 部首禾	(形声。从禾,肖声。本义:禾末)。同本义。俸禄,官吏的薪水。逐渐。略微;稍微。表示范围,相当于“只”、“但”。表示程度深,相当于“颇”、“甚”。小。
程	chéng	常用汉字 · 12画 · 部首禾	(形声。从禾,呈声。本义:称量谷物,并用作度量衡的总名)。度量衡的总称。法式;章程,规格。典范;法度。限度;期限;定额。路程;行程。
稀	xī	常用汉字 · 12画 · 部首禾	(形声。从禾,希声。本义:稀疏)。同本义。少,不多。薄,不浓。很;极。形容程度深。
税	shuì	常用汉字 · 12画 · 部首禾	(形声。从禾,兑(duì)声。本义:田赋,征收的农产品)。同本义。泛指一切赋税。细疏布制的丧服。利息。征收或交纳赋税。租赁。释放,解脱。原指向死者赠送衣被 ,后泛指赠人财物。
筐	kuāng	常用汉字 · 12画 · 部首竹	(形声。从竹,匡声。本义:筐子,盛东西的方形竹器)。同本义。后亦用柳条或荆条等编成。簪。
等	děng	常用汉字 · 12画 · 部首竹	(会意。从竹,寺声。寺官曹之等平也,寺者,简册杂积之地,寺亦声。本义:整齐的简册)。同本义。等级;辈分。台阶。类型;样子。等同,使一样。等待,等候。区别等次。程度、数量相等。用在人称代词或指人的名词后面,表示复数。列举后煞尾。表示列举未尽(可叠用)。一样,同样。
筑	zhù	常用汉字 · 12画 · 部首竹	(形声。从木,筑声。本义:筑墙。古代用夹板夹住泥土,用木杆把土砸实)。捣土使坚实。修建;建造(仅指建筑物从无到有的建造)。打,击。切断。捅。装填。拾取。捣土用的杵。指建筑物。(形声。筑(旧读zhú),会意兼形声。从竹,从巩(gǒng),巩亦声。竹是乐器,巩是抱持。表示抱持乐器。“筑”是古代乐器名。)。古击弦乐器 。已失传,大体形似筝,颈细而肩圆。演奏时,以左手握持,右手以竹尺击弦发音。水名 。即今汉水支流南河及其支流马栏河。贵州省贵阳市的简称。
策	cè	常用汉字 · 12画 · 部首竹	(形声。从竹,朿(cì)声。“朿”,指带有芒刺的植物,作“策”的声符,同时兼表字义。本义:竹制的马鞭(头上有尖刺))。同本义。引申为驾驭马匹的工具,包括缰绳之类。策略;计谋。中国古代用竹片或木片记事著书,成编的叫做策。策书。古代君主对臣下封土、授爵、免官或发布其他敕令的文件。引申为策命;策免。古代称应试者对答的文字为策。也指一种议论文体。古代用以计算的筹子(小竹片)。卜筮用的蓍草。用鞭棒驱赶骡马役畜等。引申为驾驭。拄着;拄着棍杖。引申为搀扶;架起。谋划;策划。
筛	shāi	常用汉字 · 12画 · 部首竹	(形声。从竹,师声。本义:一种竹器,筛子) 同本义。用筛子过物。摇动;抖动。洒;分散地落下。把酒盛在容器里,放在火上使热。胡言乱语。
筒	tǒng	常用汉字 · 12画 · 部首竹	(形声。从竹,同声。本义:竹筒,粗大的竹管)。同本义。泛指管筒状器物。竹名 。也称“射筒竹”。
筏	fá	常用汉字 · 12画 · 部首竹	(形声。从竹,伐声。本义:筏子) 同本义。
答	dā dá	常用汉字 · 12画 · 部首竹	——义同“答”(dá),专用于“答应”、“答理”等词。(形声。从竹,合声。①本义:以竹补篱。②答谢,报答)。回话;应对。报礼;报答。引申为酬答。
筋	jīn	常用汉字 · 12画 · 部首竹	(会意。从肉,从力,从竹。因为竹多筋,故从“竹”。本义:附着在骨上的韧带)。同本义。
筝	zhēng	常用汉字 · 12画 · 部首竹	(形声。从竹,争声。从竹,与乐器有关。本义:拨弦乐器。形似瑟。筝是拨弦乐器,战国时已流行于秦地,故又称“秦筝”) 同本义。
傲	ào	常用汉字 · 12画 · 部首亻	(形声。从人,敖声。本义:骄傲;傲慢无理)。同本义。经传以敖为之。急躁。傲慢而轻视。
傅	fù	常用汉字 · 12画 · 部首亻	(形声。从人,尃(fū)声。本义:辅佐)。同本义。辅导。靠近,迫近。依附,依凭。附着。捎带,随带。以财物助丧事。姓。
牌	pái	常用汉字 · 12画 · 部首片	(形声。从片,卑声。“片”指锯开的木头的一半,又泛指扁而薄的东西。本义:题榜,招牌)。户籍板。犹今之户口簿。“牌军”的略称。指“万岁龙牌”。
堡	bǎo bǔ pù	常用汉字 · 12画 · 部首土	(形声。从土,保声。堡是后起字。本义:土筑的小城)。同本义。又。指堡垒。—— 地名用字。五里铺、十里铺等的“铺”字,有的地区写作“堡”。
集	jí	常用汉字 · 12画 · 部首隹	同本义。引申为停留。集合;聚集;收集。依就。至;遭受。成功。召集。和协,安抚。安定。集子,诗文的汇集。集镇,市镇。集部,中国图书的经、史、子、集四部分类法把诗文等作品列为集部。中国古州名 。北魏废帝三年(公元554年)改东巴州置。取东北集川水为名,寄治梁州(今陕西省汉中市)。姓。
焦	jiāo	常用汉字 · 12画 · 部首灬	(会意。金文字形,上面是“隹”(zhuī),短尾鸟,下面是“火”。把鸟放在火上烤。本义:物经火烧而变黄或成炭)。同本义。干枯;枯焦。叫喊,吵闹。着急。干燥。烧焦的。物体烧焦所产生的气味。焦耳的简称 ——符号J。古国名 。姬姓,在今河南陕县南,春秋时灭亡。
傍	bàng	常用汉字 · 12画 · 部首亻	(形声。从人,旁声。本义:靠近,临近)同本义。辅佐。旁边,侧。唐代州名。在今云南双柏县境。
储	chǔ	常用汉字 · 12画 · 部首亻	(形声。从人,诸声。本义:积蓄备用)。同本义。姓。
皓	hào	常用汉字 · 12画 · 部首白	(形声。从白,告声。本作“皜”。本义:光明)。同本义。白;洁白。广大的样子。借指老翁。
皖	wǎn	常用汉字 · 12画 · 部首白	春秋时国名 。汉置县。在今安徽省潜山县北。
粤	yuè	常用汉字 · 12画 · 部首米	助词。古与“聿”、“越”、“曰”通用,用于句首或句中。旧地名 。百粤之地,即今广东和广西等地。
奥	ào	常用汉字 · 12画 · 部首大	(形声。本义:古时指房屋的西南角。古时祭祀设神主或尊者居坐之处)。同本义。泛指室内深处。宫廷内机密的地方。深。深奥,精深不易理解。奥地利的简称。姓。
街	jiē	常用汉字 · 12画 · 部首行	(形声。从行,圭声。“街”,小篆象纵横相交的十字路。本义:四路相通的大道)。城市的大道,两边有房屋的、比较宽阔的道路,通常指开设商店的区段。市集。径路。
惩	chéng	常用汉字 · 12画 · 部首心	(形声。从心,征声。本义:警戒;鉴戒)。同本义。处罚。改定。
御	yù	常用汉字 · 12画 · 部首彳	(会意。甲骨文字形。左为“行”的省写,中为绳索形,右是“人”形。意为人握辔行于道中,即驾驶车马。本义:驾驶车马)。同本义。也作“驭”。后亦泛指驾驭一切运行或飞行之物。统治;治理。统率;率领。使用;应用。载,装运。抵挡。违逆。指侍奉皇帝的妃嫔。驾驶车马的人。车和马。仆役,侍从,陪伴主人提供服务的人。宫中女官名。对帝王所作所为及所用物的敬称。息止;禁止;阻止。抵御。
循	xún	常用汉字 · 12画 · 部首彳	(形声。从彳,盾声。彳(chì),双人旁,与行走有关。本义:顺着,沿着)。同本义。按照;依序。遵循,仿效。遵守。巡视。步行。安抚。抚慰;摩;抚摩。恭谨。
艇	tǐng	常用汉字 · 12画 · 部首舟	(形声。从舟,廷声。本义:轻便小船)。同本义。大船 。
舒	shū	常用汉字 · 12画 · 部首舌	(会意兼形声。从舍,从予,予亦声。本义:伸展,舒展)。同本义。展现。宣泄积滞,抒发。徐;迟缓;舒缓。舒畅。宽;广阔。古国名 。春秋时为徐所灭。后置县,故城在今安徽省庐江县西。徐缓。姓。
逾	yú	常用汉字 · 12画 · 部首辶	(形声。从辵(chuò),俞声。本义:越过,经过)。同本义。超过;胜过。指晋升职位。更加。远。
番	fān pān	常用汉字 · 12画 · 部首田	(象形。小篆字形,上面象野兽的足掌和爪,下面的“田”象兽足踩出的印子。①本义:兽足。②更替,替代,轮流)。更替,轮值。次,回。片;枚;块。古代计算纸张的单位。草木茂盛。篱笆。姓。
释	shì	常用汉字 · 12画 · 部首采	(形声。从采(biàn),睪(yì)声。采,有辨别、分析义。本义:脱掉,解下)。同本义。解释。释放;赦免。舍弃;抛弃。放下;放开。消失。溶化;消融。泡在水里或其他液体里。发,射出。解除;免除。淘米。
禽	qín	常用汉字 · 12画 · 部首忄	(象形。本义:走兽总名)。同本义。鸟类的总称。捕获鸟兽。捕捉。战胜。
腊	là xī	常用汉字 · 12画 · 部首月	(形声。从肉,巤(liè)声。本义:年终祭祀) 祭名。古代阴历十二月的一种祭祀。冬至后第三个戌日祭祀众神。农历十二月。人出生后七天。(形声。从肉,昔声。本义:干肉) 同本义。晒干;制成干肉。
脾	pí	常用汉字 · 12画 · 部首月	(形声。从月(肉);卑声。本义:脾脏。人和脊椎动物的内脏之一,是贮血和产淋巴与抗体的器官,有调节新陈代谢的作用。中医称“五脏”之一)。同本义。大腿。牛胃。
腋	yè	常用汉字 · 12画 · 部首月	(形声。从肉,夜声。本作“亦”,“大”(人)下两点表示腋的部位。本义:胳肢窝)。同本义。禽兽翅膀或前腿内侧和胸部相连的部分。
腔	qiāng	常用汉字 · 12画 · 部首月	(会意兼形声。从月(肉),从空,空亦声。本义:人和动物体内的空处)。同本义。
腕	wàn	常用汉字 · 12画 · 部首月	(形声。从肉,宛声。本义:臂下端与手掌相连可以活动的部分)。同本义。和臂相仿的任何某些突起物。海百合的放射线。头足类的触手。似触手的突起物。某些水母脑内的白色带状物。构成鳃足类触手冠的任意卷曲的肌肉附肢。手段;伎俩。握。
鲁	lǔ	常用汉字 · 12画 · 部首鱼	(会意。甲骨文从鱼,从口,“口”象器形。整个字形象鱼在器皿之中。本义:鱼味美,嘉)。同本义。迟钝,愚钝。中国春秋时国名 ,在山东省南部。周武王封其弟周公旦于鲁。战国时为楚所灭。姓。
猩	xīng	常用汉字 · 12画 · 部首犭	猩猩的省称。鲜红色。
猬	wèi	常用汉字 · 12画 · 部首犭	兽名。即刺猬。
猾	huá	常用汉字 · 12画 · 部首犭	(形声。从犬,骨声。本义:狡诈,狡猾) 同本义。弄,播弄。
猴	hóu	常用汉字 · 12画 · 部首犭	像猴子一样攀援纠缠。
惫	bèi	常用汉字 · 12画 · 部首心	(形声。从心,備声。本义:疲乏,困顿)。同本义。
然	rán	常用汉字 · 12画 · 部首灬	(会意兼形声。下形,上声。四点是火的变形。声符读yàn,是狗肉的意思,下面加火以烤狗肉。本义:燃烧)。同本义。“然”是“燃”的本字。俗字作“燃”。明白。耀;照耀。以为…对;同意。形成。宜;合适。但是,然而。于是。是,对 假借为嘫。如此,这样,那样。用作形容词或副词的词尾,表示状态,有“如”的意义。用作句末语气词,表示比拟,有“…的样子”之意。常与“如”、“若”连用,有“如…一般”、“像…一样”之意。用作句末语气词,表示断定或决定,相当于古汉语的“焉”、“也”。姓。
馈	kuì	常用汉字 · 12画 · 部首饣	(形声。从食,贵声。本义:以食物送人)。同本义。进食。赠送。祭祀。饮食之事。食物。
馋	chán	常用汉字 · 12画 · 部首饣	(形声。从食,毚(chán)声。本义:贪嘴,贪食)。
装	zhuāng	常用汉字 · 12画 · 部首衣	(形声。从衣,壮声。本义:行装)。同本义。服装。装饰;打扮(指一般的装点)。装作,假装。贮放;藏。运载。装入;放进。
蛮	mán	常用汉字 · 12画 · 部首虫	(形声。本义:中国古代对南方各族的泛称。旧时也用以泛指四方的少数民族)。同本义。
就	jiù	常用汉字 · 12画 · 部首尢	(会意。京尤会意。“京”意为高,“尤”意为特别。本义:到高处去住)。同本义。靠近;走近;趋向。归于。完成;成功。迁就;将就。登上;开始,启。从。
敦	dūn duì	常用汉字 · 12画 · 部首攵	(形声。从“攴”,表示与以手持械的动作有关。本义:投掷)。厚道。诚朴宽厚;厚重;笃实。厚实。勤勉,专心且刻苦地完成任务。友谊深厚。丰富,丰厚。督促;管理。劝导并勉励。古代食器 。青铜制。盖和器身都作半圆球形,各有三足或圈足,上下合成球形,盖可倒置。流行于战国时期。
斌	bīn	常用汉字 · 12画 · 部首文	文质兼备的。
痘	dòu	常用汉字 · 12画 · 部首疒	(形声。从疒(chuáng),豆声。本义:病名。俗称天花,也叫痘疮或天疮)。指痘苗。特指牛痘苗。
痢	lì	常用汉字 · 12画 · 部首疒	(形声。从疒(chuáng),表示与疾病有关,利声。本义:病名。即“痢疾”) 同本义。
痪	huàn	常用汉字 · 12画 · 部首疒	瘫痪。
痛	tòng	常用汉字 · 12画 · 部首疒	(形声。从疒,甬声。疒(chuáng),与疾病有关。本义:疼痛)。同本义。痛恨。痛惜;怜惜;叹惜。又如痛惋(谓极其怅恨而惋惜)。痛爱,怜爱。痛苦,身体或精神感到非常难受。悲痛;悲伤。痛快;尽兴。
童	tóng	常用汉字 · 12画 · 部首立	(形声。重省声。(qiān),罪。本义:男奴仆)。同本义。小孩。年幼未成年的人。指处女或童男的贞操。又如童男子(从未接近女色的男子);童真(童贞)。眼珠牛羊等未生角或无角。又如童牛(无角之牛);童羊(无角的公羊)。山岭,田地无草木。如童土(没有草木的土地);童秃(光秃);童阜(光秃的土山);童枯(光秃枯竭);童童(光秃的样子)。植物无枝干或无果实。如童木(无枝干的树木);童稂(形似禾苗而不结实的一种野草);童梁(禾生穗而不实者)。头秃;没有头发。如童首(秃头);童颠(秃顶)。姓。
竣	jùn	常用汉字 · 12画 · 部首立	(形声。本义:退位)。同本义。完成,事毕。
阔	kuò	常用汉字 · 12画 · 部首门	(形声。从门,活声。本义:阔大,很开阔)。同本义。宽横的距离大。迂阔,不切实际。侈大,荣显,富有。久不相见。胸襟开阔,才思敏捷。离别。放宽,宽缓。
善	shàn	常用汉字 · 12画 · 部首口	(会意,从言,从羊。言是讲话。羊是吉祥的象征。本义:吉祥)。同本义。好;美好。善良;好心。慈善。表示应诺。对,好。高明,工巧。熟悉,经常看到或经历,易于辨认。善于,擅长。有做好或处理好某事的才能或技巧。修治。羡慕。喜爱。认为好。赞许。友好,亲善。好人;好事;好处。好好地。多;常;易。姓。
翔	xiáng	常用汉字 · 12画 · 部首羽	(形声。从羽,羊声。本义:翅膀平直不动盘旋地飞)。同本义。悠闲自在地行走。飞后停息。回顾。详尽。吉利。
羡	xiàn	常用汉字 · 12画 · 部首八	(会意。本义:羡慕,因喜爱而希望得到)。同本义。超过,盖过。富余,足够而多余。长。
普	pǔ	常用汉字 · 12画 · 部首日	(会意兼形声。小篆字形,从日,从并。“并”亦可以看作声。“普”是二人并排站着。本义:日无光)。同本义。遍,普遍;全面。广大。吐蕃俗称丈夫(成年男子)为普。姓。
粪	fèn	常用汉字 · 12画 · 部首米	(会意。小篆字形,从采(矢)。合起来表示双手持簸箕清除污秽。本义:扫除)。同本义。施肥。屎,粪便。
尊	zūn	常用汉字 · 12画 · 部首寸	(会意。甲骨文字形,象双手捧着尊,从酉,从収(gǒng)。小篆从酋,从収。或作寸。本义:酒器)。同本义。敬重;推崇。重视。减损。撙。节制;谦抑。遵行,遵从。置酒,把酒倒入杯、碗、尊中。尊奉。尊贵;高贵。高,高出。年龄大。重要;紧要。敬词。称呼父亲 称别人的父亲。如:尊上,尊大人(称人父母);尊大君(称人父亲);尊甫、尊公(称别人父亲);尊侯(敬称别人父亲);尊堂(敬称他人母亲);令尊 称自己的父亲、母亲。如:尊慈,尊萱(对自己母亲的敬称);家尊。亦以称“伯叔”。称盛酒器。称塑像。
奠	diàn	常用汉字 · 12画 · 部首大	(象形。金文字形,上面是“酋”(即“酒”),下面象放东西的基物。本义:设酒食以祭)。同本义。特指初死时的备供品敬礼。荐献;敬献。定;确定,规定。祭品。
道	dào	常用汉字 · 12画 · 部首辶	(形声。从辵(chuò),首声。本义:供行走的道路)。同本义。道德,道义、正义。道教的教义。道教;道士。路程;行程。方式,方法;技能。地域的区划名 。汉制,县有蛮夷的称“道”。后泛指一般行政区域。明清时指在省府之间设置的监察区。如“凤庐道”。学术 或宗教教义。指宇宙的本体及其规律。方向;志向。说,讲。取道,经过。引导,疏导。料;想,以为。从,由。
遂	suí suì	常用汉字 · 12画 · 部首辶	—如“半身不遂”（bànshēn-bùsuí）(身体一侧发生瘫痪)。(形声。从辵(chuò))。同本义。行,往。称心如意;使得到满足。顺利地完成;成功。通达。生长。决断。坠落,往下沉又如:遂失(坠失;废弛);遂亡(坠亡;废弛)。道路。射者穿的臂衣。田间排水的小沟。《注》:“遂,广深二尺”。又,遂人,周代官名,地官之属。水道。就;于是 。多用于书面语。竟然。表示最后的结果,终于,到底。顺利的。已成,终了。
曾	céng zēng	常用汉字 · 12画 · 部首曰	(形声。从八,从曰。本义未明。副词。用来加强语气)。过去发生过——表示有过某些行为或情况。竟,竟然;尚。重叠。重。指中间隔两代的亲属关系。谦词。犹“末”。高举的样子。“增”的本字。增加。乃,竟。表示相承,相当于“则”、“是”、“就”。姓。
焰	yàn	常用汉字 · 12画 · 部首火	(形声。从火,臽(xiàn)声。本义:火苗)。同本义。火光;辉光。光亮。燃烧。照耀。
港	gǎng	常用汉字 · 12画 · 部首氵	(形声。从水,巷声。本义:江河的分流)。同本义 。今多用于河流名。
滞	zhì	常用汉字 · 12画 · 部首氵	(形声。从水,带声。本义:水流不畅)。同本义。积压。长期积存,未作处理。停止;阻塞;静止。郁积。凝聚,积聚。陷入;沉抑。暂时停留于某处;逗留。遗落;遗漏。久,长期。反应迟钝;缺乏活力、生气或成效。固执;拘泥。深奥;不易通晓。
湖	hú	常用汉字 · 12画 · 部首氵	(形声。从水,胡声。本义:陆地上聚积的大水体)。湖泊,积水的大泊。古县名 。在今河南省灵宝县西。古水名 。在河南省灵宝县西南,发源于夸父山,北流入黄河。
湘	xiāng	常用汉字 · 12画 · 部首氵	(形声。从水,相声。本义:湘江)。同本义。湘山。即君山。在湖南省岳阳市西南洞庭湖中。即黄陵山。在湖南省湘潭市北。烹煮。
渣	zhā	常用汉字 · 12画 · 部首氵	(形声。从水,查声。本义:渣滓,物质经提炼或使用后的残余部分)。同本义。碎屑。
渤	bó	常用汉字 · 12画 · 部首氵	水涌的样子。古州名 。辽置。约在今长春市附近。
渺	miǎo	常用汉字 · 12画 · 部首氵	(形声。从水,眇(miǎo)声。本义:水面辽阔)。同本义。遥远;邈远;渺茫。微小;藐小。又如渺无影响(没有一点儿踪影);渺小(藐小;微小);渺不足道(非常微小,不值得一谈)。
湿	shī	常用汉字 · 12画 · 部首氵	(会意兼指事。从水,顯(xiǎn或jìn)声。本义:潮湿)。同本义。迟缓;不通畅。沾湿,淋湿。
温	wēn	常用汉字 · 12画 · 部首氵	(形声。从水,昷声。本义:水名)。古水名。即今贵州省遵义市东的洪江。即今南盘江上游。温江,岷江支流,在今四川省温江县。古州名 。唐置,治所在今浙江省温州市,辖今永嘉、乐清、瑞安、平阳、文成、泰顺等县地。温暖,暖和。温和,温厚;和气。富足。复习。蕴藏,蕴积。姓。
渴	kě	常用汉字 · 12画 · 部首氵	(形声。从水,曷声。本义:水干 )。口渴。比喻迫切。
溃	kuì	常用汉字 · 12画 · 部首氵	(形声。从水,贵声。本义:水冲破堤岸)。同本义。引申为冲破。战败;大败。毁坏。腐烂。达到。
溅	jiàn	常用汉字 · 12画 · 部首氵	(从水,贱声。本义:用污水挥洒)。同本义。液体受到冲激向四外飞射。
滑	huá	常用汉字 · 12画 · 部首氵	(形声。从水,骨声。本义:滑溜,光滑)。同本义。狡诈;油滑。亦指狡猾的人。浮华不实。滑动;滑过。中药。滑石。中医脉象之一,指脉搏跳动流畅。古国名 。在今河南。
湃	pài	常用汉字 · 12画 · 部首氵	湃湃冰镇或用冷水浸;漂
渝	yú	常用汉字 · 12画 · 部首氵	(形声。从水,俞声。本义:水由净变污,引申为改变,变)。同本义。泛滥。(shū)。通达。中国四川省重庆市的别称 。因自隋至宋渝州治此而得名。
湾	wān	常用汉字 · 12画 · 部首氵	(形声。从水,弯声。本义:河水弯曲处)。同本义。系泊,在水湾处停泊。用于水或水面,相当于“处”。
渡	dù	常用汉字 · 12画 · 部首氵	(形声。从水,度声。本义:渡过,过水)。同本义。通过,由此地、此时移到彼地彼时。摆渡处(常用于地名)。渡船。
游	yóu	常用汉字 · 12画 · 部首氵	(形声)。同本义。江河的一段。鸟媒,猎人驯养用以招引野鸟的家鸟。古水名 。淮河下游分支。由今江苏省涟水县、灌南县至连云港市入黄海。人或动物在水里浮行或潜泳。流动,不固定。遨游;游览;游玩,优游逍遥。结交;交游。游说;宣扬。孝察,学习。出访。姓。
滋	zī	常用汉字 · 12画 · 部首氵	滋水。一名兹水,今名磁河。源出河北省阜平县西部南坨山东,今为潴龙河支流。浆,液汁。滋味。滋生;繁殖。栽种。增长 (今国之疵,民之病,有滋而无损焉,乌所谓言之效邪?)——王安石《上田正言书二》。更加,愈益 ——表示程度。脏污,污浊。
渲	xuàn	常用汉字 · 12画 · 部首氵	(形声。从水,宣声。本义:一种绘画方法,先把颜料涂在纸上,再用笔蘸水涂抹使色彩浓淡适宜) 同本义。
溉	gài	常用汉字 · 12画 · 部首氵	(形声。从水,既声。本义:灌注)。同本义。洗,洗涤。漆饰酒尊。
愤	fèn	常用汉字 · 12画 · 部首忄	(形声。从心,贲(bēn)声。从“心”,表示与心情等有关。本义:郁结于心;憋闷)。同本义。充盈,旺盛。愤怒;怨恨。同“忿”。发,奋。
慌	huāng huǎng huang	常用汉字 · 12画 · 部首忄	(形声。从心,荒声。本义:急忙,忙乱) 同本义。散亡。
惰	duò	常用汉字 · 12画 · 部首忄	(形声。从心,隋省声。本义:不恭敬)。同本义。懈怠;懒惰。衰败。
愕	è	常用汉字 · 12画 · 部首忄	(形声。从心,咢声。本义:惊讶)。同本义 愕,惊也。——《广雅·释诂一》。又。直言。
愣	lèng	常用汉字 · 12画 · 部首忄	(楞的异体字)(形声。本义:呆,失神;傻气)。同本义 。发愣(发呆);愣呆呆(失神的样子);愣神(发呆)。塞。
惶	huáng	常用汉字 · 12画 · 部首忄	(形声。从心,皇声。本义:恐惧,惊慌) 同本义。
愧	kuì	常用汉字 · 12画 · 部首忄	(形声。从心,鬼声。本义:惭愧)。同本义。同“媿”。折辱人;使羞惭。责人罪咎。
愉	yú	常用汉字 · 12画 · 部首忄	(形声。从心,俞声。本义:和悦,快乐) 同本义。
慨	kǎi	常用汉字 · 12画 · 部首忄	(形声。从心,既声。本义:不得志而愤激)。同本义。疲惫的样子。假借为“嘅”。感慨,叹息(因悲痛、不愉快而发出的叹息)。
割	gē	常用汉字 · 12画 · 部首刂	(形声。从刀,害声。本义:用刀分解牲畜的骨肉)。同本义。泛指用刀截断。分割;割取。
寒	hán	常用汉字 · 12画 · 部首宀	(会意。金文外面是“宀”(mián),即房屋;中间是“人”;人的左右两边是四个“草”,表示很多;下面两横表示“冰”。寒冷是一种感觉,人们虽能感觉到,但是却看不见。于是古人就采用上述四个形体来创造这个字,人踡曲在室内,以草避寒,表示天气很冷。本义:冷,寒冷)。同本义。卑微;低微。声音凄凉。凋零;枯萎。恐惧;战栗。特指终止盟约。寒冷的季节。与“暑”相对。姓。
富	fù	常用汉字 · 12画 · 部首宀	(形声。从宀(miān),表示与房屋宫室有关。畐(fú)声。声符亦兼表字义。“畐”本像人腹满之形(参“福”字条),合“宀”为之,以示富人安居宫室,丰于饮馔之义。本义:财产多,富裕)。同本义(古跟“贫”,今跟“穷”相对)。(fú)。古称富贵寿考为福。多的;丰盛的。
寓	yù	常用汉字 · 12画 · 部首宀	(形声。从宀,禺(yù)声。宀,表示房屋。本义:寄居,寄住)。同本义。寄托。寄递;投寄。住所。
窜	cuàn	常用汉字 · 12画 · 部首穴	(会意。从鼠,从穴。老鼠在洞穴里,表示“隐匿”、“逃窜”。简化为“窜”,形声,从穴,串声。本义:躲藏)。奔逃。
窝	wō	常用汉字 · 12画 · 部首穴	巢穴,窟,尤指用作隐藏或避难用的洞穴。蜷伏。胡乱裹缠、蒙盖。陷。撮,噘。团弄,卷。
窖	jiào	常用汉字 · 12画 · 部首穴	(形声。从穴,告声。从“穴”,表示与洞穴有关。本义:方形地窖)。藏谷麦的地穴。坑;穴。贮藏;埋藏。
窗	chuāng	常用汉字 · 12画 · 部首穴	(象形。从穴,囱(cōng)声。“窗”本作“囱”(cōng),小篆字,象天窗形,即在屋上留个洞,可以透光,也可以出烟(后来灶突也叫“囱”)。后加“穴”字头构成形声字。本义:天窗)。同本义。泛指房屋、车船上通气透光的洞口。
窘	jiǒng	常用汉字 · 12画 · 部首穴	(形声。从穴,君声。本义:生活或处境困迫,没有办法)。同本义。急的。使为难,迫使对方陷入困境。要;切要。拘禁;局限。屡;仍。
遍	biàn	常用汉字 · 12画 · 部首辶	(形声。本义:走遍) 同本义。泛指普遍。
雇	gù hù	常用汉字 · 12画 · 部首隹	(形声。从隹(zhuī),表示与鸟类有关。户声。(hù)本义:鸟名。即九雇,一种候鸟)。出钱让人给自己做事。受雇。给价,付报酬。古籍中鸟名。通作扈。
裕	yù	常用汉字 · 12画 · 部首衤	(形声,从衣,谷(yù)声。衣物丰饶。本义:富饶。财物多。也指使富饶)。同本义。宽裕。教导。
裤	kù	常用汉字 · 12画 · 部首衤	(形声。从衣,库声。本义:裤子。古指套裤,今为成人满裆裤及小儿开裆裤的通称) 同本义。
裙	qún	常用汉字 · 12画 · 部首衤	(形声。从衣,君声。《说文》从“巾”。本义:下裳,古代男女都有下裳)。古指下裳,今专指裙子。
禅	chán shàn	常用汉字 · 12画 · 部首礻	(形声。从示,单声。从“示”,表示与鬼神有关。(shàn)本义:古代帝王辟基祭地) 佛教语。梵语“禅那”之略。原指静坐默念表示与佛教有关的事物指禅房(形声。从示,单声。从“示”的字多与鬼神祭祀有关。本义:古代帝王祭地礼)。同本义。注:“除地于梁甫之阴,为墠之祭地也。变墠为禅神之也。”。让位。帝王让位给他姓。也指传位于继承人。传授。引申为继承。尽。独断专行。
禄	lù	常用汉字 · 12画 · 部首礻	(形声。从示,录声。本义:福气、福运)。同本义。官吏的俸给。册籍。给予俸禄。总领。
谢	xiè	常用汉字 · 12画 · 部首讠	(形声。从言,射声。本义:向人认错道歉)。同本义。用言辞委婉地推辞拒绝。辞去官职。告辞;告别。告诉,告诫。以言辞相问候。感谢。逝去。酬谢。衰败,衰落。逊让;不如。避免,避开。又如:谢短(避其所短)。古邑名 。在今河南省唐河南。
谣	yáo	常用汉字 · 12画 · 部首讠	(形声。)。流言。行歌,乐曲。
谤	bàng	常用汉字 · 12画 · 部首讠	(形声兼会意。从言,旁声。本义:在背后公开地议论或批评某人的短处)。同本义。诽谤。诅咒。
谦	qiān	常用汉字 · 12画 · 部首讠	(形声。从言,兼声。本义:谦虚,谦逊) 同本义。嫌疑。丧失。同时具备若干方面。满足。
犀	xī	常用汉字 · 12画 · 部首牛	犀牛。犀牛皮。犀牛角 。可入药,也可制器。锋利;坚固。
属	shǔ zhǔ	常用汉字 · 12画 · 部首尸	(形声。从尾,蜀声。“尾”与身体相连。①(zhǔ)本义:连接。②类,族)。种类。亦特指牲类。亲属。侪辈。指同一类人。官属;部属。生物分类系统上所用的等级之一 。动植物分类以种为单位,相近的种合为属,相近的属合为科。归属;隶属。系;是。继续;连接(侧重于互相衔接)。缀辑;撰写。使聚集在一起;集合。托付;委托。叮嘱;告诫推托;借口。关注。佩带。关连 神情与苏、黄不属。——明·魏学洢《核舟记》。跟随。(zhù)倾注。
屡	lǚ	常用汉字 · 12画 · 部首尸	(从尸,娄声。本义:多次) 同本义。
强	jiàng qiáng qiǎng	常用汉字 · 12画 · 部首弓	倔强;固执。僵硬。(形声。从虫,弘声。本义:米中小虫)。同本义。襁褓。(通彊。弱的反义词)。弓有力。强盛;势力大。强健;健壮,有力。刚强;坚决。强横。强暴。优越;好。略多于…的。强有力的弓。强者。使强,加强。姓。强制,强迫。劝勉。勉强。竭力;尽力。
粥	yù zhōu	常用汉字 · 12画 · 部首米	卖。又。养育。嫁出。(形声。字本作“鬻”。从鬻(古文“鬲”字),米声。鬲,古烹饪器。本义:稀饭) 同本义。
疏	shū	常用汉字 · 12画 · 部首疋	(会意。“疋”有通的意思。本义:疏导,开通)。同本义。分开; 分散。分赐,分给。清除;排除。雕刻,画饰。分条记录或分条陈述。疏忽;粗疏。注释,解释。疏远,不亲近 。亦指离间,使疏远。稀疏;稀少。粗略;不周密。粗糙。亦指糙米。久;长远。迂阔;不切实际。远亲。泛指关系疏远的人。奏章。亦指上奏章。书信。僧道拜忏时所焚化的祈祷文。
隔	gé	常用汉字 · 12画 · 部首阝	(形声。从阜,鬲(gé)声。从“阜”,表示与地势高低上下有关。本义:阻隔、遮断)。同本义。间隔;距离。隔绝;断绝。不相合。抑制。(jī)。打,敲打。界限。格子。膈膜。
隙	xì	常用汉字 · 12画 · 部首阝	(会意。从阜(fù)亦声。阜,土山,与土有关。本义:墙上开裂的裂缝)。同本义。也泛指孔穴、空隙。空子。要道;孔道。空闲的地方或时间。感情的裂痕。缺点,过失。怨恨。分裂。
隘	ài	常用汉字 · 12画 · 部首阝	(形声。籀文从阜,益声。阜,土山,从“阜”的字多与地势有关。本义:狭窄;狭小)。同本义。引申为心胸狭窄。又。险要的通道,通常处在陡峭山谷的两个山峰之间。
媒	méi	常用汉字 · 12画 · 部首女	(形声。从女,某声。本义:婚姻介绍人,媒人)。同本义。媒介。介绍;招致。
絮	xù	常用汉字 · 12画 · 部首糸	(形声。从糸(mì),如声。本义:粗丝绵)。同本义。经过弹制的棉花胎。像絮一样轻柔、洁白的东西。棉花。头上巾。在衣服、被褥里铺丝棉、棉花等物。优弱寡断。说话啰唆。因多次重复而厌烦。
嫂	sǎo	常用汉字 · 12画 · 部首女	(形声。从女,叟声。本义:兄之妻)。同本义。
媚	mèi	常用汉字 · 12画 · 部首女	(形声。从女,眉声。“眉”也有示意作用,表示以目媚人。本义:爱;喜爱)。同本义。逢迎取悦。姿态可爱,侧重于婀娜多姿,逗人爱。假借为“魅”。具有魅力,具有诱惑力或吸引力的。
婿	xù	常用汉字 · 12画 · 部首女	(形声。从女,胥声。或作“壻”。本义:古时女子称夫为婿)。同本义。成年男子的美称。女儿、妹妹或其他晚辈的丈夫。作女婿;作夫婿。
登	dēng	常用汉字 · 12画 · 部首癶	(象形。本义:上车)。同本义。升,上,从下而上。进献。增加。成熟;丰收。登记;记载。成,引申为定。谓科举考试中选。蹲;呆。又如:登东(解手。东:东圊,厕所);登坑(蹲茅坑)。穿。又如:登云履(法师做法术时穿的鞋);登上鞋。上路,登程。古代祭器名。高。即刻。
缅	miǎn	常用汉字 · 12画 · 部首纟	(形声。从糸(mì),面声。本义:微丝)。同本义。缅甸的简称。遥远。尽貌。
缆	lǎn	常用汉字 · 12画 · 部首纟	(形声。从糸(mì),表示与线丝有关,览声。本义:系船用的粗绳)。同本义。拴;系。
缉	jī qī	常用汉字 · 12画 · 部首纟	(形声。从糸(mì),表示与线丝、缠织有关。本义:绩,把麻搓成线)。搜捕。继续。会合;和睦缝衣边。
缎	duàn	常用汉字 · 12画 · 部首纟	(形声。从糸(mì),段声。本义:缝贴于鞋跟的革片、丝绦之类)。同本义。一种质地厚密而有光泽的丝织物。
缓	huǎn	常用汉字 · 12画 · 部首纟	(形声。从糸(mì),爰(yuán)声。本义:宽松;宽大)。慢;不急迫。与“急”相对。延期,延迟。
缔	dì	常用汉字 · 12画 · 部首纟	(形声。从糸(mì),帝声。本义:结在一起)。同本义。引申为郁结。
缕	lǚ	常用汉字 · 12画 · 部首纟	(形声。从糸(mì),表示与线丝有关。娄声。本义:麻线)。同本义。泛指细而长的东西,线状物。帛。一条一条地,详尽地。一丝,一股。
骗	piàn	常用汉字 · 12画 · 部首马	(形声。从马,扁声。本义:跃而上马)。跃上马背而骑乘;骑。同“騗”。引诱,吸引。
编	biān	常用汉字 · 12画 · 部首纟	(形声。从糸(mì),扁声。本义:顺次排列,编结在一起)。同本义。交织,编结。编辑;创作。连接。用来穿联竹简的绳子。书籍。姓。汉代有编盲意。
骚	sāo	常用汉字 · 12画 · 部首马	(形声。从马,蚤声。本义:刷马)。同本义。骚动;动乱。抓,挠,以指甲轻刮。跛行。忧愁。腋臭、狐臭。
缘	yuán yuàn	常用汉字 · 12画 · 部首纟	器物的边沿。原故,理由。因缘;缘分。又。因为;由于。向上爬,攀援。牵连。沿着;顺着。因凭借。(形声。从糸(mì),彖(tuàn)声。从糸,与衣物有关。本义:古时衣服的边饰)同本义。
瑟	sè	常用汉字 · 13画 · 部首王	(指事。从珡,必声。本义: 古代拨弦乐器。形似古琴,每弦一柱,但无征位)。古水名 。即今河南省罗山县的小黄河。庄重严谨。明洁。
鹉	wǔ	常用汉字 · 13画 · 部首鸟	——见“鹦鹉”（yīngwǔ）。鸟名。
瑞	ruì	常用汉字 · 13画 · 部首王	(形声。从玉,耑(zhuān)声。本义:玉制的符信,作凭证用)。同本义。吉祥的事物。征兆。古州名。唐州名。故治在今辽宁省绥中县北。宋州名。故治在今江西省高安县。吉祥,吉利。姓。
瑰	guī	常用汉字 · 13画 · 部首王	(形声。从玉, 鬼声。本义: 美玉; 美石) 同本义。珍贵;珍奇。奇特;杰出。瑰丽,华丽,美丽。伟,大
瑙	nǎo	常用汉字 · 13画 · 部首王	(形声。从玉,匘(nǎo)声。双音词“玛瑙”) ——见“玛瑙”(mǎnǎo)。
魂	hún	常用汉字 · 13画 · 部首鬼	(形声。从鬼,云声。本义:灵魂,古人想象的能离开人体而存在的精神)。同本义。精神,神志 。如:断魂;梦魂萦绕;神魂颠倒;魂交(精神相感应,结合);魂鉴(精神理智)。泛指一切事物的精灵。如:花魂;诗魂;柳魂。
肆	sì	常用汉字 · 13画 · 部首聿	(形声。从长,聿(yù)声。本义:摆设;陈列)。同本义。古时处死刑后陈尸示众。进献解体牺牲。侵犯;冲突 以毒刺螫人);肆诈(肆行诈骗);肆剽(大肆劫掠);肆暴(滥施暴力,行凶)。恣纵,放肆。宣扬;扩展。延伸,扩张 。极力,勤苦。店铺(上古时代表示商店)。手工业作坊。古代编悬乐器的单位,悬钟十六为肆。“四”的大写,用于支票等上,以避免错误或更改。长;常。
摄	shè	常用汉字 · 13画 · 部首扌	(形声。从手,聂声。本义:牵曳)。同本义。执;持。拘捕。辅助、佐助。吸引。拍照。假借为“代”。代理,兼理。上台阶时提起长衣。收敛,聚。整顿;整理。保养。又如:摄护(保护);摄养(保养;养生)。借贷。夹,箝。恐惧,威胁,使慑服。
摸	mō	常用汉字 · 13画 · 部首扌	(形声。从手,莫声。本义:用手接触或轻摩物体)。同本义。用手探取。描摹;模仿;描绘;拓印。
填	tián zhèn	常用汉字 · 13画 · 部首土	(形声。从土,真声。本义:充塞)。同本义。填写,写入 。补充 。涂饰,涂抹 。跌落 。白白 。安定。
搏	bó	常用汉字 · 13画 · 部首扌	(形声。从手,尃(fū)声。本义:搏斗,对打)。同本义。捕捉。执持;拾取,击取。轻击;击。夺取。
塌	tā	常用汉字 · 13画 · 部首土	因凹陷而倒塌。精神委顿 。
鼓	gǔ	常用汉字 · 13画 · 部首鼓	(会意。甲骨文字形,左边是鼓的本字,右边是“支”(pū),表示手持棒槌击鼓。本义:鼓,一种打击乐器)。同本义。鼓面。指鼓声。钟磬被敲击之处。古国名。春秋时鼓国,在今河北省晋县,白狄的一支,为晋国所灭。古代量器名。四钧为石,四石为鼓。击鼓进攻。泛指敲击, 弹奏。挥动。拍打;振动。
摆	bǎi	常用汉字 · 13画 · 部首扌	(形声。从手,罢声。本义:撇开;摆脱)。同本义。排列;放置。挥手,左右摇动手。来回或上下地摇动。
携	xié	常用汉字 · 13画 · 部首扌	(形声。从手,隽(jùn)声。本义:提着)。同本义(把地上的物品举提起来)。拿着,持。牵挽;挽扶。带,随身一道。离;背离;离散。
搬	bān	常用汉字 · 13画 · 部首扌	(形声。从手,般声。本义:挪动)。同本义。
摇	yáo	常用汉字 · 13画 · 部首扌	(形声。从手,本义:摇动;摆动)。同本义。动摇。疾。
搞	gǎo	常用汉字 · 13画 · 部首扌	((gǎo)形声。从手,高声。本义:做,干,办,弄)。同本义。
塘	táng	常用汉字 · 13画 · 部首土	(形声。从土,唐声。本义:堤岸)。同本义。方形水池 中古时圆的叫池,方的叫塘。小坑 。如:火塘。又特指点播旱地作物的窝子。如:打塘点播;包谷一塘也没有点下去。
摊	tān	常用汉字 · 13画 · 部首扌	(形声。从手,难声。本义:平铺)。
聘	pìn	常用汉字 · 13画 · 部首耳	(形声。从耳,甹(pīng)声。探问消息要靠耳朵,故从“耳”。本义:访问,探问)。同本义。旧时称订婚、迎娶之礼。女子订婚或出嫁。
斟	zhēn	常用汉字 · 13画 · 部首斗	(形声。从斗,甚声。本义:用勺子舀取)。同本义。用壶倒酒或茶水。考虑,考虑好坏,比较长短。汤汁,羹汁。古国名 。相传为夏同姓诸侯之国。
蒜	suàn	常用汉字 · 13画 · 部首艹	(形声。从艸,祘(suàn)声。本义:一种多年生草本植物。有大蒜、小蒜两种)。同本义 。百合科,多年生宿根草本。地下鳞茎有白皮包裹,内有小鳞茎,叫“蒜瓣”。根椐蒜瓣的大小分大瓣种和小瓣种。大蒜种西汉时从西域传入。小蒜种由山蒜移栽,从古已有。蒜苗、蒜苔作蔬菜,蒜头作佐料和入药。
勤	qín	常用汉字 · 13画 · 部首力	(形声。右形,左声。本义:劳累,劳苦)。尽力多做,不断地做。为某人某事尽力;帮助。竭,完。劳倦,辛苦。次数多,经常。
靴	xuē	常用汉字 · 13画 · 部首革	(形声。从革,化声。革,皮革。本义:高到踝骨以上的长筒鞋) 同本义。
靶	bǎ bà	常用汉字 · 13画 · 部首革	练习射箭或射击用的目标供加速器、原子核反应堆、放射性源等发出的粒子流轰击的实物样品，用以研究核反应，获得放射性同位素或产生Ｘ射线等。(形声。从革,巴声。从“革”,表示与皮革有关。本义:辔首垂下部,即辔革)。同本义。缰绳。刀剑等物的柄
鹊	què	常用汉字 · 13画 · 部首鸟	(形声。从鸟,昔声。字本从隹,隶变作鸟。见《说文》“舃”字注。本义:喜鹊)。同本义。鸦科的鹊属和若干其他属的许多鸟之一,它与松鸦亲缘关系密切,但有一长而分等级的尾,体羽通常为黑色和白色。姓。
蓝	lán	常用汉字 · 13画 · 部首艹	(形声。从艸,监声。本义:蓼蓝)。同本义 。蓼科一年生草本植物。叶形似蓼而味不辛,干后变暗蓝色,可加工成靛青,作染料。叶也供药用。又泛指叶含蓝汁可制蓝靛作染料的植物。佛寺。梵语伽蓝的简称。颜色的一种。像晴天天空的颜色。假借为“褴”。衣服破烂。姓。
墓	mù	常用汉字 · 13画 · 部首土	(形声。从土,莫声。本义:上古时期凡掘塘穴葬棺木,盖土与堆平,不植树者称墓。泛指坟墓)。同本义。后不加区别,统称作墓。葬。
幕	mù	常用汉字 · 13画 · 部首巾	(形声。从巾,莫声。本义:覆布,帐篷的顶布)。同本义。帐幕;篷帐。垂挂的帘幕。假借为“漠”。沙漠。覆盖。姓。
蓬	péng	常用汉字 · 13画 · 部首艹	(形声。从艸,逢声。本义:草名。蓬蒿)。同本义。某些植物果实的外苞。散乱。姓。
蓄	xù	常用汉字 · 13画 · 部首艹	(形声。从艸,畜声。本义:积聚,储藏)。同本义。畜养。等待。积蓄。冬菜,用白菜或芥菜叶做成的干菜。》。张铣注:“蓄,菜名。此物与葵,宜于霜露之时。”。
蒲	pú	常用汉字 · 13画 · 部首艹	(形声。从水丱,浦声。本义:植物名。香蒲)。同本义。即今人所称“水杨”。也称“蒲杨”、“蒲柳”。古邑名。春秋卫地,战国属魏。在今河南省长垣县。春秋晋地,在今山西省隰县西北。伏地而行。
蓉	róng	常用汉字 · 13画 · 部首艹	四川成都市的简称 。五代后蜀孟昶于宫苑城上遍植木芙蓉,因名成都为芙蓉城,后简称蓉城或蓉。
蒙	mēng méng měng	常用汉字 · 13画 · 部首艹	欺骗或哄骗胡乱猜测昏迷,暂时失去知觉的(形声。从艸,冡(méng)声。本义:草名)。草名。即菟丝 。旋花科。一年生缠绕寄生草本。茎很细,呈丝状,黄白色,随处生有吸盘,附着在豆科、菊科、藜科等植物上。叶退化,开白色小花。种子入药。云气。遮蔽;覆盖。欺骗,隐瞒。承继,继承。蒙受。敬词。承蒙。迷茫,广阔而看不清。弥漫笼罩幼稚,暗昧不明。阴暗。引申为蒙昧无知。自称谦词。犹愚。盲,目失明。细雨的样子。广大 。弥漫,笼罩。古水名。沱江支流。在四川省彭县境。即蒙江。在今广西梧州。忠厚的样子。蒙古
蒸	zhēng	常用汉字 · 13画 · 部首艹	(形声。烝声。本义:麻秆)。同本义。细小的木柴。中药炮制法之一 。将药物隔水蒸熟,以便于制剂。如茯苓、厚朴蒸后易于切片。或加酒拌蒸,如大黄、地黄经蒸制后,熟大黄的泻下减弱,熟地黄便成温性而滋肾补血。假借为“烝”。气体上升。古代祭祀时以牲之全体置于俎上。烧煮。同“烝”。众,多。
献	xiàn	常用汉字 · 13画 · 部首犬	(会意。从犬,鬳(yàn)声。“犬”代表进献之物。本义:献祭)。同本义。下对上、卑对尊的进献。呈现;现露。进。古时特指主人向宾客敬酒。庆贺。熟知历史掌故的人。进献的东西。
椿	chūn	常用汉字 · 13画 · 部首木	同本义。
禁	jīn jìn	常用汉字 · 13画 · 部首示	胜任,承受得起。(形声。从示,林声。本义:禁忌)。同本义。帝王宫殿。禁令;含有禁戒性的规条及法令。衣服的结带。禁止;制止。
楚	chǔ	常用汉字 · 13画 · 部首木	(形声。从林,疋(shū)声。本义:灌木名。又名荆,牡荆)。同本义 。落叶灌木,开青色或紫色的穗状小花,鲜叶可入药,或小乔木,枝干坚韧,可做杖。周朝时国名。周代诸侯国,战国时七雄之一。熊绎受封于周成王,立国于荆山一带,都丹阳(今湖北秭归东南)。周人称为荆蛮。后建都于郢(今湖北江陵西北纪王城)。春秋战国时国势强盛,疆域由湖北、湖南扩展到今河南、安徽、江苏、浙江、江西和四川。战国末,屡败于秦,公元前223年为秦所灭。秦楚之际,陈胜在陈县(今河南淮阳)建立张楚政权,自号楚王;汉元年,项羽自立为西楚霸王,都下邳(今江苏睢宁西北),汉六年,国除。五代十国之一。马殷据今湖南,都长沙,称楚王。后为南唐所灭。酸辛痛苦。齐整;清晰。鲜艳,华丽。拷打。姓。
楷	kǎi jiē	常用汉字 · 13画 · 部首木	(形声。从木,皆声。 ①(jiē)本义:木名。即“黄连木”。楷树枝干疏而不屈,因以形容刚直 ②法式,典范)。法式,典范。姓。落叶乔木，木材可制器具，种子可榨油，树皮和叶子可制栲胶。
榄	lǎn	常用汉字 · 13画 · 部首木	木名。橄榄的省称
想	xiǎng	常用汉字 · 13画 · 部首心	(形声。心形相声。本义:想念;怀念;羡慕)。同本义。思考,思索。希望,想要。料想;猜想。想象。好像,如同。怀念、回想。
槐	huái	常用汉字 · 13画 · 部首木	(形声。从木,鬼声。本义:木名。槐树)。
榆	yú	常用汉字 · 13画 · 部首木	榆树。
楼	lóu	常用汉字 · 13画 · 部首木	(形声。从木,娄声。本义:楼房,两层以上的房屋)。同本义。楼房的一层。建筑在高处的建筑物 。如:楼子(楼阁);楼榭(高台之上的房屋,泛指楼房);楼堞(城楼上的矮墙)。又指有上层的车船,其上层也叫楼。如:楼车(古代战车。上设望楼);楼舟工(楼船)。
概	gài	常用汉字 · 13画 · 部首木	(形声。从木,既声。本义:量米粟时刮平斗斛(hú)用的木板。量米粟时,放在斗斛上刮平,不使过满)。同本义。节操,风度。景象;状况。引申为刮平,不使过量。衡量;量,限量。灌溉,洗涤。又如;概盂(洗涤盂钵)。感慨。一律,一概。
赖	lài	常用汉字 · 13画 · 部首贝	(形声。从贝,剌(là)声。本义:得益;赢利)。同本义。依靠;依赖;依恃、凭藉。又。懒惰。利;好处。姓。
酪	lào	常用汉字 · 13画 · 部首酉	(形声。从酉(yǒu),各声。本义:乳酪)。
酬	chóu	常用汉字 · 13画 · 部首酉	(形声。从酉,夀声。本义:客人给主人祝酒后,主人再次给客人敬酒作答)。同本义。酬答,报答。应对;对答。
感	gǎn hàn	常用汉字 · 13画 · 部首心	(形声。从心,咸声。本义:感动)。同本义。思想感情受外界事物的影响而激动。感应,影响。感触;触动感慨。感谢;感激。感慨,感伤。思念。感染,感受。多用于疾病。迷惑。(jiǎn)。减损,减少。假借为“撼”。摇动。假借为“憾”。怨恨。
碍	ài	常用汉字 · 13画 · 部首石	(形声。从石,疑声。本义:妨碍,阻挡)。同本义。遮蔽;掩盖。牵挂。
碘	diǎn	常用汉字 · 13画 · 部首石	一种非金属一价和多价元素,原子序数53,属于卤素,主要用于医药(例如用于抗菌、治疗呆小病和甲状腺肿)、照相和分析 ——元素符号I。
碑	bēi	常用汉字 · 13画 · 部首石	(形声。从石,卑声。本义:古时宫、庙门前用来观测日影及拴牲畜的竖石)。竖石。石碑。石上刻着文字,作为纪念物或标记,也用以刻文告。秦代称刻石,汉以后称碑。
碎	suì	常用汉字 · 13画 · 部首石	(形声。从石,卒声。“石”是汉字部首之一,从“石”的字与石头有关。本义:破碎)。同本义。琐细;繁杂。零星;细小。
碰	pèng	常用汉字 · 13画 · 部首石	(形声。从石,并声。本义:两物相触或相撞)。同本义。触犯。
碗	wǎn	常用汉字 · 11画 · 部首日	一种圆形凹心盛食品的器具,在形式上通常接近半球形,一般比盘子深,比茶杯大和重。用来计量用碗装的饮食。宋朝以来灯笼一盏叫一碗。
碌	lù liù	常用汉字 · 13画 · 部首石	(形声。从石,录声。本义:石青色)。小石矿物名平庸无能繁忙哆嗦,颤动石制的圆柱形农具用来轧谷物,平场地。
尴	gān	常用汉字 · 13画 · 部首尢	a.处境窘困，不易处理。b.神色、态度不正常。尴尬的局面。
雷	léi lèi	常用汉字 · 13画 · 部首雨	(象形。甲骨文,中间象闪电,圆圈和小点表示雷声。整个字形象雷声和闪电相伴而作。小篆变成了会意字,从雨,下象雷声相连之形,表示打雷下雨。本义:云层放电时发出的巨响)。同本义。剧响,巨大声响 。古酒器名。打雷。,敲击。姓。
零	líng	常用汉字 · 13画 · 部首雨	(形声。从雨,令声。本义:下雨。指落细雨)。同本义。引申为如雨一般地落下;降落。凋零,凋落。比喻人死亡或到暮年。零碎,零散。表示没有数量。假借为“灵”。神灵。姓。
雾	wù	常用汉字 · 13画 · 部首雨	接近地面的水蒸气，遇冷凝结后飘浮在空气中的小水点。与云的区别只是雾较贴近地面;有时区别于霭的是不太透明。比喻轻细的比喻浓密的比喻头发的堆卷盘旋,有如雾气的舒腾
雹	báo	常用汉字 · 13画 · 部首雨	(形声。从雨,包声。本义:冰雹) 同本义。
辐	fú	常用汉字 · 13画 · 部首车	(形声。从车,畐(fú)声。“畐”有“腹满”义(参“福”字条),而“辐”为圆形,与人腹满之形相类,因而“畐”在字中亦兼有表义作用。本义:辐条。插入轮毂以支撑轮圈的细条)。同本义。
辑	jí ji	常用汉字 · 13画 · 部首车	(形声。本义:车箱)。同本义。泛指车子。聚集。敛,拖着不使脱落。把各种来源的书面材料或项目经加工汇编成一个文件或一册,汇编成一套文件或丛书。连缀。和谐,和睦。——见“逻辑”(luóji)。
输	shū	常用汉字 · 13画 · 部首车	(形声。从车,俞声。本义:转运,运送)。同本义。交出;缴纳。传达,表达。报告;告诉。灌输;灌注。堕;堕坏。负,失败。不及,赶不上。
督	dū	常用汉字 · 13画 · 部首目	(形声。从目,叔声。本义:察看督促,监督)。同本义。统率,指挥。统帅诸军的将领。姓。
频	pín	常用汉字 · 13画 · 部首页	(会意。从步,从页。页(xié):人头。《说文》认为步是“涉”的省略。人将要渡河,见水深,皱眉而止。本义:皱眉)。同本义。接近;临近。重复,连续。危急;紧急。假借为“滨”。水边。屡次;频繁。姓。
龄	líng	常用汉字 · 13画 · 部首齿	(形声。从齿,令声。从牙齿来看年龄的长幼,所以从“齿”。本义:年龄)。同本义。年限;年数。
鉴	jiàn	常用汉字 · 13画 · 部首金	(形声。从金,监声。本义:古代用来盛水或冰的青铜大盆)。同本义。借鉴,可以作为警戒或引为教训的事。明察,审查。借鉴,鉴戒。
睛	jīng	常用汉字 · 13画 · 部首目	(形声。从目,青声。本义:眼珠)。同本义。眼睛。视力。
睹	dǔ	常用汉字 · 13画 · 部首目	(形声。从目,者声。本义:见,看见)。同本义。察看。明白;懂得。
睦	mù	常用汉字 · 13画 · 部首目	(形声。从目,坴(lù)声。本义:和好,亲近)。同本义。古州名。睦州的简称。隋置。故地在今湖北省长阳县东。隋置。故地在今浙江省淳安县西。
瞄	miáo	常用汉字 · 13画 · 部首目	(形声。从目,苗声。本义:注视目标;视力集中到一点上)。
睫	jié	常用汉字 · 13画 · 部首目	(形声。从目,疌(jié)声。本义:眼睫毛) 同本义。迅速而无意地眨眼。
睡	shuì	常用汉字 · 13画 · 部首目	(会意。从目,垂声。指眼睑下垂,打瞌睡。本义:坐着打瞌睡)。同本义。
睬	cǎi	常用汉字 · 13画 · 部首目	理睬,答理。
嗜	shì	常用汉字 · 13画 · 部首口	(形声。从口,耆(shì)声。本义:爱好)。同本义。贪求。贪求的东西。
鄙	bǐ	常用汉字 · 13画 · 部首阝	(形声。从邑,啚(bǐ)声。本义:五百家(周代户口单位))。同本义。采邑;小邑。边邑;边境。郊野;郊外。小;狭。见识浅薄,行为低下。粗俗,庸俗;质朴。自称的谦词。视为浅陋。
嗦	suo	常用汉字 · 13画 · 部首口	—“哆嗦”（duōsuo）发抖,战栗。
愚	yú	常用汉字 · 13画 · 部首心	(会意。从心,从禺(yù)。从心,与性情有关。禺,猴属,兽之愚者。本义:愚蠢,愚昧)。同本义。又。自称之谦词。敦厚。蒙蔽;欺骗。
暖	nuǎn	常用汉字 · 13画 · 部首日	(形声。从日,爰(yuán)声。“煗”,从火,耎(ruǎn)声。本义:温度不冷也不热) 同本义。使温暖。
盟	méng	常用汉字 · 13画 · 部首皿	(会意。甲骨文字形,下面象个盘盂,中间放着牛耳。古代盟会要割牲歃(shà)血,主盟人手执牛耳,掘穴埋牲。本义:在神前发誓结盟)。同本义。个人向天发誓,永不变心。盟约;誓辞。
歇	xiē	常用汉字 · 13画 · 部首欠	(形声。从欠。曷(hé)声。歇息与出气有关,故从“欠”。本义:休息)。同本义(侧重于放松身体的紧张状态以消除疲劳)。停止,中止活动。留宿 。在旅店等处住宿。竭,尽,到了尽头。凋零,花、木、草枯萎。气味散发;消散。曾经。表示动作次数,相当于“番”、“次”。表示一段时间,相当于“一会儿”。
暗	àn	常用汉字 · 13画 · 部首日	(形声。从日,音声。本义:昏暗)。同本义。与“明”相对。昏昧,愚昧;不明白。隐秘。默默地。秘密;暗中。天黑。使昏暗。
暇	xiá	常用汉字 · 13画 · 部首日	(形声。从日,叚(xiá)声。本义:空闲,闲暇) 同本义。——龚自珍《病梅馆记》。悠闲。从容,不慌不忙,大方自如。
照	zhào	常用汉字 · 13画 · 部首灬	(形声。从火,昭声,字亦作炤。本义:明亮;光明) 同本义。照射,照耀。映照;反射影像。照顾;照料。察知;明白。(zhào)。显示。日光。凭据;证明。表示方向,可加助词“着”,相当于“对”、“向”。按,依。按原样或某种标准做。
畸	jī	常用汉字 · 13画 · 部首田	(形声。从田,奇声。本义:零片的田地)。同本义。不整齐的,不正规的。脱俗的,超群的。单数的,奇数的。跟“双”、“偶”相对。
跨	kuà	常用汉字 · 13画 · 部首足	(形声。从足,夸声。本义:迈步,越过)。同本义。超过。骑。横于上。挎。占据。又。指两腿之间
跷	qiāo	常用汉字 · 13画 · 部首足	(形声。从足,尧声。本义:举足)。同本义。踮起脚后跟。跛。
跳	tiào	常用汉字 · 13画 · 部首足	(形声。从足,兆声。本义:跃)。同本义。——清·纪昀《阅微草堂笔记》。越过障碍 。内动;一起一伏地跳 。上冒;冒出 。逃走。
跺	duò	常用汉字 · 13画 · 部首足	顿足,用脚猛力踏地
跪	guì	常用汉字 · 13画 · 部首足	(形声。从足,危声。本义:屈膝,单膝或双膝着地,臀部抬起,伸直腰股)。同本义。指足。
路	lù	常用汉字 · 13画 · 部首足	(形声。从足,各声。本义:道路)。同本义。路程;行程。引申为思想或行动的途径。车。地区;方面;路线。比喻权位。宋元时行政区域名。经过。暴露。败坏。
跤	jiāo	常用汉字 · 13画 · 部首足	跟头。
跟	gēn	常用汉字 · 13画 · 部首足	(形声。从足,艮(gèn)声。本义:足后为跟)。同本义。器官的基底部分。亦指物体的底部或后部。追随于后。穿着(鞋),趿。和,同。
遣	qiǎn	常用汉字 · 13画 · 部首辶	(形声。从辵(chuò)。本义:释放)。同本义。派。派去。贬谪;放逐。发送;打发。抒发。
蜈	wú	常用汉字 · 13画 · 部首虫	节肢动物，由许多环节构成，每节有脚一对，头部的脚像钩子，能分泌毒液，捕食小虫，中医入药。
蜗	wō	常用汉字 · 13画 · 部首虫	软体动物，有螺旋形扁圆的硬壳，头部有两对触角。吃嫩叶，对农作物有害。某些种类可供食用。喻窄小的住所。软体动物，壳如笋状，螺层长，壳顶尖，生活于湖池中。软体动物，壳淡玳瑁色，壳口边缘略翻出，生活于湖溪中。亦称‘螺蛳’。
蛾	é yǐ	常用汉字 · 13画 · 部首虫	(形声。从虫,我声。本义:蛾子。昆虫。形似蝴蝶,体躯一般粗大,四翅,静止时平放体侧。多在夜间飞行)。同本义。蛾眉的简称。蚂蚁
蜂	fēng	常用汉字 · 13画 · 部首虫	(形声。从虫,夆(fēng)声。本义:蜂,一种昆虫。有蜜蜂、胡蜂、细腰蜂等。特指“蜜蜂”)。同本义。比喻众多成群。兵器的尖端。引申为锐势,势头。
蜕	tuì	常用汉字 · 13画 · 部首虫	(形声。从虫,兑(duì)声。本义:蝉、蛇之类脱皮去壳)。蝉、蛇等脱皮。亦谓鸟换羽。尸体。动物的化石。
嗅	xiù	常用汉字 · 13画 · 部首口	(形声。从口,臭声。字本作“臭”,由“犬、自(鼻)”会意,狗的鼻子灵敏,善于闻嗅。本义:用鼻子辨别气味) 同本义。
嗡	wēng	常用汉字 · 13画 · 部首口	飞虫特有的持续刺耳声或很快的不规则的震动产生的声音京二胡，胡琴的一种。
嗓	sǎng	常用汉字 · 13画 · 部首口	喉咙发音器官的声带及发出的声音爱打击、揭发别人的短处或隐私[方言]吞塞
署	shǔ	常用汉字 · 13画 · 部首罒	(形声。从网,者声。部署任务,各有系统,故从网。本义:布置;部署)。同本义。签名,签署。代理、暂任或试充官职。公署;官署。办理公务的机关。
置	zhì	常用汉字 · 13画 · 部首罒	(会意。从网直,有亦声。网直宜赦。本义:赦罪,释放)。同本义。安放;搁;摆。设置,建立,设立。豁免。废弃;舍弃。搁置;放下;放在一边。购买;置办。(zhí)。树立。古代传递文书的驿站。驿车;驿马。
罪	zuì	常用汉字 · 13画 · 部首罒	(会意。从辛,从自,言罪人蹙鼻苦辛之忧,自亦声。本义:作恶或犯法的行为)。同本义。罪人。过失;错误。刑罚。捕鱼竹网。归罪于。惩罚;治罪。
罩	zhào	常用汉字 · 13画 · 部首罒	(形声。从网,卓声。本义:捕鱼的竹笼)。同本义。捕鸟的竹笼或掩网。覆盖;套在外面。超越。
蜀	shǔ	常用汉字 · 13画 · 部首虫	(象形。从虫。上目象蜀头形,中象其身蜎蜎。本义:蛾蝶类的幼虫同本义。古族名、国名、郡名 ,在今四川一带。朝代名 。三国时蜀汉的简称。旧地在今四川、云南、贵州一带。中国四川省的别称。
幌	huǎng	常用汉字 · 13画 · 部首巾	窗帘、帷幔。随意走动。
错	cuò	常用汉字 · 13画 · 部首钅	(形声。从金,昔声。本义:用金涂饰,镶嵌)。同本义。互相磨擦。杂。废弃。琢玉用的粗磨石。适于磨光或磨快刀具的石头;磨石。杂乱;交错。
锚	máo	常用汉字 · 13画 · 部首钅	(形声。从金,苗声。本义:船停泊时所用的设备。一般为铁制或钢制)同本义 。如:锚具(船首两侧各有艏锚一具,另有备有锚、流锚及小型锚等);锚缆(系锚的粗绳或铁链);锚链孔(艏之两旁各有一小孔,以备起锚时将锚链由此孔收进,锚则紧贴于外之钢板上)。又指可以依靠的人或物(如在危急时)。如:我们以它作为系住灵魂的坚固牢靠的锚。
锡	xī	常用汉字 · 13画 · 部首钅	化学名词。一种略带蓝色的白色光泽的低熔点金属元素,在化合物内是二价或四价,不会被空气氧化,主要以二氧化物(锡石)和各种硫化物(例如硫锡石)的形式存在 ——元素符号Sn。细麻布。给予;赐给。
锣	luó	常用汉字 · 13画 · 部首钅	带卷边的青铜圆盘 ,通常用槌子击打就发出柔和而洪亮、能传得很远的声音。又。
锤	chuí	常用汉字 · 13画 · 部首钅	(形声。从金,垂声。本义:古代重量单位) 同本义。八铢。十二两。六铢。锤形物。打;击。
锥	zhuī	常用汉字 · 13画 · 部首钅	(形声。从金,隹(zhuī)声。本义:钻孔的工具)。同本义。形如尖锥的东西。用锥刺。
锦	jǐn	常用汉字 · 13画 · 部首钅	(形声。从帛,金声。本义:有彩色花纹的丝织品)。同本义。比喻鲜艳华美的。
键	jiàn	常用汉字 · 13画 · 部首钅	(形声。从金,建声。本义:鼎上贯通两耳的横杠)。同本义。车辖。安在车轴两端,管住车轮不脱离轴的铁棍。钥匙。竖着插的门闩。锁簧,也称“锁须”。“关”、“键”连用,泛指门闩,后来比喻事物中最紧要的部分,起决定性的因素。闩门。
锯	jù	常用汉字 · 13画 · 部首钅	(形声。从金,居声。本义:析解木石等的齿形工具)。同本义。古刑具。用锯子切割。
锰	měng	常用汉字 · 13画 · 部首钅	一种灰白色多价金属元素,通常硬而脆,类似铁但无磁性 ——元素符号为Mn。
矮	ǎi	常用汉字 · 13画 · 部首矢	(形声。从矢,委声。本义:身材短)。同本义(古汉语多用短,少用矮)。低,不高。情感不高尚的;卑下的。
辞	cí	常用汉字 · 13画 · 部首辛	(会意。本义:诉讼,打官司)。同本义。口供。言辞;文辞。又。特指政令之词。借口,口实。中国古代一种介于诗歌和散文之间的体裁,也叫赋,或辞赋并称。说讲。辞别;告别。推却不受。审讯。遣去。
稚	zhì	常用汉字 · 13画 · 部首禾	(形声。从禾,隹(zhuī)声。本义:晚植的谷类。引申为幼禾)。同本义。孩子,儿童。幼小;年幼(含有晚出生的意思,与“长”相对)。物体细小。古称妇女年不到五十。晚;暮。骄傲放纵;傲慢。姓。
稠	chóu	常用汉字 · 13画 · 部首禾	(形声。从禾,周声。本义:禾多而密)。多。繁密。亦作“绸”。
颓	tuí	常用汉字 · 13画 · 部首页	(会意。从页（xié）,从秃。页,人头。本义:头秃。原作“穨”)。同本义。本作“跕”。委靡,消沉。詈词。恶劣之意。下坠。也作“隤”。也指暴风从上而下。倾斜;衰败。坍塌,崩坏。衰微;衰败;敝败。雄马生殖器。颊下。
愁	chóu	常用汉字 · 13画 · 部首心	(形声。从心,秋声。字亦作“愀”。本义:忧虑,发愁)。同本义。使受苦。
筹	chóu	常用汉字 · 13画 · 部首竹	(形声。从竹,夀声。本义:计数的用具)。壶矢。古代投壶用的签子,形如箭笴。签筹;算筹 。木或象牙等制成的小棍儿或小片儿,用来计数或作为领取的物品的凭证。算计。策划。条,个,位。用以指人的多少。
签	qiān	常用汉字 · 13画 · 部首竹	(形声。从竹,佥声。本义:署名押字)。公文体制的一种。标识,标签。
简	jiǎn	常用汉字 · 13画 · 部首竹	(形声。从竹,间声。本义:竹简。古代书写了文字的狭长竹片)。同本义。战国至魏晋时代的书写材料,是削制成的狭长竹片或木片,竹片称“简”,木片称“札”或“牍”,统称为“简”。若干简编缀在一起的叫“策”(册)。书籍;信札。古兵器。鞭类。水名 。古黄河下游的支流之一,故道约在今山东省阳信县、栗陵县境。简省;简易;简单。大。选择。检查;检验。谏诤,直言规劝。
筷	kuài	常用汉字 · 13画 · 部首竹	夹饭或其他东西用的一对细棍儿
毁	huǐ	常用汉字 · 13画 · 部首殳	(形声。从“土”,表示与瓦器有关。本义:瓦器缺损)。毁坏;破坏。哀毁,旧指居丧时因悲哀过度而损害健康。废除,除去。败坏;灭。掉落。毁谤。
舅	jiù	常用汉字 · 13画 · 部首臼	(形声。从男,臼声。本义:舅父,指母之兄或弟)。同本义。称妻之父。古时天子称异姓大邦诸侯为伯舅,异姓小邦诸侯为叔舅。又诸侯称异姓大夫为舅。
鼠	shǔ	常用汉字 · 13画 · 部首鼠	(象形。头部象锐利的鼠牙,下象足、脊背、尾巴形。本义:老鼠)。同本义。十二生肖之一。,忧;病。
催	cuī	常用汉字 · 13画 · 部首亻	(形声。从人,崔声。本义:催促,促使) 同本义。
傻	shǎ	常用汉字 · 13画 · 部首亻	头脑蠢笨,不谙事理,缺乏想象力。
像	xiàng	常用汉字 · 13画 · 部首亻	(形声。从人,从象,象亦声。本义:相貌相似)。同本义。模拟。仿效。依随,顺遂。立像,或比照人物形象绘画或雕塑图像。雕像。法式。
躲	duǒ	常用汉字 · 13画 · 部首身	(形声。从身,朵声。①本义:身。②避开,隐匿)。
魁	kuí	常用汉字 · 13画 · 部首鬼	(形声。从斗,鬼声。“斗”,长柄酒勺。本义:汤勺,调羹。长柄大头)。同本义。古星名。北斗七星的第一至第四星,一说为北斗第一星。首领,领头人。小丘。居首位,第一。高大,壮伟。
衙	yá	常用汉字 · 13画 · 部首彳	(形声。从行,吾声。(yú)本义:列队行进的样子)。旧时官署之称。唐代谓天子所居之处。衙参。坐衙,官吏坐堂审案。姓。
微	wēi	常用汉字 · 13画 · 部首彳	(会意。从彳(chì);--(wēi)声。本义:隐秘地行走)。同本义。藏匿,隐蔽。衰微,衰落。非,不是。微小;轻微。卑贱。日月亏缺的。秘密,偷偷。精妙。稍微,稍稍。要没有,要不是。古单位名。古代极小的量度单位。一寸的百分之一,或一两的百万分之一。角度、弧度的单位,一秒的六十分之一。秘密之事。古诸侯国名。殷代畿内之封地。殷周时西南夷之国。
愈	yù	常用汉字 · 13画 · 部首心	(形声。从心,俞声。本义:病好了。这个意义后来又写作“瘉”、“癒”) 同本义。胜过。更加;越发。
遥	yáo	常用汉字 · 13画 · 部首辶	(形声。从辵(chuò))。同本义。时间长。飘荡。
腻	nì	常用汉字 · 13画 · 部首月	(形声。从肉,贰(èr)声。本义:肥)。同本义。细腻。厌烦。积污垢。油腻。
腰	yāo	常用汉字 · 13画 · 部首月	(形声。从肉,要声。本作“要”。本义:紧接肋或胸以下的部分;胸和髋之间的身体的一部分)。同本义。指某物的中部或中间部分。佩在腰上。
腥	xīng	常用汉字 · 13画 · 部首月	腥气,泛指肉鱼、类及油脂的臭气味。病猪肉中像星或米粒的息肉。生肉。丑恶。
腮	sāi	常用汉字 · 13画 · 部首月	颊 。亦称“腮巴”、“腮巴子”、“腮斗”、“腮颊”、“腮帮”、“腮帮子”。水生动物的呼吸器官。
腹	fù	常用汉字 · 13画 · 部首月	(形声。从肉,复声。此为后起形声字,初文应即“畐”(fú)字,象人腹部之形。本义:肚子)。同本义。内心。怀抱。容纳。
腺	xiàn	常用汉字 · 13画 · 部首月	生物体内能分泌某些化学物质的组织 。由腺细胞组成,如人体内的唾液腺、汗腺、胰腺、甲状腺、肾上腺等。
鹏	péng	常用汉字 · 13画 · 部首鸟	(形声。从鸟,朋声。“鹏”是传说中最大的一种鸟,由鲲变化而成。本义:大鹏)。同本义。比喻前程远大。
腾	téng	常用汉字 · 13画 · 部首月	(形声。从马,朕(zhèn)声。本义:马奔腾)。同本义。奔驰。跳跃。使房屋空出。升入空中;上升。传递。翻腾。驾;乘。凌驾。
腿	tuǐ	常用汉字 · 13画 · 部首月	胫和股的总称 。人和动物主要用来支承身体并使身体从一点移到另一点(特别是以行走的方式)的肢体之一。
鲍	bào	常用汉字 · 13画 · 部首鱼	盐腌的鱼。鲍鱼,鳆鱼的别名。即石决明 。腹足纲软体动物,海味珍品,贝壳入药。腹足纲前鳃亚纲鲍科鲍属海产贝类。姓。
猿	yuán	常用汉字 · 13画 · 部首犭	(形声。从犬,袁声。猿似犬,故从犬。本义:灵长类动物,形态与猴相似) 同本义。
颖	yǐng	常用汉字 · 13画 · 部首页	(形声。从禾,顷声。从禾与农作物有关。本义:谷穗。亦称“颖片”。指禾本科植物小穗基部的二枚苞片)。同本义。锥芒。聪敏。
触	chù	常用汉字 · 13画 · 部首角	(形声。从角,蜀声。本义:以角撞物)。用角抵人或物。撞,碰。遇到;遭受。干犯,冒犯。佛家语。与色、声、香、味、法合称“六尘”。姓。
解	jiě jiè xiè	常用汉字 · 13画 · 部首角	(会意。从刀,从牛,从角。表示用刀把牛角剖开。本义:分解牛,后泛指剖开)。同本义。解体,离散。分解,熔化。解除,解围。解开。解释,说明。晓悟;明白。脱去;松开。打开,开放。缓解。助动词。能,会,得。道家以为修道者死后魂魄脱离尸体而成仙,称为“尸解”。见解,见识。(词源见jiě声解)。古代乡举,举送入试 。唐宋时举进士者由地方推荐发送入京的称为“解”。押送财物或犯人。兑换。兽名。官署,官吏办事的地方。古地名 。春秋周畿内地,有二,大解在今河南省洛阳市南,小解在今河南省洛阳市西南。松懈;懒散,做事不抓紧。姓。
煞	shā shà	常用汉字 · 13画 · 部首灬	弄死,杀死。停止;结束。削弱,损坏。甚么,啥。指迷信的凶神恶鬼之类。很,极。
雏	chú	常用汉字 · 13画 · 部首隹	(形声。从隹(zhuī),刍声。本义:小鸡)。同本义。引申为幼禽。幼小的动物。幼儿。
馍	mó	常用汉字 · 13画 · 部首饣	面制食品，北方地区特指馒头。用酵母或发粉制成的面食，通常指馒头。
馏	liú liù	常用汉字 · 13画 · 部首饣	加热使液体化成蒸气以分离液体混合物(形声。从食,留声。本义:蒸饭) 把凉了的熟食品再蒸热。
酱	jiàng	常用汉字 · 13画 · 部首酉	(会意。从肉,从酉。酒以和酱也。爿声。古文从酉,爿声。籀文从酉,从皿,爿声。本义:用盐醋等调料腌制而成的肉酱)。用麦、面、豆等发酵制成的调味品。
禀	bǐng	常用汉字 · 13画 · 部首示	(会意。禀为禀的俗字。本义:给予谷物)。同本义。赋予;给与。承受。报告。
痹	bì	常用汉字 · 13画 · 部首疒	(形声。从疒(chuáng),畀(bì)声。本义:痹症。中医指由风、寒、湿等引起的肢体疼痛或麻木的病) 同本义。气郁闷。
廓	kuò	常用汉字 · 13画 · 部首广	(形声。从广(yǎn),郭声。“广”甲骨文、金文象屋墙屋顶形,这里表示与建筑物有关。本义:通“郭”。外城)。同本义。物体的外缘。大,广大;空阔。空寂;孤独。开拓,扩大。清除。
痴	chī	常用汉字 · 13画 · 部首疒	(形声。从疒(chuáng),疑声。本义:不聪慧;迟钝)。同本义。疯癫,癫狂。发呆。颠狂病。
痰	tán	常用汉字 · 13画 · 部首疒	气管、支气管或肺泡黏膜分泌出来的黏液。
廉	lián	常用汉字 · 13画 · 部首广	(形声。从广(yǎn),兼声。从“广”,表示与房屋有关。本义:厅堂的侧边)。同本义。边。棱角。亦指物体露出棱角;有棱角。旧称有节操、不苟取的人。正直;刚直;品行方正。廉洁。又。狭窄。考察,视察。绝,断。
靖	jìng	常用汉字 · 13画 · 部首青	(形声。从立,青声。本义:立容安静)。同本义。安定;和平。善。细小。谦卑恭敬的样子。使安定。止息。平定。治理。思念。立。图谋。表彰。
新	xīn	常用汉字 · 13画 · 部首斤	(形声。从斤,从木,辛声。据甲骨文,左边是木,右边是斧子。指用斧子砍伐木材。本义:用斧子砍伐木材。“新”是“薪”的本字)。砍伐树木。更新,使之新。初次出现。与“旧”相对。新洁;新鲜;清新。开始的。结婚或结婚不久。没有用过的。新近;刚刚。指刚收获的粮食或蔬菜等。朝代名 。汉王莽初封新都侯,初始元年(公元八年)代汉称帝,国号新,建都长安(今陕西西安)。更始元年(公元23年)为绿林农民起义军所灭。柴薪新的人或事物。姓。
韵	yùn	常用汉字 · 13画 · 部首音	(形声。从音,员(匀)声。本义:和谐悦耳的声音)。同本义。美,标致。
意	yì	常用汉字 · 13画 · 部首心	(会意。从心从音。本义:心志。心意)。同本义。意志;愿望。亦引申为志向。胸怀;内心。情意;感情。意气; 气势。意图。神情、态度。意料;猜测。怀疑。
誊	téng	常用汉字 · 13画 · 部首言	照原稿抄写清楚。
粮	liáng	常用汉字 · 13画 · 部首米	(形声。从米,量声。本义:旅行用的干粮;行军作战用的军粮)。同本义。桂馥曰:“谷也者,非古训。糧乃行者之干食。”。又。引申指谷类;粮食。田赋。
数	shǔ shù	常用汉字 · 13画 · 部首攵	(形声。从攴(pū),娄声。本义:点数;计算)。同本义。枚举;列举。数落;责备。诉说,称说。数目;数量。道数,方法。技艺,如博弈的技艺。气数;命运。策略;权术。规律;必然性。道理。礼数;仪节。特指方术,如占卜之类。几个,若干。
煎	jiān	常用汉字 · 13画 · 部首灬	(形声。从火,前声。“火”字写在下面时常变形成为四点。本义:煎熬)。同本义。比喻折磨;使其痛苦。一种烹饪方法。锅里放油加热后,把食物放进去,使表面变成焦黄。消熔。
塑	sù	常用汉字 · 13画 · 部首土	(形声。从土,朔(sù)声。本义:用泥土抟成人物形象)。同本义。呆愣。垒砌。
慈	cí	常用汉字 · 13画 · 部首心	(形声。从心,兹声。本义:慈爱)。同本义。对父母孝敬奉养。
煤	méi	常用汉字 · 13画 · 部首火	(形声。从火,某声。本义:烟尘)。指墨。
煌	huáng	常用汉字 · 13画 · 部首火	(形声。从火,皇声。“皇”亦兼表字义。本义:光明;光亮)。同本义。有火光的,闪耀的。
满	mǎn	常用汉字 · 13画 · 部首氵	(形声。本义:填满,布满)。同本义。足够,达到一定限度。烦闷。饱满;丰满。郁闷,闷塞不畅。全,整个。自满。中国少数民族名。“满族”。姓。
漠	mò	常用汉字 · 13画 · 部首氵	(形声。从水,莫声。本义:沙漠) 同本义。淡泊,恬淡,即不追求名利。冷淡,不关心。空廓,寂静。
滇	diān	常用汉字 · 13画 · 部首氵	滇池。湖名。又称为昆明湖、昆明池、滇南泽。在云南省昆明市西南。中国云南省的别称。古国名 。在今云南省东部滇池附近地区。古族名 。西南夷的一支。战国至秦汉时,分布在今云南滇池附近,中心在今晋宁县。
源	yuán	常用汉字 · 13画 · 部首氵	(形声。从水,原声。“原”有表义作用,指水源。本义:水源,源泉。字本作“原”)。同本义。来源;根源。
滤	lǜ	常用汉字 · 13画 · 部首氵	(形声。从水,虑声。本义:用纱、布等过水,使水清洁) 过滤。
滥	làn	常用汉字 · 13画 · 部首氵	(形声。从水,监声。本义:浮起,浮现)。同本义。大水漫出,泛滥。浸渍,泡在水里。贪欲;卑污。收聚。过度;超过限度;漫无准则。虚妄不实。用同“烂”。任意地;肆意地。假借为“鉴”。浴盆。
滔	tāo	常用汉字 · 13画 · 部首氵	(形声。从水,舀(yǎo)声。本义:水势盛大的样子)。同本义。傲慢,专横霸道。使大水泛滥。云集一起地涌往。
溪	xī	常用汉字 · 13画 · 部首氵	(溪本作谿)。山间不与外界相通的小河沟。泛指小河流。没有出口的山沟。古州名 。在湖南省境内。
溜	liū liù	常用汉字 · 13画 · 部首氵	瞟,偷偷地看。偷偷地拿。鸣,叫。(形声。从水,留声。本义:水名)。古水名。又名“潭水”。即今纵贯广西中北部的融江、柳江及黔江。屋檐滴水处。某一地点附近的地方。液体向下流。斜视,瞥,迅速而短暂地看。漫步;游逛。传唤。水势迅猛。
漓	lí	常用汉字 · 13画 · 部首氵	漓江 。水名,在广西东北部。为桂江上源。同湘江上游间有灵渠(湘桂运河)相通。
滚	gǔn	常用汉字 · 13画 · 部首氵	(形声。从水,衮声。本义:大水奔流貌)。同本义。连续不断,急速翻腾的样子。圆的。滚动,滚转。液体温度达到沸点以上而翻腾。
溢	yì	常用汉字 · 13画 · 部首氵	(形声。从水,益声。本作“益”。象水从器皿中漫出。本义:水漫出来)。同本义。水泛滥成灾,淹没。过度,过分。
溯	sù	常用汉字 · 13画 · 部首氵	(形声。从水,朔(sù)声。本义:端直地逆流而上)。同本义。探求。追念思慕。
滨	bīn	常用汉字 · 13画 · 部首氵	(形声。从水,宾声。本义:水边)。湖、河、海的水边陆地。古州名 。五代周显德三年(公元956年)改赡国军置,治所在渤海(今滨县)。辖境相当于今山东省滨县、沾化、利津和博兴县的一部分。靠近;临近。姓。
溶	róng	常用汉字 · 13画 · 部首氵	(形声。从水,容声。本义:水盛大的样子)。同本义。广大;盛大。容颜,容貌。
溺	nì niào	常用汉字 · 13画 · 部首氵	没入水中。沉湎,无节制。陷于困境。失职 。如溺职。假借为“弱”。水浅,意谓水弱不能胜舟。排泄小便。后来作“尿”。人或动物排泄的小便。
粱	liáng	常用汉字 · 13画 · 部首米	(形声。从米,梁省声。本义:植物名。古代指粟的优良品种,子实也称粱,为细粮)。同本义。高粱。精美的饭食。又。
滩	tān	常用汉字 · 13画 · 部首氵	(形声。从水,难声。本义:河道中水浅流急多沙石的地方)。同本义。滩头。指江、河、湖、海边水涨淹没、水退显露的淤积平地。等级。用于在平面上成灘的東西。
慎	shèn	常用汉字 · 13画 · 部首忄	(形声。从心,真声。本义:谨慎;慎重)。同本义。警惕。与“勿”、“毋”、“莫”等连用表示禁戒,相当于“务必”、“千万”等。顺从,顺应;遵循,依顺。
誉	yù	常用汉字 · 13画 · 部首言	(形声。从言,舆(yù)声。本义:称赞,赞美)。同本义。jǔ。推荐。荣誉,美名。yǔ。同类。
塞	sāi sài sè	常用汉字 · 13画 · 部首土	(会意兼形声。从土,塞(xià)声。塞同罅,空隙之义。本义:阻隔;堵住)。同本义。填塞;充满。遏止,禁止。补救;抵偿。搪塞;应付。困窘,时运不通。诚实。险要之处;要塞,边塞。边境。古代的一种赌博游戏。构筑要塞。酬神。实,堵、填充空隙,用于书面词语中。
寞	mò	常用汉字 · 13画 · 部首宀	寂静;无声响。
窥	kuī	常用汉字 · 13画 · 部首穴	(形声。从穴,规声。本义:从小孔或缝里看)。暗中察看。亦泛指观看。观察,侦探。伺机图谋;觊觎。观看。
窟	kū	常用汉字 · 13画 · 部首穴	(形声。从穴,屈声。本义:土穴)。同本义。洞穴。又。穴居;作巢。
寝	qǐn	常用汉字 · 13画 · 部首宀	(形声。从宀,侵声。本义:睡觉)。同本义。卧。寝室、卧室。君王的宫室。宗庙中藏祖先衣冠的后殿。帝王陵园中的正殿。丑陋。
谨	jǐn	常用汉字 · 13画 · 部首讠	(形声。从言,堇(qín)声。本义:谨慎,小心)。同本义。恭敬。
褂	guà	常用汉字 · 13画 · 部首衤	中式的单上衣。古时军装的一种,有罩甲的短袖戎衣。清代礼服外服的名称。礼服加于袍外称外褂,短的称马褂。
裸	luǒ	常用汉字 · 13画 · 部首衤	(形声。从衣,果声。本义:赤身露体)。同本义。露出的身体。动植物外面没有毛、羽、鳞、甲或其它东西包裹的。
福	fú	常用汉字 · 13画 · 部首礻	(形声。从示,“畐”声。声符亦兼表字义。“畐”,本象形,是“腹”字的初文,上象人首,“田”象腹部之形。腹中的“十”符,表示充满之义,则“畐”有腹满义。“福”“富”互训,以明家富则有福。本义:福气,福运。与“祸”相对)。古称富贵寿考等齐备为福。与“祸”相对。祭祀用的酒肉。赐福,保佑。亦作“拂”。行礼。上身稍微前倾,双手重叠在偏右方向上下移动。(fù)。相称,符合。姓。
谬	miù	常用汉字 · 13画 · 部首讠	(形声。本义:极端错误,非常不合情理)。同本义。欺诈;迷误。姓。
群	qún	常用汉字 · 13画 · 部首羊	(形声。从羊,君声。本义:羊群;兽群;人群)。三个以上的禽兽相聚而成的集体。集团,社会集体。泛指多数。指人。指事物。聚集;会合,联合。随俗。众多。
殿	diàn	常用汉字 · 13画 · 部首殳	(形声。本义:击声)。古代泛指高大的房屋,后专指供奉神佛或帝王受朝理事的大厅。最后,最下。镇抚,镇守。定,评定。殿后,压阵。停,停止。
辟	bì pì	常用汉字 · 13画 · 部首辛	(会意。小篆字形,从卩,从辛,从口。“卩”,音jié,甲骨文象人曲膝而跪的样子。“辛”,甲骨文象古代酷刑用的一种刀具。本义:法律,法度)。同本义。君主。古称官吏。罪,罪行。回避,躲避。征召来授予官职。(形声。从门,辟声。本义:打开,开启)。开辟;开拓。驳斥。开垦。屏除;驱除。开阔;宽广。偏僻。邪僻。
障	zhàng	常用汉字 · 13画 · 部首阝	(形声。从阜,章声。阜,土山。从阜,与高下、险阻有关。本义:阻塞,阻隔)。同本义。阻挡;拒绝。遮挡;遮蔽。佛教用语。烦恼。古时边塞上险要处用以防捍寇盗而另筑的小城。步障,布帷或屏风。幛子 ,上面题有文字或画有图画的整幅绸布。
媳	xí	常用汉字 · 13画 · 部首女	儿子的配偶弟弟及晚辈亲属之妻
嫉	jí	常用汉字 · 13画 · 部首女	(形声。从女,疾声。本义:忌妒才德地位等美好的人)。同本义。泛指忌妒。憎恨。
嫌	xián	常用汉字 · 13画 · 部首女	(形声。从女,兼声。本义:疑惑,怀疑而有可能性)。同本义。避忌。厌恶。嫌隙,仇怨。怨恨。
嫁	jià	常用汉字 · 13画 · 部首女	(形声。从女,家声。本义:女子出嫁)。同本义(跟“娶”相对)。往,赴。卖;售。
叠	dié	常用汉字 · 13画 · 部首又	(会意。金文字形,象物体叠放在“俎”上。本义:重叠)。同本义。振作。惧怕。
缚	fù	常用汉字 · 13画 · 部首纟	(形声。从糸(mì),表示与线丝或缠织等有关。尃(fū)声。本义:捆绑)。同本义。绳索。
缝	féng fèng	常用汉字 · 13画 · 部首纟	(形声。从糸(mì),表示与线丝等有关, 逢声。本义:以针线连缀)。同本义。缝合处。罅隙。喻言行中出现的漏洞、差错。
缠	chán	常用汉字 · 13画 · 部首纟	(形声。从糸,廛(chán)声。本义:围绕,缠绕)。同本义。
缤	bīn	常用汉字 · 13画 · 部首纟	(形声。从糸(mì),宾声。本义:繁盛,众多)。同本义。紊乱。
剿	chāo jiǎo	常用汉字 · 13画 · 部首刂	抄袭。(形声。从刀,巢声。本义:劳累,使辛勤劳累)。同本义。灭绝,征剿。
静	jìng	常用汉字 · 14画 · 部首青	(形声。从青,争声。本义:彩色分布适当)。安静;宁静。静止,物体不运动(跟“动”相反)。没有声响;寂静。干净,纯净。善。倦怠。清理;使干净。使安定。直言相劝,止人之失。古州名。唐置。在今四川省松潘县西南。辽置。在今辽宁省境。真情。姓。
碧	bì	常用汉字 · 14画 · 部首石	(形声。从玉,从石,白声。本义:青绿色的玉石)。同本义。又。指代绿水。青绿色。青白色,浅蓝色。
璃	lí	常用汉字 · 14画 · 部首王	(形声。从玉,离声。琉璃:光洁如玉的石珠)——见“玻璃”(bōli)。
赘	zhuì	常用汉字 · 14画 · 部首贝	(会意。从敖贝。敖犹“放”,贝与财富有关。本义:抵押)。同本义。聚会。连缀,附着。又如;赘附(依附);赘旒(连缀)。增添;附加 。如;赘名(附列其名)。恶的。就婚于女家与改为女家姓的男子称为“赘婿”。对男家来说,出去当赘婿称为“出赘”。对女家来说,招女婿称为“招赘”。男子到女家当赘婿称为“入赘”。颈椎骨。赘瘤;肉瘤。
熬	áo āo	常用汉字 · 14画 · 部首灬	(形声。从火,敖声。本义:煎干;炒干)。同本义。用小火慢煮。忍受;忍耐;坚持。烹调方法，把蔬菜等放在水里煮
墙	qiáng	常用汉字 · 14画 · 部首土	(会意。从啬,从土。“啬”有节俭收藏的意思。垒土为墙,意在收藏。本义:房屋或园场周围的障壁)。同本义。门屏。
墟	xū	常用汉字 · 14画 · 部首土	(本作“虚”。形声。从土,虚声。本义:大土山)。同本义。废址,故城。坟墓。乡村集市。场所。毁为废墟。奴役。
嘉	jiā	常用汉字 · 14画 · 部首口	(形声。从壴(zhù),加声。本义:善,美)。同本义。幸福;吉祥。乐;欢娱。赞美,称道、颂扬事物的美好。之一。(指饮食、婚冠、宾射、飨宴、贺庆等礼)。
摧	cuī	常用汉字 · 14画 · 部首扌	(形声。从手,崔声。本义:折断)。同本义。摧毁,破坏,毁坏。挫败。悲痛,哀伤。
赫	hè	常用汉字 · 14画 · 部首赤	(会意。从二赤。火赤。本义:泛指赤色)。红如火烧。亦泛指火红色。显耀。显盛。光明。勃然大怒。恐吓。使感到惊奇、震骇或恐怖。分裂,支解。
截	jié	常用汉字 · 14画 · 部首戈	(形声。从戈,雀声。本义:断绝,切断)。同本义。拦阻;阻挡。直渡;跨越。购买。了结。
誓	shì	常用汉字 · 14画 · 部首言	(形声。从言,折声。本义:发誓;立誓)。同本义。接受爵位。告诫;告知。指国与国、人与人之间所订立的誓约;盟约;誓言。谨慎。
境	jìng	常用汉字 · 14画 · 部首土	(形声。从土,竟声。本义:边境,国境)。同本义。字本作“竟”。居所,地方。景象,景物。
摘	zhāi	常用汉字 · 14画 · 部首扌	(形声。小篆字形,从手,啻(chì)声。本义:用手采下或取下)。同本义。除去,去掉。摘录。
摔	shuāi	常用汉字 · 14画 · 部首扌	(形声。从手,率声。本义:用力扔在地上)。同本义。跌倒;落下。
撇	piē piě	常用汉字 · 14画 · 部首扌	(形声。从手,敝声。本义:抛弃,弃置不顾)。同本义。眼光掠过;匆匆一看。碰触;击。拂拭,掠过。
聚	jù	常用汉字 · 14画 · 部首耳	(形声。小篆,下面是三个人,表示人多;上面的“取”,作声符。本义:村落)。同本义。众;集团;一伙。地名 。在今山西省绛县东南。会合;聚集。积蓄,累积。征集。使民众聚居。
慕	mù	常用汉字 · 14画 · 部首小	(形声。从心,莫声。本义:依恋;向往)。同本义。仰慕;羡慕。姓。
暮	mù	常用汉字 · 14画 · 部首日	(形声。从日,莫声。古字作“莫”,像太阳落到草丛中,表示天将晚。“暮”为后起字。本义:日落时,傍晚)。同本义。夜晚。喻指年老,衰老。迟;晚。
摹	mó	常用汉字 · 14画 · 部首手	(形声。从手,莫声。本义:临摹,照着样子描画、写字)。同本义。仿效。描写,描绘。
蔓	màn wàn mán	常用汉字 · 14画 · 部首艹	(形声。从艸,曼声。本义:藤蔓,草本蔓生植物的枝茎) 同本义。蔓延;滋长。[方言] 指有较高表演技艺，有广泛影响的演艺明星。亦作'大腕儿'。【蔓菁】 一年生或二年生草本植物,块根肉质。
蔑	miè	常用汉字 · 14画 · 部首艹	(会意。从苜(mò),从戍。“苜”是眼睛歪斜无神,“戍”是戍守人。合而表示人过于劳倦眼睛歪斜无神。本义:眼睛红肿看不清)。同本义。细小;轻微。轻视;轻侮。亦作“懱”。灭,消灭。无;没有。以血涂染。引申为污,诬蔑。
蔡	cài	常用汉字 · 14画 · 部首艹	(形声，祭声。本义:野草)。同本义。周代国名,在今河南省上蔡、新蔡等县一带。占卜用的大龟。姓。
蔗	zhè	常用汉字 · 14画 · 部首艹	(形声。从艸,庶声。本义:甘蔗)。
蔽	bì	常用汉字 · 14画 · 部首艹	(形声。从艸,敝声。本义:小草)。遮住,遮掩。隐藏 蔽林间窥之。——唐·柳宗元《三戒》。庇护。掩饰。蒙蔽。概括。
蔼	ǎi	常用汉字 · 14画 · 部首艹	树木生长繁茂。盛多的样子。和气,态度好。云气
熙	xī	常用汉字 · 14画 · 部首灬	(形声,本义:曝晒;晒太阳)。同本义。振兴;兴起。嬉戏。光明、明亮。兴盛。和悦。幸福;吉祥。和暖;暖和。
蔚	wèi yù	常用汉字 · 14画 · 部首艹	(会意。从艸,尉声。本义:牡蒿)。同本义 。菊科。一种多年生草本(Artemisia japonica)。全草入药。病。草木茂盛。有文采。云气弥漫的。盛大。聚集。县名 ,在河北省北部,壶流河斜贯,邻接山西省。
兢	jīng	常用汉字 · 14画 · 部首儿	(象形。金文字形,象二人头顶重物形。头上戴着重物,故常戒惕小心。本义:小心谨慎的样子)。同本义。强劲。
模	mó mú	常用汉字 · 14画 · 部首木	(形声。从木,莫声。本义:铸造器物的模子)。同本义。楷式,榜样。特指值得学习的先进人物。仿效,效法。照原件描画,临摹。
槛	jiàn kǎn	常用汉字 · 14画 · 部首木	槛车;囚车。关牲畜野兽的栅栏。栏杆的纵木。栏杆的横木。泛指栏杆。捕捉野兽的机具。四方加板的船。浴盆。以槛车关、载。禁闭;拘囚。
榴	liú	常用汉字 · 14画 · 部首木	(形声。从木,留声。本义:木名。即“石榴”)。同本义 。一种落叶灌木,开红花,果实球状,内有很多种子,种子上的肉可吃,根和皮可做驱虫药。种子为汉·张骞出使西域时自安石国带回,故名“安石榴”,后略称“石榴”,也简称“榴”。
榜	bǎng bàng	常用汉字 · 14画 · 部首木	木片。匾额。告示应试取录的名单。公开张贴的名单、文书、告示。屋栋。公开张贴文书、告示。题署。船桨。船。摇船,划船。
榨	zhà	常用汉字 · 14画 · 部首木	压出物体里汁液的器具。
榕	róng	常用汉字 · 14画 · 部首木	一种常绿乔木 ,树干分枝多,枝上又长出许多气生根,其向下长入土中形成一支柱,树冠大,叶互生,椭圆形或卵形,花黄色或淡红色,果实倒卵形,黄色或赤褐色。福建省福州市的别称。
歌	gē	常用汉字 · 14画 · 部首欠	(形声。从欠,哥声。从“欠”,表示与口有关系。本义:唱)。同本义。歌颂,赞美。奏乐;伴奏。又指。作歌;作诗。歌曲;歌词。
遭	zāo	常用汉字 · 14画 · 部首辶	(形声。从辵(chuò),曹声。本义:遇见,碰到)。同本义(多指碰到不幸的事)。受到;遭受。际遇,人生中的好运或坏运气。次,回。一圈,一场。
酵	jiào	常用汉字 · 14画 · 部首酉	(形声。从酉(yǒu),表示与酒有关,孝声。本义:酒母)。酒滓。
酷	kù	常用汉字 · 14画 · 部首酉	(形声。从酉(yǒu),表示与酒有关,告声。本义:酒味浓;香气浓)。同本义。残暴;苛刻。悲惨;痛苦。极,非常。惨痛,痛恨。
酿	niàng	常用汉字 · 14画 · 部首酉	(形声。从酉(yǒu),襄声。本义:做酒,酿造)。同本义。原专指酿酒,后也指利用发酵作用酿造蜜、醋、酱等。酝酿,逐渐形成。娇宠。酒。
酸	suān	常用汉字 · 14画 · 部首酉	(形声。从酉(yǒu),“酉”是汉字部首之一。从“酉”,与酒、酪等有关。本义:醋)。像醋一样的气味或味道。杂剧脚色之一,主要扮演青年文人,因此亦用作对文人的蔑称。酸类物质名 。能与碱反应生成盐的一种化合物(如盐酸、硫酸或苯甲酸);如溶于水,则其水溶液呈酸味,能使石蕊试纸变红,与某些金属(如铁,锌,锡)反应放出氢气;一种含氢化合物(HX),在水溶液中产生水合氢离子(如H3O+)和阴离子X-,强酸(如硝酸、盐酸或三氯醋酸)的稀溶液电离程度基本完全,弱酸(如醋酸或苯甲酸)的电离度可能只有百分之一,极弱的酸(如氢氰酸或硼酸)的电离度远小于百分之一。寒酸;迂腐。形容读书人的贫寒。悲痛。因男女关系而引起的嫉妒。酸痛,因疾病或疲劳引起的筋肉微痛而无力的感觉。
碟	dié	常用汉字 · 14画 · 部首石	(形声。从石,枼(yè)声。本义:盛食品的小盘) 同本义 。如:碗碟;碟酌(酒菜;酒席);碟大碗小,磕着碰着了(比喻人多事杂,容易发生摩擦)。又:用作量词。如:一碟瓜子。
碱	jiǎn	常用汉字 · 14画 · 部首石	(“碱”为“鹼”的俗字。“鹼”已简化为硷。而礆、鹻、堿、鹹、礆为过去俗用过的杂字)。盐鹵。含氢氧根的化合物的统称。今作“碱”。又专指纯碱。
碳	tàn	常用汉字 · 14画 · 部首石	一种主要呈四价的非金属元素,存在于自然界中(如以金刚石和石墨形式),是煤、石油、沥青、石灰石和其他碳酸盐以及一切有机化合物的成分 ——元素符号C。
磁	cí	常用汉字 · 14画 · 部首石	(形声。从石,兹声。本义:磁石。也指磁性)。地名 。治所在今河北省磁县。辖境相当今河北省邯郸、磁县、武安等市、县地。
愿	yuàn	常用汉字 · 14画 · 部首心	(形声。从页(xié),原声。古时“愿、願”各有本义。“愿”义为谨慎,“願”义为“大头”) 谨慎;老实,质朴。大头。假借为“愿”。愿心,旧时祈祷神佛所许下的酬谢。心愿;愿望。情愿。希望。仰慕。
需	xū	常用汉字 · 14画 · 部首雨	(会意。从雨而声。“需”指遇雨,停在那里等待。本义:等待)。同本义。需要。索取。迟疑;观望。应该;必然。需用的东西。
辖	xiá	常用汉字 · 14画 · 部首车	(形声。从车,害声。本义:大车轴头上穿着的小铁棍,可以管住轮子使不脱落)。同本义。侍卫。管辖。卡,夹。
辗	niǎn zhǎn	常用汉字 · 14画 · 部首车	磙压;碾压。辗转,也作“展转”。转;回转。
雌	cí	常用汉字 · 14画 · 部首隹	(形声。从隹(zhuī),此声。从“隹”,表示与鸟有关。本义:母鸟。引申为母的)。母鸟,能产卵的鸟。
裳	cháng shang	常用汉字 · 14画 · 部首衣	(形声。从衣,尚声。本义:下衣)。古人穿的遮蔽下体的衣裙,男女都穿,是裙的一种,不是裤子。泛指衣服。——用于“衣裳”。
颗	kē	常用汉字 · 14画 · 部首页	(形声。从页(xié),果声。从“页”,表示与头有关。(kě) 本义:小头) 引申指颗粒状物。多用于圆形或粒状物。
瞅	chǒu	常用汉字 · 14画 · 部首目	[方言] 看;望
墅	shù	常用汉字 · 14画 · 部首土	田庐;村舍。田间土舍。别馆;在本宅之外营建的田庄园林。
嗽	sòu	常用汉字 · 14画 · 部首口	(形声。从口,欶(shuò)声。本义:咳嗽) 同本义。
踊	yǒng	常用汉字 · 14画 · 部首足	(形声。从足,勇声。从足,表示脚的动作行为。本义:往上跳)。同本义。登,登上。
蜻	qīng	常用汉字 · 14画 · 部首虫	蜻蜓。
蜡	là zhà	常用汉字 · 14画 · 部首虫	动物、矿物或植物所产生的油质,具有可塑性,能燃能熔,不溶于水,是一羟基醇或固醇的脂肪酸酯。蜡烛的简称。古代祭名。周朝年终大祭万物。
蝇	yíng	常用汉字 · 14画 · 部首虫	多指苍蝇。动物名。属昆虫类中的双翅类。
蜘	zhī	常用汉字 · 14画 · 部首虫	节肢动物，身体圆形或长圆形，分头胸和腹两部，有触须和脚四对。肛门分泌的黏液凝成细丝，用来结网捕食昆虫。
蝉	chán	常用汉字 · 14画 · 部首虫	(形声。从虫,单声。本义:一种昆虫。也称“知了”)。同本义。节肢动物门,昆虫纲,同翅目,蝉科,蝉属。连续不断。
嘛	ma	常用汉字 · 14画 · 部首口	表示道理显而易见
嘀	dī dí	常用汉字 · 14画 · 部首口	滴水落下的声音或类似的声音a.小声说话；b.犹疑不定
赚	zhuàn zuàn	常用汉字 · 14画 · 部首贝	(形声。从贝,兼声。从贝,与财富有关。本义:指买卖得盈利)。同本义。赢得;获得。出错误。耽误;错过。诳骗;欺哄。
锹	qiāo	常用汉字 · 14画 · 部首钅	挖土或铲其他东西的器具。用锹挖掘。
锻	duàn	常用汉字 · 14画 · 部首钅	(形声。从金,段声。本义:打铁)。同本义。锤击。锻铁用的砧石。
镀	dù	常用汉字 · 14画 · 部首钅	(形声。从金,度声。本义:以金属附着到别的金属或物体表面)。利用化学、机械或电镀的方法使一种金属附着在别的金属或物体的表面上。
舞	wǔ	常用汉字 · 14画 · 部首夕	(形声。从舛(chuǎn),两足相背。古舞字象人执牛尾而舞之形。本义:舞蹈)。同本义。钟体的顶部。跳舞。玩弄。鼓舞,振奋。弄,抚弄。
舔	tiǎn	常用汉字 · 14画 · 部首舌	(形声。从舌,忝声。本义:以舌取食)。同本义 。使…湿润 。
稳	wěn	常用汉字 · 14画 · 部首禾	(形声。从禾,隐省声。“禾”与粮食有关,有了粮食,心就安定了。本义:安定,平稳)。同本义。妥帖;稳妥。蹂谷聚。即蹂践聚集的谷粒,使谷壳和米分开。诱使人暂缓行动。忍受(如困苦或艰难)而不动摇、屈服或退让。搞端正。
熏	xūn xùn	常用汉字 · 14画 · 部首灬	(俗作燻。会意。金文,上面象火烟冒出,中间是烟突(本古“窗”字),两点表示烟苔,下面是火焰。合起来是烟突冒烟。本义:火烟向上冒)。同本义。烧灼,火烫。熏制;焙制。气体侵袭;侵染。用言语、行动逐渐影响、说服人。以香料涂身。黄昏。温和,和暖。和悦的样子。
箕	jī ji	常用汉字 · 14画 · 部首竹	(形声。从竹,其声。本义:簸箕,扬米去糠的器具)。同本义。畚箕。用竹篾、柳条等制成的清除垃圾的器具。星宿名 ,指箕宿,二十八宿之一。东方青龙七宿的末一宿。有星四颗。箕踞 。古人席地而坐,伸开两腿坐着,形状如簸箕。——见“簸箕”(bòji)。
算	suàn	常用汉字 · 14画 · 部首竹	(会意。从竹,从具。“竹”跟算筹有关,“具”表示齐备。本义:计算)。同本义。推测;料想。作数,承认其有效力。归;属于;当作;认作。计谋;谋划。数目;数额。计算用的筹码。
箩	luó	常用汉字 · 14画 · 部首竹	(形声。从竹,罗声。本义:竹制的盛器,多方底圆口)。同本义。箩筛 。一种专供筛粉状物质或过滤流质的器具,底部比筛子密,用绢或细铜丝等材料做成。量词。
管	guǎn	常用汉字 · 14画 · 部首竹	(形声。从竹,官声。本义:一种类似于笛的管乐器。后泛指管乐器)。中国古代的一种管乐器,起初用玉制成,改用竹,有六孔,长一尺。后泛指管乐器。古称钥匙。笔管。后称笔为管。(guān)。官吏。馆舍。管理。管教。管辖、控制。保证;包管。
箫	xiāo	常用汉字 · 14画 · 部首艹	(形声。从竹,肃声。从竹,与乐器有关。本义:洞箫,竹制的管乐器)。同本义 。管乐器名,古代的排箫是许多管子排在一起的,后世用一根管子。竖着吹的叫洞箫。弓的末端。
舆	yú	常用汉字 · 14画 · 部首臼	(形声。从车,舁(yú)声。本义:车厢)。同本义。车辆,尤指马车。古地名 。汉置,属临淮郡,东汉改属广陵郡,南朝宋并入江都县。故城在今江苏省江都县西。大众。共同抬。乘坐。
僚	liáo	常用汉字 · 14画 · 部首亻	(形声。从人,尞(liáo)声。本义:官,官职)。同本义。古代一种服苦役的官奴。一起作官的人。(liǎo) 美好。美好,敏慧。
僧	sēng	常用汉字 · 14画 · 部首亻	(形声。从人,曾声。本义:和尚)。同本义 指出家修行的男性佛教徒,俗称“和尚”,梵语“僧伽(samgha)”的省称。姓。
鼻	bí	常用汉字 · 14画 · 部首鼻	(会意。从自,从畀(bì),“畀”又兼作声符。“自”是“鼻”的本字,作“自己”用后,另造了“鼻”字。“畀”是给予、付与的意思。合起来表示一呼一吸,自相给予。本义:鼻子)。同本义。呼吸兼嗅觉的器官。初始,发端。
魄	bó pò tuò	常用汉字 · 14画 · 部首鬼	形容拍击声。(形声。从鬼,白声。从鬼的字,常与灵魂、鬼怪有关。本义:阴神,迷信的人指依附于人的身体而存在的精神)。同本义,有别于可游离于人体之外的魂。引申为人的形体。月出月没的微光。糟粕,酒滓。——“落魄”的“魄”的又音。
魅	mèi	常用汉字 · 14画 · 部首鬼	(形声。从鬼,未声。本义:迷信传说中的精怪) 同本义。
貌	mào	常用汉字 · 14画 · 部首豸	(形声。从豹省,皃(mào)声。本作“皃”,从“人白”,象人面形。儿,古文“人”字。本义:面容,相貌,容貌)。同本义(外在的仪表,生就的形象)。外表的形象,外观。神态,面部神情。细微的丝。表面上。
膜	mó	常用汉字 · 14画 · 部首月	(形声。从肉,莫声。本义:生物体内部的薄皮形组织)。同本义。
膊	bó bo	常用汉字 · 14画 · 部首月	上肢，近肩的部分
膀	bǎng bàng pāng páng	常用汉字 · 14画 · 部首月	(形声。从肉,旁声。本义:肩膀)。同本义。兽类或家畜腿的上部或前肢和躯干相连的部分。鸟类等的翅膀。——“吊膀子”(diàobàngzi)(方言。调情)。浮肿。指。
鲜	xiān xiǎn	常用汉字 · 14画 · 部首鱼	(会意。从鱼,从羊。“鱼”表类属,“羊”表味美。本义:鱼名。出貉国)。假借为鱻。鲜鱼,活鱼。鲜美的食物。新鲜。鲜明;明洁,洁净。味美。夭折的,早死的。非常少,很不多。缺少;不足。
疑	yí	常用汉字 · 14画 · 部首疋	(形声。小篆字形。从子止匕,矢声。止,不通。子,幼子。幼子多惑。本义:怀疑)。同本义。迷惑,犹豫不定。猜度;估计。疑问。怪异。引申为责怪。类似;好像。
孵	fū	常用汉字 · 14画 · 部首子	(形声。从卵,孚声。本义:鸟类伏在卵上,使卵内的胚胎发育成雏鸟)
馒	mán	常用汉字 · 14画 · 部首饣	一种用发面蒸成的食品，圆形或长方形，无馅。本有馅,后北方称无馅的为馒头,有馅的为包子
裹	guǒ	常用汉字 · 14画 · 部首衣	(形声。从衣,果声。本义:包,缠)。同本义。携带。停止。
敲	qiāo	常用汉字 · 14画 · 部首攴	(形声。从攴,高声。攴,pū,轻击。象手(又)拿小棍轻击的样子。本义:敲击,叩打)。同本义。短杖式的刑具。
豪	háo	常用汉字 · 14画 · 部首豕	(形声。从豕(shǐ),猪,高省声。本义:豪猪)。同本义 。哺乳动物,全身黑色,自肩部以后长着许多长而硬的棘毛。棘毛如刺,黑白相间。穴居,昼伏夜出。也称箭猪。动物长而细的毛。具有高超才能与品德的人。英雄。旧指有钱有势或依仗权势横行不法的人。山名。即崤。姓。宋代有豪彦。巨大的,势力强大的。强横。豪放,豪迈;气度宽广、不拘小节。奢侈;豪华。——宋·司马光《训俭示康》。
膏	gāo gào	常用汉字 · 14画 · 部首月	(形声。从肉,高声。从肉,表示与肉体有关。本义:溶化的油脂,无角动物的油脂)。同本义。肥肉。特指油灯。古代医学称心尖脂肪为“膏”。肥沃。甘美。
遮	zhē	常用汉字 · 14画 · 部首辶	(形声。从辵(chuò),庶声。本义:阻挡;拦阻)。同本义(使不通过,使中途停止)。掩蔽。
腐	fǔ	常用汉字 · 14画 · 部首肉	(形声。从肉,府声。本义:腐烂变质)。同本义。拍;击。指思想或文章陈旧、古板。气味恶臭。宫刑。
瘩	dá da	常用汉字 · 14画 · 部首疒	瘩背一方面指皮肤上突起或肌肉上结成的小硬块，另一方面也指人思想上的矛盾、疑虑、问题等。
瘟	wēn	常用汉字 · 14画 · 部首疒	(形声。从疒(chuáng),昷(wēn)声。本义:瘟疫) 同本义。(像得了瘟病似的)神情呆滞、没有生气的。愚笨的。
瘦	shòu	常用汉字 · 14画 · 部首疒	(形声。从疒(chuáng),叟声。从疒,表明与疾病有关。本义:肌肉不丰满)。同本义 。与“胖”、“肥”相对。细小;不茁壮。形容削直、突兀。
辣	là	常用汉字 · 14画 · 部首辛	(形声。从辛,剌(là)省声。本义:辛味)。同本义。姜、蒜、辣椒等带刺激性的味道。高温,酷热。辣味刺激。
彰	zhāng	常用汉字 · 14画 · 部首彡	(会意兼形声。从彡从章,章亦声。章,显著;彡(shān),加上修饰。本义:明显,显著)。同本义。文采美盛鲜明。表扬,表彰。揭示,表露。
竭	jié	常用汉字 · 14画 · 部首立	(形声。从立,曷声。本义:背举;用肩背负)。同本义。干涸;枯竭。穷尽。亡;失去。败坏;毁灭。悉;全。
端	duān	常用汉字 · 14画 · 部首立	(形声。从立,耑(duān)声。本义:站得直)。同本义。端正。引申为正直。事物的一头或一方面。首;顶端。头绪。事由;原委。周代礼服。办法。究竟;到底。
旗	qí	常用汉字 · 14画 · 部首方	同本义。泛指各种旗帜。内蒙古自治区的行政区划单位,相当于县。假借为“箕”。箕宿。二十八星宿之一。号令。
精	jīng	常用汉字 · 14画 · 部首米	(形声。从米,青声。本义:挑选过的好米,上等细米)。同本义。精气。精神;精力。精液。精灵;灵魂。花。星。日月之光。水晶。实情。性情。细致,精密。纯洁;纯净。精诚,专一。清朗;光明。锐利。精妙,隐微奥妙。甚,很。深到;精通。
粹	cuì suì	常用汉字 · 14画 · 部首米	(形声。从米,卒声。本义:精米)。同本义。不含添加、替代或异质物质的;纯的。
歉	qiàn	常用汉字 · 14画 · 部首欠	(形声。从欠,兼声。本义:吃不饱)。同本义。收成不好。惭愧。对不住人的心情。少;不足。谦逊。
弊	bì	常用汉字 · 14画 · 部首廾	(形声。字本作“獘”,从犬,敝声。从犬,表示被狗扑倒或遭狗咬而倒下。讹变为“弊”。本义:仆,向前倒下)。仆;向前倒下。倒毙;死亡。同“毙”。遮盖,遮挡。判决,决定。弊病,弊害。坏,低劣。衰落,疲惫。破旧,破损。
熄	xī	常用汉字 · 14画 · 部首火	(形声。从火,息声。本义:火熄灭)。同本义。消亡;平息;止。
熔	róng	常用汉字 · 14画 · 部首火	(熔为鎔的俗字。形声。从火,容声。本义:用高温使固体物质转变为液态) 同本义。铸造器物的模子。
煽	shān	常用汉字 · 14画 · 部首火	(形声。从火,扇声。本义:火炽盛) 同本义。
潇	xiāo	常用汉字 · 14画 · 部首氵	(形声。从水,萧声。本义:水清而深的样子)。同本义。
漆	qī	常用汉字 · 14画 · 部首氵	(形声。从水,桼声。本义:漆水)。同本义。古水名。渭水支流,今名漆水河。发源于陕西麟游县西,东南流至武功县西,注入渭水。在陕西省邠县西,流注泾水。石川河上源之一。发源于陕西铜川市北,南流至耀县与沮水合为石川河,又南流至高陵县东注入渭水。油漆树 。一种漆树科落叶乔木,从其树皮可割取天然漆。油漆 用漆树汁制成的涂料。漆器。数词。
漱	shù	常用汉字 · 14画 · 部首氵	形声。# 同本义。洗涤。冲刷;冲荡。
漂	piāo piǎo piào	常用汉字 · 14画 · 部首氵	(形声。从水,票声。本义:浮,浮流)。同本义。漂泊。流浪在外,东奔西走。吹;使飘荡。摇动;摇荡。迅速;快疾。古水名。没付欠账。
漫	màn	常用汉字 · 14画 · 部首氵	(形声。从水,曼声。本义:水过满向外流)。同本义。充满;遍,周遍。隔。污;玷污。放纵;散漫;不受约束。长的样子;辽远的样子。模糊。随便;随意。徒然。遍;普遍。都;全。
滴	dī	常用汉字 · 14画 · 部首氵	(形声。从水,啇(dí)声。本义:液体一点一点落下来。成语:滴水成冰) 同本义。水点;点点下落的液体 。如:水滴;雨滴。也用以形容像水滴那样圆的物体。如:滴子(垂珠)。多用于颗粒状滴下的液体。
漾	yàng	常用汉字 · 14画 · 部首氵	古水名。漾水。汉水上流,源出陕西省宁羌县北潘冢山。即今嘉陵江上源的西汉水。水动荡。水面上起波纹;有细浪起伏。抛掷;丢弃。水流长。
演	yǎn	常用汉字 · 14画 · 部首氵	(形声。从水,寅声。本义:水长流)。同本义。水流经地下。延展。湿润。推演。传布。
漏	lòu	常用汉字 · 14画 · 部首氵	(形声。从水,屚(lòu)声。本义:漏壶的简称。古代滴水计时的仪器)。同本义。孔隙,孔穴;漏洞。时刻,时间。臭味。房顶漏雨。泄露;泄密。遗漏;疏忽。诱骗;引诱。遮,藏。狭小。
慢	màn	常用汉字 · 14画 · 部首忄	(形声。从心,曼声。本义:轻慢;对人无礼貌)。同本义。怠慢。欺骗。涂抹。懒惰。不及时,迟了。从慢走引申为缓慢。骄傲;傲慢。生疏。徒然。
慷	kāng	常用汉字 · 14画 · 部首忄	(形声。从心,康声。本义:情绪激昂)。同本义。
寨	zhài	常用汉字 · 14画 · 部首宀	(形声。从木,赛省声。本义:防卫所用的木栅)。同本义。多指四面环围的驻军处,营垒。
赛	sài	常用汉字 · 14画 · 部首贝	(形声。从贝,塞省声。本义:行祭礼以酬神)。同本义。比试。胜过;如同。完毕,了结。姓。
寡	guǎ	常用汉字 · 14画 · 部首宀	少;缺少。孤独;孤单。倒霉;不吉利。淡而无味。寡妇,丈夫死去后还未再嫁的女人。(会意。金文字形,从“宀”(mián),从“页”(xié),是一个人独处屋下的形象。本义:古代妇人丧夫,男子无妻或丧偶,都叫寡)。同本义。减少。舍弃。丧失配偶。后渐以专指妇人丧夫。古代王侯的谦称。
察	chá	常用汉字 · 14画 · 部首宀	(形声。从宀(mián),祭声。本义:观察;仔细看)。同本义。明察,知晓。调查;考察。分辨。考察后予以推举,举荐。明显;精明。
蜜	mì	常用汉字 · 14画 · 部首虫	(形声。从虫,宓(mì)声。本义:蜂蜜,蜜蜂采取花液酿成的甜汁)。同本义。
寥	liáo	常用汉字 · 14画 · 部首宀	假借为“赖”。凭依;聊赖。(本作廫。形声。从宀(mián),本义:空虚;寂静)。同本义。冷清,冷落,寂寞。稀少,稀稀拉拉。深远。
谭	tán	常用汉字 · 14画 · 部首讠	(形声。从言,覃声。本义:同“谈”,说)。同本义。绵延相及。宏大,广大。同“谈”。言论。古代国名 。在今山东省济南市东龙山镇附近。公元前684年为齐所灭。姓。
肇	zhào	常用汉字 · 14画 · 部首聿	(形声。从攴,肇(zhào)省声。从攴(pū),与打击有关。本义:击)。同本义。创建。矫正。引起;引发;招惹。开始,最初。
褐	hè	常用汉字 · 14画 · 部首衤	(形声。从衣,曷声。本义:用粗麻织成的袜子)。同本义。指粗布或粗布衣;最早用葛、兽毛,后通常指大麻、兽毛的粗加工品,古时贫贱人穿。卑贱的人。
褪	tuì tùn	常用汉字 · 14画 · 部首衤	脱落，脱去：梅子褪花时，直与黄梅接。褪装。兔子正褪毛。颜色消退或消失：褪色。颜色褪尽。(形声。从衣,退声。这个后起字,解作卸衣、花谢、色减、退却。本义:卸衣)。同本义。消除。凋萎。解除。宽缓。
谱	pǔ	常用汉字 · 14画 · 部首讠	(形声。从言,普声。本义:记载事物类别或系统的书)。同本义。符号或文字列记乐歌的音节、声调,以便奏唱的籍录。按照事物的类别或系统编排记录。
隧	suì	常用汉字 · 14画 · 部首阝	(形声。从阜(fù),遂声。阜指土山,从阜的字有的与建筑有关。本义:墓道,古墓中运送棺材到墓室的通道)。同本义。地道。车辆或人畜通行的道路。人体血气津液等运行分泌的通道。钟上受敲击而洼下的地方。远郊之地。周代郊外的一种行政区划。五县为隧。烽火亭。旋转。钻进地道,钻洞。
嫩	nèn	常用汉字 · 14画 · 部首女	(形声。从女,敕声。本义:物初生时的柔弱娇嫩状)。同本义。指事物尚处在开始或轻微的状态。不老练;缺乏实际经验。
翠	cuì	常用汉字 · 14画 · 部首羽	(形声。从羽,卒声。本义:翠鸟)。鸟名,翠鸟。又专指雌性的翠鸟。青、绿、碧之类的颜色。
熊	xióng	常用汉字 · 14画 · 部首灬	(形声。从能,炎省声。能,“熊”。本义:动物名)。属于食肉目熊科(Ursidae)的一种大型笨重的哺乳动物。古代以熊皮为饰的箭靶。古州名。雄性。姓。
凳	dèng	常用汉字 · 14画 · 部首几	凳子。床前踏具。
骡	luó	常用汉字 · 14画 · 部首马	动物名。骡子 。哺乳纲,奇蹄目,马科。
缩	suō	常用汉字 · 14画 · 部首纟	(形声。从糸(mì),宿声。糸,细丝,与绳索有关。本义:捆束)。同本义。收缩。退缩;退,减。亏欠,不足。滤酒去渣。取,采取。姓。
慧	huì	常用汉字 · 15画 · 部首心	(形声。从心,彗声。本义:聪明,有才智)。同本义。注:“慧,儇,皆意精明。”。
撵	niǎn	常用汉字 · 15画 · 部首扌	(形声。从手,辇声。本义:驱逐)。同本义。催。
撕	sī	常用汉字 · 15画 · 部首扌	(形声。从手,斯声。“斯”也有表意作用,“劈开”。本义:扯裂)。同本义。
撒	sā sǎ	常用汉字 · 15画 · 部首扌	抛开;放开。放;排泄。塞;系。弯着。结成。姓。(形声。从手,散声。字本从米,殺声。本义:散布)。同本义。插;塞进。
撩	liáo liǎo liào liāo	常用汉字 · 15画 · 部首扌	(形声。从手,尞(liáo)声。本义:整理)。同本义。挑,拨。引申为挑逗,招引,逗引。又。放,丢。揭起,向上掀起用手舀水浇洒
趣	cù qù	常用汉字 · 15画 · 部首走	(古通“促”)。督促;催促。赶快;从速。(形声。从走,取声。本义:急,赶快) 同本义。催促;督促。趋向;奔向。赶上。取笑;打趣。旨趣;意思。乐趣;兴趣。作为。
趟	tāng tàng	常用汉字 · 15画 · 部首走	踩,踏。(形声。从走,尚声。本义:次,回)。遍,次。专指走动的次数。
撑	chēng	常用汉字 · 15画 · 部首扌	(形声。从手,掌声。本义:支撑,支持)。同本义。维持,保持。积攒;购买。撑臂。如:角撑。也指支拄物。如:给草堆打个撑。
撮	cuō zuǒ	常用汉字 · 15画 · 部首扌	(形声。从手,最声。本义:用手指抓取粒状物)。用三指取物;抓取。聚合;聚拢。提,拎。容量单位,等于一升的千分之一——用于可用手或工具撮取的粉粒状物。
撬	qiào	常用汉字 · 15画 · 部首扌	(形声。从手,毳(cuì)声。本义:翘起。举起)。
播	bō	常用汉字 · 15画 · 部首扌	(形声。从手,番声。本义:撒种)。同本义。散布开去,散布得开而远;传布。分佈;散布。逃亡。迁徙。背弃,舍弃。摇动;簸扬。
擒	qín	常用汉字 · 15画 · 部首扌	(形声。从手,禽声。本义:捕捉。古籍本作“禽”)。同本义。捉拿。拿。
墩	dūn	常用汉字 · 15画 · 部首土	(形声。从土,敦声。本义:土堆)。同本义。
撞	zhuàng	常用汉字 · 15画 · 部首扌	(形声。从手,童声。本义:撞击)。同本义。又。遇上,碰到。栽,跌。闯,猛冲或突然直下。
撤	chè	常用汉字 · 15画 · 部首扌	(形声。从手,(chè)声。本义:撤去)。同本义。撤回,使退出。
增	zēng	常用汉字 · 15画 · 部首土	(形声。从土,曾声。字本作“曾”。本义:增多)。同本义。厌恶。扩大。夸大,夸张。山名 。在今内蒙古自治区与陕西省交界处。高。姓。
撰	zhuàn	常用汉字 · 15画 · 部首扌	(形声。从手,巽(xùn)声。本义:写作,纂集成整体)。同本义。纂集。制造。建造。拿住,持。数 指天地阴阳等自然现象的变化规律。才具,才干。
聪	cōng	常用汉字 · 15画 · 部首耳	(形声。从耳,总声。本义:听力好)。同本义。明察。指耳闻声音而心能辨别其是真假。聪明,有才智。
鞋	xié	常用汉字 · 15画 · 部首革	(形声。从革,圭声。皮革鞋的材料。“圭、鞋”古音相近。本义:鞋子) 同本义。
鞍	ān	常用汉字 · 15画 · 部首革	(形声。从革,安声。本义:马鞍) 同本义。
蕉	jiāo qiáo	常用汉字 · 15画 · 部首艹	(形声。从艸,焦声。本义:生麻。麻未沤称蕉)。同本义。柴。
蕊	ruǐ	常用汉字 · 15画 · 部首艹	(形声。从艸,惢(suǒ,suī)声。本义:花蕊,植物的生殖器官)。同本义。花苞。草木丛生貌。
蔬	shū	常用汉字 · 15画 · 部首艹	(形声。从艸,疏声。本义:蔬菜) 同本义。种菜。
蕴	yùn	常用汉字 · 15画 · 部首艹	(形声。从艸,蕴(yùn) 声。本义:积聚,蓄藏)。同本义。字亦作“蕴”。包藏;包含。乱麻。佛教语意为荫覆 。也译作“阴”,如佛经以色、受、想、行、藏为五阴,也作五蕴。
横	héng hèng	常用汉字 · 15画 · 部首木	(形声。从木,黄声。本义:门框下部的横木)。同本义。侧,旁边。古代负有督察记录权责的官员,可以入人于罪者。地理上指东西向。与“纵”相对。跟地面平行的。自左到右或自右到左。广,宽广。横陈。横渡;横越。充满;遮盖。交错,错杂。姓。横暴;放纵。祸害。
槽	cáo	常用汉字 · 15画 · 部首木	(形声。从木,曹声。本义:四边高起,中间凹入的畜兽饮食器具)。同本义。表面上比较大比较长的凹痕。沟槽数。旧时把仰瓦铺在两椽中间,从梁上到檐口的一溜屋瓦叫一槽瓦。大小大致相同而同在一槽吃食的一批猪叫一槽猪。
樱	yīng	常用汉字 · 15画 · 部首木	(形声。从木,婴声。本义:木名。即“樱桃树”)。同本义。泛指其树、其花、其果。樱桃花。
橡	xiàng	常用汉字 · 15画 · 部首木	栎树的别名。
樟	zhāng	常用汉字 · 15画 · 部首木	常绿乔木 ,叶卵形,夏季开黄白色小花,果实黑色,大如豌豆,木质坚固细致,有香气,做成箱柜,可以防蠹虫。
橄	gǎn	常用汉字 · 15画 · 部首木	油橄榄，也叫"齐墩果"。常绿小乔木，开白花。果实黑色，可生吃，可榨油（橄榄油）。欧美等国使用它的枝叶（橄榄枝）作为和平的象征。橄榄树，我国特产。常绿乔木，羽状复叶，开白花。果实长圆形，绿色，叫"青果"，可吃也供药用。种子可以榨油，树脂可供药用。
敷	fū	常用汉字 · 15画 · 部首攵	(形声。从攴(pū),表示与动作有关。“搏”是“布列”的意思,在字中也具有表意作用。本义:施予;给予)。同本义。铺展;铺开。搽,涂上。(bù)。宣告;陈述。开。足,够。分布;散布。生长。(fù)。附着。普遍。浅薄。
豌	wān	常用汉字 · 15画 · 部首豆	一年生或二年生草本植物，结荚果。嫩荚和种子可食。
飘	piāo	常用汉字 · 15画 · 部首风	(形声。从风,票声。本义:旋风;暴风) 同本义。飘扬,飞扬。落。流离,浮荡。吹。迅疾。
醋	cù	常用汉字 · 15画 · 部首酉	(形声。从酉(yǒu),声。从“酉”,表示与酒有关。本义:用酒或酒糟发酵制成的一种酸味调料)。
醇	chún	常用汉字 · 15画 · 部首酉	(形声。本义:酒味浓厚)。同本义。淳朴;质朴。无杂质。任何一类在结构上类似乙醇的化合物 ,可看作烃的羟基衍生物,并按照羟基的数目而分类(如一元醇、二元醇、三元醇和多元醇)或者按照分子的结构而分类。
醉	zuì	常用汉字 · 15画 · 部首酉	(会意。从酉(yǒu),从卒。“酉”表示酒,“卒”表示终结。酒喝到不能再喝的时候,就醉了。本义:醉酒)。同本义(饮酒过量,神志不清)。用酒浸制的。沉酣入迷;爱好。
磕	kē	常用汉字 · 15画 · 部首石	(形声。从石hé声。本义:石声或鼓声) 同本义。石头撞击声。物相碰声。眯稳莸犊痴渡鄙H磕叉(磕叉叉;磕擦。砍砸斩杀声)。碰击,碰撞。(kè)。用上下牙咬有壳的或硬的东西。叩头,旧时的跪拜礼。
磊	lěi	常用汉字 · 15画 · 部首石	(会意。从三石。“三”非确数,表示很多。本义:石头多) 众石累积。
磅	bàng páng	常用汉字 · 15画 · 部首石	300克到1070克范围内各种不同的重量单位名称之一。从前用过的重量名称,现只理论上存在,每磅等于5760格令或373克。现时讲英语民族普遍使用的重量名称,每磅等于7000格令或453克。衡量印刷字体大小的单位,约等于七十二分之一英寸。
碾	niǎn	常用汉字 · 15画 · 部首石	(形声。从石,展声。本义:磙压;碾轧)。同本义。碾磨。用于使谷物等破碎、去皮或使场地、道路等变平的工具。
震	zhèn	常用汉字 · 15画 · 部首雨	(形声。从雨,辰声。雷、雨常常并作,故从雨。本义:雷,疾雷)。同本义。八卦之一。雷之象。威势;威严。震动,物体自身动荡或使物体动荡。震惊;惊惧;使惊惧。心动;激动。振兴;振奋。怒。地震。
霄	xiāo	常用汉字 · 15画 · 部首雨	(形声。从雨;肖声。本义:米雪)。同本义。高空稀薄游动的云。云际;天空。夜晚。消灭;消失。
霉	méi	常用汉字 · 15画 · 部首雨	在各类有机物及活植物上通常在表面由真菌如白粉菌科和霜霉菌科形成的白色生长物。面垢黑。
瞒	mán	常用汉字 · 15画 · 部首目	(形声。本义:眼睑低。闭目貌)。同本义。隐藏实情。欺骗(瞒当谩讲,是晚起字)。
题	tí	常用汉字 · 12画 · 部首页	(形声。从页(xié),是声。页,头。本义:额头)。同本义。《雕题交阯》——《后汉书·南蛮西南夷传》。物品的前端或顶端 堂高数仞,榱题数尺。——《孟子》。题目;标题。书签;标签。标志。奏章。明、清两代公文用语之一。又指上奏 。书写;题署。谈及。品评;评论。鸣;叫。
暴	bào pù	常用汉字 · 15画 · 部首日	显露;暴露。糟蹋,损害。欺凌。徒手搏。凶恶,残暴。急骤;猛烈。脾气过分急躁。突然;猝然。急剧地。(会意。古文从日,麃声。从日出艹米。本义:晒)。同本义。暴露;显露。
瞎	xiā	常用汉字 · 15画 · 部首目	(形声。从目,害声。本义:一目失明)。同本义。双目失明。形容糊涂,不明事理。虚构;捏造。盲目地;胡乱地。徒然;白白地。
嘻	xī	常用汉字 · 15画 · 部首口	(形声。从口,喜声。本义:叹词。表示赞叹、悲叹或惊惧)。表示悲痛、或斥责。表示赞叹。笑,喜笑。强笑,苦笑。
嘶	sī	常用汉字 · 15画 · 部首口	(形声。从口,斯声。本义:声音沙哑)。同本义。虫鸟声凄切幽咽的。牲畜鸣叫。亦特指马发出高而拖长的、典型的鸣叫声。发声凄楚哽噎。歌吟。
嘲	cháo zhāo	常用汉字 · 15画 · 部首口	(形声。从口,朝声。本义:嘲笑)。同本义。唱,按音律发声。勾引。
嘹	liáo	常用汉字 · 15画 · 部首口	声音清脆悠扬
影	yǐng	常用汉字 · 15画 · 部首彡	(形声。从彡,景声。彡(shān),毛饰花边形。本义:影子;因挡住光线而投射的暗影)。同本义。字本作“景”。图绘的佛像或人物肖像。假冒。隐藏。照射。晃动。
踢	tī	常用汉字 · 15画 · 部首足	用脚特别是足尖触击(打)。这个“踢”是近代的新字。剔除;排除 。
踏	tà tā	常用汉字 · 15画 · 部首足	(形声。从足,沓(tà)声。本义:足着地;踩 )。同本义。边走边唱;打拍。吞咽。蹬。鞋。落下下垂
踩	cǎi	常用汉字 · 15画 · 部首足	用脚登在上面，踏走,行走
踪	zōng	常用汉字 · 15画 · 部首足	(形声。从足,从(宗)声。本义:脚印,踪迹)。同本义。事物的痕迹。追随。
蝶	dié	常用汉字 · 15画 · 部首虫	昆虫，翅膀阔大，颜色美丽，静止时四翅竖立在背部，吸花蜜，种类很多
蝴	hú	常用汉字 · 15画 · 部首虫	(形声。从虫,胡声。本义:蝴蝶:虫名。种类很多)。
蝠	fú	常用汉字 · 15画 · 部首虫	蝙蝠。泛指所有属于翼手目的许多种哺乳动物,尤指哺乳类中唯一真正能飞的动物。(fù)。毒蛇,通称蝮蛇,多居湿地。
蝎	xiē	常用汉字 · 15画 · 部首虫	毒虫名。也称“钳蝎”。节肢动物门,蜘蛛纲,蜘蛛亚纲,蝎目。
蝌	kē	常用汉字 · 15画 · 部首虫	蛙或蟾蜍的幼体，黑色，身体椭圆，有长尾，生活在水中，最后变成蛙或蟾蜍。
蝗	huáng	常用汉字 · 15画 · 部首虫	蝗虫 。种类很多。一般指飞蝗,常成群飞翔。又名蚂蚱。吃麦、稻、玉蜀黍等禾苗,是农业上的主要害虫之一。
蝙	biān	常用汉字 · 15画 · 部首虫	具有飞翔能力的哺乳动物。头部和躯干像老鼠，四肢和尾部之间有皮质的膜，夜间在空中飞翔，视力很弱，靠本身发出的超声定位来引导飞行。一种袖口小、腋下部位特大的上衣。
嘿	hēi mò	常用汉字 · 15画 · 部首口	(形声。从口,黑声。本义:叹词,表示招呼、赞叹或惊异) 同本义。用于歌曲中,常叠用,无明确的意义。咳嗽。
嘱	zhǔ	常用汉字 · 15画 · 部首口	(形声。从口,属声。本义:嘱托,叮嘱)。同本义。嘱托。
幢	chuáng zhuàng	常用汉字 · 15画 · 部首巾	(形声。从巾,童声。本义:古时作为仪仗用的一种旗帜)。量词。俗称房屋或楼房一所为一幢。张挂在舟、车上的帷幔。愚昧无知。
墨	mò	常用汉字 · 15画 · 部首土	(会意兼形声。从土,从黑,黑亦声。本义:书画所用的黑色颜料,用松烟等原料制成)。同本义。指诗文或书画。绳墨。木工用以校正曲直的墨斗线。中国古代五刑之一。刺刻面额,染以黑色,作为惩罚的标记。商周叫“墨刑”,秦汉叫“黥刑”。绳索。黑色。贪污,不廉洁。不语。
镇	zhèn	常用汉字 · 15画 · 部首钅	(形声。从金,真声。本义:对物体施加压力)。同本义。镇服。压制,用武力限制 。抑制。安定;安抚。镇守,驻守。压东西的重物。古代在边境驻兵戍守称为镇。镇将管理军务,有的也兼理民政。宋初废。集镇,市镇 。宋以后称县以下的小商业都市,现多为基层行政单位。古称一方的主山为镇。重要或险要的地方。明、清时军队的编制单位。清末编练新军,也称为镇 。一镇统步队两协,马炮队各一标,二辎队各一营,以及军乐队等。根本;基础。常;永久。整,全。姓。
镐	gǎo hào	常用汉字 · 15画 · 部首钅	镐头 。俗称“十字镐”。(形声。从金,高声。本义:温器)。同本义。镐京。古都名。西周国都,在今陕西西安西南。姓。
镑	bàng	常用汉字 · 15画 · 部首钅	形声。从金,旁声。英国、埃及、爱尔兰等的本位货币，一镑合 100 便士。
靠	kào	常用汉字 · 15画 · 部首非	(形声。从非,告声。从“非”,表示相违背。本义:相背)。相依。仰仗,依赖。
稽	jī qǐ	常用汉字 · 15画 · 部首禾	(形声。从禾(jī),象树木曲头止住不上长的样子,从尤,旨声。本义:停留;阻滞)。同本义。引申为囤积。延迟。考核;核查。计算。治理。至;到。卜问。指摘;非难。叩头至地。
稻	dào	常用汉字 · 15画 · 部首禾	(形声。从禾,舀(yǎo)声。本义:水稻) 同本义。一种一年生的草本植物,在温暖气候下广泛栽培,种子用作人类主食,谷壳和其它副产品可饲养家畜,稻秆用来造纸。分水稻和旱稻,通常指水稻。子实叫谷子,碾制去壳后叫大米。有糯稻、粳稻、籼稻之分。古以粘者为稻,不粘者为粳。
黎	lí	常用汉字 · 15画 · 部首黍	(形声。从黍,利省声。本义:黍胶。以黍米制成。古代用以粘履)。假借为“齐”。众多,数目很多。颜色黑中带黄。老,年纪大粘 。古时用黍米打糨子,用来粘鞋子。比及,等到。古诸侯国名 ,在今山西黎城,一说在今长治西南。姓。
稿	gǎo	常用汉字 · 15画 · 部首禾	(形声。从禾,高声。本义:禾秆)。禾秆,谷类植物的茎杆。也作“稾”。诗文、图画等草底。亦指写成的文章、著作。箭杆。干枯。样子;模样。叙说;论辈分。用同“搞”。(kào)。以酒肉等饮食慰劳。
稼	jià	常用汉字 · 16画 · 部首禾	(形声。从禾,家声。本义:种植五谷)。同本义。从事农业生产。禾所结的果实。谷物;庄稼。
箱	xiāng	常用汉字 · 15画 · 部首竹	(形声。从竹,相声。本义:车箱)。同本义。厢房,古代居室前堂两旁的房屋,也称“个”或“序”旁靠近城的地区箱”字汉以前无箧笥之称。盛物的箱笼,有盖有底的方形盛物器。
篓	lǒu	常用汉字 · 15画 · 部首竹	(形声。从竹,娄声。本义:篾篓) 同本义。盛东西的器具,用竹或荆条等编成。
箭	jiàn	常用汉字 · 15画 · 部首竹	(形声。从竹,前声。本义:竹名。箭竹)。同本义。搭在弓弩上发射的竹制武器。古代置计时器漏壶下用以指示时刻之物。
篇	piān	常用汉字 · 15画 · 部首竹	(形声。从竹,扁声。本义:竹简)。同本义;简册。古代文章写在竹简上,为保持前后完整,用绳子或皮条编集在一起称为“篇”。特指诗歌、辞赋等文艺著作。曲艺名词。东北二人转所用,指各类内容的固定唱词,可随机穿插入段子中,用以状人、绘景、描声、形物 。如“美人篇”、“袍带篇”、“山景篇”等。一件文艺作品。
僵	jiāng	常用汉字 · 15画 · 部首亻	(形声。从人,畺(jiāng)声。本义:仰面向后倒下)。同本义。死去。僵硬。难以活动。
躺	tǎng	常用汉字 · 15画 · 部首身	(形声。从身,尚声。本义:平卧)。同本义。死的婉辞。
僻	pì	常用汉字 · 15画 · 部首亻	(形声。从人,辟声。本义:退避;回避) 同本义。偏僻;偏远;很少有人去的。邪僻。受宠爱的人。
德	dé	常用汉字 · 15画 · 部首彳	(形声。从彳(chì),惪(dé)声。从“彳”,表示与行走有关。本义:登高,攀登)。同本义。感激。取得,获得。道德,品行。恩惠;恩德。福。
艘	sōu	常用汉字 · 15画 · 部首舟	(形声。从舟,叟声。《说文》从木。本义:船的总称)。海中大船。用于船只计数。
膝	xī	常用汉字 · 15画 · 部首月	(形声。从肉,桼(qī)声。本义:膝头) 大腿和小腿相连关节的前部。通称膝盖。
膛	táng	常用汉字 · 15画 · 部首月	(形声。从肉,堂声。本义:胸腔)。同本义。
鲤	lǐ	常用汉字 · 15画 · 部首鱼	鲤鱼。一种软鳍淡水鱼,素栖于池塘或缓流中,主要吃植物性食物,可长得相当大,有时能活得很长,原为亚洲产物。
鲫	jì	常用汉字 · 15画 · 部首鱼	鲫鱼,亦称“鲋” 。鱼名,体侧扁,中稍高,头部尖,尾部较窄。背面青褐色,腹面银灰色。生活在淡水中。方言又称“鲫瓜子”、“鲫瓜儿”。
熟	shóu shú	常用汉字 · 15画 · 部首灬	——口语,义同“熟”（shú）。(形声。从火,孰(shú)声。本作“孰”。“熟”是后起字。本义:煮熟,食物烹煮到可吃的程度)。同本义。谷物、水果或微生物等成熟。成熟。熟悉。有收成;丰收。精审,仔细。表示程度深。
摩	mó mā	常用汉字 · 15画 · 部首手	(形声。从手,麻声。本义:摩擦,磨蹭)。擦，蹭，接触。迫近,接近。磨砺。磨炼。磨灭。切磋;研究。抚摸。用手轻按着并一下一下地抚摩。
褒	bāo	常用汉字 · 15画 · 部首衣	(形声。从衣,保声。本义:衣襟宽大)。同本义。嘉奖,表扬。
瘪	biē biě	常用汉字 · 15画 · 部首疒	用同“憋”。闷。引申为气馁。
瘤	liú	常用汉字 · 15画 · 部首疒	瘤子,身体组织增生形成的赘生物,多由刺激或微生物寄生而起。分癌瘤、肉瘤、淋巴瘤、血管瘤、脂瘤和骨瘤等。
瘫	tān	常用汉字 · 15画 · 部首疒	(形声。从疒,难声。疒(chuáng),与疾病有关。本义:瘫痪,指肌体不能随意运动,也比喻机构不能正常运转) 同本义
凛	lǐn	常用汉字 · 15画 · 部首冫	(形声。从仌(bīng)冰。禀(bǐng)声。本义:剌骨的寒冷)。同本义。严肃而可敬畏。畏惧。
颜	yán	常用汉字 · 15画 · 部首页	(形声。从页,彦(yàn)声。从页(xié),与头有关。本义:印堂)。印堂,两眉之间。额头。面容,脸色。姓。
毅	yì	常用汉字 · 15画 · 部首殳	(形声。从殳,“殳”指兵器。本义:意志坚强、果断)。同本义。坚决。残忍,残酷。
糊	hú hū hù	常用汉字 · 15画 · 部首米	(形声。从米,胡声。本义:同“餬”。稠粥) 同本义。用粥填塞。比喻勉强维持生活。涂抹或粘合使封闭起来像粥一样的食物欺骗，蒙混，敷衍
遵	zūn	常用汉字 · 15画 · 部首辶	(形声。从辵(chuò),尊声。本义:顺着,沿着) 同本义。
憋	biē	常用汉字 · 15画 · 部首心	(形声。从心,敝声。本义:性急)。同本义。
潜	qián	常用汉字 · 15画 · 部首氵	(形声。本义:没入水中,而且在水下活动)。同本义。隐藏。埋葬。暗流。测量;探测。深;沉。秘密地;暗中。
澎	péng	常用汉字 · 15画 · 部首氵	(形声。从水,彭声。本义:波涛发出冲击声)。迸发。古县名。
潮	cháo	常用汉字 · 15画 · 部首氵	(形声。从水,朝声。本义:海水的涨落)。同本义。
潭	tán xún	常用汉字 · 15画 · 部首氵	(形声。从水,覃声。本义:水名)。同本义 。在广西境内,即今柳江。深水池。古州名 。治所在今湖南省长沙市。深;深邃。水边;水边深处。
鲨	shā	常用汉字 · 15画 · 部首鱼	鲨鱼 ,亦称“鲛”。包括大约225种食肉性的板鳃亚纲鱼类,主要生活于热带与亚热带的海洋中,具纺锤形的身躯和歪形尾以及坚硬的通常是灰色的皮肤,皮肤上有大量的瘤子,显得很粗糙,吻部突出于嘴的前边,两边都有鳃孔,雄鱼有鳍脚和伸长的腹鳍。
澳	ào	常用汉字 · 15画 · 部首氵	(形声。从水,奥声。(yù)本义:水边地)。港湾,海边弯曲可以停船的地方。澳水 。今俗名凉河,在今河南省泌阳县,为泌阳河支流。澳大利亚的简称。
潘	pān	常用汉字 · 15画 · 部首氵	古水名。在河南省荥阳县境。在浙江省绍兴市境,后堙。或以为是今运河经绍兴的一段河道。约在山东省淄博市一带,或以为是淄水。山名。在广东省茂名市。古州名。治所在今广东省茂名市。在今四川省松潘县。姓。
澈	chè	常用汉字 · 15画 · 部首氵	(形声。从水,本义:水清)。同本义。清朗。
澜	lán	常用汉字 · 15画 · 部首氵	(形声。从水,阑(lán)声。本义:大波浪)。同本义。波纹。兴起波澜。
澄	chéng dèng	常用汉字 · 15画 · 部首氵	(形声。从水,登声。本义:水静而清)。同本义。清澈,透明。又如 :澄空(晴朗无云的天空);澄明(澄澈明洁)。静,宁静。水名。即今浙江省台州地区的灵江。海南岛上南渡江的支流,在澄迈县境。
懂	dǒng	常用汉字 · 15画 · 部首忄	了解，明白
憔	qiáo	常用汉字 · 15画 · 部首忄	(会意。从心,焦声。本义:憔悴,瘦弱萎靡的样子。也泛指折磨困苦) 同本义。
懊	ào	常用汉字 · 15画 · 部首忄	(形声。从心,奥声。本义:失悔,认识到错了而烦恼) 同本义。
憎	zēng	常用汉字 · 15画 · 部首忄	(形声。从心,曾声。本义:憎恨厌恶) 同本义。
额	é	常用汉字 · 15画 · 部首页	(形声。从页(xié),客声。从“页”,表示与头有关。本义:额头,脑门)。同本义。
翩	piān	常用汉字 · 15画 · 部首羽	(形声。从羽,扁声。本义:疾飞的样子)。同本义。轻舞,飘扬。动作轻疾或体态生动。风流潇洒貌。反貌。
褥	rù	常用汉字 · 15画 · 部首衤	(形声。从衣,辱声。本义:坐卧的垫具) 同本义。
谴	qiǎn	常用汉字 · 15画 · 部首讠	(形声。本义:责备,斥责)。同本义。旧时官吏被贬或谪戍。罪过。
鹤	hè	常用汉字 · 15画 · 部首鸟	(形声。从鸟,隺(hè)声。本义:鹤科各种类鸟的统称,皆为大型涉禽)同本义 ,包括一小组体高的涉禽,外形如鹭但构造较接近于秧鸡,通常大于鹭,与鹭不同的是有分裂的颅骨,羽毛更紧密,部分秃顶,嘴较钝并在近中央处有较大鼻孔,后趾向上抬起。
憨	hān	常用汉字 · 15画 · 部首心	(形声。从心,敢声。《说文》作“戆”。本义:痴呆,傻气)。同本义。
慰	wèi	常用汉字 · 15画 · 部首心	(形声。从心,尉声。本义:安慰)。同本义。居住。问。愤怒。段玉裁注:《小雅》:“以慰我心。”毛曰:“慰,怨也。”《韩诗》作以愠我心。愠恚也。心安。抑郁 。病。
劈	pī pǐ	常用汉字 · 15画 · 部首刀	(形声。从刀,辟声。本义:破开;分割)。同本义。正对着; 冲着。辨。
履	lǚ	常用汉字 · 15画 · 部首尸	(会意。小篆字,从尸,即人;从彳(chì),表示与行走有关。履在战国以前一般只作动词用。一般用“屦”称鞋子。用“鞋”是唐以后的事了。本义:践踏)。同本义。穿鞋。登位。实行。开始担任职务。鞋。足。领土,疆土。
豫	yù	常用汉字 · 15画 · 部首豕	(形声。从象,予声。本义:大象)。同本义。地名。豫州,古九州之一 。其地包括今河南省和湖北省北部。今河南省的简称 。因古为豫州地而得名。假借为“娱”。快乐。安乐;舒服。出游 ,特指皇上秋日出巡。游乐,嬉戏。参与。预先,事先乐意。姓。
缭	liáo	常用汉字 · 15画 · 部首纟	(形声。从糸(mì),表示与丝有关尞(liáo)声。本义:缠绕)。同本义。围绕;绕道而行。祭祀名。假借为“撩”。撩乱,纷乱。
撼	hàn	常用汉字 · 16画 · 部首扌	(形声。从手,感声。本义:摇动;动摇) 同本义。
擂	léi lèi	常用汉字 · 16画 · 部首扌	(形声。从手,雷声。(léi)本义:研磨)。
操	cāo	常用汉字 · 16画 · 部首扌	(形声。从手,(sào)声。本义:拿着,握在手里)。同本义。引申为掌握。从事。操练。弹奏。品行;德行。
擅	shàn	常用汉字 · 16画 · 部首扌	(形声。从手,亶(dǎn)声。本义:独揽,专权)。同本义。占有,据有。压倒,胜过。善于,专长于。让位。自作主张;随意。
燕	yān yàn	常用汉字 · 16画 · 部首灬	古国名。周代诸侯国名。本作:匽、郾。姬姓;周召公之后,世称北燕,拥有今河北省北部和辽宁省西端,建都蓟(今北京)。战国时成为七雄之一。后灭于秦。周代诸侯国名。姞姓;开国君主伯倏。在今河南省延津县东北。五代初,刘守光据幽州(今河北省北部)所建国。河北省的别称 。周时为北燕旧地。也指河北省北部。山名,燕山 ,在河北省和北京市。姓。(象形。甲骨文字形,像燕子形。小篆字形。上像头、嘴,“口”像身体,“北”像两翅,“火”像尾巴。本义:燕子)。同本义。白颈鸦。假借为“安”。安逸;安乐。亵渎;轻慢。宴饮;宴请。
蕾	lěi	常用汉字 · 16画 · 部首艹	(形声。从艸,雷声。本义:含苞未放的花朵) 同本义
薯	shǔ	常用汉字 · 16画 · 部首艹	薯类作物的统称。
薛	xuē	常用汉字 · 16画 · 部首艹	一种草本植物,即“赖蒿”。用莎草编制的雨衣。春秋时国名 。战国时为齐所灭。地在今山东省滕县南。姓。
薇	wēi	常用汉字 · 16画 · 部首艹	草名,又名“大巢菜” 。一种一年生或二年生草本植物(Vicia sepium),花紫红色,结寸许长扁荚,中有种子五六粒,可吃。又名“野豌豆”。指蔷薇。
擎	qíng	常用汉字 · 16画 · 部首手	举。执持。
薪	xīn	常用汉字 · 16画 · 部首艹	同本义。可以劈开来用的粗大木柴。取以为薪;打柴。
薄	báo bó bò	常用汉字 · 16画 · 部首艹	土地含养分少,不肥沃的。(形声。从芔,溥(pǔ)声。本义:草木丛生处)。同本义。养蚕的工具;帘子。迫近;接近。搏击;拍;击。减少,减损,减轻。轻视,看不起。侵入;混杂。停止;依附。物体扁平,与“厚”相对。引申为微小,少。不浓;淡薄。指人心、世道、纲纪等衰微轻薄;不庄重。虚假刻薄,不厚道。
颠	diān	常用汉字 · 16画 · 部首页	(形声。从页(xié),真声。本义:头顶)。同本义。泛指物体的顶部。马的额头。本,始。古县名 。指滇池县,西汉置。治所在今云南省晋宁县东。两汉为益州郡治所。“颠”假借为“蹎”。仆倒,倒下。上下倒置。又。疯狂,发疯,发狂姓。
翰	hàn	常用汉字 · 16画 · 部首羽	(形声。从羽,倝(gàn)声。本义:天鸡,也叫锦鸡或山鸡)。同本义。长而硬的鸟羽。长毛。(gàn)。草木的茎干,引申为骨干,维护者,支持者。高飞。
噩	è	常用汉字 · 16画 · 部首口	惊愕凶恶严肃;严正淳朴肥腴貌
橱	chú	常用汉字 · 16画 · 部首木	(形声。从木,厨声。本义: 放置东西的家具)同本义
橙	chéng	常用汉字 · 16画 · 部首木	(形声。从木,登声。本义:果树名,果实叫橙子)。同本义 。常绿乔木,叶子椭圆形,果实叫橙子,球形、皮黄赤色、味甜,皮可入药。橙色 ,红和黄之间的颜色。
橘	jú	常用汉字 · 16画 · 部首木	(形声。 从木, 矞(yù)声。 本义: 橘树。果实也称“橘”) 同本义 几种球形或近球形的热带或亚热带产的果实之一, 实际上是浆果, 有微红黄色的革质芳香果皮,含有许多油腺, 广泛应用在糖果、 点心、 蜜饯和烹调方面, 通常有甜味或酸味, 多汁可食的果肉含矿物质和维生素C。
整	zhěng	常用汉字 · 16画 · 部首攵	(会意兼形声。从攴(pū)从束从正,正亦声。攴是敲打,束是约束,使之归于正。合起来表示整齐。本义:整齐)。同本义。端正,端庄。整个;完整;全部在内。整理;整治。修补,修理。准备。
融	róng	常用汉字 · 16画 · 部首虫	(形声。从鬲,虫省声。鬲(lì),古代一种烹饪器,与鼎相似。本义:炊气上升)。同本义。融化;消溶。
瓢	piáo	常用汉字 · 16画 · 部首瓜	瓠的一种。也称“葫芦”。
醒	xǐng	常用汉字 · 16画 · 部首酉	(形声。从酉,星声。酉(yǒu)与酒有关。本义:酒醒)。同本义。睡眠状态结束或尚未睡着。消除。用同“擤”。明白;明显。
霍	huò	常用汉字 · 16画 · 部首雨	(会意。从雨。俗省作“霍”。本义:鸟疾飞时发出的声音。后描述门、水等响声)同本义。引申为疾速。大山围绕着小山之称。霍乱,即中医上泛指具有剧烈吐泻、腹痛等症的急性胃肠病。山名。在河南省临汝县西南30公里。在安徽省霍山县。即衡山,在湖南省衡山县西。古国名 。周武王弟叔处的封地,故城在今山西省霍县西南。豆叶,嫩时可食。姓。
霎	shà	常用汉字 · 16画 · 部首雨	(从雨,妾声。本义:小雨)。同本义。很短时间;瞬间。用同“闸”。水闸。用同“眨”。眼睛闭上又立刻睁开。
辙	zhé	常用汉字 · 16画 · 部首车	(形声。从车,徹(chè)省声。本义:车迹,车轮碾过的痕迹)。同本义。车子。道路。途径;门路;路数,路子。
冀	jì	常用汉字 · 16画 · 部首八	(形声。从北,异(yì)声。本义:冀州。古九州之一)。同本义。古代国名。在今山西省河津县东北。河北省的简称。假借为“觊”。希望,期望。
餐	cān	常用汉字 · 16画 · 部首飠	(形声。从食,(cán)声。本义:吃)。同本义。吞食。饮食,食物。
嘴	zuǐ	常用汉字 · 16画 · 部首口	(嘴,本作觜。嘴是后起的累增字。形声。从口,觜(zuǐ)声。本义:同“觜”。猫头鹰之类头上的毛角)。同本义。鸟嘴。中古时期,嘴引申指人或动物的口腔器官。从鸟嘴外形突出引申出表示物体的突出部分。说话。
踱	duó	常用汉字 · 16画 · 部首足	慢步行走。
蹄	tí	常用汉字 · 16画 · 部首足	(形声。从足,ń声。本义:牛、马、猪、羊等有蹄类哺乳动物足趾前部的典型角质覆盖物,以将趾的末端几乎全部包裹住,又指有角质保护物的脚)。同本义。指牲口 。兔网,捕兔的工具。
蹂	róu	常用汉字 · 16画 · 部首足	(形声。从足,柔声。本义:践踏)。同本义。欺压、侵凌;侵袭。揉擦
蟆	má	常用汉字 · 16画 · 部首虫	蛤蟆
螃	páng	常用汉字 · 16画 · 部首虫	蟹的俗称。海洋食肉性、具粗状宽大之甲壳类的任一种。
器	qì	常用汉字 · 16画 · 部首口	(会意。从犬。《说文》:“象器之口,犬所以守之。”器物很多,用狗看守。本义:器具)。同本义。才能。人才。重视。
噪	zào	常用汉字 · 16画 · 部首口	(形声)。同本义。大声喧嚷。
鹦	yīng	常用汉字 · 16画 · 部首鸟	鸟名,鹦鹉。俗称“鹦哥”。
赠	zèng	常用汉字 · 16画 · 部首贝	(形声。从贝,曾声。从贝,表示与财富有关。本义:赠送)。同本义。送走;逐去。追赠,赐死者以官爵或荣誉称号。
默	mò	常用汉字 · 16画 · 部首黑	(形声。从犬,黑声。本义:狗突然窜出追人)。闭口不说话。幽静。不廉洁,贪污。冒,涌。私下; 暗中。
黔	qián	常用汉字 · 16画 · 部首黑	(形声。从黑,今声。本义:黑色) 同本义。晒黑,染黑,熏黑。姓。
镜	jìng	常用汉字 · 16画 · 部首钅	(形声。从金,竟声。本义:照形取影的器具)。同本义 古镜以铜或铁铸,也有用玉的,盘状,正面磨光发亮,背面有纹饰。照。
赞	zàn	常用汉字 · 16画 · 部首贝	(会意本义:进财货以求谒见)。同本义。导引。辅佐,佐助。称颂;赞美。告诉;介绍。明白。参与。选拔。司仪。称赞;颂扬。辅佐,帮助。佛经中佛教徒歌颂教主释迦牟尼及其他佛陀的文辞。姓。
穆	mù	常用汉字 · 16画 · 部首禾	(形声。本义:禾名)。同本义。古时宗庙制度,父居左为昭,子居右为穆。参见“昭穆”。代指右边。恭敬。壮美。肃静。淳和,温和。和睦。纯正。深远;幽微。清彻。不语。姓。
篮	lán	常用汉字 · 16画 · 部首竹	(形声。从竹,监声。本义:篮子,有提梁的竹制盛器。也有用藤条、柳条等编制而成的)。同本义。
篡	cuàn	常用汉字 · 16画 · 部首竹	(形声。从竹,算声。本义:非法地夺取)。同本义。特指臣子夺取君位。
篷	péng	常用汉字 · 16画 · 部首竹	(形声。从竹,逢声。本义:车船等用以遮蔽风雨和阳光的设备。用篾席或布制成)。同本义。
篱	lí	常用汉字 · 16画 · 部首竹	(形声。从竹,离声。本义:篱笆)。同本义。用竹、苇或树枝等编成的蔽障物,以保护场地。也说“笆篱”。笊(zhào)篱 ,用竹蔑、柳条、铁丝编成的杓形用具,能漏水,用来在汤里捞东西。
儒	rú	常用汉字 · 16画 · 部首亻	(形声。从人, 需声。本义: 术士)。同本义。春秋时从巫、史、祝、卜中分化出来的、熟悉诗书礼乐而为贵族服务的人。儒生。中国哲学家孔子的门徒、学生; 孔子学说的信徒。旧时对学者或读书人的称呼。懦弱。愚昧无知的。缓慢。
邀	yāo	常用汉字 · 16画 · 部首辶	(形声。从辵,敫声。本义:迎候)。同本义。逢,遇到。阻拦;截击。请求;谋求。要挟。
衡	héng	常用汉字 · 16画 · 部首彳	(形声。从角,从大,行声。本义:绑在牛角上的横木)。同本义。一说穿于牛鼻的横木。车辕前端的横木。秤杆,秤。衡山的简称 。此山系五岳之一,在今湖南省中东部。水名。衡水的省称。称量。衡量;评定。横。与“纵”相对。平正 。如;衡言(平正之言);衡虚(平正而清虚);衡仪(公平的法则)。,梗塞、不顺。
膨	péng	常用汉字 · 16画 · 部首月	体积或长度增大
雕	diāo	常用汉字 · 16画 · 部首隹	(形声。从隹(zhuī),周声。从“隹”,表示与鸟类有关。本义:大型猛禽。日间活动的大猛禽(鹰科)力大身大,形态优美,视力敏锐,飞行力强。也叫“鹫”)。同本义。碉堡。治玉引申为雕刻。用彩画装饰“凋”的古字。凋零。凶猛。姓。
鲸	jīng	常用汉字 · 16画 · 部首鱼	(形声。从鱼,京声。本义:鲸鱼) 同本义 哺乳动物,生活在海洋中,胎生,外形如大鱼,体长可达30米,是现在世界上最大的动物,前肢形成鳍,后肢完全退化,尾巴变成尾鳍,鼻孔在头的上部,用肺呼吸。肉可食,脂肪可制油,用于医药和其他工业大;巨大
磨	mó mò	常用汉字 · 16画 · 部首石	(形声。从石,麻声。本义:磨治石器)。同本义。用磨料磨物体使光滑、锋利或达到其他目的。磨炼。研讨;观摩。磨灭;泯灭。磨子。碾轧土地。
瘾	yǐn	常用汉字 · 16画 · 部首疒	(形声。从疒(chuáng),隐声。本义:不良的癖好)。同本义。
瘸	qué	常用汉字 · 16画 · 部首疒	本谓手或脚偏废的病。后特指腿脚有病,行步不平衡变成残废
凝	níng	常用汉字 · 16画 · 部首冫	(会意。古冰字,从水,从疑。疑,止也。疑亦声。本义:结冰)。同本义。凝聚;积聚。集中;注目;注视。停止;静止。稳重;庄重。徐缓。
辨	biàn	常用汉字 · 16画 · 部首辛	(形声。从刀,辡(biǎn)声。本义:判别,区分,辨别)。同本义。口头上争论。颁布。
辩	biàn	常用汉字 · 16画 · 部首辛	(形声。从言,辡(biǎn)声。本义:辩论,申辩)。同本义。分别,辨别治理,办理。有口才,善言辞。
糙	cāo	常用汉字 · 16画 · 部首米	(形声。从米,造声。本义:没有精碾的粗米)。
糖	táng	常用汉字 · 16画 · 部首米	(形声。从米,唐声。本义:食用糖及糖制食品的统称)。食糖。古代以麦作饴,即麦芽糖。后多用甘蔗、甜菜等制糖。
糕	gāo	常用汉字 · 16画 · 部首米	用米粉或面粉搀和其他材料蒸制或烘烤而成的食品
燃	rán	常用汉字 · 16画 · 部首火	(形声。从火,然声。“然”有表意作用。本作“然”。“燃”是后起字。本义:燃烧)。同本义。引火点着。
濒	bīn	常用汉字 · 16画 · 部首氵	(形声。从水,频声。本义:水边) 同本义。靠近;临近。
澡	zǎo	常用汉字 · 16画 · 部首氵	(形声)。同本义。后泛指洗涤。洗澡或浸泡。改过。
激	jī	常用汉字 · 16画 · 部首氵	(形声。本义:水势受阻遏后腾涌或飞溅)。同本义。鼓动人心,使有所感发。迅疾;猛烈。高亢;激昂。
懒	lǎn	常用汉字 · 16画 · 部首忄	(形声。从心,赖声。本义:懒惰)。同本义。
憾	hàn	常用汉字 · 16画 · 部首忄	(形声。从心,感声。本义:遗憾,不快,不满)。同本义(先秦古书一般用“憾”,汉代以后多用“恨”)。怨恨。
懈	xiè	常用汉字 · 16画 · 部首忄	(形声。从心,解声。本义:松懈)。同本义。
窿	lóng	常用汉字 · 16画 · 部首穴	高起;突出用同“癃”[方言]煤矿坑道
壁	bì	常用汉字 · 16画 · 部首土	(形声。从土,辟声。本义:墙壁)。同本义。军营;军营的围墙。陡峭的山崖。二十八宿之一,是北方七宿之一。边,面。驻扎。
避	bì	常用汉字 · 16画 · 部首辶	(形声。从辵(chuò),辟声。本义:躲开,回避)。同本义。离去。逊让 如:避让(谦让;辞让);避贤(让贤);避荣(辞让荣华);避路(让路)。隐藏。
缰	jiāng	常用汉字 · 16画 · 部首纟	马缰绳。
缴	jiǎo zhuó	常用汉字 · 16画 · 部首纟	(形声。从糸(mì),表示与线丝有关。敫(jī)声。①(zhuó)本义:系在箭上的生丝绳,射鸟用。②缴绕:缠绕,纠缠不清)。缠绕。扭动;搅动。生丝线。系在箭上的生丝绳。
戴	dài	常用汉字 · 17画 · 部首戈	(形声。本义:增益)。同本义。古国名。故址在今河南省民权县东。加在头、颈、面、肩上、胸上。拥护,从各方面给予支持。
擦	cā	常用汉字 · 17画 · 部首扌	(形声。从手,察声。本义:摩擦)。同本义。揩,拭。
藉	jí jiè	常用汉字 · 17画 · 部首艹	践踏;欺凌。进贡。登记;记。杂乱。藉田 。古代天子、诸侯征用民力耕种的田。耕种藉田。势位。(形声,从艸,籍声。本义:作衬垫的东西)。同本义。衬垫。坐卧其上。抚慰。“借”的繁体字。
鞠	jū	常用汉字 · 17画 · 部首革	(形声。从革,匊(jú)声。从“革”,表示与皮革有关。本义:古时一种用来踢打玩耍的皮球。最早是结毛而成。后来用毛充填皮囊而成,宋代以后才有充气的皮球)。同本义。抚养;生育。匐匍。爱。审讯或审查。告诫,警告。姓。
藏	cáng zàng	常用汉字 · 17画 · 部首艹	(形声,臧声。本义:把谷物保藏起来)。储积,收藏。隐匿。收藏财物的府库。内脏臟是后起的分别字,以别于“宝藏”的“藏”。佛教或道教的经典的总称。宝藏。藏族 。中国少数民族之一。分布于西藏和四川、青海、甘肃等省的部分地区。
藐	miǎo	常用汉字 · 17画 · 部首艹	(形声。从艸,貌声。本义:小,幼稚)。同本义。远。轻视。
檬	méng	常用汉字 · 17画 · 部首木	——见“柠檬”(níngméng)。
檐	yán	常用汉字 · 17画 · 部首木	(形声。从木,詹(zhān)声。本义:屋檐)。同本义。某些器物上形状像屋檐的部分。
檀	tán	常用汉字 · 17画 · 部首木	(形声。从木,亶(dǎn)声。本义:木名。古书中称檀的木很多,时无定指。常指豆科的黄檀,紫檀(即红木);榆科的青檀)。同本义。姓。
礁	jiāo	常用汉字 · 17画 · 部首石	(形声。从石,焦声。本义:江海中隐现于水面上下的岩石。如暗礁)。
磷	lín	常用汉字 · 17画 · 部首石	(形声。从石,粦(lìn)声。本义:薄石)一种氮族非金属多价元素,原子序数15,广泛存在于它的各种化合物中 ——元素符号P。磷磷,形容岩石、水明净。
霜	shuāng	常用汉字 · 17画 · 部首雨	(形声。从雨,相声。本义:在气温降到摄氏零度以下时,近地面空气中水汽的白色结晶)。同本义。年岁,年岁的代称。犹言秋。如霜的粉末。譬喻白色。比喻高洁。譬喻冷酷、严峻。譬喻锋利。
霞	xiá	常用汉字 · 17画 · 部首雨	(形声。从雨,叚(xiá)声。本义:早晚的彩云) 同本义。指像霞一样美丽的光彩。遥远。
瞭	liǎo liào	常用汉字 · 17画 · 部首目	(形声。从目,尞(liáo)声。本义:眼珠明亮)。同本义。
瞧	qiáo	常用汉字 · 17画 · 部首目	(形声。从目,焦声。本义:眼昏花) 同本义。偷看。
瞬	shùn	常用汉字 · 17画 · 部首目	(形声。从目,舜声。本义:眨眼)。同本义。眼珠转动。惊恐。同“眴”。
瞳	tóng	常用汉字 · 17画 · 部首目	(形声。从目,童声。本义:瞳孔)。同本义 俗称“瞳仁”。眼珠中心虹膜上一个可收缩的孔。看见。
瞩	zhǔ	常用汉字 · 17画 · 部首目	(形声。从目,属声。本义:注视,瞩目)。同本义。见;看见。
瞪	dèng	常用汉字 · 17画 · 部首目	睁大眼睛直视。用力睁大。
曙	shǔ	常用汉字 · 17画 · 部首日	(形声。从日,署声。本义:天刚亮时) 同本义。天亮,破晓。
蹋	tà	常用汉字 · 17画 · 部首足	践踏;踩。字亦作“踏”。踢。
蹈	dǎo	常用汉字 · 17画 · 部首足	(形声。从足,舀(yǎo)声。本义:踩,踏)。同本义(往往有冒险的意味)。顿足踏地。遵循。实行。朝某方向走;行。
螺	luó	常用汉字 · 17画 · 部首虫	(又作蠃。形声。从虫,累声。本义:凡软体动物腹足类,被有旋线的硬壳都叫螺,种类繁多)。同本义。
蟋	xī	常用汉字 · 17画 · 部首虫	蟋蟀的简称。
蟀	shuài	常用汉字 · 17画 · 部首虫	蟋蟀。
嚎	háo	常用汉字 · 17画 · 部首口	(形声。从口,豪声。本义:吼叫;鸣叫)。同本义。大声哭喊。同“号”。
赡	shàn	常用汉字 · 17画 · 部首贝	(形声。从贝,詹(zhān)声。本义:供给)。同本义。周济;帮助。充满。足;充足;足够;才情丰富;满足。
穗	suì	常用汉字 · 17画 · 部首禾	(会意。从禾,惠声。稻麦等禾本科植物的花或果实聚生在茎上顶端部分。亦泛指穗状花实)。同本义。烛花或灯花。中国广州市的别称 。古代传说中有五仙人乘五色羊执六穗至此,故称其为“穗”。
魏	wèi	常用汉字 · 17画 · 部首鬼	阙宫门的台观。古国名。西周时分封的诸侯国。姬姓。在今山西芮城县北。公元前661年被晋献公攻灭,把它封给毕万。战国七雄之一。开国君主魏文侯(名斯)是毕万后代,和赵韩一起瓜分晋国。公元前403年被周威烈王承认为诸侯。建都安邑(今山西夏县西北)。三国之一 。公元220—265,曹丕所建,拥有今黄河流域各省和湖北、安徽、江苏北部、辽宁中部。朝代名。隋末农民起义领袖李密所建国号。古郡名。今县名 。在河北省南部有魏县。姓。
簧	huáng	常用汉字 · 17画 · 部首竹	(形声。从竹,黄声。本义:乐器中用以发声的薄片)。同本义。笙,竽。动听的语言。
簇	cù	常用汉字 · 17画 · 部首竹	(形声。从竹,族声。本义:小竹丛生)。同本义。丛集;聚集。相当于“丛”密集的或长在一块儿但不粘在一起的一丛。
繁	fán pó	常用汉字 · 17画 · 部首糸	字本作“緐”.马头上的饰物.同本义。众多。复杂。茂盛。繁殖,繁衍。白色。
徽	huī	常用汉字 · 17画 · 部首彳	(形声。从糸(mì),表示与线丝有关,微省声。本义:三纠绳)。同本义。绳索。琴徽,系琴弦的绳。后亦指七弦琴琴面十三个指示音节的标识。旗帜。绑腿布。美好;善良。停止;静止。束缚;捆绑。
爵	jué	常用汉字 · 17画 · 部首爫	(象形。甲骨文字形,象古代饮酒器。本义:古代酒器。青铜制)。盛酒的礼器,形似雀,青铜制,有流、两柱、三足,用以温酒或盛酒,盛行于殷代和西周初期。爵位,爵号,官位。一种鸟,赤黑色。
朦	méng	常用汉字 · 17画 · 部首月	(形声。从月,蒙声。本义:月不明)。同本义。迷糊,迷惘。
臊	sào	常用汉字 · 17画 · 部首月	(形声。从肉(月),(sào)声。本义:腥臊) 同本义。丑恶的。
鳄	è	常用汉字 · 17画 · 部首鱼	热带和亚热带水域的几种大型厚皮长体的水栖爬行动物,组成鳄属和一或两个近缘属 ,包括某些贪婪的种类(如尼罗鳄或东亚和太平洋岛屿的巨型河口湾鳄。)这些种类都会毫不迟疑地袭击人类钝吻鳄的俗称 。两种属于钝吻鳄属的爬行动物之一宽吻鳄的俗称
癌	ái	常用汉字 · 17画 · 部首疒	发生于上皮组织的恶性肿瘤
辫	biàn	常用汉字 · 17画 · 部首辛	交织,编结。也作“编”。发辫。分股编紧的头发。
赢	yíng	常用汉字 · 17画 · 部首贝	(会意。从贝,从贏,赢(yíng)省声。贝,古货币,与财富买卖有关。本义:有余)。同本义。宽缓;松懈。充裕 。赢获(丰富。充实);赢储(充裕的准备)。经商盈利。博赛获胜。与输相对。天文上五星趋舍而前为赢,退舍为缩。博取,获得。来得及。担。做买卖所获得的利润。古邑名 。在今山东省莱芜县西北。
糟	zāo	常用汉字 · 17画 · 部首米	(形声。从米,曹声。从米,与制酒有关。本义:古指未漉清的带滓的酒。后指酒渣)。同本义。以酒或酒糟渍物。俗称事物败坏为糟。
糠	kāng	常用汉字 · 17画 · 部首米	(形声。从米,康声。本义:从稻、麦等谷皮上脱下的皮、壳)。本作“穅”,“康”。谷的外壳。又。小麦种子、黑麦种子或其他禾谷的碎裂皮层,从籽粒上分离出来,特别用于家畜饲料。
燥	sào zào	常用汉字 · 17画 · 部首火	快。(形声)。同本义(没有水分或水分很少)。焦急,焦躁。
懦	nuò	常用汉字 · 17画 · 部首忄	(形声。从心,需声。本义:胆小,含有软弱之意;弱)。同本义。又。幼小。懦夫,软弱无能的人。
豁	huō huó huò	常用汉字 · 17画 · 部首谷	空缺;露出缺口;缺损裂开;割裂舍弃,狠心付出某种代价[方言] 跨[方言] 指草和庄稼混长在一起,把土地糟蹋了饮酒时的一种博戏。两人同时喊数并伸出拳指,以所喊数目与双方伸出拳指之和数相符者为胜,败者罚饮(形声。从谷,害声。本义:前后相通的山谷) 同本义。开阔;开通。豁达;大度。空;空虚。消散。使某人免罪或免除(处罚)。
臀	tún	常用汉字 · 17画 · 部首月	屁股。器物底部,底。
臂	bei bì	常用汉字 · 17画 · 部首月	——见“胳臂”(gēbei)。(形声。从肉,辟声。本义:胳膊)。胳臂。动物的前肢。
翼	yì	常用汉字 · 17画 · 部首羽	(形声。从羽,異(yì)声。《说文》小篆从飞,異声。本义:翅膀)。同本义。鸟的翅膀。昆虫的翅膀。一个队形(如战线、散兵线、行进纵队)左侧或右侧。辅助。遮护。,第二天。
骤	zhòu	常用汉字 · 17画 · 部首马	(形声。从马,聚声。本义:马奔驰)。同本义。使马奔驰。泛指奔驰。迅疾,猛快。突然。屡次。
藕	ǒu	常用汉字 · 18画 · 部首艹	莲的地下茎,肥大有节,中间有管状小孔,可以吃,也可作中药。
鞭	biān	常用汉字 · 18画 · 部首革	(形声。从革,便声。本义:皮制的马鞭)。同本义 泛指鞭子。竹根。打马。泛指鞭打。古刑名。鞭笞罪人的刑罚。
藤	téng	常用汉字 · 18画 · 部首艹	(形声。从艹,滕声。本义:木本蔓生植物的枝茎) 同本义。
覆	fù	常用汉字 · 18画 · 部首覀	(形声。覆盖,復声。本义:翻转,倾覆)。同本义。覆盖;遮蔽。颠覆;灭亡。保护;庇护。(fū)。孵化。还,返回。
瞻	zhān	常用汉字 · 18画 · 部首目	(形声。从目,詹(zhān)声。本义:向远处或向高处看)。同本义。仰慕。
蹦	bèng	常用汉字 · 18画 · 部首足	双脚并拢跳。泛指跳跃;乱动[方言]决裂
嚣	xiāo	常用汉字 · 18画 · 部首口	(会意。从棘,从页。棘(jí),众口。页,人头。表示众口喧嚣。本义:喧哗,声音响而闹哄)。同本义。害臊;害羞。轻浮;轻薄。饥饿。嚣张;强悍。悠闲自得。
镰	lián	常用汉字 · 18画 · 部首钅	(形声。从金,廉声。本义:农具名。即“镰刀”)。同本义。锋利的棱角。
翻	fān	常用汉字 · 18画 · 部首羽	(形声。从羽,番声。本义:鸟飞)。同本义。翻转;翻腾。反转,倾倒,变动位置。演唱;演奏。表示转折,相当于“反而”、“却”。
鳍	qí	常用汉字 · 18画 · 部首鱼	(形声。从鱼,耆声。本义:鱼类和某些其他水生动物的类似翅或桨的附肢)。起着推进、平衡及导向的作用。按其所在部位,可分为背鳍、臀鳍、尾鳍、胸鳍和腹鳍。
鹰	yīng	常用汉字 · 18画 · 部首鸟	(形声。从鸟。本义:鹰属的各种鸟) 同本义 许多白天活动的隼形目(Falconiformes)隼亚目(Falcones)猛禽,是鹰科(Accipitridae)部分种类鸟的通称,一般指鹰属各种鸟。
瀑	bào pù	常用汉字 · 18画 · 部首氵	(形声。从火,虹声。本义:爆烈)。急雨,暴风雨。水名。明、清时名宽门、豹河,今名瀑河 。在河北省东北部,发源于平泉县北,南流经宽城入滦河。一种烹调法。将肉食切好,用开水略煮或用热油快煎,以便食用。今作“爆”。(形声。从水,暴声,(bào)本义:急雨) 瀑布。
襟	jīn	常用汉字 · 18画 · 部首衤	(形声。从衣,禁声。本义:古代指衣的交领)。同本义。后指衣的前幅。裹杂;混合。
璧	bì	常用汉字 · 18画 · 部首玉	(形声。从玉,辟声。本义:平而圆,中心有孔的玉)。同本义。玉的通称。
戳	chuō	常用汉字 · 18画 · 部首戈	(形声。从戈,翟(dí)声。本义:用锐器的尖端刺击)。同本义。用指头指点。刺激。竖立的;站的。图章,印记。
孽	niè	常用汉字 · 19画 · 部首子	(形声。从子,薛声。从子,与子孙有关。本义:庶出的,宗法制度下指家庭的旁支)。同本义。庶子,妾所生的儿子。罪,罪恶,罪行,严重的罪过。妖孽;灾害。忤逆,不孝顺。危害,害。
警	jǐng	常用汉字 · 19画 · 部首言	(会意。从言,从敬,敬亦声。本义:戒敕)。同本义。戒备;防备。惊恐;惊动。警报。敏悟。
蘑	mó	常用汉字 · 19画 · 部首艹	担子菌纲,伞菌科。许多膨大而复杂的气生肉质真菌子实体。故意纠缠。
藻	zǎo	常用汉字 · 19画 · 部首艹	(形声。从艸,澡声。本义:藻类植物,古专指水藻)。同本义 。隐花植物的一大类,没有根、茎、叶等部分的区别,有叶绿素可以自己制造养料,种类很多,海水和淡水里都有。泛指水草。词藻,华丽的文辞。文采。华美。修饰文章。
攀	pān	常用汉字 · 19画 · 部首手	(形声。从手,樊声。本义:拉,牵)。同本义。攀援,指用握住或抓住某物的方法爬或登。指跟地位高的人结亲戚或拉关系;高攀。攀比。依附。牵涉;牵扯。追;赶。摘取。
曝	bào pù	常用汉字 · 19画 · 部首日	使感光纸或摄影胶片感光。(形声。从日,暴声。字本作“暴”,小篆字形,从日,从出,从廾，从米。会合表示把米拿到阳光下照晒。廾(gǒng),两手捧物。本义:晒)。同本义。
蹲	dūn cún	常用汉字 · 19画 · 部首足	(形声。从足,尊声。本义:坐)。同本义。虚坐。屈两膝如坐,臀部不着地。控制或延缓植物生长。“蹲蹲”,舞的样子。
蹭	cèng	常用汉字 · 19画 · 部首足	(形声。从足,曾声。本义:摩擦)。
蹬	dēng dèng	常用汉字 · 19画 · 部首足	踩;踏。马镫。梯道。
巅	diān	常用汉字 · 19画 · 部首山	(形声。从山,颠声。本义:山顶)。同本义。
簸	bǒ bò	常用汉字 · 19画 · 部首竹	(形声。从箕,皮声。本义:用簸箕盛粮食等上下颠动,扬去糠粃尘土等物)。同本义。摇动;颠动。
簿	bù	常用汉字 · 19画 · 部首竹	(形声。从竹,溥(pǔ)声。本义:登记事物的册子)。同本义。文书。
蟹	xiè	常用汉字 · 19画 · 部首虫	螃蟹。
颤	chàn zhàn	常用汉字 · 19画 · 部首页	颤抖,发抖。惧怕,惊恐。(形声。从页(xié),亶(dǎn)声。从“页”与头有关。本义:头摇动不定) 发抖;颤动。
靡	mí mǐ	常用汉字 · 19画 · 部首非	水边,河岸。浪费。消失。烂。切磋,研究。摩擦,接触。(形声。从非,麻声(mǐ)。本义:无;没有)。同本义 。散乱;顺风倒下。细腻;细密。华丽,美好。缓。
癣	xuǎn	常用汉字 · 19画 · 部首疒	由真菌(尤其是发癣菌属和小孢子菌属)所引起的人类和家畜皮肤、毛发或趾(指)甲的接触性传染病,特征为皮肤有环形脱色斑,覆以疱疹及鳞屑。
瓣	bàn	常用汉字 · 19画 · 部首瓜	(形声。从瓜,辡(biǎn)声。本义:瓜类的籽)。同本义。瓜果的分瓤。植物的种子、果实或球茎可以分开的片状物。用于花瓣、叶片或种子、果实、球茎分开的小块儿。
羹	gēng	常用汉字 · 19画 · 部首羊	(会意。从羔,从美。古人的主要肉食是羊肉,所以用“羔”“美”会意,表示肉的味道鲜美。用肉或菜调和五味做成的带汁的食物。《说文》:“五味和羹。”按:上古的“羹”,一般是指带汁的肉,而不是汤。“羹”表示汤的意思,是中古以后的事情)。调和五味的汤。煮熟带汁的蔬菜也叫羹。汤。
鳖	biē	常用汉字 · 19画 · 部首鱼	(形声。从鱼,敝声。本义:甲鱼,一种爬行动物,俗称“团鱼”) 同本义 属于龟鳖目、鳖科,中国特产的一种软壳水龟,分布于中国南北各地,多栖于池沼、河沟、稻田中,肉味鲜美,一般认为是补品。
爆	bào	常用汉字 · 19画 · 部首火	(形声。从火,暴声。本义:炸裂发声)。同本义。燃着。突出来;鼓起。火烧物声。
疆	jiāng	常用汉字 · 19画 · 部首田	(指事。从土,从弓,从畺(jiāng,田界)。从“弓”,表示以弓记步,即以弓来丈量土地。本义:田界)。同本义。引申为国界、边界。疆域。止境;穷尽。划定界限。强大;强盛。
鬓	bìn	常用汉字 · 20画 · 部首髟	(形声。从髟(biāo),宾声。“髟”,意思是头发长。“髟”的字多与毛发有关。本义:颊发。两颊两旁近耳的头发) 同本义。
壤	rǎng	常用汉字 · 20画 · 部首土	(形声。从土,襄(xiāng)声。本义:柔土,即经耕作的土地)。土壤。泛指泥土。也指一般的土地。地区。数词。十秭为壤。又以万万秭为壤。亦泛指大数。丰收。毗连;连接。凿地出土。姓。
馨	xīn	常用汉字 · 20画 · 部首香	(形声。从香,殸声。殸,籀文“磬”(qìng)。本义:芳香,散布很远的香气)。同本义。比喻声誉流芳后世。有赞美的意思。后来多“宁馨”(如此,这样) 连用。
耀	yào	常用汉字 · 20画 · 部首羽	(形声。从光,翟(dí)声。本义:照耀)。同本义。炫耀。显示;显耀。光芒,光辉。古州名 。治所在今陕西省耀县。县名 在陕西省中部。1913年由耀州改县。
躁	zào	常用汉字 · 20画 · 部首足	(形声)。同本义。急疾;迅速。浮躁;不专一。
蠕	rú	常用汉字 · 20画 · 部首虫	虫类爬行的样子;微动貌
嚼	jiáo jiào jué	常用汉字 · 20画 · 部首口	(形声。从口,爵声。本义:以牙磨碎食物)。同本义。剥蚀、蛀蚀、冲蚀或冰川侵蚀。干杯。——“倒嚼”(dǎojiào):即牛羊等动物的反刍。义同“嚼(jiáo),用于某些复合词和成语。
嚷	rǎng rāng	常用汉字 · 20画 · 部首口	叫喊声。吵闹叫喊责备;训斥[方言]呼唤叫嚷；吵闹声张，传扬;把消息、事情等传出去
巍	wēi	常用汉字 · 20画 · 部首山	(形声。从山,魏声。本义:高大) 同本义。
籍	jí	常用汉字 · 20画 · 部首竹	(形声。从竹,耤(jí)声。古书以竹制成,故从“竹”。本义:登记册,户口册)。同本义。泛指书,成册的著作。代表个人的身份;代表个人对国家、组织的隶属关系。籍贯。征籍。中国古代各种捐税的统称。门籍,一种写有当事人姓名的小牌子。又。登记。
鳞	lín	常用汉字 · 20画 · 部首鱼	(形声。从鱼,粦(lìn)声。本义:鱼甲)。同本义。鳞片状物。鱼的代称。有鳞动物的总称。姓。
魔	mó	常用汉字 · 20画 · 部首鬼	(形声。从鬼,麻声。本义:“魔罗”的略称。佛教把一切扰乱身心、破坏行善、妨碍修行的心理活动均称为“魔”)。同本义。
糯	nuò	常用汉字 · 20画 · 部首米	酒的别称。
灌	guàn	常用汉字 · 20画 · 部首氵	(形声。从水,雚(guàn)声。本义:灌水)。同本义。灌水,源出河南省商城县南,东北经固始县西南曰曲河,北合史河流入淮水。丛生的树木。浇;灌溉。流注。强行使喝下。古代祭祀的一种形式。斟酒浇地以求神降临。浇铸。
譬	pì	常用汉字 · 20画 · 部首言	(形声。从言,辟声。本义:譬如,比喻) 同本义。晓谕,使人知晓。明白,晓得。
蠢	chǔn	常用汉字 · 21画 · 部首虫	(形声。本义:昆虫慢慢地爬行)。同本义。愚蠢;愚昧。笨拙;粗俗。不谦逊。小貌。谓少量聚居。
霸	bà	常用汉字 · 21画 · 部首雨	(形声。从月。①(pò)本义:阴历每月之初始见的月光。这个意义又写作“魄”。②古代诸侯之长)。假借为伯。指古代诸侯联盟的盟主。依仗权势或实力横行一方的人。称霸。霸占。
露	lù lòu	常用汉字 · 21画 · 部首雨	(形声。从雨,路声。本义:露水)。靠近地面的水蒸气，夜间遇冷凝结成的小水球。又。水气。道路。显露;显现在外。滋润。庇护。败坏。
霹	pī	常用汉字 · 21画 · 部首雨	雷电轰击
躏	lìn	常用汉字 · 21画 · 部首足	(形声。从足,蔺(lìn)声。本义:使力的碾踏)。同本义。欺压;伤害。
黯	àn	常用汉字 · 21画 · 部首黑	(形声。从黑,音声。本义:深黑色)。同本义。昏暗,暗淡无光。心神沮丧的样子。
髓	suǐ	常用汉字 · 21画 · 部首骨	(形声。从骨,随省声。本义:骨中的凝脂)。
赣	gàn gòng	常用汉字 · 21画 · 部首贝	(形声。从“贝”,表示与财物有关。①(gòng) 本义:赐给。②水名。也称赣江)。赣江,在江西省。江西省的别称 ,因赣江纵贯本省而得名。赐给。
囊	náng nāng	常用汉字 · 22画 · 部首口	(形声。大篆字形象两头扎起的口袋。本义:有底的口袋)。同本义。用口袋装。又。覆盖;蒙住。
镶	xiāng	常用汉字 · 22画 · 部首钅	(形声。从金,襄声。本义:瓤子)。铸铜铁器模型的瓤子。古兵器名。镶嵌物相嵌或相配合。俗称修补其缺处。
瓤	ráng	常用汉字 · 22画 · 部首瓜	(形声。从瓜,襄(xiāng)声。本义:瓜类的肉)。同本义。浑浊的。
罐	guàn	常用汉字 · 23画 · 部首缶	(形声。从缶(fǒu),雚声。从“缶”,表示与瓦器有关。本义:用陶或金属制成的汲水器、容器)。
矗	chù	常用汉字 · 24画 · 部首目	(会意。从三直。本义:直立) 同本义。
