# ECDICT bc015ed2e24a7abef49fc6dbbb7fe32c1dadaf8b | sha256 1a6947e04785db63613a92e14903cdae7954f7e84860b10e68e5c7cbb3f9c3cf | pack gre | entries 6534
genre	'ʒɒŋrә	n. 类型，流派
distract	dis'trækt	vt. 转移，分心，使发狂
chunk	tʃʌŋk	n. 大块，矮胖的人（或物）[经] 定样
summon	'sʌmәn	vt. 召唤，召集，号召，振奋，唤起，鼓起[经] 传唤，传讯
outlet	'autlet	n. 出口，发泄方法，市场[医] 出口
invade	in'veid	vt. 侵入，拥入，侵略，侵袭[法] 强入，侵犯，侵略
passive	'pæsiv	a. 消极的，被动的，冷漠的，顺从的，无源的[医] 被动的
hurricane	'hә:rikәn	n. 飓风，暴风，暴风雨
interference	.intә'fiәrәns	n. 冲突，干涉[计] 干扰
aggression	ә'greʃәn	n. 侵犯，侵略[医] 攻击
dealing	'di:liŋ	n. 经营行为，行为，交易[法] 待遇，处置，行为
revive	ri'vaiv	vt. 使苏醒，使复兴，使振奋，回想起，重播vi. 苏醒，复活，复兴，恢复精神
transmit	træns'mit	vt. 传输，传染，传达，遗传，发射，传播vi. 发射信号，留传下来[计] 传送
stall	stɒ:l	n. 厩，停车处，牧师职位，货摊，托辞，拖延vt. 关入厩，停顿，推托，支吾，使陷于泥中vi. 被关在厩内，陷于泥中，停止，支吾
plunge	plʌndʒ	n. 钻进，跳进，跳水，跳水池，猛跌，落下，投入，开始从事，盲目投资vi. 投入，投身于，跳进，陷入，下降vt. 使投入，使插入，使陷入，使遭受
boast	bәust	n. 吹牛vi. 吹牛，自夸vt. 夸口说，自恃有
excess	ik'ses	n. 过度，剩于，超过，超额a. 过量的，额外的
unfold	.ʌn'fәuld	vt. 展开，打开，披露，开展，挑明vi. 伸展，开花，呈现
immense	i'mens	a. 极广大的，无边的，非常好的
weed	wi:d	n. 杂草，野草vi. 除草vt. 除……的草，剔除
arouse	ә'rauz	vt. 唤醒，鼓励，引起vi. 醒来
compliance	kәm'plaiәns	n. 遵从，顺从，屈从[化] 柔顺; 顺应
substitute	'sʌbstitju:t	n. 代理，代理人，代用品，代替者，代替物vt. 代替vi. 替代，取代，代用a. 代替的，代用的，代用品的[计] 置换; 替代
clarify	'klærifai	vi. 澄清，阐明vt. 使明晰
streak	stri:k	n. 条理，斑纹，倾向vt. 加条纹vi. 变成条纹，飞跑
glimpse	glimps	n. 一瞥，一闪vi. 投以一瞥，闪烁不定vt. 瞥见
entail	in'teil	vt. 使成为必需，需要，使承担，遗传给n. 限定继承
artifact	'ɑ:tifækt	n. 人工制品[医] 人为现象，人工产物
mentor	'mentɔ:	n. 指导者，良师益友
strand	strænd	n. （绳索的）股，绳，串，海滨，河岸vi. 搁浅vt. 使搁浅，使落后，使陷于困境，弄断，搓
occurrence	ә'kʌrәns	n. 发生，事件，出现[医] 发生
injection	in'dʒekʃәn	n. 注射，注射剂[化] 注入; 注射
compile	kәm'pail	vt. 编译，编辑，编纂，收集[计] 编译
rib	rib	n. 肋骨，肋状物，笑话vt. 装肋状物于，戏弄
debris	'deibri:	n. 碎片，残骸[医] 碎屑
worship	'wә:ʃip	n. 崇拜，礼拜，尊敬vi. 参加礼拜vt. 崇拜，尊敬
thrust	θrʌst	n. 插，戳，刺，猛推，口头攻击，推力vt. 插入，猛推，刺，戳，强加，延伸vi. 插，刺，戳，延伸，（用力）推
amend	ә'mend	vt. 修改，改善，改良vi. 改过自新
albeit	ɔ:l'bi:it	conj. 尽管，虽然
cemetery	'semitәri	n. 墓地，公墓[法] 公墓，墓地
ferry	'feri	n. 渡船，渡口[法] 摆渡营业权，轮渡
manuscript	'mænjuskript	n. 手稿，原稿，底稿a. 手写的
dwelling	'dweliŋ	n. 住处[医] 住房
toll	tәul	n. 通行费，代价，钟声vt. 征收，敲钟，鸣钟，勾引，引诱vi. 征税，鸣钟
quota	'kwәutә	n. 配额，限额[化] 定额
heir	єә	n. 继承人，嗣子，后嗣[法] 继承人，后嗣
eligible	'elidʒәbl	a. 有资格当选的，合格的n. 有资格者，合格者，适任者
diameter	dai'æmitә	n. 直径[医] 直经，径
yacht	jɒt	n. 快艇，游艇vi. 驾游艇，乘游艇
faction	'fækʃәn	n. 小派系，内讧[法] 宗派，派别，小集团
steer	stiә	vt. 引导，驾驶，航行，控制vi. 驾驶，掌舵，行驶n. 驾驶指示，劝告
intact	in'tækt	a. 尚未被人碰过的，原封不动的，完整的[医] 完整的，无伤的
thrive	θraiv	vi. 繁荣，兴旺，茁壮成长[经] 兴旺，繁荣，旺盛
applicable	'æplikәbl	a. 合适的，可应用的[法] 适用的，适应的
elaborate	i'læbәreit	a. 精细的，详尽的，精心计划（或制作）的vt. 详细地说明，用心地制作，发挥vi. 变复杂，作详细说明
referee	.refә'ri:	n. 仲裁人，调解人，裁判员v. 仲裁，裁判
feminist	'feminist	n. 男女平等主义者
bacterium	bæk'tiәriәm	n. 细菌[医] [无芽胞]杆菌属
ranger	'reinʒә	n. 王室守林人，骑警，漫游者
butt	bʌt	n. 粗大的一头，烟头，靶，笑柄[医] 对核
covenant	'kʌvәnәnt	n. 契约，盟约v. 立契约，缔结盟约
dictate	'dikteit	vi. 听写，口述，口授vt. 口述，使听写，命令n. 命令，指挥，指令
harmony	'hɑ:mәni	n. 协调，和睦，调和[电] 和声学
forbid	fә'bid	vt. 禁止，不准，妨碍[法] 不许，禁止，阻止
tolerance	'tɒlәrәns	n. 宽容，忍受，容忍，容许量，公差[计] 允许误差
supervise	'sju:pәvaiz	v. 监督，管理，指导
fringe	frindʒ	n. 边缘，端，流苏，穗，初步vt. 加穗于，加饰边于a. 边缘的，附加的
temptation	temp'teiʃәn	n. 诱惑，诱惑物[法] 诱惑，诱惑物
throne	'θrәun	n. 王座，君主
brake	breik	n. 刹车，阻碍，丛林v. 刹车
impulse	'impʌls	n. 冲动，驱使，刺激，推动，冲力，建议，脉冲vt. 推动
brutal	'bru:tәl	a. 残忍的，野蛮的，不讲理的
predator	'predәtә	n. 食肉动物，掠夺者[医] 捕食者
deliberate	di'libәrәt	a. 深思熟虑的，故意的，从容的v. 仔细考虑
poke	pәuk	n. 刺，戳，袋子vt. 戳，捅，拨弄，刺vi. 戳，刺，捅，搜索，伸出，行动散慢[计] 存数
soar	sɒ:	n. 高扬，翱翔vi. 往上飞舞，高耸，翱翔
enact	i'nækt	vt. 制定法律，扮演，颁布[法] 法令，法规，条例
circular	'sә:kjulә	a. 圆形的，循环的，间接的[医] 环状的，循环的
thread	θred	n. 线，丝，纤维，线索vt. 穿线于，穿过，通过，用线穿成vi. 穿过[计] 线索，线程
landmark	'lændmɑ:k	n. 陆标，划时代的事，地界标[医] 界标
distinguished	dis'tiŋgwiʃt	a. 卓著的，著名的
fragile	'frædʒail	a. 易碎的，脆的[医] 脆弱的，脆的
exhaust	ig'zɒ:st	n. 排气，排气装置，废气vt. 抽完，用尽，耗尽，使精疲力尽vi. 排气
prescribe	pris'kraib	v. 规定，指定，嘱咐，开处方
blast	blæst	n. 一阵风，爆炸，枯萎病vt. 炸，使枯萎vi. 炸，猛攻，猛烈抨击，枯萎
prevail	pri'veil	vi. 获胜，流行，盛行[医] 流行，盛行
deed	di:d	n. 行为，实行，契约vt. 立契转让
screw	skru:	n. 螺旋，螺杆，螺钉，螺旋桨，吝啬鬼vt. 调节，扭紧，旋，拧，加强，压榨，勒索vi. 转动，旋，拧
contempt	kәn'tempt	n. 轻视，轻蔑[法] 藐视，侮辱，轻视
relaxation	.ri:læk'seiʃәn	n. 松弛，放松，减轻，缓和，休息，休养[化] 松弛; 驰豫
projection	prә'dʒekʃәn	n. 发射，计划，突出部分，设计，推测[计] 投影
brochure	'brәuʃә	n. 小册子，小册
drill	dril	n. 钻孔机，钻子，播种机，粗斜纹布v. 训练，钻孔
mansion	'mænʃәn	n. 大厦，宅邸
aspiration	.æspә'reiʃәn	n. 热望，志向，渴望[医] 吸入; 吸[引], 吸引术
canyon	'kænjәn	n. 峡谷，海底悬崖
temper	'tempә	n. （钢等的）硬度，脾气，心情，中和剂，倾向，回火vt. 使回火，锻炼，调和，使缓和vi. 回火
confer	kәn'fә:	vt. 授予，带来vi. 协商
arch	ɑ:tʃ	n. 拱门，拱形，足弓vt. 使成弓形vi. 拱起，成弓形a. 主要的，调皮的，傲慢无礼的，狡猾的
balloon	bә'lu:n	n. 气球vt. 使成气球状vi. 膨胀如气球，激增
retreat	ri'tri:t	n. 休息寓所，撤退，隐居，退避vi. 撤退，隐退，向后倾vt. 退（棋）
favorable	'feivәrәbl	a. 有利的，赞许的，良好的
insufficient	.insә'fiʃәnt	a. 不够的，不能胜任的，不充足的[法] 不足的，不充分的，不能胜任的
conform	kәn'fɒ:m	vt. 使一致，使遵守，使符合vi. 一致，符合，适应
accountability	ә.kauntә'biliti	n. 负有责任，可说明性[化] 衡算计量
overwhelm	.әuvә'hwelm	vt. 淹没，受打击，制服，压倒，使不知所措[法] 打翻，倾覆，覆盖
gravel	'grævәl	n. 砂砾，碎石[医] 沙砾，尿沙
spark	spɑ:k	n. 火花，火星，闪光，无线电报务员，瞬间放电，活力，朝气，花花公子，情郎vi. 闪光，发火花，求婚vt. 发动，鼓舞，使有朝气，求婚
fatigue	fә'ti:g	n. 疲乏，疲劳vt. 使疲劳，使心智衰弱vi. 疲劳a. 疲劳的
quarry	'kwɒri	n. 采石场，方形石，猎物，被追求物，来源vt. 挖出，努力挖掘vi. 费力地找
speculate	'spekjuleit	vi. 深思，推测，投机[经] 投机
gospel	'gɒspәl	n. 福音，信仰，真理
preach	pri:tʃ	v. 传道，讲道，说教，宣讲，鼓吹n. 说教，布道
surplus	'sә:plәs	n. 剩余，过剩，盈余a. 过剩的，剩余的
cylinder	'silindә	n. 圆筒，圆筒状物，汽缸，柱面[计] 柱面
archive	'ɑ:kaiv	vt. 把……存档n. 档案馆，档案文件[计] 挡案库，存档
garment	'gɑ:mәnt	n. 衣服，衣装，外表
surveillance	sә:'veilәns	n. 监视，监督[电] 侦测
testament	'testәmәnt	n. 遗嘱，<<圣约书>>[法] 遗言，遗嘱，确实的证明
soak	sәuk	n. 浸，湿透，大雨vt. 使上下湿透，浸，吸入，吸收，浸洗掉vi. 浸泡，渗透
slot	slɒt	n. 水沟，细长孔，硬币投币口，缝，狭槽，狭通道，位置，一档（广播节目等）vt. 开槽于，把……纳入机构[计] 槽; 存储槽
negligence	'neglidʒәns	n. 疏忽，粗心大意，忽视[经] 疏忽，过失
lace	leis	n. 饰带，花边，缎带，鞋带vt. 结带子，饰以花边vi. 系带子[计] 全穿孔
coordinate	kәu'ɒ:dineit	n. 同等的人（或物）, 坐标a. 同等的，并列的v. （使）协调
nutrient	'nju:triәnt	a. 营养的，滋养的n. 营养物，滋养物
sovereignty	'sɒvrәnti	n. 主权，独立国[法] 主权，主权国家，统治权
frustrate	'frʌstreit	vt. 挫败，击败，破坏a. 无益的，挫败的，挫折的
configuration	kәn.figju'reiʃәn	n. 结构，表面配置，外形，配置[计] 配置
articulate	ɑ:'tikjulit	a. 发音清晰的，口才好的vt. 明白地说，以关节连接，使成为系统的整体
swell	swel	n. 增大，隆起的部分，巨浪，肿胀a. 优秀的，一流的vi. 增大，膨胀，肿胀，增强，骄傲vt. 使膨胀，使增大，使上涨，使骄傲
cue	kju:	n. 提示，线索vt. 给……暗示（或提示）[计] 尾接指令
compelling	kәm'peliŋ	a. 强制的，强迫性的，激发兴趣的
linear	'liniә	a. 线的，直线的，线状的[计] 线性
membrane	'membrein	n. 薄膜，膜，羊皮纸[化] 膜; 隔膜
motif	mәu'ti:f	n. 主题，基调，动机，基本图案[法] 主旨，主题，动机
convenience	kә'vi:njәns	n. 方便，便利的事物，方便的时候
probe	prәub	n. 探索，调查，探针，探测器v. 用探针探测，调查，探索
bolt	bәult	n. 门闩，螺钉，筛子，闪电，意外事件vt. 闩住，发射，脱口而出，筛，囫囵吞下vi. 囫囵吞枣，射箭，脱缰，退出党派adv. 突然
bulb	bʌlb	n. 球茎，电灯泡[医] 球，鳞茎，球茎
cargo	'kɑ:gәu	n. 货物[经] 货柜
calcium	'kælsiәm	n. 钙[化] 钙Ca
epidemic	.epi'demik	n. 传染病，流行病a. 流行的，传染性的
trim	trim	n. 整齐，情形，修剪a. 整齐的vt. 使整齐，整理，修剪vi. 调整，见风使舵[计] 库存管理检查规则程序
presume	pri'zu:m	vt. 假定，推测，擅自，意味着vi. 擅自行动，相信
divert	dai'vә:t	vt. 转移，使欢娱vi. 转移
accelerate	әk'selәreit	v. 加速，促进
bargain	'bɑ:gin	n. 交易，买卖协定，特价商品v. 讲价，交易
creek	kri:k	n. 小溪，小河，小湾
stereotype	'stiәriәtaip	n. 铅版，陈规，老套vt. 使用铅版，把……印制成盲文，套用老套，使一成不变
revise	ri'vaiz	n. 校订，修正，改样vt. 校订，修正，校正
pistol	'pistl	n. 手枪，信号枪vt. 以手枪杀死（或伤害）
bore	bɒ:	n. 令人讨厌的人，激浪，枪膛，孔vt. 使烦扰，钻孔vi. 钻孔bear的过去式[计] 内径; 孔径
relieved	ri'li:vd	a. 宽慰的，解除的，减轻的
retrieve	ri'tri:v	vt. 取回，挽回，弥补，恢复，补偿，回忆，检索vi. 找回猎物n. 取回，恢复，救险球[计] 检索
hammer	'hæmә	n. 锤，铁锤，钉锤vt. 锤打，敲打，钉vi. 连续锤打[计] 锤头
bizarre	bi'zɑ:	a. 奇异的
nominate	'nɒmineit	vt. 提名，任命，命名[法] 提名……为候选人，指定，推荐
queue	kju:	n. 辫子，一队人，队列vt. 使排队，将……梳成辫子vi. 排队[计] 队列
anchor	'æŋkә	n. 锚vt. 抛锚停泊，使固定[计] 锚
alert	ә'lә:t	a. 警觉的，灵敏的，留心的n. 警报vt. 使警觉，通知，使意识到
redundant	ri'dʌndәnt	a. 多余的，过多的，冗长的[医] 过多的，多余的
betray	bi'trei	vt. 出卖，背叛，辜负，暴露[法] 出卖，背叛，泄漏
consistency	kәn'sistәnsi	n. 坚硬性，黏稠度，一致性[化] 稠度; 一致性
static	'stætik	n. 静电，静电干扰a. 静态的，静止的，固有的，静电的
critique	kri'ti:k	n. 评论文章，评论
compassion	kәm'pæʃәn	n. 同情，怜悯
devoted	di'vәutid	a. 投入的，深爱的
accumulate	ә'kju:mjuleit	v. 积聚，堆积
militia	mi'liʃә	n. 义勇军，民兵组织，国民军
authentic	ɒ:'θentik	a. 可靠的，可信的，真正的[法] 被认证的，确认的，可信的
tenure	'tenjuә	n. 享有，保有期[经] （财产，职位等的）占有，占有权
dome	dәum	n. 圆顶vt. 加圆顶vi. 成圆顶状
wit	wit	n. 机智，智力，头脑，理智，妙语，机智的人
haunt	hɒ:nt	n. 常到的地方，生息地vt. 常到，出没于，萦绕于vi. 出没，作祟
sheriff	'ʃerif	n. 郡治安官，县治安官[法] 司法行政官，郡长，执行吏
dual	'dju:әl	a. 双重的，双的n. 双数
evoke	i'vәuk	vt. 唤起，引起，召（魂）[法] 提审，移送
surrender	sә'rendә	vt. 交出，放弃，使投降，让与vi. 投降，自首n. 交出，放弃，投降
unconscious	.ʌn'kɒnʃәs	a. 未意识到的，无意识的，无知觉的[医] 人事不省的，神志丧失的; 无意识的
scar	skɑ:	n. 疤痕，伤痕，悬崖vi. 结疤，愈合，痊愈vt. 使有伤痕
variance	'vєәriәns	n. 不一致，变化，变异，分歧，不和[化] 方差; 变种
multiply	'mʌltiplai	v. 繁殖，乘，增加[计] 乘
surge	sә:dʒ	n. 巨涌，汹涌，澎湃vi. 汹涌，澎湃，颠簸，猛冲，突然放松vt. 使汹涌奔腾，急放[计] 电压尖峰
amateur	'æmәtә	n. 业余爱好者，外行，爱好者[电] 业余家
commentary	'kɒmәntәri	n. 注释，评论，说明[法] 注释，评注，评论
penetrate	'penitreit	vt. 穿透，刺穿，渗透，看穿，洞察，了解，使充溢vi. 刺入，看穿，渗透，打进
spectator	spek'teitә	n. 观众，目击者，旁观者
hover	'hʌvә	vi. 盘旋，翱翔，徘徊vt. 孵n. 翱翔
attain	ә'tein	vt. 达到，获得vi. 达到
stunning	'stʌniŋ	a. 打昏迷的，弄得人昏头昏脑的，令人震惊的
orthodox	'ɒ:θәdɒks	a. 正统的，传统的，惯常的
viable	'vaiәbl	a. 能养活的，能生长发育的[医] 有活力的，有生机的
snatch	snætʃ	n. 抢夺，攫取，片断vt. 夺取，攫取vi. 想抢走，攫取
exert	ig'zә:t	vt. 发挥，运用，施以影响[法] 施加，产生，行使
strive	straiv	vi. 努力，奋斗，斗争
spur	spә:	n. 马刺，刺激物，鼓舞vt. 刺激，激励，用马刺策（马）前进vi. 用马刺驱马，疾驰
tilt	tilt	n. 倾斜，倾向，船篷，车篷vt. 使倾斜，使倾侧，用帆布篷遮盖vi. 倾斜，翘起，冲，评击[计] 倾斜
advocacy	'ædvәkәsi	n. 拥护，支持，鼓吹，辩护，辩护术[法] 辩护，拥护，提倡
baron	'bærәn	n. 男爵[法] 男爵，贵族，大王
antibiotic	.æntibai'ɒtik	n. 抗生素a. 抗生的
prosperity	prɒs'periti	n. 繁荣，茂盛，成功[经] 繁荣
implicit	im'plisit	a. 暗示的，含蓄的，固有的，绝对的[经] 不讲明的，含蓄的
prosecute	'prɒsikju:t	vt. 告发，起诉，彻底进行，执行，从事vi. 告发，起诉，作检察官
choir	'kwaiә	n. 唱诗班，唱诗班的席位v. 合唱
glow	glәu	n. 赤热，光辉，热情，热烈，红光vi. 发红光，红光焕发，发热，洋溢，激动
embody	im'bɒdi	vt. 具体表达，使具体化[经] 合并，具体化，具体表现
integral	'intigrәl	n. 整体，积分，整数a. 固有的，整体的，整数的，积分的[计] 积分
horizontal	.hɒri'zɒntәl	n. 水平线，水平面，水平位置a. 水平线的，平坦的，横的n. 水平[计] 水平
fake	feik	n. 假货，欺骗，诡计a. 假的vt. 假造，仿造vi. 伪装
crab	kræb	n. 螃蟹，偏航，脾气乖戾的人，沙果vi. 捕蟹，偏航，发牢骚vt. 使偏航，抱怨，破坏
inhibit	in'hibit	vt. 禁止，抑制vi. 起抑制作用
mandatory	'mændәtәri	a. 命令的，托管的[经] 受托者，命令者
surveyor	sә'veiә. sә:-	n. 测量员；检验员
adverse	'ædvә:s	a. 不利的，敌对的，相反的，逆的[法] 相反的，敌对的，逆的
valve	vælv	n. 活瓣，阀，活门v. 装阀，用阀调节
stun	stʌn	vt. 使昏迷，使震惊，打昏n. 昏迷，猛击
fury	'fjuri	n. 愤怒，狂暴，狂怒的人[医] 狂乱，狂暴，狂怒
differentiate	.difә'renʃieit	v. 区别，区分
compatible	kәm'pætәbl	a. 能共处的，可并立的，适合的[计] 相容的; 兼容的
pact	pækt	n. 契约，协定，条约[化] 合同
kidney	'kidni	n. 肾，个性[医] 肾
abolition	.æbәu'liʃәn	n. 废除，废奴运动[医] 禁止，消失
solo	'sәulәu	n. 独奏，独唱，单独表演a. 单独的，独奏的，独唱的vi. 放单飞
leak	li:k	n. 漏洞，漏处，漏出，泄漏vi. 漏，泄漏vt. 使渗漏
fusion	'fju:ʒәn	n. 熔合物，结合，熔合[化] 熔融; 熔化; 聚变
greenhouse	'gri:nhaus	n. 温室
herd	hә:d	n. 兽群，人群，牧人vt. 群集，使成群，放牧vi. 聚在一起
passionate	'pæʃәnit	a. 热情的，热烈的，易怒的，热恋的
tariff	'tærif	n. 关税，关税表，价格表，收费表vt. 课以关税[计] 价目表
subjective	sәb'dʒektiv	a. 主观的，个人的[医] 主观的，自觉的
census	'sensәs	n. 户口普查vt. 实施统计调查
stride	straid	n. 大步，步幅，步态，进步v. 迈大步走，跨过，跨
synthesis	'sinθisis	n. 综合，组织，综合体[化] 合成
pledge	pledʒ	n. 诺言，保证，誓言，抵押，信物，保人，祝愿vt. 许诺，保证，使发誓，抵押，典当，举杯祝……健康
paradigm	'pærәdaim	n. 范例，式样，词形变化表，纵聚合关系语言项
locomotive	.lәukә'mәutiv	n. 火车头，机车a. 运转的，火车头的，移动的
yarn	jɑ:n	n. 纱，纱线，故事[化] 纱
appetite	'æpitait	n. 食欲，欲望，爱好[医] 食欲
offend	ә'fend	v. 犯罪，冒犯，违反，进攻
mosaic	mәu'zeiik	n. 马赛克，镶嵌细工，镶嵌工艺a. 马赛克的，镶嵌细工的，拼花的vt. 用镶嵌细工装饰[计] Mosaic浏览程序
mammal	mæmәl	n. 哺乳动物[化] 哺乳动物
spatial	'speiʃәl	a. 空间的，受空间条件限制的，占地位的[医] 隙的，间隙的，腔的; 空间的，立体的
litigation	.liti'geiʃәn	n. 诉讼，起诉[经] 诉讼，纠葛
causal	'kɒ:zәl	a. 原因的，因果关系的，表示原因或理由的n. 表示原因的连词
enzyme	'enzaim	n. 酶[化] 酶
choke	tʃәuk	vt. 窒息，阻塞，噎，抑制vi. 窒息，阻塞，噎n. 窒息，噎，阻气门
ensemble	ɒn'sɒŋblә	n. 全体，合唱曲，（女人的）全套服装[化] 总体; 整体; 系综
bile	bail	n. 胆汁，坏脾气，暴躁[医] 胆汁
pesticide	'pestisaid	n. 杀虫剂[化] 农药
arsenal	'ɑ:snәl	n. 兵工厂，军械库[机] 兵工厂
affordable		[计] 普及型
luxury	'lʌkʃәri	n. 奢侈，豪华a. 奢侈的，豪华的
designate	'dezigneit	vt. 指定，指明，称呼a. 已选出而未上任的
robe	rәub	n. 宽松长袍，礼服，披肩，覆盖物v. （给）穿长袍
cult	kʌlt	n. 膜拜，礼拜式，祭仪，一群信徒[医] 迷信，巫术
confidential	.kɒnfi'denʃәl	a. 机密的，获他人信赖的，易于信任他人的[经] 秘密件
enlist	in'list	vt. 征募，参与，谋取vi. 从军，应募，赞助
bearing	'bєәriŋ	n. 举止，轴承，忍受，关系，意义，方向，生育[化] 轴承
rookie	'ruki	n. 新手
juvenile	'dʒu:vinail	n. 少年，少年读物a. 少年的，不成熟的，适于少年的
torture	'tɒ:tʃә	n. 拷问，苦闷vt. 拷问，曲解，折磨，使弯曲
chorus	'kɒ:rәs	n. 合唱队，齐声v. 齐声说道，合唱
comic	'kɒmik	n. 连环漫画，喜剧演员，滑稽的人a. 滑稽的，有趣的，喜剧的
revenge	ri'vendʒ	n. 报仇，复仇，报复vt. 报仇，报复
reside	ri'zaid	vi. 住，居留，属于[法] 居住
query	'kwiәri	n. 疑问，疑问号，质问，查询v. 询问，质问[计] 查询
lure	luә	n. 饵，诱惑vt. 引诱，诱惑
coherent	kәu'hiәrәnt	a. 互相耦合的，清晰的，明了的，凝聚性的，连贯的
erupt	i'rʌpt	vi. 爆发vt. 喷出
terminate	'tә:mineit	a. 有结尾的，（可）结束的vi. 结束，终止，满期vt. 使停止，使结束，使终止[计] 终止
loom	lu:m	n. 织布机，若隐若现的景象vi. 朦胧地出现，隐约可见，可怕地出现
witch	witʃ	n. 巫婆，女巫vt. 施巫术，迷惑
cane	kein	n. 手杖，细长的茎，藤条vt. 以杖击，以藤编制
inflict	in'flikt	vt. 施以，加害，使承受[法] 处，加，予以
forge	fɒ:dʒ	n. 熔炉，铁工厂vt. 打制，锻造，伪造vi. 锻造，伪造
disrupt	dis'rʌpt	a. 分裂的，中断的vt. 使分裂，使瓦解
liaison	li:'eizɒn	n. 联络
specialized		a. 专门的，特别的，专科的，特化的，专化的[计] 专业化的
apparatus	.æpә'reitәs	n. 装置，器具，器官[化] 仪器; 器械
wicked	'wikid	a. 坏的，邪恶的，缺德的，刻毒的，恶劣的，淘气的
postpone	pәust'pәun	vt. 延迟，使延期，缓办，搁延vi. 延缓，延缓发作
warrant	'wɒ:rәnt	n. 授权，正当理由，根据，证明，批准，凭证，令状，委任状vt. 授权给，保证，担保，批准，使有正当理由
resentment	ri'zentmәnt	n. 怨恨，愤恨
insider	'in'saidә	n. 内部的人，权威人士，知道内情的人[经] 熟悉内情者
flock	flɒk	n. 兽群，鸟群，一群人，大量，棉束vi. 成群而行，聚集vt. 用棉束填满
pier	piә	n. 码头，桥墩，支框，防波堤[医] 桥基，基牙
grim	grim	a. 冷酷的，坚强的，残忍的，可怕的，讨厌的
drought	draut	n. 干旱，缺乏
arbitrary	'ɑ:bitrәri	a. 任意的，武断的，专治的，霸道的
uphold	ʌp'hәuld	vt. 支撑，赞成，鼓励，举起，坚持[法] 确认，赞成，支持
formidable	'fɒ:midәbl	a. 巨大的，优秀的，可怕的，艰难的
hazardous	'hæzәdәs	a. 危险的，冒险的，碰运气的[法] 危险的，冒险的，碰运气的
clarity	'klærәti	n. 清楚，明晰[化] 透明度; 透明性; 清晰性
bin	bin	n. （贮存谷物等的）容器，箱子[计] 二进制，商业信息网
grind	graind	n. 磨，碾，苦差，摩擦声，用功的学生vt. 磨擦，磨碎，磨光，折磨，压榨vi. 磨，磨碎，苦干
vanilla	vә'nilә	n. 香草，香子兰
graphic	'græfik	a. 生动的，轮廓分明的，绘画似的，图解的[计] 图形的
descent	di'sent	n. 降落，家系，侵袭，血统[医] 下降，世代，血统
deficiency	di'fiʃәnsi	n. 缺乏，不足[医] 缺乏，不足
explosive	ik'splәusiv	n. 炸药，爆破音a. 易爆发的，爆炸的，暴躁的
illuminate	i'lju:mineit	vt. 照明，用灯装饰，阐明，说明，使灿烂vi. 照亮，用灯装饰
adjacent	ә'dʒeisәnt	a. 毗连的，邻近的，连接的[机] 相邻的，邻位的，交界的
analogy	ә'nælәdʒi	n. 相似，类似[计] 模拟
grill	gril	n. 烤架，铁格子，烤肉v. 烧，烤，严加盘问，给……装栅栏
innocence	'inәsәns	n. 无罪，无知，天真无邪[法] 无罪，无罪的人，清白无辜者
flaw	flɒ:	n. 缺点，裂纹，瑕疵，一阵狂风[化] 划痕; 裂缝; 裂纹
pony	'pәuni	n. 矮种马v. 借助逐字直译文翻译a. 小型的，每日摘要的
optimism	'ɒptimizm	n. 乐观主义，乐观，乐天[医] 乐观主义，乐观
folly	'fɒli	n. 愚蠢，荒唐事，讽刺剧
burial	'beriәl	n. 埋葬，葬礼[法] 埋葬，葬礼
posture	'pɒstʃә	n. 姿势，态度，情形，形势vt. 作……的姿势vi. 作姿势
stab	stæb	n. 刺，戳，剧痛，尝试，努力vt. 刺，戳，刺入，刺痛，直入，使伤心vi. 刺，刺伤
flick	flik	n. 快速的轻打，轻打声，弹开v. 轻弹，轻轻拂去，忽然摇动
rehearsal	ri'hә:sl	n. 预演，排演，练习，叙述，复述[法] 详述，列举事实，复述
invoke	in'vәuk	vt. 祈求，恳求，实行，援引，引起[计] 调用; 请求
solidarity	.sɒli'dæriti	n. 团结，团结一致，共同一致[法] 团结，共同责任
flush	flʌʃ	n. 流溢，面红，旺盛，发烧，惊飞的鸟，同花牌a. 丰足的，齐平的，满盈的，泛滥的adv. 齐平地，直接地vi. 脸发红，奔涌，旺盛，惊飞vt. 淹没，冲洗，使脸红，使激动，使齐平，使惊飞
discard	dis'kɑ:d	vt. 丢弃，抛弃vi. 垫牌n. 垫牌，抛弃
wardrobe	'wɒ:drәub	n. 衣橱，衣室，全部衣服
abundance	ә'bʌndәns	n. 丰富，充足，大量[经] 丰富，充裕
hull	hʌl	n. 壳，皮，船体vt. 去壳
portable	'pɒ:tәbl	a. 可携带的，可搬运的，可移动的[计] 可移植的
ironic	aiә'rɔnik	a. 冷嘲的，挖苦的，反话的，讽刺的，令人啼笑皆非的，出乎意料的
rattle	'rætl	vt. 使嘎嘎响，喋喋不休地说vi. 格格响，喋喋不休n. 格格声，拨浪鼓，喋喋不休的话
startle	'stɑ:tl	n. 惊愕，惊恐vt. 吃惊，使惊愕vi. 惊起
gorgeous	'gɒ:dʒәs	a. 华丽的，灿烂的
tease	ti:z	n. 揶揄，戏弄，逗惹vt. 戏弄，取笑，强求，梳理，使起毛
electorate	i'lektәrit	n. 选民，有选举权者，选区[法] 选民，选举团，选区
rotate	'rәuteit	a. 辐状的vt. 使旋转，使转动，使轮流vi. 旋转，循环[计] 旋转
decree	di'kri:	n. 法令，判决，天意vt. 颁布，判决vi. 发布命令
scrape	skreip	n. 刮，擦，挖，擦痕，刮擦声，困境vi. 刮掉，擦掉，刮出刺耳声vt. 刮，擦，擦伤，挖成，积蓄
exclaim	iks'kleim	v. 大叫，呼喊，大声叫
autonomous	ɒ:'tɒnәmәs	a. 自治的[医] 自主的
bump	bʌmp	n. 撞击，肿块vt. 碰撞vi. 撞，颠簸而行
aggregate	'ægrigәt	n. 合计，总计，聚集体a. 合计的，聚集的v. 聚集，集合，合计达[计] 聚合体; 聚集
glare	glєә	n. 闪耀光，刺眼vi. 发眩光，瞪视vt. 瞪眼表示
amnesty	'æmnisti	n. 大赦，赦免
sediment	'sedimәnt	n. 沉淀物，沉积[化] 沉降物; 沉积物
lexical	'leksikl	a. 字典的，词汇的
demolish	di'mɒliʃ	vt. 毁坏，破坏，粉碎
tread	tred	n. 踏，步态，梯级，交尾，鞋底vi. 踏，行走，交尾vt. 踩，踏，践踏，跳（舞）
nurture	'nә:tʃә	n. 养育，营养物，培育vt. 养育，供给营养物，教养
scrap	skræp	n. 碎片，残余物，些微，片断，铁屑，吵架vt. 扔弃，敲碎，拆毁vi. 互相殴打a. 零碎拼凑成的，废弃的
vivid	'vivid	a. 生动的，鲜明的，鲜艳的，活泼的，逼真的，清晰的
warden	'wɒ:dn	n. 典狱官，渔猎法监督官，看守人[法] 看守人，监护人，管理员
indulge	in'dʌldʒ	vt. 纵情于，使高兴，放任，迁就vi. 沉溺
disguise	dis'gaiz	n. 假面目，假装vt. 假装，隐瞒
flourish	'flʌriʃ	vi. 繁荣，茂盛，活跃，手舞足蹈vt. 挥舞，夸耀n. 挥舞，炫耀，茂盛，兴旺，华丽词藻
batch	bætʃ	n. 一次所烘的面包，一次所制之量，一组，批，成批，分批v. 成批，分批处理[计] 一批
obsession	әb'seʃәn	n. 困扰，困扰人的情绪[医] 强迫观念
vigorous	'vigәrәs	a. 精力充沛的，元气旺盛的，茁壮的，有力的
pillar	'pilә	n. 柱子，栋梁，台柱，重要的支持者[医] 柱，脚
nutrition	nju:'triʃәn	n. 营养，营养学[医] 营养，营养品
obscure	әb'skjuә	a. 模糊的，昏暗的，难解的，晦涩的，偏僻的，微贱的，无名的vt. 使变暗，隐藏，使变模糊，使难解
melody	'melәdi	n. 曲子，美妙音乐，曲调
restrain	ri'strein	vt. 抑制，阻止，束缚[法] 抑制，遏制，制止
maple	'meipl	n. 枫，枫木，淡棕色[机] 枫木
memoir	'memwɑ:	n. 传记，实录，追思录，回忆录，自传[化] 研究报告
cultivate	'kʌltiveit	vt. 培养，耕作
agony	'ægәni	n. 极大的痛苦，挣扎[医] 濒死苦闷; 剧痛
bracket	'brækit	n. 支架，括弧，托架vt. 装托架，括入括弧[计] 方括号; 括号
aluminium	.ælju'miniәm	n. 铝a. 铝的
defy	di'fai	vt. 藐视，挑衅，使落空n. 挑战
reconcile	'rekәnsail	vt. 使和解，调停，使和谐，使一致，使听从[经] 对帐，使一致
accord	ә'kɒ:d	n. 一致，调和，协定vt. 给与，使一致vi. 相符合
axis	'æksis	n. 轴[计] 坐标轴
spontaneous	spɒn'teiniәs	a. 自然的，自发的，未经琢磨的[医] 自发的，特发的，自生的
applause	ә'plɒ:z	n. 鼓掌，喝彩，赞许
suitcase	'sju:tkeis	n. 手提箱
quantum	'kwɒntәm	n. 量，量子[计] 量子
mighty	'maiti	n. 有势力的人a. 有势力的，强大的，有力的adv. 很，极
eternal	i'tә:nl	a. 永恒的，永远的，不灭的
morale	mɒ'rɑ:l	n. 士气，道德
collision	kә'liʒәn	n. 碰撞，冲突，抵触[计] 冲突
verify	'verifai	vt. 证明，查证，证实，检验，校验[计] 校验，检验; DOS内部命令:设定写入磁盘时是否验证写入的正确性
encompass	in'kʌmpәs	vt. 围绕，完成，包括，包含，环绕，包围
skillet	'skilit	n. 煮锅，长柄浅锅
instrumental	.instru'mentәl	a. 仪器的，器具的，可作为手段的[医] 器械的
aftermath	'ɑ:ftәmæθ	n. 结果，后果[法] 后果，结果
outset	'autset	n. 着手，开头，最初
prestige	pre'sti:ʒ	n. 声望，威望，威信[经] 商誉，声誉
crust	krʌst	n. 外壳，坚硬外皮，面包皮vt. 盖以硬皮vi. 结硬皮
millennium	mi'leniәm	n. 千禧年，一千年
mosquito	mә'ski:tәu	n. 蚊子[医] 蚊
pottery	'pɒtәri	n. 陶器，陶器厂[化] 陶器
trench	trentʃ	n. 渠，沟渠，战壕vt. 在……开沟，挖战壕于，用战壕围住vi. 挖战壕，开沟
absurd	әb'sә:d	a. 荒谬的，不合理的，可笑的n. 荒诞
linen	'linin	n. 亚麻布，亚麻线，亚麻制品a. 亚麻布制的，亚麻的
outrage	'autreidʒ	n. 暴行，侮辱，愤怒vt. 凌辱，虐待，触犯
constrain	kәn'strein	vt. 强迫，限制，关押
optional	'ɒpʃәnl	a. 可选择的，随意的[化] 选购的
dangle	'dæŋgl	vi. 摇晃地悬挂着，追求vt. 使摇晃地悬挂n. 悬垂
haven	'heivn	n. 港，避难所，安息所vt. 安置……于港中，庇护，入港
offset	'ɒ:fset	n. 抵消，把……并列，旁系，支管，用胶印法印vt. 弥补，抵消，胶印vi. 装支管n. 偏移量[计] 偏移量
jerk	dʒә:k	n. 性情古怪的人，急拉，肌肉抽搐，牛肉干vi. 痉挛，急拉，急推vt. 猛拉
vicar	'vikә	n. 教区牧师，教堂主持，代理人[法] 代表，代理牧师，代理主教
affirm	ә'fә:m	v. 断言，确认
sip	sip	n. 啜饮，小口喝，抿vi. 啜饮vt. 啜[计] 单列直插式组件
span	spæn	n. 指距，全长，跨距，一段时间，小范围vt. 以手指测量，跨越，架设，持续
drainage	'dreinidʒ	n. 排水[医] 引流[法], 导液[法], 排水[设备]
linger	'liŋgә	vi. 逗留，消磨，徘徊vt. 消磨
applaud	ә'plɒ:d	v. 拍手喝彩，称赞，赞同
gloom	glu:m	n. 忧郁，暗处，幽暗vi. 变忧沉，变黑暗vt. 使忧郁，使黑暗
harbor	'hɑ:bә	n. 港，避难所v. 庇护，藏匿，（使）入港停泊
offspring	'ɒ:fspriŋ	n. 子孙，后代，产物[法] 后辈，子孙，后裔
carol	'kærәl	n. 颂歌，欢乐的歌v. 歌颂，欢唱
dim	dim	a. 暗淡的，模糊的vt. 使暗淡[计] 数据解释模块
residue	'rezidju:	n. 残渣，剩余，余数[化] 残基; 残渣; 残液; 釜液
monarch	'mɒnәk	n. 帝王，统治者，元首[医] 单原型（植）
antique	æn'ti:k	n. 古董，古物a. 古老的，古风的，旧式的，过时的
fabulous	'fæbjulәs	a. 传说的，寓言般的，难以置信的
freight	'freit	n. 船货，运费，货运vt. 装货，使充满，以货运运送，租（或出租）（船等）
asylum	ә'sailәm	n. 庇护，收容所[医] 养育院
injunction	in'dʒʌŋkʃәn	n. 命令，禁令，劝告[经] 指令，禁令
treasurer	'treʒәrә	n. 会计，出纳员，司库[经] 司库，财务主任，财政大臣
erase	i'reis	vt. 抹去，擦掉[计] 清洗; 擦除; 抹除; DOS内部命令:从磁盘上删除一个或多个文件
stain	stein	n. 污染，污点，着色剂vt. 沾染，染污，着色vi. 变脏
ram	ræm	n. 公羊，撞锤vi. 猛击，撞vt. 猛击，填塞，反复灌输n. 只读内存，随机存取内存，随机存取存储器[计] 随机存取存储器
chord	kɒ:d	n. 弦，和音[医] 索，带
mosque	mɒsk	n. 清真寺
symphony	'simfәni	n. 交响乐，交响曲
niche	nitʃ	n. 壁龛vt. 放入壁龛，安顿
monarchy	'mɒnәki	n. 君主政体，君主国，君主政治[法] 君主政体，君主制度，君主国
bark	bɑ:k	n. 树皮，吠声vi. 吠，叫骂vt. 喊出，剥树皮
fascinate	'fæsineit	vt. 令人入神，使着迷vi. 入迷
generator	'dʒenәreitә	n. 产生器，发电机，生产者[计] 发生器
default	di'fɒ:lt	n. 违约，不履行责任，缺席，默认值v. 疏怠职责，缺席，拖欠，默认[计] 默认; 默认值; 缺省值
underscore	.ʌndә'skɒ:	vt. 划线于……下n. （表强调的）下划线[计] 底线
prop	prɒp	n. 支柱，支持者，倚靠人，道具，螺旋桨vt. 支撑，维持
corrupt	kә'rʌpt	a. 腐败的，贪污的，讹误充斥的vt. 使腐烂，腐蚀，使恶化vi. 腐烂，堕落
bourgeois	buә'ʒwɑ:	n. 中产阶级分子，商人，资产阶级a. 中产阶级的，平庸的n. 九点活字
hemisphere	'hemisfiә	n. 半球，地球的半面，大脑半球[医] 半球
nucleus	'nju:kliәs	n. 核心，核子，原子核，起点[计] 核心程序
wan	wɒn	a. 苍白的，无血色的，病态的，暗淡的v. （使）变苍白[计] 广域网
bout	baut	n. 一回，回合，较量[医] 发作
cone	kәun	n. 圆锥体，球果vt. 使成锥形
stroll	strәul	n. 闲逛，漫步v. 闲逛，漫步
transparent	træns'pærәnt	a. 透明的，显然的，清晰的[计] 透明
jockey	'dʒɒki	n. 赛马骑师，驾驶员，操作工vt. 骗，瞒，驾驶，移动vi. 当赛马的骑师
forestry	'fɒristri	n. 林学，森林地[法] 林地，林学，林业
velocity	vi'lɒsәti	n. 速度，迅速[化] 速度
attainment	ә'teinmәnt	n. 达到
maximize	'mæksimaiz	vt. 取……最大值，使增加（或扩大）到最大限度[计] 最大化
substantive	'sʌbstәntiv	a. 表示实在的，有实质的，独立存在的，大量的，重大的，坚实的，名词的n. 名词性实词，名词
gall	gɒ:l	n. 胆汁，五倍子，苦味，肿痛，恼怒，磨损处vt. 烦恼，屈辱，磨伤vi. 被磨伤
intensify	in'tensifai	vt. 加强vi. 强化
sway	swei	n. 摇摆，影响力，支配vt. 摇动，支配，弄歪，使倾斜，使动摇，影响vi. 摇动，摇摆，倾斜，动摇，统治，转向
vicious	'viʃәs	a. 邪恶的，堕落的，品性不端的，恶毒的，恶性的，有错误的[医] 缺点的，恶的
upgrade	'ʌpgreid	n. 上坡，升级，上升adv. 往上vt. 使升级，提升，改良品种vi. 升级[计] 升级
exaggerate	ig'zædʒәreit	v. 夸大，夸张
manifest	'mænifest	n. 载货单，运货单，旅客名单a. 显然的，明白的vi. 显示，出现vt. 表明，表现，证明
distort	dis'tɒ:t	vt. 扭曲，歪曲[法] 歪区，曲解，纂改
revert	ri'vә:t	vi. 恢复，复归，回复，还原vt. 使回复原状，使回转n. 恢复原信仰的人[计] 还原
align	ә'lain	vi. 排列，排成一行，结盟vt. 使结盟，使成一行，校正
trivial	'tiviәl	a. 琐碎的，不重要的，轻微的，平常的
resent	ri'zent	vt. 愤恨，憎恶，怨恨
skeleton	'skelәtn	n. 骨骼，骨瘦如柴的人，梗概，骨干，残骸a. 骨骼的，概略的，基层的，骨干的[计] 骨架
bleak	bli:k	a. 萧瑟的，荒凉的，阴冷的
artery	'ɑ:tәri	n. 动脉，干道，要道[医] 动脉
curator	kjuә'reitә	n. 管理者，经理，主管人，掌管者，馆长，大学学监，监护人，保护人[经] 临时监护人
inferior	in'fiәriә	a. 次等的，较差的，下方的，下级的n. 部下，次品，下标（符号）
acquaintance	ә'kweintәns	n. 认识，相识者
humble	'hʌmbl	a. 低下的，谦逊的，粗陋的vt. 使……卑下，降低……地位，贬抑
gum	gʌm	n. 树胶，橡皮，橡皮糖，牙床，老天vt. 涂以树胶，用胶粘，使有粘性vi. 分泌树胶，发粘
fishery	'fiʃәri	n. 渔业[法] 捕鱼，捕鱼权
deter	di'tә:	vt. 制止，吓住，威慑
swift	swift	n. 褐雨燕，快速爬行的小蜥蜴，蝙蝠蛾，大滚筒a. 迅速的，快的，敏捷的，立刻的adv. 迅速地，敏捷地
cosmic	'kɒzmik	a. 宇宙的，宇宙航行的，无限的，有秩序的[医] 宇宙的
disperse	dis'pә:s	vt. 分散，传播，散开vi. 分散a. 分散的[计] 分散
ponder	'pɒndә	v. 沉思，考虑
complicate	'kɒmplikeit	vt. 弄复杂，使错综，使恶化vi. 变复杂
rag	ræg	n. 碎布，抹布，碎片，碎屑，少量，破旧衣服vt. 责骂，揶揄，戏弄vi. 喧闹
denounce	di'nauns	vt. 告发，抨击，谴责[法] 谴责，斥责，告发
expel	ik'spel	vt. 驱逐，逐出，排出，开除[医] 排除，迫出
credible	'kredәbl	a. 可信的，可靠的[法] 可信的，可靠的
pedestrian	pә'destriәn	n. 行人，步行者a. 人行的，徒步的，呆板的，通俗的，平淡无奇的
mattress	'mætris	n. 床垫，空气垫，沉床[医] 褥子，床垫
wary	'wєәri	a. 谨慎的，小心的，机警的，周到的，唯恐的
signify	'signifai	vt. 象征，预示vi. 要紧，重要
saturated	'sætʃәreitid	a. 饱和的，渗透的[医] 饱和的
embed	im'bed	vt. 使插入，使嵌入，使深留脑中[计] 嵌入
cereal	'siәriәl	n. 谷类食品，谷类植物a. 谷类的
gallon	'gælәn	n. 加仑[医] 加仑
notorious	nәu'tɒ:riәs	a. 声名狼藉的，臭名昭著的，众人皆知的
elevate	'eliveit	vt. 举起，提拔，鼓舞
loosen	lu:sn	vt. 放松，松开，解除vi. 变松，松弛
lottery	'lɒtәri	n. 奖券，彩票，运气[经] 抽彩给奖法
chore	tʃɒ:	n. 零工，家务[经] 零工
cellar	'selә	n. 地窖，地下室，藏酒
monastery	'mɒnәstәri	n. 修道院，僧侣
procession	prә'seʃәn	n. 队伍，连续，列队行进，涌出
royalty	'rɒiәlti	n. 皇室，王族成员，王权，特权阶层，庄严[经] 特许权，使用费，使用税
gauge	geidʒ	n. 标准度量，计量器vt. 精确计量，估计[计] 线规
plaster	'plæstә	n. 石膏，灰泥，安慰（缓解）用品，膏药vt. 涂以灰泥，敷以膏药，掩饰，使平服，彻底击败，减轻，粘贴
apprentice	ә'prentis	n. 学徒，生手vt. 使做学徒
inhabit	in'hæbit	vt. 居住于，占据，栖息
deprivation	.depri'veiʃәn	n. 剥夺，剥夺官职，免职[医] 丧失，剥夺，缺乏
excerpt	'eksә:pt	n. 摘录v. 引用，摘录
detain	di'tein	vt. 扣留，扣押，耽搁[法] 拘留，扣押，留住
miniature	'miniәtʃә	n. 缩图，小画像a. 小规模的，纤小的
solitary	'sɒlitәri	n. 独居者a. 孤独的，独居的
oversight	'әuvәsait	n. 勘漏，失察，失败，照料[经] 监督权
nominal	'nɒminl	a. 名义上的，名字的，有名无实的，稍许的n. 名词性词
tract	trækt	n. 大片土地，地带，小册子[医] 束，道
perch	pә:tʃ	n. 栖木，高位，杆，河鲈v. （使）栖息，就位，位于，（使）暂歇
shrine	ʃrain	n. 圣地，神龛，庙vt. 将……置于神龛内
disposition	.dispә'ziʃәn	n. 性情，处置，处理，布置[医] 素因，性情
mold	mәuld	n. 模子，模型，霉v. 形成，塑造，发霉
siege	si:dʒ	n. 包围，围攻，再三的努力vt. 包围，围攻
addict	ә'dikt	vt. 使沉溺，使上瘾n. 入迷的人，上瘾者
cushion	'kuʃәn	n. 垫子，橡皮软垫vt. 加垫褥，缓冲，掩盖
advert	әd'vә:t	vi. 提出看法，引起注意，留意n. 广告
hail	heil	n. 冰雹，致敬，欢呼，招呼vt. 向……欢呼，致敬，招呼，使象下雹样落下vi. 招呼，下雹interj. 万岁，欢迎
continuation	kәn.tinju'eiʃәn	n. 继续，续集，补编[医] 连续
naive	nɑ:'i:v	a. 天真的，纯真的，幼稚的
slab	slæb	n. 平板，厚片vt. 切成厚板，以平板盖上
arctic	'ɑ:ktik	a. 北极的，极寒的n. 北极圈，北极
certification	.sә:tifi'keiʃәn	n. 证明[经] 证明
compartment	kәm'pɑ:tmәnt	n. 分隔间，卧车包房，防水舱隔[医] 隔室，隔间
boulder	'bәuldә	n. 大圆石[机] 圆石，漂石
fracture	'fræktʃә	n. 破碎，骨折v. （使）破碎，（使）破裂
prose	prәuz	n. 散文v. 写散文a. 散文的，平凡的
utter	'ʌtә	a. 全然的，绝对的，完全的vt. 发出声音，做声，发表，发射，流通
detection	di'tekʃәn	n. 发现，察觉，探测[计] 检波; 检测
sustained	sәs'teind	a. 持续的，持久不变的，持久的，不懈的[计] 持续的
descendant	di'sendәnt	n. 后裔，子孙a. 传下的，下降的
consolidate	kәn'sɒlideit	vt. 巩固，使联合，统一vi. 巩固[计] 合并计算
scarf	skɑ:f	n. 围巾，头巾，领带，领巾，嵌接vt. 用围巾围，嵌接
shrub	ʃrʌb	n. 矮树，灌木，果汁甜酒
denote	di'nәut	vt. 指示，表示
manifestation	.mænifes'teiʃәn	n. 显示，证明，示威运动[医] 表现，表示
compost	'kɒmpәust	n. 混合物，堆肥vt. 施堆肥于
domination	.dɒmi'neiʃәn	n. 支配，控制，管辖
lethal	'li:θәl	a. 致命的n. 致死因子
slump	slʌmp	n. 暴跌，垂头弯腰的姿态vi. 猛然掉落，陷入，衰落（经济等）
provisional	prә'viʒәnl	a. 暂时的，暂定的，临时的[医] 临时的
swirl	swә:l	n. 漩涡，涡动vt. 使成漩涡vi. 打漩，盘绕，眩晕
affinity	ә'finiti	n. 吸引，姻亲关系，类同[化] 亲合力; 亲合能; 亲合势; 近似; 类似
reliance	ri'laiәns	n. 信任，信赖，受信赖的人（或事）[法] 信任，信赖，信心
affiliation	ә.fili'eiʃәn	n. 联系，从属关系[医] 父权（判定私生儿的父亲）
asteroid	'æstәrɒid	n. 小行星，海盘车a. 星状的
patronage	'pætrәnidʒ	n. 赞助，恩赐态度，光顾，任免权，保护人的身分[经] 光顾，资助，赞助
solvent	'sɒlvәnt	n. 溶剂a. 有偿付能力的，有溶解力的
meditation	.medi'teiʃәn	n. 沉思，冥想
overturn	.әuvә'tә:n	n. 倾覆，破灭，革命vt. 推翻，颠倒vi. 翻倒
peripheral	pә'rifәrәl	a. 周边的，周围的，圆周的，无关紧要的，肤浅的[医] 外周的，周围的，末梢的
empower	im'pauә	vt. 授予权力，允许，使能够[法] 授权，准许，转委
groan	grәun	n. 呻吟，叹息vi. 呻吟，抱怨，受压迫vt. 呻吟地说
saddle	'sædl	n. 鞍，马鞍，车座，鞍状物vt. 装以马鞍，使负担vi. 跨上马鞍
dwarf	dwɒ:f	n. 矮子，侏儒v. （使）变矮小
lasting	'lɑ:stiŋ	a. 永久的，永恒的，持久的n. 厚实斜纹织物
partisan	'pɑ:tizn	n. 党羽，虔诚信徒，同党，游击队员a. 党派的，偏袒的，效忠的，献身的，盲目推崇的
abundant	ә'bʌndәnt	a. 丰富的，充分的，大量的
prone	prәun	a. 俯伏的，面向下的，有……倾向的[医] 旋前的，伏的，俯的
limestone	'laimstәun	n. 石灰石[化] 石灰石; 石灰岩
crouch	'krautʃ	n. 蹲伏，蜷缩vi. 蹲下，蜷着，缩着vt. 低头
poise	pɒiz	n. 平衡，均衡，姿势，镇静，安静，砝码vt. 使平衡，使悬着，保持……姿势vi. 平衡，悬着，准备好
marital	'mæritәl	a. 丈夫的，婚姻的，夫妇间的[医] 婚姻的
pharmaceutical	,fɑ:mә'sju:tikәl	a. 药学的，制药的，药用的，药物的，药剂师的，药师的n. 药品，成药，药剂
prototype	'prәutәtaip	n. 原型[计] 样机; 原型
emit	i'mit	vt. 发出，放射，发表（意见等）, 散发，发行[化] 放射
efficacy	'efikәsi	n. 功效，效力[医] 效能，功效，效验
anthropologist	.ænθrә'pɒlәdʒist	n. 人类学家
ample	'æmpl	a. 大量的，充足的，丰富的
den	den	n. 兽穴，洞穴[法] 匪巢，贼窝
warranty	'wɒ:rәnti	n. 正当理由，授权，担保，保证，根据[经] 保单，担保书，保证书
pastry	'peistri	n. 油酥点心，面粉糕饼
deteriorate	di'tiәriәreit	v. （使）恶化
chuckle	'tʃʌkl	n. 咯咯的笑声，轻笑vi. 咯咯的笑，咕咕叫
swamp	swɒmp	n. 沼泽，进退两难的困境vt. 淹没，击溃，清除，使陷于沼泽vi. 陷于沼泽，淹没
oblige	ә'blaidʒ	vt. 强制，施恩惠于，使感激vi. 施恩惠，帮忙
bait	beit	n. 饵vt. 以饵引诱，欺负vi. 中途休息
oath	әuθ	n. 誓约，誓言，咒骂[法] 誓言，誓约，宣誓
embargo	im'bɑ:gәu	n. 封港令，禁运vt. 禁止出入港口，禁运
badge	bædʒ	n. 徽章，标记[计] 标记
slate	sleit	n. 板岩，页岩，提名名单，人选，记录，石板a. 石板色的vt. 铺石板，责骂，痛打
committed		a. 献身于某种事业的[计] 委托的
implant	im'plɑ:nt	vt. 深植，灌输，嵌入n. 植入物，植入管
blur	blә:	vt. 使模糊，弄脏vi. 弄脏，模糊
fertilizer	'fә:tilaizә	n. 肥料，促进发展者，受精媒介物[化] 肥料
gratitude	'grætitju:d	n. 感激之情
squint	skwint	n. 斜视眼，斜着a. 斜视的vt. 使变斜视眼vi. 斜视，倾向，斜行
tidy	'taidi	n. 椅子的背罩，装杂物的容器a. 整齐的，有条理的vt. 弄整齐，收拾，整理vi. 整理，收拾
premature	.premә'tjuә	a. 早产的，过早的，不成熟的n. 早产儿，过早发生的事物
dispense	dis'pens	vt. 分发，分配vi. 特许，豁免
adhere	әd'hiә	vi. 依附，粘着，坚持，追随，拥护vt. 使粘附
collaborate	kә'læbәreit	vi. 合作，勾结[法] 合作，合著，通敌
remnant	'remnәnt	n. 剩余，零料，遗迹a. 剩余的，残余的
cement	si'ment	n. 水泥，胶结剂vt. 胶合，用水泥涂vi. 黏牢
communal	'kɒmjunәl	a. 公有的，公社的[法] 公共的，自治体的，巴黎公社的
cuisine	kwi:'zi:n	n. 烹调风格，烹调法，烹饪，厨房
preside	pri'zaid	vi. 统辖，当主人，主持[法] 主持，负责，指挥
petty	'peti	a. 琐碎的，小规模的，小气的，委琐的[经] 小额的，微小的，小规模的
imminent	'iminәnt	a. 即将来临的，逼近的
advent	'ædvәnt	n. 来到，来临
devastate	'devәsteit	vt. 毁坏[法] 使荒废，毁灭，掠夺
navigate	'nævigeit	vi. 航行vt. 航行于，驾驶，操纵，使通过
sceptical	'skeptikl	a. 怀疑论的，怀疑的
robust	rәu'bʌst	a. 健康的，强健的，要用力气的，坚定的，粗野的[计] 健壮性
feasible	'fi:zәbl	a. 能实行的，可行的，适宜的[法] 可行的，可执行的，可完成的
fuss	fʌs	n. 大惊小怪，小题大作，忙乱vi. 无事自扰，焦急，焦燥，忙乱vt. 使激动，使烦燥
accessory	әk'sesәri	n. 附件，零件，附加物，从犯，同谋a. 附属的，补充的，同谋的，帮凶的，非主要的，副的[计] 附件
rotten	'rɒtn	a. 腐烂的，恶臭的，堕落的，风化的，虚弱的[经] 腐烂的，堕落的
blossom	'blɒsәm	n. 花，花开的状态，兴旺期vi. 开花，兴旺，发展
allegiance	ә'li:dʒәns	n. 忠贞，效忠
obsessed		a. 着迷的；无法摆脱的
ambiguous	æm'bigjuәs	a. 不明确的，模棱两可的[法] 意思含糊的，模棱两可的，暧昧的
generic	dʒi'nerik	a. 属类的，一般的[计] 一般的
prestigious	pre'stidʒiәs	a. 享有声望的
customary	'kʌstәmәri	a. 习惯的，惯常的[经] 通常的，习惯的
massacre	'mæsәkә	n. 大屠杀vt. 大屠杀，残杀
ditch	ditʃ	n. 沟渠vt. 在……开沟vi. 开沟
deviation	.di:vi'eiʃәn	n. 背离[化] 偏差; 误差; 偏斜
onset	'ɒnset	n. 开始，攻击，进攻[医] 起始，开始
whistle	'hwisl	n. 口哨，汽笛，啸啸声，口哨声vi. 吹口哨，鸣汽笛，发嘘嘘声vt. 用口哨或吹哨传意，用口哨演奏
bud	bʌd	n. 芽，花蕾vi. 发芽，萌芽vt. 使发芽
governance	'gʌvәnәns	n. 统治，统辖，管理[法] 统治，管理，支配
preoccupation	pri:.ɒkju'peiʃәn	n. 抢先占据，先人之见，入神[医] 成见，注意散漫，心不在焉
escort	'eskɒ:t	n. 护送者，护卫者，护航舰vt. 护卫，护送
superficial	.sju:pә'fiʃәl	n. 表面，外表a. 表面的，肤浅的，面积的
insane	in'sein	a. 患精神病的，极愚蠢的[医] 神经错乱的
plausible	'plɒ:zibl	a. 貌似真实的，貌似合理的，说得煞有其事的[法] 花言巧语的，似乎有理的
roster	'rɒstә	n. 花名册
spawn	spɒ:n	n. （鱼）卵，产物vt. 产卵，酿成，大量生产vi. 产卵，大量生产
grove	grәuv	n. 小树林
indict	in'dait	vt. 起诉，控告，指控[法] 控告，揭发，对……起诉
muddy	'mʌdi	a. 泥泞的，浑浊的，模糊的vt. 使污浊，使沾上泥污
goodwill	^jd'wil	n. 友好，好意，善意，亲善，（企业享有的）信誉，声誉[经] （企业的）商誉，信誉
trio	'tri:әu	n. 三重唱
ivory	'aivәri	n. 象牙，乳白色a. 象牙制的，乳白色的
hygiene	'haidʒi:n	n. 卫生保健，卫生学，保健法[医] 卫生，卫生学
litter	'litә	n. 垃圾，杂乱，轿，担架vt. 乱丢，铺草，弄乱vi. 产仔，乱丢垃圾
turmoil	'tә:mɒil	n. 骚动，混乱
conquest	'kɒŋkwest	n. 战胜，征服，战利品[法] 征服，赢得，获得
superiority	sju:.piәri'ɒriti	n. 优越，高傲[化] 优越性
rite	rait	n. 仪式，典礼，惯例，礼拜式
orient	'ɒ:riәnt	n. 东方，东方诸国a. 东方的vi. 向东vt. 使朝东，使适应，确定方向
amenity	ә'mi:niti	n. 便利设施，适意，礼仪[法] 舒适，方便，优雅
safeguard	'seifgɑ:d	n. 保卫，保护措施，防护设施vt. 保卫，保护
conspicuous	kәn'spikjuәs	a. 显著的，显眼的，出众的
buffer	'bʌfә	n. 缓冲器，缓冲区vt. 缓冲[计] 缓冲区，缓冲器
moan	mәun	n. 呻吟，悲叹vi. 呻吟，抱怨，悲叹vt. 呻吟着说
artillery	ɑ:'tilәri	n. 火炮，炮兵，炮术[机] 火炮，炮兵
marsh	mɑ:ʃ	n. 沼泽，湿地a. 沼泽的
retention	ri'tenʃәn	n. 保持，留置，保留，保持力，保留物，记忆，停滞，固位[计] 保贸，保持
contention	kәn'teinʃәn	n. 争论，争辩，所持的论点[计] 争用
paradox	'pærәdɒks	n. 似非而是的论点，自相矛盾的话，悖论，怪人怪事[化] 佯谬
revolt	ri'vәult	n. 叛乱，反抗，反感vi. 叛乱，反抗，起义，厌恶，反感vt. 使反感，使恶心
excursion	ik'skә:ʒәn	n. 远足，游览圆，短程旅行[医] 移动，离轨，逸出
hub	hʌb	n. 毂，木片，中心[计] 插座; 插孔; 集线器，集中器，连接器，中继站
asthma	'æsmә	n. 哮喘[医] 气喘
kin	kin	n. 亲戚，同族，血缘关系，家族a. 有亲属关系的，性质类似的，同类的
discriminate	dis'krimineit	v. 区别，差别待遇
upright	'ʌprait	a. 正直的，诚实的，公正的，垂直的，竖式的[化] 立杆
factual	'fæktʃuәl	a. 事实的，实际的[法] 事实的，与事实有关的，实际的
perimeter	pә'rimitә	n. 周长，周界，边缘[医] 周，周边，周界线; 周长; 视野计
exchequer	iks'tʃekә	n. （英国）财政部，国库[法] 国库，财源，财政法院
brace	breis	n. 支柱，曲柄，支撑，一对vt. 紧缚，支撑，激励vi. 打起精神[计] 花括号
manifesto	.mæni'festәu	n. 宣言，声明
rivalry	'raivlri	n. 竞争，对抗[医] 拮抗
firearm	'faiә'ɑ:m	n. 火器，枪炮
sermon	'sә:mәn	n. 说教，启示，布道
volatile	'vɒlәtail	a. 挥发性的，可变的，不稳定的，飞行的，轻快的，爆炸性的n. 有翅动物，挥发物[计] 易失的
hurdle	'hә:dl	n. 障碍，跳栏，临时活动篱笆vt. 用篱笆围，越过，克服
mason	meisn	n. 泥瓦匠，共济会会员vt. 用砖瓦砌成
cape	keip	n. 岬，海角，披肩，斗蓬
sturdy	'stә:di	a. 强健的，健全的[医] 羊晕倒病，羊蹒跚病
definitive	di'finitiv	n. 限定词a. 限定的，决定性的
convoy	'kɒnvɒi. kәn'vɒi	n. 护送，护卫vt. 护航，护送
propel	prәu'pel	vt. 推进，驱使[机] 推进
barrister	'bæristә	n. 出庭律师，律师[法] 律师，专门律师，大律师
enclosure	in'klәuʒә	n. 附件，围墙，围绕[化] 机壳; 外壳
pest	pest	n. 令人讨厌之物，有害之物，害虫，瘟疫[医] 鼠疫，瘟疫
scoop	sku:p	n. 铲子，勺子，穴，口，独家新闻vt. 汲取，舀取，挖空，抢先报道
nil	nil	n. 无，全无，零[法] 无，零，无有
stalk	stɒ:k	n. 茎，追踪，高视阔步vi. 悄悄靠近，蹑手蹑脚地走近，蔓延，高视阔步vt. 追踪，搜索
intimidate	in'timideit	vt. 威胁，恐吓[法] 恐吓，威胁，使恐惧
verge	vә:dʒ	n. 边缘，边界，起始点vi. 处在边缘，接近，下沉，趋向
plague	pleig	n. 瘟疫，天罚，麻烦，灾祸vt. 折磨，使苦恼，使得灾祸
expire	ik'spaiә	vi. 期满，呼气，断气vt. 呼出
flora	'flɒ:rә	n. 植物群[医] 植物区系，植物丛，植物群，菌丛
catastrophe	kә'tæstrәfi	n. 大灾难，大祸[化] 突变
withhold	wið'hәuld	vt. 使停止，扣留，保留，拒给vi. 克制，忍住
stark	stɑ:k	a. 僵硬的，完全的，刻板的，明显的，荒凉的，结实的adv. 突出地，简直，全然
lucrative	'lu:krәtiv	a. 有利益的，获利的，合算的
transcend	træn'send	vt. 超越，胜过
complementary	.kɒmpli'mentәri	a. 补充的，补足的[经] 补足的，补充的
jealousy	'dʒelәsi	n. 妒忌，猜忌，羡慕[法] 妒忌，嫉妒，猜忌
elicit	i'lisit	vt. 引出，推导出，引起
bust	bʌst	n. 半身像，胸部，失败，殴打vt. 使爆裂，使破产vi. 爆裂，破产[计] 操作错
bolster	'bәulstә	n. 支持，长枕vt. 支持，支撑
pragmatic	præ^'mætik	a. 忙碌的，爱管闲事的，自负的，固执己见的，实际的，务实的，国事的，国务的[法] 闲断的，固执己见的，实用主义的
vibrant	'vaibrәnt	a. 振动的，战栗的，响亮的，活跃的
backdrop	'bækdrɒp	n. 背景幕，背景
overlap	.әuvә'læp	n. 重叠，重复，部分的同时发生vt. 重叠，重复，与……同时发生vi. 迭盖，部分的同时发生[计] 重叠
libel	'laibәl	n. 以文字损害名誉，诽谤罪，侮辱v. 诽谤，中伤，损害名誉
foil	fɒil	n. 箔，烘托，衬托vt. 贴箔于，衬托，阻止，挡开，挫败
heave	hi:v	n. 举，抛，起伏，鼓起vt. 用力举起，使举起，使鼓起vi. 抛出，起伏，喘息，凸起
animated	'ænimeitid	a. 活生生的，能活动的，活泼的，欢快的
enduring	in'djuәriŋ	a. 持久的，忍耐的
curb	kә:b	n. 抑制，勒马绳，边石vt. 抑制，束缚，勒住
bail	beil	n. 保释，拎环，杓，栅栏vt. 保释，舀水
conquer	'kɒŋkә	vt. 克服，征服，战胜vi. 得胜
mediate	'mi:dieit	a. 居间的，间接的vt. 斡旋，调停vi. 处于中间，调解
dictator	'dikteitә	n. 命令者，独裁者
therapeutic	.θerә'pju:tik	a. 治疗的，有益于健康的[医] 治疗的; 治疗学的
symmetry	'simitri	n. 对称，匀称[化] 对称; 对称性; 对称现象
giggle	'gigl	v. 吃吃地笑，咯咯地笑n. 咯咯笑，傻笑
inhale	in'heil	vt. 吸入vi. 吸气
syllabus	'silәbәs	n. 摘要，提纲，课程表，教学大纲[医] 摘要，要目
siren	'saiәrin	n. 女海妖，妖女，警报器，汽笛，迷人的美女a. 诱惑的vi. 响着警报器前进
hiss	his	n. 嘘声，嘶嘶声vi. 发出嘘声，发嘶嘶声vt. 发嘶嘶声表示
weary	'wiәri	a. 疲倦的，萎靡的，厌倦的，厌烦的vt. 使疲倦，使厌烦vi. 疲乏，生厌，不耐烦
shudder	'ʃʌdә	n. 战栗，发抖vi. 战栗，发抖
lush	lʌʃ	a. 苍翠繁茂的，多青草的，丰富的n. 酒，酒鬼v. 饮
mourn	mɒ:n	v. 哀悼，忧伤，服丧
charitable	'tʃæritәbl	a. 大慈大悲的，宽厚的，慈善的[法] 慈善的，慷慨的，宽恕的
barbecue	'bɑ:bikju:	n. 烤肉vt. 烤肉，烧烤
indemnity	in'demniti	n. 赔偿，保障，补偿，赦免，保护[经] 赔偿，补偿，赔偿金
displace	dis'pleis	vt. 移置，替换，转移
icing	'aisiŋ	n. 糖衣，结冰
polar	'pәulә	a. 两极的，极地的，正好相反的，极性的n. 极线，极面
oracle	'ɒ:rәkl	n. 神谕，神谕处，预言
pending	'pendiŋ	a. 未决定的，待决的，行将发生的，向外伸出的prep. 在等待……之际，直到……时为止，在……期间，在……过程中
chromosome	'krәumәsәum	n. 染色体[化] 染色体
linguistics	liŋ'gwistiks	n. 语言学
void	vɒid	n. 空虚，空间，空白，空隙，空虚感a. 空的，无效的，无人的，没有的，无用的[计] 脱墨; 空白点
colon	'kәulәn	n. 冒号，结肠[医] 结肠
granite	'grænit	n. 花岗岩[化] 花岗岩
lesion	'li:ʒәn	n. 损害，身体上的伤害[医] 损害
beverage	'bevәridʒ	n. 饮料[化] 饮料（如牛奶、茶、咖啡、啤酒等）
premiere	pri'miә	v. 初次公演，首次露面n. 初次的演出a. 首次的，首位的
mimic	'mimik	a. 模仿的，摹拟的n. 效颦者，模仿者，小丑，仿制品vt. 模仿，摹拟
pierce	piәs	vt. 刺穿，穿透，打眼于，洞悉，（声音）响彻，（亮光）照进，深深地打动vi. 刺入，穿入，透入，进入
hybrid	'haibrid	n. 混血儿，杂种，混合物a. 混合的，杂种的，混合语的[计] NetWare的主机实用程序，双重用户建立程序
foul	faul	a. 污秽的，邪恶的，恶臭的，肮脏的，恶劣的，淤塞的vt. 弄脏，妨害，污蔑，犯规，淤塞vi. 腐烂，犯规，缠结adv. 违反规则地，不正当地n. 犯规，缠绕
serial	'siәriәl	n. 分期连载作品，连载小说a. 连续的，一连串的，连载的，分期偿还的[计] 连续的; 串行的
dubious	'dju:biәs	a. 可疑的，不确定的
drastic	'dræstik	a. 激烈的[医] 峻泻药，剧烈的
surpass	sә'pɑ:s	vt. 超越，凌驾，胜过
contradict	.kɒntrә'dikt	vt. 反驳，与……抵触，与……矛盾vi. 反驳
muscular	'mʌskjulә	a. 强壮的，肌肉发达的，有力的[医] 肌的; 肌肉发达的
subscribe	sәb'skraib	vt. 捐献，签署vi. 赞成，同意，捐款，预订，认购[计] 订阅
compliment	'kɒmplimәnt	n. 称赞，恭维，敬意vt. 称赞，褒扬，恭维
landfill	'lændfil	n. 垃圾堆；垃圾填埋地
commute	kә'mju:t	vt. 交换，折偿，减轻vi. 代偿，经常乘车来往
temporal	'tempәrәl	a. 时间的，暂时的，现世的，世俗的，颞的，太阳穴的n. 世间万物，教会财产
pluck	plʌk	n. 勇气，猛拉，动物内脏vt. 摘，猛拉，拔，拉，扯，采vi. 拉，拽
pressing	'presiŋ	a. 紧迫的，迫切的，热切的n. 压，压榨，冲压件，唱片
lunar	'lu:nә	a. 阴历的，月的，微亮的（指光）[医] 月的，银的
discrepancy	dis'krepәnsi	n. 不符合，差异，不相符之处[化] 不符值; 偏差值
sincere	sin'siә	a. 诚实的，正直的，真挚的，纯净的
demise	di'maiz	n. 崩，薨，死亡vt. 让渡，遗赠，转让
dismantle	dis'mæntl	vt. 拆除……的设备，分解，去除覆盖物
chant	tʃænt. tʃɑ:nt	n. 圣歌，赞美诗v. 吟唱，诵扬
tout	taut	vi. 招徕顾客，兜售物品vt. 招徕，刺探……情报n. 兜售者，侦查者
crater	'kreitә	n. 火山口，环行山，弹坑[化] 焊口; 火山石; 弧坑; 焰口
pamphlet	'pæmflit	n. 小册子，活页文选
clown	klaun	n. 小丑，乡下人
loaf	lәuf	n. 一条面包，块，游荡v. 游手好闲，虚度光阴
sow	sau. sәu	n. 母猪，懒胖女人vt. 播种，散布，使密布vi. 播种
comprehend	.kɒmpri'hend	vt. 理解，包括
prosperous	'prɒspәrәs	a. 成功的，繁盛的，幸运的[经] 繁荣的，昌盛的
squirrel	'skwә:rәl	n. 松鼠，松鼠毛皮vt. 贮藏
plight	plait	n. 困境，窘境vt. 宣誓，保证
responsive	ri'spɒnsiv	a. 回答的，应答的，易感应的
plough	plau	n. 犁，犁过的地vi. 用犁耕田，开路vt. 耕，犁，开路
pathetic	pә'θetik	a. 悲哀的，可怜的，感伤的，差劲的[医] 感情的
lurk	lә:k	n. 潜伏，潜行vi. 暗藏，潜伏，埋伏[计] 隐匿阅读
evacuate	i'vækjueit	v. 疏散，撤出，排泄
lever	'levә	n. 杠杆，似杠杆之工具vt. 撬开vi. 使用杠杆
squash	skwɒʃ	n. 挤压，压碎的东西，南瓜属植物，拥挤的人群vt. 压扁，镇压，压制vi. 被压扁，发溅泼声，挤入
famine	'fæmin	n. 饥荒，缺乏，饥饿
legion	'li:dʒәn	n. 军团，军队，众多的人
ignorant	'ignәrәnt	a. 无知识的，不知道的，由无知产生的[法] 无知的，愚昧的，不知情的
affiliate	ә'filieit	vt. 使紧密联系，使附属，接纳，收养vi. 发生联系，参加
elusive	i'lu:siv	a. 难懂的，易忘的，难以捉摸的
dodge	dɒdʒ	v. 避开，躲避n. 诡计，躲藏
susceptible	sә'septәbl	a. 易受影响的，易感动的，容许……的[法] 易感的，易受影响的，容许
immunity	i'mju:niti	n. 免疫，免疫性，免除[化] 免疫性
speculative	'spekjuleitiv	a. 思索性的，投机的，推测的[经] 投机的，冒险的
formality	fɒ:'mæliti	n. 礼节，拘谨，正式手续[化] 克式浓度
dedication	.dedi'keiʃәn	n. 奉献，献身，献辞[计] 专用
tornado	tɒ:'neidәu	n. 旋风，龙卷风，大雷雨
sinister	'sinistә	a. 不吉利的，凶恶的，左边的[医] 左的
cuff	kʌf	n. 袖口，一巴掌vt. 用巴掌打vi. 殴斗
farewell	'fєә'wel	n. 辞别，再见，再会interj. 再会
withstand	wið'stænd	vt. 抵住，顶住，经得起
earring	'iәriŋ	n. 耳环，耳饰
extinction	ik'stiŋkʃәn	n. 消失，消灭，废止[化] 消光; 熄灭
rein	rein	n. 缰绳，统治，支配vt. 驾驭，以缰绳控制，控制vi. 勒住马
crest	krest	n. 冠，饰毛，头盔的顶部vi. 到达绝顶vt. 加以顶饰
suffice	sә'fais	vi. 足够，有能力vt. 满足
slack	slæk	n. 松弛，松懈，淡季，闲散，家常裤a. 松弛的，不流畅的，疏忽的，无力的，呆滞的，软弱的，漏水的adv. 马虎地，缓慢地vt. 放松，使缓慢vi. 松懈，减弱，松弛
impetus	'impitәs	n. 动力，推动力，动量[医] 冲动，动能，起始（病）
lumber	'lʌmbә	n. 木材，破旧家俱，废物，隆隆声vt. 砍伐木材，乱堆vi. 笨拙地移动，喧闹地向前走，隆隆地移动
glossy	'glɒ:si	a. 平滑的，有光泽的
gloomy	'glu:mi	a. 抑沉的，忧闷的，黑暗的，悲观的
benign	bi'nain	a. 善良的，良性的[医] 良性的
climax	'klaimæks	n. 高潮，极点，层进法v. （使）达到顶点，（使）达到高潮
kidnap	'kidnæp	vt. 绑架，诱拐，拐骗[法] 拐带，诱拐，绑架
imitation	.imi'teiʃәn	n. 模仿，效法，冒充，赝品[医] 模仿，仿制，仿制品
harden	hɑ:dn	vt. 使变硬，使坚强，使冷酷vi. 变硬，变冷酷
apt	æpt	a. 有……倾向的，易于的，恰当的，聪明的[计] 自动数控语言，自动图象传输，自动程序控制，自动程序设计工具
earnest	'ә:nist	n. 定金，诚挚，认真a. 认真的，热心的，重要的
hurl	hә:l	n. 用力的投掷vt. 用力投掷，发射，愤慨地说出，丢下vi. 猛投，猛掷
grievance	'gri:vәns	n. 委屈，冤情，苦况[经] 不满（对雇用条件的）
preclude	pri'klu:d	vt. 预先排除，预防，阻止，妨碍[法] 预防，排除，消除
irritation	.iri'teiʃәn	n. 刺激，烦恼，刺激物[医] 刺激[作用], 兴奋
staple	'steipl	n. 主要产物，常用品，主要要素，原料，订书钉，钩环a. 主要的，重要的vt. 分级，钉住
plaque	plɑ:k	n. 匾，饰板，名牌，勋章，胸襟饰物，血小板
autobiography	.ɒ:tәubai'ɒgrәfi	n. 自传
stagger	'stægә	n. 蹒跚，踌躇vi. 蹒跚，犹豫vt. 使摇摆，使踌躇，交错，错开a. 交错的，错开的
dune	dju:n	n. 沙丘
rinse	rins	n. 清洗，染发，染发剂vt. 以清水冲洗，漱，漂清vi. 被漂净
coarse	kɒ:s	a. 粗糙的，下等的，粗俗的[计] 粗略的
relentless	ri'lentlis	a. 无情的，冷酷的，残酷的
crumble	'krʌmbl	v. （使）粉碎，（使）成为碎屑，瓦解，崩溃，败落
vampire	'væmpaiә	n. 吸血鬼[医] 吸血蝙蝠
canopy	'kænәpi	n. 天篷，遮篷，苍穹vt. 用天蓬遮盖
maternal	mә'tә:nl	a. 母亲的，母系的，母方的[医] 属母的，母的，母性的
deception	di'sepʃәn	n. 欺骗，诡计[法] 瞒骗，诈欺，欺骗
herald	'herәld	n. 使者，传令官，先驱vt. 预报，宣布，传达，欢呼
blunt	blʌnt	a. 钝的，坦率的，麻痹的
excel	ik'sel	vt. 胜过，优于，擅长vi. 胜过其他
graze	greiz	n. 吃草，放牧，擦伤，轻擦v. （使）吃草，放牧，轻擦，擦伤
astronomical	.æstrә'nɒmikl	a. 天文学的，庞大的
authoritarian	ɒ:.θɒri'tєәriәn	a. 独裁的，独裁主义的
hue	hju:	n. 样子，色度，色彩，叫声，色调[计] 色调
compass	'kʌmpәs	n. 指南针，范围，音域vt. 包围，达到，图谋，理解
disparity	dis'pæriti	n. 不一致[医] 差异，不等
spacious	'speiʃәs	a. 广大的，宽广的
intercept	.intә'sept	n. 截取，妨碍，截距vt. 拦截，阻止，截取
restless	'restlis	a. 不安静的，慌张的，休息不充分的[医] 不安静的，不宁的
dire	daiә	a. 可怕的，悲惨的，阴沉的，极端的
celebrated	'selibreitid	a. 驰名的，有名的
glide	glaid	n. 滑动，滑过，流水vi. 滑动，滑翔，溜走，流逝vt. 使滑动
radius	'reidiәs	n. 半径，范围，辐射光线[电] 半径
hymn	him	n. 赞美诗，圣歌v. 唱赞美歌
novice	'nɒvis	n. 新手，初学者
plaza	'plɑ:zә	n. 广场，市场，购物区
awe	ɒ:	n. 敬畏vt. 使敬畏
contradictory	.kɒntrә'diktәri	a. 反驳的，反对的，抗辩的n. 矛盾因素，对立物
myriad	'miriәd	n. 无数，无数的人（或物）a. 无数的，种种的
residual	'rezidju:l	a. 残渣的，剩余的n. 残渣，剩余，余数
folder	'fәuldә	n. 文件夹，折纸机，折叠式书本，卷宗[计] 文件夹
equate	i'kweit	vt. 使相等，视为平等vi. 等同
deterioration	di.tiәriә'reiʃәn	n. 恶化，衰退，退化[医] 变坏，变质，颓废，衰退
antenna	æn'tenә	n. 天线，触须，触角[化] 天线
shuffle	'ʃʌfl	n. 拖着脚走，曳步，混乱，蒙混，洗纸牌v. 拖曳，马虎地做，笨手笨脚地穿（脱）衣，推诿，洗牌[计] 混洗
abusive	ә'bju:siv	a. 恶言谩骂的，被滥用的，腐败的，虐待的
sovereign	'sɒvrin	n. 元首，独立国a. 具有主权的，至高无上的，国王的，完全的
airborne	'єәbɒ:n	a. 升空的，空运的，空中传播的，空降的
groove	gru:v	n. 凹槽，惯例，理想境况vt. 开槽于
harass	'hærәs	vt. 使困扰，使烦恼，折磨
purity	'pjuәrәti	n. 纯净，纯正，纯粹[化] 纯度
embarrass	im'bærәs	vt. 使困窘，使局促不安，阻碍
pastoral	'pæstәrәl	n. 牧歌，田园诗a. 牧人的，田园生活的，牧师的，田园式的
paralyze	'pærәlaiz	vt. 使瘫痪，使麻痹[医] 使麻痹，使瘫痪
thermal	'θә:ml	a. 热的，热量的，温泉的n. 上升温暖气流
fasten	'fɑ:sәn	vt. 拴紧，使固定，系，集中于，强加于vi. 扣紧
estuary	'estjuәri	n. 河口，港湾
prophet	'prɒfit	n. 预言者，先知，提倡者
daft	dɑ:ft. dæft	a. 愚笨的，癫狂的，狂闹的
affluent	'æfluәnt	a. 丰富的，富裕的n. 支流，富人
terminology	.tә:mi'nɒlәdʒi	n. 术语，术语学[医] 名词学，命名法
exacerbate	ek'sæsәbeit	vt. 使恶化，使增剧，激怒，使加剧
tangible	'tændʒәbl	n. 可触知的东西，有形资产a. 可触摸的，有实体的，非相像的，有形的，明确的
feat	fi:t	n. 壮举，功绩，技艺表演a. 灵巧的，合适的，整洁的
militant	'militәnt	a. 好战的
seam	si:m	n. 缝合线，衔接口，接缝，线缝，伤疤vt. 缝合，接合，焊合，使留下伤痕vi. 裂开，发生裂痕
hardy	'hɑ:di	a. 难的，艰苦的，坚硬的，勇敢的adv. 努力地，辛苦地，坚硬地
writ	rit	n. 令状，文书，文件，书面命令[经] 法院命令
mortar	'mɒ:tә	n. 臼，研钵，灰泥vt. 用灰泥涂抹，用灰泥结合
dialect	'daiәlekt	n. 方言，同源语
huddle	'hʌdl	n. 杂乱一团，混乱，拥挤vt. 把……挤在一起，乱堆，草率了事，蜷曲vi. 挤作一团，蜷缩
attic	'ætik	n. 阁楼，顶楼[医] 鼓室上隐窝
infer	in'fә:	vt. 推论出，推断vi. 作推论
constellation	.kɒnstә'leiʃәn	n. 星座，荟萃[化] 构象
maneuver	mә'nu:vә	n. 演习，调遣，策略v. 调遣，演习，用计
fort	fɒ:t	n. 堡垒，要塞，易货站vt. 设要塞保卫vi. 设要塞
pirate	'paiәrәt	n. 海盗，盗印者，侵犯专利权者vt. 盗印，掠夺，翻印vi. 做海盗，从事劫掠
crumb	krʌm	n. 碎屑，面包屑，少许vt. 捏碎，弄碎
reed	ri:d	n. 芦苇，芦笛，簧舌，纤弱的人vt. 用芦苇盖，用小凸嵌线装饰
allergy	'ælәdʒi	n. 变应性，反感，厌恶[化] 变态反应; 变应性
dart	dɑ:t	n. 飞镖，投射vt. 投射vi. 疾走，突进
wax	wæks	n. 蜡，蜡状物，一阵发怒，增加，（月亮）渐盈vi. 变大，增大，月亮渐满vt. 上蜡于
levy	'levi	n. 税款，所征的人数，征收vi. 征税，课税vt. 征收，强求，召集
felony	'felәni	n. 重罪[法] 重罪，重刑罪
battalion	bә'tæljәn	n. 营，军队，集团
induction	in'dʌkʃәn	n. 归纳法，感应，就职，入门[计] 归纳法
delta	'deltә	n. 三角洲，希腊字母的第四个字[医] δ（希腊文的第四个字母）, 丁种，三角，三角形区
orchard	'ɒ:tʃәd	n. 果园，果树林
exemplify	ig'zemplifai	vt. 例证，例示[法] 制作经公章证明的誊本，例证
intricate	'intrikit	a. 复杂的，错综的，缠结的，难懂的
construe	kәn'stru:	vt. 解释，分析，对……逐字直译vi. 作句法分析n. 直译
mural	'mjuәrәl	a. 壁的，壁上的，壁似的n. 壁画
excise	ek'saiz	n. （烟、酒等）消费税，货物税，国产税vt. 切除
adjourn	ә'dʒә:n	vi. 休会，换地方vt. 使中止，推迟
microscope	'maikrәuskәup	n. 显微镜[化] 显微镜
parasite	'pærәsait	n. 寄生生物，寄生虫，食客[医] 寄生物; 寄生胎
frenzy	'frenzi	n. 疯狂，狂暴，狂怒[医] 暴怒，狂乱
latent	'leitnt	a. 潜伏性的，隐藏的n. 隐约指纹
veto	'vi:tәu	n. 否决权vt. 否决，禁止
shack	ʃæk	n. 陋屋，棚屋vi. 居住，暂住
foliage	'fәuliidʒ	n. 树叶，植物
archaeology	.ɑ:ki'ɒlәdʒi	n. 考古学
insurgent	in'sә:dʒәnt	a. 谋叛的，起义的，澎湃的n. 起义者，叛乱者
setback	'setbæk	n. 挫折，退步，逆流
veil	veil	n. 面纱，面罩，借口，幕，帐，遮蔽物vt. 戴面纱，隐藏，遮蔽，掩饰vi. 蒙上面纱
gentry	'dʒentri	n. 贵族们
crusade	kru:'seid	n. 改革运动，十字军东侵vi. 从事改革运动，加入十字军
deposition	.depә'ziʃәn	n. 免职，作证，沉淀[化] 沉积
scripture	'skriptʃә	n. 圣经，圣经的一节，圣经的一句，铭文
torso	'tɔ:sәu	n. 躯干，裸体躯干雕像[医] 躯干
invoice	'invɒis	n. 发票，发货单v. 开发票，记清单
ginger	'dʒindʒә	n. 姜，精力，姜黄色a. 姜黄色的vt. 用姜调味，使活泼，使有生气
friction	'frikʃәn	n. 摩擦，摩擦治疗，不和[医] 摩擦
aerial	'єәriәl	a. 空中的，航空的，空气的，空想的n. 天线
flicker	'flikә	n. 闪烁，闪光，颤动vi. 闪动，闪烁，摇动，扑动翅膀vt. 使摇曳，使闪烁
lateral	'lætәrәl	n. 侧部，支线，边音a. 侧面的，旁边的
cardinal	'kɑ:dinәl	n. 红衣主教，鲜红色a. 主要的，深红色的
forensic	fә'rensik	a. 辩论的，法院的，关于法庭的n. 辩论练习
unleash	.ʌn'li:ʃ	vt. 解开……的皮带，发出，发动
dispatch	dis'pætʃ	vt. 派遣n. 派遣，急件[计] 调度
mare	mєә	n. 母马，母驴，月球表面阴暗部[法] 海
hatch	hætʃ	n. 孵化，舱口vt. 孵，孵出，策划vi. 孵化
arthritis	ɑ:'θraitis	n. 关节炎[医] 关节炎
genome	'dʒi:nәum	[化] 基因组[医] 染色体组
cram	kræm	vt. 塞满，填满，猛吃vi. 贪吃n. 极度拥挤，死记硬背
spike	spaik	n. 长钉，鞋钉，钉状物，尖峰状物，穗vt. 以大钉钉牢，用尖物刺穿，阻止，弃置不用[计] 尖峰信号
palette	'pælit	n. 调色板，颜料[计] 调色板
lament	lә'ment	n. 悲叹，悔恨，恸哭，挽歌，悼词vt. 哀悼vi. 悔恨，悲叹
ignite	ig'nait	vt. 点燃，使灼热，使兴奋
alternate	'ɒ:ltәnәt	a. 交替的，轮流的，间隔的v. 轮流，（使）交替
bully	'buli	n. 欺凌弱小者，土霸vt. 威胁，恐吓，欺负vi. 欺负a. 特好的，第一流的adv. 十分
bracelet	'breislit	n. 手镯[医] 手镯，腕带，腕纹（掌侧横列腕部的线纹）
contaminate	kәn'tæmineit	vt. 弄污，弄脏，污染，毒害[化] 污染
veterinary	'vetәrinәri	a. 兽医的n. 兽医
unification	.ju:nifi'keiʃәn	n. 统一，联合，一致[医] 连结; 统一
corpus	'kɒ:pәs	n. （事物的）主体，文集，本金，语料库[医] 体
sober	'sәubә	a. 未醉的，稳重的，节制的，严肃的，不夸大的，合理的，朴素的vt. 使醒酒，使严肃vi. 从醉里醒来，变严肃
peek	pi:k	vi. 偷看，窥视n. 偷看，看一眼
clasp	klɑ:sp	n. 扣子，钩，紧握v. 扣紧，紧握
flatten	'flætn	vi. 使……不活跃，变平vt. 弄平，打倒，使失去光泽
glowing	'glәuiŋ	a. 白热的，灼热的，通红的，鲜艳的[化] 辉光
impair	im'pєә	vt. 损害，减少，削弱[法] 损害，伤害，减少
razor	'reizә	n. 剃刀vt. 剃
frantic	'fræntik	a. 狂乱的，疯狂的
reclaim	ri'kleim	vt. 开垦，改造，感化，纠正，回收vi. 喊叫，抗议
sewer	'su:ә	n. 下水道，阴沟，裁缝师vt. 用下水道排，铺设下水道于
fertile	'fә:tail	a. 可繁殖的，肥沃的，生产多的[医] 能生育的
wield	wi:ld	vt. 挥舞，运用
hepatitis	.hepә'taitis	n. 肝炎[医] 肝炎
timely	'taili	a. 及时的，适时的adv. 及时地
disgust	dis'gʌst	n. 厌恶，嫌恶vi. 令人厌恶vt. 使作呕
larva	'lɑ:vә	n. 幼虫[医] 幼虫（昆虫）, 蚴（蠕虫）
mumble	'mʌmbl	n. 喃喃而语，咕哝v. 喃喃而语，咕哝
capsule	'kæpsju:l	n. 胶囊，蒴果，瓶帽，航天舱[化] 胶囊剂
insulin	'insjulin	n. 胰岛素[化] 胰岛素
persistence	pә'sistәns	n. 固执，坚持不懈，持续（性）, 存留（状态）[电] 持久
liberate	'libәreit	vt. 解放，释放，使自由[机] 释出，放出
anonymity	.ænә'nimiti	n. 匿名，姓氏不明[计] 匿名信件
assay	ә'sei	n. 试验，化验，分析vt. 化验，分析，评价，尝试vi. 被验明内含成分
topple	'tɒpl	vt. 推翻，颠覆vi. 倒塌，摇摇欲坠
almond	'ɑ:mәnd	n. 杏仁[化] 杏仁
validate	'vælideit	vt. 使有效，使生效，确认，证实，验证[计] 验证
idle	'aidl	a. 懒惰的，闲散的，停顿的，空闲的，无用的vi. 无所事事，闲散，浪费，空转vt. 虚度，使闲散，使空转n. 空转，空闲时间[计] 空闲时间
reel	ri:l	n. 卷轴，一卷，纺车，旋转，蹒跚vt. 卷……于轴上，绕，使旋转vi. 蹒跚地走，旋转，眩晕，摇晃，退缩[计] 卷; 盘
recollection	.rekә'lekʃәn	n. 记忆，回想，回忆
preview	'pri:vju:	n. 事先查看，预览vt. 事先查看，预演[计] 预览
alleviate	ә'li:vieit	vt. 减轻，使缓和
plank	plæŋk	n. 厚木板，支架，木板制品，冲浪板，救急物，政纲条目vt. 在……上铺板，撂下，立即付款
disregard	.disri'gɑ:d	n. 忽视，漠视vt. 忽视，不顾
protagonist	prәu'tægәnist	n. 主人公，主角，领导者
detach	di'tætʃ	vt. 使分离，分遣[机] 摘下，分离，卸下
hinder	'hindә	a. 后面的v. 阻碍，打扰
sprawling		a. 蔓生的，不规则地伸展的
taking	'teikiŋ	n. 取得，捕获，进款a. 迷人的，可爱的，会传染的
mock	mɒk	n. 嘲笑，戏弄，模仿a. 假的，伪造的，模拟的adv. 虚伪地vt. 嘲弄，模仿，使失望，欺骗，挫败vi. 嘲弄
escalate	'eskәleit	vi. 逐步扩大，逐步升高，逐步增强vt. 使逐步上升
scrub	skrʌb	n. 用力擦洗，矮树，矮人，渺小之物vt. 用力擦洗，擦掉，摩擦vi. 擦洗干净，进行手臂消毒a. 次等的，矮小的，非正规球队的，临时凑合的
indifferent	in'difәrәnt	a. 漠不关心的，无重要性的，中立的[医] 中性的，无作用的，无亲和力的，淡漠的
detached	di'tætʃt	a. 超然的，分离的，冷淡的[法] 分遣的，派遣的，分离的
stubborn	'stʌbәn	a. 顽固的，不听话的，执拗的，棘手的
rubble	'rʌbl	n. 粗石，碎砖，粗石堆
tentative	'tentәtiv	n. 试验a. 试验性的，暂时的
avert	ә'vә:t	vt. 转开，避免，防止
cavity	'kæviti	n. 洞，空穴，腔[化] 空穴
conjunction	kәn'dʒʌŋkʃәn	n. 连接词，联合，结合[计] 合取
novelty	'nɒvәlti	n. 新奇，新鲜，新奇的事物
conjure	'kʌndʒә	vt. 念咒文召唤，变戏法，想象vi. 变戏法，施魔法
packed		a. 充满……的，满座的，挤得满满的，压坚实的，塞满了……的，挤满了人的，拥挤的[计] 压缩的，装配的
outskirts	'autskә:ts	n. 近郊，市郊
mend	mend	n. 改进，修补，好转vt. 修改，改进，加快，修理vi. 好转，改善
blueprint	'blu:'print	n. 蓝图，设计图，（周详的）计划vt. 制成蓝图，计划
animation	.æni'meiʃәn	n. 活泼，生气，激励，卡通制作[计] 动画
nude	nju:d	a. 裸的，肉色的，无装饰的n. 裸体画，裸体
vicinity	vi'siniti	n. 附近，邻近，附近地区，近处[法] 附近，邻近，附近地区
menace	'menis	n. 威胁，胁迫v. 威吓，胁迫
breadth	bredθ	n. 宽度[法] 违背，违犯，未遵守
empathy	'empæθik	n. 移情作用，共鸣[医] 移情，神入
rehearse	ri'hә:s	vt. 预演，排演，使熟练掌握，练习，复述vi. 排练，练习，演习
reap	ri:p	vt. 收割，收获，获得vi. 收割，得到报应
fume	fju:m	n. 臭气，烟，激怒vt. 熏vi. 冒烟
arrogant	'ærәɡәnt	a. 自大的，傲慢的
facade	fә'sɑ:d	n. 建筑物的正面，外观，表面
generosity	.dʒenә'rɒsiti	n. 慷慨，宽大
vent	vent	n. 排气口，出口，通风孔，发泄vt. 发泄，排出，给……开孔
peril	'peril	n. 危险，冒……之险，险境，险因vt. 置……于险境，冒险，危及
bruise	bru:z	n. 青肿，挫伤，擦伤vi. 受伤，擦伤vt. 使受伤，研碎
stifle	'staifl	vt. 使窒息，抑止，扼杀vi. 窒息，被扼杀
wade	weid	vi. 跋涉vt. 涉水n. 跋涉，浅滩
savage	'sævidʒ	a. 未开化的，野蛮的，无礼的，残酷的，原始的，粗鲁的，未开发的vt. 用暴力对付，凶猛攻击n. 原始人，粗鲁人
bankrupt	'bæŋkrʌpt	n. 破产者a. 破产的vt. 使破产
conserve	kәn'sә:v	n. 蜜饯，果酱vt. 保存，使（能量等）守恒
genetics	dʒi'netiks	n. 遗传学[化] 遗传学
demanding	di'mɑ:ndiŋ	a. 要求高的，费力的
perpetuate	pә'petjueit	vt. 使永存，使不朽，保持
relic	'relik	n. 遗物，遗迹，纪念物，遗风，残留物
dilute	dai'lju:t	vt. 冲淡，稀释a. 淡的，稀释的
brink	briŋk	n. 边缘，陡岸
ordeal	ɒ:'di:l	n. 严酷考验，痛苦经历，煎熬[法] 神裁判法，严酷的考验，痛苦的经验
reiterate	ri:'itәreit	vt. 反复地说，重申，反复地做[法] 重述，重申，反覆地做
obstruction	әb'strʌʃәn	n. 障碍，妨碍，闭塞物[医] 梗阻，不通
eccentric	ik'sentrik	n. 怪人，偏心圆a. 古怪的，反常的，不同圆心的
recede	ri'si:d	vi. 向后退，退却，收回，降低，减弱[医] 退缩
abound	ә'baund	vi. 大量存在，富于，充满
discreet	dis'kri:t	a. 小心的，慎重的
plummet	'plʌmit	n. 测深锤，铅坠vi. 垂直落下
boredom	'bɒ:dәm	n. 厌烦，厌倦，令人厌烦的事物
lust	lʌst	n. 贪欲，欲望，色欲vi. 贪求，渴望，动淫念
maze	meiz	n. 迷宫，迷惘vt. 使迷惘，使混乱，迷失
watershed	'wɒtәʃed	n. 流域，分水岭[医] 分水界，分水岭
gem	dʒem	n. 珠宝，宝石，珍贵之物vt. 饰以宝石
pronounced	prә'naunst	a. 发出音的，读出来的，显著的，断然的，明显的[法] 显著的，明显的，明确的
implicate	'implikeit	vt. 涉及，含意，暗示，牵连n. 包含的东西
demolition	.demә'liʃәn	n. 破坏，毁坏，撤销[经] 拆毁（除，破坏）
gutter	'gʌtә	n. 排水沟，槽，贫民区vt. 开沟于vi. 流[计] 装订线
outgoing	'autgәuiŋ	n. 外出，开支，流出a. 喜欢外出的，即将离职的，乐于助人的
adore	ә'dɒ:	vt. 崇拜，爱慕，喜爱vi. 崇拜，爱慕
literal	'litәrәl	a. 逐字的，字面上的，文字的，字母的n. 印刷错误[计] 文字; 直接量; 字面量; 句节
slippery	'slipәri	a. 滑的，光滑的，靠不住的，圆滑的，不稳固的[法] 狡猾的，不可靠的，不安定的
mesh	meʃ	n. 网孔，网丝，网眼，网状物，圈套，陷阱，啮合vt. 以网捕捉，啮合，使缠住vi. 落网，相啮合
discern	di'zә:n	v. 辨别，看清楚，了解
solicit	sә'lisit	v. 请求，乞求，招揽，征求
anguish	'æŋgwiʃ	n. 剧痛，痛苦vt. 使极痛苦vi. 感到痛苦
nasal	'neizl	a. 鼻的，鼻声的，尖锐的n. 鼻音，鼻音字
informed	in'fɒ:md	a. 见多识广的
dismay	dis'mei	n. 沮丧vt. 使惊愕，使气馁
nudge	nʌdʒ	n. 用肘轻推，推动，讨厌家伙
pinch	pintʃ	n. 捏，拧，撮，少量，收缩，挤压，夹痛，苦恼，逮捕，指控，匮乏，紧急关头vt. 捏，拧，掐，挤压，修剪，使困苦，使萎缩，节制，少量加入，逮捕，勒索vi. 收缩，节省，挤压，引起苦恼
trajectory	trә'dʒektri	n. 轨道，弹道，轨线[化] 轨道
annoy	ә'nɒi	vt. 使恼怒，骚扰
deduce	di'dju:s	vt. 推论，演绎出[法] 推断，推出，演绎
observatory	әb'zә:vәtәri	n. 天文台，气象台，了望台
recess	ri'ses	n. 休息，休会，放假，凹进处，深处vt. 使凹进vi. 休假，休息
peninsula	pi'ninsjulә	n. 半岛，突出的地方，伊比利亚半岛
culinary	'kʌlinәri	a. 厨房的，烹调用的
saga	'sɑ:gә	n. 传说，英雄传奇，冒险故事
winding	'waindiŋ	n. 绕，卷，弯曲，线圈a. 蜿蜒的，卷绕的，弯曲的
degradation	.degrә'deiʃәn	n. 降格，堕落，退化[计] 降级
relish	'reliʃ	n. 滋味，风味，美味，爱好，食欲，调味品vt. 调味，喜欢，玩味vi. 有味道
pedal	'pedl	n. 踏板，脚蹬子a. 脚的，脚踏的vt. 用脚踏动vi. 踩踏板，骑车
frail	freil	a. 脆弱的，虚弱的，意志薄弱的n. 少女，少妇，灯心草篓
irritate	'iriteit	vt. 激怒，使发怒，使兴奋，使发炎vi. 引起不快
repertoire	'repәtwɑ:	n. 全部剧目，全部技能，全部节目，全部作品
incompatible	.inkәm'pætәbl	a. 不相容的，不能并存的，矛盾的[化] 不协调
scrutinize	'skrutinaiz	vt.vi. 细看，仔细检查，审查，细阅[法] 细看，细阅，仔细检查
wretched	'retʃid	a. 可怜的，不幸的，卑鄙的
psyche	'psaiki	n. 灵魂，精神，普赛克（希腊神话中人类灵魂的化身）[医] 精神，心灵
loft	lɒft	n. 阁楼，鸽房，楼上vt. 储存于阁楼上vi. 将球高击
crate	kreit	n. 板条箱，装货箱[建] 篓，筐
penetration	.peni'treiʃәn	n. 穿透，渗透，侵入，识穿，洞察（力）[化] 渗入
disciple	di'saipl	n. 弟子，门徒
marvel	'mɑ:vl	n. 奇异事物，罕见例子vt. 惊异于vi. 惊异
ceramic	si'ræmik	a. 陶瓷的n. 陶瓷制品
undesirable	.ʌndi'zaiәrәbl	a. 不受欢迎的，不合乎社会道德标准的[法] 不受欢迎的人，不良份子，不法份子
compassionate	kәm'pæʃәnit	a. 慈悲的，富于同情心的，照顾性的vt. 怜悯，同情
convene	kәn'vi:n	vt. 集合，召集，召唤vi. 聚集，集合
wrinkle	'riŋkl	n. 皱纹，妙计，方法，技巧vi. 起皱vt. 使起皱纹
glamorous	'glæmәrәs	a. 富有魅力的，迷人的
aspire	ә'spaiә	vi. 渴望，立志于
deserted	di'zә:tid	a. 被遗弃的，废弃的[法] 被遗弃的，无人的，放弃的
bluff	blʌf	n. 断崖，绝壁，吓唬a. 直率的v. 吓唬，欺骗
flare	'flєә	n. 闪光，闪耀vi. 闪光，闪耀vt. 用发光信号发出，使闪耀，使张开
slick	slik	a. 光滑的，熟练的，聪明的，华而不实的，老套的，陈腐的adv. 灵活地，聪明地vt. 使光滑，使漂亮vi. 打扮整洁n. 光滑平面，平滑器，修光工具
inscription	in'skripʃәn	n. 题字，碑铭[医] 划，药量记载
overt	'әuvә:t	a. 明显的，公然的，蓄意的[法] 明显的，公开的
coronation	.kɔ:rә'neiʃәn	n. 加冕礼
confide	kәn'faid	vt. 吐露，委托vi. 信赖
squat	skwɒt	n. 蹲，窝a. 蹲着的，矮胖的vi. 蹲下，蹲坐，蹲伏vt. 使蹲下，擅自占有
fumble	'fʌmbl	n. 摸索，笨拙的行动，漏球vt. 摸索，乱摸，笨拙的处理，漏接（球）vi. 摸索，笨手笨脚，漏球
affected	ә'fektid	a. 假装的，做作的，受影响的
simultaneous	.simәl'teinjәs	a. 同时的，同时发生的[计] 同时的
evaporate	i'væpәreit	vi. 蒸发，失去水分，消失vt. 使蒸发，使脱水，使消失
genesis	'dʒenisis	n. 发生，起源，创世记[医] 生殖，发生
succumb	sә'kʌm	vi. 屈从，屈服，死
seasoned	'si:znd	a. 经验丰富的，老练的
simulate	'simjuleit	vt. 模拟，假装，模仿[法] 伪装的，模拟的; 假装的，伪装的，冒充
stature	'stætʃә	n. 身材，身高，高度[医] 身材，身高
optimum	'ɒptimәm	n. 最适条件，最佳效果a. 最优的，最适宜的
intrigue	in'tri:g	n. 阴谋，复杂的事vi. 密谋，私通vt. 激起……的兴趣，用诡计取得
grenade	gri'neid	n. 手榴弹
wink	wiŋk	n. 眨眼，使眼色，瞬间vi. 眨眼，使眼色，闪烁vt. 眨
anomaly	ә'nɒmәli	n. 不规则，反常事物，畸形[医] 异常，反常
stellar	'stelә	a. 星的，似星的，星球的，主要的
incumbent	in'kʌmbәnt	a. 现任的，依靠的，负有义务的n. 领圣俸者，在职者
intuition	.intju:'iʃәn	n. 直觉，直觉的知识
roundabout	'raundә.baut	a. 迂回的，委婉的n. 迂回路线
proceeds	'prәusi:dz	pl. 收益[经] 收入，收款，所得
whine	hwain	n. 哀叫声，嘎嘎声，哀鸣vi. 哭诉，嘎嘎响，发呜呜声vt. 哀诉
fetus	'fi:tәs	n. 胎儿[医] 胎，胎儿
catalyst	'kætәlist	n. 触媒，接触剂，催化剂，刺激因素，促进因素[计] 催化剂
extremist	iks'tri:mist	[经] 偏激份子
ordinance	'ɒ:dinәns	n. 法令，条例，圣餐礼[经] 法令，条款，条例
grease	gri:s	n. 脂肪，兽脂，油脂，贿赂vt. 涂脂于，贿赂
tonic	'tɒnik	n. 补药，（音乐）主调音或基音a. 滋补的，声调的，使精神振作的
hawk	hɒ:k	n. 鹰，掠夺者，鹰派成员vi. 放鹰行猎，像鹰一般地袭击，清嗓，咳嗽vt. 捕捉，咳出，兜售，叫卖，散播
commemorate	kә'memәreit	vt. 纪念
deduct	di'dʌkt	vt. 扣除，减去[经] 扣除，减去，折扣
mantle	'mæntl	n. 斗篷，罩子，披风vt. 罩住，覆盖vi. 覆盖，脸红
vault	vɒ:lt	n. 拱顶，窖，地下室，撑竿跳，穹窿vt. 做成圆拱形，撑竿跳过vi. 成穹状弯曲，跳跃
capitalize	kә'pitәlaiz	vt. 以大写字母写，使资本化，估计……的价值[经] 资本化，收益的现值化
sift	sift	vt. 筛，过滤，撒，详查vi. 筛，被筛下，精选
despise	di'spaiz	vt. 轻视
podium	'pәudiәm	n. 墩座，矮隔墙，指挥台[医] 足，吸足
hoop	hu:p	n. 箍，铁环，呼呼声vt. 加箍于，包围vi. 发呼呼声
ascribe	ә'skraib	vt. 归因于，归咎于[法] 归咎于
martial	'mɑ:ʃәl	a. 战争的，军事的，尚武的，威武的[医] 含铁的
pastel	pæ'stel	n. 粉蜡笔，粉蜡笔画，随笔a. 彩色蜡笔的，蜡笔画的，柔和的，纤弱的
presenter	pri'zentә	n. 节目主持人，奉献者，提出者[法] 告发者，提出者，推荐者
jeopardize	'dʒepәdaiz	vt. 危害，使受危困，使陷危地
sprout	spraut	n. 芽，萌芽vt. 使发芽，摘去芽vi. 长芽，抽条
ragged	'rægid	a. 衣衫褴褛的，参差不齐的，不协调的，粗糙的，刺耳的
latitude	'lætitju:d	n. 纬度，范围[化] 宽容度; 伟度
maritime	'mæritaim	a. 海的，海上的，海事的，沿海的，海员的[经] 海事的，海上的，海员的
yearn	jә:n	vi. 渴望，想念，怀念，同情
ceramics	si'ræmiks	n. 制陶术[化] 陶瓷学
adorn	ә'dɒ:n	vt. 装饰，使生色
unify	'ju:nifai	v. 统一，使成一体
apron	'eiprәn	n. 围裙[医] 围裙
inaugural	i'nɒ:gjurәl	a. 就任的，开幕的n. 就职演讲
guru	'guru:	n. 古鲁（印度教导师）[医] 柯拉子
quartet	kwɒ:'tet	n. 四重奏[计] 四位字节
mast	mɑ:st	n. 桅，桅杆，杆vt. 装桅杆于
flirt	flә:t	n. 卖弄风骚的人，急动，急扔vt. 忽然弹出，轻快摆动，挥动vi. 调情，玩弄，摆动，轻率地对待
atrocity	ә'trɒsiti	n. 残暴，凶恶，暴行[法] 暴行，残酷，残忍
flutter	'flʌtә	n. 摆动，鼓翼，烦扰vi. 摆动，鼓翼，烦扰vt. 拍（翅）, 使焦急[计] 颤动
cavalry	'kævәlri	n. 骑兵
brag	bræg	n. 吹牛v. 吹牛
hypothetical	,haipәu'θetikәl	a. 假设的，有待证实的，假定的，有前提的[计] 理想的
familiarity	fә.mili'æriti	n. 熟悉，精通，亲密
ecstasy	'ekstәsi	n. 狂喜，心醉神迷，忘形[医] 入迷
physiological	.fiziә'lɒdʒikl	a. 生理学的，生理学上的，生理机能的[医] 生理学的，生理的
carpenter	'kɑ:pintә	n. 木匠
finite	'fainait	a. 有限的，有穷的，限定的n. 有限物
canon	'kænәn	n. 教会法规，圣典，准则，标准，教士[医] 规范，[加农]炮
souvenir	.su:vә'niә	n. 纪念品
antiquity	æn'tikwәti	n. 古老，古代，古代人，古物
termination	.tә:mi'neiʃәn	n. 终止，结束，结果，词尾[化] 终止
stratum	'streitәm	n. 层，地层，阶层[医] 层
intern	in'tә:n	n. 实习生，被拘留者vi. 作实习医师（教师、实习生）vt. 拘留，扣留
ratify	'rætifai	vt. 批准，认可[经] 证实，肯定，确认
nostalgia	nɒs'tældʒiә	n. 乡愁，向往过去，怀旧之情[医] 怀乡病
exquisite	'ekskwizit	a. 精致的，细腻的，敏锐的
immerse	i'mә:s	vt. 沉浸，使陷入[医] 浸[入]
petroleum	pә'trәuliәm	n. 石油[化] 石油
bodyguard	'bɒdigɑ:d	n. 保镖，护卫
marshal	'mɑ:ʃәl	n. 元帅，陆空军高级将官，典礼官，执法官vt. 整理，引领，统率vi. 排列，各就各位
cadet	kә'det	n. 军官学校学生[法] 军校学生
woe	wәu	n. 悲哀，悲痛，苦痛
ripple	'ripl	n. 涟波，涟漪，波纹，粗钢梳vt. 使起涟漪vi. 起微波，起潺潺声
patriotism	'peitriәtizm	n. 爱国心，爱国精神，爱国主义
alienate	'eiljәneit	vt. 使疏远，离间，转让[法] 转让，让与，疏远
badger	'bædʒә	n. 獾，獾皮毛vt. 纠缠
sting	stiŋ	n. 叮，刺痛，刺激，讽刺vt. 叮，刺痛，刺激，使苦恼vi. 叮，刺痛
pore	pɒ:	n. 毛孔，小孔，气孔vi. 专心阅读，细想，钻研，沉思，注视vt. 使注视得
sandal	'sændl	n. 凉鞋，拖鞋，檀香木vt. 穿以便鞋
longing	'lɒŋiŋ	n. 渴望，热望，憧憬a. 渴望的，热望的
ubiquitous	ju:'bikwitәs	a. 无所不在的，到处存在的，普遍存在的
pinpoint	'pinpɒint	n. 极小之物，针尖，立锥之地，精确位置vt. 精确地找到，准确地轰炸，刺穿，准确描述，使突出，强调a. 针尖的，极微的，精确的，详尽的，精确定位的
mince	mins	n. 切碎物vt. 切碎，矫揉做作地说vi. 碎步走，装腔作势
cosmos	'kɔzmɔs	n. 宇宙，秩序，和谐，大波斯菊[医] 大波斯菊
dissent	di'sent	n. 异议vi. 持异议，不同意
infantry	'infәntri	n. 步兵，步兵团
solitude	'sɒlitju:d	n. 孤独，单独，孤寂
sculptor	'skʌlptә	n. 雕刻家
fragrance	'freigrәns	n. 芬芳，香味
authenticity	.ɒ:θen'tisiti	n. 可靠性，真实性[经] 确实性，真实性
intermediary	.intә'mi:diәri	n. 仲裁者，调解者，媒介物，中间人a. 中间的，媒介的
converge	kәn'vә:dʒ	vi. 聚合，集中于一点vt. 使集合
porcelain	'pɒ:slin	n. 瓷器，瓷a. 瓷制的
designation	.dezig'neiʃәn	n. 指示，指定，命名[电] 指定
ore	ɒ:	n. 矿石[经] 矿
expressly	ik'spresli	adv. 明白地，清楚地，特意地
gourmet	'guәmei	n. 美食家
stoke	stәuk	v. 司炉，（使）大吃
eerie	'iәri	a. 怪诞的，可怕的，奇异的，令人迷惑不解的
retort	ri'tɒ:t	n. 反驳，顶嘴，蒸馏器，曲颈甑vi. 反驳，回嘴，反击vt. 反击，反驳，蒸馏
arrogance	'ærәgәns	n. 傲慢态度，自大
aquatic	ә'kwætik	n. 水生动物，水生植物a. 水生的，水中的，水上的
sage	seidʒ	n. 圣人，哲人，鼠尾草属植物a. 贤明的，明智的
corporal	'kɒ:pәrәl	n. 下士a. 肉体的，身体的，个人的
concerto	kәn'tʃєәtәu	n. 协奏曲
blush	blʌʃ	vi. 脸红，羞愧vt. 弄成红色n. 脸红
hack	hæk	n. 劈，砍，砍痕，出租车，干咳，晒架，鹤嘴锄vt. 劈，砍，出租，用旧vi. 劈，砍，干咳，驾驶出租车a. 出租的
rig	rig	n. 装备，帆装vt. 装配，装扮，给船装帆，垄断，操纵
clamp	klæmp	n. 夹钳vt. 夹紧，强加
proprietary	prә'praiәtәri	a. 所有者的，所有权的，私有的n. 所有者，业主，所有权
pristine	'pristi:n	a. 太古的，原来的，古时的，原始的
determinant	di'tә:minәnt	n. 决定物，决定因素a. 决定性的[计] 判定
growl	graul	n. 吠声，咆哮声v. 怒吠，咆哮，吼
diver	'daivә	n. 潜水者
discretionary	dis'kreʃәnәri	[计] 选择的
citation	sai'teiʃәn	n. 引用，引证，引用文[建] 引证，指引
inclusive	in'klu:siv	a. 包含的，包括的
monumental	.mɒnju'mentәl	a. 纪念碑的，做为纪念的，不朽的
pecan	pi'kæn	n. 美洲山核桃（树）
genus	'dʒi:nәs	n. 种，类[医] 属（分类）
hallmark	'hɑ:lmɑ:k	n. 纯度检验证明，品质证明vt. 加盖纯度检验证明
clench	klentʃ	n. 牢牢抓住，钉紧，敲弯钉尖vt. 紧握，牢牢地抓住，确定，敲弯vi. 握紧，钉牢
lava	'lɑ:vә	n. 熔岩，火山岩[医] 火山石（一种顺势疗法药）
impending	im'pendiŋ	a. 即将发生的，迫切的，悬空的[法] 就要来的，逼在眼前的，紧急的
spear	spiә	n. 矛，枪，持矛者，嫩枝vt. 用矛刺vi. 刺，戳a. 父系的
characterization	,kæriktәrai'zeiʃәn	n. 特性描述，人物之塑造[建] 特性因数
glucose	'glu:kәus	n. 葡萄糖[化] 葡萄糖; 右旋糖; 葡糖（用于复合词中）
aroma	ә'rәumә	n. 浓香，香气[医] 香气，芳香气
thwart	θwɒ:t	a. 横放的vt. 反对，阻挠，横过prep. 横过adv. 横过
lexicon	'leksikәn	n. 词汇，词典，辞典[计] 辞典
stint	stint	vt. 节省，限制，停止vi. 节约n. 吝惜，节约，限额
jog	dʒɒg	n. 轻推，轻撞，慢跑v. 轻推，（使）蹒跚行进，（使）慢跑
plateau	plæ'tәu	n. 高地，高原，（上升后的）稳定水平[医] 高原，平顶，坪
slaughter	'slɒ:tә	n. 残杀，屠杀，杀戮vt. 残杀，屠杀，亏本出售
fender	'fendә	n. 防卫物，挡泥板
mingle	'miŋgl	v. （使）混合
torque	tɒ:k	n. 扭转力，转矩，项圈[化] 转矩
imperative	im'perәtiv	n. 命令，必要的事，规则，祈使语气a. 命令式的，急需的，势在必行的，强制的
gravitational	.grævi'teiʃәnәl	a. 重力的
humidity	hju:'miditi	n. 湿气，潮湿，湿度[计] 湿度
martyr	'mɑ:tә	n. 烈士，受苦者，受难者vt. 使成为烈士，使受苦
ominous	'ɒminәs	a. 恶兆的，不吉利的，预兆的
distal	'distәl	a. 末梢的[医] 远侧的，远中的（牙）
pod	pɒd	n. 豆荚，（豆荚状的）保护性外壳，扁豆形矿体vt. 从豆荚中剥出vi. 结豆荚
jeopardy	'dʒepәdi	n. 危难，危险[法] 危险，危难，危险处境
vie	vai	vi. 争，竞争，争胜vt. 提出……来竞争，以……作较量
materialize	mә'tiәriәlaiz	vt. 赋予实质，使体现，物质化vi. 成有形，体现，实现
muster	'mʌstә	n. 召集，集合，检阅，清单，花名册，样品vt. 召集，集合，应召vi. 集合，集中
tedious	'ti:diәs	a. 沉闷的，冗长乏味的
hamper	'hæpә	n. 食篮，阻碍物，食盒vt. 阻碍，使困累，妨碍，牵制
oblivious	ә'bliviәs	a. 遗忘的，健忘的，不知不觉的[法] 忘却的，健忘的，不在意的
imposing	im'pәuziŋ	a. 令人难忘的，壮丽的，威风的
narcotic	nɑ:'kɒtik	n. 麻醉药，镇静剂a. 麻醉的，催眠的
multitude	'mʌltitju:d	n. 多数，群众
prolong	prәu'lɒŋ	vt. 延长，拖延，拖长[化] 冷凝管
lag	læg	n. 落后，囚犯，迟延，桶板，防护套a. 最后的vi. 落后，蹒跚，缓缓而行，滞后vt. 落后于，押往监狱，加上外套[计] 延迟; 落后
perpetual	pә'petʃuәl	a. 永久的，不断的，无期限的，没完没了的，四季开花的[经] 永远的，终身的，持续的
disruptive	dis'rʌptiv	a. 分裂的，破坏（性）的[计] 击穿的，中断的
emanate	'emәneit	vi. 散发，发出，发源
lash	læʃ	n. 鞭子，鞭打，睫毛，责骂，讽刺vt. 鞭打，摆动，扎捆，冲击，讽刺，煽动vi. 冲洗，鞭打，责骂
commonplace	'kɒmәnpleis	n. 寻常事，老生常谈，普通的东西a. 平凡的，普通的
abide	ә'baid	vi. 停留，遵守，居留，继续下去vt. 忍受，经受，屈从于
refrain	ri'frein	n. 重复的话，叠句，副歌vi. 节制，避免，克制
mar	mɑ:	vt. 损毁，损伤，糟蹋n. 三月
ration	'ræʃәn	n. 定额，定量，配给vt. 配给，定量供应
retaliation	ri.tæli'eiʃәn	n. 报复[法] 报仇，报复，回敬
evade	i'veid	v. （巧妙地）逃脱，规避，逃避
tasty	'teisti	a. 好吃的，可口的
devour	di'vauә	vt. 吞食，挥霍，吞没
sophistication	sә.fisti'keiʃәn	n. 诡辩，老于世故，复杂（性）[医] 掺假
harness	'hɑ:nis	n. 马具，挽具状带子，甲胄vt. 给……上挽具，驾驭，披上甲胄，利用……以产生动力
entrust	in'trʌst	vt. 信托，交托，委托[经] 委托
economical	.i:kә'nɒmikәl	a. 节俭的，经济的，合算的[经] 经济的，节约的
sever	'sevә	vt. 切断，脱离，分开，使分离，断绝，中断vi. 断，裂开
rove	rәuv	n. 徘徊，粗纺，流浪vt. 漂泊于，漫游于vi. 流浪，飘忽不定reeve的过去式和过去分词
pry	prai	n. 杠杆，窥探，好奇者vi. 打听，窥探vt. 撬动，撬开，费力得到
denomination	di.nɒmi'neiʃәn	n. 名称，教派，面额[经] 票面金额，名称，（度量衡）
consolidation	kәn.sɒli'deiʃәn	n. 巩固，团结，合并，加强[医] 实变
redeem	ri'di:m	vt. 赎回，挽回，恢复，偿还，补偿[经] 履行（契约）, 买回，赎回
hasten	'heisn	vt. 催促，加紧vi. 赶快，急忙
stigma	'stigmә	n. 耻辱，污名，烙印[医] 柱头; 小孔，眼点; 气孔; 小斑; 特征
humane	hju:'mein	a. 有人情的，人道的，仁慈的
grate	^reit	n. 炉格，炉篦，炉栅，火炉，壁炉，格栅vt. 装格栅于，磨擦，轧碎，磨碎，使焦急，触怒，使人烦躁，刺激，激怒vt.vi. 擦响，发出刺耳的尖厉声
boycott	'bɒikɒt	n. 联合抵制vt. 联合抵制
upheaval	ʌp'hi:vl	n. 举起，隆起，大变动，剧变
skim	skim	vt. 撇取浮沫，略读，掠过vi. 擦过，浏览n. 脱脂乳，擦过，表层物a. 撇去浮沫的
rewarding	ri'wɒ:diŋ	a. 有益的，有报酬的，报答的
digit	'didʒit	n. 数字，位数，指头[计] 数位; 位
defer	di'fә:	vi. 推迟，延期，听从vt. 使推迟，使延期
curtail	kә:'teil	vt. 缩减，剥夺，简略[法] 剥夺特权
relinquish	ri'liŋkwiʃ	vt. 放弃，撤回，停止，松开，让与[法] 让与，把……交给，放弃
dispel	dis'pel	vt. 驱散，驱逐
derelict	'derilikt	a. 被抛弃了的，无主的，玩忽职守的n. 遗弃物，被遗弃的人，玩忽职守者
contingent	kәn'tindʒәnt	a. 或许发生的，附随的，偶然发生的n. 偶然事件，分遣队
gracious	'greiʃәs	a. 亲切的，慈善的
rejoin	ri'dʒɒin	vt. 使再结合，再加入，回答vi. 重新聚合，回答，第二次答辩
rejoice	ri'dʒɒis	vt. 使欢喜vi. 欣喜，高兴，庆祝
prudent	'pru:dnt	a. 审慎的，三思而后行的，精明的，节俭的
overthrow	.әuvә'θrәu	n. 推翻，瓦解，倾覆vt. 打倒，推翻，倾覆
flatter	'flætә	vt. 奉承，阿谀，使高兴[机] 平面锤
grumble	'grʌmbl	n. 怨言，满腹牢骚vi. 抱怨，发牢骚，发隆隆声vt. 抱怨
abrupt	ә'brʌpt	a. 突然的，唐突的，陡峭的，不连贯的
partition	pɑ:'tiʃәn	n. 分割，隔离物，隔墙，财产分割vt. 区分，瓜分，隔开，分割[计] 分区; 划分
luxurious	lʌg'zjuәriәs	a. 豪华的，奢侈的，放纵的
toxin	'tɒksin	n. 毒素[化] 毒素
vengeance	'vendʒәns	n. 复仇，报仇[法] 报仇，复仇
clout	klaut	n. 敲击，破布vt. 打补钉
replica	'replikә	n. 复制品[计] 目录分区复制
eradicate	i'rædikeit	vt. 根除，扑灭，根绝，消灭
athletics	æθ'letiks	n. 体育运动
crook	kruk	n. 钩，弯曲部分，坏蛋vt. 使弯曲，诈骗vi. 弯曲
sprint	sprint	n. 短距离赛跑vi. 全速跑，冲刺vt. 全速跑过
influx	'inflʌks	n. 流入，河口，汇集[医] 注入，流入
ensue	en'su:	vi. 跟着发生，继起vt. 追求
emulate	'emjuleit	vt. 效法，尽力赶上，同……竞争[计] 仿真
banish	'bæniʃ	vt. 驱逐，消除[法] 驱逐，流放
augment	ɒ:g'ment	v. 增加，增长[计] 增加; 增量; 添加
phony	'fәuni	n. 假货，假冒者，赝品a. 伪造的，假的，不可信的，华而不实的
unaffected	.ʌnә'fektid	a. 不矫揉造作的，自然的，未受影响的，未被感动的[经] 不受影响的
solemn	'sɒlәm	a. 严肃的，郑重的，庄严的
allude	ә'lu:d	vi. 暗指，提及
epic	'epik	n. 史诗，叙事诗a. 史诗的，叙事诗的
coax	kәuks	vt. 哄，诱骗，耐心地摆弄vi. 哄骗[计] 同轴电缆
rectify	'rektifai	vt. 订正，矫正，改正，调正，校正，精馏，整流[化] 精馏
wig	wig	n. 假发，斥责vt. 给……戴假发，激怒，使发狂vi. 激动，发狂
renovate	'renәuveit	vt. 更新，革新，刷新，修复，使恢复活力
brisk	brisk	a. 强烈的，寒冷而干燥的，活泼的vt. 使活泼vi. 活跃起来
horrific	hɒ'rifik	a. 令人毛骨悚然的，感到恐惧的
advisable	әd'vaizәbl	a. 适当的，明智的
attest	ә'test	vi. 证明，表明，作证vt. 为……作证
eminent	'eminәnt	a. 显赫的，杰出的，有名的
guise	gaiz	n. 相似，外观，伪装v. 穿戴，伪装
duct	dʌkt	n. 管，输送管vt. 通过管道输送
pathogen	'pæθәdʒ(ә)n	n. 病原体[医] 病原体
helm	helm	n. 舵，驾驶盘，枢机，头盔vt. 给……掌舵，指挥，给……戴头盔
pulp	pʌlp	n. 果肉，纸浆vt. 使化成纸浆，除去……果肉vi. 变成纸浆
woo	wu:	vt. 追求，向……求爱，恳求vi. 求爱，央求
shrewd	ʃru:d	a. 精明的，锐利的，剧烈的，机灵的，厉害的
paranoid	'pærәnɔid	a. （似）患妄想狂的，（似）患偏执狂的n. 患妄想狂的人
clumsy	'klʌmzi	a. 笨拙的，不雅观的，粗陋的
bland	blænd	a. 温和的，乏味的，冷漠的[医] 温和的，淡的
seep	si:p	vi. 渗出，渗流，漏n. 小泉，水陆两用吉普车
vista	'vistә	n. 远景，展望，回想
jargon	'dʒɑ:gәn	n. 专门术语，行话，梦话，土语[计] 行话
unravel	.ʌn'rævl	vt. 阐明，解决，解开vi. 散开
rhyme	raim	n. 韵，押韵，韵文vi. 押韵vt. 使押韵，用韵诗表达
smuggle	'smʌgl	vt. 偷运，走私，私运vi. 走私
pretence	pri'tens	n. 假装，虚伪，借口，自称，要求[法] 假装，借口，托词
mint	mint	n. 薄荷，造币厂，巨额vt. 铸造，铸币，制造
avid	'ævid	a. 渴望的，急切的，劲头十足的
paramount	'pærәmaunt	n. 首长，最高当局a. 最重要的，最高的，至上的
endow	in'dau	vt. 捐赠，捐助，赋予[法] 赠送财产给，分给寡妇一份遗产，授与
municipality	.mju:nisi'pæliti	n. 自治区，市当局，市民[法] 市，自治市，自治地区
gale	geil	n. 狂风，大风，定期租金[经] 地租，年金
groom	gru:m	n. 马夫，新郎，男仆vt. 喂马，使……整洁，推荐vi. 打扮，穿戴
jolly	'dʒɒli	a. 愉快的，高兴的，宜人的vt. 恭维，使高兴，取笑vi. 开玩笑adv. 非常，极为
rampant	'ræmpәnt	a. 猖獗的，蔓生的，猛烈的，跃立作扑击状的
precipitate	pri'sipiteit	n. 沉淀物，凝结物，结果vt. 猛抛，使陷入，促成，使沉淀vi. 猛地落下a. 突然的，猛地落下的，轻率的
nestle	'nesl	vi. 舒适地坐定，挨靠，偎依vt. 抱，安置
stipulate	'stipjuleit	v. 规定，保证
shred	ʃred	n. 碎布条，细片，少量v. 撕碎
veer	viә	vi. 转向vt. 使转向n. 转向
instinctive	in'stiŋktiv	a. 本能的，天生的，直觉的[医] 本能的
turbulent	'tә:bjulәnt	a. 狂暴的，骚乱的，紊乱的
supersede	.sju:pә'si:d	vt. 代替，取代，接替[法] 替代，替换，充任
caucus	'kɒ:kәs	n. 领导人会议，核心会议vi. 开核心会议
unanimous	ju:'nænimәs	a. 意见一致的，无异议的
ailment	'eilmәnt	n. 病痛，疾病[医] 疾病
bonnet	'bɒnit	n. 软帽[化] 阀盖; 阀帽
intellect	'intәlekt	n. 智力，出众的才华，知识分子[医] 智力，才智
versatile	'vә:sәtail	a. 多才多艺的，万用的，万向的
amuse	ә'mju:z	vt. 消遣，娱乐，使发笑
brittle	'britl	a. 易碎的，脆弱的，易坏的[机] 脆的，脆性的，易碎的
recourse	ri'kɒ:s	n. 求援，求助，追索权[经] 追索权
rumble	'rʌmbl	n. 隆隆声，辘辘声vi. 发隆隆声，辘辘响vt. 使隆隆响，低沉地说
intentional	in'tenʃәnәl	a. 故意的，与目的有关的[法] 故意的，有意的
subside	sәb'said	vi. 沉淀，沉降，平息
vomit	'vɒmit	vt. 吐出，呕吐vi. 呕吐n. 呕吐，呕吐物，催吐剂
rhythmic	'riðmik	a. 有韵律的，有节奏的
pilgrim	'pilgrim	n. 旅行者，朝圣者，香客vi. 朝圣
intuitive	in'tju:itiv	a. 直觉的
immaculate	i'mækjulit	a. 无污点的，纯洁的，无缺点的，无辜的[医] 无斑点，无瑕疵的，洁净的
illicit	i'lisit	a. 不法的，不正当的，禁止的[法] 违法的，违禁的，被禁止的
rift	rift	n. 裂口，空隙vi. 裂开vt. 使分开，使割开
makeshift	'meikʃift	n. 权宜之计，临时代用品a. 权宜的，临时代用的
facet	'fæsit	n. （多面体的）面，方面，琢面[医] 小平面，小面
thrash	θræʃ	vt. 打，使逆行，胜过，推敲，鞭打vi. 打谷，痛打，剧烈扭动，逆行n. 打谷，（划水）鞭状动作
covert	'kʌvәt. 'kәuvәt	a. 隐蔽的，偷偷摸摸的，隐密的n. 树丛，隐藏处
disarm	dis'ɑ:m	vt. 解除武装，裁军，缓和vi. 放下武器
beckon	'bekәn	v. 招手示意，召唤，吸引n. 表召唤的点头（或手势）
improvise	'imprәvaiz	vt. 即席创作，临时做
hereditary	hi'reditәri	a. 世袭的，遗传的[医] 遗传的
candidacy	'kændidәsi	n. 候选人的地位，候选资格[法] 候选人的身份，资格
fell	fel	vt. 击倒n. 一季所伐的木材，折缝a. 凶猛的，可怕的fall的过去式
floppy	'flɒpi	a. 叭嗒叭嗒响的，松软的
impede	im'pi:d	vt. 妨碍，阻碍，阻止
wince	wins	n. 畏缩，退避vi. 畏缩，退缩，退避
stringent	'strindʒәnt	a. 迫切的，严厉的，银根紧的[医] 约束的，紧迫的
needy	'ni:di	a. 贫穷的，贫困的，生活艰苦的
outspoken	.aut'spәukәn	a. 直言无讳的，坦率的，坦白无隐的
petal	'petәl	n. 花瓣[医] 花瓣
falter	'fɒ:ltә	vt. 支吾地说vi. 支吾，蹒跚地走n. 颤抖，支吾，踌躇
barren	'bærәn	a. 不育的，贫瘠的n. 荒地
hinge	hindʒ	n. 铰链，关键，枢纽vt. 装铰链vi. 靠铰链移动，依……而转移
celestial	si'lestjәl	a. 天的，天国的，天空的[法] 天的，天空的，天国的
aristocracy	.æri'stɒkrәsi	n. 贵族，上层社会，知识界杰出分子[法] 贵族政治，贵族统治
mundane	'mʌndein	a. 现世的，世俗的，宇宙的
purport	'pә:pɒ:t	n. 意义，要旨，目的vt. 意味着，声称，打算
prerogative	pri'rɒgәtiv	n. 特权，君权，职权a. 特权的，行使特权的
wreckage	'rekidʒ	n. 残骸，失事，破坏[经] （船双等的）失事遭难
etch	etʃ	vt. 蚀刻，蚀镂vi. 施行蚀刻法n. 腐蚀剂[计] 刻蚀; 侵蚀
twig	twig	n. 小枝，细枝v. 懂得，了解
strait	streit	n. 海峡，困境a. 困难的，窘迫的，狭窄的
reciprocal	ri'siprәkl	a. 互惠的，相互的，相等的，倒数的，彼此相反的n. 倒数，互相起作用的事物
smear	smiә	vt. 涂，擦上，玷污，把……擦模糊vi. 被弄脏n. 污点，污迹，污蔑
bog	bɒg	n. 沼泽vt. 使陷于泥沼vi. 陷于泥沼
inspired	in'spaiәd	a. 得到灵感的，有灵感的，官方授意的
trumpet	'trʌmpit	n. 喇叭，小号，喇叭声vi. 吹喇叭vt. 用喇叭吹出，吹嘘
cerebral	'seribrәl	a. 脑的，大脑的[医] 小脑的
assimilate	ә'simileit	vt. 使同化，吸收，使相拟，把……比作vi. 被吸收，被同化
infuse	in'fju:z	vt. 注入，使充满，泡制，鼓舞vi. 泡
tan	tæn	n. 黄褐色，鞣料，马戏团a. 黄褐色的，鞣皮的vi. 晒成棕褐色vt. 把……晒黑，鞣（革）, 狠狠鞭打
trickle	'trikl	n. 滴，细流vi. 滴，细细地流vt. 使滴，使小量流动[计] 信息透露
inflate	in'fleit	vt. 使膨胀，使得意，使通货膨胀，使充气vi. 充气，膨胀
windy	'windi	a. 多风的，风强的，腹胀的，吹牛的
accrue	ә'kru:	vi. 自然增加，产生[经] 应计，产生，出现
presumption	pri'zʌmpʃәn	n. 专横，放肆，假定，推测[法] 假定，推测，设想
perennial	pә'reniәl	a. 常年的，长期的，反复的[医] 多年生的
longevity	lɒn'dʒeviti	n. 长命，长寿，寿命[医] 长寿
muse	mju:z	n. 沉思，冥想v. 沉思，冥想，若有所思地凝望或说
exempt	ig'zempt	n. 免税者，被免除义务者a. 免除的vt. 使免除，豁免
obsolete	'ɒbsәli:t	a. 荒废的，成废物的，陈旧的，老式的n. 废词，废物
regent	'ri:dʒәnt	n. 摄政者，摄政王a. 摄政的
culprit	'kʌlprit	n. 犯人，罪犯，刑事被告[法] 犯罪者，犯人，罪犯
contentious	kәn'tenʃәs	a. 好争吵的，爱争论的，有异议的[法] 诉讼的，争执的，引起争论的
mogul	mәu'^ʌl, 'mәu^ʌl	n. 大人物，有权势的人
wail	weil	n. 恸哭，哀号，嚎啕，呼啸（声）vi. 恸哭，呼啸，悲叹，哀号，嚎啕
cache	kæʃ	n. 隐藏所，隐藏的粮食或物资，贮藏物，高速缓冲存储器vt. 隐藏，窖藏[计] 高速缓冲存储器，高速缓冲
lyric	'lirik	n. 抒情诗，歌词a. 抒情的
tramp	træmp	n. 坚实（或沉重）的脚步声，流浪者vi. 践踏，重步行走，步行，流浪vt. 走过，踩
surrogate	'sʌrәgit	n. 替代者，代用品vt. 代理，替代
willow	'wilәu	n. 柳树，柳木制品a. 柳树的，柳木制的
quay	ki:	n. 码头，驳岸[经] 贴岸码头
salvage	'sælvidʒ	n. 海上救助，抢救，打捞，抢救出来的财物vt. 海上救助，抢救，打捞，营救[计] 文件恢复程序
barrage	'bærɑ:dʒ	n. 弹幕，掩护炮火vt. 以密集炮火进攻
disparate	'dispәrәt	a. 根本不同的，全异的，不相干的n. 无法相比的东西（或人）
anecdote	'ænikdәut	n. 轶事，奇闻
truce	tru:s	n. 停战，休战vi. 停战，休止vt. 以休战结束
accomplished	ә'kʌmpliʃt	a. 完成的，实现的，有造诣的，熟练的，善社交的
barge	bɑ:dʒ	n. 驳船vt. 用船运输vi. 蹒跚，闯入
apparel	ә'pærәl	n. 衣服，外表vt. 使穿衣，装饰
hone	hәun	n. 磨刀石，抱怨，想念vt. 用磨刀石磨，磨练
indicative	in'dikәtiv	a. 指示的，象征的，表示……的[经] 指标的
buckle	'bʌkl	n. 皮带扣，扣子vt. 扣住，使弯曲vi. 扣住，变弯曲，屈服
discredit	dis'kredit	n. 无信用，丢脸，不名誉vt. 不信，怀疑，使丢脸
homage	'hɒmidʒ	n. 尊崇，尊敬，效忠
freak	fri:k	n. 畸形人，畸形物，不正常的事物，反复无常a. 奇异的，反常的
salute	sә'lu:t	vi. 行礼，致意，问候，放礼炮vt. 向……致意，迎接，赞扬n. 招呼，敬礼，礼炮
viability	.vaiә'biliti	n. 生存能力，发育能力[医] [生]活[能]力，生机
fern	fә:n	n. 蕨类植物[医] 蕨类植物
swarm	swɒ:m	n. 群，大群，蜂群，分蜂群vi. 分群，群集，聚集一块，云集，攀vt. 挤满，爬，攀
conformity	kәn'fɒ:miti	n. 遵照，适合，一致，相似[计] 符合度
conservatory	kәn'sә:vәtәri	a. 保存性的，有保存力的n. 温室，音乐学校
raisin	'reizn	n. 葡萄干
mitigate	'mitigeit	vt. 温和，缓和，减轻[医] 缓和，减轻
stoop	stu:p	n. 佝偻，屈从，弯腰vi. 弯下，屈从，弯腰，堕落vt. 使屈从，使弯曲
soothe	su:ð	vt. 缓和，使安静，安慰，奉承vi. 起安慰作用
vantage	'væntidʒ	n. 优势，有利情况
grit	grit	n. 砂砾，粗砂石vt. 覆以砂砾，咬牙切齿地说vi. 摩擦作声
puddle	'pʌdl	n. 小池，水坑，胶土vt. 搅浊，搅炼vi. 在泥污中打滚，（把黏土等）捣制成胶土
defined	di'faind	a. 清晰的，轮廓分明的；有定义的，确定的
visionary	'viʒәnәri	a. 幻像的，幻想的，梦想的n. 有眼力的人，空想家，梦想者
lavish	'læviʃ	a. 大方的，丰富的，浪费的vt. 浪费，滥用，慷慨给予
flux	flʌks	n. 流出，涨潮，变迁vi. 熔化，流出vt. 使熔融[计] 助焊剂
milestone	'mailstәun	n. 里程碑，里程石，里程标
lineage	'liniidʒ	n. 血统，直系[法] 血统，世系
motto	'mɒtәu	n. 箴言，座右铭，警句
fragrant	'freigrәnt	a. 芬香的，馥郁的，愉快的
banquet	'bæŋkwit	n. 宴会
phenomenal	fi'nɒminәl	a. 现象的，能知觉的，异常的，显著的，惊人的
clinch	klintʃ	n. 钉牢v. 敲弯，用臂钳住
murky	'mә:ki	a. 黝暗的，阴沉的，朦胧的
conglomerate	kәn'glɒmәrit	a. 聚成球形的，砾岩性的n. 集成物，混合体，砾岩v. （使）凝聚成团
inadvertently	ˌɪnədˈvɜ:təntli	adv. 漫不经心地，疏忽地; 非故意地
gull	gʌl	n. 鸥，易受骗之人，呆子vt. 欺诈，骗
seasoning	'si:zniŋ	n. 调味品，作料，佐料，锻练[化] 天然时效
discrete	dis'kri:t	a. 不连续的，离散的[计] 离散的
cohesion	kәu'hi:ʒәn	n. 结合，黏聚，内聚[计] 内聚性
fluorescent	.fluә'resәnt	n. 荧光a. 荧光的
bouquet	bu'kei	n. 花束[医] 丛，酒香，末梢分极
trek	trek	vi. 牛拉货车，艰苦跋涉n. 牛车旅行，艰苦跋涉
amiss	ә'mis	a. 有毛病的，出差错的adv. 错误地，不顺当，有缺陷地
subsistence	sәb'sistәns	n. 生存，生活[医] 生存
furnace	'fә:nis	n. 火炉，熔炉，考验vt. 在炉中烧
pigment	'pigmәnt	n. 色素，色质，颜料[化] 颜料
preface	'prefis	n. 序，绪言，前言vi. 作序，写前言vt. 给……作序，以……开始
nuance	nju:'ɑ:ns	n. 细微差别
gadget	'gædʒit	n. 小配件，小玩意，诡计
stunt	stʌnt	n. 特技，绝技，花招，噱头，手腕，发育不良vt. 阻碍成长vi. 表演特技
undercut	'ʌndәkʌt	n. 底切，牛腰部下侧嫩肉，下口，下旋削球vt. 廉价出售，底切，雕出，下旋削球vi. 切除底部
shun	ʃʌn	vt. 避开，规避，避免
touching	'tʌtʃiŋ	a. 动人的，令人同情的
caption	'kæpʃәn	n. 说明，字幕，标题vt. 加上标题，加上说明[计] 标题
baroque	bә'rɒk	n. 巴罗克风格，巴罗克式a. 巴罗克式的，绮靡的，以俗艳标新立异的
interdisciplinary	,intә(:)'disiplinәri	[计] 学科间的
heed	hi:d	n. 注意，留心v. 注意，留心
intestine	in'testin	a. 内部的，国内的n. 肠
derivative	di'rivәtiv	a. 引出的，派生的n. 引出之物，派生物，衍生字
liken	'laikәn	vt. 比喻，比拟
scant	skænt	a. 不充分的，不足的vt. 减少，吝啬，限制，藐视，忽略
allergic	ә'lә:dʒik	a. 对……过敏的，极反感的[医] 变应性的
lurch	lә:tʃ	n. 惨败，倾斜，挫折，举步蹒跚，徘徊vi. 惨败，倾斜，徘徊vt. 击败
gamble	'gæmbl	n. 赌博，冒险v. 赌博，孤注一掷
analogous	ә'nælәgәs	a. 类似的，相似的[医] 类似的，类同的
console	kәn'sәul	vt. 安慰，藉慰n. 控制台[计] 控制台
coma	'kәumә	n. 昏迷，麻木，彗发[化] 彗差; 彗形像差
plump	plʌmp	a. 圆胖的，丰满的，直接下落的，直率的vt. 突然放下，支持，使丰满，使鼓起vi. 扑通落下，投票赞成，变丰满，鼓起adv. 沉重地，突然地，直截了当地
concur	kәn'kә:	vi. 同意，一致，同时发生[法] 同时发生，并发，同意
glaze	'gleiz	n. 釉，上光，光滑面vt. 装以玻璃，上釉于vi. 变得光滑，（目光）变呆滞
sly	slai	a. 狡猾的，诡密的，俏皮的，偷偷摸摸的
revealing	ri'vi:liŋ	a. 暴露的，显露的，揭露的
inflammation	.inflә'meiʃәn	n. 怒火，发火，燃烧，发炎[医] 炎[症]
expansive	ik'spænsiv	a. 扩张性的，使扩大的，广阔的[化] 膨胀的; 可以膨胀的
homogeneous	.hәumә'dʒi:niәs	a. 同种的，同质的，齐性的[医] 同种的，纯一的，同质的，均匀的
inscribe	in'skraib	vt. 登记，铭记于，题写，雕刻[电] 书写
phoenix	'fi:niks	n. 凤凰，不死鸟，死而复生的人，完人，殊品
prod	prɒd	n. 刺针，刺棒，激励话，提醒物vt. 戳，刺，刺激vi. 戳，刺
belongings	bi'lɒŋiŋz	n. 财产，所有物，相关事物[经] 财产，所有物，附属物
acoustic	ә'ku:stik	a. 听觉的，声学的，音响的[医] 听的; 声学的
germ	dʒә:m	n. 细菌，种子，生殖细胞，根源[医] 芽胞，胚，胚芽，病菌
fraternity	frә'tә:niti	n. 友爱，互助会，大学生联谊会
crypt	kript	n. 土窖，地穴，地下室[医] 隐窝; 滤泡，腺管
stray	strei	n. 走失的家畜，浪子a. 迷途的，偶然的vi. 迷路，彷徨，流浪
appetizer	'æpitaizә	n. 开胃食品，吊胃口的东西[医] 开胃剂
hunch	hʌntʃ	n. 肉峰，预感，大块vt. 弯腰驼背，预感到，耸肩vi. 向前移动，隆起
digestion	di'dʒestʃәn	n. 消化力，领悟[化] 消化; 消化作用; 蒸煮; 蒸煮作用; 煮解; 浸提; 陈化
chic	ʃi:k	n. 漂亮，别致的款式a. 漂亮的，别致的
elude	i'lu:d	vt. 逃避，规避，把……难倒
sprawl	sprɒ:l	vi. 伸开手足躺，爬行，蔓生，蔓延vt. 懒散地伸开，使蔓生，使不规则地伸展n. 伸开手足躺卧姿势
hector	'hektә	n. 威吓者，虚张声势的人vt.vi. 说大话，吓唬，折磨，愚弄
overflow	.әuvә'flәu	n. 溢值，超值，泛滥v. （使）泛滥，（使）溢出，（使）充溢[计] 上溢; 溢出
bibliography	.bibli'ɒgrәfi	n. 参考书目[计] 书目; 文献目录
engender	in'dʒendә	vt. 产生，引起vi. 发生，形成
artisan	.ɑ:ti'zæn	n. 工匠，技工[经] 熟练技术工，匠人
metabolism	mi'tæbәlizm	n. 新陈代谢，变态[化] 新陈代谢; 代谢
dissertation	.disә'teiʃәn	n. 论文
asparagus	ә'spærәgәs	n. 芦笋[化] 天冬; 天门冬
shriek	ʃri:k	n. 尖锐的响声vi. 尖叫，发尖声vt. 尖声发出
opaque	әu'peik	n. 不透明物a. 不透明的，不传热的，不传导的，阴暗的[计] 白底
umpire	'ʌmpaiә	n. 裁判员，仲裁人vt. 对……进行仲裁，当……的裁判vi. 当裁判
nausea	'nɒ:ʃjә	n. 反胃，晕船，恶心，厌恶[医] 恶心
cactus	'kæktәs	n. 仙人掌[医] 仙人掌属
numb	nʌm	a. 麻木的，失去知觉的vt. 使麻木，使昏迷，使失去知觉
orchid	'ɒ:kid	n. 兰花，淡紫色[医] 兰科植物
gleam	gli:m	n. 光束，微光，反光vi. 闪烁，隐约地闪现vt. 使发微光，使闪烁
insolvency	in'sɒlvәnsi	n. 无力偿还，破产[经] 破产，无力偿付，不足抵偿债务
miraculous	mi'rækjulәs	a. 奇迹的，不可思议的
humiliate	hju:'milieit	vt. 使丢脸，使蒙羞，屈辱
unnoticed	'ʌn'nәutist	a. 不被注意的，被忽视的[法] 未被注意的，未被顾及的:不瞩目的
tyranny	'tirәni	n. 专制，暴政[法] 苛政，暴政，专横
reshuffle	ri:'ʃʌfl	vt. 重新洗牌，改组，撤换n. 重新洗牌，改组，撤换
scurry	'skʌri	vi. 急赶，急跑，急转n. 急赶，急跑，急转，阵雪，阵雨
sterile	'sterail	a. 不毛的，不孕的，无菌的，贫瘠的，无效的，枯燥的[医] 无菌的，消毒的; 不育的
extinct	ik'stiŋkt	a. 熄灭的，灭绝的，耗尽的[法] 消灭了的，过时的，无效的
muted		a. 变弱了的，变柔和了的
unilateral	.ju:ni'lætәrәl	a. 单方面的，单边的，片面的[医] 单侧的，一侧的
gorilla	gә'rilә	n. 大猩猩，残暴的男人，歹徒
futile	'fju:tail	a. 无用的，琐细的，不重要的
ferret	'ferit	n. 白鼬，雪貂，侦探vt. 用雪貂打猎，搜出，驱出vi. 搜索
posit	'pɒzit	vt. 假设，安置，布置
idol	'aidәl	n. 偶像，崇拜物，宠儿，幻象，谬论
refinery	ri'fainәri	n. 精炼厂[化] 精炼厂炼糖厂
tenor	'tenә	n. 稳定的进程，思路，要旨，大意，誊本，票据的限期，男高音a. 男高音的
neutron	'nju:trɒn	n. 中子[化] 中子
placebo	plә'si:bәu	n. （为死者所诵的）晚祷歌，安慰剂，安慰的话，使人宽慰的事[医] 安慰剂，无效[对照]剂
cripple	'kripl	n. 跛者，残废vt. 使跛，使成残废，削弱a. 跛的，残废的
ballad	'bælәd	n. 歌谣
braid	breid	n. 辫子，穗带vt. 编成辫，镶边
waver	'weivә	n. 动摇，踌躇，挥动者vi. 摇摆，颤抖，摆动，摇曳，犹豫
salient	'seiliәnt	a. 显著的，突出的，跳跃的n. 凸角，突出部分
prophecy	'prɒfәsi	n. 预言，预言能力
candid	'kændid	a. 坦白的，率直的，公正的
unison	'ju:nisn	n. 调和，和谐，一致，齐唱，齐奏a. 共同做的，同声的
bestow	bi'stәu	vt. 授予，使用，贮藏，留宿
beet	bi:t	n. 甜菜（根）[化] 甜菜
bandage	'bændidʒ	n. 绷带[化] 帘布筒; 实心轮胎; 紧带; 绷带
hoist	hɒist	n. 升高，起重机，推动v. 升起，升高，举起
tangle	'tæŋgl	n. 缠结，纠结的一团，困惑，纠纷，混乱vt. 使缠结，缠住vi. 缠结，乱作一团
jagged	'dʒægd	a. 锯齿状的[电] 锯齿形的
lapse	læps	n. 过失，流逝，失效vi. 犯错，堕落，减退，消失，流逝vt. 使失效
clog	klɒg	n. 障碍，脚坠v. 障碍，阻塞
dismal	'dizmәl	a. 阴沉的，凄凉的，令人忧郁的n. 低落的情绪，沼泽
aggravate	'ægrәveit	vt. 使恶化，使更严重，加重
plume	plu:m	n. 羽毛，羽毛装饰，羽状的vt. 用羽毛装饰，整理羽毛，使成羽毛状
sloppy	'slɒpi	a. 泥泞的，潮湿的，粗心的
obstruct	әb'strʌkt	vt. 阻隔，妨碍，阻塞，遮没vi. 设障碍
transcribe	træn'skraib	vt. 抄写，译，意译，录制，改编[计] 转录
predicament	pri'dikәmәnt	n. 处境，穷境，困局
garnish	'gɑ:niʃ	n. 装饰，装饰品vt. 装饰
override	.әuvә'raid	vt. 推翻，无视，对……有最后发言权，制服，践踏，奔越过[经] 代理佣金，代销佣金
notch	nɒtʃ	n. 刻痕，等级，峡谷vt. 刻凹痕，用刻痕计算，赢得
perish	'periʃ	vi. 毁灭，丧生，凋谢，颓丧，死亡，腐烂vt. 毁坏，使麻木，使丧生，耗尽
hectic	'hektik	a. 脸上发红，发热的，潮热的，肺病的n. 脸红，潮热病人
emigrate	'emigreit	v. （使）移居，（使）移民
calibre	'kælibә	n. 口径，才干，水准
deflect	di'flekt	vt. 转移，使偏斜vi. 偏斜
humility	hju:'militi	n. 谦逊，谦虚，谦卑
locus	'lәukәs	n. 轨迹；地点，所在地
anthem	'ænθәm	n. 圣歌，赞美诗
adamant	'ædәmәnt	n. 坚硬的东西a. 非常坚硬的，坚强的，固执的
vanity	'væniti	n. 虚荣心，虚无，自负，空虚，时髦的小摆饰
limp	limp	n. 跛行a. 柔软的，无力的，软弱的vi. 跛行
assured	ә'ʃuәd	a. 确定的，自信的[经] 被保险人，被保证者，投保人
incompetent	in'kɒmpitәnt	a. 无能力的，无资格的，机能不全的，不胜任的n. 无能力者
scour	'skauә	vt. 擦亮，洗涤，清洗，冲刷成，急速穿过vi. 擦，洗，冲刷，腹泻，急速穿行n. 擦，洗，腹泻，洗涤剂
exaggeration	ig.zædʒә'reiʃәn	n. 夸张，夸大的事物，夸大之词
ludicrous	'lu:dikrәs	a. 可笑的，滑稽的，荒唐的
compress	kәm'pres	vt. 压缩，压紧vi. 受压缩小[计] 压缩程序
impart	im'pɑ:t	vt. 给予，传授，告知
perverse	pә'vә:s	a. 乖张的，故意作对的，有悖常情的，执迷不悟的，歪曲的，错误的，不正当的[法] 邪恶的，罪恶的:堕落的，不合法的
pageant	'pædʒәnt	n. 盛会，游行，虚饰，露天表演
gloss	glɒs	n. 光彩，假象，注释vt. 使光彩，掩盖，上光于，注释，曲解vi. 发光，作注释
overshadow	.әuvә'ʃædәu	vt. 遮阴，使阴暗，使失色，使相形见绌，使蒙上阴影
repeal	ri'pi:l	n. 废止，撤消vt. 废止，撤消，放弃
halo	'heilәu	n. 晕轮，光圈，晕状物，荣光vt. 使有晕轮，围以光环vi. 成晕轮
havoc	'hævәk	n. 大破坏，蹂躏vt. 严重破坏
bilingual	bai'liŋgwәl	a. 双语的
ingenious	in'dʒi:njәs	a. 灵敏的，精巧的，聪明的
poisonous	'pɒizәnәs	a. 有毒的，恶毒的，讨厌的[医] 有毒的
sane	sein	a. 神智健全的，稳健的，没病的，合理的[医] 精神健全的
sparse	'spɑ:s	a. 稀疏的，稀稀落落的，稀薄的
somber	'sɒmbә	a. 昏暗的，阴天的，严峻的，忧郁的
engulf	in'gʌlf	vt. 卷入，吸进，吞没，使全神贯注
precarious	pri'kєәriәs	a. 不稳定的，不安的，危险的
unsettle	.ʌn'setl	vt. 使移动，搅乱，使动摇，使不安宁vi. 动荡不定，离开固定位置
containment	kәn'teinmәnt	n. 抑制，牵制，遏制[法] 抑制，牵制，遏制
erratic	i'rætik	n. 古怪的人，漂泊无定的人a. 不稳定的，奇怪的
magnify	'mægnifai	vt. 放大，扩大，赞美，夸大vi. 有放大能力
decency	'di:sәnsi	n. 得体，礼貌，正派[法] 正当，正派，合乎礼仪
malpractice	mæl'præktis	n. 不当治疗，不端行为，渎职[医] 疗法失当，医疗差错
acquaint	ә'kweint	vt. 使认识，介绍
pitfall	'pitfɒ:l	n. 陷阱，诱惑，阴谋，易犯的错误，意想不到的困难
auditorium	.ɒ:di'tɒ:riәm	n. 听众席，礼堂[医] 大讲堂，大会堂
microscopic	maikrә'skɔpik	a. 显微镜的，用显微镜可见的，微观的，（非正式）极微小的，细微的[计] 微观的
complexion	kәm'plekʃn	n. 肤色，情况，局面[医] 体质; 面色，面容
limousine	'limәzi:n	n. 轿车
agreeable	ә'griәbl	a. 令人愉快的，同意的[医] 佳适的
stern	stә:n	n. 尾部，船尾，臀a. 严厉的，严格的，坚定的，坚决的
defiance	di'faiәns	n. 蔑视，挑战[法] 挑战，藐视，违抗
shear	ʃiә	n. 修剪，剪下的东西，大剪刀，切变，剪切机，切vt. 修剪，割，剥夺，横越，削剪vi. 剪，修剪，剪羊毛，切断
amplify	'æmplifai	vt. 增强，放大，扩大，详述vi. 引伸
lofty	'lɒfti	a. 高的，傲慢的，崇高的，高级的，玄虚的
foyer	'fɔiei	n. 门厅，入门大堂
ploy	plɒi	n. 手段，活动，玩乐
devoid	di'vɒid	a. 全无的，缺乏的
whim	hwim	n. 一时的兴致，冲动，怪念头，绞盘
meager	'mi:gә	a. 质量差的，贫乏的，不毛的，瘦的
dent	dent	n. 凹痕vt. 使凹下，削弱vi. 塌陷
pollen	'pɒlәn	n. 花粉vt. 传授花粉给
terrestrial	tә'restriәl	n. 地球上的人a. 地球的，陆生的，陆地的，人间的
permeate	'pә:mieit	vt. 弥漫，渗透，充满，影响，感染vi. 透入，散布
feeble	fi:bl	a. 微弱的，衰弱的，无效的[医] 无力的，衰弱的
conspire	kәn'spaiә	vi. 阴谋，协力，共谋vt. 图谋
buoyant	'bɒiәnt	a. 有浮力的，心情愉快的[经] 降而复升的，保持高价的，遂之而升的
disposable	dis'pәuzәbl	a. 可任意处理的[法] 可任意处理或处置的，可自由使用的
loophole	'lu:phәul	n. 枪眼，小窗，换气孔
afflict	ә'flikt	vt. 使苦恼，折磨
pollster	'pәulstә	n. 民意调查人，民意测验经办人
browse	brauz	v. 浏览，吃草n. 浏览，吃草[计] 浏览
amass	ә'mæs	vt. 积聚，堆积
traverse	'trævә:s	n. 越过，横贯，横断物，屏障，否认，反驳vt. 横过，穿过，经过，详细研究，反对，在……来回移动vi. 横越，横断，旋转，来回移动a. 横亘的，横贯的
intrude	in'tru:d	vi. 闯入，侵入vt. 强加于
disdain	dis'dein	n. 蔑视vt. 蔑视，鄙弃
flair	fleә	n. 鉴别力，才能，天资，资质，眼光
savvy	'sævi	v. 理解，领悟n. 理解能力，机智，悟性
precursor	.pri:'kә:sә	n. 先驱者，前导，前兆[化] 前体; 前身; 产物母体
complacency	kәm'pleisәnsi	n. 满足，自鸣得意，自满
poignant	'pɒinәnt	a. 辛酸的，尖锐的，剧烈的
subdued	sәb'dju:d	a. 屈服的，被抑制的，减弱的，柔和的
vibrate	'vaibreit	vi. 振动，颤动，激动，摇摆，踌躇vt. 使颤动，使振动，使摆动
stationary	'steiʃ(ә)nәri	a. 不动的，静止的，不变的，固定的，停留的[计] 定常，定态，固定的
conclusive	kәn'klu:siv	a. 决定性的，确定性的，最后的[法] 决定性的，不容置疑的，确实的
shattered		a. 极度疲劳的；破碎的
dissident	'disidәnt	a. 意见不同的，持不同政见的n. 意见不同的人，持不同政见者
eclectic	ek'lektik	n. 折衷主义者a. 选择的，折衷的
relegate	'religeit	vt. 驱逐，使降低地位，把……归类，把……委托给[法] 流放，判流放刑，驱逐
counteract	.kauntә'rækt	vt. 抵消，阻碍，中和[法] 抵抗，阻碍，抵销
pundit	'pʌndit	n. 学者，梵文学者，博学的印度人，权威
nip	nip	n. 捏，夹，寒冷，尖刻话vt. 捏，夹，钳，剪断，损伤，冻伤，一小口vi. 夹，捏，刺骨，快走，一小口一小口地抿（酒）[计] 核心程序的初始程序
oust	aust	vt. 逐出，罢黜，剥夺，驱逐[法] 驱逐，剥夺，免职
entice	in'tais	vt. 诱骗，引诱，怂恿
cunning	'kʌniŋ	a. 狡猾的，巧妙的，可爱的[法] 狡猾的的，狡诈的，熟练的
contrive	kәn'traiv	v. 发明，设计，图谋
ghastly	'gɑ:stli	a. 可怕的，惨白的，极坏的adv. 可怖地，惨白地
deplore	di'plɒ:	vt. 悲悼，哀叹，对……深感遗憾
illegitimate	.ili'dʒitimәt	a. 不法的，私生的，不合规则的，不合理的，不符合习惯的n. 无合法身份的人vt. 宣告……为非法，证明……为私生
vain	vein	a. 无价值的，徒然的，空虚的，自负的，愚蠢的
marrow	'mærәu	n. 髓，骨髓，精华，活力，配偶[医] 髓（尤指骨髓）
delicacy	'delikәsi	n. 细软，精致，精美的食品，娇气，微妙，棘手，娇弱，灵敏，灵巧
accentuate	æk'sentjueit	vt. 以重音念，强调，重读
supernova	.sju:pә'nәuvә	n. 超新星
reinstate	.ri:in'steit	vt. 使复原，使恢复，使复立
authorization	.ɒ:θәrai'zeiʃәn	n. 授权，许可[经] 授权，许可，批准
jumble	dʒʌmbl	vi. 搀杂，混杂vt. 搞乱，使混乱n. 混乱，薄饼
assorted	ә'sɒ:tid	a. 各种各样的，分类的
grieve	gri:v	vt. 使悲伤vi. 悲痛，伤心
assent	ә'sent	n. 赞成vi. 同意
receptive	ri'septiv	a. 能接纳的[医] 接受的，感受的
seminary	'seminәri	n. 神学院，发源地
tack	tæk	n. 平头钉，大头钉，粗缝针脚，行动方针，食物vt. 以大头针钉住，附加
compulsion	kәm'pʌlʃәn	n. 强迫，强制[医] 强迫
coercion	kәu'ә:ʃәn	n. 强迫，威压，高压统治[法] 强迫，强制，高压统治
drizzle	'drizl	n. 细雨v. 下毛毛雨
dissipate	'disipeit	vt. 散失，驱散，浪费vi. 消散，放荡
publicize	'pʌblisaiz	vt. 宣传
vogue	vәug	n. 时尚，时髦，流行a. 流行的，时髦的
finale	fi'nɑ:li	n. 结局，最后乐章，终曲
bulge	bʌldʒ	n. 胀，膨胀vi. 凸出vt. 使膨胀
stout	staut	a. 结实的；矮胖的；勇敢的；激烈的n. 矮胖子；烈性啤酒
indignation	.indig'neiʃәn	n. 愤怒，愤慨，义愤
scarcity	'skɑ:siti	n. 缺乏，不足，缺少[经] 缺乏，不足
locale	lәu'kɑ:l	n. 现场，场所[计] 场所
pertinent	'pә:tinәnt	a. 相关的，中肯的，切题的[法] 恰当的，有关的
fencing	'fensiŋ	n. 围墙，剑术[法] 围栏，买卖赃物，辩论
manure	mә'njuә	n. 肥料，粪肥vt. 施肥于
tenet	'tenit	n. 信条，教义，宗旨，原则
insanity	in'sæniti	n. 疯狂，愚顽，精神错乱[医] 精神病
ingenuity	.indʒi'nju:iti	n. 心灵手巧，精巧，精巧设计
rustic	'rʌstik	n. 乡下人，乡巴佬a. 乡村的，纯朴的，手工粗糙的
rigor	'rigә	n. 严格，严厉，苛刻，严酷，严密，精确[医] 寒战，强直，僵硬
involuntary	in'vɒlәntәri	a. 自然而然的，无意识的，不知不觉的，偶然的，不随意的[医] 不随意的
connotation	.kɒnәu'teiʃәn	n. 含蓄，内涵
sling	sliŋ	n. 投石器，抛掷，吊索，吊钩vt. 用投石器投掷，用吊钩吊上，吊起
hideous	'hidiәs	a. 丑恶的，可憎的，令人沮丧的
scribble	'skribl	n. 潦草的写法，潦草写成的东西，拙劣的作品v. 潦草地书写，乱写，滥写
renounce	ri'nauns	vt. 拒绝，放弃，否认，垫牌vi. 垫牌，声明放弃权利n. 垫牌
molest	mә'lest	vt. 妨碍，干扰，调戏[法] 调戏，作弄，恶意干涉
dysfunctional	dɪsˈfʌŋkʃənl	a. 功能失调的
lagoon	lә'^u:n	n. 环礁湖，近海岸的浅水区，泻湖，咸水湖
detrimental	.detri'mentәl	a. 有害的
ambivalence	æm'bivәlәns	n. 矛盾情绪[医] 矛盾情绪（两种情感互相冲突）
blizzard	'blizәd	n. 大风雪，暴风雪
thorn	θɒ:n	n. 刺，棘，荆棘
melon	'melәn	n. 瓜，甜瓜，红利，赃物[化] 三聚二氰亚胺
supremacy	sju'premәsi	n. 至高无上，霸权地位，优势，至上[法] 至高权力，无上权力，霸权
wrath	rɒ:θ	n. 愤怒，激怒，愤怒的举动，（自然现象等）严酷
approximate	ә'prɒksimәt	a. 大约的，接近的，近似的vt. 接近，使接近，粗略估计vi. 接近于
dummy	'dʌmi	n. 傀儡，假人，仿制品a. 虚设的，假的，名义上的
flinch	flintʃ	vi. 畏缩，退缩，畏首畏尾n. 退缩，弗林奇戏
pulpit	'pulpit	n. 讲道坛
procure	prәu'kjuә	vt. 获得，取得，导致vi. 拉皮条
downplay	'daunplei	vt. 不予重视
vulgar	'vʌlgә	a. 粗俗的，庸俗的，普通的，通俗的，方言的[法] 庸俗的，卑下的，粗俗的
vocation	vәu'keiʃәn	n. 职业，天命，天职，才能，行业[法] 行业，职业，职业上的才能
levee	'levi	n. 早朝，大堤vt. 为……筑堤
logistics	lәu'dʒistiks	n. 后勤学，后勤[医] 后勤学
tart	tɑ:t	a. 酸的，辛辣的，尖酸的vt. 妖艳打扮n. 果馅饼，妓女
ethos	'i:θɔs	n. 气质；民族精神；社会思潮
stale	steil	n. 尿a. 不新鲜的，陈腐的，疲惫的，陈旧的vt. 使变旧，走味vi. 变陈旧，走味，失时效，撒尿
fret	fret	n. 烦躁，磨损，焦急，网状饰物vi. 烦恼，不满，磨损vt. 使烦恼，腐蚀，使磨损，使起波纹
disseminate	di'semineit	vt. 散播，传播，宣传vi. 广为传播
errand	'erәnd	n. 任务，差使，使命
ordnance	'ɒ:dnәns	n. 大炮，军械，武器
acquit	ә'kwit	vt. 无罪释放，表现，使履行[法] 开释，释放，免
prelude	'prelju:d	n. 前奏，序幕，序诗，前奏曲vi. 作为前奏vt. 作为……的开头
treacherous	'tretʃәrәs	a. 不可信任的，危险的，背叛的，不可靠的[法] 奸诈的，背叛的，背信弃义的
traitor	'treitә	n. 叛逆者，叛国者[法] 叛徒，叛逆，背信者
espouse	i'spauz	vt. 支持，赞成，嫁，娶[法] 娶，出嫁，信奉
benevolent	bi'nevәlәnt	a. 善意的，慈善的
provocation	.prɒvә'keiʃәn	n. 激怒，刺激，挑拨[医] 激发[作用]
strew	stru:	vt. 散播，撒满
tempo	'tempәu	n. 速度，节奏，进行速度，（棋的）一着
wilt	wilt	v. （使）枯萎，（使）衰弱，（使）畏缩n. 枯萎，衰弱，憔悴
yeast	ji:st	n. 酵母[化] 酵母
fleeting		a. 疾驰的，短暂的，飞逝的
wane	wein	n. 减少，衰微，败落，亏缺，月亏vi. 变小，亏缺，衰落，消逝，退潮
pantomime	'pæntәmaim	n. 手势，哑剧，舞剧v. 打手势，演哑剧
hegemony	hi:'dʒemәni	n. 霸权，领导权，支配权，拥有支配权的政府[法] 霸权，盟主权
cub	kʌb	n. 幼兽，年轻人
beacon	'bi:kn	n. 烽火，灯塔v. 照亮
palpable	'pælpәbl	a. 可感知的，明显的，触摸得到的[医] 可触知的
aboriginal	.æbә'ridʒәnәl	a. 原始的，土著的n. 土著居民，土生生物
prolific	prәu'lifik	a. 有生殖力的，多产的，丰富的[医] 多育的，多产的，繁殖的
predominate	pri'dɒmineit	vt. 掌握，控制，支配vi. 占主导地位，占优势
overriding		[医] [骨折端]重迭，架迭
grandeur	'grændʒә	n. 庄严，伟大，壮丽
enshrine	in'ʃrain	vt. 入庙祀奉，铭记
ridicule	'ridikju:l	n. 嘲笑，愚弄，笑柄vt. 嘲笑，嘲弄，愚弄
denim	'denim	n. 斜纹粗棉布，牛仔布，劳动布，（非正式）工作服，工装裤
rectangle	'rektæŋgl	n. 长方形，矩形[化] 矩形
angular	'æŋgjulә	a. 有角的，消瘦的，有尖角的，生硬的[医] 角的，角形的
periphery	pә'rifәri	n. 外围，边缘地区，圆周[医] 外周，周围
flask	flæsk	n. 细颈瓶，烧瓶，小水瓶[化] 瓶; 烧瓶
engaging	in'geidʒiŋ	a. 动人的，迷人的，有魅力的
zest	zest	n. 兴趣，热情，风味，热心vt. 给……调味
exodus	'eksәdәs	n. 大批的离去[法] 退出，大批离去，成一外出
translucent	træns'lu:snt	a. 半透明的，透明的
sensual	'senʃuәl	a. 肉欲的，感觉的，感觉论的
stranded		a. 处于困境的，进退两难的
hoof	hu:f	n. 蹄，（人的）脚vt. 以蹄踢，行走，步行vi. 走，踢，踏
chandelier	,ʃændi'liә	n. 枝形吊灯
formative	'fɒ:mәtiv	a. 有助于形成的，造型的，形成的n. 构词要素
rosy	'rәuzi	a. 蔷薇色的，玫瑰红色的
innate	i'neit	a. 先天的，天生的[医] 先天的，生来的
clam	klæm	n. 蛤，沉默寡言的人vi. 捞蛤
gallop	'gælәp	n. 疾驰，飞奔vi. 飞驰，急速进行，急急忙忙地说vt. 使飞跑，迅速运输
avalanche	'ævәlɑ:ntʃ	n. 雪崩，山崩，大量vi. 崩塌vt. 大量涌至
festive	'festiv	a. 庆祝的，喜庆的，欢乐的
grope	grәup	v. 摸索n. 摸索
microbe	'maikrәub	n. 微生物，细菌[医] 微生物
engaged	in'geidʒd	a. 忙碌的，使用中的
serene	si'ri:n	a. 宁静的，沉着的，安详的，晴朗的n. 晴朗，平静
gorge	gɒ:dʒ	n. 峡谷，凹槽，塞饱，咽喉vi. 狼吞虎咽vt. 塞饱，狼吞虎咽地吃
gust	gʌst	n. 突然一阵，趣味，爱好
fluffy	'flʌfi	a. 毛绒绒的，蓬松的，空洞的，无内容的，不明确的[医] 绒毛状的
tapestry	'tæpistri	n. 挂毯，绒绣vt. 用挂毯装饰
pathology	pæ'θɒlәdʒi	n. 病理学，病理，病状，病变[医] 闰理学
blurt	blә:t	vt. 冲口说出，脱口说出
sect	sekt	n. 宗派，教派
excavate	'ekskәveit	v. 挖空，挖出，凿通
vanguard	'vængɑ:d	n. 前锋，先锋，先驱
harshly	'hɑ:ʃli	adv. 粗糙地，粗暴地，刺耳地
pious	'paiәs	a. 虔诚的，敬神的，尽责的，可嘉的，不可能实现的
expulsion	ik'spʌlʃәn	n. 逐出，开除，驱逐，排气[医] 逼出
predominant	pri'dɒminәnt	a. 占主导地位的，卓越的[法] 占优势的，支配其他的，主要的
earthly	'ә:θli	a. 地球的，俗世的，可能的
periodical	.piәri'ɒdikl	n. 期刊a. 定期出版的，（有关）期刊的，间歇（性的）, 周期的，定期的
decipher	di'saifә	vt. 译解，解释n. 密电译文
exemplary	ig'zemplәri	a. 可仿效的，可做模范的，惩戒性的，示范的[法] 惩罚性的，警戒性的，示范的
deplete	di'pli:t	vt. 耗尽，使衰竭[医] 排除，减少
propagate	'prɒpәgeit	vt. 繁殖，传播，传送vi. 繁殖，蔓延
scotch	skɔtʃ	n. 苏格兰人，苏格兰语，刻痕a. 苏格兰人的，苏格兰语的vt. 刻痕于，伤害，镇压，妨碍
pagan	'peigәn	n. 异教徒，无宗教信仰者a. 异教的，异教徒的
gait	geit	n. 步法，步态vt. 训练……的步法
adept	ә'dept	a. 熟练的，老练的，巧妙的n. 能手，内行
foray	'fɒrei	vi. 侵略，劫掠，袭击n. 侵掠，侵略，攻击
shabby	'ʃæbi	a. 衣衫褴褛的，低劣的，破旧的，吝啬的，卑鄙的
exponent	ik'spәunәnt	n. 说明者，倡导者，说明物，指数a. 说明的[计] 指数
installment	in'stɒ:lmәnt	n. 就职，装设，分期付款[经] 分期付款
subtract	sәb'trækt	vt. 减去，扣掉，减少vi. 做减法[计] 减
nourish	'nә:riʃ	vt. 滋养，使健壮，怀有
auspices	'ɔ:spisiz	n. 赞助，主办，保护
hysteria	his'tiәriә	n. 歇斯底里症，不正常的兴奋，癔病[医] 癔病，歇斯底里
brook	bruk	n. 小溪vt. 容忍
infringe	in'frindʒ	v. 破坏，侵犯，违反
dagger	'dægә	n. 匕首vt. 用剑刺
diagonal	dai'ægәnl	a. 对角线的，斜的，斜纹的n. 对角线，斜线，斜列
insulate	'insjuleit	vt. 使绝缘，隔离[医] 绝缘
prerequisite	pri:'rekwizit	a. 先决条件的，必要的n. 先决条件，必备条件
operative	'ɒpәrәtiv	a. 动作的，运转的，有效的，关键的，手术的n. 技工，侦探
embankment	im'bæŋkmәnt	n. 堤防，筑堤
anthology	æn'θɒlәdʒi	n. 选集，诗选
imprint	im'print	vt. 印，铭刻n. 印，印记，特征，痕迹，版本说明
psalm	sɑ:m	n. 圣诗，圣歌，诗篇vt. 唱（圣歌）
wry	rai	a. 扭歪的，歪曲的，歪斜的v. 扭曲，扭歪
repository	ri'pɔzitәri	n. 贮藏所，贮物器，仓库，博物馆，店铺，陈列室，资源丰富地区，墓地，亲信，知己[经] 仓库，栈房，贮藏所
projector	prә'dʒektә	n. 计划人，发起人，规划人，放映机，映画器，幻灯机，幻灯，探照灯，发射器[计] 投影仪
falcon	'fɒ:lkәn	n. 隼，猎鹰
austerity	ɒ'sterәti	n. 朴素，苦行，严格，严峻
prehistoric	'pri:his'tɔrik	a. 历史以前的，史前的
enamel	i'næml	n. 珐琅，瓷釉vt. 涂以瓷釉，彩饰
nicotine	'nikәti:n	n. 烟碱，尼古丁[化] 烟碱; 尼古丁
treason	'tri:zn	n. 叛逆，不忠，叛国罪[法] 叛逆，通敌，叛国罪
quaint	kweint	a. 古雅的，离奇有趣的，奇怪的
seedling	'si:dliŋ	n. 秧苗，树苗[医] 籽苗，幼苗，实生苗
resin	'rezin	n. 树脂vt. 涂树脂于
remit	ri'mit	vt. 宽恕，赦免，免除，汇出，缓解，减轻，把……提交，使恢复原状，推迟vi. 缓解，汇款n. 移交的事物
raffle	'ræfl	n. 抽彩售货，废物vt. 抽彩售货vi. 抽彩
oasis	әu'eisis	n. 绿洲，舒适的地方[医] 绿洲（沙漠中）, 健岛（病变区中的健康组织）
inception	in'sepʃәn	n. 起初，获得学位
telling	'teliŋ	a. 有效的，显著的，显露内心活动的
balk	bɒ:k	n. 障碍，错误，失败vt. 阻止，错过，推诿vi. 逡巡不前
monstrous	'mɒnstrәs	a. 巨大的，畸形的，怪异的[法] 巨大的，异形的，畸形的:荒诞的
obese	әu'bi:s	a. 肥胖的[医] 肥胖的
exposition	.ekspә'ziʃәn	n. 阐述，讲解，说明，博览会，展览会[经] 展览会，集市，义卖市场
moratorium	.mɒrә'tɒ:riәm	n. 延期偿付，暂停[法] 延期偿付，延缓履行，延期偿还期
transient	'trænziәnt	n. 瞬，短期居留者，过境鸟，瞬变现象a. 短暂的，易变的，瞬变的，路过的[计] 瞬变过程; 过渡过程; 过渡的; 瞬变的; 瞬时峰值电压
sprig	sprig	n. 小树枝，无头钉vt. 用小树枝装饰，用钉子钉上，使蔓生
monologue	'mɔnәlɔ^	n. 独白，独脚戏，独白场面，（非正式）（贬）滔滔不绝的话
feud	fju:d	n. 不和，封地，争执vi. 长期不和，擦亮
clement	'klemәnt	a. 仁慈的，宽厚的，温和的
convertible	kәn'vә:tәbl	a. 可改变的，可交换的n. 有活动篷的汽车
archer	'ɑ:tʃә	n. 弓箭手，射箭运动员
redistribution	'ri:distri'bju:ʃәn	n. 重新分配，再分发[计] 重新分配
embryonic	.embri'ɒnik	a. 萌芽的，初期的，未成熟[医] 胚胎的
audible	'ɒ:dәbl	a. 听得见的[电] 可闻的
resurgence	ri'sә:dʒәns	n. 再起，复活，再现
idiom	'idiәm	n. 习语，成语，惯用语法，方言
fledgling	'fledʒliŋ	n. 羽毛初长的雏鸟，刚会飞的幼鸟，无经验的人
pantry	'pæntri	n. 餐具室，食品室
obituary	ә'bitjuәri	a. 关于死亡的，讣告的n. 讣告
fabricate	'fæbrikeit	vt. 制造，建造，装配，伪造
comma	'kɒmә	n. 逗点，逗号
promenade	.prɒmi'neid	n. 散步，骑马，舞会vi. 漫步，兜风vt. 在……散步
wrench	'rentʃ	n. 扳钳，扳手，扭伤，歪曲，痛苦vt. 猛扭，扭伤，曲解，折磨vi. 猛扭，猛绞
sublime	sә'blaim	a. 高尚的，壮观的，卓越的v. 提高，（使）变高尚，（使）纯化，（使）升华n. 庄严，崇高，顶点
collateral	kә'lætәrәl	a. 并行的，附随的，旁系的n. 旁系亲属，担保品
ecstatic	ik'stætik	n. 狂喜的人a. 狂喜的
waive	weiv	vt. 不坚持要求，放弃，推迟考虑，丢弃[经] 放弃权利，免除，弃权人
spire	spaiә	n. 尖塔，尖顶，锥形体，螺旋vi. 突出，耸立，螺旋形上升vt. 给……加塔尖
thaw	θɒ:	n. 融解，融化，解冻时期vt. 使融解，使缓和vi. 融化，解冻
metaphysical	.metә'fizikl	a. 形而上学的，纯粹哲学的，抽象的
disintegrate	dis'intigreit	vt. （使）分解，（使）碎裂[医] 分解，分裂，蜕变
obliterate	ә'blitәreit	vt. 擦去，冲刷（掉）, 消灭，忘掉，盖销（邮票等）[法] 灭迹，消灭，涂抹
infiltrate	in'filtreit	vt. 使浸润，使潜入，使渗入vi. 渗入n. 渗透物
slit	slit	n. 裂缝，投币口，狭长裂口vt. 切开，扯裂，使有狭缝vi. 纵切，纵裂
magnate	'mægneit	n. 大官，巨头[法] 大官，权贵，大资本家
taboo	tә'bu:	n. 禁忌，禁止接近，禁止使用a. 禁忌的，忌讳的vt. 禁忌，忌讳，禁止
interrogate	in'terәgeit	vt. 质问，讯问，审问vi. 质问，讯问
hypertension	.haipә'tenʃәn	n. 高血压，过度紧张[医] 高血压，血压过高，张力过强，压力过高
taut	tɒ:t	a. 拉紧的，整洁的，紧张的
sacrament	'sækrәmәnt	n. 圣礼，圣事，誓言vt. 使立誓，使宣誓
gully	'gʌli	n. 小峡谷，排水沟
clientele	.kli:ɒn'tel	n. 诉讼委托人，客户[法] 委托人，受保护者，门徒
parity	'pærәti	n. 同等，同位，平价，奇偶性[计] 奇偶性
fag	fæg	n. 吃力的工作，苦工vi. 努力地工作vt. 使劳累
mediocre	.mi:di'әukә	a. 不好不坏的，通常，平凡的
hedgehog	'hedʒhɒg	n. 豪猪，刺猬，难交朋友的人，防卫森严的阵地
speck	spek	n. 斑点，有斑点的东西，污点，缺点，微粒，肥肉vt. 使有斑点
tattered	'tætәd	a. 破烂的，褴褛的
detergent	di'tә:dʒәnt	n. 清洁剂[化] 洗涤剂
rendition	ren'diʃәn	n. 译文，施舍，表演[经] 生产量
curfew	'kә:fju:	n. 晚钟，打晚钟时刻，宵禁[法] 宵禁，宵禁令
glisten	'glisn	vi. 闪亮，辉耀n. 闪光，闪耀
ledger	'ledʒә	n. 分类帐，分户总帐，盖墓石板，横木[经] 分户帐，分类帐
encyclopedia	in.saiklәu'pi:diә	n. 百科全书
remorse	ri'mɒ:s	n. 懊悔，良心不安，自责，同情[法] 悔恨，自责，懊悔
cubicle	'kju:bikl	n. 小卧室[医] 小隔间（宿舍或病室中的）
malignant	mә'lignәnt	a. 有恶意的，恶性的，有害的[化] 恶性的
signatory	'si^nәtәri	n. 协议的签署者，签约国a. 签署的，签约的
margarine	.mɑ:dʒә'ri:n	n. 人造黄油[化] 人造奶油; 代奶油
scroll	skrәul	n. 卷轴，画卷，名册，条幅，滚动v. （使）成卷形[计] 滚动
affidavit	.æfi'deivit	n. 宣誓书，书面陈述[经] 宣誓，声明
satire	'sætaiә	n. 讽刺文学，讽刺
blockade	blɒ'keid	n. 阻塞vt. 封锁
behold	bi'hәuld	vt. 看到，注视vi. 看
parody	'pærәdi	n. 打油诗文，诙谐的模仿诗文，拙劣的模仿vt. 拙劣模仿，作模仿诗文
caste	kæst. kɑ:st	n. 印度的种姓制度，（排他的）社会团体
yawn	jɒ:n	n. 哈欠vi. 打哈欠，裂开vt. 打着哈欠说
neutralize	'nju:trәlaiz	vt. 使中立，使成中立地带，使中和，抵销vi. 中立化，变无效，中和
rebate	ri'beit	n. 部分退款，折扣vt. 退还，打折扣vi. 退还部分付款
pedestal	'pedistl	n. 支柱，基架，基座，基础vt. 加座，搁在台上，支持，提高……的地位
delineate	di'linieit	vt. 描绘……的轮廓，描绘，描写
caterpillar	'kætәpilә	n. 毛虫[机] 履带车
paranoia	.pærә'nɒiә	n. 偏执狂，多疑症[法] 妄想狂，偏执狂
reptile	'reptail	n. 爬行动物，爬虫，卑鄙的人a. 爬行的，爬虫类的，卑鄙的
expatriate	eks'peitrieit	n. 移居国外者，侨民，被流放者，背井离乡者vt. 逐出国外，脱离国籍，放逐vi. 移居国外
parable	'pærәbl	n. 寓言，隐晦的比较
majestic	mә'dʒestik	a. 宏伟的，庄严的
postulate	'pɒstjuleit	n. 假定，基本条件vt. 要求，假定
confound	kәn'faund	vt. 使混淆，使狼狈，挫败
confiscate	'kɒnfiskeit	vt. 没收，把……充公，查抄a. 被没收的
sod	sɒd	n. 草地，（铺草坪用的）草皮，故乡vt. 铺上草皮，以生草土覆盖
arable	'ærәbl	a. 适于耕种的，可耕的
rafter	'ræftә	n. 椽，筏夫vt. 装椽于
resurrect	.rezә'rekt	vi. 复活vt. 使复活，复兴，恢复，盗掘
resilience	ri'ziliәns	n. 弹回，有弹力，恢复力[化] 回弹; 弹性; 弹回性; 回能; 弹能
measured	'meʒәd	a. 整齐的，慎重的，基于标准的
revitalize	.ri:'vaitәlaiz	vt. 使恢复生气，使复活，使复兴
impediment	im'pedimәnt	n. 妨碍，障碍，阻止，口吃[经] 对履行义务的阻碍
stricture	'striktʃә	n. 狭窄，指责，束缚[医] 狭窄
remission	ri'miʃәn	n. 宽恕，豁免，免罪，缓和，减轻[医] 缓解，弛张
ornate	ɒ:'neit	a. 装饰的，华丽的
caress	kә'res	n. 爱抚，拥抱vt. 爱抚，抱，宠爱
viral	'vairәl	a. 病毒的，病毒引起的[医] 病毒的
patriot	'peitriәt	n. 爱国者，爱国主义者
skyscraper	'skaiskreipә	n. 摩天楼，三角形天帆
expend	ik'spend	vt. 花费，消耗，用光
resilient	ri'ziliәnt	a. 弹回的，有弹力的[医] 回弹的，回能的
hilarious	hi'lєәriәs	a. 喜不自禁的，欢闹的，引人发笑的
syringe	'sirindʒ	n. 注射器，洗涤器vt. 注射，洗涤
lattice	'lætis	n. 格子，组合格子，格子状东西vt. 制做格子，使成格子状[计] 格
revere	ri'viә	vt. 崇敬，敬畏，尊敬
bribe	braib	n. 贿赂vt. 贿赂，收买vi. 行贿
wiggle	'wigl	v. 扭动着行进，摆动n. 扭动，摆动
overstate	.әuvә'steit	vt. 夸大的叙述，夸张，过分强调[经] 多计，高估
cringe	krindʒ	n. 畏缩，奉承vi. 畏缩，抖缩，阿谀
lore	lɒ:	n. 知识，眼光
proclamation	.prɒklә'meiʃәn	n. 宣言，公布，布告，公告[法] 宣告，宣布，布告
victimize	'viktimaiz	vt. 使牺牲，使受害[法] 使受害，使作牺牲，欺骗
unearth	.ʌn'ә:θ	vt. 发掘，掘出，从洞中赶出，揭露，发现
ambivalent	æm'bivәlәnt	a. 矛盾的，模棱两可的[医] 矛盾情绪的
humid	'hju:mid	a. 潮湿的，湿润的，多湿气的
automation	.ɒ:tә'meiʃәn	n. 自动化，自动操作[计] 自动学; 自动化
trudge	trʌdʒ	n. 沉重的步伐，长途跋涉vi. 步履艰难地走，蹒跚地走vt. 跋涉
glean	gli:n	v. 拾落穗，收集
generalize	'dʒenәrәlaiz	vt. 一般化，概括，推广vi. 形成概念，笼统讲
suggestive	sә'dʒestiv	a. 提示性的，影射的，暗示的[医] 暗示的
faucet	'fɒ:sit	n. 龙头，开关，旋塞
stash	stæʃ	vt. 藏起来n. 隐藏处，隐藏物
parry	'pæri	vt. 挡开，回避，闪避的回答n. 挡开，回避，闪避的回答
shard	ʃɑ:d	n. 陶瓷碎片，鞘翅，薄硬壳
fillet	'filit	n. 头带，带子vt. 用带缚
arid	'ærid	a. 干燥的，不毛的
ratification	.rætifi'keiʃәn	n. 批准，承认，认可[经] 追认，批准
jade	dʒeid	n. 玉，翡翠，老马a. 绿色的，玉制的v. （使）疲倦
dwindle	'dwindl	vi. 减少，缩小，衰落vt. 使缩小
snarl	snɑ:l	vi. 吼叫，怒骂，缠结vt. 咆哮着说，搞乱，使缠结n. 咆哮，吼叫，怒骂，缠结，混乱
quiver	'kwivә	n. 震动，颤抖，箭袋vi. 颤抖，振动vt. 使颤动a. 敏捷的
primate	'praimit	n. 大主教，灵长目动物[医] 灵长类
glitter	'glitә	n. 灿烂，闪烁，辉耀vi. 灿烂，闪烁，辉耀
caricature	'kærikәtʃә	n. 讽刺画，漫画，漫画手法vt. 画成漫画讽刺
suffrage	'sʌfridʒ	n. 投票，选举权，参政权，代祷[法] 选举权，投票权，参政权
propulsion	prә'pʌlʃәn	n. 推进，推进力[医] 前冲，慌张步态
antarctic	ænt'ɑ:ktik	a. 南极的，南极地带的n. 南极地区
attire	ә'taiә	n. 服装，盛装vt. 使穿衣，打扮
cleavage	'kli:vidʒ	n. 劈开，裂片，分裂[化] 解理
gulp	gʌlp	vt. 吞，大口大口地吸气，吸收，抑制vi. 吞咽n. 吞咽[计] 字节组
splendor	'splendә	n. 光辉，壮丽，显赫
blatant	'bleitәnt	a. 喧嚣的，吵闹的，俗丽的，炫耀的
pictorial	pik'tɒ:riәl	a. 绘画的，插图的，用图画表示的，形象化的，有象形文字特征的n. 画报，画刊，有图邮票，插图杂志，插图报纸
fanatic	fә'nætik	n. 狂热者，盲信a. 狂热的，盲信的
sequential	si'kwenʃәl	a. 继续的，后果的[计] 顺序的
rendering	'rendәriŋ	n. 翻译，表现，描写，表演，打底，透视图
byzantine	bi'zæntain	a. 拜占庭帝国的，拜占庭式的
ancestry	'ænsestri	n. 祖先，世系，名门出身
repercussion	.ri:pә'kʌʃәn	n. 弹回，反响，反射[医] 消退[法], 消肿[法], 浮动诊胎法
frivolous	'frivәlәs	a. 轻佻的，妄动的，琐碎的[法] 轻薄的，轻浮的，无意义的
thematic	θi:'mætik	a. 题目的，主题的，主旋律的
decoy	di'kɒi	n. 圈套，诱骗vt. 诱骗
baton	'bætәn	n. 指挥棒，接力棒，警棍
deviant	'di:viәnt	a. 不正常的n. 不正常的人（或物）
tame	teim	a. 驯服的，柔顺的，被开垦的，顺从的，乏味的，平淡的vt. 驯养，驯服，制服，失去锋芒vi. 变得驯服
crag	kræg	n. 峭壁，危岩[建] 岩石碎块
deport	di'pɒ:t	vt. 举止，驱逐出境[法] 放逐，驱逐，递解
debacle	dei'bɑ:kl	n. 崩溃，大失败
blare	blєә	n. 巨响，吼叫声，光泽vi. 高声鸣叫，大叫vt. 大声喊出
kennel	'kenl	n. 狗舍，狗屋，阴沟vt. 置于狗舍，宿于狗舍vi. 进狗窝
gobble	'gɒbl	n. 火鸡叫声vt. 狼吞虎咽vi. 贪食，咯咯叫
jolt	dʒәult	n. 震摇，摇动，颠簸vi. 颠簸而行，震摇vt. 使颠簸，使慌张，猛击
ardent	'ɑ:dnt	a. 热心的，激动的，燃烧般的[医] 灼热的; 热心的
subpoena	sәb'pi:nә	n. 传票vt. 传审，传唤
cistern	'sistәn	n. 贮水器，水塘，水箱[化] 槽车
devout	di'vaut	a. 虔诚的，虔敬的，诚恳的
rave	reiv	n. 狂吼，狂暴v. 愤怒地说，叫嚷，咆哮
fresco	'freskәu	n. 湿壁画，湿壁画技法vt. 作湿壁画于
grimace	gri'meis	n. 鬼脸，怪相vi. 扮鬼脸，作怪相
strife	straif	n. 争吵，竞争，冲突
amplitude	'æmplitju:d	n. 广阔，充足，幅度[化] 振幅
burrow	'bʌrәu	n. 洞穴，藏身处vi. 掘洞穴，躲藏vt. 掘，打洞
leash	li:ʃ	n. （拴狗颈的）皮带vt. 以皮带束缚，束缚
propensity	prә'pensәti	n. 倾向，爱好，习性
carp	kɑ:p	n. 鲤鱼vi. 吹毛求疵，挑剔
delusion	di'lu:ʒәn	n. 迷惑，欺瞒，错觉[医] 妄想
solidify	sә'lidifai	v. （使）凝固，（使）团结，巩固
uncanny	.ʌn'kæni	a. 怪诞的，可怕的，离奇的，神秘的
pane	pein	n. 窗玻璃，方框，方格，窗格vt. 嵌窗玻璃于[计] 窗格
dampen	'dæmpәn	vt. 弄湿，使沮丧vi. 变湿，丧气
smother	'smʌðә	vt. 使喘不过气，使窒息，闷熄，忍住，抑制，覆盖vi. 窒息，被抑制n. 浓烟，窒息状态，杂乱无章
incubate	'inkjubeit	vt. 孵，培养，使发展vi. 孵蛋，潜伏，筑巢，孵化，酝酿n. 孵育物
inhibitor	in'hibitә(r)	n. 禁止者，抑制人，抑制物，抑制因素，抑制剂，阻化剂[计] 禁止器，抑制剂
mute	mju:t	n. 哑子，哑音字母，弱音器a. 哑的，无声的，沉默的vt. 减弱……的声音vi. 排泄
intersect	.intә'sekt	vt. 贯穿，横穿vi. 交错，相交
oatmeal	'әutmi:l	n. 燕麦片，燕麦粥[医] 燕麦片
hassle	'hæsl	n. 激烈而持久的争论vi. 争论vt. 与……争辩，使烦恼
dorsal	'dɒ:sәl	a. 背的，背部的，背侧的[医] 背的，背侧的
embodiment	im'bɒdimәnt	n. 具体化，化身
overdue	'әuvә'dju:	a. 过期的，未兑的，迟到的，早就成熟的[经] 过期未付的
singularity	.siŋgju'læriti	n. 奇异，突出，稀有[化] 奇点
censor	'sensә	n. 检查员vt. 检查，审查，删改
overhaul	.әuvә'hɒ:l	vt. 分解检查，翻修，精细检查，彻底革新n. 分解检查，精细检查，大检修
ventral	'ventrәl	a. 腹的，腹部的，腹面的n. 腹鳍
conducive	kәn'dju:siv	a. 有益于……的，有助于……的，助长的
throng	θrɒ:ŋ	n. 群，人群，群集，众多a. 拥挤的vi. 群集，蜂拥vt. 在……群集，使拥塞
scoff	skɒf	n. 嘲笑，愚弄，笑柄，食品v. 嘲笑，嘲弄，贪吃，狼吞虎咽地吃
sanity	'sæniti	n. 神智健全，头脑清楚，通情达理[医] 精神健全
mammoth	'mæmәθ	n. 猛犸，庞然大物a. 猛犸似的，巨大的
fervor	'fә:vә	n. 热情，热心，炽热
hem	hem	n. 边缘，折边，哼声vt. 缝边，包围，关闭vi. 做折边，发哼声interj. 哼
cavern	'kævәn	n. 巨穴，洞窟，深处vt. 放于山洞中，挖空
thicket	'θikit	n. 丛林，草丛
prowess	'prauis	n. 英勇，勇敢，超凡技术
ooze	u:z	n. 渗流，分泌物v. 渗出，泄漏
hamstring	'hæmstriŋ	n. 后腿腱vt. 切断腿腱使成跛腿，使瘫痪
goggle	'gɒgl	n. 眼睛瞪视，护目镜a. 突出的，瞪眼的vi. 瞪眼看，眼珠转动vt. 使瞪眼，使眼珠转动
bristle	'brisl	n. 刚毛，猪鬃vi. 直立，发怒，充满vt. 使直立
conscientious	.kɒnʃi'enʃәs	a. 有责任心的，负责的，本着良心的[法] 凭良心做的，有道德感的
fraught	frɒ:t	a. 含有……的，伴着……的，充满……的
tenuous	'tenjuәs	a. 稀薄的，微细的，纤细的，脆弱的[医] 细薄的，纤细的
scowl	skaul	n. 愁容，阴沉脸色vi. 皱眉，绷着脸vt. 怒视
baffle	'bæfl	vt. 困惑，为难，使挫折vi. 徒作挣扎n. 迷惑，挡板
refute	ri'fju:t. ri:-	vt. 反驳，驳斥；驳倒
onslaught	'ɒnslɒ:t	n. 突击，猛击，猛攻
meticulous	mә'tikjulәs	a. 一丝不苟的，精确的，过细的
garner	'gɑ:nә	n. 谷仓，积蓄vt. 储存，贮藏
shingle	'ʃiŋgl	n. 墙面板，小招牌
beset	bi'set	vt. 围绕，使苦恼，镶嵌
collage	kɒ'lɑ:ʒ	n. 拼贴画
fraudulent	'frɒ:djulәnt	a. 欺诈的，不正的，不诚实的[法] 欺诈的，欺骗的，骗取的
extinguish	ik'stiŋgwiʃ	vt. 熄灭，使消亡，压制，使减色[医] 消灭
budge	bʌdʒ	vi. 微微移动vt. 推动n. 羔羊皮
impartial	im'pɑ:ʃәl	a. 公平的，不偏不倚的[法] 公正无私的，不偏袒的，公平的
forage	'fɒridʒ	n. 粮草，饲料，搜寻粮草vt. 喂，掠夺，搜寻粮秣vi. 搜寻粮草，掠夺
sliver	'slivә	n. 裂片，薄片，梳毛vt. 切成长片vi. 剖开，分裂
saturate	'sætʃәreit	vt. 使渗透，浸透，使充满，使饱和a. 浸透的，饱和度高的，深颜色的n. 饱和化合物，饱和脂肪酸
consign	kәn'sain	vt. 交付，储蓄，委托，寄存[经] 托卖，寄存，寄销
vindicate	'vindikeit	vt. 辩护，证明……无辜，维护[法] 辩护，辩解，辩明
rebellious	ri'beljәs	a. 造反的，反抗的[法] 造反的，反抗的，反判的
divergent	dai'vә:dʒәnt	a. 有分歧的[医] 散开的，偏斜的
cumbersome	'kʌmbәsәm	a. 笨重的，麻烦的，累赘的
respite	'respait	n. 暂缓，缓期执行vt. 使暂缓
throttle	'θrɒtl	n. 节流阀，节气阀，喉咙vt. 扼喉咙，使窒息，压制，使节流vi. 窒息，节流，减速
restored		a. 精力充沛的；精力恢复的
allusion	ә'lu:ʒәn	n. 提及，暗指
apex	'eipeks	n. 顶，尖端，最高潮[医] 尖，尖端
fad	fæd	n. 时尚[化] 黄素腺嘌呤二核苷酸
perjury	'pә:dʒәri	n. 伪誓，伪证，背信弃义[经] 伪证，假的证据
repel	ri'pel	vt. 逐退，抵制，使厌恶，抗御vi. 使厌恶，相互排斥
condone	kәn'dәun	vt. 赦，宽恕[法] 宽恕，不咎，抵销
misgiving	mis'^iviŋ	n. 疑虑，不安，害怕，担扰，疑惧
ferocious	fә'rәuʃәs	a. 残忍的，凶猛的，可怕的
rehabilitate	.ri:hә'biliteit	vt. 恢复原状，修复，使康复[法] 恢复，使恢复心理健康，修复
culmination	.kʌlmi'neiʃәn	n. 顶点，高潮，最高点
bloated	'blәutid	a. 发胀的，浮肿的，傲慢的
jigsaw	'dʒigsɒ:	n. 线锯vt. 用线锯锯
espionage	.espiә'nɑ:ʒ	n. 间谍活动[法] 间谍活动，刺探，间谍
seismic	'saizmik	a. 地震的
infinity	in'finiti	n. 无限大，无限[计] 无穷
farce	fɑ:s	n. 闹剧，滑稽剧，胡闹
giddy	'gidi	a. 眼花的，头晕的v. （使）眼花，（使）眩晕
bogus	'bәugәs	a. 假的，伪造的[经] 伪的，伪造的
delve	delv	v. 探究，查考n. 坑，穴
frigid	'frigid	a. 寒冷的，严寒的，冷淡的[医] 寒冷的，冷淡的，性感缺失的
itinerary	ai'tinәrәri	n. 旅程，旅行指南，游记a. 巡回的，旅程的
standstill	'stændstil	n. 停止，停顿[医] 停顿
nibble	'nibl	n. 少量食物，细咬，轻咬，啃v. 一点一点地咬，细咬，吹毛求疵[计] 半字节
bewildering	bi'wildәriŋ	a. 令人困惑的，使人昏乱的
cypress	'saiprәs	n. 柏，落羽杉，柏树[机] 桧木
gush	gʌʃ	n. 涌出，滔滔不绝地讲话v. 涌出，迸出，滔滔不绝的讲话
loathe	lәuð	vt. 厌恶，憎恶
impeccable	im'pekәbl	a. 无懈可击的，勿容置疑的，无瑕疵的，不会做坏事的
horrendous	hɒ'rendәs	a. 可怕的，骇人的，不得了的
graphite	'græfait	n. 石墨[化] 石墨
emphatic	im'fætik	a. 语调强的，着重的，强调了的
detract	di'trækt	vi. 减去，贬低vt. 转移，分散
galley	'gæli	n. 战舰，军舰
apprehensive	.æpri'hensiv	a. 惴惴不安的，敏悟的，知晓的
barricade	.bæri'keid	n. 路障，障碍vt. 设路障于，阻碍
ecologist	i:'kɒlәdʒist	n. 生态学者
dormant	'dɒ:mәnt	a. 睡眠状态的，静止的[医] 休眠的，不活动的，休止的
subversive	sәb'vә:siv	a. 从事颠覆的，破坏性的n. 破坏分子，颠覆分子
settled	'setld	a. 固定的，决定的，持续的，难以消除的[经] 付讫的，固定的，结过帐的
tinker	'tiŋkә	n. 补锅匠，会做各种修补活计的人vi. 做焊锅匠，笨拙的修补vt. 修补
sporadic	spәu'rædik	a. 偶尔发生的，零星发生的，分散的[医] 散在的，散发的
intermittent	.intә'mitәnt	a. 间歇的，断断续续的[化] 间歇的; 间断的
landslide	'lændslaid	n. 山崩[化] 滑坡
substantiate	sәb'stænʃieit	vt. 使实体化，证实[经] 确证
trample	'træmpl	n. 践踏（声）, 蹂躏v. 践踏，无视
refresh	ri'freʃ	vt. 使清新，使恢复，使生气蓬勃vi. 提起精神，恢复精神，吃点心，喝饮料vt. 刷新，重新整理vi. 刷新，重新整理[计] 刷新，重新整理
timid	'timid	a. 胆小的，羞怯的
ambush	'æmbuʃ	n. 埋伏，伏兵，伏击vt. 埋伏，伏击vi. 埋伏
penalize	'pi:nәlaiz	vt. 处刑，对……处罚（刑）, 使不利[法] 处罚，对……处以刑事惩罚
concise	kәn'sais	a. 简洁的，简明的
symposium	sim'pәuziәm	n. 讨论会，座谈会，专题报告会，专题论文集
complacent	kәm'pleisnt	a. 满足的，自满的，得意的
felon	'felәn	n. 重罪犯，恶棍，瘭疽[医] 瘭疽，指头脓炎
forerunner	fɒ:'rʌnә	n. 先驱，前兆
deference	'defәrәns	n. 顺从，尊重
entourage	,ɔntu'rɑ:ʒ	n. 全体随行人员，陪同人员
doze	dәuz	vi. 打瞌睡，假寐vt. 打瞌睡度过n. 瞌睡
malicious	mә'liʃәs	a. 怀恶意的，恶毒的
drab	dræb	a. 土褐色的，单调的
cascade	kæ'skeid	n. 小瀑布，瀑布状物vi. 成瀑布落下[计] 层叠，级联
discriminatory	di'skriminәtәri; (?@) -tɔ:ri	a. 有辨识力的，有差别的
bliss	blis	n. 福佑，天赐的福[计] 实现系统软件的基本语言
kernel	'kә:nl	n. 核心，中心，精髓，内核[计] 内核
inertia	i'nә:ʃә	n. 惯性，惰性，迟钝[化] 惯性
corroborate	kә'rɒbәreit	vt. 巩固，确证[法] 确证，确定，证实
discernible	di's\\\\:nәbl,-'z\\\\:-	a. 看得清的，可看出的，可辨别的，辨别得出的[计] 可识别的
torrent	'tɒ:rәnt	n. 奔流，倾盆大雨，倾注，迸发
incite	in'sait	vt. 刺激，激励，引诱[法] 鼓动，煽动
anarchy	'ænәki	n. 无政府状态，政治混乱[法] 混乱，无秩序，无政府状态
forfeit	'fɒ:fit	n. 没收物，罚金，丧失vt. 没收，丧失a. 丧失了的
dislodge	dis'lɒdʒ	vt. 逐出，使移动，驱逐vi. 离开原位
coerce	kәu'ә:s	vt. 强制，强迫
immortal	i'mɒ:tәl	n. 不朽人物，神仙a. 永远的，不死的，长久的
assertive	ә'sә:tiv	a. 武断的，过分自信的[法] 断言的
antagonism	æn'tægәnizm	n. 对立，敌对，敌意[化] 拮抗作用; 消效作用
palate	'pælit	n. 腭，味觉，趣味，爱好[医] 腭
wreak	ri:k	vt. 发泄（怒火）, 报仇[法] 报仇，报复，施
seminal	'seminl	a. 精液的，种子的，生殖的[医] 种子的; 精液的
overrule	.әuvә'ru:l	vt. 统治，威压，打败，驳回[法] 否决，驳回，批驳
gruesome	'gru:sәm	a. 可怕的，令人毛骨悚然的，阴森的
poach	pәutʃ	vt. 水煮（蛋）, 偷猎，侵入，窃取vi. 偷猎，陷入泥中
hive	haiv	n. 蜂房，闹区，蜜蜂群vi. 进入蜂房，储藏蜜于蜂房，如蜂般群居vt. 使进蜂房，储备[计] 蜂巢
disband	dis'bænd	vt. 解散，遣散vi. 被解散
subvert	sәb'vә:t	vt. 推翻，颠覆，毁灭[法] 颠覆，推翻，减亡
caveat	'keiviæt	n. 中止诉讼程序的申请，警告[经] 停止支付的广告，货物出门概不退换
repute	ri'pju:t	n. 名望，名气，声望vt. 认为，以为
ravine	rә'vi:n	n. 峡谷，冲沟，溪谷
pervade	pә'veid	vt. 弥漫于，遍及于，流行于，蔓延，渗透于，充满
folklore	'fәuklɒ:	n. 民俗学，民间风俗，民间传说
justifiable	'dʒʌstifaiәbl	a. 可辩解的，可证明的，有理的[法] 正当的，不可非议的，可办明的
impinge	im'pindʒ	vi. 撞击，起作用，侵犯vt. 撞击
forbidding	fә'bidiŋ	a. 严峻的，可怕的，令人难亲近的
encapsulate	in'kæpsәleit	vt. 装入胶囊，封进内部，压缩vi. 做成胶囊
redirect	.ri:di'rekt	vt. 重新寄送，使改道，使改方向[计] 重定向，重新引导
tributary	'tribjutәri	a. 支流的，纳贡的，从属的，辅助的n. 支流，纳贡者，属国
nettle	'netl	n. 荨麻vt. 以荨麻刺，激怒
evasion	i'veiʒәn	n. 逃避，藉口[法] 回避，规避，逃避
secretive	si'kri:tiv	a. 秘密的，偷偷摸摸的，分泌的，促进分泌的
penchant	'pә:ŋʃә:ŋ	n. 爱好，嗜好
spate	speit	n. 泛滥，洪水，大雨，大量，一阵
abduct	æb'dʌkt	vt. 诱拐，绑架，使外展[医] 外展，展
sill	sil	n. 基石，槛，窗台，岩床，海底山脊，梁
drone	drәun	n. 雄蜂，懒惰者，嗡嗡的声音，无人驾驶飞机（或船）vi. 嗡嗡作声，混日子vt. 低沉地说
retiring	ri'tairiŋ	a. 行将隐退的，行将退休的，就寝的
rapport	ræ'pɒ:	n. 关系，融洽，一致[医] 关系，协调（病人与医师间）, 感通（唯心的灵交术时）
boon	bu:n	n. 恩惠
amenable	ә'mi:nәbl	a. 服从的，会接纳的，有义务的[法] 服从的，有责任的，有服从义务的
refurbish	.ri:'fә:biʃ	vt. 再磨光，刷新
teeter	'ti:tә	vi. 步履不稳地走动，踉跄，摇晃，摇摆不定，摇摇欲坠，玩跷跷板n. 踉跄，摇摆，跷跷板
bale	beil	n. 包，捆，货物，灾难vt. 打包，捆包
converse	kәn'vә:s	n. 相反的事物，倒，逆向a. 相反的，逆向的，颠倒的vi. 交谈，谈话
slay	slei	v. 杀害，残杀
plunder	'plʌndә	n. 抢夺，掠夺品，战利品v. 掠夺，抢劫，抢夺
obscurity	әb'skjuәriti	n. 阴暗，朦胧，晦涩，费解，身份低微
coward	'kauәd	n. 懦弱的人，胆小的人
haphazard	hæp'hæzәd	n. 偶然性，偶然事件a. 无计划的，偶然的，随便的adv. 偶然地
microorganism	.maikrәu'ɒ:gәnizm	n. 微生物，微小动植物[化] 微生物
spurious	'spjuriәs	a. 假造的，伪造的，欺骗的[医] 假的，伪的
strut	strʌt	n. 高视阔步，支柱，压杆vi. 趾高气扬地走，肿胀vt. 用支柱支撑，炫耀
hasty	'heisti	a. 匆匆的，轻率的，性怠的
exhaustive	ig'zɒ:stiv	a. 消耗的，枯竭的，彻底的，详尽的
carnage	'kɑ:nidʒ	n. 大屠杀，残杀
unqualified	.ʌn'kwɒlifaid	a. 不合格的，无资格的，不胜任的[经] 无条件的，不合格的，无资格的
juncture	'dʒʌŋktʃә	n. 接合，连接，接缝
antidote	'æntidәut	n. 解毒剂，解毒药[化] 解毒药
treatise	'tri:tis	n. 论文，专著
purge	pә:dʒ	n. 净化，清除，泻药v. （使）净化，清除，（使）通便[计] 服务器文件删除实用程序
lance	lɑ:ns	n. 长矛，柳叶刀，执矛战士vt. 以长矛攻击，冲进vi. 急进
lobe	lәub	n. 叶，耳垂，裂片[医] 叶
malice	'mælis	n. 恶意，蓄意害人，怨恨[法] 预谋，蓄意，恶意
labyrinth	'læbәrinθ	n. 迷宫，难解事物，迷路[化] 迷宫; 曲径
intertwine	.intә'twain	v. （使）纠缠，（使）缠绕
vigilant	'vidʒilәnt	a. 警觉的，警戒的，警惕的[法] 警醒的，警戒的，注意的
contagious	kәn'teidʒәs	a. 触染性的，会蔓延的[医] （接）触（传）染的
counterproductive	.kauntәprә'dʌktiv	a. 反生产的；使达不到预期目标的
momentous	mәu'mentәs	a. 重大的，重要的
saliva	sә'laivә	n. 唾液，唾沫，涎[医] 涎，唾液
utopian	ju:'tәupiәn	a. 乌托邦的，空想社会主义的n. 理想社会主义者
enlighten	in'laitn	vt. 教育，启发，启蒙，开导，教导
totalitarian	.tәutæli'tєәriәn	a. 极权主义的n. 极权主义者
parochial	pә'rәukiәl	a. 教区的，地方性的，目光偏狭的
troupe	tru:p	n. 团，班，一伙vi. 巡回演出
flimsy	'flimzi	a. 易坏的，脆弱的，浅薄的n. 易损坏的东西（或材料）, 薄纸，描图用薄纸，薄纸稿纸
euphoria	ju:'fɒ:riә	n. 兴奋，陶醉，陶醉感[医] 精神愉快，欣快
dreary	'driәri	a. 沉闷的
calculated	'kælkjuleitid	a. 有计划的，适当的，适合的，计算出的[机] 算清了的
appraise	ә'preiz	vt. 评价，估价[经] 评价，鉴定
repudiate	ri'pju:dieit	vt. 声明离婚，拒绝，拒付，拒绝履行[经] 拒付（公债，国债等）
pretension	pri'tenʃәn	n. 自负，骄傲，主张
mischievous	'mistʃivәs	a. 淘气的，有害的，恶作剧的，胡搅的
procurement	prә'kjuәmәnt	n. 获得[经] 采购
austere	ɒ'stiә	a. 严峻的，禁欲的，简朴的
superstition	.sju:pә'stiʃәn	n. 迷信[法] 迷信
layman	'leimәn	n. 俗人，门外汉，凡人[医] 外行，业外人
brute	bru:t	n. 畜生，残忍或好色之人a. 残忍的，无理性的，畜生的
bemused	bi'mju:zd	a. 困惑的，发呆的
evict	i'vikt	vt. 逐出，赶出，驱逐[法] 逐出，驱逐，没收
stench	stentʃ	n. 恶臭，臭气v. （使）发恶臭
sabotage	'sæbәtɑ:ʒ	n. 怠工，破坏活动，破坏vi. 从事破坏活动vt. 妨害，破坏
vandalism	'vændәlizm	n. 故意毁坏文物的行为，破坏他人财产的行为
crutch	krʌtʃ	n. 拐杖，支撑，依靠vt. 支撑
subdue	sәb'dju:	vt. 使服从，压制，减弱，抑制，克制
redress	ri'dres	n. 赔偿，补救，矫正vt. 纠正，赔偿，救济
tally	'tæli	n. 符木，记账，得分，比分，计数器，标签，符合，对应物vt. 记录，点数，计算，加标签于，使符合vi. 记帐，符合，吻合，记分[计] 计数
pompous	'pɒmpәs	a. 爱炫耀的，虚夸的，盛大的
instigate	'instigeit	vt. 教唆，怂恿，煽动[法] 教唆，煽动，怂恿
charisma	kә'rizmә	n. 非凡的领导力，神秘的个人魅力，神授的能力
benefactor	'benifæktә	n. 恩人，捐助者，施主[法] 捐赠人，赠送人
retribution	.retri'bju:ʃәn	n. 报应，惩罚，报酬[法] 惩罚，报应，报答
originality	ә.ridʒә'næliti	n. 创意，新奇，独创能力，原始
decry	di'krai	vt. 反对，责难，诽谤，诋毁
apprehend	.æpri'hend	vt. 理解，忧虑，逮捕vi. 担心，理解
fluctuate	'flʌktʃueit	vi. 变动，起伏，动摇vt. 使波动，使动摇
devious	'di:viәs	a. 偏僻的，迂回的
shawl	ʃɒ:l	n. 披肩，围巾vt. 用披肩裹
tyrant	'taiәrәnt	n. 暴君[法] 专制君主，暴君，压制他人者
peddle	'pedl	vi. 挑卖，沿街叫卖，游荡，闲混vt. 叫卖，兜售，散播
superimpose	'sju:pәrim'pәuz	vt. 把（一物）放在另一物的上面，添上，附加，加上，添加[计] , 重叠，叠加
transcendent	træn'sendәnt	a. 卓越的，出类拔萃的，超常的n. 卓越的人，超绝物
tremor	'tremә	n. 震动，颤动[医] 震颤
obtainable	әb'teinәbl. ɔb-	a. 能得到的
knack	næk	n. 熟练技术，巧妙手法，诀窍[化] 窍门
aristocrat	'æristәkræt	n. 贵族
instructive	in'strʌktiv	a. 有益的，增进知识的
languish	'læŋgwiʃ	vi. 憔悴，凋萎，苦思
commotion	kә'mәuʃәn	n. 骚动，暴乱[医] 震荡
bask	bɑ:sk	vi. 晒太阳，感到舒适
animosity	.æni'mɒsiti	n. 仇恨，憎恶，敌意
plumber	'plʌmә	n. 水管工人[法] 堵漏防漏人员
easel	'i:zәl	n. 画架，黑板架
weld	weld	n. 焊接处，焊接vt. 焊接，使密接，使结合，使成整体vi. 焊牢
squander	'skwɒndә	vt. 浪费，使分散vi. 浪费，漂泊，四散
homely	'hәumli	a. 家常的，平凡的，朴实无华的
scorn	skɒ:n	n. 轻蔑，藐视，嘲笑，被嘲弄的人vt. 轻蔑，不屑做
etiquette	eti'ket	n. 礼仪，礼节，成规[法] 规则，成规，礼节
inexplicable	in'eksplikәbl	a. 不能说明的，不能解释的，费解的
tripod	'traipɒd	n. 三脚桌，三脚架[医] 三脚架，三脚台
cultivated	'kʌltiveitid	a. 耕耘的，栽植的，有教养的
hobble	'hɒbl	vi. 蹒跚vt. 使跛行，阻碍n. 跛行
prognosis	prɒg'nәusis	n. 预测，预后[医] 预后
queer	kwiә	n. 怪人，同性恋者a. 奇怪的，不舒服的，可疑的vt. 搞糟
deportation	.di:pɒ:'teiʃәn	n. 驱逐出境，放逐[法] 递解出境，放逐，驱逐
riddle	'ridl	n. 谜，谜语，粗筛vt. 解谜，给……出谜，筛，寻根究底地检验，充满于vi. 出谜
diffuse	di'fju:z	v. 散播，传播a. 散开的，弥漫的
dribble	'dribl	vi. 流口水，滴下vt. 使滴下，运球n. 点滴，口水，少量
sanitary	'sænitәri	a. 卫生的n. 公共厕所
headway	'hedwei	n. 前进，航行速度，进展[经] 进尺，钻井
wither	'wiðә	vt. 使凋谢，使消亡，使畏缩vi. 枯萎，衰退
amalgamate	ә'mælgәmeit	v. 使汞齐化，合并
obligatory	ɒb'ligәtәri	a. 义务的，必须的，强制性的[法] 有拘束的，强制的，必须的
desolate	'desәlәt	a. 荒凉的
amiable	'eimjәbl	a. 亲切的，和蔼可亲的[法] 亲和的，和蔼可亲的
ransom	'rænsәm	n. 赎金，赎身，赎回vt. 赎，赎身，赎回，勒索赎金
dogma	'dɒgmә	n. 教条
indignant	in'dignәnt	a. 愤怒的，愤慨的
commonsense	,kɔmәn'sens	a. 有常识的，一望而知的，明明白白的
mesmerize	'mezmәraiz	vt. 施催眠术，迷住，迷惑[医] 催眠
populace	'pɒpjulәs	n. 平民，大众，人口
lug	lʌg	v. 拖，拉n. 一拖，一拉，耳朵，耳状物，装腔作势，勒索
abstain	әb'stein	vi. 自制，戒绝，弃权，回避
tacit	'tæsit	a. 沉默寡言的，不苟言笑的，缄默的
protrude	prәu'tru:d	vi. 伸出，突出vt. 使伸出，使突出
precipitation	pri.sipi'teiʃәn	n. 坠落，沉淀，降水，轻率，急速，猛冲，突如其来[化] 析出
gingerly	'dʒindʒәli	adv. 小心翼翼地，慎重地a. 慎重的，谨慎的
interplay	'intәplei	n. 互相作用，互相影响vi. 互相作用
exhale	eks'heil	v. 呼气，发出，散发
waft	wɑ:ft	vt. 随风传送，使飘荡vi. 飘荡n. 吹拂，飘荡
moody	'mu:di	a. 心情不稳的，郁郁寡欢的，喜怒无常的
trifle	'traifl	n. 琐事，少量vt. 浪费vi. 开玩笑，翻弄，虚度光阴
inert	i'nә:t	a. 惰性的，迟钝的，无活力的，呆滞的[医] 惰性的，无作用的，无效的
existential	.egzis'tenʃәl	a. 有关存在的
optimist	'ɔptimist	n. 乐观者，乐观主义者
defuse	.di:'fju:z	vt. 去掉……的引信，平息
adjunct	'ædʒʌŋkt	n. 附属物，附件，助手，修饰语a. 附属的
abortive	ә'bɒ:tiv	a. 流产的，堕胎的，失败的[医] 流产的; 顿挫的
crumple	'krʌmpl	vt. 弄皱，压皱vi. 崩溃，变皱
pinnacle	'pinәkl	n. 小尖塔，尖峰，高峰，极点vt. 造小尖塔，置于尖顶上
fray	frei	n. 磨损，打架，争论vt. 使磨损vi. 被磨损
foodstuff	'fu:dstæf	n. 食品，粮食
termite	'tә:mait	n. 白蚁
tether	'teðә	n. 系绳，系链，界限，范围vt. 栓，束缚，限制
ordain	ɒ:'dein	vt. 注定，规定，任命vi. 颁布命令
rudimentary	ru:di'mentәri	a. 基本的，起码的，初步的，发展不完全的，残留的，退化的[医] 原基的，未成熟的; 残遗的，已退化的
dissect	di'sekt	v. 解剖，切开
acclaim	ә'kleim	n. 喝彩，欢呼，赞同v. 欢呼，喝彩，称赞
attrition	ә'triʃәn	n. 摩擦，磨损[医] 擦除术; 磨耗
rout	raut	n. 溃败，大败，乌合之众，盛大晚会vt. 使溃败，使败逃，打垮，用鼻拱，挖起，搜，唤起vi. 用鼻拱地，搜
anterior	æn'tiәriә	a. 前面的，先前的[医] 前的
estranged	i'streindʒd	a. 疏远的，分离的，隔离的
prick	prik	vt. 刺，戳，刺痛，使竖起vi. 刺，竖起n. 扎，一刺，刺痛a. 竖起的
clandestine	klæn'destin	a. 偷偷摸摸的[法] 秘密的，暗中的
ancillary	æn'silәri	a. 从属的，辅助的，副的[经] 辅助的，附属的，助手
distraught	dis'trɒ:t	a. 烦恼的，心烦意乱的，发狂的
wag	wæg	vt. 摇摆，摇动，饶舌vi. 摆动，喋喋不休n. 摇摆，爱说笑打趣的人
legislate	'ledʒisleit	vi. 制定法律vt. 用立法规定
eschew	is'tʃu:	vt. 避开，远避
fiasco	fi'æskәu	n. 惨败，大失败
cuddle	'kʌdl	n. 搂抱，拥抱vt. 抚抱，抱着睡，拥抱vi. 依偎，依偎着躺在一起
otter	'ɒtә	n. 水獭，水獭皮
reimburse	.ri:im'bә:s	vt. 付还，偿还，赔偿[经] 偿付，赔还，付还; 偿还
solace	'sɒlis	n. 安慰，安慰之物vt. 安慰，抚慰，给与安慰，使轻松
purify	'pjuәrifai	vi. 变纯净vt. 使纯净，净化，提纯，精炼
gallant	'gælәnt	a. 英勇的，壮丽的，华丽的
inaugurate	i'nɒ:gjureit	vt. 开始，举行……就职典礼
reconnaissance	ri'kɒnisәns	n. 侦察，勘察队[电] 勘查
aptitude	'æptitju:d	n. 资质，才能，自然倾向[医] 资质，才能
accomplice	ә'kʌmplis	n. 共犯，同谋[医] 协同菌
circumvent	.sә:kәm'vent	vt. 绕行，陷害，包围，智取
bystander	'baistændә(r)	n. 旁观者，目击者[法] 候补陪审员，旁观者
filth	filθ	n. 污秽，不洁，猥亵[法] 污秽，污物，淫猥
flannel	'flænl	n. 法兰绒，法兰绒衣服
tamper	'tæmpә	vi. 干预，拨弄，贿赂，损害，篡改vt. 篡改n. 捣棒，打夯机，填塞者
porridge	'pɒ:ridʒ	n. 粥，糊
mash	mæʃ	n. 碎麦芽，饲料，糊状物vt. 调情，捣碎
endemic	en'demik	n. 地方病a. 某地（或某些人中）流行的，地方的
temp	temp	n. [口]临时雇员
requisite	'rekwizit	n. 必需品，要素，必要物品a. 必要的，需要的
latch	lætʃ	n. 门闩vi. 上闩，抓住，占有vt. 闩上[计] 门闩线路; 锁存器
recital	ri'saitl	n. 背诵，吟诵，详述[法] 叙述，评述，列举
blackmail	'blækmeil	n. 勒索vt. 勒索
prune	pru:n	n. 洋李，李子干，深紫红色，傻瓜vt. 修剪，砍掉，删除vi. 删除，删节
swerve	swә:v	n. 转向，弯曲，背离vi. 突然转向，转弯，背离vt. 使突然转向，使转弯，使背离
irritable	'iritәbl	a. 易怒的，急躁的[医] 应激性的，过敏的
lark	lɑ:k	n. 云雀，百灵鸟，欢乐，嬉耍vi. 嬉耍，骑马玩乐vt. 愚弄
snug	snʌg	a. 舒适的，温暖的，整洁的，紧身的，隐藏的vt. 使整洁干净，使紧身，隐藏
venom	'venәm	n. 毒液，恶意vt. 放毒，使有毒
incense	'inseins	n. 香，香气，奉承vi. 焚香vt. 用香焚，使发怒
deviate	'di:vieit	vi. 脱离，偏离vt. 使偏离a. 脱离常规的n. 脱离常规的人
ravage	'rævidʒ	n. 破坏，蹂躏v. 毁坏，破坏，掠夺
vile	vail	a. 恶劣的，肮脏的，低廉的，卑鄙的[法] 极坏的，恶劣的，卑鄙的
surmount	sә:'maunt	vt. 战胜，超越，克服
harp	hɑ:p	n. 竖琴vi. 弹奏竖琴，不停地说
plush	plʌʃ	n. 长毛绒，长毛绒裤a. 长毛绒制的，豪华的
devolve	di'vɒlv	vt. 转移，下放（权力等）, 委托vi. 被移交
reactionary	ri'ækʃәnәri	n. 反动分子a. 反动的，反动主义的，反对改革的
welsh	welʃ	a. 威尔士的n. 威尔士人vi. 赖赌帐，逃避责任
vulture	'vʌltʃә	n. 秃鹫，贪婪的人[法] 贪婪而残酷者，劫掠成性者
figurative	'figjurәtiv	a. 比喻的，象征的，修饰丰富的
spectral	'spektrәl	a. 光谱的，鬼怪的，幻觉的[医] 光谱的
clamor	'klæmә	n. 喧闹，叫嚷，大声的要求v. 喧嚷，大声地要求
wean	wi:n	vt. 使断奶，使丢弃，使断念n. 小儿
instill	in'stil	vt. 滴注，慢慢地灌输
skew	skju:	a. 斜的，歪的n. 歪斜，偏态家庭关系vi. 歪斜，侧转vt. 使歪斜，曲解[计] 扭斜; 歪斜; 偏斜
disarray	.disә'rei	vt. 弄乱，使混乱，使脱去衣服n. 无秩序，杂乱，不整齐的衣着
torment	'tɒ:ment	n. 使人痛苦的东西，折磨者，苦痛vt. 使苦恼，纠缠，歪曲，拷问
bombardment	bɒm'bɑ:dmәnt	n. 炮击[化] 轰击
retaliate	ri'tælieit	vt. 报复，回敬vi. 报复，以牙还牙
repressed	ri'prest	a. 被镇压的，受约束的，被抑制的
muffled		a. 听不清的；蒙住的
whiff	hwif	n. 一吹，一吸，一阵，一点点，一口烟vi. 轻轻地吹，喷气，三击不中出局，垂钓vt. 吹送，喷出，吸，使三击不中出局
observance	әb'zә:vәns	n. 观察，遵守，仪式，风俗习惯[法] 遵守，奉行，惯例
lunatic	'lu:nәtik	n. 疯人，癫狂者，愚蠢的人a. 疯癫的，愚蠢的，丧心病狂的，精神错乱的
prophetic	prә'fetik	a. 预言的，先知的，预示的
sculpt	skʌlpt	v. 雕刻，造型
hangar	'hæŋә	n. 棚厂，飞机库
upsurge	'ʌpsә:dʒ	vi. 高涨，涌起n. 增长，高潮
engrave	in'greiv	vt. 刻上，雕刻，铭记
canary	kә'nєәri	n. 金丝雀，淡黄色
peep	pi:p	n. 一瞥，偷看，不完全的景象，初现，吱吱声，嘀咕抱怨声，汽车喇叭声vi. 窥视，出现，吱吱叫vt. 使隐约显现
conduit	'kɒndit	n. 导管，水管，沟渠[电] 导管
elm	elm	n. 榆树[计] unix操作系统的信件处理程序
elaboration	i.læbә'reiʃәn	n. 苦心经营，精巧[计] 确立
suspense	sә'spens	n. 悬疑，焦虑，悬念，悬而不决[经] 未定，暂记
tuxedo	tʌk'si:dәu	n. 无尾礼服，男小礼服
literate	'litәrit	n. 学者a. 有读写能力的，精通文学的，受过教育的
harrow	'hærәu	n. 哈罗公学，耙vt. 耙掘，伤害，使苦恼vi. 被耙松
cutlery	'kʌtlәri	n. 刀剑制造业，刃具制造业，刀剑，刃具，刀叉餐具
blunder	'blʌndә	n. 大错，大失策vi. 失策，跌跌撞撞地走，犯错vt. 做错
windfall	'windfɒ:l	n. 被风吹落的果子，横财[经] 意外损失
devotee	.devә'ti:	n. 爱好者，献身者，虔诚的宗教信徒
supplant	sә'plɑ:nt	vt. 排挤掉，代替
acquired	ә'kwaiәd	a. 获得的，后天的[医] 获得的，后天的
metropolis	mi'trɒpәlis	n. 大都市，重要中心，首府[医] 产地，生地
inequity	in'ekwiti	n. 不公平，不公正
mite	mait	n. 尽绵薄之力的捐献，细微，微少，螨[医] 螨
delinquency	di'liŋkwәnsi	n. 行为不良，失职[经] 毁约，怠工，旷职
vascular	'væskjulә	a. 血管的，维管的[医] 血管的，脉管的
duet	dju:'et	n. 二重奏
airtight	'єәtait	a. 气密的，不透气的，无懈可击的[机] 气密，不透气
camouflage	'kæmuflɑ:ʒ	vt. 伪装，掩饰n. 伪装，伪装物，幌子
replenish	ri'pleniʃ	vt. 把……重新补足，把……再装满vi. 被再装满，充满
tango	'tæŋgәu	n. 探戈舞，探戈舞曲vi. 跳探戈舞
agitate	'ædʒiteit	vt. 使摇动，搅动，使激动，使不安vi. 鼓动，煽动
proficient	prә'fiʃәnt	n. 高手，专家a. 精通的，熟练的
bent	bent	a. 弯曲的，决心的n. 爱好bend的过去式和过去分词
polarize	'pәulәraiz	v. （使）偏振，（使）极化，（使）两极分化
quirk	kwә:k	n. 古怪举动，俏皮话，急转
aromatic	.ærәu'mætik	a. 芬芳的[医] 芳香的; 芳香剂
insignia	in'signiә	n. 勋章，徽章[法] 勋章，徽章，荣誉
stagnant	'stægnәnt	a. 不流动的，停滞的，不景气的，萧条的，污浊的，迟钝的[经] 萧条的
multiplicity	.mʌlti'plisiti	n. 相重性，多重性，多样[化] 多重态; 多重性
exude	ig'zju:d	v. （使）流出，（使）渗出
detour	'di:tuә	n. 绕路，迂回v. （使）绕道
regal	'ri:gl	a. 帝王的，适于帝王的
concussion	kәn'kʌʃәn	n. 剧烈摇动，震荡[医] 震荡
migratory	'maigrәtәri	a. 迁移的，流浪的
mariner	'mærinә	n. 水手
proliferate	prәәu'lifәreit	vi. 增殖，激增，扩散vt. 使激增
cadence	'keidns	n. 韵律，抑扬，调子，节奏[电] 步调
rind	raind	n. 树皮，壳，外表vt. 削皮，剥壳
civility	si'viliti	n. 礼貌，礼仪
bazaar	bә'zɑ:	n. 集市，市场，义卖市场
pertain	pә'tein	vi. 从属于，关于，涉及，附属，适合，相称[法] 属于，从属，附属
secrete	si'kri:t	vt. 隐秘，隐藏，隐匿，分泌[医] 分泌
utilitarian	.ju:tili'tєәriәn	a. 有效用的，实利主义的，功利主义的n. 功利主义者
cede	si:d	vt. 割让[法] 割让，让与，放弃
scuttle	'skʌtl	n. 箩，筐，急速逃走，天窗，小舱口vi. 急速逃走，急忙撤退vt. 凿沉，毁坏
grievous	'gri:vәs	a. 痛苦的，严重的，充满悲伤的[法] 极大的，严重的，惨无人道的
agrarian	ә'grєәriәn	a. 土地的，耕地的[法] 土地的，土地所有制的
generality	.dʒenә'ræliti	n. 概论，概说，大要[计] 相关率
illiterate	i'litәrәt	n. 文盲a. 目不识丁的，没受教育的
peck	pek	n. 配克（英美干量单位）, 啄痕，啄食，许多vt. 啄，啄食，琢，凿成，扔vi. 啄，吹毛求疵，啄食，勉强吃[计] 取数
commune	kә'mju:n	n. 恳谈，社区，公社vi. 亲密交谈，（感情上）融为一体
rendezvous	'rɒndivu:	n. 约会，约会地点v. 集合，集结，在约定场所会面[计] 会合
maverick	'mævәrik	n. 未烙饲主印记的小牛，持不同意见的人vi. 迷路
commencement	kә'mensmәnt	n. 开始，毕业典礼[法] 开始，毕业典礼
grotesque	grәu'tesk	n. 奇异风格，怪异图案a. 奇怪的，可笑的
nag	næg	n. 老马，驽马，劣等竞赛马，唠叨v. 不断地唠叨，恼人
diverge	dai'vә:dʒ	vi. 分歧，岔开vt. 使岔开
moat	mәut	n. 壕沟，护城河vt. 将……围以壕沟
heyday	'heidei	n. 全盛期interj. 嘿
forgery	'fɒ:dʒәri	n. 伪造，伪造罪，伪造物[经] 伪造签字，伪造品
deadlock	'dedlɒk	n. 僵局，停顿v. （使）停顿，（使）相持不下[计] 死锁
crayon	'kreiәn	n. 蜡笔，蜡笔画vt. 以蜡笔作画
mayhem	'meihem	n. 蓄意的破坏，故意的伤害罪[医] 伤残，残废
brim	brim	n. 边，边缘，（河）边vt. 注满，使满溢vi. 满溢
gratification	.grætifi'keiʃәn	n. 令人满足的事（或物）, 满足，喜悦[医] 愿望满足，满意
terminus	'tә:minәs	n. 终点，界标，终点站[法] 界标，界牌，界石
forte	fɔ:t	n. 长处，特长，拿手，优点
varnish	'vɑ:niʃ	n. 清漆，虚饰，光泽的表面vt. 粉饰，涂清漆于，装饰，使有光泽
arson	'ɑ:sәn	n. 纵火，纵火罪[法] 纵火，放火
smug	smʌg	a. 自以为是的，自鸣得意的，整洁的n. 书呆子，自命不凡的家伙
insidious	in'sidiәs	a. 隐伏的，阴险的，狡猾的[医] 隐袭的
swine	swain	n. 猪，卑鄙的家伙
mountainous	'mauntinәs	a. 多山的，如山的，巨大的
craving	'kreiviŋ	n. 渴望，热望[医] 瘾，癖，嗜欲
negate	ni'geit	vt. 否定，否认，取消[计] 非
exuberant	ig'zju:bәrәnt	a. 繁茂的，丰富的，生气勃勃的[医] 生成过多的，高度增生的
meditate	'mediteit	vt. 想，考虑，计划vi. 沉思，反省
diligence	'dilidʒәns	n. 勤奋
emerald	'emәrәld	n. 翡翠，绿宝石，翠绿色a. 翡翠的，翠绿色的
sadden	sædn	vt. 使忧愁，使悲哀vi. 忧愁，悲哀
underdog	.ʌndә'dɒg	n. 斗败了的狗，失败者，受害者[法] 受压迫者，在不健全的社会的受害者
virtuous	'vә:tʃuәs	a. 品德高尚的，公正的，贞洁的，有效力的
sham	ʃæm	n. 假，赝品，骗子，哄骗a. 假的，伪造的vt. 假装，冒充vi. 装假
exclamation	.eksklә'meiʃәn	n. 惊呼，激烈言词，惊叹词
billow	'bilәu	n. 巨浪vi. 象巨浪般汹涌，象巨浪般波动vt. 使翻腾
composure	kәm'pәuʒә	n. 镇静，沉着
concoct	kәn'kɒkt	vt. 调合，捏造，编造[建] 调制，混合
cramp	kræmp	n. 痉挛，腹部绞痛，铁夹钳a. 狭窄的，难认的vt. 使抽筋，以铁箍扣紧，束缚
animate	'ænimeit	vt. 使有生气，赋予生命a. 有生命的，有生气的
mania	'meiniә	n. 狂躁，热衷，狂热[医] 躁狂，狂
admonish	әd'mɒniʃ	vt. 警告，劝告，训诫，告诫
skyrocket	'skai.rɒkit	vi. 飞涨，突升n. 焰火
appease	ә'pi:z	vt. 抚慰，缓解，平息，姑息[法] 使和缓，使满足，姑息
pathological	,pæθә'lɔdʒikәl	a. 病理学的，由疾病引起的，（非正式）不合理的，仅由想象引起的，不理智的[计] 错误的
trance	træns	n. 昏睡状态，恍惚，着迷vt. 使恍惚，使发呆
cohesive	kәu'hi:siv	a. 黏合在一起的[医] 内聚的
pedagogy	'pedәgәudʒi	n. 教育学，教授法，教学工作
sneer	sniә	n. 冷笑，嘲笑vi. 嘲笑，冷笑vt. 嘲笑着说，嘲笑得使
incarcerate	in'kɑ:sәreit	vt. 下狱，监禁，禁闭[法] 监禁，使下狱，禁闭
maize	meiz	n. 玉蜀黍，黄色a. 玉蜀黍色的，黄色的
stealth	stelθ	n. 秘密行动，秘密，鬼祟[法] 秘密行动，鬼祟
heresy	'herәsi	n. 异端，异教[法] 异端邪说，异教，信奉异教
incision	in'siʒәn	n. 切口，切割，雕刻，切入[医] 切口，切开，缺口（叶）
conifer	'kɒnifә	n. 松柏目植物，针叶树
aberration	æbә'reiʃәn	n. 离开正路，偏离，畸变，光行差，心理失常，色差[化] 光行差; 像差
hunk	hʌŋk	n. 大块a. 行的，好的
spruce	spru:s	n. 云杉a. 颇为干净的，俏的，整洁的v. （使）显干净，打扮整齐
rucksack	'rʌksæk	n. 帆布背包
flint	flint	n. 打火石，燧石，极硬的东西[化] 燧石
epitomize	i'pitәmaiz	vt. 摘要，概括
dictum	'diktәm	n. 声明，格言，法官意见[法] 宣言，声明，法官的意见
acorn	'eikɒ:n	n. 橡树果实[机] 浆栎，浆栎果
tantrum	'tæntrәm	n. 发脾气，发怒[医] 暴怒，发脾气
tundra	'tʌndrә	n. 苔原，冻原
transgression	træns'greʃәn	n. 违反，犯罪[医] 亲和转移
glimmer	'glimә	n. 一丝光线，微光，少许vi. 发微光
duel	'dju:әl	n. 决斗，斗争vi. 决斗
calamity	kә'læmiti	n. 灾难，不幸事件
anomalous	ә'nɒmәlәs	a. 不规则的，反常的[医] 异常的，反常的
cyclical	'siklik(e)l	a. 周期的，轮转的，循环的，轮列的，轮卷的，环状的，环的，组诗的，始末的[计] 循环的
propeller	prә'pelә	n. 螺旋桨，推进器[化] 搅拌叶片; 螺旋桨
suffocate	'sʌfәkeit	vt. 使窒息，噎住，闷熄vi. 闷死，窒息，受阻
bleachers	'bli:tʃәz	n. 漂白剂（bleacher的复数形式）；（美）露天看台
hallucination	hә.lu:si'neiʃәn	n. 幻觉，幻想[医] 幻觉
congregate	'kɒŋgrigeit	v. （使）集合，（使）聚集a. 集合在一起的，集体的
quash	kwɒʃ	vt. 撤销，平息，镇压[法] 撤销，废止，宣布无效
aloft	ә'lɒft	adv. 在高处，在上
escalation	.eskә'leiʃәn	n. 扩大，增加[经] 调查，价格调整
pawn	pɒ:n	n. 典当，抵押物，人质，（象棋）兵，马前卒，工具vt. 当掉，以……担保
placid	'plæsid	a. 平静的，温和的，沉着的，平稳的
aperture	'æpә.tjuә	n. 孔，缝隙，孔径[计] 窗孔; 小孔
forgo	fɒ:'gәu	vt. 摒绝，放弃
ecumenical	,i:kju(:)'menikәl	a. 一般的，普遍的，全基督教的，泛基督教主义的
volley	'vɒli	n. 群射，齐发，迸发vt. 群射，齐发，截击vi. 进行群射，齐鸣
puberty	'pju:bәti	n. 青春期，春情发动期[医] 青春期（12-17岁）
ewe	ju:	n. 母羊
pendulum	'pendʒәlәm	n. 钟摆，摇锤，摇摆不定的事态（或局面）[化] 摆
reverberate	ri'vә:bәreit	vi. 回响，反响，被反射vt. 使反响，使回响，反射a. 回响的，反射的
facsimile	fæk'simili	n. 摹（真）本，传真vt. 传真，临摹a. 复制的[计] 复制; 传真; 精确复制
embellish	im'beliʃ	vt. 修饰，装饰，润色
mesa	'meisә	n. 台面，岩滩，平顶山
overdose	'әuvәdәus	n. 配药量过多vt. 配药过量，使过分沉溺
adherent	әd'hiәrәnt	n. 信徒，追随者a. 附着的，发生联系的
gnaw	nɒ:	v. 咬，啃，侵蚀，消耗，折磨
lynch	lintʃ	n. 私刑，私罚vt. 处以私刑处死，加私刑
soggy	'sɒgi	a. 浸水的，沉闷的[化] 欠硫; 硫化不足
covet	'kʌvit	v. 妄想，垂涎
molten	'mәultәn	a. 熔化的，炽热的，铸造的melt的过去分词
sheath	ʃi:θ	n. 鞘，叶鞘，翅鞘[化] 护套
underwrite	'ʌndәrait	vt. 签名于下，给……保险vi. 经营保险业
eviction	i'vikʃәn	n. 逐出，赶出[法] 收回财产，收回租地，没收
wobble	'wɒbl	n. 摆动，摇晃，不稳定，抖动vi. 摇晃，摇摆，游移不定vt. 使摇摆，使颤动
nomadic	nәu'mædik	a. 游牧的，游牧生活的，流浪的[医] 游动的，无定的，游离的
detonate	'detәneit	vt. 引爆，使爆炸，使爆裂vi. 爆炸，发爆炸声
captivate	'kæptiveit	vt. 迷住，迷惑
ruffle	'rʌfl	n. 皱褶，波纹，生气，混乱vt. 弄皱，触怒，洗（牌）, 连续轻擂（鼓）vi. 起皱，发脾气，连续轻擂
appall	ә'pɒ:l	vt. 使丧胆，使惊骇
utensil	ju:'tensl	n. 器皿，用具
cosmopolitan	,kɔzmә'pɔlitәn	a. 世界主义的，世界性的，全世界的，遍生的，不偏狭的，卓有见识的n. 世界主义者，世界性
glitch	^litʃ	[计] 假信号
pessimism	'pesimizm	n. 悲观，悲观情绪，悲观主义[医] 悲观主义
additive	'æditiv	a. 添加的，附加的，加法的，累积的n. 添加物
impasse	'impɑ:s	n. 难局，僵局，死路，死胡同
screwdriver	'skru:draivә	n. 螺丝起子[机] 活动扳手
pang	pæŋ	n. 剧痛，悲痛，苦闷vt. 使剧痛，折磨
aversion	ә'vә:ʃәn	n. 厌恶，讨厌的事，讨厌的人[医] 厌恶，移转，移位
consul	'kɒnsәl	n. 领事，执政官[经] 领事
coalesce	.kәuә'les	vi. 合并，联合，合生[计] 结合
insomnia	in'sɒmniә	n. 失眠症[医] 失眠[症]
colossal	kә'lɒsәl	a. 巨大的，巨像似的
boo	bu:	v. 嘘（某人）, 喝倒彩interj. 嘘
egalitarian	i.gæli'tєәriәn	a. 平等主义的n. 平等主义
crease	kri:s	n. 皱痕，折痕v. （使）起皱痕
skewer	skju:ә	n. 串肉棒，烤肉叉子，针状物vt. 刺穿，串住，讽刺
roe	rәu	n. 狍，鱼子，鱼卵[医] 鱼卵，牝鹿
heterogeneous	.hetәrәu'dʒi:njәs	a. 异种的，异质的，由不同成分形成的[医] 不均匀的，多相的，异质的
calculus	'kælkjulәs	n. 结石；微积分学
propagation	.prɒpә'geiʃәn	n. 增殖，繁殖，宣传[医] 传播，繁殖，持续培养
leakage	'li:kidʒ	n. 漏，漏出物，泄漏[化] 漏电; 漏水; 漏气; 渗漏; 漏失量; 漏出量
apparition	.æpә'riʃәn	n. 鬼，幽灵，幻影
sheen	ʃi:n	n. 光辉，光彩，光泽a. 光辉的，发光的，有光泽的vi. 发出光泽
piercing	'piәsiŋ	a. 尖厉的，刺耳的，刺骨的，刺穿的，敏锐的，彻骨的，辛辣的，讽刺的[化] 冲孔
diocesan	dai'ɒsisәn	a. 主教管区的n. 教区主教
fortify	'fɒ:tifai	vt. 设要塞于，加强，使坚强，增加vi. 筑防御工事
shoal	ʃәul	n. 浅水，浅滩，沙洲，鱼群，暗礁，潜在危险a. 浅的vi. 鱼成群而游，变浅vt. 使变浅
misrepresentation	'mis,reprizen'teiʃәn	[计] 错误表示法[经] 误列，错误表示，告知不实
hoard	hɒ:d	n. 贮藏物，密藏的金钱v. 囤积，贮藏
equator	i'kweitә	n. 赤道[医] 赤道，中纬线
perilous	'perilәs	a. 危险的，濒临毁灭的
rustle	'rʌsl	n. 沙沙声，瑟瑟声，飒飒声，急忙vi. 发出沙沙声vt. 使飒飒作响
soluble	'sɒljubl	a. 溶解的，可溶解的，可以解决的[医] 溶解的，可溶的
sap	sæp	n. 树液，体液，活力，坑道，消弱，警棍vt. 使排出体液，使伤元气，使衰竭，挖坑道逼近，逐渐侵蚀vi. 挖坑道，消弱[计] 共享汇编程序，结构分析程序，符号汇编程序，服务器广告协议
earthy	'ә:θi	a. 土的，土质的，土味的
bequest	bi'kwest	n. 遗赠物，遗产，遗赠[经] 遗产
epoch	'i:pɒk	n. 新纪元，时代，时期
gimmick	'gimik	n. 暗机关vt. 耍花招改变，使暗机关
limbo	'limbәu	n. 地狱边缘，监狱，忘却[法] 监狱，拘禁，忘却
astound	ә'staund	vt. 使惊骇，使大惊
imbue	im'bju:	vt. 使感染，灌输，使浸透
meander	mi'ændә	n. （河流的）蜿蜒，漫步，迂回旅行vi. 蜿蜒流动，漫步vt. 使蜿蜒曲折
garland	'gɑ:lәnd	n. 花环，荣誉vt. 戴花环
slither	'sliðә	vi. 不稳地滑动vt. 使滑动
pitiful	'pitiful	a. 慈悲的，可怜的，令人同情的，可鄙的
knead	ni:d	vt. 揉，按摩，捏[机] 揉合
hale	heil	a. 强壮的，矍铄的，健壮的vt. 猛拉，拖曳
sullen	'sʌlәn	a. 愠怒的，沉闷的，阴沉的
bleach	bli:tʃ	vt. 漂白vi. 变白n. 漂白，漂白剂
egregious	i'gri:dʒiәs	a. 异乎寻常的，过分的，惊人的
promulgate	prә'mʌlgeit	vt. 发布，公布，发表，传播[法] 颁布，公告，散播
paraphrase	'pærәfreiz	n. 释义，解述，改写vt. 改写，解述vi. 释义，意译
bridle	'braidl	n. 马勒，约束[医] 系带，约束
shroud	ʃraud	n. 尸衣，寿衣，覆盖物，（船的）横桅索vt. 包以尸衣，遮蔽，隐藏，覆盖
sentry	'sentri	n. 哨兵，看守vt. 设岗哨vi. 站岗，放哨
apocalyptic	ә.pɒkә'liptik	a. 天启的，<<启示录>>的
flail	fleil	n. 连枷v. 用连枷打，打
fodder	'fɒdә	n. 饲料，草料，素材，弹药vt. 喂
glacial	'gleiʃәl	a. 冰的，冰川的，冰川时代的，冰冷的[医] 冰的，冰样的
pun	pʌn	n. 双关语，俏皮话vi. 说双关语，说俏皮话vt. 用双关语说服，捣实
congenital	kәn'dʒenitәl	a. 天生的，先天的[医] 先天的
pacifist	'pæsifist	n. 和平主义者，反战论者，不抵抗主义者
wholesome	'hәulsәm	a. 有益健康的，合乎卫生的，健全的，有益的，有生气的，审慎的
entirety	in'taiәti	n. 全部，整体[法] 共有制，整体，全部
persecute	'pә:sikju:t	vt. 迫害，虐待，困扰，同……捣乱[法] 迫害，虐待，烦扰
monograph	'mɒnәgrɑ:f	n. 专题论文，专著，专刊vt. 写专题论文
drench	drentʃ	vt. 使湿透，使充满n. 滂沱大雨，弄湿
raucous	'rɒ:kәs	a. 沙哑的，粗声的，喧闹的
slew	slu:	n. 沼地，回转，旋转，扭转，大量vt. 使旋转，使猛拐，使侧滑vi. 回转，扭转，侧滑，猛拐slay的过去式
brooch	brәutʃ	n. 胸针，领针
consonant	'kɒnsәnәnt	n. 辅音a. 一致的，调和的
droplet	'drɒplit	n. 小滴[医] 小滴
adhesive	әd'hi:siv	a. 粘着的，涂有粘性物质的n. 粘合剂，橡皮膏
quell	kwel	vt. 压制，平息，减轻
enrage	in'reidʒ	vt. 激怒，使暴怒
granule	'grænju:l	n. 小粒，细粒，颗粒[计] 区组
cello	'tʃelәu	n. 大提琴
holster	'hәulstә	n. 手枪皮套
agitated	'ædʒiteitid	a. （表现出）不安/焦虑的，（被）激烈辩论的，（被）热烈讨论的，颤抖的[医] 激越的
bicker	'bikә	vi. 斗嘴，潺潺而流，闪动n. 口角，流水声
understate	.ʌndә'steit	v. 不完全地陈述，保守地说，有意轻描淡写
torpedo	tɒ:'pi:dәu	n. 鱼雷，水雷，地雷vt. 用鱼雷袭击，破坏
shale	ʃeil	n. 页岩
auspice	'ɒ:spis	n. 吉兆，占卜，赞助
painkiller	'pein,kilә(r)	n. 解痛药，止痛片，止痛药
toil	tɒil	n. 辛苦，苦工，网，罗网，圈套vi. 苦干，跋涉
oppress	ә'pres	vt. 压迫，压抑，使烦恼
inundate	'inʌndeit	vt. 浸水，泛滥，淹没，使充满
violet	'vaiәlit	n. 堇菜，紫罗兰a. 堇菜科的，紫罗兰色的
reparation	.repә'reiʃәn	n. 补偿，赔偿，弥补，修复，修理[经] 赔偿，补偿，修理
pungent	'pʌndʒәnt	a. 刺激性的，尖刻的，苦痛的[医] 冲味的，刺激味的
sarcastic	sɑ:'kæstik	a. 讽刺的，讥讽的
trilogy	'trilәdʒi	n. 三部剧，三部曲[医] 三联，三联症
panorama	.pænә'rɑ:mә	n. 全景，全貌，概论，范围
untold	'ʌn'tәuld	a. 未说过的，未透露的，未加叙述的，数不清的，无限的，不可计量的，无数的[法] 未说明的，未方露的，未说出的
diva	'di:vә	n. 歌剧女主角/首席女主角，主要女歌手
rudder	'rʌdә	n. 舵，方向舵，指导原则
relapse	ri'læps	n. 回复，故态复萌，复发vi. 故态复萌，再陷邪道，再度堕落
mire	maiә	n. 泥沼，泥泞vt. 使陷于泥泞，使陷入困境vi. 掉进泥坑
scooter	'sku:tә	n. 小型摩托车，踏板车[机] 机车
trustworthy	'trʌst.wә:ði	a. 可信赖的[法] 可信任的，可靠的，可信赖的
sidestep	'saidstep	n. 横跨的一步，台阶vt. 横跨一步躲避，回避vi. 回避问题，躲避打击
whimsical	'hwimzikl	a. 怪念头多的，反复无常的，古怪的，异想天开的
recoil	ri'kɒil	n. 畏缩，后退，弹回，反作用，后坐力vi. 退却，畏缩，弹回，撤退，反冲，报应
ovation	әu'veiʃәn	n. 热烈欢迎，大喝采，小凯旋式
mystic	'mistik	a. 神秘的，奥秘的n. 神秘主义者
astute	ә'stju:t	a. 敏锐的，狡猾的
abstention	әb'stenʃәn	n. 戒绝，回避，弃权
prowl	praul	n. 潜行，徘徊，悄悄踱步vi. 潜行以觅食，徘徊vt. 徘徊
vestige	'vestidʒ	n. 遗迹，痕迹，残余，丝毫，退化的器官[医] 遗迹，剩件，剩余
figurine	'figjuri:n	n. 小雕像
quail	kweil	n. 鹌鹑vi. 胆怯，畏缩
entrench	in'trentʃ	vt. 围以壕沟，防护，保卫，使处于牢固地位vi. 掘壕，侵犯
phonetic	fәu'netik	a. 语音的，语音学的，表示语音的，语音差异的[医] 语音的
glee	gli:	n. 欢乐，高兴
understatement	ʌndә'steitmәnt	n. 软弱无力的陈述，克制的说法[经] 少报
heirloom	'єәlum	n. 传家宝，动产继承物[法] 祖传动产，传家宝
discursive	dis'kә:siv	a. 离题的，东拉西扯的
uproar	'ʌprɒ:	n. 骚动，喧嚣
din	din	n. 喧嚣v. 絮絮不休地说，喧闹
candor	'kændә	n. 坦白，直率
laity	'leiәti	n. 俗人，外行[医] 外行[人]
err	ә:	vi. 犯错，做错，犯罪[法] 弄错，犯错误，陈述
arcane	ɑ:'kein	a. 神秘的，晦涩难解的
renegade	'renigeid	n. 背教者，变节者，脱党者a. 背弃的，脱离的，叛徒的vi. 背叛，背弃，脱离
hoax	hәuks	vt. 欺骗，哄骗，愚弄n. 愚弄人，恶作剧
anorexia	.ænә'reksiә	n. 食欲缺乏，厌食[医] 食欲缺乏，厌食
trident	'traidnt	n. 三齿鱼叉，三叉戟，三叉线a. 三叉的，三齿的
aspen	'æspәn	n. 山杨a. 山杨的，颤抖的
sonnet	'sɒnit	n. 十四行诗
axle	'æksl	n. 轴，车轴[电] 轴
skirmish	'skә:miʃ	n. 前哨战，小争论，小冲突vi. 发生小争论，侦察
semblance	'semblәns	n. 外表，伪装，假象，少量
contiguous	kәn'tigjuәs	a. 邻近的，接近的[医] 接触的
replete	ri'pli:t	a. 装满的，充满的，充实的，吃饱的
thorny	'θɒ:ni	a. 多刺的，令人苦恼的
memento	mi'mentәu	n. 纪念物，令人回忆的东西
pare	pєә	vt. 剥，削，消减
linoleum	li'nәuliәm	n. 油地毡，漆布[化] 油毡; 亚麻油毡
clot	klɒt	n. 凝块，一团v. （使）凝结，（使）聚集
kiosk	ki'ɒsk	n. 亭，凉亭，报摊
increment	'inkrimәnt	n. 增加，增值，盈余[计] 增量
craven	'kreivәn	n. 懦夫，怯懦者，胆小鬼a. 怯懦的，畏缩的，胆小的
calorie	'kælәri	n. 卡路里（热量单位）
abate	ә'beit	vt. 减少，减轻，减弱，废除，打折扣vi. 减轻，减弱，减少，失效，被废除
postscript	'pәustskript	n. 附言[计] PostScript页面描述语言
veritable	'veritәbl	a. 名副其实的，真实的，确实的，真的
nascent	'næsnt	a. 发生中的，开始存在的，初期的[医] 初发的，初生的
infuriate	in'fjuәrieit	a. 狂怒的vt. 激怒
minuscule	'minәskju:l	n. 小书写体，小写字a. 用小书写体的，小写字的
alibi	'ælibai	n. 不在犯罪现场，托辞v. 为……辩解
fanfare	'fænfєә	n. 喇叭边（或号角）嘹亮吹奏声，吹牛
alkali	'ælkәlai	n. 碱a. 碱性的
cardiologist		n. 心脏病学家[医] 心[脏]病学家
caper	'keipә	n. 跳跃vi. 雀跃，蹦跳
colonize	'kɒlәnaiz	vi. 开拓殖民地vt. 殖民于，移植于
impromptu	im'prɒmptju:	n. 即席演出，即兴曲a. 即席的adv. 即席
pamper	'pæmpә	vt. 放纵，使吃饱，使过量
presupposition	.pri:sʌpә'ziʃәn	n. 预想，假定，预先推测
muffle	'mʌfl	n. 低沉的声音，拳击手套，唇鼻部，围巾，头巾vt. 围裹，抑制，发低沉的声音
nocturnal	nɒk'tә:nәl	a. 夜的，夜曲的[医] 夜间的
lull	lʌl	n. 暂停，间歇，稍息，使人安静的东西vt. 使平静，哄骗，使安静vi. 变平静
waffle	'wɒfl	vi. 胡扯，闲聊n. 华夫饼干，胡扯[计] Waffle程序
isotope	'aisәutәup	n. 同位素[化] 同位素
dermatologist	.dә:mә'tɒlәdʒist	n. 皮肤学者，皮肤科医生[医] 皮肤病学家，皮肤科医师
gouge	gaudʒ	n. 圆凿，用圆凿凿成的槽，挖，掘vt. 用圆凿削，挖出，欺骗
circumstantial	.sә:kәm'stænʃәl	a. 依照情况的
flaunt	flaunt	n. 炫耀，飘扬v. 炫耀，飘扬
incubation	.inkju'beiʃәn	n. 抱蛋，孵化，酝酿[医] 孵育，孵化，潜伏，宿庙求梦（古希腊）
impulsive	im'pʌlsiv	a. 冲动的，受感情驱使的，任性的[医] 冲动的
pleat	pli:t	n. 褶，褶状物vt. 打褶，把……编成辫
overture	'әuvә.tʃuә	n. 主动表示，事件的开端，序言，提议，提案，初步交涉vt. 提议，为……奏前奏曲
unregulated		a. 未经调节的；未校准的
slant	slænt	n. 倾斜，斜面，观点，偏见，歪曲a. 倾斜的v. （使）倾斜
drawl	drɒ:l	v. 慢吞吞地说，故意拉长调子讲话n. 慢吞吞拉长调子的说话方式
chide	tʃaid	v. 斥责，责骂
nonconformist	'nɔnkәn'fɔmist	n. 不相信英国国教的人，不符合通常准则的人，不落俗套的人a. 违反准则的，不落俗套的，违反规范的
aggressor	ә'gresә	n. 侵略者，挑畔者[法] 侵略者，攻击者
juxtapose	.dʒʌkstә'pәuz	vt. 并置，并列[法] 使连接，毗连，并列
stalemate	'steilmeit	n. 僵持状态，僵局，陷于困境，胶着状况vt. 将……逼和，使僵持，使陷入困境
veneer	vә'niә	n. 饰面薄板，饰面，外表vt. 镶饰，胶合，虚饰
buggy	'bʌgi	a. 多虫的n. 双轮单座轻马车，四轮单座马车
spatula	'spætʃәlә	n. 刮刀，压舌片，匙突[医] 药刀，软膏刀; 铲; 压舌板
pennant	'penәnt	n. 尖旗，三角旗，三角锦旗，三角信号旗
chasm	'kæzәm	n. 陷窟，裂口
pretext	'pri:tekst	n. 借口，托词v. 以……为借口
fathom	'fæðәm	n. 英寻（长度单位，合6英尺）vt. 测量深度，看穿，彻底了解vi. 测深
aquifer	'ækwifә	[化] 含水层
attune	ә'tju:n	vt. 为乐器调音，使协调，使合拍
preposterous	pri:'pɒstәrәs	a. 反常的，乖戾的，荒谬的，首末倒置的
fertilize	'fә:tilaiz	vt. 施肥，使丰饶，使受精
visceral	'visәrәl	a. 内脏的[医] 内脏的
evocative	i'vɒkәtiv	a. 唤出……的，唤起……的
finesse	fi'nes	n. 策略，手段，（桥牌中的）飞牌v. 用计谋处理，出小牌
surmise	'sә:maiz	n. 推测，猜测v. 推测，臆测
acronym	'ækrәunim	n. 首字母缩拼词，首字母组合词[计] 字首组合词
trivia	'triviә	n. 琐事
feign	fein	vt. 假装，装作vi. 作假
fluke	flu:k	v. 侥幸成功n. 锚爪，侥幸，偶然事故
complicity	kәm'plisiti	n. 同谋，串通，复杂[法] 共谋，共犯关系
futility	fju:'tiliti	n. 无用，无益，无价值
swipe	swaip	n. 强打，用力挥击，尖刻的话，碰擦，起重杆vt. 强打，用力挥击，偷
brash	bræʃ	a. 性急的，仓促的，无礼的，傲慢的n. 胃灼热，骤雨，碎石堆
cautionary	'kɒ:ʃәnәri	a. 警告的
plethora	'pleθәrә	n. 过多，过剩，多血症[医] 多血[症]
smirk	smә:k	vi. 傻笑，假笑，得意地笑n. 傻笑，假笑，得意的笑
porous	'pɒ:rәs	a. 多孔的，有气孔的，多孔性的，能渗透的[医] 多孔的
delinquent	di'liŋkwәnt	n. 行为不良的人，违法者a. 怠忽的，有过失的
populous	'pɒpjulәs	a. 人口多的，人口稠密的
quip	kwip	n. 妙语，遁辞，讽刺v. 说讽刺话，嘲弄
testator	te'steitә. 'tes-	n. 立遗嘱者
glorify	'glɒ:rifai	vt. 赞美，美化，赞扬，使辉煌
molar	'mәulә	a. 磨碎的，臼齿的，摩尔的，克分子的n. 臼齿，磨牙
tombstone	'tu:mstәun	n. 墓石，墓碑[经] 墓碑，墓志铭
anatomical	.ænә'tɒmikl	a. 解剖的，解剖学的，构造上的[医] 解剖学的
motility	mәu'tiliti	n. 运动性，自动力[医] 能动性，机动性，能动力
melancholy	'melәnkɒli	n. 忧郁，悲哀，愁思a. 忧郁的，使人悲伤的，愁思的
padding	'pædiŋ	n. 垫充，垫塞，填料，废话，虚报的费用[计] 填充; 装填
gastritis	gæs'tritis	n. 胃炎[医] 胃炎
deforestation	di:.fɒ:ri'steiʃәn	n. 采伐森林，森林开伐[法] 砍伐森森
crevice	'krevis	n. 裂缝[医] 缝
flamboyant	flæm'bɒiәnt	a. 火焰似的，辉耀的，华丽的
brandish	'brændiŋ	vt. 挥，挥舞n. 挥舞
tarnish	'tɑ:niʃ	n. 失泽，失泽膜，污点vt. 使失去光泽，玷污vi. 失去光泽，被玷污
parka	'pɑ:kә	n. 皮制连帽大衣，派克大衣
brat	bræt	n. 乳臭未干的小孩，小孩[机] 不煤，原煤
coffer	'kɒfә	n. 保险箱，金库vt. 把……锁进箱子
riven	'rivәn	rive的过去分词
maxim	'mæksim	n. 格言，座右铭[法] 格言，准则，原则
allegory	'æligәri	n. 寓言
propriety	prә'praiәti	n. 礼貌，规矩，适当[计] 专有权
condense	kәn'dens	vt. 使浓缩，使压缩，缩短vi. 浓缩，凝结
affliction	ә'flikʃәn	n. 苦恼，折磨，苦恼的事由
ebb	eb	n. 退潮，衰退vi. 潮退，衰退
artistry	'ɑ:tistri	n. 艺术性
intersperse	.intә'spә:s	vt. 散布，点缀
brunt	brʌnt	n. 主要冲力，冲击
disillusion	.disi'lu:ʒәn	n. 觉醒，幻灭vt. 使醒悟，使幻想破灭
impenetrable	im'penitrәbl	a. 不能通过的，不可理喻的，费解的，顽固的
outstrip	.aut'strip	vt. 追过，胜过，凌驾
superfluous	sju'pә:fluәs	a. 多余的，过剩的
laud	lɒ:d	n. 赞美，称赞vt. 赞美，称赞
retrace	ri'treis	vt. 追溯，折回，绕回[电] 返驰
dissuade	di'sweid	vt. 劝阻[法] 劝阻，劝止
freckle	'frekl	n. 雀斑，斑点[医] 非曝露部雀斑
divulge	di'vʌldʒ	vt. 泄露，透露
implore	im'plɒ:	vt. 恳求，哀求
encroach	in'krәutʃ	vi. 侵犯，侵蚀，蚕食[法] 侵犯，侵入，侵占
sedentary	'sedәntәri	a. 久坐的，坐惯的，定栖的[医] 静坐的; 坐式的
scathing	'skeiðiŋ	a. 伤害的，损伤的，严厉的
reminisce	.remi'nis	vt. 追忆说vi. 追忆往事，话旧
melodrama	'melәu.drɑ:mә	n. 音乐剧，传奇剧，戏剧似的事件
unscrupulous	.ʌn'skru:pjulәs	a. 无道德原则的，不审慎的，肆无忌惮的
alcove	'ælkәuv	n. 凹室，壁龛，小亭
jot	dʒɒt	n. 少量，稍许vt. 略记，摘要记载下来
monotonous	mә'nɒtәnәs	a. 单调的，无变化的
intractable	in'træktәbl	a. 不听话的，倔强的，棘手的[医] 顽固的，难治的
besiege	bi'si:dʒ	vt. 围攻，包围
muddle	'mʌdl	vt. 混合，使微醉，使咬字不清晰vi. 胡乱对付n. 困惑，混浊状态
rife	raif	a. 流行的，盛传的，充满的
exuberance	ig'zju:bәrәns	n. 茂盛，茂盛的生长物，丰富
spoke	spәuk	n. 轮辐vt. 装轮辐，用刹车刹住speak的过去式
embroider	im'brɒidә	vt. 刺绣，镶边，装饰vi. 绣花
decode	di:'kәud	vt. 解码，译解[计] 译码
snuggle	'snʌgl	vi. 偎依vt. 使舒适温暖，紧抱
foresight	'fɒ:sait	n. 远见，深谋远虑[法] 先见，预见，预见的能力
painstaking	'peinzteikiŋ	n. 辛苦，苦心，工夫a. 辛苦的，勤勉的，小心的
esoteric	.esәu'terik	a. 秘教的，奥秘的，秘传的[医] 体内的，内部的，隐的
strident	'straidnt	a. 刺耳的，吱吱尖叫的，尖锐的，刺眼的[医] 喘鸣性的
unfounded	'ʌn'faundid	a. 没有事实根据的，没有理由的，虚幻的，未建立的[法] 无根据的，无稽的，没有理的
filament	'filәmәnt	n. 细丝，细线，灯丝，单纤维[化] 长丝; 单丝（复丝中的单根细丝）; 丝极
dignitary	'dignitәri	n. 高贵的人，高官，高僧，要人
shelve	ʃelv	vt. 放置架子上，搁置vi. 渐渐倾斜
douse	daus	vt. 插入水中，浇（或洒、泼）水在……上，熄（灯、火等）, 平息vi. 浸泡n. 泼洒
disengage	.disin'geidʒ	vt. 使脱离，使松开，使摆脱约束（或义务等）vi. 脱离，解脱
puncture	'pʌŋktʃә	n. 刺痕，穿刺vt. 刺穿，刺，揭穿vi. 被刺穿
hush	hʌʃ	n. 肃静，安静，沉默vt. （使）肃静，（使）安静，（使）缄默interj. 嘘，别作声
lukewarm	'lu:kwɒ:m	a. 微温的，不热的，不热情的[医] 微温的
qualm	kwɒ:m	n. 晕眩，不安，疑虑[法] 疑虑，不安，内疚
exhort	ig'zɒ:t	v. 劝诫，忠告
consternation	.kɒnstә'neiʃәn	n. 惊愕，恐怖，惊惶失措
obnoxious	әb'nɒkʃәs	a. 可憎的，使人不愉快的，令人讨厌的
indebted	in'detid	a. 负债的，受惠的[法] 负债的，法律上有义务偿还的
flout	flaut	vt. 嘲笑，愚弄vi. 表示轻蔑n. 嘲笑，愚弄，轻视
scrawl	skrɒ:l	vt. 潦草地写vi. 乱写n. 潦草的笔迹
tactile	'tæktail	a. 触觉的，有触觉的[医] 触觉的
aloof	ә'lu:f	a. 远离的，冷淡的adv. 远离，冷漠超然地
herbicide	'hә:bisaid	n. 除草剂[化] 除草剂
oblique	ә'bli:k	a. 斜的，倾斜的，间接的，不光明正大的，躲躲闪闪的[医] 斜的
affix	ә'fiks	vt. 使附于，署名，粘贴，盖印于n. 附加物，词缀
intangible	in'tændʒәbl	a. 难以明了的，无形的[经] 无形的
perpendicular	.pә:pәn'dikjulә	n. 垂直线，垂直的位置，直立（姿势）, 刚正，垂规a. 垂直的，直立的，陡峭的
dilapidated	di'læpideitid	a. 破坏的；荒废的，要塌似的
elliptical	i'liptikәl	a. 椭圆的[医] 椭圆形的
intricacy	'intrikәsi	n. 纷乱，复杂，错综
impeach	im'pi:tʃ	vt. 控告，怀疑，检举，弹劾[法] 控告，检举，弹劾
rung	rʌŋ	n. （梯子）踏步，横档，轮辐，粗棍ring的过去分词
credence	'kri:dәns	n. 信任，祭器台，供桌，凭证[法] 设计人，创立人，创设人
fiat	'faiæt	n. 命令，严命，许可[医] 制成，作成
rebuke	ri'bju:k	n. 指责，谴责，非难vt. 斥责，指责，制止
precept	'pri:sept	n. 规诫，规矩，格言，训令[经] 告诫，指令
antic	'æntik	n. 滑稽动作a. 古怪的
inroad	'inrәud	n. 侵入，得手，侵害[法] 袭击，侵犯，损害
retract	ri'trækt	v. 缩回，收回，取消，撤消
unscathed	.ʌn'skeiðd	a. 没有受伤的，未受损伤的
forthright	fɒ:θ'rait	adv. 直率地，直接地，马上，立即a. 直接的，直率的，坦白的n. 直路
cynic	'sinik	n. 犬儒学派的人，玩世不恭的人，愤世嫉俗者，好挖苦人的人a. 犬儒学派的
affront	ә'frʌnt	n. 公开侮辱，轻蔑vt. 公开侮辱，冒犯，面对
medley	'medli	n. 混合，混杂，杂录a. 混合的，拼凑的
illustrious	i'lʌstriәs	a. 著名的，辉煌的，明亮的
illusory	i'lju:sәri	a. 产生幻觉的，幻影的，错觉的[法] 因错觉产生的，虚幻的
grandiose	'grændiәus	a. 宏伟的，壮丽的，夸张的[医] 夸大的
extravagance	ik'strævәgәns	n. 奢侈，浪费，放肆的言行
decimate	'desimeit	vt. 每十人杀一人，大批杀害
responsiveness		n. 强烈的反应[计] 响应能力
cursory	'kә:sәri	a. 匆匆忙忙的，草率的，粗略的
percussion	pә:'kʌʃәn	n. 敲打，碰撞，叩击，叩诊，击发，打击，打击乐器组[医] 叩诊
tact	tækt	n. 机智，手法，老练[经] （自动加工线的）生产节拍
revulsion	ri'vʌlʃәn	n. 剧变，厌恶，强烈反感[医] 诱导法
rupture	'rʌptʃә	n. 破裂，断裂，裂开，决裂，不和v. （使）破裂
inept	in'ept	a. 不适当的，不理智的，笨拙的[法] 不称职者，无能的，不符要求的
inflame	in'fleim	vt. 激怒，点火，激起vi. 着火，激动，发炎
onus	'әunәs	n. 负担，责任，义务，过失，耻辱[法] 责任，义务，负担
bravado	brә'vɑ:dәu	n. 虚张声势
collected	kә'lektid	a. 收集成的，镇定的
adaptable	ә'dæptәbl	a. 能适应的，适合的，可修改的
manipulative	mә'nipjulәtiv	a. 处理的，巧妙处理的，操纵的
onerous	'ɒnәrәs	a. 繁重的，负有法律责任的[法] 负有义务的，艰巨的，繁重的
impassioned	im'pæʃәnd	a. 充满激情的，狂热的，热烈的
susceptibility	sә.septә'biliti	n. 敏感性，感情[电] 磁化系数
amble	'æmbl	n. 马的缓行步态，缓行漫步vi. 马缓行，从容漫步
sundry	'sʌndri	a. 各式各样的[经] 杂的，各种，各式各样的
auxiliary	ɒ:g'ziljәri	n. 辅助者，辅助物，附属机构，助动词a. 辅助的，备用的
foothold	'futhәuld	n. 立足处，据点，根据地
taper	'teipә	n. 带子操作工，小蜡烛，尖细，渐弱，锥形，尖塔a. 尖细的，分等级的v. （使）一头逐渐变细，（使）逐渐减少
placate	plә'keit	vt. 抚慰，平息，使和解，怀柔
hypocritical	.hipә'kritikl	a. 伪善的，伪善者的
exacting	ig'zæktiŋ	a. 苛求的，吃力的
turquoise	'tә:kwɒiz	n. 绿松石，绿松石色
countenance	'kauntәnәns	n. 面容，面部表情，支持，镇定
dearth	dә:θ	n. 缺乏，粮食不足，饥馑
willful	'wilful	a. 任性的，故意的，有意的
codify	'kәudifai	vt. 编成法典[法] 使成文法化，编成法典，编纂
buoy	bɒi. 'bu:i	n. 浮标，航标，救生圈vt. 使浮起，鼓励
resonant	'rezәnәnt	a. 共鸣的，反响的，洪亮的，共振的[医] 反响的，叩响的，共鸣的，共振的
calibrate	'kælibreit	vt. 测定口径，校准，使标准化，调整[化] 校准
gripping		a. 抓的，吸引人的，扣人心弦的，夹的
grudge	grʌdʒ	n. 怨恨，恶意vt. 怀恨，嫉妒，吝惜
galvanize	'gælvәnaiz	vt. 通电，镀锌，使……感到震惊
innocuous	i'nɒkjuәs	a. 无害的，无伤大雅的[医] 无害的，良性的
ineffectual	.ini'fektʃuәl	a. 无效的，无益的
disposed	di'spәjzd	a. 愿意，倾向于
abreast	ә'brest	adv. 并肩地，并列地
meek	mi:k	a. 温顺的，逆来顺受的
scorch	skɒ:tʃ	n. 烧焦，枯萎v. 烧焦，拷焦，（使）枯萎，讽刺
fruition	fru:'iʃәn	n. 成就，实现，结果实
warp	wɒ:p	n. 变形，弯曲，歪曲，乖僻，偏差，偏见vt. 使变形，弄歪，使翘曲，使不正常，歪曲，使有偏见vi. 变弯，变歪
expound	ik'spaund	v. 详细说明，解释
graft	grɑ:ft	n. 嫁接，贪污v. 嫁接，移植，贪污
tinge	tindʒ	n. 色调，色彩，气味，气息vt. 染，使带气息
broil	brɒil	vi. 烤，争吵，激动vt. 烤n. 烤，灼热，争吵
ambience	'æmbiәns	n. 周围环境，气氛
comprehensible	.kɒmpri'hensibl	a. 可理解的
filibuster	'filibʌstә	n. 阻挠议事的活动，掠夺兵，暴兵，海盗vi. 掠夺vt. （以冗长的演说）阻碍议案通过
collate	kә'leit	vt. 校对，校勘[计] 整理
fidget	'fidʒit	vi. 坐卧不安，摆弄vt. 使烦乱，使不安n. 烦躁不安，坐立不安的人
sumptuous	'sʌmptʃuәs	a. 奢侈的，华丽的
spurn	spә:n	n. 踢开，拒斥vt. 踢开，冷落，践踏，唾弃vi. 藐视，摒弃
hoarse	hɒ:s	a. 沙哑的，嘶哑的[医] 声嘶的
septic	'septik	a. 腐败的，脓毒性的n. 引起腐败的物质
noxious	'nɒkʃәs	a. 有害的，有毒的，使道德败坏的[医] 有害的，有毒的
gamut	'gæmәt	n. 音阶，整个范围，全部，音域
crux	krʌks	n. 十字架形，关键，难题[医] 十字，十字形
ephemeral	i'femәrәl	a. 朝生暮死的，短命的，短暂的[医] 暂时的
belated	bi'leitid	a. 迟来的[法] 过了期的，落后了的
antipathy	æn'tipәθi	n. 厌恶，反感[医] 反感，厌恶; 相克疗法
nexus	'neksәs	n. 连结，关系[化] 融合膜
vagary	'veigәri	n. 狂想，奇特行为，奇想
recalcitrant	ri'kælsitrәnt	a. 反抗的，反对的，顽抗的n. 反抗者，顽抗者
cranky	'kræŋki	a. 古怪的，暴躁的，脾气坏的
judicious	dʒu:'diʃәs	a. 头脑精明的，贤明的，判断正确的
edifice	'edifis	n. 大厦，大建筑物
sawdust	'sɒ:dʌst	n. 锯屑[机] 锯屑
coy	kɒi	a. 腼腆的，怕羞的，羞怯的
astray	ә'strei	adv. 迷途地，入歧途地[法] 误入歧途地，离开正道地
allay	ә'lei	vt. 使平静，使缓和
obedient	ә'bi:djәnt	a. 服从的，顺从的，孝顺的[法] 服从的，顺从的，忠顺的
preempt	pri:'empt	vt. 先买，先取vi. 先发制人地叫牌
disagreeable	.disә'griәbl	a. 令人不快的，厌恶的，不合意的
alluring	ә'luәriŋ	a. 吸引人的，诱人的，迷人的
callous	'kælәs	a. 麻木的，无情的，坚硬的，硬皮的，起老茧的vt. 使生茧，使变硬
agile	'ædʒail	a. 敏捷的，灵活的，机敏的
prank	præŋk	n. 开玩笑，恶作剧，戏谑vt. 盛装，装饰，打扮vi. 炫耀自己
sustenance	'sʌstinәns	n. 生活资料，生计，食物，支持[法] 营养物，维持，支持
contented	kәn'tentid	a. 满足的，心安的
preamble	'pri:æmbl	n. 引言，序文，前言[计] 前同步; 前同步信号
interlude	'intәlu:d	n. 幕间，幕间时间，插曲，穿插，过场[计] 插算; 中间程序
instantaneous	.instәn'teinjәs	a. 即时的，瞬间的，猝发的[机] 瞬时的
abrasive	ә'breisiv	n. 研磨料a. 有研磨作用的
posterior	pɒ'stiәriә	a. 在后的，其次的，后面的n. 后部，臀部
prodigious	prәu'didʒәs	a. 庞大的，惊人的，异常的
trespass	'trespәs	n. 擅自进入，非法侵入，侵害vi. 侵害，侵入，打扰，冒犯
reprimand	'reprimɑ:nd	n. 谴责，惩戒，非难vt. 谴责，惩戒，严责
compensatory	kәm'pensәtәri	a. 赔偿的，补偿的，代偿的[医] 代偿的，补偿的
slur	slә:	n. 连音符，诽谤，玷污，印刷模糊vt. 草率地看过，忽略，含糊地念vi. 模糊不清
unwarranted	.ʌn'wɒrәntid	a. 未获保证的，无保证的，未经授权的
morbid	'mɒ:bid	a. 致病的，病态的，疾病的，可怕的[医] 病的
enliven	in'laivn	vt. 使活泼，使生动
grueling	'^ruәliŋ	a. 折磨人的，使人精疲力尽的n. 痛打，惩罚
slacken	'slækәn	vt. 使松弛，放松，放慢vi. 变松弛，减弱，松劲
chirp	tʃә:p	n. 喳喳声，唧唧声v. 吱喳而鸣
canonical	kә'nɔnikәl	a. 依教规的，被认为圣典的，权威的，典型的[建] 正则的
pandemic	pæn'demik	a. 大流行的，普遍的，全世界的[医] 大流行的，大流行病
forlorn	fә'lɒ:n	a. 孤独的，悲惨的，凄凉的
vertigo	'vә:tigәu	n. 眩晕，迷惘[医] 眩晕
entangle	in'tæŋgl	vt. 使纠缠，卷入，使混乱
disinterested	dis'intristid	a. 无私欲的，廉洁的，公平的
sordid	'sɒ:did	a. 肮脏的，贪婪的，卑鄙的，恶劣的，暗淡的[医] 污色的
anemia	ә'ni:miә	n. 贫血，贫血症，无活力[医] 贫血
inexorable	in'eksәrәbl	a. 无情的，冷酷的
prodigy	'prɒdidʒi	n. 惊人的事物，奇迹，不凡的人，奇才，神童，预兆
cessation	se'seiʃәn	n. 停止[法] 中止，中断，停止
cocoon	kә'ku:n	n. 茧[医] 茧
extrapolate	ek'stræpәleit	v. 推断，外推
conjecture	kәn'dʒektʃә	n. 推测，猜想，揣摩v. 推测，猜想，揣摩[计] 推测; 猜测
interminable	in'tә:minәbl	a. 无限的，冗长的
usurp	ju:'zә:p	vt. 篡夺，侵占，夺取vi. 篡夺，侵占
turret	'tʌrit	n. 塔楼，角楼，攻城用仰冲车[机] 转塔，多角刀架
rebuff	ri'bʌf	n. 断然拒绝，严厉拒绝，漠不关心vt. 严厉拒绝
prudence	'pru:dns	n. 审慎，慎重，精明，节俭
fang	'fæŋ	n. 尖牙，犬牙[医] 牙根，尖牙，蛇类毒牙
indignity	in'digniti	n. 侮辱[法] 侮辱的言行，无礼，有伤尊严
impervious	im'pә:viәs	a. 透不过的，不易损坏的，无动于衷的，不受影响的[医] 不能透过的
biosphere	'baiәsfiә	n. 生物圈[医] 生物圈，生物层
disprove	.dis'pru:v	vt. 证明……是不对的，提出……的反证，反驳[法] 证明……不成立，反驳，驳斥
gape	geip	n. 裂口，张嘴，打哈欠vi. 裂开，张嘴，打哈欠
shunt	ʃʌnt	vt. 使转轨，使分流，回避讨论，推延vi. 转向一边，转轨，往返n. 转轨，分流
erstwhile	'ә:stwail	adv. 以前，往昔地a. 以前的，往昔的
discerning	di's\\\\:niŋ	a. 有眼力的，敏锐的，有辨别能力的，有洞察力的
ingest	in'dʒest	vt. 摄取，咽下，吸取
quarantine	'kwɒrәnti:n	n. 隔离，封锁交通，检疫期vt. 隔离，排斥
stammer	'stæmә	v. 口吃，结结巴巴地说n. 口吃，结巴
deride	di'raid	vt. 嘲弄，嘲笑
inter	in'tә:	vt. 埋葬prep. 在中间
reverie	'revәri	n. 梦想，沉思，幻想曲[医] 出神，幻想
defunct	di'fʌŋkt	a. 死的，不能使用的n. 死者
nimble	'nimbl	a. 敏捷的，伶俐的，聪明的
sociable	'sәuʃәbl	a. 好交际的，社交的，过社会生活的n. 联谊会
lucid	'lu:sid	a. 明晰的，清澈的，透明的，透彻的[医] 清明的，透明的，清醒的
spank	spæŋk	vt. 打，拍击，飞跑vi. 飞跑n. 拍打，一巴掌
rickety	'rikәti	a. 患佝偻病的，虚弱的，摇摆的[医] 佝偻病的
unjustified		[计] 未经调整的，未对齐的
stutter	'stʌtә	n. 口吃，结结巴巴v. 结结巴巴地说
monolithic	.mɒnәu'liθik	a. 独石的，完全统一的，整体的[化] 整体（铸，烧结）的; 龟甲网衬里; 单片; 单块
disentangle	.disin'tængl	vi. 解开纠结，松开，解决vt. 解开，松开
congenial	kәn'dʒi:njәl	a. 协调的，一致的，适意的，趣味相同的
husky	'hʌski	n. 强壮结实之人，爱斯基摩人a. 有壳的，声音沙哑的，强壮的
squalor	'skwɒlә	n. 肮脏，贫穷，不干净
squalid	'skwɒlid	a. 污秽的，肮脏的，悲惨的，可怜的，卑劣的
predisposition	pri:,dispә'ziʃәn	n. 爱好，素质，癖性，天性，倾向，易感受性[医] 素因，素质
conundrum	kә'nʌndrәm	n. 谜语，难题
fictitious	fik'tiʃәs	a. 假想的，编造的，虚伪的[法] 假定的，假设的，虚构的
corrugated	'kɒrugeitid	a. 皱纹的，波状的[医] 波纹的，皱状的
snip	snip	v. 剪，剪断，削减，删节n. 剪，（剪刀的）一剪，不足道的人
affluence	'æfluәns	n. 富裕，丰富，流注[医] 丰富，流入
rivet	'rivit	n. 铆钉vt. 用铆钉固定，敲进去，注目，吸引住
antiquated	'æntikweitid	a. 陈旧的，过时的，年老的
chastise	tʃæ'staiz	vt. 责骂，惩罚[法] 责罚，惩戒，严惩
slouch	slautʃ	n. 没精打采的样子，耷拉，笨人vi. 没精打采地走，耷拉着vt. 使低垂
interlocking	.intә'lɒkiŋ	a. 连锁的[化] 咬合; 咬合作用
bequeath	bi'kwi:ð	vt. 遗赠，遗留[法] 遗赠，遗留……给
shimmer	'ʃimә	n. 微光，闪光vi. 闪烁vt. 使闪烁
epitome	i'pitәmi	n. 概要，缩影，象征
husk	hʌsk	n. 外壳，皮，无价值之物vt. 剥……的壳，削皮
peruse	pә'ru:z	vt. 熟读，精读，阅读，仔细研究
cordial	'kɒ:djәl	n. 兴奋剂，补品a. 热忱的，诚恳的，有兴奋作用的
salutary	'sæljutәri	a. 有益的，有用的，有益健康的[医] 适于健康的
insecticide	in'sektisaid	n. 杀虫剂[化] 杀虫剂
forebear	'fɒ:bєә	n. 祖先，祖宗
abet	ә'bet	vt. 教唆，煽动，怂恿，帮助，支持
balm	bɑ:m	n. 镇痛软膏，香膏[化] 香树膏; 香脂
penultimate	pi'nʌltimit	a. 倒数第二的
inkling	'iŋkliŋ	n. 暗示，微微觉得
inanimate	in'ænimәt	a. 失去知觉的，没生命的，无精打采的[医] 无生命的，无生机的
extol	ik'stәul	vt. 颂扬，称赞，吹捧
flit	flit	n. 掠过，迁徙vi. 掠过，迁徙
reciprocate	ri'siprәkeit	vt. 回报，互换，交换，报答，使往复运动vi. 往复运动，回报，互换，酬答
brawl	brɒ:l	n. 争吵vi. 争吵，哗哗地流水
fussy	'fʌsi	a. 易怒的，爱挑剔的，难取悦的，易烦恼的
cryptic	'kriptik	a. 神秘的，含义模糊的，隐藏的[医] 隐蔽的
somatic	sәu'mætik	a. 身体的，肉体的，壁体的[医] 躯体的，体壁的
agility	ә'dʒiliti	n. 敏捷，灵活，机敏
hospitable	'hɒspitәbl	a. 好客的，招待周到的
unmoved	.ʌn'mu:vd	a. 没有动过的，不动摇的，坚决的，冷静的
supple	'sʌpl	a. 柔软的，逢迎的，顺从的vt. 使柔软，使顺从
shambles	'ʃæmblz	n. 肉店，屠宰场，混乱，废墟
utopia	ju:'tәupiә	n. 乌托邦，理想国
oar	ɒ:	n. 桨，桨手，搅棒vi. 划桨vt. 划动
choreography	.kɒriә'ɒgræfi	n. 舞蹈艺术，舞台舞蹈
deceit	di'si:t	n. 欺骗，谎言[经] 诈骗，欺骗
crafty	'kræfti	a. 狡诈的，诡计多端的，巧妙的
conciliatory	kәn'siliәtәri	a. 安抚的，和好的，调和的
subterranean	.sʌbtә'reinjәn	a. 地下的，秘密的n. 地下室，地下工作者
enunciate	i'nʌnsieit	vt. 明确地叙述，表明vi. 发音
virulent	'virjulәnt	a. 剧毒的，致命的，刻毒的，恶毒的，恶性的，有病毒的，过强的[医] 有毒力的，毒性的
reek	ri:k	n. 烟，水蒸气，臭气散发vi. 冒烟，发臭气，散发vt. 用烟熏，散发
meld	meld	v. 混合，合并
brood	bru:d	n. 一窝，一伙vt. 孵，沉思
custodian	kʌ'stәudjәn	n. 管理人，保管人，监护人[经] 保管人，管理人
copious	'kәupiәs	a. 很多的，丰富的，内容丰富的
detest	di'test	vt. 厌恶，憎恨
retainer	ri'teinә	n. 家臣，侍从，保持者[化] 保持器; 定位器; 隔栅; 隔环; 护圈; 止动器; 止动装置
forsake	fә'seik	vt. 放弃，断念，抛弃[法] 遗弃，抛弃，摒绝
accede	æk'si:d	vi. 同意，正式加入，就任，继任
taxing	'tæksiŋ	a. 繁重的，费力的[法] 征税的，评定的负担颇重的
seethe	si:ð	vi. 冒泡，沸腾vt. 使煮沸，使浸透n. 翻腾
embroil	im'brɒil	vt. 使卷入，牵连
consummate	'kɒnsәmeit	vt. 完成，使完美a. 无上的，至上的，完美的
obviate	'ɒbvieit	vt. 除去，排除，使成为不必要，避免
everlasting	.evә'læstiŋ	a. 永恒的，持久的n. 上帝，神
dabble	'dæbl	vi. 玩水，拨弄，涉猎vt. 溅湿
sear	siә	a. 枯萎的，凋谢的vt. 烤焦，使枯萎vi. 凋谢，干枯
accolade	.ækәu'leid	n. 荣誉，赞美，骑士爵位的授予礼，连谱号
absolve	әb'zɒlv	vt. 宣告……无罪，赦免，免除[经] 免偿（债务）, 解除
nomad	'nәumәd	n. 游牧部落一员，流浪者a. 游牧的，流浪的
stocky	'stɒki	a. 矮胖的，健壮结实的
bohemian	bәu'hi:mjәn	n. 波希米亚人，波希米亚语，放浪者a. 波希米亚人的，放浪的，波希米亚语的
skunk	skʌŋk	n. 臭鼬，臭鼬皮，讨厌鬼vt. 使惨败，欺骗
archipelago	.ɑ:ki'pelәgәu	n. 群岛，多岛屿的海
connoisseur	.kɒnә'sә:	n. 鉴赏家，鉴定家，内行
genealogy	.dʒi:ni'ælәdʒi	n. 系谱，宗谱，家系，世系，血统[医] 家系，血统，家系学
emblazon	im'bleizn	vt. 用纹章装饰，盛饰，颂扬
anathema	ә'næθәmә	n. 令人厌恶的人，强烈的遣责，诅咒，咒逐，革出教门
soot	sut	n. 煤烟，炭黑色vt. 熏以煤烟
resourceful	ri'sɒ:sful	a. 资源丰富的，策略的，机智的[法] 资源丰富的，善于遂机应变的，足智多谋的
extant	ek'stænt	a. 现存的，未毁的
sash	sæʃ	n. 框格，肩带，腰带vt. 装以窗框，系上腰带
contravene	,kɔntrә'vi:n	vt. 违反，触犯，否认，反驳，抵触，与……冲突[法] 触法，违反，否定
amicable	'æmikәbl	a. 友善的，友好的[法] 友好的，和睦的，温和的
stimulant	'stimjulәnt	a. 兴奋性的，激励的，鼓舞的n. 兴奋剂，酒精饮料
tenacity	ti'næsiti	n. 固执，不屈不挠，顽固，黏性，韧性[机] 坚轫
subsume	sʌb'sju:m	vt. 把……归入，把……纳入，把……列入某一类，把……归类
tenacious	ti'neiʃәs	a. 紧握的，固执的，不屈不挠的，黏着力强的[医] 坚韧的
scourge	skә:dʒ	n. 鞭，苦难根源，灾祸vt. 鞭打，痛斥，蹂躏
noose	nu:s	n. 套索，束缚，陷阱vt. 用套索捉
grouse	graus	n. 松鸡，牢骚vi. 埋怨
proffer	'prɒfә	vt. 提供，贡献，提议n. 提供，提议
pretentious	pri'tenʃәs	a. 自负的，自命不凡的，夸耀的
lurid	'luәrid	a. 火烧似的，苍白的，华丽的，可怕的
inquisitive	in'kwizәtiv	a. 好问的，想知道的，好追根究底的
incessant	in'sesnt	a. 不断的，不绝的，无尽的
maroon	mә'ru:n	n. 逃亡黑人奴隶，褐紫红色，爆竹a. 褐紫红色的vt. 放逐到无人岛上，使孤立vi. 闲荡，带帐篷旅行
panther	'pænθә	n. 豹，黑豹，美洲豹
bereft	bi'reft	a. 缺少的，丧失的，失去亲人的bereave的过去式和过去分词
plod	plɒd	n. 沉重的步伐，辛勤工作vi. 沉重地走，辛勤工作，孜孜从事vt. 沉重缓慢地走
cinder	'sindә	n. 煤渣，灰烬[化] 炉渣; 熔渣; 煤渣; 矿渣; 粗灰
flounder	'flaundә	vi. 挣扎，折腾；错乱地做事或说话
contemptuous	kәn'temptʃuәs	a. 轻蔑的，鄙视的，瞧不起人的
broach	brәutʃ	n. 烧肉叉，凿子，钻头vt. 用凿子修琢（石块）, 钻孔vi. 露出水面
rowdy	'raudi	n. 好吵闹的人a. 吵闹的
reproach	ri'prәutʃ	n. 责备，耻辱vt. 责备，申斥，使丢脸
vocalist	'vәukәlist	n. 声乐家，歌手
fraternal	frә'tә:nl	a. 兄弟的，兄弟似的，友爱的
fallacy	'fælәsi	n. 错误的观念（或信念）, 谬见，谬论[医] 错觉，幻觉，虚妄
odyssey	'ɒdisi	n. 奥德赛（古希腊史诗）
arbiter	'ɑ:bitә	n. 仲裁人，裁决者，公断人[计] 判优程序
awry	ә'rai	a. 歪的，错误的adv. 歪斜地，错地
innuendo	.inju:'endәu	n. 讽刺，暗讽vi. 说讽刺话vt. 暗示
torrential	tɒ'renʃәl	a. 奔流的，急流的，猛烈的
spontaneity	.spɒntә'ni:iti	n. 自然发生，自生，自发
belie	bi'lai	vt. 掩饰，与……不符，使失望
throes		n. 阵痛，临死的苦痛，垂死的挣扎，剧痛，痛苦，苦闷，苦难，艰苦的奋斗
unproductive	.ʌnprә'dʌktiv	a. 不生产的，无出产的，不毛的[经] 非生意性的，浪费的
valiant	'væljәnt	a. 英勇的n. 勇敢的人
senile	'si:nail	a. 高龄的，衰老的，老年期的[医] 老年的
epithet	'epiθet	n. 浑名，绰号，称号
piecemeal	'pi:smi:l	adv. 一件一件地，逐个地，零碎地a. 一片一片的，逐渐的，零碎的n. 断片
pester	'pestә	vt. 不断打扰，纠缠
dour	duә	a. 阴沉的，严厉的，顽强的
drove	drәuv	n. 畜群drive的过去式
ripen	'raipәn	vt. 使成熟vi. 成熟
minnow	'minәu	n. 鲤科淡水小鱼
enslave	in'sleiv	vt. 奴役，束缚，使受控制，征服
discord	'diskɒ:d	n. 不调和，不和vi. 不一致，（声音）刺耳
induct	in'dʌkt	vt. 引导，使入门，引入，使就职
methodical	mi'θɒdikl	a. 有方法的，有系统的
exasperate	ig'zæspәreit	vt. 使恼怒，激怒，恶化a. 糙面的，恼怒的，激怒的
tycoon	tai'ku:n	n. 企业界大亨，将军[经] 企业界巨头，企业家
pummel	'pʌml	vt. 击，打，揍
insoluble	in'sɒljubl	a. 不能溶解的，不能解决的[医] 不溶解的
categorical	.kæti'gɒrikl	a. 范畴的，绝对的，明确的
bough	bau	n. 大树枝
nova	'nәuvә	n. 新星[计] 诺瓦计算机
malfunction	.mæl'fʌŋʃәn	n. 故障，失灵，疾病vi. 发生故障，不起作用[计] 故障
brazen	'breizn	a. 黄铜制的，厚颜无耻的vt. 厚脸皮地对待
cower	'kauә	vi. 畏缩，退缩，抖缩
stipulation	.stipju'leiʃәn	n. 约束，约定，契约[经] 订定，规定，条款
phantom	'fæntәm	n. 幻影，虚位，幽灵，化身，令人恐惧的事物，骇人的想法a. 幻觉的，幻影的，幽灵的，虚无飘渺的，捉摸不定的，有名无实的
ballast	'bælәst	n. 压载物，压舱物[经] 底货，压舱货
infraction	in'frækʃәn	n. 违反，侵害[医] 不全骨折
concomitant	kәn'kɒmitәnt	a. 相伴的，伴随的，共存的n. 伴随物
jurisprudence	.dʒuәris'pru:dәns	n. 法律学，法律体系[医] 法学，法律学
permanence	'pә:mәnәns	n. 永久，持久，固定性[法] 永久性，持久性
impunity	im'pju:niti	n. 不受惩罚，无事，无患[法] 不受刑罚，免罚，免罪
carcinogen	kɑ:'sinәdʒәn	n. 致癌物质[化] 致癌物
gist	dʒist	n. 要点，要旨，依据[法] 依据，要旨，要点
swagger	'swægә	n. 大摇大摆，吹牛，妄自尊大，威吓vi. 虚张声势吓人，大摇大摆，吹牛vt. 吓唬，恫吓a. 漂亮的，时髦的
deft	deft	a. 敏捷熟练的，灵巧的
etching	'etʃiŋ	n. 蚀刻版画，蚀刻画，蚀刻术[化] 蚀刻; 浸蚀
mercenary	'mә:sinәri	n. 唯利是图者，雇佣兵a. 为钱而工作的，被雇的，图利的
corral	kɒ:'rɑ:l	n. 畜栏vt. 把……关进畜栏
insatiable	in'seiʃjәbl	a. 不知足的，贪求无厌的[医] 不能满足的，不饱的
expedient	ik'spi:diәnt	n. 权宜之计a. 权宜的，方便的，有用的
emblematic	,embli'mætik	a. 象征的，典型的
evasive	i'veisiv	a. 逃避的，回避的，托辞的[法] 逃避的，规避的，推托的
malaise	mæ'leiz	n. 不舒服[医] 不适，欠爽
saunter	'sɒ:ntә	n. 闲逛，漫步vi. 闲逛，漫步
interchangeable	.intә'tʃeindʒәbl	a. 可互换的[化] 可互换的
intelligible	in'telidʒәbl	a. 可理解的，易理解的，纯概念性的
incipient	in'sipiәnt	a. 起初的，发端的，初期的[医] 初发的，初期的
hypnotic	hip'nɒtik	a. 催眠的，在受催眠状态中，易于催眠的n. 催眠药，安眠药，催眠状态的人
sterilize	'sterәlaiz	vt. 使成不毛，使绝育，杀菌，使不起作用[医] 灭菌，消毒; 绝育
desertion	di'zә:ʃәn	n. 丢掉，遗弃，逃亡[法] 长期分居，开小差，遗弃
acquiesce	.ækwi'es	vi. 默许，默然同意
luscious	'lʌʃәs	a. 甘美的，浓厚的，满足感官的
eavesdrop	'i:vzdrɒp	v. 偷听n. 屋檐水，偷听
furrow	'fʌrәu	n. 犁沟，车辙，皱纹vt. 犁，耕，弄绉vi. 起波纹
metaphysics	.metә'fiziks	n. 形而上学，玄学，空头理论
tempest	'tempist	n. 暴风雨，骚动vt. 使受大风暴影响，使骚动，使激动
stuffy	'stʌfi	a. 闷热的，窒息的，乏味的，固步自封的，自以为是的
reprisal	ri'praizl	n. 报复，报仇，报复性劫掠[法] 复仇，报复，报复性暴力为
adobe	ә'doubi	n. 风干土坯[化] 风干砖; 土砖; 灰质粘土; 多孔粘土
hiatus	hai'eitәs	n. 裂缝，中断，空隙，间隙，裂孔，（稿件）脱字，漏句pl. 裂缝，中断，空隙，间隙，裂孔，（稿件）脱字，漏句
exonerate	ig'zɒnәreit	vt. 免除，证明无罪[法] 解放，开释，免罪
ascendancy	ә'sendәnsi	n. 优势，支配地位
transpose	træns'pәuz	vt. 调换，颠倒顺序，移项vi. 互换位置[计] 转置
amnesia	æm'ni:zjә	n. 健忘症，记忆缺失[医] 记忆缺失，遗忘[症]
dingy	'diŋdʒi	a. 暗淡的，昏暗的，邋遢的
wallow	'wɒlәu	vi. 打滚，沉迷，颠簸n. 打滚，泥坑，堕落
scamper	'skæmpә	n. 蹦跳，奔跑，浏览vi. 蹦跳，奔跑，浏览
rampage	'ræmpeidʒ	n. 乱闹，乱冲，暴跳vi. 乱闹，狂暴
cameo	'kæmiәu	n. 刻有浮雕的宝石或贝壳
anarchist	'ænәkist	n. 无政府主义者[法] 无政府主义者
satanic	sә'tænik	a. 魔鬼似的，穷凶极恶的，邪恶的，非常残酷的，罪恶的，极恶劣的
tint	tint	n. 色彩，浅色vt. 染色于
gaudy	'gɒ:di	a. 俗丽的，华而不实的n. 盛大宴会
rebuttal	ri'bʌtәl	n. 辩驳，驳回，反驳，反驳的证据，反证[法] 辩驳，反驳，驳回
tranquility	.træŋ'kwiliti	n. 宁静
genial	'dʒi:njәl	a. 和蔼的，亲切的，友善的[医] 颏的
banal	bә'nɑ:l	a. 平凡的，陈腐的
bode	bәud	v. 预示bide的过去式
nectar	'nektә	n. 神酒，甜美饮料，甘露
fixate	'fikseit	vi. 使固定，使不变，注视vt. 使固定，注视
demeanour	di'mi:nә	n. 行为，举止
flunk	flʌŋk	n. 失败，不及格vi. 失败，考试不及格，放弃vt. 使不及格
denigrate	'denigreit	vt. 使变黑，玷污，诋毁
enumerate	i'nju:mәreit	vt. 列举，计算，枚举，数[法] 举出，列举，枚举
resigned	ri'zaind	a. 服从的，听任的，已辞职的
restitution	.resti'tju:ʃәn	n. 归还，偿还，赔偿[医] 整复，恢复，转回（胎头）
whittle	'hwitl	vt. 逐渐削薄，削整，削弱，削减vi. 削木头n. 大刀，屠刀
antithesis	æn'tiθisis	n. 对偶，对照，对立面
dissociate	di'sәuʃieit	v. 把……分开，分离，游离，分裂
musket	'mʌskit	n. 火枪
euphemism	'ju:fәmizm	n. 委婉说法，委婉语
negotiable	ni'gәuʃiәbl	a. 可磋商的，可转让的，可通行的[经] 可流通的，可转让的
blight	blait	n. 枯萎病vt. 使染上枯萎病，破坏vi. 枯萎
omelet	'ɔmlit, -let	n. 煎蛋卷，煎蛋饼，炒蛋
elated	i'leitid	a. 兴高采烈的
repent	ri'pent	vi. 后悔，懊悔，忏悔vt. 后悔a. 匍匐生根的
scalpel	'skælpәl	n. 解剖刀vt. 用解剖刀切开
compliant	kәm'plaiәnt	a. 顺从的，屈从的[电] 适用于，配合……使用
mortuary	'mɒ:tʃuәri	n. 停尸间，太平间a. 丧葬的，悲哀的，埋葬的
fissure	'fiʃә	n. 裂缝，裂沟v. （使）裂开，（使）分裂
circumference	sә'kʌmfәrәns	n. 圆周，周缘，胸围[医] 周缘，环状面
indeterminate	.indi'tә:minәt	a. 不明确的，不确定的，含混的[法] 不明确的，无定期的，不确定的
spartan	'spɑ:tәn	a. 斯巴达的，斯巴达式的，刚强的，勇敢的，好战的，严峻的，简朴的，艰苦的n. 斯巴达人，勇士，坚韧不拔的人
hinterland	'hintәlænd	n. 内地，腹地，偏僻地区[经] 腹地
outlandish	aut'lændiʃ	a. 外国气派的，偏僻的，古怪的
treachery	'tretʃәri	n. 背叛，变节[法] 背叛，变节，背信弃义
tantamount	'tæntәmaunt	a. 同等的，相等的，相当于……的[法] 相等的，相当的，同等的
implausible	im'plɒ:zәbl	a. 难以置信的，不象真实的
droop	dru:p	vi. 下垂，消沉vt. 使下垂n. 低垂，消沉
extricate	'ekstrikeit	vt. 使解脱，救出
clique	kli:k	n. 派系，集团vi. 结党[计] 集团型
reconstitute	.ri:'kɒnstitju:t	vt. 重新组成，重新设立[法] 重新构成，重新组成，重新设立
obsess	әb'ses	vt. 迷住，使困扰
offbeat	'ɒfbi:t	a. 不平常的，离奇的，不落俗套的n. 弱拍
reprieve	ri'pri:v	n. 缓刑，缓刑令，暂缓vt. 暂时解救，缓期执行
kinetic	kai'netik	a. 运动的，运动引起的，动力学的，活动的[医] 运动的，动的，动力的
demented	di'mentid	a. 发狂的，精神错乱的[医] 痴呆的
assail	ә'seil	vt. 攻击，质问[法] 攻击，袭击，著手解决
pelt	pelt	n. 投掷，打击，快速，毛皮vt. 剥……的皮，连续投掷，攻击，抨击，拍打vi. 投击
heinous	'heinәs	a. 可憎的，令人发指的
disrepute	.disri'pju:t	n. 丧失名誉，坏名声，不名誉
annexation	ænek'seiʃәn	n. 合并，附加，附加物[法] 兼并，侵吞，附加物
incubator	'inkjubeitә	n. 孵卵器，细菌培养器，早产儿保育器[化] 恒温箱; 孵化箱
avenge	ә'vendʒ	vt. 为……报复，报仇
holocaust	'hɔlәkɔ:st	n. 大屠杀，大火灾，毁灭，大规模烧杀
fleck	flek	n. 斑点，雀斑，斑纹vt. 使起斑点，使有斑纹，使有斑驳
rescind	ri'sind	vt. 废止，使无效，取消，撤消，解除[经] 取消，废除
recast	.ri:'kɑ:st	vt. 重铸，重作，改造n. 重铸，改换角色
moron	'mɒ:rɒn	n. 低能者，笨人[医] 痴愚者
pernicious	pә'niʃәs	a. 有害的，致命的，恶劣的，险恶的[医] 恶性的
fatten	'fætn	vi. 养肥vt. 使肥胖
corny	'kɒ:ni	a. 谷类的，乡巴佬似的，粗野的[建] 角制的，角（质）的
permissive	pә'misiv	a. 许可的，获准的，宽容的，放任的，放纵的，允许选择的，自由的[法] 表示许可的，随意的，纵容的
caustic	'kɒ:stik	n. 腐蚀剂a. 腐蚀性的
edict	'i:dikt	n. 布告，法令[经] 布告，法令
alphabetical	.ælfә'betikәl	a. 依字母顺序的，字母的
blockage	'blɒkidʒ	n. 封锁，妨碍[化] 堵塞
confidant	.kɒnfi'dænt	n. 心腹朋友，知己
exponentially	ˌekspə'nenʃəlɪ	adv. 以指数方式
banter	'bæntә	n. 戏谑，嘲弄v. 戏弄，开玩笑
locust	'lәukәst	n. 蝗虫，蚱蜢，蝉
sadistic	sæ'distik	a. 虐待狂的，残酷成性的
genteel	dʒen'ti:l	a. 有教养的，上流的，优雅的
philanthropic	fi'lænθrәpic	a. 慈善（事业）的，博爱的，乐善好施的[法] 博爱的，仁慈的，慈善事业的
acquittal	ә'kwitәl	n. 履行，无罪开释[经] （债务的）清偿
monotony	mә'nɒtәni	n. 单调，缺乏变化
lenient	'li:njәnt	a. 宽大的，温和的，慈悲为怀的[法] 宽大的，仁慈的
colt	kәult	n. 小马，苔绳，无经验的年轻人
slough	slau	n. 泥沼，沼泽，蜕下的皮，腐肉vt. 使陷入泥沼，使沉沦，脱落，抛弃vi. 在泥浆中跋涉，蜕皮，脱落
pander	'pændә	vi. 勾引，怂恿，卑劣地迎合n. 拉皮条者，怂恿者，助恶者
consequential	,kɔnsi'kwenʃәl	a. 作为结果的，随之发生的，推论的，间接的，重大的，自大的，傲慢的，自傲的[法] 结果的，相应而生的，接着发生的
wistful	'wistful	a. 渴望的，想望的
mutton	'mʌtn	n. 羊肉
appreciable	ә'pri:ʃiәbl	a. 可感知的，可评估的
altruism	'æltruizm	n. 利他主义，利他
pauper	'pɒ:pә	n. 贫民，靠救济度日者，穷人，乞丐[法] 贫民，穷人
mottled	'mɒtld	a. 杂色的，斑驳的[医] 斑色的，斑状的
denunciation	di.nʌnsi'eiʃәn	n. 谴责，告发[经] 废止合同（契约）, 宣告合同（契约等）无效
ethereal	i'θiriәl	a. 轻的，飘渺的，天上的[医] 醚制的，挥发性的
intrepid	in'trepid	a. 无畏的，勇猛的
cobbler	'kɒblә	n. 皮匠，补鞋匠，笨工匠
tongs	tɔŋz	n. 钳子，夹具[医] 钳
panoramic	.pænә'ræmik	a. 全景的
queasy	'kwi:zi	a. 呕吐的，使人呕吐的[经] 不稳定的
condescending	.kɒndi'sendiŋ	a. 谦逊的，故意屈尊的，有优越感的
engross	in'grәus	vt. 用大字体书写，独占（市场）, 使全神贯注[法] 正式誊写，以大字写，囤积
diminution	.dimi'nju:ʃәn	n. 减少，缩小，减低[医] 减少，减小
grisly	'grizli	a. 可怕的，厉害的，令人畏惧的
mirth	mә:θ	n. 欢笑，欢乐，愉快
incredulity	.inkri'dju:liti	n. 不轻信，怀疑，疑心
pivot	'pivәt	n. 枢轴，支点，旋转运动，中枢，关键人物a. 枢轴的，（如）在枢轴上转动的vi. 在枢轴上转动，随着转移vt. 装枢轴于，以……为中心旋转[计] 程序员交互验证和编制工具，数据透视表
vaccinate	'væksineit	v. 预防接种
elucidate	i'lu:sideit	vt. 阐明，说明
dowry	'dauәri	n. 嫁妆[法] 陪嫁物，嫁妆
gnarled	nɑ:ld	a. 多节的，扭曲的，多瘤的，粗糙的，乖僻的，乖戾的
dainty	'deinti	a. 秀丽的；美味的；讲究的；挑剔的
informer	in'fɒ:mә	n. 密告者，控告者，通知者[法] 控告人，通知者，告密者
upstart	'ʌpstɑ:t	n. 新贵，暴发户，自命不凡者a. 暴富的
nemesis	'nemisis	n. 复仇女神，给与惩罚的人，天罚，报应
institutionalized	.insti'tju:ʃәnәlaizd	a. 使成惯例的；有组织的；遭受收容机构所产生的不良影响的
annihilate	ә'naiәleit	vt. 消灭，废止
transplantation	trænsplɑ:n'teiʃәn	n. 移植，移民，移植术[医] 移植术
precocious	pri'kәuʃәs	a. 早熟的，像大人的[医] 早熟的
indelible	in'delibl	a. 难以消除的，不能拭除的，难忘的
awning	'ɒ:niŋ	n. 遮篷，雨篷
reversion	ri'vә:ʃәn	n. 回复，复原，归还，继承权[化] 返硫
mauve	mәuv	n. 苯胺紫，淡紫色a. 淡紫色的
sleazy	'sleizi	a. 质地薄的，没有内容的，低级庸俗的
putative	'pju:tәtiv	a. 推定的，被公认的[法] 被公认的，推定的，假定的
bottleneck	'bɒtlnek	n. 瓶颈[经] 瓶颈，增产障碍
spout	spaut	n. 喷口，从喷口流出的水，水落管，水龙卷vt. 喷出，喷射，滔滔不绝说出，典押vi. 喷射，高谈阔论
schematic	ski:'mætik	a. 概要的，图解的，略图的n. 图表
decomposition	.di:kɒmpә'ziʃәn	n. 分解，腐败，变质[化] 分解; 裂解
ineligible	in'elidʒәbl	a. 无被选任资格的，不适任的，无益的n. 无被选任资格的人，不合录用资格的人
munition	mju:'niʃәn	n. 军需品vt. 供给军需品
relent	ri'lent	vi. 变宽厚，变温和，动怜悯之心
jeer	dʒiә	n. 嘲笑，讥讽，戏弄v. 嘲弄，揶揄，戏弄
musty	'mʌsti	a. 发霉的，霉臭的，落伍的
gaunt	gɒ:nt	a. 瘦削的，憔悴的，荒凉的
urchin	'ә:tʃin	n. 淘气鬼，顽童
unsettling	'ʌn'setliŋ	a. 扰乱的，使人不安的
phobia	'fәubiә	n. 恐怖病，恐惧症，惧怕，憎恶[医] 恐怖[症]
babble	'bæbl	vi. 牙牙学语，喋喋不休vt. 唠叨，吐露n. 儿语，胡言乱语，嘈杂声[计] 串音
barter	'bɑ:tә	n. 物物交换，实物交易v. 物物交换，交换
scorpion	'skɒ:piәn	n. 蝎子，心黑的人，蝎尾鞭[医] 蝎
renege	ri'ni:g	vi. 违例出牌，食言，毁约vt. 否认，放弃，拒绝n. 出牌违例
oscillate	'ɒsileit	vi. 振动，彷徨，犹豫vt. 使振动，使动摇
compatriot	kәm'pætriәt	n. 同国人a. 同国的，同胞的
stanza	'stænzә	n. 演出期，（体育比赛的）局
sardonic	sɑ:'dɒnik	a. 嘲笑的，冷笑的，讥讽的[医] 痉笑的
hearsay	'hiәsei	n. 传闻，谣言
chisel	'tʃizәl	n. 凿子v. 凿，刻，雕凿，欺骗
furor	'fjuәrɒ:	n. 喧闹，激怒，感动，狂热[医] 狂乱，狂暴，狂怒
morsel	'mɒ:sl	n. 一口，少量，小片
voluminous	vә'lju:minәs	a. 卷数多的，大部头的，著书多的，长篇的，庞大的，很多的，盘绕的
ballerina	.bælә'ri:nә	n. 芭蕾舞女演员
montage	mɒn'tɑ:ʒ	n. 混合画，画面剪辑，蒙太奇
steadfast	'stedfәst	a. 坚定的，踏实的，固定的，不变的
depose	di'pәuz	vt. 免职，废黜，作证vi. 作证，供证
aghast	ә'gɑ:st	a. 惊骇的，吓呆的
iodine	'aiәdi:n	n. 碘，碘酒[化] 碘I-2
homogeneity	.hɒmәdʒe'ni:iti	n. 同种，同质，齐性[医] 同种性，纯一性，同质性，均匀性
hoe	hәu	n. 锄头v. 用锄耕地，锄
kangaroo	.kæŋgә'ru:	n. 袋鼠[医] 袋鼠（澳洲产）
insurrection	.insә'rekʃәn	n. 起义，暴动，反抗[法] 起义，叛乱，暴动
slumber	'slʌmbә	n. 睡眠，麻木状态vi. 微睡，静止，麻木vt. 睡着度过（时间）
quandary	'kwɒndәri	n. 困惑，迷惑，为难
lopsided	lɒp'saidid	a. 倾向一方的，不平衡的
defraud	di'frɒ:d	vt. 欺骗[经] 骗取，诈取，欺骗
appendage	ә'pendidʒ	n. 附加物，附器[医] 附件，附器
hulk	hʌlk	n. 船体，笨重的船，废然大物
prologue	'prәulɒ:g	n. 开场白，序言，序幕vt. 为……作序，加上……前言
trepidation	.trepi'deiʃәn	n. 恐惧，惊惶，忧虑[医] 震颤，抖颤; 悸惧
stymie	'staimi	n. （喻）困难的境地vt. 使（球）处于困难的位置，使为难，使处困境，妨碍，阻挠，阻碍
croon	kru:n	v. 低声歌唱，低唱，低吟n. 低唱，低吟，轻哼
falsify	'fɒ:lsifai	vt. 伪造，歪曲vi. 说谎
hubris	'hju:bris	n. 傲慢，狂妄野心
nymph	nimf	n. 居于山林水泽的仙女，蛹，美丽的少女[医] 稚虫，若虫，蝻
macabre	mә'kɑ:brә	a. 以死亡为主题的，可怕的
hypocrite	'hipәkrit	n. 伪君子，伪善者
backwater	'bæk.wɒ:tә	n. 死水，滞水，停滞，回水
whirlpool	'hwә:lpu:l	n. 漩涡，涡流[化] 涡流
insinuate	in'sinjueit	vt. 巴结，暗示，使滋长vi. 旁敲侧击
husbandry	'hʌzbәndri	n. 农事，饲养业，家政
sultry	'sʌltri	a. 闷热的，粗暴的，放荡的，激烈的
sapling	'sæpliŋ	n. 树苗，小树
archetype	'ɑ:tʃtaip	n. 原型
foreshadow	fɒ:'ʃædәu	vt. 成为前兆，预示
enormity	i'nɒ:miti	n. 暴行，极恶，巨大[法] 重罪，大罪，暴行
plinth	plinθ	n. 底座，基脚，柱基，勒脚
decompose	.di:kәm'pәuz	v. 分解，（使）腐烂
neurosis	nju'rәusis	n. 神经症，神经机能病[医] 神经机能病，神经[官能]症
mime	maim	n. 哑剧，小丑，滑稽戏v. 摸拟表演[计] 多用途互连网邮件扩展
absenteeism	æbsәn'ti:iz(ә)m	n. 经常无故缺席，旷职，旷工，旷课[经] 有计划的怠工，旷工
leeway	'li:wei	n. 风压差，风压角，可容许的误差，余地
dissection	di'sekʃәn	n. 解剖，切开[化] 解剖
gash	gæʃ	n. 深长的伤口，很深的裂缝v. （使）负深伤，划开，砍入很深
fickle	'fikl	a. 变幻无常的，浮燥的，薄情的
sampler	'sæmplә	n. 样品检验员，刺绣样品[化] 取样器; 进样器
foreword	'fɒ:wә:d	n. 前言，序
pantheon	'pænθiәn	n. 众神庙，万神殿，罗马万神殿
hilt	hilt	n. 柄，刀把
altruistic	.æltru'istik	a. 利他的，无私心的
canine	'keinain	n. 犬齿，犬a. 犬的，似犬的，犬科的
mournful	'mɒ:nful	a. 悲恸的，悲哀的，令人惋惜的
amorphous	ә'mɒ:fәs	a. 无定形的，无组织的[化] 非晶形的; 无定形的
ire	aiә	n. 忿怒[电] 美国无线电工程师学会
larder	'lɑ:dә	n. 食物橱，家用食品，食物储藏室
aria	'ɑ:riә	n. 独唱特写镜头，咏叹调
chivalry	'ʃivәlri	n. 骑士精神，骑士制度
bawl	bɒ:l	n. 大叫声v. 大叫
frond	'frɒnd	n. 叶，植物体[医] 叶（指蕨类、棕榈类、苏铁类）
viaduct	'vaiәdʌkt	n. 高架桥
penance	'penәns	n. 自我惩罚，忏悔，悔过，赎罪，苦修vt. 使悔罪，使赎罪
acuity	ә'kju:әti	n. 尖锐，（疾病的）剧烈，敏锐[化] 锐度; 分辨能力
adage	'ædidʒ	n. 格言，谚语
provenance	'prɒvәnәns	n. 起源，出处
paltry	'pɒ:ltri	a. 不足取的，琐碎的，可鄙的
fleece	fli:s	n. 羊毛，羊毛制的覆盖物vt. 剪下羊毛，诈取
riveting	'rivitiŋ	a. 非常有趣的，引人注目的[机] 铆接
pulley	'puli	n. 滑车，滑轮[医] 滑车
berate	bi'reit	vt. 严责
blasphemy	'blæsfәmi	n. 亵渎神明，亵渎神明的言词[法] 冒秽罪，侮辱，亵秽
bard	bɑ:d	n. 吟游诗人，诗人
recline	ri'klain	vt. 使斜靠vi. 靠，斜倚，依赖
cougar	'ku:gә	n. 美洲狮
puny	'pju:ni	a. 微小的，弱小的，微不足道的
projectile	prә'dʒektil	n. 发射体，抛射物a. 发射的，投射的
zenith	'zeniθ. 'zi:-	n. 顶点；最高点；顶峰
derivation	.deri'veiʃәn	n. 推论，推导，来历[医] 衍化，诱导
unassuming	'ʌnә'sju:miŋ	a. 谦逊的，不装腔作势的
cavalier	.kævә'liә	n. 骑士，骑手
panacea	.pænә'siә	n. 万能药，灵丹妙药[医] 万应药
masquerade	.mɑ:skә'reid	n. 化装舞会，伪装vi. 参加化装舞会，伪装，假装
smudge	smʌdʒ	n. 污点，脏污，熏烟vt. 弄脏，使模糊，用浓烟熏vi. 被弄脏
inverse	in'vә:s	a. 倒转的，相反的n. 反向，反面[计] 反白，反色
spleen	spli:n	n. 脾脏，坏脾气，怨恨[医] 脾
silt	silt	n. 淤泥vt. 使淤塞vi. 淤塞
consort	'kɒnsɒ:t	n. 配偶，夫妻vi. 陪伴，结交，符合vt. 使结合
modulate	'mɒdjuleit	vt. 调整，使转调，控制vi. 转调，调制
inconsequential	.inkɒnsi'kwenʃәl	a. 不合逻辑的，不合理的，不重要的
chafe	tʃeif	n. 擦伤，气恼v. 摩擦，擦痛，激怒
feisty	'faisti	a. 激动的，活跃的，好争吵的，坐立不安的
endearing	in'diәriŋ	a. 引起爱情的，令人钟爱的，可爱的
botany	'bɒtәni	n. 植物学[医] 植物学
concentric	kɒn'sentrik	a. 同中心的，同轴的[医] 同心的，共心的
disinfectant	.disin'fektәnt	a. 消毒的，杀菌的n. 消毒剂，杀菌剂
shrivel	'ʃrivl	v. （使）起皱纹，（使）枯萎，（使）束手无策
mirage	'mirɑ:ʒ	n. 海市蜃楼，幻景，妄想
tantalize	'tæntәlaiz	vt. 逗弄，使干着急
char	tʃɑ:	n. 家庭杂务，炭vi. 打杂，烧焦
ail	eil	vt. 使苦恼vi. 生病，处境困难[计] 数组互联逻辑
tepid	'tepid	a. 微温的，温热的，不太热烈的[医] 微温的
constrict	kәn'strikt	vt. 压缩，束紧，使收缩vi. 收缩
belittle	bi'litl	vt. 轻视，贬低
boisterous	'bɒistәrәs	a. 猛烈的，喧闹的，狂暴的
cloister	'klɒistә	n. 修道院，回廊vt. 使与尘世隔绝
feral	'fiәrәl	a. 野生的，凶猛的，野兽的[医] 凶猛的，野生的
indigent	'indidʒәnt	a. 贫乏的，穷困的
roil	rɒil	vt. 搅浑，使焦急
magpie	'mægpai	n. 鹊，珍种家鸽，饶舌的人a. 鹊的，有收集癖的
invert	in'vә:t	a. 转化的vt. 使反转，使颠倒，使转化n. 颠倒的事物[计] 倒置; 反转
sketchy	'sketʃi	a. 概略的，草草完成的
studied	'stʌdid	a. 有计划的，慎重的
frieze	fri:z	n. 饰带，带状物，起绒粗呢vt. 使起绒毛
fetish	'fi:tiʃ	n. 物神，偶像，迷信[医] 恋物对象
scab	skæb	n. 痂，恶棍，工贼vi. 结痂，当工贼
throwback	'θrәubæk	n. 掷回，挫折，阻止[医] 返祖者，隔代遗传者
downpour	'daunpɔ:	n. 倾盆大雨；注下
assertiveness	ə'sə:tivnis	n. 魄力，自信
pseudonym	'sju:dәnim	n. 假名，笔名[法] 笔名，假名
purported	pә:'pɔ:tid. 'pә:p-. 'pә:pә-	a. 传说的
flak	flæk	n. 高射炮，对空炮火，广告，宣传
catapult	'kætәpʌlt	n. 弹射器，弹弓，弩炮vt. 发射
enthrall	in'θrɒ:l	vt. 迷惑，奴役，迷住
molding	'mәuldiŋ	n. 模制，铸造物，模制件，浇铸[化] 模塑; 模压
surcharge	'sә:tʃɑ:dʒ	n. 装载过多，超载，追加罚款，附加税vt. 使装载过多，追加罚款，收附加税
nautical	'nɒ:tikәl	a. 海上的，航海的，船员的
twinge	twindʒ	n. 一阵一阵痛，刺痛，剧痛vt. 使一阵一阵痛，使刺痛
extrinsic	ek'strinsik	a. 外在的，外来的，非国有的，外表的[医] 外部的，体外的
recuperate	ri'kju:pәreit	vt. 恢复，使复原，使恢复健康，使恢复精神vi. 复原，恢复健康，挽回损失
slag	slæg	n. 熔渣，矿渣，无足轻重的人vt. 使变成熔渣vi. 变熔渣
dank	dæŋk	a. 阴湿的，潮湿的
totter	'tɒtә	vi. 蹒跚，动摇n. 蹒跚的步子
virtuoso	.vә:tju'әuzәu	n. 艺术品鉴赏家
consecrate	'kɒnsikreit	vt. 把……供祭祀用，奉献，使神圣a. 被献给神的，神圣的
snub	snʌb	n. 冷落，怠慢，斥责，制止a. 制动用的，短而扁的vt. 冷落，怠慢，制止，使……停住，掐灭
rant	rænt	v. 咆哮，痛骂n. 咆哮，大话
foreclose	fɒ:'klәus	vt. 阻止，排除，预先处理，取消抵押品赎回权vi. 取消抵押品赎回权
jettison	'dʒetisәn	n. 投弃，投弃货物[经] 抛弃，船货投海
yoke	jәuk	n. 轭，牛轭，束缚vt. 给……上轭，连接，结合，使匹配vi. 结合，匹配[计] 磁轭; 磁头组; 偏转线圈
snare	snєә	n. 陷阱，诱惑，圈套vt. 以陷阱捕获，诱惑
antecedent	.ænti'si:dnt	n. 前情，先行词a. 先前的，先行的
chagrin	'ʃægrin	n. 懊恼vt. 使懊恼
gruff	grʌf	a. 粗哑的，粗鲁的，粗率的，板着脸孔的
pout	paut	n. 撅嘴，生气，条鳕v. 撅嘴
malevolent	mә'levәlәnt	a. 有恶意的，坏心肠的
expiration	.ekspi'reiʃәn	n. 终止，满期，呼出，呼气[医] 呼[气], 断气，死亡
belch	beltʃ	vi. 打嗝，喷吐vt. 打嗝，吼叫着发出（命令）, 喷吐n. 打嗝，喷吐
corrosive	kә'rәusiv	a. 腐蚀的，腐蚀性的，有害的n. 腐蚀物，腐蚀剂
motley	'mɒtli	a. 杂色的，穿杂色衣的，杂乱的，混杂的n. 杂色，杂色衣服，混杂，小丑
glossary	'glɒsәri	n. 专业词典，术语集，词表[计] 图文集
eucalyptus	.ju:kә'liptәs	n. 桉（树）属植物[化] 桉属
forestall	fɒ:'stɒ:l	vt. 预先阻止，先……一步行动，占先一步，垄断，阻碍[法] 先采取行动预防或阻止，垄断
ode	әud	n. 颂诗，赋
touchy	'tʌtʃi	a. 易怒的，难以取悦的，过于敏感的
sojourn	'sɒdʒә:n	n. 逗留，旅居vi. 逗留，旅居
bondage	'bɒndidʒ	n. 奴役，束缚[法] 束缚，监禁，奴隶
itinerant	i'tinәrәnt	a. 巡回的n. 巡回者
lathe	leið	n. 车床vt. 用车床加工
harbinger	'hɑ:bindʒә	n. 通告者，预告者，先驱，预兆vt. 预告，充做……的前驱
retinue	'retinju:	n. 随行人员，侍从们
patronize	'peitrәnaiz	vt. 保护，支援，赞助，庇护，惠顾
goad	gәud	n. 赶牛棒，激励，刺激vt. 用刺棒驱赶，激励，刺激，唆使，煽动
affable	'æfәbl	a. 和蔼可亲的，友善的，亲切的，慈祥的
unwieldy	.ʌn'wi:ldi	a. 难处理的，笨大难使用的，笨拙的
stigmatize	'stigmәtaiz	vt. 打烙印，诬蔑
jaded	'dʒeidid	a. 疲倦不堪的，厌倦的
vindication	.vindi'keiʃәn	n. 辩护，证明无辜，辩明[法] 辩明，辩白，辩护
astrology	ә'strɒlәdʒi	n. 占星术，占星学
lubricant	'lu:brikәnt	a. 润滑的n. 润滑物，润滑油，润滑剂
adduce	ә'dju:s	vt. 引证，举出[法] 援引，引证，提出
misrepresent	'mis.repri'zent	vt. 不如实地叙述（或说明）, 不称职地代表
deluge	'delju:dʒ	n. 大洪水，泛滥vt. 使泛滥
rue	ru:	n. 懊悔，后悔，芸香v. 后悔，悲伤，懊悔
rabid	'ræbid	a. 猛烈的，热烈的，急进的，狂怒的，偏激的，疯狂的[医] 狂犬病的，咬病的
skiff	skif	n. 小艇，轻舟，小型帆船
buttress	'bʌtris	n. 拱壁，扶壁，支持物vt. 支持，以扶壁支撑
cacophony	kæ'kɒfәni	n. 不愉快的音调，不协和音，杂音
mutate	'mju:teit	vi. 变化，产生变异，变化元音vt. 使变异
inflamed		a. 红肿的，发炎的
pylon	'pailɒn	n. 标塔，路标塔[医] 暂用假肢
earshot	'iәʃɒt	n. 听力所及之范围，可听距离
curt	kә:t	a. 简略的，简短的，生硬的
irrigate	'irigeit	vt. 灌溉，冲洗伤口，使清新vi. 灌溉
stoic	'stәuik	a. 斯多葛派的，禁欲主义的，不以苦乐为意的，坚忍的，淡泊的n. 斯多葛派学者，画廊派的人，禁欲主义者，不介意苦乐的人，高度自制的人
spool	spu:l	n. 线轴，缠线框vt. 缠绕在线轴上，缠绕[计] 盘; 假脱机输入输出; 卷
audacious	ɒ:'deiʃәs	a. 大胆的，鲁莽的，胆大妄为的
goblet	'gɒblit	n. 高脚杯，酒杯
sheaf	ʃi:f	n. 束，捆，扎vt. 捆，束
despicable	'despikәbl	a. 可鄙的，卑劣的
disclaimer	dis'kleimә	n. 放弃，拒负责任，不承诺[经] 弃权或不申诉条款
talon	'tælәn	n. 爪，如爪的手，魔爪，爪饰[医] 磨牙低尖
vernacular	vә'nækjulә	n. 本地话，方言a. 地方的，用本地语写成的
frenetic	fri'netik	a. 发狂的，狂热的n. 发狂者
rampart	'ræmpɑ:t	n. 垒，壁垒，防御土墙vt. 用壁垒围绕，防卫，守卫
hallowed	'hælәuid	a. 神圣化的，神圣的
furtive	'fә:tiv	a. 秘密的，隐密的，偷偷摸摸的
languid	'læŋgwid	a. 疲倦的，无力的，阴沉的
quagmire	'kwæ^maiә	n. 沼泽地，泥坑，泥潭，泥沼，沼泽，困境
dupe	dju:p	n. 傻瓜，易受骗的人vt. 欺骗，愚弄
firefly	'faiәflai	n. 萤火虫
amphibian	æm'fibiәn	a. 两栖类的，水陆两用的n. 两栖动物，水旱两生植物，水陆两用飞机
barb	bɑ:d	n. 倒钩vt. 装倒钩于
fondle	'fɒndl	vt. 爱，爱抚，溺爱vi. 爱抚
yeoman	'jәumәn	n. 自由民，自耕农[法] 小地主，自耕农，自由民
kindle	'kindl	vt. 点燃，使着火，引起，照亮vi. 着火，激动，发亮
petitioner	pi'tiʃәnә	n. 请愿人，诉愿人，（离婚案）原告[法] 诉愿人，上诉人，请愿人
abject	'æbdʒekt	a. 绝望无助的，可怜的，糟透的，卑鄙的，自卑的[法] 卑鄙的，卑下的，可怜的
sledge	sledʒ	n. 雪橇，大锤vt. 用雪橇搬运vi. 坐雪橇
penicillin	.peni'silin	n. 盘尼西林，青霉素[化] 青霉素
emissary	'emisәri	n. 密使，间谍，使者a. 充当密使的，充当间谍的
liquidate	'likwideit	vt. 偿付，清算，扫除，整理，变卖，消灭vi. 清算，清理
blanch	blɑ:ntʃ	vt. 漂白，使变白vi. 发白
demoralize	di'mɒrәlaiz	vt. 使道德败坏，使堕落，挫折锐气
environs	in'vaiәrәnz	n. 市郊，郊外
lancet	'lɑ:nsit	n. 刺血针，小枪，尖顶窗[医] 柳叶刀，小刀
skit	skit	n. 讽刺文，戏文，小喜剧
monsoon	mɒn'su:n	n. 季风，吹季风的季节，雨季
exorbitant	ig'zɒ:bitәnt	a. 过度的，过高的，过分的
graduated		a. 毕业了的，分等级的，分度的，刻度的[医] 有刻度的
rhubarb	'ru:bɑ:b	n. 大黄，大黄根
totem	'tәutәm	n. 图腾，标志物，崇拜物
mitten	'mitn	n. 连指手套，拳击手套
frugal	'fru:gәl	a. 节俭的，朴素的
destitute	'destitju:t	a. 穷困的，缺乏的
intoxicate	in'tɒksikeit	vt. 使陶醉，使喝醉
mediocrity	.mi:di'ɒkriti	n. 平常，平庸之才
anaerobic	.ænєә'rәubik	a. 厌氧的，在缺氧情况下生活的[化] 厌氧的
voracious	vә'reiʃәs	a. 贪吃的，狼吞虎咽的，贪婪的
remittance	ri'mitns	n. 汇款[经] 汇款，寄款，支付（金额）
crescendo	kri:'ʃendәu	n. 声音渐强
polarity	pәu'læriti	n. 极性，截然相反[医] 极性，极性现象
equestrian	i'kwestriәn	a. 骑术的，马的，骑在马背上的n. 骑手
embolden	im'bәuldn	vt. 使大胆，使有胆量
decrepit	di'krepit	a. 衰老的
transcendental	.trænsen'dentl	a. 卓越的，超凡的，先验的
dandy	'dændi	n. 花花公子a. 服装浮华的，极好的
ruddy	'rʌdi	a. 红的，红润的v. （使）变红
tangy	'tæŋi	a. 有强烈盐味的，气味刺鼻的，有刺激性的
clipper	'klipә	n. 大剪刀[电] 截割器
opulent	'ɒpjulәnt	a. 富裕的，豪华的，奢侈的，丰富的，大量的
sapphire	'sæfaiә	a. 天蓝色的n. 蓝宝石，刚玉宝石，天蓝色
dimple	'dimpl	n. 酒窝，涟漪vt. 使起涟漪
croak	krәuk	n. 呱呱叫声，哇哇声vi. 呱呱地叫，发牢骚vt. 用嘶哑的声音说
sobriety	sә'braiiti	n. 节制饮酒，戒酒，节制，一本正经，庄重
indent	in'dent	n. 契约，订货单，凹痕vi. 切割成锯齿状vt. 缩排，定货，印凹痕[计] 缩进
occult	ә'kʌlt	a. 神秘的，不可思议的，超自然的v. 掩蔽，隐藏n. 神秘之事，神秘学
unbridled	.ʌn'braidld	a. 无缰辔的，不受控制的，无拘束的
guillotine	'gilәti:n	n. 断头台，截断机，切除器vt. 用断头台斩首，用截断机切
outgrowth	'autgrәuθ	n. 自然的发展，结果，副产物，分枝[医] 赘疣
paucity	'pɒ:sәti	n. 少数，少量，缺乏
negation	ni'geiʃәn	n. 否定，反面，不存在[医] 否定，否认
meddle	'medl	vi. 干涉，干预，擅自摸弄[法] 干预，插手，弄乱
eloquence	'elәkwәns	n. 口才，雄辩术，雄辩[法] 善辩，口才
cadaver	kә'deivә	n. 死尸，尸体[医] 尸体
careen	kә'ri:n	vt. 倾斜，倾，（为了修理或清洁）使倾侧n. 船的倾侧
geyser	'gaizә	n. 喷泉，间歇泉
congruent	'kɒŋgruәnt	a. 适合的，一致的，合谐的，全等的
abhor	әb'hɒ:	vt. 憎恶，痛恨，回避，拒绝
exhilaration	ig.zilә'reiʃәn	n. 令人高兴，愉快
leery	'liәri	a. 机敏的，猜疑的，狡猾的
mercantile	'mә:kәntail	a. 商业的，商人的[经] 商业的
proctor	'prɒktә	n. 代理人，监考人，代诉人[法] 代理人，代诉人，监督人
assuage	ә'sweidʒ	vt. 平息，缓和，减轻
duress	djuә'reis	n. 强迫，监禁[法] 强迫，威胁，监禁
glut	glʌt	n. 大量，供过于求vt. 使充满，使吃饱，过多供应vi. 吃得过多，狼吞虎咽
iridescent	.iri'desәnt	a. 彩虹色的，闪光的[医] 虹色的，晕色的
ointment	'ɒintmәnt	n. 软膏，油膏[化] 软膏; 药膏
ruse	ru:z	n. 计策，谋略，诡计[法] 诡计，计策
gratuitous	grә'tju:itәs	a. 免费的，无理由的[经] 无代价的
gusto	'gʌstәu	n. 爱好，嗜好，由衷的高兴
vagrant	'veigrәnt	n. 流浪汉，漂泊者，无赖a. 漂泊的，流浪的，游荡的
pique	pi:k	n. 赌气，愤怒，不快，凹凸织物vt. 伤害……自尊心，激怒，刺激，引起兴趣，使兴奋
filly	'fili	n. 小雌马，小姑娘
commensurate	kә'menʃәrit	a. 同量的，同等的，相称的
repellent	ri'pelәnt	a. 抵抗的，排斥的，令人讨厌的，防水的n. 防水布，防护剂
posse	'pɒsi	n. 一队，一团，地方武装团队[法] 可能性
convex	'kɒnveks	a. 中凸的，凸圆的，凸面的n. 凸状，凸面体，凸面结构
lackluster		a. 没有光泽的，无生气的，平凡的n. 无光泽，无生气，暗淡
bray	brei	n. 驴叫声，喇叭声v. 叫，嘶叫
haggle	hægl	vi. 争论，杀价vt. 乱砍，乱劈n. 杀价，讨论，争论
sleigh	slei	n. 雪撬vt. 用雪撬搬运vi. 乘雪撬
tirade	'taireid	n. 激烈的长篇演说
ramble	'ræmbl	n. 漫步，随笔vi. 漫步，漫谈，漫游，蔓延vt. 闲逛于
sentient	'senʃәnt	a. 有感觉力的，意识到的n. 有知觉的人
sodden	'sɒdn	a. 浑身湿透的，饱含的，（因沉湎于酒而）迷糊的vt. 拿水浸，使变呆vi. 被浸湿
irate	'aireit	a. 发怒的，生气的
impassive	im'pæsiv	a. 无感情的，冷淡的，无感觉的，不能伤害的
maim	meim	vt. 使残废，使不能工作，使伤残[医] 伤残，残废
axiom	'æksiәm	n. 自明之理，公理，原理，格言[法] 公理，原理，原则
opine	әu'pain	v. 想，以为
cob	kɒb	n. 圆块vt. 捣碎
conscript	'kɒnskript	a. 被征入伍的，被征召的n. 征兵vt. 征召
piazza	pi'ætsә	n. 广场，阳台，柱廊，走廊，露天市场
pesky	'peski	a. 麻烦的，恼人的，棘手的，讨厌的
bigot	'bigәt	n. 盲从者，偏执的人
progeny	'prɒdʒәni	n. 子孙，后裔，成果[医] 后代，后裔
interweave	intә'wi:v	v. （使）交织，织进，（使）混杂
sideshow	'saidʃәu	n. 杂耍，附属活动，枝节问题
daze	'deiz	vt. 使茫然，使发昏，使眼花缭乱n. 迷乱，眼花缭乱
draconian	drә'kәjniәn	a. 严厉的，残酷的
pecuniary	pi'kju:njәri	a. 金钱的，金钱方面的，课罚款的[经] 金钱的，应罚款的
condor	'kɒndɒ:	n. 神鹰[电] 一种等幅航行系统
tadpole	'tædpәul	n. 蝌蚪
grandstand	'grændstænd	n. 正面看台，观众
rote	rәut	n. 机械性的背诵，死记硬背
entwine	in'twain	v. （使）缠住，（使）盘绕，（使）纠缠
eddy	'edi	n. 逆流，漩涡v. （使）起漩涡
regress	'ri:^res	n. 退回，复归权，回归，倒退，退步，退化，退行vi. 退回，复归，回归，倒退，退步，退化，退行
raze	reiz	vt. 毁灭，刮去，把……夷为平地，消除，抹去，破坏
sanguine	'sæŋgwin	a. 血红色的，满怀希望的，乐观的n. 血红色，红粉笔vt. 用血沾污，血染
improvised	'imprәvaizd	a. 临时准备的；即兴的
optimization	.ɒptimai'zeiʃәn	n. 最佳化，最优化[计] 优化
loll	lɒl	vi. 懒散地闲荡，垂下头，伸舌vt. 垂，伸，靠着
circumscribe	'sә:kәmskraib	vt. 在……周围画线，限制
hermit	'hә:mit	n. 隐士，隐居者
convulsion	kәn'vʌlʃәn	n. 震动，震撼，动乱，惊厥，痉挛[医] 惊厥，抽搐
neolithic	.ni:әu'liθik	a. 新石器时代的
tusk	tʌsk	n. 长牙，獠牙，尖物vt. 以长牙刺戳，以长牙掘
hyperactivity		n. 活动过多，机能亢进，机能过敏[医] 活动过强，机能亢进
falsehood	'fɒ:lshud	n. 谎言，虚假（性）[法] 虚伪陈述，谎言，谬误
condiment	'kɒndimәnt	n. 辛辣调味品[化] 调味品
loath	lәuθ	a. 不情愿的，厌恶的
rapt	ræpt	a. 全神贯注的，入迷的，出神的rap的过去式和过去分词
impel	im'pel	vt. 推动，激励，驱使，迫使
parlance	'pɑ:lәns	n. 说法，说话的方式方法，用语[法] 说法，用语，发言
amputate	'æmpjuteit	vt. 切断，删除
gnome	nәum	n. 格言，箴言，侏儒，土地神
alchemy	'ælkimi	n. 炼金术，魔力[化] 炼丹术; 炼金术; 金丹术
centralization	.sentrәlai'zeiʃәn	n. 集中，中央集权化[计] 集中式; 集中化
rile	rail	vt. 搅浑，惹怒，使焦急
grating	'greitiŋ	n. 光栅，摩擦，摩擦声a. 令人气恼的，刺耳的
garish	'gєәriʃ	a. 穿着花哨的，炫耀的，过分装饰的
chameleon	kә'mi:liәn	n. 美洲变色蜥蜴，善变的人[医] 避役属（蜴蜥之一属）
rasp	ræsp	n. 粗锉刀，刺耳声vt. 用粗锉刀锉，粗声粗气地说vi. 粗锉，锉磨，发刺耳声
nullify	'nʌlifai	vt. 使无效，废弃，取消[化] 使等于零; 作废
didactic	di'dæktik(әl), dai-	a. 教训的，说教的，教导的，教诲的[医] 教导的
deadpan	'dedpæn	n. 无表情的脸
decorum	di'kɒ:rәm	n. 端正，礼貌，合宜，礼仪
shoddy	'ʃɒdi	a. 用长弹毛做的，以次充好的n. 长弹毛，软再生毛，赝品
pied	paid	a. 斑驳的，杂色的，穿花衣服的
squabble	'skwɒbl	vi. 争吵，口角n. 争吵，口角
suffuse	sә'fju:z	vt. 遍布，弥漫，充满
retard	ri'tɑ:d	n. 阻止，延迟vt. 妨碍，延迟，使减速vi. 减速，延迟
gargantuan	gɑ:'gæntʃuәn	a. 巨大的，庞大的
amalgam	ә'mælgәm	n. 汞合金，汞齐[化] 汞齐; 汞合金
hyperbole	hai'pә:bәli	n. 夸张法
checkered	'tʃekәd	a. 盛衰无常的，多波折的，有格子花的，有……交错着的，变化多端的[机] 网纹板[钢板]
fermentation	,fә:men'teiʃәn	n. 发酵[化] 发酵
bovine	'bәuvain	a. 牛的；似牛的；迟钝的
tribulation	.tribju'leiʃәn	n. 苦难，困苦，苦难的缘由
actuarial	.æktju'єәriәl	a. 保险计算员的，保险计算的[经] 保险公司计算员的，保险统计
maestro	mɑ:'estrәu	n. 音乐大师，大音乐家
scaffold	'skæfәld	n. 脚手架，绞刑台[化] 脚手架
balmy	'bɑ:mi	a. 芳香的，温和的，止痛的[化] 香脂气味的
surly	'sә:li	a. 不和蔼的，无礼的，板面孔的，阴沉的，粗暴的，乖戾的
harrowing	'hærәuiŋ	a. 痛心的，悲惨的[医] 神经纤维松解法
reticent	'retisnt	a. 无言的，沉默的，不情愿的[法] 言不尽意的，沈默寡言的，有保留的
gregarious	gre'gєәriәs	a. 社交的，群居的
ramshackle	'ræmʃækl	a. 象要倒的，摇晃的，放荡的
enmity	'enmәti	n. 敌意，憎恨
preservative	pri'zә:vәtiv	a. 有助于保存的，有保存力的n. 预防药，防腐剂
viscous	'viskәs	a. 粘的，粘性的[医] 粘的
vilify	'vilifai	vt. 诽谤，贬低[法] 诋毁，中伤，诽谤
devotional	di'vәuʃәnl	a. 忠诚的，信仰的，虔诚的，祷告的
fortitude	'fɒ:titju:d	n. 刚毅，坚毅，不屈不挠
baste	beist	vt. 用长针脚粗缝，润以油脂，狠揍
litigant	'litigәnt	a. 诉讼的n. 诉讼当事人，诉讼关系人
subsist	sәb'sist	vt. 供给食物，供养vi. 生存，存在
derogatory	di'rɒgәtәri	a. 贬损的[法] 毁损的，减损的
counterfeit	'kauntәfit	n. 赝品，伪造品a. 假冒的，假装的v. 仿造，伪装，假装
platonic	plә'tɔnik	a. 空谈的，不实际的，柏拉图哲学的，柏拉图的
dehydrate	.di:'haidreit	vt. （使）脱水[医] 脱水，去水
exalt	ig'zɒ:lt	vt. 提升，提高，赞扬，使得意vi. 使人兴奋，使人得意
snob	snɒb	n. 势利的人，假内行
personification	pә:.sɒnifi'keiʃәn	n. 拟人，人格化，拟人法，化身，象征
weasel	'wi:zl	n. 鼬鼠，狡猾的人，告密者，狡辩之辞vi. 躲避，告密
smattering	'smætәriŋ	n. 肤浅的知识，一知半解的知识，片断的知识，少数，少量
capricious	kә'priʃәs	a. 反复无常的，多变的，任性的
glower	'glәuә	vi. 瞪眼，怒目而视，凝视n. 怒视，热切的注视，灯丝
disparage	dis'pæridʒ	vt. 蔑视，贬损[法] 轻视，贬低，诽谤
snappy	'snæpi	a. 厉声说话的；生气勃勃的；时髦的；爽快的
cheetah	'tʃi:tә	n. 猎豹
unicorn	'ju:nikɔ:n	n. 似马的独角兽[医] 单角的
apothecary	ә'pɒθәkәri	n. 药剂师，药房[医] 药剂员; 药店
sonata	sә'nɑ:tә	n. 奏鸣曲
hemorrhage	'hemәridʒ	n. 出血[医] 出血
incendiary	in'sendjәri	a. 放火的，煽动的，燃烧的n. 纵火犯人，煽动者，燃烧弹
scion	'saiәn	n. 接穗，子孙[医] 嫩枝，接穗
luminary	'lu:minәri	n. 发光体，杰出人物
shackle	'ʃækl	n. 桎梏，束缚物vt. 加枷锁，束缚
invertebrate	in'vә:tәbrit	a. 无脊椎的，无骨气的n. 无脊椎动物，无骨气的人
monopolize	mә'nɒpәlaiz	vt. 独占，垄断[经] 垄断，专营，专利
inordinate	i'nɒ:dinәt	a. 过度的，紊乱的，过分的
disavow	.disә'vau	vt. 否认，否定，拒绝对……承担责任[法] 不承认，抵赖，拒绝对……承担责任
pancreas	'pæŋkriәs	n. 胰腺[医] 胰[腺]
lair	lєә	n. 兽穴，兽窝，泥潭vi. 进入兽穴，在泥中打滚vt. 放于穴中，使陷入泥潭
domicile	'dɒmisail	n. 住所，住宅v. （使）定居
sorcery	'sɒ:sәri	n. 巫术，魔术[法] 巫术
contort	kәn'tɒ:t	vt. 扭弯，曲解vi. 扭弯
outmoded	.aut'mәudid	a. 过时的，废弃的[经] （式样等）过时的，废弃了的
racy	'reisi	a. 保持原味的，活泼的，生动的，为竞赛设计的
grumpy	'grʌmpi	a. 性情乖戾的，脾气暴躁的，生气的
delude	di'lu:d	vt. 迷惑，蛊惑
enchant	in'tʃænt	vt. 施魔法，使入迷
gripe	graip	n. 紧握，柄，把手，控制vt. 抓紧，抱住，使肠痛，激怒vi. 肠绞痛，抱怨
germinate	'dʒә:mineit	vi. 发芽，萌芽，开始发育vt. 使发芽，使发育
respiration	.respә'reiʃәn	n. 呼吸，一口气，呼吸作用[化] 呼吸
infatuation	in.fætju'eiʃәn	n. 迷惑，迷恋，醉心
blooming	'blu:miŋ	a. 盛开的[化] 喷霜
stalwart	'stɒ:lwәt	n. 健壮的人a. 高大结实的，坚定的
mallet	'mælit	n. 木槌，球棍，棒[化] 大锤; 手锤
wick	wik	n. 灯芯，油绳
accretion	æ'kri:ʃәn	n. 自然增大，添加，添加物，连生[化] 停滞堆积
sidle	'saidl	v. 横着走，悄悄贴近，侧身而行n. 侧走，挨近
imperil	im'peril	vt. 使处于危险，危害
ameliorate	ә'mi:ljәreit	v. 改善，改良，改进
lullaby	'lʌlәbai	n. 摇篮曲，催眠曲，轻柔的音乐
deleterious	.deli'tiәriәs	a. 有害的，造成伤害的[医] 有害的
truancy	'tru:әnsi	n. 玩忽职守，旷课[法] 旷学，旷职，玩忽职守
pariah	pә'raiә	n. 贱民（印度的最低阶级）, 被放逐者
overpowering	.әuvә'pauәriŋ	a. 无法抵抗的，压倒性的，强烈得使人无法忍受的
patina	'pætinә	n. 绿锈，光泽，古色，神态，圣餐盘[机] 铜绿
photosynthesis	.fәutәu'sinθәsis	n. 光合作用[化] 光合作用
blemish	'blemiʃ	n. 污点，缺点vt. 弄脏，玷污，损害
curd	kә:d	n. 凝乳[化] 凝乳; 凝乳状物; 酪状物; 皂粒
extraneous	ek'streiniәs	a. 外来的，非必要的，无关的[医] 体外的
implode	im'plәud	vi. 内爆，向内破裂，爆裂[电] 内裂
zigzag	'zigzæg	n. 曲折线条，Z字形道路a. 之字形的，曲折的，锯齿形的adv. 之字形地，曲折地，成锯齿形地vt. 使成之字形，使曲折进行vi. 成之字形，弯曲地走路
polemic	pɒ'lemik	a. 争辩的，好争论的n. 争论，辩论，辩论者
wrought	rɒ:t	a. 制成的，精细的work的过去式和过去分词
resuscitate	ri'sʌsiteit	v. （使）复苏，（使）复兴
dissociation	di.sәusi'eiʃәn	n. 分解，分离，脱离关系[化] 离解; 离解作用
introspective	.intrәu'spektiv	a. 内省的[医] 内省的
anemic	ә'ni:mik	a. 贫血的，患贫血症的，无活力的[医] 贫血的
vaporize	'veipәraiz	v. （使）蒸发
lope	lәup	v. （使）大步慢跑n. 大步慢跑
denizen	'denizn	n. 居民，外籍居民，外来语vt. 给……居住权，移植
crass	kræs	a. 粗俗的，愚钝的，粗糙的，非常的
heretic	'herәtik	n. 异教徒，异端者
demean	di'mi:n	vt. 贬低身分，贬损
infest	in'fest	vt. 骚扰，寄生于，大批出没[医] 传染，感染
touchstone	'tʌtʃstәun	n. 试金石，检验标准
debunk	di:'bʌŋk	vt. 揭穿，暴露，拆穿假面具
secede	si'si:d	vi. 正式脱离（或退出）, 分离[法] 退出，脱离
exterminate	ik'stә:mineit	vt. 扑灭，消灭，根绝
profane	prә'fein	a. 世俗的，不敬神的，亵渎的vt. 亵渎，玷污
grotto	'grɒtәu	n. 洞穴，岩穴，洞室
vex	veks	vt. 使烦恼，使苦恼vi. 烦恼
uptight	'ʌp'tait	a. 紧张的，拮据的，心情焦躁的
trawl	trɒ:l	n. 拖网v. 用拖网捕鱼
valor	'vælә	n. 英勇，刚勇，勇猛
ferment	'fә:ment	n. 酵素，发酵，动乱v. （使）发酵，（使）动乱
homily	'hɒmili	n. 说教，训诫
mermaid	'mә:meid	n. 美人鱼，善泳的女子
beholder	bi'hәjldә(r)	n. 观看者
premonition	.pri:mә'niʃәn	n. 预告，预感，征兆[医] 先兆，预兆
antagonize	æn'tægәnaiz	vt. 使对抗，使敌对，反对vi. 引起反抗
counterbalance	'kauntә.bælәns	vt. 使平均，使平衡，使弥补n. 平衡量，平衡力，势均力敌
celibate	'selibәt	n. 独身者，独身主义者a. 独身的，独身主义的
voluptuous	vә'lʌptjәs	a. 骄奢淫逸的，贪图酒色的，妖娆的，肉欲的，激起情欲的，色情的
parallelism	'pærәlelizm	n. 平行，对应，类似，比拟[计] 并行性
eulogy	'ju:lәdʒi	n. 赞词，称颂
trinket	'triŋkit	n. 小件饰物，无价值的琐碎东西，小玩意儿
irk	ә:k	vt. 使厌倦，使苦恼
incisor	in'saizә	n. 门牙[医] 切牙，门齿
conceit	kәn'si:t	n. 自负，空想，狂妄
gratify	'grætifai	vt. 使满足
waddle	'wɔdl	vi. 摇摇摆摆地走，蹒跚而行n. 蹒跚
ingestion	in'dʒestʃәn	n. 摄取[医] 食入，摄食
carat	'kærәt	n. 克拉[化] 开; 克拉（宝石、金刚石重量单位，等于0.2克）
meditative	'mediteitiv	a. 默想的，耽于默想的，冥想的
hatchet	'hætʃit	n. 斧头，手斧，战斧[机] 小斧，手斧
insular	'insjulә	a. 岛的，岛民的，与世隔绝的，孤立的，保守的[医] 岛的，胰岛的，脑岛的
halting	'hɒ:ltiŋ	a. 跛的，蹒跚的，犹豫的
harpsichord	'hɑ:psikɒ:d	n. 羽管键琴
loon	lu:n	n. 懒人，潜鸟，笨蛋
sequester	si'kwestә	vt. 使隐退，使隔绝，扣押，没收[化] 螯合剂; 多价螯合剂
externalize	ik'stә:nәlaiz	vt. 给……以外型，使客观化，使具体化[医] 表面化
showy	'ʃәui	a. 艳丽的，炫耀的
prohibitive	prә'hibitiv	a. 禁止的，禁止性的[经] 禁止性的，抑制的
acumen	ә'kju:men	n. 敏锐，聪明
midget	'midʒit	n. 侏儒a. 小型的
reprehensible	.repri'hensәbl	a. 应斥责的，应该谴责的[法] 应受严责的，应受指责的，应受申斥的
gloat	glәut	vi. 满足地看，幸灾乐祸，贪婪地盯视n. 贪婪的盯视，满足的注视，幸灾乐祸
tumult	'tju:mʌlt	n. 骚动，吵闹，混乱[法] 骚乱，骚动，暴乱
magenta	mә'dʒentә	n. 品红色，洋红[化] （碱性）品红; 洋红
botch	bɒtʃ	v. 拙笨地修补，糟蹋n. 拙笨的修补，难看的补缀
tuber	'tju:bә	n. 块茎，突起，结节[医] 结节; 块茎（植物）
pathos	'peiθɒs	n. 伤感力，感伤，悲怅，同情，偶然因素，哀婉动人的词句
credo	'kri:dәu	n. 信条
sully	'sʌli	vt. 玷污，弄脏n. 污点，脏污
terse	tә:s	a. 简洁的，扼要的
blissful	'blisful	a. 充满喜悦的
decadence	'dekәdәns	n. 颓废
cyclone	'saiklәun	n. 龙卷风，暴风[化] 旋流（分离，除尘）器
veracity	vә'ræsiti	n. 说话老实，老实，诚实
antiseptic	.ænti'septik	n. 抗菌剂，防腐剂a. 抗菌的，防腐的
steeple	'sti:pl	n. 尖顶，（教堂的）尖塔，锥形体
summation	sʌ'meiʃәn	n. 总和，和，合计[医] 总和，总合
lithe	laið	a. 柔软的
schism	'sizm	n. 分裂，分立，分裂教会罪[法] 分裂，分裂宗教罪，宗派
pliers	'plaiәz	n. 钳子[医] 镊，钳
wily	'waili	a. 使用计谋的，有诡计的，狡猾的
repugnant	ri'pʌgnәnt	a. 讨厌的，不愉快的，厌恶的，不一致的，矛盾的，反对的[法] 不一致的，不相当的，矛盾的
anvil	'ænvil	n. 铁砧[医] 砧骨; 铁砧
madrigal	'mædrigәl	n. 情歌，小调，重唱歌曲
frothy	'frɒθi	a. 有泡的，起泡的，多泡的
libido	li'bi:dәu	n. 性的冲动，性欲
lexicographer	.leksi'kɒgrәfә	n. 辞典编纂者
inoculate	i'nɒkjuleit	vt. 接种，嫁接[医] 接种
vouch	vautʃ	vi. 担保，保证，证明，确定地说vt. 担保，证明，断定，传唤……出庭作证
shanty	'ʃænti	n. 棚屋
untapped	.ʌn'tæpt	a. 塞子未开的，未利用的
travesty	'trævisti	n. 拙劣的模仿作品，嘲弄，滑稽模仿vt. 滑稽地模仿，歪曲
girth	gә:θ	n. （树的）干围，周长，肚带vt. 围绕，包围vi. 围长为
receptacle	ri'septәkl	n. 容器，花托，插座[医] 容器，[接]受器，花托
stethoscope	'steθәskәup	n. 听诊器vt. 用听诊器诊断
untimely	.ʌn'taimli	a. 不到时候的，不合时令的，不适时的
spindly	'spindli	a. 纺锤形的，细长的
peptic	'peptik	a. 有助消化的，胃液素的，胃蛋白酶的n. 健胃剂，促进消化物质
esophagus	i:'sɒfәgәs	n. 食道[医] 食管
ascetic	ә'setik	n. 苦行者，禁欲者，修道者a. 苦行的，禁欲的
lumen	'lu:min	n. 流明，腔[医] 腔，流明（光通单位）
aurora	ɒ:'rɒ:rә	n. 曙光，极光，奥罗拉（曙光女神）[电] 极光
mortify	'mɒ:tifai	vt. 抑制，苦修，使受辱vi. 禁欲，苦修
delirious	di'liriәs	a. 神志昏迷的，发狂的[医] 谵妄的，发狂的，妄想的
repulse	ri'pʌls	n. 击退，拒绝vt. 厌恶，击退，拒绝
demote	.di:'mәut	vt. 使降级，使降职
capitulate	kә'pitjuleit	vi. （有条件）投降[法] 投降，投降
vengeful	'vendʒful	a. 复仇心重的，报复的
artifice	'ɑ:tifis	n. 诡计，技巧，巧妙
gong	gɒŋ	n. 铜锣，皿形钟vt. 鸣锣召唤
compendium	kәm'pendiәm	n. 纲要，概略[电] 简述
gaseous	'gæsiәs	a. 气体的，气态的，无实质的[医] 气[体]的
rancid	'rænsid	a. 像油脂腐臭味的，腐臭的[医] 酸败的
flammable	'flæmәbl	a. 易燃的，可燃性的[电] 可燃的
aegis	'i:dʒis	n. 羊皮盾，保护，庇护，赞助，支持[法] 庇护，保护
scuff	skʌf	vi. 拖着脚走，磨损vt. 拳打，攻击，用足尖触，使磨损n. 拖着脚走，磨损，家用平底拖鞋
wont	wɒnt	n. 习惯a. 惯常的，易于……的vi. 习惯vt. 使习惯于
askew	ә'skju:	a. 歪斜的adv. 歪斜地
vindictive	vin'diktiv	a. 有报仇心的，怀恨的，惩罚的[法] 报复的，有报仇心的，复仇的
jubilant	'dʒu:bilәnt	a. 欢呼的，喜洋洋的
abut	ә'bʌt	v. 邻接，毗邻
abrasion	ә'breiʒәn	n. 磨擦，磨损，磨损处[化] 磨耗; 磨蚀
tutelage	'tju:tilidʒ	n. 守护，监护，指导[法] 监护，保护，指导
juggernaut	'dʒʌgәnɒ:t	n. 世界主宰
jaunt	dʒɒ:nt	n. 远足，徒步旅游vi. 远足，徒步旅游
staccato	stә'kɑ:tәu	a. 断奏的，断续的，不连贯的adv. 断奏地，断续地，不连贯地n. 不连贯的东西
headlong	'hedlɒŋ	a. 头向前的，仓猝而用力的，轻率的adv. 头向前地，猛然地，用力地
convoluted	'kɔnvәlju:tid	a. 盘绕的，回旋的，旋绕的，卷绕的，复杂的[医] 卷曲的，回旋的
titanic	tai'tænik	a. 四价钛的[化] 钛; 正钛; 四价钛
verdant	'vә:dnt	a. 翠绿的，青翠的，无经验的，不老练的
wiretap	'waiәtæp	v. 搭线窃听n. 窃听
timbre	'timbә	n. 音色，音质[医] 音色，音品
sweltering	'sweltәriŋ	a. 闷热的，热得难受的，中暑的
dilate	dai'leit	vi. 扩大，详述，膨胀vt. 使膨胀
dishearten	dis'hɑ:tn	vt. 使……气馁，使……沮丧
plagiarism	'pleidʒiәrizm	n. 剽窃，抄袭，剽窃物[法] 抄袭，剽窃，剽窃作品
invigorating	in'vigәreitiŋ	a. 精力充沛的，生气勃勃的
unpretentious	ʌnpri'tenʃәs	a. 不铺张的，不炫耀的，不装模作样的，不招摇的，谦逊的，质朴的
restorative	ri'stɒrәtiv	a. 恢复健康的，滋补的n. 兴奋药，补药
delectable	di'lektәbl	a. 令人快乐的，美味的，使人愉快的
idolize	'aidәlaiz	vt. 把……当偶像崇拜，极端崇拜，醉心于vi. 崇拜偶像
ostracize	'ɒstrәsaiz	vt. 流放，放逐，排斥
immunize	'imju:naiz	vt. 使免疫，赋予免疫性
hew	hju:	vt. 砍，砍倒，砍成vi. 砍，劈，坚持
foolproof	'fu:lpru:f	a. 十分简单的，十分安全的
fallow	'fælәu	n. 休耕地a. 休耕的，淡棕色的
charade	ʃә'rɑ:d	n. 字谜游戏
inscrutable	in'skru:tәbl	a. 难以了解的，不能预测的[法] 不可理解的，不可思议的，不可测知的
asterisk	'æstәrisk	n. 星号[计] 星号，星号通配符
unwitting	.ʌn'witiŋ	a. 不知情的，没有意识到的，不知不觉的
malleable	'mæliәbl	a. 有延展性的，可锻的[医] 可展的，易适应的
portend	pɒ:'tend	vt. 成为……的前兆，预知，给与……的警告
splurge	splә:dʒ	n. 炫耀，夸示vi. 炫耀，卖弄，挥霍vt. 挥霍
tortuous	'tɒ:tʃuәs	a. 扭曲的，弯曲的，转弯抹角的，欺骗的[医] 纡曲的，弯曲的
pucker	'pʌkә	vt. 使起皱vi. 折成褶n. 皱纹
episodic	.epi'sɒdik	a. 插曲似的
nicety	'naisәti	n. 美好，准确，精密，拘泥细节，纤细
dapper	'dæpә	a. 整洁的，整齐的，短小精悍的
evince	i'vins	vt. 表明（感情等）, 表示出（特性等）
unobtrusive	.ʌnәb'tru:siv	a. 不唐突的，不引人注目的，谦虚的
industrious	in'dʌstriәs	a. 勤勉的，刻苦的
impersonate	im'pә:sәneit	vt. 模仿，扮演，体现，使人格化[法] 体现，模仿，拟人
detonation	.detә'neiʃәn	n. 爆炸，爆裂，爆炸声[化] 爆轰（化学反应速度高于其声速）; 爆震; 引爆
rabies	'reibi:z	n. 狂犬病[医] 狂犬病，咬病
docile	'dәusail	a. 容易教的，温顺的
perky	'pә:ki	a. 得意洋洋的，快活的，敏捷的，美观的，傲慢的，神气的
untoward	ʌn'tәuәd	a. 事与愿违的，麻烦的，困难的，不幸的
habitable	'hæbitәbl	a. 适于居住的，可居住的
narcissism	nɑ:'sisizm	n. 自我陶醉，自恋[医] 自爱欲，恋已癖
contrived	kәn'traivd	a. 人造的，勉强的，不自然的
anachronistic	ә.nækrә'nistik	a. 时代错误的
prosaic	prәu'zeiik	a. 散文的，散文体的，平凡的
ostrich	'ɒstritʃ	n. 鸵鸟
castigate	'kæstigeit	vt. 惩罚，苛评，修订
abysmal	ә'bizmәl	a. 深不可测的，无底的
percolate	'pә:kәleit	vt.vi. 滤，滤过，渗开，（使）渗透，（使）渗滤n. 滤过液，渗出液vt. 用渗滤壶煮（咖啡）
predilection	.pri:di'lekʃәn	n. 嗜好，偏爱
rejuvenate	ri'dʒu:vineit	vt. 使年轻，使复原，使恢复精神vi. 返老还童，复原
squelch	'skweltʃ	n. 嘎吱声，压碎的一堆，使对手哑口无言的话vt. 压碎，镇压，使咯吱咯吱响vi. 咯吱咯吱响，涉水而过[计] 撤消权限
divest	dai'vest	vt. 使摆脱，使脱去，夺去[经] 取消权力
canny	'kæni	a. 精明的，谨慎的，节约的
detritus	di'traitәs	n. 碎石[医] 腐质，碎屑
clemency	'klemәnsi	n. 仁慈，宽厚，仁厚
effigy	'efidʒi	n. 肖像，雕像
averse	ә'vә:s	a. 不愿意的，反对的
disfigure	dis'fi^ә	vt. 毁损……的外形，玷污，损害，毁损……的容貌[法] 损毁容颜，破相
unpalatable	.ʌn'pælәtәbl	a. 不可口的，味道差的，不好吃的
regressive	ri'gresiv	a. 后退的，退化的，回归的[医] 退化的，退行的，消退的，回归的
stingy	'stindʒi	a. 小气的，吝啬的，缺乏的，有刺的
sedative	'sedәtiv	a. 使安静的，使镇静的n. 镇静剂
scruple	'skru:pl	n. 踌躇，犹豫，微量vi. 踌躇，有顾忌
inculcate	'inkʌlkeit	vt. 反复灌输，谆谆教诲
whet	hwet	n. 磨，开胃小吃vt. 磨，磨快，刺激，促进
jaunty	'dʒɒ:nti	a. 快活的，活泼的，轻快的
welter	'weltә	vi. 翻滚，滚动，沉溺，浸湿，起伏n. 翻滚，汹涌，混乱，起伏，重量级骑手
unconscionable	.ʌn'kɒnʃәnәbl	a. 不受良心支配的，不合理的，过度的
acrid	'ækrid	a. 苦味的，辛辣的，讥讽的，刻薄的[医] 辛辣的
centrifugal	sen'trifjugl	a. 离心的n. 离心机，（离心机的）转筒
latency	'leitnsi	n. 潜伏，潜在[计] 传输时间，传输延迟时间
damper	'dæmpә	n. 令人扫兴的人，增湿器，阻尼器[化] 减震器
flagrant	'fleigrәnt	a. 极端明显的，不能容忍的，恶名昭著的[法] 公然的，罪恶昭彰的，现行的
succinct	sәk'siŋkt	a. 简洁的，紧缩的
disembodied	disim'bɔdid	a. 脱离肉体的[医] 脱离躯壳的
dogged	'dɒgid	a. 顽固的，顽强的
parse	pɑ:s	vt. 从语法上分析[计] 分列
muffler	'mʌflә	n. 围巾，头巾，无指手套，消声器[化] 消声器; 消音器
incisive	in'saisiv	a. 敏锐的，机敏的，激烈的，切入的，锋利的[医] 切牙的，切的
imprecise	.impri'saiz	a. 不严密的，不精确的，不明确的
amulet	'æmjulit	n. 护身符
intermission	.intә'miʃәn	n. 中止，中断，停顿，间歇[医] 间歇，间歇期
pensive	'pensiv	a. 沉思的，哀思的，忧郁的
oratory	'ɔrәtәri	n. 演讲，雄辩术，演讲术，雄辩
acrimonious	ækri'mәunjәs	a. 尖刻的，讥讽的，激烈的
neophyte	'ni:әufait	n. 新入教者，新信徒
knoll	nәul	n. 小山，圆丘vt. 敲钟vi. 敲响
unkempt	'ʌnkempt	a. 蓬乱的，未被照管好的
cachet	kæ'ʃei	n. 公章，私人印戳，标记，威望，纪念邮戳[医] 扁囊剂
minutia	mai'nju:ʃiә	n. 细节，琐事
omnipresent	.ɒmni'prezәnt	a. 无所不在的，普通存在的
sheathe	ʃi:ð	vt. 插入鞘，覆盖
fortuitous	fɒ:'tju:itәs	a. 偶然的[医] 偶然的，机会的
menial	'mi:niәl	a. 适合仆人做的，卑微的n. 仆人
dexterity	dek'steriti	n. 灵巧，机敏
atrocious	ә'trәuʃәs	a. 残暴的，凶恶的
serviceable	'sә:visәbl	a. 有用的，耐用的[化] 能操作的
outwit	.aut'wit	vt. 瞒骗，以智取胜
cuticle	'kju:tikl	n. 表皮[医] 表皮; 角质层（植）; 护膜
riotous	'raiәtәs	a. 引起骚扰的，暴乱的，放荡的
monochrome	'mɒnәkrәum	n. 单色画，单色，黑白a. 单色的，黑白的[计] 单色
despondent	di'spɒndәnt	a. 丧气的，失望的，没有精神的
cognizant	'kɒgnizәnt	a. 察知的，认识到的，有认识能力的[法] 审理的，审理权的，有权审理的
mete	mi:t	vt. 量，测量，分配n. 边界，界石
renown	ri'naun	n. 名声，声望vt. 使有声望
indecisive	.indi'saisiv	a. 非决定性的，犹豫不决的，不明确的
fastidious	fæs'tidiәs	a. 难取悦的，挑剔的，苛求的
resplendent	ri'splendәnt	a. 辉煌的，灿烂的
obstinate	'ɒbstinit	a. 倔强的，顽固的，不让步的
staid	steid	a. 认真的，沉着的，固定的
dislocate	'dislәukeit	vt. 脱臼，弄乱
quill	kwil	n. 羽根，大翎毛，羽毛笔vt. 刺穿
kindred	'kindrid	n. 家族，相似，亲戚关系a. 同族的，同类的，血缘的
summarily	'sʌmәrili	adv. 概要地，概略地，立刻
coddle	'kɒdl	vt. 娇养，溺爱，用文火煮（蛋）
servitude	'sә:vitju:d	n. 奴隶状态，惩役，地役权[法] 苦役，劳役，奴役
obliging	ә'blaidʒiŋ	a. 乐于施惠的，体贴的，有礼貌的
dereliction	.deri'likʃәn	n. 玩忽职守，抛弃物[法] 抛弃，遗弃，放弃
tedium	'ti:diәm	n. 单调乏味，沉闷
fawn	fɒ:n	n. 小鹿vi. 摇尾乞怜，奉承
deciduous	di'sidjuәs	a. 每年落叶的，非永久性的[医] 脱落的
ream	ri:m	n. 令，大量vt. 扩（孔）, 榨取，挖
beholden	bi'hәudәn	a. 负有义务的，受惠的
epitaph	'epitɑ:f	n. 墓志铭，碑文
spongy	'spʌndʒi	a. 海绵状的，海绵质的，多孔的[医] 海绵状的，海绵构造的
precipice	'presipis	n. 悬崖，绝壁，险境
adjudicate	ә'dʒu:dikeit	v. 判决，宣告，裁定
abdicate	'æbdikeit	vt. 正式放弃vi. 退位，退出，辞职
synopsis	si'nɒpsis	n. 概要，摘要，大意[化] 一览表; 提要
tenable	'tenәbl	a. 可守的，站得住（脚）的，合理的，成立的
snicker	'snikә	n. 窃笑vi. 窃笑vt. 窃笑着说
teem	ti:m	vi. 充满，充足，倾注vt. 倒出
poncho	'pɒntʃәu	n. 南美披风，雨披
pacify	'pæsifai	vt. 使平静，安慰，绥靖，使服从
unsound	.ʌn'saund	a. 不健全的，有病的，腐烂的，谬误的，不牢靠的[医] 不健康的，不健全的，有病的
stupendous	stju:'pendәs	a. 惊人的，巨大的
dumbfound	dʌm'fajnd	vt. 使……惊讶得发呆
interlocutor	.intә'lɒkjutә	n. 对话者，谈话者
vendetta	ven'detә	n. 族间仇杀，世仇，宿怨[法] 血仇，近亲复仇，世仇
nefarious	ni'feәriәs	a. 恶毒的，极坏的
eminence	'eminәns	n. 显赫，名家，高处[医] 隆起，隆凸
inferno	in'fә:nәu	n. 地狱，地狱似的地方
transitory	'trænsitәri	a. 暂时的，短暂的，昙花一现的[法] 临时性诉讼，可选择管辖区的诉讼; 临时的，过渡的
wanton	'wɒntәn	n. 荡妇，水性杨花的女人a. 恶意的，不负责任的，无节制的，嬉戏的，繁茂的，淫荡的vi. 变化无常，嬉戏，闲荡，放肆vt. 挥霍
intercede	.intә'si:d	vi. 说情，调解[法] 代为求情，从中调停
unremitting	.ʌnri'mitiŋ	a. 不懈的，不断的，坚忍的，持续的[经] 不间断的，持续的
ruthlessness		n. 无情；冷酷；残忍
rapprochement	ræ'prɔʃmә:ŋ	n. 和解，恢复邦交，恢复友好关系，重归于好
paragon	'pærәgәn	n. 杰出典范，完人，完美之物
crinkle	'kriŋkl	n. 皱，波纹vt. 使皱，使缩，起皱vi. 皱，拳曲
opiate	'әupiit	n. 鸦片制剂，镇静剂a. 含鸦片的，催眠的vt. 使麻醉，使缓和
deferential	.defә'renʃәl	a. 恭敬的[医] 输精管的
sedate	si'deit	a. 沉着的，镇静的，安静的vt. 给……服镇静剂
stasis	'steisis	n. 停滞，郁积[医] 停滞，郁滞
regale	ri'geil	vt. 款待，使快乐vi. 享用n. 盛宴，佳肴，款待
insubstantial	.insәb'stænʃәl	a. 脆弱的，无实体的，非实质的
infirm	in'fә:m	a. 弱的，虚弱的，柔弱的[医] 衰弱的
coloration	kʌlә'reiʃәn	n. 着色，特色，色彩，天然颜色
accost	ә'kɒst	vt. 招呼，搭讪，勾引[法] 勾引，引诱
gaiety	'geiәti	n. 愉快，快活，高兴
sloth	slәuθ	n. 怠惰，懒惰
bucolic	bju:'kɒlik	a. 牧民的，牧歌的，乡下风味的n. 田园诗，农夫
plaintive	'pleintiv	a. 悲哀的，哀伤的，伤心的，表示痛苦的
facile	'fæsil	a. 容易的，灵巧的，温和的
overbearing	.әuvә'bєәriŋ	a. 傲慢的，骄傲自大的，蛮横的，压倒一切的[法] 自大的，专制的，压倒的
threadbare	'θredbeә	a. 衣服磨薄了的，穿旧了的，衣着褴褛的，俗套的，乏味的
comatose	'kɒmәtәus	a. 昏睡的，昏睡状态的[医] 昏迷的
irrevocable	i'revәkәbl	a. 不能挽回的，不能取消的，不能变更的[经] 不能撤销的，不能恢复的
opus	'әupәs	n. 作品
diatribe	'daiәtraib	n. 抨击，谴责
resound	ri'zaund	vi. 回响，鸣响，反响，驰名，被传遍vt. 使回响，传颂
presage	'presidʒ	n. 预感，预兆，预知vt. 预示，预言vi. 预感，预言
visage	'vizidʒ	n. 脸，面貌，容貌
iniquity	i'nikwiti	n. 不公正，不公正行为
florid	'flɒrid	a. 华丽的，红润的[医] 鲜红的
livid	'livid	a. 铁青的[医] 青紫的
quench	kwentʃ	vt. 熄灭，结束，使冷却，将……淬火vi. 熄灭，平息
auspicious	ɒ:'spiʃәs	a. 吉兆的，幸运的
plumb	plʌm	n. 铅锤，垂直a. 垂直的vt. 使垂直，探测vi. 成垂直
preen	pri:n	vt. 用嘴整理，打扮，使得意vi. 打扮漂亮，感到得意
personable	'pә:snәbl	a. 风度好的，讨人喜欢的，具有行为能力的
perfunctory	pә'fʌŋktәri	a. 敷衍的，随随便便的，得过且过的
panache	pә'næʃ	n. 羽饰，夸示，假威风，炫耀
moribund	'mɒ:ribʌnd	a. 垂死的n. 垂死的人
jovial	'dʒәuviәl	a. 快活的，高兴的，愉快的[计] 国际算法语言的朱尔斯文本
impregnable	im'pregnәbl	a. 无法攻取的，坚强不屈的，驳不倒的
extrovert	'ekstrәuvә:t	n. 外向性格的人[医] 外倾[性格]者
dutiful	'dju:tiful	a. 尽职的，忠实的，顺从的，守本分的
upswing	'ʌpswiŋ	n. 回升时期，上升，向上摆动，跃进[经] 上升，向上摆动
berserk	bә'sә:k	a. 狂暴的，疯的adv. 狂暴地，疯地
banister	'bænistә	n. 栏杆的支柱，楼梯的扶栏
upstage	'ʌp'steidʒ	a. 在舞台后部的，傲慢的，自负的adv. 在舞台后方vt. 抢戏
retroactive	.retrәu'æktiv	a. 反动的，追溯的，有追溯效力的[经] 有追溯效力的
catharsis	kә'θɑ:sis	n. 陶冶，净化，导泻[医] 导泻，泻法，精神发泄
understated	.ʌndә'steitid	a. 轻描淡写的；低调的；朴素的；不夸张的
cajole	kә'dʒәul	vt. 以甜言蜜语哄骗，勾引
enjoin	in'dʒɒin	vt. 吩咐，命令，嘱咐，禁止[法] 责成，命令，嘱咐
unsubstantiated	'ʌnsәb'stænʃieitid	[法] 未经证实的，不能肯定的
ventilate	'ventileit	vt. 使空气流通，使通风，公开讨论，公开[医] 通风，换气
elixir	i'liksә	n. 炼金药，不老长寿药，万能药[化] 酏剂
glade	gleid	n. 林间空地，沼泽地
mangle	'mæŋgl	vt. 乱砍，损坏，轧布n. 轧布机
thatch	θætʃ	n. 盖屋顶的茅草，用草盖的屋顶，浓密头发vt. 用茅草覆盖
imperious	im'piәriәs	a. 专横的，傲慢的，迫切的[医] 强制的，不随意的
glib	glib	a. 能说善道的，流畅的
confection	kәn'fekʃәn	n. 糖果，蜜饯[医] 糖膏（剂）
repose	ri'pәuz	n. 休息，睡眠，静止vt. 使休息，寄托于vi. 休息，长眠，静卧，座落，依靠，信赖
chauvinism	'ʃәuvinizm	n. 盲目的爱国主义，沙文主义[法] 沙文主义
calligraphy	kә'ligrәfi	n. 笔迹，书法
conversant	kәn'vә:sәnt	a. 熟悉的，亲近的，有交情的
splice	splais	vt. 接合，捻接，胶接，使结婚n. 接合，胶接，结婚[计] 接头
naysayer		n. 拒绝者，否认者，老是唱反调的人[法] 否定者，投反对票者
acrobat	'ækrәbæt	n. 表演特技者，杂技演员
wrangle	'ræŋgl	vi. 争论，口角vt. 辩驳，放牧n. 口角，吵嘴
personage	'pә:snidʒ	n. 重要人士，显要，名士，人物，角色
anesthetic	.ænis'θetik	n. 麻醉剂，麻药a. 麻醉的
faze	feiz	vt. 打扰，折磨，使狼狈
sledgehammer	'sledʒ.hæmә	n. 大锤，极有分量的事物a. 强力的，手下不留情的v. 用大锤打，沉重打击
unjustly	ˌʌn'dʒʌstlɪ	adv. 不义地，不法地
gavel	'gævәl	n. 槌[法] 赋税或租金，议事槌，小木槌
corrode	kә'rәud	vt. 使腐蚀，侵蚀，破坏vi. 被侵蚀，起腐蚀作用
conflate	kәn'fleit	vt. 合并；异文合并
incinerate	in'sinәreit	vi. 烧成灰，灰化vt. 焚化
nonsensical	nɒn'sensikl	a. 无意义的，荒谬的
plankton	'plæŋktәn	n. （总称）浮游生物[医] 浮游生物
niggling	'ni^liŋ	a. 细小的，琐屑的，小心翼翼的，缺乏魄力的，过于精细的
mutilate	'mju:tileit	vt. 切断，使残废，使不完整[医] 致残毁
misnomer	mis'nәumә	n. 取名不当[法] 叫错姓名，用词不当，使用不适名称
equanimity	.i:kwә'nimiti	n. 平静，镇定，沉着
slurp	slә:p	n. 吃的声音v. 出声地吃（或喝）
diffident	'difidәnt	a. 无自信的，谦虚谨慎的，羞怯的
deface	di'feis	vt. 损伤外观[法] 毁伤外貌，破坏外观，涂污
sensitize	'sensitaiz	vt. 使敏感，使具有感光性vi. 变得敏感
sentinel	'sentinl	n. 哨兵，标记vt. 警戒，守卫[计] 标记
vermin	'vә:min	n. 害虫，歹徒[医] 虫，体外寄生虫（如蚤、臭虫、蚤等）
lien	'li:әn	n. 留置权，扣押权[医] 脾
transgress	træns'gres	vt. 违反，犯罪，侵犯vi. 越界，违法
maelstrom	'meilstrәm	n. 大漩涡，极度混乱
brocade	brәu'keid	n. 织锦
revile	ri'vail	v. 辱骂，斥责
odious	'әudiәs	a. 可憎的，可厌的，丑恶的
mongrel	'mʌŋgrәl	n. 杂种，杂种狗，混血儿a. 杂种的，混血儿的
lethargic	le'θɑ:dʒik	a. 昏睡的，无生气的，泠漠的，冷淡的[医] 昏睡的，嗜眠的
irrepressible	.iri'presәbl	a. 约束不住的，抑制不住的
ponderous	'pɒndәrәs	a. 沉重的，笨重的，毫无趣味的，生硬的
jest	dʒest	n. 笑柄，笑话vi. 讲笑话，嘲笑，开玩笑vt. 嘲笑
cleft	kleft	n. 裂缝，裂口a. 劈开的cleave的过去式和过去分词
pillage	'pilidʒ	n. 掠夺，抢劫，掠夺物，战利品v. 掠夺，抢劫
ravenous	'rævinәs	a. 贪婪的，饿极的，狼吞虎咽的
diabolical	daiә'bɒlikl	a. 恶魔的
efficacious	.efi'keiʃәs	a. 有效的，灵验的
pediatrics	.pi:di'ætriks	n. 小儿科[医] 儿科学
kaleidoscope	kә'laidәskәup	n. 万花筒
haughty	'hɒ:ti	a. 傲慢的，骄傲的，崇高的
dossier	'dɒsiei	n. 档案，卷宗[医] 病历表册，病历夹
modicum	'mɒdikәm	n. 少量
convergent	kәn'vә:dʒәnt	a. 趋集于一点的，会聚性的，收敛的[医] 会聚的，集合的
morass	mә'ræs	n. 沼泽，困境，乱糟糟的一堆
hodgepodge	'hɒdʒpɒdʒ	n. 杂烩菜，混杂物
machination	mæki'neiʃәn	n. 阴谋，图谋，策划[法] 诡计，奸计，阴谋
solemnity	sә'lemniti	n. 严肃，一本正经[法] 要式，庄严的仪式，严肃
extort	ik'stɒ:t	vt. 勒索，敲诈，强要[医] 外旋
recant	ri'kænt	vt. 放弃vi. 放弃信仰，撤回声明，公开认错
proselytize	'prɒsilitaiz	vt. 使改变宗教信仰vi. 劝诱改变宗教信仰
atheism	'eiθiizm	n. 无神论
mannered	'mænәd	a. 守规矩的，矫饰的
drudgery	'drʌdʒәri	n. 苦差事，苦工
lusty	'lʌsti	a. 健壮的，精力充沛的
abeyance	ә'beiәns	n. 中止，暂搁，停止，归属待定[化] 潜态
feline	'fi:lain	a. 猫的，猫科的，猫一样的n. 猫，猫科动物
pejorative	'pi:dʒәreitiv	a. 贬损的，轻蔑的n. 轻蔑语，贬义词
conflagration	.kɒnflә'greiʃәn	n. 大火灾，大火，冲突[化] 暴燃; 快速燃烧
pittance	'pitns	n. 少量津贴，小额施舍，少量
talisman	'tælizmәn	n. 护身符，驱邪物，法宝
pervert	pә:'vә:t	vt. 使堕落，使反常，歪曲，滥用，使左右颠倒，唆使……性变态n. 堕落者，行为反常者，背教者，性欲反常者
inhumane	.inhju:'mein	a. 无人情味的，薄情的，残忍的
irreconcilable	i'rekәnsailәbl	a. 不能和解的，不能协调的，矛盾的
rancor	'ræŋkә	n. 敌意，深仇
lethargy	'leθәdʒi	n. 昏睡，瞌睡，无力气[医] 昏睡，嗜眠
gaggle	'gægl	n. 鹅群，一群，嘎嘎叫声vi. 嘎嘎地叫
expediency	ik'spi:djәnsi	n. 权宜，方便，私利
demur	di'mә:	vi. 提出异议，反对，抗辩n. 异议，反对
impale	im'peil	vt. 刺穿，使绝望，钉住
trowel	'trauәl	n. 泥铲，泥刀vt. 用泥铲涂
redemptive	ri'demptiv	a. 赎回的，救世的，赎身的
functionary	'fʌŋkʃәnәri	n. 职员，负责人员，官员a. 机能的，作用的，职务的
realign	,riә'lain	vt.vi. 重新排列，重新组合
simile	'simili	n. 明喻，明喻说法
gaffe	gæf	n. 过失，失态，出丑
subliminal	sʌb'liminl	a. 下意识的，潜在意识的[医] 阈下的，限下的
scythe	saið	n. 长柄大镰刀，大钐镰vt. 用大镰刀割
prim	prim	a. 整洁的，端正的，规规矩矩的，呆板的，拘谨的vt. 弄整齐，使显出一本正经的表情vi. 作出一本正经的样子
unrepentant	'ʌnri'pentәnt	a. 不改悔的，不悔悟的，顽固不化的[法] 毫不悔改的
temerity	ti'merәti	n. 鲁莽，蛮勇
redoubtable	ri'dautәbl	a. 可怕的，厉害的，可敬的
redolent	'redәulәnt	a. 芬芳的，有……香味的，令人想起……的
spat	spæt	n. 蚝卵，口角，拍打vi. 拍打，争吵spit的过去式和过去分词
nebulous	'nebjulәs	a. 星云的，星云状的，朦胧的
figurehead	'figәhed	n. 装饰船头的人像，傀儡领袖
quibble	'kwibl	n. 遁词，双关语vi. 吹毛求疵，争吵，说模棱两可的话vt. 对……诡辩
malign	mә'lain	a. 有害的，恶性的，有恶意的vt. 诽谤，说坏话
tussle	'tʌsl	n. 扭打，争斗，论争vi. 扭打，打斗
elegy	'elidʒi	n. 悲歌，哀歌，挽歌
chaste	tʃeist	a. 贞洁的，纯洁的，朴素的
naivety	nɑ:'i:vti	n. 无邪的行为；天真烂漫（等于naivete）
daunt	dɒ:nt	vt. 威吓，难倒，使气馁
debrief	di:'bri:f	vt. 听取报告，盘问
alias	'eiliæs	n. 别名，化名adv. 以化名为人所知[计] 别名; 替换入口
squall	skwɒ:l	n. 飑，喊叫vi. 起飑，嚎啕，叫嚷vt. 尖叫
sinuous	'sinjuәs	a. 弯弯曲曲的，迂回的，运动柔软的[医] 纡曲的
attenuate	ә'tenjueit	a. 纤细的，稀薄的，稀释的vt. 使减弱，使纤细vi. 变稀薄，变纤细，减少[计] 衰减
manifold	'mænifәuld	n. 复印本，多种a. 多种的，有许多部分的，多方面的vt. 复写，使多样化，增多
legible	'ledʒәbl	a. 清晰的，易读的
inimical	i'nimikәl	a. 有敌意的，有害的，抵触的
gullible	'gʌlibl	a. 易受骗的[法] 易受骗的，轻信的
whimsy	'hwimzi	n. 怪念头，离奇的东西，反复无常，绞盘
largesse	lɑ:'dʒes	n. 慷慨的赠与，慷慨赠与物，慷慨的赏钱
monotone	'mɒnәtәun	a. 单调的n. 单调
remonstrate	ri'mɒnstreit	vi. 表示异议，抗议，责备vt. 抗议地说
saintly	'seintli	a. 圣洁的
morose	mә'rәus	a. 郁闷的，孤僻的
digress	dai'gres	vi. 走向岔道，离题，扯到枝节上
porcupine	'pɒ:kjupain	n. 豪猪
leer	liә	n. 秋波，媚眼，恶意的瞥视vi. 送秋波，抛媚眼，斜睨
incarnate	in'kɑ:neit	vt. 体现，使具体化，使实体化a. 化身的，实体化的，肉色的，深红色的
scald	skɒ:ld	n. 烫伤，烫洗v. 烫伤，烫洗
antihistamine	.ænti'histәmi:n	n. 抗组胺药
cavort	kә'vɒ:t	vi. 腾跃
interpose	.intә'pәuz	vt. 使插入，使介于二者间，使干涉vi. 插嘴，干预
delirium	di'liriәm	n. 精神错乱，说谵语状态，狂热[医] 谵妄，发狂，妄想
gargoyle	'ɡɑ:ɡɔil	n. 滴水嘴
atrophy	'ætrәfi	n. 萎缩，萎缩症[医] 萎缩
seine	sein	n. 曳网，拖地大网vt. 用曳网围捕vi. 用曳网捕鱼
uncooperative	'ʌnkәu'ɔpәrәtiv	a. 不合作的，不配合的，执拗的
hydrant	'haidrәnt	n. 给水栓，水龙头，消火栓
fractious	'frækʃәs	a. 易怒的，倔强的，脾气不好的
rankle	'ræŋkl	vi. 化脓，怨恨vt. 使怨恨
misshapen	.mis'ʃeipәn	a. 造型不佳的，丑恶的，畸形的
enmesh	in'meʃ	vt. 使绊住，使陷入
cogent	'kәudʒәnt	a. 使人首肯的，使人信服的，中肯切题的[法] 有说服力的，无法反驳的
yielding	'ji:ldiŋ	a. 生产的，屈从的，柔顺的，易弯曲的[化] 屈服
unfailing	.ʌn'feiliŋ	a. 可靠的；经久不衰的；无穷尽的
opportune	.ɒpә'tju:n	a. 恰好的，时机适宜的，适当的
lustrous	'lʌstrәs	a. 有光泽的，光辉的
lubricate	'lu:brikeit	vt. 使润滑，涂油vi. 润滑
lamentable	'læmәntәbl	a. 可悲的，哀伤的，可怜的
incongruity	.inkɒŋ'gru:iti	n. 不协调，不一致，不合适[化] 异元性; 不相容性
fiend	fi:nd	n. 魔鬼，邪神，能手，成癖者
truism	'tru:izm	n. 自明之理，众所周知，老生常谈[法] 老生常谈，陈词滥调
haggard	'hægәd	n. 野鹰a. 憔悴的，形容枯槁的，野性的
acrimony	'ækrimәni	n. 严厉，尖刻[医] 辛辣
inalienable	in'eiljәnәbl	a. 不能让与的，不能转售的，不能夺取的，不可分割的
stupor	'stju:pә	n. 无感觉，人事不省，麻木[医] 木僵，昏呆
prodigal	'prɒdigl	n. 浪费者a. 浪费的，挥霍的，丰富的
unspoiled	ʌn'spɔild	a. 未损坏的；未宠坏的
crockery	'krɒkәri	n. 陶器，瓦器[化] 土器
annotate	'ænәuteit	v. 作注解，注释[计] 注释
alacrity	ә'lækrәti	n. 敏捷，轻快，乐意
pulsate	'pʌlseit	vi. 搏动，悸动，震动[医] 搏动
unguarded	.ʌn'gɑ:did	a. 没有防卫的，不留神的，不小心的，大意的
whit	hwit	n. 些微，一点点
mercurial	mә:'kjuәriәl	a. 水星的，敏捷的，活泼的，水银的n. 汞剂
figment	'figmәnt	n. 虚构的事
arroyo	ә'rɒiәu	n. 干涸沟壑，旱谷，小河
clarion	'klæriәn	n. 尖音号角a. 清澈响亮的
convulse	kәn'vʌls	vt. 使震动，使震撼，使抽搐
idyll	'idil, 'aidil	n. 叙事诗，田园景色，田园诗，田园乐曲，牧歌
wile	wail	n. 诡计，狡猾vt. 引诱，诱骗，消遣
contraband	'kɒntrәbænd	n. 违禁品，走私a. 禁运的，非法买卖的
uninitiated	ˌʌnɪˈnɪʃieɪtɪd	a. 外行的，缺少经验的
truss	trʌs	vt. 捆绑n. 捆，束
platitude	'plætitju:d	n. 单调，平凡，陈腐，陈词滥调
volition	vәu'liʃәn	n. 行使意志，意志力，决定
inimitable	i'nimitәbl	a. 无法仿效的，独特的，无比的
demure	di'mjuә	a. 装成端庄的，假正经的，娴静的
flippant	'flipәnt	a. 轻率的，没礼貌的，嘴碎的
dispassionate	dis'pæʃәnit	a. 冷静的，不带感情的
disgorge	dis'gɒ:dʒ	vt. 吐出，流注，被迫交出vi. 呕吐
trite	trait	a. 老一套的，陈腐的，用坏的
vicarious	vai'kєәriәs	a. 代理的，代用的，替代的[医] 替代的，错位的
deserter	'dezәtә	n. 背弃者，脱党者，逃亡者[法] 逃犯，逃亡者，逃兵
progenitor	prәu'dʒenitә	n. 祖先，先辈，原本[医] 祖先，祖代
lectern	'lektә:n	n. 诵经台
humdrum	'hʌmdrʌm	a. 平凡的，单调的，令人厌烦的n. 平凡，单调，无聊vi. 单调令味地进行
finery	'fainәri	n. （华丽的）装饰，（华丽的）服饰，鲜艳服装，幽雅，精炼炉[化] 木炭吹炼炉; 木炭精炼炉
beget	bi'get	vt. 为某人之生父，招致，产生，引起
scrappy	'skræpi	a. 杂凑的，不连贯的，爱打架的，坚决的
prostrate	'prɒstreit	a. 拜倒的，降伏的，俯卧的，衰竭的，沮丧的vt. 弄倒，使屈服，使俯伏，使平卧
minion	'minjәn	n. 奴才，宠臣
maul	mɒ:l	n. 大槌vt. 打伤，粗手粗脚地摆弄，抨击
jibe	dʒaib	vi. 嘲笑，一致vt. 转帆，嘲笑n. 嘲笑
inexhaustible	.inig'zɒ:stәbl	a. 用不完的，无穷尽的，不知疲倦的
dregs	dre^z	n. 少量；渣滓；沉淀物（dreg的复数）
disclaim	dis'kleim	v. 放弃，弃权，拒绝承认
cornice	'kɒ:nis	n. 檐口vt. 给……装檐口
brusque	brusk	a. 唐突的，直率的
pall	pɒ:l	n. 棺罩，柩衣，遮盖物vi. 失去吸引力，乏味vt. 覆盖，使笼罩阴影，使乏味
shirk	ʃә:k	vi. 溜掉，逃避，推卸vt. 逃避
icicle	'aisikl	n. 垂冰，冰柱，冷冰冰的人
girdle	'gә:dl	n. 腰带，围绕物vt. 用腰带束缚，围绕
explicable	'eksplikәbl	a. 可说明的，可解释的
exhume	ig'zju:m	vt. 掘出，发掘
insolent	'insәlәnt	n. 侮慢无礼的人a. 粗野的，无礼的，侮慢的
impresario	.impri'sɑ:riәu	n. 演出者，主持人
infantile	'infәntail	a. 婴儿的，幼稚的，初期的[医] 婴儿的，幼稚的
philistine	'filistain	n. 庸人，门外汉，仇敌，俗气的人a. 俗气的，无教养的
skittish	'skitiʃ	a. 易惊的，轻佻的，三心二意的，不可靠的，羞怯的，活泼的，爱蹦跳的，活跃的
rumple	'rʌmpl	v. 弄皱，弄得乱七八糟n. 皱纹，皱褶
recompense	'rekәmpens	n. 报偿，酬金，赔偿vt. 报偿，赔偿，报酬
pandemonium	pændi'mәjniәm	n. 魔窟，地狱，阎王殿，无法无天，一片混乱，大混乱，大吵大闹，乌烟瘴气
listless	'listlis	a. 倦怠的，无精打采的[经] 交易清淡的
jaundiced	'dʒɒ:ndist	a. 患黄疸病的，有偏见的，嫉妒的
irksome	'ә:ksәm	a. 厌恶的，讨厌的，令人厌烦的
hearten	'hɑ:tn	vt. 使振作，激励vi. 振作
exult	ig'zʌlt	vi. 非常高兴，欢欣
duplicity	dju:'plisiti	n. 口是心非，不诚实，表里不一[医] 并胚，双畸胎，联胎
apposite	'æpәuzit	a. 贴切的，合适的
amateurish	.æmә'tә:riʃ	a. 业余的，外行的，不熟练的
sprain	sprein	vt. 挫伤，扭筋，错筋n. 扭伤，扭筋
vicissitude	vi'sisitju:d	n. 变化无常，变迁，荣枯，盛衰
explicate	'eksplikeit	vt. 详细说明，解释，说明，引伸
culpable	'kʌlpәbl	a. 该责备的，有罪的[法] 应受处罚，有罪
convivial	kәn'viviәl	a. 酒宴的，欢宴的，欢乐的
concave	'kɒnkeiv	a. 凹的[医] 凹的，凹面的
tatty	'tæti	a. 穿破的，粗糙的，不值钱的
carpentry	'kɑ:pintri	n. 木工手艺，木工业，木器
unseemly	.ʌn'si:mli	a. 不合适的，不适宜的，不得体的
armada	ɑ:'mɑ:dә	n. 舰队
germane	dʒә:'mein	a. 关系密切的，有关的，同样的，恰当的，贴切的[机] 锗烷
interloper	'intәlәjpә(r)	n. 闯入者，好事者，无执照营业者[经] 无执照营业者，私商
patrician	pә'triʃәn	n. 贵族，有教养的人a. 贵族的，显贵的
incantation	.inkæn'teiʃәn	n. 咒语
verbatim	vә:'beitim	a. 逐字的，照字面的adv. 逐字地
ambulatory	'æmbjulәtәri	a. 步行的，走动的，流动的，非固定的n. 回廊
vandalize	'vændәlaiz	vt. 肆意破坏[法] 摧残文化，破坏财产
olfactory	ɒl'fæktәri	a. 嗅觉的，味道的n. 嗅觉器官，嗅神经
lout	laut	n. 蠢人vt. 愚弄vi. 屈服
uncouth	.ʌn'ku:θ	a. 笨拙的，粗野的，荒凉的
arresting	ә'restiŋ	a. 引人注意的[计] 定位
encyclopedic	en,saiklәu'pi:dik	a. 如百科辞典的，百科全书式的
feckless	'feklis	a. 无效的，无能的，不负责任的
straggle	strægl	vi. 掉队，落伍，蔓延，散乱n. 低空扫射
pulverize	'pʌlvәraiz	vt. 把……磨成粉vi. 变成粉
sinew	'sinju:	n. 肌肉，精力，体力，力量的源泉，腱vt. 赋予力量，加强
perishable	'periʃәbl	a. 易腐坏的，会枯萎的，易毁灭的，不经久的n. 易腐坏的东西
dynamo	'dainәmәu	n. 发电机[医] 电机，发电机
flabby	'flæbi	a. 软弱的，没气力的，不稳的，松弛的
shuck	ʃʌk	n. 壳，外皮，牡蛎壳v. 剥去，脱去
desultory	'desәltәri	a. 散漫的，无条理的，不连贯的
daub	dɒ:b	v. 涂抹，乱画，弄脏n. 污迹，劣画
aphorism	'æfәrizm	n. 格言，警语
serpentine	'sә:pәntain	a. 蛇的，层层卷绕的，阴险的，迂回的n. 蛇纹石，弯弯曲曲之物vi. 蜿蜒vt. 使迂回曲折地行进
impressionable	im'preʃәnәbl	a. 易感的，敏感的，可塑的
pallid	'pælid	a. 苍白的，暗淡的，无生气的
gnat	næt	n. 小昆虫，蚊子，小烦扰[医] 蚊，蚋
metamorphose	.metә'mɒ:fәuz	vt. 使变形，使变态，使变质vi. 变形，变质
begrudge	bi'grʌdʒ	vt. 嫉妒，羡慕，勉强允给，吝惜
capsize	kæp'saiz	v. 翻覆，倾覆
exorcise	'eksɒ:saiz	vt. 驱邪，除怪
debar	di'bɑ:	vt. 排除，防止，禁止[法] 阻止，阻挡，排除
technocrat	'teknәukræt	n. 技术专家治国论者，技术专家统治论者
invigorate	in'vigәreit	vt. 使精力充沛，鼓舞，搞活，使健壮
slander	'slændә	n. 中伤，诽谤vt. 中伤，诽谤
ungainly	.ʌn'geinli	a. 难看的，不优雅的，粗陋的
serrated	se'reitid	a. 锯齿状的[医] 锯齿状的
ingrained	in'greind	a. 根深蒂固的，彻底的，深染的
cleaver	'kli:vә	n. 切肉刀，切割者，劈脊[医] 劈刀
carnivorous	kɑ:'nivәrәs	a. 食肉的[医] 食肉的
fractional	'frækʃәnәl	a. 部分的，碎片的，微少的，断片的，分数的，分馏的[计] T1电路
virtuosity	.vә:tju'ɒsiti	n. 精湛技巧，对古董等的爱好
quack	kwæk	n. 鸭叫声，冒牌医生，冒充内行之人a. 冒牌医生的v. 嘎嘎叫，当冒牌医生，夸大广告
collude	kә'lu:d	vi. 共谋，串通，勾结
gangway	'gæŋwei	n. 通道，通路，跳板interj. 让路
foible	'fɒibl	n. 弱点，缺点
chalice	'tʃælis	n. 酒杯，圣餐杯
burnish	'bә:niʃ	vt. 擦亮，打磨，磨光vi. 磨光发亮n. 光辉，光泽
decibel	'desibel	n. 分贝[计] 分贝
rhinestone	'rainstәjn	n. 莱茵石
duckling	'dʌkliŋ	n. 小鸭子
privation	prai'veiʃәn	n. 缺乏，穷困
acolyte	'ækәulait	n. 侍僧，助手
cleave	kli:v	vt. 劈开，分开vi. 劈开，分开，粘着，依恋
mettle	'metl	n. 气质，耐力，勇气
stencil	'stensil	n. 模版，蜡纸vt. 用蜡纸印，用模版印刷
proscribe	prәu'skraib	vt. 剥夺……的公民权，使失去法律保护，把……充军，把……放逐，排斥，禁止
dyslexia	dis'leksiә	n. 诵读困难[医] 诵读困难
excrete	ek'skri:t	vt. 排泄，分泌[医] 排泄，分泌
laconic	lә'kɒnik	a. 简洁的，简明的
immemorial	.imi'mɒ:riәl	a. 太古的，远古的，无法追忆的[法] 无法追溯的，无法记忆的，太古的
hubbub	'hʌbʌb	n. 吵闹声，叫嚷声，混乱
ogle	'әugl	n. 眉目传情vt. 挑逗地注视vi. 做媚眼
barbarous	'bɑ:bәrәs	a. 野蛮的，残暴的，粗野的
verve	vә:v	n. 热情，气魄，神韵，活力
biennial	bai'eniәl	n. 两年生植物，两年一次的事a. 两年生的，两年一次的
demagogue	'demәgɒg	n. 煽动者
monochromatic	.mɒnәukrәu'mætik	a. 单色的，单频的[化] 单色的
needlework	'ni:dlwә:k	n. 刺绣，缝纫
loiter	'lɒitә	v. 闲荡，虚度，徘徊
indefatigable	.indi'fætigәbl	a. 不知疲倦的，有耐性的，不屈不挠的
ensconce	in'skɒns	vt. 安顿下来，安置，使隐藏
dejected	di'dʒektid	a. 沮丧的，灰心的
repatriate	ri:'pætrieit	vt. 把……遣返vi. 回国n. 被遣返回国者
servile	'sә:vail	a. 奴隶的，奴性的，卑屈的
immanent	'imәnәnt	a. 内在的，固有的
corporeal	kɒ:'pɒ:riәl	a. 肉体的，有形的，物质的[法] 有体的，具体的，物质的
plait	pleit	n. 褶，辫子，麦秆条带vt. 打褶，编织，把……编成辫
myopic	mai'ɔpik	a. [眼科]近视的；目光短浅的
bricklayer	'brikleiә	n. 砌砖工人
sanctify	'sæŋktifai	vt. 使神圣，奉献给神，使成为神圣之物
rambunctious	ræm'bʌŋkʃәs	a. 粗暴的，难控制的，喧闹的
monogamy	mɒ'nɒgәmi	n. 一夫一妻制[医] 单配
dawdle	'dɒ:dl	v. 游手好闲，混日子
refectory	ri'fektәri	n. 餐厅
leniency	'li:njәnsi	n. 宽大，温和，慈悲为怀[法] 宽大，宽恕，仁慈
analgesic	.ænæl'dʒi:zik	a. 止痛的，痛觉缺失的n. 止痛剂
subjugate	'sʌbdʒugeit	vt. 征服，使服从，抑制，克制
ironclad	'aiәnclæd	a. 装甲的，铁定的[法] 打不破，装甲的，镶铁的
colossus	kә'lɒsәs	n. 巨像，巨人
obelisk	'ɒbәlisk	n. 方尖塔，剑号，疑问记号
heretical	hi'retikәl	a. 异教的，异端的
revue	ri'vju:	n. 时事剧，活报剧
trickery	'trikәri	n. 欺骗，欺诈，诡计[法] 诡计，奸计，诈骗
invective	in'vektiv	n. 恶言漫骂，臭骂a. 漫骂的，非难的，恶言的
ineptitude	in'eptitju:d	n. 不适当，愚笨，愚昧言行[法] 不称职，无能，不适当
hydrate	'haidreit	n. 水合物，水化合物，氢氧化物vt. 使成水化合物
floodgate	'flʌdgeit	n. 水门，水闸，防潮水闸
abhorrent	әb'hɒrәnt	a. 令人憎恨的，可恶的，厌恶的，相抵触的，不一致的
abbreviate	ә'bri:vieit	vt. 缩写，使……简略，缩短vi. 使用缩写词
turgid	'tә:dʒid	a. 肿的，浮夸的[医] 充满的，胀满的
insipid	in'sipid	a. 乏味的，清淡的，难吃的[医] 无味的
fracas	'frækɑ:	n. 喧噪，吵闹，纷扰
erudite	'eru:dait	a. 博学的n. 博学者
dappled	'dæpld	a. 斑纹的，花斑的
coda	'kәudә	n. 尾音，乐章结尾部，结尾段
rabble	'ræbl	n. 乌合之众，暴民，下层社会，长柄耙vt. 聚众闹事，用拨火棍搅动
digression	dai'greʃәn	n. 离题，扯到枝节上，偏离
connive	kә'naiv	vi. 默许，共谋，纵容[法] 默许，纵容，共谋
bawdy	'bɒ:di	a. 淫秽的，言语猥亵的
gallows	'gælәuz	n. 绞架，绞刑[法] 绞刑架，绞台，绞刑
colander	'kʌlәndә	n. 滤器[建] 滤器
insuperable	in'sju:pәrәbl	a. 不能制胜的，不能克服的
illegible	i'ledʒәbl	a. 难辨认的，字迹模糊的
girder	'gә:dә	n. 大梁，主梁[化] 撑杆
tarpaulin	tɑ:'pɒ:lin	n. 柏油帆布，油布衣，防水帽[医] 帆布
moralistic	.mɒrә'listik	a. 道德家的，说教的，道德主义的
symbiosis	.simbai'әusis	n. 共栖，共同生活[化] 类聚效应
nonchalant	'nɒnʃәlәnt	a. 不关心的，冷淡的，无动于衷的
gladiator	'glædieitә	n. 斗士，斗剑者，争论者
azure	'æʒә	n. 天蓝色，碧空a. 蔚蓝的
stylus	'stailәs	n. 铁笔，尖笔，唱针[计] 指示笔
annul	ә'nʌl	vt. 废除，宣告无效，取消[经] 撤销，宣告无效
contrition	kәn'triʃәn	n. 完全悔悟，悔改，悔罪
plenary	'plenәri	a. 充分的，完全的，全体出席的[经] 正式的，充分的，全体出席的
purgatory	'pә:gәtәri	n. 涤罪，炼狱a. 涤罪的
circuitous	sә'kju:itәs	a. 迂回的，间接的，绕行的
vivacious	vi'veiʃәs	a. 活泼的，快活的，多年生的
vitriolic	.vitri'ɒlik	a. 硫酸的，像硫酸的，语言刻薄的
vacuous	'vækjuәs	a. 空的，空虚的，没有思想的
magnanimous	mæg'nænimәs	a. 宽宏大量的，有雅量的[法] 气量大的，宽大的，高尚的
bandy	'bændi	a. 向外弯曲的vt. 打来打去，谈论，往复投掷
transmute	træns'mju:t	vt. 使变形，使变质vi. 变形，变质
theocracy	θi'ɒkrәsi	n. 神权政治，神权国
propitious	prә'piʃәs	a. 顺利的，适合的，吉祥的，慈悲的
raspy	'ræspi	a. 刺耳的，粗糙的，易怒的
dote	dәut	vi. 昏聩，溺爱
pliable	'plaiәbl	a. 易弯的，柔顺的，圆通的
grasping	'græspiŋ	a. 抓的，握的，贪婪的
avuncular	ә'vʌŋkjulә	a. 叔伯的，叔伯似的
potable	'pәutәbl	a. 适于饮用的n. 饮料
disinfect	.disin'fekt	vt. 消毒[医] 消毒
jubilation	.dʒu:bi'leiʃәn	n. 欢呼，喜欢，庆祝
aqueduct	'ækwidʌkt	n. 水管，沟渠，导管[医] 水管
synchronous	'siŋkrәnәs	a. 同时的，同步的[计] 同步
colloquial	kә'lәukwiәl	a. 会话的，口语的，口语体的
assiduous	ә'sidjuәs	a. 勤勉的，刻苦的
reprise	ri'praiz	n. 年金，重演，重复vt. 重演，重奏
prance	prɑ:ns	n. （马）腾跃，昂首阔步vi. 腾跃，昂首阔步vt. 使腾跃
brawny	'brɒ:ni	a. 肌肉结实的，顽强的[医] 多肉的，肌肤的
rivulet	'rivjulit	n. 小河
petulant	'petʃәlәnt	a. 任性的，暴躁的，易生气的，难以取悦的
impute	im'pju:t	vt. 归罪，使负责，嫁祸于
demystify	di:'mistifai	vt. 使非神秘化
tamp	tæmp	vt. 用粘土填塞，捣固，夯实n. 捣棒，夯
bludgeon	'blʌdʒәn	n. 大头棒[法] 棍，棍打
finicky	'finiki	a. 过分注意的，过分周到的，过分讲究的
beseech	bi'si:tʃ	v. 恳求，哀求
recluse	ri'klu:s	a. 隐遁的，偏僻的n. 隐遁者，遁世者
bullion	'buljәn	n. 金银，金银块，纯金[经] 金银锭
depravity	di'præviti	n. 堕落，腐败，邪恶[法] 堕落，腐化，败坏
mackintosh	'mækintɒʃ	n. 马金托什防水布，马金托什雨衣[化] 防水胶布; 胶布雨衣
infernal	in'fә:nl	a. 阴间的，恶魔的
serenade	'serineid	n. 小夜曲v. 唱小夜曲
embezzlement	im'bezlmәnt	n. 盗用，挪用，侵占[经] 贪污，盗用（公款）, 监守自盗
blotch	blɒtʃ	n. 大斑点，污斑，疹块[医] 污点，斑点
demography	di:'mɒgrәfi	n. 人口统计学[医] 人口学，人口统计学
halcyon	'hælsiәn	n. 神翠鸟，翡翠鸟a. 宁静的，平稳的，翡翠鸟的
virility	vi'riliti	n. 成年，男性生殖力，男子气概，精力充沛，雄浑，刚强有力[医] 男性，有男性征
neurology	nju'rɒlәdʒi	n. 神经病学[医] 神经病学
sartorial	sɑ:'tɒ:riәl	a. 裁缝匠的，缝工的，裁缝的
probity	'prәubәti	n. 诚实，正直
nauseate	'nɒ:sieit	vi. 作呕，产生恶感，厌恶vt. 使厌恶，使恶心
mollify	'mɒlifai	vt. 平息，缓和，减轻，使变软
invidious	in'vidiәs	a. 引起反感的，惹人不快的，不公平的，诽谤的
unearthly	.ʌn'ә:θli	a. 非世间的，神秘的，怪异的
maven	'meivin	n. 内行，专家
aplomb	ә'plɒm	n. 沉着，泰然自若，垂直
missive	'misiv	n. 公文，书信a. 送出的
grounded	'^raundid	a. [物]接地的；有基础的
gesticulate	dʒes'tikjuleit	v. 用手势谈话，用姿势表达
contemptible	kәn'temptibl	a. 卑鄙的，可轻蔑的，不足挂齿的
bane	bein	n. 祸根，毒药，灭亡的原因，灭亡[医] 毒物，毒，毒药
skimp	skimp	vt. 少给，克扣vi. 吝啬a. 少的，不足的
academician	ә.kædә'miʃәn	n. 学会会员，院士，学究，大学生，学者
flay	flei	vt. 剥皮，去皮，抢夺[医] 剥皮，剥兽皮
despot	'despɒt	n. 专制君主，暴君[法] 暴君，专制君主
spoof	spu:f	n. 幽默的讽刺诗文，愚弄，戏弄v. 对……作幽默讽刺，戏弄，哄骗a. 哄骗认的
tawdry	'tɒ:dri	a. 廉价而俗丽的n. 廉价而俗丽之物
chrysanthemum	kri'sænθәmәm	n. 菊花
singe	sindʒ	v. 烧焦，烤焦
overreach	.әuvә'ri:tʃ	vt. 扩展……以上，过度伸张，走过头vi. 伸得过远，过分，过火
omniscient	ɒm'niʃәnt	a. 全知的，无所不知的n. 无所不知者，上帝
splashy	'splæʃi	a. 容易溅开的，泥泞的，遍布斑点的
underling	'ʌndәliŋ	n. 部下，下手，下属
gangly	'^ŋ^li	a. 身材瘦长的
deranged	di'reindʒd	a. 精神错乱的，疯狂的
slippage	'slipidʒ	n. 滑移，滑动，滑程[经] 延误
aberrant	æ'berәnt	a. 偏离正路的，偏离常轨的，畸变的[化] 异常的
polemical	pә'lemikәl	a. 好辩的；好争论的；挑起论战的
ostensible	ɒs'tensibl	a. 表面的，假装的，看得出的[经] 表面的，诡称的
kudos	'kju:dɒs	n. 称赞，光荣，荣誉
uncommitted	'ʌnkә'mitid	a. 未遂的，不受约束的，独立于……的，自由的，不负义务的，未被监禁的[经] 不受约束的
flange	flændʒ	n. 边缘，轮缘，凸缘vt. 装凸缘
immensity	i'mensiti	n. 广大，无边，巨物
carrion	'kæriәn	n. 死肉，腐肉a. 腐肉的，似腐肉的，吃腐肉的
charlatan	'ʃɑ:lәtәn	n. 庸医[医] 庸医，江湖医
gradation	grei'deiʃәn	n. 逐渐变化，分等级，阶级，顺序[电] 阶度
demarcate	'di:mɑ:keit	vt. 定界，分开，区别
benediction	.beni'dikʃәn	n. 祝福
venerate	'venәreit	vt. 尊敬，崇敬，崇拜
fulsome	'fulsәm	a. 过度的，过分的，令人生厌的
snobbish	'snɒbiʃ	a. 自命不凡的，势利的
interlock	.intә'lɒk	v. （使）连结，（使）连锁n. 连锁，连结[计] 相关; 互锁
stodgy	'stɒdʒi	a. 易吃饱的，塞满的，平凡的，庸俗的，步履艰难的
declaim	di'kleim	v. 慷慨陈词，演讲，朗读
bluster	'blʌstә	vt. 风狂吹，咆哮，汹涌vi. 咆哮着说出，恐吓n. 狂风声，巨浪声，夸口，大话
thrall	θrɒ:l	n. 奴隶，束缚，奴役
obstinacy	'ɒbstinәsi	n. 倔强，顽固，固执行为，（疼痛等）难治
luxuriant	lʌg'zjuәriәnt	a. 繁茂的，丰富的，肥沃的，华丽的[医] 过盛的，过多的
restive	'restiv	a. 不愿向前走的，倔强的，难驾御的
cornucopia	.kɒ:nju'kәupiә	n. 丰盛[医] 外侧隐窝（第四脑室）
thrifty	'θrifti	a. 节俭的，兴旺的，繁茂的
guzzle	'gʌzl	v. 狂饮，暴食，喝酒化掉（钱）
reprove	ri'pru:v	vt. 责备，责骂，非难[法] 共和国，共和政体，社团; 责骂，谴责，指责
pastiche	pæs'ti:ʃ	n. 模仿作品，东拼西凑的杂烩
acclimate	ә'klaimit	vt. 使适应，使服水土vi. 服水土，适应新环境
savant	'sævәnt	n. 学者，专家
salve	sælv	n. 油膏，药膏，安慰，奉承话vt. 涂油膏于，安慰，缓和，抢救，打捞
virile	'virail	a. 男性的[医] 男性的，有男性征的
lint	lint	n. 绷带用麻布，皮棉[医] 绒布（外科用布）
conjugal	'kɒndʒugәl	a. 婚姻的，配偶的[医] 夫妇的
rostrum	'rɒstrәm	n. 讲坛，演讲台，演讲，演讲者[医] 嘴，喙
fallible	'fælәbl	a. 易错的，可能犯错的
ditty	'diti	n. 小调，小曲
fatuous	'fætjuәs	a. 发呆的，愚笨的
fitful	'fitful	a. 断断续续的，一阵阵的，间歇的
medicate	'medikeit	vt. 用药治疗[医] 用药治疗，投药，加药，使含药
moldy	'mәuldi	a. 发霉的，腐臭的
disheveled	di'ʃevәld	a. 凌乱的，不整洁的
sluice	slu:s	n. 水门，水闸，蓄水vt. 泄洪，冲洗vi. 奔流
boggle	'bɒgl	vi. 犹豫，踌躇，吃惊，搪塞vt. 搞坏n. 犹豫，吃惊
auger	'ɒ:gә	n. 螺旋钻，木螺钻[机] 木螺钻
splint	splint	n. 薄木片，细木梗，夹板，薄金属片vt. 用夹板固定
scorching	'skɒ:tʃiŋ	a. 灼热的，激烈的[化] 焦烧; 过早硫化
solicitous	sә'lisitәs	a. 关心的，渴望的，热切期望的，十分讲究的
sprightly	'spraitli	a. 活泼的，愉快的adv. 活泼地，愉快地
intransigent	in'trænsidʒәnt	a. 非妥协性的n. 不妥协的人
doyen	'dɒiәn	n. 老资格，首席，老前辈[法] 领袖，首席
gratuity	grә'tju:iti	n. 小费，赠物，赏钱[经] 小帐，赏金，退职金
declassify	di:'klæsifai	vt. （文件）解密，从机密表删除
commiserate	kә'mizәreit	v. 怜悯，同情
pithy	'piθi	a. 有髓的，由髓组成的，简洁有力的
chimera	kai'miәrә	n. 客迈拉（狮头、羊身、蛇尾的吐火女怪）, 假想的妖怪，妄想[医] 嵌合体
rectitude	'rektitju:d	n. 正直，纯正，正确[法] 公正，正直，严正
capillary	kæ'pilәri	n. 毛细管a. 毛状的，毛细管的
inane	i'nein	a. 空虚的，愚蠢的，空洞的n. 空洞乏物
surrealism	sә'riәlizm	n. 超现实主义[法] 超现实主义
harangue	hә'ræŋ	n. 演讲，热烈讨论，长篇大论，夸夸其谈vt. 向……夸夸其谈地讲话
satirize	'sætәraiz	vt. 讽刺，挖苦vi. 写讽刺作品
retrenchment	ri'trentʃmәnt,ri:-	n. 紧缩，节省，删节[医] 赘余组织切除术
injurious	in'dʒuәriәs	a. 有害的，不公正的[法] 伤害的，有害的，不公平的
impetuous	im'petʃuәs	a. 冲动的，猛烈的，轻率的，狂暴的
indoctrinate	in'dɒktrineit	vt. 教训，教导，灌输
contrite	'kɒntrait	a. 悔悟了的，后悔的，痛悔的
bromide	'brәumaid	n. 溴化物，庸俗的人[化] 溴化物
sparring	'spɑ:riŋ	n. 对打；夹条板，保护条
ulterior	ʌl'tiәriә	a. 隐秘不明的，在特定界限以外的，将来的，隐蔽的[法] 进一步的，日后的，将来的
spasmodic	spæz'mɔdik	a. 痉挛的，痉挛性的，由痉挛引起的，抽搐的，间歇的，突发性的，一阵阵的[医] 痉挛的
ensign	'ensain	n. 旗，海军少尉，徽章
hovel	'hʌvәl	n. 简陋小屋，杂物间，家畜小屋
doting	'dәutiŋ	a. 偏爱的，溺爱的
swill	swil	vt. 冲洗，痛饮vi. 大口地喝，冲刷n. 涮，冲洗，痛饮，泔脚
potpourri	pәu'puri(:)	n. 混合物，杂曲，混成曲，杂集，大杂烩
chortle	'tʃɒ:tl	vi. 咯咯笑n. 咯咯的欢笑（声）
xenophobia	,zenә'fәubiә	n. 无端畏惧和憎恨外国人/陌生人，对外国人的畏惧和憎恨[医] 生客恐怖
impostor	im'pɒstә	n. 冒名顶替者，骗子，冒牌
ineffable	in'efәbl	a. 无法形容的，不可言喻的，避讳的
supine	sju:'pain	a. 仰卧的，掌心向上的，懒散的[医] 仰卧的，旋后的
abscond	әb'skɒnd	vi. 潜逃，逃匿[经] （为躲避罪责，债务等）潜逃
wizardry	'wizәdri	n. 巫术
doodle	'du:dl	vi. 涂鸦，混时间n. 傻子
abrogate	'æbrәgeit	vt. 废除，取消[经] 取消，废除，不生效（的法令）
instrumentalist	.instru'mentәlist. instrә-	n. 工具主义者；乐器演奏家
vanquish	'væŋkwiʃ	vt. 打败，征服，克服[法] 征服，战胜，击败
squeamish	'skwi:miʃ	a. 过于拘谨的，神经质的，易呕吐的
emboss	im'bɒs	vt. 浮雕，加以浮饰，装饰[化] 压印
typhoon	tai'fu:n	n. 台风
animus	'ænimәs	n. 基本态度，敌意，意向[医] 男性意象（精神分析用词）
accommodating	ә'kɒmәdeitiŋ	a. 与人方便的，肯通融的
unmitigated	.ʌn'mitigeitid	a. 未缓和的，未减轻的，全然的[法] 全然的，绝对的，未减轻的
undeserved	.ʌndi'zә:vd	a. （赏、罚等）不该受的，不应得的
traceable	'treisәbl	a. 可追踪的，可描绘的[经] 可追溯的，可追踪的
stratagem	'strætidʒәm	n. 策略，计谋
epilogue	'epilɒg	n. 结语，尾声，收场白[计] 收尾程序
inveterate	in'vetәrit	a. 根深的，成癖的，积习的[医] 慢性顽固性的，绵延难治的
brackish	'brækiʃ	a. 有盐味的，令人不快的[机] 微有碱味的
ignominious	.ignәu'miniәs	a. 可耻的，不名誉的，下流的
grovel	'grɒvl	vi. 趴，匍匐，卑躬屈膝
gild	gild	vt. 镀金，虚饰，装饰，供给钱
fledge	fledʒ	vt. 喂养，用羽毛盖上，装上羽毛vi. 长羽毛
dowdy	'daudi	a. 过时的，懒散的n. 懒散女人，邋遢女人
blurb	blә:b	n. 推荐广告vt. 推荐吹捧
quixotic	kwik'sɔtik	a. 堂吉诃德式的，愚侠的，狂热而侠义的，理想而不实际的，充满幻想的
oxidize	'ɒksidaiz	vt. 使氧化，使生锈vi. 氧化
fritter	'fritә	vt. 浪费，细切，剁碎n. 细片，屑
knotty	'nɒti	a. 有结的，多节的，多瘤的，棘手的
asymmetric	æsi'metrik	a. 不对称的，偏位的[计] 非对称的，不对称的，不平衡的
infatuated	in'fætjjeitid	a. 迷恋着的，昏头昏脑的
hibernate	'haibәneit	vi. 过冬，冬眠，避寒
harpoon	hɑ:'pu:n	n. 鱼叉vt. 用鱼叉叉，用鱼叉捕获
depredation	.depri'deiʃәn	n. 掠夺，破坏
entreaty	in'tri:ti	n. 恳求，乞求
bedraggled	bi'drægld	a. 全身泥污的，满身湿透的，破烂的
offhand	'ɒf'hænd	a. 即时的，即席的，无准备的，随便的，简慢的，不友好的adv. 即时地，即席地，随便地
baleful	'beilful	a. 有害的，恶意的
wrangler	'ræŋglә	n. 口角者，争论者，牧人
armistice	'ɑ:mistis	n. 休战，停战[法] 休战，停战，停火
peremptory	pә'remptәri	a. 断然的，俨然的，强制的，不容置疑的，急迫的[法] 绝对的，最后决定的，断然的
proximate	'prɒksimeit	a. 最近的，将临的，近似的[医] 近接的，邻近的
winnow	'winәu	vt. 簸，扬（谷）, 吹掉，把挑出来，精选vi. 扬谷，分出好坏，飞翔n. 扬谷，扬谷器
brassy	'bræsi	a. 似黄铜的，厚脸皮的n. 铜头高尔夫球棍
convalescent	,kɔnvә'lesnt	a. 恢复健康的，恢复期的，渐愈的，康复的n. 恢复中的病人，康复的人
combustible	kәm'bʌstibl	a. 易燃的，燃烧性的，易动激情的n. 易燃物，可燃物
woodcut	'wudkʌt	n. 木刻，木刻印版
flax	flæks	n. 亚麻，麻布，亚麻织品[医] 亚麻
mote	mәut	n. 尘埃，微粒
meteoric	.mi:ti'ɒrik	a. 流星的，疾速的，大气的
herbaceous	hә'beiʃәs	a. 草本的，叶状的，绿色的[医] 草的
frisky	'friski	a. 乱跳的，欢闹的
horticulture	.hɒ:ti'kʌltʃә	n. 园艺
expunge	ik'spʌndʒ	vt. 擦掉，删掉，除去
laceration	.læsә'reiʃәn	n. 划破，割破，裂伤撕碎[医] 撕裂，裂伤
permeable	'pә:miәbl	a. 有渗透性的，能透过的[化] 渗透性的; 可渗透的
muggy	'mʌgi	a. 闷热的
anticipatory	æn'tisipeitәri	a. 期待着的，先行的，提早发生的[计] 先行
quiescent	kwai'esnt	a. 静止的，不活动的，寂静的[医] 静息的，静止的
cataclysm	'kætәklizm	n. 大洪水，地震，（社会政治的）大变动[医] 渗出，渗液，猝变，聚变
defray	di'frei	vt. 支付，支出[经] 支付或准备支付
irreducible	.iri'dju:sәbl	a. 不能复归的，不能削减的，不可约的[医] 不能复位的，不能还原的
fester	'festә	vi. 溃烂，生脓vt. 使溃烂n. 脓疮，溃烂
truncate	'trʌŋkeit	vt. 切去头端，缩短，截棱，使成平面a. 切去了头的，缩短了的
oligarchy	'ɒligɑ:ki	n. 寡头政治，寡头政治的政府[法] 寡头政治，寡头政治集团，少数人垄断的组织
stilted	'stiltid	a. 踏上高跷的，虚饰的，夸大的，夸张的，呆板的，不自然的，做作的
iconoclastic	ai.kɒnәu'klæstik	a. 反对偶象崇拜的，打破旧习的
ruminate	'ru:mineit	v. 反刍，沉思
palatial	pә'leiʃәl	a. 宫殿似的，宏伟的，堂皇的，庄严的
erasure	i'reiʃә	n. 擦除，抹掉[电] 擦掉
guile	gail	n. 狡猾，狡计
decant	di'kænt	vt. 轻轻倒出，移入其他容器[医] 倾泻，倾析
debase	di'beis	vt. 贬低，降低
conjoin	kәn'dʒɒin	v. （使）结合，（使）连结，（使）联合
bracing	'breisiŋ	a. 新鲜的，凉爽的，爽快的，振奋精神的n. 联条，支撑物，支柱，背带
subterfuge	'sʌbtәfju:dʒ	n. 遁辞，借口，托辞[法] 遁词，托词，藉口
patrimony	'pætrimәni	n. 祖传的财物，继承物[经] 世袭财产，遗产
arboretum	.ɑ:bә'ri:tәm	n. 树木园，植物园
prickle	'prikl	n. 刺，刺痛，柳条篮子v. 刺，扎，戳，引起刺痛，使感到刺痛
strangulation	.stræŋgju'leiʃәn	n. 勒杀，绞死，压缩[医] 绞窄; 勒颈，勒颈窒息
defile	di'fail	vt. 弄脏，污损，败坏vi. 以纵队前进n. 隘路，狭道
gulch	gʌlʃ	n. 地沟，冲沟
bespeak	bi'spi:k	vt. 预约，订，表示n. 预约
conformist	kәn'fɒ:mist	n. 遵奉习俗，遵纪守法者，遵奉国教会惯例者
bonhomie	bɔnɔ'mi:; (?@) bɔnә'mi:	n. 愉快，温和，和蔼
swindle	swindl	n. 骗取，欺诈，骗局v. 骗取，诈取
starchy	'stɑ:tʃi	a. 淀粉的，浆糊的，浆糊状的，古板的
affectation	.æfek'teiʃәn	n. 假装，做作，矫情[医] 矫饰，矫情
congeal	kәn'dʒi:l	v. （使）冻结，（使）凝结
coterie	'kәutәri	n. 同人，圈内人，小集团
nonchalance	'nɒnʃәlәns	n. 不关心，冷淡，无动于衷
snide	snaid	n. 赝品，假珠宝a. 伪造的，不诚实的，卑鄙的，险恶的
sedition	si'diʃәn	n. 煽动骚乱，暴动，妨害治安，骚动[法] 煽动，煽动叛逆罪，暴动
byline		n. 副业，署名报道
intermingle	.intә'miŋgl	vi. 混入，渗入，掺杂vt. 使混合
nihilism	'naiilizm	n. 虚无主义，无政府主义[医] 虚无妄想; 虚无主义
highbrow	'haibrau	n. （自以为）文化修养高的人，卖弄知识的人a. 自炫博学的，知识分子的，不切实际的
swank	swæŋk	vi. 出风头，炫耀n. 出风头，炫耀，虚张声势，优雅
surfeit	'sә:fit	n. 过食，过度，恶心vt. 使厌腻，使沉溺于vi. 饮食过度
phlegmatic	fle^'mætik	a. 粘液质的，（正式）平静的，不动情的，不动感情的，冷漠的，冷淡的，迟钝的[医] 粘液质的，迟钝的
skein	skein	n. 一束，飞鸟群，纠纷[医] 染色质纽，丝球; 线团，线球
opacity	әu'pæsiti	n. 不透明，电波不透过，不透明体[医] 浑浊，不透明，不透光，不透明区，浊斑
headstrong	'hedstrɒŋ	a. 顽固的，刚愎的，任性的
exaltation	.egzɒ:l'teiʃәn	n. 提升，提高，得意洋洋[医] [异常]兴奋，激越
palliative	'pælieitiv	a. 缓和的，减轻的，掩饰的n. 辩解，缓和物
augur	'ɒ:gә	n. 占卜官，预言者v. 预示，预言
sacrilege	'sækrilidʒ	n. 亵渎圣物，冒渎，渎圣行为[法] 橇门入教堂行窃，窃取圣物
profligate	'prɒfligit	a. 放荡的，不检点的，浪费的n. 放荡者，享乐者
orifice	'ɒrifis	n. 孔口[医] 口，管口
gauche	gәuʃ	a. 缺乏社经验的，笨拙的，粗鲁的，无礼的，偏转的
misinform	.misin'fɒ:m	vt. 提供错误消息
trapeze	trә'pi:z	n. 吊秋千
enthralling	in'θrɒ:liŋ	a. 迷人的
torrid	'tɒ:rid	a. 晒热的，酷热的，炎热的
callow	'kælәu	a. 年轻而无经验的，（鸟）羽毛未丰的[机] 无羽毛的
filial	'filiәl	a. 子女的，当做子女的，孝顺的[医] 子女的
declination	.dekli'neiʃәn	n. 下倾，倾斜，衰微[医] 偏角，偏差，偏转（眼球）
vagabond	'vægәbɒnd	n. 流浪者，浪子，流氓vi. 到处流浪a. 流浪的，漂泊的，浪荡的，流浪者的
escapism	is'keipizәm	n. 逃避现实，逃避主义
desecrate	'desikreit	vt. 供俗用，亵渎，轻蔑地对待
unprincipled	.ʌn'prinsipld	a. 不讲道德的，不正直的
ersatz	eә'zɑ:tz	n. 代用品
cloying	'klɔiiŋ	a. 厌烦的；倒胃口的；因过量而厌烦的
forbearance	fɒ:'bєәrәns	n. 节制，自制，忍耐[法] 债务偿还期的延展，忍耐，宽容
ensnare	in'snєә	vt. 以陷阱捕捉，诱入圈套，诱捕
gossamer	'gɒsәmә	n. 小蜘蛛网，蛛丝，薄纱a. 薄弱的，轻飘飘的
spiny	'spaini	a. 多刺的，尽是尖刺的，尖刺状的，麻烦的，棘手的
beguile	bi'gail	vt. 诱骗
statuary	'stætjuәri	n. 雕像，雕像艺术，雕像家a. 雕像的，雕像用的
apocryphal	ә'pɔkrif(ә)l	a. 伪的，不足凭信的
timidity	ti'miditi	n. 胆小，胆怯，羞怯
deactivate	di:'æktiveit	vt. 撤消遣散，复员，使无效，使不活动
herdsman	'hә:dzmәn	n. 牧人，牧主
behoove	bi'hu:v	vt. 理应，应该vi. 理所当然
cipher	'saifә	n. 零，暗号，密码，无用的东西，阿拉伯数字v. 计算，做算术
fungicide	'fʌndʒisaid	n. 杀真菌剂[化] 杀菌剂; 防霉剂
perspire	pә'spaiә	v. 出汗，流汗，分泌，渗出
bungle	'bʌŋgl	v. 拙劣地工作，粗制滥造，把……搞糟n. 粗劣，失误，笨拙
petroglyph	'petrәglif	n. 岩石雕刻，岩画
oration	ɒ:'reiʃәn	n. 演说，致辞，引语
alabaster	'ælәbɑ:stә	n. 雪花石膏a. 雪花石膏制的
libretto	li'bretәu	n. 歌词集，剧本
impugn	im'pju:n	vt. 责难，抨击，攻击[法] 驳斥，指责，非难
vestment	'vestmәnt	n. 衣服，衣裳，礼服，法衣，祭服
minaret	.minә'ret	n. 光塔
imp	imp	n. 顽童vt. 加强，给……装上翅膀[计] 图象处理程序，接口信息处理器
excoriate	ek'skɒ:rieit	vt. 剥皮，擦破皮肤，严厉的责难
paleontology	.pæliɒn'tɒlәdʒi	n. 古生物学[医] 古生物学
augmentation	.ɒ:gmen'teiʃәn	n. 增加，增长，增加物[医] 增进，增加
truant	'tru:әnt	n. 懒惰的人，玩忽职守者，旷课者a. 偷懒的，旷课的，游荡的vi. 偷懒，旷课
daredevil	'dєә.devәl	n. 铤而走险的人，蛮勇的人a. 蛮勇的，不怕死的
autocracy	ɒ:'tɒkrәsi	n. 独裁统治，独裁统治的国家[法] 独裁政治，专制政治，独裁政府
invulnerable	in'vʌlnәrәbl	a. 不会受伤害的，刀枪不入的，无懈可击的，无可反驳的
incontrovertible	.inkɒntrә'vә:tәbl	a. 无争论余地的，无疑的，明白的[法] 不可辩驳的，不容置疑的
fallacious	fә'leiʃәs	a. 使人误解的，谬误的，不合理的，骗人的
reptilian	rep'tiliәn	a. 爬虫类的，像爬虫的，卑鄙的n. 爬行动物
surreptitious	.sʌrәp'tiʃәs	a. 秘密的，暗中的，偷偷摸摸的[法] 鬼鬼祟祟的，秘密的，欺骗的
scurrilous	'skʌrilәs	a. 说话粗鄙恶劣的，下流的[法] 语言粗鄙的，庸俗的
rejoinder	ri'dʒɒindә	n. 回答，答辩，答复[法] 答辩，反驳，第二次答辩
fecundity	fi'kʌnditi	n. 多产，丰饶，肥沃，繁殖力[医] 生殖能，生殖力
locomotion	.lәukә'mәuʃәn	n. 运动，移动，旅行[医] 行动，运动
canto	'kæntәu	n. 长诗的篇章，曲调
jarring	'dʒɑ:riŋ	a. 辗轧的，刺耳的，不和谐的n. 辗轧声，震动，冲突
interjection	.intә'dʒekʃәn	n. 感叹词，插入语
capacious	kә'peiʃәs	a. 容积大的，广阔的，宽敞的
waylay	wei'lei	vt. 伏击，埋伏[法] 挡路抢劫，挡路，挡截
ornithologist	.ɒ:ni'θɒlәdʒist	n. 鸟类学者
torpor	'tɒ:pә	n. 麻木，无感觉，迟钝[医] 迟钝，不活泼
tipple	'tipl	vt. （习惯性地）少量饮（酒）vi. 饮酒n. 酒，含酒饮料
iota	ai'әutә	n. 希腊字母第9位(I,L), 极微小
frisk	frisk	n. 乱跳，欢闹，活跃vi. 欢跃，蹦跳vt. 轻摇
denouement	dei'nu:mɔŋ; (?@) dei'nu:mɔ:ŋ	n. 结局，终场
vacillate	'væsileit	vi. 游移不定，踌躇，犹豫，摇摆
disburse	dis'bә:s	vt. 支付，支出，分配[经] 支付，支出，偿付
aver	ә'vә:	vt. 断言，坚称[法] 立证，证明，确证
unprovoked	.ʌnprә'vәukt	a. 未受挑衅的，无正当理由的[法] 无正当理由的，无缘无故的，未受刺激的
seditious	si'diʃәs	a. 煽动性的，妨害治安的[法] 妨害治安罪的，煽动性的，危及治安的
miscellany	mi'selәni	n. 杂集，杂录，混杂
foment	fәu'ment	vt. 热敷，煽动
depreciate	di'pri:ʃieit	vi. 贬值vt. 降价，贬低
outshine	.aut'ʃain	vt. 光亮强过……, 使相形见绌，使失色vi. 发光
frolic	'frɒlik	n. 嬉戏vi. 嬉戏a. 嬉戏的，欢乐的
pygmy	'pigmi	n. 矮人，侏儒a. 矮小的
revelry	'revәlri	n. 闹饮，狂欢
certitude	'sә:titju:d	n. 确实性，确信
ruffian	'rʌfiәn	n. 恶棍，无赖a. 凶恶的，残忍的，残暴的
stolid	'stɒlid	a. 缺乏热情的，神经麻木的
walrus	'wɒ:lrәs	n. 海象
atone	ә'tәun	vi. 补偿，弥补[法] 赔偿，补偿，偿还
sate	seit	vt. 充分满足，过分满意，使厌腻
amoral	ei'mɒrәl	a. 不属于道德范畴的，无从区分是非的
underrate	.ʌndә'reit	vt. 低估，对……估计过低，看轻
malfeasance	mæl'fi:zns	n. 不正当，不法行为，坏事，渎职[经] 不法行为，违法乱纪
flagging	'flægiŋ	n. 铺砌石板，铺石材料，石板路a. 下垂的，衰弱的，萎靡不振的
encumber	in'kʌmbә	vt. 妨害，阻塞，拖累[经] 使负（债等）, 负有义务
prevaricate	pri'værikeit	vi. 支吾其辞，搪塞
nepotism	'nepәtizm	n. 偏袒亲属，起用亲戚
pincers	'pinsәz	n. 钳子，镊子，钳形运动，螯[医] 镊子，乳牙（马）
pillory	'pilәri	n. 颈手枷，笑柄，示众vt. 上颈手枷，使惹人嘲笑，使受众辱，将……示众
earplug	'iәplʌg	n. 耳塞[医] 耳塞
garbled		a. 断章取义的，曲解的，篡改的，歪曲事实的，混淆不清的[计] 错乱的
jamb	dʒæm	n. 门窗侧壁，侧柱
vibrancy	'vaibrәnsi	n. 振动，振响，活力
flavoring	'fleivәriŋ	n. 调味料
aspirant	ә'spairәnt	n. 怀抱大志者，野心家a. 上进的，有野心的
apotheosis	ә.pɒθi'әusis	n. 尊崇为神，神化，美化
etymology	.eti'mɔlәdʒi	n. 语源，语源学
tourniquet	'tuәniket	n. 止血器，压脉器[医] 止血带，压脉器
multifarious	.mʌlti'fєәriәs	a. 多种的，各种各样的，许多的
occidental	.ɒksi'dentәl	n. 欧美人，西方人a. 欧美的，西方的，西方国家的
canvass	'kænvәs	n. 细查，讨论，游说vt. 彻底检查，向……拉票或拉生意，讨论vi. 游说
stratify	'strætifai	vt. （使）成层[经] 分层
heckle	'hekl	vt. 诘问，以麻梳梳理，激烈质问n. 针排
ravishing	'ræviʃiŋ	a. 引人入胜的
wallop	'wɒlәp	vi. 乱窜，猛冲vt. 猛击，击溃n. 重击，冲击力，快感
acquisitive	ә'kwizitiv	a. 渴望获得的，贪婪的[法] 取得的，获得的，贪得无厌的
infinitesimal	.infini'tesiml	a. 极小的，极微的，无限小的n. 极小量，极微量，无限小
nadir	'nei.diә	n. 天底，最低点
egocentric	.egәu'sentrik	a. 自我中心的，利己主义的n. 利己主义者
meteorology	.mi:tiә'rɒlәdʒi	n. 气象学，气象状态[医] 气象学
winkle	'wiŋkl	n. 滨螺，食用螺vt. 剔出，逐出vi. 闪耀
arraign	ә'rein	vt. 提讯，传讯，责难[法] 传讯，提审，控告
cohabit	kәu'hæbit	vi. 同居[法] 同居
appellation	.æpә'leiʃәn	n. 名称，称号[法] 称呼，名称，名目
unrequited	.ʌnri'kwaitid	a. 无报答的，没有受到报复的[法] 无报酬的，得不到报答的，无报复的
despotic	de'spɒtik	a. 专制的，专横的，暴虐的[法] 专制的，专横的
indecipherable	.indi'saifәrәbl	a. 辨读不出的，破译不出的，无法解释的
cursive	'kә:siv	a. 草书的，草书体的n. 草书，草书原稿
colonnade	.kɒlә'neid	n. 柱廊
serendipity	,serәn'dipiti	n. 偶然发现珍宝的运气/才能，易遇奇缘的运气
pharmacology	.fɑ:mә'kɒlәdʒi	n. 药理学，药物学[化] 药理学
demonstrative	di'mɒnstrәtiv	a. 说明的，指示的
comport	kәm'pɒ:t	vt. 举动，表现vi. 相称，适合
measly	'mi:zli	a. 患麻疹的[医] 米珠的，含囊尾蚴的
emancipate	i'mænsipeit	vt. 释放，解放
bumble	'bʌmbl	vi. 结结巴巴地说，犯大错，踉跄，跌倒
marionette	.mæriә'net	n. 牵线木偶
alms	ɑ:mz	n. 施舍，救济金，救济品
cosset	'kɒsit	n. 供玩赏的小动物，爱畜vt. 宠爱，珍爱，溺爱
portentous	pɒ:'tentәs	a. 前兆的，不吉的，可惊的，自大的
apprise	ә'prais	vt. 通知
internecine	.intә'ni:sain	a. 互相残杀的，两败俱伤的，致命的[法] 互相残杀的，两败俱伤的，杀人的
deaden	'dedn	vt. 使减弱，使麻木vi. 减弱
laxative	'læksәtiv	a. 通便的，轻度腹泻的n. 通泻剂，缓泻药
trenchant	'trentʃәnt	a. 锐利的，尖锐的，有力的，鲜明的，清晰的
disjunction	dis'dʒʌŋkʃәn	n. 分离，分裂，分断
cabal	kә'bæl	n. 秘密结社，（尤指政治上的）阴谋vi. 策划阴谋
loam	lәum	n. 壤土vt. 用土填
exultant	ig'zʌltәnt	a. 非常高兴的，欢欣的
curdle	'kә:dl	vt. 使凝结，使凝固，使变质vi. 凝结，凝固，变质
equine	'i:kwain	n. 马a. 马的，象马的
convalesce	.kɒnvә'les	vi. 渐渐康复，渐愈
calculating	'kælkjuleitiŋ	a. 计算的，（贬）专为自己打算的，深谋远虑的[计] 计算
peripatetic	.peripә'tetik	a. 徒步的，漫游的n. 走来走去的人，游历
hawker	'hɒ:kә	n. 饲鹰者，以鹰行猎者，叫卖小贩[经] 推车叫卖小贩
defeatist	di'fi:tist	n. 失败主义者
bower	'bauә	n. 凉亭，树阴处
approbation	æprәu'beiʃәn	n. 认可，满意[经] 许可，认可，批准
cantankerous	kæn'tæŋkәrәs	a. 专爱唱反调的，爱吵架的
despotism	'despәtizәm	n. 独裁，专制，专制政治[法] 专制政体，专制政治
agnostic	æg'nɒstik	n. 不可知论者
pomposity	pɒm'pɒsiti	n. 炫耀
homogenize	hɒ'mɒdʒәnaiz	vi. 变均匀vt. 使均匀
rapacious	rә'peiʃәs	a. 强夺的，贪欲的，贪婪的
deign	dein	vi. 屈尊vt. 赐予
ragtime	'rægtaim	n. 雷格泰姆旋律，散拍乐a. 滑稽的
buffoon	bә'fu:n	n. 小丑
incriminate	in'krimineit	vt. 连累，暗示……有罪，控告[法] 控告，使入罪，连累
stickler	'stiklә	n. 坚持要求某种品质的人，坚持要求一丝不苟者，难题，费解的事物
fascia	'feiʃiә	n. 带，招牌[医] 筋膜，绷带
myopia	mai'әupiә	n. 近视[医] 近视
papyrus	pә'paiәrәs	n. 纸草，草制成之纸
vitiate	'viʃieit	vt. 使变质，污染，使堕落，败坏，使失效[法] 败坏，污损，污染
centaur	'sentɒ:	n. 半人半马的怪物，半人马座
isthmus	'ismәs	n. 地峡，峡部[医] 峡
distill	dis'til	vt. 蒸馏vi. 滴下
decentralize	di:'sentrәlaiz	vt. 使分散，下放（权力）, 疏散（人口）[经] 分权
magisterial	.mædʒi'stiәriәl	a. 长官的，威严的，有权威的[法] 长官的，有权威的，专横的
gardenia	gɑ:'di:njә	n. 栀子
wreathe	ri:ð	vt. 作成花圈，环绕，盘绕，使笼罩vi. 扭曲，成圈，缭绕
unworldly	'ʌn'wә:ldli	a. 非现世的，非尘世的，超自然的，精神上的，超凡的，出世的，天真的
superlative	sju:'pә:lәtiv	a. 最上的，无比的，过度的n. 最好的人（物）, 最高程度，最高级
supercilious	.sju:pә'siliәs	a. 傲慢的，自大的，目空一切的
chromatic	krәu'mætik	a. 彩色的，色品的，易染色的[医] 色的，易染的，核染质的
lampoon	læm'pu:n	n. 讽刺文vt. 讽刺
paleolithic	.pæliә'liθik	a. 旧石器时代的
discomfiture	-fitʃә	n. 失败，狼狈，困窘，挫败，败北
hypodermic	.haipә'dә:mik	a. 皮下的，真皮的n. 皮下注射，皮下注射器
thresh	θreʃ	vt. 打谷，摔打，反复研究，推敲vi. 打谷，鞭打，剧烈扭动
limpid	'limpid	a. 清澈的，透明的，平静的
fetter	'fetә	n. 脚镣，羁绊，束缚vt. 束缚，加脚镣
specious	'speiʃәs	a. 徒有其表的，似是而非的，外表美观的
carapace	'kærәpeis	n. 甲壳，壳[医] 甲，甲壳，介
gangrene	'gæŋgri:n	n. 坏疽，腐败堕落vi. 生坏疽，腐败vt. 使生坏疽
daguerreotype	dә'gerәutaip	n. 达盖尔银板照相法v. 用达盖尔银板法照相
pith	piθ	n. 木髓，骨髓，要旨，重要性，力量，核心，意义，精华vt. 从（植物茎）中取髓，刺毁（动物的）脑脊髓
defame	di'feim	vt. 诽谤，中伤，破坏名誉[法] 诽谤，中伤，诋毁名誉
compunction	kәm'pʌŋkʃәn	n. 良心的责备，后悔，悔恨
chaff	tʃæf	n. 谷壳，糠，揶揄v. 开玩笑，戏弄
delimit	di'limit	vt. 定界限，划界[计] 定界
armory	'ɑ:mәri	n. 纹章，纹章学，军械库，兵工厂[机] 军械库
askance	ә'skæns	adv. 怀疑地，斜眼看
disconcert	.diskәn'sә:t	vt. 使困惑，使仓皇失措，打乱（计划等）
droll	drɒl	a. 好笑的，滑稽的，逗趣的
rollicking	'rɔlikiŋ	a. 欢乐的；喧闹的
forfeiture	'fɒ:fitʃә	n. 没收物，罚金，丧失[经] 没收，没收物，罚金
inborn	'inbɔ:n	a. 天生的；先天的
logjam	'lɒgdʒæm	n. 拥挤，行不通，为许多圆木材所阻
pollinate	'pɒlineit	vt. 对……授粉
knave	neiv	n. 恶棍，骗徒，（纸牌的）杰克[法] 流氓行为，无赖，恶棍
eviscerate	i'visәreit	vt. 取出内脏，除去精华，切除（病人）器官vi. （因手术不良）内脏凸出
drawbridge	'drɒ:bridʒ	n. （可开闭的）吊桥
labored	'leibәd	a. 吃力的，缓慢的，不自然的，矫揉造作的
deductive	di'dʌktiv	a. 推论的，演绎的[法] 推定的，推断的，演绎的
gridiron	'gridaiәn	n. 烤架，格状物
partiality	.pɑ:ʃi'æliti	n. 偏心，偏颇，不公平，特别喜欢，癖好[法] 偏袒，偏见，不公平
lode	lәud	n. 矿脉，水路，排水沟
tambourine	.tæmbә'ri:n	n. 小手鼓
acerbic	ә'sә:bik	a. 酸的，尖刻的
bauble	'bɒ:bl	n. 美观而无价值的东西，玩具，小玩意
premeditated	pri'mediteitid	a. 预先考虑的，预谋的[法] 经预先计划的，预谋的
ringlet	'riŋlit	n. 长鬈发，小圈，小环
gyrate	'dʒaireit	a. 旋涡状的vi. 旋转，不停地转动
plaudit	'plɒ:dit	n. 拍手喝彩，称赞，赞美
mope	mәup	vi. 忧郁，闲荡vt. 使忧郁n. 忧郁的人
imprudent	im'pru:dәnt	a. 轻率的，鲁莽的
chipmunk	'tʃipmʌŋk	n. 金花鼠
imbibe	im'baib	vt. 饮，吸取，吸入vi. 喝，吸收水分
extradite	'ekstrәdait	vt. 引渡，获取（逃犯等）的引渡[法] 引渡，使被引渡
sleight	slait	n. 技巧，诡计，熟练
facetious	fә'si:ʃәs	a. 滑稽的，爱开玩笑的
doleful	'dәulful	a. 悲哀的，忧郁的，阴沉的
decamp	di'kæmp	vi. 撤营，逃走，逃亡[法] 撤退，逃走，逃亡
sulky	'sʌlki	a. 生气的，阴沉的
sonorous	sәu'nɒ:rәs	n. 宏亮的，响亮的，作响的[医] 响声的，作响的
obtuse	әb'tju:s	a. 钝的，不锋利的，愚钝的[医] 钝形的，迟钝的（智力）
jocular	'dʒɒkjulә	a. 诙谐的
dogmatism	'dɒgmәtizm	n. 武断，教条主义
snowdrift	'snәudrift	n. （被风刮在一起的）雪堆，随风飘飞的雪
caulk	kɒ:k	vt. 填……以防漏
agape	ә'geip	a. 张口发呆的，目瞪口呆的adv. 张口发呆地，目瞪口呆地
cavalcade	.kævәl'keid	n. 行列，骑马行列，一系列
warble	'wɒ:bl	n. 用颤音唱的歌，鸟啭，颤声v. 鸟鸣，用柔和的颤声唱
pyre	'paiә	n. （火葬用）柴堆
liquefy	'likwifai	v. （使）溶解，（使）液化
meritorious	.meri'tɒ:riәs	a. 有功绩的，有价值的，可称赞的[法] 有功的，值得称赞的，善意的
repulsion	ri'pʌlʃәn	n. 击退，排斥力，反感[医] 排斥，斥力
granary	'grænәri	n. 谷仓，谷物仓，主要来源，主要贮藏所
lactic	'læktik	a. 乳的，乳汁的，由乳汁取得的[医] 乳的
ocular	'ɒkjulә	a. 眼睛的，用眼的，凭视觉的，目击的n. 目镜
remiss	ri'mis	a. 怠慢的，不小心的，没精打采的，疏忽的
paean	'pi:әn	n. 凯歌，欢乐歌，赞美歌
tensile	'tensail	a. 可拉长的，可伸长的，张力的，拉力的[机] 拉的
cryogenic	'kraiәdʒenik	a. 低温学的[医] 降温的，产低温的
firebrand	'faiәbrænd	n. 火把，在燃烧的木柴，煽动叛乱者
understudy	'ʌndәstʌdi	n. 预备演员，替角vt. 通过观察掌握某工作，通过实习掌握某工作vt.vi. 练习当替角
underutilized	ˌʌndəˈju:təlaɪzd	a. 未充分利用的
solder	'sɒldә	n. 焊接剂，接合物v. 施以焊接，焊合，联结
landlocked	'lændlɔkt	a. 被陆地围住的
omnipotent	ɒm'nipәtәnt	a. 全能的，无所不能的，彻头彻尾的，臭名昭著的
filigree	'filә^ri:	n. 金银细丝工艺，精致华丽而不很坚固的物品，金丝的细工饰品[医] 银丝网
ennui	'ɒnwi:	n. 倦怠，厌倦[医] 厌倦
irascible	i'ræsәbl	a. 易怒的，暴躁的
efface	i'feis	vt. 抹去，消除，忘却
impertinence	im'pә:tinәns	n. 不切题，鲁莽，无礼，不恰当[法] 不切题，不对题，不适合
empiricism	em'pirisizm	n. 经验主义，庸医的医术，经验论[医] 经验[主义]医学
denture	'dentʃә	n. 一副假牙，一副牙齿，齿列[医] 托牙，牙列
laminate	'læmineit	vt. 制成薄板，制成箔vi. 分成薄片a. 薄板状的n. 层积塑胶板，薄片制品[计] 层压
underplay	.ʌndә'plei	vt. 表演不充分，扣着大牌不出而出小牌，对……轻描淡写vi. 表演角色不充分n. 秘密行动，不充分的表演
cravat	krә'væt	n. 领带，围巾，三角绷带[医] 三角布绷带
chivalrous	'ʃivәlrәs	a. 骑士的，勇敢的
doctrinaire	.dɒktri'nєә	n. 空论家，纯理论家，教条主义者a. 空谈理论的，脱离实际的
appetizing	'æpitaiziŋ	a. 开胃的，促进食欲的，鲜美可口的
putrid	'pju:trid	a. 腐败的[医] 腐败的，恶臭的
howler	'haulә	n. 咆哮者，号哭的人[电] 啸鸣电路
fetid	'fetid	a. 恶臭的[医] 恶臭的
odometer	ɒ'dɒmitә	n. 里程表
beatific	.bi:ә'tifik	a. 至福的，赐福的，极乐的
osmosis	ɒz'mәusis	n. 渗透作用，渗透性，潜移默化，耳濡目染[化] 渗透; 渗透作用
unflappable	.ʌn'flæpәbl	a. 不慌张的，镇定的
sanctimonious	.sæŋkti'mәuniәs	a. 假装圣洁的，假装虔诚的，假装诚实的
elongate	'i:lɒŋgeit	v. 延长，（使）伸延a. 伸长的
cant	kænt	n. 伪善之言，黑话，斜面，角落vi. 讲黑话，倾斜
apogee	'æpәudʒi:	n. 远地点，最高点，极点[化] 远地点; 远核点
lasso	'læsәu	n. 套索，以套索捕vt. 以套索捕
tremulous	'tremjulәs	a. 发抖的，战栗的，胆小的[医] 震颤的
drenched	drentʃd	a. 湿透的; 充满的v. 使湿透（ drench的过去式和过去分词 ）; 在某人（某物）上大量使用（某液体）
procrastinate	prәu'kræstineit	v. 延迟，耽搁
typographical	,taipә'^ræfikәl	a. 印刷上的，活版印刷的[计] 印刷的
prefigure	pri:'figә	vt. 预示，预见，预想
insolence	'insәlәns	n. 傲慢，无耻，傲慢态度[法] 无礼，蛮横，侮辱性言行
reedy	'ri:di	a. 芦苇丛生的，芦苇做的，芦苇状的
penitent	'penitәnt	a. 忏悔的，悔悟的，表示悔罪的n. 忏悔的人，悔罪者
extrude	ek'stru:d	vt. 挤出，压出，逐出vi. 伸出，突出
debonair	.debә'nєә	a. 温文有礼的，高兴的
coop	ku:p	n. 狭小空间，鸡笼，捕鱼篓vt. 关进鸡舍，监禁
tardy	'tɑ:di	a. 慢的，迟到的，勉强的，拖拉的，迟的
bellicose	'belikәus	a. 好战的，好斗的[法] 好战的
swarthy	'swɒ:ði	a. 黑黝黝的
winsome	'winsәm	a. 引人注目的，迷人的，可爱的
supplicant	'sʌplikәnt	[法] 恳求者，哀求者; 恳求，哀求，祈求
refraction	ri'frækʃәn	n. 折光，折射[医] 折射，屈光
epidermis	.epi'dә:mis	n. 表皮，（昆虫的）真皮[医] 表皮
willowy	'wilәji	a. 柳树多的，易弯的，苗条的，优雅的
irradiate	i'reidieit	vt. 照耀，启发，使灿烂，放射vi. 发光，变灿烂
comely	'kʌmli	a. 清秀的，标致的，美丽的
scurvy	'skә:vi	a. 下流的，卑鄙的，无礼的n. 坏血病
outmaneuver	ajtmә'nu:vә(r)	vt. 对（敌手）机动制胜，智胜，在谋略上胜过（敌人）
feigned	feind	a. 假的，做作的，捏造的[法] 伪造的，假装的，虚构的
aeronautics	.єәrә'nɒ:tiks	n. 航空学，飞行术[机] 航空学
guffaw	gʌ'fɒ:	v. 哄笑，狂笑n. 哄笑，狂笑
prissy	'prisi	a. 谨小慎微的，大惊小怪的，为小事挂虑的
tousle	'tauzl	vt. 使蓬乱，弄乱n. 乱发，杂乱，凌乱
stockade	stɒ'keid	n. 栅栏，围起的地方vt. 用栅栏围住
garret	'gærәt	n. 层顶层，阁楼，顶楼，头
natal	'neitl	a. 出生的，诞生的[医] 分娩的，生产的; 臀的
profuse	prә'fju:s	a. 很多的，丰富的，浪费的，慷慨的
fulcrum	'fʌlkrәm	n. 杠杆支点，支点[机] 支点
parquet	pɑ:'kei	n. 镶木地板，（剧场）正厅池座vt. 铺镶木地板
hyphen	'haifәn	n. 连字符vt. 用连字符连接
limerick	'limәrik	n. 五行打油诗
maudlin	'mɒ:dlin	a. 容易流泪的，感伤的，酒后伤感的n. 伤感
pitiless	'pitilis	a. 无情的，冷酷的，无怜悯心的
jaundice	'dʒɒ:ndis	n. 黄疸，偏见，乖僻vt. 使患黄疸，使怀偏见
laggard	'lægәd	n. 迟钝者，落后者a. 迟钝的，落后的
diurnal	dai'ә:nl	a. 每日的，一日间的，白天的[医] 昼现的（丝虫）, 昼间的
recapitulate	.ri:kә'pitjuleit	v. 重述要点，概括，摘要
punctilious	pʌŋk'tiliәs	a. 精密细心的，一丝不苟的，拘泥形式的
apropos	.æprә'pәu	a. 适当的，恰好的adv. 适当地，恰好地
destitution	.desti'tju:ʃәn	n. 穷困，贫穷，缺乏
bather	'beiðә	n. 入浴者，游泳者
saboteur	.sæbә'tә:	n. 从事破坏活动者，阴谋破坏者[法] 破坏者，破坏份子，怠工者
wizened	'wiznd	a. 干枯的，枯萎的，干瘪的，消瘦的
unfasten	.ʌn'fɑ:sn	vt. 解开，放松
quaver	'kweivә	vi. 发颤音，颤抖vt. 颤抖地说，用颤声唱出n. 颤抖，颤声，八分音符
pilfer	'pilfә	v. 盗取，小偷小摸，剽窃
anagram	'ænәgræm	n. 回文构词法
blighted		a. 挫折，枯萎，摧残，毁损
obverse	'ɒbvә:s	n. （钱币、奖章等）正面，主要的一面，对立面a. 正面的，对应面的，倒转的
mutinous	'mju:tinәs	a. 暴动的，反抗的
lackey	'læki	n. 仆人，侍从，马屁精vt. 服侍，侍候，奉承
arbitrate	'ɑ:bitreit	vt. 仲裁，公断vi. 进行仲裁
rotund	rәu'tʌnd	a. 圆的，圆胖的，洪亮的，（表现）华丽的
nib	nib	n. 嘴，笔尖vt. 装尖头，削尖，修换（笔）尖
bombastic	bɒm'bæstik	a. 夸大的，夸夸其谈的
plagiarize	'pleidʒiәraiz	v. 剽窃，抄袭
huckster	'hʌkstә	n. 小商人，叫卖的小贩，吃广告饭的人vt. 贩卖，叫卖，还价vi. 叫卖，讨价还价
tempestuous	tem'pestʃuәs	a. 有暴风雨的，暴乱的
cartographer	kɑ:'tɒgrәfә	n. 地图制作者，制图师
incorrigible	in'kɒridʒәbl	a. 无药可救的，积习难改的n. 不可救药的人
unbecoming	.ʌnbi'kʌmiŋ	a. 不适合的，不合体的，不相配的
concord	'kɒŋkɒ:d	n. 一致，和睦，协定
jabber	'dʒæbә	v. 快而含糊地说，吱吱喳喳地叫n. 快而含糊不清的话
leaven	'levn	n. 酵母，促使渐变的因素vt. 使发酵，渐变
seafaring	'si:.fєәriŋ	n. 航海业，航海a. 航海的，在海上工作的
ornithology	.ɒ:ni'θɒlәdʒi	n. 鸟类学
cronyism	'krәjniizəm	n. 任人唯亲
vestigial	ves'tidʒiәl	a. 残留的，遗留的，退化的[医] 遗迹的，剩余的
percussionist	pә'kʌʃәnist	n. 敲击乐器演奏者，敲奏打击乐器的人
dalliance	'dæliәns	n. 调戏，调情
vintner	'vintnә	n. 酒商
truculent	'trʌkjulәnt	a. 野蛮的，粗暴的，致命的，好斗的
provident	'prɒvidәnt	a. 有先见之明的，有远虑的，节俭的
apostrophe	ә'pɒstrәfi	n. 撇号，呼语法
tangential	tæn'dʒenʃәl	a. 切线的，相切的，正切的，离题的，扯远的[医] 正切的，切线的
expropriate	eks'prәuprieit	vt. 剥夺，没收，征用[法] 征用，没收，剥夺……的所有权
levity	'levәti	n. 轻率，轻浮，不稳定
miser	'maizә	n. 守财奴，吝啬鬼，（石油工程上用的）锥钻头
largess	'lɑ:dʒes, 'lɑ:dʒis	n. 慷慨的赠与/赐与，赏赐物，慷慨，大度，施舍
riffle	'rifl	n. 浅滩，急流，涟漪，弹洗vt. 使起涟漪，迅速翻阅，弹洗洗牌vi. 成涟漪，飞快翻书
constrained	kәn'streind	a. 被强迫的，被约束的，不舒服的
providential	.prɒvi'denʃәl	a. 天意的，根据神意的，天佑的，幸运的
wheedle	'hwi:dl	vt. 以甜言蜜语诱惑，用甜言蜜语骗vi. 用甜言蜜语哄骗
teetotal	ti:'tәutl	a. 绝对戒酒的，完全的，绝对的n. 绝对戒酒主义
scabbard	'skæbәd	n. 鞘vt. 放入鞘内，装鞘
diaphanous	dai'æfәnәs	a. 透明的，轻柔的
malcontent	'mælkәntent	a. 抱不平的，不满的，不服的n. 不满现状的人
incise	in'saiz	vt. 切割，雕刻[医] 切
pliant	'plaiәnt	a. 易弯的，柔韧的，柔顺的
retouch	.ri:'tʌtʃ	v. 润饰，修整n. 润饰，修整，修整部分
bedlam	'bedlәm	n. 混乱，喧闹，疯人院[医] 精神病院，精神病
albino	æl'bi:nәu	n. 白化病者，白化体[医] 白化病患者
hexagon	'heksәgәn	n. 六角形，六边形[机] 六角，六角形，六角边
fissile	'fisail	a. 易分裂的，易裂的，分裂性的[医] 可裂的
leeward	'li:wә:d	a. 下风的，在下风的adv. 在下风，在下风方向n. 下风，背风
avocation	.ævәu'keiʃәn	n. 副业，嗜好[法] 法院之间诉讼的转移，职业，本职
hoary	'hɒ:ri	a. 灰白的，陈旧的[医] 灰发的，白发的
hedonism	'hi:dәunizm	n. 快乐论，享乐主义[医] 享乐主义，欢乐主义
ostracism	'ɒstrәsizm	n. 流放，放逐，排斥[法] 流放，放逐，排斥
blithe	blaið	a. 愉快的，高兴的
reaper	'ri:pә	n. 收割者，收割机
flaccid	'flæksid	a. 软弱的，没气力的，无活力的[医] 弛缓的
typo	'taipәu	n. 排印（或打字）错误，印刷工，排字工
flustered	'flʌstəd	a. 慌张的; 激动不安的v. 使慌乱，使不安（ fluster的过去式和过去分词）
inchoate	in'kәueit	a. 刚开始的，不成熟的，未发达的[经] 不完整
lumberjack	'lʌmbәdʒæk	n. 伐木工人，板材上垛装置
ravish	'ræviʃ	vt. 强夺，夺走，使出神，强奸[法] 强夺，抢去，强奸
aorta	ei'ɒ:tә	n. 主动脉[医] 主动脉
littoral	'litәrәl	a. 海滨的，湖岸的，沿海的n. 沿海地，沿海地区
deflated		a. 泄气的
phial	'faiәl	n. 管形瓶，小药瓶[医] 管[形]瓶
sublimate	'sʌblimeit	vt. 使升华，使高尚vi. 升华，纯化a. 纯净化的，高尚的，理想化的n. 升华物
bravura	brә'vjuәrә	n. 大胆的尝试；令人赞赏的演唱或演奏技巧
refractory	ri'fræktәri	a. 不听话的，执拗的，难治疗的，耐火的[医] 不应的（期）, 难治的，顽固性的
podiatrist	pәu'daiәtrist	n. 脚病医生[医] [手]足医
embitter	im'bitә	vt. 使受苦，使（更）恶化，使怨恨，加苦味于
villainous	'vilәnәs	a. 坏人似的，恶棍的，罪恶的，极坏的[法] 歹徒的:邪恶的，恶的
distracted	dis'træktid	a. 心烦意乱的
asunder	ә'sʌndә	adv. 分开，散，碎
undulate	'ʌndjuleit	a. 波动的，起伏的vi. 波动，起伏，呈波浪形vt. 使起伏，使波动
addendum	ә'dendәm	n. 补遗，附加物[化] 附加物; 齿顶
burlesque	bә:'lesk	n. （讽刺性的）诙谐模仿，滑稽戏a. 滑稽的，可笑的
snitch	snitʃ	vt. 偷，扒（不太值钱的东西）vi. 进行小偷小摸，告密，告发n. 告密者，告发者
ventriloquist	ven'trilәkwist	n. 口技艺人
mien	mi:n	n. 风采，态度，样子，外表，面条
equivocation	i.kwivә'keiʃәn	n. 模棱两可的话，含糊话[电] 等业
reportage	.repɒ:'tɑ:ʒ	n. 新闻报道，报告文学
zesty	'zesti	a. 强烈的兴趣，热心，热忱，热情，滋味，风趣，香味，风味vt. 给……加香味，给……调味，给……添风趣，给……增兴趣
desirous	di'zaiәrәs	a. 想要的，想望的，渴望的
aviary	'eivjәri	n. 大型鸟舍，鸟类饲养场
layover	'leiәuvә	n. 中途短暂的停留
gadfly	'gædflai	n. 形似苍蝇，牛虻，讨厌的人[医] 虻
ennoble	i'nәubl	vt. 授予爵位，使高贵
indemnify	in'demnifai	vt. 赔偿，补偿，保护，保障[经] 赔偿
matador	'mætәdɒ:	n. 斗牛士
bilk	bilk	vt. 欺骗，赖帐，使受挫折n. 赖帐者，骗子
titular	'titjulә	a. 享有所有权的，名誉上的，有名无实的，有头衔的n. 只有称号的人
oligarch	'ɒligɑ:k	n. 寡头政治执政者
conclave	'kɒnkleiv	n. 秘密会议，教皇选举会议，红衣主教团
forger	'fɒ:dʒә	n. 铁匠，伪造者，赝造者[法] 伪造者，伪造犯
pestle	'pesl	n. 槌，杵v. 用槌磨，用杵捣
betroth	bi'trәuð	vt. 订婚，许配[法] 订婚
perquisite	'pә:kwizit	n. 额外补贴，特殊待遇，外快[经] 奖金，小费，额外补贴
imputation	.impju:'teiʃәn	n. 归罪，非难[法] 归属，归罪，转嫁
miscreant	'miskriәnt	a. 邪恶的，邪道的，异端的n. 罪大恶极的人，恶棍，异端
suture	'su:tʃә	n. 缝合，缝合处，缝合线vt. 缝合
hermetic	hә:'metik	a. 奥妙的，密封的，不透气的，不漏气的，与外界隔绝的[计] 全密封的
sanatorium	.sænә'tɒ:riәm	n. 疗养院，疗养所，静养地[医] 疗养院，疗养所，疗养站
garrulous	'gærulәs	a. 饶舌的，多嘴的，喋喋不休的
stupefy	'stju:pifai	vt. 使麻醉，使失去知觉，使惊呆[法] 使昏迷，使失知觉，使保若木鸡
primp	primp	v. 打扮，装饰
farrow	'færәu	n. 一窝小猪，猪的一胎
carafe	kә'ræf	n. 卡拉夫瓶
ruck	rʌk	vt. 弄皱vi. 变皱n. 皱，一群
tiff	tif	n. 一口淡酒，小争吵，小口角，淡酒vi. 小争吵，生气
mangy	'meindʒi	a. 疥癣的，污秽的
eulogize	'ju:lәdʒaiz	vt. 称赞，颂扬
composed	kәm'pәuzd	a. 镇静的，沉着的
domesticate	dәu'mestikeit	vt. 养驯，引进（外来词等）, 教化
freelancer		n. 自由记者；自由作家
confederacy	kәn'fedәrәsi	n. 联盟，邦联[法] 共谋，违法的结社，联盟
protean	'prәutiәn	a. 千变万化的，变化不定的，（海神）普罗透斯的[化] ┚（音田）
tinder	'tindә	n. 火绒盒
investiture	in'vestitʃә	n. 授职，封爵[法] 授受，授职，授权
rhapsody	'ræpsәdi	n. 吟诵史诗，狂文，狂喜，狂想曲
wraith	reiθ	n. 生魂，幻影，幽灵
denude	di'nju:d	vt. 使裸露，剥下，剥夺[医] 剥露，剥脱
quotidian	kwɒ'tidiәn	a. 每日的，每日发作的，司空见惯的，平凡的n. 日发热
upfront	ˌʌpˈfrʌnt	a. 正直的，坦率的; 最前面的，首要的; 在前面的; 预先的adv. 在最前面; 提前支付（工资）
adroit	ә'drɒit	a. 灵巧的，敏捷的，聪明的
marsupial	mɑ:'sju:piәl	n. 有袋类动物a. 有袋的，袋状的
remunerate	ri'mju:nәreit	vt. 给与报酬，赔偿，酬劳
gabble	'gæbl	vi. 七嘴八嘴地说，喋喋不休地说vt. 急促地说n. 急促讲出而叫人听不清的话，废话
autocrat	'ɒ:tәkræt	n. 独裁者
ingratiate	in'greiʃieit	vt. 使迎合，使讨好
molt	mәult	n. 换毛，脱皮，脱落物v. 脱毛，换毛
imbecile	'imbisi:l	a. 低能的，愚钝的，虚弱的n. 低能者，痴呆，蠢人
reincarnate	.ri:in'kɑ:neit	vt. 使转世化身，使重新体现a. 转世化身的，再生的
bedeck	bi'dek	vt. 装饰，修饰
cloture	'klәutʃә	n. 讨论终结提付表决vt. 以提付表决来结束辩论
toupee	'tu:pei	n. 男子假发
scrumptious	'skrʌmpʃәs	a. 可口的，绝妙的，缩紧的
metallurgy	'metәlә:dʒi	n. 冶金学，冶金术[化] 冶金
interdict	.intә'dikt	vt. 禁止，封锁，停止，制止n. 禁令，禁止
evanescent	.i:vә'nesnt	a. 逐渐消失的，容易消散的，短暂的[医] 易消灭的，渐消失的，挥发性的
fantasia	fæn'teizjә	n. 幻想曲
imitative	'imitәtiv	a. 喜模仿的，伪造的，仿制的，摹拟的
periscope	'periskәup	n. 潜望镜（镜头）[化] 潜望镜
hackneyed	'hæknid	a. 使用过于频繁的，常见的，陈腐的
eclecticism	ek'lektisizm	n. 折衷派，折衷主义，折衷说[医] 折衷[主义]医学
centurion	sen'tjuәriәn	n. 百人队队长
enamored	i'næmәd	a. 倾心于……的，被迷住的，迷恋的
pirouette	.piru'et	n. 脚尖旋转，快速旋转vi. 以脚尖旋转，作快速旋转
philology	fi'lɒlәdʒi	n. 语文学，文献学
igneous	'igniәs	a. 火的，似火的，火成的
shoplift		vi.vt. 入店偷窃商品
sop	sɒp	n. 面包片，湿透的东西，一滩（液体）, 小贿赂，懦夫vt. 浸湿，吸水，贿赂vi. 渗透，湿透
obfuscate	ɒb'fʌskeit	vt. 弄暗，使模糊，使迷惑
gasification	.ɡæsifi'keiʃәn	n. 气化
underhanded	'ʌndә'hændid	a. 人手不足的，秘密的，卑劣的
buxom	'bʌksәm	a. （妇女）丰满的，健美的
debilitate	di'biliteit	vt. 使衰弱
superficiality	,sju:pәfiʃi'æliti	n. 表面性的事物，肤浅，浅薄
inviolable	in'vaiәlәbl	a. 不可亵渎的，不可侵犯的，神圣的[法] 不可侵犯的，神圣的
interlace	.intә'leis	vt. 使交织，使组合，使交错vi. 交错，交织[计] 交错
depraved	di'preivd	a. 堕落的，腐化的，道德败坏的[医] 恶化的，变坏的
salutation	.sælju:'teiʃәn	n. 招呼，寒喧，问候
emaciate	i'meisieit	vt. 使消瘦，使憔悴vi. 消瘦
iconoclast	ai'kɒnәklæst	n. 反对偶象崇拜者，提倡打破旧习的人
gerontology	.dʒerɒn'tɒlәdʒi	n. 老年医学，老人学[医] 老年医学，老年病学，老人学
pugnacious	pʌg'neiʃәs	a. 好斗的
balky	'bɒ:ki	a. 停蹄不前的
recombine	.ri:kәm'bain	vt. 再结合，重组
canard	kæ'nɑ:d	n. 谣言，误传
dissemble	di'sembl	v. 掩饰，假装不知道
preposition	.prepә'ziʃәn	n. 前置词，介词
abridge	ә'bridʒ	vt. 缩短，删节，减少，剥夺[法] 剥夺; 节略
sacrilegious	.sækri'lidʒәs	a. 冒渎的，犯渎圣罪的
enrapture	in'ræptʃә	vt. 使狂喜
succor	'sʌkә	n. 救援，援助者vt. 救援，援助
seamy	'si:mi	a. 露出线缝的，丑恶的
gander	'gændә	n. 雄鹅，笨人，呆子
fecund	'fi:kәnd	a. 生殖力旺盛的，多产的，丰饶的，肥沃的
amity	'æmiti	n. 友好，亲善关系
indolent	'indәlәnt	a. 懒惰的，无痛的[医] 无痛的
vapid	'væpid	a. 乏味的，走了气味的，无生气的，无趣味的
aerate	'eiәreit	vt. 使暴露于空气中，使充满气体[化] 曝气; 充气; 吹气
caprice	kә'pri:s	n. 反复无常，多变，任性
impoverish	im'pɒvәriʃ	vt. 使贫穷，耗尽……的力气
quadrangle	'kwɒdræŋgl	n. 四角形，四边形，四方院[医] 四角形，四角器（牙科）
impermeable	im'pә:miәbl	a. 不能渗透的，不能通过的[医] 不[渗]透性
fealty	'fi:әlti	n. 忠诚，忠贞，忠实
miasma	mi'æzmә	n. 毒气，沼气[医] 瘴毒，瘴气
indenture	in'dentʃә	n. 契约，契据，凹痕vt. 以契约束缚
amethyst	'æmiθist	n. 紫水晶，紫蓝色宝石[化] 紫石英; 紫水晶; 紫晶
guileless	'gailis	a. 不狡猾的，诚实的
umbrage	'ʌmbridʒ	n. 不快，生气，阴影，树荫，怀疑等模糊感觉
duplicitous	dju:'plisitәs	a. 奸诈的；双重的；搞两面派的
deportment	di'pɒ:tmәnt	n. 行为，举止
hieroglyphic	.haiәrәu'ɡlifik	n. 象形文字；象形文字写的文章
musicologist	.mju:zi'kɒlәdʒist	n. 音乐学者
cognate	'kɔ^neit	a. 同族的，同语系的，同词源的，母族的，同性质的，同类的，同种的n. 亲族，同语系的语言，同词源的词，同性质的东西，同源物[计] 同性质的，同类的，同语族的
expeditious	.ekspi'diʃәs	a. 迅速的，敏捷的
solicitude	sә'lisitju:d	n. 焦虑，关心，担心，挂念，渴望，担心的事情
ravel	'rævәl	vt. 使纠缠，使混乱，拆开，弄清vi. 散开，解除n. 纠缠的一团，散纱
centigrade	'sentigreid	a. 百分度的，摄氏的[医] 百分度
doff	dɒf	vt. 脱，丢弃，摆脱
plenitude	'plenitju:d	n. 充分，完全，丰富，大量，充足
enlightening		a. 有启发作用的，使人领悟的
avarice	'ævәris	n. 贪婪
opinionated	ә'pinjәneitid	a. 固执己见的，武断的
synoptic	si'nɒptik	a. 概要的，天气的，对观福音书的
dirge	dә:dʒ	n. 挽歌，哀乐
effeminate	i'feminit	a. 柔弱的，女人气的
commingle	kɒ'miŋgl	v. 混合
hearken	'hɑ:kәn	vi. 倾听
rend	rend	vt. 分裂，劈开，强夺，撕碎，划破vi. 撕开，裂开
denominate	di'nɒmineit	vt. 命名
crestfallen	'krest.fɒ:lәn	a. 垂头丧气的，意气沮丧的，气馁的
piquant	'pi:kәnt	a. 辛辣的，开胃的，刺激的，活泼的，调皮的，淘气的，可爱的
scad	skæd	n. 竹荚鱼，许多
occlude	ә'klu:d	vt. 使闭塞，隔断，挡住vi. 咬合
rakish	'reikiʃ	a. 轻快的，潇洒的，放荡的
cumulus	'kju:mjulәs	n. 积云，堆积物[医] 丘
peerless	'piәlis	a. 无比的，出类的，无双的
illiberal	i'libәrәl	a. 狭隘的，无教养的，吝啬的
pontificate	pɒn'tifikit	vi. 自负地谈论，执行教皇职务
avow	ә'vau	vt. 坦率承认，断言[法] 公开宣称，声明，供认
belligerence	bi'lidʒәrәns	n. 交战，好战性，斗争性
kaleidoscopic	kә,laidә'skɔpik	a. 万花筒似的，千变万化的
pulsation	pʌl'seiʃәn	n. 悸动，震动[化] 脉动
estimable	'estimәbl	a. 可尊敬的，可估计的
ejaculate	i'dʒækjuleit	vt. 突然说出，射出vi. 射出，射精n. 精液
peeve	pi:v	v. （使）气恼，（使）焦躁，（使）忿怒n. 麻烦的事物，怨恨，生气，触怒
recumbent	ri'kʌmbәnt	a. 斜靠着的，躺着的，不活泼的，休息着的[医] 斜卧的，躺着的
jitter	'dʒitә	vi. 神经过敏，战战兢兢[计] 跳动; 抖动
forager	'fɒridʒә	n. 粮秣征收员，抢劫者
hieroglyph	'haiәrәglif	n. 象形文字，图画文字
miserly	'maizәli	a. 吝啬的，贪婪的
feint	feint	n. 伪装，假装，假托，佯攻vi. 装作，假装，佯攻a. 假的，虚饰的
transience	'trænziәns	n. 顷刻，无常，短暂
spineless	'spainlis	a. 无脊椎的，没有骨气的，懦弱的
spunk	spʌŋk	n. 精神，勇气，怒意，引火柴
pontifical	pɒn'tifikl	a. 教皇的，主教的，大祭司的n. 主教全套服饰，主教仪典
coagulation	kәu.ægju'leiʃәn	n. 凝结，凝结物[化] 聚沉; 凝结作用; 凝聚法
aspersion	ә'spә:ʃәn	n. 诽谤，中伤，洒水[医] 喷洒[法]
reagent	ri:'eidʒәnt	n. 试剂，反应物[化] 试剂
slaver	'sleivә	n. 奴隶商人，奴隶贩卖船，口水vi. 垂涎，淌口水，奉承vt. 淌口水弄脏
metrical	'metrikl	a. 韵律的，有韵律的，测量的
entreat	in'tri:t	v. 恳求，乞求
divestiture	dai'vestitʃә	n. 剥夺，脱衣[法] 剥夺
drivel	'drivәl	vi. 淌口水，说傻话vt. 胡说n. 胡言乱语，糊涂话
chauvinistic	.ʃәuvi'nistik	a. 本民族（或本性别）第一主义的，沙文主义的
turncoat	'tә:nkәut	n. 背叛者，变节者[法] 脱党者，变节者，判徒
literati	.litә'rɑ:ti:. 'rɑ:ti:. -'reitai	n. 文人（literatus的复数）；文学界
accrete	æ'kri:t	vi. 连生，合生，附依vt. 使依附，使连接a. 合生的
curmudgeon	kә:'mʌdʒәn	n. 脾气坏的人，吝啬鬼
stanch	stænʃ	vt. 使止血，止住，止血a. 坚固的，防水的，忠实的
dormancy	'dɒ:mәnsi	n. 不活动性，休眠，蛰伏[医] 休眠，不活动，休止
possessed	pә'zest	a. 中邪魔的，被妖魔缠住的
dunce	dʌns	n. 智力迟钝的学生，傻瓜
simian	'simiәn	a. 类人猿的，猴子一般的n. 猴子，类人猿
mutineer	.mju:ti'niә	n. 暴徒，反抗者vi. 暴动，反抗
officious	ә'fiʃәs	a. 多管闲事的，非官方的[法] 非官方的，非正式的
ribald	'ribɒ:ld	a. 说话猥亵的，下流的，粗俗的n. 说下流话的人
funereal	fju:'niәriәl	a. 送葬的，适合葬礼的，悲哀的
perforate	'pә:fәreit	vt. 穿孔于，刺穿，打孔穿透vi. 穿孔，穿过a. 有孔的，穿孔的
dilettante	dili'tænti	n. 业余爱好者a. 外行的，浅薄的
capitation	kæpi'teiʃәn	n. 人头税，每人均摊费[经] 按人计算（收费）, 人头税
silversmith	'silvәsmiθ	n. 银（器）匠
coven	'kʌvәn, 'kәu-	n. 女巫大聚会
gnawing	'nɒ:iŋ	n. 咬，不断的苦痛a. 咬的，令人苦恼的
prude	pru:d	n. 拘守礼仪的人，故作正经的人
limber	'limbә	a. 柔软的，敏捷的，富于弹性的vt. 使柔软vi. 做准备活动
countermand	.kauntә'mɑ:nd	vt. 取消，撤回，下命令召回n. 收回命令，取消命令
comity	'kɒmiti	n. 礼貌，礼让[法] 礼让，友谊
intestate	in'testeit	a. 没有遗嘱的，无遗嘱嘱明处置的n. 无遗嘱的死亡者
crochet	'krәuʃei	n. 钩针编织品，钩边v. 用钩针编织
voluble	'vɒljubl	a. 流利的，健谈的，易旋转的，缠绕的
polyglot	'pɒliglɒt	a. （使用）多种语言的，多种文字对照的n. 使用多种语言的人，多种文字对照本
venal	'vi:nl	a. 可收买的，贪污的，用金钱买得的[经] 贪污的
apostasy	ә'pɒstәsi	n. 叛教，变节，脱党[法] 叛教，背教，脱党
gosling	'gɒzliŋ	n. 小鹅，年轻无知的人
satiny	'sætini	a. 缎子似的，柔软的，光滑的
ignoble	ig'nәubl	a. 卑贱的，卑鄙的，低级的
bauxite	'bɒ:ksait	n. 铝矾土，铝土矿[化] 铝土矿
habituate	hә'bitjueit	vt. 使习惯于，使熟习于
histology	hi'stɒlәdʒi	n. 组织学[化] 组织学
vernal	'vә:nl	a. 春天的，和煦的，青春的
acme	'ækmi	n. 顶点，极度，最高点[医] 极期
nuptial	'nʌpʃәl	n. 婚礼a. 婚姻的，婚礼的
curvaceous	kә:'veiʃәs	a. 曲线美的，肉体美的
paroxysm	'pærәksizәm	n. 发作，突发[医] 发作，阵发
repartee	,repɑ:'ti:	n. 机敏巧妙的回答，妙语，机智的反驳，巧辩，敏捷答辩的才能
ingratiating	in'greiʃieitiŋ	a. 逢迎的，迎合的
disabuse	.disә'bju:z	vt. 解迷惑，使省悟
operetta	.ɒpә'retә	n. 小歌剧，轻歌剧
burgeon	'bә:dʒәn	n. 芽，嫩枝v. 萌芽，发芽
egoism	'egәuizm	n. 自我主义，利己主义
lionize	'laiәnaiz	vt. 将……以名人待之，游览……的名胜vi. 结交名流
witticism	'witisizm	n. 妙语，俏皮话
hemophilia	.hi:mә'filiә	n. 血友病
loquacious	lәu'kweiʃәs	a. 多嘴的，好辩的，吵闹的，潺潺的
prig	prig	n. 一本正经的人，纨绔子弟
mortification	.mɒ:tifi'keiʃәn	n. 坏疽，丢失面子的感觉，禁欲[医] 坏疽
bassoon	bә'su:n	n. 低音管，巴松管
cherubic	tʃe'ru:bik	a. 天使的，无邪的，可爱的
preternatural	.pri:tә'nætʃәrәl	a. 超自然的，异常的
impudent	'impjudәnt	a. 鲁莽的，卑鄙的，厚颜无耻的
recessive	ri'sesiv	a. 后退的，逆行的，隐性的n. 隐性性状
specter	'spektә	n. 幽灵，妖怪，凶兆
gab	gæb	n. 空谈，爱说话，多嘴vi. 空谈，瞎扯，唠叨
tendentious	ten'denʃәs	a. 有偏见的，有倾向的，淘气的
slobber	'slɒbә	vi. 垂涎，流口水，情不自禁地说vt. 流口水弄湿，口齿不清地说，处事马虎n. 口水，涎，过分动情的话，语无伦次的话
unbend	.ʌn'bend	vt. 把……弄直，使……伸直，放松，使松弛，解开vi. 变直，松弛
matriculate	mә'trikjuleit	vt. 准许入学，录取vi. 入学，进大学n. 获准入学者
homeostasis	,hәumiәu'steisis	n. 体内平衡，内环境稳定[计] 动态静止; 动态平衡
besmirch	bi'smә:tʃ	vt. 弄污
ticklish	'tikliʃ	a. 易倒的，不稳定的，难对付的，怕痒的
effete	i'fi:t	a. 贫瘠的，枯竭的，衰微的
edify	'edifai	vt. 启迪，熏陶，教诲
backslide	.bæk'slaid	vi. 堕落，退步n. 堕落，退步
expository	ik'spɒzitәri	a. 说明的，解释的
transfigure	træns'figә	vt. 使变形，使改观，美化
carouse	kә'rauz	n. 喧闹的酒会或宴会vi. 痛饮，畅饮
dissonant	'disәnәnt	a. 不和谐的，刺耳的，不一致的
cantata	kæn'tɑ:tә	n. 康塔塔，大合唱
condescend	.kɒndi'send	vi. 谦逊，屈就，堕落
infliction	in'flikʃәn	[法] 处罚，加刑，刑罚
flatulence		n. 肠胃气胀，空虚，自负，浮夸[医] （肠胃）气胀
corpulent	'kɒ:pjulәnt	a. 肥大的，肥胖的[医] 肥胖的
overexposure	.әuvәrik'spәuʒә	n. 曝光过度[医] 感光过度，露光过度
genuflect	'dʒenjuflekt	vi. 曲膝，跪，屈服
lassitude	'læsitju:d	n. 疲倦，疲乏，无精神[医] 倦怠
billowy	'bilәui	a. 巨浪似的，汹涌的
despoil	di'spɒil	vt. 夺取，掠夺
perjure	'pә:dʒә	vt. 使发伪誓，使作伪证，使破坏誓言[法] 作伪证，发假誓
lackadaisical	.lækә'deizikәl	a. 懒洋洋的，愁闷的，伤感的
stowaway	'stәuә.wei	n. 偷渡者，匿身处[法] 偷乘火车，轮船的人，偷渡者
abrade	ә'breid	vt. 擦伤，磨损，磨[医] 擦除，擦破; 磨损，磨除
profiteer	.prɒfi'tiә	n. 获暴利的人，奸商vi. 获暴利，赚大钱
ethnology	eθ'nɒlәdʒi	n. 人种学[医] 人种学
asphyxiate	æs'fiksieit	vi. 窒息vt. 使窒息
potentate	'pәutәnteit	n. 有权的人，有势力的人，统治者
canker	'kæŋkә	n. 溃疡，腐蚀因素vi. 患溃疡，腐蚀，溃烂vt. 使患溃疡，使腐蚀
distend	di'stend	v. （使）膨胀，（使）扩张
penumbra	pi'nʌmbrә	n. 半影，明暗交界部分，边缘部分，周围的气氛[化] 半影
verbiage	'vә:biidʒ	n. 罗嗦，冗词，措辞
simpleton	'simpltәn	n. 笨蛋，傻子
wanderlust	'wɒndәlʌst	n. 漫游癖，流浪癖
obsequious	әb'si:kwiәs	a. 谄媚的，奉承的，顺从的
unexceptional	'ʌnik'sepʃәnl	a. 非例外的，平常的，不特别的，不容许有例外的
purvey	pә'vei	v. 供给，供应
magnanimity	.mægnә'nimiti	n. 宽宏大量
emolument	i'mɒljumәnt	n. 薪水，报酬
unidimensional	'ju:nidi'menʃәnl	[计] 一维的
vexation	vek'seiʃәn	n. 恼怒，烦恼，令人恼火的事情[法] 招人烦恼的事物，烦恼，苦闷
fallibility	.fælә'biliti	n. 易错，易误，出错性
retrench	ri'trentʃ	vt. 紧缩，减少，删除vi. 削减费用
parsimony	'pɑ:simәni	n. 过度节俭，吝啬，惜墨如金
insouciance	in'su:sjәns	n. 无忧无虑
porcine	'pɒ:sain	a. 猪的，猪似的[医] 猪的
stonewall	stәun'wɒ:l	vi. 防守挡击，围以石墙，妨碍或阻碍
insularity	.insju'læriti	n. 岛屿生活状况，孤立，岛国性质
chicanery	ʃi'keinәri	n. 强词夺理，狡辩，欺骗
disembody	.disim'bɒdi	vt. 使脱离肉体
limn	lim	vt. 描写，描绘
scalding	'skɔ:ldiŋ	a. 滚烫的，将近沸腾的，沸腾的，灼人的，尖锐辛辣的[化] 烫伤
scarp	skɑ:p	n. 悬崖vt. 使成陡坡
unctuous	'ʌŋktjuәs	a. 油的，油质的，油腻的，虚情假意的[医] 油滑的，油样的
smarmy	'smɑ:mi	a. 虚情假意的，爱说奉承话的
apoplectic	.æpәu'plektik	n. 中风病人a. 中风的，有中风迹象的
fusillade	.fju:zi'leid	n. 枪炮的齐射，以连续齐发的炮火攻击，猛射vt. 齐射
serfdom	'sә:fdәm	n. 农权制，农奴地位，农奴境遇，奴役
scud	skʌd	vi. 飞奔，疾行n. 飞奔，飞云，小阵雨，皮垢
spendthrift	'spendθrift	n. 浪费的人a. 浪费的，挥霍无度的
actuate	'æktʃueit	vt. 开动，驱使，激励
colloquium	kә'lәukwiәm	n. 讨论会
jamboree	'dʒæmbә'ri:	n. 大喝大闹，大集会，（童子军）欢乐的聚会
histrionic	.histri'ɒnik	a. 演员的，演剧的，矫揉造作的n. 演员，演剧，戏剧性
egress	'i:gres	n. 出口，外出vi. 外出
colloquy	'kɒlәkwi	n. 谈话，会话，讨论
ingenuous	in'dʒenjuәs	a. 坦白的，正直的，天真的
minuet	.minju'et	n. 小步舞，小步舞曲
hoodwink	'hudwiŋk	vt. 遮眼，蒙蔽，欺骗
usury	'ju:ʒuri	n. 高利贷[经] 高利贷，高利
imbroglio	im'brәuljәu	n. 纷乱，纠葛，一团糟
seclude	si'klu:d	vt. 使隔离，使孤立，隔开
unprepossessing	ʌnpri:pә'zesiŋ	a. 不讨人喜欢的，不吸引人的
shiftless	'ʃiftlis	a. 无计谋的，偷懒的，不中用的，无能的
coagulate	kәu'ægjuleit	v. （使）凝结a. 凝结的
mistral	'mistrәl	n. 密史脱拉风
octogenarian	.ɒktәudʒә'nєәriәn	a. 80岁到90岁（的人）的n. 80岁到90岁的人
filch	filtʃ	vt. 偷窃，窃取
bugaboo	'bʌ^әbu:	n. 吓唬人的东西，令人头痛的事，无端的恐惧，鬼怪
bombast	'bɒmbæst	n. 夸大的言辞
gutless	'gʌtlis	a. 无胆量的
disbar	dis'bɑ:	vt. 剥夺律师资格
ferrous	'ferәs	a. 铁的，含铁的，亚铁的[医] 亚铁的
procreate	'prәukrieit	vt. 生，生殖，产生vi. 生殖
zephyr	'zefә	n. 西风，和风，徐风
ineluctable	.ini'lʌktәbl	a. 不可避免的，无法逃避的
bestial	'bestjәl	a. 似野兽的，残忍的，卑劣的
unenlightened	.ʌnin'laitnd	a. 愚昧无知的，未受启发的
sunder	'sʌndә	v. 切开，分离
proofread	'pru:fri:d	vt. 校正，校对
aesthete	'i:sθi:t	n. 审美家，唯美主义者
gratis	'greitis	adv. 免费地，白送地a. 免费的
asinine	'æsinain	a. 驴的，像驴的，愚蠢的
exactitude	ig'zæktitju:d	n. 正确（性）, 精密，精确（性）, 严格
gusher	'^ʌʃә(r)	[经] 喷油井，自喷井
aureole	'ɒ:riәul	n. 光轮，光环
chasten	'tʃeisәn	vt. 惩罚；磨炼；抑制
arboreal	ɑ:'bәuriәl	a. 树的，栖于树木的[医] 树的，树上生活的
yaw	jɒ:	vi. （船）偏荡，偏航n. 偏航，偏荡，摇首
quintessence	kwin'tesns	n. 精萃，精华，典范[医] 浓浸膏，精华
greenhorn	'gri:nhɒ:n	n. 生手，无经验的人，不懂世故的人
abstruse	æb'stru:s	a. 难解的，深奥的
amortize	ә'mɒ:taiz	vt. 摊还，摊销，分期偿还[法] 把不动产让与，转让，分期偿还
inveigh	in'vei	vi. 痛骂，漫骂，臭骂
upbraid	ʌp'breid	vt. 谴责，责骂，申斥
dissolute	'disәljut	a. 放荡的，风流的
credulous	'kredʒulәs	a. 轻信的，易受骗的
proboscis	prәu'bɒsis	n. 长鼻子，喙[医] 喙，吻
riffraff	'rifræf	n. 流氓[法] 暴徒，流氓
apostate	ә'pɒsteit	n. 叛教者，变节者，脱党者a. 叛教的，变节的，脱党的
analgesia	.ænæl'dʒi:zjә	n. 止痛，痛觉缺失[医] 痛觉缺失，无痛法，止痛法
incongruent	in'kɔŋɡruәnt	a. 不一致的；不协调的；不和谐的；不合适的（名词incongruence, 副词incongruently）
nonentity	nɒn'entiti	n. 不存在，非实在，虚无
ignominy	'ignәmini	n. 耻辱，无耻行为，不体面[法] 无耻行为，丑行，耻辱
astringent	ә'strindʒәnt	n. 收敛剂a. 收敛性的，严厉的，涩的
cession	'seʃәn	n. 割让，转让[经] 财产权利等的转让，再保险
blandishment	'blændiʃmәnt	n. 甜言蜜语，谄媚，奉承
raconteur	rækɔn'tә:	n. 说书者，擅长讲故事的人，健谈者
meddlesome	'medlsәm	a. 爱管闲事的，好干涉的
felicitous	fә'lisitәs	a. 巧妙的，极为适当的，善于措辞的，可喜的
screed	skri:d	n. 冗长的文章，（瓦工用的）抹灰靠尺[法] 事故陈述书，呈文，冗长文章
mellifluous	me'lifljәs	a. 加了蜜糖的，甜蜜的，甜美的，流畅的
bewilder	bi'wildә	vt. 使迷惑，使不知所措
prescience	'presiәns	n. 预知，先见
tractable	'træktәbl	a. 驯服的，易于管教的[经] 易加工的，易处理的
unimpeachable	.ʌnim'pi:tʃәbl	a. 无懈可击的，无可指责的，无过失的
comedienne	kә.meidi'en	n. 喜剧女演员
incorruptible	.inkә'rʌptibl	a. 不腐败的，不能收买的，清廉的
blowhard	'blәuhɑ:d	n. 吹牛大家
arabesque	.ærә'besk	n. 阿拉伯式花饰
epaulet	'epәlet	n. 肩章，肩饰
hippopotamus	.hipә'pɒtәmәs	n. 河马
dally	'dæli	vi. 戏耍，玩弄，闲混vt. 浪费
reactant	ri'æktәnt	n. 反应物[化] 反应物
natty	'næti	a. 整洁的，帅的，清楚的，敏捷的
backhanded	'bæk'hændid	a. 间接的
vertex	'vә:teks	n. 顶点，最高点，头顶，天顶[计] 顶点
poseur	pәu'zә:	n. 装模作样的人；装腔作势的人
discomfit	dis'kʌmfit	vt. 打乱，挫败，使破灭
depute	di'pju:t	vt. 指定代理人，委以代理人，委任[法] 代表，代理人
commodious	kә'mәudjәs	a. 宽敞的，方便的
awl	ɒ:l	n. 钻子，尖锥
anticlimax	.ænti'klaimæks	n. 突降法，虎头蛇尾
argot	'ɑ:gәu	n. 行话，俚语，黑话
interpolate	in'tә:pәuleit	v. 篡改，插入新语句，添写进去
untutored	.ʌn'tju:tәd	a. 未受教育的，粗野的，天真的
perfidy	'pә:fidi	n. 不诚实，背信弃义（行为）[法] 叛变，出卖，背信弃义
cytology	sai'tɒlәdʒi	n. 细胞学[医] 细胞学
carillon	'kæriljәn	n. 排钟，钟乐[电] 钟乐器
obeisance	әu'beisns	n. 敬礼，鞠躬，敬重
febrile	'fi:brail	a. 发热的，热病的，热性的[医] 热性的，发热的
nubile	'nju:bail	a. 适婚的[医] 适合结婚的
nitpick	'nitpik	vi. 挑剔；吹毛求疵
tarry	'tæri	vi. 耽搁，逗留，留住，等候n. 逗留a. 涂了焦油的
overwrought	'әuvә'rɔ:t	a. 过分劳累的，过度紧张的，神经质的，过度兴奋的，过分推敲的，不自然的
abjure	әb'dʒuә	vt. 发誓断绝，公开放弃[法] 誓绝，弃绝，公开放弃
ostentation	.ɒsten'teiʃәn	n. 虚饰，虚有其表，卖弄
wangle	'wæŋgl	vi. 设法脱身，用诡计获得vt. 用计获得，扭身挤出，哄骗，伪造n. 欺诈行为，哄骗，假造
omnivorous	ɒm'nivәrәs	a. 无所不吃的，杂食的，什么都喜欢的
befuddle	bi'fʌdl	vt. 使昏沉，使迷惑，使糊涂
languor	'læŋgә	n. 怠惰，疲倦，无气力[医] 疲倦，无力
bamboozle	bæm'bu:zl	vt. 欺骗，迷惑
conviviality	kәn.vivi'ælәti	n. 欢宴，欢乐，高兴
heterodox	'hetәrәdɒks	a. 非正统的，异端的
rescission	ri'siʒәn	n. 废止，取消，使无效，撤消[经] 解除，取消
hypotenuse	hai'pɒtnju:s	n. （直角三角形之）斜边
sycophant	'sikәfәnt	n. 奉承者，谄媚者，追随者a. 拍马的，奉承的
gourmand	'guәmәnd	n. 美食家
thespian	'θespiәn	a. 悲剧的，戏剧的，悲剧性的n. 演员，悲剧演员
foreknowledge	'fɒ:nɒlidʒ	n. 预知，先见之明
caldron	'kɒ:ldrәn	n. 大锅
verified	'verifaid	a. 已查清的，已证实的
ewer	'ju:ә	n. （有柄的）大口水壶，花瓶状水罐
saccharin	'sækәrin	n. 糖精[化] 糖精; 邻磺酰苯甲酰亚胺
avaricious	.ævә'riʃәs	a. 贪婪的
saccharine	'sækәrain, -ri:n	a. 糖的，含糖的，产糖的，极甜的，过甜的，太甜的，奉承的，讨好的，和颜悦色的n. 糖精
slipshod	'slipʃɒd	a. 破烂的，马虎的，潦草的
browbeat	'brajbi:t	vt. 对……吹胡子瞪眼睛，吓唬
desperado	.despә'rɑ:dәu	n. 亡命之徒[法] 亡命之徒，暴徒
locution	lәu'kju:ʃәn	n. 语言表达方式，语言风格
fossilize	'fɒsilaiz	vt. 使成化石，使陈腐vi. 变成化石，变陈腐
dexterous	'dekstәrәs	a. 灵巧的，惯用右手的
gerrymander	'dʒerimændә	vt. 为政党利益改划选区vi. 不公正地划分选区n. 改变选举区
querulous	'kwerulәs	a. 抱怨的，爱发牢骚的，易怒的
consonance	'kɒnsәnәns	n. 一致，调和，辅音韵[医] 谐和
rive	raiv	vt. 撕开，使破碎vi. 裂开，破裂
ablution	ә'blu:ʃәn	n. 洗澡，洗礼，斋戒沐浴[化] 洗净; 洗净液
peevish	'pi:viʃ	a. 易怒的，暴躁的，带怒气的，撒娇的
parabola	pә'ræbәlә	n. 抛物线[电] 抛物线
haft	hɑ:ft	n. 柄，把手vt. 装上柄
fop	fɒp	n. 自高自大的人，花花公子
dispensable	dis'pensәbl	a. 不是必要的，可有可无的
artless	'ɑ:tlis	a. 无虚饰的，单纯的，自然的
malefactor	'mælifæktә	n. 罪人，犯人，坏人[法] 罪犯，作恶者
cacophonous	kæ'kɒfәnәs	a. 发音不和谐的，粗腔横调的
oracular	ɒ:'rækjulә	a. 神谕的，神谕似的，谜似的，玄妙深奥的
quaff	kwæf	v. 狂饮，大口地喝n. 大口喝下的酒，痛饮
agog	ә'gɒg	a. 兴奋着的，急切的adv. 急切地，渴望
stultify	'stʌltifai	vt. 使显得愚笨，使变无效
insincerity	.insin'seriti	n. 不诚实，无诚意，伪善[经] 不诚实
herbivorous	hә'bivәrәs	a. 食草的[医] 草食的，食草的
slake	sleik	vt. 消除，使清凉，熄灭[医] 消，灭; 消和（石灰）; 松，缓和
emote	i'mәut	vi. 装模作样，表现感情
bifurcate	'baifәkeit	v. （使）分叉a. 分双叉的
equivocate	i'kwivәkeit	vi. 说模棱两可的话，支吾
braggadocio	.brægә'dәutʃiәu	n. 自夸，吹牛大王
repugnance	ri'pʌgnәns	n. 反感，厌恶，不一致，矛盾，抵触[法] 不一致，矛盾，不一致之处
racketeer	.ræki'tiә	n. 敲诈者，骗子v. 诈骗钱财
aseptic	æ'septik	n. 防腐剂a. 无菌的
distension	dis'tenʃәn	n. 扩张，膨胀
taxonomist	tæk'sɔnәmist	n. 分类学家
lacerate	'læsәreit	vt. 划破，割破，使痛心，撕碎a. 撕碎的，受折磨的
hidebound	'haidbaund	a. 思想偏狭顽固的，死板的，量小的[医] 绷紧的，包紧的（皮肤）
vegetate	'vedʒiteit	vi. 植物似地生长，过呆板单调的生活，无所事事地生活，（赘疣）生长，长大
suffragist	'sʌfrәdʒist	n. 参政权扩大论者，妇女参政权论者
glutinous	'glu:tinәs	a. 粘性的[医] 胶状的，粘的
licentious	lai'senʃәs	a. 放肆的[法] 放纵的，无法无天的，不守法的
obdurate	'ɒbdjurit	a. 顽固的，执拗的，冷酷的[法] 执迷不悟的，毫不悔改的，无情的
ligature	'ligәtʃuә	n. 绳，索，缚带vt. 缚，捆，结扎
gristle	'grisl	n. 软骨[医] 软骨
valedictory	.væli'diktәri	a. 告别的n. 告别辞
dolt	dәult	n. 呆子，笨蛋，傻瓜
menthol	'menθoul	n. 薄荷醇[化] 薄荷醇; ┮醇
neonate	'ni:әuneit	n. 婴儿[医] 新生儿; 新生的
clairvoyant	klєә'vɒiәnt	a. 神视的，有洞察力的n. 有洞察力的人，千里眼
zealotry	'zelәtri	n. 过度热心，狂热，狂热行为
stipple	'stipl	n. 点刻法，点画，点彩vt. 点刻，点画，点彩
deputize	'depjutaiz	vt. 指定为代理vi. 代理，担任代表
imperturbable	.impә'tә:bәbl	a. 沉着的，泰然自若的，镇静的
neologism	ni:'ɒlәdʒizm	n. 新语，使用新语，创造新语[医] 新语症; 语词新作，新词症
sophistry	'sɒfistri	n. 诡辩[法] 诡辩，辩术，诡辩法
spangle	'spæŋgl	n. 亮晶晶的小物件v. （使）闪烁
breezeway	'bri:zwei	n. 有屋顶的通路[电] 吹风道
oratorio	,ɔrә'tɔriәu	n. 圣乐，清唱剧，神剧
eugenic	ju:'dʒenik	a. 优生学的，优种的[医] 优生学
adulterate	ә'dʌltәreit	vt. 掺杂a. 掺假的，假的，通奸的
dilatory	'dilәtәri	a. 拖拉的[法] 延期的，拖延的，慢的
disjunctive	dis'dʒʌŋktiv	a. 分离的，分隔的n. 反意连接词，选言命题
epicurean	.epikju'ri:әn	n. 享乐主义者，美食家a. 贪口福的，享乐主义的
clairvoyance	klєә'vɒiәns	n. 神视，超人的视力，洞察力[医] 千里眼，神视
petulance	'petjjlәns; -tʃә-	n. 易怒，坏脾气，使性子
monocle	'mɒnәkl	n. 单片眼镜[医] 单眼镜，单眼绷带
disquisition	.diskwi'ziʃәn	n. 专题论文，研究，探讨
deify	'di:ifai	vt. 奉为神，奉若神明，崇拜
emasculate	i'mæskjuleit	vt. 阉割，使柔弱a. 阉割了的，柔弱的
torpid	'tɒ:pid	a. 麻痹的，迟缓的，迟钝的，蛰伏的[医] 迟钝的，不活泼的，缓慢的
outfox	.aut'fɒks	vt. 以计取胜
paunchy	'pɒ:ntʃi	a. 大肚子的，大腹便便的
abstinent	'æbstinәnt	a. 有节制的，禁欲的n. 禁欲者
slanderous	'slændәrәs	a. 中伤性的，中伤的，挖苦人的[法] 诽谤的，造谣中伤的，诋毁的
vim	vim	n. 精力，生气，精神
piddling	'pidliŋ	a. 不重要的，琐屑的
iridescence	.iri'desәns	n. 彩虹色[医] 虹色，晕色
pedagogue	'pedәgɒg	n. 小学教师，教员，学究
nostrum	'nɒstrәm	n. 万能药，成药，妙方[医] 秘方
centripetal	sen'tripitәl	a. 向心的[医] 向心的，向中的，求中的
nestling	'nesliŋ	n. 刚孵出的雏，未离巢的雏，幼儿
grouch	grautʃ	n. 脾气的发作，坏脾气，不高兴的人，心怀不满vi. 闹脾气，发牢骚
bilious	'biljәs	a. 患胆（或肝）病的，胆汁质的，坏脾气的[医] 胆汁的，胆汁质的
numinous	'nju:minәs	a. 精神上的，超自然的
cognizance	'kɒgnizәns	n. 认识，察知，审理
vaporous	'veipәrәs	a. 雾的，蒸气的，雾状的，多蒸气的，有雾的，无实际内容的，空想的，浮夸的
rustler	'rʌslә	n. 活跃分子，偷家畜贼
substratum	'sʌb'strɑ:tәm, 'sʌb'streitәm	n. 基础，根据，下层，基层，基质，培养基，胶层[计] 基底
honorarium	.ɒnә'rєәriәm	n. 酬金，谢礼[经] 酬金，谢礼
ebullience	i'bʌljәns	n. 沸腾，热情，热情洋溢[医] 沸腾
mordant	'mɒ:dәnt	a. 尖酸的，辛辣的，有腐蚀性的n. 腐蚀剂，金属箔粘着剂，媒染剂vt. 媒染
cornet	'kɒ:nit	n. 圆锥形纸袋，短号[医] 小助听筒
protuberance	prәu'tju:bәrәns	n. 突起，隆起物[医] 隆凸
doggerel	'dɒgәrәl	n. 打油诗
hedonist	'hi:dәunist	n. 快乐主义者，享乐主义者
obstreperous	әb'strepәrәs	a. 吵闹的，喧嚣的，骚乱的，不守秩序的
raffish	'ræfiʃ	a. 名誉不好的，无赖的，卑鄙的，俗艳的
anodyne	'ænәudain	n. 止痛药，镇痛剂a. 止痛的
deprecate	'deprәkeit	vt. 声明不赞成，抗议，反对[法] 对……表示不赞成，反对
penury	'penjuri	n. 贫困，贫穷，拮据，馈乏[法] 赤贫，缺乏
atonal	ei'tәunl	a. 无调性的
miff	mif	n. 小争执，愠怒vt. 使恼怒vi. 恼羞成怒
crudity	'kru:diti	n. 简陋，粗糙，不成熟状态
salubrious	sә'lu:briәs	a. 有益健康的，健康的[医] 增进健康的，适于卫生的
offstage		n. 台后，幕内a. 台后的，幕内的
manacle	'mænәkl	n. 手铐，束缚vt. 给……上手铐，束缚
somnolent	'sɒmnәlәnt	a. 想睡的，催眠的[医] 瞌睡的; 嗜眠的
dross	drɒs	n. 浮渣，碎屑，渣滓[化] 浮渣
sneaking	'sni:kiŋ	a. 偷偷逃走的，暗中的，卑微的[法] 隐密的，鬼祟的，卑怯的
gibe	dʒaib	v. 嘲笑n. 嘲笑
prudish	'pru:diʃ	a. 拘守礼仪的，过分规矩的，表面正经的
pasteurize	'pæstәraiz	vt. 用巴氏法灭菌[医] 施行巴氏消毒
sextant	'sekstәnt	n. 六分仪
impecunious	.impi'kju:njәs	a. 没有钱的，身无分文的，贫穷的
uproarious	ʌp'rɒ:riәs	a. 喧嚣的，热闹的，骚动的
gainsay	gein'sei	vt. 否定，反驳n. 否认，反驳，反对
fumigate	'fju:migeit	vt. 熏制[医] 熏烟
shopworn	'ʃɒpwә:n	a. 陈旧的
taciturn	'tæsitә:n	a. 沉默寡言的，不太说话的，无言的
reproof	ri'pru:f	n. 谴责，非难[法] 谴责，申诉，责备
misanthrope	'mizәnθrәup	n. 厌恶人类的人，不愿与人来往者
parlous	'pɑ:lәs	a. 危险的，不易对付的，精明的，麻烦的adv. 非常地，极度地
iniquitous	i'nikwәtәs	a. 不公正的，邪恶的
espousal	i'spauzl	n. 拥护，订婚，婚礼
drizzly	'drizli	a. 下毛毛雨的
toady	'tәudi	n. 谄媚者，马屁精v. 谄媚，拍马屁
callus	'kælәs	n. 皮肤的硬皮，胼胝，（植物伤口的）愈合组织，老茧[医] 胼胝; 骨痂
inclement	in'klemәnt	a. 险恶的，严酷的
soporific	.sәupә'rifik	a. 催眠的，想睡的，令人麻木不仁的n. 催眠剂，安眠药
rigmarole	'rigmәrәul	n. 冗长的废话，繁琐费时的手续a. 冗长的，无条理的
enervate	'enәveit	vt. 使衰弱a. 衰弱的，无力的
blackball	'blækbɒ:l	n. 反对票，黑球vt. 投票反对，排斥
insouciant	in'su:siәnt	a. 漫不经心的，无忧虑的，不在意的，满不在乎的
numerology	.nju:mә'rɔlәdʒi	n. 命理学；数字命理学
impolitic	im'pɒlitik	a. 失策的，不得当的
derangement		n. 捣乱，紊乱，精神错乱，混乱，搅乱，扰乱[计] 错位排列，重排
fastness	'fɑ:stnis	n. 要塞，巩固，迅速[医] 抗拒性
dilapidation	di.læpi'deiʃәn	n. 荒废，破损，崩塌[法] 倒塌，毁坏
herpetologist		n. 爬虫学者
ellipsis	i'lipsis	n. 省略，省略符号[计] 省略号
betoken	bi'tәukn	vt. 预示
sopping	'sɒpiŋ	a. 浑身湿透的
sidereal	sai'diәriәl	a. 星的，恒星的，恒星引起的，根据星球运行测定的
detestable	di'testәbl	a. 可憎的，可恶的
jingoism	'dʒiŋ^әjiz(ә)m	n. 侵略主义，大国沙文主义
plebeian	pli'bi:әn	n. 平民，庶民，大众，平庸的人a. 平民的，一般的，普通的，粗俗的
gangling	'gæŋgliŋ	a. 瘦长难看的
arachnid	ә'ræknid	n. 蛛形纲动物[医] 蜘蛛
egotist	'egәutist	n. 自我中心主义者
perfunctorily	pә'fʌŋktәrili	adv. 敷衍地，马虎地，潦草地，表面地
avowal	ә'vauәl	n. 公开表示，坦率承认[法] 声明，公开宣布，供认
puckish	'pʌkiʃ	a. 顽皮的，恶作剧的
bereave	bi'ri:v	vt. 使孤寂，使丧失，使失去
interregnum	.intә'regnәm	n. 空位期间，过渡期，中断
wearisome	'wiәrisәm	a. 使疲倦的，使厌倦的，乏味的
fervid	'fә:vid	a. 热的，热心的
interstice	in'tә:stis	n. 空隙，裂缝[医] 小间隙
encomium	en'kәumjәm	n. 赞辞，称赞，赞美
fulminate	'fʌlmineit	vt. 使爆发，以严词谴责vi. 爆炸，怒喝，电闪n. 雷酸盐，烈性炸药
vagrancy	'veigrәnsi	n. 漂泊，流浪，神思恍惚[法] 流氓，无赖
mendacious	men'deiʃәs	a. 虚假的，说谎的[法] 不诚实的，好说谎的，虚假的
univocal	ju:'nivәkl	a. 单一意思的，意义明确的
reportorial	.repә'tɒ:riәl	a. 记者的，报道的
megalomania	.megәlә'meiniә	n. 夸大狂[医] 夸大狂
hankering	'hæŋkәriŋ	n. 渴望，切望
calumny	'kælәmni	n. 诽谤，中伤[法] 诬告，诽谤，中伤
equable	'ekwәbl	a. 平静的，变动小的
roughen	'rʌfәn	v. （使）变粗糙
misperceive	.mispә'si:v	vt. 误解；看错
necropolis	ne'krɒpәlis	n. 大墓地，史前坟场
parley	'pɑ:li	n. 会谈，谈判vi. 会谈，谈判vt. 讲
shipshape	'ʃipʃeip	a. 整洁干净的，整整齐齐的adv. 整洁地，整齐地
sibilant	'sibilәnt	a. 咝咝作声的n. 齿擦音
reconnoiter	.rekә'nɔitә. .ri:-	vt. 侦察，勘查
expiation	.ekspi'eiʃәn	n. 赎罪，补偿[法] 偿罪，赎罪
friable	'fraiәbl	a. 易碎的，易成粉末的，脆弱的[医] 易碎的，脆的
sensitization	.sensitai'zeiʃәn	n. 敏感化，致敏作用[化] 敏化作用; 致敏作用
verbose	vә'bәus	a. 用字多的，冗长的，累赘的[计] 详述
spoor	spuә	n. 痕迹，足迹v. 循着足迹追踪
imprecation	.impri'keiʃәn	n. 祈求，诅咒
enfeeble	in'fi:bl	vt. 使衰弱
vituperative	vi'tju:pәreitiv	a. 责骂的，叱责的
coterminous	kәu'tә:minәs	a. 相连的，连接的
hauteur	әu'tә:	n. 傲慢；自大
emulsify	i'mʌlsifai	vt. 使乳化[医] 乳化
serried	'serid	a. 密集的，林立的，锯齿状的
conciliate	kәn'silieit	vt. 安抚，说服，博得……的支持，调和[法] 调解，安抚，抚慰
cauterize	'kɒ:tәraiz	vt. 烧灼，使麻木不仁[医] 烧灼，烙
illusive	i'lju:siv	a. 幻影的，错觉的，迷惑人的
epigram	'epigræm	n. 警句，讽刺短诗
crotchety	'krɒtʃiti	a. 有怪想的，反复无常的，想入非非的
potboiler	'pɒtbɒilә	n. （以糊口而写的）粗制滥造文艺作品，粗制滥造作品的人
remunerative	ri'mju:nәreitiv	a. 有报酬的，有利可图的，合算的
gustatory	'gʌstәtәri	a. 尝味的，味觉的[医] 味觉的，味的
yokel	'jәukәl	n. （贬）乡巴佬，土包子，乡下佬
vitreous	'vitriәs	a. 玻璃的，玻璃似的，玻璃体的[医] 玻璃体，玻璃状的，透明的
extemporaneous	ik.stempә'reiniәs	a. 无准备的，即席的，临时的[医] 临时的，当时的
libelous	'laibәlәs	a. 诽谤的，败坏名誉的，爱诽谤的，诽谤性的
gastronomy	gæs'trɒnәmi	n. 美食法，烹饪法
lineal	'liniәl	a. 直系的，正统的，嫡出的[法] 直系的，世袭的，继承的
braggart	'brægәt	n. 吹牛者，自夸者a. 吹牛的，自夸的
sepulchral	si'pʌkrәl	a. 坟墓的，埋葬的
arrogate	'ærәugeit	vt. 没来由地把……归属于，僭取[法] 冒称具有，僭取，侵占
superannuated	sju:pә'rænjueitid	a. 年老退休的，老朽的，体弱退休的，领养老金的，过时的，太旧的，废弃的
hedonic	hi:'dɒnik	a. 快乐的，快乐论的n. 快乐论
pugilist	'pju:dʒilist	n. 拳击手
augury	'ɒ:gjuri	n. 预兆，占卜
peaky	'pi:ki	a. 有峰的，多峰的，尖的，消瘦的
striated	'straieitid	a. 有条纹的，有线纹的[医] 纹状的
elephantine	.eli'fæntain	a. 象的，巨大的，粗笨的
adumbrate	'ædʌmbreit	vt. 画……的轮廓，预示
lank	læŋk	a. 瘦的，细长的，长而柔软的
faddish	'fædiʃ	a. 趋于时尚的，风行的，流行的
libertine	'libәti:n	n. 放荡者，玩乐者，浪子，自由思想家a. 放荡的
draftsmanship	'drɑ:ftsmәnʃip; 'dræft-	n. 制图术
cloudburst	'klaudbә:st	n. 倾盆大雨，豪雨
sybaritic	,sibә'ritik	a. 奢侈享乐的，耽于奢侈逸乐的，骄奢淫逸的
dyspeptic	dis'peptik	a. 消化不良的，引起消化不良的，患消化不良的n. 消化不良者
alimentary	.æli'mentәri	a. 饮食的，供养的[化] 营养的
unexceptionable	.ʌnik'sepʃәnәbl	a. 无懈可击的，极好的，完美无缺的
polymath	'pɒlimæθ	n. 博学者
odium	'әudiәm	n. 憎恶，讨厌，臭名
garble	'gɑ:bl	vt. 断章取义，混淆[电] 曲解
imponderable	im'pɒndәrәbl	a. 无重量的，无法计算的，不可估价的n. 无法衡量的事物
circumlocution	.sә:kәmlә'kju:ʃәn	n. 迂回的说法
inveigle	in'veiɡl. -'vi:-	vt. 诱骗；诱使
effrontery	i'frʌntәri	n. 厚颜无耻
obsolescent	.ɒbsә'lesәnt	a. 在逐步废弃的
incandescence	.inkæn'desәns	n. 白热，炽热[化] 炽热; 灼热
irredeemable	.iri'di:mәbl	a. 不能赎回的[经] 不能偿还的，不能兑现的
astrolabe	'æstrәleib	n. 星盘
debility	di'biliti	n. 衰弱，体弱[医] 虚弱
dotage	'dɒtidʒ	n. 老耄，老迷糊，溺爱[医] 衰老，老耄
ingress	'ingres	n. 进入，入口，准许进入[法] 进入，入境，入口
unbidden	.ʌn'bidn	a. 未奉命的，未受指使的，自发的，未受邀请的
gambol	'gæmbәl	n. 跳跃，雀跃，嬉戏vi. 跳跃，雀跃，耍闹
elocution	.elә'kju:ʃәn	n. 雄辩术，演说法
warmonger	'wɒ:.mʌŋgә	n. 战争贩子[法] 战争贩子
gestate	'dʒesteit	vt. 孕育
purloin	pә:'lɒin	v. 偷窃，盗取
interrogative	.intә'rɒgәtiv	n. 疑问词，问号a. 疑惑的，疑问的
sere	siә	a. 干枯的n. 演替系列
incorporeal	.inkɒ:'pɒ:riәl	a. 无实体的，灵魂的，无形体的[法] 无形体的，非物质的，精神的
sinecure	'saini.kjuә	n. 闲职[经] 领干俸的职位
propitiate	prә'piʃieit	vt. 慰抚，安抚，和解，谋求……的好感
boor	buә	n. 粗野的人，不懂礼貌的人，农民
stentorian	sten'tɒ:riәn	a. 声音洪亮的
scissor	'sizә	vt. 剪，剪取，删除，削减n. 剪刀
dabbler	'dæblә	n. 戏水者，浅尝者
befuddlement		[医] 迷惘，迷糊
particularize	pә'tikjulәraiz	v. 详细说明，列举，使特殊
cadge	kædʒ	v. 行乞，乞讨，贩卖
pedant	'pedәnt	n. 自夸学问的人，空谈家，书呆子
byproduct	'bai.prɒdækt	n. 副产品
lave	leiv	vt. 沐浴，洗n. 剩余物
timorous	'timәrәs	a. 胆怯的，胆小的，羞怯的
mendacity	men'dæsiti	n. 虚伪，谎话，说谎癖[医] 谎言癖，谎言
stinginess		n. 吝啬
premeditate	pri'mediteit	v. 预谋，预先考虑
ductile	'dʌktail	a. 易延展的，韧性的，易教导的[医] 延伸性的
obtrude	әb'tru:d	vt. 逼使，强迫，伸出vi. 打扰，强行闯入
modish	'mәudiʃ	a. 流行的，时髦的
expostulate	ik'spɔstjuleit	vi. 劝诫，告诫；忠告
ingrate	in'greit	n. 忘恩者a. 不知恩的，忘恩的
testy	'testi	a. 易怒的，暴躁的
jape	dʒeip	n. 戏言，笑料，嘲弄vi. 开玩笑vt. 嘲弄
remonstrance	ri'mɒnstrәns	n. 抗议，忠告，规劝[法] 抗议，抗辩，规劝
agronomy	ә'grɒnәmi	n. 农艺学，农学
intercessor	.intә'sesә	n. 仲裁者，调解人[法] 调解人，说情者，从中调解者
harridan	'hæridәn	n. 凶恶的老妇，丑婆，鬼婆
labile	'leibail	a. 不安定的，易发生变化的[医] 不稳定的，易变的
palaver	pә'lɑ:vә	n. 谈判，交涉，洽商，废话，奉承vi. 唠叨，拍马屁，交涉，用花言巧语骗人vt. 笼络，哄骗
persnickety	pә'snikәti	a. 爱挑剔的，吹毛求疵的，精细的
diehard	'daihɑ:d	n. 顽固分子[法] 顽固分子，顽固派，死不屈从者
seemly	'si:mli	a. 适当的，恰当的，合适的，好看的
protract	prәu'trækt	vt. 延长，拖延，伸出，绘制[法] 延迟，拖延，延长
mawkish	'mɒ:kiʃ	a. 淡而无味的，令人作呕的，感伤的
killjoy	'kildʒɒi	n. 令人扫兴的人，煞风景
disinter	.disin'tә:	vt. 掘出，发掘，使显露
execrable	'eksikrәbl	a. 该咒的，可憎恨的，讨厌的
preponderant	pri'pɒndәrәnt	a. 占优势的，多数的，主要的，突出的
tautological	,tɔ:tә'lɔdʒikәl	a. 重复的，赘述的
delectation	di:lek'teiʃәn	n. 愉快，欢乐
crepuscular	kri'pʌskjulә	a. 微光的，黄昏的，拂晓的[医] 黄昏的，朦胧的
sagacious	sә'geiʃәs	a. 睿智的，聪明的，贤明的，伶俐的
ossify	'ɒsifai	vt. 使骨化，使硬化，使僵化vi. 骨化，硬化，变得极端保守
depressant	di'presnt	a. 有镇静作用的n. 镇静剂
immolate	'imәuleit	vt. 为供神而宰杀，牺牲，杀死
recondite	'rekәndait	a. 深奥的，难解的，隐藏的
puerile	'pjuәrail	a. 孩子气的，天真的，未成熟的[医] 儿童的，幼稚的
simper	'simpә	n. 假笑，傻笑，痴笑vi. 假笑，傻笑，痴笑vt. 假笑着说
perfidious	pә'fidiәs	a. 不忠贞的，背信的，有异心的
prehensile	pri'hensail	a. 能抓的，善于领会的，贪得无厌的[医] 抓握的，捕捉的
ambidextrous	.æmbi'dekstrәs	a. 两手俱利的，搞两面派的[医] 两手同利的
extirpation	.ekstә:'peiʃәn	n. 消灭，根除，毁灭[医] 摘除
presentiment	pri'zentimәnt	n. 预感
impermanent	im'pә:mәnәnt	a. 暂时的，非永久的
peregrination	.perigri'neiʃәn	n. 徒步旅行，旅程，人生历程，漫谈，泛论
defoliate	di:'fәulieit	v. （使）落叶
declamation	.deklә'meiʃәn	n. 慷慨激昂的演说，雄辩，慷慨激昂的演说词
temporize	'tempәraiz	vi. 随潮流，拖延，妥协，调停
legerdemain	.ledʒәdә'mein	n. 戏法，骗术，诡辩
asperity	æ'speriti	n. 粗暴，严酷，粗糙
tyro	'tairәu	n. 初学者，生手，新手
lingual	'liŋgwәl	a. 舌的，舌音的，语言的n. 舌音
perigee	'peridʒi:	n. 近地点
heliotrope	'hi:liәtrәup	n. 天芥菜属植物，淡紫色[化] 向阳植物; 鸡血石
liberality	,libә'ræliti	n. 慷慨，宽宏大量，心胸宽大，胸怀广阔，公正，丰富，宽阔，丰满
scabrous	'skeibrәs	a. 粗糙的，多痂的，难解决的，猥亵的
forswear	fɒ:'swєә	vt. 发誓抛弃，发誓否定vi. 发伪誓，作伪证
expiate	'ekspieit	vt. 补偿，赎vi. 抵偿，赎罪
virago	vi'rɑ:gәu	n. 泼妇，悍妇
undirected	.ʌndi'rektid	a. 未受指导的，无姓名和地址的
antediluvian	.æntidi'lu:viәn	a. 大洪水前的，陈旧的，过时的n. 大洪水以前的人，老迈的人
lucre	'lu:kә	n. 收益，钱财
meretricious	.meri'triʃәs	a. 华丽而庸俗的，俗气的，娼妓的
unreserved	.ʌnri'zә:vd	a. 不隐瞒的，坦白的
otiose	'әuʃiәus	a. 不必要的，怠惰的，没有用的，多余的
irremediable	.iri'mi:diәbl	a. 不能治疗的，不能改正的，不能挽回的
gluttonous	'glʌtnәs	a. 暴食的，贪吃的，贪心的
aquiline	'ækwәlain	a. 鹰的，似鹰的，钩状的
verdigris	'vә:digri:s	n. 铜绿[化] 铜绿; 碱式碳酸铜
matriarchy	'meitriɑ:ki	n. 女家长制，女族长制
insubordinate	.insә'bɒ:dinәt	a. 不顺从的，地位不低的
variegation	.vєәri'geiʃәn	n. 斑驳，彩色，杂色，多种多样
wastrel	'weistrәl	n. 浪费者，饭桶，浪子，废品，流浪者
retentive	ri'tentiv	a. 保持的，有保持力的，记性好的
striate	'straieit	a. 有条纹的vt. 加条纹
dullard	'dʌlәd	n. 蠢人，笨蛋
perspicacious	.pә:spi'keiʃәs	a. 聪颖的，聪明的，敏锐的，有洞察力的
superintend	.sju:pәrin'tend	v. 指挥，管理，监督
twaddle	'twɒdl	n. 废话，蠢话vi. 讲废话
recantation	.ri:kæn'teiʃәn	n. 放弃信仰，改变论调
careworn	'kєәwɒ:n	a. 忧心忡忡的
crabbed	'kræbid	a. 潦草的，难懂的，易怒的，倔强的
excitability	ik.saitә'biliti	n. 易兴奋性，兴奋性，激动性[医] 应激性，刺激感受性，兴奋性
mendicant	'mendikәnt	a. 行乞的，托钵修道会的，化缘的n. 乞丐，乞讨，托钵僧
indispensability		n. 不可缺少，责无旁贷
unscented	ʌn'sentid	a. 无香味的；无气味的
corpuscle	'kɒ:pʌsәl	n. 细胞，血球，微粒[计] 微粒，粒子
skullduggery	skʌl'dʌ^әri	n. 欺骗，诡计，诈骗
discography	dis'kɔ^rәfi	[医] 椎间盘造影术
potentiate	pә'tenʃieit	vt. 赋与力量，加强vi. 有加强作用
lambaste	læm'beist	vt. 痛打，严责
fosse	fɒs	n. 壕，沟渠，护城河
emollient	i'mɒliәnt	a. 使柔软的n. 软化剂，润肤剂
inconstancy	in'kɒnstәnsi	n. 易变，不定性，反复无常
fretwork	'fretwә:k	n. 回纹装饰，浮凸雕工
noisome	'nɔisәm	a. 有害的，恶臭的，有毒的，可厌的，令人不快的
addle	'ædl	vt. 使昏乱，使腐坏vi. 变质a. 昏乱的，腐坏的
palpitate	'pælpiteit	vi. 悸动，心跳，发抖[医] 心悸
ceremonious	.seri'mәunjәs	a. 讲究仪式的，隆重的
importune	.impɒ:'tju:n	vt. 强求，硬要vi. 强求，纠缠
waspish	'wɒspiʃ	a. 如黄蜂的，腰细的，易怒的
estrange	i'streindʒ	vt. 使疏远，离间，使离开
chary	'tʃєәri	a. 细心的，吝啬的，谨慎的
wizen	'wizn	vt.vi. （使）枯萎，（使）雕谢
unpremeditated	.ʌnpri'mediteitid	a. 未经事先考虑的，无预谋的，偶然的[法] 非故意的，无预谋的，无准备的
overweening	.әuvә'wi:niŋ	a. 骄傲的，自负的，过于自信的，过分的
peccadillo	.pekә'dilәu	n. 轻罪，小过，小瑕疵
abstemious	æb'sti:mjәs	a. 有节制的，节约的
bounteous	'bauntiәs	a. 慷慨的，充足的，宽裕的
dodder	'dɒdә	vi. 摇摆，蹒跚n. 菟丝子
fusty	'fʌsti	a. 发霉的，守旧的，陈腐的
cygnet	'signit	n. 小天鹅
transfuse	træns'fju:z	vt. 输血，充满[医] 输血，输液
restiveness		n. 难以驾御；倔强
bibliophile	'bibliәufail	n. 爱书者，藏书家
noncommittal	.nɒnkә'mitәl	a. 不明朗的，不承担义务的
turpitude	'tә:pitju:d	n. 卑鄙行为，卑鄙[法] 邪恶，可耻行为，卑鄙
exigent	'eksidʒәnt	a. 紧急的，迫切的，苛求的[法] 催告书，勒令，限令
auricular	ɒ:'rikjulә	n. 耳的，私下对人说的，耳状的[医] 耳的; 心耳的; 心房
shibboleth	'ʃibәleθ	n. 暗语，暗号，口令，口号，行话，术语，习俗，习惯，陈词滥调，过时的信仰
stygian	'stidʒiәn	a. 冥河的，阴森森的，幽暗的，不可侵犯的，不可违背的
vaporization	.veipәrai'zeiʃәn	n. 蒸发，汽化[化] 汽化
sermonize	'sә:mәnaiz	v. 说教，布道，说大道理与人听
suborn	sʌ'bɒ:n	vt. 使作伪证，唆使，怂恿，收买
quadruped	'kwɒdruped	n. 四足动物[医] 四足的，四足动物
superfluity	,sju:pә'fluiti	n. 多余，过剩，多余物，过剩品，奢侈
pusillanimous	.pju:si'lænimәs	a. 无勇气的，胆怯的，优柔寡断的
hawser	'hɒ:zә	n. 大缆，系船索，曳船索
bumptious	'bʌmpʃәs	a. 瞎自夸的，瞎自大的，傲慢的
windbag	'windbæg	n. 空话连篇的人，风囊
hie	hai	vt. 使急行，催促
fluvial	'flu:vjәl	a. 河流的
munificence	mju:'nifisns	n. 丰厚，慷慨给与
numismatic	.nju:miz'mætik	a. 货币的，奖章的，古币学的
choleric	'kɒlәrik	a. 易怒的[医] 胆汁质的，急躁的
nonviable	nɒn'vaiәbl	a. 无法生活的[医] 不能生活的
plangent	'plændʒәnt	a. 轰鸣的，凄切的，哀鸣的
iterate	'itәreit	vt. 反复说，重复[计] 迭代
coagulant	kәu'ægjulәnt	n. 凝结剂[化] 凝结剂
blustering	'blʌstiŋ	a. 狂风大作的，狂暴的
subvention	sәb'venʃәn	n. 补助金，津贴，援助[经] 补助金，津贴
preeminent	pri:'eminәnt	a. 优秀的，超群的，卓越的
shipwright	'ʃiprait	n. 造船木匠
bacchanal	'bækәnl	a. 酒神的，酒神节的，狂饮作乐的n. 酒神崇拜者，狂饮作乐
aggrandize	ә'grændaiz	vt. 增加，夸大
castigation	.kæsti'geiʃәn	n. 惩罚，苛评，修订
lapidary	'læpidәri	n. 宝石工艺匠，宝石鉴定家a. 宝石雕刻的，宝石的
blazon	'bleizәn	vt. 装饰，宣布n. 纹章
derogate	'derәugeit	v. 贬损，毁损
imposture	im'pɒstʃә	n. 欺诈，冒牌
petrify	'petri,fai	vt. （非正式）使惊呆，使吓得要死，使发呆vt.vi. 使石化，使成为化石，使变僵，变僵硬，使消失活力，使僵化
dietetics	daiә'tetiks	n. 饮食学[医] 饮食学
parch	pɑ:tʃ	vt. 烤，烘，使干透vi. 烤干，焦干
puffery	'pʌfәri	n. 夸大广告，吹捧
ramify	'ræmifai	v. （使）分枝，（使）分叉，（使）成枝岔状
pellucid	pә'lju:sid	a. 透明的，澄清的，明了的[医] 透明的
clannish	'klæniʃ	a. 氏族的，宗族的，团结心很强的
exculpate	'ekskʌlpeit	vt. 使无罪，开脱[法] 使无罪，申辩无罪，辩解
insensate	in'senseit	a. 无感觉的，迟钝的，无生命的，无情的
preliterate	pri:'litәrәt	a. 文字出现以前的
voracity	vә'ræsiti	n. 贪食，贪婪
antedate	'ænti,deit	vt. 先于，前于[经] 提前日期（比实际毋早的日期）
incubus	'iŋkjubәs	n. 梦淫妖，梦魇，沉重的负担[医] 梦魔，梦魇
unregenerate	ʌnri'dʒenәrәt	a. 灵魂未得再生的，不悔改的，怙恶不悛的，顽固不化的
expatiate	ek'speiʃieit	vi. 详述，细说，漫游
valediction	.væli'dikʃәn	n. 告别，告别辞
seraphic	sә'ræfik	a. 六翼天使的，天使一般的，纯洁的
anhydrous	æn'haidrәs	a. 无水的[医] 无水的
diabolic	daiә'bɔlik	a. 恶魔的，恶毒的，凶暴的，恶魔似的，（非正式）非常可憎的
gnomic	'nәumik	a. 格言的，含格言的
putrefy	'pju:trifai	v. （使）化脓，（使）腐烂，（使）堕落
defoliant	di:'fәuliәnt	n. 脱叶剂，落叶剂[化] 脱叶剂
factotum	fæk'tәutәm	n. 家务总管，杂役，爱管闲事者[经] 杂工
cosmopolitanism	,kɔzmә'pɔlitәnizәm	n. 世界主义[法] 世界主义，世界大同主义
coarsen	'kɒ:sәn	v. （使）变粗
proverbially	prә'vә:biәli	adv. 如谚语所说，众所周知
olfaction	ɒl'fækʃәn	n. 嗅觉[医] 嗅觉，嗅
mollycoddle	'mɒlikɒdl	n. 女性化的男人，娇生惯养的人，伪善的人vt. 溺爱，娇养
panegyric	.pæni'dʒirik	n. 赞颂，颂词，推崇备至
immure	i'mjuә	vt. 监禁，禁闭
plutocracy	plu:'tɒkrәsi	n. 富豪统治[经] 财阀统治，富豪统治
underbid	.ʌndә'bid	vt. 出较低的价钱，出价低于（他人）vi. 喊价过低，叫牌过低
protuberant	prәu'tju:bәrәnt	a. 突起的，招人注意的
precipitant	pri'sipitәnt	a. 突如其来的，勇往直前的，急促的，径直向下的n. 沉淀剂
piebald	'paibɒ:ld	a. 花斑的，杂色的，杂种的n. 花斑马
venial	'vi:njәl	a. 可原谅的，可宽恕的，轻微的[法] 可宽恕的，可原谅的，轻微的
idolater	ai'dɒlәtә	n. 偶像崇拜者，崇拜者，皈依者
suppliant	'sʌpliәnt	a. 恳求的，哀求的n. 恳求者，哀求者
reprobate	'reprәubeit	n. 堕落的人，恶棍，被神遗弃的人a. 堕落的，邪恶的vt. 斥责，非难，拒绝
supplicate	'sʌplikeit	v. 恳求，哀求，恳请
nonpareil	'nɔnpәrәl	a. 无比的，无上的n. 完美无比的人，举世无双的人/物，完美无比的物
malapropism	'mælә'prɔpizәm	n. 文字的错用
stagy	'steidʒi	a. 戏剧的，戏一般的，夸大的，做作的
debark	di'bɑ:k	vt. 使登陆，使下船，卸（货）vi. 登陆
sybarite	'sibәrait	n. 爱奢侈享乐的人，奢侈逸乐之徒，骄奢淫逸的人
foppish	'fɒpiʃ	a. 浮华的，矫饰的，纨绔的，傻的
dolorous	'dɒlәrәs	a. 忧伤的，悲痛的
tickler	'tiklә	n. 难题，难事，备忘录，呵痒的人[经] 备忘录，记事本，到期票据记录簿
gazetteer	.gæzә'tiә	n. 地名辞典，公报作者
loutish	'lautiʃ	a. 粗野的，无礼的
souse	saus	n. 溅落，浸入，腌渍用盐汁，腌制物，浸水vt. 把……浸如水中，腌制，弄醉vi. 被浸透，喝醉adv. 扑通一声地，出其不意地
arrhythmic	ә'riðmik	a. 无节奏的[医] 心律失常的，心律不齐的，无节律的
holograph	'hɒlәugræf	n. 亲笔文件a. 亲笔的
lubricious	lu:'briʃәs	a. 滑的，光滑的，淫荡的，不稳定的
dissimulate	di'simjuleit	v. 掩饰，假装，装糊涂
asphyxia	æs'fiksiә	n. 窒息[医] 窒息; 无脉，绝脉（旧名）
mountebank	'mauntәbæŋk	n. 江湖郎中，骗子
biped	'baiped	n. 两足动物a. 有两足的
skinflint	'skinfliŋt	n. 吝啬鬼
impalpable	im'pælpәbl	a. 不可触知的，不能感知的，难以理解的[医] 不可接触的，极细微的
emaciation	i.meisi'eiʃәn	n. 瘦弱，憔悴，衰弱[医] 消瘦
demotic	di'mɒtik	a. 人民的，民众的，通俗的
nonporous	'nɔn'pɔ:rәs	a. 无孔的，无孔隙的
sententious	sen'tenʃәs	a. 简洁的，警句的，富于格言的
lissome	'lisәm	a. 柔软的，敏捷的
gloaming	'glәumiŋ	n. 夕幕，黄昏，薄明
frigidity	fri'dʒiditi	n. 寒冷，冷淡[医] 寒冷，冷淡，性感缺失
odoriferous	.әudә'rifәrәs	a. 散发气味的，臭的
underestimated	,ʌndə'estimeitid	v. 对…估计不足，低估（ underestimate的过去式和过去分词 ）; 对…认识不足（或重视不够）, 低估，轻视
runic	'ru:nik	a. 如尼文字的
warranted		a. 担保的；保证的
tare	tєә	n. 巢菜，稗子，皮重vt. 称皮重
valorous	'vælәrәs	a. 勇敢的，勇武的，刚勇的
masticate	'mæstikeit	v. 咀嚼
adventitious	.ædven'tiʃәs	a. 偶然的，外来的[医] 偶生的，偶发的; 异位的
cupidity	kju:'piditi	n. 贪心，贪婪
abash	ә'bæʃ	vt. 使不安，使羞愧，使困窘
unwonted	.ʌn'wʌntid	a. 不习惯的，不寻常的，非惯常的
motile	'mәutail	a. 能动的，运动表象型的n. 运动表象型
eclogue	'eklɒg	n. 牧歌，田园诗
espy	i'spai	vt. 看出，望见，发现
votary	'vәutәri	n. （天主教）立誓献身者，崇拜者，支持者，信徒
tackiness	'tækinis	n. 粘着性
convoke	kәn'vәuk	vt. 召集……开会
orthodontics	,ɔ:θәu'dɔntiks	[医] 正牙学
bruit	bru:t	vt. 散播[医] [杂]音
controvert	'kɒntrәvә:t	vt. 议论，辩驳，驳击vi. 参加辩论
maladroit	.mælә'drɒit	a. 笨拙的，拙劣的，愚钝的
disport	dis'pɒ:t	v. 玩耍，娱乐n. 娱乐
pulchritude	'pʌlkritju:d	n. 美丽
coruscate	'kɒrәskeit	vi. 闪烁，熠熠生辉，焕发
coltish	'kәultiʃ	a. 小马似的，蹦蹦跳跳的，不守纪律的
macerate	'mæsәreit	vi. 浸软，消瘦vt. 把……浸软，使消瘦
nugatory	'nju:gәtәri	a. 无价值的，无用的，无效的，琐碎的
abase	ә'beis	vt. 降低……的地位，降低……的品格，贬抑，使谦卑
whelp	hwelp	n. 小狗v. 下崽
oblation	әu'bleiʃәn	n. 向上帝的供奉，祭献，（对宗教、慈善业的）损献，祭品
muzzy	'mʌzi	a. 发呆的，无精神的，含糊的
trammel	'træml	n. 鱼网，拘束，束缚vt. 拘束，束缚
cringing		n. 奉承（的）
ruminant	'ru:minәnt	a. 反刍类的，沉思的，默想的n. 反刍动物
tauten	'tɒ:tn	v. 使绷紧，拉紧
cogitate	'kɒdʒiteit	v. 思考，考虑
connubial	kә'nju:bjәl	a. 结婚的，夫妇的，配偶的
marred	'mɑ:d	v. 毁坏，损坏，玷污（ mar的过去式和过去分词 ）
indubitable	in'dju:bitәbl	a. 无疑的，确实的，明显的[法] 不容置疑的，明确的
bathetic	bә'θetik	a. 陈腐的，突降的
unfeigned	.ʌn'feind	a. 非假装的，真实的，诚实的
pullet	'pulit	n. 小母鸡
abnegation	.æbni'geiʃәn	n. 放弃，舍弃，克制
indigence	'indidʒәns	n. 贫乏，穷困的人们
mottle	'mɒtl	vt. 使呈杂色n. 杂色，斑点
purgative	'pә:gәtiv	a. 净化的，通便的，赎罪的n. 泻剂
sapient	'seipjәnt	a. 装聪明样的，聪明的，伶俐的，有见识的
sparing	'speәriŋ	a. 节约的，节制的，吝啬的，爱惜的，吝惜的，节省的，贫乏的，少量的
puissance	'pju:isns	n. 力，势，权力
distention	dis'tenʃәn	n. 扩张，膨胀[医] 膨胀，扩张
achromatic	ækrәu'mætik	a. 无色的，不分光的，消色差的，非染色质的[化] 消色差的
eaglet	'i:glit	n. 小鹰
pantechnicon	pæn'teknikɒn	n. 家具仓库，家具搬运车
obloquy	'ɒblәkwi	n. 辱骂，毁谤，耻辱
gerontocracy	.dʒerɒn'tɒkrәsi	n. 老人统治，老人管理，老人集团
exiguous	eg'zigjuәs	a. 稀少的，细微的，细小的
saturnine	'sætәnain	a. 沉默寡言的，阴沉的，铅中毒的[医] 铅的
perambulate	pә'ræmbjuleit	vt. 巡行，徘徊，漫步于，勘查vi. 漫步，闲荡，迂回
snappish	'snæpiʃ	a. 要咬人的，厉声说话的，没好气的
extenuate	ik'stenjueit	vt. 减轻，为……找借口[法] 减轻，低估，藐视
rebus	'ri:bәs	n. 谜，画谜
svelte	svelt. sfelt	a. 苗条的；线条清晰的；和蔼的
palmy	'pɑ:mi	a. 棕榈的，多棕榈的，繁荣的，从棕榈中提取的
schematize	'ski:mәtaiz	vt. 把……图式化，将……列入计划
cavil	'kævil	n. 无端的指责，挑剔v. 吹毛求疵
badinage	bædinɑ:ʒ	n. 开玩笑；嘲弄，揶揄
procrustean	prәu'krʌstiәn	a. 普罗克汝斯忒斯的，强求一致的
improvident	im'prɒvidәnt	a. 无远见的，浪费的
apiary	'eipjәri	n. 养蜂场
illuminati	i.lu:mi'nɑ:ti:	n. 先觉者
entrancing	'entrәnsiŋ	a. 使人神魂颠倒的，使人入神的，令人欣喜的
petrology	pi'trɒlәdʒi	n. 岩石学
epicure	'epi.kjuә	n. 美食家，讲究饮食的人
sluggard	'slʌgәd	n. 偷懒者，游手好闲的人，懒鬼
osseous	'ɒsiәs	a. 骨的，骨质的，多骨的[医] 骨的，骨性的
factitious	fæk'tiʃәs	a. 人为的，人工的，不自然的[医] 人工的，人造的，假的
predestine	pri:'destin	vt. 预定，注定
sated	ˈseɪtɪd	a. <正>厌腻的
counterpoise	'kauntәpɒiz	vt. 均衡，平衡，使平衡n. 衡重体，秤锤，平衡
desideratum	di.zidә'reitәm	n. 所愿望之物，迫切需要之物
malediction	.mæli'dikʃәn	n. 咒，坏话
frolicsome	'frɒliksәm	a. 嬉戏的，爱闹着玩的
incommensurate	.inkә'menʃәreit	a. 不相称的，不适应的
diminuendo	di,minju'endәu	n. [乐]渐弱演奏（部分）a. [乐]渐弱的adv. [乐]渐弱地
hallow	'hælәu	vt. 使……神圣，视为神圣n. 圣徒
mulish	'mju:liʃ	a. 似骡的，执拗的，顽固的
complaisant	kәm'pleizәnt	a. 谦恭的，殷勤的，顺从的
euphonious	ju:'fәuniәs	a. 音响好的，悦耳的，声音和谐的
ambrosial	æm'brәuzjәl	a. 特别美味的
unstinting	'ʌn'stintiŋ	a. 无限制的，慷慨的
testiness	'testinis	n. 易怒，暴躁
sophism	'sɒfizm	n. 诡辩
provender	'prɒvәndә	n. 粮草，秣，食物
ratiocination	.rætiɒsi'neiʃәn	n. 推理，推论
florescence	flɒ:'resәns	n. 开花，花期，全盛期[医] 开花期，花候
rarefaction	.rєәri'fækʃәn	n. 稀薄化，稀薄[医] 稀疏[状态], 疏松[状态]
acerbity	ә'sә:biti	n. 涩，酸，尖刻[化] 涩度
drollery	'drɒlәri	n. 玩笑
traduce	trә'dju:s	vt. 诽谤，中伤，背叛[法] 诽谤，中伤，诋毁
congruous	'kɒŋgruәs	a. 一致的，适合的，符合的
cynosure	'sinә.zjuә	n. 小熊座，北极星，众目之的
desuetude	di'sju:itju:d	n. 废止，不用[法] 废止，废绝，法律的失效
barefaced	'bєәfeist	a. 公然的，无耻的，无面具的
vitalize	'vaitlaiz	vt. 赋予生命，给予活力，使有生气[医] 使有生机，活力化
debouch	di'bautʃ	vi. 走出，流出vt. 使流出
flagellate	'flædʒәleit	vt. 鞭打，鞭挞a. 鞭状的，鞭索形的，有鞭毛的n. 鞭毛虫
malinger	mә'liŋgә	vi. 装病[医] 诈病，装病
homiletics	.hɒmi'letiks	n. 说教术
waggish	'wægiʃ	a. 爱开玩笑的，诙谐的
prepossessing	.pri:pә'zesiŋ	a. 给人好感的
prognosticate	prɒg'nɒstikeit	vt. 预兆，预言，预测[医] 预测（疾病的结局）
sequestrate	si'kwestreit	vt. 扣押，没收[法] 扣押，没收，把系争物交第三者保管
maleficent	mә'lefisnt	a. 有害的，做坏事的，犯罪的
puissant	'pju:isnt	a. 强有力的，强盛的，有权力的
emend	i'mend	vt. 修订，校勘
inadvertence	,inәd'v\\\\:tәns	n. 漫不经心，粗心大意，疏漏，错误[法] 粗心大意，疏漏，漫不经心
gregariousness	ɡrɪ'ɡerɪəsnəs	集群性; 簇聚性
presumable	pri'zu:mәbl	a. 可推测的，可能有的，似真的[法] 可假定的:可推测的，可推定的:可能的
coeval	kәu'i:vәl	a. 同时代的n. 同时代的人
vulpine	'vʌlpain	a. 狐狸的，狐狸似的，诡计多端的
numismatist	nju:'mizmәtist	n. 钱币（或奖章）收藏家
cineaste	'siniæst	n. 电影爱好者，电影制作人员
instate	in'steit	vt. 任命[法] 授予人职位，任命，安置
parturition	.pɑ:tjuә'riʃәn	n. 分娩，生产[医] 分娩，生产
fustian	'fʌstiәn	n. 棉麻粗布，浮夸的话a. 棉麻粗布的，浮夸的
polyandry	.pɒli'ændri	n. 一妻多夫，多雄蕊式[医] [一雌]多雄配合，[一妻]多夫配合
ciliate	'siliit	a. 有睫的，有纤毛的n. 纤毛纲的动物，纤毛虫
hirsute	'hә:sju:t	a. 多毛的，有粗毛的[医] 多毛的
satiated	'seiʃieitid	a. [对……厌倦的；充分满足的；生腻的[with]
hangdog	'hæŋdɒg	a. 鬼鬼祟祟的，卑躬屈膝的，低贱的n. 卑微的人
impermeability	im.pә:miә'biliti	n. 不渗透性，不透过性[医] 不[渗]透性
anthropoid	'ænθrәupɒid	n. 类人猿a. 似人的
brindled	'brindld	a. 有斑的，有斑纹的
effluvia	i'flu:vjә	[医] 泄出，排出，排出物，臭气
prate	preit	vi. 唠叨，空谈vt. 瞎扯n. 唠叨，空谈，瞎扯
palliate	'pælieit	vt. 减轻，缓和，掩饰（罪过等）[医] 缓和，减轻
abnegate	'æbnigeit	vt. 放弃，舍弃，克制（欲望）
abominate	ә'bɒmineit	vt. 厌恶，憎恶
aboveboard	ә.bʌv'bɒ:d	adv. 光明正大地，率直地a. 光明正大的，率直的
abscission	æb'siʒәn	n. 切断，除去[医] 切除
abstentious	æb'stenʃəs	a. 有节制的
acarpous	ei'kɑ:pәs	a. [植]不结果的，无果实的
acquainted	ә'kweintid	a. 知晓的；有知识的；熟识的
acrophobia	.ækrәu'fәubiә	n. 恐高症[医] 高处恐怖
adlib	æd'lib	v. 临时穿插，信口说出，即兴讲演[计] 状态说明设计语言
adulate	'ædjuleit	vt. 谄媚，过分称赞
agglomerate	ә'glɒmәreit	n. 大团，大块a. 成块的，聚结的vt. 使成团，使成块，使聚结vi. 成团，成块，聚结
aggrieve	ә'gri:v	vt. 使委屈，使悲痛，侵害[法] 侵害，使悲痛，使委屈
alliterate	ә'litәreit	v. 用头韵法，押头韵
annals	'ænәlz	n. 编年史，活动年报，历史
antecedence	ænti'si:dәns	n. 先，居先，先行
apocrypha	ә'pɔkrifә	n. 作者（或真实性、权威性）可疑的著作；旁经
apothegm	'æpәθem	n. 格言，箴言
artifacts		n. 史前古器物；人工产品
astigmatic	,æsti^'mætik	a. 散光的，矫正散光的[计] 象散
avant-garde	.ævɔŋ'ɡɑ:d	n. 先锋派；前卫派
awe-inspiring	'ɔ:in,spaiәriŋ	a. 使人畏惧的
backset	'bækset	n. 挫折，倒退，逆流，涡流
bedizen	bi'daizn	vt. 俗丽地打扮（或装饰）
belabor	bi'leibә	vt. 痛打[法] 殴打，鞭打，辱骂
beleaguer	bi'li:gә	vt. 围，围攻
bellwether	'bel.weðә	n. 系铃带头羊，前导，领导者
benison	'benizәn	n. 祝福
bibulous	'bibjulәs	a. 饮酒的，嗜酒的，吸水的[医] 吸水的
blinds	'blaindz	n. 百叶窗；盲人（常用复数）
boding	'bәudiŋ	a. 凶兆的，预兆的n. 凶兆，前兆，预感
bootless	'bu:tlis	a. 无用的，无益的[法] 无益的，无用的
bowdlerize	'baudlәraiz	vt. 删除，删改
brattish	'brætiʃ	a. 被惯坏的；讨厌的；无礼的，幼稚的
calipers	'kælipәz	pl. 测径规，卡钳[化] 卡钳
calumniate	kә'lʌmnieit	vt. 中伤，诽谤[法] 诬蔑，诽谤，中伤
captious	'kæpʃәs	a. 吹毛求疵的，挑剔的
celerity	si'leriti	n. 迅速，快速
cephalic	si'fælik	a. 头的[医] 头的，头侧的
churl	tʃә:l	n. 下层自由民，中世纪的农民，出身低贱的人，乡下人，粗暴的人，吝啬鬼，守财奴
circumlocutory	.sә:kәm'lɒkjutәri	a. 拐弯抹角的，迂回的
closed-minded	'kləʊzdˌmɑɪndɪd	a. 思想保守的，不易接受新鲜事物的，有成见的
cloy	klɒi	vt. 使吃饱，使过饱，使厌腻vi. 倒胃口
cognomen	kɒg'nәumәn	n. 姓，名字，绰号[法] 姓，名字，别名
cold-blooded	kәjld'blʌdid	a. 冷血的，（贬）无情的，残酷的[医] 冷血的
comestible	kә'mestibl	a. 可吃的n. 食物
complaisance	kәm'pleizәns	n. 谦恭，殷勤，顺从
concatenate	kɒn'kætәneit	vt. 如锁链般连接，使连锁，连结a. 连锁的，连结的
condign	kәn'dain	a. （尤指惩罚）应得的，适宜的
condole	kәn'dәul	vi. 哀悼，慰问，吊唁
congest	kәn'dʒest	vt. 使充满，使拥塞，使充血vi. 充塞，充血，拥挤
conspectus	kәn'spektәs	n. 概观，一览表，大纲
constringe	kәn'strindʒ	vt. 压缩，使收缩，使收敛
contumacious	.kɒntju:'meiʃәs	a. 不听命令的，反抗权威的，反抗法院命令的[法] 反抗法院命令的，不听命令的
contumacy	'kɒntjumәsi	n. 拒不服从，反抗权威[法] 不听法院命令，藐视法庭
contumely	'kɒntju:mili	n. 无礼，傲慢，侮辱
corrugate	'kɒrugeit	vt. 使起皱，成波状vi. 起皱a. 有皱的，起皱的，波状的
cozen	'kʌzn	v. 欺骗，瞒
cumber	'kʌmbә	vt. 妨害，阻碍，使受苦n. 妨害，累赘
currish	'kә:riʃ	a. 野狗似的，脾气坏的，没教养的
damped		a. 被窒息的；阻尼的；衰减的
dastard	'dæstәd	n. 懦夫，卑鄙的人a. 怯懦的
daubster	'dɒ:bstә	n. 拙劣的画匠
defalcate	di'fælkeit	vi. 盗用公款，侵吞公款[经] 侵吞，盗用，贪污
defoliator	di'fәulieitә	n. 除叶剂，食叶之昆虫
deforest	.di:'fɒrist	vt. 滥伐森林，砍掉……上的树林
denunciate	di'nʌnsieit, -ʃieit	vt. 告发，抨击，谴责
deracinate	di'ræsineit	vt. 根除，杜绝，使脱离传统
desalinize	di:'sælinaiz	v. 除去盐分，淡化海水
descry	di'skrai	vt. 看出，看见，发现
desiccate	'desikeit	vt. 使干，干贮vi. 变干
destructible	di'strʌktibl	a. 可破坏的
detraction	di'trækʃәn	n. 转移，缩小，减损，贬低，毁损
dilapidate	di'læpideit	v. （使）荒废，（使）毁坏
dipsomania	.dipsәu'meiniә	n. 嗜酒症，饮酒狂[医] 间发性酒狂
disaffect	.disә'fekt	vt. 使疏远，使不忠，使不满意
discombobulate	.diskәm'bɒbjuleit	vt. 使混乱，使困惑，使泄气
discombobulated	,dɪskəm'bɒbjʊleɪt	vt. 使混乱；使泄气；使困惑
discomfited	dis'kʌmfitid	v. 使为难（ discomfit的过去式和过去分词）; 使狼狈; 使挫折; 挫败
discompose	.diskәm'pәuz	vt. 使不安，使烦乱，使烦恼
disenchant	.disin'tʃɑ:nt	vt. 使清醒
disfranchise	dis'fræntʃaiz	vt. 剥夺公民权，剥夺推举议员权，夺权利[法] 剥夺公民权，剥夺选举权，终止特许权
disgruntle	dis'grʌntl	vt. 使不高兴
dishevel	di'ʃevl	vt. 使蓬乱，使头发凌乱
disproof	dis'pru:f	n. 反证，反驳[法] 反证，反证物，反驳
distain	dis'tein	v. 使变色，弄脏，伤害名誉
distrait	dis'trei	a. 心不在焉的
divagate	'daivә^eit	v. 流浪，漫游，离题
doggo	'dɔɡәu	adv. 隐秘地；躲藏地；一动也不动地
doldrums	'dɒldrәmz	n. 忧郁，赤道无风带
double-cross		vt. 欺骗，出卖
down-to-earth		a. 实际的
dulcet	'dʌlsit	a. 悦目的，美妙的，美味的，悦耳的
earsplitting	'iәsplitiŋ	a. 震耳欲聋的
earthshaking	'ә:θ.ʃeikiŋ	a. 惊天动地的
ecdysis	'ekdisis	n. 蜕皮，蜕化[医] 蜕皮，换羽
effervesce	.efә'ves	vi. 冒泡，泡腾，兴奋[医] 起泡，发气泡
effulgent	i'fʌldʒәnt	a. 光辉灿烂的
empyreal	.empai'ri:әl	a. 最高天的，九天的，苍天的
empyrean	.empai'ri:әn	n. 最高天，九天，苍天
encipher	in'saifә	vt. 译成密码[计] 编码
encomiast	en'kәumiæst	n. 宣读或写作颂辞之人，赞美者，阿谀者
endue	in'dju:	vt. 授予，赋予，穿上
enfetter	in'fetә	vt. 给……上脚镣，束缚，使受制于
enflame	in'fleim	v. 燃烧
engrossment	in'^rәjsmәnt	n. 正式缮写的文件，专注
environ	in'vaiәrәn	vt. 包围，环绕
eulogistic	,ju:lә'dʒistik	a. 颂扬的，歌功颂德的，称赞的
even-tempered		a. 性情平和的
evenhanded	'i:vәn'hændid	a. 公平的，公平无私的
exceptionable	ik'sepʃәnәbl	a. 可反对的，可抗议的
excogitate	eks'kɒdʒiteit	vt. 想出，研究出，设计，发明
excruciate	iks'kru:ʃieit	vt. 施酷刑，拷问，使苦恼，折磨
excursive	ik'skә:siv	a. 游览的，离题的，散漫的[医] 移动性的
execrate	'eksikreit	vt. 憎恨，憎恶，诅咒vi. 诅咒
execration	.eksi'kreiʃәn	n. 憎恶，诅咒，被咒骂的人（或事）
exhilarate	ig'zilәreit	vt. 使高兴，使愉快，鼓励
expurgate	'ekspә:geit	vt. 删除，修订，使纯洁
extemporize	ik'stempәraiz	v. 即席演说，即兴演奏，当场作成
extricable	'ekstrikәbl	a. 可救出的，可解救的
facilities		n. 工具，设施，设备
factorable		[计] 可分解因子的
fail-safe		n. 自动防故障装置a. 自动防故障装置的[计] 故障保险
fainthearted	'feint'hɑ:tid	a. 懦弱的，无精神的，胆小的
famish	'fæmiʃ	vt. 使挨饿vi. 饥饿，挨饿
far-reaching		a. 深远的，广泛的，伸至远处的
fatuity	fә'tju:әti	n. 愚钝，昏庸，愚蠢言行[医] 愚昧
faultfinder	'fɒ:ltfaindә	n. 吹毛求疵的人
felicitate	fә'lisiteit	vt. 庆祝，庆贺
festal	'festәl	a. 节日的，祭日的，欢乐的
filings		n. 锉屑[医] 锉屑
finable	'fainәbl	a. 应罚款的[法] 可罚款的，该罚款的
flaggy	'flægi	a. 多扁石的，多菖蒲的，凋萎的，松软的
flatcar	'flætkɑ:	n. 平板货车，平板车
flaunty	'flɔ:nti	a. 虚华的
footle	'fu:tl	n. 废话，傻话，愚蠢的做法，呓语，呆话vi. 说呆话，做笨事
forebode	fɒ:'bәud	v. 预示，预兆，预感
four-poster		n. 四柱大型卧床
frowzy	'frauzi	a. 不整洁的，有臭味的，很闷的
fructify	'frʌktifai	vi. 结果实vt. 使结果实，使肥沃
full-blown		a. 盛开的，成熟的，（帆等）满张的
full-bodied		a. 肥胖的，魁梧的，浓郁的，范围广的
full-fledged	'fjl'fledʒd	a. 羽毛生齐的，发育完全的，有充分资格的
fungi	'fʌndʒai, 'fʌŋ^ai	pl. 真菌，突然发生而迅速生长的东西[医] 真菌，霉菌，蕈，海绵肿
furbish	'fә:biʃ	vt. 擦亮，研磨，磨光
garrulity	gæ'ru:liti	n. 饶舌，多嘴[医] 多言
gaucherie	'gәuʃәri:	n. 笨拙，不老练，无礼
geometrician	.dʒiәumә'triʃәn	n. 几何学者
germicide	'dʒә:misaid	n. 杀菌剂[化] 杀菌剂
goldbrick	'gәuldbrik	vi. 逃避工作，游手好闲n. 假金砖，赝品，懒汉
gormandize	'gɒ:mәndaiz	v. 狼吞虎咽n. 讲究饮食，大吃大喝
gustation	gʌs'teiʃәn	n. 尝味，味觉[医] 味觉，尝味
guttle	'gʌtl	v. 狼吞虎咽地吃喝
gynaecocracy	,dʒaini'kɔkrәsi, ^ai-	n. 妇女当政，女权政治
halfhearted	'hɑ:f'hɑ:tid	a. 不认真的，无兴趣的，不热心的
hardbitten	ˌhɑ:dˈbɪtn	a. 顽强的，坚韧的
hardheaded	'hɑ:d'hedid	a. 不易激动的，冷静的，脚踏实地的，无懈可击的
hardihood	'hɑ:dihud	n. 胆大无敌，刚毅，厚颜，强壮
heartrending	'hɑ:t.rendiŋ	a. 令人心碎的，悲惨的
heavy-handedness		笨手笨脚的
helot	'helәt	n. 希洛人（古斯巴达奴隶）, 奴隶，农奴
helve	helv	n. 柄vt. 装柄于
hemostat	'hi:mәstæt	n. 止血钳子，止血剂[医] 止血器，止血剂
henpecked	'henpekt	a. 怕老婆的，惧内的，老婆当家的
homograph	'hɒmәugræf	n. 同形异义字
horology	hɒ'rɒlәdʒi	n. 测时法，钟表制造术
hortative	'hɒ:tәtiv	a. 劝告的，奖励的
idolatrize	ai'dɔlәtraiz	vt. 把…奉为偶像；盲目崇拜
impend	im'pend	vi. 迫近，威胁，悬挂
impenitent	im'penitәnt	a. 不知悔改的，顽固的n. 不知悔改的人，顽固的人
impuissance	im'pju(:)isns	n. 无力，虚弱，无能
inappreciable	.inә'pri:ʃәbl	a. 微不足道的
incertitude	in'sә:titju:d	n. 不确实，无信心，不安全
incogitant	in'kɔdʒitәnt	a. 无思想的；粗心的；不体谅的
incorrigibility	in.kɒridʒә'biliti	n. 屡教不改，难望矫正
incrustation	.inkrʌs'teiʃәn	n. 用硬壳包，镶嵌，痂，硬壳[医] 结痂，痂
inculpate	'inkʌlpeit	vt. 使负罪，控告，使连累[法] 控告，连累，归罪于
indices	'indisi:z	pl. 索引，指针，指数，指标
indite	in'dait	vt. 写成文章，创作
indurate	'indjureit	vt. 使硬化，使无感觉，使确立a. 顽固的，冷酷的
inebriate	i'ni:briәt	a. 酒醉的n. 酒鬼vt. 使醉，使陶醉
ineffaceable	.ini'feisәbl	a. 不能消除的，不能抹掉的
inelasticity	.inilæs'tisiti	n. 无弹力，生硬，不适应性[化] 非弹性
inexpedient	.inik'spi:djәnt	a. 不便的，不适当的，失策的
inexpiable	in'ekspiәbl	a. 不能抵偿的，不能平息的
infatuate	in'fætjueit	vt. 使迷恋，使糊涂a. 着迷的n. 迷恋者
infelicitous	.infi'lisitәs	a. 不幸的，不完善的，不适当的
infelicity	.infi'lisiti	n. 不幸，不适当
insentient	in'senʃiәnt	a. 无知觉的，无生命的
insolate	'insәleit	vt. 使曝晒
intangibility	in.tændʒә'biliti	n. 不可触知性，不能把握，难以理解
interlope	,intә(:)'lәup	vi. 闯入，干涉，无执照营业[法] 侵占他人权益，无执照营业
intumescence	.intju:'mesns	n. 膨胀，肿大[医] 肿大，膨大，隆起
inured		a. 习惯的，坚强的
invigilate	in'vidʒileit	vi. 看守，监考
irradicable	i'rædikәbl	a. 不能根除的
jejune	dʒi'dʒu:n	a. 贫弱的，不毛的，无味干燥的，不成熟的
jesting	'dʒestiŋ	a. 爱开玩笑的，打趣的，说着玩的，滑稽的，逗趣的，好笑的
jocund	'dʒɒkәnd	a. 欢乐的，高兴的
judiciousness		n. 明智
know-how	'nәuhau	n. 实际知识，技术秘诀，诀窍[计] 技术诀窍
lachrymose	'lækrimәus	a. 爱哭的，悲哀的
leisureliness	'li:ʒәlinis	n. 悠然，从容
levelheaded	'levәl'hedid	a. 稳健的，头脑冷静的；明智的
licit	'lisit	a. 合法的，正当的[法] 合法的，正当的
ligneous	'ligniәs	a. 似木的，木质的，木制的[医] 木样的
lineaments	ˈlɪniəmənts	n. <正>（面部等的）特征，轮廓
long-winded	'lɔŋ'windid;'lɔ:ŋ-	a. 气息长的，冗长的，罗唆的
lowbred	'lәu'bred	a. 未受过好教育的
lucubrate	'lu:kju:breit	vi. 在灯下用功，深入研究，专心著作
maculate	'mækjuleit	a. 有斑点的，有污点的vt. 使有斑点，使有污点
maculated		有斑点的
magniloquent	mæg'nilәukwәnt	a. 使用夸大文句的，夸张的，吹牛的
malodor	mæ'lәudә	n. 恶臭
manumit	.mænju'mit	vt. 解放，释放
maraud	mә'rɒ:d	v. 劫掠，掠夺，袭击n. 劫掠，掠夺，袭击
mechanics	mi'kæniks	n. 机械学，结构，力学[化] 力学
merited	'meritid	a. 应得的；理所当然的
mesmerism	'mezmәrizm	n. 催眠术，催眠状态[医] 催眠术
mettlesome	'met(ә)lsәm	a. 精神饱满的，有生气的，勇敢的
minatory	'minәtәri	a. 威胁的
minutes		n. 会议记录[法] 备忘录，会议记录，审判记录
misogamy	mi'sɒgәmi	n. 厌恶结婚[医] 厌婚症
mistimed	'mɪstaɪmd	a. 时间错误的，不合时宜的v. 在不适宜的时候说或做（ mistime的过去式和过去分词 ）
mnemonics	ni:'mɒniks	n. 记忆术[医] 记忆术
monomania	.mɒnәu'meiniә	n. 狂热，偏执狂[医] 单狂，偏狂
mores	'mɔ:ri:z	n. 习惯，道德态度，惯例，习俗[医] 风俗，习惯
mulct	mʌlkt	n. 罚金vt. 科以罚金，抢夺
muniments		（muniment 的复数） n. 契据，证券，文件，防御手段[法] 保护，保护的手段，档案
narcissist	nɑ:'sisist	n. 自我陶醉者
natation	nei'teiʃәn	n. 游泳
naysay	'neisei	n. 拒绝，否认vt. 拒绝，否认
necessitous	ni'sesitәs	a. 贫乏的，穷困的，紧迫的，必需的
nephritis	ne'fraitis	n. 肾炎[医] 肾炎
nethermost	'neðәmәust	a. 最低的，最下面的
niggard	'nigәd	n. 吝啬鬼a. 吝啬的，小气的
nippers		n. 钳子（nipper的复数形式）
nipping	'nipiŋ	a. 刺骨的，刺人肌肤的，讥刺的
nonesuch	'nʌnsʌtʃ	n. 无以匹敌的人，无与伦比的事物
nonflammable	nɒn'flæmәbl	a. 不燃烧的[电] 无燃的
nonplus	'nɒnplʌs	vt. 使困惑n. 迷惑，困惑
nonradioactive	'nɔnreidiә'æktiv	n. 非放射性
notability	.nәutә'biliti	n. 显著，著名，著名人物
nucleate	'nju:klieit	v. （使）成核a. 有核的
oafishness		n. oafish的变形
oddments	ˈɒdməntz	n. 零头，碎屑; 碎屑（ oddment的复数形式 ）; 余料; 附页
off-key		a. 走调的，不正常的，不适合的，不和谐的
offish	'ɒ:fiʃ	a. 不亲热的，冷漠的，疏远的，健康较差的
opalescence	.әupә'lesns	n. 乳白光，蛋白色光[化] 乳光
opprobrious	ә'prәubriәs	a. 嘴不干净的，无礼的，粗野的，辱骂的，该骂的
orotund	'ɒ:rәutʌnd	a. 朗朗的，夸大的，做作的
other-directed	'ʌðәdi'rektid	a. 受人支配的，缺少自主性的，随俗的
palings		n. 木栏，围篱
palter	'pɒ:ltә	vi. 含糊其词，马虎处理，讨价还价，敷衍了事
peculate	'pekjuleit	v. 挪用，盗用，侵吞
peery	'piәri	好奇的，怀疑的
pelf	pelf	n. 钱财，不义之财[法] 不义之财，劫掠物，阿堵物
pell-mell	'pel'mel	adv. 乱七八糟地，凌乱地，忙乱地a. 胡乱的，混乱的n. 乱七八糟，混乱，杂乱
pendent	'pendәnt	a. 下垂的，悬而未决的，向外伸出的，即将来临的[法] 悬而未决的，即将发生的，即将来临的
perfervid	pә:'fә:vid	a. 非常热心的，热烈的，充满激情的，白热化的
periphrastic	.peri'fræstik	a. 委婉的，迂回的，冗长的[医] 嗦话的，赘语的
perishing	'periʃiŋ	a. 使人痛苦的，致命的，讨厌的，糟糕的
persiflage	.pә:si'flɑ:ʒ	n. 戏弄，插科打诨，嘲弄，挖苦
perspicuity	.pә:spi'kju:iti	n. 明晰，明了，简明，表达清楚，易懂
perspicuous	pә'spikjuәs	a. 表达得清楚的，明白的，明了的
pertinacious	.pә:ti'neiʃәs	a. 坚持不放的，执拗的，顽固的，顽强的，（疾病）难以治好的
pervious	'pә:viәs	a. 使通过的，能渗透的，让过去的，能接受的，有穿透力的[医] 可渗透的，可透过的
pestilent	'pestilәnt	a. 致命的，传染性的，有害的，伤风败俗的，引起瘟疫的
pettish	'petiʃ	a. 易怒的，闹情绪的，怒气冲冲的
pharisaic	,færi'seiik	法利赛人的
phenomena	fi'nɒminә	pl. 现象
philatelist	fi'lætәlist	n. 集邮家
philately	fi'lætәli	n. 集邮，集邮的兴趣，集邮者（总称）
piscatorial	.piskә'tɒ:riәl	a. 渔业的，渔民的
pithiness	'piθinis	n. 多髓性，简洁有力
plentitude	'plentitju:d	n. 充分
pleonastic	.pli:әu'næstik	a. 冗言的[医] 赘余[畸形]的
poltroon	pɒl'tru:n	n. 懦夫，胆小鬼a. 胆怯的
ponderable	'pɒndәrәbl	a. 可估量的，可称量的，有重量的n. 值得估量的事物
positiveness		n. 信心；肯定
potation	pәu'teiʃәn	n. 喝，一口的量，饮酒
preponderate	pri'pɒndәreit	vi. 占优势，主宰
prevision	.pri:'viʒәn	n. 先见，预知
prolix	'prәuliks	a. 冗长的，说话罗唆的
prolixity	prәu'liksiti	n. 冗长，罗唆[法] 冗长失当，冗长的答辩，冗长的陈述
prorogue	prә'rәu^	vt.vi. （使）闭会，（使）休会[法] 使休会，使闭会
provisory	prә'vaizәri	a. 有附文的，有附带条件的[法] 有附文的，附带条件的，一时的
pugilism	'pju:dʒilizm	n. 拳击
pullulate	'pʌljuleit	vi. 发芽，抽芽，充满，产生，发展，成长[医] 出芽，生芽，发芽
purblind	'pә:blaind	a. 半盲的，愚钝的vt. 使成半瞎
purlieu	'pә:lju:	n. 森林边缘，常去的地方，范围，界限[法] 森林边缘的空地，界限，常到的地方
pyromania	.pairә'meiniә	n. 放火狂[医] 放火狂
qualms		n. 良心之谴责；不安
quisling	'kwizliŋ	n. 卖国贼[法] 卖国贼，内奸，通敌分子
raillery	'reilәri	n. 戏谑，逗趣
rapids	ræpidz	n. 湍流；急流
rapscallion	ræp'skæljәn	n. 流氓，恶棍
rebarbative	ri'bɑ:bәtiv	a. 厌烦的，令人讨厌的，难看的
refulgent	ri'fʌldʒәnt	a. 辉煌的，灿烂的
relenting	ri'lentiŋ	v. 怜悯，变温和，变宽厚（ relent的现在分词 ）; 堆成垛（ rick的过去式和过去分词 ）
remittent	ri'mitәnt	a. 张弛性的，缓解的n. 弛张热
renascent	ri'næsnt	a. 再生的，复活的
renunciate	ri'nʌnsieit	v. 放弃，抛弃，宣布中止
reparable	'repәrәbl	a. 可修缮的，可赔偿的，可补偿的[法] 可修补的，可补救的，可纠正的
repine	ri'pain	vi. 抱怨，发牢骚，向往
reprehend	.repri'hend	vt. 申斥，谴责，非难
requite	ri'kwait	vt. 报答，酬答，还礼
rescript	'ri:skript	n. 敕令，诏书，抄书[法] 敕命，诏书，命令
resurge	ri'sә:dʒ	vi. 再起，复活，复生
reticulation	ri.tikju'leiʃәn	n. 网眼，网状，网状物[医] 网状形成
roister	'rɔistә	vi. 大摇大摆，摆架子，喧闹，闹饮
rubicund	'ru:bikәnd	a. 红润的，透红的
saliferous	sә'lifәrәs	a. 含盐的
sangfroid	sɒŋ'frwɑ:	n. 冷静，泰然，沉着
scads		n. 很多；巨额
scathe	skeið	n. 危害，损伤，损害vt. 损伤，伤害，痛斥
scintillate	'sintileit	v. 发出火花，闪耀光芒
scission	'siʒәn	n. 切断，分离，分裂[医] 分裂
scrutable	'skru:tәbl	a. 可解读的，可以了解的
scutter	'skʌtә	vi. 急跑；疾走
securities	si'kjuәritis	n. 有价证券[经] 证券
sedulity	si'dju:liti	n. 勤勉，勤奋
sedulous	'sedjulәs	a. 勤勉的，勤苦工作的
self-abasement	'selfә'beismәnt	n. 自卑
self-absorbed	'selfәb'sɔ:bd	a. 自我专注的
self-assertion	'selfә'sә:ʃәn	n. 自作主张[法] 一意孤行，坚持自己的权利
sequacious	si'kweiʃәs	a. 盲从的，卑贱的，合于逻辑的
sequela	si'kwi:lә	n. 结果，后遗症[医] 后遗症，后发病，遗患
serrate	'serit	a. 锯齿状的[医] 锯齿状的
shavings		n. 刨花；剃须（shaving的复数形式）
shiftiness		奸诈
sibyl	'sibil	n. 女巫，女算命者，女预言家
sidesplitting	'saidsplitiŋ	a. 令人捧腹大笑的
sizzler	'sizlә	n. 极烫的东西，炎热天
slapdash	'slæpdæʃ	n. 草率a. 猛烈的，粗心的
sloven	'slʌvn	n. 懒散的人，散漫的人
slue	slu:	v. （使）旋转n. 旋转
smirch	smә:tʃ	vt. 沾污，弄脏n. 脏污，污点
spackle	'spækl	一种抹墙粉的商标名；抹墙粉于……
specifics	spi'sifiks	n. 详情；细节；特性（specific的复数）
speleology	,spili'ɔlәdʒi	n. 洞穴学
star-crossed		a. 时运不济的，运气不好的，不幸的
stouthearted	'staut'hɑ:tid	a. 刚毅的，大胆的
synergic	si'nә:dʒik	a. 协作的，协同的[计] 协作的; 合作的
tendinous	'tendinәs	a. 腱的[医] 腱的，腱性的
tightfisted	'tait'fistid	a. 吝啬的
timeworn	'taimwɒ:n	a. 陈旧的，老朽的
tined	taind	a. 尖端的；有齿的
tonsorial	tɒn'sɒ:riәl	a. 理发师的，理发的
topsy-turvy	.tɒpsi'tә:vi	adv. 颠倒地，乱七八糟地a. 颠倒的，乱七八糟的n. 颠倒，混乱vt. 使颠倒，使混乱
tractability	.træktә'biliti	n. 驯良，温顺，易处理
tresses		n. 女子的长发，长而未束的女人头发
trumpery	'trʌmpәri	n. 华而不实的东西，中看不中用的东西，废物，废话a. 虚有其表的，浅薄的，无用的
tumid	'tju:mid	a. 肿胀的，肿大的[医] 肿胀的
ulcerate	'ʌlsәreit	vt. 使溃疡，使腐败vi. 溃烂，腐败
ultramundane	'ʌltrә'mʌndein	a. 世界之外的，太阳系外的，超俗的，非现世的
undergird	'ʌndә'^ә:d	vt. 从底层加固，支持，加强
undisputable	,ʌndis'pju:tәbl	a. 无可置否的，无疑问的
ungrudging	'ʌn'^rʌdʒiŋ	a. 不吝惜的，慷慨的，自愿的，由衷的[法] 出自内心的，自愿的，情愿的
unguent	'ʌŋgwәnt	n. 软膏，药膏，润滑油[医] 软膏
unimpassioned	'ʌnim'pæʃәnd	a. 没有热情的，不动感情的
unscrupulousness		n. 狂妄；不择手段
unspotted	.ʌn'spɒtid	a. 无斑点的，无污点的，无瑕疵的
unthreatening	ʌnθ'retnɪŋ	不威胁的
ursine	'ә:sain	a. 熊的，像熊的
uxorious	ʌk'sɒ:riәs	a. 溺爱妻子的，一味顺从妻子的，怕老婆的[法] 对妻子过分宠爱的，怕老婆的
valetudinarian	'væli,tju:di'neәriәn	a. 有病的，虚弱的，过分担心健康的n. 病弱的人，过分担心健康的人
variegate	'vєәrigeit	vt. 使成斑驳，使多样化
vaunting	'vɒ:ntiŋ	a. 自吹自擂的，吹嘘的，傲慢的
veracious	vә'reiʃәs	a. 说实话的，诚实的，老实的，真实的
verisimilar	.veri'similә	a. 好像真实的[法] 貌似真的，似乎是真的，很可能的
versemonger	'vә:smʌŋgә	n. 拙劣诗人
vesture	'vestʃә	n. 衣服，衣裳，覆盖物vt. 给穿衣服
viands	'vaɪəndz	n. 食物，粮食
vicissitudinous	vi.sisi'tju:dinәs	a. 世事变化的，变迁的，有盛衰的
viscid	'visid	a. 粘的，胶粘的，粘质的[医] 粘的
vitrify	'vitrifai	vt.vi. （使）玻璃化
vituperate	vi'tju:pәreit	vt. 辱骂，责骂[法] 责骂，辱骂，谩骂
vying	'vaiiŋ	a. 竞争的vie的现在分词
well-groomed		a. 穿得考究的，十分整洁的，穿着考究的
whelm	'hwelm	vt. 用……覆盖，压倒，淹没vi. 覆盖，淹没
xenophobe	'zenәfәub	n. 畏惧和憎恨外国人的人[法] 仇视外国人，恐惧外国人者，害怕生人者
xerophyte	'ziәrәufait	n. 旱生植物
