# ECDICT bc015ed2e24a7abef49fc6dbbb7fe32c1dadaf8b | sha256 1a6947e04785db63613a92e14903cdae7954f7e84860b10e68e5c7cbb3f9c3cf | pack core | entries 5000
the	ðә	art. 那
be	bi:	v. 是，表示，在[计] 后端，总线允许
and	ænd	conj. 和，与[计] 与
of	ɒv	prep. 的，属于
a	ei	第一个字母 A; 一个; 第一的art. [计] 累加器，加法器，地址，振幅，模拟，区域，面积，汇编，组件，异步
in	in	prep. 在……期间，在……之内，处于……之中，从事于，按照，穿着adv. 进入，朝里，在里面，在屋里a. 在里面的，在朝的n. 执政者，交情
to	tu:	prep. 到，向，趋于adv. 向前
have	hæv	vt. 有，怀有，拿，进行aux. 已经
it	it	pron. 它[计] 信息论，输入终端，智能终端，内捕获
he	hi:	pron. 他n. 男孩，男人，雄性动物
i	ai	pron. 我[计] 电流，中断，指令，指示符
for	fɒ:	prep. 为，因为，至于conj. 因为[计] DOS批处理命令:对一组参数重复执行指定的命令
that	ðæt	a. 那，那个conj. 以致，因为pron. 那adv. 那么，那样
not	nɒt	adv. 不，非，未[计] 非
you	ju:	pron. 你，你们
with	wið	prep. 和……在一起，以，由于
on	ɒn	prep. 在……之上adv. ……上去a. 正起作用的[计] 打开
do	du:	v. 做，进行，完成
they	ðei	pron. 他们，它们
say	sei	vt. 说，讲，念，说明，指明vi. 说，讲n. 意见，发言权
this	θis	pron. 这，本a. 这，本adv. 这么
by	bai	prep. 被，经，由，在……之旁adv. 经过，在近处
she	ʃi:	pron. 她
at	æt	prep. 在，向，对[计] 地址转换器，异常传输，自动订票
but	bʌt	prep. 除了conj. 但是adv. 仅仅
we	wi:	pron. 我们
his	hiz	pron. 他的[化] 组氨酸
from	frɒm	prep. 从，来自，根据
which	hwitʃ	pron. 哪一个，那一个
or	ɒ:	conj. 或，或者[计] 或
n't	nt	adv. 不
an	æn	art. 一
will	wil	n. 意志，决心，意愿，意向，干劲，遗嘱vt. 用意志的力量驱使，决意，愿意，立遗嘱vi. 下决心，愿意aux. 将，愿意，必须
as	æz	adv. 同样地，例如prep. 做为，当作conj. 当……之时，以……的方式，像……一样，因为[计] 高级系统，先进系统，辅助存储器，自治系统
what	hwɒt	pron. 什么interj. 怎么，多么a. 什么的adv. 到什么程度
would	wud	aux. 将，愿意
can	kæn	vt. 装罐n. 罐头，容器aux. 能，可以[计] 作废字符
go	gou	vi. 去，走，达到，运转，查阅，消失，结束，放弃，花费，流传，趋于，打算，剩下vt. 以……打赌，对付，忍受，出产，为被捕者出（保释金）n. 去，尝试，进行
their	ðєә	pron. 他们的
there	ðєә	adv. 在那里
who	hu:	pron. 谁
get	get	vt. 得到，获得，变成，使得，收获，接通，抓住，染上vi. 到达，成为，变得n. （网球等）救球，生殖，幼兽[计] 取得指令，获取文件
all	ɒ:l	a. 所有的，全部的，一切的adv. 全部，全然pron. 全部n. 全部
if	if	conj. 如果，是否，无论何时，假设，即使n. 条件[计] DOS批处理命令:根据所测试的条件决定是否执行另一条命令
her	hә:	pron. 她的，她
make	meik	vt. 制造，安排，创造，构成，使得，产生，造成，整理，布置，引起，到达，进行vi. 开始，前进，增大，被制造，被处理n. 制造，构造，性情
my	mai	pron. 我的[医] 迈尔（热容单位）
one	wʌn	n. 一（个）pron. 一，任何人num. 一，一个a. 一致的，完整的
about	ә'baut	prep. 在……周围，大约，有关，关于adv. 大约，四处，在附近，周围
know	nәu	v. 知道，了解，认识，确信
see	si:	vt. 看见，查看，参观，游览，理解，知道，同意vi. 看，观看，注意，知道，考虑n. 主教的职位
so	sәu	adv. 如此，如是，如……那样conj. 所以，因此pron. 这样
time	taim	n. 时间，时侯，时机，时期，期限，次数，节拍，暂停，规定时间vt. 测定……的时间，记录……的时间，计时，定时a. 时间的，记时的，定时的，定期的，分期的[计] DOS内部命令:用于显示或设定系统的时间
up	ʌp	a. 向上的，起床的，涨的adv. 向上，上涨prep. 在……上面，向……的较高处
take	teik	vt. 拿，取，抓，带领，获得，就座，接受，吃，吸引，采取，乘，需要，花费vi. 吃掉对方棋子，抓住，起作用，依法获得财产n. 拿，取，收成，奏效
some	sʌm	pron. 一些，一部分，若干adv. 大约a. 一些的，少许的，某一的
year	jiә	n. 年，年度，年龄[经] 年度
when	hwen	conj. 当……的时候adv. 何时，什么时候pron. 什么时侯n. 时间
could	kud	aux. 可以，能
think	θiŋk	vt. 想，考虑，想起，想像，打算，认为vi. 思考，料想n. 想法a. 思想的
into	'intu:	prep. 进入……之内，朝……, 深入……之中，成为……状况
its	its	pron. 它的
then	ðen	adv. 然后，当时conj. 然后，当时n. 那时
them	ðem	pron. 他们，她们，它们
two	tu:	num. 二，二个
me	mi:	pron. 我
out	aut	a. 外面的，熄灭的，结束的adv. 在外，熄灭，出现prep. 出自，离去，向
people	'pi:pl	n. 人，人民，民族，平民vt. 使住满人，居住于
come	kʌm	vi. 过来，来，到达，出现，开始interj. 喂
your	juә	pron. 你的，你们的
just	dʒʌst	a. 正直的，合理的，正确的，应得的adv. 刚刚，正好，仅仅
now	nau	adv. 现在，刚才，目前n. 现在a. 现在的conj. 由于
no	nәu	n. 不，拒绝，否决票a. 没有，不是，绝非adv. 不
him	him	pron. 他
other	'ʌðә	a. 其他的，另外的，从前的pron. 其他的，他人，另外一个
only	'әunli	a. 唯一的，仅有的，最佳的adv. 只有，仅仅，只能conj. 但是，不过
give	giv	n. 弹性，适应性vt. 给，授予，供给，产生，发表，付出，献出，让出vi. 捐赠，支持不住，让步
than	ðæn	conj. 比，除……外prep. 比
good	gud	n. 善行，好处，利益a. 好的，优良的，上等的，愉快的，有益的，好心的，慈善的，虔诚的
more	mɒ:	n. 更多a. 多的，程度较大的，更大的adv. 多，更多，进一步[计] DOS外部命令:显示满屏后自动暂停，并显示:"--More--", 按任意键继续
like	laik	a. 相似的，同样的vt. 喜欢，愿意，想vi. 喜欢，希望n. 爱好，同样的人（或物）prep. 象，如同adv. 可能
these	ði:z	pron. 这些
how	hau	adv. 如何，怎样，多少，多么n. 方式
also	'ɒ:lsәu	adv. 也，并且，同样地
any	'eni	a. 任何的pron. 任何
first	fә:st	adv. 首先，第一，优先a. 第一的num. 第一n. 开始，第一
our	'auә	pron. 我们的
very	'veri	a. 真正的，恰好的，十足的，特有的adv. 非常，完全
new	nju:	a. 新的，陌生的，最近的，不熟悉的[法] 新发现的，新的，重新开始的
look	luk	n. 一看，神色，样子，面容vi. 看，注意，朝着，显得vt. 打量，看上去与……一样，以眼色（或脸色）显示，期待
want	wɒnt	n. 需要的东西，缺乏，贫困，需要vt. 要，希望，应该，缺少vi. 生活困苦，需要，缺少
may	mei	n. 五月aux. 愿能，可以，愿意
way	wei	n. 路，路线，路途，方法，道路，情形，规模，习惯，行业，方面adv. 远远地，非常
well	wel	n. 井，泉水，源泉，好v. 涌出a. 健康的，良好的，适宜的，恰当的adv. 很好地，适当地，好意地，很，完全interj. 好啦
should	ʃud	aux. 应该，将要
use	ju:s	n. 使用，习惯，使用价值，用法，使用权vt. 使用，利用，运用，耗费vi. 惯常
because	bi'kɒ:z	conj. 因为
day	dei	n. 天，日子，白天，工作日[医] 日（一昼夜）, 昼，白天
man	mæn	n. 男人，人类，人vt. 为……配备人手，操纵，使振奋[计] 城域网，手册
find	faind	vt. 发现，感到，找到，认为，得到vi. 裁决n. 发现[计] 查找; DOS外部命令:在指定的文件或从键盘输入的文本行中寻找指定的字符串，将符合条件的行或行数输出到标准输出设备上
here	hiә	adv. 在这里，此时，这里n. 这里
after	'ɑ:ftә	prep. 在……之后，由于conj. 在……之后adv. 后来
thing	θiŋ	n. 事物，东西，物，用品，事，事件，情况，行为，特征
between	bi'twi:n	prep. 在……之间
many	'meni	n. 多数，多数人a. 许多的pron. 许多
er	ʌ:, ә:,ә	[医] 铒（68号元素）
those	ðәuz	pron. 那些
down	daun	a. 向下的adv. 下，下去，降下prep. 往下，沿着n. 丘陵，软毛，开阔的高地[计] 向下，退下命令
tell	tel	vt. 告诉，说，吩咐，断定，知道vi. 讲述，泄密，告发，表明
yeah	jɑ:	adv. （非正式）是，是的
three	θri:	num. 三，三个
back	bæk	a. 后面的vt. 使后退，支持vi. 倒退，背靠adv. 向后地n. 背部，后面
even	'i:vәn	a. 平坦的，相等的，连贯的，均等的，公平的，偶数的，平均的，平衡的，恰好的vt. 使平坦，使相等vi. 变平，成为相等adv. 甚至，实际上，完全，十分n. 偶数，偶校验[计] 偶数，偶校验
such	sʌtʃ	a. 如此的，这样的
through	θru:	adv. 穿越，从头至尾，到底，因为prep. 经过，穿过a. 对穿的，直达的，完结的
over	'әuvә	adv. 结束，越过，从头到尾prep. 在……之上，遍于……之上，越过a. 上面的vt. 越过
woman	'wumәn	n. 女人，妇女，女仆a. 女用的，女性的，妇女的vt. 贬称……为女人，使成女人腔
must	mʌst	n. 必须，未发酵葡萄汁，绝对必要的事物aux. 必须
still	stil	n. 蒸馏室，寂静，剧照v. 蒸馏，（使）平静，（使）静止a. 静止的，不动的，静寂的，不起泡的，静物摄影的adv. 仍然，更，静止地conj. 然而，但是
us	ʌs	pron. 我们[经] 美国
child	tʃaild	n. 孩子，产物，追随者[医] 儿童
life	laif	n. 生活，生命，人生，世事，生物，寿命，一生，生命力，灵魂，无期徒刑[医] 生活，生存，生命，寿命
too	tu:	adv. 也，非常，太
put	put	vt. 放，摆，安置，移动，发射，投掷，写上，表达，使从事，使受到，驱使，赋予vi. 出发，航行，发芽n. 掷，股票出售权，笨蛋a. 固定不动的[计] 发送文件
work	wә:k	n. 工作，劳动，职业，行为，功，作品，成果，产品，工程vi. 工作，劳动，做，运转，起作用，被加工vt. 使工作，使转动，开动，使用，经营，使逐渐变得，造成
own	әun	n. 自己的a. 自己的，嫡亲的，同胞的vt. 拥有，支配，自认，承认，顺从于vi. 承认，供认
last	lɑ:st	a. 最后的，末尾的，最近的vi. 持续，支持，维持vt. 使维持，够……用adv. 最后，后来n. 最后，末尾，鞋楦头
oh	әu	interj. （表示惊讶、恐怖、赞叹）哦
mean	mi:n	a. 低劣的，卑贱的，简陋的，吝啬的，惭愧的，平均的，中间的，普通的vt. 意谓，想要，意欲，预定vi. 用意，有意义n. 平均数，中间，中庸
become	bi'kʌm	vi. 变成，变得vt. 适合
call	kɒ:l	n. 呼叫，访问，打电话，号召，召集，要求vt. 呼叫，召集，打电话vi. 叫喊，访问，叫牌[计] 调用; 呼叫; DOS内部命令:在批处理文件中调用另一个批处理文件
world	wә:ld	n. 世界，地球，宇宙，万物，世人，人间，领域，世事，世故，社会生活，大量[法] 世界，地球，世人
mr	'mistә(r)	先生[计] 存储器回收程序，多重请求
government	'gʌvәnmәnt	n. 政府，内阁[经] 政府，政治，政体
school	sku:l	n. 学校，鱼群，门派，学派vt. 教育，训练，培养vi. 成群地游
old	әuld	n. 以前，往昔a. 老的，旧的，古老的，年长的，老练的
leave	li:v	n. 许可，告别，请假，休假vt. 离开，剩下，遗忘，委托，丢弃vi. 出发，离开，生叶
try	trai	n. 尝试，试验，审理，审判vt. 试，尝试，试验，考验，审问，提炼vi. 尝试，试图
great	greit	a. 大的，非常的，主要的，重大的，崇高的，伟大的adv. 顺利地，得意地n. 全部，大人物，大师
ask	ɑ:sk	vi. 问，要求vt. 问，要求，邀请，需要
where	hwєә	adv. 在哪里pron. 哪里n. 地点
need	ni:d	n. 需要，必须，缺乏vt. 需要，必需vi. 贫困，有必要aux. 需要
erm	ɜ:m	abbr. ermine 貂; erythromycin 红霉素; erythromycin-resistant methylase 抗红霉素甲基化酶; elastic reservoir moulding 弹性水库浇铸
feel	fi:l	vt. 感觉，觉得，触摸，以为vi. 有知觉，摸索，同情n. 感觉，觉得，触摸
seem	si:m	vi. 象是，似乎
system	'sistәm	n. 系统，体系，制度，方式，秩序，分类原则[计] 系统; 体制; 体系
same	seim	a. 相同的，同样的pron. 相同的人（或事物）adv. 同样地
state	steit	n. 州，状态，情形，国家，政府，领土，国务，社会地位a. 国家的，正式的，礼仪用的，州的vt. 说明，陈述，规定[计] 状态
never	'nevә	adv. 从不，决不，不曾[法] 永不，决不，从来没有
might	mait	n. 力量，权力aux. 可能，也许
case	keis	n. 情形，情况，箱，容器，事实，病例，案例，框子vt. 装箱，包盖
part	pɑ:t	n. 部分，局部，零件，要素，等分，职责，角色，部位vt. 分开，分离，断绝，区别，分配vi. 分开，断裂，分手a. 部分的，局部的adv. 部分地，有些
high	hai	n. 高度，高处a. 高的，高级的，主要的，高尚的，高原的，高音的，昂贵的，傲慢的adv. 高度地，奢侈地
group	gru:p	n. 团体，组，团，群v. 聚合，成群[计] 创建组; 组，用户组
something	'sʌmθiŋ	pron. 某事，某物
really	'riәli	adv. 实际上，真实地，实在
number	'nʌmbә	n. 数，数字，数目，号码vt. 数，计算，共计vi. 计算，报数[计] 数字
most	mәust	n. 最多，最大a. 大多数的，几乎全部的，最多的adv. 最，最多，极其
yes	jes	adv. 是n. 是，同意v. 同意
another	ә'nʌðә	a. 另外的，再一的，不同的pron. 又一个，另一个，类似的另一个
however	hau'evә	adv. 然而，无论如何，究竟怎样conj. 然而，可是
much	mʌtʃ	n. 大量，许多，重要的事a. 很多的，重要的adv. 多，甚，几乎
show	ʃәu	n. 显示，表现，展览，卖弄，炫耀，外观，演出，洋相vt. 表示，显示，展现，陈列，演出，表明，指出，带领vi. 露面，显现，演出[计] 显示
family	'fæmәli	n. 家庭，家人，族a. 家庭的
house	haus	n. 房子，住宅，机构，议院，家族，家庭vt. 给……房子住，收藏vi. 住，躲藏
area	'єәriә	n. 区域，面积，范围，空地[计] 区域
company	'kʌmpәni	n. 公司，友伴，交往，连队，朋友，一群vt. 陪伴vi. 交往
while	hwail	n. 一会儿，（一段）时间conj. 当……的时候，虽然vt. 消磨
problem	'prɒblәm	n. 问题，难题a. 成问题的，难处理的
against	ә'geinst	prep. 反对，对着，倚靠
keep	ki:p	n. 生计，维持，保持vt. 保持，保存，遵守，看守，整理，维持，履行，经营，拘留，记帐vi. 保持，继续不断
again	ә'gein	adv. 再一次，又，到原处
student	'stju:dnt	n. 学生，研究者，学者
why	hwai	adv. 为什么n. 原因，理由
under	'ʌndә	prep. 在……之下，低于a. 下面的，从属的adv. 在下面
let	let	vt. 让，假设，出租，排放，妨碍vi. 出租，被承包n. 出租屋，障碍
service	'sә:vis	n. 服务，贡献，雇佣，公职，服役，功劳，仪式，送达，行政部门vt. 保养，维修a. 武装部队的，服务性的，仆人的，耐用的[计] 服务，业务
place	pleis	n. 地方，地点，位置，住所，座位，地位，处境，特权，空间，余地，职务，位vt. 放置，寄予，认出，评定，任命vi. 名次列前
big	big	a. 大的，重要的adv. 大量地
hand	hænd	n. 手，爪，指针，掌握，协助，人手，手艺，手迹，支配，插手vt. 交给，支持，搀扶
begin	bi'gin	v. 开始[计] 开始
country	'kʌntri	n. 国家，乡村，地区，故乡a. 乡下的，农村的[计] DOS外部命令:用于设定国家代码，包括日期时间及货币格式
party	'pɑ:ti	n. 宴会，党，政党，团体，当事人，聚会v. 举办聚会
help	help	n. 帮忙，帮助者，补救办法，有益的东西vt. 帮助，帮忙，接济，治疗，款待vi. 有用，救命，招待[计] 帮助，帮助程序; DOS外部命令: DOS命令的电子文件帮助程序
small	smɒ:l	a. 小的，少的，小型的，低微的，小气的，细微的adv. 些微地n. 狭小部分
talk	tɒ:k	n. 谈话，交谈，会谈，讲话，演讲，空谈，谣言，方言，语言vi. 讲话，演讲，说话，谈话，交流，闲聊，说闲话vt. 讲，说，讨论，谈论[计] 对话类，聊天
turn	tә:n	n. 转弯，转动，旋转，翻转，一圈，顺次，改动，变化，性格，特色，形状，转折vt. 使旋转，转弯，转动，使转向，驱赶，阻挡，兑换，改写，使作对，绕过，使流通vi. 转动，转弯，转向，翻转，回转，改变，转身，变成，变质，晕眩，易脱手
each	i:tʃ	a. 每个，每一adv. 每个pron. 每个，个人，各自
every	'evri	a. 每一，所有的
provide	prә'vaid	vt. 提供，供应，规定，预备vi. 作准备，抚养，规定
start	stɑ:t	n. 惊起，出发，开端，起点，吃惊，有利条件vi. 开始，出发，启动，跳起，吃惊，出现，松动，脱落，起价，参赛vt. 使惊起，开动，发动，启动，开始，创办，提议，使松动，使脱落，起用[计] 起始
off	ɒf	a. 关着的，不再生效的，处于……境况的，休假的，空闲的adv. 走开，……掉，……下，休息，出发，隔断prep. 离开，脱落，不在从事…………, 在……之外vi. 离开，滚开vt. 杀死n. 关闭状态[计] 关闭，清屏命令
point	pɒint	n. 点，小数点，标点，地点，要点，特点，尖端，分数，得分，穴位vt. 弄尖，强调，指出，加标点于，瞄准vi. 指，指向，表明
american	ә'merikәn	n. 美国人a. 美国的，美洲的
different	'difәrәnt	a. 不同的[机] 差动，微分的，差速器
hold	hәuld	n. 把握，把持力，柄，控制，掌握，监禁vt. 保存，握住，拿住，占据，持有，拥有vi. 支持，持续，有效n. 保留[计] 保留
week	wi:k	n. 星期，周
large	lɑ:dʒ	a. 大的，大量的，宽大的，广博的adv. 大大地，夸大地
member	'membә	n. 成员，会员[医] │肢，肢体
four	fɒ:	num. 四，四个[机] 四冲程循环
few	fju:	a. 很少的，不多的，少数的n. 少数
always	'ɒ:lweiz	adv. 总是，始终
follow	'fɒlәu	vt. 跟随，沿行，遵循，追求vi. 跟随，接着n. 跟随，追随
end	end	n. 结束，终点，目标，末端，梢，死亡，残余v. 结束，终结，终止[计] 端; 结束
without	wi'ðaut	prep. 没有，不，在……之外adv. 在外面，户外n. 外面，外部
within	wi'ðin	n. 内部，里头adv. 在内部，在内心里prep. 在……之内
local	'lәukәl	a. 地方性的，当地的，局部的，乡土的，本地的n. 当地居民，本地新闻，局部[计] 本地的; 局部
during	'djuәriŋ	prep. 在……的时候
right	rait	n. 权利，右边，正义，右派，公正a. 正确的，对的，恰当的，正常的，正直的，正面的，右方的adv. 正确地，以有利结果，一直，直接，向右vt. 扶直，整理，纠正，伸冤，使昭雪vi. 恢复平衡[计] 右，权利
program	'prәugræm	n. 节目，节目单，程序，纲要，大纲，计划vt. 规划，拟……计划vi. 安排节目，编程序[计] 程序
bring	briŋ	vt. 带来，产生，促使，提出vi. 生产
hear	hiә	vt. 听到，倾听，听说，审理vi. 听见，听
word	wә:d	n. 话，消息，词，诺言，命令vt. 用言辞表达[计] 字
question	'kwestʃәn	n. 问题，询问v. 询问，审问，怀疑[计] 询问
although	ɒ:l'ðou	conj. 虽然，尽管
before	bi'fɒ:	prep. 在……之前conj. 在……之前adv. 在前
next	'nekst	n. 下一个a. 下一个的，其次的，贴近的adv. 然后，下次，次于[计] 近邻干扰
play	plei	n. 游戏，游玩，玩笑，运动，比赛，赌博，跳动，表演，剧本v. 玩，游戏，假装，开玩笑，比赛，扮演，演奏，演戏，传摇曳，（使）跳动[计] 播放
fact	fækt	n. 事实，真实性，真相，细节，论据
run	rʌn	n. 跑，赛跑，奔跑，奔跑的路程，趋向，流出，运转时间，连续vi. 跑，奔跑，跑步，赛跑，竞赛，行驶，运转，进行，蔓延vt. 使跑，参赛，追究，驾驶，开动，管理，经营，使流出，运行a. 熔化的，融化的，浇铸的run的过去式和过去分词[计] 运行
social	'sәuʃәl	a. 社会的，群居的，社交的n. 联欢会
going	'gәuiŋ	n. 去，离去，工作情况，地面状况，行为a. 进行中的，流行的，成功的，现存的
quite	kwait	adv. 相当，完全，十分
move	mu:v	n. 移动，迁居，步骤vt. 移动，开动，感动，搬（家）vi. 移动，离开，运行，迁移，摇动，搬家，交往，进展，脱手[计] 移动; 传送; DOS外部命令:移动文件，它可将文件移动到指定的地方
five	faiv	num. 五，五个
night	nait	n. 夜，夜晚，晚上，黑暗，夜晚的工作[法] 夜，黑夜，黑暗
head	hed	n. 头，头脑，领袖，脑袋，最前的部分vt. 为首，朝向，前进，用头顶vi. 朝特定方向行进，（作物）结穗a. 头的，在顶端的，主要的[计] 磁头; 冲头
live	liv.laiv	a. 活的，生动的，精力充沛的，实况转播的vi. 活，生存，居住vt. 过着，度过，经历adv. 实况地
write	rait	vt. 书写，著述，写，写满，写信给vi. 写，写字，写信，写作，作曲[计] 书写器
side	said	n. 旁边，侧，方面，胁，侧边，血统a. 旁的，侧的，次要的vt. 同意，支持vi. 支持，赞助
believe	bi'li:v	v. 相信
set	set	n. 日落，同伙，组合，集合，装置vt. 放，安置，放置，设定，使凝结，点燃，确定，点缀，使就位，树立，分配，调整vi. 日落，凝固，定型，搁住，结果，适合a. 决心的，规定的，故意的，持久的，固定的，老套的，准备好的[计] 设置; DOS内部命令:改变或显示分配给环境变量的值
month	mʌnθ	n. 月[经] 月
today	tә'dei	n. 今天，当今，现在adv. 今天，当今
business	'biznis	n. 生意，事情，业务，商业，商行，职责[经] 企业，商业，营业
happen	'hæpәn	vi. 发生，发生，恰巧
long	lɒŋ	a. 长的，长久的，冗长的，做多头的vi. 渴望，热望，极想adv. 长久，始终n. 长时间，长信号，长整型[计] 长，长整型
important	im'pɒ:tәnt	a. 重要的，有地位的，大量的，显要的，自负的[计] 要点
eye	ai	n. 眼睛，视力，看vt. 看，注视
home	hәum	n. 家，避难所，故乡a. 家庭的，国内的，打中目标的adv. 在家，在本国，打中目标地[计] 返回始位
million	'miljәn	n. 百万，无数num. 百万
information	.infә'meiʃәn	n. 消息，知识，通知，情报，信息，问讯处，起诉[计] 信息
power	'pauә	n. 力，体力，力量，势力，动力，权力，强国，乘方，强度，幂，功率vt. 使……有力量，供以动力，激励[计] 乘幂; DOS外部命令:能控制许多电池电源计算机上的电源管理特性
water	'wɒ:tә	n. 水，雨水，海水，水位，水面，流水vt. 给……浇水，供以水，注入水，使湿vi. 流泪，流口水，加水a. 水的，水上的，水生的，含水的
change	tʃeindʒ	n. 变化，找回的零钱，找头，更换vt. 改变，更换，兑换
room	ru:m	n. 房间，空位，场所vi. 住宿，居住vt. 留宿
pay	pei	n. 薪资，付款，补偿vt. 支付，付清，补偿，偿还，对……有利，为……涂防水物vi. 付款，付出代价，偿还，得到报应，获得好处
young	jʌŋ	a. 年轻的，无经验的，朝气蓬勃的n. 青年们，幼小动物，崽
both	bәuθ	a. 两者的adv. 两者都pron. 两者
mother	'mʌðә	n. 母亲，修女院长vt. 产生，照看，收养
often	'ɒ:fn	adv. 时常，常常
national	'næʃәnәl	a. 国家的，国立的，全国性的，民族的[经] 全国性的，国家的，国民的
interest	'intrist	n. 兴趣，嗜好，利息，利益，爱好，趣味，势力vt. 使感兴趣，与……有关系
money	'mʌni	n. 金钱，一笔款，财富，货币，金额[经] 货币，金钱，财产
story	'stɒ:ri	n. 故事，小说，传奇，描述，阅历，经历，层
development	di'velәpmәnt	n. 发展[化] 展开
book	buk	n. 书，书籍，帐簿，名册，工作簿v. 登记，预订[计] 工作簿
away	ә'wei	adv. 离去
lot	lɒt	n. 运气，签，抽签，份额，许多，一堆vt. 划分vi. 抽签，抓阄
form	fɒ:m	n. 形状，形体，类型，方式，表格，形式v. 形成，排列，（使）组成n. 表单[计] 表单
study	'stʌdi	n. 学习，研究，学科，论文，求学，书房，试作vt. 学习，读书，研究，考虑，计划vi. 学习，思索
level	'levl	n. 水平，水准，平地a. 同高的，平坦的，齐平的，水平的vt. 弄平，夷平，使同等，瞄准，对准vi. 变平，拉平[计] 级别
second	'sekәnd	n. 秒，瞬间，第二名，支持者，助手a. 第二的，其次的，次要的，附加的，辅助的num. 第二vt. 当……助手，支持
job	dʒɒb	n. 工作，零活，职业，事情vi. 做零工，打杂，做股票经纪，假公济私vt. 代客买卖，批发，承包，欺骗[计] 作业
early	'ә:li	a. 早的，早熟的adv. 很早，初
though	ðәu	adv. 然而，可是conj. 虽然，纵然
include	in'klu:d	vt. 包括，把……算入，包住[计] DOS内部命令:在CONFIG.SYS文件的一个配置块中包含另一配置块的内容
car	kɑ:	n. 汽车，客车[机] 车
issue	'isju	n. 发行，问题，后果，流出，出口，争端vi. 发行，流出，造成……结果，传下vt. 使流出，放出，发行，发布，发给
london	'lʌndәn	n. 伦敦
perhaps	pә'hæps	adv. 也许，大概
kind	kaind	n. 种类，性质，方式a. 亲切的，仁慈的，和蔼的
policy	'pɒlisi	n. 政策，方针，策略，保险单[医] 凭单，保险单
council	'kaunsәl	n. 会议，委员会[经] 委员会
far	fɑ:	a. 远的，久远的，遥远的adv. 甚远地，很，到很深的程度，到很远的距离
market	'mɑ:kit	n. 市场，交易，集市，推销地区，行情，市面，销路vt. 在市场上交易，使上市，销售vi. 在市场上买卖
black	blæk	n. 黑色，黑颜料a. 黑色的
court	kɒ:t	n. 法院，庭院，奉承vt. 献殷勤，追求，招致vi. 求爱
already	ɒ:l'redi	adv. 已经，早已
little	'litl	n. 一点点，少许，一会儿，短时间a. 小的，很少的，幼小的，琐碎的，短暂的，矮小的adv. 很少，稍微，完全不
possible	'pɒsәbl	a. 可能的，潜在的，合适的n. 可能性，可能的事物
allow	ә'lau	vt. 允许，同意给予，承认vi. 容许，猜想[计] 允许命令
nothing	'nʌθiŋ	n. 无，不关紧要之事，零adv. 毫不，决不interj. 什么也没有，无
meet	mi:t	n. 会，集会a. 适宜的，合适的vt. 遇见，引见，认识，满足，对付vi. 相遇，接触
since	sins	prep. 自……以后，自……以来adv. 自那时以后conj. 既然，自……以后，自……以来
yet	jet	adv. 还，尚，仍然，已经，然而conj. 然而
effect	i'fekt	n. 结果，影响，效果，印象vt. 实行，引起，完成[计] 效果
lead	li:d. led	n. 铅，铅条，领导，超前量，领引，榜样，主角，导线vt. 引导，带领，领导，指挥，致使，加铅于，用铅包vi. 领导，带头，导致，用测深锤测深，被铅覆盖a. 带头的，最重要的
result	ri'zʌlt	n. 结果，成绩，答案vi. 产生，结果，致使[计] 结果
around	ә'raund	prep. 包围，在……周围，四处adv. 兜着圈子，在附近，到处
friend	frend	n. 朋友，支持者，赞助者[法] 朋友，友人，赞助者
whether	'hweðә	conj. 是否，不论pron. 两个中的哪一个
mm		毫米[计] 毫米
father	'fɑ:ðә	n. 父亲，祖先，长辈，神父，创始者vt. 当……的父亲，保护，创作，发明，培养
sit	sit	vi. 坐，就座，坐落vt. 使就座，骑n. 坐，衣服合身
idea	ai'diә	n. 主意，办法，理想，思想，概念，意见[医] 观念，思想
john	dʒɔn	n. 盥洗室，厕所，嫖客
until	әn'til	prep. 直到，在……以前conj. 直到……时，在……以前
name	neim	n. 名字，名称，姓名，名义，名誉，文件名vt. 命名，称呼，任命，提名，列举a. 姓名的，据以取名的[计] 名称，文件名，姓名
hour	auә	n. 小时，钟头，时间，……点钟，课时
stand	stænd	n. 站立，站住，停顿，讲台，看台，立场，法院证人席vi. 站，立，坐落，停滞，位于，坚持，维持原状vt. 忍受，使站立，抵挡
game	geim	n. 比赛，玩耍，比分，得胜，比赛规则，策略，游戏，野味vi. 赌博a. 勇敢的，有胆量的，关于野味的，跛的[计] 博弈; 对策
body	'bɒdi	n. 身体，人，尸体，主要部分，团体vt. 赋以形体[计] 体
line	lain	n. 列，线，绳，电线，线路，路线，航线，作业线，界线，战线，外形，排，家系vt. 排成一行，顺……排列，划线于，加衬里，使有线条，使起皱纹vi. 排队[计] 线路
report	ri'pɒ:t	n. 报告，报道，传说，案情报告，爆炸声，成绩单vt. 报告，汇报，转述，报道，揭发，使报到vi. 报告，写报道，报到[计] 报告
political	pә'litikl	a. 政治的，政治上的，政党的，从事政治的[法] 政治的，政治上的，党派政治的
law	lɒ:	n. 法律，法则，定律，法律的制约，法学，司法界，诉讼v. 起诉
later	'leitә	adv. 以后，随后
among	ә'mʌŋ	prep. 在……之中
almost	'ɒ:lmәust	adv. 几乎，差不多
ever	'evә	adv. 曾经，究竟，永远
face	feis	n. 脸，面容，正面，外观vt. 面对，朝，正视，面临vi. 朝，向[计] 现场可改变的控制元件
bad	bæd	a. 坏的n. 坏adv. 坏地
lose	lu:z	vt. 遗失，损失，丢失，使失去，错过，浪费，迷失，使迷路，输去，使沉溺于vi. 受损失，失败
carry	'kæri	n. 进位，射程，运载vt. 携带，运送，支持，传送，包含vi. 被携带，能达到[计] 进位; 进位数
road	rәud	n. 路，道路，公路，途径，方法[法] 公路，道路，行车道
authority	ɒ:'θɒriti	n. 权力，当权者，当局，权威，专家[经] 代理权，授权，权威
himself	him'self	pron. 他自己，他亲自
together	tә'geðә	adv. 一起，共同，彼此
city	'siti	n. 城市，市[法] 都市，城市，市
appear	ә'piә	vi. 出现，显得，来到[法] 出庭，到案，出现
continue	kәn'tinju:	vi. 继续，延续，延长vt. 使继续，使延长
six	siks	num. 六，六个
minister	'ministә	n. 部长，牧师，公使vi. 服侍，救助，主持宗教仪式
able	'eibl	a. 能干的，能够的
community	kә'mju:niti	n. 社区，公众，共有，共同体[经] 公众，共有，社会
produce	prә'dju:s	n. 生产品，物产，后代vt. 产生，生产，提出，出示vi. 生产，制造
rate	reit	n. 比率，率，速度，价格，费用，等级vt. 估价，认为，鉴定等级，责骂vi. 被评价，责骂
late	leit	a. 迟的，晚的，已故的adv. 很晚，很迟，晚
door	dɒ:	n. 门
once	wʌns	adv. 一次，曾经，一旦conj. 一旦，一经n. 一次a. 从前的
white	hwait	n. 白色，洁白，眼白，白种人，蛋白a. 白色的，纯洁的，白种的，苍白的，空白的，幸运的
general	'dʒenәrәl	n. 一般，将军，大体a. 全面的，大体的，总的，一般的，普遍的n. 常规[计] 常规
least	li:st	n. 最少，最小，最小限度a. 最少的，最小的adv. 最小，最少
office	'ɒfis	n. 办公室，部，公职，职责[化] 办公室
president	'prezidәnt	n. 总统，总裁，董事长，（学院）院长，（大学）校长，主管人，主持人[经] 总经理，董事长，总裁
war	wɒ:	n. 战争，战争状态，战术，军事，冲突，斗争，竞争vi. 进行战争，作战，打仗，战斗a. 战争的，战时用的
learn	lә:n	vt. 学习；认识到；得知
real	'riәl	a. 真的，真实的，实际的，实在的，不动（产）的，实数的n. 实数，现实adv. 真正地
offer	'ɒfә	n. 给予（物）, 出价，提议，意图，报价vt. 提供，出价，奉献，试图，使出现，演出vi. 出现，献祭，提议，求婚
team	ti:m	n. 队，组vt. 把马（牛）套在同一辆车上，把……编成一组vi. 驾驶卡车，协作
person	'pә:sn	n. 人，人身，人称[法] 人，法人，人身
minute	'minit. mai'nju:t	n. 分，分钟，片刻，备忘录，笔记vt. 记录，摘录，测定时间a. 微小的，详细的
full	ful	n. 全部，完整a. 充满的，完全的，丰富的，完美的，丰满的，详尽的adv. 完全地，整整，十分vt. 把（衣服等）缝得宽松，漂洗[计] 完整
best	best	a. 最好的adv. 最好地n. 最好的人
reason	'ri:zn	n. 理由，原因，理智，道理，前提，理性vt. 说服，推论，辩论vi. 推论，劝说，思考
several	'sevәrәl	a. 几个的，一些的，各自的pron. 几个
view	vju:	n. 视野，风景，见解，视力，观看，视图，指望，意图，印象vt. 看，考虑，视察，查看，估量[计] 视图
consider	kәn'sidŋ	v. 考虑，思考，认为
kid	kid	n. 小山羊，小山羊肉，小孩，欺骗a. 小山羊皮制的v. 哄骗，嘲弄
expect	iks'pekt	vt. 预期，盼望，期待
suggest	sәg'dʒest	vt. 提议，建议，促成，暗示，启发，使人想起[法] 建议，提出，提议
anything	'eniθiŋ	pron. 任何事
ago	ә'gәu	adv. 以前
term	tә:m	n. 术语，专有名词，期限，学期，任期，条件，价钱，关系，地位，项，界石vt. 称，呼[计] 检索词; 项
towards	tә'wɔ:dz	prep. 向，对于，为了
low	lәu	n. 低点，低价，低，牛叫声a. 低的，消沉的，低等的，浅的，卑贱的adv. 低下地，谦卑地，低vi. 牛叫
public	'pʌblik	n. 公众，民众a. 公众的，公共的，公立的，公用的
understand	.ʌndә'stænd	vt. 理解，了解，领会，听说，懂vi. 懂得，认为
require	ri'kwaiә	vt. 需要，命令，要求[法] 需要，要求，命令
read	ri:d	v. 读，阅读，理解a. 有学问的n. 读取，阅读[计] 读取
watch	wɒtʃ	n. 观察，手表，看守，守护，监视，值班人vt. 看，注视，照顾，看守，守护，监视vi. 观看，注视，守侯
period	'piәriәd	n. 时期，节段，节，句点，学时，周期a. 当时特有的，过去某段时期的interj. 就是这话，就是这么回事
figure	'figә	n. 数字，价格，图形，形状vt. 描绘，表示，演算，认为vi. 计算，出现，估计
society	sә'saiәti	n. 社会；社交界；交往；社团
parent	'perәnt	n. 父母，父母亲，根源[法] 父亲，母亲，根源
centre	'sentә	n. 中心，中心点，中锋a. 中央的，位在正中的vt. 集中，定中心vi. 居中
police	pә'li:s	n. 警察，警察当局，治安vt. 维持治安，管辖
stop	stɒp	n. 停止，车站，逗留，填塞，障碍，（风琴的）音栓vi. 停止，被塞住vt. 塞住，堵塞，阻止，击落，停止，终止，断绝
add	æd	vt. 增加，添加，附带说明，计算……总和vi. 做加法，积累而成，增添[计] 加法
fall	fɒ:l	n. 落下，瀑布，采伐量，下降，落差，降低，堕落，秋天vi. 倒下，落下，来临，失守，阵亡，下跌，减弱，倾斜，垮台，轮到，变成，降低a. 秋天的
create	kri:'eit	vt. 创造，建造，引起，任命
probably	'prɒbәbli	adv. 大概，或许
available	ә'veilәbl	a. 可利用的，可获得的，有效的[医] 有效的，可得的
speak	spi:k	vi. 说，说话，演说，发言vt. 说，讲，说出
others		pron. 其他人
price	prais	n. 价格，代价，价值vt. 定……的价格
control	kәn'trәul	n. 控制，管理，克制，控制器，操纵装置vt. 控制，操纵，抑制[计] 控制; 控制器
action	'ækʃәn	n. 行动，活动，动作，作用，战斗，行为，诉讼vt. 对……起诉[计] 方式
spend	spend	vt. 花费，浪费，度过，消耗，消磨vi. 花费，用尽
cost	kɒst	n. 代价，价值，费用vi. 花费vt. 使失去，值，使花费
process	'prɒses	n. 程序，进行，过程vt. 加工，使……接受处理，对……处置，对……起诉a. 经加工的，有特殊光效的[计] 进程
health	'helθ	n. 健康，卫生，蓬勃，健康状态[医] 健康
remain	ri'mein	vi. 保持，逗留，剩余[法] 停留，居住，继续
position	pә'ziʃәn	n. 位置，地位，身分，形势，姿势，立场，职位，状态，阵地vt. 安置，决定……的位置[计] 位置
remember	ri'membә	vt. 记得，回忆起，记住，铭记，纪念vi. 记得
art	ɑ:t	n. 艺术，人文科学，技术，巧妙，诡计，美术[计] 实际保持时间，特许权和资源表，平均检索时间，平均运行时间
sure	ʃuә	a. 确信，必然的，必定的adv. 当然，确实地，无疑地
course	kɒ:s	n. 课程，路线，过程，一道菜，道路v. 追，（使）跑
history	'histәri	n. 历史，过去，经历，发展过程，历史学，过去的事，历史记录[计] 历史记录
buy	bai	vt. 买，获得vi. 买n. 购买，买得的东西
education	.edju'keiʃәn	n. 教育，训练，教育学[医] 教育，训练
grow	grәu	vt. 种植，使长满vi. 生长，变成，发展
actually	'æktʃuәli	adv. 事实上，竟然，如今，现在
open	'әupәn	n. 公开，户外，空旷a. 开着的，开放的，开阔的，营业着的，公开的，悬而未决的vt. 打开，公开，开放vi. 展开，开始，展现[计] 打开指令; 打开语句
type	taip	n. 类型，样式，典型，榜样，标志，符号，型，式vi. 打字vt. 作为代表，测定类型，用打字机打[计] 类型; 键入; DOS内部命令:在屏幕上显示指定文件的内容
research	ri'sә:tʃ	n. 研究，调查，考察vi. 研究，调查
morning	'mɒ:niŋ	n. 早晨，早上，初期
walk	wɒ:k	n. 走，散步，步行，行走的路程，竞走，散步场所vi. 走路，步行，处世vt. 走过，遛，使走，护送……走
subject	'sʌbdʒekt	n. 科目，主题，臣民，主语，题目，（事物的）经受者，学科，受治疗者，原因，理由a. 服从的，易患……的，隶属的，受支配的adv. 在……条件下vt. 使隶属，使受到[计] 主题，主体
programme	'prәugræm	n. 节目，节目单，程序，纲要，大纲，计划vt. 规划，拟……计划vi. 安排节目，编程序
moment	'mәumәnt	n. 片刻，瞬间，重要，阶段，力矩[医] 片刻，瞬间，时机，因素，矩
win	win	vt. 赢得，打胜，成功vi. 获胜，达到，影响n. 胜利，赢，收益
girl	gә:l	n. 女孩，少女，女佣
age	eidʒ	n. 年龄，老年，成年，寿命，时代，时期v. 变老，成熟
guy	gai	n. 家伙，支索vt. 用支索撑住，取笑，嘲弄vi. 逃跑
britain	'britәn	n. 英国
send	send	vt. 发送，使进入，寄，派遣，发射，使陷于vi. 寄信，派人，播送n. （船的）上升运动[计] 发送
food	fu:d	n. 食物，养料[医] 食物，食品
value	'vælju:	n. 价值，价格，购买力，评价，估价，计算结果vt. 评价，估价，重视[计] 计算结果
order	'ɒ:dә	n. 次序，规则，命令vi. 命令，定货vt. 整理，命令，定购n. 顺序，阶数[计] 顺序，阶数
force	fɒ:s	n. 力量，武力，势力，影响力，军队，力，效力vt. 强迫，强夺，推动，提高[计] 人工转移; 强制
air	єә	n. 空气，旋律，态度vt. 晾，使通风，夸耀
matter	'mætә	n. 事件，物质，原因，素材，实体，重要vi. 有关系
teacher	'ti:tʃә	n. 教师，老师，导师
act	ækt	n. 行动，行为，幕，法案vi. 行动，表演，假装，见效，表现，担当vt. 扮演，装作[计] 先进通信技术，先进计算机工艺，自动代码翻译技术
receive	ri'si:v	vt. 收到，接到，得到，接待，迎接，承受vi. 收到，会客[计] 接收
enough	i'nʌf	n. 充足，够，很多a. 充足的，足够adv. 足够interj. 够了
decide	di'said	v. 决定，判决
main	mein	n. 主要部分，干线，体力，力量，主群组a. 主要的，重要的，全力的[计] 主群组
across	ә'krɒs	prep. 越过，穿过，与……相交叉，在……的对面adv. 交叉，到另一边，在对面，成十字
less	les	n. 较少，较小a. 少的，小的adv. 较少，较小，较差[计] 最低成本估算与调度法
foot	fut	n. 脚，步调，英尺，底部，末尾，步兵vt. 走在……上，给……换底，支付vi. 跳舞，步行，总计
street	stri:t	n. 街道，马路，街区a. 街道的
decision	di'siʒәn	n. 决定，决心，决断[计] 判定
boy	bɒi	n. 男孩[法] 男孩，少年，儿子
industry	'indәstri	n. 勤劳，工业，企业，产业，有组织的劳动[经] 工业，实业
maybe	'meibi:	adv. 也许，大概n. 可能性
patient	'peiʃәnt	n. 病人，承受者a. 忍耐的，容忍的，有耐性的，坚忍的
toward	tә'wɒ:d	prep. 向，对于，为了a. 即将来临的，进行中的
mind	maind	n. 思想，愿望，智力，记忆，心理，情绪，理智，主意，心意vi. 介意，注意，留心vt. 注意，留意，专心于，照看，介意
class	klɑ:s	n. 班级，阶级，种类，课vt. 分类[计] 类别; 类; 种类; 类程
everything	'evriθiŋ	pron. 每件事物，所有事物
clear	kliә	a. 清楚的，明确的，澄清的adv. 清晰地vt. 澄清，清除障碍vi. 放晴，变清澈n. 空隙[计] 清除
love	lʌv	n. 爱，恋爱，爱情，爱好，性爱vt. 爱，爱好，爱慕vi. 爱
major	'meidʒә	n. 主修课，成年人，陆军少校a. 主要的，较多的，大部分的，成年的，严重的vi. 主修[计] 主要，主要刻度
music	'mju:zik	n. 音乐，乐曲
including		prep. 包含，包括[经] 包括，算入
church	tʃә:tʃ	n. 教堂，礼拜，教会vt. 使人接受宗教仪式a. 教堂的
themselves	ðәm'selvz	pron. 他们自己，她们自己，它们自己
paper	'peipә	n. 纸，文件，文章，报纸，证券，证件vt. 用纸糊，贴壁纸于，用纸包装vi. 贴壁纸a. 纸做的，纸上的
itself	it'self	pron. 它本身，它自己
describe	di'skraib	vt. 描述，描绘，画
human	'hju:mәn	n. 人，人类a. 人类的，似人类的，人性的，有同情心的
condition	kәn'diʃәn	n. 情况，条件vt. 使健康，以……为条件，决定，使适应[计] 条件
wait	weit	n. 等待，等候vt. 等候，期待，延缓，伺候，推迟vi. 等，等候，耽搁，伺候用餐[计] 等待
develop	di'velәp	vt. 发展，使发达，进步，洗印，显影vi. 发展，生长
agree	ә'gri:	vi. 同意，赞成，应允，适合vt. 承认，认定，同意
serve	sә:v	vt. 可作……用，服务，经历，招待，供应，送交，对待vi. 服务，服役，侍应，适合，有用，开球n. 发球，轮到发球
economic	.i:kә'nɒmik	a. 经济上的，实用的，节省的[经] 经济的
die	dai	vi. 死亡，消逝，平息，熄灭，漠然，渴望vt. 死n. 骰子，冲模
reach	ri:tʃ	n. 伸出，延伸，区域，范围，流域，岬vt. 到达，达到，伸出，延伸，影响vi. 达到，延伸，伸出手，传到
upon	ә'pɒn	prep. 在……之上，迫近，紧接着
bank	bæŋk	n. 银行，堤，岸[医] 库
sense	sens	n. 感应，感觉，感官，意识，观念，情理，知觉，理智vt. 感觉，觉察，检测[计] 阅读; 检测
century	'sentʃuri	n. 世纪，百年
build	bild	v. 建立，建筑n. 构造，体格
therefore	'ðєәfɒ:	adv. 因此，所以
stay	stei	n. 停留，逗留，制止，延缓，停止，支柱，支撑物，支索vt. 制止，延缓，坚持，支持，支撑，用支索固定vi. 停留，逗留，暂停，坚持，中止
section	'sekʃәn	n. 区段，部分，区域，节，截面，处，科，区，扇区vt. 把……分段，把……切片vi. 被切成片[计] 扇区
table	'teibl	n. 桌子，餐桌，工作台，铭文，表格，表，高原，平地层vt. 搁置，嵌合，制表，把……列入议事日程[计] 表格，模拟运算表
england	'iŋglәnd	n. 英格兰[法] 英格兰，英国
activity	æk'tiviti	n. 活动，行动，活跃，活力[计] 活动
nation	'neiʃәn	n. 国家，民族[法] 民族，国家
plan	plæn	n. 计划，方案，策略，方法，进度表，程序表，平面图，设计图，轮廓，示意图vt. 计划，设计，意欲vi. 订计划
hundred	'hʌndrәd	n. 百，百个东西num. 百，百个a. 一百的，许多的
death	deθ	n. 死亡[医] 死亡
cut	kʌt	n. 切口，割伤，降低，切，割，砍，削，伤口，削减，缩短，删节，通路a. 经切割的，缩减的vt. 切，割，减少，刺痛，开辟，雕刻，删节，缩短，停止，排斥，切断，关，显出vi. 切，割，砍，刺痛，相交，抄近路，剪辑[计] 剪切
college	'kɒlidʒ	n. 学院，大学，学会
someone	'sʌmwʌn	pron. 有人，某人
involve	in'vɒlv	vt. 包括，使陷于，潜心于，包围[医] 累及，牵涉，包含
experience	ik'spiәriәns	n. 经历，经验，体验vt. 经历，经验，体验
building	'bildiŋ	n. 建筑物，建筑[法] 营造，建筑，建筑物
behind	bi'haind	adv. 在后地prep. 在……背后
sort	sɒ:t	n. 种类，方式，品质，态度，举止vt. 分类，排序，挑选vi. 交往，协调[计] 排序; DOS外部命令:从标准输入设备接收数据，整个数据输入完后对它以行为单位进行排序，然后在标准输出设备上输出
likely	'laikli	a. 有可能的，合适的，前途有望的adv. 或许，可能
staff	stɑ:f	n. 全体人员，工作班子，棍棒，杆，拐杖，支柱，权杖a. 职员的，雇员的，参谋的vt. 为……配备人员
kill	kil	n. 杀，杀戮，小河vt. 杀，破坏，消灭，使终止，抵消，否决vi. 杀死[计] 删除
return	ri'tә:n	n. 回来，返回，来回票，归还，报答，利润率，报告书a. 返回的，回程的，报答的，反向的，重现的，复原的vi. 返回，归还，回来vt. 归还，还，回报，产生，反射，报告，申报，退回[计] 返回
draw	drɒ:	vi. 拉，拖，拔剑vt. 拖拉，挨近，领取，打成平局，引导，抽签决定，画，描写，制订，草拟，吸引n. 拉，拖，拔出，抽签，平局[计] 翻牌，绘图
particular	pә'tikjulә	n. 一项（或条、点）, 个别项目，详细说明a. 特别的，独有的，挑剔的，详尽的
town	taun	n. 城镇，市，镇[法] 城镇，城市，闹市
raise	reiz	n. 上升，高地，增高vt. 升起，举起，唤起，提高，使出现，使复活，提出，筹集，饲养
care	kєә	n. 小心，照料，忧虑vi. 关心，介意vt. 在意，喜欢
mrs	'misiz	太太
international	.intә'næʃәnәl	a. 国际的n. 国别设定[计] 国别设定
language	'læŋgwidʒ	n. 语言，文字，措辞[计] 语言
either	'i:ðә	a. （两者之中）任一的，（两者之中）各一的pron. （两者之中）任一conj. 或，要么
special	'speʃәl	n. 专辑，专车，号外，特别的东西，负有特别任务的人员a. 特别的，专门的，特殊的，额外的，附加的，特别亲密的
hard	hɑ:d	a. 坚硬的，硬的，难的，艰苦的，困难的，坚固的，猛烈的，艰难的，结实的，确实的adv. 坚硬地，努力地，辛苦地，接近地，猛烈地，牢固地
field	fi:ld	n. 领域，田地，场地，战场，场，域vt. 使……晒在场上，使上场a. 田间的，野生的，野外的，田赛的[计] 域，字段
difficult	'difikәlt	a. 困难的
else	els	a. 别的，其他的adv. 另外，否则，不然
certain	'sә:tәn	a. 确定的，某一个的，必然的[法] 确凿的，无疑的，可靠的
pass	pæs	n. 经过，要隘，途径，通行，护照，及格vt. 经过，越过，通过，批准，度过，传递，忽略vi. 经过，变化，流通，及格，宣判，终止，消逝，被忽略，不叫牌，传递[计] 遍
particularly	pә'tikjjlәli	adv. 特别，格外，尤其，详细地，细致地
former	'fɒ:mә	a. 从前的，前者的n. 起形成作用的人（或物）, 模型，样板
sell	sel	vt. 卖，背叛，销售，出卖vi. 卖，销售n. 卖，推销术，失望
hope	hәup	n. 希望，信心，期待v. 希望，期望，信赖
sometimes	'sʌmtaimz	adv. 有时，时常，往往
management	'mænidʒmәnt	n. 经营，支配，管理[化] 管理处
along	ә'lɒŋ	adv. 平行地，向前prep. 沿着
department	di'pɑ:tmәnt	n. 部门，系，机关[医] 部，科
committee	kә'miti	n. 委员会[经] 委员会
role	rәul	n. 角色，职责，任务[医] 作用，功用
product	'prɒdʌkt	n. 产品，结果，乘积[化] 生产物
whole	hәul	n. 全部，全体，整体，完全之体系a. 所有的，完整的，完全的，纯粹的
better	'betә	a. 较好的adv. 比较好
practice	'præktis	n. 实践，练习，实行，惯例，习惯，开业v. 实践，实行，练习，实习，业务
letter	'letә	n. 信，字母，证书，字面意义，铅字，学问，出租人vt. 写字母于，在……上刻字母，用字母标明vi. 写印刷体字[计] 字母
effort	'efәt	n. 努力，成就
ground	graund	n. 土地，战场，场地，地面，范围a. 土地的，地面上的vt. 放在地上，使搁浅，打基础，给……以训练vi. 搁浅，落地，根据，基于a. 磨过的grind的过去式和过去分词
evidence	'evidәns	n. 根据，证据，迹象[经] 证据，凭证
meeting	'mi:tiŋ	n. 会议，会面[法] 会议，会谈，集会
strong	strɒŋ	a. 强壮的，坚固的，坚强的，强烈的，有力的，优良的adv. 强劲地，有力地，猛烈地
heart	hɑ:t	n. 心，心脏，中心，内心，感情，精神，心情，宝贝儿vt. 鼓励
rather	'ræðә	adv. 宁可，稍微，相当
drug	drʌg	n. 药，麻药，麻醉药vi. 吸毒vt. 使服麻醉药，使麻木
leader	'li:dә	n. 领导者，社论，指挥，领袖，领唱者，前导字符[计] 前导字符
light	lait	n. 光，光亮，灯，日光，发光体，光源，杰出人物，火花，眼光a. 轻的，少量的，轻微的，轻快的，轻浮的，明亮的，淡色的，容易的vt. 点燃，照亮vi. 点着，变亮，突降，偶然碰到adv. 轻地
voice	vɒis	n. 声音，嗓音，嗓子，愿望，发言权，表达，喉舌，语态vt. 表达，吐露，调音
third	θә:d	num. 第三，三分之一[机] 第三; 第三的
wife	waif	n. 妻子，太太，夫人[法] 妻子，已婚妇女
union	'ju:njәn	n. 联盟，联合，结合，工会[化] 联合; 联管节; 活接头
ten	ten	num. 十，十个
half	hɑ:f	n. 一半，半场，不完全a. 一半的，不完全的，部分的，半场的adv. 一半地，部分地，在某种程度上地，几乎
finally	'fainәli	adv. 最后，终于
pull	pul	vt. 拉，拖，拔，牵，撕开，吸引vi. 拉，拖，拔，有吸引力n. 拉，拖，拔，拉力，牵引力，划船，吸引
land	lænd	n. 陆地，地面，地界，地产，国土，土地vi. 登陆，登岸，到达vt. 使上岸，使登陆，使到达[计] 连接盘; 焊盘
free	fri:	a. 自由的，享受政治权力的，允许的，免费的，丰富的vt. 释放，解放，使自由adv. 自由地，免费
event	i'vent	n. 事件，结果，事情的进程，竞赛项目[计] 事件
military	'militәri	n. 军队a. 军事的，军人的，适于战争的
shall	ʃæl	aux. 将
cause	kɒ:z	n. 原因，目标vt. 引起，使产生，使遭受
according	ә'kɒ:diŋ	a. 相符的，根据……而定的adv. 相应地
thus	ðʌs	adv. 如此，因此，到如此程度[医] 乳香
explain	ik'splein	v. 解释，说明
support	sә'pɒ:t	n. 支持，支撑，援助，供养，支撑物vt. 支援，支撑，帮助，支持，忍受，供养，证实[计] 后援; 支持
son	sʌn	n. 儿子，女婿，子孙[法] 儿子，女婿，养子
stage	steidʒ	n. 阶段，舞台，场所，戏剧，站，驿站，级，层，脚手架vt. 上演，表演，筹划vi. 适于上演，乘驿车旅行
lie	lai	n. 谎言，假象，位置vi. 躺着，说谎，位于，展现，存在，停泊vt. 谎骗
range	'reindʒ	n. 排，行，山脉，范围，行列，射程vt. 排列，归类于，使并列，放牧vi. 平行，延伸，漫游[计] 量程; 范围; 域; 距离
trade	treid	n. 贸易，商业，交易，生意，职业，顾客，信风vi. 进行交易，做买卖，经商，对换，购物vt. 用……进行交换
relationship	ri'leiʃәnʃip	n. 关系，关联[医] 关系
accept	әk'sept	vt. 接受，承认，同意，相信，赞成，承担，承兑，采纳，接纳，容忍vi. 同意
drive	draiv	n. 驾车，快车道，推进力，驱动，动力，击球，驱动器vt. 开车，驱使，推动，驾驶vi. 开车，猛击，飞跑[计] 驱动器
arm	ɑ:m	n. 手臂，袖子，狭长港湾，武器vt. 武装，装备vi. 武装起来[计] 异步应答方式; 自动货品销路管理
true	tru:	a. 真实的，正确的，忠诚的，可靠的，纯粹的，正式的n. 真实，准确adv. 真实地，准确地
god	^ɔd	n. 上帝，神像，偶像vt. 使神化
club	klʌb	n. 俱乐部，木棍，球棒vt. 用棍棒打，缴纳vi. 联合起来a. 俱乐部的
federal	'fedәrәl	a. 联邦的，联合的，同盟的[法] 联邦的，联邦制的，联盟的
break	breik	n. 休息，中断，破裂处，绝交，破晓，突变vt. 打破，弄破，弄坏，破坏，违反，打断，削弱，放弃vi. 破碎，决裂，破晓，突变，变弱，暂停n. 分隔符[计] 分隔符; 中断; DOS内部命令:设定扫描中断按键的时机
difference	'difәrәns	n. 不同，差异[计] 差分
thank	θæŋk	n. 谢意，感谢vt. 谢谢，感谢
account	ә'kaunt	n. 报告，解释，估价，理由，利润，算账，帐目vi. 报帐，解释，导致，报偿，占，杀死vt. 认为[计] 帐户，帐号
material	mә'tiәriәl	n. 材料，物资，素材，布料，资料a. 物质的，肉体的，重要的
short	ʃɒ:t	a. 短的，近的，矮的，短期的，简短的，少量的adv. 简短地，突然n. 扼要，短片，缺乏vt. 故意少给，使短路
whose	hu:z	pron. 谁的
easy	'i:zi	a. 容易的，缓缓的，舒适的，从容的，宽容的，流畅的，随便的，自在的，疲软的adv. 容易地，慢慢地
situation	.sitju'eiʃәn	n. 情形，境遇，位置[医] 情境，处境
model	'mɒdәl	n. 模型，模范，模特儿a. 模范的，作模型用的vi. 做模型，做模特儿vt. 使模仿，塑造[计] 模型
join	dʒɒin	vi. 参加，结合，加入vt. 连接，结合，参加，加入n. 连接，结合，接合点[计] 连接; 汇合指令
season	'si:zn	n. 季节，时节，当令期，时期vt. 给……调味，使成熟，使老练，缓和vi. 变干燥
record	ri'kɒ:d	n. 记录，履历，档案，审判记录，最高纪录，唱片vt. 记录，记载，标明，将……录音vi. 记录，录音，可被录音a. 创纪录的[计] 录制，记录
manager	'mænidʒә	n. 经理，管理员，管理器[计] 管理器
project	'prɒdʒekt	n. 计划，设计，事业vt. 计划，设计，投掷，发射，使凸出，放映vi. 凸出
tax	tæks	n. 税，税款，重负，会费vt. 课以税，使负重荷，斥责
director	di'rektә	n. 主管，导演，董事[计] 寻向偶极子; 指挥仪
example	ig'zæmpl	n. 例子，样本，实例[化] 实例
european	.juәrә'pi:әn	n. 欧洲人a. 欧洲的，欧洲人的
player	'pleiә	n. 竞赛者，上场队员，游戏者，演员[经] 交易者
yesterday	'jestәdi	n. 昨天adv. 昨天
base	beis	n. 底部，垒，基础，基地vt. 以……作基础a. 卑鄙的，低劣的[计] 基准
especially	i'speʃәli	adv. 尤其，特别，格外
training	'treiniŋ	n. 训练，培养[医] 训练
window	'windәu	n. 窗户，窗子，窗口vt. 给……开窗[计] 窗口
pick	pik	n. 精选，选择，掘，精华，牙签，鹤嘴锄v. 摘，掘，凿，挖，挑选[计] 拾取
wear	wєә	n. 穿着，戴，使用，耗损，服装，耐久性vt. 穿着，戴，留（须、发等）, 呈现，磨损，磨成，耗损，使疲乏，消磨vi. 磨损，变旧，耐久，渐变，渐渐消失
space	speis	n. 位置，空间，距离，太空，空白，间隔，（期刊等的）篇幅vt. 隔开，分隔vi. 留间隔[计] 空白，空格校验
central	'sentrәl	a. 中央的，重要的[医] 中央的，中心的，中枢的
apply	ә'plai	vt. 涂，应用vi. 申请，适用
increase	in'kri:s	n. 增加，增进，利益vt. 增加，加大vi. 增加，繁殖
cover	'kʌvә	n. 盖子，封面，藉口vt. 覆盖，掩饰，保护，掩护，包括vi. 覆盖
usually	'ju:ʒuәli	adv. 通常，大抵
official	ә'fiʃәl	n. 官员，公务员，职员a. 公务的，官方的，正式的
everyone	'evriwʌn	pron. 每个人，人人[计] 系统中的一个组名
university	.ju:ni'vә:siti	n. 大学
center	'sentә	n. 中心，中心点，中锋a. 中央的，位在正中的vt. 集中，定中心vi. 居中[计] 居中; 中央
couple	'kʌpl	n. 对，夫妇，数个vt. 使成双，连接，使成婚，把……联系起来vi. 结合，成婚
site	sait	n. 位置，场所，地点vt. 给……择址
claim	kleim	n. 要求，要求权，断言，权利vt. 要求，认领，主张vi. 提出要求，主张，断言
sir	sә:	n. 先生，阁下
indeed	in'di:d	adv. 的确，实在，真正地，甚至
hit	hit	n. 打击，打，冲撞，讽刺vt. 打，打击，碰撞，打中，袭击，偶然碰上vi. 打，打中，打击，碰撞，偶然碰上[计] 击中; 找到; 瞬时打扰
quality	'kwɒlәti	n. 品质，特性，才能，质量a. 优质的[计] 品质
star	stɑ:	n. 星，恒星，星形物，运气，明星vt. 以星状物装饰，用星号标，使成为明星vi. 变成明星
rule	ru:l	n. 规则，统治，控制，支配，规律，标准，章程，破折号，铅线vt. 规定，统治，管理，控制，支配，裁决vi. 统治，管辖，裁定[计] 规则，水线
certainly	'sә:tәnli	adv. 确定地
eat	i:t	v. 吃，腐蚀
similar	'similә	a. 相似的，类似的n. 相似的东西
worker	'wә:kә	n. 工人，劳动者[经] 工人，劳工，劳动者
teach	ti:tʃ	vt. 教，讲授，教导，教育vi. 教书，教学，可以教
oil	ɒil	n. 油，石油，油画颜料vt. 涂油于，使融化成油状，加油于vi. 加燃油，融化
pound	paund	n. 磅，英镑，重击，鱼塘，拘留所，兽栏vt. 强烈打击，捣烂，监禁，关入栏内vi. 连续重击，苦干
data	'deitә	pl. 资料，数据[计] 数据; DOS内部命令:用于显示或设定系统的日期
nature	'neitʃә	n. 自然，大自然，本性，性格，性质[医] 自然，大自然; 本性，性能
common	'kɒmәn	a. 通常的，共同的，通俗的，公共的[计] 公用块
image	'imidʒ	n. 影像，肖像，想象，图像，形象，翻版vt. 作……的像，反映，想象，象征n. 图像[计] 图象
necessary	'nesisәri	a. 必要的；必然的；必需的
officer	'ɒfisә	n. 军官，主管，官员，公务员vt. 指挥
structure	'strʌktʃә	n. 结构，构造，建筑物vt. 构成，组织
phone	fәun	n. 电话，受话器，耳机vt. 打电话给vi. 打电话
europe	'juәrәp	n. 欧洲
contain	kәn'tein	vt. 包含，容纳，控制vi. 自制
unit	'ju:nit	n. 单位，分队，部队，单元，部件，装置a. 单位的，单元的[计] 单元常数; 部件
method	'meθәd	n. 方法，办法，条理，秩序[医] [方]法
picture	'piktʃә	n. 图画，照片，景色，美丽如画的人（或物）, 化身，生动的描述，想像，形象思维vt. 画，拍摄，用图说明，描写，想像[计] 图象; 形象; 字形
hospital	'hɒspitәl	n. 医院[医] 医院
bed	bed	n. 床，睡眠处，河床，底座，路基，一层vt. 提供宿处，栽种，安装vi. 睡，形成坚实的一层
movement	'mu:vmәnt	n. 运动，动作，运转，移动，倾向，变化，活动，乐章[医] 运动
piece	pi:s	n. 块，片，篇，碎片，部分，部件，标准量vt. 修补，修理，拼合，接线头vi. 吃零食
detail	'di:teil	n. 细节，详情vt. 详述，选派vi. 画详图[计] 详细数据
recent	'ri:snt	a. 最近的，近代的，最新的[经] 最近的，新进的
reduce	ri'dju:s	vt. 减少，分解，降低，使衰退，把……分解，把……归纳vi. 减少，减肥，缩小[计] 缩小
simply	'simpli	adv. 简单地，只是，简直，简朴地，坦白地
single	'siŋgl	a. 单身的，单程的，单一的，个别的，孤独的，专一的n. 一个，单打，单程票vt. 选出vi. 击出一垒打[计] 单精度型
doctor	'dɒktә	n. 医生，博士vt. 授以博士学位，诊断，修改vi. 行医
wall	wɒ:l	n. 墙，墙壁，垣，内壁，分界物，屏障a. 墙的vt. 给……建墙，禁闭，用墙围住[计] 背景墙
date	deit	n. 日期，约会，枣椰树vt. 约会，定日期vi. 注明日期，过时
uk	ju: 'kei	n. 联合王国
personal	'pә:snl	a. 私人的，涉及隐私的，有人性的，人称的，亲自的，身体的[医] 人的; 个人的，自身的
news	nju:z	n. 新闻，消息，报导[法] 新闻，消息，新闻报导
test	test	n. 测试，试验，化验，检验，考验，甲壳vt. 测试，试验，化验vi. 接受测验，进行测试
seven	'sevn	num. 七，七个
establish	i'stæbliʃ	vt. 建立，确立，制定vi. 移植生长
movie	'mu:vi	n. 电影
north	nɒ:θ	n. 北方，北a. 北的，北方的adv. 向北方，在北方
eight	eit	num. 八，八个
computer	kәm'pju:tә	n. 电脑，电子计算机[计] 计算机
private	'praivit	a. 私人的，秘密的，私立的，隐蔽的n. 士兵，隐士，阴部[计] 私人的
herself	hә:'self	pron. 她自己，她亲自
approach	ә'prәutʃ	n. 接近，入门vt. 接近，近似，找……商量vi. 靠近
amount	ә'maunt	n. 总数，总额vi. 总计，等同
technology	tek'nɒlәdʒi	n. 技术，工业技术，术语[医] 技术学，工艺学
bit	bit	n. 少量，马嚼子，辅币vt. 给马上嚼子，控制bite的过去式和过去分词[计] 比特，二进制数位，机内测试
catch	kætʃ	n. 捕捉，陷阱，捕捉之物，抓，拉手vt. 捕捉，赶上，感染，听清楚vi. 抓住，燃着
wish	wiʃ	n. 希望，愿望，祝愿，命令，请求vt. 愿，想要，希望，祝愿vi. 希望
step	step	n. 步骤，步，步幅，脚步声，踏级，步伐，短距离，步态，手段，等级vt. 踏，以步测量，跨步，使成阶梯状vi. 跨步，轻快地走，跳舞，踩，踏上，行走[计] 步骤
scheme	ski:m	n. 方案，计划，组合，系统，图解，诡计，阴谋v. 计划，设计，图谋，策划
baby	'beibi	n. 婴孩[医] 婴儿
award	ә'wɒ:d	n. 奖品，裁定，判决vt. 授予，给予
seek	si:k	vt. 寻求，寻找，探索，追求，搜索，请求vi. 寻找，搜索[计] 查找
attention	ә'tenʃәn	n. 注意，注意力[计] 引起注意信号
achieve	ә'tʃi:v	vt. 完成，达到vi. 如愿以偿
film	film	n. 软片，薄膜，胶卷，电影vt. 覆以薄膜，拍摄vi. 生薄膜，拍电影
chapter	'tʃæptә	n. 章，篇，重要章节[计] 章; 段
choose	tʃu:z	vt. 选择，宁愿，欲vi. 作出选择，愿意[计] 选取
republican	ri'pʌblikәn	n. 共和主义者，共和党员a. 共和政体的，共和国的，共和主义的
deal	di:l	n. 交易，协定，数量，买卖，松木板vi. 处理，应付，做生意vt. 分配，发牌，给予[计] 发牌
organization	.ɒ:gәnai'zeiʃәn	n. 组织，结构，团体，体制[医] 组织，机构，机化（血栓或坏死组织）
tree	tri:	n. 树，木料，树状物vt. 把……赶上树[计] 树; DOS外部命令:显示指定磁盘驱动器的目录结构
theory	'θiәri	n. 理论，学说，原理，意见，推测[化] 理论
source	sɒ:s	n. 来源，水源，根源，原始资料，源[计] 来源，源程序
property	'prɒpәti	n. 财产，所有权，性质，属性[计] 属性
poor	puә. pɒ:	a. 贫穷的，贫乏的，不幸的，可怜的，拙劣的，卑鄙的[经] 低劣的，不良的
red	red	a. 红的，红色的，红肿的，流血的n. 红色，红颜料，赤字[计] 简化，减少
nearly	'niәli	adv. 几乎，密切地
wide	waid	a. 宽的，广阔的，普遍的，宽阔的，广泛的，一般的adv. 广阔地，遍及各处地，广泛地n. 大千世界
south	sauθ	n. 南方，南a. 南的，向南的adv. 在南方vi. 转向南方
hair	hєә	n. 头发，毛发，些微[医] 毛，发
financial	fai'nænʃәl	a. 财政的，金融的[经] 财政的，金融的，财务的
twenty	'twenti	num. 二十，二十个
firm	fә:m	n. 公司，商号a. 坚定的，坚强的，牢固的，结实的，坚硬的，坚挺的，严格的，确定的vt. 使牢固，使坚定vi. 变稳固，变坚实adv. 稳固地
application	.æpli'keiʃәn	n. 应用，申请，志愿书，应用程序[计] 应用，应用程序
listen	'lisn	vi. 听，倾听，听从n. 听，倾听
cos	kɔs	n. 余弦[医] 寇斯（爱琴海一岛屿，Hippocrates的出生地）
soon	su:n	adv. 不久，早，快，宁可
production	prә'dʌkʃәn	n. 制造，生产，产物[医] 产生，生成
board	bɒ:d	n. 木板，甲板，膳食，会议桌vt. 乘船，供膳食，用板覆盖vi. 搭伙[计] 板
culture	'kʌltʃә	n. 文化，修养，耕种vt. 耕种，培养
billion	'biljәn	num. 十亿，十亿个
king	kiŋ	n. 国王，君主vt. 使……成为君主vi. 君临，统治
chance	tʃæns. tʃɑ:ns	n. 机会，意外，可能性vi. 偶然发生vt. 冒险
secretary	'sekrәtәri	n. 秘书，书记，大臣[经] 秘书
brother	'brʌðә	n. 兄弟
energy	'enәdʒi	n. 精力，精神，活力，能量[化] 能; 能量
fail	feil	vi. 失败，缺乏，中断，衰退，失灵vt. 忘记，使……失望，缺乏，不及格n. 不及格
realize	'riәlaiz	vt. 了解，实现，使显得逼真，变卖vi. 变卖
opportunity	.ɒpә'tju:niti	n. 机会，时机
operation	.ɒpә'reiʃәn	n. 操作，动作，手术，运算，作用，业务[计] 运算
summer	'sʌmә	n. 夏季，全盛时期vi. 避暑，过夏天[计] 加法器
share	ʃєә	n. 部分，参与，一份，参股，份额vt. 均分，分担，分享，分配，共有vi. 分享[计] 共享; DOS外部命令:在网络或多工系统中提供文件共享文件锁定及检测磁盘更动和对超过32MB硬盘分区的支持
foreign	'fɒ:rin	a. 外国的，外交的，外省的，外来的，不相关的[机] 外来的
lord	lɒ:d	n. 统治者，阁下，上帝vi. 称王，作威作福vt. 使成贵族
plant	plænt. plɑ:nt	n. 植物，作物，工厂，树枝，生长，设施，成套设备vt. 种植，栽培，播种，培养，安置，殖民于，使位于vi. 种植
agreement	ә'gri:mәnt	n. 同意，合约，协议[经] 契约，协议，协定
simple	'simpl	a. 简单的，普通的，朴素的，单纯的，绝对的，初级的，原始的，迟钝的n. 出身低微者，傻子
contract	'kɒntrækt	n. 合约，婚约，契约vt. 使皱缩，使缩短，感染，订约，缔结vi. 皱缩，订约，收缩
concerned	kәn'sә:nd	a. 关心的，有关的，参与的，担心的
choice	tʃɒis	n. 选择，精选品，选择权a. 精选的，挑三拣四的，上等的[计] DOS内部命令:在批处理文件中该命令用于提示用户作出选择，决定批处理文件的流程
thousand	'θauznd	num. 千a. 成千的，许多的n. 许许多多
security	si'kjuriti	n. 安全，安全性，防护物，保安，可靠性，担保人，抵押品，保证金[计] 安全性，保密性，安全检查程序
occur	ә'kә:	vi. 发生，被想到，存在
daughter	'dɒ:tә	n. 女儿a. 女儿的
administration	әd.mini'streiʃәn	n. 行政，管理，政府机关[化] 给药
husband	'hʌzbәnd	n. 丈夫，管理人，节俭的人vt. 节俭，使成丈夫，持有
david	'deivid	n. 大卫；戴维（男子名）
election	i'lekʃәn	n. 选举，当选，选择权[法] 选举，当选
congress	'kɒŋgres	n. 国会，会议，讨论会[医] 会议，会合
future	'fju:tʃә	n. 未来，将来a. 将来的，未来的
floor	flɒ:	n. 地板，楼层，底部，底价vt. 铺地板，打倒n. 地面，地板，基底[计] 基底
campaign	kæm'pein	n. 战役，运动，竞选运动vi. 参加运动，作战
used	'ju:st	a. 使用过的，二手的，习惯的
population	.pɒpju'leiʃәn	n. 人口，人口数[化] 群体; 总体
colour	'kʌlә	n. 颜色，面色，颜料，外貌vt. 把……涂上颜色，粉饰，使脸红，歪曲vi. 变色
various	'vєәriәs	a. 不同的，各种的，多方面的，许多的，个别的，杂色的[法] 不同的，种种的，各式各样的
rise	raiz	n. 上升，增加，上涨，高地，升高，出现vi. 升起，起身，起立，上升，上涨，增长，高耸，起义，浮现vt. 使飞起
represent	.repri'zent	vt. 表现，表示，描绘，讲述，代表，象征，回忆，再赠送，再上演vi. 提出异议
economy	i'kɒnәmi	n. 经济，理财，节约[医] 经济，整体
medical	'medikl	n. 医生，体格检查a. 医学的，内科的，药的
close	klәuz	n. 结束，完结a. 靠近的，亲近的，亲密的，严密的，关闭的，狭窄的，秘密的vt. 关，结束，使靠近，封闭，使接近vi. 关闭，结束，靠近adv. 接近地，紧密地[计] 关闭
shop	ʃɒp	n. 商店，工厂，车间vi. 购物，到处寻找vt. 选购
loss	lɒs	n. 损失，遗失，失败，输，错过，伤亡[化] 损失; 损耗
risk	risk	n. 冒险，危险，保险额vt. 冒……的危险，冒险干
clearly	'kliәli	adv. 清楚地
evening	'i:vniŋ	n. 傍晚，晚间，末期
animal	'ænimәl	n. 动物[医] 动物
current	'kʌrәnt	n. 涌流，趋势，流a. 流通的，现在的，当前的，流行的[计] 当前的
fire	'faiә	n. 火，炉火，电炉，火灾，闪光体，炮火，热情vt. 点燃，烧制，使发光，激动，放枪，解雇vi. 着火，烧火，开枪，射击，激动
standard	'stændәd	n. 标准，规格，旗，军旗，本位a. 标准的，合规格的[计] 标准
wrong	rɒŋ	a. 错误的，不正当的，失常的adv. 错误地
purpose	'pә:pәs	n. 目的，意向，决心，用途，效果，论题vt. 意欲，企图，计划
benefit	'benifit	n. 利益vt. 有益于vi. 受益
defense	di'fens	n. 防卫，防卫物[医] 防御
p	pi:	便士[计] 页，对，并行，奇偶性，指示器，多项式，程序，方法，皮
page	peidʒ	n. 页，记录，事件，专栏，男侍vt. 标明……的页数，翻……的书页，分页排版，呼叫，侍候vi. 翻书页，侍侯[计] 页; 页面
behavior	bi'heivjә	n. 行为，举止[医] 行为
anyone	'eniwʌn	pron. 任何人
fine	fain	n. 罚款，罚金，晴天，精细a. 好的，晴朗的，健康的，细小的，精细的vt. 罚款，精炼，澄清vi. 变清，变细adv. 很好[计] 精细
discuss	dis'kʌs	vt. 讨论，论述[医] 讨论，辩论
myself	mai'self	pron. 我自己，我亲自，我独自
west	west	n. 西方，西部a. 西方的，向西的adv. 向西，自西方，在西方
factor	'fæktә	n. 因素，因数，系数，基因，代理人[计] 因式
sport	spɒ:t	n. 运动，游戏，娱乐，消遣，玩笑a. 运动的，户外穿戴的vi. 游戏，参加体育运动，戏弄，产生变种vt. 炫耀，使产生变种
per	pә:	prep. 每一，通过，经，按照[经] 每，按照
prove	pru:v	vt. 证明，查验，检验，勘探，显示vi. 证明是
rest	rest	n. 休息，睡眠，安息，稍息，静止，支架，休息处，其余者，剩余部分vi. 休息，睡，长眠，安心，静止，停止，安置，依赖vt. 使休息，使支撑，把……寄托于
argue	'ɑ:gju	vi. 提出理由，争论，辩论vt. 主张，辩论，证明，说服
performance	pә'fɒ:mәns	n. 施行，工作情况，成绩，行为，表现，演出[电] 绩效，性能
charge	tʃɑ:dʒ	n. 指控，费用，冲锋，电荷，炸药，主管，被托管人，命令vt. 控诉，加罪于，使充满，使充电，使承担vi. 冲锋，要价，收费
fight	fait	n. 打架，争吵，斗志v. 对抗，打架
pattern	'pætәn	n. 模范，典型，式样，样品，图案，格调，模式vt. 模仿，仿造，以图案装饰vi. 形成图案[计] 模式，图案
throw	θrәu	vt. 投，掷，抛，发射，摔下，匆匆穿上（或脱下）, 抛弃，摆脱vi. 丢，掷，抛n. 投掷，掷骰子，冒险
top	tɒp	n. 顶部，顶端，极点，上面，上部，顶篷，最高地位，首位，陀螺a. 最高的，顶上的，头等的vt. 盖，加以顶，高达，超越vi. 结束，达到顶点，高出[计] TOP协议
present	'preznt	n. 现在，礼品，瞄准a. 现在的，出席的vt. 介绍，引见，赠送，提出，呈现，上演vi. 举枪瞄准
quickly	'kwikli	adv. 很快地
design	di'zain	n. 设计，图样，方案，企图v. 设计，计划
past	pɑ:st	n. 过去，昔时，往事，早年经历，过去时a. 过去的，结束的，卸任的，过去时的prep. 越过，晚于，超越，超出……的可能性（能力、范围等）pass的过去分词
goal	gәul	n. 目标，终点，得分，球门，守门员vi. 攻门，射门得分
royal	'rɒiәl	n. 王室，皇族a. 王室的，皇家的，盛大的，庄严的
april	'eiprәl	n. 四月
enjoy	in'dʒɒi	vt. 享受，喜欢，欣赏[法] 享受，享有，获得某种利益
author	'ɒ:θә	n. 作家，作家的著作，创始人[法] 作者，著作人，本人
despite	di'spait	n. 轻视，憎恨prep. 虽然，尽管
fill	fil	vt. 装满，填充，弥漫，供给，满足，供应vi. 充满，变得沉重n. 满足，装满，充分，填方vt. 填充vi. 填充[计] 填充
pressure	'preʃә	n. 压，榨，按，强制，压力，压迫，压强vt. 迫使，使增压，密封
focus	'fәukәs	n. 焦点，焦距vi. 聚焦，注视vt. 使聚焦，调焦，集中[计] 焦点
knowledge	'nɒlidʒ	n. 知识，学问，认识，知道
drop	drɒp	n. 滴，微量，落下，空投vi. 放下，掉下，下降vt. 使滴下，放下，丢失，遗漏[计] 投入，投入点，接入点，分接点
june	dʒu:n	n. 六月
blood	blʌd	n. 血，血统，流血，气质，生命vt. 使出血，用血涂
agency	'eidʒәnsi	n. 代理机构，经销商，中介[化] 办事处
basis	'beisis	n. 基础，主要成分[化] 基底
push	puʃ	n. 推，推动，奋斗，攻击，进取心vt. 推，推动，使伸出，推行，逼迫，增加vi. 推，推进，增加，努力争取
march	mɑ:tʃ	n. 三月，进行，行军，步伐，长途跋涉，进行曲，边界vi. 进军，前进，交界vt. 使行军，使行进
further	'fә:ðә	a. 更远的，此外的，更多的vt. 促进，增进，助长adv. 更进一步地，更远地，此外
size	saiz	n. 大小，尺寸，规模，尺码，能力，浆料vt. 上浆，依大小排列vi. 可比拟a. 一定大小的，一定尺寸的
color	'kʌlә	n. 颜色，面色，颜料，外貌vt. 把……涂上颜色，粉饰，使脸红，歪曲vi. 变色
introduce	.intrә'dju:s	vt. 介绍，引入，采用，输入[法] 引进，输入，介绍
series	'siәri:z	n. 串联，序列，连续，系列，丛书，套，级数，组[计] 系列
recently	'ri:sntli	adv. 最近
garden	'gɑ:dn	n. 花园，果园，菜园vi. 栽培花木vt. 造园a. 花园的，普通的
store	stɒ:	n. 商店，贮藏，仓库，备用品，存储器vt. 储存，贮藏，供给vi. 贮藏a. 贮藏的，现成的[计] 存储器操作; 存储
sound	saund	n. 声音，语音，吵闹，声调，听力范围，探条，海峡a. 健全的，可靠的，合理的，健康的，彻底的，资金充实的adv. 彻底地，充分地vi. 发出声音，回响，测深，试探，听起来vt. 使发声，宣告，听诊，测……深，试探[计] 声音
environment	in'vairәnmәnt	n. 环境，外界，围绕[计] 环境
note	nәut	n. 笔记，记录，注解，票据，符号，显要，注重，便笺，照会vt. 记录，注解，注意
success	sәk'ses	n. 成功，成就，胜利
enter	'entә	vt. 进入，参加，开始，输入，回车vi. 进去，参加[计] 输入，回车
near	niә	a. 近的，近亲的，近似的adv. 接近，亲近prep. 靠近，近似于v. 接近，走近
analysis	ә'nælәsis	n. 分析[计] 分析机; 分析员; 分析; 分析程序
arrive	ә'raiv	vi. 到达，抵达
natural	'nætʃәrәl	n. 白痴a. 自然的，自然界的，本能的，天然的，物质的，正常的，原始的，自然数的
thought	θɒ:t	n. 想法，思想，思维，关心，挂念think的过去式和过去分词
ensure	in'ʃuә	vt. 确定，保证，担保，保护[经] 确保，确定
region	'ri:dʒәn	n. 区域，地带，地区，领域，范围，区[计] 区，区域
list	list	n. 目录，名单，明细表，布条，条纹，列表，序列，数据清单vt. 列出，列于表上，记入名单内，装布条vi. 列于表上[计] 列表，序列，数据清单
race	reis	n. 种族，人种，赛跑，比赛，急流，人类，同道，姜根vi. 赛跑，竞赛，疾走vt. 与……赛跑，使疾走，使猛转[计] 竞争; 追赶; 欧州高级通信研究开发计划
concern	kәn'sә:n	n. 关心，忧虑vt. 与……有关，使担心，使挂念
statement	'steitmәnt	n. 陈述，指令，声明[计] 程序语句; 语句
significant	sig'nifikәnt	a. 重要的，有效的，有含义的，暗示的，值得注意的
relation	ri'leiʃәn	n. 关系，联系，叙述，故事，家属，亲戚[计] 关系
sea	si:	n. 海，海洋，海浪，大量[法] 海，海洋
hot	hɒt	a. 热的，热心的，辣的，热情的，激动的，猛烈的，紧迫的adv. 热，紧迫地
principle	'prinsipl	n. 原则，原理，主义[化] 原理
demand	di'mɑ:nd	n. 要求，需求，需要v. 要求，查询
labour	'leibә	n. 劳动，努力，工作，劳工，分娩vi. 劳动，努力，苦干vt. 详细分析，使厌烦
response	ri'spɒns	n. 反应，回答，响应[计] 应答
dead	ded	a. 死的，不活泼的，麻木的，熄灭的n. 死者adv. 完全地，直接地
refer	ri'fә:	vt. 提交，归诸于，把……提交，使求助于vi. 提到，涉及，查阅，查询，咨询
capital	'kæpitәl	n. 首都，大写字母，资本a. 首都的，重要的
tv	'ti:'vi:	电视[计] 电视，转移向量
decade	'dekeid	n. 十年，十
round	raund	n. 圆，圆形物，巡回，循环，一轮，一回合，一局，范围，轮唱a. 圆的，球形的，丰满的，肥胖的，完全的，大概的，完美的，圆润的prep. 围着，附近，绕过，在……周围adv. 围绕着，在周围，迂回地，挨个，朝反方向vt. 弄圆，使成圆形，绕行，完成，围捕，把……四舍五入vi. 变圆，发胖，环行，拐弯，进展
hotel	hәu'tel	n. 旅馆，客栈
article	'ɑ:tikl	n. 文章，冠词，物品，物件，条款，契约[计] 信件
shoot	ʃu:t	n. 射击，狩猎，芽，射伤，发射，发芽，急流，推力，摄影，急送，滑运道，浪费vt. 射击，射中，损毁，拍摄，喷出，投射，挥出，飞速行进，挥霍，给……注射vi. 射出，射击，发出，拍电影，射门，发芽
east	i:st	n. 东方，东a. 东方的，向东的adv. 向东方，朝东方
above	ә'bʌv	prep. 在上方，超出adv. 在上面a. 上述的，上面的
forward	'fɒ:wәd	a. 向前的，早的，迅速的，在前的，进步的vt. 促进……的生长，转寄，运送adv. 向前地[计] 前推，转信
save	seiv	n. 救球vt. 解救，挽救，储蓄，保存，节省，保留vi. 挽救，节省，救球prep. 除……之外[计] 保存
village	'vilidʒ	n. 村庄a. 乡村的，村庄的
station	'steiʃәn	n. 车站，站，局，驻地，位置，身分，地位vt. 安置，配置，驻扎[计] 站
artist	'ɑ:tist	n. 艺术家，画家
nine	nain	num. 九，九个
individual	.indi'vidʒuәl	n. 人，个人，个体a. 个别的，个人的，独特的
scene	si:n	n. 场，情景，镜头，发生地点，道具，布景，景色[化] 现场
stock	stɒk	n. 树干，祖先，血统，原料，备料，库存，牲畜，股票，股份，保留剧目a. 存货的，常备的，平凡的，普通的，股票的，保留剧目的，繁殖用的vt. 装把手于，进货，备有，放牧vi. 出新芽，备货，囤积
attempt	ә'tempt	n. 尝试，企图vt. 尝试，企图
career	kә'riә	n. 事业，生涯，成功[法] 职业，专业，履历
feature	'fi:tʃә	n. 面孔的一部分（如眼、口等）, 特征，容貌，特色，特写vt. 是……的特色，特写，放映vi. 起重要作用[计] 特性
association	ә.sәuʃә'eiʃәn	n. 协会[计] 关联
income	'inkʌm	n. 收入，收益，流入[经] 收益
treatment	'tri:tmәnt	n. 治疗，待遇，处理[医] 疗法，治疗; 处理
beyond	bi'jɒnd	prep. 超过，在那一边，迟于adv. 在远处n. 更远处
happy	'hæpi	a. 快乐的，幸福的，愉快的，恰当的
relate	ri'leit	vt. 讲，叙述，使互相关联vi. 有关，符合，相处得好
exactly	i^'zæktli	adv. 确切地，精确地，恰好，完全地，确实，恰恰正是，确实如此
following	'fɒlәuiŋ	n. 下列各项，部下，追随者a. 下列的，其次的
cup	kʌp	n. 杯子，茶杯，优胜杯vt. 使成杯状，为……拔火罐
protect	prә'tekt	vt. 防卫，保护，警戒[法] 庇护，保护，警戒
nice	nais	a. 美好的，和蔼的，正派的，做得好的，精密的，细微的，挑剔的，谨慎的
organisation	,ɔ: ^әnaizeiʃən; - ni'z-	n. 组织，团体，体制，编制
manage	'mænidʒ	vi. 处理vt. 管理，控制，维持，达成，经营，运用
dog	dɒg	n. 狗，坏蛋vt. 跟踪，尾随
fund	fʌnd	n. 基金，资金，存款，财源，贮藏vt. 提供资金，积累
affect	ә'fekt	vt. 影响，感动，假装，模仿，爱好，倾向于n. 自觉感情
serious	'siәriәs	a. 严肃的，认真的，重要的，严重的[电] 严重的
identify	ai'dentifai	vt. 识别，认为……等同于，确定，使参与vi. 一致，认同
media	'mi:diә	n. 媒体[计] 媒质
ready	'redi	n. 预备好的状态，现款a. 准备好的，备用的，可以使用的adv. 预先，迅速vt. 使准备好
please	pli:z	adv. 请vt. 使高兴，合……的心意，取悦vi. 使人满意，讨好，愿意，敬请
whatever	hwɒt'evә	pron. 无论什么
sign	sain	n. 符号，招牌，征兆，正负号，手势vt. 签名，打手势表达vi. 签名[计] 正负号; 符号; 符号字符
difficulty	'difikәlti	n. 困难，难点
machine	mә'ʃi:n	n. 机器，机械装置，机构，自动售货机，机械般工作的人vt. 以机器制造
modern	'mɒdәn	n. 现代人，有思想的人a. 现代的，时髦的
degree	di'gri:	n. 程度，度数，学位，度[医] 度，程度
legal	'li:gәl	a. 法律的，法定的，合法的[经] 法定权利; 法律（上）的，合法的
answer	'ɑ:nsә	n. 答案，回答，回报，答辩vt. 回答，反驳，适应，响应，符合vi. 回答，答应，负责，符合，成功[计] 用户问题及答案新闻组
scotland	'skɒtlәnd	n. 苏格兰
resource	ri'sɒ:s	n. 资源，财力，办法，策略，急智，消遣[计] 资源
cell	sel	n. 单元，细胞，电池[计] 单元
growth	grәuθ	n. 生长，栽培，增长[计] 等比级数
left	left	a. 左边的，左倾的，左侧的，左派的adv. 在左面n. 左，左面，左派leave的过去式和过去分词
mile	mail	n. 英里，很大距离[机] 英里，哩
compare	kәm'pєә	vt. 比较，比喻，对照vi. 相比n. 比较[计] 比较
determine	di'tә:min	v. 决定，决心
prepare	pri'pєә	vt. 准备，筹备，使在思想上有准备，制造，调制vi. 预备
lady	'leidi	n. 淑女，夫人，女士，贵妇
disease	di'zi:z	n. 疾病，弊病[医] [疾]病
whom	hu:m	pron. 谁
final	'fainl	n. 期末考试，结局，决赛a. 最后的，终极的，决定性的
task	tɑ:sk	n. 工作，任务，作业，困难的工作vt. 派给……工作，使辛劳[计] 任务
recognize	'rekәgnaiz	vt. 认出，认可，承认，公认，识别，赏识vi. 承认，具结
function	'fʌŋkʃәn	n. 官能，职务，功能，函数vi. 活动，运行，行使职责[计] 功能，函数
ability	ә'biliti	n. 能力，才干[经] 能力，才能
provision	prә'viʒәn	n. （政府提供的）钱和设备，准备，供应品，规定，条款vt. 供给……食物及必需品
county	'kaunti	n. 县，郡
indicate	'indikeit	vt. 显示，象征，指示，指出[医] 指示
character	'kærәktә	n. 个性，字符，人物，性质，品格，资格[计] 字符
behaviour	bi'heivjә	n. 行为，举止[计] 特性，性能，特点，行为，动作，状态
defence	di'fens	n. 防卫，防卫设备[经] （诉讼程序中的）辩护
wonder	'wʌndә	n. 奇迹，惊奇，惊愕vt. 惊奇，想知道vi. 惊讶，怀疑
style	stail	n. 风格，时尚，文体，风度，字体，类型vt. 称呼，（根据新款式）设计，使合潮流n. 风格，样式[计] 风格，样式
attack	ә'tæk	n. 攻击，抨击vt. 攻击，抨击，动手干vi. 攻击
st		[计] 段表，状态，系统测试，直端连接器[化] 磺胺噻唑
obtain	әb'tein	vt. 获得，达到vi. 流行，得到公认
science	'saiәns	n. 科学，学科，学问，自然科学[医] 科学
television	'teli.viʒәn	n. 电视[电] 电视
box	bɒks	n. 盒子，箱，方框，一巴掌vt. 装……入盒中，装箱，打耳光vi. 拳击[计] 方框
announce	ә'nauns	vt. 宣布，声称，显示，预告vi. 当报幕员，宣布参加竞选
feeling	'fi:liŋ	n. 摸，触觉，知觉，感觉，情绪，同情a. 有同情心的，有感觉的，仁慈的，动人的
pretty	'priti	a. 漂亮的，优美的，机灵的，狡猾的，恰当的adv. 相当，颇
everybody	'evribɒdi	pron. 每个人，人人
hall	hɒ:l	n. 门厅，走廊，会堂
skill	'skil	n. 技术，技巧，技能，熟练，熟练工人[化] 技能
physical	'fizikl	a. 身体的，物质的，自然的，物理学的，好色的n. 体格检查
lay	lei	vt. 放置，产，铺设，布置，提出，平息vi. 下蛋，打赌n. 位置，层，隐藏处a. 世俗的，外行的lie的过去式
horse	hɒ:s	n. 马，骑兵，脚架vi. 骑马，取笑vt. 使骑马，系马于
user	'ju:zә	n. 使用者[计] 用户
message	'mesidʒ	n. 消息，通讯，讯息，教训，预言，广告词vt. 通知vi. 通报，报告，报信[计] 报文; 消息; 信息
outside	'aut'said	n. 外面，外表，外界a. 外面的，外表的，外界的adv. 外面，外表，外界
nor	nɒ:	conj. 也不，也没有[计] 或非
normal	'nɒ:ml	n. 常态，标准，正常，普通a. 正常的，正规的，标准的，师范的，正态的[计] 标准，普通
forget	fә'get	vt. 忘记，忽略，忘vi. 忘记
sex	seks	n. 性别，性欲vt. 区别……的性别，引起……的性欲
peter	'pi:tә	vi. 逐渐消失，逐渐减少
investment	in'vestmәnt	n. 投资[医] 包埋料，围模料，包埋法，围模法
lawyer	'lɒ:jә	n. 律师[经] 律师
army	'ɑ:mi	n. 军队，陆军
environmental	in.vaiәrәn'mentәl	a. 周围的，环境的[经] 环境的，环保的
glass	glɑ:s	n. 玻璃，玻璃杯，透镜vt. 装玻璃于，反射，反映vi. 成玻璃状
dr		n. 博士，医生[医] 英钱
suffer	'sʌfә	vt. 遭受，经历，忍受vi. 受痛苦，受损害
sister	'sistә	n. 姐妹，姐，妹，护士，修女vt. 姐妹般对待
previous	'pri:viәs	a. 早先的，前面的，过急的[法] 以前的，生前的，前述的
pm		出纳员，军需官[计] 调相，性能管理，处理模块，程序存储器
maintain	mein'tein	vt. 维持，维修，保持，坚持，供养，主张[化] 维修
professor	prә'fesә	n. 教授
publish	'pʌbliʃ	vt. 出版，发行，公开，发表，宣传，公布vi. 出版，发行
crime	kraim	n. 犯罪，罪行，罪恶[法] 犯罪，罪，罪恶
france	frɑ:ns	n. 法国
responsibility	ri.spɒnsә'biliti	n. 责任，职责，负担，可靠性[化] 职责
ok	'әu'kei	a. 好，不错，可以adv. 好，不错，可以n. 批准，认可[计] 确定
total	'tәutl	a. 全体的，总的，全然的vt. 计算……的总和，共计为vi. 合计n. 总数，全体，合计adv. 统统
argument	'ɑ:gjumәnt	n. 争论，论证，论据，自变量[计] 参数
miss	mis	n. 失误，避免，失败，小姐vt. 未得到，未达到，未听到，未觉察，逃脱，遗漏，错过，思念vi. 失败，击不中
anyway	'eniwei	adv. 无论如何，至少
avoid	ә'vɒid	vt. 避免，防止，撤消[法] 避免，回避，躲开
bill	bil	n. 帐单，清单，钞票，鸟嘴，广告，法案，票据vt. 开帐单，（用招贴）宣布
prime	praim	n. 最佳部分，初期，全盛期a. 主要的，最初的，根本的v. 加油启动，灌注，填装
express	ik'spres	n. 快车，快递，专使a. 明确的，丝毫不差的，专门的，快的vt. 表达，表示，表露
gun	gʌn	n. 枪[医] 枪
suppose	sә'pәuz	vt. 推想，假设，以为，想像，假定vi. 料想
finish	'finiʃ	n. 完成，结束，末道漆，磨光，完美vt. 完成，结束，用完，毁掉vi. 结束[计] 完成
blue	blu:	n. 蓝色a. 蓝色的，下流的，忧郁的vt. 染成蓝色vi. 变蓝
element	'elimәnt	n. 元件，元素，要素[计] 部分; 成分; 单元; 码元; 元件; 元素; 单元
strategy	'strætidʒi	n. 战略，策略[经] 战略，策略
duty	'dju:ti	n. 责任，关税，职务，尊敬[化] 职责
july	dʒu:'lai	n. 七月
tend	tend	vi. 走向，有某种的倾向，易于，照顾，注意vt. 照料，护理
truth	tru:θ	n. 事实，实情[法] 真实，真相，事实
leg	leg	n. 腿，假腿，路程vi. 走，跑
song	sɒŋ	n. 歌，曲，鸣声，歌唱，歌曲，诗歌
democratic	.demә'krætik	a. 民主的[法] 民主的，民主政体的，平民的
park	pɑ:k	n. 公园，停车处vt. 停车，置于vi. 停车
suddenly	'sʌdәnli	adv. 突然，意外，忽然，迅速，即席作成，即刻，急速
check	tʃek	n. 检查，支票，阻止物，寄物牌，象棋中将军vt. 检查，阻止，核对，寄存，托运vi. 逐项相符，开支票[计] 复选
title	'taitl	n. 头衔，名称，标题，书名，扉页，权利，资格，冠军，字幕vt. 授予头衔，加标题于[计] 标题
treat	tri:t	n. 宴请，款待vt. 视为，对待，论述，治疗，款待vi. 讨论，谈判，作东
dark	dɑ:k	n. 黑暗，夜，黄昏，模糊a. 黑暗的，暗的，深色的，隐密的，模糊的，无知的
throughout	θru:'aut	adv. 到处，贯穿全部地，自始至终prep. 遍及，在各处[计] 吞吐量
discussion	dis'kʌʃәn	n. 讨论
laugh	lɑ:f	n. 笑，笑声vi. 笑，大笑vt. 以笑表示
generally	'dʒenәrәli	adv. 通常，逐渐地，普遍地
aspect	'æspekt	n. 外观，方面，面貌，方向[医] 方面，局面; 外观
guess	ges	n. 猜测，臆测v. 猜测，臆测
executive	ig'zekjutiv	n. 执行部门，执行委员会，执行者，经理主管人员a. 执行的，善于执行的，善于经营的[计] 执行程序
industrial	in'dʌstriәl	a. 工业的，供工业用的，工业高度发展的，产业的n. 工业工人，工业股票
chairman	'tʃєәmәn	n. 主席，会长[经] 主席
remove	ri'mu:v	vt. 移动，调动，除去，迁移，开除，移交vi. 迁移，移动，搬家n. 班级，升级，移动，搬家，间距[计] 删除
visit	'vizit	n. 拜访，访问，游览，视察vt. 拜访，访问，参观，视察，降临vi. 访问，参观，闲谈
hang	hæŋ	n. 悬挂，诀窍，意义vt. 悬挂，附着，装饰，垂下，踌躇，绞死，使悬而未决vi. 悬着，垂下，被绞死，悬而不决
entire	in'taiә	n. 整个，全部a. 全体的，完全的，全部的
rock	rɒk	n. 岩石，岩礁，石头，基石，暗礁，摇动，摇滚乐vt. 摇摆，摇动，使摇晃，使动摇vi. 摇，摇动
sorry	'sɒri	a. 难过的，悲哀的，遗憾的
sun	sʌn	n. 太阳，日，日光，阳光vt. 晒vi. 晒太阳
united	ju:'naitid	a. 联合的，团结的，一致的，和睦的[法] 联合的，统一的，一致的
exist	ig'zist	vi. 存在，生存，发生
river	'rivә	n. 河，江[法] 河流，江河，内河
paul	pɔ:l	n. 保罗（男子名）
customer	'kʌstәmә	n. 消费者[化] 顾客
institution	.insti'tju:ʃәn	n. 机构，惯例，制度[医] 机关，机构，设施
encourage	in'kʌridʒ	vt. 鼓励，支持，激励[法] 怂恿，煽动，助长
specific	spi'sifik	n. 特效药，特性a. 特殊的，明确的，具有特效的，特定地，具体地
network	'netwә:k	n. 网络，广播网，网状物[计] 网络
appropriate	ә'prәupriәt	a. 适当的[经] 适当的，拨出，占用
religious	ri'lidʒәs	a. 宗教性的，虔诚的，宗教上的，严谨的n. 修道士，出家人
profit	'prɒfit	n. 利润，赢利，利益vi. 有益，获利，赚钱vt. 有益于
cold	kәuld	n. 感冒，寒冷a. 寒冷的，冷淡的，冷静的adv. 完全地
reflect	ri'flekt	vt. 反射，反映，招致，深思vi. 被反射，映出，深思，考虑，指责
assume	ә'sju:m	vt. 假定，承担，呈现vi. 装腔作势，僭越
admit	әd'mit	vt. 承认，接受，允许进入，容许vi. 开向，容许，承认
stone	stәun	n. 石头，宝石，果核，纪念碑，结石vt. 投扔石子，铺石头a. 石的，石制的，完全的
measure	'meʒә	n. 尺寸，量度器，量度标准，测量，量具，程度，范围，限度，分寸，措施，方法vt. 测量，测度，估量，权衡，调节，拿（自己或自己的力量等）作较量vi. 度量
conference	'kɒnfәrәns	n. 会议[经] 会议，讨论会，协商会
green	gri:n	n. 绿色，绿色颜料a. 绿色的，未成熟的，新鲜的，青春的，无经验的，脸色发青的
memory	'memәri	n. 记忆，记忆力，回忆，纪念，存储n. 内存[计] 存储器，内存，查看内存实用程序
division	di'viʒәn	n. 分，分开，除法，部门（如部、处、系等）, 师[计] 部分
card	kɑ:d	n. 卡片，纸牌，节目单，明信片，梳棉机vt. 备置卡片，记于卡片上，梳理[计] 卡片，卡
smile	smail	n. 微笑，喜色，笑容vi. 微笑，觉得好笑vt. 微笑着表示
seat	si:t	n. 座，座位，位子，席位，所在地vt. 使坐下，使就座，为……设座于，使就职vi. 安装在底座上
replace	ri'pleis	vt. 代替，替换，放回，归还[计] 替换; DOS外部命令:取代或更新文件
post	pәust	n. 柱，杆，准星，邮件，邮政，标竿，职位，岗位，哨所，兵营vt. 张帖，邮递，公布，登入帐，使熟悉，布置vi. 快速行进adv. 急速地[计] 记入; 登记，上电自检
george	dʒɔ:dʒ	n. 乔治（男子名）；自动操纵装置；英国最高勋爵勋章上的圣乔治诛龙图
procedure	prә'si:dʒә	n. 程序，过程，手续[计] 规程; 过程
trial	'traiәl	n. 审判，试验，艰苦，麻烦事，考验a. 审讯的，试验性的
commission	kә'miʃәn	n. 委任状，任官令，所委职责，佣金，犯，委托，所托之事vt. 委任，委托制作，使服役
expert	'ekspә:t	n. 专家，行家a. 老练的，内行的，专门的[计] 高级
proposal	prә'pәuzl	n. 提议，计划，求婚[经] 提案，申请，投标
unless	.ʌn'les	conj. 除非prep. 除……之外
spring	spriŋ	n. 春天，弹簧，跳跃，弹性，活力，泉，源泉a. 春天的vi. 跳，弹跳，涌出，生长，裂开，高耸vt. 使跳起，使爆炸，突然提出
mention	'menʃәn	n. 提到，言及，陈述vt. 提到，提及
improve	im'pru:v	vt. 改良，提高……的价值，改善，利用vi. 变得更好，增加
democrat	'demәkræt	n. 民主人士，民主主义者，民主党党员[经] 民主党
radio	'reidiәu	n. 无线电，收音机，无线电报，无线电广播，无线电台v. 用无线电发送
circumstance	'sә:kәmstәns	n. 环境，状况，事件
client	'klaiәnt	n. 客户，顾客，委托人[计] 客户，客户机，客户机程序
obviously	'ɔbviәsli	adv. 显而易见地，明显地
imagine	i'mædʒin	vt. 想像，设想，猜测vi. 想像起来
sector	'sektә	n. 扇形，部门，部分，函数尺，象限仪，段，区段vt. 把……分成扇形[计] 扇面; 扇区; 段; 区段
direction	di'rekʃәn	n. 方向，指导，趋势[计] 方向; 流向
tonight	tә'nait	n. 今晚，今夜adv. 今晚，今夜
basic	'beisik	n. 基本原理，要素，基本规律a. 基本的，碱性的（计算机）BASIC语言
huge	hju:dʒ	a. 极大的，巨大的，无限的
ball	bɒ:l	n. 球，舞会，球状物v. 捏成球形
soviet	'sәuviәt	n. 代表会议，苏维埃，苏联a. 苏维埃的，苏联的
yourself	juә'self	pron. 你自己
successful	sәk'sesful	a. 成功的，一帆风顺的，顺利的[经] 成功的
intend	in'tend	vt. 计划，打算，意思是[法] 想要，打算，意旨
original	ә'ridʒәnl	a. 最初的，原始的，有创意的n. 原物，原作
impact	'impækt	n. 冲击，冲突，影响，效果vt. 挤入，撞击，压紧，对……发生影响
attitude	'ætitju:d	n. 态度，看法，姿势[医] 体态，姿势，态度
respond	ri'spɒnd	vt. 以……回答vi. 回答，响应，回报，有反应，承担责任
aware	ә'wєә	a. 知道的，有觉悟的
discover	dis'kʌvә	vt. 发现，找到，暴露vi. 发现
popular	'pɒpjulә	a. 通俗的，流行的，受欢迎的，大众的，人民的，普及的[经] 大众的，通俗的，普及的
traditional	trә'diʃәnl	a. 传统的，惯例的[经] 传统的，惯例的
onto	'ɒntu:	prep. 在……之上
reveal	ri'vi:l	vt. 露出，显示，透露，揭露，泄露，（神）启示n. 窗侧，门侧
de	di:	[化] 非对映体过量[医] 铥（69号元素铥的别名，1916年Eder离得的假想元素）
weapon	'wepәn	n. 武器，兵器vt. 武装
germany	'dʒә:mәni	n. 德国
employee	.emplɒi'i:	n. 职员，员工，受雇人员[化] 职工; 雇员
cultural	'kʌltʃәrәl	a. 文化的，教养的，修养的[医] 培养的
peace	pi:s	n. 和平，和约，治安，和睦，安宁，静寂vi. 安静下来，不作声
employment	im'plɒimәnt	n. 雇用，职业，工作[经] 职业，雇用，职工招请
hon	hʌn	[化] δ-羟基-γ-氧代正缬氨酸[医] 羟氧基正缬氨酸
refuse	ri'fju:z	vt. 拒绝，谢绝vi. 拒绝n. 废物a. 扔掉的，无用的
prevent	pri'vent	v. 预防，防止，阻止，妨碍
pain	pein	n. 痛苦，疼痛，辛苦vt. 使痛苦，痛苦vi. 作痛，疼
october	ɒk'tәubә	n. 十月
affair	ә'fєә	n. 事件，事务，恋爱事件
shake	ʃeik	n. 摇动，震动vt. 摇动，动摇，使震动，挥舞vi. 震动，发抖，动摇
appeal	ә'pi:l	n. 恳求，诉请，上诉，吸引力vi. 呼吁，诉请，要求，上诉，有吸引力vt. 将……上诉
heavy	'hevi	a. 重的，巨大的，沉重的，笨重的，过度的adv. 沉重地n. 重物，严肃角色
fly	flai	n. 苍蝇，两翼昆虫，飞行vi. 飞，飞翔，飘扬，逃走vt. 飞，飞越，使飘扬，逃出a. 敏捷的
interview	'intәvju:	n. 面谈，访问，接见，面试vt. 接见，对……进行面谈（试）
regard	ri'gɑ:d	n. 关心，注意，尊敬，关系，问候vt. 视为，注意，考虑，和……有关，看待vi. 注视，注意
chair	tʃєә	n. 椅子，显要的席位，主席vt. 使入座，使就任要职
fish	fiʃ	n. 鱼，鱼肉，鱼类，接合板vt. 钓，钓鱼，查出，用接合板连接vi. 捕鱼，钓鱼，用钩捞取，摸索寻找
professional	prә'feʃәnl	n. 专业人才a. 专业的，职业的
holiday	'hɒlәdi	n. 假日，假期，节日vi. 度假
technique	tek'ni:k	n. 技巧，技术，方法[化] 工艺方法; 技巧
camera	'kæmәrә	n. 照相机，摄影机，密谈室，暗箱[计] 摄影
item	'aitәm	n. 项目，条款，一则，项[计] 项
politics	'pɒlitiks	n. 政治，政治学，政见，政治活动[法] 政治，政治学，政纲
medium	'mi:diәm	n. 媒体，方法，媒介a. 半生熟的，中间的[计] 媒体，中
pupil	'pju:pl	n. 学生，门生，未成年人，瞳孔[医] 瞳孔
version	'vә:ʒәn	n. 一种描述，版本，译文[计] 版本
perform	pә'fɒ:m	vt. 进行，履行，完成，执行，表演vi. 行动，工作，执行，演出
weight	weit	n. 重，重量，体重，砝码，重大，影响，力量vt. 加重量于，压迫，使加权，称重量[计] 粗细
candidate	'kændideit	n. 候选人，投考者[法] 候选，候补者
okay	әj'kei	a. 好，可以，行，对，好吗，很好adv. 好，可以，行，对，好吗，很好n. 同意，签认，批准，认可vt. 同意，签认，批准，认可
direct	di'rekt	a. 直接的，坦白的vt. 指示，指挥，命令，导演vi. 指导，指挥adv. 直接地
press	pres	n. 压，揿，按，人群，印刷机，压力，出版社，记者，报刊，新闻舆论，紧迫vt. 压，压榨，紧抱，逼迫，推进，强迫征募，催逼vi. 压，重压，催促，拥挤，奋力前进，受压
advice	әd'vais	n. 忠告，劝告，意见，报道，通知[经] 通知书，通知，建议
trip	trip	n. 旅行，绊倒，摔倒，失足，差错，旅程vt. 使跌倒，使犯错，使失败vi. 轻快地走，绊倒，失误，犯错，结巴，旅行，远足
inside	'in'said	n. 内部，内脏，内幕a. 内部的，秘密的，户内的adv. 在里面prep. 在……之内
september	sep'tembә	n. 九月
sales		a. 销售的[计] 销售
library	'laibrәri	n. 图书馆，藏书，库[计] 库
adult	'ædʌlt	n. 成人，成虫a. 成年的，成熟的
advantage	әd'vɑ:ntidʒ	n. 优点，便利，好处，优势vt. 有助于
operate	'ɒpәreit	v. 操作，运转，动手术，活动
worry	'wʌri	n. 担心，烦恼，忧虑，苦恼，撕咬vt. 使烦恼，使焦虑，使苦恼，困扰，折磨，撕咬vi. 烦恼，担心，撕咬
surface	'sә:fis	n. 面，表面，水面，外表，平面a. 表面的，外观的，肤浅的，水面上的vt. 使成平面，使浮出水面vi. 浮出水面，呈现，在地面上工作
america	ә'merikә	n. 美洲，美国
immediately	i'mi:diәtli	adv. 直接地，立刻，立即
deep	di:p	a. 深的adv. 深入地n. 深渊，深处
worth	wә:θ	n. 价值，财产a. 值……的，值得的
edge	edʒ	n. 边缘，尖锐，刀刃，优势vt. 使锐利，挤进，镶边vi. 缓缓移动
variety	vә'raiәti	n. 多样，种类，变种，杂耍[化] 变种
writer	'raitә	n. 作家，撰稿者，抄写员[化] 记录器
trouble	'trʌbl	n. 烦恼，麻烦，困难，动乱，故障vt. 困扰，麻烦，使烦恼，折磨vi. 烦恼，费心
james	dʒeimz	n. 詹姆斯（姓氏，男子名）；[圣]《雅各书》
island	'ailәnd	n. 岛，岛屿，孤立地区，安全岛vt. 使成岛状，孤立
challenge	'tʃælindʒ	n. 挑战，盘问vt. 向……挑战，要求，怀疑vi. 挑战，对（证据等）表示异议
january	'dʒænjuәri	n. 一月
fear	fiә	n. 恐怖，害怕，担心v. 害怕，恐惧，为……担心，敬畏
shoulder	'ʃәuldә	n. 肩，肩膀，衣肩vt. 肩负，负担，担任vi. 用肩推挤
useful	'ju:sful	a. 有用的，有益的[机] 有用的，有效的
depend	di'pend	vi. 靠，视……而定，信赖
middle	'midl	n. 中央，中间，腰部a. 中央的，中庸的，中间的
sunday	'sʌndi	n. 星期日a. 星期日的，业余的vi. 度星期日
majority	mә'dʒɒriti	n. 多数，大半[计] 多数逻辑
dream	dri:m	n. 梦，空想，愿望v. 做梦，想象，梦想
extent	ik'stent	n. 范围，程度，区域[计] 范围
bar	bɑ:	n. 条，棒，酒吧，栅，障碍物vt. 禁止，阻挡，妨碍[计] 棒形图
enable	i'neibl	vt. 使能够[计] 允许，使能，打开
beautiful	'bju:tiful	a. 美丽的
competition	.kɒmpi'tiʃәn	n. 竞争，竞赛[经] 竞争，竞销，比赛
instead	in'sted	adv. 作为替代，反而
parliament	'pɑ:lәmәnt	n. 国会，议会[法] 会议，国会，议院
goods	guds	n. 货物[经] 货物，商品，动产
stuff	stʌf	n. 原料，要素，东西，材料，素质，织品，废物，废话vt. 装填vi. 狼吞虎咽
speaker	'spi:kә	n. 说话人，讲演者，发言人，喇叭，扬声器[计] 扬声器
complete	kәm'pli:t	a. 完全的，十足的，完成的vt. 完成，完工，使圆满
access	'ækses	n. 通路，入口，接近，进入，使用权，发作vt. 访问，存取，接近，使用[计] 访问，存取
somebody	'sʌmbɒdi	n. 了不起的人，大人物pron. 有人，某人
richard	'ritʃәd	n. 理查德（男子名）
magazine	.mægә'zi:n	n. 杂志，仓库，弹盒，胶卷盒[计] 卡片箱，介质装卸程序
text	tekst	n. 文本，正文，课文，主题，圣经文句，乐谱[计] 电文; 文本; 正文
soldier	'sәuldʒә	n. 军人，士兵，兵蚁vi. 从军，尽职，偷懒，磨洋工
thirty	'θә:ti	num. 三十，三十个
easily	'i:zili	adv. 容易地，轻易地，流利地
sexual	'sekʃuәl	a. 性的，性别的[医] 性的; 性欲的
effective	i'fektiv	a. 有效的，有力的，实际的n. 有生力量
western	'westәn	n. 西方人，西部片，西部小说a. 向西方的，来自西方的，西方的，西洋的，西部的
bag	bæg	n. 袋子，袋状物vt. 使膨大，装袋，猎获
heat	hi:t	n. 热，热度，体温，高潮vi. 加热，激昂，加剧vt. 把……加热，使激动
payment	'peimәnt	n. 付款，支付的款项（或实物）, 偿还，报应，惩罚[经] 支付，缴纳，支付款额
york	jɔ:k	n. 约克郡；约克王朝
mouth	mauθ	n. 嘴，口，口腔，口状物vi. 装腔作势说话，做鬼脸vt. 说出，做作地说
marriage	'mæridʒ	n. 婚姻，结婚，婚礼，合并[医] 婚姻，结婚
tough	tʌf	n. 恶棍a. 强硬的，艰苦的，坚固的，坚韧的，粗暴的，咬不动的
ah	ɑ:	interj. 啊，哈
independent	.indi'pendәnt	n. 独立自主者，无党派者a. 独立的，有主见的，不须依赖的，不受约束的
sing	siŋ	vi. 唱，唱歌，演唱，鸣，啼vt. 唱，歌颂n. 嗖嗖声
facility	fә'siliti	n. 容易，灵巧，设备[计] 设施; 设备; 装备
survey	sә'vei	n. 纵览，视察，测量，俯瞰，调查vt. 审视，视察，俯瞰，通盘考虑vi. 测量土地
reference	'refәrәns	n. 参考，索引，参照vt. 给……加上参考资料vt. 引用vi. 引用[计] 引用
german	'dʒә:mәn	n. 德国人，德语a. 德国的，德国人的，德国语的，同父母的
realise	'riәlaiz,'ri:-	vt. 实现，认识到，体会到，了解，认清，使显得逼真，变卖财产为现钱
skin	skin	n. 皮肤，皮vt. 剥皮，在……植皮vi. 长皮，愈合，蜕皮
context	'kɒntekst	n. 上下文，背景，来龙去脉n. 上下文[计] 上下文
agent	'eidʒәnt	n. 代理商，政府代表，动原，媒介[计] 代理程序
scottish	'skɒtiʃ	a. 苏格兰的，苏格兰人的
owner	'әunә	n. 拥有者，物主，所有人[经] 所有者，物主，业主
earlier		a. 早的；初期的
gas	gæs	n. 气体，汽油，瓦斯[化] 气体; 煤气; 瓦斯; 毒气
extend	ik'stend	v. 扩充，延伸，伸展，扩大[计] 扩展
ahead	ә'hed	a. 领先的，预先的，向前的adv. 领先，预先，向前，胜于，在前面，在将来
importance	im'pɒ:tәns	n. 重要，重要性，重要地位，自大[机] 重要，重要性
generation	.dʒenә'reiʃәn	n. 一代，一世，产生[医] 生殖，世代
earth	ә:θ	n. 地球，泥土，世界，尘世vt. 埋入土中，赶入洞内vi. 躲入洞内
commercial	kә'mә:ʃәl	a. 商业的，商用的，商品化的n. 商业广告节目
object	'ɒbdʒekt	n. 物体，目标，目的，对象，宾语，客体vi. 反对，抱反感vt. 提出……来反对[计] 对象
address	ә'dres	n. 住址，演说，举止，灵巧，求爱vt. 发表（演说或讲话）, 对付，写地址[计] 地址，寻址
cancer	'kænsә	n. 癌，恶性肿瘤[医] 癌
possibility	.pɒsә'biliti	n. 可能性，可能的事[法] 可能性，可能发生的事，不确定权
involved	in'vɔlvd	a. 难懂的，复杂的，不易懂的，卷入……之中的，累及……, 与……有关，被纠缠的[计] 包含，涉及
interesting	'intristiŋ	a. 有趣的
reality	ri'æliti	n. 实在，事实，实体，逼真[法] 现实，实在存在的事物，实在性
coach	kәutʃ	n. 四轮大马车，教练vt. 训练，指导vi. 坐马车旅行，作指导
means	mi:nz	n. 方法，手段，工具，财产，收入[经] 方法，手段，工具; 意谓
notice	'nәutis	n. 注意，布告，通知，预告，短评vt. 注意，通知，评论，提及，关注vi. 注意
yard	jɑ:d	n. 码，庭院，工场[化] 堆置场
beat	bi:t	n. 心跳（声）, 打，敲打声，拍子v. 打，拍打，打败a. 疲乏的，颓废的beat的过去式[计] 拍; 节拍
violence	'vaiәlәns	n. 猛烈，暴力，暴虐，暴行[法] 暴行，暴力，暴乱
planning		n. 计划的制订，策划，设计，规划[计] 计划，规划
collection	kә'lekʃәn	n. 收集，采集，（一批）收藏品，募捐[医] 收集; 收集品，标本
communication	kә.mju:ni'keiʃәn	n. 交流，交通，通讯[计] 通信
ireland	'aiәlәnd	n. 爱尔兰
fifty	'fifti	num. 五十，五十个
finger	'fiŋgә	n. 手指，指状物，（手套的）手指部分，指针v. 用手指拨弄，伸出[计] 网络命令
considerable	kәn'sidәrәbl	a. 相当的，可观的，重要的
arise	ә'raiz	vi. 站立，出现，起来
species	'spi:ʃiz	n. 种，类，外形[医] 茶剂; 种
fit	fit	n. 适宜，合身，发作，痉挛a. 适宜的，对的，准备好的vt. 适合，安装，使合身，使适应，使合格vi. 适合，符合，合身[计] 非特
partner	'pɑ:tnә	n. 合伙人，股东，伙伴，伴侣vt. 与……合伙，组成一对vi. 做伙伴，当助手
supply	sә'plai	n. 补给，供给，供应品vt. 补给，供给，提供，补充vi. 替代
positive	'pɒzitiv	a. 肯定的，积极的，有把握的[医] 正的，阳性的
civil	'sivәl	a. 市民的，公民的，有礼貌的[法] 公民的，国民的，民用的
examine	ig'zæmin	v. 检查，调查，考试
kitchen	'kitʃin	n. 厨房，全套炊具[医] 厨房
michael	'maikl	n. 迈克尔（男子名）
document	'dɒkjumәnt	n. 文件，公文，文档vt. 证明，为……引证[计] 文档
consumer	kәn'sju:mә	n. 消费者[经] 消费者，用户
define	di'fain	vt. 定义，规定，使明确[计] 定义
shot	ʃɒt	n. 发射，炮弹，射击，射手，投篮，射门，子弹，射程，拍摄，注射vt. 装弹，使成颗粒状a. 杂色的，交织着的，渗透的，点焊的，破旧的shoot的过去式和过去分词
budget	'bʌdʒit	n. 预算vi. 编预算vt. 编入预算，安排a. 廉价的
responsible	ri'spɒnsәbl	a. 有责任的，负责的，责任重大的[法] 应负责任的，有责任的，能履行责任的
painting	'peintiŋ	n. 画，绘画，油漆[化] 涂漆
scientist	'saiәntist	n. 科学家[医] 科学家
solution	sә'lu:ʃәn	n. 解决，解答，溶液[化] 溶液
safe	seif	n. 保险箱，冷藏室a. 安全的，可靠的，平安的，稳健的，有把握的
november	nәu'vembә	n. 十一月
december	di'sembә	n. 十二月
influence	'influәns	n. 影响力，权力，势力vt. 影响，改变
victim	'viktim	n. 受害人，牺牲者，牺牲品[法] 受害人，被害人，遭难者
existing	i^'zistiŋ	a. 存在的，目前的，现存的，现有的[计] 现成的，已有的，现存的
newspaper	'nju:z.peipә	n. 报纸
software	'sɒftwєә	n. 软件[计] 软设备
bear	bєә	n. 熊vt. 忍受，支承，产生，怀有，通过卖空使跌价vi. 忍受，结果实，压挤，行进，转向
threat	θret	n. 恐吓，恶兆，威胁[经] 威胁
opinion	ә'pinjәn	n. 意见，评价，主张[经] 意见
attorney	ә'tә:ni	n. 代理人，律师[经] 律师，代理人
score	skɒ:	n. 得分，抓痕，二十个，刻痕，帐目，乐谱，起跑线，终点线，大量vt. 刻划，划线，获得，评价，把……记下vi. 刻痕，记分，得分[计] 得分
district	'distrikt	n. 区域，地方[医] 地区，地段
bird	bә:d	n. 鸟，羽毛球vi. 打鸟
wales	weilz	n. 威尔士
audience	'ɒ:diәns	n. 听众，观众，读者[法] 听讼，观众，听众
damage	'dæmidʒ	n. 损害，伤害v. 损害
rich	ri:tʃ	a. 富裕的，富饶的，浓厚的，贵重的
tomorrow	tә'mɒ:rәu	n. 明天，未来adv. 明天，未来地
dinner	'dinә	n. 晚餐，正餐，宴会
recognise	'rekә^naiz	vt. 认识，辩认，认出，承认，认可，清楚地认识到，自认，公认，赏识，准许某人发言
vote	vәut	n. 投票，选举，选票，表决，选举权，得票数vi. 投票，选举vt. 投票选举，投票决定，公认，使投票
requirement	ri'kwaiәmәnt	n. 需求，必要条件，要求[化] 要求; 合同要求
extra	'ekstrә	n. 额外的事物，另外的收费a. 额外的，特别的adv. 额外地，特别地，非常地
travel	'trævl	n. 旅行，游历，行进vi. 旅行，行进，移动，被传播vt. 旅行，通过，使移动
debate	di'beit	n. 辩论，讨论v. 争论，辩论
exchange	iks'tʃeindʒ	n. 交换，（电话）交换局，交换机，汇兑，交易所v. 交换，交易，兑换[计] 交换; 电话局
citizen	'sitizn	n. 市民，公民[法] 公民，国民，市民
quarter	'kwɒ:tә	n. 四分之一，一刻钟，季度，地区vt. 四等分，肢解vi. 驻扎，住宿
option	'ɒpʃәn	n. 选择权，挑选，选项[计] 选项
none	nʌn	adv. 一点也不，毫不pron. 没有人，无一物，并无一个a. 没有的
front	frʌnt	n. 前面，开头，前线，阵线，态度vt. 面对，朝向，对抗vi. 朝向
born	bɒ:n	a. 天生的bear的过去分词
opposition	.ɒpә'ziʃәn	n. 反对，敌对，相反，在野党[医] 对生，对向，反抗，反对症
eventually	i'ventʃuәli	adv. 最后，终于
senior	'si:njә	n. 年长者，资深者，毕业班学生a. 年长的，高级的，资深的
occasion	ә'keiʒәn	n. 场合，时机，机会，诱因，理由vt. 惹起，引起
highly	'haili	adv. 非常，非常赞许地[电] 大大地
wind	wind	n. 风，气息，气味，呼吸，风声，趋势，空谈，卷绕，弯曲vt. 使通风，嗅出，使喘气，吹号角，上发条，缠绕，包，绞起，吊起，使弯曲，使迂回vi. 嗅出猎物，吹响号角，卷曲，蜿蜒，迂回，缠绕
arrangement	ә'reindʒmәnt	n. 排列，整齐，安排[计] 排列
key	ki:	n. 钥匙，键，解答，关键，要害，基调，线索，答案，暗礁vt. 调音，锁上，提供线索vi. 使用钥匙[计] 键，密钥
target	'tɑ:git	n. 目标，靶子，指标vt. 对准，订指标
mission	'miʃәn	n. 任务，代表团，使命，传教团vt. 派遣，向……传教
aid	eid	n. 帮助，外援，助手vt. 援助，帮助，有助于vi. 帮助[计] 自动内部诊断
fast	fɑ:st	a. 快速的，紧的adv. 很快地，紧紧地，彻底地n. 绝食，斋戒vi. 绝食，斋戒
alone	ә'lәun	a. 孤独的，单独的，独自的adv. 独自地
match	mætʃ	n. 比赛，火柴，对手vt. 使相配，使比赛，与……竞争vi. 结婚，相配[计] 比较
charles	tʃɑ:lz	n. 查尔斯（人名）
railway	'reilwei	n. 铁路，轨道[经] 铁路
speech	spi:tʃ	n. 演讲，说话，谈话，言语，引语，民族语言[医] 言语，语言
attend	ә'tend	vt. 参加，照料，伴随vi. 专心于，照顾，服侍，出席
concept	'kɒnsept	n. 观念，概念[医] 概念
lack	læk	n. 缺乏，无，不足vt. 缺乏，短少，不足，需要vi. 缺乏
participant	pɑ:'tisipәnt	n. 参加者，参与者a. 有份的，参加的，参与的
corner	'kɒ:nә	n. 角落，转角，窘境vt. 迫至一隅，垄断，使陷入绝境vi. 相交成角，垄断[计] 边角
southern	'sʌðәn	n. 南方人，男风a. 向南方的，来自南方的
fresh	freʃ	a. 新鲜的，新奇的，另外的，淡的，精神饱满的，冒失的adv. 最新地，刚刚n. 开始，泛滥
forest	'fɒrist	n. 森林，林区vt. 植树于
video	'vidiәu	n. 影像，电视a. 图像的，电视的
global	'glәubl	a. 通用的，全球的，球形的，综合的，普遍的[计] 共用
mum	mʌm	n. 菊花，沉默a. 沉默的vi. 演哑剧interj. 别说话
slightly	'slaitli	adv. 些微地，苗条地
senate	'senit	n. 参议院，立法机构，评议会
reform	ri'fɒ:m	n. 改革，改正，改造vt. 改革，改过，革新，重整vi. 革新，改过
gain	gein	n. 增益，获得，利润，收获，增加vt. 得到，增进，赚到vi. 获利，增加[计] 增益
fully	'fuli	adv. 十分地，完全地，充分地
restaurant	'restәrɒŋ	n. 餐馆，饭店
scale	skeil	n. 刻度，衡量，比例，比例尺，数值范围，等级，规模，天平，秤，鳞，积垢vt. 依比例决定，攀登，测量，绘制，刮鳞，使生垢，过秤vi. 剥落，生水垢，重量为，攀登，衡量[计] 刻度
judge	dʒʌdʒ	n. 法官，裁判员，审判官，鉴定人vt. 审理，鉴定，判断，判决，裁定vi. 下判断，作评价
equipment	i'kwipmәnt	n. 装备，设备，才能[化] 设备; 装备; 装置
afternoon	'ɑ:ftә'nu:n	n. 午后，下午
release	ri'li:s	n. 释放，发泄，豁免，发行，释放证书vt. 释放，解除，放松，豁免，免除，发布，放弃，让与n. 发布[计] 版本，发布
labor	'leibә	n. 劳动，努力，工作，劳工，分娩vi. 劳动，努力，苦干vt. 详细分析，使厌烦
credit	'kredit	n. 信用，信任，荣誉，贷款，学分vt. 归功于，赞颂，信任，相信[计] 信用量
male	meil	n. 男人，雄性动物a. 男性的，雄性的，有力的
critical	'kritikәl	a. 批评的，决定性的，危险的，临界的[医] 危象的; 临界的，极期的
review	ri'vju:	n. 检讨，复习，回顾，检阅，评论vt. 温习，检讨，评论，再检察，复审vi. 复习功课，写评论
recall	ri'kɒ:l	n. 回忆，召回，撤消vt. 回想，回忆，召回，撤消，使恢复[计] 检索
ii		abbr. 微光（Image Intensification）
stare	stєә	vi. 注视，凝视，瞪视，显眼vt. 盯n. 凝视
interested	'intristid	a. 感兴趣的[法] 有利害关系的，有股份的，偏私的
safety	'seifti	n. 安全，保险，平安，保安设备vt. 保护，防护
otherwise	'ʌðәwaiz	adv. 否则，不同地，别的方式
hill	hil	n. 小山，丘陵，小土堆vt. 作成土堆，堆成小丘
neighborhood	'neibәhud	n. 附近，邻近
hardly	'hɑ:dli	adv. 刚刚，几乎不，勉强是
below	bi'lәu	prep. 在下面adv. 在下面
status	'steitәs	n. 状态，情形，地位，要人身份[计] 状态
troop	tru:p	n. 军队，一群，一队vi. 群集，结队，成群而行
directly	di'rektli, dai'rektli	adv. 径直地，直接地，直率地，正好地，直截了当地，（非正式）立即，马上conj. 一……（就……）, 一当……就……[计] 直接的
expression	ik'spreʃәn	n. 表达，表现，词语，措辞[计] 表达式
hurt	hә:t	n. 伤害，创伤，损害v. 伤害，（使）伤心，危害，刺痛
tea	ti:	n. 茶，茶叶[医] 茶，茶剂，浸剂
christmas	'krismәs	n. 圣诞节
track	træk	n. 轨迹，足迹，径迹，小道，轨道，磁轨，途径vt. 循路而行，追踪，通过，用纤拉vi. 追踪，留下足迹，沿轨道运行[计] 跟踪
sale	seil	n. 出售，卖，拍卖，销售额，廉价出售[经] 卖，出售; 销售（货）
band	bænd	n. 带子，队，乐队v. 联合，结合[计] 频带; 波段; 区
strike	straik	n. 罢工，打击，殴打vt. 打，撞击，冲击，侵袭，取消，结算，打掉，罢工，刺透，使生根，遇见vi. 打，打击，抓，罢工，搏动，触礁，敲，响，穿透，打动
ms	miz	美国微软公司[计] 主存储器，制造系统，毫秒，微软公司
failure	'feiljә	n. 失败，失败者，不足，缺乏，破产[计] 故障; 失效
sky	skai	n. 天空，天色，天堂vt. 击向空中，挂在高处vi. 高涨
reader	'ri:dә	n. 读者，读物，文选，校对人，讲师[计] 阅读程序; 阅读器
freedom	'fri:dәm	n. 自由，坦率，特权[法] 自由，自主，免除
absolutely	'æbsәlu:tli	adv. 完全地，绝对地，确确实实地
fair	fєә	n. 展览会，市集，美好的事物a. 公平的，按规则进行的，不好不坏的，晴朗的，美丽的adv. 公平地，正面地，有教养地，清楚地vi. 转晴
plane	plein	n. 平面，扁平物，机翼，飞机，水准，地位a. 平的，平面的vt. 将……刨平，刨平，掠过水面vi. 翱翔，乘飞机旅行，刨掉
nobody	'nәubɒdi	n. 小人物，无名小卒pron. 无人，没有人
essential	i'senʃәl	n. 要素，要点，本质a. 必要的，重要的，本质的[计] 本质冒险
confirm	kәn'fә:m	vt. 证实，确定，批准，使巩固[计] 确认
adopt	ә'dɒpt	vt. 采用，正式通过，收养，接受[医] 采取
powerful	'pauәful	a. 有力的，有权力的，强大的[机] 强力的
saturday	'sætәdi	n. 星期六
perfect	'pә:fikt	n. 完成时a. 完美的，完好的，理想的，熟练的，精确的，完成式的vt. 使完美，修改，使精通，改善，使熟练
trust	trʌst	n. 信任，信赖，相信，受托，职责，信心，托拉斯a. 信托的，托拉斯的vt. 信赖，信任，相信，盼望，赊卖给vi. 相信，信赖，依靠[计] 委托，信任
conduct	'kɔndʌkt, -dәkt	n. 行为，举动，指导vt. 为人，指挥，管理，实施vi. 领导，传导，指挥
completely	kәm'pli:tli	adv. 完全地，十分地，圆满地
conversation	.kɒnvә'seiʃәn	n. 会话，说话，交谈[法] 交谈，社交，性交
touch	tʌtʃ	n. 触觉，碰，触，机灵，轻触，格调，少许，缺点，弹力vt. 接触，触摸，触及，使接触，达到，涉及，影响到，使轻度受害，感动vi. 触摸，接近，涉及，提到
farm	fɑ:m	n. 农场，农田vt. 耕种vi. 种田
sentence	'sentәns	n. 句子，命题，宣判vt. 宣判，判决[计] 句子
smith	smiθ	n. 铁匠，金属品工匠[机] 锻造工，上手
file	fail	n. 档案，公文箱，文件夹，文件，卷宗，锉刀vi. 列队行进，用锉刀做vt. 归档，申请，锉，琢磨[计] 文件
oxford	'ɒksfәd	n. 牛津，牛津大学
sleep	sli:p	n. 睡眠，静止，昏迷，麻木，长眠，冬眠vi. 睡觉，睡眠，静止vt. 睡
primary	'praimәri	n. 最主要者，原色a. 主要的，初期的，根本的，原始的，首要的，基本的[计] 初等量; 主要的; 一次的
obvious	'ɒbviәs	a. 明显的，明白的，显然的，平淡无奇的
length	leŋθ	n. 长度，长，期间，一段[计] 记录长度; 块长; 字长
investigation	in.vesti'geiʃәn	n. 调查，审查[医] 调查，调查研究
copy	'kɒpi	n. 副本，摹仿，一册v. 复印，抄袭，复制[计] 副本; 复制; DOS内部命令:复制文件将几个文件合并成一个文件，以及将文件传至外设或在设备之间传送
nuclear	'nju:kliә	a. 核子的，原子能的，核的，中心的[医] 核的
balance	'bælәns	n. 平衡，差额vi. 平衡，相等vt. 称，权衡，比较，使平衡，结算，抵消
researcher	ri:'sә:tʃә	n. 研究人员
branch	bræntʃ	n. 树枝，支店，支流，分部vi. 分支，出枝vt. 分割，用枝状叶脉刺绣花纹装饰[计] 分支，目录分支
conflict	'kɒnflikt	n. 战斗，冲突，矛盾，争执vi. 争执，战斗，冲突，抵触[计] 冲突
spirit	'spirit	n. 精神，心灵，灵魂，态度，志气，人格，情绪，心情，烈酒vt. 诱拐，鼓励，鼓舞
states		n. 美国
league	li:g	n. 同盟，联盟，盟约v. 组联盟，（使）加盟
doubt	daut	n. 怀疑，疑惑v. 怀疑，不信
british	'britiʃ	a. 英国的n. 英国人，英国英语
train	trein	n. 火车，列车，行列，长队，一连串的后果，顺序vt. 训练，教育，对准vi. 受训练，锻炼
accident	'æksidәnt	n. 意外事件，机遇，事故，次要方面[化] 意外事故; 事故
camp	kæmp	n. 露营，帐篷vi. 露营，扎营vt. 使扎营
february	'februәri	n. 二月
brain	brein	n. 脑vt. 打碎脑部
william	'wiljәm	n. 威廉（男子名）；[常作W-][美俚]钞票，纸币
studio	'stju:diәu	n. 工作室，画室，演播室，电影制片厂
am	æm	be的单数第一人称[计] 存取管理程序，寻址方式，地址标记，变址数，调幅，辅助存储器
weekend	'wi:kend	n. 周末，周末休假
strength	streŋθ	n. 力量，实力，强度，浓度，人数，抵抗力[化] 强度
dozen	'dʌzn	n. 打，十二个a. 一打的
normally	'nɒ:mәli	adv. 正规地，合规则，正常地
contact	'kɒntækt	n. 联系，交际，熟人，接触vi. 接触，联系vt. 使接触
insurance	in'ʃurәns	n. 保险，保险业，保险费[医] 保险
battle	'bætl	n. 战役v. 战斗
beginning	bi'giniŋ	n. 开始
shape	ʃeip	n. 形状，形态，外形，形式，身材vt. 定形，使成形，塑造，计划，使符合vi. 成形，形成，成长[计] 形状
contribution	.kɒntri'bju:ʃәn	n. 捐助，捐助之物，贡献[经] 贡献，捐款，补助品
transport	træns'pɒ:t	n. 运输，运输工具，激动，狂喜，流放犯vt. 传送，运输，流放[计] 传送
african	'æfrikәn	n. 非洲人a. 非洲的，非洲人的
cash	kæʃ	n. 现金vt. 兑现
crisis	'kraisis	n. 危机，危险期，紧要关头[医] 危象; 骤退，临界，极期
works		n. 工程，工厂，工事，活动部件，机件，著作，作品，善行，德行[机] 工厂，工场
fan	fæn	n. 风扇，迷，狂热者，爱好者vt. 煽动，刺激，吹拂vi. 飘动，成扇形散开
stick	stik	n. 棍，棒，刺，枯枝，茎，条状物vt. 插进，刺入，钉住，伸出，粘贴，停止vi. 粘住，停留，坚持，陷住，伸出
museum	mju:'ziәm	n. 博物馆
hole	hәul	n. 孔，洞，穴，漏洞vt. 挖洞，掘坑vi. 进洞，凿洞
pair	pєә	n. 一双，一对，一副v. （使）成对
annual	'ænjuәl	n. 年刊，年报a. 每年的，一年一次的，全年的，一年生的
associate	ә'sәuʃieit	n. 同伴，伙伴，关联的事物vt. 使联合，使发生联系vi. 交往[计] 关联
vision	'viʒәn	n. 视觉，眼光，视力，幻想vt. 梦见，想象，显示
marry	'mæri	vt. 与……结婚，娶，嫁vi. 结婚
chinese	tʃai'ni:z	n. 中文，中国话，中国人a. 中国的，中国话的
presence	'prezns	n. 出席，面前，存在，仪态，风度[电] 出现
ship	ʃip	n. 船，舰vt. 以船运送，装船，运送vi. 上船，乘船
protection	prә'tekʃәn	n. 保护，防卫，贸易保护制度[计] 保护
slowly	'slәuli	adv. 慢慢地，迟缓地
collect	kә'lekt	v. 收集，聚集，集中，搜集a. 由收到者付款的adv. 由收到者付款地
queen	'kwi:n	n. 王后，女王vt. 立为女王vi. 做女王
master	'mɑ:stә. 'mæstә	n. 主人，硕士，大师，母机a. 主人的，主要的vt. 征服，控制，精通
driver	'draivә	n. 驾驶员，驱动器，驱动程序[化] 驱动器
meaning	'mi:niŋ	n. 意义，含义，目的，意图a. 意味深长的
spot	spɒt	n. 污点，地点，斑点，点，娱乐场所，处境，少量a. 当场的，现场的，现货买卖的，现金交易的，抽样的vt. 点缀，玷污，认出，准确定……的位，用灯光照射vi. 玷污，（从空中）侦察敌方目标
ice	ais	n. 冰，冰淇淋，糖衣，冷若冰霜，矜持，贿赂vt. 使结冰，冰镇，覆以糖衣vi. 结冰
boat	bәut	n. 船vi. 乘船vt. 以船运
employ	im'plɒi	n. 雇用vt. 雇用，使用，使从事于
drink	driŋk	n. 饮料，酒v. 喝，喝酒
exercise	'eksәsaiz	n. 行使，执行，运动，练习，作业vt. 运用，练习，运动vi. 练习，锻炼
consequence	'kɒnsikwәns	n. 结果，重要性[法] 结果，后果，推断
distance	'distәns	n. 距离，远方，遥远[计] 位距
wood	wud	n. 木材，木制品vt. 植林于，给……添加木柴vi. 收集木材
relatively	'relәtivli	adv. 相对地，比较地，相当地，相关地[计] 相对地
truck	trʌk	n. 卡车，货车，对……进行交易，来往，实物工资，（供应市场的）蔬菜，废物，废话vt. 对……进行交易，交往，以卡车运输vi. 驾驶卡车，以物易物
handle	hændl	n. 柄，把手，把柄，柄状物，手感vt. 触摸，运用，买卖，处理，操作vi. 搬运，易于操纵n. 句柄[计] 句柄
robert	'rɔbәt	[法] 警察
august	ɒ:'gʌst. 'ɒ:gәst	n. 八月a. 威严的，令人敬畏的
mountain	'mauntin	n. 山，山脉，大堆
relevant	'relivәnt	a. 有关联的，有关系的，适当的，相应的[法] 有关的，相关的
supposed	sә'pәuzd	a. 想象上的，假定的，被信以为真的[法] 推测的，想像的，被信以为真的
apparently	ә'pærәntli	adv. 表面上，清楚地，显然地
tradition	trә'diʃәn	n. 传说，传统，交付[法] 传统，惯例，移交
winter	'wintә	n. 冬季，萧条期，衰退期a. 冬天的vt. 使度过冬天vi. 过冬
speed	spi:d	n. 速率，速度，迅速vi. 加速，超速，快进vt. 快速传送，促进，使加速[计] 中央处理机速度设置程序
route	ru:t	n. 路径，途径，路线vt. 确定路线，按规定路线发送[计] 传递，路由设定程序
proportion	prә'pɒ:ʃәn	n. 比例，比率，均衡，部分，面积vt. 使成比例，使均衡
consideration	kәn.sidә'reiʃәn	n. 考虑，原因[法] 考虑，思考，报酬
assessment	ә'sesmәnt	n. 评估，估定，评定的款额[化] 评估
roll	rәul	n. 卷，滚动，名单，案卷，压路机vi. 滚，滚动，飘流，起伏，卷，绕vt. 使滚动，卷，绕
africa	'æfrikә	n. 非洲
latter	'lætә	a. 后者的，较后的，近来的
emerge	i'mә:dʒ	vi. 浮现，形成，出现，（事实）显露
screen	skri:n	n. 幕，银幕，屏风，掩蔽物，屏蔽，筛子vt. 掩蔽，放映，拍摄，掩护，筛，甄别vi. 拍电影[计] 筛选; 屏幕
regional	'ri:dʒәnәl	a. 地方的，地域性的[医] 区的，部位的
resident	'rezidәnt	n. 居民，常驻程序，居住者，留鸟a. 居留的，定居的
fig	fig	n. 无花果，无价值的东西，少许，服装vt. 打扮，使马跑快
hide	haid	n. 兽皮，迹象，躲藏处vt. 藏，隐瞒，遮避，剥……的皮，隐藏vi. 躲藏[计] 隐藏
mark	mɑ:k	n. 标志，分数，马克，痕迹，斑点，靶子，刻度，记号，符号，戳记，标准，起跑线vt. 做标记于，留意，打分数，表明，标志，记录vi. 作记号，记得分[计] 标志; 标记; 传号
gold	gәuld	n. 黄金，钱财，金块，金色，宝贵a. 金的，似金的，金色的，金制的
separate	'sepәreit	n. 独立件，抽印本a. 分开的，各别的，单独的，分隔的vi. 分开，隔开，分居vt. 使分离，使分开，区分，使分居
deny	di'nai	v. 否认，拒绝
practical	'præktikl	a. 实际的，现实的，实用性的[法] 事实上的，实际上的，接近……的
understanding	.ʌndә'stændiŋ	n. 理解，谅解[法] 协商，协议，谅解
potential	pә'tenʃәl	n. 潜在性，可能性，潜力，潜能，势，位a. 有潜力的，可能的，潜在的
aim	eim	n. 目标，瞄准，击中目标的能力vi. 对准目标，致力，打算vt. 瞄准[计] 医学文摘索引，存取隔离机构，高级信息管理程序，先进接口模块应用接口模块，医学人工智能，相联索引法，异步接口模块自动化信息管理，自动化综合制造，自动化库存管理
danger	'deindʒә	n. 危险，威胁[法] 危险，危险物，危机
progress	'prәugres	n. 进步，发展，前进vi. 进步，进行
path	pɑ:θ	n. 路径，小路，道路，途径，路线，轨道[计] 路径; DOS内部命令:设定DOS读取程序的路径
reaction	ri'ækʃәn	n. 反应，反作用，反动[医] 反应
flower	'flauә	n. 花，开花植物，精华，盛时vi. 开花，发育，旺盛，成熟vt. 用花装饰，使开花
crowd	kraud	n. 群众，一伙人vt. 拥挤，挤满，挤进
christian	'kristʃәn	n. 基督徒，正派人a. 基督的，基督教的
appoint	ә'pɒint	vt. 任命，指定，下令[法] 派，派任，任命
merely	'miәli	adv. 只
apartment	ә'pɑ:tmәnt	n. 房间，公寓
willing	'wiliŋ	a. 乐意的，自愿的，甘愿的
regular	'regjulә	a. 规则的，常例的，有秩序的，整齐的，等边的，定期的，经常的，合格的，常备军的n. 正规军，正式队员adv. 经常地n. 正常体[计] 正常体
link	liŋk	n. 环，连结物，链接，火把vt. 连结，联合，挽住vi. 连接起来[计] 连接，链路
comment	'kɒment	n. 注解，批评，评论，备注vi. 评论，注解[计] 备注
due	dju:	n. 应得的东西，应付款a. 到期的，应得的，应付的，约定的
content	kәn'tent	n. 内容，满足，意义，要旨a. 满足的，满意的vt. 使……满足，使……安心[计] 内容
prison	'prizn	n. 监狱，监禁，拘留所vt. 监禁
conclusion	kәn'klu:ʒәn	n. 结论，结尾，推论[法] 缔结，结论，推论
chief	tʃi:f	n. 领袖，酋长，长官，主要部分a. 主要的，首位的
ride	raid	n. 骑马，乘坐，乘车，搭便车vt. 骑，乘坐，压迫，控制vi. 骑马，乘车，漂游
guard	gɑ:d	n. 守卫者，警戒，护卫队，防护装置vt. 保卫，看守，当心vi. 防止，警惕，警卫，看守
terms		n. 条件，条款，费用，价钱，关系，地位，交谊[经] 条件
reply	ri'plai	n. 答复，回答，答辩vi. 答复，回答，回击，反响，答辩vt. 回答[计] 答复
reporter	ri'pɒ:tә	n. 记者，报告者[化] 指示器
justice	'dʒʌstis	n. 正义，公平，公正，正确，司法，审判
observe	әb'zә:v	vt. 觉察到，遵守，注意到，庆祝vi. 注意，评论
deliver	di'livә	vt. 递送，陈述，释放，发表，引渡，投递，交付[经] 交运
etc		及其他，等等
belief	bi'li:f	n. 信念，相信，信仰
tool	tu:l	n. 工具，机床，傀儡vt. 用工具加工vi. 使用工具
wild	waild	n. 荒野，荒地a. 野性的，野蛮的，野生的，失控的，任性的，杂乱的，轻率的，狂热的，疯狂的adv. 狂暴地，失控地
vehicle	'vi:ikl	n. 交通工具，车辆，传播媒介[化] 载体; 运载体; 漆料
mhm		（表示同意或在听对方说话）哦，嗯
settle	'setl	n. 有背长椅vt. 决定，整理，安放，使定居，使平静，支付，安排，解决，结算vi. 停留，下陷，沉淀，澄清，安下心来，结清，定居，安家
flight	flait	n. 飞行，射程，逃走，飞跃，飞机航程，班机，迁徙，飞逝vi. 迁徙vt. 射击（飞禽）, 为（箭）装上羽毛，使惊飞
ignore	ig'nɒ:	vt. 不理睬，忽视，驳回，忽略[计] 忽略
sight	sait	n. 景观，视力，眼界，阅读，见解，意见vt. 看见，瞄准vi. 瞄准，观看a. 即席的，见票即付的
average	'ævәridʒ	n. 平均，平均数，一般水平，海损a. 平均的，中等的，平常的vt. 算出……平均数，平均做，均分，使平衡vi. 平均为，呈中间色
estate	i'steit	n. 不动产，（人生的）阶段，阶层，财产[经] 房地产，遗产，财产
quick	kwik	a. 快的，迅速的，敏捷的，灵敏的，急速的adv. 快n. 新长出的肉，要害，核心，感觉敏锐部位
wine	wain	n. 葡萄酒，果酒，暗红色v. （请）喝酒
leadership	'li:dәʃip	n. 领导能力，领导阶层
ring	riŋ	n. 环，环形物，拳击场，戒指，角逐，小集团，铃声，钟声，声调vt. 包围，套住，按铃，敲钟vi. 成环形，响，鸣，按铃，敲钟，回响
earn	ә:n	vt. 赚得，获得，博得[计] 欧州科学研究网
bright	brait	a. 明亮的，聪明的，鲜明的，欢快的adv. 明亮地，欢快地
henry	'henri	n. 亨利[医] 亨[利]（电感应单位）
propose	prә'pәuz	vt. 计划，打算，建议，提议，求（婚）vi. 打算，求婚
additional	ә'diʃәnәl	a. 附加的，另外的，额外的[机] 加添的，附加的
guest	gest	n. 客人，来宾，旅客[化] 客体
sample	'sæmpl	n. 样品，范例，样本vt. 抽样，尝试[计] 示例，字样
dad	dæd	n. 爸爸，爹爹
contribute	kәn'tribju:t	vt. 有助于，捐助，投稿vi. 出力，捐献，投稿
possibly	'pɒsәbli	adv. 可能，也许
tiny	'taini	a. 很少的，微小的
block	blɒk	n. 街区，木块，石块，块vt. 阻塞，封锁，使成块状[计] 块，数据块
clothes	klәuðz	n. 衣服
active	'æktiv	a. 活跃的，起作用的，积极的，有效的，主动的，活性的，现行的，现役的n. 主动语态，积极分子
feed	fi:d	n. 饲料，一餐，饲养vt. 喂，饲养，放牧，靠……为生vi. 吃东西，用餐，流入[计] 送纸
employer	im'plɒiә	n. 雇主，老板[经] 雇主，业主
debt	det	n. 债务，罪过[经] 借款，欠款，债务
identity	ai'dentiti	n. 身份，相同，一致，特性，恒等式[计] （打）标记，标识
objective	әb'dʒektiv	n. 目的，目标，宗旨，宾格，实物a. 客观的，如实的，无偏见的，宾格的
largely	'lɑ:dʒli	adv. 大量地，很多地，大半地
arrange	ә'reindʒ	v. 安排，排列，达成协议[计] 重排
mostly	'mәustli	adv. 大概，大部分，主要[经] 大部份
survive	sә'vaiv	vt. 比……活得长，生存，生还，幸免于vi. 活下来，幸存
lesson	'lesn	n. 课，课业，教训
faith	feiθ	n. 信心，信任，忠实，保证[法] 信任，信仰，信念
telephone	'telifәun	n. 电话，电话机v. 打电话
promote	prәu'mәut	vt. 促进，晋升，创办，推销[经] 促进，推广，推销
carefully	'kєәfuli	adv. 小心地，谨慎地
photo	'fәutәu	n. 相片，照片，逼真的描绘v. 照相a. 照相的，摄影用的，详细记录的，逼真的，酷似的
living	'liviŋ	n. 生活，生计，生存a. 活的，逼真的，现存的
count	kaunt	vt. 计算，视为vi. 计数n. 计算，合计，计数，伯爵[计] 计数
mary	'meәri	n. 玛丽（女子名）
farmer	'fɑ:mә	n. 农夫，农场主[法] 农民，农场主，承包者
injury	'indʒәri	n. 伤害，侮辱[医] 伤，损伤
package	'pækidʒ	n. 包裹，套装软件，包，包装用物，程序包vt. 包装，打包a. 一揽子的[计] 包，软件包，包装
ear	iә	n. 耳朵，倾听，听觉，穗vi. 抽穗
nevertheless	.nevәðә'les	adv. 然而，虽然如此conj. 然而
colleague	'kɒli:g	n. 同事，同僚
complex	kәm'pleks	n. 综合体，情结，络合物a. 复杂的，组合的
folk	fәuk	n. 人们，家人，亲属，民族a. 民间的
impossible	im'pɒsәbl	a. 不可能的，难以置信的，令人无法忍受的
concentrate	'kɒnsәntreit	n. 浓缩，精选v. 集中，专心
confidence	'kɒnfidәns	n. 信心[电] 可靠
lift	lift	n. 举起，帮助，昂扬，电梯vt. 升高，提高，鼓舞，清偿，空运，举起，剽窃vi. 升起，消散，耸立
mainly	'meinli	adv. 主要地，大抵
border	'bɒ:dә	n. 边缘，边境，边界，花坛vt. 在……上镶边，接近vi. 接界，近似[计] 边框
jump	dʒʌmp	n. 跳跃，跳动，暴涨，惊跳vt. 跳跃，跃过，突升，使跳跃vi. 跳跃，跳，跳动，暴涨[计] 转移，跳转
gather	'gæðә	n. 集合，聚集vi. 聚集，集合，渐增vt. 使聚集，搜集，积聚
limit	'limit	n. 界限，边界，限度，极限，限制vt. 限制，限定
forty	'fɒ:ti	num. 四十，四十个
cry	krai	n. 叫声，哭声，大叫vi. 哭，叫，喊vt. 叫喊，大声说，哭出
eg		abbr. [拉]例如（exempli gratia）；[网络用语]邪恶的笑（Evil Grin）
cross	krɒs	n. 十字架，十字架形物件，交叉，十字标，交叉路，磨难，杂交a. 生气的，交叉的，相反的v. 交叉，横过，越过[计] 交叉，十字标
warm	wɒ:m	a. 暖和的，暖的，温暖的，热烈的，兴奋的，激烈的，多情的，色情的vt. 使温暖，弄热，使兴奋，使充满仇恨vi. 变暖和，变温暖，取暖，激动，同情，爱好n. 暖，保暖物
visitor	'vizitә	n. 参观者，游客，访客[法] 视察人，检视人，检查员
commitment	kә'mitmәnt	n. 委托，交押，承担义务，赞助[医] 院禁
critic	'kritik	n. 批评家，鉴定家
plus	plʌs	prep. 加上，加，外加a. 正的，附加的n. 正号，加号，附加额，正数，增益[计] 正差
volume	'vɒljum	n. 册，卷，体积，容量，大量，许多，份量，音量vi. 成团卷起vt. 把……收集成卷a. 大量的[计] 卷
insist	in'sist	v. 坚持，坚决主张，强调
somewhere	'sʌmhwєә	adv. 到某处，在某处
currently	'kʌrәntli	adv. 现在，当前，一般，普通[计] 当前
french	frentʃ	n. 法国人，法文，法式a. 法国的，法国人的，法语的
legislation	.ledʒis'leiʃәn	n. 立法，法律[医] 立法，法规
manner	'mænә	n. 样子，礼貌，风格[法] 方式，方法，样式
entirely	in'taiәli	adv. 完全，全然，一概
background	'bækgraund	n. 背景，背景资料[计] 背景，后台
spread	spred	n. 传播，散布，伸展a. 双唇展开的，伸展的vt. 展开，铺开，传播，推广，伸出，涂，敷，延伸vi. 展开，扩大，传开，延伸[计] 展开
entry	'entri	n. 登录，条目，进入，入口，报关[计] 登录项，输入项，条目
baseball	'beisbɒ:l	n. 棒球[计] 棒球系统
soft	sɒft	a. 软的，温和的，柔和的，柔滑的，温柔的，软弱的，坡度小的，笨的，纸币的n. 柔软的东西，笨人，纸币adv. 柔软地，温和地
engine	'endʒin	n. 引擎，发动机，机车vt. 安装发动机于
egg	eg	n. 蛋，卵vt. 挑唆，煽动，调蛋黄
edward	'edwәd	n. 爱德华（男子名）
cabinet	'kæbinit	n. 橱柜，内阁a. 内阁的，细木工做的[计] 机柜
demonstrate	'demәnstreit	vt. 示范，证明vi. 示威
introduction	.intrә'dʌkʃәn	n. 介绍，传入，采用，初步
anybody	'enibɒdi	pron. 任何人n. 重要人物
previously	'pri:vju:sli	adv. 先，先前，以前，前，（非正式）过早，过急，在前，在……以前，在先[计] 先前地
domestic	dәu'mestik	a. 家庭的，国内的，驯养的[医] 家庭的，家用的
murder	'mә:dә	n. 谋杀vt. 谋杀，损毁，破坏vi. 犯杀人罪
gift	gift	n. 礼物，赠予，天才vt. 赋予
religion	ri'lidʒәn	n. 宗教，信仰[法] 宗教，宗教信仰，信仰
editor	'editә	n. 编者，编辑，主笔，编辑器，编辑装置[计] 编辑器
prefer	pri'fә:	vt. 宁可，较喜欢，提出[法] 给予优先权，优先偿还，提出
engage	in'geidʒ	vi. 答应，从事，交战vt. 使忙碌，雇佣，预定，使从事于，使参加
ordinary	'ɒ:dinәri	a. 平常的，普通的，平凡的n. 平常的人（或事）
coffee	'kɒfi	n. 咖啡，咖啡色[医] 咖啡，咖啡豆
extremely	ik'stri:mli	adv. 极端地，非常地
cheap	tʃi:p	a. 便宜的，不值钱的，可鄙的adv. 便宜地
threaten	'θretn	vt. 恐吓，威胁，预示……的凶兆vi. 威胁，恫吓，可能来临
relief	ri'li:f	n. 减轻，解除，救济，安慰，调剂，浮雕，换班，（地势的）起伏[医] 缓减，减轻，浮雕（绘画中）
commit	kә'mit	vt. 委托（托付）, 犯罪，指派……作战，使承担义务[法] 犯，做，把……交托给
technical	'teknikl	a. 技术上的，专门的，工业的，严格根据法律的[化] 技巧
grant	grænt	n. 授予，授予物，允许vt. 允许，承认，授与[计] 授权命令
female	'fi:meil	n. 女性，女人，雌性动物a. 女性的，女子的
actual	'æktʃuәl	a. 真实的，实际的，现行的[医] 实际死亡率
youth	ju:θ	n. 年轻，青年时代，青年们，青春[法] 青年，青年时期，青春时期
strange	streindʒ	a. 奇怪的，陌生的，生疏的，不熟悉的，不可思议的，外行的，外地的，异乡的
wave	weiv	n. 波，波浪，波动，起伏，高潮，潮涌，挥手致意，（气压）突变vi. 波动，飘动，挥手示意，起伏vt. 使波动，使飘扬，挥舞，使成波浪形
repeat	ri'pi:t	n. 重复，反复vt. 重做，重复，复述，使再现，复制vi. 重复[计] 重复
bus	bʌs	n. 公共汽车[计] 总线; 汇流条; 母线
afraid	ә'freid	a. 害怕的，恐怕的，遗憾的
regulation	.regju'leiʃәn	n. 规则，管理，调整[计] 调整; 规章; 规则; 调节
native	'neitiv	n. 本地人，土产，当地人a. 本国的，与生俱来的，自然的
broad	brɒ:d	a. 宽广的，辽阔的，广大的，显著的adv. 宽阔地n. 宽阔部分
wage	weidʒ	n. 工资，报应，报偿vt. 开展，进行vi. 进行
wonderful	'wʌndәful	a. 令人惊奇的，奇妙的，极好的
row	rәu. rau	n. 排，行，街道，划船，吵闹vt. 使成排，划，划船，参加（赛船）, 痛骂vi. 划船，划动，争吵[计] 行
acquire	ә'kwaiә	vt. 获得，学到[电] 目标锁定
thomas	'tɒmәs	n. 多马（耶稣十二门徒之一）
twice	twais	adv. 两次，两倍
suit	sju:t. su:t	n. 套装，诉讼，请求，起诉，套，组vt. 适合，使适应vi. 合适，相称
perspective	pә'spektiv	n. 远景，透视感，（观察问题的）视角，透视法，看法，透视图a. 透视的，透视法的[计] 透视
growing	'grәuiŋ	a. 成长的
fairly	'fєәli	adv. 美观地，公平地，相当地，清楚地
blow	blәu	n. 吹，打击，殴打，花开v. 吹，风吹，吹响，开花
construction	kәn'strʌkʃәn	n. 建筑，构造，建筑物[化] 施工
meal	mi:l	n. 一餐，膳食，粗粉vi. 进餐
excellent	'ekslәnt	a. 优良的，杰出的，出色的
intelligence	in'telidʒәns	n. 智力，情报，信息[医] 智力
destroy	di'strɒi	vt. 破坏，毁坏，消灭
internal	in'tә:nәl	a. 内在的，国内的[医] 内的，内部的
category	'kætigәri	n. 种类，类项[计] 分类
cook	kuk	n. 厨子，厨师vt. 烹调，煮饭，加热vi. 在煮着
tour	tuә	n. 旅游，观光旅行，任期vi. 旅行，周游，巡回vt. 周游，观光，游历，使巡回演出
connection	kә'nekʃәn	n. 连接，关系，前后关系[计] 连接
burn	bә:n	vt. 烧，烧毁，烧伤vi. 燃烧，发热，烧毁n. 烧伤，烙印
traffic	'træfik	n. 交通，通行，运输，交通量，贸易，交易，交往，通信量vi. 交易，做买卖vt. 用……作交换[计] 通信量，传输量
shoe	ʃu:	n. 鞋，靴，外胎vt. 给……穿鞋，为马钉蹄铁
football	'futbɒ:l	n. 足球，橄榄球
neighbor	'neibә	n. 邻居vt. 邻接vi. 毗邻而居，友好a. 邻近的
exhibition	.eksi'biʃәn	n. 表现，展览会，展览品[医] 投药，展览，展出
grade	greid	n. 等级，年级，阶段，成绩，程度，坡度，斜坡vt. 分等，分级，评分vi. 属于某等级，逐渐变化
launch	lɒ:ntʃ	n. 下水，汽艇，发射vt. 使下水，发射，发动vi. 起飞，下水，投入，开始
hey	hei	interj. 嗨
ec	ek	[计] 电子计算机，仿真器控制，工程更改，错误纠正[经] 欧市
mistake	mis'teik	n. 错误，误会vi. 犯错，误认vt. 误解，弄错[计] 错误
sheet	ʃi:t	n. 床单，张，纸张，印刷品，裹尸布，薄片vt. 盖上被单，遍布vi. 大片落下a. 片状的，成薄片的[计] 工作表
equally	'i:kwәli	adv. 相等地，同样地，平等地
location	lәu'keiʃәn	n. 位置，场所，特定区域[计] 位置
bridge	bridʒ	n. 桥，舰桥，桥梁，桥牌vt. 架桥于，跨越[计] 桥，网桥，桥接器
quiet	'kwaiәt	n. 安静，闲适，平静a. 安静的，静止的，寂静的，朴素的，从容的，暗中的vi. 平静下来vt. 使平静，使平息，使安心，安慰
appearance	ә'piәrәns	n. 出现，露面，外观，外表，出版[计] 外观，版面
indian	'indiәn	n. 印度人，印第安人，印第安语a. 印度的，印度群岛的，印第安语的
dress	dres	n. 服装，覆盖物vi. 穿着vt. 给……穿衣，整理
promise	'prɒmis	n. 诺言，约定的事情，有指望vt. 允诺，约定，预示vi. 允诺，有前途，有指望
improvement	im'pru:vmәnt	n. 进步，改善，利用[医] 改善，好转，进步
description	di'skripʃәn	n. 描述，说明，种类[经] 说明书（物品）, 品名种类，货物名称
session	'seʃәn	n. 期间，开庭期，会议，学期[计] 会话，对话，会晤，通用任务程序
bone	bәun	n. 骨头，骨，骨制品vt. 剔骨vi. 专心致志
northern	'nɒ:ðәn	n. 北方人a. 北方的，向北的，自北方来的
housing	'hausiŋ	n. 遮盖，住房供给，居留（处）, 房屋，装饰[化] 外壳
twelve	twelv	num. 十二，十二个
combine	kәm'bain	v. （使）联合，（使）结合n. （企业的）联合，联合收割机
flat	flæt	a. 平坦的，单调的，无力的，浅的，萧条的，干脆的，无聊的adv. 平直地，断然地n. 扁平物，平面，平地，平原，平板车v. （使）变平
discipline	'disiplin	n. 训练，纪律vt. 训练，惩罚
contrast	kәn'træst	n. 差别，对比，对照物vt. 使对比vi. 成对照[计] 反差; 对比度
cool	ku:l	n. 凉爽，凉爽的空气a. 凉爽的，冷淡的，冷静的vi. 冷却，平息vt. 使冷却，使平静
lip	lip	n. 唇，口缘，唇状构造vt. 以嘴唇碰，轻轻说出a. 口头上的[计] 大型互连网信息包
voter	'vәutә	n. 选民，投票人[法] 选民，选举人，投票人
increasingly	in'kri:siŋli	adv. 逐渐地，渐增地
existence	ig'zistәns	n. 存在，生存[法] 存在，存在状态，实体
learning	'lә:niŋ	n. 学问，学识，学习[计] 学习
gentleman	'dʒentlmәn	n. 绅士，先生
hell	hel	n. 地狱，邪恶势力，苦境，阴间，毁坏，训斥vi. 狂饮，飞驰
distribution	.distrә'bju:ʃәn	n. 分配[计] 分布
dangerous	'deindʒәrәs	a. 危险的[法] 危险的，危害的
remind	ri'maind	vt. 提醒，使想起
proper	'prɒpә	a. 适当的，固有的，高尚的，专属的adv. 完全地，彻底地
moral	'mɒrәl	n. 道德，品行，寓意a. 道德的，品性端正的，精神上的
retain	ri'tein	vt. 保持，保有，留住，记得，付定金聘请[经] 保留，留存
famous	'feimәs	a. 出名的，极好的
victory	'viktәri	n. 胜利，战胜，克服
theatre		n. 戏院，电影院，剧场，全体观众，戏剧，戏剧效果，阶梯式讲堂，场所
academic	.ækә'demik	a. 学院的，学术的，不切实际的n. 大学生，大学教师，学者，学会会员
prince	prins	n. 王子，亲王，国君，贵族，诸侯，有权势的大人物
internet	'intәnet	[计] 因特网，国际互连网，网际网络，互连网络，广域网
loan	lәun	n. 贷款，借出v. 借，供应货款，借给
healthy	'helθi	a. 健康的，有益健康的，卫生的[医] 健康的
code	kәud	n. 代码，密码，法规，法典vt. 把……编码[计] 代码
representative	.repri'zentәtiv	n. 代表，众议员，典型a. 描写的，表现的，代理的，代表的，代议制的，典型的
negative	'negәtiv	n. 否定，否定语，负数，底片a. 否定的，消极的，负的，阴性的n. 负数，负值[计] 负数，负值
japan	dʒә'pæn	n. 日本[化] 天然漆; 大漆; 漆器
historical	hi'stɒrikәl	a. 历史的，史实的，历史上的[法] 历史性的
usual	'ju:ʒuәl	a. 平常的，通常的
medicine	'medisin	n. 药，医学，内科vt. 给……用药
unable	ʌn'eibl	a. 不能的，不会的[法] 无能力的，无资格的，没有办法的
belong	bi'lɒŋ	vi. 属于，合适
respect	ri'spekt	n. 尊敬，尊重，问候vt. 尊敬，注意，遵守
finding	'faindiŋ	n. 发现，发现物，决定，裁决[法] 调查结果，对事实的认定，判定的要素
attract	ә'trækt	vt. 吸引，诱惑vi. 有吸引力
grab	græb	n. 抓握，掠夺，强占，东方沿岸帆船vi. 抓取，抢去vt. 攫取，捕获，霸占
classroom	'klɑ:sru:m	n. 教室
photograph	'fәutәgrɑ:f	n. 相片，照片，逼真的描绘v. 照相，摄影
limited	'limitid	a. 有限制的，有限的，有限责任的n. 特别快车
formal	'fɒ:mәl	a. 正式的，形式的，礼仪的，拘于礼节的，拘谨的n. 正式的社交活动
participate	pɑ:'tisipeit	vi. 参加，分享，参与，带有vt. 分享，分担
daily	'deili	a. 每日的，日常的adv. 每日地，日常地n. 日报
writing	'raitiŋ	n. 书写，著作，笔迹，作品[医] 书写
reject	ri'dʒekt	n. 被拒之人，被弃之物，不合格品，次品vt. 拒绝，抵制，否决，驳回，丢弃，呕出
knee	ni:	n. 膝，膝盖vt. 膝行，用膝盖碰
assess	ә'ses	vt. 估定，对……征税，评定[经] 估计，估价，确定（税款罚款等）的金额
joint	dʒɒint	n. 连接处，接合，关节a. 共同的，联合的，连接的，合办的vt. 连接，接合，使有接头vi. 贴合，长节
tape	teip	n. 带子，录音带，磁带，窄带，卷尺vt. 以带子绑起，测量，录音[计] 带
pension	'penʃәn	n. 养老金，退休金，津贴，年金，抚恤金，膳宿学校，膳宿费vt. 发给退休金，用津贴拉拢
rain	rein	n. 雨，下雨，雨天vi. 下雨vt. 使大量落下
hire	haiә	n. 租金，租用，雇用vt. 雇请，出租vi. 受雇
familiar	fә'miljә	a. 熟悉的，常见的，亲密的n. 熟友，常客
explanation	.eksplә'neiʃәn	n. 解释，说明，辩解，表明[经] 解释，注释，说明
consist	kәn'sist	vi. 组成，存在于，一致
plate	pleit	n. 碟，盘子，盆中物，金属板，图版，金银餐具，印版，金属牌（照）vt. 镀金，电镀，用金属板固定，给……装钢板，为……制印版
unemployment	.ʌnim'plɒimәnt	n. 失业，失业人数[经] 失业
lovely	'lʌvli	a. 可爱的，有趣的
conservative	kәn'sә:vәtiv	a. 保守的，守旧的，有保存力的[化] 防腐剂; 保存剂
actor	'æktә	n. 男演员，行动者[医] 作用物，反应物
asset	'æset	n. 资产，有益的东西
birth	bә:θ	n. 出生，起源[医] 生产，分娩
ie	'i:ei	[计] 中断启动
search	sә:tʃ	n. 搜寻，查究v. 搜寻，搜查，探求，调查，搜索[计] 搜索，路径检索程序
ltd	'limitid	有限的
tie	tai	n. 带子，线，鞋带，领带，领结，关系，束缚，平局，不分胜负vt. 系，打结，扎，约束，与……成平局vi. 结合，打结，不分胜负
invite	in'vait	vt. 邀请，请求，引起，招致n. 邀请
democracy	di'mɒkrәsi	n. 民主政治，民主主义[法] 民主，民主政治，民主政体
eastern	'i:stәn	n. 东方人，东正教徒a. 东方的，向东的，自东的
factory	'fæktәri	n. 工厂，产生地，代理店[经] 工厂，代理店，商行在国外的代理处
circle	'sә:kl	n. 圆周，社交圈，循环，范围vt. 围着，环绕vi. 盘旋，循环
capacity	kә'pæsiti	n. 容量，能力，才能，资格[计] 容量
device	di'vais	n. 装置，设计，策略，发明物，设备[计] 设备; DOS内部命令:该命令要求DOS安装一个设备驱动程序
vary	'vєәri	vt. 改变，使多样化vi. 变化，有不同，违反
bottom	'bɒtәm	n. 底部a. 底部的vt. 给……装底，查明真相vi. 到达底部，建立基础
selection	si'lekʃәn	n. 选择，选文，精选品[医] 选择，淘汰
warn	wɒ:n	vt. 警告，提醒，通知vi. 发出警告
clean	kli:n	a. 干净的，清白的，简洁的adv. 清洁地，完全地vt. 清理，使干净，出空vi. 被搞干净n. 打扫
finance	fai'næns	n. 财政，财务vt. 供给……经费，负担经费vi. 筹措资金
surely	'ʃuәli	adv. 的确地，安全地[经] 保证，保证人，保证金
impose	im'pәuz	vt. 征（税）, 把……强加于，以……欺骗vi. 利用，欺骗，施加影响
rural	'ruәrәl	a. 乡下的，田园的，乡村风味的[法] 农村的，乡村的，有关农业的
lean	li:n	n. 瘦肉，倾斜，倾斜度a. 瘦的，贫乏的，歉收的vi. 倚靠，倾斜，依赖vt. 使倾斜
j	dʒei	n. 字母j
neck	nek	n. 脖子，衣领，颈vi. 拥抱，拥吻，收缩vt. 割颈
plastic	'plæstik	n. 塑料，可塑体，可塑性物质a. 塑料的，塑造的，有可塑性的，造型的，易受影响的，有创造力的
intention	in'tenʃәn	n. 意图，目的，含义[医] 愈合，意向
tall	tɒ:l	a. 高的，长的，夸大的adv. 夸大地
whereas	hwєәr'æz	conj. 然而，鉴于[法] 考虑到，鉴于，就……而论
initial	i'niʃәl	n. 字首，首字母a. 开始的，最初的，字首的vt. 用姓名的首字母签名
hate	heit	n. 憎恨，恨，厌恶vt. 憎恨，憎恶vi. 仇恨
thanks		n. 感谢，谢意，谢忱interj. 谢谢，谢谢你
examination	ig.zæmi'neiʃәn	n. 考试，测验，审查[医] 检查，诊察
alive	ә'laiv	a. 活着的，活泼的，敏感的，热闹的
definition	.defi'niʃәn	n. 定义，精确度，清晰度[计] 清晰度; 清晰度
declare	di'klєә	v. 宣布，声明，申报，断言
theater	'θiәtә	n. 戏院，电影院，剧场，全体观众，戏剧，戏剧效果，阶梯式讲堂，场所
substantial	sәb'stænʃәl	n. 重要材料（或事物）, 有实际价值的东西a. 实质上的，物质的，有内容的，结实的
aircraft	'єәkræft	n. 航空器，飞机[机] 航空器
chicken	'tʃikin	n. 小鸡，鸡肉
abuse	ә'bju:s.ә'bju:z	n. 滥用，虐待，恶习，辱骂vt. 滥用，辱骂，虐待
output	'autput	n. 输出，产品，产量[计] 输出
shut	ʃʌʃ	n. 关闭vt. 关上，闭起，幽禁，合拢，轧住vi. 关上，停止营业
suitable	'sju:tәbl	a. 适当的，相配的[法] 合适的，适宜的，适当的
map	mæp	n. 地图，天体图，映像vt. 映射，绘制……地图，计划[计] 实用程序，映射，制造自动化协议
immediate	i'mi:diәt	a. 立即的，直接的，接近的[医] 直接的，立即的
fourth	fɒ:θ	num. 第四，四分之一
divide	di'vaid	vi. 分开，分配，分裂vt. 分，分开，分裂，除n. 分配，分水岭[计] 除
welcome	'welkәm	n. 欢迎，欢迎词a. 受欢迎的，可随意的，可喜的vt. 欢迎，接待interj. 欢迎
ought	ɒ:t	aux. 应该，大概n. 责任
equal	'i:kwәl	n. 对手，匹敌，同辈a. 相等的，平等的，胜任的，合适的，平静的，不相上下的vt. 等于，比得上[计] 等长度编码
lots	lɔts	n. 大量，许多；一堆；命运（lot的复数）
paris	'pæris	n. 巴黎[医] 重楼属
literature	'litәrәtʃә	n. 文学，文艺，著作[经] 广告，商品介绍等文学
reasonable	'ri:znәbl	a. 合理的，明理的，适当的[法] 合理的，公道的，正当的
offence	ә'fens	n. 犯罪，冒犯，违反，罪过，过错，攻击[法] 犯法，罪过，过错
desire	di'zaiә	n. 欲望，要求vt. 想要，请求vi. 渴望
leading	'li:diŋ	n. 领导，指挥，神示，铅板a. 领导的，主要的，在前的
x	eks	n. 未知数[计] 交换，变址，索引，传输
reduction	ri'dʌkʃәn	n. 减少，缩影，变化[化] 还原
paint	peint	n. 油漆，颜料，绘画作品，涂漆vt. 油漆，绘，画，描绘，装饰，点缀vi. 绘画，涂漆
working	'wә:kiŋ	n. 工作，运转，劳动a. 工作的，劳动的，经营的，抽搐的，运转的
nod	nɒd	n. 点头，打盹，晃动vi. 点头，打盹vt. 点头表示，点（头）
detailed	'di:teild	a. 详细的，复杂的[法] 详细的，详尽的
fuel	'fjuәl	n. 燃料，木炭vt. 加燃料，供燃料vi. 得到燃料
appointment	ә'pɒintmәnt	n. 约会，委任的职位，委派[经] 任命，派，指定
leaf	li:f	n. 叶，树叶，花瓣，页vi. 生叶，翻书页vt. 在……上长叶，翻……的页
dry	drai	a. 干的，无酒的，枯燥无味的，干燥的vt. 把……弄干vi. 变干n. 干，干涸
russian	'rʌʃәn	n. 俄国人，俄语a. 俄国的，俄语的
instruction	in'strʌkʃәn	n. 指令，教导，命令[计] 指令
concentration	.kɒnsәn'treiʃәn	n. 集中，专心[化] 浓度; 浓缩
pool	pu:l	n. 池，水塘，石油层，联营vt. 合伙经营，共享，采掘，汇聚成vi. 汇合成塘，淤积，联营
overall	'әuvәrɒ:l	a. 全部的，全体的，从头至尾的，一切在内的adv. 从头到尾，总的说来n. 罩衫，工作服
climb	klaim	v. 攀登，上升，爬n. 攀登，爬升
enterprise	'entәpraiz	n. 企业，事业心，进取心，干事业[计] 企业
sweet	swi:t	n. 甜蜜，糖果，情人a. 甜的，芳香的，悦耳的，漂亮的，和蔼的，不咸的，灵活的，轻快的
edinburgh	'edinbәrә	n. 爱丁堡
bedroom	'bedrum	n. 卧室
salt	sɒ:lt	n. 盐，风趣，刺激a. 含盐的，咸的，风趣的，辛辣的vt. 加盐于，用盐腌
expand	ik'spænd	vt. 使膨胀，详述，扩张vi. 张开，发展vt. 展开vi. 展开[计] 展开; DOS外部命令:将原始DOS磁盘上的压缩文件解压缩并拷贝到硬盘上
metal	'metәl	n. 金属，金属制品，合金，本质，质料a. 金属制的vt. 以金属覆盖
pp		包裹邮递，包裹邮件，邮包，包裹邮务处，过去分词[计] 并行打印，并行处理器，打印位置
fat	fæt	n. 脂肪，脂油，肥肉a. 肥的，胖的，油腻的n. 文件分配表[计] 文件分配表
ticket	'tikit	n. 票，券，车票，标签，入场券，证明书vt. 加标签于，为……购票
expensive	ik'spensiv	a. 贵的，奢华的，费用浩大的，乱化钱的[经] 高价的，昂贵的，浪费的
disappear	.disә'piә	vi. 消失，不见
recommend	.rekә'mend	vt. 推荐，介绍，劝告，使受欢迎，托付[经] 建议，推荐
corporate	'kɒ:pәrit	a. 社团的，合伙的，公司的[经] 团体的，法人的，社团的
correct	kә'rekt	a. 正确的，合适的vt. 改正，订正
reading	'ri:diŋ	n. 阅读，知识，读物a. 阅读的
sufficient	sә'fiʃәnt	a. 充分的，足够的[法] 充分的，足够的
urban	'ә:bәn	a. 都市的，住在都市的，习惯于都市的[法] 城市的，都市的，市区的
mental	'mentl	a. 心智的，精神病的，心理的，颏的n. 精神病患者
bottle	'bɒtl	n. 瓶子，酒瓶vt. 装瓶，抑制，围困
absence	'æbsәns	n. 缺席，缺乏，没有[医] 失神
lunch	lʌntʃ	n. 午餐
educational	.edju'keiʃәnl	a. 教育的，教育性的
criticism	'kritisizm	n. 批评，评论，非难[法] 批判，批评，评论
teaching	'ti:tʃiŋ	n. 教学，学说，教导
shout	ʃaut	n. 呼喊，喊声vi. 呼喊，喊叫，嚷vt. 高喊
sugar	'ʃugә	n. 糖，糖块，甜言蜜语vt. 加糖于，使甜蜜，粉饰，美化vi. 制成糖
irish	'airiʃ	n. 爱尔兰人，爱尔兰语a. 爱尔兰的
planet	'plænit	n. 行星，命运星辰，杰出的人，重大影响的事
transfer	træns'fә:	n. 迁移，移动，传递，转让，转移，过户，汇兑，换车vt. 使转移，调转，调任，改变，传递，转让vi. 转移，转学，转职，换车[计] 传送
favorite	'feivәrit	n. 喜欢的事物，幸运儿a. 特别受喜爱的，喜爱的，宠爱的，中意的
explore	ik'splɒ:	v. 探险，探测，探究
error	'erә	n. 错误，过失，失误，误差[计] 错误
enemy	'enimi	n. 敌人，仇敌，敌军a. 敌人的
assembly	ә'sembli	n. 与会者，集会，装配，组件[化] 装配
acid	'æsid	n. 酸，酸类物质，尖刻，迷幻药a. 酸的，酸性的，尖刻的，敏锐的[计] 自动文档互参与索引生成程序
greatest	'^reitist	[计] 最大的
straight	streit	n. 直线，直a. 直的，笔直的，正直的，直接的，连续的，整齐的adv. 直接地，立即，不断地
surround	sә'raund	vt. 包围，环绕，围绕n. 围绕物
settlement	'setlmәnt	n. 安顿，解决，处理，结算，殖民，殖民地，沉降[医] 居住区; 沉渣
athlete	'æθli:t	n. 运动员，运动选手[医] 运动员
scientific	.saiәn'tifik	a. 科学的，系统的，符合科学规律的[计] 科学记数法
soul	sәul	n. 灵魂，心灵，精神，精髓，人，化身，典型，鬼魂a. 黑人的
undertake	.ʌndә'teik	vt. 试图，从事，保证，承担，同意，接受[化] 承包; 承担
module	'mɒdju:l	n. 组件，模数[计] 模块
panel	'pænl	n. 嵌板，仪表板，专题讨论小组，全体陪审员vt. 嵌镶板
inc		a. 根据法律组成的公司，公司
totally	'tәutli	adv. 完全地
mom	mʌm	n. 妈妈
weather	'weðә	n. 天气，气象，处境a. 迎风的vt. 使受风吹雨打，侵蚀，使风化，经受住vi. 风化，受侵蚀，经受风雨
married	'mærid	a. 已婚的，婚姻的[法] 结了婚的，有配偶的，夫妇的
instrument	'instrumәnt	n. 工具，手段，仪器[化] 仪器
whilst	wailst	conj. 当……的时候，和……同时，虽然，只要，然而，而，尽管
pleasure	'pleʒә	n. 快乐，愉快，令人高兴的事，娱乐，希望v. （使）高兴
predict	pri'dikt	v. 预知，预言，预报
select	si'lekt	a. 挑选出来的，极好的v. 选择，挑选n. 被挑选者，精萃[计] 选定
presidential	.prezi'denʃәl	a. 总统制的，总统的，首长的，统辖的[法] 总统的，议长的，总经理的
emotional	i'mәuʃәnәl	a. 情绪的，情感的[医] 情绪的
channel	'tʃænәl	n. 海峡，航道，频道vt. 引导，在……上挖沟，形成河道[计] 信道，通道
fee	fi:	n. 费用，小费，封地，所有权vt. 付费给
supreme	sju'pri:m	n. 至高，霸权a. 至高的，终极的，极端的，最大的
pocket	'pɒkit	n. 口袋，钱袋，钱，容器vt. 装……在口袋里，隐藏，抑制，私吞，搁置，击……入袋a. 袖珍的，小型的，压缩的，金钱上的
thin	θin	a. 薄的，细的，瘦的，稀疏的，稀薄的，淡的，弱的，空洞的vt. 使变薄，使变细，使稀少，使淡vi. 变薄，变细，变少，变淡adv. 薄地，稀疏地，微弱地n. 细小部分
friday	'fraidi	n. 星期五
temperature	'temprәtʃә	n. 温度，发烧，热度[化] 温度
beside	bi'said	prep. 在旁边
poll	pәul	n. 投票，民意测验，选举投票，投票数，一组人中的一个，头颈和后脑部，鹦鹉vt. 对……进行民意测验，获得……票，剪树枝，轮询vi. 投票a. 剪过毛的，修过枝的[计] 轮询
surprise	sә'praiz	n. 惊奇，奇袭，诧异vt. 使惊奇，撞见，奇袭
waste	weist	n. 浪费，废物，损耗，消耗，荒地，垃圾，地面风化物a. 废弃的，荒芜的，多余的vt. 浪费，消耗，使荒芜vi. 浪费，消耗，变消瘦
solicitor	sә'lisitә	n. （英）律师，初级律师，（美）法务官，（美）掮客，游说者，（美）募捐者[经] 募损者，律师
frequently	'fri:kwәntli	adv. 频繁，经常地
implication	.impli'keiʃәn	n. 牵连，含义，暗示[法] 推断，含蓄之意，暗示
breath	breθ	n. 呼吸，气息，瞬间[医] 呼气，呵气，口气，呼吸
recognition	.rekәg'niʃәn	n. 赞誉，认得，识别，承认，认可，认识[电] 认识
institute	'institju:t	n. 学会，学院，协会vt. 创立，开始，制定，任命
component	kәm'pәunәnt	n. 元件，组件，成分a. 组成的，构成的[计] 组件
republic	ri'pʌblik	n. 共和国，共和政体，团体，界
seriously	'siәriәsli	adv. 严肃地，认真地，严重地
minority	mai'nɒriti	n. 少数，未成年，少数民族a. 少数的，属于少数派的
properly	'prɒpәli	adv. 适当地，相当地
connect	kә'nekt	v. 连接，联合，联系
unlikely	.ʌn'laikli	a. 不太可能的
partly	'pɑ:tli	adv. 部分地，在一定程度上
elsewhere	'elshwєә	adv. 在别处
double	'dʌbl	n. 两倍a. 两倍的，双重的vt. 使加倍vi. 加倍，代替，快步走[计] 双精度型
necessarily	'nesisәrili	adv. 必然地，必须地，必要地
organize	'ɒ:gәnaiz	vt. 组织，有机化，给予生机vi. 组织起来
empty	'empti	a. 空的，空虚的，空腹的，空洞的n. 空的东西，空车vt. 倒空，使变空，使排出vi. 流空[计] 空
household	'haushәuld	n. 一家人，家庭，家族，王室a. 家庭的，家常的，王室的
guide	gaid	n. 引导者，导游，指南，路标vt. 指导，支配，管理，带领，操纵vi. 任向导[计] 辅助线
trail	treil	n. 踪迹，痕迹，一串，尾部，小径，持枪姿势vt. 拖，尾随，追踪，落后于，开出路vi. 拖曳，垂下，落后，飘出，蔓生
novel	'nɒvl	n. 小说，长篇故事a. 新奇的，异常的
somehow	'sʌmhau	adv. 不知何故
nurse	nә:s	n. 护士，保姆，奶妈vt. 看护，照顾，培养vi. 喂奶，看护病人
jury	'dʒuәri	n. 陪审团，评判委员会a. 应急的
experiment	ik'sperimәnt	n. 实验，试验，实验仪器vi. 实验，尝试
iraqi	i'rɑ:ki	n. 伊拉克人，伊拉克阿拉伯语a. 伊拉克的，伊拉克人的
breast	brest	n. 胸部，乳房，胸怀vt. 以胸对着，面对
jack	dʒæk	n. 插座，千斤顶，男人vt. 抬起，提醒，扛举，增加，提高，放弃a. 雄的[计] 插座
silence	'sailәns	n. 沉默，无声，静寂，湮没，无声息vt. 使缄默interj. 安静
acknowledge	әk'nɒlidʒ	vt. 承认，告知收悉，答谢，报偿[经] 承认，答谢，收到的通知
secure	si'kjuә	a. 无虑的，安心的，安全的，可靠的，保险的vt. 固定，获得，保证，使安全，掩护，招致vi. 停止操作，船抛锚
theme	θi:m	n. 主题，话题，题目
sixty	'siksti	num. 六十，六十个
publication	.pʌbli'keiʃәn	n. 出版物，出版，公布[经] 发布
storm	stɒ:m	n. 暴风雨，骚动，风波，风暴，猛攻vi. 起风，猛冲，怒吼vt. 猛攻
increased	in'kri:st	a. 增强的（increase的过去分词）
expenditure	ik'spenditʃә	n. 开支，费用，用光，消费额[经] 支出，费用，消费
desk	desk	n. 书桌，办公桌，工作台
treaty	'tri:ti	n. 条约，谈判[经] 协议，协定，协商
slow	slәu	a. 慢的，缓慢的，迟缓的，迟钝的，冷漠的，落后的adv. 慢地，迟缓地v. （使）慢下来
fruit	fru:t	n. 水果，果类，结果[医] 果实，种实
journey	'dʒә:ni	n. 旅程，旅行，行程vi. 旅行vt. 游历
yellow	'jelәu	n. 黄色a. 黄色的
noise	nɒiz	n. 噪音，杂音，响声，喧闹vt. 谣传vi. 喧闹[计] 噪声
shadow	'ʃædәu	n. 阴影，荫，影子，影像，阴暗，幽灵，少许，隐蔽处，庇护vt. 遮蔽，使朦胧，预示，尾随vi. 渐变，变阴暗[计] 阴影
struggle	'strʌgl	n. 斗争，努力，奋斗vi. 努力，奋斗，挣扎
conclude	kәn'klu:d	vt. 结束，作结论，推断vi. 结束，推断
dance	dæns. dɑ:ns	n. 跳舞，舞蹈，舞会v. 跳舞
sum	sʌm	n. 总数，总和，金额，概要，顶点vt. 总计，概括vi. 合计[计] 系统实用程序和维护
analyst	'ænәlist	n. 分析者，精神分析学家[化] 分析员; 化验员
organise	'ɒ:gәnaiz	vt. 组织，有机化，给予生机
imply	im'plai	vt. 暗示，意味[计] 隐含
being	'bi:iŋ	n. 存在，性质，生命，人，生物，be的现在分词
illustrate	'ilәstreit	vt. 举例说明，作图解，阐明vi. 举例说明
monday	'mʌndi	n. 星期一
shift	ʃift	n. 变化，移动，轮班，手段，应急办法，移位vt. 替换，转移，改变，推卸，变速vi. 转换，移动，转变，推托，变速[计] DOS内部命令:该命令可将批处理参数向左移动一个位置
captain	'kæptin	n. 船长，指挥官，海军上校，首领vt. 率领，指挥
revenue	'revinju:	n. 收入，岁入，税收，税务局[经] 岁入，税收，税务局
phase	feiz	n. 时期，局面，方面，位相，相，阶段vt. 使调整相位，使定相，使一致，逐步执行，实行[计] 阶段
locate	'lәukeit	vt. 找出，设于，位于vi. 定居
display	dis'plei	n. 显示，陈列，炫耀，显示器vt. 陈列，显示，表现，夸示[计] 显示器; 显示
initiative	i'niʃiәtiv	n. 主动行动，首创精神，主动权a. 自发的，起始的
basically	'beisikli	adv. 基本上，主要地
sequence	'si:kwәns	n. 序列，续发事件，顺序，连续vt. 按顺序排好[计] 顺序
generate	'dʒenәreit	vt. 产生，发生，导致[电] 产生
widely	'waidli	adv. 广泛地
assumption	ә'sʌmpʃәn	n. 假定，自负，担任，假装[经] 假定，承担
anymore	'eni'mɔ:	adv. 再也不，不再
curriculum	kә'rikjulәm	n. 课程[医] 课程，学程
thinking	'θiŋkiŋ	n. 思考，思想a. 思考的，有理性的
darlington		[计] 达林顿
trend	trend	n. 趋势，倾向，走向vi. 倾向，转向[计] 趋势
escape	i'skeip	n. 逃亡，避难设备，逃跑vi. 逃脱，避开，溜走vt. 逃避，避免，被……忘掉
comfortable	'kʌmfәtәbl	a. 舒服的，轻松的n. 盖被
investor	in'vestә	n. 投资者[经] 投资者
angry	'æŋgri	a. 生气的，愤怒的
crew	kru:	n. 全体人员，一群人，全体队员crow的过去式
gate	geit	n. 门，牌楼，大门，通道，闸vt. 装门于[计] 门; 栅
investigate	in'vestigeit	v. 调查，审查
tom	tɒm	n. 雄性动物，雄猫
hearing	'hiәriŋ	n. 听，听觉，听讯[医] 听，听觉
cat	kæt	n. 猫，恶妇vi. 呕吐计算机辅助教育，计算机辅助测试，计算机辅助翻译，计算机辅助排版[计] 计算机辅助教学，计算机辅助翻译，计算机辅助排字，计算机辅助测试
muscle	'mʌsl	n. 肌肉，臂力[医] 肌
liverpool	'livәpu:l	n. 利物浦
notion	'nәuʃәn	n. 概念，观念，想法，打算，别致的小东西[经] 概念，打算，想法
gallery	'gælәri	n. 走廊，最高楼座，画廊，收集，图库[计] 图库
closely	'klәusli	adv. 接近地
capture	'kæptʃә	n. 抓取，战利品，捕获之物vt. 抓取，获得，迷住[计] 截获命令
chest	tʃest	n. 胸，胸部，衣柜，箱子[医] 胸，胸廓
ministry	'ministri	n. 部，内阁，服务[经] 部
japanese	.dʒæpә'ni:z	n. 日本人，日语a. 日本的，日语的
jesus	'dʒi:zәs	n. 耶稣
emphasis	'emfәsis	n. 强调，加强，重点，强语气
truly	'tru:li	adv. 真实地，不假
increasing	in'kri:siŋ	[经] 递增
neither	'naiðә	adv. 皆不，两个都不a. （两者）都不的pron. 两者都不conj. 既非，既不
thick	θik	a. 厚的，粗壮的，浓的，迟钝的，浑浊的，多雾的，过分的，口齿不清的adv. 厚地，密地，浓浓地n. 最浓处，最厚处，最密集处[计] 暗，粗线
afford	ә'fɒ:d	vt. 买得起，足以，给予
beauty	'bju:ti	n. 美，美人
prospect	'prɒspekt	n. 景色，展望vt. 勘探，勘察vi. 勘探，有前途
narrow	'nærәu	n. 狭窄部分，隘路a. 狭窄的，仔细的，有限的，勉强的，狭隘的，手紧的vi. 变窄vt. 使变狭窄
emergency	i'mә:dʒәnsi	n. 紧急状况，紧急事件，紧急需要[化] 紧急情况
unique	ju:'ni:k	a. 独一无二的，独特的，稀罕的
inform	in'fɒ:m	vt. 通知，使了解，使充满vi. 提供资料，告发
advise	әd'vaiz	vt. 劝告，给……出主意，通知，建议vi. 提意见，商量
priority	prai'ɒriti	n. 优先权，优先[计] 优先级
ethnic	'eθnik	a. 人种的，种族的[医] 人种的
opening	'әupәniŋ	n. 开始，口子，穴，揭幕a. 开始的
stress	stres	n. 压力，紧迫，强调，重音，重点，应力vt. 加压力于，着重，重读
combination	.kɒmbi'neiʃәn	n. 组合，合并，联合[计] 组合图
rely	ri'lai	vi. 信赖，依赖，信任
root	ru:t	n. 根，根本，根源，基础，底部vt. 使扎根，使固定，根除，肃清，搜出，用鼻拱vi. 生根，固定，源于，用鼻拱土，寻找，捧场，支持
nose	nәuz	n. 鼻子，突出部分，嗅觉vt. 嗅到，探出，用鼻子触vi. 闻，嗅，探听，告密
fifteen	'fif'ti:n	num. 十五，十五个
liberal	'libәrәl	n. 自由主义者a. 慷慨的，不拘泥的，宽大的，自由主义的
appreciate	ә'pri:ʃieit	vt. 赏识，鉴别，为……而感激，领会，欣赏vi. 增值，涨价
succeed	sәk'si:d	vi. 成功，继承，继续vt. 继承，接替
setting	'setiŋ	n. 环境，背景，布景，镶嵌，调整，沉落，一副餐具[计] 设置
upper	'ʌpә	a. 上面的，较高的，上级的，上院的，穿在外面的，北部的，地表的，后期的n. 鞋帮，上齿
interpretation	in.tә:pri'teiʃәn	n. 解释，演出，翻译[计] 插值; 插值法; 解释
sick	sik	n. 病人a. 不舒服，有病的，恶心的，厌恶的，渴望的，病态的vt. 呕吐，追击，使（狗）去攻击
tooth	tu:θ	n. 牙齿，齿状物，爱好vt. 装以齿，将……切成齿状vi. 啮合
outcome	'autkʌm	n. 结果，出口
ad	æd	n. 广告[计] 地址，模拟-数字
defend	di'fend	vt. 防护，辩护，防卫[法] 作……的辩护律师，辩护，为……答辩
prepared	pri'pєәd	a. 准备好的，特制的
alternative	ɒ:l'tә:nәtiv	n. 两者择一，供替代的选择a. 两者择一的，供选择的[计] 选择对象
busy	'bizi	a. 忙碌的，热闹的，没空的vt. 使忙vi. 忙碌[计] 忙; 忙碌
wing	wiŋ	n. 翅膀，翼，机翼，派别vt. 给……装上翼，飞过，使飞，空运，增加……速度vi. 飞行
martin	'mɑ:tin	n. 马丁，圣马丁鸟
catholic	'kæθәlik	n. 天主教徒a. 天主教的，普遍的，广泛的，宽宏大量的
lane	lein	n. 小路，巷，弄，单行道
flow	flәu	n. 流程，流动，流量，洋溢，泛滥，涨潮vi. 流动，流泄，畅流，川流不息，飘扬，涌出vt. 使流动，淹没，流出
mix	miks	n. 混合物，混乱，糊涂vt. 使混合，弄混，使结合，混淆vi. 相混合，交往，参与
crown	kraun	n. 王冠，王权，顶点vt. 使成王，加冕，居……之顶
coal	kәul	n. 煤，木炭v. 加煤
approve	ә'pru:v	vt. 赞同，核准，为……提供证据vi. 赞许
zone	zәun	n. 地带，带，地区vt. 环绕，使分成地带vi. 分成区[计] 卡片顶部的三行区; 区; 区域
bloody	'blʌdi	a. 血腥的，嗜杀的，有血的
wake	weik	vt. 叫醒，激发vi. 醒来，醒着，觉醒，活跃起来n. 守侯，守夜，尾迹，痕迹
variation	.vєәri'eiʃәn	n. 变更，变化，变种，变奏[医] 变异，变易; 变度
airport	'єәpɒ:t	n. 飞机场[机] 航空站，机场
castle	'kæsl. 'kɑ:sl	n. 城堡，象棋中的车vt. 置于城堡中，盘踞于
ourselves	.auә'selvz	pron. 我们自己
motion	'mәuʃәn	n. 移动，手势，动作，意向，请求，提议v. 打手势
brown	braun	n. 褐色a. 褐色的v. （使）变褐色
apparent	ә'pærәnt	a. 清晰可见的，显然的，表面上的[电] 外在的
shirt	ʃә:t	n. 衬衫，内衣，汗衫
membership	'membәʃip	n. 会员的资格，全体会员，会员数目[法] 会员资格，成员资格，会籍
pilot	'pailәt	n. 飞行员，领航员，航船者，导向器，驾驶仪，向导，领导人vt. 领航，驾驶，引导，试用a. 引导的，控制的，试点的[计] 引导
ian	iәn	n. 伊恩（男子名）
ultimately	'ʌltimәtli	adv. 最后，最终[法] 最后，终究，总之
corp		[经] 公司
suggestion	sә'dʒestʃәn	n. 提议，意见[医] 暗示
persuade	pә'sweid	vt. 劝，使相信，恳求，敦促，说服vi. 劝服，被说服
careful	'kєәful	a. 小心的，谨慎的
cope	kәup	vi. 竞争，应付n. 长袍
snow	snәu	n. 雪，积雪，下雪，雪花形干扰vi. 下雪，似雪般落下vt. 使雪白，用雪覆盖，使像雪般落下
attractive	ә'træktiv	a. 吸引人的，有魅力的[法] 有吸引力的，有迷惑力的
english	'iŋgliʃ	n. 英语a. 英文的，英国人的
politician	.pɒli'tiʃәn	n. 政客，政治家，从事党派政治的人[法] 政客，政治家
passage	'pæsidʒ	n. 通道，通过，移居，航行，一段，走廊vi. 通过，经过，航行，横渡，争吵vt. （使）马以斜横步前进，使传代
steal	sti:l	vt. 剽窃；偷偷地做；偷窃；vi. 窃取；偷偷地行动；[棒球]偷垒；n. [口]偷窃；便宜货；偷垒；[篮球]断球
pursue	pә'sju:	vt. 追赶，追踪，追随，追求，实行，继续，从事vi. 追赶，继续
incident	'insidәnt	n. 事件，事变，小事a. 附带的，易于发生的，外来的，入射的
slip	slip	n. 滑，滑行，事故，溜，差错，滑台，下降，插条，后裔，板条，瘦长的年轻人vi. 滑动，滑倒，失足，溜走，滑落，犯错，变坏vt. 使滑动，滑过，摆脱，闪开，塞入，从……取接枝a. 滑动的，滑移的，活络的，有活结的[计] 串行线接口协议
percentage	pә'sentidʒ	n. 百分比，比率，部分，可能性[计] 百分比
meat	mi:t	n. 肉，餐，食物[经] 肉类
funny	'fʌni	a. 好笑的，有趣的，滑稽的n. 滑稽人物
winner	'winә	n. 胜利者，优胜者[法] 取胜者
soil	sɒil	n. 土壤，土地，国家，国土，温床，污物，粪便，水池vt. 弄脏，污辱vi. 变脏
index	'indeks	n. 索引，指针，指数，指标vt. 编入索引中，指出vi. 做索引[计] 下标; 附标; 变址; 索引; 编索引
surgery	'sә:dʒәri	n. 外科，手术，手术室，换球术
aids	eidz	n. 爱滋病（获得性免疫缺陷综合征）[计] 高级综合数据系统，先进交互调试系统，自动图解文档编制系统美国决策学学会，信息自动显示系统，自动综合调试系统
elect	i'lekt	n. 当选人，被选的人a. 被选的，选出的vt. 选举，选择vi. 作选择
jew	dʒu:	n. 犹太人，守财奴，犹太教信徒vt. 欺骗，杀价
valley	'væli	n. 山谷，溪谷，流域，凹地[医] 谷
jewish	'dʒu:iʃ	a. 犹太人的，犹太族的
blame	bleim	n. 过失，责备vt. 责备，归咎于
alan	'ælәn	n. 艾伦（男子名）
estimate	'estimeit	n. 估计，判断vt. 估计，评价，判断vi. 估计
derive	di'raiv	vt. 得自vi. 起源
basketball	'bɑ:skitbɒ:l	n. 篮球
criterion	krai'tiәriәn	n. 标准，准则，规范[化] 判据
usa	ju: es 'ei	美国，美利坚合众国，美国陆军
golf	gɒlf	n. 高尔夫球vi. 打高尔夫球
aye	ai	n. 赞成票，投赞成票者adv. 永远interj. （表决时说）赞成
square	skwєә	n. 正方形，街区，广场，平方，直角尺a. 正方形的，正直的，公正的，平方的，方正的，结清的adv. 成直角地，对准地vi. 一致，符合，结清vt. 使成方形，使平方自乘，调正，结清，使一致
vital	'vaitl	a. 生命的，重要的，充满活力的，生死攸关的，致命的[医] 生命的，生活的，生活上必需的，紧要的
crazy	'kreizi	a. 发狂的，狂热的
recover	ri'kʌvә	vt. 重新获得，恢复，复原，拯救vi. 痊愈，复原，胜诉[计] 恢复
significantly		adv. 值得注目地；意味深长地
chain	tʃein	n. 链，枷锁，束缚vt. 用铁练锁住，束缚，囚禁
effectively	i'fektivli	adv. 有效地，有力地，实际上
specialist	'speiʃәlist	n. 专门医师，专家a. 专业的，专家的
italy	'itәli	n. 意大利
characteristic	.kærәktә'ristik	n. 特性，特征，特色a. 特性的，特有的，有特色的[计] 阶; 指数
governor	'gʌvәnә	n. （美）州长，（英）总督，统治者，管理者，理事[医] 节制器，调节器
lake	leik	n. 湖，池，色淀v. （使）血球溶解
tone	tәun	n. 音调，音质，语调，语气，色调，气氛，状况，思想状态vt. 给……定色调，增强，使……的声调和谐，定音调vi. 颜色调和[计] 双音频
engineering	.endʒi'niәriŋ	n. 工程学，工程，操纵[化] 机器; 机器学
kick	kik	n. 踢，反冲，后座力，凹底vi. 踢，反抗，反冲vt. 踢，反冲
ancient	'einʃәnt	a. 古代的，古老的，年老的，旧的
pub	pʌb	n. 酒馆，客栈
rating	'reitiŋ	n. 等级，额定功率，责骂[经] 等级评定
request	ri'kwest	n. 请求，需要，申请书vt. 请求，要求，邀请[计] 请求
golden	'gәuldn	a. 金的，含金的，金色的，贵重的，繁盛的[法] 金制的，金色的，兴隆的
foundation	faun'deiʃәn	n. 基础，根据，建立[化] 地基
gender	'dʒendә	n. 性vt. 产生
solve	sɒlv	vt. 解决，付给，溶解vt. 求解vi. 求解[计] 求解
landscape	'lændskeip	n. 风景，山水，风景画vi. 从事景观美化vt. 美化……景观[计] 横向
deputy	'depjuti	n. 副手，代理人
representation	.reprizen'teiʃәn	n. 表示法，表现，陈述，代表[计] 表示法指定
bowl	bәul	n. 碗，木球，大酒杯v. 滚木球，快而稳地行驶
rare	rєә	a. 稀罕的，罕有的，珍奇的，稀薄的，半熟的，非常好的adv. 非常
frame	freim	n. 框，结构，体格vt. 构成，设计，制定，使适合，陷害[计] 框架，图文框，帧
forth	fɒ:θ	adv. 往前，以后，向外
australia	ɒ'streiljә	n. 澳洲，澳大利亚
typical	'tipikl	a. 典型的，象征性的[医] 典型的
except	ik'sept	vt. 除，除外vi. 反对prep. 除了……之外，若不是，除非conj. 只是
elderly	'eldәli	a. 过了中年的，稍老的
eliminate	i'limineit	vt. 除去，排除，剔除，消除
manchester	'mæntʃestә	n. 曼彻斯特
host	hәust	n. 主人，旅馆老板，节目主持人vt. 当主人招待，作……节目主持人[计] 主机，宿主机
observation	.ɒbzә:'veiʃәn	n. 观察，注意，观测，观察力[化] 观察
ocean	'әuʃәn	n. 海洋，广阔，许多，一大片[法] 海洋，海
tony	'tәuni	a. 高贵的，时髦的
creation	kri:'eiʃәn	n. 创造，创作物，发明[化] 产生
producer	prә'dju:sә	n. 生产者，制作者，制作人[化] 发生器; （炉煤气）发生炉; 制气炉; 生产者
iii		num. 罗马数字3
impression	im'preʃәn	n. 印象，意念，盖印，印记，印数，底色，效果[医] 压迹，印模，印象，影响
meanwhile	'mi:nhwail	n. 其时，其间adv. 同时，于此时
neighbour	'neibә	n. 邻居，邻接的东西，邻国，邻座，邻人，世人a. 邻接的，邻近的vi.vt. 邻近，与……结邻，邻接
regime	rei'ʒi:m	n. 政权，当权期间，政体，社会制度，体制，情态[医] 制度，生活制度
capable	'keipәbl	a. 有能力的，能的，能干的
attach	ә'tætʃ	vt. 附上，使依附，使附属，使喜爱，系，缚vi. 附属，归属，联系在一起[计] 挂接服务器命令，关联，挂接，附加
fix	fiks	vt. 使固定，修理，准备，安装，凝视，牢记，确定，整理vi. 固定，注视，确定n. 困境，方位，维修，贿赂
grand	grænd	a. 庄重的，壮观的，显赫的，重大的，最高的，雄伟的，宏大的，豪华的，傲慢的[法] 重大的，主要的，伟大的
fashion	'fæʃәn	n. 流行，风尚，时样vt. 形成，造，作
mirror	'mirә	n. 镜子，写真，典范vt. 反映，映出
wash	wɒʃ	n. 洗，洗涤，冲洗，洗的衣服，冲积物，洼地vt. 洗，洗涤，洗清，用水冲洗，流过，弄湿，粉刷，镀金属薄层于vi. 洗涤，洗澡，被冲蚀，漂浮
coast	kәust	n. 海岸，滑坡v. 沿海岸而行
atmosphere	'ætmәsfiә	n. 大气，空气，气氛[医] 大气; 大气压
smart	smɑ:t	a. 聪明的，漂亮的，刺痛的，剧烈的，敏捷的，巧妙的，伶俐的，潇洒的n. 刺痛，痛苦vi. 刺痛
mass	mæs	n. 块，大多数，质量，大量，群众，弥撒a. 群众的，大规模的，整个的vt. 使集合，集中vi. 聚集
revolution	.revә'lu:ʃәn	n. 革命，大变革，旋转，转数，循环[化] 回转
complain	kәm'plein	v. 抱怨，抗议，控诉
topic	'tɒpik	n. 主题，论题，话题
tear	tiә. tєә	n. 泪滴，眼泪，撕，扯，裂缝，激怒，飞奔vi. 流泪，撕破，赶快，飞奔，被撕破vt. 撕裂，戳破，拉掉，撕掉，使分裂，使精神不安，折磨
variable	'vєәriәbl	n. 易变的事物，变数，可变物，变量a. 可变的，不定的，易变的，变量的[计] 变量
brief	bri:f	n. 摘要，简报a. 简短的，短暂的vt. 对……作简报，摘要，节录
distinction	dis'tiŋkʃәn	n. 区别
perception	pә'sepʃәn	n. 知觉，感觉，领悟力，获取[医] 知觉
secret	'si:krit	n. 秘密，机密，秘诀，秘方a. 秘密的，极机密的，隐蔽的，暗中的，神秘的，偏僻的
stephen	'sti:vn	n. 斯蒂芬（男子名）
mechanism	'mekәnizm	n. 机械，机构，结构，机理，技巧[化] 机理; 历程; 机构
external	ik'stә:nl	n. 外部，外面a. 外部的，客观的，表面的
clause	klɒ:z	n. 子句，条款[计] 子句
marketing	'mɑ:kitiŋ	n. 行销，买卖[经] 推销，在市场买卖，销售
tank	tæŋk	n. 槽，箱，柜，罐，池塘，储水池，坦克vt. 储于箱中
championship	'tʃæmpiәnʃip	n. 冠军身份，冠军称号，捍卫
defendant	di'fendәnt	n. 被告[经] 被告方
iron	'aiәn	n. 铁，熨斗，铁器，坚强，烙铁，镣铐vt. 烫平，熨，用铁包vi. 烫平
coverage	'kʌvәridʒ	n. 覆盖的范围，保险总额，新闻报导[化] 可达范围; 覆盖度
aside	ә'said	n. 小声说的话，旁白adv. 在一边，离开，另外
servant	'sә:vәnt	n. 仆人，有用物，公务员，雇员[法] 受雇人，服务者，公务员
roof	ru:f	n. 屋顶，室顶vt. 给……盖屋顶，遮蔽
anywhere	'enihwєә	adv. 无论何处
advance	әd'vɑ:ns	n. 前进，进展，行过的路程vi. 前进，进展，提高，上涨vt. 使前进，促进，提出，提高，使提前，预付a. 前面的，预先的
bond	bɒnd	n. 捆绑物，结合，债券，契约，粘合剂，保证人，键，关栈保留vt. 存入关栈，使黏合vi. 结合
milk	milk	n. 奶，乳状物vt. 挤乳，榨取vi. 产乳
welfare	'welfєә	n. 福利，安宁，幸福，福利事业a. 福利的
era	'iәrә	n. 时代，纪元，时期
bind	baind	vt. 绑，约束，装订，包扎，使结合vi. 凝固，有约束力[计] 赋值，绑定
fun	fʌn	n. 乐趣，玩笑，娱乐vi. 开玩笑a. 供娱乐用的
engineer	.endʒi'niә	n. 工程师，工兵vt. 设计，监造，精明地处理，策划
expectation	.ekspek'teiʃәn	n. 期待，指望，展望[化] 期望值
beneath	bi'ni:θ	prep. 在……下方adv. 在……下方
drawing	'drɒ:iŋ	n. 图画，制图，拉[计] 绘图
accuse	ә'kju:z	vt. 指责，控告，归咎于vi. 指责，控告
motor	'mәutә	n. 马达，发动机，原动力，汽车a. 马达的，发动机的，汽车的，发动的vt. 推动，以汽车载运vi. 乘汽车，驾车
somewhat	'sʌmhwɒt	n. 某物，几分adv. 多少，几分
pour	pɒ:	n. 流出，倾泻，骤雨vt. 倒，灌，注，倾泻，诉说，倾吐vi. 倾泻，蜂涌而来，下大雨
origin	'ɒridʒin	n. 起源，起因，出身，开端[计] 原点; 起始地址; 信件来源的相关数据
stir	stә:	n. 骚动，轰动，搅动，监狱vt. 移动，摇动，激起，惹起，搅拌vi. 走动，传播，搅拌
grey	grei	n. 灰色a. 灰色的，阴沉的v. （使）成灰色
beach	bi:tʃ	n. 海滩
judgment	'dʒʌdʒmәnt	n. 裁判，宣告，判决书[医] 判断
negotiation	ni.gәuʃi'eiʃәn	n. 谈判，磋商，交涉[经] 谈判，协商
beer	biә	n. 啤酒[化] 啤酒
accompany	ә'kʌmpәni	vt. 陪伴，伴随，补充，为……伴奏vi. 伴奏，伴唱
establishment	i'stæbliʃmәnt	n. 确立，制定，设施[经] 企业，公司，商店
hence	hens	adv. 因此，从此
leeds	li:dz	n. 利兹市（英国城市名）
nineteen	.nain'ti:n	num. 十九，十九个
liability	laiә'biliti	n. 责任，债务，倾向[经] 责任，义务，负债
ibm		美国国际商用机器公司[计] 国际商用机器公司
unfortunately	ʌn'fɔ:tjjnәtli	adv. 恐怕，不幸的是
warning	'wɒ:niŋ	n. 警告，预告，预兆，通知[法] 警告，警戒，预告; 警告的，注意的
hero	'hiәrәu	n. 英雄，超越常人者，男主角
minor	'mainә	n. 未成年人，副修科目a. 较小的，二流的，未成年的vi. 副修[计] 次要
height	hait	n. 高度，海拔，高地，顶点[化] 高度
cloud	klaud	n. 云，阴暗，烟雾，疑团vt. 以云遮敝，笼罩，使黯然vi. 乌云密布，阴沉
stretch	stretʃ	n. 伸展，张开，连绵，一段路，一段时间a. 可伸缩的，弹性的vt. 伸展，张开，曲解，使过度伸展vi. 伸展，延伸[计] 伸展
constant	'kɒnstәnt	n. 常数，恒量a. 不变的，一定的，时常的[计] 常量; 常数; 恒值
pleased	pli:zd	a. 高兴的，喜欢的，满足的
ideal	ai'diәl	n. 理想，典范，观念，思想，最后目标a. 理想的，完美的，空想的，观念的，唯心论的
expense	ik'spens	n. 费用，代价，开支，损失[经] 费用，开支，将支出转为费用
seed	si:d	n. 种子，籽，萌芽，子孙，精液vt. 在……播种，催……发育，脱……籽vi. 结实，播种
surprised	sә'praizd	a. 感到惊讶的
withdraw	wið'drɒ:	vt. 撤回，取回，撤消，使撤退，拉开，移开vi. 撤退，离开
significance	sig'nifikәns	n. 重要性，意义，意味[计] 有效; 有效性
severe	si'viә	a. 严格的，尖锐的，严肃的，严重的，严厉的，朴素的[法] 严厉的，苛刻的，严重的
pepper	'pepә	n. 胡椒粉，胡椒，辣椒[化] 胡椒; 辣椒; 花椒
intervention	.intә'venʃәn	n. 插入，介入，调停[经] 干预
terrible	'terәbl	a. 可怕的，令人恐惧的，极坏的
tip	tip	n. 顶，尖端，梢，末端，倾斜，垃圾场，小费，轻击，指点，秘密消息vt. 装顶端，使倾斜，使翻倒，泄露，告诫，暗示，给……小费，轻击vi. 倾斜，翻倒，倾覆，踮脚走，给小费[计] 终端接口处理器，提示，技巧
india	'indjә	n. 印度
prisoner	'priznә	n. 囚犯，犯人，战俘[法] 犯人，囚犯，扣押犯
cite	sait	vt. 引用，引证，表彰[建] 引证，指引
vegetable	'vedʒәtәbl	n. 蔬菜，植物，无精打采之人a. 蔬菜的，植物的
dish	diʃ	n. 盘子，碟，菜肴[医] 皿，碟
palace	'pælis	n. 宫，宫殿，华丽大厦
vast	vɑ:st	a. 巨大的，广大的，非常的，大量的
everywhere	'evrihwєә	adv. 各处，到处
champion	'tʃæmpiәn	n. 冠军，拥护者，战士vt. 保卫，拥护a. 优胜的
gray	grei	n. 灰色，暗淡a. 灰色的，灰白的，面色苍白的，年老的，老练的，阴沉的v. （使）变灰色
exclude	iks'klu:d	vt. 除外，排除，排斥[医] 除外（诊断）
eighty	'eiti	num. 八十，八十个
oppose	ә'pәuz	vt. 反对，以……对抗，抗争vi. 反对
christ	kraist	n. 基督，救世主
contemporary	kәn'tempәrәri	n. 同时代的人a. 同时代的，属于同一时期的
convention	kәn'venʃәn	n. 大会，协定，惯例，约定[计] 约定
multiple	'mʌltipl	n. 倍数，并联a. 多样的，许多的，多功能的
ninety	'nainti	num. 九十，九十个
afterwards	'ɑ:ftәwәdz	adv. 然后，后来
switch	switʃ	n. 开关，电闸，转换，软枝，鞭子，道岔vt. 转变，切换，摆动，转换，使转轨vi. 转换，变换，摆动[计] 开关; 翻转; 转移
criminal	'kriminәl	n. 罪犯，犯人，刑事a. 犯了罪的，刑事的，有罪的
core	kɒ:	n. 核心，果心，要点vt. 挖……的核[计] 内核，核心网
ill	il	n. 疾病，坏事，罪恶，灾难a. 生病的，邪恶的，不吉利的，敌意的，不良的，不顺利的adv. 有害地，不幸地，几乎不
rush	rʌʃ	n. 匆促，冲进，急流，灯心草vi. 冲，奔，闯，赶紧，匆促行事，涌现vt. 使冲，匆忙地做，突袭，飞跃，用灯心草做a. 紧急的
knock	nɒk	n. 敲，敲打，敲门v. 敲击，互撞，攻击
specifically	spi'sifikli	adv. 特定地，明确地，按特性
tired	taiәd	a. 疲累的，疲乏的，厌倦的
justify	'dʒʌstifai	vt. 替……辩护，证明vi. 证明合法[计] 段落重排，两端对齐
signal	'signl	n. 信号，暗号，近因，导火线vt. 向……作信号，标志，用信号通知vi. 发信号a. 作为信号的，显著的[计] 信号
rail	reil	n. 横杆，围栏，栏杆，铁轨，扶手，秧鸡vt. 以横木围栏，给……铺铁轨vi. 责骂，抱怨
parish	'pæriʃ	n. 教区，堂区[法] 救贫区，教区
diet	'daiәt	n. 日常饮食，议会vt. 照规定饮食vi. 忌食
strongly	'strɒŋli	adv. 强有力地，坚强地，激烈地
fewer	'fju:ә	a. 较少的
rapidly	'ræpidli	adv. 飞快地，迅速地，赶紧地
resolution	.rezә'lu:ʃәn	n. 解析，决心，坚定，决定，决议，消除，解答，分解n. 图形分辨率[计] 图形分辨率
comparison	kәm'pærisn	n. 比较，对照，比喻[经] 比较，对比
abortion	ә'bɒ:ʃәn	n. 流产，堕胎，失败，夭折，中止[医] 流产，小产; 顿挫
witness	'witnis	n. 证人，目击者，证据，证词vt. 目击，作证，证明，表明vi. 作证人，作为证据
apart	ә'pɑ:t	adv. 成零碎，成距离，分别地，分离着a. 分离的
jones	dʒәunz	n. 琼斯（姓氏）
mine	main	n. 矿，矿藏，地雷vt. 挖掘，开采，在……布雷，破坏vi. 开矿，埋设地雷pron. 我的
barely	'bєәli	adv. 几乎不
china	'tʃainә	n. 中国，瓷器a. 中国的
emphasize	'emfәsaiz	vt. 强调，加强语气，着重
harry	'hæri	vt. 掠夺，使苦恼，强使前行，折磨，骚扰
plenty	'plenti	n. 充分，很多，丰富a. 很多的，足够的，丰富的
achievement	ә'tʃi:vmәnt	n. 完成，成就，功业
wednesday	'wenzdi	n. 星期三
mp		国会议员，下院议员[计] 宏处理程序，维护程序，线性规划，微程序，多处理器
proud	praud	a. 骄傲的，自大的，自豪的，辉煌的，壮丽的
co		[医] 钴（27号元素）
faculty	'fækәlti	n. 才能，能力，全体教员，（大学的）系[医] 能力，[大学]院系
c	si:	[计] 调用，访问，呼叫，电容，进位，通道，字符，清除，常数，控制，周期[化] 碳的化学符号; 胞苷
ooh	u:	int. （表示惊异、热心、高兴或不悦的叫声）哦！
gap	gæp	n. 缝隙，缺口，间断，间距，通用汇编程序vt. 打开缺口，造成缝隙vi. 豁开[计] 通用汇编程序，图形应用程序，间距
weak	wi:k	a. 不牢固的，弱的，虚弱的，软弱的，无力的，无权力的，（论据等）不充分的[经] 疲软的
definitely	'definitli	adv. 明确无疑地，清楚地
occupy	'ɒkjupai	vt. 占领，占（时间、空间等）, 住进，担任，使从事，使全神贯注[法] 占领，占据，占有
bomb	bɒm	n. 炸弹vt. 轰炸，投弹于vi. 失败
permanent	'pә:mәnәnt	a. 永久的，不变的，固定的，持久的n. 烫发[计] 永久的
enormous	i'nɒ:mәs	a. 巨大的，庞大的
originally	ә'ridʒәnli	adv. 本来，原来，最初，就起源而论，独创地
massive	'mæsiv	a. 大而重的，宽大的，宏伟的[医] 大块的，整块的，大量的
complaint	kәm'pleint	n. 诉苦，抱怨，控诉[医] 陈诉; 病
amongst	ә'mʌŋst	prep. 在……当中，在……之间，在……之中
shock	ʃɒk	n. 震动，冲突，震惊，冲击，突击，禾束堆，休克，长毛狗vt. 使震动，使休克，使受电击，震惊得vi. 震动，吓人a. 蓬乱浓密的
wheel	hwi:l	n. 轮子，车轮，轮，方向盘，旋转，机构，重要人物vt. 使旋转，转动，使转向vi. 旋转，转弯，盘旋
decline	di'klain	n. 衰退，跌落，下降vt. 使降低，婉谢vi. 下降，衰落，偏斜
passenger	'pæsindʒә	n. 乘客，旅客[经] 乘客，旅客
invest	in'vest	vt. 投资，花费，笼罩，授予vi. 投资，利用
odd	ɒd	a. 奇数的，古怪的，剩余的，零散的，各种各样的，少量的n. 奇特的事物，怪人[计] 奇数，奇校验，光数据数字转换器
grass	græs	n. 草，草原，牧场[医] 草，禾本
cable	'keibl	n. 电缆，海底电报，缆，索vi. 打海底电报vt. 发海底电报，缚住[计] 电缆
via	vaiә	prep. 经由，经过，通过[医] 病毒灭活剂
expose	ik'spәuz	vt. 使暴露，使曝光，揭穿，陈列[医] 暴露，露置
column	'kɒlәm	n. 专栏，圆柱，纵队，列，柱形物[计] 列，柱形图
cream	kri:m	n. 乳酪，奶油，面霜[医] 乳油，乳皮; 乳膏，霜
charity	'tʃæriti	n. 慈悲，博爱，慈善团体，施舍[法] 宽大，宽恕，慈善机关
territory	'teritәri	n. 领土，领地，版图，地区，活动范围[经] （推销员等的）推销区域
independence	.indi'pendәns	n. 独立，自立，自主[医] 自主性，独立性
solid	'sɒlid	n. 固体a. 坚硬的，稳固的，固体的，实心的，纯质的，立体的，立方的[计] 原色
crucial	'kru:ʃәl	a. 决定性的，重要的，严厉的[医] 十字形的; 决断的，定局的
typically	'tipikәli	adv. 代表性地；作为特色地
inner	'inә	a. 内部的，内心的n. 内部
hat	hæt	n. 帽子vt. 给……戴帽子
manufacturer	.mænju'fæktʃәrә	n. 制造业者，厂商[经] 制造人，制造商，制造厂
breakfast	'brekfәst	n. 早餐
celebrate	'selibreit	v. 庆祝，祝贺，举行
spain	spein	n. 西班牙
andrew	'ændru:	n. 安德鲁（男子名）
permit	pә'mit	n. 许可证，许可，执照，通行证vt. 允许，容许，可能，使放手做vi. 容许，给以机会，提供可能
fishing	'fiʃiŋ	n. 钓鱼，鱼业a. 钓鱼的
brian	'braiәn	n. 布莱恩（男子名）
similarly	'similәli	adv. 相像地，类似于
corporation	.kɒ:pә'reiʃәn	n. 公司，合作，法人团体[法] 法人团体，社团，法人
chris	kris	n. 克里斯（男子名）；克莉丝（女子名）
councillor	'kaunsilә	n. 地方议会成员，议会委员，顾问，评议员，参赞[法] 议员，评议员，顾问
tenant	'tenәnt	n. 承租人，房客，居住者vt. 租借[计] 占据者
talent	'tælәnt	n. 天才，才能，有才干的人，天资
inflation	in'fleiʃәn	n. 胀大，夸张，通货膨胀[化] 充气吹胀; 膨胀
taste	teist	n. 味道，品味，味觉，感受，体验，爱好，审美，少量vt. 尝，察觉……的味道，体会vi. 品尝，察觉味道，有某种味道
fundamental	.fʌndә'mentәl	n. 基本原理，原则，基波a. 基本的，重要的，原音的
jan	dʒæn	n. 一月
virtually	'vә:tʃuәli	adv. 事实上
sharp	ʃɑ:p	n. 半升音调，利刃，骗子a. 锋利的，明显的，敏锐的，急剧的，尖刻的，严厉的，刺耳的，精明的adv. 锐利地，急速地
cast	kɑ:st. kæst	n. 演员阵容，投掷，铸件，预测，特性vt. 投，掷，抛，脱落，铸，使弯曲，计算vi. 投，计算，浇铸成型
perfectly	'pә:fiktli	adv. 完全地，无瑕疵地，完整地
unusual	.ʌn'ju:ʒu:l	a. 不寻常的，罕见的，与众不同的
quote	kwәut	n. 引用vt. 引述，举证，报（价）vi. 引用
convince	kәn'vins	vt. 说服，使相信[法] 使确信，使信服，使人认识错误
dominate	'dɒmineit	v. 支配，占优势
physician	fi'ziʃәn	n. 医师，内科医师，解除痛苦者[医] 主治医师
exception	ik'sepʃәn	n. 例外，除外，异议[计] 例外; 异常
addition	ә'diʃәn	n. 加法，增加的人（或物）[计] 加法
accommodation	ә.kɒmә'deiʃәn	n. 膳宿，预订铺位，适应性调节，调和，贷款[医] 调节（眼）; 适应
boundary	'baundri	n. 边界，分界线[计] 边界
creative	kri:'eitiv	a. 有创造力的，创作的，产生的
lower	'lәuә	a. 低的，下级的，下层的vi. 降低，跌落，减弱vt. 放下，降下，减弱，贬低
yorkshire	'jɔ:kʃә	n. 约克郡，约克王朝
licence	'laisns	n. 执照，许可证，特许vt. 许可，特许，认可
buyer	'baiә	n. 买主，买方[经] 买主，买方，买手
gay	gei	a. 欢快的，艳丽的，快乐的，放荡的
abandon	ә'bændәn	vt. 放弃，抛弃，遗弃，使屈从，沉溺，放纵n. 放任，无拘束，狂热
honor	'ɒnә	n. 荣誉，头衔，信用，尊敬，名誉，阁下，勋章vt. 尊敬，授予荣誉，承兑，实践
construct	kәn'strʌkt	vt. 构造，建造，对……进行构思，作图n. 构成物
supporter	sә'pɒ:tә	n. 支持者，后盾，迫随者，护身织物[法] 支持者，赡养者，抚养者
campus	'kæmpәs	n. 校园，大学生活
anne	æn	n. 安妮（女子名）
guilty	'gilti	a. 犯罪的，有过失的，自觉有错的，心虚的[法] 有罪的，犯罪的，自觉有罪的
formation	fɒ:'meiʃәn	n. 形成，构造，编队[医] 形成，结构
compete	kәm'pi:t	vi. 竞争，对抗
transaction	træn'sækʃәn	n. 交易，办理，学报，和解协议[计] 事务处理
dispute	dis'pju:t	n. 争论v. 争论
inquiry	in'kwaiәri	n. 质询，探索，调查，询盘[计] 询问; 查询
immigrant	'imigrәnt	n. 移民a. 移入的，移民的
steve		n. 史蒂夫（男子名）
kingdom	'kiŋdәm	n. 王国，领域[医] 界（动物，植物，矿物）
illegal	i'li:gәl	a. 违法的，不合规定的[经] 非法的，犯规的
un	ʌn	pron. 家伙，东西[经] 联合国
database	'deitәbeis	n. 数据库[计] 数据库
hi	hai	interj. 喂
dec		美国数字电子公司[计] 数字设备公司
ref	ref	n. 裁判员[计] 参考，外部文件报告
interaction	.intәr'ækʃәn	n. 交互作用，交感[计] 交互作用
personality	.pә:sә'næliti	n. 个性，人格，（团体、地方、国家）特有特性，名人[医] 人格; 个性
fault	fɒ:lt	n. 过错，故障，毛病vt. 挑剔vi. 产生断层，弄错[计] 故障
badly	'bædli	adv. 严重地，恶劣地，极度地
assistance	ә'sistәns	n. 协助，援助[经] 援助，帮助
phrase	freiz	n. 惯用语，词组，成语，措词，乐句vt. 用短语表达，把（乐曲）分成短句[计] 短语
forever	fә'revә	adv. 永远
quantity	'kwɒntәti	n. 量，数量，总量[计] 数量; 量
israeli	iz'reili	a. 以色列的，以色列人（语）的n. 以色列人
unknown	.ʌn'nәun	a. 不知道的，未知的，陌生的n. 未知物，未知数
naturally	'nætʃәrәli	adv. 自然地，以自然力，天生地
proceed	prәu'si:d	vi. 继续进行，进行，开始，发出，起诉[法] 所得，收入，收益
lab	læb	n. 实验室，研究室[医] 凝乳酶
wrap	ræp	n. 外套，围巾，包裹物，限制，约束，秘密，换行vt. 包装，卷，缠绕，包，裹，覆盖，遮蔽，隐藏，掩护vi. 缠绕，穿外衣，包起来[计] 换行
preparation	.prepә'reiʃәn	n. 准备，预备，预习[化] 制剂
tension	'tenʃәn	n. 紧张，不安，拉紧，张力，压力，电压vt. 拉紧，使紧张
interpret	in'tә:prit	vt. 解释，演出，翻译，理解vi. 翻译，解释
incorporate	in'kɒ:pәreit	a. 合并的，组成公司的，一体化的vt. 吸收，合并，使组成公司，体现vi. 合并，混合，组成公司
depression	di'preʃәn	n. 不景气，消沉，沮丧，洼地[医] 抑郁[症], 阻抑，压低，凹，窝，衰退，俯角
spiritual	'spiritʃuәl	a. 精神上的，神圣的，崇高的，高尚的，鬼的，招魂术的n. 有关教会的事
musical	'mju:zikl	n. 音乐片，音乐舞台剧a. 音乐的，声音美妙的，喜爱音乐的
jim	dʒim	n. 吉姆（人名）
prayer	prєә. 'preiә	n. 祈祷，恳求，祷辞，祈祷者
secondary	'sekәndәri	a. 中级的，中等的，次要的，第二的，从属的，辅助的[化] 仲(指CH-3……CH(CH-3)-型支链烃基或指二元胺及R-2CHOH型的醇); 第二
journalist	'dʒә:nәlist	n. 新闻记者，从事新闻杂志业的人
metre	'mi:tә	n. 公尺，格律，韵律[医] 米，公尺
suspect	sә'spekt	n. 被怀疑者，嫌疑犯a. 令人怀疑的，不可信的，可疑的v. 怀疑，猜想
dismiss	dis'mis	vt. 解散，开除，解职vi. 解散[计] 解散
scholar	'skɒlә	n. 学者，奖学金获得者，有文化者，学习者
simon	'saimәn	n. 西蒙（男子名）
climate	'klaimit	n. 气候，社会趋势，气候区[医] 气候
russia	'rʌʃә	n. 俄国，俄罗斯[法] 俄罗斯，苏联
cheese	tʃi:z	n. 乳酪[化] 干酪
joe	dʒәu	n. 乔（男子名）
childhood	'tʃaildhud	n. 孩童时期[医] 儿童期
proceeding	prәu'si:diŋ	n. 进行，程序，行动，诉讼程序，事项[化] 会议论文集
mike	maik	vi. 偷懒，游手好闲n. 休息，游手好闲，扩音器，话筒
moreover	mɒ:'әuvә	adv. 而且，此外
cigarette	.sigә'ret	n. 香烟，纸烟
bread	bred	n. 面包，生计，食物vt. 裹以面包屑
subsequent	'sʌbsikwәnt	a. 后来的，接下去的[经] 后来的
currency	'kʌrәnsi	n. 货币，通货，流通，通用[计] 货币，货币型
graduate	'grædʒueit	n. 毕业生，量杯a. 已得学位的，研究生的，毕业的vi. 毕业，得学位，逐渐变为vt. 准予……毕业，授予……学位，分等级，刻刻度
parliamentary	.pɑ:lә'mentәri	a. 国会的，议会的，议会制度的
bbc		英国广播公司
emotion	i'mәuʃәn	n. 情绪，激动，强烈的情感[医] 情绪，情感
alright	ɔ:l'rait	a. 没问题的
scream	skri:m	n. 尖叫声vi. 尖叫，大笑，尖啸，令人震惊vt. 尖叫着说，大叫大嚷着要求
dramatic	drә'mætik	a. 戏剧性的，生动的
universe	'ju:nivә:s	n. 宇宙，星系，（思想等）范围
alter	'ɒ:ltә	v. 改变
rarely	'rєәli	adv. 很少地，罕有地
deeply	'di:pli	adv. 深刻地，在深处，深沉地
extension	ik'stenʃәn	n. 延长，扩充，范围，扩展名a. 伸缩的[计] 扩展名，扩充名
prosecutor	'prɒsikju:tә	n. 实行者，告发者，公诉人[法] 原告，起诉人，检举人
prize	praiz	n. 奖赏，奖金，奖品，战利品，捕获a. 得奖的vt. 珍视，估价，捕获，撬，撬动
lucky	'lʌki	a. 幸运的，吉祥的，好运的，侥幸的
drag	dræg	n. 拖，拖累v. 拖累，拖拉，沉重缓慢地走，拖动[计] 拖动
graham	'ɡreiәm	a. 全麦的；粗面粉的；全麦粉制成的
airline	'єәlain	n. 航线，航线的设备，航空公司
mill	mil	n. 压榨机，磨坊，制造厂vt. 碾磨，磨细，搅拌，使乱转vi. 乱转，被碾磨
possess	pә'zes	vt. 持有，占有，拥有，克制，支配，迷住[法] 持有，占有，具有
agenda	ә'dʒendә	pl. 议程，日常工作事项[计] 待议事件
tower	'tauә	n. 塔，高楼，堡垒vi. 高耸，翱翔
bother	'bɒðә	vt. 烦扰，迷惑vi. 烦恼，操心n. 麻烦，纠纷，讨厌的人
yours	juәz	pron. 你的（东西）, 你们的（东西）
arrest	ә'rest	n. 逮捕，监禁vt. 拘捕，抑制，吸引，阻止
primarily	'praimәrili	adv. 主要地，首先地
jane	dʒein	n. 简（女子名）
premise	'premis	n. 前提，房屋连地基，上述各项vt. 预先提出，引出，作为……的前提vi. 作出前提
coat	kәut	n. 外套vt. 外面覆盖，给……穿外套
involvement	in'vɔlvmәnt	n. 卷入，牵连，包含，困窘[经] 财政困难，经济上的困窘
manufacturing	.mænju'fæktʃәriŋ	n. 制造业a. 制造业的
funding	'fʌndiŋ	[经] 债务转期
partnership	'pɑ:tnәʃip	n. 合伙，合股，合作关系[经] 合伙（合作）关系，全体合伙人
therapy	'θerәpi	n. 治疗[医] 疗法，治疗
analyse	'ænәlaiz	vt. 分析，细察，分解[经] 分析
glasgow	'^lɑ:s^әu	n. 格拉斯哥（英国城市名）
schedule	'skedʒuәl	n. 时间表，一览表，计划表，议事日程vt. 预定，编制目录，制……表，安排
spokesman	'spәuksmәn	n. 发言人，代言者
sad	sæd	a. 忧愁的，悲哀的
communist	'kɒmjunist	n. 共产主义者，共产党员[法] 共产主义的，共产党的
pollution	pә'lu:ʃәn	n. 污染，玷污[化] 污染
constitution	.kɒnsti'tju:ʃәn	n. 构成，宪法，体格[医] 体质; 结构，组织
purchase	'pә:tʃәs	n. 购买，购买品，紧握，绞辘vt. 购买，赢得，努力取得，用滑轮起（锚等）
implement	'implimәnt	n. 工具，器具，手段vt. 实现，使生效，执行
gene	dʒi:n	n. 基因[化] 基因（遗传因子）
unix		UNIX操作系统[计] 多用户分时操作系统
steel	sti:l	n. 钢，钢制品，钢铁，坚硬，坚固a. 钢的，钢制的，钢铁业的，坚强的vt. 使坚强，钢化，使冷酷
heavily	'hevili	adv. 很重地，严重地，难以忍受地
regarding	ri'gɑ:diŋ	prep. 关于
remaining		[电] 剩余的
visual	'viʒuәl	a. 视觉的[医] 视觉的，视力的，视觉性记忆优势者
violent	'vaiәlәnt	a. 暴力的，猛烈的，激烈的，极端的，凶暴的
inch	intʃ	n. 英寸，身高，小岛vi. 慢慢前进，慢慢移动vt. 使缓慢地移动
chip	tʃip	n. 屑片，薄片，碎片vt. 削，切，削成碎片，使摔倒，凿vi. 削下屑片[计] 孔屑; 组件; 晶片; 芯片
depth	depθ	n. 深度，深处，深奥[计] 深度
silent	'sailәnt	a. 沉默的，安静的，无声的，静止的[医] 静止的，无症状的
self	self	n. 自己，自我，本性，本质，私心，本人vt. 使近亲繁殖，使自花授精vi. 自花授精a. 同一的
assist	ә'sist	n. 帮助，协助vt. 帮助，促进vi. 协助，参加
saving	'seiviŋ	n. 存款，挽救，节约a. 搭救的，节约的，保留的，补偿的prep. 除……之外
bike	baik	n. 自行车，脚踏车
port	pɒ:t	n. 港口，埠，舱门，避风港，左舷，炮眼，姿势，意义vt. 左转舵，持（枪）vi. 左转舵[计] 端口，移植
perceive	pә'si:v	vt. 感觉，认知，理解，意识到
command	kә'mɑ:nd	n. 命令，指挥，控制，部队，司令部v. 命令，指挥，控制[计] 命令; 指令; DOS外部命令:启动新的命令处理器
dear	'diә	n. 亲爱的人a. 亲爱的，昂贵的，严重的，急迫的interj. 啊adv. 深爱地，高价地
layer	'leiә	n. 层，产卵鸡，放置者vt. 分层堆积，压植[计] 层
calculate	'kælkjuleit	v. 计算，预测，计划，打算
delivery	di'livәri	n. 递送，交付，分娩，交货，引渡[化] 交货额
string	striŋ	n. 线，细绳，一串，字符串vt. 串起，成串，收紧，缚，扎vi. 成一串[计] 字符串，串
quietly	'kwaiәtli	adv. 安静地，沉着地，秘密地
holder	'hәuldә	n. 持有人，所有人，支持物[化] 夹持器; 夹具; 贮罐
resolve	ri'zɒlv	vi. 决定，分解，决心vt. 使分解，解析，解决，消除，决心n. 决定之事，决心，坚决
slide	slaid	n. 滑，滑道，山崩，雪崩，幻灯片vt. 使滑动，偷偷放入vi. 滑动，滑落，不知不觉陷入，偷偷地走
boot	bu:t	n. 长靴，踢，解雇，效用vt. 使穿靴，踢，解雇，有用[计] 引导，自举
wedding	'wediŋ	n. 婚礼，结婚，结婚周年纪念日，结合[法] 结婚，婚礼，结婚纪念日
framework	'freimwә:k	n. 结构，骨架，参照标准，准则，观点[医] 构架组织
portion	'pɒ:ʃәn	n. 部分，一份，命运，嫁妆vt. 分配，给……嫁妆
rose	rәuz	n. 玫瑰，蔷薇，玫瑰色a. 玫瑰色的，玫瑰花的vt. 使成玫瑰色rise的过去式
advertising	'ædvәtaiziŋ	n. 广告业，广告a. 广告的[计] 发广告
poem	'pәuim	n. 诗，诗般美的事物
opponent	ә'pәunәnt	n. 对手，敌手，反对者a. 敌对的，反对的，对面的
obligation	.ɒbli'geiʃәn	n. 义务，责任，约束，契约，恩惠，债务[经] 待付款，债务，义务
extensive	ik'stensiv	a. 广的，广泛的，多方面的[经] 广大的，扩大的
glad	glæd	a. 高兴的，喜欢的，情愿的
transform	træns'fɒ:m	vt. 使转换，改变，改造，使……变形vi. 改变，转化，变换[计] 变换
agricultural	.ægri'kʌltʃәrәl	a. 农业的[法] 农业的，耕作的
net	net	n. 网，网状物，罗网，净利，净价a. 净的，最终的vt. 用网捕，撒网，净赚，得到vi. 编网[计] 网络，网络分析程序
alcohol	'ælkәhɒl	n. 酒精，酒[化] 醇; 乙醇; 酒精
glance	'glɑ:ns	n. 一瞥，闪光，掠过，辉矿类vi. 扫视，闪光，掠过，提到，略说vt. 扫视，反射，使掠过
protein	'prәuti:in	n. 蛋白质a. 蛋白质的
bend	bend	vi. 变弯曲，屈服vt. 使弯曲，使屈服n. 弯曲
unlike	.ʌn'laik	a. 不像的，不同的prep. 不像，和……不同
efficient	i'fiʃәnt	a. 有效率的，能干的
desert	'dezәt. di'sә:t	n. 沙漠，应得的赏罚，功劳a. 沙漠的，不毛的vt. 放弃，遗弃，擅离vi. 逃掉
maintenance	'meintәnәns	n. 维护，保持，维修，生活费用，坚持，扶养[计] 维护; 维修
cop	kɒp	n. 警官vt. 抓住
cycle	'saikl	n. 周期，循环，自行车，一段时间，整套vi. 循环，轮转，骑自行车vt. 使循环，使轮转[计] 环路; 周期; 循环
italian	i'tæljәn	n. 意大利人，意大利语a. 意大利的，意大利语的
arab	'ærәb	n. 阿拉伯人，阿拉伯马a. 阿拉伯人的，阿拉伯的
reckon	'rekәn	vt. 计算，总计，估计，认为，猜想vi. 数，计算，估计，依赖，料想
spanish	'spæniʃ	n. 西班牙人，西班牙语a. 西班牙的
sand	sænd	n. 沙，沙子，沙滩，光阴，生涯vt. 撒沙，以沙掩盖
occasionally	ә'keiʒәnli	adv. 有时候，偶而
firmly	'fә:mli	adv. 坚固，坚定，断然
print	print	n. 打印，版，印刷物，痕迹，印刷业，印刷字体，图片，印花布，印章v. 打印，印刷，铭记，留印记于，用印刷体写[计] DOS外部命令:在打印机上打印文件，可一边打印文件一边执行其他工作
restrict	ri'strikt	vt. 限制，限定，约束[医] 限制
recommendation	.rekәmen'deiʃәn	n. 推荐，介绍，推荐信，劝告[经] 建议书
preserve	pri'zә:v	vt. 保护，保持，保存，维持，腌，禁猎vi. 加工食品，禁猎n. 加工成的食品，禁猎地，保护区，防护物
ceo		abbr. 首席执行官；执行总裁（chief executive officer）
profession	prә'feʃәn	n. 职业，表白，声明[化] 工种; 职业
load	lәud	n. 负荷，担子，重担，装载量，负载，工作量，加载vt. 装载，装填，使担负vi. 装货，上客，装料[计] 加载，装入程序
transition	træn'ziʃәn	n. 转变，转换，变迁，过渡时期，临时转调[化] 跃迁
participation	.pɑ:tisi'peiʃәn	n. 参与，分享[经] 参与，参股
album	'ælbәm	n. 粘贴簿，唱片套[医] 白色物
bob	bɒb	vt. 剪短，敲击vi. 振动，上下跳动n. 短发，悬挂的饰品，浮子，摆动，轻敲，5便士
philip	'filip	n. 菲利普（男子名）
restore	ri'stɒ:	vt. 回复，恢复，归还，修补，修复vt. 还原vi. 还原[计] 还原; DOS外部命令:从备份盘中取回文件
mode	mәud	n. 模态，调式，样式，文体，状态，方式，风尚[计] 方式; DOS外部命令:设定各种设备命令
gently	'dʒentli	adv. 温和地，温柔地，轻轻地，逐渐地
lock	lɒk	n. 锁，刹车，水闸，一缕头发vt. 锁，锁上，拘禁，隐藏，（用锁等）拴住，刹住vi. 锁住，（齿轮等）啮合，（船）过闸
bishop	'biʃәp	n. 主教，（国际象棋中的）象，热果子酒
opposite	'ɒpәzit	a. 相对的，相反的，对面的prep. 对面n. 对立面
stairs		n. 楼梯
approval	ә'pru:vl	n. 赞成，批准[化] 核准
deserve	di'zә:v	vt. 该得到，值得vi. 应得报答
cottage	'kɒtidʒ	n. 小屋，茅舍
consistent	kәn'sistәnt	a. 一致的，坚持的，并立的，坚固的
principal	'prinsipәl	n. 校长，首长，本金，主犯，资本，委托人a. 主要的，最重要的，首要的
resistance	ri'zistәns	n. 抵抗力，反抗，耐力，阻力，电阻[化] 抵抗; 抗性; 阻力; 抗药性; 电阻
restriction	ri'strikʃәn	n. 限制，限定，约束[计] 限定
boss	bɒs	n. 老板，上司，岩瘤，浮雕，母牛vt. 指挥，控制，浮雕
discovery	dis'kʌvәri	n. 发现，被发现的事物[法] 要求告知，发现，发觉
wilson	'wilsn	n. 威尔逊（姓氏）
protest	prә'test	n. 抗议，反对，抗议书，断言v. 反对，抗议，断言
exposure	ik'spәuʒә	n. 暴露，揭发，揭露[化] 曝光量; 照射; 照射量
pose	pәuz	n. 姿势，姿态，装模作样，伪装vi. 摆姿势，装模作样，假装vt. 使摆好姿势，提出，造成
specify	'spesifai	vt. 详列，指定，说明[计] 指定
stream	stri:m	n. 水流，小河，流出，趋势，人潮vt. 流出，流动，展开vi. 流，涌，飘扬[计] 流
export	ik'spɒ:t	n. 输出品，输出vt. 输出，出口vi. 输出物资[计] 导出
reputation	.repju'teiʃәn	n. 名誉，名声，声望[法] 名声，名誉，公认证据
pot	pɒt	n. 盆，罐，壶，坩埚，奖杯vt. 装入盆中，在锅中煮，随手射击vi. 随手射击
valuable	'væljuәbl	a. 有价值的，贵重的，宝贵的，可估价的[经] 有价值的，可估价的，贵重的
slight	slait	n. 轻蔑，怠慢a. 轻微的，纤细的，脆弱的，苗条的vt. 轻视，忽略，怠慢
hello	hә'lәu	interj. 喂，嘿
regularly	'regjulәli	adv. 有规则地，一丝不苟地，正式地
habit	'hæbit	n. 习惯，嗜好，习性vt. 使穿衣
tale	teil	n. 故事，谎言，谣言，陈述，叙述[法] 虚语，诽语，谣言
knife	naif	n. 小刀，匕首vt. 切割，伤害，切，戳vi. 劈开，穿过
friendly	'frendli	a. 友好的，亲切的，互助的adv. 友善地，温和地
coalition	.kәuә'liʃәn	n. 结合体，结合，联合[经] 联合，联盟
abroad	ә'brɒ:d	adv. 往国外，到室外，到处a. 往国外的，在室外的，广泛四散的
racial	'reiʃәl	a. 人种的，种族的[医] 种族的
silver	'silvә	n. 银，银币，银器a. 银的，银制的，银器的vt. 镀银vi. 变银白色
convert	kәn'vә:t	n. 皈依者，改变宗教信仰者vt. 使改变信仰，转换，兑换，倒置vi. 皈依[计] 转换
joke	dʒәuk	n. 笑话，玩笑，笑柄v. 开玩笑，取笑，作弄
mexican	'meksikәn	n. 墨西哥人，墨西哥语a. 墨西哥的
symptom	'simptәm	n. 症状，征候，征兆[医] 症状
countryside	'kʌntrisaid	n. 乡下地方，乡下居民
sudden	'sʌdn	n. 突然，忽然a. 突然的，意外的，快速的
empire	'empaiә	n. 帝国，帝权
philosophy	fi'lɒsәfi	n. 哲学，人生观，哲学思想，哲理，基本原理，见解，达观，沉着
autumn	'ɒ:tәm	n. 秋天，成熟期
conventional	kәn'venʃәnl	a. 传统的，习惯的，约定的[经] 惯例的，常规的，传统的
potato	pә'teitәu	n. 马铃薯
trading	'treidiŋ	[经] 交易
relative	'relәtiv	n. 亲戚，关系词a. 有关系的，相对的，比较的
recovery	ri'kʌvәri	n. 恢复，复原，痊愈，重获[计] 恢复
online		[计] 联机
thursday	'θә:zdi	n. 星期四
submit	sәb'mit	vt. 使服从，使受到，委托，提交，认为vi. 屈服，服从
urge	ә:dʒ	n. 冲动，推动力，迫切的要求vt. 驱策，力劝，竭力主张，推动vi. 强烈要求
seventy	'sevnti	num. 七十，七十个
dust	dʌst	n. 灰尘，尘埃，粉末，花粉，土，骚乱vt. 拂去灰尘，撒，弄成粉末vi. 拂去灰尘，化为粉末
voluntary	'vɒlәntәri	a. 自动的，自愿的，故意的，志愿的，自发的n. 自愿行动，志愿者，自由调
breathe	bri:ð	vi. 呼吸，生存，低语vt. 呼吸，使喘息，发散，低声说
distinguish	dis'tiŋgwiʃ	v. 区别，辨别
investigator	in'vestigeitә	n. 调查者，审查者[法] 审查员，侦查员，调查员
jacket	'dʒækit	n. 夹克，外套，护套vt. 给……穿夹克，给……装护套
inspector	in'spektә	n. 检查员，巡视员[化] 检查员
creature	'kri:tʃә	n. 人，动物，创造物，生物
proposed		a. 被提议的；所推荐的
constitute	kәn'stitjut	vt. 构成，组成，任命[建] 构造，组成
pack	pæk	n. 包裹，一伙，一副，背包，包装vt. 包装，捆扎，塞满，压紧，挑选vi. 包装货物，挤，群集，被包装[计] 压缩
recession	ri'seʃәn	n. 后退，凹处，衰退，归还[医] 退缩
suicide	'sjuisaid	n. 自杀，自杀者v. 自杀a. 自杀的
agriculture	'ægrikʌltʃә	n. 农业[机] 农业，农学
numerous	'nju:mәrәs	a. 很多的，数目众多的，多数的[机] 多数的，甚多的
input	'input	n. 输入，输入电路vt. 输入[计] 输入
shareholder	'ʃєә.hәuldә	n. 股东[法] 股东，股票持有人
substance	'sʌbstәns	n. 物质，实质，主旨，资产，本质，牢固[化] 物质
plaintiff	'pleintif	n. 原告，起诉人[经] 原告，原起诉人
shortly	'ʃɒ:tli	adv. 不久，简短，唐突地
keen	ki:n	a. 锋利的，敏锐的，强烈的，敏捷的，热心的，渴望的n. 挽歌，痛哭v. 唱挽歌，痛哭
arrival	ә'raivl	n. 到达，抵达，到达者[经] 到达，到达物
passion	'pæʃәn	n. 激情，酷爱，热爱，强烈感情，耶稣受难（故事）
volunteer	.vɒlәn'tiә	n. 志愿者a. 志愿的v. 自愿
worried	'wʌrid	a. 担心的，闷闷不乐的
essentially	i'senʃәli	adv. 本质上，本来
enforcement	in'fɒ:smәnt	n. 执行，强制[法] 实施，加强，厉行
initially	i'niʃәli	adv. 最初，开头
sauce	sɒ:s	n. 酱油，调味汁，酱vt. 给……调味，使增加趣味
illness	'ilnis	n. 疾病，恶意[医] 病
vs		prep. 对[经] 对
priest	pri:st	n. 祭司，牧师，神父，神质人员，僧侣，泰斗
margaret	'mɑ:^әrit	n. 玛格利特（女子名）
amazing	ә'meiziŋ	a. 令人惊异的
intense	in'tens	a. 非常的，强烈的，紧张的，热情的[医] 强的
electricity	.ilek'trisiti	n. 电，电流，电学，热情，电力供应[化] 电学; 电
penalty	'penәlti	n. 处罚，刑罚，罚款，罚球，报应，不利结果，妨碍[经] 罚金（款）, 违约金
inspire	in'spaiә	vt. 使感动，激发，启示，吸入，鼓舞，产生，使生灵感vi. 吸入，赋予灵感
eleven	i'levn	num. 十一，十一个
adjust	ә'dʒʌst	vt. 调整，使适应于，校准vi. 适应于，被调节，相互熟悉而适应
retire	ri'taiә	n. 隐居vi. 引退，退役，退休，退去，撤退，退却vt. 使……撤退，辞退
uncle	ʌŋkl	n. 叔父，伯父，姨丈
kiss	kis	n. 吻vt. 吻vi. 接吻
temporary	'tempәrәri	a. 暂时的，临时的n. 临时工，临时雇员[计] 临时
visible	'vizәbl	a. 看得见的，明显的，显然的n. 可见物
cap	kæp	n. 盖子，帽子vt. 戴帽子，覆盖，胜过vi. 脱帽致意[计] 调用程序分析，容量，代码分析程序，计算机辅助生产，计算机辅助印刷
efficiency	i'fiʃәnsi	n. 效率，效能，功效[医] 效率，效力
competitive	kәm'petitiv	a. 竞争的[经] 竞争的
frank	fræŋk	a. 坦白的，率直的，老实的vt. 免费邮寄n. 免费邮寄特权
drama	'drɑ:mә	n. 戏剧，戏剧艺术
cake	keik	n. 蛋糕，块，饼vt. 使结块，加块状物于vi. 结块
congressional	kәn'greʃәnl	a. 会议的，议会的，国会的[法] 代表大会的，大会的，议会的
wealth	welθ	n. 财富，资源，财产，丰富，富裕，大量[经] 财富
juice	dʒu:s	n. 汁，活力，体液vt. 挤出汁来，加汁
peak	pi:k	n. 山峰，巅，山顶，顶点，尖峰，帽舌a. 最高的，最大值的vi. 到达最高点，消瘦，变憔悴，逐渐缩小vt. 使竖起，使达到最高点
presentation	.prezәn'teiʃәn	n. 赠与，描述，介绍[计] 简报
whenever	hwen'evә	conj. 每当adv. 不论何时，每逢
pale	peil	n. 栅栏，界线，范围a. 苍白的，暗淡的，无力的vi. 变苍白，变暗，失色vt. 使变苍白，使失色，用栅栏围
laboratory	'læbrәtәri	n. 实验室，研究室，化工厂[医] 实验室，检验室，化验室
analyze	'ænәlaiz	vt. 分析，细察，分解[机] 分析
disaster	di'zɑ:stә	n. 灾祸，不幸，彻底失败
th		[医] 钍（90号元素）
parking	'pɑ:kiŋ	n. 停车a. 停车的
owe	әu	vt. 亏欠，负……债，归功于，怀有，应给予，感恩vi. 欠钱
mood	mu:d	n. 心情，气氛，生气，基调[医] 心境
gradually	'grædʒuәli	adv. 逐渐地
bay	bei	n. 海湾，狗吠声，月桂vt. 吠，使走投无路vi. 吠
enhance	in'hæns	vt. 提高，加强，增加
mystery	'mistәri	n. 秘密，神秘，奥秘
poverty	'pɒvәti	n. 贫穷，贫困，缺乏[医] 贫乏，缺乏
promotion	prәu'mәuʃәn	n. 晋级，创建，增进[经] 推广，推销，促进
spending	'spendiŋ	n. 经费，开销[经] 开支，开销，经费
possession	pә'zeʃәn	n. 拥有，占有，所有，财产，领土，领地，自制，着迷[经] 占有，持有
evaluate	i'væljueit	vt. 评估，评价，赋值
symbol	'simbl	n. 符号，象征，代号，信条[计] 符号; 码元
dollar	'dɒlә	n. 美元，元（加、澳等国货币单位）[经] 纯经济的，美元，元
certificate	sә'tifikeit	n. 证书，证明书vt. 发给证明书，用证书批准，用证书证明
wet	wet	n. 湿气，潮湿，水分，雨天a. 湿的，潮的，搞错的，下雨的，反对禁酒的vi. 变湿vt. 使……湿
maker	'meikә	n. 制造者，上帝[经] 制造者，出票人
custom	'kʌstәm	n. 习惯，风俗，海关，自定义a. 定制的[计] 定制; 自定义
accomplish	ә'kʌmpliʃ	vt. 完成，达到，实现，使完美
angle	'æŋgl	n. 角，角度，角落vi. 钓鱼，谋取，博取，斜向移动，转变角度vt. 使转动角度，在……钓鱼，获取
tuesday	'tju:zdi	n. 星期二
monitor	'mɒnitә	n. 监督器，级长，监听员，班长，监视器，告诫物v. 监视，监听，监督[计] 监视器，监视程序; 监视
lewis	'lu:is	n. 吊楔
entertainment	.entә'teinmәnt	n. 娱乐，款待，娱乐表演
lee	li:	n. 背风处，避风处，下风处，保护，庇护a. 避风的，背风的，下风的，保护的
asian	'eiʃәn	n. 亚洲人a. 亚洲的，亚洲人的
bean	bi:n	n. 豆子[化] 油嘴; 豆
evaluation	i.vælju'eiʃәn	n. 评估，估价，求值[计] 鉴定; 评价; 求值
alliance	ә'laiәns	n. 联盟，联合[法] 同盟，联盟，联姻
armed	ɑ:md	a. 有扶手的，武装的，有防卫器官的[法] 武装的，持械的，"F带武器的
commander	kә'mɑ:ndә	n. 司令官，指挥官
dependent	di'pendәnt	n. 依赖他人者a. 依赖的，从属的
digital	'didʒitәl	a. 数字显示的，数字的n. 数字仪表，数字式电子表（或时钟）[计] 数字，数字式
subsequently	'sʌbsikwәntli	adv. 后来，随后
taylor	'teilә	n. 泰勒
bid	bid	n. 出价v. 命令，吩咐，请求，表示，宣布，投标
expansion	ik'spænʃәn	n. 扩充，开展，膨胀[计] 扩展
psychological	.saikә'lɒdʒikәl	a. 心理学的，精神上的，心灵的[法] 心理上的，心理学的
radical	'rædikl	n. 激进分子，词根，基础，根式，根a. 激进的，根本的，基本的，根的
anger	'æŋgә	n. 忿怒vt. 激怒，使发怒vi. 发怒
statutory	'stætjutәri	a. 法令的，法定的，可依法惩处的[经] 法定的
chancellor	'tʃɑ:nsәlә	n. 大臣，总理，首相，大使馆/领事馆的一等秘书，司法官，大学校长
approximately	ә'prɒksimәtli	adv. 大约，大致，近于[经] 大约，近似
ratio	'reiʃәu	n. 比，比率[医] 比，比率，比例
pc		个人计算机[计] 外部控制，个人计算机，光电导体，伪码
missile	'misail	n. 发射物，导弹，飞弹，火箭a. 可发射的
disorder	dis'ɒ:dә	n. 杂乱，混乱vt. 扰乱，使失调
oct		abbr. 十月（October）
lifespan	'laifspæn	n. 预期生命期限；寿命；预期使用期限
false	fɒ:ls	a. 错误的，虚伪的，假的，不老实的adv. 不准确地，欺诈地
wire	'waiә	n. 电线，电报，电信，铁丝网，金属丝vt. 用金属丝捆扎，拍电报vi. 打电报
sensitive	'sensitiv	a. 敏感的，易感的，灵敏的，感光的[机] 敏感的，灵敏的，感度高的
transportation	.trænspә'teiʃәn	n. 运输，输送，交通车辆[经] 运转，运输，运输费
holy	'hәuli	a. 神圣的，圣洁的，至善的n. 神圣的东西
twin	twin	n. 双胞胎中一人，一对非常相像的人（或物）中的一个a. 双胞胎的，成对的，孪生的vi. 生双胞胎，成对vt. 怀（双胞胎）, 使成对
tendency	'tendәnsi	n. 趋向，倾向[医] 趋向，趋势
fixed	fikst	a. 固定的，不变的[法] 固定的，确定的，不变的
chamber	'tʃeimbә	n. 室，房间，枪膛vt. 装（弹药）, 把……关在室内a. 室内的
honour	'ɒnә	n. 荣誉，头衔，信用，尊敬，名誉，阁下，勋章vt. 尊敬，授予荣誉，承兑，实践
elizabeth	i'lizәbәθ	n. 伊丽莎白（女子名）
luck	lʌk	n. 运气，幸运，好运，侥幸vi. 靠好运成功
deposit	di'pɒzit	n. 存款，定金，堆积物vt. 存放，堆积vi. 沉淀
rent	rent	n. 租金，房租，出租物，裂缝，破裂处，分裂vt. 租用，租出vi. 出租a. 分裂的，破裂的rend的过去式和过去分词
pure	pjuә	a. 纯的，纯净的，纯洁的，清白的，完美的，无瑕的，抽象的[医] 的，纯净的
clinic	'klinik	n. 诊所，临床教学[医] 诊所（门诊部）; 临床（讲解）; 临床（学）科
acceptable	әk'septәbl	a. 可接受的，合意的，可忍受的
veteran	'vetәrәn	n. 老手，退伍军人，老兵，老树a. 老兵的，老练的，经验丰富的
smell	smel	n. 味道，气味，嗅觉，嗅，臭味，气息vt. 闻，探出，察觉，发出……的气味vi. 嗅，散发气味，发臭
tablespoon	'teiblspu:n	n. 大汤匙[医] 汤匙，大匙（15毫升）
phenomenon	fi'nɒminәn	n. 现象，迹象，表现，奇迹，奇才[化] 现象
nervous	'nә:vәs	a. 神经紧张的，不安的，神经的[医] 神经的; 神经质的，神经过敏的
tourist	'tuәrist	n. 观光客，旅行者a. 旅游的
cambridge	'keimbridʒ	n. 剑桥
festival	'festәvәl	a. 节日的，喜庆的，快乐的n. 节日，庆祝，欢宴
toss	tɒs	n. 投掷，抛，摇摆，震荡，掷钱币决定vt. 投掷，猛抬，摇荡，使不安，掷钱币决定vi. 被到处扔，摇摆，颠簸，辗转，掷钱币决定某事
qualification	.kwɒlifi'keiʃәn	n. 资格，条件，限制[计] 限定
bury	'beri	vt. 埋葬，埋藏
adequate	'ædikwәt	a. 适当的，足够的[法] 胜任的，适当的，充分的
pray	prei	v. 祈祷，恳求，请
tomato	tә'mɑ:tәu	n. 番茄，西红柿
rapid	'ræpid	a. 迅速的，飞快的，急促的，陡的n. 急流
butter	'bʌtә	n. 奶油，黄油vt. 涂黄油于
deficit	'defisit	n. 赤字，不足额[医] 短缺
awareness	ә'weәnis	n. 意识，认识[计] 识别，议定，明白
bathroom	'bɑ:θru:m	n. 浴室，厕所
frequency	'fri:kwәnsi	n. 频率，频数[计] 频率
electronic	.ilek'trɒnik	a. 电子的[计] 电子工业协会接口
belfast	.belfɑ:st	n. 贝尔法斯特
ally	'ælai. ә'lai	n. 同盟者，同盟国，助手vt. 使联盟，使联合，使有关系vi. 结盟
luke	lu:k	n. 卢克（男子名）；路加（基督教早期信徒之一）；[圣经]路加福音
mixture	'mikstʃә	n. 混合，混淆，混合物[化] 混合物
ai	ai	[计] 附加信息，人工智能[化] 人工智能
smoke	smәuk	n. 烟，雾气，烟熏剂，抽烟，烟色vi. 吸烟，冒烟，弥漫vt. 以烟熏，抽烟而导致……
middlesbrough	'midlzbrә	米德尔斯布勒[英国英格兰东北部港市]（ 克利夫兰郡首府）
resist	ri'zist	v. 抵抗，耐得住，抵制，反抗n. 防染材料
confront	kәn'frʌnt	vt. 使面对，对抗，遭遇，使对质，比较[法] 对证，使对质，比较
surprising	sә'praiziŋ	a. 令人惊讶的
fifth	fifθ	num. 第五，五分之一
toy	tɒi	n. 玩具，小玩艺儿，小型的东西，消遣a. 供玩耍的，作为玩具的vi. 玩弄，戏弄，调情
dimension	dai'menʃәn	n. 尺寸，次元，面积，维数vt. 标出尺寸
absolute	'æbsәlu:t	a. 绝对的，专制的，完全的，独立的n. 绝对事物
routine	ru:'ti:n	n. 常规，日常工作，惯例，例行公事a. 日常的，常规的[计] 例程
fellow	'felәu	n. 男人，朋友，同事a. 同伴的，同事的，同道的
rough	rʌf	n. 粗糙的东西，毛坯，未加工品，梗概，草图，暴徒，艰难a. 粗糙的，粗暴的，蓬乱的，草率的，大致的，简陋的，暴风雨的，艰难的vt. 使粗糙，使不平，使蓬乱，粗制，草拟，粗暴对待，对……动粗vi. 变粗糙adv. 粗糙地，粗暴地
smooth	smu:ð	a. 平滑的，平稳的，流畅的，和蔼的，安祥的，圆滑的，调匀的，无毛的vt. 使光滑，烫平，使平和，消除vi. 变平滑，变平静n. 一块平地，平滑部分
remarkable	ri'mɑ:kәbl	a. 不平常的，值得注意的，显著的
nearby	'niәbai	a. 附近的，近旁的adv. 在附近，近旁地prep. 在……附近
precisely	pri'saisli	adv. 精确地，明确地，刻板地，拘泥地，正好，恰恰，对，正是如此，确实如此，不错
peer	piә	n. 同等的人，匹敌，贵族vi. 凝视，窥视，费力地看，隐现vt. 与……同等，封为贵族
personnel	.pә:sә'nel	n. 人员，人事部门，人事科（处）[经] 人事，全体人员，职工
designer	di'zainә	n. 设计者，谋划者，制图者[计] 设计员
maximum	'mæksimәn	n. 极点，最大量，极大a. 最高的，最大的，最大极限的[计] 最大值
furniture	'fәnitʃә	n. 家具，帆具
brilliant	'briljәnt	a. 光辉的，灿烂的，有才气的[机] 亮的
educator	'edjukeitә	n. 教育家
belt	belt	n. 带子，地带[医] 带，腰带，束带，地带，区
register	'redʒistә	n. 寄存器，记录，登记簿，注册vt. 记录，注册，提示，表达，把……挂号vi. 登记，注册，挂号[计] 寄存器
immigration	.imi'greiʃәn	n. 移民，移居[医] 移民
teaspoon	'ti:spu:n	n. 茶匙[医] 茶匙（4毫升）
birthday	'bә:θdei	n. 生日
retirement	ri'taiәmәnt	n. 退休，隐居，撤退[经] 退休，退股，（固定资产）报废
duke	dju:k	n. 公爵
recording	ri'kɒ:diŋ	a. 记录的，记录用的n. 录音
pipe	paip	n. 管，导管，输送管，管状器官，声带，尖细的声音，烟斗，笛，管乐器vt. 以管输送，吹哨子，吹奏，尖声唱vi. 吹笛，尖叫，吹长哨发令[计] 管道
adam	'ædәm	n. 亚当[计] 自动直接存取管理
mere	miә	n. 小湖，池塘a. 仅仅的，只不过的
teenager	'ti:nidʒә	n. 十三岁到十九岁的少年
instance	'instәns	n. 建议，情况，例子，场合vt. 引以为例，举例说明
comprehensive	.kɒmpri'hensiv	a. 广泛的，有理解力的，综合的[经] 广泛的，综合的，全面的
flag	flæg	n. 标志，旗标，旗子，信号旗，菖蒲vt. 悬旗，打旗号，铺石板vi. 无力地下垂[计] 标志; 属性标记命令
whisper	'hwispә	n. 耳语，密谈，谣传，沙沙声vi. 耳语，密谈，沙沙地响vt. 低声说
apple	'æpl	n. 苹果，家伙[医] 苹果
landlord	'lændlɒ:d	n. 房东，地主[经] 业主，地主，房东
administrative	әd'ministrәtiv	a. 管理的，行政的[法] 行政的，管理的，遗产管理的
corn	kɒ:n	n. 玉蜀黍，谷类，谷粒，鸡眼vt. 使成颗粒，腌
throat	θrәut	n. 咽喉，喉咙，嗓音vt. 用喉音说，开沟于
dealer	'di:lә	n. 经销商，商人[经] 交易员，贩卖商
moon	mu:n	n. 月亮，月球，月光vi. 闲荡vt. 虚度
junior	'dʒu:njә	n. 年少者，地位较低者，大学三年级学生a. 年少的，下级的，后进的
breach	bri:tʃ	n. 裂口，违背，破坏，违反，突破，破裂vt. 攻破，突破vi. 跳出水面
wooden	'wudn	a. 木制的，呆笨的，木然的
swing	swiŋ	n. 摇摆，振幅，音律，节奏，涨落，秋千，旋转，行动自由vi. 摇摆，悬挂，旋转，大摇大摆地走，转向vt. 挥舞，使旋转，使转向，悬挂，吊运a. 旋转的，悬挂的，强节奏爵士音乐的
salary	'sælәri	n. 薪水vt. 给……加薪
lad	læd	n. 青年，家伙，少年，情人
observer	әb'zә:vә	n. 观察者，遵守者，观察员[法] 观察者，观察员，监场员
cheek	tʃi:k	n. 颊，厚颜，脸蛋[医] 颊
sarah	'sєәrә	n. 萨拉（<<圣经>>故事人物）
equation	i'kweiʃәn	n. 相等，等式，平衡[化] 方程式; 等式; 反应式; 公式
dig	dig	vt. 挖，翻土，发掘vi. 挖掘n. 挖掘[计] 数字，数位
eh	ei	interj. 啊!嗯!是吗?好吗?[医] 氧化还原电位
pace	peis	n. 速度，步调，步法vi. 踱步，缓慢走vt. 用步测，踱步于
crop	krɒp	n. 农作物，产量，平头vt. 收割，修剪，种植vi. 收获[计] 裁剪
overcome	.әuvә'kʌm	vt. 战胜，克服，胜过vi. 得胜
behave	bi'heiv	vi. 举止端正，行为规矩vt. 检点（自己的）行为，使表现好
rank	ræŋk	n. 等级，排，横列，队伍，阶级a. 茂密丛生的，恶臭的，十足的，粗俗的vt. 排列，归类于，把……分等vi. 列为，列队n. 秩[计] 秩
entrance	'entrәns	n. 入口，进入点，入场，入学，进入，开始（阶段）, 就任vt. 使出神，使入迷[计] 入口
anxiety	æŋ'zaiәti	n. 焦虑，忧虑，令人焦虑的事[医] 焦虑
permission	pә'miʃәn	n. 许可，允许[计] 许可，认可
electric	i'lektik	a. 电的，导电的，电动的[医] 电的
literally	'litәrәli	adv. 逐字地，按照字面上地，不夸张地
enquiry	in'kwaiәri	n. 询问[经] 询价，询盘
embrace	im'breis	n. 拥抱vt. 拥抱，互相拥抱，包含，收买vi. 拥抱
reserve	ri'zә:v	n. 储备品，贮量，后备军，自然保护区，保留，拘谨，节制，储备金vt. 保留，保存，预订，延期，推迟
viewer	'vju:ә	n. 观察者，看电视者，视察员，观察器[化] 指示器
pan	pæn	n. 平锅，浅盘，盆地，硬土层，拍摄全景v. 上下左右移动，摇镜头，淘洗，淘金
consultant	kәn'sʌltәnt	n. 顾问，征询意见者[医] 顾问医师
allowance	ә'lauәns	n. 津贴，零用钱，限额，折扣，允许vt. 定量供应
rome	rәum	n. 罗马
mortgage	'mɒ:gidʒ	n. 抵押，约束性义务，抵押借款vt. 抵押，以……作担保，把……许给
carpet	'kɑ:pit	n. 地毯，地毯状物vt. 铺以地毯，铺盖
administrator	әd'ministreitә	n. 管理人，行政官[经] 遗产管理人员
mail	meil	n. 邮件，邮政，邮递，盔甲vt. 邮寄，给……穿盔甲[计] 邮件
mayor	'mєә	n. 市长[法] 市长
judgement	'dʒʌdʒmәnt	n. 审判，判决，判断[经] 判定，审定，鉴定
scope	skәup	n. 范围，机会，广度，眼界，观察仪器，导弹射程[计] 作用域
pink	piŋk	n. 粉红色，石竹花，化身，典范，头面人物，极度a. 粉红的，石竹科的，比较激进的，脸色发红的，精致的，有点下流的vt. 刺，扎，刺痛，射伤，使面红耳赤，使变粉红色vi. 变粉红色
policeman	pә'li:smәn	n. 警察[化] 淀帚
platform	'plætfɒ:m	n. 站台，月台，讲台，论坛，平台[计] 平台
historic	hi'stɒrik	a. 历史上著名的，有历史性的
curtain	'kә:tәn	n. 帐，幕，窗帘vt. 装帘子于，遮蔽
buck	bʌk	n. 元，雄鹿，纨绔子弟，鞍马，培克（赌博时的庄家标志）, 碱水，自夸，谈话vi. 马背突然拱起，反对，吹牛，闲聊vt. 马背突然拱起将骑手摔下，反对，用碱水洗a. 雄的
grandmother	'grændmʌðә	n. 祖母，女祖先
paragraph	'pærәgrɑ:f	n. 段落，短评vt. 将……分段，分段落vi. 写短讯[计] 段落
cricket	'krikit	n. 蟋蟀，板球
constantly	'kɒnstәntli	adv. 不变地，不断地，时常地
successfully	sәk'sesfjli	adv. 成功，结果良好，有成就
continuing	kәn'tinjuiŋ	a. 继续的，持续的，连续的[法] 继续的，连续的，持续的
journal	'dʒә:nәl	n. 日记，杂志，日报[化] 轴颈
favor	'feivә	n. 好意，喜爱vt. 赐予，支持，喜欢，证实
testing	'testiŋ	n. 测试a. 吃力的，试验的
detect	di'tekt	vt. 发现，察觉，探测[法] 发现，查明，探测
stomach	'stʌmәk	n. 胃，食欲，欲望，肚子vt. 吃下，忍受
consent	kәn'sent	n. 同意，许可vi. 同意，赞同
weigh	wei	vt. 称……重量，衡量，把……压弯，考虑，权衡，起锚vi. 称分量，有意义，重压，起锚n. 过秤，称分量
comprise	kәm'praiz	vt. 包含，构成
install	in'stɒ:l	vt. 安装，安置，使就职[计] 安装，安装程序; DOS内部命令:安装常驻程序
birmingham	'bә:miŋәm	n. 伯明翰
curve	kә:v	n. 曲线，弯曲，曲线球vt. 弯，使弯曲vi. 成曲形
darkness	'dɑ:knis	n. 黑暗，暗，深色，隐密，模糊，无知
recipe	'resipi	n. 食谱，处方，秘诀[医] 取（处方头语）, 处方
tim	tim	n. 蒂姆（男子名）
infection	in'fekʃәn	n. 传染，影响，传染病[医] 传染，感染
elementary	.eli'mentәri	a. 初步的，基本的[医] 元素的，基础的，初级的
literary	'litәrәri	a. 文学的，文艺的，精通文学的[法] 文学的，从事文学的，从事写作的
thatcher		n. 盖屋顶者
aggressive	ә'gresiv	a. 侵略的，挑畔的，进取的[法] 侵略的，爱挑衅的，行为过火的
nigel	'naidʒәl	n. 奈杰尔（男子名）
concert	'kɒnsәt	n. 音乐会，和声，一致vt. 协力，协调vi. 协力[计] 美国北卡罗来纳州Internet网
guitar	gi'tɑ:	n. 吉他
disk	disk	n. 圆盘，磁盘[计] 磁盘
extreme	ik'stri:m	n. 极端，末端a. 极端的，尽头的，极度的，偏激的
dna		脱氧核糖核酸[计] 无效数据，数字网络体系结构，分布式网络体系结构
tube	tju:b	n. 管，软管，隧道vt. 把……装管，使通过管子[计] 管子
nov		abbr. 十一月（November）
longer	'lɔŋɡә. 'lɔ:ŋ-	adv. 比较久
presumably	pri'zu:mәbli	adv. 推测上，大概
quit	kwit	vi. 离开，辞职，停止vt. 离开，放弃，使解除，停止n. 离开[计] 结束，退出
genuine	'dʒenjuin	a. 真正的，真实的，诚恳的[医] 真性的
guarantee	.gærәn'ti:	n. 担保，抵押品，保证书vt. 保证，担保
latin	'lætin	n. 拉丁人，拉丁语a. 拉丁人的，拉丁语的
greatly	'greitli	adv. 很，非常
favourite	'feivәrit	n. 喜欢的事物a. 喜爱的，宠爱的
jail	dʒeil	n. 监牢，监狱，拘留所vt. 监禁，下狱
briefly	'brifli	adv. 简短地，扼要地，简明地，简单地
honest	'ɒnist	a. 诚实的，坦直的，可靠的
delay	di'lei	n. 耽搁，迟滞v. 耽搁，延迟[计] 延迟，延时
diversity	dai'vә:siti	n. 差异，多样性[化] 多样性
palestinian	,pælis'tiniәn	[经] 巴勒斯坦的
sake	seik	n. 目的，缘故，理由
relax	ri'læks	vi. 放松，松懈，松弛，变从容，休息，休养vt. 使松弛，缓和，使松懈，使休息
essay	'esei. e'sei	n. 随笔，短文，评论，企图vt. 试图
edition	i'diʃәn	n. 版本，版，翻版
respondent	ri'spɒndәnt	a. 回答的，应答的，反射的n. 应答者，被告
giant	'dʒaiәnt	n. 巨人，大力士，巨大怪物a. 庞大的，巨大的
circuit	'sә:kit	n. 电路，环（行）道，巡回[计] 线路; 电路
exciting	ik'saitiŋ	a. 令人兴奋的，刺激的[电] 激磁
negotiate	ni'gәuʃieit	vi. 商议，谈判，交涉vt. 谈妥，转让，处理
historian	hi'stɒ:riәn	n. 历史学家，记事者
clock	klɒk	n. 时钟，计时器，（袜子上的）绣花边花vt. 绣花样，记时，记录vi. 记录时间[计] 时钟
written	'ritn	a. 书面的，写成文字的write的过去分词
pop	pɒp	n. 砰然声，枪击，含气饮料，流行音乐，通俗艺术a. 流行的，热门的，通俗的vt. 使发出爆裂声，开枪打，突然伸出vi. 发出爆裂声，射击，突然出现，瞪大adv. 突然，砰地[计] 出现点，邮局协议
demonstration	.demәn'streiʃәn	n. 示范，实证[医] 示教，实物教授
chemical	'kemikl	n. 化学药品a. 化学的，化学上用的
resign	ri'zain	vt. 辞职，放弃，使顺从vi. 辞职，屈从
criticize	'kritisaiz	v. 批评，吹毛求疵，非难
bath	bæθ.bɑ:θ	n. 沐浴，浴室[医] 浴
differ	'difә	vi. 不一致，不同[机] 差异，不同
adviser	әd'vaizә	n. 顾问，劝告者，指导教师[法] 顾问，劝告者
nineteenth	.nain'ti:nθ	num. 第十九，十九分之一
williams	'wiljәmz	n. 威廉姆斯（男子名）
advanced	әd'vɑ:nst	a. 在前的，高级的，先进的，年老的[法] 预付的，预支的，垫付的
stupid	'stju:pid	a. 愚蠢的，麻木的
disability	disә'biliti	n. 无力，无能，残疾[医] 劳动能力丧失，病废
shell	ʃel	n. 贝壳，壳，外形，炮弹vt. 去壳，脱落，炮轰vi. 剥落，脱壳[计] 外壳; DOS内部命令:指定命令行处理程序
defeat	di'fi:t	n. 败北，失败vt. 击败，使落空
consumption	kәn'sʌmpʃәn	n. 消费，消费量，痨病[化] 消耗量; 耗量
classical	'klæsikl	a. 古典的，正统派的，经典的[医] 古典的; 标准的，典型的
washington	'wɒʃiŋtn	n. 华盛顿
biological	.baiәu'lɒdʒikәl	a. 生物学的[医] 生物学的
peasant	'peznt	n. 农夫，乡下人
province	'prɒvins	n. 省，地方，职权，领域[法] 省，地方，领域
pause	pɒ:z	n. 暂停，中止，停顿，间歇，踌躇，休止符vi. 暂停，中止，停顿，踌躇[计] DOS内部命令:暂时停止批处理文件的执行
acquisition	.ækwi'ziʃәn	n. 获得，获得物[经] 收购，招揽，取得
onion	'ʌnjәn	n. 洋葱vt. 因洋葱使掉泪
socialist	'sәuʃәlist	n. 社会主义者，社会党党员[法] 社会主义的
aunt	ɑ:nt	n. 阿姨，姨妈，舅妈，姑妈，伯母
brand	brænd	n. 商标，牌子，烙印vt. 打烙印于
commons	'kɒmәns	n. 平民，下议院，公共食堂[法] 平民，下议院议员，下院
assure	ә'ʃuә	vt. 保证，使确信，弄清楚，担保[法] 确信，保证，保障
gloucester	'^lɔstә	n. 格洛斯特（英国西南部的港市）；格洛斯特硬干酪（产于英国）
mad	mæd	a. 疯狂的，发疯的，生气的，愚蠢的，狂欢的n. 狂怒
split	split	n. 劈开，裂片，裂缝，分裂，派系，派别，柳条a. 劈开的vi. 分离，分开，裂开，被劈开vt. 劈开，切开，使分裂，使分离[计] 拆分
criteria	krai'tiәriә	pl. 标准[计] 条件
altogether	.ɒ:ltә'geðә	adv. 完全地，总而言之
utility	ju:'tiliti	n. 功用，有用之物，实用，公用事业，实用程序a. 实用的，有多种用途的[计] 实用程序，工具
confident	'kɒnfidәnt	a. 有信心的，有把握的
remark	ri'mɑ:k	n. 评论，注意vt. 评论，注意vi. 评论，谈论[计] 注释
helpful	'helpful	a. 有帮助的，有益的，有用的
highway	'haiwei	n. 公路，大道，捷径[法] 公路，大路
survival	sә'vaivәl	n. 生存，残存，幸存者a. 赖以生存的
clinical	'klinikәl	a. 临床的，门诊部的[医] 临床的，临证的
sink	siŋk	n. 藏垢的场所，沟渠，污水槽vi. 下沉，沉没，下陷，减弱，衰退，消沉，堕落，渗透vt. 使低落，使下沉，陷于，投入（资金等）, 挖掘
workshop	'wә:kʃɒp	n. 工场，车间，研讨会[计] 讨论会; 专题研究组
lecture	'lektʃә	n. 演讲，谴责，讲稿vt. 演讲，训诫，说教vi. 讲演
ingredient	in'gri:diәnt	n. 成分，因素[化] 配合剂; 拼料; 成分; 组分
stake	steik	n. 桩，炮烙刑，木柱，赌注，奖金vt. 打桩，用桩撑，下赌注，资助vi. 打赌
occupation	.ɒkju'peiʃәn	n. 职业，占有，占有期，占领，占领军[经] 占有，占用，职业
muslim	'mjzlim; (?@) 'mʌzlem	n. 伊斯兰教，伊斯兰教教徒
fiber	'faibә	n. 纤维，构造，纤维制品[化] 纤维
activist	'æktivist	n. 激进主义分子
mount	maunt	n. 乘骑用马，框，衬纸，山vi. 乘马，爬上，增长vt. 爬上，使上马，装上，装裱，安放，制作……的标本，设置，上演[计] 安装
islamic	iz'læmik	a. 伊斯兰教的，穆斯林的
snap	snæp	vt. 使突然中断，猛咬，争夺，拉断，使有啪啪声，厉声说，突然射击，用快照拍摄vi. 咬，扑，抓，折断，劈啪地响，厉声说，砰然关上n. 猛咬，猛扑，劈啪声，申斥，快照，活力，一般时期的寒冷天气，揿钮a. 突然的，装搭扣的adv. 猛地[计] 子网访问协议
terrorism	'terәrizm	n. 恐怖主义，恐怖统治，恐怖状态[法] 胁迫，暴政，恐怖政治
refugee	.refju'dʒi:	n. 难民，流亡者[法] 避难者，流亡者，难民
formula	'fɒ:mjulә	n. 客套语，公式，准则[计] 公式
ultimate	'ʌltimit	n. 终极，根本，顶点，基本原则a. 终极的，根本的，极限的，最远的，最后的，最大的
guidance	'gaidns	n. 指导，领导[医] 导
statistics	stә'tistiks	n. 统计学，统计资料[计] 统计信息
hip	hip	n. 臀部，蔷薇果，忧郁a. 熟悉内情的vt. 使忧郁，给（屋顶）造屋脊interj. 喝彩声
tail	teil	n. 尾部，后部，辫子，随员，特务，燕尾服，踪迹，限定继承（权）a. 在后面的，从后面而来的，限定继承的，尾部的，后部的vt. 为……装尾，附于其后，尾随，使搭牢，跟踪，监视vi. 跟踪，船尾搁浅
gear	giә	n. 齿轮，工具vt. 以齿轮连起，开动，使适应，安排vi. 连接上，适合
found	faund	vt. 建立，创立，铸造find的过去式和过去分词
barrier	'bæriә	n. 障碍，栅栏[化] 势垒; 阻片; 阻挡层
distinct	dis'tiŋkt	a. 清楚的，显著的，不同的
compensation	.kɒmpen'seiʃәn	n. 补偿，赔偿金，工资[医] 代偿（机能）, 补偿
assign	ә'sain	vt. 分配，指派，赋值[计] 赋值
poet	'pәuit	n. 诗人
killer	'kilә	n. （非正式）杀人者，屠杀者，猛兽，致死（疾病）, 杀手，止痛药，限制器，瞄准器[计] 删除程序; 断路器
gang	gæŋ	n. 队，群，帮vi. 成群结队，结成一伙vt. 使成群结队
johnson	'dʒɔnsn	n. 约翰逊（姓氏）
developing	di'velәpiŋ	a. 发展中的[计] 显影
supplier	sә'plaiә	n. 供应者，供给国，供应商[化] 承制厂; 供应厂商
classic	'klæsik	n. 古典作品，杰作，大艺术家a. 第一流的，最优秀的，古典的
scott	skɔt	n. 斯科特（男子名）
ben	ben	n. 内室[医] 贝昂（俗名，一般指辣木Moringa oleifera,有时也指一些不同属的植物）
israel	'izreil	n. 以色列，以色列后裔，犹太人
label	'leibl	n. 标签，称号，商标，标志vt. 贴标签于，标注[计] 标志; 标注; DOS外部命令:用于建立改变或删除磁盘卷标号
earnings	'ә:niŋ	n. 所赚的钱，工资，收入[经] 工资，收入，收益，盈余
teen	ti:n	n. 愤怒，悲哀
r	ɑ:(r)	[计] 半径，比例，读，接收，寄存器，复位，电阻，程式
widespread	'waidspred	a. 充分伸展的，广布的，普及的，流传广的
respectively	ri'spektivli	adv. 各自地，独自地，个别地，分别地
vacation	vei'keiʃәn	n. 假期，休假[法] 假期，停审期，休庭期
advocate	'ædvәkeit	n. 提倡者，拥护者vt. 主张，提倡
draft	dræft. drɑ:ft	n. 气流，草稿，汇票，草案vt. 起草，征兵[计] 草稿
iraq	i'rɑ:k	n. 伊拉克
extraordinary	ik'strɒ:dәnәri	a. 非常的，特别的，非凡的[经] 非常的，特别的，临时的
sept	sept	n. 氏族[经] 九月
heaven	'hevn	n. 天堂，上帝，天空
fortune	'fɒ:tʃәn	n. 财富，运气，兴隆，大量财产，好运，命运[法] 命运，财产，大量财产
yell	jel	vi. 叫喊，大叫，（齐声）呐喊欢呼vt. 喊叫着说n. 叫声，喊声，呐喊
pregnant	'pregnәnt	a. 怀孕的，充满的，思想丰富的，成果丰硕的[医] 妊娠的，有孕的
distant	'distәnt	a. 远的，疏远的[经] 远期的
anxious	'æŋʃәs	a. 忧虑的，发愁的，渴望的
satellite	'sætlait	n. 人造卫星[医] 伴行静脉，陪静脉，陪病部，随体，卫星
personally	'pә:sәnli	adv. 亲自地，个别地，当面，就本人而言，针对个人地
conscious	'kɒnʃәs	a. 有意识的，知觉的，觉察的[医] 有意识的，清醒的
tackle	'tækl	n. 工具，复滑车，滑车，装备，扭倒vt. 固定，处理，抓住vi. 扭倒
sweep	swi:p	n. 扫除，打扫，肃清，视野，范围，全胜vt. 扫除，掸去，猛拉，扫荡，肃清，冲走，刮起，环视，掠过，扫射vi. 扫，打扫，袭击，席卷，扫视，掠过
chocolate	'tʃɒkәlit	n. 巧克力a. 巧克力制的
stable	'steibl	n. 马房，牛棚a. 稳定的，安定的，坚固的，坚定的vt. 赶入马房vi. 被关在马厩
canadian	kә'neidiәn	a. 加拿大的
satisfied	'sætisfaiәd	a. 感到满意的
borrow	'bɒrәu	vt. 借，借入，借用vi. 借[计] 借位; 借位数
ceiling	'si:liŋ	n. 天花板[经] 顶点，顶线，上限
reasonably	'ri:znәbli	adv. 适度地，相当地
universal	.ju:ni'vә:sl	a. 全世界的，普遍的，宇宙的，通用的n. 一般概念
preference	'prefәrәns	n. 偏爱，优先，喜爱物[计] 首选项
spin	spin	n. 旋转，自旋，疾驰，情绪低落vt. 纺织，纺，使旋转，编造vi. 纺纱，吐丝，作茧，结网，旋转，自旋，疾驰
button	'bʌtәn	n. 钮扣，按钮vi. 扣住vt. 钉钮扣于，扣紧[计] 按钮
bell	bel	n. 铃，钟[计] 响铃命令
operating	'ɔpәreitiŋ	a. 操作的，工作的，营业上的，业务的，关于收支的，关于损益的，外科手术的[机] 运转费用
clothing	'klәuðiŋ	n. 衣服
super	'sju:pә	n. 跑龙套角色，冗员，特级品，特大号，管理人a. 上等的，特大的，超级的，极好的，十分的，过分的adv. 非常
pitch	pitʃ	n. 程度，坡度，顶点，前倾，倾斜，投掷，音高，螺距，节距，摊位，树脂，沥青vt. 投，掷，向前倾跌，扎营，竭力推销，为……定调，定位于，用沥青涂vi. 搭帐篷，投掷，向前跌，猛然摔倒，坠落，倾斜[计] 孔距
yield	ji:ld	n. 生产量，投资收益vt. 出产，给予，让出，放弃，使屈服vi. 出产，屈服，投降，倒塌
given	'givәn	a. 赠予的，沉溺的，约定的give的过去分词
fence	fens	n. 围墙，栅栏，买卖赃物的人，剑术vt. 用篱笆围住，练习剑术，防护vi. 击剑，搪塞
portrait	'pɒ:treit	n. 肖像，人像，半身像，描写，竖排格式[计] 纵向
indication	.indi'keiʃәn	n. 指示，象征，暗示[医] 指示，指征，适应征
roughly	'rʌfli	adv. 概略地，粗糙地，粗暴地
bunch	bʌntʃ	n. 串，束[医] 骨肿块（马）
concerning	kәn'sә:niŋ	prep. 关于[法] 关于
awful	'ɒ:ful	a. 可怕的，庄严的，虔敬的
lawsuit	'lɒ:sju:t	n. 诉讼[法] 诉讼，诉讼案件
testimony	'testimәni	n. 证言，证据，声明[医] 证据
distribute	di'stribju:t	vt. 分配，散布，分发[经] 分配，分发
inevitably	in'evitәbli	adv. 不可避免地
burden	'bә:dn	n. 负担，重载，担子，责任vt. 装货于，烦扰，使负担
react	ri'ækt	vi. 起反应，起作用，反攻[医] 应答，发生反应
measurement	'meʒәdmәnt	n. 尺寸，度量，度量单位[计] 度量，度量单位
cooperation	kәu.ɒpә'reiʃәn	n. 合作，协力，配合[化] 合作
sam	sæm	[计] 安全性帐户管理器
ceremony	'serimәni	n. 典礼，仪式，礼节[法] 典礼，仪式
disabled	dis'eibld	a. 残废的，有缺陷的，失效的[计] 失效的
communicate	kә'mju:nikeit	vt. 显露，传达，感染vi. 通讯
ownership	'әunәʃip	n. 所有权，物主身份[经] 所有权，所有制
lost	lɒst	a. 失去的，遗失的，迷惑的lose的过去式和过去分词
neil		n. 尼尔（男子名）
profile	'prәufail	n. 侧面，轮廓，传略vt. 描绘……轮廓，写……的传略[计] 提问档; 剖面图法; 剖面法
practitioner	præk'tiʃәnә	n. 从业者，开业者[医] 行医者，医师
constitutional	.kɒnsti'tju:ʃәnl	a. 宪法的，立宪的，体质的[医] 全身的; 体质的
enthusiasm	in'θju:ziæzәm	n. 巨大的热情，热心
cease	si:s	n. 停止v. 停止，终了
disagree	.disә'gri:	vi. 不一致，不适宜[法] 抵触，不同意，争执
impressive	im'presiv	a. 给人深刻印象的，威严的
satisfaction	.sætis'fækʃәn	n. 满足，满意，快事，赔偿，赎罪，报仇的机会[经] 偿还，赎回
remote	ri'mәut	a. 遥远的，偏僻的，疏远的，微少的[计] 远程，远程访问实用程序
resort	ri'zɒ:t	n. 度假胜地，手段，凭借，常去之地vi. 诉诸，常去
qualify	'kwɒlifai	vi. 取得资格，有资格vt. 使有资格，使合格，限定，限制，准予
destruction	di'strʌkʃәn	n. 破坏，毁灭[医] 破坏
emphasise		vt. 强调，重读，加强……的语气，着重
tissue	'tiʃu:	n. 薄的织物，薄纱，棉纸，组织，一套[化] 组织
interval	'intәvәl	n. 间隔，距离，间歇，间隙[计] 时间间隔
eighteen	'ei'ti:n	num. 十八，十八个
pant	pænt	n. 喘息，悸动vi. 喘息，渴望vt. 气喘吁吁地说
stranger	'streindʒә	n. 陌生人，门外汉[法] 局外人，非当事人，第三者
princess	'prinsis	n. 公主，王妃，女巨头
confusion	kәn'fju:ʒәn	n. 混乱，混淆，无秩序[计] 含混
broken	'brәukәn	a. 坏掉的，打破的，断掉的break的过去分词
provided	prә'vaidid	conj. 倘若，以……为条件
sheep	ʃi:p	n. 羊，胆小者
bet	bet	n. 打赌，赌注v. 打赌
operator	'ɒpәreitә	n. 操作员，行家，经纪人，算子，运算符[计] 运算符
virus	'vaiәrәs	n. 病毒，滤过性病毒，毒害[化] 病毒
strategic	strә'ti:dʒik	a. 战略的，战略上的[经] 战略的
storage	'stɒ:ridʒ	n. 存储器，储藏，保管，库存，仓库[计] 存放处; 存储
jean	dʒi:n	n. 牛仔裤，牛仔布，斜纹棉布
assistant	ә'sistәnt	n. 助手，助理，助教a. 有帮助的，辅助的，助理的
strengthen	'streŋθәn	vt. 加强，变坚固vi. 变强，股票上涨
summary	'sʌmәri	n. 摘要，概要a. 摘要的，简略的[计] 摘要; 概要
catalogue	'kætәlɒg	n. 目录，大学情况一览vt. 编入目录
publisher	'pʌbliʃә	n. 出版者，发行人[法] 发行人，出版者，报刊发行者
wipe	waip	n. 擦拭，用力打，凸轮vt. 擦，揩，消灭，涂上，拭去vi. 擦，打
encounter	in'kauntә	n. 相会，相遇，遭遇vt. 遇见，邂逅，会战vi. 偶然相遇
architecture	'ɑ:kitektʃә	n. 建筑学，建筑式样[计] 体系结构
shopping	'ʃɒpiŋ	n. 买东西，购物[经] 购物，买东西
patrick	'pætrik	n. 帕特里克（男子名）
cousin	'kʌzәn	n. 堂兄弟姊妹，表兄弟姊妹[法] 同辈表亲或堂亲
outstanding	.aut'stændiŋ	a. 杰出的，突出的，未偿付的，未决定的[经] 未解决的，未偿付
minimum	'minimәm	a. 最小的，最低的n. 最小值[计] 最小值
blind	blaind	n. 蒙蔽物，窗帘a. 盲目的，瞎的，不加思考的vt. 使失明，蒙蔽，遮暗adv. 盲目地
joseph	'dʒәuzif	n. 约瑟夫（男子名）；约瑟（圣经中雅各的第十一子）
exceed	ik'si:d	vt. 超过，超越，胜过vi. 超过其他
dominant	'dɒminәnt	a. 占优势的，支配的[医] 优性的，显性的
asia	'eiʒә	n. 亚洲
genetic	dʒi'netik	a. 创始的，遗传的，起源的，遗传学的[医] 生殖的，遗传的
moscow	'mɒskau	n. 莫斯科
incentive	in'sentiv	n. 动机a. 激励的
related	ri'leitid	a. 讲述的，叙述的；有关系的，有关联的
slave	sleiv	n. 奴隶，从动装置，卑鄙的人vi. 拼命工作[计] 从设备
ken	ken	n. 视野范围，知识范围，见地
accurate	'ækjurәt	a. 正确的，精确的[经] 准确的，精确的
ruth	ru:θ	n. 怜悯，悲哀
translate	træns'leit	vt. 翻译，解释，转化，转变为，调动vi. 翻译，被译[计] 转换
theoretical	θiә'retikәl	a. 理论的，理论上的，假设的，推理的[计] 理论的
processing	prәu'sesiŋ	[计] 处理[化] 加工
ha	hɑ:	interj. 嘿，哈，哈哈
terror	'terә	n. 恐怖，可怕的人[医] 惊吓，惊悸
implementation	.implimen'teiʃәn	n. 安装启用，实行，履行[计] 实施; 实现
elite	ei'li:t	n. 精华，精锐，中坚分子
qv	k'ju:v'i:	abbr. quivering 颤抖; quod vide (Latin=which see) （拉丁语）参见…; quality verification 质量确认; quantum vis (Latin=as much as you wish) （拉丁语）随意量
complicated	'kɒmplikeitid	a. 复杂的[医] 并发的
olympic	әu'limpik	a. 奥林匹亚的，奥林匹斯山的，强有力的，巨大的
alongside	ә'lɒŋ'said	adv. 在旁边，靠拢着prep. 在……旁边，与……在一起
dirt	dә:t	n. 污垢，泥土[化] 污垢
bullet	'bulit	n. 子弹[医] 弹，子弹，距节（马）
lend	lend	vt. 借，贷款给，增添，提供，出租vi. 贷款
rice	rais	n. 米，米饭，稻vt. 将……压成米粒状
tight	tait	a. 紧的，密封的，吝啬的，严厉的adv. 紧紧地
considerably	kәn'sidәrәbli	adv. 非常地，很，颇
bible	'baibl	n. 圣经
replacement	ri'pleismәnt	n. 归还，更换，代替者[医] 复位，置换
proof	pru:f	n. 证据，证明，试验，检验，考验a. 不能透入的，证明用的，防……的，耐……的vt. 检验，试验，校对，使不被穿透[计] 审稿
chart	tʃɑ:t	n. 图表，海图vt. 制成图表[计] 图表
solar	'sәulә	a. 太阳的，日光的，源自太阳的[医] 太阳的; 腹腔丛的
practise	'præktis	v. 实践，实行，练习，实习，从事（职业）
strain	strein	n. 紧张，拉紧，张力，过劳，扭伤，血缘，种，族，气质，曲调，旋律，口吻vt. 使劳累，拉紧，过分使用，扭伤，滥用，曲解，滤vi. 尽力，努力，紧拉，弯曲，被滤出
leisure	'li:ʒә	n. 空闲，闲暇，悠闲a. 空闲的，有闲的
cheque	tʃek	n. 支票
strip	strip	n. 长条，条状，带，脱衣舞vt. 脱衣，被剥去，剥夺，拆卸vi. 脱衣服
canada	'kænәdә	n. 加拿大
merchant	'mә:tʃәnt	n. 商人，店主a. 商业的，商人的
steam	sti:m	n. 蒸汽，精力a. 蒸汽的vi. 蒸发，行驶，发怒vt. 蒸，煮，散发
scenario	si'nɑ:riәu	n. 剧本提纲，情节，剧本，方案，事态[计] 方案
reflection	ri'flekʃәn	n. 反映，沉思，映像，想法，责难[计] 反射
import	im'pɒ:t	n. 进口货，进口，输入，含义，重要性vt. 输入，引入，进口，含……的意思，重要vi. 有关系[计] 引入
telescope	'teliskәup	n. 望远镜vi. 叠缩，嵌进，缩短vt. 使叠缩，使缩短
tournament	'tә:nәmәnt	n. 比赛，竞赛，锦标赛，联赛
precise	pri'sais	a. 精确的，严谨的，明确的[机] 精密的，正确的
fiction	'fikʃәn	n. 小说，虚构故事[法] 虚构的事实，捏造，拟制
plain	plein	n. 平原，草原，朴实无华的东西，无格式a. 简单的，明白的，平常的，不好看的，朴素的，清晰的，普通的，平坦的，十足的adv. 清楚地，显然地[计] 无格式
lover	'lʌvә	n. 爱人，爱好者
lifetime	'laiftaim	n. 一生，终生a. 一生的，终生的
arthur	'ɑ:θә	n. 亚瑟（男子名）；亚瑟王（传说中六世纪前后英国的国王，圆桌骑士团的首领）
admission	әd'miʃәn	n. 准许进入，入场费，录用，承认[经] 加入，入股
tremendous	tri'mendәs	a. 巨大的，非常的，可怕的
senator	'senәtә	n. 参议员，（某些大学的）理事[法] 参议员，上议员
tunnel	'tʌnl	n. 隧道，地下道vi. 挖隧道vt. 掘隧道于
poetry	'pәuitri	n. 诗，韵文，诗歌艺术
hunting	'hʌntiŋ	n. 狩猎，猎狐，探求[计] 寻找平衡; 寻找
fabric	'fæbrik	n. 织物，布，结构，构造，建筑物[经] 组织，建筑物，工厂
salad	'sælәd	n. 色拉
sustain	sә'stein	vt. 承受，支持，供养，继续，忍受，蒙受，证实，准许[电] 持续
satisfy	'sætisfai	vt. 使满意，满足，符合，使确信，赔偿vi. 令人满意，替人赎罪
innocent	'inәsәnt	a. 无罪的，不懂事的，无知的n. 天真的人，笨蛋
gentle	'dʒentl	a. 温和的，文雅的
vessel	'vesl	n. 船，容器，脉管[医] 管，脉管，（容）器
favour	'feivә	n. 好感，偏爱，喜爱，相信，庇护，赞同，支持，信赖，善行，恩惠，徽章，礼物vt. 赞成，帮助，支持，喜爱，偏袒，关切，赐与，给与，有利于，有助于，像，体恤
bench	bentʃ	n. 长椅子[机] 台
raw	rɒ:	n. 擦伤处，半成品a. 生的，未加工的，生疏的，不成熟的，阴冷的，刺痛的，擦掉皮的vt. 擦伤[计] 写后读
economics	.i:kә'nɒmiks	n. 经济学[经] 经济学
secondly	'sekәndli	adv. 第二，其次
determination	di.tә:mi'neiʃәn	n. 决心，果断[化] 判定; 测定
deck	dek	n. 甲板，（汽车后部的）行李仓vt. 装饰，打扮，装甲板[计] 纸牌背面图案
pole	pәul	n. 波兰人，极点，磁极，电极，杆，竿，相反的极端vt. 用竿支撑vi. 撑篙
silly	'sili	a. 愚蠢的，糊涂的
testify	'testifai	v. 证明，作证，声明，表明
bristol	'bristәl	n. 布里斯托尔（英国西部港口）
newly	'nju:li	adv. 重新，最近
residential	.rezi'denʃәl	a. 住宅的，与居住有关的[法] 有关居住的，房产的:居所的，适于居住的
consultation	.kɒnsәl'teiʃәn	n. 请教，咨询，磋商会[医] 会诊
dialogue	'daiәlɒg	n. 对话vi. 对话vt. 用对话表达
rugby	'rʌ^bi	n. 橄榄球，橄榄球赛
unity	'ju:niti	n. 一致，联合，单一（性）, 个体[经] 统一
turnover	'tә:n.әuvә	n. 翻倒，翻转，半圆酥饼，营业额，流通，周转a. 可翻转的
squad	skwɒd	n. 班，小队，小集团vt. 编成班
nick	nik	n. 刻痕，缺口，划痕vt. 刻痕于，弄缺，擦伤vi. 狙击
furthermore	'fә:ðә'mɒ:	adv. 此外，而且
mutual	'mju:tʃuәl	a. 相互的，共有的[经] 相互的
founder	'faundә	n. 创立者，建立者vt. 使沉没，使摔倒，弄跛，浸水，破坏vi. 沉没，摔到，变跛，倒塌，失败
s	es	[计] 标量，服务员，符号，堆栈，状态，存储器，开关，同步，系统[医] 硫[黄]（16号元素）; 半; 骶骨的; 标记，用法签; 光滑; 左的; 上转
pride	praid	n. 骄傲，自尊心，自豪，精华，勇气vt. 以……自豪
bush	buʃ	n. 矮树丛[化] 管衬
percent	pә'sent	n. 百分比，百分数，部分[机] 百分率
feb		abbr. 二月（February）
aug		abbr. 八月（August）
deliberately	di'libәrәtli	adv. 故意地
freeze	fri:z	vi. 冻结，冷冻，僵硬，楞住vt. 使结冰，使冻住，使呆住n. 结冰，凝固[计] 冻结
standing	'stændiŋ	n. 起立，持续，身分a. 立着的，不动的，经常的，持续的
sensible	'sensәbl	a. 有感觉的，敏感的，明智的[医] 可感觉的
bake	beik	vt. 烘焙，烤vi. 烤面包n. 烘焙，烤
diverse	dai'vә:s	a. 不同的，变化多的
brick	brik	n. 砖块，积木a. 用砖做的vt. 用砖造，用砖砌
automatically	.ɒ:tә'mætikli	adv. 自动地，机械地
joy	dʒɒi	n. 欢喜，乐事，高兴vt. 使快乐，令人高兴vi. 欢喜
adapt	ә'dæpt	vt. 使适应，改编vi. 适应
headquarters	hed'kwɒ:tәz	n. 总部，司令部，总部人员[经] 本部，总部，总署
reward	ri'wɒ:d	n. 报酬，酬谢，赏金vt. 奖赏，酬谢，给……应有报应
conservation	.kɒnsә'veiʃәn	n. 保护，保存[医] 保存
evolve	i'vɒlv	vi. 进展，进化，展开vt. 使发展，使推断出，使进化
shooting	'ʃu:tiŋ	n. 发射，猎场，射击
corridor	'kɒridɒ:	n. 走廊，回廊，人口密集地带
singer	'siŋә	n. 歌手
ban	bæn	n. 禁令vt. 禁止，取缔
announcement	ә'naunsmәnt	n. 公告，发表，告知[经] 通告，布告，公告
consult	kәn'sʌlt	vi. 商讨，商量，协商，会诊vt. 向……请教，查阅，考虑
comfort	'kʌmfәt	n. 舒适，安慰，安慰者vt. 安慰
imagination	i.mædʒi'neiʃәn	n. 想像，听觉，想像力[医] 想像
offense	ә'fens	n. 犯罪，伤感情，攻击
counter	'kauntә	n. 计算器，计算者，柜台，筹码a. 反方向的，相反的adv. 反方向地，相反地[计] 计数器; 计数字
unemployed	.ʌnim'plɒid	a. 失业的，未被利用的[经] 没有被雇用的，失业的，没有被利用的
tongue	tʌŋ	n. 舌，语言能力，讲话方式，语言vt. 舔，斥责，发……的音vi. 使用舌头，吹管乐器
potentially	pә'tenʃәli	adv. 可能地，潜在地
till	til	prep. 直到，在……以前，迄conj. 直到……为止vt. 耕种n. 放钱的抽屉，备用现金，冰碛
crash	kræʃ	n. 哗啦声，猛撞，崩溃，粗布v. 撞碎，破碎，（使）……坠毁a. 速成的[计] 崩溃
inevitable	in'evitәbl	a. 不可避免的，必然的[法] 不可避免的，无法规避的，必然的
politically		adv. 政治上
outline	'autlain	n. 大纲，轮廓，概要vt. 描画轮廓，描述要点n. 大纲，分级，轮廓[计] 大纲，分级，轮廓
craft	kræft	n. 技艺，手艺，诡计vt. 精心制作
reinforce	.ri:in'fɒ:s	vt. 加强，增援，补充vi. 求援，得到增援n. 加固材料
conviction	kәn'vikʃәn	n. 定罪，信服，坚信[法] 定罪，证明有罪，判罪
insight	'insait	n. 察看，洞察力，见识[医] 自知力，洞察，顿悟
terrorist	'terәrist	n. 恐怖分子[法] 恐怖份子，恐怖主义
tap	'tæp	n. 轻打，水龙头vt. 轻打，轻敲，敲打出，选择，装上嘴子，使流出，开发，分接，向……乞讨vi. 轻叩，轻拍，啪塔啪塔地走[计] 接头
magistrate	'mædʒistreit	n. 长官，法官，推事[法] 司法行政官，治安法官，地方法官
mouse	maus	n. 老鼠，胆小羞怯的人，鼠标vi. 捕鼠，窥探vt. 探出[计] 鼠标
tennis	'tenis	n. 网球
episode	'episәud	n. 插曲，插话，有趣的事件，一段情节[医] 插话，插曲，发作
readily	'redili	adv. 迅速地，轻易地，乐意地
swim	swim	n. 游泳，漂浮，潮流，眩晕vi. 游泳，游，漂浮，浸，覆盖，充溢，大量拥有，旋转，眩晕vt. 游过，使浮起
kong	kɔŋ	n. 含锡砾石下的无矿基岩；钢
tire	taiә	n. 轮胎，头饰vt. 使疲倦，使厌烦，打扮vi. 疲劳，厌倦
loose	lu:s	n. 发射，放任，放纵a. 宽松的，松的，宽的，不牢固的，散漫的，自由的，不精确的vt. 释放，放枪，开船vi. 变松，开火adv. 松散地
hong	hɔŋ	n. （中国、日本的）行，商行
highlight	'hailait	n. 加亮区，精彩场面vt. 加亮，使显著，以强光照射，突出[计] 突出
keith	ki:θ	n. 基思（男子名）
prior	'praiә	a. 更重要的，较早的，在先的n. 小隐修院院长，大隐修院副院长
intellectual	.intә'lektʃuәl	n. 有知识者，知识分子，凭理智做事者a. 智力的，用脑力的，聪明的
sergeant	'sɑ:dʒәnt	n. 警察小队长，军士
charlie		n. 通讯中用以代表字母C的词
characterize	'kærәktәraiz	vt. 描绘……的特性，刻划……的性格
assault	ә'sɒ:t	n. 攻击，袭击vt. 袭击，攻击vi. 发动攻击
anna	'ænә	n. 安娜（女子名）
iv		abbr. 输入阀；交互式视讯；自变量（Independent Variable）
adventure	әd'ventʃә	n. 冒险，冒险经历v. 冒险
andy	'ændi	n. 安迪（男子名，等于Andrew）
monetary	'mʌnitәri	a. 货币的，金钱的[经] 货币的，金融的
stair	stєә	n. 梯级，楼梯，阶梯
amendment	ә'mendmәnt	n. 修订，改善，改良，改正[化] 调理剂; 修正
shrug	ʃrʌg	n. 耸肩v. 耸肩
weakness	'wi:knis	n. 虚弱，薄弱，弱点[经] 欲振乏力
trace	treis	n. 痕迹，踪迹，微量，迹线，缰绳vt. 追踪，回溯，描绘vi. 追溯，沿路走
dirty	'dә:ti	a. 肮脏的，卑鄙的vt. 弄脏vi. 变脏
violation	.vaiә'leiʃәn	n. 违反，违背，妨碍[法] 违犯，违背，违反
rid	rid	vt. 免除，以……清除，使获自由，使摆脱[法] 免除，清除，摆脱
license	'laisns	n. 执照，许可证，特许vt. 许可，特许
shelter	'ʃeltә	n. 庇护所，避难所，庇护，隐蔽处，掩蔽vt. 庇护，保护，隐匿vi. 躲避
rub	rʌb	n. 摩擦，困难，障碍，磨损处vt. 擦，搓，摩擦，惹怒vi. 摩擦，擦破
controversy	'kɒntrәvә:si	n. 论争，辩论，论战，争论[法] 论战，争论，争吵
sail	seil	n. 帆，篷，帆船，航程，帆状物vi. 航行，启航，张帆而行vt. 航行于，驾船
fourteen	'fɒ:'ti:n	num. 十四，十四个
absorb	әb'sɒ:b	vt. 吸收，使全神贯注，同化，买进，理解，承受，忍受，承担[医] 吸收
pleasant	'pleznt	a. 愉快的，可爱的，活泼的，亲切的
defensive	di'fensiv	a. 防卫的，防备用的，自卫的n. 守势，防卫姿势，防卫物
fade	feid	vi. 褪色，消失，凋谢vt. 使褪色n. 淡入，淡出a. 平淡的
pit	pit	n. 深坑，矿井，果核，地窖，深渊，绝境，陷阱vt. 窖藏，使凹下，使有麻点，去……之核，使留疤痕，使相斗，使竞争vi. 起凹点，凹陷
gesture	'dʒestʃә	n. 手势，姿态vi. 作手势，作姿态
tragedy	'trædʒidi	n. 悲剧，惨案，悲剧作品[法] 惨事，灾难，不辛
pretend	pri'tend	v. 假装，伪称，自命，自称
funeral	'fju:nәrәl	n. 葬礼，出殡
entitle	in'taitl	vt. 给……权利，取名为，给予名称，叫做[法] 给……权利，使有资格，称呼
grateful	'greitful	a. 感谢的，感激的，令人快意的，受欢迎的
venture	'ventʃә	n. 冒险，风险vt. 敢于，冒……的危险vi. 冒险
sixteen	'siks'ti:n	num. 十六，十六个
aged	'eidʒid	a. 老的，陈的，有……岁的[化] 老化的; 老化了的; 陈化的; 陈化了的
architect	'ɑ:kitekt	n. 建筑师，设计者，缔造者
squeeze	skwi:z	n. 紧握，挤，榨，榨取，佣金vt. 紧握，挤，榨取vi. 压榨，榨
excitement	ik'saitmәnt	n. 刺激，兴奋[医] 兴奋，激动
mask	mæsk	n. 面具，假面具，掩饰，石膏面模vt. 戴面具，掩饰，使模糊vi. 化装，戴面具，掩饰，参加化装舞会[计] 屏蔽; 掩码
cathedral	kә'θi:drәl	n. 大教堂
helen	'helәn	n. 海伦（女子名，火把、光亮的之义）
newcastle	'nju:,kɑ:sl	n. 纽卡斯尔（英国港市）
prominent	'prɒminәnt	a. 卓越的，显著的，突出的，凸出的
deaf	def	a. 聋的[医] 聋的
confine	kәn'fain	vt. 限制，使不外出，禁闭vi. 邻接，交界n. 边缘，范围，区域
acceptance	әk'septәns	n. 接受，接纳，承认，同意，赞同，容忍，相信[经] 承兑，认付，（工程）验收
regardless	ri'gɑ:dlis	a. 不管，不注意，不顾
treasury	'treʒәri	n. 国库，宝库，财政部，国库券[经] 库存，国库，金库
limitation	.limi'teiʃәn	n. 限制，缺陷，限额[医] 限界，限制，限度
howard	'hauәd	n. 霍华德（男子名）
departure	di'pɑ:tʃә	n. 离开，出发，违背，偏离[经] 启运
detective	di'tektiv	n. 侦探a. 侦探的
dave	deiv	n. 戴夫（男子名）
berlin	bә:'lin	n. 柏林，（软质）柏林毛线
summit	'sʌmit	n. 顶点，最高阶层，最高级会议a. 政府首脑的，最高级的
violate	'vaiәleit	vt. 违犯，亵渎，违反，侵犯，妨碍[经] 违犯，违反
thereby	'ðєәbai	adv. 因此
composition	kɒmpә'ziʃәn	n. 作文，创作，组成[化] 成分; 组成
deer	diә	n. 鹿
pacific	pә'sifik	n. 太平洋a. 太平洋的，太平洋沿岸的，爱好和平的，安静的，平息的
steady	'stedi	a. 稳定的，不动摇的，沉着的，稳固的，坚定的，经常的vt. 使稳定，使坚定vi. 变为沉着，稳固
constituency	kәn'stitjuәnsi	n. 选民，顾客，读者[法] 选区，全体选民，选区内的选民
emission	i'miʃәn	n. 发射，射出，发行[医] 发射，遗精
structural	'strʌktʃәrәl	a. 结构的，建筑的[医] 结构的
d	di:	[计] 数据，十进制，数位，位，文档，域[医] 氘，重氢
fate	feit	n. 命运，运气vt. 注定
discourse	'diskɒ:s	n. 谈话，演讲vi. 谈话，讲述
oven	'ʌvәn	n. 烤箱，灶，子宫[化] 烘箱
lucy	'lu:si	n. 露西（女子名）
maggie	'mæ^i	n. 马吉（女子名）
segment	'segmәnt	n. 片段，部分，分节，段v. 分割，分裂[计] 段
nowhere	'nәuhwєә	adv. 无处，到处都无
occasional	ә'keiʒәnl	a. 偶然的，临时的[法] 偶然的，特殊场合的
reception	ri'sepʃәn	n. 接待，接受，招待会[医] 接受，感受
purely	'pjuәli	adv. 纯粹地，清白地，贞洁地
shelf	ʃelf	n. 架子，搁板[化] 架子
objection	әb'dʒekʃәn	n. 异议，反对，不喜欢，缺点，缺陷，妨碍，拒绝之理由[法] 异议，反对，抗议
honey	'hʌni	n. 蜂蜜，甜蜜，爱人a. 蜂蜜似的，甜蜜的，甘美的vt. 加蜜使甜，对……说甜言蜜语vi. 说甜言蜜语，奉承
correspondent	.kɒri'spɒndәnt	n. 通讯记者，通信者[经] 客户，代理商行，代理银行
diary	'daiәri	n. 日记[经] 日记簿
desperate	'despәrәt	a. 不顾一切的，危急的，令人绝望的，极渴望的
continuous	kәn'tinjuәs	a. 连续的，继续的，连续不断的[计] 连续的
musician	mju:'ziʃәn	n. 音乐家，乐师，作曲家
horror	'hɒrә	n. 惊骇，恐怖，惨状[医] 恐怖，恐惧
delighted	di'laitid	a. 高兴的，快乐的
closer	'klәuzә	n. 关闭者，闭合器，关闭器
repair	ri'pєә	n. 修理，补救，修复vt. 修理，修补，补救，恢复，补偿vi. 修理，修补，补救，恢复，去，常去，集合
flee	fli:	vt. 逃避，逃跑，逃走vi. 逃，消失
leather	'leðә	n. 皮革，皮制品，马镫的皮带vt. 覆以皮革，鞭苔，抽打a. 皮革的，皮制的
roger	'rɔdʒә	interj. 对!, 行!, 好!
cow	kau	n. 母牛，母兽vt. 威胁
victoria	vik'tɔ:riә	n. 维多利亚（女子名）
evolution	.i:vә'lu:ʃәn	n. 进化，发展，进展，（气体）放出，开方[医] 进化，演化，旋出
kent	kent	n. 肯特郡（英国郡名）
infant	'infәnt	n. 婴儿，儿童，初学者a. 婴儿的，幼稚的
tribe	traib	n. 宗族，部落，一群人[医] 族（生物分类）
ward	wɒ:d	n. 病房，守卫，保卫，保护，监护，牢房，行政区，锁孔内的榫舌vt. 使入病房，守护，保卫
grandfather	'grændfɑ:ðә	n. 祖父，始祖[电] 原始资料组
entitled	in'taitld	a. 有资格的；给与名称的
lawn	lɒ:n	n. 草地，草坪，上等细麻布[机] 细筛
guardian	'gɑ:diәn	n. 看守者，监护人，保护人a. 保护的
dining	'dainiŋ	n. 正餐，宴会
matthew	'mæθju:	n. 马太，马太福音
surprisingly		adv. 使人惊奇，出人意外，惊人，令人惊讶
wisdom	'wizdәm	n. 智慧，明智行为，学识，名言，贤人
vulnerable	'vʌlnәrәbl	a. 易受伤害的，有弱点的，易受影响的，脆弱的，成局的[医] 易损的
tin	tin	n. 锡，马口铁，罐头vt. 在……镀锡于a. 锡制的[计] tin阅读程序
garlic	'gɑ:lik	n. 大蒜[化] 大蒜
capability	.keipә'biliti	n. 能力，性能，约束力[化] 能力
clerk	klә:k	n. 办事员，职员，文书vi. 当店员
virtue	'vә:tju:	n. 德行，美德，优点，功效，效力[法] 美德，贞操，优点
celebrity	si'lebrti	n. 名声，名人
margin	'mɑ:dʒin	n. 页边的空白，边缘，界限，余裕，差数，差额，保证金vt. 加边于，加旁注于[计] 页边距
stability	stә'biliti	n. 安定，稳定性，坚实，巩固[化] 稳定性
canal	kә'næl	n. 运河，水道，管，沟渠vt. 开运河
fantasy	'fæntәsi	n. 幻想，想象的产物[医] 幻想
coin	kɒin	n. 硬币，金钱，货币vt. 铸币，创造，杜撰
scared	skeәd	a. 害怕的，担惊受怕的，惊慌的，吓坏了的
fulfil	ful'fil	vt. 实践，履行，实行，完成，结束，满足[经] 履行（契约）, 满期
sufficiently	sә'fiʃәntli	adv. 足够，充分
plot	plɒt	n. 小块土地，地区图，图，阴谋，情节vt. 划分，绘图，密谋vi. 密谋，策划[计] 绘制
trousers	'trauzәz	pl. 裤子，长裤
ongoing	'ɒngәuiŋ	a. 前进的，进行的，不间断的n. 前进，发展
depending		[计] 依赖
alexander	,æli^'zɑ:ndә	n. 亚历山大（男子名）
psychology	sai'kɒlәdʒi	n. 心理学，心理状态[医] 心理学
timber	'timbә	n. 木材，木料vt. 用木材建造
cattle	kætl	n. 牛，家畜[法] 家畜
counselor	'kaunsәlә	n. 顾问，参事，法律顾问
seize	si:z	vt. 抓住，逮捕，俘获，没收，扣押，掌握vi. 突然抓住，利用
evident	'evidәnt	a. 显然的，明显的
divorce	di'vɒ:s	n. 离婚vt. 与……离婚
gordon	'^ɔ:dn	[计] 哥尔丹
grammar	'græmә	n. 语法学，入门书[计] 语法检查
uncertainty	.ʌn'sә:tnti	n. 不确定，不可靠，不确定的事物[化] 不确定度
athletic	æθ'letik	a. 运动的
expertise	.ekspә:'ti:z	n. 专家意见，专门技术[法] 专门知识，专家意见
commonly	'kɒmәnli	adv. 一般，普通，通常
math	mæθ	n. 数学
shade	ʃeid	n. 荫，阴暗，遮光物，灯罩，帘，浓淡，微量，底纹vi. 渐变vt. 使阴暗，使渐变，遮蔽，微减[计] 底纹
opera	'ɒpәrә	n. 歌剧
consciousness	'kɒnʃәsnis	n. 意识，知觉，自觉[医] （有）意识，清醒
midland	'midlәnd	n. 中部地方，内地
zealand	'zi:lәnd	n. 西兰岛（丹麦最大的岛）
constraint	kәn'streint	n. 强制，约束[计] 约束
prosecution	.prɒsi'kju:ʃәn	n. 执行，经营，起诉
overseas	'әuvә'si:z	a. 海外的，国外的adv. 在海外，在国外
palm	pɑ:m	n. 手掌，棕榈，胜利vt. 与……握手，藏……于掌中
b	bi:	[计] 基地址，数据库，基极，二进制，块，字组，布尔，总线，占线，字节[医] 硼（5号元素）
guideline	'gaidlain	n. 指导路线，方针，指标[经] 指导路线，方针，准则
economist	i:'kɒnәmist	n. 经济学者，经济家[经] 经济学家
mummy	'mʌmi	n. 木乃伊，瘦而干瘪之人，妈咪[医] 干尸，木乃伊; 普鲁士红
celebration	.seli'breiʃәn	n. 庆祝，庆典
soup	su:p	n. 汤，马力vt. 加速，增加马力
aha	ɑ:'hɑ:	interj. 啊哈
convinced	kәn'vinst	a. 确信的，深信的
pile	pail	n. 堆，大堆，大厦，建筑群，电池，大量，桥桩，软毛，痔疮vi. 堆起，堆积，积累，挤，猛烈攻击vt. 堆于，累积，堆叠，打桩于，用桩支撑
publicity	pʌb'lisiti	n. 名声，宣传，公开场合[经] 宣传，广告
carbon	'kɑ:bәn	n. 碳，副本，复写纸[化] 碳
alarm	ә'lɑ:m	n. 惊恐，警报，警钟vt. 使惊恐，警告[计] 报警信号
nerve	nә:v	n. 精神，勇气，叶脉，神经vt. 鼓起勇气
consume	kәn'sju:m	vt. 消耗，消费，消灭vi. 耗尽，毁灭
sixth	siksθ	num. 第六，六分之一
crack	kræk	n. 裂缝，爆裂声v. （使）爆裂，（使）裂开，（使）发出爆裂声a. 第一流的adv. 啪地一声
tobacco	tә'bækәu	n. 烟草，香烟[医] 烟草
burst	bә:st	n. 破裂，突发，爆发v. 爆裂，突发，充满[计] 二进制位组; 字符组; 脉冲串
survivor	sә'vaivә	n. 生还者，幸存者[法] 生还者，生存者，辛存者
besides	bi'saidz	prep. 除……之外adv. 而且，此外
pig	pig	n. 猪，猪肉，贪婪的人，猪一样的人v. 生小猪，象猪般地生活
psychologist	sai'kɒlәdʒist	n. 心理学家[医] 心理学家
wealthy	'welθi	a. 富有的，丰裕的，充分的
galaxy	'gælәksi	n. 银河，星系，一群（显赫的人物）[电] 银河系
traveller	'trævlә	n. 旅行者[经] 旅行商
privilege	'privilidʒ	n. 特权，特别恩典，基本权利，特免vt. 给与……特权，特免
sophisticated	sә'fistikeitid	a. 复杂的，久经世故的[法] 尖端的，高级的，非常有经验的
pen	pen	n. 钢笔，笔，笔调，笔杆子，作家，围栏，栅栏，禽畜vt. 写，关入栏中，囚禁vi. 动笔，写作
victorian	vik'tɔ:riәn	a. 英国维多利亚女王时代的，笃信宗教的，讲究体面的n. 维多利亚女王时代的英国人
explosion	ik'splәuʒәn	n. 爆发，激增，爆炸（声）[化] 爆炸
consequently	'kɒnsikwәntli	adv. 所以
companion	kәm'pænjәn	n. 朋友，陪伴，指南，升降口围罩vt. 陪伴
meter	'mi:tә	n. 米，公尺，仪表，计量器vt. 以仪表计量
clever	'klevә	a. 聪明的，精明的
incredible	in'kredәbl	a. 难以置信的
wander	'wɒndә	vi. 游荡，漫步，徘徊，迷路，离题，蜿蜒vt. 在……漫游
publicly	'pʌblikli	adv. 公然地，以公众名义
van	væn	n. 货车，篷车，先锋，前驱，前卫vt. 用货车搬运[计] 增值网
fighter	'faitә	n. 斗士，战士，好战者，战斗机
hunter	'hʌntә	n. 猎人，猎犬，追求者
punishment	'pʌniʃmәnt	n. 处罚，刑罚，惩罚[法] 罚，处罚，刑罚
injure	'indʒә	vt. 伤害，损害，使受冤屈[医] 损伤
ski	ski:	n. 滑雪橇vi. 滑雪
educate	'edjukeit	vt. 教育，培养，训练
painful	'peinful	a. 痛苦的，困难的，令人烦恼的[医] 疼痛的
exploit	'eksplɒit	n. 功绩，勋绩vt. 开发，利用，开拓，剥削
allocate	'ælәukeit	vt. 分派，分配[计] 分配
aide	eid	n. 助手，副官[计] 数据输入的可说明性
friendship	'frendʃip	n. 友谊，友爱，友善
flesh	'fleʃ	n. 肉，肉体，肉欲，人性，亲属，人类，众生，人体vt. 以肉喂，激起……的杀戳情绪，使肥，赋以血肉vi. 长胖
rabbit	'ræbit	n. 兔子vi. 猎兔vt. 让……见鬼去
patch	pætʃ	n. 片，补缀，碎片，斑，傻瓜vt. 补缀，掩饰，拼凑，平息[计] 修补; 拼凑
medieval	.medi'i:vl	a. 中古的，中世纪的
porch	pɒ:tʃ	n. 门廊，走廊
asleep	ә'sli:p	a. 睡着的，长眠的，麻木的adv. 熟睡地
uniform	'ju:nifɒ:m	n. 制服a. 统一的，一律的，始终如一的
scholarship	'skɒlәʃip	n. 学问，学术成就，奖学金
vat	væt	n. 大桶vt. 装入大桶，在大桶里处理
reservation	.rezә'veiʃәn	n. 保留，预定，保留品，保留地[经] 预定，预约，权益保留
francis	'frɑ:nsis	n. 弗朗西斯（男子名，义为自由之人）
completion	kәm'pli:ʃәn	n. 完成[经] 完井，结束，完工
alice	'ælis	[计] 应用语言接口转换与扩充
lease	li:s	n. 租约，租期，租vt. 出租，租出，租得
govern	'gʌvәn	v. 统治，支配，管理
mall	mɔ:l	n. 林荫路
equivalent	i'kwivәlәnt	n. 同等物，等价物，相等物a. 相等的，相当的，同意义的[计] 等价的
scandal	'skændәl	n. 丑闻，中伤，耻辱，反感，流言蜚语[法] 丑事，丑闻，干丑事的人
terry	'teri	n. 毛圈，毛圈织物
norman	'nɔ:mәn	a. 诺曼第语的；诺曼第人的
impress	im'pres	n. 印象，特征，印记vt. 使有印象，印，铭刻，传送，影响，强征vi. 给人印象
heel	hi:l	n. 脚后跟，踵，后部，倾侧vt. 尾随，装以鞋跟，倾侧，追赶vi. 紧随，用脚后跟传球
dividend	'dividend	n. 被除数，股利[计] 被除数
sharply	'ʃɑ:pli	adv. 锐利地，严厉地，厉害地[经] 剧烈地
humor	'hju:mә	n. 幽默，诙谐，心情vt. 迎合，牵就，顺应
resemble	ri'zembl	vt. 相似，类似
rival	'raivl	n. 对手，竞争者a. 竞争的
undergo	.ʌndә'gәu	vt. 遭受，经历，忍受[法] 经受，经历，忍受
mate	meit	n. 配偶，对手，助手，（象棋）将死vt. 使配对，使一致，结伴，（象棋）将死vi. 成配偶，紧密配合
privacy	'praivәsi	n. 隐私，隐居，秘密[计] 个人保密权
contest	'kɒntest	n. 竞赛，争论vt. 竞争，争取，争辩vi. 竞争
charter	'tʃɑ:tә	n. 特许状，执照，宪章vt. 特许，发给特许执照
colin	'kɔlin	n. 科林（男子名）
hurry	'hʌri	n. 匆忙，急忙，急促vt. 急派，催促vi. 匆忙，赶快
rifle	'raifl	n. 来复枪，步枪vt. 用步枪射击，抢夺vi. （抱有不良意图）迅速翻查
printer	'printә	n. 印刷工，打印机[计] 打印机
upstairs	'ʌp'stєәz	a. 楼上的adv. 在楼上，向楼上，处于更高地位n. 楼层
trick	trik	n. 诡计，欺诈，谋略，恶作剧，习惯，决窍vt. 愚弄，欺骗，装饰vi. 哄骗，戏弄a. 有决窍的，特技的，欺诈的，漂亮的，靠不住的
san	sɑ:n	abbr. 存储区域网（Storage Area Networking）
organic	ɒ:'gænik	a. 器官的，有机的，组织的，根本的[医] 器官的，有生命的，有机的，器质的
accounting	ә'kauntiŋ	n. 会计学，帐单，清帐[计] 帐户处理，记帐
hers	hә:z	pron. 她的
tent	tent	n. 帐篷，帷幕，住处，塞条，塞子vi. 住帐蓬，宿营，暂时居住vt. 用帐篷遮盖，使住帐篷，用塞条嵌入
h	eitʃ	[计] 硬件，高度，水平，主机[医] 氢（1号元素）, 亨[利]（电感单位）
specimen	'spesimәn	n. 样品，标本，试料[化] 试样
closure	'klәuʒә	n. 关闭vt. 使终止
taxation	tæk'seiʃәn	n. 课税，征税，抽税，税款，估定的税额[经] 征税，纳税，税制
myth	miθ	n. 神话，虚构的事，虚构的人
durham	'dә:rәm	n. 达勒姆郡（英格兰郡名）, 短角肉牛
ideology	.aidi'ɒlәdʒi	n. 思想体系，意识形态，观念学，空论[医] 观念学，观念形态
w	'dʌb(ә)lju:	[计] 等待，写，字[医] 钨（74号元素）
format	'fɒ:mæt	n. 开本，版式，形式，格式vt. 格式化[计] 格式; DOS外部命令:对磁盘进行格式化
softly	'sɒftli	adv. 柔和地，静静地，温柔地
laura	'lɔ:rә	n. 劳拉（女子名）
judicial	dʒu:'diʃәl	a. 法庭的，公正的，审判上的，司法的[法] 司法的，审判上的，法官的
barrel	'bærәl	n. 桶vt. 装入桶内
linguistic	liŋ'^wistik	a. 语言的，语言学的[计] 语言的，语言学的
sigh	sai	n. 叹息vi. 叹息，渴望vt. 叹息着说
menu	'menju:	n. 菜单，（功能）选择单[计] 菜单
nhs		国家医疗保健机构
wise	waiz	a. 明智的，慎虑的，聪明的，博学的，狡猾的，机灵的vi. 知道vt. 教导，告诉，劝导n. 方法，方式[计] 教育信息系统
bombing	'bɔmiŋ	n. 轰炸，投弹
sympathy	'simpәθi	n. 同情，赞同，怜悯，慰问，吊唁[医] 交感[作用], 同感[作用], 感应，同情
controversial	.kɒntrә'vә:ʃәl	a. 争论的，论争的，被议论的
strict	strikt	a. 严厉的，绝对的，详尽的，严格的，精确的[法] 严格的，精确的，绝对的
ease	i:z	n. 安乐，安逸，悠闲vt. 使安乐，使安心，减轻，放松vi. 减轻，放松，灵活地移动
lifestyle	'laifstail	n. 生活方式
loud	laud	a. 大声的，不断的，喧吵的adv. 高声地，大声地
collapse	kә'læps	n. 崩溃，倒塌，虚脱vi. 倒塌，崩溃，瓦解vt. 使倒塌，折叠[计] 折叠
bitter	'bitә	a. 苦的，痛苦的，怀恨的adv. 刺骨v. （使）变苦
glove	glʌv	n. 手套vt. 给……戴手套
outer	'autә	a. 外部的，外面的，在外的，远离中心的[机] 外部的，外面的，外侧的
narrative	'nærәtiv	n. 叙述，故事a. 叙述的，叙事的，故事体的
islam	'izlɑ:m	n. 伊斯兰教
photographer	fә'tɔ^rәfә	n. 摄影师，摄影者
machinery	mә'ʃi:nәri	n. 机器，机械装置，机构[化] 机械
changing	'tʃeindʒiŋ	v. 交换；兑换；改变（change的ing形式）
helicopter	'helikɒptә	n. 直升机vt. 由直升机运送vi. 乘直升机
petrol	'petrәl	n. 汽油[经] 汽油，挥发油，石油
modest	'mɒdist	a. 谦逊的，羞怯的，端庄的，适度的[经] 适当的
organ	'ɒ:gәn	n. 风琴，器官，元件，机构，机关[电] 风琴
provider	prә'vaidә	n. 供应者，供养人，伙食承办人[计] 提供器
carriage	'kæridʒ	n. 马车，客车，举止，运输[经] 搬运费，运费
anticipate	æn'tisipeit	vt. 预期，占先，加速，提前使用[医] 提前出现，先期发生
explode	ik'splәud	vi. 爆炸，爆发，激增vt. 使爆炸
stroke	strәuk	n. 笔划，打，中风，抚，摩，冲程vt. 划尾桨，抚，摩，划去[计] 笔划
attraction	ә'trækʃәn	n. 吸引，吸引人的事物，吸引力[医] 吸引
frequent	'fri:kwәnt	a. 时常发生的，频繁的，快速的vt. 时常来访，常常聚集，常与……交往
handful	'hændful	n. 少数，一把，棘手事
curious	'kjuәriәs	a. 好奇的，求知的，古怪的
garage	gә'rɑ:ʒ. 'gærɑ:ʒ	n. 车库，汽车修理厂，机库vt. 把车送入修车场
horizon	hә'raizәn	n. 地平线，眼界，（天）视地平
prompt	prɒmpt	n. 激励，提示，提醒物，提词，付款期限a. 迅速的，敏捷的，立刻的，提词员的vt. 激励，鼓动，提示adv. 准时地[计] 提示符; DOS内部命令:设定DOS命令行的提示符
girlfriend		n. 女朋友
suspend	sә'spend	vt. 悬，吊，使悬浮，暂停，中止，推迟vi. 暂停，中止，悬浮，停止偿付债务[计] 暂停
downtown	'daun'taun	n. 市中心区a. 市中心的adv. 往闹市区
undoubtedly	ʌn'dajtidli	adv. 无疑，必定，确实地
flavor	'fleivә	n. 滋味，调味品vt. 加味于
slope	slәup	n. 倾斜，斜坡，斜率，扛枪姿势vt. 使倾斜，弄斜，扛vi. 倾斜，走，逃走
cholesterol	kә'lestәrɒl	n. 胆固醇[化] 胆固醇; 胆固醇
informal	in'fɒ:mәl	a. 非正式的，不拘礼的，通俗的[经] 非正式的，日常使用的
adjustment	ә'dʒʌstmәnt	n. 调整，调节，校正[化] 调节
taxpayer	'tækspeiә	n. 纳税人[法] 纳税人，纳税义务人
australian	ɒ'streiljәn	n. 澳大利亚人a. 澳大利亚的，澳洲的，澳洲人的
eager	'i:gә	a. 热心的，渴望的，热望的
anthony	'æntәni	n. 安东尼（人名）
commissioner	kә'miʃәnә	n. 委员，理事，行政长官[法] 委员，政府的特派员，地方地官
junction	'dʒʌŋkʃәn	n. 连接，会合处，交叉点[医] 接[合]处，接点.[接]界
motivation	.mәuti'veiʃәn	n. 动机，刺激，推动[医] 促动，推动，诱导
flexible	'fleksәbl	a. 易曲的，灵活的，柔顺的，能变形的，可通融的[医] 能屈的
compose	kәm'pәuz	vt. 组成，写作，作曲，使平静vi. 创作，排字[计] 编写
assignment	ә'sainmәnt	n. 分配，功课，任务，转让，归因，陈述[计] 赋值
conversion	kәn'vә:ʃәn	n. 转变，转换，改变宗教信仰，换位法[计] 转换
silk	silk	n. 丝，绸，绸锻类，丝织品a. 丝的，丝织的
imperial	im'piәriәl	a. 帝王的，宗主国的，至尊的，壮丽的n. 特等品
collective	kә'leiktiv	a. 集体的，聚集的，共同的[医] 集体的，集合的
differently	'difrentli	adv. 差异，不同，各别，各种
assurance	ә'ʃuәrәns	n. 保证，把握，信心，保险[经] 保证，担保，保险
auto	'ɒ:tәu	n. 汽车pref. 表示"自己"、"本身", 表示"自己的", 表示"自动的"
romantic	rәu'mæntik	a. 浪漫的，风流的，传奇性的，夸大的，空想的，浪漫派的
registration	.redʒi'streiʃәn	n. 登记，挂号，注册[计] 登记; 定位; 对齐; 记录
cotton	'kɒtn	n. 棉花vi. 和谐，有好感，理解
disc	disk	n. 圆盘，唱片vt. 灌唱片
sue	su:	vt. 控告，起诉，请求vi. 提出诉讼，提出请求
terrace	'terәs	n. 阶地，梯田，房屋之平顶，阳台，沿岸防地，露台a. 叠层式的vt. 使成梯田，使成有平台屋顶
nicholas	'nikәlәs	n. 尼古拉斯（男子名）
overlook	.әuvә'luk	vt. 俯瞰，远眺，没注意到n. 眺望，俯瞰到的景色
rat	ræt	n. 鼠，卑鄙的人，破坏者，变节者vi. 捕鼠，变节vt. 弄蓬松
float	flәut	n. 漂流物，浮舟，漂浮，浮萍，彩车vi. 浮动，飘动，散播，摇摆，动摇，浮动vt. 使漂浮，容纳，淹没，发行，实行[计] 浮动
discount	'diskaunt	n. 折扣，贴现率vt. 打折扣vi. 贴现
jet	dʒet	n. 喷射流，喷嘴，煤玉v. 射出，迸出，喷射a. 黑而发亮的，墨黑的
resignation	.rezig'neiʃәn	n. 辞职，辞呈，听从[经] 辞职
orange	'ɒ:rindʒ	n. 柑橘，桔子，橘色a. 橘色的
douglas	'dʌ^lәs	n. 道格拉斯（男子名）；道格拉斯（英国马恩岛首府）
assert	ә'sә:t	vt. 主张，坚称，断言[法] 宣称，断言，维护
blade	bleid	n. 叶片，刀锋，刀口，剑[医] 页[片], 叶片，刀片，刀刃，刀口
la	lɔ:, lɑ:	[医] 镧（57号元素）
experimental	ik.speri'mentәl	a. 实验的，根据实验的[医] 实验的
medication	.medi'keiʃәn	n. 药物治疗，药物处理，医药[医] 药疗法，投药法
borough	'bә:rәu	n. 自治的市镇，区
innovation	.inәu'veiʃәn	n. 改革，创新[法] 创新，改革，刷新
cabin	'kæbin	n. 小屋，客舱vt. 关在小屋
jimmy	'dʒimi	n. 铁撬vt. 撬
bite	bait	n. 咬，一口v. 咬，刺痛，穿透
revolutionary	.revә'lu:ʃәnәri	n. 革命者，革命党人a. 革命的，革命性的
earl	ә:l	n. 伯爵
particle	'pɑ:tikl	n. 颗粒，粒子，质点，极小量[化] 粒子; 质点
notably	'nәjtbәli	adv. 显著地，著名地，尤其，特别
remedy	'remidi	n. 药物，治疗法，治疗，补救，赔偿vt. 治疗，补救，矫正，改善，修补，修缮
seller	'selә	n. 销售者[化] 卖方
pine	pain	n. 松树，松木vi. 消瘦，憔悴，痛苦，怀念，渴望[计] 邮件程序
applicant	'æplikәnt	n. 申请者[经] 申请人，请求人，谋事人
versus	'vә:sәs	prep. 对……[法] 诉，对，相形
gary	'^eәri	n. 盖理
emperor	'empәrә	n. 皇帝，君主
gulf	gʌlf	n. 海湾，深渊，漩涡，隔阂vt. 吞没
kate	keit	n. 凯特（女子名，等于Catherine）
chef	ʃef	n. 厨师
purchaser	'pә:tʃәsә	n. 买方，购买者[经] 买主，购买人
g	dʒi:	[计] 千兆，吉，图形，网格，接地[化] 鸟苷
discrimination	dis.krimi'neiʃәn	n. 差别，岐视，辨别力[化] 鉴别
e	i:	[计] 元件，部件，元素，误差，执行，表达式，指数
offensive	ә'fensiv	a. 令人不快的，侮辱的，攻击性的[法] 攻击的，进攻的，冒犯的
grin	grin	n. 露齿笑v. 露齿而笑
integration	.inti'greiʃәn	n. 综合，与环境协调的行为，集成[化] 集成; 整合
boom	bu:m	n. 繁荣，隆隆声vi. 急速发展，发隆隆声vt. 使兴旺，发隆隆声
vendor	'vendә	n. 小贩，卖主，自动售货机[计] 计算机销售商
audit	'ɒ:dit	n. 审计，查帐vt. 查（帐）, 旁听vi. 查账[计] 查帐; 审查; 检查
ulster	'ʌlstә	n. 有带的宽大长外套
bound	baund	n. 跃，回跳，范围，边界a. 受约束的，装有封面的，有义务的，关联的，被束缚的，准备去……的，便秘的vi. 跳跃，弹起vt. 使跳，限制，形成……的疆界bind过去式和过去分词[计] 装订的
reverse	ri'vә:s	n. 相反，背面，倒退，挫折，失败a. 反面的，相反的，反向的，颠倒的vt. 使颠倒，使逆转，使倒退，使反向vi. 倒退，反向，倒转，反转[计] 反转
heritage	'heritidʒ	n. 遗产，祖先遗留物，继承物[医] 遗传性
invitation	.invi'teiʃәn	n. 邀请，请柬，引诱[经] 邀请，招待，吸引
shit	ʃit	vi. 拉屎vt. 欺骗，在……拉屎n. 粪，屎interj. 狗屁
generous	'dʒenәrәs	a. 慷慨的，有雅量的，大量的，丰富的
lemon	'lemәn	n. 柠檬，柠檬树，柠檬色[医] 柠檬
hungry	'hʌŋgi	a. 饥饿的，荒年的，渴望的，不毛的[化] 欠鞣皮
excuse	ik'skju:z	vt. 原谅，申辩，做为……的托辞n. 致歉，理由，饶恕，借口
cancel	'kænsәl	n. 取消，撤消，盖销（邮票）vt. 取消，删去，抵销，盖销vi. 相互抵销[计] 作废
automatic	.ɒ:tә'mætik	n. 自动手枪，自动机械a. 自动的，机械的，必然的，无意识的
naked	'neikid	a. 裸体的，无装饰的，无保护的，赤贫的[医] 裸露的
ambition	æm'biʃәn	n. 野心，志向
weekly	'wi:kli	n. 周刊，周报a. 每周的，一周一次的，周刊的adv. 每周，一周一次
nut	nʌt	n. 坚果，核心，螺帽[计] Novell NetWare服务器实用程序
logical	'lɒdʒikәl	a. 合乎逻辑的，合理的[法] 逻辑的，符合逻辑的
harm	hɑ:m	n. 伤害，害处vt. 伤害，损害
legacy	'legәsi	n. 祖先传下来之物，遗赠物[经] 遗产，遗赠物
electrical	i'lektrikәl	a. 电的，有关电的[医] 电的
dutch	dʌtʃ	n. 荷兰人，荷兰语a. 荷兰的
battery	'bætәri	n. 电池，殴打[化] 蓄电池
logic	'lɒdʒik	n. 逻辑，逻辑学，推理的方法，推理，逻辑性[计] 逻辑
inspection	in'spekʃәn	n. 检验，检查，视察[医] 检查，视察，监督，望诊
flame	fleim	n. 火焰，火舌，热情，光辉vt. 焚烧，用火焰给……灭菌，用火焰传送（信号）, 点燃，激动vi. 燃烧，爆发，闪耀[计] 无聊邮件，无益邮件
legitimate	li'dʒitimәt	a. 合法的，正当的，婚生的vt. 认为正当，立为嫡嗣，使合法
bare	bєә	a. 赤裸的，缺少的，无遮蔽的，坦率的vt. 使赤裸，露出
orientation	.ɒ:rien'teiʃәn	n. 定方位，适应，向东方n. 方向[计] 方向
gross	grәus	n. 总数，总量a. 总共的，未打折扣的，恶劣的，粗野的vt. 总共收入
accordingly	ә'kɒ:diŋli	adv. 相应地，因此，于是
cluster	'klʌstә	n. 串，丛，群，簇vi. 成串，丛生vt. 使聚集[计] 簇
wherever	hwєәr'evә	adv. 无论哪里
wound	wu:nd	n. 创伤，伤口，伤疤，伤害，痛苦vt. 伤害，损害，使受伤vi. 打伤，伤害wind的过去式和过去分词
shower	'ʃauә	n. 阵雨，淋浴，一阵，展出者，显示者vi. 淋浴，下阵雨vt. 淋湿，倾注
depict	di'pikt	vt. 描述，描写
institutional	.insti'tju:ʃәnәl	a. 制度的，公共机构的，学会的[法] 组织机构的，制度的，公共机构的
rubbish	'rʌbiʃ	n. 废物，垃圾，胡说
disposal	dis'pәuzәl	n. 丢掉，处理，排列，销毁，布置[医] 处理，处置
calculation	.kælkju'leiʃәn	n. 计算，考虑，计算的结果[经] 计算
dare	dєә	n. 挑战，挑动，大胆v. 敢，胆敢
valid	'vælid	a. 有确实根据的，有法律效力的，正当的，正确的[经] 有效的
instructor	in'strʌktә	n. 教员，讲师[法] 指导者，教员，讲师
mineral	'minәrәl	n. 矿物，无机物，苏打水a. 矿物的，似矿物的
withdrawal	wið'drɒ:l	n. 提款，撤退，退回，撤消，退隐，戒毒过程[医] 戒除，脱瘾
fibre	'faibә	n. 纤维，构造，纤维制品[化] 纤维
suspicion	sә'spiʃәn	n. 怀疑，觉察，嫌疑[法] 怀疑，疑心，嫌疑
comedy	'kɒmidi	n. 喜剧，有趣的事情
sanction	'sæŋkʃәn	n. 核准，制裁，处罚，约束力vt. 制定制裁规则，认可，核准，同意
inadequate	in'ædikwәt	a. 不充分的，不适当的[法] 不充分的，不适当的
civilian	si'viljәn	n. 平民，民法专家a. 平民的，百姓的，民用的
humour	'hju:mә	n. 幽默，诙谐，情绪，体液vt. 使满足，迁就
devise	di'vaiz	vt. 设计，发明，图谋，遗赠给n. 遗赠
habitat	'hæbitæt	n. 栖息地，居留地，自生地，聚集处[医] 习生地，产地，生境，栖所
grain	grein	n. 谷粒，颗粒，谷类，纹理，本质v. （使）成谷粒
brush	brʌʃ	n. 刷子，毛笔，争吵vt. 刷vi. 擦过，掠过[计] 电刷
condemn	kәn'dem	vt. 判刑，责备，谴责[法] 定罪，判刑，宣告有罪
swear	swєә	vt. 发誓，咒骂，使宣誓vi. 发誓，诅咒n. 诅咒，誓言
devote	di'vәut	vt. 投入于，献身
declaration	.deklә'reiʃәn	n. 宣告，说明，宣布[计] 说明
identification	ai.dentifi'keiʃәn	n. 识别，身份证明，认同[化] 鉴定; 鉴别; 鉴别法; 认证
ethics	'eθiks	n. 道德规范[医] 伦理学
nomination	.nɒmi'neiʃәn	n. 提名，任命，提名权
correspond	.kɒri'spɒnd	vi. 符合，通信，相当[法] 符合，一致，相当
christopher	'kristәfә	n. 克里斯多夫（男子名）
actress	'æktris	n. 女演员
essex	'esiks	n. 艾塞克斯郡（英格兰郡名）
gifted	'giftid	a. 有天才的
oliver	'ɒlivә	n. 脚踏铁锤
needle	'ni:dl	n. 针，尖vt. 用针缝vi. 缝纫[计] 探针
modify	'mɒdifai	vt. 修正，变更，修饰，缓和，减轻vi. 被修改[计] 修改
odds	ɒdz	n. 可能性，几率，机会，胜算，不平等
frustration	frʌs'treiʃәn	n. 挫折，顿挫[医] 挫折
chapel	'tʃæpәl	n. 小教堂，礼拜式
youngster	'jʌŋstә	n. 小孩，年轻人，少年[法] 儿童，少年，青年
physically	'fizikli	adv. 按自然规律，完全地，实际上，真正地，身体上地
rational	'ræʃәnl	a. 理性的，合理的n. 有理数
shore	ʃɒ:	n. 海岸，海滨，斜撑柱vt. 把……送上岸，支撑，支持
conception	kɒn'sepʃәn	n. 观念，概念[医] 妊娠，受孕; 概念
repeatedly	ri'pi:tidli	adv. 重复地，再三地
attribute	ә'tribju:t	n. 属性，标志，定语vt. 把……归于，认为……属于[计] 属性
lung	lʌŋ	n. 肺，肺脏，空地[医] 肺
lloyd	lɔid	n. 劳埃德（男子名）
artistic	ɑ:'tistik	a. 艺术的，艺术家的，富有艺术性的
acute	ә'kju:t	a. 尖锐的，敏锐的，激烈的，严重的，急性的[医] 急性的; 尖锐的
dublin	'dʌblin	n. 都柏林
dose	dәus	n. 剂量，服用量vt. 给药，（用药）医治vi. 服药
running	'rʌniŋ	n. 赛跑，流出，运转a. 流动的，跑着的，连续的
basket	'bɑ:skit	n. 篮，篮子vt. 装入篮
kevin	'kenin	n. 凯文（男子名）
stimulus	'stimjulәs	n. 刺激，激励，刺激品[医] 刺激特，刺激
fighting	'faitiŋ	a. 战斗的，容易引起争斗的，适于格斗的，好斗的，好战的，斗争的，搏斗的n. 战斗，斗争，搏斗
directive	di'rektiv	a. 指导的，指挥的，方向的n. 指令[计] 指令; 命令
gaze	geiz	n. 注视，凝视vi. 注视，凝视
competitor	kәm'petitә	n. 竞争者[经] 竞争者，竞争对手
mortality	mɒ:'tælәti	n. 必死的命运，死亡数目，死亡率[医] 必死性，死亡率
powder	'paudә	n. 粉，粉末，火药vt. 搽粉于，搽粉，撒粉，使成粉末vi. 搽粉，变成粉末
federation	fedә'reiʃәn	n. 联邦，联合，联盟[法] 联邦，联盟，联邦政府
diana	dai'ænә	n. 狄安娜，独身女子
ugly	'ʌgli	a. 丑陋的，邪恶的，险恶的，不祥的n. 丑陋的人（或物）
allocation	.ælәu'keiʃәn	n. 配置，分配，拨给[经] 分配，拨款，分摊
portray	pɒ:'trei	vt. 描绘，描写，描绘……的肖像
moderate	'mɒdәrәt	a. 适度的，稳健的，中等的，节制的vt. 节制，减轻，使缓和vi. 变缓和，主持会议
darling	'dɑ:liŋ	n. 亲爱的，可爱的人，可爱的物a. 可爱的，亲爱的
hypothesis	hai'pɒθәsis	n. 假设[化] 假设
ghost	gәust	n. 鬼，灵魂，幻影，一丝，一点v. 鬼似地游荡
molecule	'mɒlikju:l	n. 分子，些微[化] 分子
interface	'intәfeis	n. 分界面，接触面，界面[计] 接口，界面
continued	kәn'tinju:d	a. 继续的，延续的[医] 连续的
urgent	'ә:dʒәnt	a. 紧急的，急迫的，催逼的[经] 紧急的，急迫的
cookie	'kuki	n. 饼干，小甜点[建] 糕点
exact	ig'zækt	a. 精确的，准确的，精密的vt. 强求，急需
cooking	'kukiŋ	n. 烹饪[化] 熬炼; 热炼; 蒸煮
reliable	ri'laiәbl	a. 可靠的，可信赖的[法] 可靠的，可信赖的，确实的
carrier	'kæriә	n. 运送者，邮递员，带菌者[计] 载波
disturb	dis'tә:b	vt. 扰乱，妨碍，使不安[法] 滋扰，扰乱
identical	ai'dentikәl	a. 同一的，恒等的，完全相同的[医] 同一的，同等的
isle	ail	n. 小岛，群岛vt. 使成为岛状vi. 住在岛屿上
sole	sәul	n. 脚掌，鞋底，底部a. 唯一的，仅有的，单独的，独身的vt. 上鞋底，触底
admire	әd'maiә	vt. 赞美，钦佩，爱慕vi. 称赞，惊奇
advertisement	.ædvә'taizmәnt	n. 广告，启事，广告宣传[法] 广告，公告，告示
pet	pet	n. 宠物，受宠爱的人，宠坏的孩子，不悦，生气a. 宠爱的，表示亲昵的，养着观赏的，特别珍爱的，格外的vt. 宠爱，溺爱，抚摸vi. 拥抱，爱抚，生气，发脾气
kit	kit	n. 装备，工具箱，成套工具[计] 成套部件; 成套零件
hesitate	'heziteit	vi. 犹豫，迟疑，踌躇，支吾，停顿
miracle	'mirәkl	n. 奇迹，奇事
rhythm	'riðәm	n. 旋律，节奏，韵律，匀称，张弛节律[医] 节律
accountant	ә'kauntәnt	n. 会计人员，会计师[经] 会计师，会计人员
satisfactory	.sætis'fæktәri	a. 满意的，赎罪的[法] 令人满意的，令当事人满意的，充分的
killing	'kiliŋ	n. 谋杀，杀戮a. 杀害的，疲惫的，迷人的
tide	taid	n. 潮，潮汐，趋势，潮流，涨潮，高潮vt. 使随潮漂流vi. 顺潮行驶
sin	sin	n. 罪，犯罪，过失，失礼v. 犯
script	skript	n. 手迹，手稿，正本，手写体vt. 改编为演出本[计] 手写体，小型程序
acre	'eikә	n. 英亩
distinctive	di'stiŋktiv	a. 有特色的，出众的
tactic	'tæktik	n. 一项战术，一条策略a. 战术的，顺序的，排列的
westminster	'westminstә	n. 威斯敏斯特
atlantic	әt'læntik	n. 大西洋a. 大西洋的
transformation	.trænsfә'meiʃәn	n. 变形，变质，变化，改革，变换[化] 转化; 变换
swallow	'swɒlәu	n. 燕子，吞咽，喉vt. 咽，淹没，吞没，耗尽，轻信，忍受，抑制vi. 吞下，咽下
everyday	'evri'dei	a. 每天的，日常的，平常的
farming	'fɑ:miŋ	n. 农业，耕作
turkey	'tә:ki	n. 火鸡，无用的家伙，土耳其
ford	fɒ:d	n. 浅滩，福特汽车v. 涉过，涉水
headline	'hedlain	n. 大标题，新闻摘要vt. 为……做标题，写标题
invasion	in'veiʒәn	n. 侵犯，侵入，侵害[医] 侵袭，侵入，发病
angel	'eindʒәl	n. 天使，守护神，善人
egypt	'i:dʒipt	n. 埃及
nonetheless	,nʌnðә'les	conj. 然而，尽管，不过adv. 不过，仍然，尽管如此，然而
piano	pi'ɑ:nәu	n. 钢琴
intensity	in'tensәti	n. 强烈，紧张，强度[计] 强度; 亮度
liable	'laiәbl	a. 有义务的，应负责的，有……倾向的[法] 有责任的，可受处理的，应受罚的
grocery	'grәusәri	n. 食品杂货店，食品杂货业
quarterback	'kwɒ:tәbæk	n. 四分卫vi. 担任四分卫
greet	gri:t	vt. 问候，致敬，欢迎，映入眼帘
exhibit	ig'zibit	n. 显示，显现，展览品，陈列品，展览vt. 展现，陈列，展览vi. 开展览会
removal	ri'mu:vl	n. 移动，移居，迁移，排除，切除[医] 切除，除去
blanket	'blæŋkit	n. 毛毯，毯子vt. 掩盖，覆盖a. 总共的
cloth	klɒ:θ. klɒθ	n. 布料，织品，布[建] 布
interior	in'tiәriә	n. 内部，内政a. 内部的，心灵的，内地的，内政的
rope	rәup	n. 绳，索，粗绳，绞索，决窍vt. 捆，缚，绑，圈起，以绳将……系住vi. 拧成绳状
thirteen	'θә:'ti:n	num. 十三，十三个
concrete	'kɒnkri:t	n. 凝结物，混凝土a. 具体的，实在的，混凝土的v. （使）凝结，用混凝土浇筑
prescription	pri'skripʃәn	n. 处方，命令，指定[医] 处方，药方
california	.kæli'fɒ:njә	n. 加利福尼亚
chase	tʃeis	n. 追求，狩猎，追逐vt. 追捕，追逐，雕刻，在……上镶嵌宝石vi. 追赶，奔跑
recruit	ri'kru:t	n. 新兵，新手，新会员，补给品vt. 恢复，补充，充实，征募vi. 征募新兵，复原，得到补充
wholly	'hәuli	adv. 完全地，整个，统统，全部[法] 完全地，统统地
render	'rendә	vt. 回报，给于，付给，汇报，提出，舍弃，反映，表示，表演，致使，执行，实施vi. 给予补偿n. 交纳，打底
consensus	kәn'sensәs	n. 合意，一致，同感[计] 合意
taxi	'tæksi	n. 出租车vi. 乘出租车vt. 用出租车送
formally	'fɒ:mәli	adv. 正式地，形式上
stuart	stjuәt	n. 英国斯图亚特王室；斯图尔特（男子名，等于Stewart）
laughter	'lɑ:ftә	n. 笑，笑声[医] 笑，大笑
colonial	kә'lәunjәl	a. 殖民的，殖民地的[法] 殖民地居民
painter	'peintә	n. 画家，油漆匠[机] 油漆匠，喷漆匠
cinema	'sinәmә	n. 电影院，电影
pie	pai	n. 馅饼，财富，总额，贪污受贿，杂乱，喜鹊[计] 饼图
courage	'kʌridʒ	n. 勇气，胆量
induce	in'dju:s	vt. 引诱，招致，归纳出，感应[医] 诱导，感应
pregnancy	'preɡnәnsi	n. 怀孕；丰富，多产；意义深长
shine	ʃain	n. 光泽，阳光vt. 使发光vi. 照耀，发光，发亮
albert	'ælbәt	n. 艾伯特（男子名）
clue	klu:	n. 线索，暗示vt. 暗示，提供线索
lawrence	'lɔrәns	n. 劳伦斯（男子名）
dictionary	'dikʃәnәri	n. 字典，词典[计] 词典
slice	slais	n. 薄的切片，一部分，菜刀vt. 切成薄片，切下vi. 切[计] 片
underlying	.ʌndә'laiiŋ	a. 在下面的[经] 优先的，基础的，放在下面的
complexity	kәm'pleksiti	n. 复杂，复杂性，复杂的事物
managing	'mænidʒiŋ	a. 管理的，节约的[法] 管理的，主管的，善于经营的
sacred	'seikrid	a. 神圣的，献给上帝的，庄严的，祭祀的[法] 神圣的，不可侵犯的
miner	'mainә	n. 矿工，开矿机，坑道工兵[经] 矿工
lamp	læmp	n. 灯vt. 照亮[计] 逻辑模拟分析系统
constable	'kʌnstәbl	n. 治安官，警官，总管[法] 警察，警官，巡警
pond	pɒnd	n. 池塘v. 筑成池塘
cognitive	'kɒgnitiv	a. 认知的，认识的
domain	dәu'mein	n. 领域，领土，产业，范围[计] 域，区域，支配命令
namely	'neimli	adv. 即，就是，换句话说
knit	nit	v. 编织，结合
processor	prә'sesә	n. 信息处理机，加工者，处理者[计] 处理器
integrate	'intigreit	vt. 综合，使完整，使成整体vi. 成一体a. 完整的，完全的
homeless	'hәumlis	a. 无家的，无养主的
billy	'bili	n. 警棍，伙伴
publishing	'pʌbliʃiŋ	n. 出版，刊印，发行
fragment	'frægmәnt	n. 碎片，破片，片段[计] 段落; 片段; 分段
soccer	'sɒkә	n. 英式足球
owen	'әuin	n. 欧文（男子名）
ruling	'ru:liŋ	n. 判决，裁定，统治a. 统治的，支配的，普遍的
equity	'ekwiti	n. 公平，公正[经] 权益，产权
fitness	'fitnis	n. 适合，合宜，合理，恰当，健康[医] 适合性，适应性
electoral	i'lektәrәl	a. 选举人的，选举的，（有关）选举的[法] 选举的，选举人的，由选举人组成的
grave	greiv	n. 墓穴，坟墓，终结，死亡a. 庄重的，严肃的，重大的，低沉的vt. 雕刻
statute	'stætju:t	n. 法令，成文法律，法规，章程，条例[法] 法令，法规，成文法
lap	læp	n. 膝盖，舔，一圈，下摆，衣兜，山坳vi. 重叠，围住，轻拍，舔vt. 包围，抱……在膝上，使重叠，舔，拍打，泼溅[计] 链接访问程序
daddy	'dædi	n. 爸爸
toe	tәu	n. 足趾，趾部，脚趾vt. 以趾踏触，用脚尖走vi. 动脚尖
rachel	'reitʃәl	n. 雷切尔（女子名）
container	kәn'teinә	n. 容器，集装箱[化] 集装箱; 贮存箱; 容器（任何一种）
marginal	'mɑ:dʒinәl	a. 边缘的，最低限度的，有旁注的[医] 缘的
tonne	tʌn	n. 吨，公吨[经] 吨
murmur	'mә:mә	n. 低语，低声的怨言vi. 低语，低声而言vt. 低声说
dramatically	drә'mætikli	adv. 戏剧地，引人注目地，突然地
cm		[计] 厘米，中央存储器，通信多路转换器，控制标志，磁心存储器[医] 锔（96号元素）
server	'sә:vә	n. 服伺者，上菜用具，发球员n. 服务器[计] 服务器，服务器启动程序，服务台程序
unexpected	.ʌnik'spektid	a. 料想不到的，突然的，意外的[法] 不能预料的，意外的
makeup	'meikʌp	n. 组成，性格，化妆品，化装（术）, 虚构，补考
thoroughly	'θʌrәli	adv. 彻底地，绝对地，透彻地，详尽地，周到地，完全地，完善地，全面地
sheer	ʃiә	a. 绝对的，全然的，纯粹的，透明的，峻峭的vi. 偏转，偏航vt. 使急转向，使偏航adv. 完全，全然，峻峭n. 偏航
bulk	bʌlk	n. 大小，体积，大块，大多数vt. 显得大，显得重要
decrease	'di:kri:s	n. 减少，减少量v. 减少
experienced	ik'spiәriәnst	a. 富有经验的，老练的，熟练的
disappointed	.disә'pɒintid	a. 失望的
trap	træp	n. 圈套，陷阱，诡计，存水弯vi. 设圈套，设陷阱vt. 诱捕，诱骗，抓住，使受限制[计] 俘获; 陷井
anniversary	æni'vә:sәri	n. 周年纪念
necessity	ni'sesәti	n. 需要，必需品，必然[法] 必要性，必然性，必要
navy	'neivi	n. 海军，海军人员，海军军力，烟蒂
couch	kautʃ	n. 长沙发，睡椅，卧榻vt. 横躺，表达vi. 躺下，蹲伏
grip	grip	n. 紧握，柄，握力，握手方式，手提包，掌握，支配，控制vt. 抓紧，抱住，吸住，掌握vi. 握牢，有吸引力
exclusive	ik'sklu:siv	a. 排外的，独占的，唯一的[计] 独占的
boyfriend	'bɔifrend	n. 男朋友
marked	mɑ:kt	a. 有记号的，显著的，醒目的[化] 有记号的; 显著的
mess	mes	n. 食堂，伙食，用膳，一份食品，混乱，乱七八糟，困境vt. 将……弄糟，妨碍，使紊乱，使就餐vi. 陷入困境，搞乱，用膳
spell	spel	n. 符咒，魅力，轮值，轮班，工作时间，一次发作vt. 拼写，拼成，琢磨，理解，招致，轮换，迷住vi. 轮换，拼字
legend	'ledʒәnd	n. 传说，传奇文学，图例[计] 图例
nursery	'nә:sәri	n. 托儿所，苗圃，温床[医] 婴儿室，托儿所
regulate	'regjuleit	vt. 管理，控制，调节，调整，校准[经] 控制，管理
illustration	.ilә'streiʃәn	n. 例证，插图[化] 插图
superb	sju'pә:b	a. 极度的，华丽的，极好的
interrupt	.intә'rʌpt	vt. 中断，妨碍，插嘴vi. 打断n. 中断[计] 中断
adolescent	.ædәu'lesәnt	a. 青春期的，青少年的n. 青少年
norm	nɒ:m	n. 基准，模范，标准，准则，平均数[化] 定额
await	ә'weit	vt. 等候vi. 等待着
upset	ʌp'set	a. 弄翻的，混乱的，心烦的vt. 弄翻，颠覆，推翻，打乱，使不适，使心烦vi. 翻倒
encouraging	in'kʌridʒiŋ	a. 鼓励的，促进的
delight	di'lait	n. 高兴，愉快vt. 使高兴，乐于vi. 感到高兴（或愉快、快乐）
forgive	fә'giv	vt. 原谅，宽恕，免除[法] 免除，宽恕，原谅
lightly	'laitli	adv. 轻轻地，少许，不费力地
lion	'laiәn	n. 狮子，狮子（星）座，国际狮子会会员
invent	in'vent	vt. 发明，创作，虚构[机] 发明
frightened	'frait(ә)nd	a. 受惊吓的，受惊的，（非正式）害怕……的
counseling	'kaunsәliŋ	n. 咨询服务
receiver	ri'si:vә	n. 接收器；接受者；收信机；收款员，接待者
expected		a. 预期的；预料的
northwest	.nɒ:θ'west	n. 西北，西北方a. 西北的，在西北的，来自西北的adv. 向西北
accommodate	ә'kɒmәdeit	vt. 使适应，调和，通融，容纳，向……提供vi. 适应
ritual	'ritʃuәl	n. 仪式，典礼，宗教仪式a. 仪式的，依仪式进行的
insect	'insekt	n. 昆虫，卑鄙的人[医] 昆虫
shortage	'ʃɒ:tidʒ	n. 不足，缺乏[化] 缺额
motive	'mәutiv	n. 动机，目的，主题，基调a. 运动的，成为动机的
salmon	'sæmәn	n. 鲑鱼，大麻哈鱼[医] 鲑
desirable	di'zairәbl	a. 令人想望的，可取的
undermine	.ʌndә'main	vt. 在……下面挖，渐渐破坏，暗地里破坏[法] 暗中破坏，以阴谋中伤伤害
superior	sju:'piәriә	n. 长者，占优势的人，上级a. 上级的，出众的，高傲的
magic	'mædʒik	n. 魔术，魔法a. 魔术的，有魔力的，不可思议的
combat	'kɒmbæt	n. 争斗，战斗vi. 战斗，争斗vt. 与……战斗，与……斗争
surgeon	'sә:dʒәn	n. 外科医生，军医，船医[医] 外科医师
stem	stem	n. 茎，干，柄，船首，血统，堵塞物vt. 摘掉茎，装柄于，阻止，堵住，逆行vi. 堵住，逆行
rape	reip	n. 抢夺，掠夺，强奸，葡萄渣，芸苔vt. 掠夺，抢夺，强奸
physics	'fiziks	n. 物理学，物理过程，物理现象[化] 物理; 物理学
fleet	fli:t	n. 舰队，港湾，小河a. 快速的，敏捷的，浅的，短暂的adv. 浅vi. 疾驰，飞逝，掠过vt. 消磨，变换船（或船员）的位置
counsel	'kaunsәl	n. 商议，忠告，法律顾问v. 商议，劝告
crystal	'kristl	n. 水晶，水晶装饰品，结晶a. 水晶的，水晶一样的，透明的
hunt	hʌnt	n. 狩猎，追捕，搜寻，猎区vt. 狩猎，打猎，搜索vi. 打猎，猎食，搜寻
jeans	dʒi:nz	n. 工装裤，牛仔裤
initiate	i'niʃieit	n. 入会，开始a. 新加入的vt. 开始，传授基本知识给
log	lɒg	n. 记录，圆木，日志，计程仪vt. 伐木，切，航行vi. 伐木[计] 日志
echo	'ekәu	n. 回声，回音，回波vi. 发回声，随声附和vt. 摹仿，重复，反射[计] 回显; DOS批处理命令:控制MS-DOS命令是否在屏幕上显示
leap	li:p	n. 跳跃，剧增，急变，被越过之物vi. 跳跃，突然经过vt. 跃过，使跃过
pill	pil	n. 药丸，弹丸，屈辱，胡说v. 做成药丸，形成丸状，服药丸，挫败，抢劫
excited	ik'saitid	a. 兴奋的，已励磁的，已激发的，激昂的，激动的
sculpture	'skʌlptʃә	n. 雕刻，雕塑vt. 雕刻，雕塑vi. 当雕刻师
russell	'rʌsәl	n. 拉塞尔（英国工程师，整流器发明人）
compound	kәm'paund	n. 混合物，复合词，化合物，院子a. 复合的，混合的，化合的vi. 化合，和解，妥协vt. 使复合，使化合
raid	reid	n. 袭击，突袭，搜捕v. 奇袭，搜捕[计] 廉价磁盘冗余阵列
flour	'flauә	n. 面粉，粉沫，碎粉[医] 面粉，麦粉
fred	fred	n. 佛瑞德（男子名）
presidency	'prezidәnsi	n. 总统职权，总裁职位
louis	'lu(:)i, 'lu(:)is	n. 路易斯（男子名）
bernard	bә:'nɑ:d, 'bә:nәd	n. 伯纳德（男子名）
maria	mә:'raiә, mә'riә	n. 玛丽亚（女名）
subtle	'sʌtl	a. 敏锐的，精细的，狡猾的，稀薄的，灵巧的，微妙的[医] 锐敏的; 精细的
hardware	'hɑ:dwєә	n. 硬件，五金器具，零件[计] 硬件
serving	'sә:viŋ	n. 服务，招待，上菜，一份食物
criticise	'kritisaiz	v. 批评，吹毛求疵，非难
drinking	'driŋkiŋ	n. 喝，喝酒
comply	kәm'plai	vi. 顺从，依从[法] 遵守，承诺，照做
colony	'kɒlәni	n. 殖民地，移民队[医] 菌（集）落，菌丛; 移民区
pump	pʌmp	n. 抽水机，打气筒，泵，抽吸vt. 用唧筒抽水，打气，盘问，倾注，使疲惫vi. 抽水，上下（或往复）运动
monopoly	mә'nɒpәli	n. 垄断，专卖权，独占事业[经] 垄断，专利品，垄断（权）独占
candy	'kændi	n. 糖果，冰糖vt. 用糖煮，使结晶为砂糖vi. 结晶为砂糖
banking	'bæŋkiŋ	n. 银行业务[经] 银行业，银行事务
evil	'i:vl	n. 邪恶，不幸，罪恶a. 邪恶的，不幸的，有害的，讨厌的
temple	templ	n. 圣堂，庙宇，教堂，礼拜堂，太阳穴，鬓角[医] 颞颥，颞部
traditionally		adv. 传统上；传说上；习惯上
medal	'medl	n. 奖牌，勋章vt. 授勋予
beg	beg	v. 乞求，乞讨，请求
hugh	hju:	n. 休（男子名）
sponsor	'spɒnsә	n. 保证人，赞助者，发起者，倡议者，教父vt. 发起，赞助，倡议
stewart	'stjuәt	n. 斯图尔特（男子名）
ethical	'eθikәl	a. 伦理的，民族的，民族特有的[医] 伦理的，道德的
poland	'pәulәnd	n. 波兰
nottingham	'nɒtiŋәm	n. 诺丁汉郡（英格兰郡名）, 诺丁汉市
rebel	'rebl	n. 叛徒，反叛者vi. 造反，反抗，抵抗，反感a. 造反的，反抗的
slam	slæm	n. 砰然声，猛然，猛烈的抨击vt. 猛然关上，砰地关上，猛烈抨击vi. 砰地关上，猛攻
specification	.spesifi'keiʃәn	n. 规格，详述，详细说明书[计] 规范; 形式说明; 说明; 说明书; 规格
allegation	.æli'geiʃәn	n. 断言，主张，申辩[法] 声明，事实陈述，断言
civilization	si.vilai'zeiʃәn	n. 文明，教化[法] 文明，文化，文明国家的总称
melt	melt	n. 熔化，熔化物，溶解v. （使）熔化，（使）溶解，（使）消散，（使）变软
midnight	'midnait	n. 午夜，子夜，半夜a. 午夜的，半夜的
walker	'wɒ:kә	n. 徒步者，轻便鞋[法] 山林巡视官
sheffield	'ʃefi:ld	n. 谢菲尔德（英国城市）
villa	'vilә	n. 别墅
integrity	in'tegriti	n. 正直，廉正，完整[计] 完整性
kelly	'keli	n. 凯利（男子名）；[古]战士
clarke		n. 克拉克（姓氏）
tribunal	trai'bju:nl	n. 法庭，法官席，裁决[法] 法庭，裁判所，裁判
essence	'esns	n. 实质，本质，香精[化] 香精
oral	'ɒ:rәl	n. 口试a. 口头的，口述的，口部的
clare	kleә	n. 克莱尔（女子名）
improved	im'pru:vd	a. 改良的
harsh	hɑ:ʃ	a. 粗糙的，刺耳的，严厉的[法] 粗糙的，严厉的，苛刻的
susan	'su:zn	n. 苏珊（女子名）
suburban	sә'bә:bәn	a. 郊外的，郊区的，（贬）偏狭的，土气的，见识不广的n. 郊区居民
capitalist	'kæpitәlist	n. 资本家，资本主义者a. 资本主义的
trustee	.trʌs'ti:	n. 受托人，理事[计] 委托者
closet	'klɒzit	n. 壁橱，小室a. 秘密的，空谈的vt. 把……关入小室
merger	'mә:dʒә	n. 合并，归并[经] 购并
jurisdiction	.dʒuәris'dikʃәn	n. 司法权，审判权，管辖权[经] 法律管辖权，审判权
effectiveness	i'fektivnis	n. 效力[经] 有效性，能行性
pitcher	'pitʃә	n. 有把的大罐，瓶状体，投手，摊贩
retail	'ri:teil	n. 零售a. 零售的vt. 零售，详述，传播vi. 零售
statistical	stә'tistikl	a. 统计的，统计上的，统计学的[经] 统计的，统计学的
davies		n. 戴维斯（男子名）
mutter	'mʌtә	n. 喃喃低语vi. 喃喃自语，作低沉声vt. 出怨言，抱怨地说
snake	sneik	n. 蛇，阴险的人vi. 曲折行进vt. 迂回，拉，急抽
swindon		n. 史云顿（英国城市名）
gastric	'gæstrik	a. 胃的[医] 胃的
specially	'speʃәli	adv. 特别地，专门地
closed	klәuzd	a. 关闭的，限于少数人的[计] 关闭指令
estimated		a. 估算的；估计的；预计的
straightforward	streit'fɒ:wәd	a. 笔直的，率直的，明确的，简单的，直接的
hint	hint	n. 暗示，提示v. 暗示，示意
fold	fәuld	n. 折层，折，羊栏，折痕，信徒vt. 折叠，包，合拢，交迭vi. 折叠起来，彻底失败[计] 折叠; 合并
convenient	kәn'vi:njәnt	a. 方便的，合宜的[法] 适当的，合理而可行的，方便的
rumour	'ru:mә	n. 谣言，传闻vt. 谣传
mixed	mikst	a. 混合的，形形色色的，弄糊涂的[计] 混合的
rumor	'ru:mә	n. 谣言，传闻vt. 谣传
artificial	.ɑ:ti'fiʃәl	a. 人造的，假的，非原地产的[医] 人工的，人造的，伟牟
missing	'misiŋ	a. 不见的，缺少的[法] 行踪不明的，失踪的，遗失的
flash	flæʃ	n. 闪光，闪现，一瞬间vi. 闪光，闪现，反射vt. 使闪光，反射
widow	'widәu	n. 寡妇，孀妇vt. 使成寡妇
humanity	hju:'mæniti	n. 人性，人类，博爱
correlation	.kɒrә'leiʃәn	n. 相互关系，相关，关联[医] 相关，联系
developer	di'velәpә	n. 开发者[计] 显影器
attendance	ә'tendәns	n. 出席，出席的人数，照料[法] 管理，照料，资助
beef	bi:f	n. 牛肉，肌肉vt. 养（牛）, 宰（牛）vi. 抱怨，告发
heating	'hi:tiŋ	n. 加热，供热，暖气设备，供暖系统，暖气装置a. 加热的，供暖的
roman	'rәumәn	n. 罗马人a. 罗马人的，罗马的
fraction	'frækʃәn	n. 小部分，破片，分数[医] 部分，成分，分散
reluctant	ri'lʌktәnt	a. 不情愿的，勉强的[法] 不愿的，勉强的，难以处理的
elbow	'elbәu	n. 手肘，弯头，扶手v. 用手肘推开，推挤
deadly	'dedli	a. 致命的，致死的adv. 非常，如死一般地
strictly	'striktli	adv. 严格地，确实地
hispanic	his'pænik	a. 西班牙的
confuse	kәn'fju:z	vt. 使混乱，使狼狈，使困惑[法] 混淆
disadvantage	.disәd'vɑ:ntidʒ	n. 缺点，不利，坏处
airplane	'єәplein	n. 飞机[机] 飞机
mud	mʌd	n. 泥，诽谤vt. 弄脏
monthly	'mʌnθli	n. 月刊a. 每月的，每月一次的
duck	dʌk	n. 鸭子vi. 没入水中，闪避vt. 猛按……入水，躲避
mechanical	mi'kænikәl	a. 机械的，机械性的，力学的[医] 机械的，力学的
drift	drift	n. 漂流物，漂流，动向v. （使）漂流
korean	kә'riәn	n. 朝鲜人，朝鲜语a. 朝鲜人的，朝鲜语的
desperately	'despәrәtli	adv. 拼命地；绝望地；极度地
lorry	'lɒri	n. 卡车，货车[化] 载重汽车
plead	pli:d	vi. 辩护，恳求vt. 为……辩护，提出……借口，托称，恳求
known	nәun	a. 已知的，有名的know的过去分词
harbour	'hɑ:bә	n. 港，避难所v. 庇护，藏匿，（使）入港停泊
warmth	wɒ:mθ	n. 温暖，温情，暖和，激动，生气
mainstream	'meinstri:m	n. 主流
sandwich	'sændwitʃ	n. 三明治，夹心面包，夹层板vt. 插入，夹入，把……制成三明治
situate	'sitjueit	vt. 使位于，使处于
dock	dɒk	n. 码头，船坞，被告席，尾巴的骨肉部分vt. 使靠码头，使（船）进港，剪短vi. 进港
mentally	'mentli	adv. 心理上，精神上，智力上[法] 精神上，智力上
suburb	'sʌbә:b	n. 市郊住宅区，郊区，边缘
uncertain	.ʌn'sә:tn	a. 不确定的，无常的，不确信的，不可预测的[法] 不确定的，未定的，不确信的
trunk	trʌŋk	n. 树干，干线，躯干，主干，象鼻，箱子vt. 把……放入旅行箱内a. 树干的，躯干的，干线的，箱形的[计] 中继线; 母线
magnificent	mæg'nifisnt	a. 华丽的，高尚的，宏伟的
required	ri'kwaiәd	a. 必需的
motivate	'mәutiveit	vt. 给与动机，刺激，提高……的学习欲望，促动[经] 促动，激发，激励
longtime	'lɔŋtaim;'lɔ:ŋ-	a. （已持续）长时间的，为时甚久的adv. 长久
landing	'lændiŋ	n. 登陆，码头，降落[经] 上岸，登陆，降落
jackson	'dʒæksn	n. 杰克逊（男子名）；杰克逊（美国密西西比州的城市）
verse	vә:s	n. 诗，韵文，诗句vt. 用诗表达vi. 作诗
seemingly	'si:miŋli	adv. 看来似乎，表面上看来
legislative	'ledʒislәtiv	n. 立法机构a. 立法的，有立法权的
devil	'devәl	n. 魔鬼vt. 折磨，戏弄
proposition	.prɒpә'ziʃәn	n. 建议，命题，主张vt. 向……提议，向……提出猥亵的要求
lens	lenz	n. 透镜，镜头，镜片，晶状体vt. 给……摄影
enforce	in'fɒ:s	vt. 强迫，执行，坚持[经] 予以强制执行
theft	θeft	n. 盗窃，失窃，盗窃罪，赃物[法] 盗窃行为，偷窃，失窃
triumph	'traiәmf	n. 凯旋，胜利，欢欣vi. 得胜，成功
businessman	'biznismæn	n. 商人，实业家，工商业家
toilet	'tɒilit	n. 厕所，梳妆vi. 梳妆，打扮，上厕所vt. 给……梳妆打扮
fraud	frɒ:d	n. 欺骗，欺诈，诡计，骗子[经] 欺诈，舞弊，骗子
cliff	klif	n. 悬崖，绝壁
contend	kәn'tend	vi. 奋斗，斗争，竞争vt. 为……斗争
array	ә'rei	n. 排列，衣服，大批，军队vt. 布署，打扮，排列[计] 数组; 阵列
chemistry	'kemistri	n. 化学，化学过程[化] 化学
frankly	'fræŋkli	adv. 坦白地
nail	neil	n. 钉子，指甲vt. 用钉钉牢，使固定，截住，揭露
assemble	ә'sembl	vt. 集合，收集，装配vi. 集合[计] 汇编
champagne	ʃæm'pein	n. 香槟酒，香槟酒色[化] 香槟酒
provoke	prә'vәuk	vt. 激怒，惹起，诱导[法] 刺激，煽动，激怒
loyalty	'lɒiәlti	n. 忠贞，忠诚，忠实[法] 忠诚，忠心
hallway	'hɔ:lwei	n. 门厅；玄关；走廊
stimulate	'stimjuleit	vt. 刺激，激励，鼓舞vi. 起刺激作用
cave	keiv	n. 洞，穴vi. 凹陷，塌落vt. 挖洞，使凹陷，损坏……的基础
refusal	ri'fju:zl	n. 拒绝，推却，优先决定权[法] 拒绝，谢绝，取舍权
functional	'fʌŋkʃәnәl	a. 功能的[医] 机能的，功能的，官能的
eighteenth	ei'ti:nθ	num. 第十八，十八分之一
southwest	sauθ'west	n. 西南，西南方，西南地区a. 西南的，来自西南方的adv. 往西南，来自西南
monster	'mɒnstә	n. 怪物，恶人，巨物[医] 畸胎
chap	tʃæp	n. 小伙子，颌，龟裂v. 皲裂
colonel	'kә:nәl	n. 陆军上校，长官
diplomatic	.diplә'mætik	a. 外交的，老练的[法] 外交的，外交上的，文献上的
facilitate	fә'siliteit	vt. 使容易，促进，帮助[法] 使容易，使便利，推进
whereby	(h)weә'bai	adv. 靠什么，如何，为何，靠那个，因此，由此[法] 因此，由是
obstacle	'ɒbstәkl	n. 障碍，妨害物，阻碍
successor	sәk'sesә	n. 继承者，接任者[计] 后继
established	is'tæbliʃt	a. （被）建立的，固定的，既定的，确定的，确认的，确立的，（被）制定的[计] 确定的，既定的
overwhelming	.әuvә'hwelmiŋ	a. 压倒性的，无法抵抗的
leaflet	'li:flit	n. 小叶，传单[医] 小叶
rip	rip	n. 裂痕，破绽，拉裂，浪子，巨浪vi. 被拉开，裂开，猛冲vt. 撕，扯，劈
abbey	'æbi	n. 大修道院
herb	hә:b	n. 药草，香草[医] 草，草本，草药
indicator	'indikeitә	n. 指示器，指示剂，指标[计] 指示器
sussex	'sʌsiks	n. 苏塞克斯（英国郡名）
filter	'filtә	n. 滤波器，过滤器，滤光器，过滤嘴，去尘器vt. 过滤，渗透，走漏vi. 滤过，渗入[计] 过滤器，筛选
restoration	.restә'reiʃәn	n. 恢复，归还，复位[医] 恢复，康复，复位，回复，修复
marine	mә'ri:n	n. 舰队，水兵，海景画a. 海的，海产的，海底的，船舶的，海运的
spectrum	'spektrәm	n. 光谱，范围，系列[化] 光谱
flood	flʌd	n. 洪水，大量之水，涨潮vt. 淹没，使泛滥，注满vi. 被淹，溢出，涌进
miller	'milә	n. 厂主，蛾[机] 铣床
ann	æn	n. 安（女子名）
formerly	'fɒ:mәli	adv. 从前，以前
derek	'derik	n. 德里克（男名）
nightmare	'naitmєә	n. 梦魇，恶梦，可怕的事物（或情景、人物）[医] 梦魇，恶梦
baker	'beikә	n. 面包师[医] 烤箱（骨科用）
pensioner	'penʃәnә(r)	n. 领取抚恤金者，（英国剑桥大学的）自费生，为金钱所收买的人，帮佣[法] 领取退休金者，领取抚恤金者
supervisor	.sju:pә'vaizә	n. 管理者，监督者，指导者，视导员[计] 管理程序
skirt	skә:t	n. 裙子，下摆，边缘，郊区vt. 位于……边缘，绕过，回避vi. 位于边缘
arena	ә'ri:nә	n. 角斗场，舞台，场地[医] 尿沉渣，尿沙; 脑沙
hierarchy	'haiәrɑ:ki	n. 等级制度，僧侣统治，等级体系[计] 分级结构; 分层结构; 新闻组，新闻组分层
mathematics	.mæθә'mætiks	n. 数学[机] 数学
diagnosis	.daiәg'nәusis	n. 诊断[计] 诊断
pope	pәup	n. 罗马教皇，主教
consistently		adv. 坚固，坚实，一致，始终如一，连贯[计] 相容地
flexibility	.fleksi'biliti	n. 弹性，适应性[计] 灵活性; 适应性
wildlife	'waildlaif	n. 野生动植物
basement	'beismәnt	n. 地下室，墙脚[化] 地下室
lords		n. 上议院；（前面与the连用）上院议员
drain	drein	n. 排水沟，消耗，排水vt. 排出，喝光，耗尽vi. 排水，流干
wright	rait	n. 制作者，工人
raf		abbr. 英国皇家空军（Royal Air Force）
productivity	.prәudʌk'tiviti	n. 生产力[经] 生产率，生产能力
doctrine	'dɒktrin	n. 教条，学说[医] 学说
questionnaire	kwestʃә'nєә	n. 调查表，问卷[经] 调查表
warrior	'wɒ:riә	n. 战士，勇士，武士，鼓吹战争的人，战斗，尚武
phil	fil	abbr. 哲学（philosophy）
prediction	pri'dikʃәn	n. 预言，预报[化] 预测
graphics	'græfiks	n. 制图法，制图学，图解算法，图形显示[计] 图形; DOS外部命令:打印图形方式下的屏幕内容
iran	i'rɑ:n	n. 伊朗
creditor	'kreditә	n. 债权人[法] 债权人，债主，贷方
bacteria	bæk'tiәriә	pl. 细菌[医] 细菌，[无芽胞]杆菌
sociology	.sәusi'ɒlәdʒi	n. 社会学[医] 社会学
infrastructure	'infrәstrʌktʃә	n. 基础结构，基础设施[经] 基础设施
emily	'emәli	n. 埃米莉（女子名）
outdoor	'autdɒ:	a. 户外的，屋外的，露天的
clinton	'klintәn	n. 克林顿（男子名）
microsoft		n. （美国）微软公司[电] 微软公司
confused	kәn'fju:zd	a. 困惑的，混乱的
spare	spєә	n. 剩余，备用品，备件，备用零件，备用轮胎a. 多余的，备用的，空闲的，节约的，瘦的vi. 节约，省掉，宽恕vt. 节约，省用，剩下，饶恕，赦免
broadcast	'brɒ:dkæst	n. 广播，传播a. 广播的v. 广播adv. 经广播，四散地[计] 广播命令，广播
suck	sʌk	vt. 吸，吮，吸入，吮吸，吸收vi. 吸，吸奶n. 吸，吸入，吮吸
coloured	'kʌlәd	a. 有色的，有……色的，经过渲染的，有色彩的，伪装的，有色人种的，混血种的n. 有色人种的人，混血人[计] 着色的
random	'rændәm	n. 随意，随机a. 任意的，随便的，胡乱的，随机的adv. 胡乱地
realistic	riә'listik	a. 现实的，逼真的，现实主义的，实在论的
intelligent	in'telidʒәnt	a. 聪明的，智能的，了解的
unhappy	.ʌn'hæpi	a. 不快乐的，不幸的，不适当的
correctly	kә'rektli	adv. 对，正确，恰当，符合一般性准则，符合行为准则，端正，符合
wrist	rist	n. 手腕，腕关节[医] 腕
unfair	.ʌn'fєә	a. 不公平的，不正直的，不正当的[法] 不正直的，不公平的，偏颇的
re	ri:	prep. 关于n. 不动产，房地产[计] 赖斯编码
continent	'kɒntinәnt	n. 大陆，洲a. 自制的
guilt	gilt	n. 罪行，内疚[法] 罪，犯罪，罪行
unite	ju:'nait	vi. 联合，接合，混合vt. 使联合，统一，使粘合，使结合
liberty	'libәli	n. 自由，特权，许可，冒失[法] 自由，自由权，自由区域
playoff	'pleiɔ:f	n. 双方得分相等时的最后决赛；复赛；季后赛
ridiculous	ri'dikjulәs	a. 荒谬的，可笑的
weird	wiәd	a. 怪异的，超自然的，不可思议的n. 命运，预言，符咒
receipt	ri'si:t	n. 收据，收入，收到vt. 开……的收据
walking	'wɒ:kiŋ	n. 步行，步态a. 步行的，步行用的
avenue	'ævәnju:	n. 大街，途径，林荫路
fiscal	'fiskәl	a. 财政的，国库的[经] 财政上的，会计的，国库的
dump	dʌmp	n. 垃圾场vt. 倾倒，倾销vi. 倒垃圾，倾销商品[计] 转出; 转储; 倾卸; 切断电源
unnecessary	.ʌn'nesәsәri	a. 不必要的
uncomfortable	.ʌn'kʌmfәtәbl	a. 不舒服的，不自在的，不安的
merit	'merit	n. 优点，功绩，价值，功过，真相vt. 值得vi. 应受
execute	'eksikju:t	vt. 执行，实行，完成，处死，制成[计] 执行
limb	lim	n. 四肢，枝干，翼，边缘vt. 切断……之手足
equip	i'kwip	vt. 装备，配备[机] 设备，装置
spectacular	spek'tækjulә	a. 公开展示的，惊人的，壮观的n. 奇观，惊人之举，展览物
oak	әuk	n. 橡树，橡木a. 橡木制的
tune	tju:n	n. 歌曲，主旋律，心情，声调，和谐，一致，语调，程度vt. 为……调音，调整，调谐，使一致vi. 协调，调谐
nasty	'nɑ:sti	a. 污秽的，下流的，险恶的
speculation	.spekju'leiʃәn	n. 沉思，推测，投机[经] 投机交易，买空卖空
railroad	'reilrәud	n. 铁路，铁路公司vt. 铺设铁路，用铁路运输vi. 在铁路工作
hopefully	'hәjpfjli	adv. 有希望地，如果希望能实现的话
endure	in'djuә	vt. 忍受，忍耐，容忍，耐vi. （正式）持久，持续[计] 仍能工作，继续工作
radiation	.reidi'eiʃәn	n. 辐射[化] 放射
horn	hɒ:n	n. 角，角质，喇叭，号角a. 角制的vt. 用角触，长角于
flying	'flaiiŋ	a. 飞的，飘扬的，飞速的n. 飞行，飞花
chronic	'krɒnik	a. 慢性的，习惯性的n. 慢性病患者
peaceful	'pi:sful	a. 平静的，和平的，和平时期的，爱好和平的，喜爱安静的[法] 和平的，爱好和平的，和平时期的
copper	'kɒpә	n. 铜，警察[化] 铜Cu
builder	'bildә	n. 建立者[机] 组份
residence	'rezidәns	n. 住宅，居留，驻扎，居住期间[医] 住房
fool	fu:l	n. 愚人，受骗者，奶油拌水果vt. 愚弄，欺骗，浪费vi. 干傻事，开玩笑，游荡a. 傻的
administer	әd'ministә	vt. 管理，料理，执行vi. 执行遗产管理人的职责，给予帮助
simultaneously	simәl'teiniәsly; (?@) saim-	adv. 同时发生，一齐，同时，同时存在
heading	'hediŋ	n. 标题，起始字，方向[计] 上标题
dancer	'dɑ:nsә	n. 舞蹈演员，跳舞者
bureau	'bjuәrәu	n. 局，办公处[经] 局，司，处
pad	pæd	n. 填补，衬垫，印色盒，路vt. 填补，走，夸大vi. 步行[计] 焊接点; 包装配/拆卸
transmission	træns'miʃәn	n. 传输，传送，变速器[计] 传输
sadly	'sædli	adv. 悲痛地，悲惨地，悲伤地，说来遗憾
isolation	.aisә'leiʃәn	n. 隔绝，孤立，隔离[化] 分离; 生物分离
trigger	'trigә	n. 触发器，扳机vt. 触发，发射，引起vi. 松开扳柄[计] 切换开关
shame	ʃeim	n. 羞耻，羞愧，耻辱vt. 使羞愧，侮辱
separation	.sepә'reiʃәn	n. 分离，分居，缺口，退职[化] 分离
retired	ri'taiәd	a. 隐退的，退休的，退役的[经] 退休的，已收回的
spill	spil	n. 溢出，溅出，摔下，溢出量，木片，小塞子vt. 使溢出，使散落，洒，使流出，倒出，使摔下vi. 溢出，涌流，摔下
envelope	'envәlәup	n. 信封，封套，封袋[医] 膜，包袋
twist	twist	n. 一扭，扭曲，曲折，歪曲，螺旋状，新手法vt. 拧，扭，捻，编织，使扭转，缠绕，盘绕，歪曲，使转动，使苦恼，使混乱，使旋转vi. 转向，弯曲，缠绕，扭动，呈螺旋形
adoption	ә'dɒpʃәn	n. 采用，采纳，收养[法] 收养，采纳，采用
rod	rɒd	n. 竿，笞鞭，小枝[化] 棒
sword	sɒ:d	n. 刀，剑，战争，武力，剑状物
virtual	'vә:tʃuәl	a. 实际上起作用的，虚的，实质的，有效的，事实上生效的[计] 虚拟
fluid	'flu:id	n. 液体，分泌液，流体a. 流动的，可改变的
discretion	dis'kreʃәn	n. 慎重，辨别力，考虑，处理权[法] 有决定权的
collector	kә'lektә	n. 收集家，收取款项的人[化] 集电极; 捕收剂
convict	kәn'vikt	n. 囚犯，罪犯vt. 宣告有罪，使知罪
indigenous	in'didʒinәs	a. 本土的，国产的，固有的[医] 原产的，本土的
joan		n. 琼（女子名）
directory	di'rektәri	n. 目录，工商名录，指南[计] 目录
decent	'di:sәnt	a. 有分寸的，得体的，大方的
convey	kәn'vei	vt. 传达，运输，转让[经] 转让（财产等）, 搬运
towel	'tauәl	n. 手巾，毛巾v. 擦干身子
compromise	'kɒmprәmaiz	n. 妥协，折中，折中方案，和解vi. 妥协处理vt. 危害
fetch	fetʃ	n. 取得，拿，诡计，魂vt. 接来，取来，售得，带来，推出，引出，杀死，吸引，到达vi. 取物，前进[计] 取
boost	bu:st	n. 推进，吹捧vt. 推进，提高，宣扬，促进
bat	bæt	n. 蝙蝠，球棒v. 用球棒打，眨眼[计] 成批
cupboard	'kʌpbɒ:d	n. 食橱，碗柜，餐具柜
faint	feint	n. 昏厥，昏倒a. 模糊的，微弱的，无力的vi. 昏倒，变得微弱
robin	'rɒbin	n. 旅鸫[医] 刺槐毒素
sweat	swet	n. 汗，汗水，水珠，焦急vi. 出汗，渗出，冒出水气，结水珠，烦恼，懊恼vt. 使出汗，流出，榨出，使汗流浃背
leicester	'lestә	莱斯特（英国城市）
duration	dju'reiʃәn	n. 持续时间，持续[计] 持续时间
breeding	'bri:diŋ	n. 教养，生育，饲养[医] 生育，繁殖，育种，饲养
freshman		n. 新手，生手，大学一年级学生，（美）中学一年级学生
accent	'æksәnt	n. 重音，口音，特点，注重点vt. 重读，加重音号于，强调
drunk	drʌŋk	a. 喝醉了的drink的过去式
succession	sәk'seʃәn	n. 连续，继承权，继位，演替，地层次序[法] 继承，继承权，继位
eric	'erik	abbr. 科教资源信息中心（Educational Resources Information Center）；电子遥控与独立控制（Electronic Remote and Independent Control）
ballot	'bælәt	n. 投票，投票用纸，抽签vi. 投票，抽签vt. 投票选出，拉选票
web	web	n. 网，蛛丝，蹼，织物，圈套，卷筒纸vi. 结网，形成网vt. 织蜘蛛网于，使落入圈套
walter	'wɔ:ltә(r)	n. 沃尔特（男子名）
barry	'bæri	n. 巴里（男子名）
justification	.dʒʌstifi'keiʃәn	n. 辩护，证明正当，释罪[计] 调整
southeast	sauθ'i:st	n. 东南，东南地区a. 东南的，向东南的，来自东南的adv. 往东南，来自东南
dean	di:n	n. 院长，主持牧师[法] 外交团长，学院院长，教务长
shakespeare	'ʃeik.spiә	n. 莎士比亚
driving	'draiviŋ	n. 赶，操纵，驾驶a. 推进的，强劲的，精力旺盛的
rhetoric	'retәrik	n. 修辞，修辞学，雄辩（术）
harris	'hæris	n. 哈里斯（英国苏格兰一地区）；哈里斯（姓氏）
stance	stæns	n. 准备击球姿势，站立的姿势，位置，姿态[经] 地位，形势
vitamin	'vaitәmin	n. 维生素[化] 维生素
whisky	'hwiski	n. 威士忌酒，轻便马车[化] 威士忌酒
probability	.prɒbә'biliti	n. 可能性，或然率，几率，概率[化] 概率; 几率
wilderness	'wildәnis	n. 荒野，荒地，大量
oxygen	'ɒksәdʒәn	n. 氧[化] 氧O-2
praise	preiz	n. 赞美，称赞，崇拜vt. 称赞，赞美vi. 赞扬，表扬
breed	bri:d	n. 种类，品种v. 养育，引起，饲养，繁殖
endless	'endlis	a. 不停的，无穷尽的，无尽的[机] 无端的，环状的
explicit	ik'splisit	a. 详述的，清楚的，直言的
moore	'muә	n. 摩尔（男子名）
mandate	'mændeit	n. 命令，指令，要求vt. 委任统治
seminar	'seminɑ:	n. 研究班，专题讨论会[经] 讨论会，专家讨论会
doorway	'dɒ:wei	n. 门口，途径
chaos	'keiɒs	n. 大混乱，混沌[化] 混沌; 浑沌
evans	'evәnz	n. 埃文斯（姓氏）
abstract	'æbstrækt	a. 抽象的，深奥的n. 摘要，抽象概念vt. 摘要，提炼，使抽象化[计] 摘录; 摘要; 抽象
delegate	'deligeit	n. 代表vt. 委派……为代表
ross	rɔs	n. 罗丝（女性名）
canvas	'kænvәs	n. 帆布，画布，油画[化] 帆布
defender	di'fendә	n. 防卫者，防护者，辩护者[法] 辩护人，保护人
portfolio	pɒ:t'fәuliәu	n. 皮包，公文包，部长职务，有价证券财产目录，艺术代表作选辑[法] 公文包，文件夹，阁员职务
profound	prә'faund	a. 极深的，深厚的，深刻的，渊博的
successive	sәk'sesiv	a. 继承的，连续的[经] 接续承运人; 连续的
lobby	'lɒbi	n. 大厅，休息室，游说议员者vi. 游说议员，游说vt. 游说
abolish	ә'bɒliʃ	vt. 废止，革除，消灭[经] 废除，取消，裁撤
sensation	sen'seiʃәn	n. 感觉，轰动[医] 感觉
trait	treit	n. 特征，特性，一笔，少许
allege	ә'ledʒ	vt. 宣称，主张，提出，断言[法] 断言，指称，指证
apologize	ә'pɒlәdʒaiz	vi. 道歉，辩解
beam	bi:m	n. 横梁，杆，光线，容光焕发vi. 用梁支承，微笑，射出光线vt. 照耀，感到欣喜[计] 束
comparable	'kɒmpәrәbl	a. 可比较的，比得上的
corruption	kә'rʌpʃәn	n. 腐败，堕落，贪污[计] 论误
premium	'pri:miәm	n. 额外补贴，奖金，奖赏，保险费[医] 保险费
astronomer	ә'strɒnәmә	n. 天文学家
contractor	'kɒntræktә	n. 立契约的人，承包商[化] 承包者; 承包工厂
density	'densiti	n. 密度[化] 密度
availability	ә.veilә'biliti	n. 有效性，可利用性，可利用的人[计] 有效性; 可用性
installation	.instә'leiʃәn	n. 安装，装置，就职[医] 结构，装置，设立
thumb	θʌm	n. 拇指vt. 以拇指拨弄，笨拙地摆弄，用拇指翻旧，迅速翻阅，作搭车手势
appendix	ә'pendiks	n. 附录，附加物，阑尾[化] 增补
horrible	'hɒrәbl	a. 可怕的，遭透的，极讨厌的
bastard	'bæstәd	n. 私生子，劣货a. 私生的，杂种的，不合标准的
modification	.mɒdifi'keiʃәn	n. 修正，修饰，修改[化] 修饰; 修改
alex		[计] 开放网络文件系统
behavioral	bi'heivjәrәl	a. 行为的
classification	.klæsifi'keiʃәn	n. 分类，分级[化] 分级; 分粒; 分类
scatter	'skætә	n. 消散，分散，散播，散射，散布，酒馆vi. 散布，散播，消散vt. 使消散，使分散，撒，散布，散播，散射[计] 散点图
offender	ә'fendә	n. 罪犯，无礼的人，得罪人的人
associated		a. 联合的[计] 关联的; 结合的
forum	'fɒ:rәm	n. 论坛，公开讨论的广场，法庭，讨论会[法] 讨论会，专题讨论，公共论坛
capitalism	'kæpitәlizәm	n. 资本主义[经] 资本主义
fork	fɒ:k	n. 叉子，叉状物，分岔vi. 分支，分歧vt. 做成叉形，叉起[计] 派生指令
frown	fraun	n. 皱眉vi. 皱眉头vt. 皱眉表示
korea	kә'riә	n. 朝鲜，韩国
christianity	.kristʃi'æniti	n. 基督教，基督教精神
caroline	'kærәlaiŋ	n. 凯若琳（女子名）
polytechnic	.pɒli'teknik	a. 各种工艺的，工艺教育的n. 工艺专科学校，理工专科学校
marx	mɑ:ks	n. 马克思（无产阶级的伟大领袖）
relieve	ri'li:v	vt. 减轻，救济，解除，使免除，换……的班，使得到调剂，使不单调，衬托，使显著vi. 救济，当替补投手，呈鲜明突出
computing	kәm'pju:tiŋ	[计] 计算
eliot	'eljәt	n. 艾略特（姓氏）
timing	'taimiŋ	n. 时间选择，时间测定，定时，调速[计] 定时器时钟
olympics	әu'limpiks	n. 奥林匹克运动会
interfere	.intә'fiә	vi. 妨碍，冲突，干涉，抵触[医] 干扰，干涉，阻碍，碰腿（马）
meaningful	'mi:niŋful	a. 意味深长的
sidewalk	'saidwɒ:k	n. 人行道
technological	.teknә'lɒdʒikl	a. 技术的[经] 工艺的，技术的
sooner	'su:nә	n. （美）（非正式）抢先占有土地者，抢先而获得不正当利益的人
separately	'sepәrәtli	adv. [表]分开，不相连，分隔，分离，不同，单独，独立，各自，各别，脱离肉体，灵魂[计] 分离地
signature	'signәtʃә	n. 签字，识别标志，调号[计] 签名附件
regret	ri'gret	n. 遗憾，后悔，悔恨，抱歉，歉意vt. 为……感到遗憾，后悔，惋惜，懊悔，抱歉vi. 感到抱歉
mild	maild	a. 温和的，温柔的，淡味的，适度的，轻微的，（肥皂等）软性的[医] 轻的，缓和的
wow	wau	interj. （非正式）哇n. 巨大的成功，轰动一时的成功，十分有趣的事物[计] WIn32上的Windows
delicate	'delikәt	a. 细致优雅的，微妙的，美味的[医] 柔弱的
panic	'pænik	n. 恐慌，惊慌a. 惊慌的，没有理由的，恐慌的vt. 使惊慌，使狂热vi. 惊慌
spouse	spauz	n. 配偶
frozen	'frәuzn	a. 冻结的，冰冷的，严寒的，冻伤的，冷酷的freeze的过去分词
officially	ә'fiʃәli	adv. 作为公务员，职务上，官方地
resume	ri'zju:m	vt. 重新开始，取回，恢复vi. 再开始n. 摘要，个人简历[计] 继续执行
bonus	'bәunәs	n. 奖金，红利[经] 奖金，红利，额外补贴
casual	'kæʒjuәl	a. 偶然的，不经意的，便装的n. 临时工，待命士兵
sodium	'sәudiәm	n. 钠[化] 钠Na
seventeen	sevn'ti:n	num. 十七，十七个
riot	'raiәt	n. 暴动，喧闹，放纵vi. 发动，暴动，纵情，放荡vt. 浪费，挥霍
persist	pә'sist	vi. 坚持，固执，持续，坚称[经] 持续
inherit	in'herit	vt. 继承，遗传vi. 接受遗产
extract	ik'strækt	n. 榨出物，精汁，摘录，选段vt. （费力地）取出，采掘，榨取，摘录，吸取[计] 提取
forehead	'fɒ:rid	n. 额，前额，前部[医] 额
lesser	'lesә	a. 较少的，较小的，次要的
rebuild	ri'bild	vt. 改建，重建，改造vi. 重建
hook	huk	n. 钩，钩状，镰刀，陷阱vt. 挂……于钩上，钩住，引上钩，偷窃vi. 弯成钩状，钩紧[计] 钩
wool	wul	n. 羊毛，毛织物，毛线，绒线[医] 羊毛，绒毛，棉[花]
bounce	bauns	n. 跳，跳跃，弹力，撞击vi. 反跳，弹跳vt. 使跳回，撞击[计] 打回
steep	sti:p	n. 浸渍，悬崖a. 险峻的，陡峭的，急剧升降的，夸大的v. 浸，泡
click	klik	n. 咔哒声，啪嗒声vi. 作咔哒声vt. 使发咔哒声[计] 单击
locally	'lәukәli	adv. 地方性地，局部性地，在当地
traveler	'trævlә	n. 旅行者，游客，旅客，旅行推销员，活动起重架，行车，临时记帐单
insert	in'sә:t	n. 插入物vt. 插入，把（人造卫星）射入（轨道）, 添写vi. 附着[计] 插入
glory	'glɒ:ri	n. 光荣，荣耀，荣誉，壮丽，繁荣vi. 自豪
exit	'eksit	n. 出口，退场，离去，去世vi. 退出，脱离，去世[计] 退出; DOS内部命令:本命令用于退出当前的命令处理器(COMMAND.COM)恢复前一个命令处理器
dedicate	'dedikeit	vt. 献出，贡献
dull	dʌl	a. 钝的，无趣的，呆滞的，阴暗的vt. 使迟钝，使阴暗，缓和vi. 变迟钝，减少
brave	breiv	a. 勇敢的，美好的，华丽的n. 勇敢者vt. 勇敢地面对
backwards	'bækwәdz	adv. 向后
twentieth	'twentiiθ	num. 第二十，二十分之一
pickup	'pikʌp	n. 拾起，加速，刺激，猎物的收集，好转，恢复健康，搭车者，兴奋剂，电视摄像[电] 拾音器
carve	kɑ:v	v. 雕刻，切开
pity	'piti	n. 遗憾，同情，怜悯，憾事，可惜vt. 同情，怜悯vi. 觉得可怜，有同情心
partial	'pɑ:ʃәl	a. 部分的，偏袒的，偏爱的n. 分音
belly	'beli	n. 腹部，食欲vt. 使鼓起vi. 鼓起，匍匐前进
packet	'pækit	n. 小包，一批信件，大量，信息包vt. 打包，装进小包[计] 分组，分组报文，数据分组
conceive	kәn'si:v	vt. 构思，认为vi. 怀孕
skilled	'skild	a. 熟练的[经] 熟练的，有技能的
scare	skєә	n. 惊吓，恐慌vt. 惊吓，使恐慌vi. 受惊
cater	'keitә	v. 提供饮食及服务，投合，迎合
shuttle	'ʃʌtl	n. 穿梭，梭子，往返移动之物v. （使）穿梭移动，往返运送
morris	'mɒ:ris	n. 莫里斯舞
invisible	in'vizәbl	a. 看不见的，无形的[经] 无形的，表面上看不见的，未列在公开帐目的
engagement	in'geidʒdmәnt	n. 诺言，约会，婚约，交战[医] 衔接
ankle	'æŋkl	n. 踝[医] 踝，踝关节
swimming	'swimiŋ	n. 游泳，眩晕
rescue	'reskju:	n. 援救，解救，营救vt. 援救，救出，营救
thames	temz	n. 泰晤士河
counterpart	'kauntәpɑ:t	n. 副本，复本，配对物，相应物[经] 副本，正副二份中之一
historically	his'tɔrikәli	adv. 历史上地；从历史观点上说
severely	si'viәli	adv. 严格，尖锐，严肃，严重，严厉，朴素
marvellous	'mɑ:vilәs	a. 奇异的，神奇的，奇迹般的，惊人的，不可思议的，绝妙的，妙极的
instruct	in'strʌkt	vt. 教，教育，命令，通知[法] 托办，指导，指示
noon	nu:n	n. 正午，中午，全盛期
happily	'hæpili	adv. 幸福地，快乐地，幸好
neat	ni:t	a. 整洁的，巧妙的，匀称的，简洁的n. 牛
doll	dɒl	n. 洋娃娃，无头脑的美丽女人
rider	'raidә	n. 骑手，（文件后的）附件，扶手[化] 游码
opt	ɒpt	vi. 选择
amid	ә'mid	prep. 在其间，在其中[经] 在……中
intensive	in'tensiv	a. 加强的，内涵的，集中的n. 加强器
trader	'treidә	n. 商人，商船[经] 交易者，商船
isolate	'aisәleit	vt. 使隔离，使孤立，使绝缘n. 隔离种群
carbohydrate	.kɑ:bәu'haidreit	n. 碳水化合物，糖类[化] 糖类; 碳水化合物
diagnose	'daiәgnәuz	v. 诊断
envisage	in'vizidʒ	vt. 面对，正视，想象
elegant	'eligәnt	a. 优雅的，端庄的，高雅的
theology	θi'ɒlәdʒi	n. 神学
poster	'pәustә	n. 海报，招贴，驿马
concession	kәn'seʃәn	n. 特许，让步，认可[经] 核准，许可，特殊（权）
crawl	krɒ:l	n. 爬行，匍匐而行，养鱼池v. 爬行
nonprofit	nɒn'prɒfit	a. 非赢利的，无利可图的[法] 非营利的，无利可图的
handsome	'hænsәm	a. 英俊的，大方的，慷慨的，相当可观的，美观的，灵敏的
tutor	'tju:tә	n. 家庭教师，导师，助教，监护人vt. 当……的教师，教，指导，约束，克制vi. 当家庭教师，受家庭教师的指导
lonely	'lәunli	a. 孤单的，孤寂的，荒凉的
instinct	'instiŋkt	n. 本能，直觉a. 充满着的
promising	'prɒmisiŋ	a. 有希望的，前途有望的[经] 有希望的
damp	dæmp	n. 潮湿，湿气a. 潮湿的vt. 使潮湿，使阻尼，抑止vi. 变潮湿，衰减
donor	'dәunә	n. 捐赠人[化] 给体; 供体
jazz	dʒæz	n. 爵士乐，喧闹a. 爵士乐的，喧吵的vi. 演奏爵士乐，跳爵士舞，游荡vt. 奏爵士乐，使活泼
pastor	'pæstә	n. 牧师
eagle	'i:gl	n. 鹰，鹰状标饰
preliminary	pri'liminәri	n. 初步做法，初步措施，预试，预选赛a. 初步的，开始的，预备的
inn	in	n. 旅馆，客栈vi. 住旅馆
trainer	'treinә	n. 训练员，驯马师[电] 列车器
diagram	'daiәɡræm	n. 图表；图解
roy	rɔi	n. 罗伊（男子名）
vertical	'vә:tikl	a. 垂直的，直立的[医] 垂直的，顶的，头顶的
hug	hʌg	n. 紧抱，拥抱vt. 紧抱，坚持，使沾沾自喜
fancy	'fænsi	n. 想象力，幻想，喜好a. 想象的，精美的，新奇的，奇特的，高价的，特级的vt. 想象，设想，相信，喜爱vi. 想象，幻想
ambulance	'æmbjulәns	n. 救护车[医] 救护车
pavement	'peivmәnt	n. 路面，人行道，铺面路，铺路材料
concede	kәn'si:d	vt. 承认，退让vi. 让步
punish	'pʌniʃ	vt. 处罚，惩罚，严厉对待vi. 惩罚
sphere	sfiә	n. 球，球面，球体，天体，地球仪，范围vt. 包围，使成球体，放入球内
holding	'hәuldiŋ	n. 把持，支持，保持[法] 租借地，占有物，拥有的财产
ray	rei	n. 光线，射线，闪烁，光辉vi. 射出光线，浮现，放射光线vt. 放射，显出
malcolm		n. 马尔科姆（男子名）
nest	nest	n. 巢，窝，休息所，隐匿处vi. 筑巢，找鸟巢vt. 为……设窝，使套叠[计] 嵌套
teenage	'ti:nidʒ	a. 十三岁到十九岁的
reign	rein	v. 为王，为君；当政；统治n. 为王，为君；当政；统治
parallel	'pærәlel	n. 平行，对比，相匹敌之物a. 平行的，相似的vt. 与……平行，与……相似，相比，使平行[计] 并联; 并行
happiness	'hæpinis	n. 快乐，幸运，适当
influential	.infu'enʃәl	a. 有影响的，有势力的
elevator	'eliveitә	n. 电梯，升降机[化] 提升机
statue	'stætju	vt. 以雕像装饰n. 雕像
pursuit	pә'sju:t	n. 追踪，追求，追赶，娱乐，职业[法] 追捕，追求
clash	klæʃ	n. 冲突，撞击声，抵触vi. 冲突，抵触vt. 使发出撞击声[计] 对撞
tropical	'trɒpikl	a. 热带的，热情的[医] 热带的
entity	'entiti	n. 实体，实存物，存在[计] 实体
gym	dʒim	n. +体育馆，体育训练，体育课，体操
redundancy	ri'dʌndәnsi	n. 过多，冗长，累赘，多余，冗余位，冗余度，冗余码，多余信息[计] 冗余
alleged	ә'ledʒd	a. 被断言的，所谓的[法] 提出而尚未证实的，声称的，宣称的
disclose	dis'klәuz	vt. 揭露，透露[法] 揭发，揭露，公开
liberation	.libә'reiʃәn	n. 释放，解放[化] 发出; 释放; 放出
fist	fist	n. 拳头，手vt. 拳打，握成拳，紧握
pat	pæt	n. 轻拍v. 轻拍adv. 适时，正好，恰好，毫不迟疑，熟记地a. 恰好的，合适的，熟练的，坚定的，人为的
reporting	ri'pɒ:tiŋ	n. 报道[经] 报告，汇报
jenny	'dʒeni	n. 纺纱机，移动吊车，母驴
destination	.desti'neiʃәn	n. 目的地，目标，目的[计] 目的文件，目的单元
endorse	in'dɒ:s	vt. 支持，赞同，背书于，签署[经] 赞成，背书
update	ʌp'deit	vt. 更新，使现代化n. 更新[计] 更新
exploration	.eksplә'reiʃәn	n. 探险，踏勘，探测[医] 探察
tray	trei	n. 托盘，公文盘，满盘，发射箱[化] 淋盘
thesis	'θi:sis	n. 论题，论文
feedback	'fi:dbæk	n. 反馈，反应[计] 反馈
morgan	'mɒ:gәn	n. 摩根马
allen	'ælin, 'ælәn	n. 艾伦（男子名）
commonwealth	'kɔmәnwelθ	n. 共和国；联邦；国民整体
delegation	.deli'geiʃәn	n. 代表团，派遣代表团，代表的地位（或权力）[经] 派遣，委任，委托
coup	'ku:	n. 砰然的一击，妙计，出乎意料的行动，政变[医] 发作，中，击
purple	'pә:pl	n. 紫色，帝位a. 紫色的，帝王的，华而不实的v. （使）成紫色
sunlight	'sʌnlait	n. 日光[医] 日光，太阳光
laser	'leizә	n. 激光[计] 激光器
marie	'mɑ:ri(:), mә'ri:	n. 玛丽（女子名）
bold	bәuld	a. 大胆的n. 粗体[计] 粗体
starting	'stɑ:tiŋ	n. 开端，开始，出发，起动，开动[机] 开动，起动
vietnam	.vjet'næm	n. 越南
practically	'præktikli	adv. 几乎，差不多，事实上
cardiff	'kɑ:dif	n. 加的夫（英国港市）
subsidiary	sәb'sidiәri	n. 子公司，附件，辅助者a. 辅助的，次要的，津贴的
eating	'i:tiŋ	n. 吃，食物a. 侵蚀的，腐蚀性的
pakistan	.pɑ:ki'stɑ:n	n. 巴基斯坦
incidence	'insidәns	n. 发生，发生率，影响，负担者，入射，倾角[医] 入射，发生率，发生数
subsidy	'sʌbsidi	n. 补助金，津贴[经] 补助金，津贴，补贴
parade	pә'reid	n. 游行，炫耀，阅兵v. 游行，炫耀，（使）列队行进
autonomy	ɒ:'tɒnәmi	n. 自治，自治权[医] 自主性
ira	'aiәrә	abbr. 爱尔兰共和军（Irish Republican Army）；个人退休帐户（Individual Retirement Account）
dc		直流电[计] 数据单元，数据中心，数据代码，数据通信，数据控制，数字控制，直流
organism	'ɒ:gәnizm	n. 生物，有机体，社会组织[医] 生物[体],[有]机体
realm	relm	n. 王国，领土，领域[计] 领域
plc		[计] 可编程逻辑控制器
blend	blend	vt. 混合n. 混合
auditor	'ɒ:ditә	n. 审计员，听者，旁听生[经] 审计（查帐）员，审计师，会计检查员
fucking	'fʌkiŋ	a. 该死的，难完成的，难做的，低劣的，讨厌的，丑恶的，混乱的，乱糟糟的
safely	'seifli	adv. 安全地，确实地
therapist	'θerәpist	n. 治疗学家[医] 治疗学家
faster		[计] 加快
pizza	'pi:tsә	n. 比萨饼
recipient	ri'sipiәnt	a. 领受的，容易接受的，感受性强的n. 领受者，容纳者，容器
peel	pi:l	n. 皮，外壳vt. 削……皮，剥去……的壳vi. 蜕皮，剥落，脱皮，脱去衣服
lighting	'laitiŋ	n. 照明，照明设备，舞台灯光
flip	flip	vt. 掷，弹，轻击，空翻vi. 用指轻弹，抽打，蹦跳n. 抛，弹，筋斗a. 无礼的[计] 翻转
stamp	stæmp	n. 印，邮票，打印器，戳子，图章，印花税票，标志，特征，类型，跺脚vt. 盖章于，顿足，贴上邮票，铭刻，捣碎，扑灭vi. 捣碎，跺脚
bias	'baiәs	n. 偏见，斜纹a. 偏斜的adv. 偏斜vt. 使有偏见[计] 偏流; 偏压; 偏磁; 偏离
huh	hʌ	interj. 哼，哈
obliged		a. 感激的；有责任的；必须的
disappointment	.disә'pɒintmәnt	n. 失望
metaphor	'metәfә	n. 隐喻
candle	'kændl	n. 蜡烛vt. 对着光检查
striking	'straikiŋ	a. 醒目的，惊人的，打击的，罢工的[法] 罢工的，罢市的，罢课的
fierce	fiәs	a. 凶猛的，猛烈的，热烈的，暴躁的
fascinating	'fæsineitiŋ	a. 迷人的，吸引人的，使人神魂颠倒的
suffering	'sʌfәriŋ	n. 苦难，受苦
garbage	'gɑ:bidʒ	n. 垃圾，废物[计] 无用信息
ton	tʌn	n. 吨[经] 吨
tribute	'tribju:t	n. 贡物，礼物，颂辞
regulatory	'regjulәtәri	a. 受控制的，统制的，调整的[经] 规则的
diamond	'daiәmәnd	n. 钻石，菱形[计] 菱形
minimize	'minimaiz	vt. 将……减到最少vt. 最小化vi. 最小化[计] 最小化
neighbourhood	'neibәhud	n. 邻接，周围，附近一带，邻近，邻居关系，地区，街道，街坊，四邻[计] 邻域
edit	'edit	vt. 编辑，编校，修订，剪辑[计] 编辑; DOS外部命令:该命令是一个用于编辑文本文件的全屏幕编辑程序
casualty	'kæʒjuәlti	n. 意外事故，伤亡，受害者[化] 事故
tightly	'taitli	adv. 紧紧地，坚固地
ours	'auәz	pron. 我们的
chin	tʃin	n. 下巴，颏[医] 颏
racism	'reisizm	n. 种族主义，种族偏见[法] 种族主义，种族歧视，种族歧视主张
vanish	'væniʃ	vi. 消失，不见，成为零
confess	kәn'fes	v. 承认，坦白，忏悔，供认
contemplate	'kɒntempleit	vt. 注视，沉思，盘算vi. 冥思苦想
excessive	ik'sesiv	a. 过度的，过多的，极端的[法] 过度的，过分的，额外的
starter	'stɑ:tә	n. 开端者，在起跑线上的人，参加赛跑的人，调度员，起动机，酵母[计] 启动程序，启动器
splendid	'spendid	a. 光亮的，了不起的，灿烂的，壮丽的，显著的，杰出的
remainder	ri'meindә	n. 剩余物，其他人，残余，余数v. 削价出售（图书）a. 剩余的，出售削价剩书的[计] 余数
gravity	'græviti	n. 地心引力，重力[化] 重力
intervene	.intә'vi:n	vi. 插入，调停，干涉[经] 进场干预
decorate	'dekәreit	v. 装饰
accuracy	'ækjurәsi	n. 精确，正确[计] 准确度
diminish	di'miniʃ	v. （使）减少，（使）变小
prevention	pri'venʃәn	n. 阻止，妨碍，预防[医] 预防
intent	in'tent	n. 意图，含义，故意a. 专心的，决心的，热心的
clay	klei	n. 泥土，肉体，黏土[化] 粘土
metropolitan	.metrә'pɒlitn	n. 大都市居民，都主教，宗主国的公民a. 大都市的，都主教区的，宗主国的
performer	pә'fɒ:mә	n. 表演者，执行者，完成者[法] 执行者，履行者，实行者
sensitivity	.sensә'tiviti	n. 敏感，灵敏度[计] 灵敏度
chop	tʃɒp	n. 肋条肉，排骨，砍，戳记，商标vt. 剁碎，砍，切击，割断vi. 砍，突然转向
greece	gri:s	n. 希腊
thief	θi:f	n. 小偷，贼[化] 取样
productive	prә'dʌktiv	a. 能生产的，有生产价值的，多产的[医] 产出性的，产生性的
flavour	'fleivә	n. 味，调味香料，滋味，香味，气味，风味，情味，情趣，风韵vt. 给……调味，给……增添风趣，加香料，加味于
geography	dʒi'ɒgrәfi	n. 地理学，地理[医] 地理
inventory	'invәntәri	n. 详细目录，存货清单vt. 列入详细目录，清点存货[计] 存货清单
surrounding	sә'raundiŋ	n. 环境a. 周围的
civic	'sivik	a. 市的，市民的，公民的[法] 公民的，市民的，公民资格的
exceptional	ik'sepʃәnәl	a. 例外的，异常的，特别的
descend	di'send	vi. 下降，世代相传，屈尊，袭击vt. 下降
magnitude	'mægnitju:d	n. 巨大，重大，重要，大小，数量，星等（指星的亮度）[计] 大小; 值
combined	kәm'baind	a. 结合的；组合的
hostage	'hɒstidʒ	n. 人质，抵押品[经] 人质，抵押品
grasp	græsp	n. 把握，抓紧，理解，抓，柄，控制vt. 抓住，紧握，领会vi. 抓
popularity	.pɒpju'læriti	n. 名声，受大众欢迎，流行
firstly	'fә:stli	adv. 第一，首先
supervision	.sju:pә'viʒәn	n. 监督，管理[经] 监督，管理
alien	'eiljәn	n. 外国人，外侨a. 外国的，相异的
pint	paint	n. 品脱（干量或液量的单位）[医] 量磅，品脱
dynamic	dai'næmik	a. 动态的，有活力的，有力的，动力的，不断变化的n. 动力，动态[计] 动态的
scary	'skєәri	a. 容易受惊的，胆小的，提心吊胆的
forecast	'fɒ:kɑ:st	n. 预想，预测，预报vt. 预想，预测，预报[计] 趋势预测
translation	træns'leiʃәn	n. 翻译，译文，转化，调任，平移，转译[计] 转换
cling	kliŋ	vi. 粘紧，附着，紧贴，坚持
rage	reidʒ	n. 愤怒，情绪激动，狂暴vi. 大怒，狂吹，流行
memorial	mi'mɒ:riәl	n. 纪念物，请愿书a. 记念的，记忆的
photography	fә'tɒgrәfi	n. 摄影，摄影术[化] 照相术
execution	.eksi'kju:ʃәn	n. 实行，完成，执行，死刑[计] 执行
offering	'ɒfәriŋ	n. 提供，奉献物，牲礼，上市的股票（或证券等）[经] 出售物
precious	'preʃәs	a. 宝贵的，珍贵的，过于精致的，珍爱的
geoffrey		n. 杰弗里（男子名）
prohibit	prә'hibit	vt. 禁止，阻止[经] 禁止
dismissal	dis'misәl	n. 免职，解雇[经] 解雇
steadily	'stedili	adv. 稳定地，无变化地，有规则地
solely	'sәulli	adv. 仅仅，单独地
exclusively	ik'sklu:sivli	adv. 排他地，仅仅，专门，只，仅，唯一地，专有地
conceal	kәn'si:l	vt. 隐藏，掩盖，隐瞒[法] 隐瞒，隐匿，保守秘密
enroll	in'rәul	vt. 登记，使加入vi. 参军，注册
hidden	'hidn	a. 隐藏的hide的过去分词[计] 隐藏的
hostility	hɒs'tiliti	n. 敌意，敌对，反对
compulsory	kәm'pʌlsәri	a. 被强制的，强迫的，义务的[经] 强迫的，强制的
similarity	.simi'læriti	n. 类似，类似处[法] 类似，相似，类似事例
jaw	dʒɒ:	n. 颚，颌v. 闲谈，教训，唠叨
gathering	'gæðәriŋ	n. 聚集，集中，采集[化] 富集
stumble	'stʌmbl	n. 绊倒，蹒跚而行，失足vt. 使绊倒，使困惑vi. 绊倒，失足，失策，犯错，蹒跚，踌躇
ridge	ridʒ	n. 脊，山脊，山脉[医] 嵴，脊，棱线
dawn	dɒ:n	n. 破晓，黎明vi. 破晓
automobile	'ɒ:tәmәbi:l	n. 汽车[机] 汽车
barbara	'bɑ:bәrә	n. 芭芭拉（女子名）
liver	'livә	n. 肝脏，生活者，居民[医] 肝
progressive	prә'gresiv	n. 改革论者，进步论者a. 前进的，累进的，进步的
venue	'venju:	n. 犯罪地点，审判地，发生地点
shared	ʃεәd	a. 共享的
terminal	'tә:minәl	n. 终端机，终点，末端，极限，终点站a. 终点的，定期的，致死的，结尾的，末端的，晚期的[计] 终端; 终端设备
incur	in'kә:	vt. 招致，蒙受，遭遇[经] 招致，蒙受，担负
continental	.kɒnti'nentl	a. 大陆的，洲的n. 欧洲大陆人
cab	kæb	n. 出租车，出租汽车，出租马车vi. 乘出租马车（或汽车）
cooperate	kәu'ɒpәreit	vi. 合作，协力，配合[化] 合作
hitler	'hitlә	n. 希特勒（纳粹德国元首）
romance	rәu'mæns	n. 冒险故事，浪漫史，传奇文学vi. 写传奇，作空想，虚构
pillow	'pilәu	n. 枕头，靠垫，枕状岩vt. 作……的枕头，垫，枕于vi. 靠在枕上
relevance	'relivәns	n. 中肯；关联；相关性
primitive	'primitiv	n. 原始人，早期艺术家a. 原始的，上古的[计] 图元; 原语; 基元
seal	si:l	n. 印章，封条，海豹，海豹皮，火漆，封蜡，玺，保证，批准，象征，标志vt. 封闭，盖印，盖章vi. 猎海豹
sweden	'swi:dn	n. 瑞典
lancashire	'læŋkәʃiә	n. 兰开夏郡（英格兰郡名）
bronze	brɒnz	n. 青铜，铜像a. 青铜色的
annually	'ænjuәli	adv. 一年一次，每年[经] 年度的，每年的
bruce	bru:s	n. 布鲁斯
orchestra	'ɒ:kistrә	n. 管弦乐队，乐队演奏处
lately	'leitli	adv. 近来，最近
scarcely	'skɑ:sli	adv. 简直不，一定不，仅仅
alternatively	ɒ:l'tә:nәtivli	adv. 非此即彼
scan	skæn	n. 审视，浏览，扫描，细查vt. 细看，浏览，扫描，详细调查，标出格律vi. 押韵，扫描[计] 网络软件目录，编码与分析系统
deadline	'dedlain	n. 最后期限，截止期限[经] 截止日期
operational	.ɒpә'reiʃәnl	a. 操作的，运作的[法] 操作上的，业务上的，可起作用的
rear	riә	n. 后面，背后，后方a. 后面的，背面的，后方的vt. 养育，培养，饲养，举起，树立，栽种vi. 高耸，暴跳
clark		n. 克拉克（男子名）
occupational	.ɒkju'peiʃәnl	a. 职业的，军事占领的[医] 职业的
ranch	ræntʃ. rɑ:ntʃ	n. 大牧场v. 经营牧场
verbal	'vә:bl	a. 用言辞的，言语的，口头的，逐字的，动词的[医] 言语的，口述的
archbishop	'ɑ:tʃ'biʃәp	n. 大主教
coastal	'kәustәl	a. 海岸的，沿海的，沿岸的[法] 海岸的，沿海的
socialism	'sәuʃәlizm	n. 社会主义，社会主义运动
burning	'bә:niŋ	a. 燃烧的，象燃烧一样的n. 烧，燃烧
exclusion	ik'sklu:ʒәn	n. 排除，除外，逐出[医] 排除，除外，分离术
substantially	sәb'stænʃәli	adv. 实质上，本质上，大体上
tribal	traibl	a. 部落的，宗族的
systematic	.sisti'mætik	a. 有系统的，分类上的，体系的[医] 系统的，系的，分类的
downstairs	'daun'stєәz	n. 楼下a. 楼下的adv. 在楼下
sexually		adv. 性别地；两性之间地
hughes		[计] 体斯
credibility	.kredi'biliti	n. 可信用，确实性，可靠[法] 证据能力，可信程度，确实性
brazil	brә'zil	n. 巴西
organiser		[经] 组织者，创立人，发起人
constituent	kәn'stitjuәnt	n. 成分，选民，构成物a. 构成的，组织的，选举的
sentiment	'sentimәnt	n. 感情，感伤，情操，情绪，感想，意见[医] 情感，情操
payable	'peiәbl	a. 可付的，到期的，应付的，有利益的[经] 应付的
divine	di'vain	a. 神的，神圣的，非凡的n. 神学家
pardon	'pɑ:dn	n. 原谅，赦免vt. 宽恕，原谅
cart	kɑ:t	n. 二轮运货马车vi. 驾运货马车vt. 用车装载
t	ti:	[计] 表，终端，测试，磁道，树，真，太，万亿[医] 温度，胸的，胸廓的，眼球内压，眼压，垓，千京，兆兆
monitoring	'mɔnitәriŋ	[计] 监控，监督，监视[经] 检验，检查，控制
interim	'intәrim	a. 暂时的，临时的，间歇的n. 过渡时期
oversee	.әuvә'si:	vt. 向下看，了望，监督，偷看到[法] 监察，监督，俯瞰
elder	'eldә	n. 年长者，老人，前辈a. 年长的，资深的
liz		n. 莉斯（女子名）
inspiration	.inspә'reiʃәn	n. 灵感，鼓舞人心的人或物，妙计，吸气[医] 吸[气]
integrated	'intәgreitid	a. 综合的，完整的，互相协调的[法] 成为整体的，综合的，统筹的
ideological	.aidiә'lɒdʒikәl	a. 意识形态的，空想的[法] 思想的，思想上的，意识形态的
pro	prәu	adv. 正面地[计] 可编程远程操作
gp		普通医师，普通医生开业医生[计] 通用程序设计，图形处理器
benjamin	'bendʒәmin	[医] 安息香
trailer	'treilә	n. 追踪者，拖车[电] 拖车
parameter	pә'ræmitә	n. 参变数，参变量，参数，参量[计] 参量; 参数
greek	gri:k	n. 希腊人，希腊语a. 希腊的，希腊人的[计] 希腊
equilibrium	.i:kwi'libriәm	n. 平衡，平静，均衡[化] 平衡
o'clock	ә'klɔk	n. ……点钟，钟头
genius	'dʒi:njәs	n. 天才，天赋，精神，神魔[医] 特征
matrix	'meitriks	n. 母体，子宫，基质，脉石，模型，矩阵[计] 矩阵
monument	'mɒnjumәnt	n. 纪念碑，纪念物，石碑
premier	'pri:mjә	n. 总理，首相a. 首位的，最初的
quest	kwest	n. 探索，寻求，调查v. 寻找，找，追寻猎物
striker	'straikә	n. 打击者，罢工者[经] 罢工者
sacrifice	'sækrifais	n. 牺牲，供奉，祭品vt. 牺牲，祭祀，贱卖vi. 献祭
cleveland	'kli:vlәnd	n. 克利夫兰
ussr		苏联
juror	'dʒuәrә	n. 陪审员，审查委员[法] 陪审员，陪审官，宣誓者
harriet		n. 哈里特（女子名）
dynamics	dai'næmiks	n. 动力学[化] 动力学
carer	'kεәrә	n. 负责照顾（老人，病人，小孩）的人
bye	bai	interj. 再会，回头见[计] 结束命令
broker	'brәukә	n. 掮客，经纪人[经] 经纪人，掮客
gorbachev		[经] 戈尔巴乔夫
treasure	'treʒә	n. 宝物，财富vt. 珍爱，重视，秘藏
lea	li:	n. 草地
unfortunate	.ʌn'fɒ:tʃәnit	a. 不幸的，不合适的，不吉利的
impressed		a. 外加的；印象深刻的；了不起的；受感动的
tempt	tempt	vt. 诱惑，引诱，引起……的兴趣，吸引，冒……风险
freely	'fri:li	adv. 自由地，随意地，无拘束地，直率地，坦白地，慷慨地，免费地，大量地[计] 浮动地
talented	'tælәntid	a. 天资高的，有才能的
fortunately	'fɒitʃәnitli	adv. 幸运地，幸亏
nominee	.nɒmi'ni:	n. 被提名者，被任命者[经] 被指定人
definite	'definit	a. 明确的，一定的[法] 明确的，确切的，一定的
gasoline	'gæsәli:n	n. 汽油[化] 汽油
extended	ik'stendid	a. 延续的，伸出的，竭尽全力的，广大的，扩大范围的[法] 展期的，延期的，延长的
stiff	stif	a. 坚硬的，严厉的，呆板的，生硬的，刚强的，强烈的，粘的，稠的，艰难的n. 死尸，醉鬼，钞票vt. 不肯付……小费
advertise	'ædvәtaiz	vt. 做广告，通知，公布vi. 做广告
slap	slæp	n. 掴，掌击，侮辱，拍击声v. 拍击，惩罚adv. 正面地，直接地，突然地
upwards	'ʌpwәdz	adv. 以上，向上
supermarket	'sju:pәmɑ:kit	n. 超级市场[经] 超级市场，自助售货商店
nonsense	'nɒnsәns	n. 无意义的事，荒谬言行，荒唐
cutting	'kʌtiŋ	n. 切断，切下，路堑[化] 切屑
diabetes	daiә'bi:ti:z	n. 糖尿病，多尿症[医] 糖尿病; 多尿症
toxic	'tɒksik	a. 有毒的，中毒的[医] 中毒的，毒物的
grief	gri:f	n. 伤心，忧愁，悲痛，不幸，灾难
mysterious	mis'tiәriәs	a. 神秘的，难解的，不可思议的
determined	di'tә:mind	a. 坚决的，已下决心的
rocket	'rɒkit	n. 火箭，烟火vi. 急升，猛涨，飞驰vt. 用火箭运载
nowadays	'nauәdeiz	n. 现在，现时，当今adv. 时下，现今
donate	'dәuneit	v. 捐赠
breakdown	'breikdaun	n. 崩溃，故障[化] 事故; 击穿
awkward	'ɒ:kwәd	a. 笨拙的，棘手的
inmate	'inmeit	n. 同住者，被收容者[法] 内部的，接近中心的，内在的
bow	bәu.bau	n. 弓，眼睛框v. 用弓拉琴，弯成弓形n. 鞠躬，屈服
invariably	in'vєәriәbli	adv. 不变化地，恒定地，始终如一地
dignity	'digniti	n. 尊严，高贵[法] 尊严，高位，高贵
dispose	dis'pәuz	vt. 处理，排列，布置vi. 处置
parental	pә'rentәl	a. 父母亲的，做双亲的，作为渊源的[医] 父母的，双亲的
affection	ә'fekʃәn	n. 影响，病，喜爱，情感，倾向[医] 疾患，病变，病; 感情
bubble	'bʌbl	n. 泡沫vi. 冒泡，沸腾vt. 使冒泡，滔滔不绝地说
grace	greis	n. 优雅，风度，慈悲，恩惠，体面，赦免，恩典，谢恩祷告vt. 使优美
isolated	'aisәleitid	a. 孤立的，孤零零的[计] 隔离的，绝缘的
barn	bɑ:n	n. 谷仓[化] 靶（恩）（核反应截面单位）
dissolve	di'zɒlv	v. 溶解，解散
buddy	'bʌdi	n. 好朋友，伙伴
seventh	'sevnθ	num. 第七，七分之一
specialize	'speʃәlaiz	vt. 使特殊化，列举，特别指明，限定……的范围vi. 成为专家，专攻
prejudice	'predʒudis	n. 偏见，成见，侵害vt. 使存偏见，使有成见，侵害
shield	'ʃi:ld	n. 盾，防卫物，保护者，屏蔽vt. 保护，遮蔽，屏蔽，庇护，挡开，避开vi. 起保护作用
protective	prә'tektiv	a. 给予保护的，保护的[医] 保护的，防护的，保护剂，保护物，油绸
tuck	tʌk	n. 缝褶，活力，鼓声，船尾突出部，食品vt. 打褶，卷起，挤进，塞，收藏vi. 缝褶裥，缩拢
drum	drʌm	n. 鼓，鼓声vi. 击鼓，作鼓声vt. 打鼓奏出[计] 磁鼓
forthcoming	'fɒ:θ'kʌmɑŋ	a. 即将来临的n. 来临
dilemma	di'lemә	n. 困境，（进退两难的）窘境
hedge	hedʒ	n. 树篱，障碍，套头交易vt. 用树篱围，套期保值，妨碍，两面下注以防……的损失vi. 筑树篱，躲闪，两面下注以防损失a. 树篱的，偷偷摸摸的
brass	bræs.brɑ:s	n. 黄铜，黄铜制品a. 黄铜的，铜管乐器的v. 镀以黄铜，支付
neutral	'nju:trәl	n. 中立者，中立国，非彩色，空档a. 中立的，中性的，无色的
mature	mә'tjuә	a. 成熟的，到期的，充分考虑的vt. 使成熟vi. 成熟，到期
northeast	.nɒ:θ'i:st	n. 东北a. 东北的，向东北的，来自东北的adv. 向东北，来自东北
instantly	'instәntli	adv. 立即地，即刻地
shallow	'ʃælәu	n. 水浅的地方，浅滩a. 浅的，肤浅的v. （使）变浅
boring	'bɒ:riŋ	a. 烦人的，无聊的，无趣的[机] 成孔期，搪孔
holland	'hɒlәnd	n. 荷兰
arrow	'ærәu	n. 箭，箭状物，箭头记号
stadium	'steidiәm	n. 露天大型运动场[医] 期，病期
washing	'wɒʃiŋ	n. 洗涤，浸，洗涤物[机] 涂浆，洗涤
virgin	'vә:dʒin	n. 处女a. 处女的，贞洁的，纯洁的，初始的，纯的
dot	dɒt	n. 点，圆点，小数点，小东西，嫁妆vt. 作小点记号，加小点于vi. 打上点[计] 点
refrigerator	ri'fridʒәreitә	n. 电冰箱，冷藏库[计] 冷冻机; 致冷器
coincide	.kәuin'said	vi. 一致，符合[化] 重合
lively	'laivli	a. 活泼的，鲜明的，生动的
ladder	'lædә	n. 梯，梯状物，发迹的途径vi. 袜子抽丝，成名
ancestor	'ænsestә	n. 祖先，祖宗
optimistic	.ɒpti'mistik	a. 乐观的，乐观主义的，乐天的
cage	keidʒ	n. 笼，牢房，战俘营vt. 关进笼内
shrimp	ʃrimp	n. 虾，小虾，矮子vi. 捕小虾
ruler	'ru:lә	n. 统治者，管理者，尺，直尺n. 划线板[计] 标尺
keeper	'ki:pә	n. 监护人，管理人，看守人[机] 保管人，看守人，保持片
catherine	'kæθәrin	n. 轮圈外缘装有倒钩的车轮，侧翻筋斗，轮转烟火，车轮窗
hostile	'hɒstail	a. 敌人的，怀敌意的，敌对的n. 敌对分子
courtroom	'kɒ:trum	n. 法庭，审判室[法] 法庭，审判室
formulate	'fɒ:mjuleit	vt. 用公式表示，明确叙述，制订[机] 公式化，公式表示
homeland	'hәumlænd	n. 本国，故国
wolf	wulf	n. 狼，残忍贪婪之人，极度穷困vt. 狼吞虎咽，大吃
reproduce	.ri:prә'dju:s	v. 繁殖，再生，复制，生殖[计] 复制
rack	ræk	n. 架，行李架，饲草架，搁物架，痛苦，折磨，齿条，行云团vt. 把……放在架上，在架上制作，折磨，使痛苦，压榨，榨取，猛烈撕拉，拷问vi. 变形，倾斜，（云）随风飘，（马）小步跑[计] 机架
costume	'kɒstju:m	n. 装束，服装
correspondence	.kɒri'spɒndәns	n. 相符，通信，信件[医] 对应，相对
supper	'sʌpә	n. 晚餐
cartoon	kɑ:'tu:n	n. 卡通画，漫画v. 画漫画
creep	kri:p	n. 爬，徐行，蠕动vi. 爬，蔓延，潜行
le		[计] 小于或等于
bug	bʌg	n. 错误，虫，病菌，缺陷，窃听器，癖好，防盗报警器，双座小汽车，要人vt. 装防盗报警器，装窃听器，激怒vi. 捉虫，暴突[计] 缺点，错误
symbolic	sim'bɒlik	a. 象征的，符号的[电] 符号化
bless	bles	vt. 祝福，祈佑，使神圣化
accessible	әk'sesәbl	a. 易接近的，可进入的，可使用的，易受影响的，可理解的
tumor	'tju:mә	n. 肿大，肿块，瘤，赘生物，肿瘤[医] 瘤; 肿胀，肿块
verdict	'vә:dikt	n. 裁决，判决，判断性意见，定论，结论[法] 定论，判断，意见
deem	di:m	v. 认为，相信
inhabitant	in'hæbitәnt	n. 居民，居住者[医] 居民
classify	'klæsifai	vt. 分类，归类，分等[建] 分类，分级，分粒
sleeve	sli:v	n. 袖子，套管vt. 缝上袖子
lamb	læm	n. 小羊，羔羊v. 产羊羔
bankruptcy	'bæŋkrәptsi	n. 破产者[经] 破产，倒闭
vaccine	'væksi:n	n. 牛痘苗，疫苗a. 疫苗的，牛痘的
exam	ig'zæm	n. 考试，测验
drawer	'drɒ:ә	n. 抽屉，开票人[计] 抽屉
opposed	ә'pәuzd	a. 反对的，敌对的，对抗的，相对的[机] 反对的，相反的，对立的
collaboration	kә.læbә'ræʃәn	n. 合作，勾结[法] 通敌卖国者，奸细
robinson	'rɔbinsn	n. 罗宾逊（男子名）
patience	'peiʃәns	n. 耐性，忍耐
mexico	'meksikәu	n. 墨西哥
orbit	'ɒ:bit	n. 轨道，常轨，眼眶vt. 绕……轨道而行vi. 进入轨道，盘旋
submission	sәb'miʃәn	n. 屈服，服从，谦恭，呈递，提交，意见[经] 提交，提出，提交公断
spite	spait	n. 恶意，怨恨，使人烦恼的事物vt. 故意刁难，欺侮
voting	'vәutiŋ	n. 投票，选举a. 投票的，选举的
prey	prei	n. 被掠食者，牺牲者vi. 捕食
predecessor	.predi'sesә	n. 前任，先辈，前身[医] 初牙，前辈，祖先
patrol	pә'trәul	n. 巡逻，巡逻员，侦察队v. 巡逻，巡视
revelation	.revi'leiʃәn	n. 揭露，泄露，发觉，默示，启示
provincial	prә'vinʃәl	n. 外地人，粗野的人a. 省的，外地的，偏狭的
willingness		n. 乐意，心甘情愿，愿意
jewelry	'dʒu:әlri	n. 珠宝，珠宝类
calm	kɑ:m	n. 平稳，风平浪静a. 平静的，冷静的vi. 平静下来，镇静vt. 使平静
commerce	'kɒmә:s	n. 商业，商务，贸易[经] 商业，贸易，商务
cuban	'kju:bәn	a. 古巴的，古巴人的n. 古巴人
surrey	'sʌri	n. 四轮双座轻便游览马车
haul	hɒ:l	n. 用力拖拉，拖运，强拉，捕获量，拖运距离vi. 拖，拉，改变方向，改变主意vt. 拖拉，拖运
sterling	'stә:liŋ	n. 英国货币，标准纯银a. 英国货币的，标准纯银的，含标准成分的
hitherto	.hiðә'tu:	adv. 迄今，至今
undertaking	.ʌndә'teikiŋ	n. 事业，企业，保证[经] 企业，事业，承担
wagon	'wægәn	n. 四轮马车，货车[法] 囚车，马车，运货车
coffin	'kɒfin	n. 棺材，灵柩vt. 把……装进棺材
broadly	'brɒ:dli	adv. 宽广地，明白地，无礼貌地
afterward	'ɑ:ftәwәd	adv. 然后，后来
notable	'nәutәbl	n. 著名人士，值得注意之事物a. 值得注意的，显著的
equality	i:'kwɒliti	n. 平等，均匀，相等[法] 同等，平等，相等
ruin	ruin	n. 毁灭，推翻，废墟vi. 毁灭，衰败，破坏，破产，堕落vt. 使毁灭，毁坏，使破产
marble	'mɑ:bl	n. 大理石，石弹，雕刻品a. 大理石的，冷酷无情的，有大理石花纹的
immune	i'mju:n	a. 免疫的，免除的，不受影响的n. 免疫者
competence	'kɒmpitәns	n. 胜任，职称，能力[医] 能力，活性
ass	æs	n. 驴，傻瓜，笨蛋，屁股[计] 模拟仿真系统
reliability	ri.laiә'biliti	n. 信度，可靠性[计] 可靠性
biscuit	'biskit	n. 饼干[化] 素坯; 饼干
donald	'dɔnәld	n. 唐纳德（男子名）
collar	'kɒlә	n. 衣领，颈圈vt. 控制，扭住衣领，给……装上领子
exotic	ig'zɒtik	a. 异国的，外来的n. 外来人，外来物，舶来品
bull	bul	n. 公牛[法] 买方，买空者
hut	hʌt	n. 小屋，茅舍，临时军营v. （使）住在茅舍
clip	klip	n. 修剪，夹子，回形针，剪下来的东西vt. 修剪，痛打，夹牢，剪报vi. 剪报
thigh	θai	n. 大腿，股[医] 股，大腿
discourage	dis'kʌridʒ	vt. 使气馁，阻碍
trophy	'trәufi	n. 战利品，奖品vt. 用战利品装饰
hollywood	'hɔliwud	n. 好莱坞，美国电影界，美国电影工业，美国式电影
runner	'rʌnә	n. 跑步者，赛跑者，送信人，走私船，操作者，滑槽[化] 碾碎机; 压碎机
coordinator	kәu'ɒ:dineitә	n. 协调者，同等的人或物[化] 协调器
jonathan	'dʒɔnәθәn	n. 乔纳森（男子名）
intimate	'intimәt	a. 亲密的，私人的，秘密的vt. 暗示，通知，告诉n. 至交
workforce		n. 劳动力；工人总数，职工总数
secular	'sekjulә	n. 修道院外的教士a. 世俗的，现世的，长期的
recruitment	ri'kru:tmәnt	n. 新兵征召[医] 募集[反应], 募集[现象]（生理）, 复聪（耳科）
documentary	.dɒkju'mentәri	n. 记录片a. 文件的
scot	skɒt	n. 摊派的款项，税赋[化] 涂载体空心柱
tender	'tendә	a. 嫩的，柔软的，脆弱的，温柔的，亲切的，未成熟的，微妙的，棘手的，审慎的vt. 使变嫩，提供，偿还vi. 变柔软，投标n. 照料，看管人，供应船，小船，提出，偿付，投标
kenneth		n. 肯尼思（男子名）；[古]英俊的领导者
biology	bai'ɒlәdʒi	n. 生物学[化] 生物; 生物学
broadcasting	'brɒ:dkæstiŋ	n. 广播[电] 广播
rally	'ræli	n. 重振旗鼓，集合，群众集会，跌停回升v. 重整旗鼓，集合，恢复精神，团结，挖苦，嘲笑
conspiracy	kәn'spirәsi	n. 同谋，阴谋，阴谋集团[法] 阴谋，通谋，共谋
charlotte	'ʃɑ:lәt	n. 水果奶油布丁
whale	hweil	n. 鲸vi. 捕鲸vt. 使惨败，猛揍
dolphin	'dɒlfin	n. 海豚
advisory	әd'vaizәri	a. 顾问的，咨询的，劝告的[法] 劝告的，忠告的，咨询的
geographical	dʒiә'græfikl	a. 地理学的，地理的
indirect	.indi'rekt	a. 间接的，非直截了当的，不坦率的[医] 间接的
marshall	'mɑ:ʃәl	n. 马歇尔（姓氏，男子名，等于Mar'shal）
terrific	tә'rifik	a. 非常好的，极端的，可怕的
teammate	'ti:mmeit	n. 队友
f	ef	[计] 故障，假，法拉，字段，标记，特征，分数，频率，函数，功能
johnny	'dʒɒni	n. 男人，家伙
whoever	hu'evә	pron. 任何人，无论谁
campbell	'kæmbl	n. 坎贝尔（姓氏）
atom	'ætәm	n. 原子，核能，微粒，微量[计] 原子
aluminum	ә'lu:minәm	n. 铝[化] 铝Al
karen	'kɑ:rәn	n. 凯伦（人名）；克伦邦（缅甸邦名）
oxfordshire	'ɒksfәdʃiә	n. 牛津郡
skull	skʌl	n. 头盖骨，头脑，好学生[医] 头颅
stitch	stitʃ	n. 一针，疼痛，针法，碎布条，针脚v. 缝，缝合，装订
bloke	blәuk	n. 小子，家伙
owl	aul	n. 猫头鹰[法] 走私
bee	bi:	n. 蜜蜂，聚会
freud	frɔid	n. 佛洛伊德（856-1939, 奥地利心理分析学家及精神病学家）
manipulate	mә'nipjuleit	vt. 操纵，利用，操作，巧妙地处理，假造
tumour	'tju:mә	n. 瘤，肿块
debut	'deibju:	n. 初次登台，开张v. 初次登台
cooperative	kәu'ɔpәrәtiv	a. 合作的；合作社的
loop	lu:p	n. 环，圈，弯曲部分，循环vt. 使成环，以圈结，以环连结vi. 打环，翻筋斗[计] 循环
ac		公元前[计] 存取周期，累加器，声耦合器，交流，应用控制，自动检查，自动计算机
electron	i'lektrɒn	n. 电子[化] 电子
kuwait	kә'wait	n. 科威特
whip	hwip	n. 鞭子，抽打，车夫，搅拌器vt. 鞭打，搅拌，煽动，召集，仓促制成vi. 拍击，急走，抽打
hiv		abbr. 艾滋病病毒（human immunodeficiency virus）
puzzle	'pʌzl	n. 难题，迷惑vt. 使困惑，使为难vi. 迷惑，苦思
ph	pi:eitʃ	氢离子指数[医] 药典; 苯基
mushroom	'mʌʃrum	n. 蘑菇形物，蘑菇，暴发户vi. 迅速生长，迅速增加，采蘑菇a. 蘑菇形的，迅速生长的
corbett		科比特（人名）科比特（地名）
antibody	'æntibɒdi	n. 抗体[化] 抗体
boil	bɒil	n. 煮沸，沸腾，疖v. 煮沸，激动
workstation	'wә:k.steiʃәn	n. 工作站[计] 工作站
tragic	'trædʒik	a. 悲惨的，悲剧的
mechanic	mi'kænik	n. 机械工，技工a. 手工的
earthquake	'ә:θkweik	n. 地震
jar	dʒɑ:	n. 广口瓶，震动，刺耳声vi. 震惊，冲突，发刺耳声，不一致vt. 震动，刺激
worthwhile	'wә:θ'hwail	a. 值得花时间的，值得做的，有真实价值的
utilize	'ju:tilaiz	vt. 利用
vague	veig	a. 含糊的，不清楚的，茫然的
encouragement	in'kʌridʒmәnt	n. 鼓励，激励，奖励[法] 怂恿，煽动，助长
pork	pɒ:k	n. 猪肉[医] 猪肉
depressed	di'prest	a. 沮丧的，降低的[医] 抑郁的，阻抑的，压低的，凹[陷]的，扁平的
creativity	.kri:ei'tiviti	n. 创造力，创造性
dessert	di'zә:t	n. 餐后甜点
incredibly	in'kredәbli	adv. 不能相信地
fisherman	'fiʃәmәn	n. 渔夫，钓鱼者，渔船
conscience	'kɒnʃәns	n. 良心[法] 良心，道德感，正义感
shocked	ʃɔkt	a. 震撼的；震惊的
sock	sɒk	n. 短袜，鞋垫，一击vt. 重击，猛投，给……穿袜vi. 打击adv. 正着地，不偏不倚地a. 非常成功的
sexy	'seksi	a. 有性感的，色情的
sympathetic	.simpә'θetik	a. 有同情心的，合意的，赞成的n. 交感神经，容易感受的人
entrepreneur	.ɒntrәprә'nә:	n. 企业家，主办人[经] 承包商，企业家
syndrome	'sindrәum	n. 并发症状，综合征，同时存在的事物[计] 校验子; 并发位
workplace		n. 工作场所，工厂，车间
spoil	spɒil	n. 战利品，赃物，奖品，变质，次品vt. 损坏，破坏，溺爱vi. 腐坏，掠夺
breeze	bri:z	n. 微风，煤屑，轻而易举的事vi. 吹微风，逃走
certainty	'sә:tәnti	n. 确定，确实的事情[法] 确定，肯定，必然的事
touchdown	'tʌtʃdaun	n. 触地，触地得分，着地
costly	'kɒstli	a. 昂贵的，奢华的，费用大的
inspect	in'spekt	vt. 检查，检阅，检验vi. 检查
ambitious	æm'biʃәs	a. 有野心的，抱负不凡的，雄心勃勃的
distress	di'stres	n. 苦恼，贫困，痛苦vt. 使苦恼a. 亏本出售的
soap	sәup	n. 肥皂，阿谀vt. 以肥皂洗，阿谀[计] 评语
rightly	'raitli	adv. 合适地，正当地，正确地
fortnight	'fɒ:tnait	n. 两星期
circulation	.sә:kju'leiʃәn	n. 流通，循环，发行量[化] 环流
suite	swi:t	n. 随员，套房，（一）组，（一）套，组曲，继之而来的事[电] 程序组
disturbance	dis'tә:bәns	n. 扰乱，不安，忧虑[化] 扰动; 干扰; 失调
tighten	'taitn	vt. 勒紧，使变紧vi. 变紧，绷紧
zero	'ziәrәu	n. 零，零点，零度，无，乌有，最低点a. 零的，没有的vt. 调零，对（炮火等）作协调校正[计] 零
aesthetic	i:s'θetik	a. 美学的，审美的，有美感的
remarkably	ri'mɑ:kәbli	adv. 显著地，引人注目地，非常地
gut	gʌt	n. 剧情，内容，内脏，肚子，海峡，勇气vt. 取出内脏，毁坏……的内部
rolling	'rәuliŋ	a. 旋转的，波动的，起伏的n. 旋转，轰响，动摇
added	'ædid	a. 额外的；更多的
absent	'æbsәnt	a. 缺席的，不在的，缺乏的，漫不经心的vt. 使缺席
booth	bu:θ	n. 亭，摊棚[经] 货摊，电话间
straw	strɒ:	n. 稻草，麦管，吸管，一文不值的东西，草帽a. 稻草的，稻草色的，琐碎的，无价值的
lump	lʌmp	n. 块，瘤，很多，肿块，笨人vt. 使成块状，混在一起vi. 结块
helmet	'helmit	n. 钢盔，盔，防护帽vt. 给……戴头盔
erect	i'rekt	a. 直立的，竖立的，笔直的vt. 使竖立，使直立，树立，建立vi. 勃起
waist	weist	n. 腰部，腰[医] 腰
rejection	ri'dʒekʃәn	n. 拒绝，抛弃，驳回，被抛弃的东西，呕出物[化] 报废; 拒收
penny	'peni	n. 便士，一分，小钱，点滴[经] 便士
actively	'æktivli	adv. 活跃地，积极地
handling	'hændliŋ	n. 处理a. 操作的
evidently	'evidәntli	adv. 明显地，根据现有证据来看
accomplishment	ә'kʌmpliʃmәnt	n. 成就，完成
blank	blæŋk	n. 空格，空白a. 空白的，空虚的，完全的，无色的vi. 消失，成为空白vt. 使无效，取消，封锁[计] 空白
crush	krʌʃ	n. 压碎，粉碎，群众，迷恋vt. 压破，征服，塞，弄皱，榨出vi. 被压碎，起皱，挤
minimal	'miniml	a. 最小的，极微的，最小限度的[医] 最小的，最低的
enclose	in'klәuz	vt. 围绕，圈起，放入封套，附上
cord	kɒ:d	n. 绳索，束缚[医] 索，带
discharge	dis'tʃɑ:dʒ	vt. 卸下，放出，解雇，拔染，履行，放电vi. 卸货，流出n. 卸货，流出，放电
cocaine	kә'kein	n. 可卡因，古柯碱[化] 可卡因; 古柯碱
socially	'sәuʃәli	adv. 在社会上，在社交上，以社会生活方式
illusion	i'lju:ʒәn	n. 幻影，错觉，幻想[医] 错觉
anonymous	ә'nɒnimәs	a. 姓氏不详的，无名的，无特色的[计] 无记录
commence	kә'mens	v. （使）开始，得学位
tolerate	'tɒlәreit	vt. 宽容，容许，有耐力
hazard	'hæzәd	n. 冒险，危险，机会vt. 冒……的危险，赌运气，使冒危险[计] 相关危险; 冒险
appreciation	ә.pri:ʃi'eiʃәn	n. 感激，赏识，鉴别[经] 涨价，增值
elephant	'elifәnt	n. 象
instructional	in'strʌkʃәnәl	a. 教学的，教育的
maturity	mә'tjuәriti	n. 成熟，完备，到期[医] 成熟，成熟期，发育期
casino	kә'si:nәu	n. 卡西诺赌场，卡西诺牌戏
seldom	'seldәm	a. 不常的，稀少的adv. 很少，不常
scramble	'skræmbl	n. 攀缘，爬行，抢夺，混乱，紧急起飞vi. 攀缘，杂乱蔓延，争夺，拼凑，匆忙vt. 攀登，扰乱，使混杂
precede	.pri:'si:d	vt. 在……之前，优于，较……优先vi. 在前面
pulse	pʌls	n. 脉冲，脉搏，情绪，意向，拍子，豆类vi. 跳动，脉跳vt. 使跳动，用脉冲调制[计] 脉冲
qualified	'kwɒlifaid	a. 有资格的[经] 合格的，有条件的，有限制的
banker	'bæŋkә	n. 银行家，庄家[经] 银行业者，银行家
momentum	mәu'mentәm	n. 动力，动量[化] 动量
switzerland	'switsәlәnd	n. 瑞士
donation	dәu'neiʃәn	n. 捐赠物，捐款，捐赠[经] 赠品，捐款，捐赠
sibling	'sibliŋ	n. 兄弟，同胞[医] 同胞（兄弟姐妹）
irony	'aiәrәni	n. 反语，讽刺，具有讽刺意味的事
liquid	'likwid	n. 液体，流体，流音a. 液体的，透明的，明亮的，流动的，易变的
spoon	spu:n	n. 匙，调羹，匙形工具vt. 以匙舀起，调情，使成匙状
alley	'æli	n. 小路，巷
enquire	in'kwaiә	v. 询问
interact	.intәr'ækt	vi. 互相影响，交互作用n. 幕间剧，幕间休息
midst	midst	n. 中间prep. 在……中间
restraint	ri'streint	n. 抑制，克制，束缚[医] 约束，拘束
polish	'pɒliʃ	a. 波兰的n. 波兰人，上光剂，光泽，优雅vt. 擦亮，擦去，使完美vi. 擦亮，变得光亮
cute	kju:t	a. 可爱的，聪明的，伶俐的[医] 品他病
pin	pin	n. 大头针，针，别针，栓，销子，图钉，插头，管脚，品（液量单位）vt. 将……用针别住，钉住，压住，牵制，使不能动，归罪于a. 针的，销子的，闩的
mid	mid	a. 中间的，中央的，中部的prep. 在……之中
charm	tʃɑ:m	n. 吸引力，魔力，符咒vt. 迷住，使陶醉，行魔法vi. 用符咒，有魅力
punch	pʌntʃ	n. 打洞器，钻孔机，冲压机，冲床，潘趣酒vt. 以拳重击，开洞，冲压vi. 用拳猛击
hockey	'hɒki	n. 冰球，曲棍球
alteration	.ɒ:ltә'reiʃәn	n. 变更，改动[医] 变更
passing	'pæsiŋ	n. 通过，逝去，死，流逝a. 经过的，流逝的，目前的，短暂的，及格的，仓促的
smash	smæʃ	n. 打碎，粉碎，打碎时哗啦声，猛击，扣球，杀球，经营失败，破产，硬币，假硬币a. 非常轰动的，了不起的vt. 打碎，粉碎，击溃，使破产，使裂变，使用假硬币vi. 碎裂，猛撞，破产，扣球，杀球adv. 轰隆一声，哗啦一声
omit	әu'mit	vt. 省略，删除，疏忽，遗漏[化] 省略
halt	hɒ:lt	n. 停止，立定，休息vt. 使停止，使立定vi. 立定，停止，蹒跚，踌躇，有缺点[计] 停止
contradiction	.kɒntrә'dikʃәn	n. 反驳，矛盾[法] 矛盾，否认，反驳
suspension	sә'spenʃәn	n. 悬挂，暂停，中止[化] 悬浮; 悬浮体; 悬浮液
icon	'aikɒn	n. 画像，肖像，偶像，图标，像标[计] 像标，图标
vein	vein	n. 血管，静脉，纹理，气质，情绪vt. 使有脉络，像脉络般分布于
shed	ʃed	n. 车棚，小屋，脱落之物，分水岭vt. 使流出，放射，脱落，散发，摆脱vi. 流出，散布，脱落
petition	pi'tiʃәn	n. 请愿，诉状，陈情书，申请，祈求，祷文v. 正式请求，恳求，请愿
basin	'beisn	n. 盆，盆地[医] 第三脑室，骨盆
franchise	'fræntʃaiz	n. 公民权，特权，特许经营权，免赔额vt. 给以特权，给以……公民权
remains	ri'meins	n. 剩余物，废墟，残余[法] 遗体，尸体，遗骸
purse	pә:s	n. 钱包，小钱袋，金钱，募捐款，囊状物v. 缩拢，皱起
foster	'fɒstә	a. 收养的，养育的vt. 养育，抚育，培养，鼓励，抱（希望）
favourable	'feivәrәbl	a. 有用的，良好的，赞成的，顺利的[医] 良好的，顺利的
expedition	.ekspi'diʃәn	n. 远征，探险队，迅速
legislature	'ledʒisleitʃә	n. 立法机关，议会，立法院[法] 立法机构，立法机关
plea	pli:	n. 恳求，辩解，抗辩，诉讼，请愿，托词[法] 抗辩，申诉案件，答辩
commodity	kә'mɒditi	n. 农产品，商品，有用的物品[经] 商品，货物，日用品
academy	ә'kædәmi	n. 学院，院校，学会
bicycle	'baisikl	n. 自行车
goodness	'gudnis	n. 仁慈，善良
cheat	tʃi:t	n. 欺骗，作弊，骗子v. 欺骗，逃脱，骗取
auction	'ɒ:kʃәn	n. 拍卖vt. 拍卖
supplement	'sʌplimәnt	n. 补充物，增刊，补充，补遗，补编，附录，补角vt. 补充，增补
heal	hi:l	vi. 痊愈vt. 使复原，使和解，治愈
fever	'fi:vә	n. 发烧，发热，热病[医] 发热，热
naval	'neivl	a. 海军的，军舰的，有舰队的[法] 海军的，军舰的，船的
daniel	'dænjәl	n. 丹尼尔（男子名）
tile	tail	n. 砖瓦，瓷砖，瓦片vt. 铺以瓦，铺以瓷砖[计] 平铺
gop		abbr. 大老党（美国共和党的别称）（Grand Old Party）；地面观测站（Ground Observation Post）
partially	'pɑ:ʃәli	adv. 部分地，一部分地，不公平地
manual	'mænjuәl	n. 手册，指南a. 手的，手动的，手工的，体力的[计] 人工的，手动的
norwich		n. 诺威奇（英国城市）
dried	draid	a. 弄干了的
norway	'nɒ:wei	n. 挪威
mining	'mainiŋ	n. 采矿[经] 采矿，采矿业
originate	ә'ridʒineit	vt. 创始，发明，发起vi. 发源，发生，起航[计] 发自
shove	ʃʌv	n. 推，挤vt. 推挤，猛推，强使vi. 推
brussels	'brʌsәlz	n. 布鲁塞尔
backyard	'bæk'jɑ:d	n. 后院，后庭
stove	stәuv	n. 火炉，窑vt. 用火炉烤stave的过去式和过去分词
moor	muә	n.荒野；旷野Moor: 摩尔人.v.系住；停泊
alike	ә'laik	a. 相似的，同样的adv. 一样，以同样的方式
embassy	'embәsi	n. 大使馆，大使馆全体人员[经] 大使馆
reminder	ri'maindә	n. 提醒的人，暗示[经] 催单
regiment	'redʒimәnt	n. （军队）团，大量（人或物）v. 组编成团，组织，严格管制
chelsea	'tʃelsi	n. 切尔西（伦敦自治城市，为文艺界人士聚居地）
developed	di'velәpid	a. 发达的（国家或地区）；成熟的
grandchild	'^rændtʃaild	n. 孙，外孙女，外孙，孙女，孙子
placement	'pleismәnt	n. 放置，布置，工作安排，编班，定位球[计] 放置
custody	'kʌstәdi	n. 监护，拘留，监禁[经] 保管，照顾，保护
dough	dәu	n. 生面团[化] 捏塑体; 生面团
ecological	.i:kә'lɒdʒikәl	a. 生态学的，主张生态保护的[法] 生态的，生态学的
reportedly	ri'pɒ:tidli	adv. 根据传说，根据传闻，据报道
electronics	.ilek'trɒniks	n. 电子学[计] 电子学
brighton	'braitn	n. 布赖顿（英国南部城市）
dam	dæm	n. 水坝，障碍v. 控制，筑坝[计] 直接存取法
handicap	'hændikæp	n. 障碍，困难，不利条件vt. 加障碍于，妨碍
outfit	'autfit	n. 用具，配备，机构vt. 配备，供应vi. 得到装备
milton	'miltәn	n. 米尔顿（男子名，英国诗人）
unprecedented	.ʌn'presidentid	a. 空前的[经] 空前的，无前例的
manor	'mænә	n. 庄园[法] 采邑，庄园，采地
columnist	'kɒlәmist	n. 专栏作家
defect	di'fekt	n. 缺点[医] 缺损，缺陷
workout	'wә:kaut	n. 试验，试用，锻炼
patent	'pætnt. 'peitnt	n. 专利权，许可证，执照，专利品，素质a. 专利的，特许的，显著的，新奇的vt. 取得……的专利权，请准专利
hamilton	'hæmiltәn	n. 汉密尔顿（男子名）；哈密尔顿（美国城市名）
shy	ʃai	n. 惊跳，惊避a. 胆怯的，畏缩的，迟疑的，羞怯的vi. 惊退，乱投，乱掷，厌恶，避开vt. 乱投，乱掷
mobility	mәu'biliti	n. 可动性，流动性，机动性[化] 迁移率
trash	træʃ	n. 垃圾，废物vt. 丢弃
anderson	'ændәsn	n. 安德森市（美国印第安纳州）；安德森（男子名）
spine	spain	n. 背骨，脊柱，尖刺[医] 脊柱; 棘，刺; 马蹄嵴
pencil	'pensl	n. 铅笔，色笔，眉笔，画笔，光线束vt. 用铅笔写或涂，草拟
lounge	laundʒ	n. 闲逛，休闲室，长沙发vi. 闲混，（懒洋洋地）躺vt. 闲混
imprisonment	im'priznmәnt	n. 监禁，下狱，坐牢[法] 监禁，徒刑，拘禁
dennis	'denis	n. 丹尼斯（男子名）
texture	'tekstʃә	n. （织物的）密度，（材料等的）结构，纹理[化] 纹理
hungary	'hʌŋgәri	n. 匈牙利
damn	dæm	n. 一点，诅咒，丝毫interj. 该死，该死的vt. 诅咒，罚……下地狱vi. 指责，谴责，骂……该死，证明……有罪
duncan	'dʌŋkәn	n. 邓肯（姓氏）
frontier	'frʌntjә	n. 边界，边境[法] 国境，边境，边界
hormone	'hɒ:mәun	n. 荷尔蒙[化] 激素（旧称荷尔蒙）
newton	'nju:tn	n. 牛顿[化] 牛顿
spray	sprei	n. 水沫，浪花，水花，喷雾，喷雾器，小树枝vt. 喷雾，扫射，喷射vi. 喷，溅开
magnetic	mæg'netik	a. 有磁性的，有吸引力的，催眠术的[医] 磁[性]的
jordan	'dʒɒ:dәn	n. 约旦，约旦河，尿壶
bureaucracy	bjuә'rɒkrәsi	n. 官僚，官吏[法] 官僚主义，官僚政治，官僚机构
ballet	'bælei	n. 芭蕾舞
caller	'kɒ:lә	n. 访客，召集员，传唤员a. 新鲜的[计] 呼叫方标识
sally	'sæli	n. 突击，出击，远足vi. 突击，出击，出发
roberts	'rɔbәts	n. 罗伯茨（姓氏）
eighth	eitθ	num. 第八，八分之一
tourism	'tuәrizm	n. 观光业，游览[经] 旅游业
emma	'emә	n. 艾玛（女子名）
notebook	'nәutbuk	n. 笔记本，手册，期票簿
beast	bi:st	n. 畜生，动物，野兽，兽性
takeover		n. 接管，接收[经] 接收
louise	lu(:)'i:z	n. 路易丝（女子名）
julia	'dʒu:ljә	n. 朱莉娅（女子名）
bowel	'bauәl	n. 肠，内脏，内部vt. 挖……的内脏
tremble	'trembl	n. 战栗，颤抖vi. 战栗，忧虑，摇晃
uncover	.ʌn'kʌvә	vt. 揭露，揭开，暴露，脱帽致敬vi. 脱帽致敬，揭去盖子
behalf	bi'hɑ:f	n. 利益，方面
mick	mik	n. 爱尔兰人
composer	kәm'pәuzә	n. 作曲家，作家，调停者
innovative	'inәjveitiv	a. 革新的，创新的，富有革新精神的
inequality	.ini'kwɒliti	n. 不平等，不同，不平坦，不平均n. 不平等，不等式[计] 不等式
squadron	'skwɒdrәn	n. 骑兵营，分遣队，小舰队
shark	ʃɑ:k	n. 鲨鱼，骗子v. 诈骗
loch	lɒk	n. 湖，海湾
gloucestershire	'^lɔstәʃiә	格洛斯特郡[英国英格兰郡名]
nato	'neitәj	北大西洋公约组织，北约组织[经] 北大西洋公约组织
quid	kwid	n. 一镑金币，一镑，咀嚼物
tag	tæg	n. 标签，附属物，碎片，结束语，口头禅，附加语，浑名，标记，标记符vt. 附以签条，尾随，添饰，起浑名，连接vi. 紧紧跟随[计] 标记
m	em	[计] 尾数，主要，媒体，介质，中等，存储器，方式，分，模，乘法器，兆，毫[医] 容积克分子（溶液）, 容模的
ulcer	'ʌlsә	n. 溃疡，腐烂物[医] 溃疡
catalog	'kætәlɒg	n. 目录，大学概况手册vt. 编目录[计] 目录; 编目
empirical	em'pirikәl	a. 完全跟据经验的，经验主义的[医] 经验主义的
outsider	' aut'saidә	n. 外人，局外人，非会员，外行，门外汉，比赛中获胜可能性不大的选手[经] 外船公司
referendum	.refә'rendәm	n. （就重大政治或社会问题进行的）全民公决，全民投票
vol		[计] DOS外部命令:显示卷标及其序号
compel	kәm'pel	vt. 强迫，迫使
ca		[医] 钙（20号元素）; 阴极，负极
km		[医] 千米，公里
desktop	'desktɔp	n. 桌面[计] 桌面
someday	'sʌmdei	adv. 有一天
kinnock		n. (Kinnock)人名；（英）金诺克
instant	'instәnt	n. 立即，瞬间a. 紧急的，立即的，即时的
fa	fɑ:	（英国）足球协会，战地救护车，野战救护队，野战炮，野战炮兵，美术，急救[医] 脂肪酸
proclaim	prә'kleim	vt. 宣布，公告，宣言，表明，赞扬[法] 宣布，宣告，公布
gen	dʒen	n. 消息，真相，情报[医] 基因，遗传因子
genuinely		adv. 真诚地；诚实地
hike	haik	n. 徒步旅行，远足，涨价，提高vi. 步行，徒步旅行，上升vt. 使高涨，拉起
meantime	'mi:ntaim	n. 间隔时间，其时adv. 其间
worldwide	'wә:ldwaid	a. 全世界的
enthusiastic	in.θju:zi'æstik	a. 狂热的，热心的，热烈的
weaken	'wi:kәn	vt. 削弱，减弱，使虚弱vi. 变弱，变软弱
confrontation	.kɔnfrʌn'teiʃәn	n. 对抗；对质；面对
scent	sent	n. 气味，香味，香水，踪迹，痕迹，线索，嗅觉vt. 闻出，嗅，发觉，使充满气味vi. 嗅猎，发出气味
relaxed	ri'lækst	a. 松懈的，不严密的，不严格的，放松的，得到休息的，随意的，不拘束的，自在的
loyal	'lɒiәl	a. 忠诚的，忠实的，忠贞的
suspicious	sә'spiʃәs	a. 可疑的，多疑的，怀疑的[法] 怀疑的，令人怀疑的，可疑的
colorful	'kʌlәful	a. 华美的，富有色彩的，有趣的
fatal	'feitәl	a. 致命的，重大的，命运注定的，粗心的，不幸的[医] 致命的，致死的
compensate	'kɒmpenseit	v. 偿还，补偿，付报酬
thanksgiving	'θæŋks.giviŋ	n. 感谢
eyebrow	'aibrau	n. 眉毛[医] 眉
stack	stæk	n. 堆叠，堆，大量，书库，枪架，烟囱，堆积，存贮栈vt. 堆积，堆满，暗中对……做手脚vi. 堆起[计] 堆积，堆栈
sack	sæk	n. 麻布袋，洗劫vt. 把……装入袋，洗劫
onwards	'ɔnwә:dz	adv. 向前，在前面
mobile	'mәubil	a. 移动的，易变的，机动的n. 活动物体
organizational	.ɒ:gәnai'zeiʃәnәl	a. 组织的[法] 组织的，编制的，机构的
cruel	'kru:әl	a. 残酷的，令人极痛苦的[法] 残忍的，残酷的
pioneer	.paiә'niә	n. 先锋，拓荒者，创始人vt. 提倡，开辟，开创，倡导vi. 作先驱，开路a. 最早的，开拓的，先驱的，有开拓者特点的
textbook	'tekstbuk	n. 教科书
shrink	ʃriŋk	n. 收缩，萎缩，回避vi. 收缩，退缩，萎缩，缩小，回避vt. 使收缩，使缩小
rigid	'ridʒid	a. 坚硬的，刚性的，严格的，精密的，刻板的
peculiar	pi'kju:ljә	a. 奇特的，罕见的，特殊的，特别的n. 特有财产，特权
neglect	ni'glekt	n. 疏忽，忽略，漏做vt. 疏忽，忽视，不顾
emerging		[法] 出现的，发生的，形成的
entertain	.entә'tein	vt. 娱乐，招待，怀抱vi. 款待
uh	ʌn. әn	int. 嗯啊
wheat	hwi:t	n. 小麦
making	'meikiŋ	n. 制造，（手工）制造业，制作，形成，发展，要素，内在因素，赚头，制造物
fare	fєә	n. 费用，旅客，食物vi. 进展，进步，经营，过活
embarrassment	im'bærәsmәnt	n. 困难，阻碍，困窘[医] 窘迫
circulate	'sә:kjuleit	v. （使）流通，（使）循环，（使）传播
envision	in'viʒәn	vt. 想象，预想
accurately	'ækjurәtli	adv. 正确地，精确地
aisle	ail	n. 走廊，侧廊，过道[机] 走道
protocol	'prәutәkɒl	n. 草案，礼仪，协议v. 拟定[计] 协议，协议列表实用程序
profitable	'prɒfitәbl	a. 有利润的，有利益的，赚钱的[经] 有利（可图）的，合算的
vocal	'vәukl	a. 嗓音的，声音的，有声的，歌唱的n. 元音，声乐作品
deprive	di'praiv	vt. 剥夺，使丧失[法] 剥夺，剥夺，夺去
warehouse	'wєәhaus	n. 仓库，货栈，大商店vt. 储入仓库
marketplace	'mɑ:kit'pleis	n. 市场
openly	'әjpәnli	adv. 公开地，坦率地，直率地，公然地
tyre	'taiә	n. 轮胎vt. 装轮胎于
drown	draun	vi. 淹死vt. 把……淹死，淹没
terrain	'terein	n. 地带，地区，地形，领域，范围
lecturer	'lektʃәrә	n. 演讲者，讲师[法] 讲演人，讲课人，讲师
bucket	'bʌkit	n. 桶[计] 存储桶; 桶
risky	'riski	a. 危险的
compact	kәm'pækt	a. 紧凑的，紧密的，简洁的vt. 使紧密结合，压缩vi. 变坚实
deploy	di'plɒi	v. 展开，配置
