# ECDICT bc015ed2e24a7abef49fc6dbbb7fe32c1dadaf8b | sha256 1a6947e04785db63613a92e14903cdae7954f7e84860b10e68e5c7cbb3f9c3cf | pack cet6 | entries 2538
embark	im'bɑ:k	vi. 乘船，着手，从事，上飞机vt. 使上船，使上飞机，使从事
depart	di'pɑ:t	vi. 离开，出发，背离，违反，去世
distract	dis'trækt	vt. 转移，分心，使发狂
crude	kru:d	a. 天然的，未成熟的，粗糙的，粗鲁的n. 天然的物质
summon	'sʌmәn	vt. 召唤，召集，号召，振奋，唤起，鼓起[经] 传唤，传讯
manufacture	.mænju'fæktʃә	n. 产品，制造vt. 制造，假造vi. 制造
jungle	'dʒʌŋgl	n. 丛林，杂乱的一堆，弱肉强食的地方
outlet	'autlet	n. 出口，发泄方法，市场[医] 出口
invade	in'veid	vt. 侵入，拥入，侵略，侵袭[法] 强入，侵犯，侵略
passive	'pæsiv	a. 消极的，被动的，冷漠的，顺从的，无源的[医] 被动的
hurricane	'hә:rikәn	n. 飓风，暴风，暴风雨
interference	.intә'fiәrәns	n. 冲突，干涉[计] 干扰
curiosity	.kjuәri'ɒsiti	n. 好奇心，新奇的事物，珍品
skip	skip	n. 跳跃，跳读vi. 跳越，跳读，跳绳，遗漏，跳级vt. 跳过，遗漏[计] 跳过
ambassador	æm'bæsәdә	n. 大使[法] 大使，使节，代理
aggression	ә'greʃәn	n. 侵犯，侵略[医] 攻击
robot	'rәubәt	n. 机械人，自动机械，机械般工作的人[计] 机器人; 自动机
widen	'waidn	vt. 弄宽，加宽，扩大vi. 变宽，扩大
revive	ri'vaiv	vt. 使苏醒，使复兴，使振奋，回想起，重播vi. 苏醒，复活，复兴，恢复精神
ecosystem	'i:kәu.sistәm	n. 生态系统[医] 生态系
reassure	.ri:ә'ʃuә	vt. 使……安心，向……再保证[法] 重新保证，再保险，使清除疑虑
likewise	'laikwaiz	adv. 同样地，也
feather	'feðә	n. 羽毛vi. 长羽毛vt. 用羽毛装饰
transmit	træns'mit	vt. 传输，传染，传达，遗传，发射，传播vi. 发射信号，留传下来[计] 传送
dip	dip	v. 浸，降下，把（手、勺等）伸入，舀取n. 浸，涉猎[计] 双列直插式组件，分布式输入输出系统，双排直插封装
stall	stɒ:l	n. 厩，停车处，牧师职位，货摊，托辞，拖延vt. 关入厩，停顿，推托，支吾，使陷于泥中vi. 被关在厩内，陷于泥中，停止，支吾
plunge	plʌndʒ	n. 钻进，跳进，跳水，跳水池，猛跌，落下，投入，开始从事，盲目投资vi. 投入，投身于，跳进，陷入，下降vt. 使投入，使插入，使陷入，使遭受
boast	bәust	n. 吹牛vi. 吹牛，自夸vt. 夸口说，自恃有
timetable	'taimteibl	n. 时间表
lid	lid	n. 盖子，限制，眼睑vt. 给……盖盖子
excess	ik'ses	n. 过度，剩于，超过，超额a. 过量的，额外的
unfold	.ʌn'fәuld	vt. 展开，打开，披露，开展，挑明vi. 伸展，开花，呈现
validity	vә'liditi	n. 有效性，正确性[计] 有效性
suppress	sә'pres	vt. 镇压，使止住，禁止，抑制，查禁[法] 镇压，平定，禁止出版
immense	i'mens	a. 极广大的，无边的，非常好的
weed	wi:d	n. 杂草，野草vi. 除草vt. 除……的草，剔除
arouse	ә'rauz	vt. 唤醒，鼓励，引起vi. 醒来
substitute	'sʌbstitju:t	n. 代理，代理人，代用品，代替者，代替物vt. 代替vi. 替代，取代，代用a. 代替的，代用的，代用品的[计] 置换; 替代
neighbouring	'neibәriŋ	a. 邻近的，接壤的，附近的[法] 邻近的，附近的，接壤的
clarify	'klærifai	vi. 澄清，阐明vt. 使明晰
charming	'tʃɑ:miŋ	a. 迷人的，有吸引力的
glimpse	glimps	n. 一瞥，一闪vi. 投以一瞥，闪烁不定vt. 瞥见
sneak	sni:k	vi. 鬼鬼祟祟做事vt. 偷偷地做n. 鬼鬼祟祟的人，偷偷摸摸的行为，帆布胶底运动鞋a. 暗中进行的
entail	in'teil	vt. 使成为必需，需要，使承担，遗传给n. 限定继承
motorway	'mәutәwei	n. 高速公路
lightning	'laitniŋ	n. 闪电vi. 闪电a. 闪电的
occurrence	ә'kʌrәns	n. 发生，事件，出现[医] 发生
layout	'leiaut	n. 布局，陈列，规划图，页面布局，版面编排[计] 页面布局，版面
injection	in'dʒekʃәn	n. 注射，注射剂[化] 注入; 注射
compile	kәm'pail	vt. 编译，编辑，编纂，收集[计] 编译
rib	rib	n. 肋骨，肋状物，笑话vt. 装肋状物于，戏弄
thereafter	.ðєәr'æftә	adv. 其后，从那时以后
dreadful	'dredful	a. 可怕的
bang	bæŋ	n. 重击，突然巨响，刘海v. 发巨响，重击adv. 砰然地，突然巨响地，直接地[计] 撞击符
slavery	'sleivәri	n. 奴隶的身分，奴隶状态，奴隶制度[法] 奴隶制度，奴役，苦役
fling	fliŋ	n. 投掷，急冲，嘲弄vt. 投，丢下，抛弃，使陷入，挥动，嘲笑，扫视vi. 猛冲
worship	'wә:ʃip	n. 崇拜，礼拜，尊敬vi. 参加礼拜vt. 崇拜，尊敬
cure	kjuә	n. 治疗，治愈，治疗法vt. 治疗，治愈，改正，腌制，加工处理，使硫化vi. 受治疗，被加工处理，被硫化
revision	ri'viʒәn	n. 校订，修正，修订本，修订版[计] 修订版
dying	'daiiŋ	a. 垂死的[法] 快要死的，垂死的，临终的
thrust	θrʌst	n. 插，戳，刺，猛推，口头攻击，推力vt. 插入，猛推，刺，戳，强加，延伸vi. 插，刺，戳，延伸，（用力）推
saint	seint	n. 圣徒，圣人a. 神圣的[计] 自动积分程序符号
hunger	'hʌŋgә	n. 饥饿，渴望，饥荒vt. 使挨饿vi. 挨饿，渴望
comparative	kәm'pærәtiv	a. 比较的，相对的n. 对手
ferry	'feri	n. 渡船，渡口[法] 摆渡营业权，轮渡
fame	feim	n. 名望，名声，传说
manuscript	'mænjuskript	n. 手稿，原稿，底稿a. 手写的
likelihood	'laiklihud	n. 可能，可能性
graph	græf	n. 曲线图，图表，图形[计] 图形
carrot	'kærәt	n. 胡萝卜[医] 胡萝卜
dwelling	'dweliŋ	n. 住处[医] 住房
rim	rim	n. 边，轮缘，框vt. 镶边，为……装边vi. 形成边缘
allied	ә'laid	a. 联盟的，联姻的，联系起来的
heir	єә	n. 继承人，嗣子，后嗣[法] 继承人，后嗣
blink	bliŋk	vi. 眨眼，闪亮vt. 眨眼，使闪亮n. 眨眼，瞬间，闪光，闪烁[计] 闪烁
eligible	'elidʒәbl	a. 有资格当选的，合格的n. 有资格者，合格者，适任者
diameter	dai'æmitә	n. 直径[医] 直经，径
refuge	'refju:dʒ	n. 避难所，安全地带，避难，庇护vi. 躲避vt. 给予……庇护
fox	fɒks	n. 狐狸，狡猾的人vi. 奸狡地行动，（书页）生斑，变酸vt. 欺骗，使变酸，为（鞋等）换面，使生黄斑
chill	tʃil	n. 寒冷，寒意，失意a. 寒冷的，冷漠的vt. 使寒心，冷冻vi. 变冷
cheer	tʃiә	n. 愉快，振奋，欢呼vi. 欢呼，喝彩，快活起来vt. 使振奋，欢呼
yacht	jɒt	n. 快艇，游艇vi. 驾游艇，乘游艇
faction	'fækʃәn	n. 小派系，内讧[法] 宗派，派别，小集团
steer	stiә	vt. 引导，驾驶，航行，控制vi. 驾驶，掌舵，行驶n. 驾驶指示，劝告
intact	in'tækt	a. 尚未被人碰过的，原封不动的，完整的[医] 完整的，无伤的
diesel	'di:zәl	n. 内燃机，柴油机，柴油
thrive	θraiv	vi. 繁荣，兴旺，茁壮成长[经] 兴旺，繁荣，旺盛
applicable	'æplikәbl	a. 合适的，可应用的[法] 适用的，适应的
elaborate	i'læbәreit	a. 精细的，详尽的，精心计划（或制作）的vt. 详细地说明，用心地制作，发挥vi. 变复杂，作详细说明
corresponding	.kɒri'spɒndiŋ	a. 相当的，一致的，通信的[计] 对应
chew	tʃu:	vt. 咀嚼，嚼碎vi. 咀嚼，细想n. 咀嚼，咀嚼物
steak	steik	n. 牛排，鱼排，肉排
referee	.refә'ri:	n. 仲裁人，调解人，裁判员v. 仲裁，裁判
fossil	'fɒsәl	n. 化石，古物a. 化石的，陈腐的，守旧的
verb	vә:b	n. 动词[计] 动词
scratch	skrætʃ	n. 抓痕，搔，抓，擦伤，刮擦声，乱写，零分，起跑线vt. 搔，抓，挖出，擦，刮，乱涂，勾抹掉vi. 搔，抓，发刮擦声，勉强糊口a. 碰巧的，凑合的，打草稿用的[计] 擦除
awake	ә'weik	a. 醒着的vt. 唤醒，唤起，使意识到vi. 醒来，被唤起，意识到
librarian	lai'brєәriәn	n. 图书馆员，图书管理员[计] 程序库管理程序; 程序库生成程序
bacterium	bæk'tiәriәm	n. 细菌[医] [无芽胞]杆菌属
rug	rʌg	n. 小块地毯，揭露某人
dioxide	dai'ɒksaid	n. 二氧化物[医] 二氧化物
butt	bʌt	n. 粗大的一头，烟头，靶，笑柄[医] 对核
lily	'lili	n. 百合，百合花a. 洁白的，纯白色的，纯洁的
dumb	dʌm	a. 哑的，不说话的，无声音的[医] 哑的
worthy	'wә:ði	n. 杰出人物a. 有价值的，可敬的，值得的
sprinkle	'spriŋkl	vt. 洒，散置，撒，点缀vi. 洒，撒，下小雨n. 洒，撒，散置，小雨，少量
doubtful	'dautful	a. 可疑的，疑心的，不明确的[法] 怀疑的，有疑问的，未确的
dictate	'dikteit	vi. 听写，口述，口授vt. 口述，使听写，命令n. 命令，指挥，指令
patron	'peitrәn	n. 赞助人，顾客，保护人[法] 保护人，庇护人，赞助人
municipal	mju:'nisipl	a. 市政的，自治区的，内政的[经] 市政的，市的
useless	'ju:slis	a. 无用的，无效的，无益的[机] 无用，无价值，无效
harmony	'hɑ:mәni	n. 协调，和睦，调和[电] 和声学
forbid	fә'bid	vt. 禁止，不准，妨碍[法] 不许，禁止，阻止
tolerance	'tɒlәrәns	n. 宽容，忍受，容忍，容许量，公差[计] 允许误差
supervise	'sju:pәvaiz	v. 监督，管理，指导
goat	gәut	n. 山羊，替罪羊，色鬼
misery	'mizәri	n. 痛苦，悲惨，不幸，穷困
fringe	frindʒ	n. 边缘，端，流苏，穗，初步vt. 加穗于，加饰边于a. 边缘的，附加的
fortunate	'fɒ:tʃәnit	a. 幸运的，幸福的
cruise	kru:z	n. 巡航，巡弋，漫游v. 巡航，巡弋，漫游
temptation	temp'teiʃәn	n. 诱惑，诱惑物[法] 诱惑，诱惑物
underline	'ʌndәlain	vt. 在……下面划线，作……的衬里，强调n. 下划线，图下说明文字[计] 加下划线; 下划线
merge	mә:dʒ	vt. 使合并，使消失，吞没vi. 合并，渐渐消失[计] 合并
calendar	'kælindә	n. 日历，日程表vt. 列入表中[计] 日历
throne	'θrәun	n. 王座，君主
impulse	'impʌls	n. 冲动，驱使，刺激，推动，冲力，建议，脉冲vt. 推动
width	widθ	n. 宽度，宽广，广博[医] 宽度
brutal	'bru:tәl	a. 残忍的，野蛮的，不讲理的
positively		adv. 明确地，肯定地，无疑地，（非正式）确实地，真正地
fur	fә:	n. 毛皮vt. 以毛皮制作，使生苔，使生水垢vi. 生苔，积水垢
deliberate	di'libәrәt	a. 深思熟虑的，故意的，从容的v. 仔细考虑
poke	pәuk	n. 刺，戳，袋子vt. 戳，捅，拨弄，刺vi. 戳，刺，捅，搜索，伸出，行动散慢[计] 存数
persistent	pә'sistәnt	a. 固执的，坚持的，持续的，作用持久的[法] 坚持的，固执的，持续的
soar	sɒ:	n. 高扬，翱翔vi. 往上飞舞，高耸，翱翔
slim	slim	a. 瘦的，苗条的，微小的，稀少的，微薄的vi. 变苗条vt. 使苗条
circular	'sә:kjulә	a. 圆形的，循环的，间接的[医] 环状的，循环的
thread	θred	n. 线，丝，纤维，线索vt. 穿线于，穿过，通过，用线穿成vi. 穿过[计] 线索，线程
fitting	'fitiŋ	a. 适宜的n. 试穿，试衣，装配，装置
caution	'kɒ:ʃәn	n. 小心，慎重，警示vt. 警告[计] 警告
unpleasant	.ʌn'pleznt	a. 使人不愉快的，使人厌恶的，煞风景的
threshold	'θreʃәuld	n. 门槛，入口，开端，阈[计] 阈; 阈值
sunshine	'sʌnʃain	n. 阳光，光明，晴天
shaft	ʃæft	n. 轴，箭杆，矛，矿井vt. 装杆于，利用
fragile	'frædʒail	a. 易碎的，脆的[医] 脆弱的，脆的
exhaust	ig'zɒ:st	n. 排气，排气装置，废气vt. 抽完，用尽，耗尽，使精疲力尽vi. 排气
furious	'fjuәriәs	a. 狂怒的，激烈的，吵闹的
globe	glәub	n. 球，球状物，地球仪，天体v. （使）成球状
prescribe	pris'kraib	v. 规定，指定，嘱咐，开处方
blast	blæst	n. 一阵风，爆炸，枯萎病vt. 炸，使枯萎vi. 炸，猛攻，猛烈抨击，枯萎
morality	mә'ræliti	n. 道德，教训，品行[法] 道德，道义
prevail	pri'veil	vi. 获胜，流行，盛行[医] 流行，盛行
overnight	'әuvәnait	n. 前一天晚上，一夜的逗留a. 通宵的，晚上的，前夜的adv. 在前一夜，整夜，昨晚一晚上
deed	di:d	n. 行为，实行，契约vt. 立契转让
denial	di'naiәl	n. 否认[法] 否定，否认，拒绝接受
headache	'hedeik	n. 头痛，令人头痛之事[医] 头痛
fantastic	fæn'tæstik	a. 奇妙的，稀奇的，空想的
despair	di'spєә	n. 绝望，失望vi. 绝望
screw	skru:	n. 螺旋，螺杆，螺钉，螺旋桨，吝啬鬼vt. 调节，扭紧，旋，拧，加强，压榨，勒索vi. 转动，旋，拧
steward	'stju:wәd	n. 管理人，招待员，管家，乘务员[经] 轮船，飞机的服务员，（财务）管理员
undergraduate	.ʌndә'grædjuit	n. 大学本科生，大学肄业生a. 大学生的
invention	in'venʃәn	n. 发明，创作能力，虚构的故事[经] 发明
contempt	kәn'tempt	n. 轻视，轻蔑[法] 藐视，侮辱，轻视
gardener	'gɑ:dәnә	n. 园丁，花匠，园艺家
drill	dril	n. 钻孔机，钻子，播种机，粗斜纹布v. 训练，钻孔
contrary	'kɒntrәri	a. 相反的，矛盾的，对立的n. 相反，对立面adv. 相反地
mansion	'mænʃәn	n. 大厦，宅邸
jewellery	'dʒu:әlri	n. 宝石，贵重饰物，珠宝，宝石饰物，受珍视的人/物，宝贝，有价值的人/物
aspiration	.æspә'reiʃәn	n. 热望，志向，渴望[医] 吸入; 吸[引], 吸引术
prospective	prәs'pektiv	a. 预期的，将来的[经] 预期的，未来的
grape	greip	n. 葡萄，葡萄树[医] 葡萄
usage	'ju:sidʒ	n. 用法，使用，习惯，惯用法，习惯法[经] 使用情况，使用用途，惯例
temper	'tempә	n. （钢等的）硬度，脾气，心情，中和剂，倾向，回火vt. 使回火，锻炼，调和，使缓和vi. 回火
confer	kәn'fә:	vt. 授予，带来vi. 协商
arch	ɑ:tʃ	n. 拱门，拱形，足弓vt. 使成弓形vi. 拱起，成弓形a. 主要的，调皮的，傲慢无礼的，狡猾的
tiger	'taigә	n. 老虎，虎，凶暴的人
ego	'egәu. 'i:gәu	n. 自我[医] 自我
radar	'reidә	n. 雷达，无线电探测器[计] 雷达图
tablet	'tæblit	n. 平板，门牌，笔记簿，碑，匾，药片[化] 片剂
sofa	'sәufә	n. 沙发
mist	mist	n. 雾，迷蒙，朦胧不清vt. 使模糊，使蒙上雾vi. 变模糊，下雾
retreat	ri'tri:t	n. 休息寓所，撤退，隐居，退避vi. 撤退，隐退，向后倾vt. 退（棋）
headmaster	'hed'mɑ:stә	n. （中小学）校长，监工
sweater	'swetә	n. 毛衣，毛线衫，运动衫，出汗者[化] 发汗器
minus	'mainәs	n. 负号，不足a. 减的，负的，阴性的prep. 减，缺[计] 负差
rubber	'rʌbә	n. 橡皮，橡胶，做摩擦动作的人，按摩师，决胜盘vt. 用橡胶制造，涂橡胶于
insufficient	.insә'fiʃәnt	a. 不够的，不能胜任的，不充足的[法] 不足的，不充分的，不能胜任的
conform	kәn'fɒ:m	vt. 使一致，使遵守，使符合vi. 一致，符合，适应
philosopher	fi'lɒsәfә	n. 哲学家，哲人，思想开创人，达观的人[法] 哲学家，哲学研究者
mistress	'mistris	n. 主妇，女主人，情妇
vocabulary	vә'kæbjulәri	n. 词汇（量）, 词汇表[计] 词表
reproduction	.ri:prә'dʌkʃәn	n. 再现，复制，生殖，繁殖，复制品[医] 生殖，复现（心理）
overwhelm	.әuvә'hwelm	vt. 淹没，受打击，制服，压倒，使不知所措[法] 打翻，倾覆，覆盖
gravel	'grævәl	n. 砂砾，碎石[医] 沙砾，尿沙
spark	spɑ:k	n. 火花，火星，闪光，无线电报务员，瞬间放电，活力，朝气，花花公子，情郎vi. 闪光，发火花，求婚vt. 发动，鼓舞，使有朝气，求婚
fatigue	fә'ti:g	n. 疲乏，疲劳vt. 使疲劳，使心智衰弱vi. 疲劳a. 疲劳的
noble	'nәubl	n. 贵族a. 高贵的，高尚的，贵族的，辉煌的
ironically		adv. 冷嘲地，挖苦地，讽刺地，令人啼笑皆非地
speculate	'spekjuleit	vi. 深思，推测，投机[经] 投机
mathematical	.mæθә'mætikl	a. 数学的，精确的[机] 数学上的
preach	pri:tʃ	v. 传道，讲道，说教，宣讲，鼓吹n. 说教，布道
surplus	'sә:plәs	n. 剩余，过剩，盈余a. 过剩的，剩余的
monk	mʌŋk	n. 修道士，僧侣，和尚
blond	blɒnd	a. 金发的n. 白肤碧眼金发的人
cylinder	'silindә	n. 圆筒，圆筒状物，汽缸，柱面[计] 柱面
garment	'gɑ:mәnt	n. 衣服，衣装，外表
textile	'tekstail	n. 纺织品，纺织业a. 织的，纺织的
technician	tek'niʃәn	n. 技师[化] 技师
soak	sәuk	n. 浸，湿透，大雨vt. 使上下湿透，浸，吸入，吸收，浸洗掉vi. 浸泡，渗透
ribbon	'ribәn	n. 缎带，色带，带状物vt. 用丝带装饰，把……撕成条状vi. 形成带状[计] 带状条，格式栏
harvest	'hɑ:vist	n. 收获，成果，收获物，收获期v. 收割，收获
dragon	'drægәn	n. 龙，凶暴的人[法] 凶恶的人，凶恶严厉的监护人
slot	slɒt	n. 水沟，细长孔，硬币投币口，缝，狭槽，狭通道，位置，一档（广播节目等）vt. 开槽于，把……纳入机构[计] 槽; 存储槽
consecutive	kәn'sekjutiv	a. 连续的，联贯的[计] 连续的; 连接的
spy	spai	n. 间谍，侦探，侦察vt. 侦察，找出，发现vi. 做密探，侦查
lace	leis	n. 饰带，花边，缎带，鞋带vt. 结带子，饰以花边vi. 系带子[计] 全穿孔
coordinate	kәu'ɒ:dineit	n. 同等的人（或物）, 坐标a. 同等的，并列的v. （使）协调
nutrient	'nju:triәnt	a. 营养的，滋养的n. 营养物，滋养物
inherent	in'hiәrәnt	a. 固有的，与生俱来的[医] 固有的，生来的
exploitation	.eksplɒi'teiʃәn	n. 开发，开采，剥削[经] 开发，剥削，宜传
clutch	klʌtʃ	n. 抓紧，掌握，离合器，一窝小鸡vt. 抓住，踩汽车离合器踏板vi. 抓[计] 联轴器; 离合器
frustrate	'frʌstreit	vt. 挫败，击败，破坏a. 无益的，挫败的，挫折的
transit	'trænsit	n. 经过，通行，运输，运输线，转变vt. 运送，使通过，经过vi. 通过
configuration	kәn.figju'reiʃәn	n. 结构，表面配置，外形，配置[计] 配置
dense	dens	a. 密集的，浓厚的
intermediate	.intә'mi:diәt	n. 中间物，调停者，中级a. 中间的，中级的vi. 起媒介作用[计] 中级
articulate	ɑ:'tikjulit	a. 发音清晰的，口才好的vt. 明白地说，以关节连接，使成为系统的整体
swell	swel	n. 增大，隆起的部分，巨浪，肿胀a. 优秀的，一流的vi. 增大，膨胀，肿胀，增强，骄傲vt. 使膨胀，使增大，使上涨，使骄傲
soften	'sɒftn	v. （使）变柔软，（使）变柔和
managerial	.mænә'dʒiәriәl	a. 管理的[经] 管理上的，经营上的
cue	kju:	n. 提示，线索vt. 给……暗示（或提示）[计] 尾接指令
straighten	'streitn	vt. 弄直，整顿，清理，使改正vi. 直起来，改正，好转
linear	'liniә	a. 线的，直线的，线状的[计] 线性
economically	i:kә'nɔmikәli	adv. 节约地，不浪费地，节省地，节俭地，在经济上，在经济学上
erosion	i'rәuʒәn	n. 腐蚀，冲蚀，侵蚀[化] 磨耗; 侵蚀
foreigner	'fɒ:rinә	n. 外国人，外地人[法] 外国人，进口货，外国货
convenience	kә'vi:njәns	n. 方便，便利的事物，方便的时候
weave	wi:v	n. 编法，织法，编织式样vt. 编织，组合，编排，使迂回前进vi. 纺织，迂回行进
probe	prәub	n. 探索，调查，探针，探测器v. 用探针探测，调查，探索
bolt	bәult	n. 门闩，螺钉，筛子，闪电，意外事件vt. 闩住，发射，脱口而出，筛，囫囵吞下vi. 囫囵吞枣，射箭，脱缰，退出党派adv. 突然
bulb	bʌlb	n. 球茎，电灯泡[医] 球，鳞茎，球茎
molecular	mә'lekjulә	a. 分子的，由分子组成的[医] 分子的
cargo	'kɑ:gәu	n. 货物[经] 货柜
missionary	'miʃәnәri	n. 传教士，负有任务者，工作人员a. 传教的，传教士的
reactor	ri'æktә	n. 反应者，反应器，反应堆，电抗器[化] 反应釜; 反应锅
fog	fɒg	n. 雾，迷惑，（割后的）最生草，苔藓vi. 被雾笼罩，变模糊vt. 使困惑，以雾笼罩
sometime	'sʌmtaim	a. 以前的，某一时间的adv. 改天，来日
epidemic	.epi'demik	n. 传染病，流行病a. 流行的，传染性的
trim	trim	n. 整齐，情形，修剪a. 整齐的vt. 使整齐，整理，修剪vi. 调整，见风使舵[计] 库存管理检查规则程序
presume	pri'zu:m	vt. 假定，推测，擅自，意味着vi. 擅自行动，相信
permanently	'p\\\\:mәntli	adv. 永久，不变，持久[计] 永久性的
divert	dai'vә:t	vt. 转移，使欢娱vi. 转移
accelerate	әk'selәreit	v. 加速，促进
convincing	kәn'vinsiŋ	a. 使人信服的，有力的，令人心悦诚服的
bargain	'bɑ:gin	n. 交易，买卖协定，特价商品v. 讲价，交易
vacuum	''vækjuәm	n. 真空，空间，真空吸尘器a. 真空的，产生真空的，利用真空的vt. 用吸尘器打扫
ideally	ai'diәli	adv. 完美地，理想地
spit	spit	n. 唾液，唾吐，小雨，炙叉，一铲的深度vt. 唾吐，吐出，降小雨，用炙叉穿过vi. 吐唾沫，吐痰，唾弃，飘霏霏细雨
renew	ri'nju:	vt. 使更新，使恢复，复兴，修补，补充，继续，重订，重申，续借vi. 更新，重新开始
parcel	'pɑ:sl	n. 包裹，部分，片vt. 分配，打包a. 部分的adv. 局部地
sensor	'sensә	n. 传感器[计] 检测器
stereotype	'stiәriәtaip	n. 铅版，陈规，老套vt. 使用铅版，把……印制成盲文，套用老套，使一成不变
kneel	ni:l	vi. 跪下
laundry	'lɒ:ndri	n. 洗衣店，洗好的衣服，洗涤[机] 洗衣作，洗衣店，洗衣房
revise	ri'vaiz	n. 校订，修正，改样vt. 校订，修正，校正
pistol	'pistl	n. 手枪，信号枪vt. 以手枪杀死（或伤害）
sketch	sketʃ	n. 素描，草图，小品v. 描绘略图，画素描或速写
bore	bɒ:	n. 令人讨厌的人，激浪，枪膛，孔vt. 使烦扰，钻孔vi. 钻孔bear的过去式[计] 内径; 孔径
respectable	ri'spektәbl	a. 值得尊重的，人格高尚的，相当数量的n. 品格高尚的人
pronounce	prә'nauns	v. 发音，宣告，断言
dislike	dis'laik	n. 嫌恶vt. 讨厌，不喜欢
sickness	'siknis	n. 疾病，不健康，呕吐[医] 病
retrieve	ri'tri:v	vt. 取回，挽回，弥补，恢复，补偿，回忆，检索vi. 找回猎物n. 取回，恢复，救险球[计] 检索
obey	ә'bei	vt. 服从，遵从，顺从vi. 服从
fond	fɒnd	a. 喜欢的，宠爱的，温柔的
hammer	'hæmә	n. 锤，铁锤，钉锤vt. 锤打，敲打，钉vi. 连续锤打[计] 锤头
bizarre	bi'zɑ:	a. 奇异的
nominate	'nɒmineit	vt. 提名，任命，命名[法] 提名……为候选人，指定，推荐
queue	kju:	n. 辫子，一队人，队列vt. 使排队，将……梳成辫子vi. 排队[计] 队列
anchor	'æŋkә	n. 锚vt. 抛锚停泊，使固定[计] 锚
skeptical	'skeptikәl	a. 怀疑论的，怀疑的，不可知论的[法] 怀疑的，不信的，怀疑论者的
scrutiny	'skru:tini	n. 细看，仔细检查，监视，选票检查[经] 复查，评核，仔细检查
alert	ә'lә:t	a. 警觉的，灵敏的，留心的n. 警报vt. 使警觉，通知，使意识到
redundant	ri'dʌndәnt	a. 多余的，过多的，冗长的[医] 过多的，多余的
decisive	di'saisiv	a. 决定性的，坚定的，果断的
confirmation	.kɒnfә'meiʃәn	n. 证实，证明，批准，确认[计] 确认
betray	bi'trei	vt. 出卖，背叛，辜负，暴露[法] 出卖，背叛，泄漏
telegraph	'teligrɑ:f	n. 电报，电报机vi. 打电报vt. 打电报给，电汇，流露，显示出要……的样子
recorder	ri'kɒ:dә	n. 记录员，录音机n. 记录器[计] 宏录制器，记录器
static	'stætik	n. 静电，静电干扰a. 静态的，静止的，固有的，静电的
intake	'inteik	n. 入口，吸入，吸入量[医] 摄取量
complication	.kɒmpli'keiʃәn	n. 复杂化，复杂情况[医] 并发症，并发病
fashionable	'fæʃәnәbl	a. 时髦的，上流社会的，流行的
mercy	'mә:si	n. 仁慈，宽恕，慈悲，怜悯，幸运[法] 权宜处置权，决定权，宽恕
worm	wә:m	n. 虫，蠕虫，小人物，螺纹，蜗杆vi. 蠕行，慢慢前进vt. 使蠕行，慢慢地走，除虫[计] 蠕虫病毒
competent	'kɒmpitәnt	a. 能干的，胜任的，有效的，足够的[经] 有权的，授权的，胜任的
accumulate	ә'kju:mjuleit	v. 积聚，堆积
authentic	ɒ:'θentik	a. 可靠的，可信的，真正的[法] 被认证的，确认的，可信的
dome	dәum	n. 圆顶vt. 加圆顶vi. 成圆顶状
editorial	.edi'tɒ:riәl	n. 社论，评论a. 编辑的，主笔的，社论的
surroundings	sә'rajndiŋz	n. 环境，周围的事物[化] 环境
follower	'fɒlәuә	n. 从者，属下，追补者[电] 随动机
faithful	'feiθful	a. 忠实的，详确的，可靠的n. 信徒
wit	wit	n. 机智，智力，头脑，理智，妙语，机智的人
spectacle	'spektәkl	n. 引人羡慕的东西，景象，眼镜，场面，公开展示
haunt	hɒ:nt	n. 常到的地方，生息地vt. 常到，出没于，萦绕于vi. 出没，作祟
respective	ri'spektiv	a. 分别的，各自的
sheriff	'ʃerif	n. 郡治安官，县治安官[法] 司法行政官，郡长，执行吏
probable	'prɒbәbl	a. 很可能的，大概的，可信的n. 很有希望的候选人，很可能的事情
miserable	'mizәrәbl	a. 悲惨的；痛苦的；卑鄙的
evoke	i'vәuk	vt. 唤起，引起，召（魂）[法] 提审，移送
pal	pæl	n. 朋友，伙伴，同志，同谋vi. 交友，结伴
surrender	sә'rendә	vt. 交出，放弃，使投降，让与vi. 投降，自首n. 交出，放弃，投降
unconscious	.ʌn'kɒnʃәs	a. 未意识到的，无意识的，无知觉的[医] 人事不省的，神志丧失的; 无意识的
scar	skɑ:	n. 疤痕，伤痕，悬崖vi. 结疤，愈合，痊愈vt. 使有伤痕
multiply	'mʌltiplai	v. 繁殖，乘，增加[计] 乘
surge	sә:dʒ	n. 巨涌，汹涌，澎湃vi. 汹涌，澎湃，颠簸，猛冲，突然放松vt. 使汹涌奔腾，急放[计] 电压尖峰
sailor	'seilә	n. 水手，船员，海员[法] 水手，船员，海员
amateur	'æmәtә	n. 业余爱好者，外行，爱好者[电] 业余家
commentary	'kɒmәntәri	n. 注释，评论，说明[法] 注释，评注，评论
appraisal	ә'preizәl	n. 评价，估价[经] 评价，评估
chemist	'kemist	n. 化学家，药剂师[化] 化学家; 化学师; 化学工作者; 药剂师; 药房
penetrate	'penitreit	vt. 穿透，刺穿，渗透，看穿，洞察，了解，使充溢vi. 刺入，看穿，渗透，打进
spectator	spek'teitә	n. 观众，目击者，旁观者
outlook	'autluk	n. 观点，景色，前途，了望[经] 展望
hover	'hʌvә	vi. 盘旋，翱翔，徘徊vt. 孵n. 翱翔
cheerful	'tʃiәful	a. 快活的，高兴的，兴高采烈的
attain	ә'tein	vt. 达到，获得vi. 达到
orthodox	'ɒ:θәdɒks	a. 正统的，传统的，惯常的
frighten	'fraitn	vt. 使惊吓vi. 惊恐
disagreement	.disә'gri:mәnt	n. 不合，争论，不一致[法] 不一致，不同意，陪审团的意见不一
snatch	snætʃ	n. 抢夺，攫取，片断vt. 夺取，攫取vi. 想抢走，攫取
precision	pri'siʒәn	n. 精密，精确，精确度，精度a. 精密的，精确的[计] 精度
exert	ig'zә:t	vt. 发挥，运用，施以影响[法] 施加，产生，行使
outbreak	'autbreik	n. 爆发，暴动[医] 暴发
knot	nɒt	n. 结，群，难题v. 打结，（使）纠缠
strive	straiv	vi. 努力，奋斗，斗争
warfare	'wɒ:fєә	n. 战争，战斗，交战，斗争，竞争[法] 战事，作战，交战
spur	spә:	n. 马刺，刺激物，鼓舞vt. 刺激，激励，用马刺策（马）前进vi. 用马刺驱马，疾驰
tilt	tilt	n. 倾斜，倾向，船篷，车篷vt. 使倾斜，使倾侧，用帆布篷遮盖vi. 倾斜，翘起，冲，评击[计] 倾斜
rob	rɒb	v. 抢夺，抢掠，剥夺
propaganda	.prɒpә'gændә	n. 宣传，宣传活动[医] 宣传
baron	'bærәn	n. 男爵[法] 男爵，贵族，大王
prosperity	prɒs'periti	n. 繁荣，茂盛，成功[经] 繁荣
inland	'inlәnd	a. 内陆的，国内的n. 内地
exile	'eksail	n. 放逐，流放，被放逐者vt. 放逐，流放，使背井离乡
weep	wi:p	n. 哭，哭泣vi. 哭泣，流泪，哀悼，滴落vt. 哭着使……, 悲叹，滴下
implicit	im'plisit	a. 暗示的，含蓄的，固有的，绝对的[经] 不讲明的，含蓄的
glow	glәu	n. 赤热，光辉，热情，热烈，红光vi. 发红光，红光焕发，发热，洋溢，激动
embody	im'bɒdi	vt. 具体表达，使具体化[经] 合并，具体化，具体表现
precedent	'presidәnt	n. 先例，前例a. 在先的，在前的
integral	'intigrәl	n. 整体，积分，整数a. 固有的，整体的，整数的，积分的[计] 积分
horizontal	.hɒri'zɒntәl	n. 水平线，水平面，水平位置a. 水平线的，平坦的，横的n. 水平[计] 水平
fake	feik	n. 假货，欺骗，诡计a. 假的vt. 假造，仿造vi. 伪装
viewpoint	'vju:pɒint	n. 观点
crab	kræb	n. 螃蟹，偏航，脾气乖戾的人，沙果vi. 捕蟹，偏航，发牢骚vt. 使偏航，抱怨，破坏
hydrogen	'haidrәdʒәn	n. 氢[化] 氢H-2
vinegar	'vinigә	n. 醋，尖酸刻薄vt. 加醋于
inhibit	in'hibit	vt. 禁止，抑制vi. 起抑制作用
murderer	'mә:dәrә	n. 凶手，杀人者，谋害者[法] 谋杀犯，凶手
hopeful	'hәupful	n. 有希望之人，有前途之人a. 有希望的，怀抱希望的，保持乐观的
adverse	'ædvә:s	a. 不利的，敌对的，相反的，逆的[法] 相反的，敌对的，逆的
dive	daiv	n. 潜水，跳水vi. 跳水，俯冲，猛冲vt. 把……突然伸入
soda	'sәudә	n. 苏打，碳酸水[化] 纯碱; 苏打; 碳酸钠
valve	vælv	n. 活瓣，阀，活门v. 装阀，用阀调节
junk	dʒʌŋk	n. 垃圾，乌七八糟的东西，舢板[计] 清除
stun	stʌn	vt. 使昏迷，使震惊，打昏n. 昏迷，猛击
fury	'fjuri	n. 愤怒，狂暴，狂怒的人[医] 狂乱，狂暴，狂怒
curl	kә:l	n. 拳曲，鬈发vt. 弄卷vi. 拳曲，弯曲
compatible	kәm'pætәbl	a. 能共处的，可并立的，适合的[计] 相容的; 兼容的
predominantly		adv. 主要地，显著地，大多数地，突出地
torch	tɒ:tʃ	n. 火把，启发之物[化] 火炬
kidney	'kidni	n. 肾，个性[医] 肾
knight	nait	n. 骑士，爵士vt. 授以爵位
literacy	'litәrәsi	n. 读写能力，识字，精通文学
destiny	'destini	n. 命运，定数
solo	'sәulәu	n. 独奏，独唱，单独表演a. 单独的，独奏的，独唱的vi. 放单飞
leak	li:k	n. 漏洞，漏处，漏出，泄漏vi. 漏，泄漏vt. 使渗漏
greenhouse	'gri:nhaus	n. 温室
maid	meid	n. 少女，未婚女子，女仆
corps	kɒ:	n. 军，队，部队，兵种[医] 对，团; 体，物体
herd	hә:d	n. 兽群，人群，牧人vt. 群集，使成群，放牧vi. 聚在一起
pipeline	'paiplain	n. 管道，传递途径[化] 管路; 管线
tariff	'tærif	n. 关税，关税表，价格表，收费表vt. 课以关税[计] 价目表
subjective	sәb'dʒektiv	a. 主观的，个人的[医] 主观的，自觉的
snack	snæk	n. 小吃，点心，快餐vi. 吃零食，吃快餐
ending	'endiŋ	n. 终止，终了，收场[医] 末梢
stride	straid	n. 大步，步幅，步态，进步v. 迈大步走，跨过，跨
migrant	'maigrәnt	n. 候鸟，移居者[法] 移居者
synthesis	'sinθisis	n. 综合，组织，综合体[化] 合成
ink	iŋk	n. 墨水，墨汁vt. 涂墨水于，签署，加墨水
gasp	gæsp	n. 喘气vi. 喘气，喘息，渴望vt. 气喘吁吁地说
pledge	pledʒ	n. 诺言，保证，誓言，抵押，信物，保人，祝愿vt. 许诺，保证，使发誓，抵押，典当，举杯祝……健康
infect	in'fekt	vt. 传染，感染[医] 传染，感染
marxist	'mɑ:ksist	a. 马克思主义的n. 马克思主义者
locomotive	.lәukә'mәutiv	n. 火车头，机车a. 运转的，火车头的，移动的
appetite	'æpitait	n. 食欲，欲望，爱好[医] 食欲
shiver	'ʃivә	vi. 颤抖，哆嗦，被打碎vt. 使迎风飘动，粉碎n. 战栗，碎块
offend	ә'fend	v. 犯罪，冒犯，违反，进攻
mammal	mæmәl	n. 哺乳动物[化] 哺乳动物
spatial	'speiʃәl	a. 空间的，受空间条件限制的，占地位的[医] 隙的，间隙的，腔的; 空间的，立体的
bleed	bli:d	vi. 流血，悲痛，渗出vt. 使出血，榨取
causal	'kɒ:zәl	a. 原因的，因果关系的，表示原因或理由的n. 表示原因的连词
choke	tʃәuk	vt. 窒息，阻塞，噎，抑制vi. 窒息，阻塞，噎n. 窒息，噎，阻气门
pea	pi:	n. 豌豆，似豌豆的东西
preservation	.prezә'veiʃәn	n. 保存，保藏，保护[医] 保藏，保存，防腐
polymer	'pɒlimә	n. 聚合物，聚合体[化] 多聚体; 高分子; 大分子; 聚合物
rotation	rәu'teiʃәn	n. 旋转，循环，轮流[计] 旋转
cautious	'kɒ:ʃәs	a. 谨慎的，小心的
luxury	'lʌkʃәri	n. 奢侈，豪华a. 奢侈的，豪华的
designate	'dezigneit	vt. 指定，指明，称呼a. 已选出而未上任的
robe	rәub	n. 宽松长袍，礼服，披肩，覆盖物v. （给）穿长袍
noisy	'nɒizi	a. 嘈杂的，喧闹的[机] 噪声的，嘈杂的
incidentally	.insi'dentәli	adv. 伴随地，偶然，顺便
cassette	kæ'set	n. 盒式磁带，珠宝箱，暗盒[计] 字盒
motel	mәu'tel	n. 汽车旅馆
hatred	'heitrid	n. 憎恨，仇恨，憎恶[法] 敌意，憎恨，憎恶
furnish	'fә:niʃ	vt. 供给，提供，装设[化] 供应; 供给; 配料
confidential	.kɒnfi'denʃәl	a. 机密的，获他人信赖的，易于信任他人的[经] 秘密件
bearing	'bєәriŋ	n. 举止，轴承，忍受，关系，意义，方向，生育[化] 轴承
thorough	'θʌrә	a. 十分的，彻底的
ignorance	'ignәrәns	n. 无知，愚味[法] 无知，不知情，愚昧
disastrous	di'zɑ:strәs	a. 损失惨重的，悲伤的
gown	gaun	n. 睡衣，法衣，大学全体师生vt. 使穿睡衣
courtesy	'kә:tisi	n. 礼貌，谦恭，好意[法] 优待，礼貌，恩惠
correlate	'kɒrәleit	n. 有相互关系的东西，相关物vt. 使有相互关系vi. 相关
lodge	lɒdʒ	n. 小屋，门房，支部，旅舍，分会vi. 临时住宿，倒伏，寄宿，投宿vt. 安顿，容纳，提出，把……射入，存放
humanitarian	hju:.mæni'tєәriәn	n. 人道主义者，博爱者，基督凡人论者a. 人道主义的，博爱的，凡人论的
repay	ri'pei	v. 偿还，报答，报复
torture	'tɒ:tʃә	n. 拷问，苦闷vt. 拷问，曲解，折磨，使弯曲
chorus	'kɒ:rәs	n. 合唱队，齐声v. 齐声说道，合唱
roar	rɒ:	n. 吼，咆哮，轰鸣vi. 吼，大声说出，叫喊，喧闹vt. 呼喊，使轰鸣
glorious	'glɒ:riәs	a. 光荣的
fountain	'fauntin	n. 水源，源，喷泉，泉水，本源[医] 泉
revenge	ri'vendʒ	n. 报仇，复仇，报复vt. 报仇，报复
sour	'sauә	a. 酸的，酸臭的，发酵的，愠怒的，讨厌的，拙劣的，不健全的vi. 变酸，发酵，厌烦，变坏vt. 使变酸，使失望n. 酸味，酸饮料
reside	ri'zaid	vi. 住，居留，属于[法] 居住
coherent	kәu'hiәrәnt	a. 互相耦合的，清晰的，明了的，凝聚性的，连贯的
erupt	i'rʌpt	vi. 爆发vt. 喷出
terminate	'tә:mineit	a. 有结尾的，（可）结束的vi. 结束，终止，满期vt. 使停止，使结束，使终止[计] 终止
repetition	.repi'tiʃәn	n. 重复，背诵，循环，复制品，副本[机] 重复，反复
majesty	'mædʒәsti	n. 最高权威，威严，王权，雄伟，庄严
triangle	'traiæŋgl	n. 三角形，三个一组，三角关系[医] 三角，三角形
salvation	sæl'veiʃә	n. 拯救，救助，救世
cane	kein	n. 手杖，细长的茎，藤条vt. 以杖击，以藤编制
nuisance	'nju:sns	n. 讨厌的东西，讨厌的人，损害[医] 损害，讨厌
inflict	in'flikt	vt. 施以，加害，使承受[法] 处，加，予以
rap	ræp	n. 轻敲，拍击，责骂，无价值的东西vt. 轻敲，厉声说出，叱责，抢走，使着迷vi. 敲击，发敲击声，交谈，同情[计] 随机存取程序，资源分配处理器，常驻汇编程序
forge	fɒ:dʒ	n. 熔炉，铁工厂vt. 打制，锻造，伪造vi. 锻造，伪造
disrupt	dis'rʌpt	a. 分裂的，中断的vt. 使分裂，使瓦解
odor	'әudә	n. 气味，香味，名声，意味[医] 气味
apparatus	.æpә'reitәs	n. 装置，器具，器官[化] 仪器; 器械
wicked	'wikid	a. 坏的，邪恶的，缺德的，刻毒的，恶劣的，淘气的
postpone	pәust'pәun	vt. 延迟，使延期，缓办，搁延vi. 延缓，延缓发作
warrant	'wɒ:rәnt	n. 授权，正当理由，根据，证明，批准，凭证，令状，委任状vt. 授权给，保证，担保，批准，使有正当理由
resentment	ri'zentmәnt	n. 怨恨，愤恨
gradual	'grædʒuәl	a. 逐渐的，渐增的n. 弥撒升阶圣歌
excite	ik'sait	vt. 刺激，使兴奋，激励
quotation	kwәu'teiʃәn	n. 引用语，语录，牌价，报价[化] 报价
flock	flɒk	n. 兽群，鸟群，一群人，大量，棉束vi. 成群而行，聚集vt. 用棉束填满
pier	piә	n. 码头，桥墩，支框，防波堤[医] 桥基，基牙
grim	grim	a. 冷酷的，坚强的，残忍的，可怕的，讨厌的
bead	bi:d	n. 珠子，滴vt. 用珠装饰vi. 形成珠[计] 珠
drought	draut	n. 干旱，缺乏
arbitrary	'ɑ:bitrәri	a. 任意的，武断的，专治的，霸道的
uphold	ʌp'hәuld	vt. 支撑，赞成，鼓励，举起，坚持[法] 确认，赞成，支持
amusement	ә'mju:zmәnt	n. 兴味，娱乐，消遣[法] 娱乐，娱乐活动
formidable	'fɒ:midәbl	a. 巨大的，优秀的，可怕的，艰难的
hazardous	'hæzәdәs	a. 危险的，冒险的，碰运气的[法] 危险的，冒险的，碰运气的
wireless	'waiәlis	n. 无线电a. 无线的，无线电的
rebellion	ri'beljәn	n. 谋反，叛乱，反抗[法] 造反，反叛，叛乱
frog	frɒg	n. 青蛙[医] 蛙，马蹄叉
grind	graind	n. 磨，碾，苦差，摩擦声，用功的学生vt. 磨擦，磨碎，磨光，折磨，压榨vi. 磨，磨碎，苦干
keyboard	'ki:bɒ:d	n. 键盘[计] 键盘
insure	in'ʃuә	vt. 保险，确保vi. 投保
mainland	'meinlәnd	n. 大陆，本土[法] 大陆
subway	'sʌbwei	n. 地铁，地道vi. 乘地铁
descent	di'sent	n. 降落，家系，侵袭，血统[医] 下降，世代，血统
deficiency	di'fiʃәnsi	n. 缺乏，不足[医] 缺乏，不足
transplant	træns'plɑ:nt	vt. 使移居，移植，使迁移vi. 移居，耐移植n. 移居者，移植
explosive	ik'splәusiv	n. 炸药，爆破音a. 易爆发的，爆炸的，暴躁的
pudding	'pudiŋ	n. 布丁
illuminate	i'lju:mineit	vt. 照明，用灯装饰，阐明，说明，使灿烂vi. 照亮，用灯装饰
adjacent	ә'dʒeisәnt	a. 毗连的，邻近的，连接的[机] 相邻的，邻位的，交界的
evolutionary	,i:vә'lu:ʃәnәri	a. 展开的，进化论的，进化的，发展的[计] 进化的，改良的，发展的
analogy	ә'nælәdʒi	n. 相似，类似[计] 模拟
flaw	flɒ:	n. 缺点，裂纹，瑕疵，一阵狂风[化] 划痕; 裂缝; 裂纹
locality	lәu'kæliti	n. 地方，所在，位置[法] 位置，场所，地区
optimism	'ɒptimizm	n. 乐观主义，乐观，乐天[医] 乐观主义，乐观
balcony	'bælkәni	n. 阳台，戏院楼厅
burial	'beriәl	n. 埋葬，葬礼[法] 埋葬，葬礼
ambiguity	.æmbi'gju:iti	n. 不明确，含糊[计] 二义性; 多义性
stab	stæb	n. 刺，戳，剧痛，尝试，努力vt. 刺，戳，刺入，刺痛，直入，使伤心vi. 刺，刺伤
rehearsal	ri'hә:sl	n. 预演，排演，练习，叙述，复述[法] 详述，列举事实，复述
solidarity	.sɒli'dæriti	n. 团结，团结一致，共同一致[法] 团结，共同责任
flush	flʌʃ	n. 流溢，面红，旺盛，发烧，惊飞的鸟，同花牌a. 丰足的，齐平的，满盈的，泛滥的adv. 齐平地，直接地vi. 脸发红，奔涌，旺盛，惊飞vt. 淹没，冲洗，使脸红，使激动，使齐平，使惊飞
discard	dis'kɑ:d	vt. 丢弃，抛弃vi. 垫牌n. 垫牌，抛弃
tub	tʌb	n. 桶，浴盆vt. 装入桶，洗澡vi. 洗盆浴，被放在桶里洗
reservoir	'rezәvwɑ:	n. 贮水池，贮藏处，贮备，水库vt. 储藏
wardrobe	'wɒ:drәub	n. 衣橱，衣室，全部衣服
abundance	ә'bʌndәns	n. 丰富，充足，大量[经] 丰富，充裕
hull	hʌl	n. 壳，皮，船体vt. 去壳
renaissance	ri'neisәns	n. 复活，复兴，文艺复兴a. 文艺复兴的
lime	laim	n. 石灰，粘鸟胶，酸橙vt. 以石灰处理，粘鸟胶于，撒石灰
attendant	ә'tendәnt	n. 随从，侍者，出席者a. 侍候的，伴随的，出席的，在场的
fulfill	ful'fil	vt. 实践，履行，实行，完成，结束，满足[法] 履行，完成，达到
strawberry	'strɒ:bәri	n. 草莓
portable	'pɒ:tәbl	a. 可携带的，可搬运的，可移动的[计] 可移植的
subscription	sәb'skripʃәn	n. 捐献，订金，订阅，签署，同意[化] 订购
staircase	'stєәkeis	n. 楼梯，梯子，楼梯部分[医] 阶梯现象
moisture	'mɒistʃә	n. 湿气，水分，降雨[化] 含水量; 含湿量
rattle	'rætl	vt. 使嘎嘎响，喋喋不休地说vi. 格格响，喋喋不休n. 格格声，拨浪鼓，喋喋不休的话
shatter	'ʃætә	n. 碎片，粉碎，落叶，喷洒vt. 打碎，使散开，粉碎，破坏vi. 粉碎，损坏，脱落
fridge	fridʒ	n. 电冰箱
sniff	snif	n. 以鼻吸气，嗅，气息vi. 嗅，蔑视，嗤之以鼻vt. 闻，用力吸，发觉
startle	'stɑ:tl	n. 惊愕，惊恐vt. 吃惊，使惊愕vi. 惊起
gorgeous	'gɒ:dʒәs	a. 华丽的，灿烂的
tease	ti:z	n. 揶揄，戏弄，逗惹vt. 戏弄，取笑，强求，梳理，使起毛
stool	stu:l	n. 凳子，大便，粪便，厕所vi. 长新枝vt. 引诱，诱捕
waiter	'weitә	n. 侍者
formulation	.fɒ:mju'leiʃәn	n. 系统陈述，公式化，配制[化] 表述; 数学表述; 数式化; 数学表述
vow	vau	n. 誓约，誓言，许愿vi. 起誓，发誓，郑重宣言vt. 立誓，起誓要，郑重地宣布
semester	si'mestә	n. 学期
jam	dʒæm	n. 果酱，拥塞之物，堵塞，困境vt. 挤进，使塞满，混杂，压碎，使堵塞vi. 堵塞，轧住，拥挤
tumble	tʌmbl	n. 跌倒，摔跤，翻斤斗vi. 翻倒，摔倒，倒塌，滚动，翻斤斗，仓促地行动vt. 使摔倒，使滚翻，弄乱
detector	di'tektә	n. 发现者，检验器，检波器[计] 检波器; 检测器
rotate	'rәuteit	a. 辐状的vt. 使旋转，使转动，使轮流vi. 旋转，循环[计] 旋转
decree	di'kri:	n. 法令，判决，天意vt. 颁布，判决vi. 发布命令
scrape	skreip	n. 刮，擦，挖，擦痕，刮擦声，困境vi. 刮掉，擦掉，刮出刺耳声vt. 刮，擦，擦伤，挖成，积蓄
exclaim	iks'kleim	v. 大叫，呼喊，大声叫
optical	'ɒptikl	a. 眼睛的，视觉的，光学的[机] 光学上的，光学的
bump	bʌmp	n. 撞击，肿块vt. 碰撞vi. 撞，颠簸而行
sadness	'sædnis	n. 悲哀，悲伤
glare	glєә	n. 闪耀光，刺眼vi. 发眩光，瞪视vt. 瞪眼表示
egyptian	i'dʒipʃәn	n. 埃及人a. 埃及的，埃及人的
visa	'vi:zә	n. 签证vt. 签发
coincidence	kәu'insidәns	n. 巧合，同时发生[电] 符合计数器
overhead	'әuvәhed	n. 经常开支，普通用费，天花板a. 在头上的，高架的adv. 在头顶上，在空中，在高处，从头到脚全部没入地[计] 总开销; 额外开销
goose	gu:s	n. 鹅，雌鹅，鹅肉，弯把熨斗vt. 与……性交，突然加大油门，使生色，喝倒彩
fireplace	'faiәpleis	n. 壁炉
peach	pi:tʃ	n. 桃子，桃树，桃色，美人儿，极好的事物vt. 告发vi. 告密，检举
summarize	'sʌmәraiz	v. 概述，总结
tread	tred	n. 踏，步态，梯级，交尾，鞋底vi. 踏，行走，交尾vt. 踩，踏，践踏，跳（舞）
nurture	'nә:tʃә	n. 养育，营养物，培育vt. 养育，供给营养物，教养
scrap	skræp	n. 碎片，残余物，些微，片断，铁屑，吵架vt. 扔弃，敲碎，拆毁vi. 互相殴打a. 零碎拼凑成的，废弃的
vivid	'vivid	a. 生动的，鲜明的，鲜艳的，活泼的，逼真的，清晰的
promptly	'prɒmptli	adv. 敏捷地，迅速地
poison	'pɒizn	n. 毒药，毒，毒物，有毒害的事物vt. 毒害，毒杀，使中毒vi. 放毒，下毒
indulge	in'dʌldʒ	vt. 纵情于，使高兴，放任，迁就vi. 沉溺
disguise	dis'gaiz	n. 假面目，假装vt. 假装，隐瞒
flourish	'flʌriʃ	vi. 繁荣，茂盛，活跃，手舞足蹈vt. 挥舞，夸耀n. 挥舞，炫耀，茂盛，兴旺，华丽词藻
smoothly	'smu:ðli	adv. 平滑地，流畅地，流利地
attachment	ә'tʃætʃmәnt	n. 连接，附属物，连接物，爱慕[计] 附加，附件
underneath	.ʌndә'ni:θ	adv. 在下面prep. 在……的下面
spider	'spaidә	n. 蜘蛛，设圈套者[化] 星形轮
batch	bætʃ	n. 一次所烘的面包，一次所制之量，一组，批，成批，分批v. 成批，分批处理[计] 一批
obsession	әb'seʃәn	n. 困扰，困扰人的情绪[医] 强迫观念
vigorous	'vigәrәs	a. 精力充沛的，元气旺盛的，茁壮的，有力的
pillar	'pilә	n. 柱子，栋梁，台柱，重要的支持者[医] 柱，脚
nutrition	nju:'triʃәn	n. 营养，营养学[医] 营养，营养品
obscure	әb'skjuә	a. 模糊的，昏暗的，难解的，晦涩的，偏僻的，微贱的，无名的vt. 使变暗，隐藏，使变模糊，使难解
melody	'melәdi	n. 曲子，美妙音乐，曲调
restrain	ri'strein	vt. 抑制，阻止，束缚[法] 抑制，遏制，制止
paradise	'pærәdais	n. 天堂，乐园，伊甸园
physicist	'fizisist	n. 物理学家，机械唯物论者，自然科学家[医] 菲西克氏手术（虹膜圆片切除）
maple	'meipl	n. 枫，枫木，淡棕色[机] 枫木
salesman	'seilzmәn	n. 售货员，推销员[经] 售货员，店员，推销员
cultivate	'kʌltiveit	vt. 培养，耕作
agony	'ægәni	n. 极大的痛苦，挣扎[医] 濒死苦闷; 剧痛
inject	in'dʒekt	vt. 注射，注入，使入轨[医] 注射
microphone	'maikrәfәun	n. 扩音器，麦克风[医] 扩音器，传声器
realization	.riәlai'zeiʃәn	n. 实现，领悟，实得[医] 现实化，实现
aluminium	.ælju'miniәm	n. 铝a. 铝的
meadow	'medәu	n. 草地，牧场
unreasonable	.ʌn'ri:znәbl	a. 不合理的，过度的，不切实际的[法] 不讲道理的，非理智的，不合理的
defy	di'fai	vt. 藐视，挑衅，使落空n. 挑战
unwilling	.ʌn'wiliŋ	a. 不愿意的，勉强的[法] 不愿意的，勉强的，不服从的
plug	plʌg	n. 塞子，栓，插头vt. 插入，塞住，接插头vi. 被塞住
reconcile	'rekәnsail	vt. 使和解，调停，使和谐，使一致，使听从[经] 对帐，使一致
wallet	'wɒlit	n. 皮夹[法] 皮包，皮夹，钱袋
uneasy	.ʌn'i:zi	a. 心神不安的，不自在的，不稳定的，不舒服的
accord	ә'kɒ:d	n. 一致，调和，协定vt. 给与，使一致vi. 相符合
heap	hi:p	n. 堆，许多，累积vt. 堆积，装满[计] 堆
axis	'æksis	n. 轴[计] 坐标轴
bundle	'bʌndl	n. 捆，束vt. 包扎，胡乱塞进vi. 匆忙离开
spontaneous	spɒn'teiniәs	a. 自然的，自发的，未经琢磨的[医] 自发的，特发的，自生的
applause	ә'plɒ:z	n. 鼓掌，喝彩，赞许
suitcase	'sju:tkeis	n. 手提箱
evenly	'i:vәnli	adv. 平衡地，平坦地，平等地
unusually	ʌn'ju:ʒәli	adv. 不寻常地，异乎寻常地，（非正式）非常
presently	'prezntli	adv. 目前，不久
admiration	.ædmә'reiʃәn	n. 赞赏，钦佩，引人赞赏的对象
simplicity	sim'plisiti	n. 单纯，简朴，朴素，坦率，天真[计] 简明性
mighty	'maiti	n. 有势力的人a. 有势力的，强大的，有力的adv. 很，极
feast	fi:st	n. 宴会，酒席，享受，节日vt. 款待，享乐，请客vi. 参加宴会，尽情地吃，享受
eternal	i'tә:nl	a. 永恒的，永远的，不灭的
mould	mәuld	n. 模子，模制品，松软沃土，霉vt. 形成，浇铸，用泥土覆盖vi. 发霉
dairy	'dєәri	n. 牛奶公司，乳品店，乳牛场
interpreter	in'tә:pritә	n. 直译程序，解释者，口译者，注释器[计] 注释器
collision	kә'liʒәn	n. 碰撞，冲突，抵触[计] 冲突
dash	dæʃ	n. 冲撞，破折号，短跑vi. 猛冲，冲撞vt. 泼溅，使猛撞，搀和，使破灭，使沮丧
verify	'verifai	vt. 证明，查证，证实，检验，校验[计] 校验，检验; DOS内部命令:设定写入磁盘时是否验证写入的正确性
rude	ru:d	a. 粗鲁无礼的，粗陋的，粗暴的，原始的，未开化的，大略的，崎岖不平的，狂暴的
mat	mæt	n. 垫，丛，衬边a. 粗糙的，无光泽的vi. 纠缠在一起vt. 铺席于……上，使无光泽，使缠结
spice	spais	n. 香料，药料，香气，调味品，情趣，少许vt. 加香料，使添趣味
hop	hɒp	n. 单脚跳，跳跃，舞会，飞行vi. 单脚跳，跳跃vt. 跃过，跳上，加蛇麻子于，服麻醉药[计] 跳跃式传输
instrumental	.instru'mentәl	a. 仪器的，器具的，可作为手段的[医] 器械的
imaginative	i'mædʒinәtiv	a. 想像的，虚构的
astronaut	'æstrәnɒ:t	n. 太空旅行者，宇航员[法] 美国太空人
outset	'autset	n. 着手，开头，最初
prestige	pre'sti:ʒ	n. 声望，威望，威信[经] 商誉，声誉
crust	krʌst	n. 外壳，坚硬外皮，面包皮vt. 盖以硬皮vi. 结硬皮
flu	flu:	n. 流感，流行性感冒
sausage	'sɒsidʒ	n. 香肠，腊肠
notify	'nәutifai	vt. 通知，通告，报告[计] 通知
lieutenant	lef'tenәnt	n. 中尉，助理人员，副官
mosquito	mә'ski:tәu	n. 蚊子[医] 蚊
nationality	.næʃә'nælәti	n. 国籍，国家，民族性[法] 国家，民族，国民
trench	trentʃ	n. 渠，沟渠，战壕vt. 在……开沟，挖战壕于，用战壕围住vi. 挖战壕，开沟
thoughtful	'θɒ:tful	a. 深思的，体贴的
vine	vain	n. 藤本植物，葡萄，藤，蔓vi. 形成藤蔓
absurd	әb'sә:d	a. 荒谬的，不合理的，可笑的n. 荒诞
principally	'prinsәpәli	adv. 主要地，大部分
linen	'linin	n. 亚麻布，亚麻线，亚麻制品a. 亚麻布制的，亚麻的
outrage	'autreidʒ	n. 暴行，侮辱，愤怒vt. 凌辱，虐待，触犯
constrain	kәn'strein	vt. 强迫，限制，关押
nun	nʌn	n. 修女，尼姑
optional	'ɒpʃәnl	a. 可选择的，随意的[化] 选购的
shilling	'ʃiliŋ	n. 先令[经] 先令
jealous	'dʒelәs	a. 嫉妒的，羡慕的，留心的，戒备的
cigar	si'gɑ:	n. 雪茄
rainbow	'reinbәu	n. 彩虹a. 五彩缤纷的
offset	'ɒ:fset	n. 抵消，把……并列，旁系，支管，用胶印法印vt. 弥补，抵消，胶印vi. 装支管n. 偏移量[计] 偏移量
jerk	dʒә:k	n. 性情古怪的人，急拉，肌肉抽搐，牛肉干vi. 痉挛，急拉，急推vt. 猛拉
complement	'kɒmplimәnt	n. 补足物，补语，补数vt. 补充，补足[计] 补码; 反相器; 补数
recreation	.rekri'eiʃәn	n. 娱乐，消遣，休息，再创造[医] 娱乐，休养
mob	mɒb	n. 暴民，民众，暴徒vt. 大举包围，蜂拥进入，围攻vi. 聚众生事
liquor	'likә	n. 酒，液体，汁，溶液vt. 浸水vi. 喝酒
affirm	ә'fә:m	v. 断言，确认
span	spæn	n. 指距，全长，跨距，一段时间，小范围vt. 以手指测量，跨越，架设，持续
drainage	'dreinidʒ	n. 排水[医] 引流[法], 导液[法], 排水[设备]
linger	'liŋgә	vi. 逗留，消磨，徘徊vt. 消磨
applaud	ә'plɒ:d	v. 拍手喝彩，称赞，赞同
stabilize	'steibilaiz	vt. 使安定，使稳固vi. 稳定，安定
chimney	'tʃimni	n. 烟囱，灯罩[电] 烟囱
cube	kju:b	n. 立方体，立方[机] 立方体，立方
harbor	'hɑ:bә	n. 港，避难所v. 庇护，藏匿，（使）入港停泊
swiss	swis	n. 瑞士人，瑞士腔调a. 瑞士的，瑞士风格的
offspring	'ɒ:fspriŋ	n. 子孙，后代，产物[法] 后辈，子孙，后裔
footstep	'futstep	n. 脚步，脚步声，足迹
dim	dim	a. 暗淡的，模糊的vt. 使暗淡[计] 数据解释模块
plantation	plæn'teiʃәn	n. 种植园，大农场，植树造林，新开垦地[医] 栽植（如牙或其他组织的植入、再植和移植）
sunset	'sʌnset	n. 日落，晚年
housewife	'hauswaif	n. 主妇，家庭妇女
monarch	'mɒnәk	n. 帝王，统治者，元首[医] 单原型（植）
antique	æn'ti:k	n. 古董，古物a. 古老的，古风的，旧式的，过时的
pasture	'pæstʃә	n. 牧场，草地，牧草vt. 放牧vi. 吃草
bulletin	'bulitin	n. 公告，布告，公报[电] 电子布告栏
toast	tәust	n. 吐司，烤面包，干杯vt. 敬酒，烤，使暖和vi. 烤，烘
skate	skeit	n. 溜冰，冰鞋vi. 滑冰，滑过
communism	'kɒmjunizm	n. 共产主义
intersection	.intә'sekʃәn	n. 交集，十字路口，交叉点[计] 逻辑乘; 与
curse	kә:s	n. 咒骂，诅咒vt. 诅咒，咒骂
freight	'freit	n. 船货，运费，货运vt. 装货，使充满，以货运运送，租（或出租）（船等）
treasurer	'treʒәrә	n. 会计，出纳员，司库[经] 司库，财务主任，财政大臣
mug	mʌg	n. 有柄大杯，脸，苦读者vt. 给……拍照，攻击，苦读vi. 拼命用功
maths	mæθs	n. 数学
stain	stein	n. 污染，污点，着色剂vt. 沾染，染污，着色vi. 变脏
shave	ʃeiv	n. 修面，刮胡子，幸免，剃刀vt. 修面，剃，修剪，掠过vi. 刮脸，勉强通过
spelling	'speliŋ	n. 拼，拼字，拼法[计] 拼写检查
chord	kɒ:d	n. 弦，和音[医] 索，带
kettle	'ketl	n. 茶壶，罐[化] 釜体釜; 锅
playground	'pleigraund	n. 运动场，操场，度假胜地，活动场所
brandy	'brændi	n. 白兰地酒[化] 白兰地
mosque	mɒsk	n. 清真寺
recycle	.ri:'saikl	vt. 使再循环，重新利用，再制n. 再循环
harmful	'hɑ:mful	a. 有害的，伤害的
feminine	'feminin	a. 女性的，阴性的，柔弱的[医] 女性的，雌性的
symphony	'simfәni	n. 交响乐，交响曲
tuition	tju:'iʃәn	n. 学费，讲授
destructive	di'strʌktiv	a. 毁灭性的，破坏的，有害的[医] 破坏的，毁坏的
absorption	әb'sɒ:pʃәn	n. 吸收，专心，全神贯注[化] 吸收; 吸收作用
inexpensive	.inik'spensiv	a. 便宜的，不贵重的
terrify	'terifai	vt. 使恐惧，恐吓
supplementary	.sʌpli'mentәri	a. 补足的，补充的，追加的[经] 追加的，补充的，增补的
vegetation	.vedʒi'teiʃәn	n. 植物[医] 贽生物，贽疣，增殖体; 生长，增殖
bark	bɑ:k	n. 树皮，吠声vi. 吠，叫骂vt. 喊出，剥树皮
fascinate	'fæsineit	vt. 令人入神，使着迷vi. 入迷
generator	'dʒenәreitә	n. 产生器，发电机，生产者[计] 发生器
default	di'fɒ:lt	n. 违约，不履行责任，缺席，默认值v. 疏怠职责，缺席，拖欠，默认[计] 默认; 默认值; 缺省值
cafe	kɑ:'fei	n. 咖啡馆，酒店
microwave	'maikrәuweiv	n. 微波[计] 微波
corrupt	kә'rʌpt	a. 腐败的，贪污的，讹误充斥的vt. 使腐烂，腐蚀，使恶化vi. 腐烂，堕落
bourgeois	buә'ʒwɑ:	n. 中产阶级分子，商人，资产阶级a. 中产阶级的，平庸的n. 九点活字
hemisphere	'hemisfiә	n. 半球，地球的半面，大脑半球[医] 半球
nucleus	'nju:kliәs	n. 核心，核子，原子核，起点[计] 核心程序
thrill	θril	n. 震颤，激动，刺激性，一阵激动vi. 震颤，颤抖，激动vt. 使激动，使颤动
kite	kait	n. 风筝，筝帆，空头支票，骗子vi. 象风筝一样飞，轻快地移动，使用空头支票vt. 使上升，骗钱
vocational	vәu'keiʃәnl	a. 职业的[法] 职业上的，天职的
stroll	strәul	n. 闲逛，漫步v. 闲逛，漫步
nitrogen	'naitrәdʒәn	n. 氮[化] 氮N-2
transparent	træns'pærәnt	a. 透明的，显然的，清晰的[计] 透明
velocity	vi'lɒsәti	n. 速度，迅速[化] 速度
endeavor	in'devә	n. 努力，尽力vi. 努力，尽力
intriguing	in'tri:giŋ	a. 吸引人的，有趣的
aviation	.eivi'eiʃәn	n. 航空，航空学，飞行术[法] 航空，飞行，飞行术
voltage	'vәultidʒ	n. 电压，伏特数[化] 电压
grammatical	grә'mætikl	a. 语法的，合乎语法的[法] 语法上的，符合语法规则的，文法上的
prevalence	'prevәlәns	n. 普遍，流行，广泛[医] 流行，盛行
strap	stræp	n. 带，皮带vt. （用皮带）捆扎
vector	'vektә	n. 矢量，传病媒介vt. （用无线电）导引，给……导航[计] 矢量; 向量
conductor	kәn'dʌktә	n. 领导者，指挥者，售票员，向导[化] 导体
intensify	in'tensifai	vt. 加强vi. 强化
arc	ɑ:k	n. 弧，弧形，弓形，弧光[化] 弧
sway	swei	n. 摇摆，影响力，支配vt. 摇动，支配，弄歪，使倾斜，使动摇，影响vi. 摇动，摇摆，倾斜，动摇，统治，转向
whichever	hwitʃ'evә	pron. 无论那一个，任何一个
vicious	'viʃәs	a. 邪恶的，堕落的，品性不端的，恶毒的，恶性的，有错误的[医] 缺点的，恶的
upgrade	'ʌpgreid	n. 上坡，升级，上升adv. 往上vt. 使升级，提升，改良品种vi. 升级[计] 升级
exaggerate	ig'zædʒәreit	v. 夸大，夸张
manifest	'mænifest	n. 载货单，运货单，旅客名单a. 显然的，明白的vi. 显示，出现vt. 表明，表现，证明
overtake	.әuvә'teik	vt. 赶上，突然降临于，压倒，代替
distort	dis'tɒ:t	vt. 扭曲，歪曲[法] 歪区，曲解，纂改
lick	lik	n. 舔，少许，打vt. 舔，卷过，鞭打vi. 轻轻拍打
trivial	'tiviәl	a. 琐碎的，不重要的，轻微的，平常的
resent	ri'zent	vt. 愤恨，憎恶，怨恨
idiot	'idiәt	n. 白痴，极蠢之人[医] 白痴者，痴子
precaution	pri'kɒ:ʃәn	n. 预防，留心，警戒vt. 预先警告
skeleton	'skelәtn	n. 骨骼，骨瘦如柴的人，梗概，骨干，残骸a. 骨骼的，概略的，基层的，骨干的[计] 骨架
finely	'fainli	adv. 雅致地，仔细地，敏锐地，微细地
bleak	bli:k	a. 萧瑟的，荒凉的，阴冷的
tense	tens	a. 紧张的，拉紧的v. （使）紧张，（使）拉紧n. 时态
correction	kә'rekʃәn	n. 订正，改正，改正的地方[化] 校正
inferior	in'fiәriә	a. 次等的，较差的，下方的，下级的n. 部下，次品，下标（符号）
acquaintance	ә'kweintәns	n. 认识，相识者
humble	'hʌmbl	a. 低下的，谦逊的，粗陋的vt. 使……卑下，降低……地位，贬抑
gum	gʌm	n. 树胶，橡皮，橡皮糖，牙床，老天vt. 涂以树胶，用胶粘，使有粘性vi. 分泌树胶，发粘
tick	tik	n. 滴答声，一瞬间，壁虱，褥套，信用，赊欠vi. 滴答响，活动vt. 滴答地记录，标记号于
coefficient	kәui'fiʃәnt	n. 系数[计] 系数
swift	swift	n. 褐雨燕，快速爬行的小蜥蜴，蝙蝠蛾，大滚筒a. 迅速的，快的，敏捷的，立刻的adv. 迅速地，敏捷地
cosmic	'kɒzmik	a. 宇宙的，宇宙航行的，无限的，有秩序的[医] 宇宙的
handy	'hændi	a. 便利的，敏捷的，容易取得的[化] 便于使用的; 易操作的
disperse	dis'pә:s	vt. 分散，传播，散开vi. 分散a. 分散的[计] 分散
ponder	'pɒndә	v. 沉思，考虑
complicate	'kɒmplikeit	vt. 弄复杂，使错综，使恶化vi. 变复杂
rag	ræg	n. 碎布，抹布，碎片，碎屑，少量，破旧衣服vt. 责骂，揶揄，戏弄vi. 喧闹
denounce	di'nauns	vt. 告发，抨击，谴责[法] 谴责，斥责，告发
chalk	tʃɒ:k	n. 粉笔，白垩vt. 用粉笔写，记录
ascertain	.æsә'tein	vt. 确定，查明[法] 查明，弄清，确定
expel	ik'spel	vt. 驱逐，逐出，排出，开除[医] 排除，迫出
pedestrian	pә'destriәn	n. 行人，步行者a. 人行的，徒步的，呆板的，通俗的，平淡无奇的
tuna	'tju:nә	n. 金枪鱼，金枪鱼肉
signify	'signifai	vt. 象征，预示vi. 要紧，重要
decay	di'kei	n. 衰退，腐败v. （使）衰退，（使）腐败
robbery	'rɒbәri	n. 抢掠，抢夺[法] 强盗，抢劫，劫掠
cereal	'siәriәl	n. 谷类食品，谷类植物a. 谷类的
gallon	'gælәn	n. 加仑[医] 加仑
congratulate	kәn'grætʃәleit	vt. 祝贺，庆贺
drip	drip	n. 水滴v. （使）滴下
notorious	nәu'tɒ:riәs	a. 声名狼藉的，臭名昭著的，众人皆知的
elevate	'eliveit	vt. 举起，提拔，鼓舞
doubtless	'dautlis	a. 无疑的，确定的adv. 无疑地，确定地
loosen	lu:sn	vt. 放松，松开，解除vi. 变松，松弛
cellar	'selә	n. 地窖，地下室，藏酒
procession	prә'seʃәn	n. 队伍，连续，列队行进，涌出
royalty	'rɒiәlti	n. 皇室，王族成员，王权，特权阶层，庄严[经] 特许权，使用费，使用税
honourable	'ɒnәrәbl	a. 值得尊敬的，荣耀的，高贵的[法] 荣誉的，正直的，体面的
sticky	'stiki	a. 粘的，有粘性的，顽固的
appliance	ә'plaiәns	n. 器械，用具，应用[医] 矫正器; 器
circus	'sә:kәs	n. 马戏团，马戏，竞技场
infinite	'infinit	n. 无限，神a. 无穷的，无限的，极大的
gauge	geidʒ	n. 标准度量，计量器vt. 精确计量，估计[计] 线规
plaster	'plæstә	n. 石膏，灰泥，安慰（缓解）用品，膏药vt. 涂以灰泥，敷以膏药，掩饰，使平服，彻底击败，减轻，粘贴
gossip	'gɒsip	n. 闲聊，随笔，流言，爱讲闲话的人vi. 说闲话，闲聊
inhabit	in'hæbit	vt. 居住于，占据，栖息
pigeon	'pidʒin	n. 鸽子，易上当受骗的人，年轻女子
hospitality	.hɒspi'tæliti	n. 款待，亲切，殷勤
dentist	'dentist	n. 牙科医生[医] 牙医师
detain	di'tein	vt. 扣留，扣押，耽搁[法] 拘留，扣押，留住
soy	sɒi	n. 酱油，大豆[医] 大豆; 酱油
miniature	'miniәtʃә	n. 缩图，小画像a. 小规模的，纤小的
solitary	'sɒlitәri	n. 独居者a. 孤独的，独居的
reunion	ri:'ju:njәn	n. 团圆，重聚[医] 再连合，复连[合]
ripe	raip	a. 成熟的，熟练的，成年的[医] 成熟的
photographic	.fәutә'græfik	a. 照相的，摄影用的，详细记录的，逼真的，酷似的
trolley	'trɒli	n. 电车，手推车，台车vt. 用手推车运vi. 乘电车
jewel	'dʒu:әl	n. 珠宝，贵重物，镶珠宝的饰物vt. 饰以珠宝，镶以宝石
slogan	'slәugәn	n. 呐喊声，标语，口号
nominal	'nɒminl	a. 名义上的，名字的，有名无实的，稍许的n. 名词性词
tract	trækt	n. 大片土地，地带，小册子[医] 束，道
perch	pә:tʃ	n. 栖木，高位，杆，河鲈v. （使）栖息，就位，位于，（使）暂歇
buffalo	'bʌfәlәu	n. 水牛[机] 水牛
shrine	ʃrain	n. 圣地，神龛，庙vt. 将……置于神龛内
disposition	.dispә'ziʃәn	n. 性情，处置，处理，布置[医] 素因，性情
beneficiary	.beni'fiʃәri	n. 受惠者，受益人a. 受封的
nickname	'nikneim	n. 绰号，昵称vt. 给……取绰号，叫错名字[计] 绰号
siege	si:dʒ	n. 包围，围攻，再三的努力vt. 包围，围攻
addict	ә'dikt	vt. 使沉溺，使上瘾n. 入迷的人，上瘾者
cushion	'kuʃәn	n. 垫子，橡皮软垫vt. 加垫褥，缓冲，掩盖
dial	'daiәl	n. 刻度盘，钟面，转盘v. 拨
bacon	'beikәn	n. 熏猪肉[机] 腌肉
mustard	'mʌstәd	n. 芥末，芥菜，强烈的兴趣[医] 芥子; 芥属植物
hail	heil	n. 冰雹，致敬，欢呼，招呼vt. 向……欢呼，致敬，招呼，使象下雹样落下vi. 招呼，下雹interj. 万岁，欢迎
indoor	'indɒ:	a. 户内的，室内的
naive	nɑ:'i:v	a. 天真的，纯真的，幼稚的
arctic	'ɑ:ktik	a. 北极的，极寒的n. 北极圈，北极
decorative	'dekәreitiv	a. 装饰性的
boiler	'bɒilә	n. 煮器，汽锅，锅炉[化] 锅炉
fracture	'fræktʃә	n. 破碎，骨折v. （使）破碎，（使）破裂
prose	prәuz	n. 散文v. 写散文a. 散文的，平凡的
quilt	kwilt	n. 棉被vt. 加软衬料后缝制，东拼西凑地编vi. 缝被子
utter	'ʌtә	a. 全然的，绝对的，完全的vt. 发出声音，做声，发表，发射，流通
tomb	tu:m	n. 坟墓，死亡vt. 埋葬
bachelor	'bætʃәlә	n. 单身汉，学士[法] 学士，单身汉
detection	di'tekʃәn	n. 发现，察觉，探测[计] 检波; 检测
prevailing	pri'veiliŋ	a. 盛行很广的，优势的，主要的，普遍的[法] 占优势的，盛行的，通行的
descendant	di'sendәnt	n. 后裔，子孙a. 传下的，下降的
consolidate	kәn'sɒlideit	vt. 巩固，使联合，统一vi. 巩固[计] 合并计算
scarf	skɑ:f	n. 围巾，头巾，领带，领巾，嵌接vt. 用围巾围，嵌接
shrub	ʃrʌb	n. 矮树，灌木，果汁甜酒
upward	'ʌpwәd	a. 向上的adv. 以上
ham	hæm	n. 火腿，后腿，笨拙演员a. 过火的，做作的v. 演得过火
denote	di'nәut	vt. 指示，表示
pumpkin	'pʌmpkin	n. 南瓜
imitate	'imiteit	vt. 模仿，效法，冒充，仿造
fellowship	'felәuʃip	n. 伙伴关系，共同参与，团体，奖学金，友谊[经] 合伙关系，研究员薪金，研究员基金
velvet	'velvit	n. 天鹅绒a. 天鹅绒的
stereo	'stiәriәu	n. 铅版，立体照片a. 立体的，立体感觉的
olive	'ɒliv	n. 橄榄，橄榄树，橄榄色，橄榄枝a. 黄绿色的，黄褐色的，橄榄色的
roller	'rәulә	n. 滚筒，滚轴，压路机[化] 滚柱; 托辊
credential	kri'denʃәl	n. 国书，凭据，证明书[经] 凭证，证书
distortion	dis'tɒ:ʃәn	n. 扭曲，变形，曲解[计] 畸变; 失真
reliance	ri'laiәns	n. 信任，信赖，受信赖的人（或事）[法] 信任，信赖，信心
roam	rәum	v. 漫游，闲逛，徜徉n. 漫步，漫游
heroic	hi'rәuik	a. 英勇的，英雄式的，壮丽雄伟的n. 英雄诗，史诗，英勇行为
foam	fәum	n. 泡沫，水沫，泡沫材料vi. 起泡沫，吐白沫vt. 使起泡沫
bald	bɒ:ld	a. 秃头的，光秃的，单调的，赤裸的vi. 变秃
honesty	'ɒnisti	n. 诚实，公正，正直
fixture	'fikstʃә	n. 固定（状态）, 固定物，设备[计] 夹具
crisp	krisp	a. 脆的，新鲜的，活泼的v. （使）烘脆，（使）拳曲，（使）起皱n. 松脆物
fearful	'fiәful	a. 可怕的，恐怕的，担心的
subordinate	sә'bɒ:dnit	n. 属下，附属物a. 下级的，次要的，附属的vt. 使居下位，使服从
peripheral	pә'rifәrәl	a. 周边的，周围的，圆周的，无关紧要的，肤浅的[医] 外周的，周围的，末梢的
consultancy		n. 商量，协商，磋商，会诊，与……商量，咨询，请教，找（医生）看病，查阅，考虑[经] 咨询业务，咨询服务
standpoint	'stændpɒint	n. 立场，观点
groan	grәun	n. 呻吟，叹息vi. 呻吟，抱怨，受压迫vt. 呻吟地说
tug	tʌg	n. 用力拉，拖曳，苦干，挣扎，绳索v. 用力拉
turning	'tә:niŋ	n. 旋转，转弯处，车削工作[化] 车削
saddle	'sædl	n. 鞍，马鞍，车座，鞍状物vt. 装以马鞍，使负担vi. 跨上马鞍
dwarf	dwɒ:f	n. 矮子，侏儒v. （使）变矮小
preceding	.pri:'si:diŋ	a. 在前的，前面的[法] 在前的，在先的，前面的
prone	prәun	a. 俯伏的，面向下的，有……倾向的[医] 旋前的，伏的，俯的
limestone	'laimstәun	n. 石灰石[化] 石灰石; 石灰岩
fluctuation	.flʌktʃu'eiʃәn	n. 变动，波动，动摇[化] 涨落; 起伏; 波动; 脉动
hose	hәuz	n. 水管，橡皮软管，长统袜vt. 用水管浇
mobilize	'mәubilaiz	vt. 动员，调动，使流通vi. 动员
questionable	'kwestʃәnәbl	a. 可疑的[法] 可疑的，有问题的，不可靠的
intercourse	'intәkɒ:s	n. 交往，交流[医] 交际，往来
proportional	prә'pɒ:ʃәnl	a. 比例的，相称的n. 比例项
odour	'әudә	n. 气味，臭气，香气，味道，迹象，名誉，声誉[医] 气味
wedge	wedʒ	n. 楔子，楔形物，起因，导致分裂的东西vt. 楔住，挤进，楔入vi. 楔入，挤进
diploma	di'plәumә	n. 文凭，毕业证书[医] 文凭
sandy	'sændi	a. 沙的，沙地的，多沙的
prototype	'prәutәtaip	n. 原型[计] 样机; 原型
magnet	'mægnit	n. 磁铁，有吸引力之人，有吸引力之物[化] 磁体
emit	i'mit	vt. 发出，放射，发表（意见等）, 散发，发行[化] 放射
noun	naun	n. 名词
quantitative	'kwɒntitәtiv	a. 数量的，定量的[医] 定量的，数量的
ample	'æmpl	a. 大量的，充足的，丰富的
stripe	straip	n. 斑纹，条纹[医] 纹，条纹
foremost	'fәumәust	a. 最初的，最重要的adv. 在最前
ion	'aiәn	n. 离子[化] 离子
sorrow	'sɒrәu	n. 悲伤，哀惜，不幸vi. 悲伤，懊悔，遗憾
oyster	'ɒistә	n. 牡蛎，蚝，沉默者
volcano	vɒl'keinәu	n. 火山
greeting	'gri:tiŋ	n. 祝贺，问候
deteriorate	di'tiәriәreit	v. （使）恶化
incapable	in'keipәbl	a. 无能力的，不能的[机] 不能行的，耐不住的
swamp	swɒmp	n. 沼泽，进退两难的困境vt. 淹没，击溃，清除，使陷于沼泽vi. 陷于沼泽，淹没
oblige	ә'blaidʒ	vt. 强制，施恩惠于，使感激vi. 施恩惠，帮忙
bait	beit	n. 饵vt. 以饵引诱，欺负vi. 中途休息
noticeable	'nәutisәbl	a. 显而易见的，显著的，值得注意的
enlarge	in'lɑ:dʒ	vt. 扩大，增大vi. 扩大，详述
sore	sɒ:	a. 悲伤的，痛的，引起痛苦的n. 痛处，溃疡，疮
distinctly	dis'tiŋktli	adv. 显然地，明显地，清楚地
reef	ri:f	n. 暗礁，礁，缩帆v. 缩（帆）
token	'tәukәn	n. 表征，记号，代币a. 象征的，表意的[计] 记号
oath	әuθ	n. 誓约，誓言，咒骂[法] 誓言，誓约，宣誓
cynical	'sinikәl	a. 愤世嫉俗的，讽刺的，冷嘲的
badge	bædʒ	n. 徽章，标记[计] 标记
nephew	'nefju:	n. 侄子，外甥
foresee	fɒ:'si:	vt. 预见，预知
blur	blә:	vt. 使模糊，弄脏vi. 弄脏，模糊
vacant	'veikәnt	a. 空的，空白的，空虚的，空闲的，茫然的，空缺的[法] 空的，空虚的，闲暇的
fertilizer	'fә:tilaizә	n. 肥料，促进发展者，受精媒介物[化] 肥料
gratitude	'grætitju:d	n. 感激之情
altitude	'æltitju:d	n. 高度，海拔，高处[电] 高度
tidy	'taidi	n. 椅子的背罩，装杂物的容器a. 整齐的，有条理的vt. 弄整齐，收拾，整理vi. 整理，收拾
premature	.premә'tjuә	a. 早产的，过早的，不成熟的n. 早产儿，过早发生的事物
hardship	'hɑ:dʃip	n. 艰难，辛苦，苦难[法] 受苦，吃苦，苦难
dispense	dis'pens	vt. 分发，分配vi. 特许，豁免
adhere	әd'hiә	vi. 依附，粘着，坚持，追随，拥护vt. 使粘附
invaluable	in'væljuәbl	a. 无价的，价值无法衡量的
shepherd	'ʃepәd	n. 牧羊人，牧羊犬，牧师，保护者vt. 看守，领导，指导，牧羊
collaborate	kә'læbәreit	vi. 合作，勾结[法] 合作，合著，通敌
manoeuvre	mә'nu:vә	n. 调遣，演习，策略vi. 调动，演习，用策略vt. 调动，操纵
hopeless	'hәuplis	a. 无希望的，绝望的，不可救药的
waitress	'weitris	n. 女侍者，女服务员
aeroplane	'єәrәplein	n. 飞机[机] 飞机
remnant	'remnәnt	n. 剩余，零料，遗迹a. 剩余的，残余的
cement	si'ment	n. 水泥，胶结剂vt. 胶合，用水泥涂vi. 黏牢
recite	ri'sait	v. 背诵，朗读，叙述
unsatisfactory	'ʌn.sætis'fæktәri	a. 不令人满意的
preside	pri'zaid	vi. 统辖，当主人，主持[法] 主持，负责，指挥
petty	'peti	a. 琐碎的，小规模的，小气的，委琐的[经] 小额的，微小的，小规模的
wrestle	'resl	n. 摔跤，角力，扭斗vi. 摔跤，搏斗，斗争，斟酌vt. 与（对手）摔跤
underestimate	.ʌndәr'estimeit	n. 低估vt. 低估，看轻
undo	.ʌn'du:	vt. 解开，取消，破坏，毁灭，扰乱vi. 松开[计] 撤消
sceptical	'skeptikl	a. 怀疑论的，怀疑的
robust	rәu'bʌst	a. 健康的，强健的，要用力气的，坚定的，粗野的[计] 健壮性
feasible	'fi:zәbl	a. 能实行的，可行的，适宜的[法] 可行的，可执行的，可完成的
ecology	i:'kɒlәdʒi	n. 生态学，社会生态学[化] 生态学
fuss	fʌs	n. 大惊小怪，小题大作，忙乱vi. 无事自扰，焦急，焦燥，忙乱vt. 使激动，使烦燥
accessory	әk'sesәri	n. 附件，零件，附加物，从犯，同谋a. 附属的，补充的，同谋的，帮凶的，非主要的，副的[计] 附件
accustomed	ә'kʌstәmd	a. 惯常的，习惯了的
rotten	'rɒtn	a. 腐烂的，恶臭的，堕落的，风化的，虚弱的[经] 腐烂的，堕落的
blossom	'blɒsәm	n. 花，花开的状态，兴旺期vi. 开花，兴旺，发展
allegiance	ә'li:dʒәns	n. 忠贞，效忠
ambiguous	æm'bigjuәs	a. 不明确的，模棱两可的[法] 意思含糊的，模棱两可的，暧昧的
spacecraft	'speiskræft	n. 航天飞船
imprison	im'prizn	vt. 使下狱，关闭，拘禁，限制[法] 关押，监禁，限制
sew	sәu	vt. 缝纫，缝合，缝vi. 缝纫
marathon	'mærәθәn	n. 马拉松，耐力的考验
destine	'destin	vt. 注定，预定
customary	'kʌstәmәri	a. 习惯的，惯常的[经] 通常的，习惯的
icy	'aisi	a. 冰的，冰冷的，冷淡的，滑溜的
massacre	'mæsәkә	n. 大屠杀vt. 大屠杀，残杀
ditch	ditʃ	n. 沟渠vt. 在……开沟vi. 开沟
deviation	.di:vi'eiʃәn	n. 背离[化] 偏差; 误差; 偏斜
whistle	'hwisl	n. 口哨，汽笛，啸啸声，口哨声vi. 吹口哨，鸣汽笛，发嘘嘘声vt. 用口哨或吹哨传意，用口哨演奏
porter	'pɒ:tә	n. 大楼管理员，门房，搬运工人，侍者，服务员[化] 搬运车; 搬运工人
devotion	di'vәuʃәn	n. 热爱，投入
bud	bʌd	n. 芽，花蕾vi. 发芽，萌芽vt. 使发芽
astronomy	ә'strɒnәmi	n. 天文学
escort	'eskɒ:t	n. 护送者，护卫者，护航舰vt. 护卫，护送
superficial	.sju:pә'fiʃәl	n. 表面，外表a. 表面的，肤浅的，面积的
insane	in'sein	a. 患精神病的，极愚蠢的[医] 神经错乱的
plausible	'plɒ:zibl	a. 貌似真实的，貌似合理的，说得煞有其事的[法] 花言巧语的，似乎有理的
scenery	'si:nәri	n. 风景，景色，舞台布景
resemblance	ri'zemblәns	n. 相似处，类似，肖像
mankind	mæn'kaind	n. 人类，男性
grove	grәuv	n. 小树林
muddy	'mʌdi	a. 泥泞的，浑浊的，模糊的vt. 使污浊，使沾上泥污
violently	'vaiәlәntli	adv. 猛烈地，激烈地，极端地
thickness	'θiknis	n. 厚度，密度，愚钝，含混不清[医] 厚度
turtle	'tә:tl	n. 海龟
ivory	'aivәri	n. 象牙，乳白色a. 象牙制的，乳白色的
hillside	'hilsaid	n. 山坡，山腹
litter	'litә	n. 垃圾，杂乱，轿，担架vt. 乱丢，铺草，弄乱vi. 产仔，乱丢垃圾
voyage	'vɒiidʒ	n. 航行，航海，航程，旅行，航空vi. 航海，航行vt. 航行越过，飞过
turmoil	'tә:mɒil	n. 骚动，混乱
stocking	'stɒkiŋ	n. 长袜[医] 马足水肿; 长袜
migrate	'maigreit	vi. 移动，移往，随季节而移居[计] 迁移程序
perfection	pә'fekʃәn	n. 完美，完成，极端[经] 完整性
helpless	'helplis	a. 无助的，无能为力的，无依无靠的
conquest	'kɒŋkwest	n. 战胜，征服，战利品[法] 征服，赢得，获得
superiority	sju:.piәri'ɒriti	n. 优越，高傲[化] 优越性
slender	'slendә	a. 苗条的，纤弱的，微少的，微薄的[机] 细的，纤细的
imaginary	i'mædʒinәri	a. 想像的，虚构的，假想的
orient	'ɒ:riәnt	n. 东方，东方诸国a. 东方的vi. 向东vt. 使朝东，使适应，确定方向
interruption	.intә'rʌpʃәn	n. 打扰，中断，障碍物[医] 间断，阻断，中止
safeguard	'seifgɑ:d	n. 保卫，保护措施，防护设施vt. 保卫，保护
cruelty	'kru:әlti	n. 残酷，野蛮，残酷行为[法] 残酷，残忍，虐待
underwear	'ʌndәwєә	n. 内衣
contamination	kәn.tæmi'neiʃәn	n. 污染，污物[化] 污染; 沾污
conspicuous	kәn'spikjuәs	a. 显著的，显眼的，出众的
hay	hei	n. 干草vt. 制干草，供给干草vi. 晒干草
disappearance	.disә'piәrәns	n. 看不见，失踪，消失
messenger	'mesindʒә	n. 报信者，使者[经] 使者，送信者，通信员
moan	mәun	n. 呻吟，悲叹vi. 呻吟，抱怨，悲叹vt. 呻吟着说
thunder	'θʌndә	n. 雷，雷声vi. 打雷，轰隆地响，怒喝vt. 大声喊出，轰隆地发出
marsh	mɑ:ʃ	n. 沼泽，湿地a. 沼泽的
moist	mɒist	a. 潮湿的，多雨的，感伤的，含泪的[医] 湿的
retention	ri'tenʃәn	n. 保持，留置，保留，保持力，保留物，记忆，停滞，固位[计] 保贸，保持
comrade	'kɒmreid	n. 同志，伙伴
tractor	'træktә	n. 牵引器，拖拉机，拉纸器[计] 进纸器
abnormal	æb'nɒ:mәl	a. 反常的，不规则的，变态的，畸形的n. 畸形的人
culminate	'kʌlmineit	vi. 到绝顶，达于极点，达到高潮vt. 使到绝顶，使达到高潮
paradox	'pærәdɒks	n. 似非而是的论点，自相矛盾的话，悖论，怪人怪事[化] 佯谬
vase	veis	n. 花瓶，瓶
revolt	ri'vәult	n. 叛乱，反抗，反感vi. 叛乱，反抗，起义，厌恶，反感vt. 使反感，使恶心
excursion	ik'skә:ʒәn	n. 远足，游览圆，短程旅行[医] 移动，离轨，逸出
cloak	klәuk	n. 斗蓬，大氅，掩护vt. 遮掩，隐匿，使披斗蓬
insult	'insʌlt	n. 侮辱，无礼，损害vt. 损害，侮辱，攻击
kin	kin	n. 亲戚，同族，血缘关系，家族a. 有亲属关系的，性质类似的，同类的
thirdly	'θә:dli	adv. 第三
upright	'ʌprait	a. 正直的，诚实的，公正的，垂直的，竖式的[化] 立杆
pearl	pә:l	n. 珍珠，珠灰色，杰出者，珍贵之物vt. 用珍珠镶，使成珠状vi. 成珠子状，采珍珠，用珍珠做
submarine	'sʌbmәri:n	n. 潜水艇，海底生物a. 海中的，生长在海中的vt. 用潜水艇攻击vi. 在下疾行，在下滑动
sideways	'saidweiz	adv. 向旁边，向侧面地a. 旁边的，向侧面的
bloom	blu:m	n. 花，开花，青春，钢块vi. 开花，焕发青春，茂盛vt. 使茂盛，把……轧成钢坯
necklace	'neklis	n. 项链
perimeter	pә'rimitә	n. 周长，周界，边缘[医] 周，周边，周界线; 周长; 视野计
blouse	blauz	n. 宽松的上衣
proximity	prɒk'simiti	n. 接近，亲近
brace	breis	n. 支柱，曲柄，支撑，一对vt. 紧缚，支撑，激励vi. 打起精神[计] 花括号
perfume	'pә:fju:m	n. 香水，香气，（悦人的）气氛，美名vt. 洒香水于，薰香，使充满香气
consequent	'kɒnsikwәnt	n. 随后发生的事情，结果a. 作为结果的，合乎逻辑的
sermon	'sә:mәn	n. 说教，启示，布道
refine	ri'fain	vt. 精炼，净化，使优雅，使精炼vi. 被精炼，被净化
oval	'әuvәl	n. 椭圆形a. 卵形的，椭圆形的
rigorous	'rigәrәs	a. 严厉的，严酷的，严格的，苛刻的，严密的，精确的
synthetic	sin'θetik	n. 合成物质a. 综合（性）的，人造的，合成的
canoe	kә'nu:	n. 独木舟，轻舟vi. 乘独木舟vt. 用独木舟运
cape	keip	n. 岬，海角，披肩，斗蓬
sturdy	'stә:di	a. 强健的，健全的[医] 羊晕倒病，羊蹒跚病
broaden	'brɒ:dn	vi. 变宽，扩大vt. 放宽，使扩大
propel	prәu'pel	vt. 推进，驱使[机] 推进
enclosure	in'klәuʒә	n. 附件，围墙，围绕[化] 机壳; 外壳
pest	pest	n. 令人讨厌之物，有害之物，害虫，瘟疫[医] 鼠疫，瘟疫
splash	splæʃ	n. 飞溅，污点，一点儿，溅泼声，色斑vi. 溅湿，溅开，飞溅vt. 溅，泼，使溅起水，洒，使成斑驳状
stalk	stɒ:k	n. 茎，追踪，高视阔步vi. 悄悄靠近，蹑手蹑脚地走近，蔓延，高视阔步vt. 追踪，搜索
prohibition	.prәuhi'biʃәn	n. 禁令，禁止
intimidate	in'timideit	vt. 威胁，恐吓[法] 恐吓，威胁，使恐惧
goddess	'gɒdis	n. 女神，美女，受崇拜的女性
verge	vә:dʒ	n. 边缘，边界，起始点vi. 处在边缘，接近，下沉，趋向
plague	pleig	n. 瘟疫，天罚，麻烦，灾祸vt. 折磨，使苦恼，使得灾祸
grandson	'grændsʌn	n. 孙子，外孙
expire	ik'spaiә	vi. 期满，呼气，断气vt. 呼出
catastrophe	kә'tæstrәfi	n. 大灾难，大祸[化] 突变
withhold	wið'hәuld	vt. 使停止，扣留，保留，拒给vi. 克制，忍住
analytical	.ænә'litikl	a. 分析的，善于分析的，解析的[机] 分析的
diagnostic	daiәg'nɒstik	a. 诊断的，有助于诊断的，特征的n. 诊断，病的征候，诊断法[计] 诊断的
transcend	træn'send	vt. 超越，胜过
fireman	'faiәmәn	n. 救火队员，消防队员[机] 司炉
resistant	ri'zistәnt	n. 抵抗者，反抗者a. 抵抗的，反抗的，耐……的
violin	.vaiә'lin	n. 小提琴
swan	swɒn	n. 天鹅，天鹅星座，有才华的诗人vi. 闲荡，蜿蜒而行
learned	'lә:nid	a. 有学问的，学术上的learn的过去式和过去分词
conversely	'kɔnv\\\\:sli	adv. 相反，逆，颠倒，反题，反
jealousy	'dʒelәsi	n. 妒忌，猜忌，羡慕[法] 妒忌，嫉妒，猜忌
liar	'laiә	n. 说谎者
elicit	i'lisit	vt. 引出，推导出，引起
heater	'hi:tә	n. 加热器，灯丝，加热工[化] 加热器
vest	vest	n. 背心，汗背心vt. 使穿衣服，授予vi. 穿衣服，归属
inquire	in'kwaiә	v. 询问，问明，查究
vibration	vai'breiʃәn	n. 振动，颤动[化] 振动
elevation	.eli'veiʃәn	n. 海拔，提高，仰角[计] 仰角
inference	'infәrәns	n. 推论[法] 推论，推理，推断
sulphur	'sʌlfә	n. 硫，硫磺[化] 硫
tram	træm	n. 电车轨道，煤车，纬纱，纬丝vt. 用煤车运载vi. 乘电车
eruption	i'rʌpʃәn	n. 爆发，喷出物，出疹[化] 喷发
overlap	.әuvә'læp	n. 重叠，重复，部分的同时发生vt. 重叠，重复，与……同时发生vi. 迭盖，部分的同时发生[计] 重叠
handkerchief	'hæŋkәtʃif	n. 手帕，头巾，围巾
foil	fɒil	n. 箔，烘托，衬托vt. 贴箔于，衬托，阻止，挡开，挫败
heave	hi:v	n. 举，抛，起伏，鼓起vt. 用力举起，使举起，使鼓起vi. 抛出，起伏，喘息，凸起
clap	klæp	n. 拍手，拍手声，霹雳声，花柳病v. 鼓掌，（使）啪地关上
deepen	'dipәn	vi. 深化vt. 使加深，使强烈
radioactive	.reidiәu'æktiv	a. 放射性的，有放射能的[医] 放射性的，放射的
curb	kә:b	n. 抑制，勒马绳，边石vt. 抑制，束缚，勒住
conquer	'kɒŋkә	vt. 克服，征服，战胜vi. 得胜
mediate	'mi:dieit	a. 居间的，间接的vt. 斡旋，调停vi. 处于中间，调解
dictator	'dikteitә	n. 命令者，独裁者
composite	kәm'pɒzit	a. 合成的，混合成的，菊科的n. 合成物，复合材料，菊科
unlimited	.ʌn'limitid	a. 无限的，不受限制的，无条件的[经] 无限的，不定的
symmetry	'simitri	n. 对称，匀称[化] 对称; 对称性; 对称现象
siren	'saiәrin	n. 女海妖，妖女，警报器，汽笛，迷人的美女a. 诱惑的vi. 响着警报器前进
hiss	his	n. 嘘声，嘶嘶声vi. 发出嘘声，发嘶嘶声vt. 发嘶嘶声表示
greed	gri:d	n. 贪欲，贪婪
weary	'wiәri	a. 疲倦的，萎靡的，厌倦的，厌烦的vt. 使疲倦，使厌烦vi. 疲乏，生厌，不耐烦
mourn	mɒ:n	v. 哀悼，忧伤，服丧
millionaire	.miljә'nєә	n. 百万富翁，大富豪[经] 大资本家，巨富，百万富翁
scarce	skɑ:s	a. 难得的，稀罕的，缺乏的
trademark	'treidmɑ:k	n. 商标[法] 商标
displace	dis'pleis	vt. 移置，替换，转移
aerospace	'єәrәuspeis	n. 航天空间，航天技术
polar	'pәulә	a. 两极的，极地的，正好相反的，极性的n. 极线，极面
puppy	'pʌpi	n. 小狗，小动物，自负的年轻人
void	vɒid	n. 空虚，空间，空白，空隙，空虚感a. 空的，无效的，无人的，没有的，无用的[计] 脱墨; 空白点
granite	'grænit	n. 花岗岩[化] 花岗岩
hum	hʌm	n. 嗡嗡声，哼声，杂声vi. 发低哼声vt. 哼，用哼声表示interj. 哼，嗯
pierce	piәs	vt. 刺穿，穿透，打眼于，洞悉，（声音）响彻，（亮光）照进，深深地打动vi. 刺入，穿入，透入，进入
worse	wә:s	n. 更坏的事，更恶劣的事，败局a. 更坏的，更恶劣的adv. 更坏地，更恶劣地
beforehand	bi'fɒ:hænd	adv. 预先
prairie	'prєәri	n. 大草原，草甸
atmospheric	ætmәs'ferik	a. 大气的[医] 大气的; 大气压的
foul	faul	a. 污秽的，邪恶的，恶臭的，肮脏的，恶劣的，淤塞的vt. 弄脏，妨害，污蔑，犯规，淤塞vi. 腐烂，犯规，缠结adv. 违反规则地，不正当地n. 犯规，缠绕
dubious	'dju:biәs	a. 可疑的，不确定的
pear	pєә	n. 梨子，梨树，梨木[机] 梨木
drastic	'dræstik	a. 激烈的[医] 峻泻药，剧烈的
surpass	sә'pɑ:s	vt. 超越，凌驾，胜过
unsuitable	.ʌn'sju:tәbl	a. 不适合的[法] 不适合的，不适当的
contradict	.kɒntrә'dikt	vt. 反驳，与……抵触，与……矛盾vi. 反驳
muscular	'mʌskjulә	a. 强壮的，肌肉发达的，有力的[医] 肌的; 肌肉发达的
subscribe	sәb'skraib	vt. 捐献，签署vi. 赞成，同意，捐款，预订，认购[计] 订阅
compliment	'kɒmplimәnt	n. 称赞，恭维，敬意vt. 称赞，褒扬，恭维
commute	kә'mju:t	vt. 交换，折偿，减轻vi. 代偿，经常乘车来往
pluck	plʌk	n. 勇气，猛拉，动物内脏vt. 摘，猛拉，拔，拉，扯，采vi. 拉，拽
lunar	'lu:nә	a. 阴历的，月的，微亮的（指光）[医] 月的，银的
discrepancy	dis'krepәnsi	n. 不符合，差异，不相符之处[化] 不符值; 偏差值
sincere	sin'siә	a. 诚实的，正直的，真挚的，纯净的
enrich	in'ritʃ	vt. 使富足，使肥沃
pamphlet	'pæmflit	n. 小册子，活页文选
clown	klaun	n. 小丑，乡下人
scout	skaut	n. 守候，侦察，搜索，侦察员，侦察机vi. 守候，侦察，巡视，嘲笑vt. 侦察，跟踪，发现，监视，嘲弄
loaf	lәuf	n. 一条面包，块，游荡v. 游手好闲，虚度光阴
sow	sau. sәu	n. 母猪，懒胖女人vt. 播种，散布，使密布vi. 播种
speciality	.speʃi'æliti	n. 专长，擅长，特种技能，详细说明，特性，特产，专业[化] 特制品
twilight	'twailait	n. 暮光，曙光，黎明，黄昏，微光，朦胧状态a. 微明的
comprehend	.kɒmpri'hend	vt. 理解，包括
unlock	.ʌn'lɒk	vt. 开……的锁，开启，表露，放出vi. 被开启，揭开，解放[计] 解出锁定
prosperous	'prɒspәrәs	a. 成功的，繁盛的，幸运的[经] 繁荣的，昌盛的
squirrel	'skwә:rәl	n. 松鼠，松鼠毛皮vt. 贮藏
preferable	'prefәrәbl	a. 更可取的，更好的，更合意的
plough	plau	n. 犁，犁过的地vi. 用犁耕田，开路vt. 耕，犁，开路
pathetic	pә'θetik	a. 悲哀的，可怜的，感伤的，差劲的[医] 感情的
inclination	.inkli'neiʃәn	n. 倾向，趋向，倾斜度，点头[化] 倾角
loosely	'lu:sli	adv. 松弛地，宽松地，不紧
deceive	di'si:v	v. 欺骗，行骗
accidental	.æksi'dentl	a. 意外的，偶然的，非主要的，附属的n. 临时记号，次要方面
evacuate	i'vækjueit	v. 疏散，撤出，排泄
wreck	rek	n. 失事，残骸，破坏vt. 使失事，拆毁，破坏vi. （船）失事，营救失事船只
lever	'levә	n. 杠杆，似杠杆之工具vt. 撬开vi. 使用杠杆
squash	skwɒʃ	n. 挤压，压碎的东西，南瓜属植物，拥挤的人群vt. 压扁，镇压，压制vi. 被压扁，发溅泼声，挤入
clearing	'kliәriŋ	n. 清扫，空地，票据清算[经] 票据交换，结算，结帐
famine	'fæmin	n. 饥荒，缺乏，饥饿
instability	.instә'biliti	n. 不安定，不稳定[医] 不稳定性
ignorant	'ignәrәnt	a. 无知识的，不知道的，由无知产生的[法] 无知的，愚昧的，不知情的
affiliate	ә'filieit	vt. 使紧密联系，使附属，接纳，收养vi. 发生联系，参加
energetic	.enә'dʒetik	a. 精力充沛的，积极的
susceptible	sә'septәbl	a. 易受影响的，易感动的，容许……的[法] 易感的，易受影响的，容许
claw	klɒ:	n. 爪，螯，抓伤v. 用爪抓，挖，搜刮
frost	frɒst	n. 霜，冰冻，冷漠vt. 覆着霜，冻结，结霜vi. 受冻，起霜
mercury	'mә:kjuri	n. 水银，汞，使者[化] 汞Hg
incomplete	.inkәm'pli:t	a. 不完全的，未完成的，不完善的[机] 不完全的
immunity	i'mju:niti	n. 免疫，免疫性，免除[化] 免疫性
saw	sɒ:	n. 锯子，谚语vt. 锯，锯开，来回移动vi. 拉锯，移动see的过去式
chess	tʃes	n. 国际象棋[建] 雀麦
endeavour	in'devә	n. 努力，力图，尽力vi. 努力，力图，尽力
camel	'kæml	n. 骆驼，打捞浮筒
diversion	dai'vә:ʒәn	n. 转移[医] 转向
shipment	'ʃipmәnt	n. 装船，出货[经] 运送，运送（寄出）货物，装载
farewell	'fєә'wel	n. 辞别，再见，再会interj. 再会
bitterness	'bitәnis	n. 苦味，悲痛，怨恨
withstand	wið'stænd	vt. 抵住，顶住，经得起
irrigation	.iri'geiʃәn	n. 灌溉，冲洗[医] 冲洗法，灌溉
unstable	.ʌn'steibl	a. 不稳定的
extinction	ik'stiŋkʃәn	n. 消失，消灭，废止[化] 消光; 熄灭
rein	rein	n. 缰绳，统治，支配vt. 驾驭，以缰绳控制，控制vi. 勒住马
suffice	sә'fais	vi. 足够，有能力vt. 满足
slack	slæk	n. 松弛，松懈，淡季，闲散，家常裤a. 松弛的，不流畅的，疏忽的，无力的，呆滞的，软弱的，漏水的adv. 马虎地，缓慢地vt. 放松，使缓慢vi. 松懈，减弱，松弛
impetus	'impitәs	n. 动力，推动力，动量[医] 冲动，动能，起始（病）
lumber	'lʌmbә	n. 木材，破旧家俱，废物，隆隆声vt. 砍伐木材，乱堆vi. 笨拙地移动，喧闹地向前走，隆隆地移动
prevalent	'prevәlәnt	a. 普遍的，流行的
gloomy	'glu:mi	a. 抑沉的，忧闷的，黑暗的，悲观的
benign	bi'nain	a. 善良的，良性的[医] 良性的
climax	'klaimæks	n. 高潮，极点，层进法v. （使）达到顶点，（使）达到高潮
systematically	.sisti'mætikli	adv. 有系统地，有组织地，有条理地
selfish	'selfiʃ	a. 自私的，利己主义的，自我中心的
kidnap	'kidnæp	vt. 绑架，诱拐，拐骗[法] 拐带，诱拐，绑架
imitation	.imi'teiʃәn	n. 模仿，效法，冒充，赝品[医] 模仿，仿制，仿制品
harden	hɑ:dn	vt. 使变硬，使坚强，使冷酷vi. 变硬，变冷酷
apt	æpt	a. 有……倾向的，易于的，恰当的，聪明的[计] 自动数控语言，自动图象传输，自动程序控制，自动程序设计工具
kindness	'kaindnis	n. 仁慈，亲切，和蔼
earnest	'ә:nist	n. 定金，诚挚，认真a. 认真的，热心的，重要的
hurl	hә:l	n. 用力的投掷vt. 用力投掷，发射，愤慨地说出，丢下vi. 猛投，猛掷
optimal	'ɒptimәl	a. 最佳的，最理想的[化] 最优的
preclude	pri'klu:d	vt. 预先排除，预防，阻止，妨碍[法] 预防，排除，消除
stagger	'stægә	n. 蹒跚，踌躇vi. 蹒跚，犹豫vt. 使摇摆，使踌躇，交错，错开a. 交错的，错开的
irregular	i'regjulә	n. 不规则物，不合规格之物a. 不规则的，不整齐的，不合法的
hollow	'hɒlәu	n. 洞，窟窿，山谷a. 空的，虚伪的，空腹的，凹的vi. 形成空洞vt. 挖空
halve	hɑ:v	vt. 二等分，对半分享，把……减半
rinse	rins	n. 清洗，染发，染发剂vt. 以清水冲洗，漱，漂清vi. 被漂净
alas	ә'læs	interj. 唉
lavatory	'lævәtәri	n. 洗脸盆，厕所
coarse	kɒ:s	a. 粗糙的，下等的，粗俗的[计] 粗略的
appealing	ә'pi:liŋ	a. 有感染力的，动人的，恳求的
hare	hєә	n. 野兔vi. 飞跑
impatient	im'peiʃәnt	a. 不耐烦的，着急的，急切的
oriental	.ɒ:ri'entl	n. 东方人，亚洲人a. 东方诸国的，亚洲的，东方的
merchandise	'mә:tʃәndaiz	n. 商品，货物v. 交易，买卖
herald	'herәld	n. 使者，传令官，先驱vt. 预报，宣布，传达，欢呼
workman	'wә:kmәn	n. 工人，工匠，男工
incorrect	.inkә'rekt	a. 不正确的[法] 不正确，错误的，不适当的
blunt	blʌnt	a. 钝的，坦率的，麻痹的
excel	ik'sel	vt. 胜过，优于，擅长vi. 胜过其他
graze	greiz	n. 吃草，放牧，擦伤，轻擦v. （使）吃草，放牧，轻擦，擦伤
triple	'tripl	n. 三倍数，三个一组a. 三倍的vt. 使增至三倍vi. 增至三倍
compass	'kʌmpәs	n. 指南针，范围，音域vt. 包围，达到，图谋，理解
spacious	'speiʃәs	a. 广大的，宽广的
canteen	kæn'ti:n	n. 水壶，军中俱乐部，临时流动餐馆，小卖部
postal	'pәustl	a. 邮政的，邮局的[经] 邮政的
simplify	'simplifai	vt. 单一化，简单化
cafeteria	.kæfi'tiәriә	n. 自助餐厅[经] 自助餐厅
restless	'restlis	a. 不安静的，慌张的，休息不充分的[医] 不安静的，不宁的
pave	peiv	vt. 铺设，安排，铺满，为……铺路[化] 铺设
fry	frai	n. 油炸食物，鱼苗v. 油炸，煎
glide	glaid	n. 滑动，滑过，流水vi. 滑动，滑翔，溜走，流逝vt. 使滑动
radius	'reidiәs	n. 半径，范围，辐射光线[电] 半径
infectious	in'fekʃәs	a. 有传染性的，易传染的[医] 传染性的
hymn	him	n. 赞美诗，圣歌v. 唱赞美歌
qualitative	'kwɒlitәtiv	a. 性质的，质的，定性的
contradictory	.kɒntrә'diktәri	a. 反驳的，反对的，抗辩的n. 矛盾因素，对立物
necessitate	ni'sesiteit	vt. 迫使，使成为必需，需要
residual	'rezidju:l	a. 残渣的，剩余的n. 残渣，剩余，余数
equate	i'kweit	vt. 使相等，视为平等vi. 等同
stew	stju:	n. 炖，烦恼，热浴，妓院，鱼塘vi. 炖，焖，忧虑vt. 炖，焖，使焦虑
antenna	æn'tenә	n. 天线，触须，触角[化] 天线
maternity	mә'tә:niti	n. 母性，怀孕，妇产科医院a. 产妇的
flank	flæŋk	n. 侧面，侧腹，胁，腰窝肉vt. 攻击侧面，守侧面vi. 侧面与……相接
blaze	bleiz	n. 火焰，烈火，光辉vi. 燃烧，发光vt. 使燃烧，宣布，在树皮上刻痕
nylon	'nailɒn	n. 尼龙[化] 尼龙; 聚酰胺纤维
sovereign	'sɒvrin	n. 元首，独立国a. 具有主权的，至高无上的，国王的，完全的
groove	gru:v	n. 凹槽，惯例，理想境况vt. 开槽于
cannon	'kænәn	n. 大炮，加农炮v. 炮轰
purity	'pjuәrәti	n. 纯净，纯正，纯粹[化] 纯度
embarrass	im'bærәs	vt. 使困窘，使局促不安，阻碍
endanger	in'deindʒә	vt. 危及[法] 使危险，危及
paralyze	'pærәlaiz	vt. 使瘫痪，使麻痹[医] 使麻痹，使瘫痪
thermal	'θә:ml	a. 热的，热量的，温泉的n. 上升温暖气流
fasten	'fɑ:sәn	vt. 拴紧，使固定，系，集中于，强加于vi. 扣紧
navigation	.nævi'geiʃәn	n. 航行，航海，导航[经] 航空，航海，航船
scarlet	'skɑ:lit	n. 猩红色，绯红色，红衣a. 绯红色的，鲜红色的
napkin	'næpkin	n. 餐巾，餐巾纸，尿布
luggage	'lʌgidʒ	n. 行李，皮箱
footpath	'futpæθ	n. 步道，人行道，小路
prophet	'prɒfit	n. 预言者，先知，提倡者
unload	.ʌn'lәud	vi. 卸货vt. 从……卸下，摆脱……之负担，倾销，卸（货）[计] 卸载
cozy	'kәuzi	a. 舒适的，安逸的，惬意的n. （茶壶等的）保暖罩，舒适的座位vt. 以假话使安心
terminology	.tә:mi'nɒlәdʒi	n. 术语，术语学[医] 名词学，命名法
milky	'milki	a. 乳状的，乳白色的，柔和的
militant	'militәnt	a. 好战的
dwell	dwel	vi. 居住，居住（于）, 存在（于）
seam	si:m	n. 缝合线，衔接口，接缝，线缝，伤疤vt. 缝合，接合，焊合，使留下伤痕vi. 裂开，发生裂痕
naughty	'nɒ:ti	a. 顽皮的，没规矩的，不适当的，下流的
hardy	'hɑ:di	a. 难的，艰苦的，坚硬的，勇敢的adv. 努力地，辛苦地，坚硬地
dialect	'daiәlekt	n. 方言，同源语
huddle	'hʌdl	n. 杂乱一团，混乱，拥挤vt. 把……挤在一起，乱堆，草率了事，蜷曲vi. 挤作一团，蜷缩
infer	in'fә:	vt. 推论出，推断vi. 作推论
beetle	'bi:tl	n. 甲虫，大槌vi. 快速移动vt. 捶
masculine	'mæskjulin	n. 阳性，男性a. 男性的，阳性的，有丈夫气的
fort	fɒ:t	n. 堡垒，要塞，易货站vt. 设要塞保卫vi. 设要塞
pirate	'paiәrәt	n. 海盗，盗印者，侵犯专利权者vt. 盗印，掠夺，翻印vi. 做海盗，从事劫掠
vice	vais	n. 恶习，恶行，罪恶，堕落，缺陷，恶癖，老虎钳vt. 钳住prep. 代替
jug	dʒʌg	n. 水壶，监牢，模仿夜莺的叫声vt. 放入壶中，炖，关押vi. 模仿夜莺叫
dusk	dʌsk	n. 薄暮，傍晚，黄昏a. 微暗的v. （使）微暗
reed	ri:d	n. 芦苇，芦笛，簧舌，纤弱的人vt. 用芦苇盖，用小凸嵌线装饰
provocative	prә'vɒkәtiv	a. 激发感情的，挑拨的，刺激的n. 刺激物，挑拨物，兴奋剂
wax	wæks	n. 蜡，蜡状物，一阵发怒，增加，（月亮）渐盈vi. 变大，增大，月亮渐满vt. 上蜡于
sob	sɒb	vi. 啜泣，呜咽vt. 哭诉，哭得使n. 啜泣，呜咽
graceful	'greisful	a. 优美的
induction	in'dʌkʃәn	n. 归纳法，感应，就职，入门[计] 归纳法
orchard	'ɒ:tʃәd	n. 果园，果树林
exemplify	ig'zemplifai	vt. 例证，例示[法] 制作经公章证明的誊本，例证
shovel	'ʃʌvl	n. 铲，铁铲v. 铲
puppet	'pʌpit	n. 傀儡，木偶[法] 木偶，傀儡，受他人操纵的人
intricate	'intrikit	a. 复杂的，错综的，缠结的，难懂的
seaman	'si:mәn	n. 船员，海员，水兵[法] 海员，水手，精通海事者
renovation	.renәu'veiʃәn	n. 革新，刷新，修理[化] 改建
glue	glu:	n. 胶，粘性物vt. 粘合，胶合
cumulative	'kju:mjulәtiv	a. 累积的[医] 蓄积的，累积的
burglar	'bә:glә	n. 窃贼[法] 夜盗，窃贼，盗窃者
microscope	'maikrәuskәup	n. 显微镜[化] 显微镜
turbine	'tә:bain	n. 涡轮机[化] 涡轮机
radiator	'reidieitә	n. 暖气装置，散热器，辐射体[化] 散热器
latent	'leitnt	a. 潜伏性的，隐藏的n. 隐约指纹
veto	'vi:tәu	n. 否决权vt. 否决，禁止
setback	'setbæk	n. 挫折，退步，逆流
veil	veil	n. 面纱，面罩，借口，幕，帐，遮蔽物vt. 戴面纱，隐藏，遮蔽，掩饰vi. 蒙上面纱
deposition	.depә'ziʃәn	n. 免职，作证，沉淀[化] 沉积
numerical	nju:'merikl	a. 数字的，数值的，以数字表示的，擅长于计数的[经] 数字的，用数字表示的
sunrise	'sʌnraiz	n. 日出，黎明，拂晓
extraordinarily	ik'strɔ:dθnәrili	adv. 非凡，破例，特别，非常，离奇，使人惊奇，惊人，特命，特派
scripture	'skriptʃә	n. 圣经，圣经的一节，圣经的一句，铭文
invoice	'invɒis	n. 发票，发货单v. 开发票，记清单
ginger	'dʒindʒә	n. 姜，精力，姜黄色a. 姜黄色的vt. 用姜调味，使活泼，使有生气
comb	kәum	n. 头梳，鸡冠vt. 梳头发，梳毛vi. （浪）涌起
elimination	i.limi'neiʃәn	n. 除去，消除，消灭[化] 消去; 脱去
friction	'frikʃәn	n. 摩擦，摩擦治疗，不和[医] 摩擦
aerial	'єәriәl	a. 空中的，航空的，空气的，空想的n. 天线
dine	dain	vi. 用正餐，进餐vt. 宴请
dispatch	dis'pætʃ	vt. 派遣n. 派遣，急件[计] 调度
hatch	hætʃ	n. 孵化，舱口vt. 孵，孵出，策划vi. 孵化
gradient	'greidiәnt	n. 倾斜度，梯度，坡度，斜率a. 渐升的，渐降的，步行的
lipstick	'lipstik	n. 口红，唇膏[机] 口红
marxism	'mɑ:ksizm	n. 马克思主义[法] 马克思的，马克思主义的; 马克思主义
ignite	ig'nait	vt. 点燃，使灼热，使兴奋
revolve	ri'vɒlv	v. （使）旋转，反复考虑，循环出现
alternate	'ɒ:ltәnәt	a. 交替的，轮流的，间隔的v. 轮流，（使）交替
contaminate	kәn'tæmineit	vt. 弄污，弄脏，污染，毒害[化] 污染
geology	dʒi'ɒlәdʒi	n. 地质学，地质情况
vowel	'vauәl	n. 元音a. 元音的
merry	'meri	a. 快乐的，愉快的，嬉戏作乐的
sober	'sәubә	a. 未醉的，稳重的，节制的，严肃的，不夸大的，合理的，朴素的vt. 使醒酒，使严肃vi. 从醉里醒来，变严肃
sleepy	'sli:pi	a. 困乏的，欲睡的
clasp	klɑ:sp	n. 扣子，钩，紧握v. 扣紧，紧握
youthful	'ju:θful	a. 年轻的，青年的[法] 青年的，年轻的
flatten	'flætn	vi. 使……不活跃，变平vt. 弄平，打倒，使失去光泽
nap	næp	n. 小睡，稍睡，细毛，孤注一掷vi. 小睡，疏忽vt. 使拉毛，打盹度过，预测……为获胜马
impair	im'pєә	vt. 损害，减少，削弱[法] 损害，伤害，减少
razor	'reizә	n. 剃刀vt. 剃
charcoal	'tʃɑ:kәul	n. 木炭[化] 木炭
intrinsic	in'trinsik	a. 本质的，原有的，真正的[医] 内部的，内在的
starve	stɑ:v	v. （使）饿死，（使）挨饿
rainforest	'rein'fɔrist	[生态]雨林
reclaim	ri'kleim	vt. 开垦，改造，感化，纠正，回收vi. 喊叫，抗议
fertile	'fә:tail	a. 可繁殖的，肥沃的，生产多的[医] 能生育的
wield	wi:ld	vt. 挥舞，运用
timely	'taili	a. 及时的，适时的adv. 及时地
disgust	dis'gʌst	n. 厌恶，嫌恶vi. 令人厌恶vt. 使作呕
doom	du:m	n. 厄运，不幸，法律，宣告，判决，死亡vt. 命中注定，判决
niece	ni:s	n. 侄女，甥女
rainy	'reini	a. 下雨的，多雨的
microcomputer	.maikrәu'kɒmpjutә	n. 微电脑，微机[计] 微型计算机; 微计算机
capsule	'kæpsju:l	n. 胶囊，蒴果，瓶帽，航天舱[化] 胶囊剂
hamburger	'hæmbә:gә	n. 汉堡（德国港口）, 肉饼，汉堡包，纯精牛肉，汉堡牛排
persistence	pә'sistәns	n. 固执，坚持不懈，持续（性）, 存留（状态）[电] 持久
liberate	'libәreit	vt. 解放，释放，使自由[机] 释出，放出
liner	'lainә	n. 班机，划线者，定期船，衬里[化] 衬垫; 垫带; 套管
orphan	'ɒ:fәn	n. 孤儿a. 无双亲的，孤儿的vt. 使成孤儿[计] 弧体
needless	'ni:dlis	a. 不需要的，不必要的
idle	'aidl	a. 懒惰的，闲散的，停顿的，空闲的，无用的vi. 无所事事，闲散，浪费，空转vt. 虚度，使闲散，使空转n. 空转，空闲时间[计] 空闲时间
reel	ri:l	n. 卷轴，一卷，纺车，旋转，蹒跚vt. 卷……于轴上，绕，使旋转vi. 蹒跚地走，旋转，眩晕，摇晃，退缩[计] 卷; 盘
alleviate	ә'li:vieit	vt. 减轻，使缓和
disregard	.disri'gɑ:d	n. 忽视，漠视vt. 忽视，不顾
detach	di'tætʃ	vt. 使分离，分遣[机] 摘下，分离，卸下
hinder	'hindә	a. 后面的v. 阻碍，打扰
mock	mɒk	n. 嘲笑，戏弄，模仿a. 假的，伪造的，模拟的adv. 虚伪地vt. 嘲弄，模仿，使失望，欺骗，挫败vi. 嘲弄
sharpen	'ʃɑ:pn	vt. 使尖锐，使敏捷，加重，削尖vi. 尖锐化，变锋利
scrub	skrʌb	n. 用力擦洗，矮树，矮人，渺小之物vt. 用力擦洗，擦掉，摩擦vi. 擦洗干净，进行手臂消毒a. 次等的，矮小的，非正规球队的，临时凑合的
indifferent	in'difәrәnt	a. 漠不关心的，无重要性的，中立的[医] 中性的，无作用的，无亲和力的，淡漠的
stubborn	'stʌbәn	a. 顽固的，不听话的，执拗的，棘手的
tentative	'tentәtiv	n. 试验a. 试验性的，暂时的
avert	ә'vә:t	vt. 转开，避免，防止
cavity	'kæviti	n. 洞，空穴，腔[化] 空穴
conjunction	kәn'dʒʌŋkʃәn	n. 连接词，联合，结合[计] 合取
novelty	'nɒvәlti	n. 新奇，新鲜，新奇的事物
outdoors	'aut'dɒ:z	n. 户外，野外活动adv. 在户外，在野外
continual	kәn'tinjuәl	a. 持续不断的，继续的[建] 连续的
seaside	'si:said	a. 海边的，海滨的n. 海滨
digest	di'dʒest	n. 文摘vi. 消化vt. 消化，理解[计] 摘要
shorten	'ʃɒ:tn	vt. 弄短，缩短，减少vi. 缩小，变短
vicinity	vi'siniti	n. 附近，邻近，附近地区，近处[法] 附近，邻近，附近地区
menace	'menis	n. 威胁，胁迫v. 威吓，胁迫
breadth	bredθ	n. 宽度[法] 违背，违犯，未遵守
accustom	ә'kʌstәm	vt. 使习惯于
ruthless	'ru:θlis	a. 无情的，残忍的，毫不留情的，彻底的[法] 无情的，残忍的
collide	kә'laid	vi. 碰撞，互撞，抵触
reap	ri:p	vt. 收割，收获，获得vi. 收割，得到报应
mastery	'mɑ:stәri	n. 征服，统治权，优势，精通，掌握[法] 统治权，控制权，征服
commend	kә'mend	vt. 嘉奖，委托给，推荐
arrogant	'ærәɡәnt	a. 自大的，傲慢的
vigour	'vigә	n. 精力，活力，力量，效力，气势
bypass	'baipɑ:s	n. 旁路vt. 省略，绕过，忽视，回避
persuasion	pә'sweiʒәn	n. 说服，信念，派别，说服力
generosity	.dʒenә'rɒsiti	n. 慷慨，宽大
vent	vent	n. 排气口，出口，通风孔，发泄vt. 发泄，排出，给……开孔
eclipse	i'klips	n. 日食，月食，（地位名誉等的）消失vt. 引起日食，引起月食，使黯然失色
beware	bi'wєә	v. 小心，谨防
peril	'peril	n. 危险，冒……之险，险境，险因vt. 置……于险境，冒险，危及
paste	peist	n. 面团，面食，浆糊，糊状物，粘贴，用拳重击vt. 用浆糊粘，张贴，狠狠地打[计] 粘贴
midday	'middei	n. 正午，中午a. 正午的
bruise	bru:z	n. 青肿，挫伤，擦伤vi. 受伤，擦伤vt. 使受伤，研碎
wade	weid	vi. 跋涉vt. 涉水n. 跋涉，浅滩
savage	'sævidʒ	a. 未开化的，野蛮的，无礼的，残酷的，原始的，粗鲁的，未开发的vt. 用暴力对付，凶猛攻击n. 原始人，粗鲁人
mediterranean	.meditә'reiniәn	n. 地中海，地中海民族a. 地中海的，地中海民族的
poultry	'pәultri	n. 家禽
bankrupt	'bæŋkrʌpt	n. 破产者a. 破产的vt. 使破产
mars	mɑ:z	n. 火星，战神[医] 铁
conserve	kәn'sә:v	n. 蜜饯，果酱vt. 保存，使（能量等）守恒
patriotic	.peitri'ɒtik	a. 爱国的，有爱国心的[法] 爱国的，有爱国心的
genetics	dʒi'netiks	n. 遗传学[化] 遗传学
ornament	'ɒ:nәmәnt	n. 装饰，点缀品，教堂用品vt. 装饰，修饰
payoff	'peiɒf	n. 发工资，分赃，贿赂，盈利，报酬，报应，结果，高潮，决定因素a. 决定性的，产生结果的，支付的
lessen	'lesn	vt. 减少，缩小，减轻vi. 变小
typewriter	'taip.raitә	n. 打字机
dilute	dai'lju:t	vt. 冲淡，稀释a. 淡的，稀释的
lining	'lainiŋ	n. 衬里，内层，衬垫[化] 衬里; 衬垫; 衬套; 衬层
eccentric	ik'sentrik	n. 怪人，偏心圆a. 古怪的，反常的，不同圆心的
roast	rәust	n. 烤肉，烘烤，嘲笑a. 烘烤的，烤过的vt. 烤，炙，烘焙，嘲笑vi. 烤，炙，烘焙
masterpiece	'mɑ:stәpi:s	n. 杰作，名著
humiliation	hju:.mili'eiʃәn	n. 耻辱，丢脸，谦卑
obedience	ә'bi:djәns	n. 服从，顺从，忠实[法] 服从，顺从，遵从
ashore	ә'ʃɒ:	adv. 向岸，在岸上
periodic	.piәri'ɒdik	a. 周期的，定期的，间歇（性）的，循环的，用完整句的，高碘的[医] 周期性的
gutter	'gʌtә	n. 排水沟，槽，贫民区vt. 开沟于vi. 流[计] 装订线
adore	ә'dɒ:	vt. 崇拜，爱慕，喜爱vi. 崇拜，爱慕
literal	'litәrәl	a. 逐字的，字面上的，文字的，字母的n. 印刷错误[计] 文字; 直接量; 字面量; 句节
slippery	'slipәri	a. 滑的，光滑的，靠不住的，圆滑的，不稳固的[法] 狡猾的，不可靠的，不安定的
mesh	meʃ	n. 网孔，网丝，网眼，网状物，圈套，陷阱，啮合vt. 以网捕捉，啮合，使缠住vi. 落网，相啮合
infinitely	'infinitli	adv. 无限地，无数地，庞大地
drawback	'drɒ:bæk	n. 缺点，退税[法] 退款，退税
discern	di'zә:n	v. 辨别，看清楚，了解
dove	dʌv	n. 鸽子dive的过去式
unpaid	.ʌn'peid	a. 未付款的，不支薪水的[经] 未付的，未缴纳的
storey	'stɔ:ri	n. 楼，楼层，层楼
dismay	dis'mei	n. 沮丧vt. 使惊愕，使气馁
pinch	pintʃ	n. 捏，拧，撮，少量，收缩，挤压，夹痛，苦恼，逮捕，指控，匮乏，紧急关头vt. 捏，拧，掐，挤压，修剪，使困苦，使萎缩，节制，少量加入，逮捕，勒索vi. 收缩，节省，挤压，引起苦恼
deduce	di'dju:s	vt. 推论，演绎出[法] 推断，推出，演绎
endurance	in'djuәrәns	n. 忍耐，忍耐力，耐性[机] 持九性
indoors	'in'dɒ:z	adv. 在户内
orderly	'ɒ:dәli	a. 有秩序的，整齐的，值班的n. 护理员，清道夫，传令兵，勤务兵adv. 依次地，顺序地
quarrel	'kwɒrәl	n. 吵架，反目，怨言，方头凿vi. 吵架，争论，挑剔
pants	pænts	n. 裤子，长裤，短衬裤，女式运动短裤
peninsula	pi'ninsjulә	n. 半岛，突出的地方，伊比利亚半岛
flake	fleik	n. 小薄片，扁薄的一层，火星，晒鱼架子vt. 使成薄片vi. 剥落
dissatisfaction	'dis.sætis'fækʃәn	n. 不满，不平
portuguese	.pɒ:tju'gi:z	n. 葡萄牙人，葡萄牙语a. 葡萄牙的，葡萄牙人的，葡萄牙语的
winding	'waindiŋ	n. 绕，卷，弯曲，线圈a. 蜿蜒的，卷绕的，弯曲的
degradation	.degrә'deiʃәn	n. 降格，堕落，退化[计] 降级
cubic	'kju:bik	a. 立方体的，立方的[机] 立方的，立方体的
pedal	'pedl	n. 踏板，脚蹬子a. 脚的，脚踏的vt. 用脚踏动vi. 踩踏板，骑车
inefficient	.ini'fiʃәnt	a. 无效率的，无能的[医] 无效的，无效力的
handbook	'hænd,buk	n. 手册[计] 手册
frail	freil	a. 脆弱的，虚弱的，意志薄弱的n. 少女，少妇，灯心草篓
irritate	'iriteit	vt. 激怒，使发怒，使兴奋，使发炎vi. 引起不快
gigantic	dʒai'gæntik	a. 巨人般的，巨大的
repertoire	'repәtwɑ:	n. 全部剧目，全部技能，全部节目，全部作品
incompatible	.inkәm'pætәbl	a. 不相容的，不能并存的，矛盾的[化] 不协调
fortress	'fɒ:tris	n. 城堡，要塞vt. 筑要塞，以要塞防守
wretched	'retʃid	a. 可怜的，不幸的，卑鄙的
uranium	ju'reiniәm	n. 铀[化] 铀U
penetration	.peni'treiʃәn	n. 穿透，渗透，侵入，识穿，洞察（力）[化] 渗入
layoff	'leiɒf	n. 临时解雇，操作停止，活动停止期间
marvel	'mɑ:vl	n. 奇异事物，罕见例子vt. 惊异于vi. 惊异
tailor	'teilә	n. 裁缝，成衣匠vt. 缝制，制作，使适应vi. 做裁缝
ceramic	si'ræmik	a. 陶瓷的n. 陶瓷制品
undesirable	.ʌndi'zaiәrәbl	a. 不受欢迎的，不合乎社会道德标准的[法] 不受欢迎的人，不良份子，不法份子
refreshment	ri'freʃmәnt	n. 点心，起提神作用的事物，精神爽快
prominence	'prɒminәns	n. 突起，突出，显著，突出物，凸出[医] 隆凸，凸
temperament	'temprәmәnt	n. 气质，性格，性情[医] 气质，禀赋
convene	kәn'vi:n	vt. 集合，召集，召唤vi. 聚集，集合
wrinkle	'riŋkl	n. 皱纹，妙计，方法，技巧vi. 起皱vt. 使起皱纹
barley	'bɑ:li	n. 大麦[医] 大麦
compute	kәm'pju:t	v. 计算，估算n. 计算，估算
handwriting	'hændraitiŋ	n. 笔迹
comprehension	.kɒmpri'henʃәn	n. 理解，包含
walnut	'wɒ:lnәt	n. 胡桃[机] 胡桃木
flare	'flєә	n. 闪光，闪耀vi. 闪光，闪耀vt. 用发光信号发出，使闪耀，使张开
dye	dai	n. 颜料，染料vt. 染，染色vi. 被着色
nickel	'nikl	n. 镍，镍币，五分镍币vt. 镀镍于
geometry	dʒi'ɒmәtri	n. 几何学[机] 几何学
universally	ju:ni'v\\\\:sәli	adv. 宇宙，全世界，普遍，一般，普通，全体，一致，通用，万能，广用，广泛
overt	'әuvә:t	a. 明显的，公然的，蓄意的[法] 明显的，公开的
knob	nɒb	n. 把手，瘤，旋钮，球形突出物vt. 使有球形突出物vi. 鼓起
squat	skwɒt	n. 蹲，窝a. 蹲着的，矮胖的vi. 蹲下，蹲坐，蹲伏vt. 使蹲下，擅自占有
simultaneous	.simәl'teinjәs	a. 同时的，同时发生的[计] 同时的
extraction	ik'strækʃәn	n. 抽出，取出，拔出术，抽出物[化] 萃取; 提取
evaporate	i'væpәreit	vi. 蒸发，失去水分，消失vt. 使蒸发，使脱水，使消失
simulate	'simjuleit	vt. 模拟，假装，模仿[法] 伪装的，模拟的; 假装的，伪装的，冒充
optimum	'ɒptimәm	n. 最适条件，最佳效果a. 最优的，最适宜的
volleyball	'vɒlibɒ:l	n. 排球
intrigue	in'tri:g	n. 阴谋，复杂的事vi. 密谋，私通vt. 激起……的兴趣，用诡计取得
alignment	ә'lainmәnt	n. 队列，结盟，校正[计] 校准; 对齐; 对准
chestnut	'tʃesnʌt	n. 栗子，栗树，栗色a. 栗色的
wink	wiŋk	n. 眨眼，使眼色，瞬间vi. 眨眼，使眼色，闪烁vt. 眨
intuition	.intju:'iʃәn	n. 直觉，直觉的知识
roundabout	'raundә.baut	a. 迂回的，委婉的n. 迂回路线
catalyst	'kætәlist	n. 触媒，接触剂，催化剂，刺激因素，促进因素[计] 催化剂
astonishment	ә'stɒniʃmәnt	n. 惊异，惊愕，使人惊异的事物
chronicle	'krɒnikl	n. 年代记，记录，编年史vt. 把……载入编年史
grease	gri:s	n. 脂肪，兽脂，油脂，贿赂vt. 涂脂于，贿赂
honeymoon	'hʌnimu:n	n. 蜜月，蜜月假期vi. 渡蜜月
hawk	hɒ:k	n. 鹰，掠夺者，鹰派成员vi. 放鹰行猎，像鹰一般地袭击，清嗓，咳嗽vt. 捕捉，咳出，兜售，叫卖，散播
inward	'inwәd	a. 内心的，向内的，本来的[医] 向内的
cutter	'kʌtә	n. 裁剪者，切割者，切割器[化] 刀具; 剪切机; 切刀; 切胶机
resonance	'rezәnәns	n. 共鸣，回声，反响，谐振，共振[化] 共振; 共鸣
deduct	di'dʌkt	vt. 扣除，减去[经] 扣除，减去，折扣
shaky	'ʃeiki	a. 震动的，摇晃的，动摇的
durable	'djurәbl	a. 持久的，耐用的
vapour	'veipә	n. 汽，蒸气vi. 蒸发，吹牛vt. 使蒸发，使汽化
vault	vɒ:lt	n. 拱顶，窖，地下室，撑竿跳，穹窿vt. 做成圆拱形，撑竿跳过vi. 成穹状弯曲，跳跃
sift	sift	vt. 筛，过滤，撒，详查vi. 筛，被筛下，精选
despise	di'spaiz	vt. 轻视
cock	kɒk	n. 公鸡，雄禽，龙头，头目，锥形小干草堆vt. 使耸立，使竖起，堆成锥形小干草堆vi. 大摇大摆地走，翘起
brightness	'braitnis	n. 光亮，明亮，聪明[计] 亮度
ascribe	ә'skraib	vt. 归因于，归咎于[法] 归咎于
sponge	spʌndʒ	n. 海绵，海绵状的东西vt. 用海绵擦拭，吸收掉，抹掉vi. 采集海绵，海绵般吸收
instinctively		adv. 本能地，直觉地
jeopardize	'dʒepәdaiz	vt. 危害，使受危困，使陷危地
spinal	'spainl	a. 针的，尖刺的，尖刺状突起的，脊骨的[医] 棘折; 脊柱的
coil	kɒil	n. 线圈，盘绕，骚动，卷vt. 盘绕，卷
invalid	in'vælid	n. 病人，残废者a. 有病的，无效的
heighten	'haitn	vt. 增高，提高，加强vi. 升高，变大
latitude	'lætitju:d	n. 纬度，范围[化] 宽容度; 伟度
pebble	'pebl	n. 小圆石，小鹅卵石，水晶透镜，碎石花纹[医] 小石
maritime	'mæritaim	a. 海的，海上的，海事的，沿海的，海员的[经] 海事的，海上的，海员的
yearn	jә:n	vi. 渴望，想念，怀念，同情
jelly	'dʒeli	n. 果冻，果冻甜食，胶状物v. （使）结冻，（使）成胶状
unify	'ju:nifai	v. 统一，使成一体
rectangular	rek'tæŋgjulә	a. 成直角的[化] 矩形的
practicable	'præktikәbl	a. 可实行的，可做的，可用的
tanker	'tæŋkә	n. 坦克手，油船，空中加油飞机，运油飞机，油槽/水槽汽车[化] 槽车; 油槽船
wavelength	'weivleŋθ	n. 波长[化] 波长
spiral	'spairәl	n. 螺旋形之物，螺线a. 螺旋形的，盘旋的vi. 螺旋形下降，螺旋形上升，螺旋形行进vt. 使螺旋形行进
mast	mɑ:st	n. 桅，桅杆，杆vt. 装桅杆于
paw	pɒ:	n. 爪v. 以蹄扒地，用爪子抓，拼命抓，向……乱抓，笨拙地使用，费力地前进
waterfall	'wɒtәfɒ:l	n. 瀑布
whirl	hwә:l	n. 回旋，旋转，急走，眩晕vt. 使旋转，使回旋，卷走vi. 回旋，旋转，急走，发晕
flutter	'flʌtә	n. 摆动，鼓翼，烦扰vi. 摆动，鼓翼，烦扰vt. 拍（翅）, 使焦急[计] 颤动
buzz	bʌz	n. 嗡嗡声，流言vi. 发出嗡嗡声，说闲话vt. 使嗡嗡叫，散布
physiological	.fiziә'lɒdʒikl	a. 生理学的，生理学上的，生理机能的[医] 生理学的，生理的
carpenter	'kɑ:pintә	n. 木匠
finite	'fainait	a. 有限的，有穷的，限定的n. 有限物
souvenir	.su:vә'niә	n. 纪念品
hound	haund	n. 猎犬vt. 带猎犬狩猎，追捕，激励，使追逐
accordance	ә'kɒ:dәns	n. 一致，和谐
parachute	'pærәʃu:t	n. 降落伞vi. 跳伞
exquisite	'ekskwizit	a. 精致的，细腻的，敏锐的
immerse	i'mә:s	vt. 沉浸，使陷入[医] 浸[入]
petroleum	pә'trәuliәm	n. 石油[化] 石油
marshal	'mɑ:ʃәl	n. 元帅，陆空军高级将官，典礼官，执法官vt. 整理，引领，统率vi. 排列，各就各位
flap	flæp	n. 飘，摆动，拍打，拍打声，片状垂悬物v. 拍打，鼓翼而飞，飘动
woe	wәu	n. 悲哀，悲痛，苦痛
ripple	'ripl	n. 涟波，涟漪，波纹，粗钢梳vt. 使起涟漪vi. 起微波，起潺潺声
moderately	'mɒdәrәtli	adv. 适当地，适度地，中庸地
sting	stiŋ	n. 叮，刺痛，刺激，讽刺vt. 叮，刺痛，刺激，使苦恼vi. 叮，刺痛
shortcoming	'ʃɒ:t'kʌmiŋ	n. 缺点，短处
pore	pɒ:	n. 毛孔，小孔，气孔vi. 专心阅读，细想，钻研，沉思，注视vt. 使注视得
longing	'lɒŋiŋ	n. 渴望，热望，憧憬a. 渴望的，热望的
glamour	'glæmә	n. 魅力，迷人的美，魔法vt. 迷惑
cosmos	'kɔzmɔs	n. 宇宙，秩序，和谐，大波斯菊[医] 大波斯菊
courageous	kә'reidʒәs	a. 勇敢的，大胆的，有胆量的
compression	kәm'preʃәn	n. 压缩，压紧[计] 压缩
wasp	wɒsp	n. 黄蜂，胡蜂，易怒的人，刻毒的人[医] 胡蜂，黄蜂
converge	kәn'vә:dʒ	vi. 聚合，集中于一点vt. 使集合
porcelain	'pɒ:slin	n. 瓷器，瓷a. 瓷制的
pronunciation	prәu.nʌnsi'eiʃәn	n. 发音，读法
inventor	in'ventә	n. 发明家[法] 发明人，发明家，创造者
ore	ɒ:	n. 矿石[经] 矿
retort	ri'tɒ:t	n. 反驳，顶嘴，蒸馏器，曲颈甑vi. 反驳，回嘴，反击vt. 反击，反驳，蒸馏
disappoint	.disә'pɒint	vt. 使失望
lighter	'laitә	n. 点火者，点灯工人，打火机，驳船vt. 以驳船搬运
burner	'bә:nә	n. 火炉，烧火的人[化] 灯; 灯头; 烧嘴炉; 燃烧器; 燃烧炉
blush	blʌʃ	vi. 脸红，羞愧vt. 弄成红色n. 脸红
decidedly	di'saididli	adv. 决定了，坚决，明显，显而易见，显然，明确，果断，毫无疑问
rig	rig	n. 装备，帆装vt. 装配，装扮，给船装帆，垄断，操纵
clamp	klæmp	n. 夹钳vt. 夹紧，强加
recurrence	ri'kʌrәns	n. 再现，再发生，反复，循环[医] 复发，再发
growl	graul	n. 吠声，咆哮声v. 怒吠，咆哮，吼
improper	im'prɒpә	a. 不合适的，错误的，不成体统的，不道德的[法] 不适当的，不合适的，不正确的
bamboo	bæm'bu:	n. 竹子[医] 竹类
downward	'daunwәd	a. 向下的
stainless	'steinlis	a. 无瑕疵的，不锈的[机] 不绣的，污染的
oxide	'ɒksaid	n. 氧化物[医] 氧化物
inclusive	in'klu:siv	a. 包含的，包括的
silicon	'silikәn	n. 硅[化] 硅Si
puff	pʌf	n. 一阵喷烟，肿块，喘息v. 喷出，张开，吹捧，（使）充气，喘气，（使）骄傲，（使）膨胀
misunderstand	.misʌndә'stænd	vt. 误解，误会
cucumber	'kju:kәmbә	n. 黄瓜[医] 黄瓜，胡瓜
crooked	'krukid	a. 弯曲的，歪的，邪恶的
mister	'mistә	n. 先生
spear	spiә	n. 矛，枪，持矛者，嫩枝vt. 用矛刺vi. 刺，戳a. 父系的
notation	nәu'teiʃәn	n. 记号，符号表示法，注释[计] 记数法
weekday	'wi:kdei	n. 周日，平日[计] 工作日
dorm	dɒ:m	n. 宿舍
overtime	'әuvәtaim	n. 超时，加班，延长时间a. 超时的，加班的adv. 加班地vt. 使超过时间
relay	'ri:lei	n. 驿马，替班，中继，接力vt. 分程传递，转播，使接替vi. 接力传送，转播
jog	dʒɒg	n. 轻推，轻撞，慢跑v. 轻推，（使）蹒跚行进，（使）慢跑
lantern	'læntәn	n. 灯笼，提灯，航标灯vt. 装上提灯
plateau	plæ'tәu	n. 高地，高原，（上升后的）稳定水平[医] 高原，平顶，坪
slaughter	'slɒ:tә	n. 残杀，屠杀，杀戮vt. 残杀，屠杀，亏本出售
heroine	'herәuin	n. 巾帼英雄，烈妇，女主角[化] 海洛因; 二醋吗啡; 二乙酰吗啡
glider	'glaidә	n. 滑翔员，滑翔机
retrospect	'retrәspekt	n. 回顾，追忆，回溯v. 回顾，追忆
trot	trɒt	n. 快步vi. 快步走，小跑vt. 使小跑，策马小跑
mingle	'miŋgl	v. （使）混合
torque	tɒ:k	n. 扭转力，转矩，项圈[化] 转矩
imperative	im'perәtiv	n. 命令，必要的事，规则，祈使语气a. 命令式的，急需的，势在必行的，强制的
respectful	ri'spektful	a. 表示尊敬的，有礼貌的，谦恭的
humidity	hju:'miditi	n. 湿气，潮湿，湿度[计] 湿度
martyr	'mɑ:tә	n. 烈士，受苦者，受难者vt. 使成为烈士，使受苦
howl	haul	n. 嗥叫，吠声，号叫vi. 狂吠，咆哮，呼啸vt. 对……吼叫，狂喊着说
crane	krein	n. 鹤，起重机vt. 伸颈，起重机起吊vi. 伸颈看，迟疑
crow	krәu	n. 啼叫，乌鸦，鸡鸣，撬棍vi. 啼叫，报晓
indefinitely		adv. 无期限地
faulty	'fɒ:lti	a. 有过失的，有缺点的，不完美的，应受责备的[经] 缺点多的
downturn	'dauntә:n	n. （尤指经济方面的）衰退，下降趋势[电] 低迷时期
unreliable	.ʌnri'laiәbl	a. 不可靠的[法] 不可靠的，靠不住的
butcher	'butʃә	n. 屠夫，肉商，小贩vt. 屠宰，屠杀
tedious	'ti:diәs	a. 沉闷的，冗长乏味的
hamper	'hæpә	n. 食篮，阻碍物，食盒vt. 阻碍，使困累，妨碍，牵制
multitude	'mʌltitju:d	n. 多数，群众
degrade	di'greid	v. （使）降级，（使）退化
satisfactorily	.sætis'fæktәrili	adv. 令人满意地
prolong	prәu'lɒŋ	vt. 延长，拖延，拖长[化] 冷凝管
lag	læg	n. 落后，囚犯，迟延，桶板，防护套a. 最后的vi. 落后，蹒跚，缓缓而行，滞后vt. 落后于，押往监狱，加上外套[计] 延迟; 落后
perpetual	pә'petʃuәl	a. 永久的，不断的，无期限的，没完没了的，四季开花的[经] 永远的，终身的，持续的
disruptive	dis'rʌptiv	a. 分裂的，破坏（性）的[计] 击穿的，中断的
commonplace	'kɒmәnpleis	n. 寻常事，老生常谈，普通的东西a. 平凡的，普通的
abide	ә'baid	vi. 停留，遵守，居留，继续下去vt. 忍受，经受，屈从于
refrain	ri'frein	n. 重复的话，叠句，副歌vi. 节制，避免，克制
mislead	mis'li:d	vt. 误导
concentrated	'kɒnsәntreitid	a. 集中的，浓缩的[建] 浓的
envy	'envi	n. 羡慕，嫉妒vt. 羡慕，嫉妒
insignificant	.insig'nifikәnt	a. 无关紧要的，无意义的，琐碎的
haircut	'hєәkʌt	n. 理发，（男子的）发式
devour	di'vauә	vt. 吞食，挥霍，吞没
misfortune	mis'fɒ:tʃәn	n. 不幸，灾祸，坏运气[法] 不幸事故，不幸，灾祸
harness	'hɑ:nis	n. 马具，挽具状带子，甲胄vt. 给……上挽具，驾驭，披上甲胄，利用……以产生动力
thicken	'θikәn	vi. 变浓，变厚，变得模糊，变为复杂vt. 使变厚，加强，使模糊
economical	.i:kә'nɒmikәl	a. 节俭的，经济的，合算的[经] 经济的，节约的
despatch	di'spætʃ	v. 派遣n. 派遣
shopkeeper	'ʃɒp.ki:pә	n. 零售商，店主，老板
radiate	'reidieit	vt. 放射，散发，辐射，传播，广播vi. 发光，辐射，流露a. 有射线的，辐射状的
hasten	'heisn	vt. 催促，加紧vi. 赶快，急忙
vividly		adv. 鲜艳，强烈，明亮，鲜明，活泼，有生气，生动，清晰，逼真
extravagant	ik'strævgәnt	a. 奢侈的，挥霍无度的，浪费的
metallic	mi'tælik	a. 金属的，含金属的，产生金属的[经] 金属的
boycott	'bɒikɒt	n. 联合抵制vt. 联合抵制
skim	skim	vt. 撇取浮沫，略读，掠过vi. 擦过，浏览n. 脱脂乳，擦过，表层物a. 撇去浮沫的
disgrace	dis'greis	n. 耻辱，不名誉vt. 使受耻辱，使失体面
granddaughter	'^rændɔ:tә(r)	n. 孙女，外孙女
unlucky	.ʌn'lʌki	a. 不吉利的，不祥的，不幸的
overhear	.әuvә'hiә	vt. 无意中听到，偷听
gracious	'greiʃәs	a. 亲切的，慈善的
indispensable	.indis'pensәbl	n. 不可缺少之物a. 不可缺少的，责无旁贷的，绝对必要的
diversify	dai'vә:sifai	vt. 使多样化，使变化
rejoice	ri'dʒɒis	vt. 使欢喜vi. 欣喜，高兴，庆祝
prudent	'pru:dnt	a. 审慎的，三思而后行的，精明的，节俭的
overthrow	.әuvә'θrәu	n. 推翻，瓦解，倾覆vt. 打倒，推翻，倾覆
outwards	'autwәdz	adv. 向外地
flatter	'flætә	vt. 奉承，阿谀，使高兴[机] 平面锤
grumble	'grʌmbl	n. 怨言，满腹牢骚vi. 抱怨，发牢骚，发隆隆声vt. 抱怨
abrupt	ә'brʌpt	a. 突然的，唐突的，陡峭的，不连贯的
reckless	'reklis	a. 不介意的，大意的，鲁莽的，不顾后果的[法] 不注意的，粗心大意的，鲁莽的
partition	pɑ:'tiʃәn	n. 分割，隔离物，隔墙，财产分割vt. 区分，瓜分，隔开，分割[计] 分区; 划分
luxurious	lʌg'zjuәriәs	a. 豪华的，奢侈的，放纵的
vengeance	'vendʒәns	n. 复仇，报仇[法] 报仇，复仇
slum	slʌm	n. 贫民窟vi. 访问贫民区
eradicate	i'rædikeit	vt. 根除，扑灭，根绝，消灭
lighten	'laitn	vt. 照亮，点亮，减轻，使轻松，闪出vi. 发亮，打闪，变轻
greedy	'gri:di	a. 贪婪的，贪得的，贪吃的
ensue	en'su:	vi. 跟着发生，继起vt. 追求
augment	ɒ:g'ment	v. 增加，增长[计] 增加; 增量; 添加
outward	'autwәd	a. 向外的，表面的，外服的adv. 向外，在外，表面
solemn	'sɒlәm	a. 严肃的，郑重的，庄严的
amaze	ә'meiz	vt. 使吃惊
rectify	'rektifai	vt. 订正，矫正，改正，调正，校正，精馏，整流[化] 精馏
negligible	'neglidʒәbl	a. 可以忽略的，不足取的，无用的[医] 可不计的，可忽视的
affective	ә'fektiv	a. 情感的，表达感情的[医] 感情的，情感的
brisk	brisk	a. 强烈的，寒冷而干燥的，活泼的vt. 使活泼vi. 活跃起来
advisable	әd'vaizәbl	a. 适当的，明智的
obscene	ɒb'si:n	a. 淫秽的，猥亵的，讨人厌的，可憎的[法] 猥亵的，海洋的，污秽的
cradle	'kreidl	n. 摇篮，发祥地，孩提时代vt. 放在摇篮内，抚育vi. 刈割
inaccurate	in'ækjurit	a. 错误的，不准确的[化] 不精确
triumphant	trai'ʌmfәnt	a. 得胜的，得意洋洋的
shrewd	ʃru:d	a. 精明的，锐利的，剧烈的，机灵的，厉害的
crank	kræŋk	a. 不稳的，脾气暴燥的，易怒的n. 曲柄，奇想vt. 装曲柄vi. 转动曲柄
disapproval	.disә'pru:vәl	n. 不赞成
clumsy	'klʌmzi	a. 笨拙的，不雅观的，粗陋的
woollen	'wulin	n. 毛织品a. 羊毛制的
cherish	'tʃeriʃ	vt. 珍爱，怀有，爱护
smuggle	'smʌgl	vt. 偷运，走私，私运vi. 走私
ounce	auns	n. 盎司，少量，雪豹[医] 英两，Г
visualize	'viʒuәlaiz	vt. 使看得见，使具体化，想象，设想vi. 想象，显形
agitation	.ædʒi'teiʃәn	n. 激动，焦虑，煽动，搅动，摇动[化] 搅拌; 搅拌作用
mint	mint	n. 薄荷，造币厂，巨额vt. 铸造，铸币，制造
endow	in'dau	vt. 捐赠，捐助，赋予[法] 赠送财产给，分给寡妇一份遗产，授与
jolly	'dʒɒli	a. 愉快的，高兴的，宜人的vt. 恭维，使高兴，取笑vi. 开玩笑adv. 非常，极为
spade	speid	n. 铲子，锄，铲刀，黑桃vt. 以锄掘，把……弄实抹平vi. 铲
scissors	'sizәz	pl. 剪刀[医] 剪
precipitate	pri'sipiteit	n. 沉淀物，凝结物，结果vt. 猛抛，使陷入，促成，使沉淀vi. 猛地落下a. 突然的，猛地落下的，轻率的
moss	mɒs	n. 苔藓，泥沼vt. 使长满苔藓
generalization	,dʒenәrәlai'zeiʃәn	n. 一般化，普遍化，概括[化] 推广; 普适化
exterior	ik'stiәriә	n. 外部，表面，外貌a. 外部的，外在的，表面的
turbulent	'tә:bjulәnt	a. 狂暴的，骚乱的，紊乱的
statesman	'steitsmәn	n. 政治家
unanimous	ju:'nænimәs	a. 意见一致的，无异议的
dread	dred	n. 恐惧，可怕的人（或事）a. 可怕的，可怖的v. 恐惧，害怕
intellect	'intәlekt	n. 智力，出众的才华，知识分子[医] 智力，才智
versatile	'vә:sәtail	a. 多才多艺的，万用的，万向的
amuse	ә'mju:z	vt. 消遣，娱乐，使发笑
semiconductor	.semikәn'dʌktә	n. 半导体[化] 半导体
brittle	'britl	a. 易碎的，脆弱的，易坏的[机] 脆的，脆性的，易碎的
dizzy	'dizi	a. 晕眩的，眼花缭乱的vt. 使晕眩
intentional	in'tenʃәnәl	a. 故意的，与目的有关的[法] 故意的，有意的
pilgrim	'pilgrim	n. 旅行者，朝圣者，香客vi. 朝圣
snail	sneil	n. 蜗牛，行动迟缓的人，脑筋迟钝的人，蜗形凸轮vt. （蜗牛般）缓慢地打发（时间）vi. 缓慢移动
facet	'fæsit	n. （多面体的）面，方面，琢面[医] 小平面，小面
pollute	pә'lu:t	vt. 污染，弄脏，玷污[化] 污染
thrash	θræʃ	vt. 打，使逆行，胜过，推敲，鞭打vi. 打谷，痛打，剧烈扭动，逆行n. 打谷，（划水）鞭状动作
slipper	'slipә	n. 拖鞋，制轮器vt. 用拖鞋打
quiz	kwiz	n. 考查，课堂测验，恶作剧，智力测验vt. 戏弄，考查，恶作剧
fell	fel	vt. 击倒n. 一季所伐的木材，折缝a. 凶猛的，可怕的fall的过去式
arithmetic	ә'riθmәtik	n. 算术，算术知识[机] 算术; 算术的
barren	'bærәn	a. 不育的，贫瘠的n. 荒地
hinge	hindʒ	n. 铰链，关键，枢纽vt. 装铰链vi. 靠铰链移动，依……而转移
lest	lest	conj. 以免，唯恐，免得
shutter	'ʃʌtә	n. 百叶窗，关闭物，照相机快门，关闭者vt. 为……装百叶窗，以百叶窗遮闭
strait	streit	n. 海峡，困境a. 困难的，窘迫的，狭窄的
reciprocal	ri'siprәkl	a. 互惠的，相互的，相等的，倒数的，彼此相反的n. 倒数，互相起作用的事物
assassinate	ә'sæsineit	vt. 暗杀，行刺[法] 暗杀，行刺，中伤
worthless	'wә:θlis	a. 无价值的，无益的，无足轻重的[法] 无价值的，无用的
trumpet	'trʌmpit	n. 喇叭，小号，喇叭声vi. 吹喇叭vt. 用喇叭吹出，吹嘘
firework		n. 烟火具，烟火，烟火信号弹，焰火，激情的表现
displacement	dis'pleismәnt	n. 换置，移位，移动，取代[化] 顶替展开法
tremendously	trə'mendəslɪ	adv. 极大地; 极端地; 极其; 非常
racket	'rækit	n. 球拍，喧闹，杂乱无章vi. 喧闹vt. 用球拍打
assimilate	ә'simileit	vt. 使同化，吸收，使相拟，把……比作vi. 被吸收，被同化
tan	tæn	n. 黄褐色，鞣料，马戏团a. 黄褐色的，鞣皮的vi. 晒成棕褐色vt. 把……晒黑，鞣（革）, 狠狠鞭打
rake	reik	n. 耙子，钱耙，斜度，浪子v. 搜索，掠过，（用耙子）耙，（使）倾斜
inflate	in'fleit	vt. 使膨胀，使得意，使通货膨胀，使充气vi. 充气，膨胀
windy	'windi	a. 多风的，风强的，腹胀的，吹牛的
longevity	lɒn'dʒeviti	n. 长命，长寿，寿命[医] 长寿
muse	mju:z	n. 沉思，冥想v. 沉思，冥想，若有所思地凝望或说
exempt	ig'zempt	n. 免税者，被免除义务者a. 免除的vt. 使免除，豁免
sparkle	'spɑ:kl	n. 闪耀，火花，活力，发泡vi. 闪耀，冒火花vt. 使闪耀
intellectually		adv. 智力上；知性上；理智地
centimetre	'senti,mi:tә(r)	n. 厘米，公分
tramp	træmp	n. 坚实（或沉重）的脚步声，流浪者vi. 践踏，重步行走，步行，流浪vt. 走过，踩
willow	'wilәu	n. 柳树，柳木制品a. 柳树的，柳木制的
quantify	'kwɒntifai	vt. 定量，用数量表示，测量
yearly	'jiәli	a. 每年的，一年一度的adv. 一年一次，每年
shortfall	'ʃɒ:tfɒ:l	n. 不足，不足量[经] 缺少，不足，亏舱运费
hearth	hɑ:θ	n. 炉床，灶台，炉边[化] 锻造炉; 敞炉; 炉缸; 炉床; 火床; 炉膛
rash	ræʃ	a. 轻率的，匆忙的，鲁莽的n. 皮疹
barge	bɑ:dʒ	n. 驳船vt. 用船运输vi. 蹒跚，闯入
thereof	.ðєәr'ɒv	adv. 在其中，关于……, 由此[法] 由是，由此，属于它的
indicative	in'dikәtiv	a. 指示的，象征的，表示……的[经] 指标的
salute	sә'lu:t	vi. 行礼，致意，问候，放礼炮vt. 向……致意，迎接，赞扬n. 招呼，敬礼，礼炮
swarm	swɒ:m	n. 群，大群，蜂群，分蜂群vi. 分群，群集，聚集一块，云集，攀vt. 挤满，爬，攀
conformity	kәn'fɒ:miti	n. 遵照，适合，一致，相似[计] 符合度
mixer	'miksә	n. 混合者，混合器，搅拌机，搅拌器，混频器，（非正式）交际家，与人相处的人[计] 混频器，音装置
cartridge	'kɑ:tridʒ	n. 弹药筒，弹药，一卷软片，墨粉鼓[计] 盒式磁带机
raisin	'reizn	n. 葡萄干
stoop	stu:p	n. 佝偻，屈从，弯腰vi. 弯下，屈从，弯腰，堕落vt. 使屈从，使弯曲
experimentation	eks,perimen'teiʃәn	n. 实验，试验，实验法[化] 实验; 实验过程
tow	tәu	n. 拖，拖绳，拖轮vt. 拖，拉，牵引
venus	'vi:nәs	n. 维纳斯（爱与美的女神）, 金星
flux	flʌks	n. 流出，涨潮，变迁vi. 熔化，流出vt. 使熔融[计] 助焊剂
notwithstanding	.nɒtwiθ'stændiŋ	adv. 虽然，尽管prep. 尽管conj. 虽然
sportsman	'spɒ:tsmәn	n. 运动员，冒险家
fragrant	'freigrәnt	a. 芬香的，馥郁的，愉快的
banquet	'bæŋkwit	n. 宴会
discrete	dis'kri:t	a. 不连续的，离散的[计] 离散的
tuberculosis	tju,bә:kju'lәusis	n. 肺结核[医] 顿挫性结核
fluorescent	.fluә'resәnt	n. 荧光a. 荧光的
mouthful	'mauθful	n. 一口，满口
pineapple	'pain.æpl	n. 凤梨，菠萝，失业救济金[医] 凤梨，波萝
furnace	'fә:nis	n. 火炉，熔炉，考验vt. 在炉中烧
preface	'prefis	n. 序，绪言，前言vi. 作序，写前言vt. 给……作序，以……开始
stiffen	'stifn	vt. 使变硬，使僵硬，使顽强，使严厉vi. 变粘，变硬，变强烈
saucer	'sɒ:sә	n. 茶碟，茶托[医] 碟
pyjamas	pә'dʒɑ:mәs	n. 睡衣裤，宽松裤
compatibility	kәm.pætә'biliti	n. 兼容性[计] 兼容性
gamble	'gæmbl	n. 赌博，冒险v. 赌博，孤注一掷
analogous	ә'nælәgәs	a. 类似的，相似的[医] 类似的，类同的
console	kәn'sәul	vt. 安慰，藉慰n. 控制台[计] 控制台
tolerant	'tɒlәrәnt	a. 宽容的，容忍的，（对冷、热）能耐的[医] 能耐受的
plump	plʌmp	a. 圆胖的，丰满的，直接下落的，直率的vt. 突然放下，支持，使丰满，使鼓起vi. 扑通落下，投票赞成，变丰满，鼓起adv. 沉重地，突然地，直截了当地
weaver	'wi:vә	n. 织布者，织工
sly	slai	a. 狡猾的，诡密的，俏皮的，偷偷摸摸的
alphabet	'ælfәbit	n. 字母[计] 字母表
homogeneous	.hәumә'dʒi:niәs	a. 同种的，同质的，齐性的[医] 同种的，纯一的，同质的，均匀的
energize	'enәdʒaiz	vt. 使活跃，激励，供给……能量[电] 激励
singular	'siŋgjulә	n. 单数a. 异常的，单一的
captive	'kæptiv	n. 俘虏，迷恋者a. 被俘的，被迷住的
cuckoo	'kuku:	n. 杜鹃鸟，布谷鸟
curly	'kә:li	a. 拳曲的，卷毛的，弯曲的
duplicate	'dju:plikeit	n. 副本，复本，复制品a. 复制的，二重的vt. 复制，使加倍[计] 复制
nought	nɒ:t	n. 没有，零，无
germ	dʒә:m	n. 细菌，种子，生殖细胞，根源[医] 芽胞，胚，胚芽，病菌
hysterical	his'terikәl	a. 歇斯底里的，异常兴奋的[医] 癔病的，歇斯底里的
stray	strei	n. 走失的家畜，浪子a. 迷途的，偶然的vi. 迷路，彷徨，流浪
watt	wɒt	n. 瓦（特）[化] 瓦; 瓦特
nave	neiv	n. （教堂）中殿，中央广场，轮毂[机] 轮毂
daring	'dєәriŋ	a. 大胆的
overflow	.әuvә'flәu	n. 溢值，超值，泛滥v. （使）泛滥，（使）溢出，（使）充溢[计] 上溢; 溢出
grunt	grʌnt	vi. 作呼噜声vt. 咕哝n. 呼噜声，咕哝
infusion	in'fju:ʒәn	n. 注入，泡制，注入物[化] 浸渍; 浸泡
shriek	ʃri:k	n. 尖锐的响声vi. 尖叫，发尖声vt. 尖声发出
opaque	әu'peik	n. 不透明物a. 不透明的，不传热的，不传导的，阴暗的[计] 白底
gleam	gli:m	n. 光束，微光，反光vi. 闪烁，隐约地闪现vt. 使发微光，使闪烁
pronoun	'prәunaun	n. 代词
tyranny	'tirәni	n. 专制，暴政[法] 苛政，暴政，专横
gangster	'gæŋstә	n. 流氓，歹徒[法] 暴徒，恶棍，打手
extinct	ik'stiŋkt	a. 熄灭的，灭绝的，耗尽的[法] 消灭了的，过时的，无效的
moslem	'mɒzlәm	n. 穆斯林a. 穆斯林的，伊斯兰教的
gorilla	gә'rilә	n. 大猩猩，残暴的男人，歹徒
assimilation	ә.simi'leiʃәn	n. 同化，同化作用，吸收[化] 同化; 同化作用
refinery	ri'fainәri	n. 精炼厂[化] 精炼厂炼糖厂
ordinarily	'ɒ:dinәrili	adv. 通常，普通，一般地
neutron	'nju:trɒn	n. 中子[化] 中子
neuron	'njuәrɔn	n. 神经原，轴索，神经细胞[计] 神经元
outlaw	'autlɒ:	n. 被剥夺法律保护的人，罪犯vt. 使……失去法律保护，将……逐出社会，宣告非法，取缔
cripple	'kripl	n. 跛者，残废vt. 使跛，使成残废，削弱a. 跛的，残废的
shady	'ʃeidi	a. 荫凉的，成荫的，阴暗的，隐蔽的[法] 成问题的，令人怀疑的
waver	'weivә	n. 动摇，踌躇，挥动者vi. 摇摆，颤抖，摆动，摇曳，犹豫
magician	mә'dʒiʃәn	n. 魔术家，幻术家，术士
prophecy	'prɒfәsi	n. 预言，预言能力
broom	bru:m	n. 扫帚，金雀花vt. 扫除
bestow	bi'stәu	vt. 授予，使用，贮藏，留宿
bandage	'bændidʒ	n. 绷带[化] 帘布筒; 实心轮胎; 紧带; 绷带
hoist	hɒist	n. 升高，起重机，推动v. 升起，升高，举起
tangle	'tæŋgl	n. 缠结，纠结的一团，困惑，纠纷，混乱vt. 使缠结，缠住vi. 缠结，乱作一团
aggravate	'ægrәveit	vt. 使恶化，使更严重，加重
sweetness	'swi:tnis	n. 甜蜜，芳香，美妙
paralyse	'pærәlais	vt. 使麻痹，使瘫痪，使无力，使气馁，终止[医] 使麻痹，使瘫痪
utmost	'ʌtmәust	n. 极限，最大限度，极度a. 极度的，最远的
depress	di'pres	vt. 使沮丧，压低，降低，使萧条[化] 推下
attentive	ә'tentiv	a. 注意的，留心的
perish	'periʃ	vi. 毁灭，丧生，凋谢，颓丧，死亡，腐烂vt. 毁坏，使麻木，使丧生，耗尽
humorous	'hju:mәrәs	a. 富幽默感的，滑稽的，诙谐的
emigrate	'emigreit	v. （使）移居，（使）移民
haste	heist	n. 匆忙，急忙
surname	'sә:neim	n. 姓，别号，绰号vt. 呼以姓氏，起绰号
deflect	di'flekt	vt. 转移，使偏斜vi. 偏斜
stormy	'stɒ:mi	a. 暴风雨的，粗暴的，激烈的
vanity	'væniti	n. 虚荣心，虚无，自负，空虚，时髦的小摆饰
limp	limp	n. 跛行a. 柔软的，无力的，软弱的vi. 跛行
tickle	'tikl	n. 胳肢，痒vt. 胳肢，使发痒，使快乐，逗乐vi. 觉得痒，使人痒
compress	kәm'pres	vt. 压缩，压紧vi. 受压缩小[计] 压缩程序
impart	im'pɑ:t	vt. 给予，传授，告知
mortal	'mɒ:tәl	n. 生物，人类a. 不免一死的，人类的，临终的
ascend	ә'send	vi. 上升，追溯，登高vt. 攀登
exceedingly	ik'si:diŋli	adv. 极端地，极度地，非常
ultraviolet	.ʌltrә'vaiәlit	a. 紫外线的[化] 紫外线的; 紫外线
repeal	ri'pi:l	n. 废止，撤消vt. 废止，撤消，放弃
unfit	.ʌn'fit	a. 不适当的，不胜任的，不健康的vt. 使不相宜，使不合格
ingenious	in'dʒi:njәs	a. 灵敏的，精巧的，聪明的
poisonous	'pɒizәnәs	a. 有毒的，恶毒的，讨厌的[医] 有毒的
robber	'rɒbә	n. 强盗，盗贼
fore	fɒ:	a. 在前的，以前的adv. 在前面，在船头prep. 在……前
excessively	ik'sesivli	adv. 过多，极度，过度，过分
magnify	'mægnifai	vt. 放大，扩大，赞美，夸大vi. 有放大能力
colonist	'kɒlәnist	n. 殖民地居民，移民
malpractice	mæl'præktis	n. 不当治疗，不端行为，渎职[医] 疗法失当，医疗差错
acquaint	ә'kweint	vt. 使认识，介绍
unavoidable	.ʌnә'vɒidәbl	a. 不可避免的，不得已的，不能作废的[医] 难免的
rot	rɒt	n. 腐烂，腐蚀，败坏vi. 腐烂，烂，堕落，憔悴vt. 使腐烂，使腐朽，使堕落
pessimistic	.pesi'mistik	a. 悲观的，厌世的，悲观主义的
microscopic	maikrә'skɔpik	a. 显微镜的，用显微镜可见的，微观的，（非正式）极微小的，细微的[计] 微观的
plentiful	'plentiful	a. 许多的，丰富的，丰饶的
agreeable	ә'griәbl	a. 令人愉快的，同意的[医] 佳适的
stern	stә:n	n. 尾部，船尾，臀a. 严厉的，严格的，坚定的，坚决的
mischief	'mistʃif	n. 损害，伤害，灾祸，恶作剧，淘气[法] 损害，伤害，危害
lengthen	'leŋθәn	vt. 加长，使延长vi. 变长
luminous	'lu:minәs	a. 发光的，明亮的[医] 发光的
shear	ʃiә	n. 修剪，剪下的东西，大剪刀，切变，剪切机，切vt. 修剪，割，剥夺，横越，削剪vi. 剪，修剪，剪羊毛，切断
amplify	'æmplifai	vt. 增强，放大，扩大，详述vi. 引伸
lofty	'lɒfti	a. 高的，傲慢的，崇高的，高级的，玄虚的
backbone	'bækbәun	n. 脊椎，志气，骨干，支柱[计] 主干网，主干网点
snowy	'snәui	a. 多雪的，雪的，被雪所覆盖着的，下雪的
troublesome	'trʌblsәm	a. 麻烦的，令人讨厌的
rusty	'rʌsti	a. 生锈的，腐蚀的，生疏的，顽固的，腐烂的[医] 锈色的
permeate	'pә:mieit	vt. 弥漫，渗透，充满，影响，感染vi. 透入，散布
feeble	fi:bl	a. 微弱的，衰弱的，无效的[医] 无力的，衰弱的
elapse	i'læps	vi. 逝去，过去n. 逝去，过去
insistent	in'sistәnt	a. 坚持的，迫切的
afflict	ә'flikt	vt. 使苦恼，折磨
irregularity	i.regju'læriti	n. 不规则，例外，违反规则的行为[化] 不匀度
browse	brauz	v. 浏览，吃草n. 浏览，吃草[计] 浏览
traverse	'trævә:s	n. 越过，横贯，横断物，屏障，否认，反驳vt. 横过，穿过，经过，详细研究，反对，在……来回移动vi. 横越，横断，旋转，来回移动a. 横亘的，横贯的
thermometer	θә'mɒmitә	n. 温度计，体温计[化] 温度计
vigor	'vigә	n. 精力，活力
fluent	'flu:әnt	a. 流利的，流畅的
vibrate	'vaibreit	vi. 振动，颤动，激动，摇摆，踌躇vt. 使颤动，使振动，使摆动
stationary	'steiʃ(ә)nәri	a. 不动的，静止的，不变的，固定的，停留的[计] 定常，定态，固定的
recur	ri'kә:	vi. 复发，回到，重现，再来，诉诸，采用，循环
fruitful	'fru:tful	a. 结果实的，多实的，产量多的
relegate	'religeit	vt. 驱逐，使降低地位，把……归类，把……委托给[法] 流放，判流放刑，驱逐
counteract	.kauntә'rækt	vt. 抵消，阻碍，中和[法] 抵抗，阻碍，抵销
unjust	.ʌn'dʒʌst	a. 不公平的[法] 不公正的人; 不公正的，不公平的，不合理的
shadowy	'ʃædәui	a. 有影的，暗黑的，朦胧的，虚幻的
cunning	'kʌniŋ	a. 狡猾的，巧妙的，可爱的[法] 狡猾的的，狡诈的，熟练的
contrive	kәn'traiv	v. 发明，设计，图谋
ware	wєә	n. 物品，器具，货物，商品，陶器vt. 留心，小心a. 知道的，意识到的，留神的
triangular	trai'æŋgjulә	a. 三角形的，三人间的[医] 三角的，三角形的
vain	vein	a. 无价值的，徒然的，空虚的，自负的，愚蠢的
radiant	'reidiәnt	a. 发光的，明亮的，辐射的，容光焕发的[医] 放射的，辐射的，辐射物[质]
delicacy	'delikәsi	n. 细软，精致，精美的食品，娇气，微妙，棘手，娇弱，灵敏，灵巧
grieve	gri:v	vt. 使悲伤vi. 悲痛，伤心
postage	'pәustidʒ	n. 邮资[经] 邮费，邮资
fuse	fju:z	n. 保险丝，导火线v. 熔化，融合
tack	tæk	n. 平头钉，大头钉，粗缝针脚，行动方针，食物vt. 以大头针钉住，附加
dissipate	'disipeit	vt. 散失，驱散，浪费vi. 消散，放荡
stout	staut	a. 结实的；矮胖的；勇敢的；激烈的n. 矮胖子；烈性啤酒
quarterly	'kwɔ:tәli	a. 季度的，按季度的，每季的adv. 按季，每三个月，每季一次n. 季刊
indignation	.indig'neiʃәn	n. 愤怒，愤慨，义愤
scarcity	'skɑ:siti	n. 缺乏，不足，缺少[经] 缺乏，不足
combustion	kәm'bʌstʃәn	n. 燃烧，骚动[化] 燃烧
pertinent	'pә:tinәnt	a. 相关的，中肯的，切题的[法] 恰当的，有关的
tradesman	'treidzmәn	n. 零售商，工匠[经] 商人，店主，零售商
luncheon	'lʌntʃәn	n. 午宴，午餐会
insanity	in'sæniti	n. 疯狂，愚顽，精神错乱[医] 精神病
ingenuity	.indʒi'nju:iti	n. 心灵手巧，精巧，精巧设计
unbearable	.ʌn'bєәrәbl	a. 无法忍受的，承受不住的
wreath	ri:θ	n. 花圈，花环，圈状物[医] 花冠，花冠体（细胞核分裂的一时期）
beggar	'begә	n. 乞丐vt. 使贫穷，使成乞丐
millimetre	'milimi:tә	n. 毫米[机] 公厘
infancy	'infәnsi	n. 幼年，初期，幼儿期[医] 婴儿期（一足岁以内）
utilization	.ju:tilai'zeiʃәn	n. 利用[医] 利用
thorn	θɒ:n	n. 刺，棘，荆棘
melon	'melәn	n. 瓜，甜瓜，红利，赃物[化] 三聚二氰亚胺
regularity	.regju'læriti	n. 规则性，匀整，正规，经常[医] 规律性
wrath	rɒ:θ	n. 愤怒，激怒，愤怒的举动，（自然现象等）严酷
approximate	ә'prɒksimәt	a. 大约的，接近的，近似的vt. 接近，使接近，粗略估计vi. 接近于
witty	'witi	a. 富于机智的，诙谐的
vulgar	'vʌlgә	a. 粗俗的，庸俗的，普通的，通俗的，方言的[法] 庸俗的，卑下的，粗俗的
vocation	vәu'keiʃәn	n. 职业，天命，天职，才能，行业[法] 行业，职业，职业上的才能
resultant	ri'zʌltәnt	a. 结果的，合成的n. 结果，合力，生成物
paradoxically		adv. 反论，荒谬，自相矛盾，似非而可能是
logistics	lәu'dʒistiks	n. 后勤学，后勤[医] 后勤学
ornamental	.ɒ:nә'mentl	n. 装饰物，观赏植物a. 装饰性的，装饰的，观赏用的
stale	steil	n. 尿a. 不新鲜的，陈腐的，疲惫的，陈旧的vt. 使变旧，走味vi. 变陈旧，走味，失时效，撒尿
fret	fret	n. 烦躁，磨损，焦急，网状饰物vi. 烦恼，不满，磨损vt. 使烦恼，腐蚀，使磨损，使起波纹
errand	'erәnd	n. 任务，差使，使命
waterproof	'wɒtәpru:f	n. 防水材料a. 不透水的，防水的vt. 使防水
hostess	'hәustis	n. 女主人，女房东，女老板
elastic	i'læstik	n. 松紧带，橡皮筋a. 有弹性的，能伸缩的，可通融的
traitor	'treitә	n. 叛逆者，叛国者[法] 叛徒，叛逆，背信者
unconventional	.ʌnkәn'venʃәnl	a. 不依惯例的，非传统的，非常规的
telegram	'teli^ræm	n. 电报，一封电报[计] 电报
permissible	pә'misәbl	a. 可允许的，可容许程度的[机] 容许，允许
lame	leim	a. 跛足的，僵痛的，不完全的，金属薄板，不知内情的人vi. 变跛vt. 使成残废，使无用
therein	.ðєәr'in	adv. 在其中，在那里，在那一点上
paralysis	pә'rælisis	n. 麻痹，停顿，瘫痪[医] 麻痹，瘫痪
tempo	'tempәu	n. 速度，节奏，进行速度，（棋的）一着
yeast	ji:st	n. 酵母[化] 酵母
fright	frait	n. 惊骇，吃惊[医] 惊吓
advantageous	.ædvәn'teidʒәs	a. 有利的，有益的
adjustable	ә'dʒʌstәbl	a. 可调节的[电] 可调整的
predominate	pri'dɒmineit	vt. 掌握，控制，支配vi. 占主导地位，占优势
pickle	'pikl	n. 盐卤，腌汁，泡菜，困境，讨厌鬼vt. 腌制，酸洗，葬送（机会等）, 泡
ridicule	'ridikju:l	n. 嘲笑，愚弄，笑柄vt. 嘲笑，嘲弄，愚弄
farther	'fɑ:ðә	a. 更远的，进一步的adv. 更远的，此外，far的比较级
rectangle	'rektæŋgl	n. 长方形，矩形[化] 矩形
stationery	'steiʃәnәri	n. 文具，信纸[法] 文具
flask	flæsk	n. 细颈瓶，烧瓶，小水瓶[化] 瓶; 烧瓶
notification	.nәutifi'keiʃәn	n. 通知，通告，告示[经] 通知，通知书
shampoo	ʃæm'pu:	n. 洗头，洗发剂vt. 洗头，洗发
grassy	'græsi	a. 草绿色的，象草的，长满草的
rouse	rauz	n. 觉醒，奋起，干杯vt. 唤醒，鼓舞，激动，使振奋，惊起vi. 醒来，奋起
innate	i'neit	a. 先天的，天生的[医] 先天的，生来的
cent	sent	n. 分[经] 美分
grope	grәup	v. 摸索n. 摸索
gust	gʌst	n. 突然一阵，趣味，爱好
stairway	'stєәwei	n. 楼梯，阶梯
metric	'metrik	a. 公尺的，公制的，计量的[医] 测量的，米制的，公制的
pious	'paiәs	a. 虔诚的，敬神的，尽责的，可嘉的，不可能实现的
hearty	'hɑ:ti	a. 诚恳的，健壮的，热烈的，丰盛的
predominant	pri'dɒminәnt	a. 占主导地位的，卓越的[法] 占优势的，支配其他的，主要的
periodical	.piәri'ɒdikl	n. 期刊a. 定期出版的，（有关）期刊的，间歇（性的）, 周期的，定期的
zeal	zi:l	n. 热心，热衷，热诚
propagate	'prɒpәgeit	vt. 繁殖，传播，传送vi. 繁殖，蔓延
proficiency	prә'fiʃәns	n. 精通，熟练，精练
landlady	'lændleidi	n. 女房东，女地主
shabby	'ʃæbi	a. 衣衫褴褛的，低劣的，破旧的，吝啬的，卑鄙的
installment	in'stɒ:lmәnt	n. 就职，装设，分期付款[经] 分期付款
subtract	sәb'trækt	vt. 减去，扣掉，减少vi. 做减法[计] 减
nourish	'nә:riʃ	vt. 滋养，使健壮，怀有
likeness	'laiknis	n. 相象，相似物，样子
scold	skәuld	n. 好骂街的人，责骂v. 责骂
hysteria	his'tiәriә	n. 歇斯底里症，不正常的兴奋，癔病[医] 癔病，歇斯底里
brook	bruk	n. 小溪vt. 容忍
rust	rʌst	n. 锈，生锈，衰退vi. 生锈，衰退vt. 使生锈，腐蚀
insulate	'insjuleit	vt. 使绝缘，隔离[医] 绝缘
prerequisite	pri:'rekwizit	a. 先决条件的，必要的n. 先决条件，必备条件
disproportionate	.disprә'pɒ:ʃәnit	a. 不成比例的
peacock	'pi:kɒk	n. 孔雀，好炫耀的人vi. 炫耀，神气活现地行走
projector	prә'dʒektә	n. 计划人，发起人，规划人，放映机，映画器，幻灯机，幻灯，探照灯，发射器[计] 投影仪
eloquent	'elәkwәnt	a. 雄辩的，有口才的，有说服力的
treason	'tri:zn	n. 叛逆，不忠，叛国罪[法] 叛逆，通敌，叛国罪
dependant	di'pendәnt	n. 家眷，侍从，食客[法] 受赡养人，家庭负担
monstrous	'mɒnstrәs	a. 巨大的，畸形的，怪异的[法] 巨大的，异形的，畸形的:荒诞的
obese	әu'bi:s	a. 肥胖的[医] 肥胖的
exposition	.ekspә'ziʃәn	n. 阐述，讲解，说明，博览会，展览会[经] 展览会，集市，义卖市场
transient	'trænziәnt	n. 瞬，短期居留者，过境鸟，瞬变现象a. 短暂的，易变的，瞬变的，路过的[计] 瞬变过程; 过渡过程; 过渡的; 瞬变的; 瞬时峰值电压
idiom	'idiәm	n. 习语，成语，惯用语法，方言
pantry	'pæntri	n. 餐具室，食品室
fabricate	'fæbrikeit	vt. 制造，建造，装配，伪造
wrench	'rentʃ	n. 扳钳，扳手，扭伤，歪曲，痛苦vt. 猛扭，扭伤，曲解，折磨vi. 猛扭，猛绞
slit	slit	n. 裂缝，投币口，狭长裂口vt. 切开，扯裂，使有狭缝vi. 纵切，纵裂
chatter	'tʃætә	n. 饶舌，啁啾，喋喋不休vi. 喋喋不休地谈，（鸟）啭鸣
snore	snɒ:	n. 鼾声，打鼾vi. 打鼾vt. 打鼾度过
zinc	ziŋk	n. 锌vt. 镀锌于
buddhism	'budizm	n. 佛教
alloy	'ælɒi. ә'lɒi	n. 合金vt. 将……铸成合金，减低成色vi. 合铸
wring	riŋ	n. 扭绞，拧，挤vt. 拧，绞，扭，勒索，折磨，使痛苦vi. 蠕动，扭动，绞，扭，感到痛苦
yawn	jɒ:n	n. 哈欠vi. 打哈欠，裂开vt. 打着哈欠说
reptile	'reptail	n. 爬行动物，爬虫，卑鄙的人a. 爬行的，爬虫类的，卑鄙的
postulate	'pɒstjuleit	n. 假定，基本条件vt. 要求，假定
hydraulic	hai'drɒ:lik	a. 与水有关的，水力的，水压的[电] 水力的
stillness	'stilnis	n. 静止，沉静
watery	'wɒ:tәri	a. 水的，湿的，平淡的，稀薄的，水淋淋的
overcoat	'әuvәkәut	n. 外套大衣
electrode	i'lektrәud	n. 电极[化] 电极; 焊条; 电焊条
edible	'edibl	n. 食品，食物a. 可食用的
toad	tәud	n. 蟾蜍，癞蛤蟆，讨厌的家伙
patriot	'peitriәt	n. 爱国者，爱国主义者
skyscraper	'skaiskreipә	n. 摩天楼，三角形天帆
lattice	'lætis	n. 格子，组合格子，格子状东西vt. 制做格子，使成格子状[计] 格
intonation	.intәu'neiʃәn	n. 朗诵，语调，唱[化] 声调
bribe	braib	n. 贿赂vt. 贿赂，收买vi. 行贿
humid	'hju:mid	a. 潮湿的，湿润的，多湿气的
automation	.ɒ:tә'meiʃәn	n. 自动化，自动操作[计] 自动学; 自动化
generalize	'dʒenәrәlaiz	vt. 一般化，概括，推广vi. 形成概念，笼统讲
biased	'baiәst	a. 有偏见的[计] 边缘的
masculinity	.mæskju'liniti	n. 男子气，刚毅，大丈夫气概[医] 男子本性，男性
transistor	træn'zistә	n. 晶体管[化] 晶体管
quiver	'kwivә	n. 震动，颤抖，箭袋vi. 颤抖，振动vt. 使颤动a. 敏捷的
primate	'praimit	n. 大主教，灵长目动物[医] 灵长类
glitter	'glitә	n. 灿烂，闪烁，辉耀vi. 灿烂，闪烁，辉耀
propulsion	prә'pʌlʃәn	n. 推进，推进力[医] 前冲，慌张步态
antarctic	ænt'ɑ:ktik	a. 南极的，南极地带的n. 南极地区
thirst	θә:st	n. 口渴，渴望vi. 口渴，渴望
tame	teim	a. 驯服的，柔顺的，被开垦的，顺从的，乏味的，平淡的vt. 驯养，驯服，制服，失去锋芒vi. 变得驯服
radial	'reidiәl	a. 光线的，光线状的，放射状的，半径的，径向的n. 光线，射线
metabolic	.metә'bɒlik	a. 变化的，变形的，新陈代谢的[医] [新陈]代谢的
noted	'nәutid	a. 著名的，显著的，扬名的
narration	nә'reiʃәn	n. 叙述，故事，叙述文[法] 陈诉，原告陈述者事实
strife	straif	n. 争吵，竞争，冲突
amplitude	'æmplitju:d	n. 广阔，充足，幅度[化] 振幅
delusion	di'lu:ʒәn	n. 迷惑，欺瞒，错觉[医] 妄想
theorem	'θiәrәm	n. 定理，原理[化] 定理
synthesize	'sinθisaiz	v. 综合，合成
solidify	sә'lidifai	v. （使）凝固，（使）团结，巩固
pane	pein	n. 窗玻璃，方框，方格，窗格vt. 嵌窗玻璃于[计] 窗格
eject	i'dʒekt	vt. 逐放，放逐，喷射[化] 排出
sincerity	sin'serәti	n. 诚实，真实，诚心诚意
microprocessor	.maikrәu'prәusesә	n. 微处理器[计] 微处理器; 微处理机
proton	'prәutɒn	n. 质子[化] 质子
mute	mju:t	n. 哑子，哑音字母，弱音器a. 哑的，无声的，沉默的vt. 减弱……的声音vi. 排泄
dormitory	'dɒ:mitәri	n. 宿舍
hassle	'hæsl	n. 激烈而持久的争论vi. 争论vt. 与……争辩，使烦恼
censor	'sensә	n. 检查员vt. 检查，审查，删改
disable	dis'eibl	vt. 使失去能力，使残废，（律）使无资格[计] 使无效，禁止，关闭
throng	θrɒ:ŋ	n. 群，人群，群集，众多a. 拥挤的vi. 群集，蜂拥vt. 在……群集，使拥塞
scoff	skɒf	n. 嘲笑，愚弄，笑柄，食品v. 嘲笑，嘲弄，贪吃，狼吞虎咽地吃
idealism	ai'diәlizm	n. 唯心主义，观念论，唯心论，理想主义
bristle	'brisl	n. 刚毛，猪鬃vi. 直立，发怒，充满vt. 使直立
shortcut	'ʃɒ:tkʌt	n. 捷径，最短路线[计] 快捷方式
antisocial	.ænti'sәuʃәl	不爱社交的，反社会的，有害于公众利益的[医] 不喜社交的
innumerable	i'nju:mәrәbl	a. 无数的，数不清的
inaccessible	.inæk'sesәbl	a. 难得到的，难接近的，难达成的
baffle	'bæfl	vt. 困惑，为难，使挫折vi. 徒作挣扎n. 迷惑，挡板
refute	ri'fju:t. ri:-	vt. 反驳，驳斥；驳倒
sympathize	'simpәθaiz	vi. 同情，怜悯，同意，体谅
biotech	'baɪəʊtek	n. 生物技术
extinguish	ik'stiŋgwiʃ	vt. 熄灭，使消亡，压制，使减色[医] 消灭
pastime	'pæstaim	n. 消遣，娱乐，游戏
submerge	sәb'mә:dʒ	vt. 使浸水，使陷入，淹没vi. 潜入水中
impartial	im'pɑ:ʃәl	a. 公平的，不偏不倚的[法] 公正无私的，不偏袒的，公平的
saturate	'sætʃәreit	vt. 使渗透，浸透，使充满，使饱和a. 浸透的，饱和度高的，深颜色的n. 饱和化合物，饱和脂肪酸
uniformly	'ju:nifɔ:mli	adv. 一样，一致，相同，一直不变，一贯，始终如一，均质，一律，均匀[计] 均匀地
arabian	ә'reibiәn	a. 阿拉伯的，阿拉伯人的
wasteful	'weistful	a. 浪费的，不经济的
mop	mɒp	n. 拖把，鬼脸vt. 用拖把洗擦，擦，拭vi. 做鬼脸[计] 维护操作协议
repel	ri'pel	vt. 逐退，抵制，使厌恶，抗御vi. 使厌恶，相互排斥
infinity	in'finiti	n. 无限大，无限[计] 无穷
graphite	'græfait	n. 石墨[化] 石墨
habitual	hә'hitʃuәl	a. 习惯的，惯常的，平常的[法] 习惯的，以习惯为常业的，惯常的
superficially		adv. 表面，表面性，浅层，不深，表皮，（贬）肤浅，一知半解，浅薄，平方，浮面
dormant	'dɒ:mәnt	a. 睡眠状态的，静止的[医] 休眠的，不活动的，休止的
shorthand	'ʃɒ:thænd	n. 速记[法] 速记法，速记，记录文字
intermittent	.intә'mitәnt	a. 间歇的，断断续续的[化] 间歇的; 间断的
trample	'træmpl	n. 践踏（声）, 蹂躏v. 践踏，无视
refresh	ri'freʃ	vt. 使清新，使恢复，使生气蓬勃vi. 提起精神，恢复精神，吃点心，喝饮料vt. 刷新，重新整理vi. 刷新，重新整理[计] 刷新，重新整理
timid	'timid	a. 胆小的，羞怯的
degenerate	di'dʒenәreit	a. 堕落的vi. 退化，堕落vt. 使变质，使退化
concise	kәn'sais	a. 简洁的，简明的
symposium	sim'pәuziәm	n. 讨论会，座谈会，专题报告会，专题论文集
harmonious	hɑ:'mәuniәs	a. 和睦的，调和的，和谐的，协调的
malicious	mә'liʃәs	a. 怀恶意的，恶毒的
adjoin	ә'dʒɒin	v. 邻接，毗连
kernel	'kә:nl	n. 核心，中心，精髓，内核[计] 内核
inertia	i'nә:ʃә	n. 惯性，惰性，迟钝[化] 惯性
torrent	'tɒ:rәnt	n. 奔流，倾盆大雨，倾注，迸发
yolk	jәuk	n. 蛋黄，卵黄[医] 卵黄，羊毛脂
immortal	i'mɒ:tәl	n. 不朽人物，神仙a. 永远的，不死的，长久的
assertive	ә'sә:tiv	a. 武断的，过分自信的[法] 断言的
electrician	.ilek'triʃәn	n. 电学家，电气技师，电工[化] 电工; 电气工人
quicken	'kwikәn	vt. 加快，激发，使有生气，鼓舞，使复活vi. 加快，变活跃，进入胎动期
measurable	'meʒәrәbl	a. 可测量的，不久的，重要的
liter	'li:tә	n. 公升[化] 升
victorious	vik'tɔ:riәs	a. 胜利的，得胜的，战胜的
modesty	'mɒdisti	n. 谦逊，质朴，羞怯
joyful	'dʒɒiful	a. 欢喜的，高兴的，令人高兴的
outcry	'autkrai	n. 尖叫，倒彩，强烈抗议，喊价vi. 喊叫vt. 叫得比……响
converse	kәn'vә:s	n. 相反的事物，倒，逆向a. 相反的，逆向的，颠倒的vi. 交谈，谈话
plunder	'plʌndә	n. 抢夺，掠夺品，战利品v. 掠夺，抢劫，抢夺
coward	'kauәd	n. 懦弱的人，胆小的人
fabrication	.fæbri'keiʃәn	n. 制造，建造，虚构的谎言[医] 虚谈症
fearless	'fiәlis	a. 大胆的，勇敢的，无畏的
clockwise	'klɒkwaiz	a. 顺时针方向的adv. 顺时针方向地
deceptive	di'septiv	a. 迷惑的，虚伪的，欺诈的
hasty	'heisti	a. 匆匆的，轻率的，性怠的
relativity	.relә'tiviti	n. 有关系，相关性，相对性[化] 相对性
cleanliness	'klenlinis	n. 清洁，干净
bluntly	'blʌntli	adv. 坦率地，率直地
maiden	'meidn	n. 年轻未婚女子，少女，处女a. 未婚的，处女的，初次的，无经验的
malice	'mælis	n. 恶意，蓄意害人，怨恨[法] 预谋，蓄意，恶意
enlighten	in'laitn	vt. 教育，启发，启蒙，开导，教导
stiffness	'stifnis	n. 坚硬，呆板，刻板[医] 强直，僵硬
appraise	ә'preiz	vt. 评价，估价[经] 评价，鉴定
unkind	.ʌn'kaind	a. 不仁慈的，不亲切的
rooster	'ru:stә	n. 公鸡，栖息的鸟[机] 炉篦
superstition	.sju:pә'stiʃәn	n. 迷信[法] 迷信
postman	'pәustmәn	n. 邮递员[法] 邮递员，理财法庭的高级律师
layman	'leimәn	n. 俗人，门外汉，凡人[医] 外行，业外人
brute	bru:t	n. 畜生，残忍或好色之人a. 残忍的，无理性的，畜生的
spaceship	'speisʃip	n. 宇宙飞船
tranquil	'træŋkwil	a. 安静的
embroidery	im'brɒidәri	n. 刺绣品，粉饰，刺绣
subdue	sәb'dju:	vt. 使服从，压制，减弱，抑制，克制
courteous	'kә:tjәs	a. 彬彬有礼，谦恭的
watchful	'wɒtʃful	a. 注意的，警戒的，警醒的，（时间）醒着换过的
stony	'stәuni	a. 多石的，无情的
fluctuate	'flʌktʃueit	vi. 变动，起伏，动摇vt. 使波动，使动摇
conqueror	'kɒŋkәrә	n. 征服者，胜利者
tyrant	'taiәrәnt	n. 暴君[法] 专制君主，暴君，压制他人者
serpent	'sә:pәnt	n. 巨蛇座，蛇，蛇形管，狡猾的人
streamline	'stri:mlain	n. 流线，流线型vt. 使成流线型，使合理化
weld	weld	n. 焊接处，焊接vt. 焊接，使密接，使结合，使成整体vi. 焊牢
homely	'hәumli	a. 家常的，平凡的，朴实无华的
scorn	skɒ:n	n. 轻蔑，藐视，嘲笑，被嘲弄的人vt. 轻蔑，不屑做
northwards	'nɔ:θwәdz	adv. 向北方
queer	kwiә	n. 怪人，同性恋者a. 奇怪的，不舒服的，可疑的vt. 搞糟
deportation	.di:pɒ:'teiʃәn	n. 驱逐出境，放逐[法] 递解出境，放逐，驱逐
riddle	'ridl	n. 谜，谜语，粗筛vt. 解谜，给……出谜，筛，寻根究底地检验，充满于vi. 出谜
diffuse	di'fju:z	v. 散播，传播a. 散开的，弥漫的
wither	'wiðә	vt. 使凋谢，使消亡，使畏缩vi. 枯萎，衰退
desolate	'desәlәt	a. 荒凉的
shameful	'ʃeimful	a. 可耻的，丢脸的，不道德的，淫猥的，猥亵的，不体面的
indignant	in'dignәnt	a. 愤怒的，愤慨的
commonsense	,kɔmәn'sens	a. 有常识的，一望而知的，明明白白的
windmill	'windmil	n. 风车
mechanically	mi'kænikәli	adv. 机械，用机械，机械学，物理，力学，呆板，无意识，手工操作，技工
bandit	'bændit	n. 强盗
deficient	di'fiʃәnt	a. 不足的，不充分的，有缺陷的
trifle	'traifl	n. 琐事，少量vt. 浪费vi. 开玩笑，翻弄，虚度光阴
ox	ɒks	n. 牛
symmetrical	si'metrikl	a. 对称的，匀称的[医] 对称的，均称的
grocer	'grәusә	n. 食品商
prick	prik	vt. 刺，戳，刺痛，使竖起vi. 刺，竖起n. 扎，一刺，刺痛a. 竖起的
wag	wæg	vt. 摇摆，摇动，饶舌vi. 摆动，喋喋不休n. 摇摆，爱说笑打趣的人
opium	'әupjәm	n. 鸦片[化] 阿片; 鸦片
reimburse	.ri:im'bә:s	vt. 付还，偿还，赔偿[经] 偿付，赔还，付还; 偿还
purify	'pjuәrifai	vi. 变纯净vt. 使纯净，净化，提纯，精炼
tar	tɑ:	n. 焦油，柏油，水手vt. 涂以焦油，玷污，怂恿a. 焦油的
inaugurate	i'nɒ:gjureit	vt. 开始，举行……就职典礼
leopard	'lepәd	n. 豹，美洲豹
henceforth	hens'fɒ:θ	adv. 自此以后，今后
filth	filθ	n. 污秽，不洁，猥亵[法] 污秽，污物，淫猥
flannel	'flænl	n. 法兰绒，法兰绒衣服
porridge	'pɒ:ridʒ	n. 粥，糊
momentary	'mәumәntәri	a. 瞬间的，刹那间的
requisite	'rekwizit	n. 必需品，要素，必要物品a. 必要的，需要的
indefinite	in'definit	a. 模糊的，不确定的，无限的[法] 不确定的，无限制的
whisker	'hwiskә	n. 腮须，胡须，一丝儿[化] 晶须
incense	'inseins	n. 香，香气，奉承vi. 焚香vt. 用香焚，使发怒
deviate	'di:vieit	vi. 脱离，偏离vt. 使偏离a. 脱离常规的n. 脱离常规的人
harp	hɑ:p	n. 竖琴vi. 弹奏竖琴，不停地说
steamer	'sti:mә	n. 汽船，蒸汽机[化] 蒸汽发生器; 蒸汽机
shrill	ʃril	n. 尖声a. 尖锐的，刺耳的vt. 尖声说出vi. 发出刺耳声
torment	'tɒ:ment	n. 使人痛苦的东西，折磨者，苦痛vt. 使苦恼，纠缠，歪曲，拷问
meteorite	'mi:tiәrait	n. 陨星[化] 陨石; 陨铁
peep	pi:p	n. 一瞥，偷看，不完全的景象，初现，吱吱声，嘀咕抱怨声，汽车喇叭声vi. 窥视，出现，吱吱叫vt. 使隐约显现
handout	'hændaut	n. 施舍物，救济品，分发的印刷品资料，广告物品
analytic	.ænә'litik	a. 分析的，善于分析的，解析的[医] 分析的
blunder	'blʌndә	n. 大错，大失策vi. 失策，跌跌撞撞地走，犯错vt. 做错
incline	in'klain	n. 倾斜，斜坡，斜面vt. 使倾向于，使倾斜vi. 倾向，倾斜，爱好，易于
onward	'ɒnwәd	a. 向前的，前进的adv. 向前，前进，在先
rotary	'rәutәri	a. 旋转的，轮流的n. 旋转式机器
proficient	prә'fiʃәnt	n. 高手，专家a. 精通的，熟练的
fable	'feibl	n. 寓言，神话，谎言vi. 虚构，作寓言
tortoise	'tɒ:tәs	n. 龟，行动迟缓的人
blacksmith	'blæksmiθ	n. 铁匠[机] 铁匠
bazaar	bә'zɑ:	n. 集市，市场，义卖市场
illiterate	i'litәrәt	n. 文盲a. 目不识丁的，没受教育的
peck	pek	n. 配克（英美干量单位）, 啄痕，啄食，许多vt. 啄，啄食，琢，凿成，扔vi. 啄，吹毛求疵，啄食，勉强吃[计] 取数
gaol	dʒeil	n. 监禁，监狱vt. 监禁
tulip	'tju:lip	n. 郁金香
diverge	dai'vә:dʒ	vi. 分歧，岔开vt. 使岔开
skillful	'skilful	a. 熟练的，巧妙的[机] 熟练的
brim	brim	n. 边，边缘，（河）边vt. 注满，使满溢vi. 满溢
insidious	in'sidiәs	a. 隐伏的，阴险的，狡猾的[医] 隐袭的
inlet	'inlet	n. 进口，插入物[化] 入口; 进口; 投料口; 供料口
ambient	'æmbiәnt	a. 周围的n. 周围环境
mountainous	'mauntinәs	a. 多山的，如山的，巨大的
segregate	'segrigeit	a. 分离的，被隔离的vi. 分离，隔离，分凝vt. 使分离，使隔离
horsepower	'hɒ:spauә	n. 马力[电] 马力
meditate	'mediteit	vt. 想，考虑，计划vi. 沉思，反省
diligence	'dilidʒәns	n. 勤奋
sham	ʃæm	n. 假，赝品，骗子，哄骗a. 假的，伪造的vt. 假装，冒充vi. 装假
exclamation	.eksklә'meiʃәn	n. 惊呼，激烈言词，惊叹词
experimentally	ik.speri'mentli	adv. 实验式地，在实验上
dazzle	'dæzl	v. （使）眼花，炫耀n. 耀眼
senseless	'senslis	a. 无感觉的，无意识的，不省人事的
sneer	sniә	n. 冷笑，嘲笑vi. 嘲笑，冷笑vt. 嘲笑着说，嘲笑得使
gramophone	'græmәfәun	n. 留声机
saturation	.sætʃә'reiʃәn	n. 饱和，渗透，浸透，色饱和度[计] 饱和度
propeller	prә'pelә	n. 螺旋桨，推进器[化] 搅拌叶片; 螺旋桨
volt	vәult	n. 伏特[化] 伏特
shipbuilding	'ʃipbildiŋ	n. 造船
westward	'westwәd	n. 朝西的方向a. 向西的adv. 向西的
wharf	hwɒ:f	n. 码头vt. 卸在码头上，靠码头vi. 靠码头，入坞
clatter	'klætә	n. 咔嗒声，哗啦声，嘈杂的谈笑声vi. 发出哗啦声，喧闹的谈笑vt. 使咔嗒咔嗒地响
frock	frɒk	n. 女礼服，连衣裙，工装，罩袍，僧衣
pendulum	'pendʒәlәm	n. 钟摆，摇锤，摇摆不定的事态（或局面）[化] 摆
erroneous	i'rәuniәs	a. 错误的，不正确的[法] 错误的，不正确的
softness	'sɒftnis	n. 柔和，温柔
gnaw	nɒ:	v. 咬，啃，侵蚀，消耗，折磨
bosom	'buzәm	n. 胸部，胸，胸怀，内部，中间vt. 怀抱
utensil	ju:'tensl	n. 器皿，用具
consul	'kɒnsәl	n. 领事，执政官[经] 领事
jupiter	'dʒu:pitә	n. 朱庇物（罗马神话中的主神）, 木星
materialism	mә'tiәriәlizm	n. 唯物主义
calculus	'kælkjulәs	n. 结石；微积分学
propagation	.prɒpә'geiʃәn	n. 增殖，繁殖，宣传[医] 传播，繁殖，持续培养
leakage	'li:kidʒ	n. 漏，漏出物，泄漏[化] 漏电; 漏水; 漏气; 渗漏; 漏失量; 漏出量
multiplication	.mʌltipli'keiʃәn	n. 乘法，增加，乘法运算[医] 增殖; 倍增
sneeze	sni:z	n. 喷嚏vi. 打喷嚏
equator	i'kweitә	n. 赤道[医] 赤道，中纬线
twinkle	'twiŋkl	n. 闪烁，闪耀，瞬息vi. 闪烁vt. 使闪耀
soluble	'sɒljubl	a. 溶解的，可溶解的，可以解决的[医] 溶解的，可溶的
algebra	'ældʒibrә	n. 代数学
epoch	'i:pɒk	n. 新纪元，时代，时期
ruby	'ru:bi	n. 红宝石，深红色a. 红宝石色的，深红色的vt. 使带红宝石色
sullen	'sʌlәn	a. 愠怒的，沉闷的，阴沉的
bleach	bli:tʃ	vt. 漂白vi. 变白n. 漂白，漂白剂
bridle	'braidl	n. 马勒，约束[医] 系带，约束
loudspeaker	'laud'spi:kә	n. 扩音器，喇叭[电] 扬声器
wholesome	'hәulsәm	a. 有益健康的，合乎卫生的，健全的，有益的，有生气的，审慎的
persecute	'pә:sikju:t	vt. 迫害，虐待，困扰，同……捣乱[法] 迫害，虐待，烦扰
elemental	.eli'mentәl	a. 元素的，基本的
proverb	'prɒvә:b	n. 谚语，格言，箴言vt. 使众所周知，用谚语表达
overestimate	.әuvәr'estimeit	vt. 评价过高，过高估价n. 估计过高，评价过高
smog	smәug	n. 烟雾[化] 烟雾
lodging	'lɒdʒiŋ	n. 寄宿处，寄宿[法] 提起，住所
torpedo	tɒ:'pi:dәu	n. 鱼雷，水雷，地雷vt. 用鱼雷袭击，破坏
stockholder	'stɒkhәuldә	n. 股东[法] 股东，股票持有者，股票所有人
oppress	ә'pres	vt. 压迫，压抑，使烦恼
violet	'vaiәlit	n. 堇菜，紫罗兰a. 堇菜科的，紫罗兰色的
analogue	'ænәlɒg	n. 类似物，相似情况[医] 类似物，同型物，相似器官，同功异质体
prism	'prizm	n. 棱镜，棱柱[化] 棱镜
gymnasium	dʒim'neiziәm	n. 健身房，体育馆[医] 体育馆，健身室，运动场
transformer	træns'fɒ:mә	n. 变压器，促使变化的人[化] 变压器
corrosion	kә'rәuʒәn	n. 腐蚀，侵蚀，腐蚀产生的物质，铁锈，锈[计] 腐蚀
quartz	kwɒ:ts	n. 石英[化] 石英
extracurricular	.ekstrәkә'rikjulә	a. 课外的，业余的
uproar	'ʌprɒ:	n. 骚动，喧嚣
decimal	'desimәl	a. 十进位的，小数的n. 十进制，小数[计] 十进制，小数点
axle	'æksl	n. 轴，车轴[电] 轴
standardize	'stændәdaiz	vt. 使标准化，使合于标准，用标准检验[计] 标准化; 规格化
hydrocarbon	.haidrәu'kɑ:bәn	n. 碳氢化合物[化] 烃; 碳氢化合物
piston	'pistәn	n. 活塞，活塞阀键[医] 活塞（如注射器的）
chasm	'kæzәm	n. 陷窟，裂口
pretext	'pri:tekst	n. 借口，托词v. 以……为借口
snowstorm	'snәustɒ:m	n. 暴风雪[化] 雪暴
capacitor	kә'pæsitә	n. 电容器[化] 电容器
philanthropy	fi'lænθrәpi	n. 慈善，仁慈，博爱，慈善事业，慈善机构（团体）
glorify	'glɒ:rifai	vt. 赞美，美化，赞扬，使辉煌
melancholy	'melәnkɒli	n. 忧郁，悲哀，愁思a. 忧郁的，使人悲伤的，愁思的
condense	kәn'dens	vt. 使浓缩，使压缩，缩短vi. 浓缩，凝结
disillusion	.disi'lu:ʒәn	n. 觉醒，幻灭vt. 使醒悟，使幻想破灭
avail	ә'veil	vi. 有用，有利vt. 有利于n. 效用，利益
slang	slæŋ	n. 俚语v. 辱骂，用俚语说
implore	im'plɒ:	vt. 恳求，哀求
sedentary	'sedәntәri	a. 久坐的，坐惯的，定栖的[医] 静坐的; 坐式的
disillusioned		a. 幻想破灭了的，大失所望的，醒悟了的
eyesight	'aisait	n. 视力，目力
persevere	.pә:si'viә	vi. 坚持，孜孜不倦，不屈不挠，（辩论中）固执己见
worst	wә:st	n. 最坏，最坏的时候a. 最坏的，最恶劣的，最不利的adv. 最坏，最糟
tiresome	'taiәsәm	a. 累人的，烦人的
filament	'filәmәnt	n. 细丝，细线，灯丝，单纤维[化] 长丝; 单丝（复丝中的单根细丝）; 丝极
unorthodox	.ʌn'ɒ:θәdɒks	a. 非正统的，异教的
hush	hʌʃ	n. 肃静，安静，沉默vt. （使）肃静，（使）安静，（使）缄默interj. 嘘，别作声
immigrate	'imigreit	vt. 使移居入境vi. 移入
overload	.әuvә'lәud	vt. 超载，过载，超过负荷n. 超载，负荷过多
perpendicular	.pә:pәn'dikjulә	n. 垂直线，垂直的位置，直立（姿势）, 刚正，垂规a. 垂直的，直立的，陡峭的
elliptical	i'liptikәl	a. 椭圆的[医] 椭圆形的
intricacy	'intrikәsi	n. 纷乱，复杂，错综
rebuke	ri'bju:k	n. 指责，谴责，非难vt. 斥责，指责，制止
zebra	'zi:brә	n. 斑马
tact	tækt	n. 机智，手法，老练[经] （自动加工线的）生产节拍
rupture	'rʌptʃә	n. 破裂，断裂，裂开，决裂，不和v. （使）破裂
considerate	kәn'sidәrit	a. 体贴的，体谅的，考虑周到的
auxiliary	ɒ:g'ziljәri	n. 辅助者，辅助物，附属机构，助动词a. 辅助的，备用的
taper	'teipә	n. 带子操作工，小蜡烛，尖细，渐弱，锥形，尖塔a. 尖细的，分等级的v. （使）一头逐渐变细，（使）逐渐减少
perspiration	.pә:spә'reiʃәn	n. 汗，流汗，努力[医] 出汗; 汗
wilful	'wilful	a. 任性的，固执的，故意的，存心的[法] 有意的，故意的，任性的
disobedience	.disә'bi:djәns	n. 不服从，不孝，违反
manly	'mænli	a. 象男人的，强壮的，适于男人的
scorch	skɒ:tʃ	n. 烧焦，枯萎v. 烧焦，拷焦，（使）枯萎，讽刺
crippling	'kripliŋ	（往复）曲折，断裂，临界的，极限的
envious	'enviәs	a. 嫉妒的，羡慕的
hoarse	hɒ:s	a. 沙哑的，嘶哑的[医] 声嘶的
sparrow	'spærәu	n. 麻雀
diligent	'dilidʒәnt	a. 勤勉的，用功的
northward	'nɒ:θwәd	n. 北方，北a. 向北的adv. 向北
peculiarity	pi.kju:li'æriti	n. 特质，特性，怪癖
obedient	ә'bi:djәnt	a. 服从的，顺从的，孝顺的[法] 服从的，顺从的，忠顺的
untie	.ʌn'tai	vt. 解开vi. 松开
pail	peil	n. 桶，提桶
recollect	.rekә'lekt	vt. 回忆，回想，忆起vi. 回忆
instantaneous	.instәn'teinjәs	a. 即时的，瞬间的，猝发的[机] 瞬时的
resolute	'rezәlu:t	n. 果断的人a. 坚决的，刚毅的，毅然的
eastward	'i:stwәd	n. 朝东方向a. 向东方的adv. 向东
springtime	'spriŋtaim	n. 春天，春季，初期
nourishment	'nә:riʃmәnt	n. 滋养品，养料，营养[医] 营养，营养品
dew	dju:	n. 露珠，露水vt. （用露水）沾湿vi. 结露水
stammer	'stæmә	v. 口吃，结结巴巴地说n. 口吃，结巴
distil		vt.vi. 蒸馏，提取……的精华，用蒸馏法提取vi. 滴下，渗出
bushel	'buʃәl	n. 蒲式耳（容量单位）v. 修整（衣物）
affluence	'æfluәns	n. 富裕，丰富，流注[医] 丰富，流入
cordial	'kɒ:djәl	n. 兴奋剂，补品a. 热忱的，诚恳的，有兴奋作用的
firmness	'fә:mnis	n. 坚固，坚牢，坚定
amends	ә'mendz	n. 赔偿[经] 赔偿
hateful	'heitful	a. 憎恨的，可恨的，可恶的
oar	ɒ:	n. 桨，桨手，搅棒vi. 划桨vt. 划动
deceit	di'si:t	n. 欺骗，谎言[经] 诈骗，欺骗
irrespective	.iri'spektiv	a. 不顾的，无关的，没关系的
brood	bru:d	n. 一窝，一伙vt. 孵，沉思
forsake	fә'seik	vt. 放弃，断念，抛弃[法] 遗弃，抛弃，摒绝
everlasting	.evә'læstiŋ	a. 永恒的，持久的n. 上帝，神
panther	'pænθә	n. 豹，黑豹，美洲豹
spherical	'sferikl	a. 球的，球面的，球状的，天体的[医] 球形的，球状的
contemptuous	kәn'temptʃuәs	a. 轻蔑的，鄙视的，瞧不起人的
reproach	ri'prәutʃ	n. 责备，耻辱vt. 责备，申斥，使丢脸
sweeten	'swi:tn	vt. 使变甜，加糖于，使悦耳，使温和，减轻vi. 变甜
hindrance	'hindrәns	n. 妨害，障碍，阻碍物
ripen	'raipәn	vt. 使成熟vi. 成熟
fowl	faul	n. 鸟，飞禽，家禽vi. 打鸟
barometer	bә'rɒmitә	n. 气压计[化] 气压计
bough	bau	n. 大树枝
subdivide	'sʌbdi'vaid	vt.vi. （把……）再分，（把……）细分[法] 再分，细分
intelligible	in'telidʒәbl	a. 可理解的，易理解的，纯概念性的
regenerate	ri'dʒenәreit	vt. 使再生，重建，革新vi. 新生，再生a. 新生的，再生的[计] 再生; 重写
radish	'rædiʃ	n. 小萝卜
stuffy	'stʌfi	a. 闷热的，窒息的，乏味的，固步自封的，自以为是的
southwards	'sajθwәdz	adv. 在南方
jingle	'dʒiŋgl	n. 叮当声v. （使）作叮当声，（使）押韵
typist	'taipist	n. 打字员
repent	ri'pent	vi. 后悔，懊悔，忏悔vt. 后悔a. 匍匐生根的
circumference	sә'kʌmfәrәns	n. 圆周，周缘，胸围[医] 周缘，环状面
inferiority	in.fiәri'ɒriti	n. 自卑，次等[医] 下位，下级，次级，劣等
kinetic	kai'netik	a. 运动的，运动引起的，动力学的，活动的[医] 运动的，动的，动力的
disservice	dis'sә:vis	n. 伤害，帮倒忙的行为
turnip	'tә:nip	n. 芜菁，芜菁甘蓝[医] 芜菁，萝卜
idleness	'aidlnis	n. 懒惰，闲散，失业[化] 空载
locust	'lәukәst	n. 蝗虫，蚱蜢，蝉
frightful	'fraitful	a. 可怕的，惊人的，丑的，非常的
philanthropic	fi'lænθrәpic	a. 慈善（事业）的，博爱的，乐善好施的[法] 博爱的，仁慈的，慈善事业的
grasshopper	'græshɒpә	n. 蚱蜢，蝗虫
mutton	'mʌtn	n. 羊肉
appreciable	ә'pri:ʃiәbl	a. 可感知的，可评估的
evaporation	i.væpә'reiʃәn	n. 蒸发，脱水，消失[化] 蒸发
perplex	pә'pleks	vt. 使困惑，使复杂化，使为难[法] 困惑，使复杂化，使纠缠不清
vaccinate	'væksineit	v. 预防接种
sardine	sɑ:'di:n	n. 沙丁鱼
abbreviation	ә.bri:vi'eiʃәn	n. 缩写词，缩写，缩短，节略
compatriot	kәm'pætriәt	n. 同国人a. 同国的，同胞的
sightseeing	'saitsi:iŋ	n. 观光，游览a. 观光的，游览的
hoe	hәu	n. 锄头v. 用锄耕地，锄
slumber	'slʌmbә	n. 睡眠，麻木状态vi. 微睡，静止，麻木vt. 睡着度过（时间）
maturation	.mætʃu'reiʃәn	n. 化脓，成熟[医] 成熟，化脓
plural	'pluәrәl	n. 复数a. 复数的，两个以上的
decompose	.di:kәm'pәuz	v. 分解，（使）腐烂
badminton	'bædmintәn	n. 羽毛球运动
magnetism	'mægnitizm	n. 磁性，吸引力，磁学，催眠术[化] 磁学
impurity	im'pjuәriti	n. 杂质，不洁，不纯[化] 杂质
pulley	'puli	n. 滑车，滑轮[医] 滑车
negro	'ni:grәu	n. 黑人a. 黑人的
derivation	.deri'veiʃәn	n. 推论，推导，来历[医] 衍化，诱导
modulate	'mɒdjuleit	vt. 调整，使转调，控制vi. 转调，调制
aural	'ɒ:rәl	a. 耳的，听觉的，气氛的，气味的，光环的[医] 耳的; 先兆的
zealous	'zelәs	a. 热衷的，热诚的，热心的，热情的
invert	in'vә:t	a. 转化的vt. 使反转，使颠倒，使转化n. 颠倒的事物[计] 倒置; 反转
overhang	.әuvә'hæŋ	n. 突出部份，悬垂部份vt. 悬于……之上，（危险等）逼近vi. 悬垂，逼近
incandescent	.inkæn'desnt	a. 白热的，闪闪发光的，辉耀的，灿烂的[医] 白炽的，白热的
normalization	.nɒ:mәlai'zeiʃәn	n. 常态化，正常化，正规化[化] 归一化; 正态化; 正火; 正火处理
yoke	jәuk	n. 轭，牛轭，束缚vt. 给……上轭，连接，结合，使匹配vi. 结合，匹配[计] 磁轭; 磁头组; 偏转线圈
geometrical	.dʒiәu'metrikl	a. 几何学的，几何的[机] 几何学的
glossary	'glɒsәri	n. 专业词典，术语集，词表[计] 图文集
lathe	leið	n. 车床vt. 用车床加工
dialog	'daiәlɒg	n. 会话，对话[计] 对话
curt	kә:t	a. 简略的，简短的，生硬的
rapture	'ræptʃә	n. 兴高采烈，着迷，欢天喜地，狂喜vt. 使狂喜
gunpowder	'gʌnpaudә	n. 火药[化] 有烟火药; 火药
waken	'weikn	vt. 唤醒，使觉醒，激发vi. 觉醒，醒来
radioactivity	.reidiәuæk'tiviti	n. 放射性[化] 放射性
kindle	'kindl	vt. 点燃，使着火，引起，照亮vi. 着火，激动，发亮
calibration	.kæli'breiʃәn	n. 口径测定，刻度，校准[化] 校准
inorganic	.inɒ:'gænik	a. 无机的，无生物的，非自然形成的[医] 无机的
mitten	'mitn	n. 连指手套，拳击手套
polarity	pәu'læriti	n. 极性，截然相反[医] 极性，极性现象
woodpecker	'wudpekә	n. 啄木鸟
projecting	prә'dʒektiŋ	a. 突出的，伸出的
eloquence	'elәkwәns	n. 口才，雄辩术，雄辩[法] 善辩，口才
bridegroom	'braidgrum	n. 新郎
ramble	'ræmbl	n. 漫步，随笔vi. 漫步，漫谈，漫游，蔓延vt. 闲逛于
longitude	'lɒndʒitju:d	n. 经度，经线[电] 经度
fastener	'fɑ:sәnә	n. 结扎工，使系牢之物[化] 紧固零件
transverse	træns'vә:s	n. 横断物a. 横的，横向的
centralize	'sentrәlaiz	vt. 集聚，集中，施行中央集权vi. 集中
inasmuch	.inәz'mʌtʃ	adv. 因……之故，在……范围内
fro	frәu	adv. 向那边，向后
axial	'æksiәl	a. 轴的，成轴的，轴向的[医] 轴的，中轴的
retard	ri'tɑ:d	n. 阻止，延迟vt. 妨碍，延迟，使减速vi. 减速，延迟
stewardess	'stju:wәdis	n. 空中小姐，女管理人，女管家
automate	'ɔ:tәmeit	vt.vi. （使）自动化[计] 自动化
viscous	'viskәs	a. 粘的，粘性的[医] 粘的
xerox	'ziәrɒks	v. 静电复印
snob	snɒb	n. 势利的人，假内行
supersonic	.sju:pә'sɒnik	a. 超声波的[医] 超声[波]的
shipwreck	'ʃiprek	n. 遇难船，海难vt. 遇海难，毁灭，使失事
deformation	.di:fɒ:'meiʃәn	n. 损形，变丑，畸形[化] 变形; 形变
enchant	in'tʃænt	vt. 施魔法，使入迷
merciful	'mә:siful	a. 仁慈的，慈悲的
vex	veks	vt. 使烦恼，使苦恼vi. 烦恼
conceit	kәn'si:t	n. 自负，空想，狂妄
capacitance	kә'pæsitәns	n. 电容[化] 电容
gaseous	'gæsiәs	a. 气体的，气态的，无实质的[医] 气[体]的
indiscriminately	ˌɪndɪ'skrɪmɪnətlɪ	adv. 无差别，任意地; 不分青红皂白地; 滥; 不分皂白
headlong	'hedlɒŋ	a. 头向前的，仓猝而用力的，轻率的adv. 头向前地，猛然地，用力地
pneumatic	nju:'mætik	a. 充气的，空气的，有气胎的，气动的，灵魂的n. 充气轮胎
tabulate	'tæbjuleit	vt. 作成表，作成一览表，使成平面a. 平板状的，平面的[计] 制表
freshen	'freʃn	v. （使）显得新鲜，（使）精神饱满，（使）减少咸味
watertight	'wɒtәtait	a. 不透水的，不漏水的，无懈可击的[化] 不透水的; 不漏水的
industrious	in'dʌstriәs	a. 勤勉的，刻苦的
contrived	kәn'traivd	a. 人造的，勉强的，不自然的
rejuvenate	ri'dʒu:vineit	vt. 使年轻，使复原，使恢复精神vi. 返老还童，复原
rapidity	rә'piditi	n. 迅速，急速，速度
obstinate	'ɒbstinit	a. 倔强的，顽固的，不让步的
tenable	'tenәbl	a. 可守的，站得住（脚）的，合理的，成立的
deferential	.defә'renʃәl	a. 恭敬的[医] 输精管的
provost	'prɒvәst	n. 教务长，监督员，牧师[法] 监督者，负责官员，监狱看守
quench	kwentʃ	vt. 熄灭，结束，使冷却，将……淬火vi. 熄灭，平息
ventilate	'ventileit	vt. 使空气流通，使通风，公开讨论，公开[医] 通风，换气
corrode	kә'rәud	vt. 使腐蚀，侵蚀，破坏vi. 被侵蚀，起腐蚀作用
whitewash	'hwaitwɒʃ	n. 白色涂料，粉饰，得零分的惨败
discontented	.diskәn'tentid	a. 不满意的
interconnect	.intәkә'nekt	vt. 使互相连接
fission	'fiʃәn	n. 裂开，分裂，分体[化] 裂变
haughty	'hɒ:ti	a. 傲慢的，骄傲的，崇高的
telex	'teleks	n. 用户直通电报，电传打字机[计] 电传，用户电报
retell	ri:'tel	vt. 再讲，重复，重说
earthenware	'ә:θәnweә	n. 陶器[化] 陶器; 土器
yielding	'ji:ldiŋ	a. 生产的，屈从的，柔顺的，易弯曲的[化] 屈服
lubricate	'lu:brikeit	vt. 使润滑，涂油vi. 润滑
faultless	'fɒ:ltlis	a. 完美的，无缺点的[化] 无故障的
deflection	di'flekʃәn	n. 歪斜，偏，偏向[医] 偏向，偏离，偏转（光）, 偏转，波（心电图）
sorrowful	'sɒrәuful	a. 悲伤的
esthetic	es'θetik	a. 审美的[医] 感觉的
inversely		adv. 相反地[机] 反的，反对
displease	dis'pli:z	v. 使不愉快，使（人）生气
thoughtless	'θɒ:tlis	a. 欠考虑的，无深虑的，轻率的
dynamo	'dainәmәu	n. 发电机[医] 电机，发电机
rascal	'ræskl	n. 流氓，无赖，坏蛋，淘气鬼[法] 流氓，无赖，恶棍
slander	'slændә	n. 中伤，诽谤vt. 中伤，诽谤
saturn	'sætәn	n. 土星
punctual	'pәŋktʃuәl	a. 准时的，守时的，点状的，中肯的[经] 准时的，不误期的，准时
excrete	ek'skri:t	vt. 排泄，分泌[医] 排泄，分泌
dictation	dik'teiʃәn	n. 听写，口述，命令
deafen	'defәn	vt. 使聋vi. 变聋
seaport	'si:pɒ:t	n. 海港，港口城市
demography	di:'mɒgrәfi	n. 人口统计学[医] 人口学，人口统计学
snobbish	'snɒbiʃ	a. 自命不凡的，势利的
thrifty	'θrifti	a. 节俭的，兴旺的，繁茂的
ultrasonic	.ʌltrә'sɒnik	n. 超声波a. 超音速的
typhoon	tai'fu:n	n. 台风
outermost	'autәmәust	a. 最外面的，最远离中心的
oxidize	'ɒksidaiz	vt. 使氧化，使生锈vi. 氧化
bugle	bju:gl	n. 喇叭，号角v. 吹号
dishonour	dis'ɔnә	n. 不名誉，使人丢脸的人/事，耻辱，不光彩vt. 使丧失名誉，使受耻辱，使丢脸，奸污，拒收，无法偿付，拒付
lamentation	.læmәn'teiʃәn	n. 悲叹，哀悼
dully	'dʌli	adv. 钝地，迟钝地，不清楚地
regenerative	ri'dʒenәreitiv	a. 再生的，更生的，更新的[医] 再生的
deform	di'fɒ:m	vt. 使残缺，使变形vi. 变形
acquisitive	ә'kwizitiv	a. 渴望获得的，贪婪的[法] 取得的，获得的，贪得无厌的
curative	'kjurәtiv	a. 治病的，有疗效的n. 药物，治疗法
quart	kwɒ:t	n. 夸脱[医] 夸脱（四分之一加仑）
insulator	'insjuleitә	n. 绝缘体，从事绝缘工作的工人[化] 绝缘体; 绝缘器; 绝缘子; 隔离剂
waggon		n. 运货车，四轮运货马车，（英）铁路货车，流动服务车，小型客车，囚车，童车
congratulation	kәn.grætʃә'leiʃәn	n. 祝贺，恭喜
pedlar	'pedlә	n. 沿街叫卖的小贩，（流言）传播者[经] 小贩，商贩，货郎
industrialize	in'dʌstriәlaiz	vt. 使工业化vi. 实现工业化
disorient	dis'ɒ:rient	vt. 使失去方向，使迷惑
preset	pri:'set	vt. 事先调整n. 预调装置[计] 边框形式
thresh	θreʃ	vt. 打谷，摔打，反复研究，推敲vi. 打谷，鞭打，剧烈扭动
tensile	'tensail	a. 可拉长的，可伸长的，张力的，拉力的[机] 拉的
gramme	græm	n. 克[医] 克
miser	'maizә	n. 守财奴，吝啬鬼，（石油工程上用的）锥钻头
tropic	'trɒpik	n. 回归线
metallurgy	'metәlә:dʒi	n. 冶金学，冶金术[化] 冶金
preposition	.prepә'ziʃәn	n. 前置词，介词
kilowatt	'kilәwɒt	n. 千瓦[医] 千瓦[特]
impoverish	im'pɒvәriʃ	vt. 使贫穷，耗尽……的力气
centigrade	'sentigreid	a. 百分度的，摄氏的[医] 百分度
hurrah	hu'rɑ:	n. 欢呼声，骚动，欢乐v. 欢呼，呼万岁，以欢呼迎接interj. 万岁
entreat	in'tri:t	v. 恳求，乞求
subscript	'sʌbskript	a. 下标的，写在底下的n. 下标[计] 下标
civilize	'sivilaiz	vt. 使开化，使文明vi. 变文明
sophisticate	sә'fistikeit	n. 久经世故的人，精于……之道的人vt. 篡改，曲解，使变得世故，掺合，弄复杂vi. 诡辩
fahrenheit	'færәnhait	a. 华氏温度计的n. 华氏温度计
strangler	'stræŋ^lә	n. 扼杀者，压制者，（英）阻气门，阻塞门
dynamical	dai'næmikәl	a. 动力的，动态的，动力学的，（褒）有生气的，有力的，能动的，精悍的，机能上的n. 动力，动态，原动力[计] 动态的
datum	'deitәm	n. 论据，材料，资料，已知数[医] 材料，资料，论据
ohm	әum	n. 欧姆[化] 欧姆
ferrous	'ferәs	a. 铁的，含铁的，亚铁的[医] 亚铁的
solvable	'sɒlvәbl	a. 可以解的，可以解决的[医] 溶解的，可溶的
radium	'reidiәm	n. 镭[化] 镭Ra
bewilder	bi'wildә	vt. 使迷惑，使不知所措
photoelectric	.fәutәui'lektrik	a. 光电的，灯光摄影装置的[电] 光电的
anode	'ænәud	n. 阳极[化] 阳极; 正极
workpiece	'wә:kpi:s	n. 工件
plutocrat	'plu:tәkræt	n. 富豪，财阀
touchable	'tʌtʃәbl	a. 可触的，可使感动的
situated	'sitjueitid	a. 位于……的，坐落在……的，处于某种境地的[法] 坐落……的，位于……的，处于某种境地的
cigaret	,si^ә'ret,'si-	n. 纸烟，卷烟，香烟
ampere	'æmpєә	n. 安培[化] 安培
oceania	.әuʃi'æniә	n. 大洋洲
predestine	pri:'destin	vt. 预定，注定
accessary	әk'sesәri	a. 附属的，附带的，从犯的n. 附件，同谋，从犯
attent	ә'tent	[古]注意的，留意的
by-product	'baiprɔdʌkt	n. 副产品，额外收获，意外收获[计] 副产品
congest	kәn'dʒest	vt. 使充满，使拥塞，使充血vi. 充塞，充血，拥挤
dissatisfy	dis'sætisfai	vt. 使感觉不满，不满足
equipe	e'kɪp	n. <法>运动队（或比赛队）及其装备
father-in-law	'fɑ:ðәrinlɔ:	n. 公公，岳父
first-rate		a. 第一流的，最上等的，非常好的adv. 非常好地，一流地
grants		[经] 补助金，拨款，津贴
hypotheses		pl. 假说，前提，假设，假定
i.e.	'ai'i:	adv. 也就是
mechanics	mi'kæniks	n. 机械学，结构，力学[化] 力学
outskirt	'autskә:t	n. 边缘，郊外，外围
protend	prәu'tend	v. （使）伸出，（使）伸展
reflexion	ri'flekʃәn	[医] 反射[作用], 反折
second-hand	'sekәnd'hænd	a. 用过的，旧货的，旧的，间接的，传来的，第二手的[机] 半新的，旧货
seminate	'semineit	vt.播种于，传播，散布
sitting-room		n. 起居室
so-called		a. 所谓的，号称的[法] 所谓的，据称的
tactics	'tæktiks	n. 用兵学，战术，兵法[经] 战术，策略
up-to-date	'ʌptә'deit	a. 直到现在的，最近的，现代化的[化] 最新的
upside-down	'ʌpsaid'daun	a. 颠倒的，乱七八糟的
vitamine	'vitәmin, -mi:n; 'vai-	n. 维生素，维他命
well-known		a. 众所周知的，有名的
world-wide		a. 遍及全世界的
