# ECDICT bc015ed2e24a7abef49fc6dbbb7fe32c1dadaf8b | sha256 1a6947e04785db63613a92e14903cdae7954f7e84860b10e68e5c7cbb3f9c3cf | pack toefl | entries 4799
genre	'ʒɒŋrә	n. 类型，流派
depart	di'pɑ:t	vi. 离开，出发，背离，违反，去世
irrelevant	i'relәvәnt	a. 不恰当的，无关系的，不相干的[法] 无关的，不相干的，离题的
distract	dis'trækt	vt. 转移，分心，使发狂
crude	kru:d	a. 天然的，未成熟的，粗糙的，粗鲁的n. 天然的物质
chunk	tʃʌŋk	n. 大块，矮胖的人（或物）[经] 定样
summon	'sʌmәn	vt. 召唤，召集，号召，振奋，唤起，鼓起[经] 传唤，传讯
manufacture	.mænju'fæktʃә	n. 产品，制造vt. 制造，假造vi. 制造
jungle	'dʒʌŋgl	n. 丛林，杂乱的一堆，弱肉强食的地方
outlet	'autlet	n. 出口，发泄方法，市场[医] 出口
breathing	'bri:ðiŋ	n. 呼吸，瞬间，微风a. 呼吸的，逼真的
migration	mai'greiʃәn	n. 移民，移往，移动[计] 迁移
invade	in'veid	vt. 侵入，拥入，侵略，侵袭[法] 强入，侵犯，侵略
retailer	'ri:teilә	n. 零售商人，传播的人[经] 零售商
passive	'pæsiv	a. 消极的，被动的，冷漠的，顺从的，无源的[医] 被动的
hurricane	'hә:rikәn	n. 飓风，暴风，暴风雨
interference	.intә'fiәrәns	n. 冲突，干涉[计] 干扰
curiosity	.kjuәri'ɒsiti	n. 好奇心，新奇的事物，珍品
skip	skip	n. 跳跃，跳读vi. 跳越，跳读，跳绳，遗漏，跳级vt. 跳过，遗漏[计] 跳过
aggression	ә'greʃәn	n. 侵犯，侵略[医] 攻击
journalism	'dʒә:nәlizm	n. 新闻业，报章杂志[法] 报刊，新闻业，新闻出版
revive	ri'vaiv	vt. 使苏醒，使复兴，使振奋，回想起，重播vi. 苏醒，复活，复兴，恢复精神
ecosystem	'i:kәu.sistәm	n. 生态系统[医] 生态系
reassure	.ri:ә'ʃuә	vt. 使……安心，向……再保证[法] 重新保证，再保险，使清除疑虑
likewise	'laikwaiz	adv. 同样地，也
transmit	træns'mit	vt. 传输，传染，传达，遗传，发射，传播vi. 发射信号，留传下来[计] 传送
stall	stɒ:l	n. 厩，停车处，牧师职位，货摊，托辞，拖延vt. 关入厩，停顿，推托，支吾，使陷于泥中vi. 被关在厩内，陷于泥中，停止，支吾
plunge	plʌndʒ	n. 钻进，跳进，跳水，跳水池，猛跌，落下，投入，开始从事，盲目投资vi. 投入，投身于，跳进，陷入，下降vt. 使投入，使插入，使陷入，使遭受
boast	bәust	n. 吹牛vi. 吹牛，自夸vt. 夸口说，自恃有
excess	ik'ses	n. 过度，剩于，超过，超额a. 过量的，额外的
unfold	.ʌn'fәuld	vt. 展开，打开，披露，开展，挑明vi. 伸展，开花，呈现
validity	vә'liditi	n. 有效性，正确性[计] 有效性
activate	'æktiveit	vt. 使活动，使激活，正式建成vi. 有活力
suppress	sә'pres	vt. 镇压，使止住，禁止，抑制，查禁[法] 镇压，平定，禁止出版
immense	i'mens	a. 极广大的，无边的，非常好的
weed	wi:d	n. 杂草，野草vi. 除草vt. 除……的草，剔除
arouse	ә'rauz	vt. 唤醒，鼓励，引起vi. 醒来
substitute	'sʌbstitju:t	n. 代理，代理人，代用品，代替者，代替物vt. 代替vi. 替代，取代，代用a. 代替的，代用的，代用品的[计] 置换; 替代
supposedly	sә'pәuzidli	adv. 想象上，看上去像，被认为是，恐怕，按照推测
clarify	'klærifai	vi. 澄清，阐明vt. 使明晰
streak	stri:k	n. 条理，斑纹，倾向vt. 加条纹vi. 变成条纹，飞跑
specialty	'speʃәlti	n. 专业，专长，特产，特制品，特性，特点a. 专门的，独立的
decoration	.dekә'reiʃәn	n. 装饰，装饰品
glimpse	glimps	n. 一瞥，一闪vi. 投以一瞥，闪烁不定vt. 瞥见
sneak	sni:k	vi. 鬼鬼祟祟做事vt. 偷偷地做n. 鬼鬼祟祟的人，偷偷摸摸的行为，帆布胶底运动鞋a. 暗中进行的
entail	in'teil	vt. 使成为必需，需要，使承担，遗传给n. 限定继承
artifact	'ɑ:tifækt	n. 人工制品[医] 人为现象，人工产物
mentor	'mentɔ:	n. 指导者，良师益友
strand	strænd	n. （绳索的）股，绳，串，海滨，河岸vi. 搁浅vt. 使搁浅，使落后，使陷于困境，弄断，搓
occurrence	ә'kʌrәns	n. 发生，事件，出现[医] 发生
layout	'leiaut	n. 布局，陈列，规划图，页面布局，版面编排[计] 页面布局，版面
compile	kәm'pail	vt. 编译，编辑，编纂，收集[计] 编译
thereafter	.ðєәr'æftә	adv. 其后，从那时以后
dreadful	'dredful	a. 可怕的
bang	bæŋ	n. 重击，突然巨响，刘海v. 发巨响，重击adv. 砰然地，突然巨响地，直接地[计] 撞击符
debris	'deibri:	n. 碎片，残骸[医] 碎屑
beneficial	.beni'fiʃәl	a. 有益的，受益的[经] 有使用权的，可享利益的
cure	kjuә	n. 治疗，治愈，治疗法vt. 治疗，治愈，改正，腌制，加工处理，使硫化vi. 受治疗，被加工处理，被硫化
revision	ri'viʒәn	n. 校订，修正，修订本，修订版[计] 修订版
thrust	θrʌst	n. 插，戳，刺，猛推，口头攻击，推力vt. 插入，猛推，刺，戳，强加，延伸vi. 插，刺，戳，延伸，（用力）推
hunger	'hʌŋgә	n. 饥饿，渴望，饥荒vt. 使挨饿vi. 挨饿，渴望
amend	ә'mend	vt. 修改，改善，改良vi. 改过自新
comparative	kәm'pærәtiv	a. 比较的，相对的n. 对手
ferry	'feri	n. 渡船，渡口[法] 摆渡营业权，轮渡
fame	feim	n. 名望，名声，传说
graph	græf	n. 曲线图，图表，图形[计] 图形
dwelling	'dweliŋ	n. 住处[医] 住房
toll	tәul	n. 通行费，代价，钟声vt. 征收，敲钟，鸣钟，勾引，引诱vi. 征税，鸣钟
continuity	.kɒnti'nju:iti	n. 连续性[化] 连续性
rim	rim	n. 边，轮缘，框vt. 镶边，为……装边vi. 形成边缘
quota	'kwәutә	n. 配额，限额[化] 定额
heir	єә	n. 继承人，嗣子，后嗣[法] 继承人，后嗣
blink	bliŋk	vi. 眨眼，闪亮vt. 眨眼，使闪亮n. 眨眼，瞬间，闪光，闪烁[计] 闪烁
eligible	'elidʒәbl	a. 有资格当选的，合格的n. 有资格者，合格者，适任者
diameter	dai'æmitә	n. 直径[医] 直经，径
refuge	'refju:dʒ	n. 避难所，安全地带，避难，庇护vi. 躲避vt. 给予……庇护
chill	tʃil	n. 寒冷，寒意，失意a. 寒冷的，冷漠的vt. 使寒心，冷冻vi. 变冷
faction	'fækʃәn	n. 小派系，内讧[法] 宗派，派别，小集团
steer	stiә	vt. 引导，驾驶，航行，控制vi. 驾驶，掌舵，行驶n. 驾驶指示，劝告
intact	in'tækt	a. 尚未被人碰过的，原封不动的，完整的[医] 完整的，无伤的
thrive	θraiv	vi. 繁荣，兴旺，茁壮成长[经] 兴旺，繁荣，旺盛
elaborate	i'læbәreit	a. 精细的，详尽的，精心计划（或制作）的vt. 详细地说明，用心地制作，发挥vi. 变复杂，作详细说明
corresponding	.kɒri'spɒndiŋ	a. 相当的，一致的，通信的[计] 对应
commentator	'kɔmenteitә	n. 评论员，实况广播员，注释者，时事评论员
steak	steik	n. 牛排，鱼排，肉排
fossil	'fɒsәl	n. 化石，古物a. 化石的，陈腐的，守旧的
scratch	skrætʃ	n. 抓痕，搔，抓，擦伤，刮擦声，乱写，零分，起跑线vt. 搔，抓，挖出，擦，刮，乱涂，勾抹掉vi. 搔，抓，发刮擦声，勉强糊口a. 碰巧的，凑合的，打草稿用的[计] 擦除
librarian	lai'brєәriәn	n. 图书馆员，图书管理员[计] 程序库管理程序; 程序库生成程序
feminist	'feminist	n. 男女平等主义者
clergy	'klә:dʒi	n. 牧师，僧侣，神职人员
dioxide	dai'ɒksaid	n. 二氧化物[医] 二氧化物
butt	bʌt	n. 粗大的一头，烟头，靶，笑柄[医] 对核
dumb	dʌm	a. 哑的，不说话的，无声音的[医] 哑的
worthy	'wә:ði	n. 杰出人物a. 有价值的，可敬的，值得的
doubtful	'dautful	a. 可疑的，疑心的，不明确的[法] 怀疑的，有疑问的，未确的
dictate	'dikteit	vi. 听写，口述，口授vt. 口述，使听写，命令n. 命令，指挥，指令
patron	'peitrәn	n. 赞助人，顾客，保护人[法] 保护人，庇护人，赞助人
municipal	mju:'nisipl	a. 市政的，自治区的，内政的[经] 市政的，市的
useless	'ju:slis	a. 无用的，无效的，无益的[机] 无用，无价值，无效
harmony	'hɑ:mәni	n. 协调，和睦，调和[电] 和声学
forbid	fә'bid	vt. 禁止，不准，妨碍[法] 不许，禁止，阻止
tolerance	'tɒlәrәns	n. 宽容，忍受，容忍，容许量，公差[计] 允许误差
blessing	'blesiŋ	n. 祝福
supervise	'sju:pәvaiz	v. 监督，管理，指导
misery	'mizәri	n. 痛苦，悲惨，不幸，穷困
fringe	frindʒ	n. 边缘，端，流苏，穗，初步vt. 加穗于，加饰边于a. 边缘的，附加的
fortunate	'fɒ:tʃәnit	a. 幸运的，幸福的
inclined	in'klaind	a. 倾向于……的，想要……的，可能的，趋向于……的
continually	kәn'tinjuәli	adv. 不断地，频繁地
merge	mә:dʒ	vt. 使合并，使消失，吞没vi. 合并，渐渐消失[计] 合并
calendar	'kælindә	n. 日历，日程表vt. 列入表中[计] 日历
beard	biәd	n. 胡须vt. 抓住胡须，公开反对
impulse	'impʌls	n. 冲动，驱使，刺激，推动，冲力，建议，脉冲vt. 推动
brutal	'bru:tәl	a. 残忍的，野蛮的，不讲理的
temporarily	'tempәrәrәli	adv. 暂时，一时，临时
predator	'predәtә	n. 食肉动物，掠夺者[医] 捕食者
fur	fә:	n. 毛皮vt. 以毛皮制作，使生苔，使生水垢vi. 生苔，积水垢
deliberate	di'libәrәt	a. 深思熟虑的，故意的，从容的v. 仔细考虑
persistent	pә'sistәnt	a. 固执的，坚持的，持续的，作用持久的[法] 坚持的，固执的，持续的
utterly	'ʌtәli	adv. 完全地，全然，绝对
slim	slim	a. 瘦的，苗条的，微小的，稀少的，微薄的vi. 变苗条vt. 使苗条
enact	i'nækt	vt. 制定法律，扮演，颁布[法] 法令，法规，条例
circular	'sә:kjulә	a. 圆形的，循环的，间接的[医] 环状的，循环的
thread	θred	n. 线，丝，纤维，线索vt. 穿线于，穿过，通过，用线穿成vi. 穿过[计] 线索，线程
landmark	'lændmɑ:k	n. 陆标，划时代的事，地界标[医] 界标
fitting	'fitiŋ	a. 适宜的n. 试穿，试衣，装配，装置
caution	'kɒ:ʃәn	n. 小心，慎重，警示vt. 警告[计] 警告
threshold	'θreʃәuld	n. 门槛，入口，开端，阈[计] 阈; 阈值
distinguished	dis'tiŋgwiʃt	a. 卓著的，著名的
sunshine	'sʌnʃain	n. 阳光，光明，晴天
routinely		adv. 日常，乏味，常规，例行
chat	tʃæt	n. 闲谈vi. 闲谈，聊天
terribly	'terәbli	adv. 可怕地，甚为，非常
shaft	ʃæft	n. 轴，箭杆，矛，矿井vt. 装杆于，利用
fragile	'frædʒail	a. 易碎的，脆的[医] 脆弱的，脆的
exhaust	ig'zɒ:st	n. 排气，排气装置，废气vt. 抽完，用尽，耗尽，使精疲力尽vi. 排气
furious	'fjuәriәs	a. 狂怒的，激烈的，吵闹的
prescribe	pris'kraib	v. 规定，指定，嘱咐，开处方
blast	blæst	n. 一阵风，爆炸，枯萎病vt. 炸，使枯萎vi. 炸，猛攻，猛烈抨击，枯萎
prevail	pri'veil	vi. 获胜，流行，盛行[医] 流行，盛行
varied	'vєәrid	a. 不同的，杂色的，各式各样的[法] 不同的，种种的，变化的
rental	'rentl	n. 租费，租金收入a. 租赁的，收取租金的
fantastic	fæn'tæstik	a. 奇妙的，稀奇的，空想的
screw	skru:	n. 螺旋，螺杆，螺钉，螺旋桨，吝啬鬼vt. 调节，扭紧，旋，拧，加强，压榨，勒索vi. 转动，旋，拧
undergraduate	.ʌndә'grædjuit	n. 大学本科生，大学肄业生a. 大学生的
contempt	kәn'tempt	n. 轻视，轻蔑[法] 藐视，侮辱，轻视
relaxation	.ri:læk'seiʃәn	n. 松弛，放松，减轻，缓和，休息，休养[化] 松弛; 驰豫
projection	prә'dʒekʃәn	n. 发射，计划，突出部分，设计，推测[计] 投影
brochure	'brәuʃә	n. 小册子，小册
drill	dril	n. 钻孔机，钻子，播种机，粗斜纹布v. 训练，钻孔
contrary	'kɒntrәri	a. 相反的，矛盾的，对立的n. 相反，对立面adv. 相反地
mansion	'mænʃәn	n. 大厦，宅邸
aspiration	.æspә'reiʃәn	n. 热望，志向，渴望[医] 吸入; 吸[引], 吸引术
prospective	prәs'pektiv	a. 预期的，将来的[经] 预期的，未来的
inheritance	in'heritәns	n. 遗传，遗产[医] 遗传
authorize	'ɒ:θәraiz	vt. 授权，批准，委托[经] 授权，委任，认可
canyon	'kænjәn	n. 峡谷，海底悬崖
temper	'tempә	n. （钢等的）硬度，脾气，心情，中和剂，倾向，回火vt. 使回火，锻炼，调和，使缓和vi. 回火
confer	kәn'fә:	vt. 授予，带来vi. 协商
arch	ɑ:tʃ	n. 拱门，拱形，足弓vt. 使成弓形vi. 拱起，成弓形a. 主要的，调皮的，傲慢无礼的，狡猾的
balloon	bә'lu:n	n. 气球vt. 使成气球状vi. 膨胀如气球，激增
misleading	mis'li:diŋ	a. 引入歧途的，使人误解的，骗人的[法] 误写姓名的，误称的，令人误解的
radar	'reidә	n. 雷达，无线电探测器[计] 雷达图
retreat	ri'tri:t	n. 休息寓所，撤退，隐居，退避vi. 撤退，隐退，向后倾vt. 退（棋）
inappropriate	.inә'prәupriәt	a. 不适当的，不相称的
favorable	'feivәrәbl	a. 有利的，赞许的，良好的
insufficient	.insә'fiʃәnt	a. 不够的，不能胜任的，不充足的[法] 不足的，不充分的，不能胜任的
conform	kәn'fɒ:m	vt. 使一致，使遵守，使符合vi. 一致，符合，适应
rehabilitation	'ri:(h)ә,bili'teiʃәn	n. 复原[医] 复原，恢复，康复
philosopher	fi'lɒsәfә	n. 哲学家，哲人，思想开创人，达观的人[法] 哲学家，哲学研究者
reproduction	.ri:prә'dʌkʃәn	n. 再现，复制，生殖，繁殖，复制品[医] 生殖，复现（心理）
overwhelm	.әuvә'hwelm	vt. 淹没，受打击，制服，压倒，使不知所措[法] 打翻，倾覆，覆盖
spark	spɑ:k	n. 火花，火星，闪光，无线电报务员，瞬间放电，活力，朝气，花花公子，情郎vi. 闪光，发火花，求婚vt. 发动，鼓舞，使有朝气，求婚
fatigue	fә'ti:g	n. 疲乏，疲劳vt. 使疲劳，使心智衰弱vi. 疲劳a. 疲劳的
quarry	'kwɒri	n. 采石场，方形石，猎物，被追求物，来源vt. 挖出，努力挖掘vi. 费力地找
speculate	'spekjuleit	vi. 深思，推测，投机[经] 投机
gospel	'gɒspәl	n. 福音，信仰，真理
preach	pri:tʃ	v. 传道，讲道，说教，宣讲，鼓吹n. 说教，布道
surplus	'sә:plәs	n. 剩余，过剩，盈余a. 过剩的，剩余的
confession	kәn'feʃәn	n. 承认，坦白，招供[法] 自白，招供，自认有罪
cylinder	'silindә	n. 圆筒，圆筒状物，汽缸，柱面[计] 柱面
garment	'gɑ:mәnt	n. 衣服，衣装，外表
textile	'tekstail	n. 纺织品，纺织业a. 织的，纺织的
devastating	'devәsteitiŋ	a. 毁灭性的，（非正式）很好的，引人注目的
ribbon	'ribәn	n. 缎带，色带，带状物vt. 用丝带装饰，把……撕成条状vi. 形成带状[计] 带状条，格式栏
harvest	'hɑ:vist	n. 收获，成果，收获物，收获期v. 收割，收获
negligence	'neglidʒәns	n. 疏忽，粗心大意，忽视[经] 疏忽，过失
consecutive	kәn'sekjutiv	a. 连续的，联贯的[计] 连续的; 连接的
lace	leis	n. 饰带，花边，缎带，鞋带vt. 结带子，饰以花边vi. 系带子[计] 全穿孔
coordinate	kәu'ɒ:dineit	n. 同等的人（或物）, 坐标a. 同等的，并列的v. （使）协调
nutrient	'nju:triәnt	a. 营养的，滋养的n. 营养物，滋养物
inherent	in'hiәrәnt	a. 固有的，与生俱来的[医] 固有的，生来的
citizenship	'sitizәnʃip	n. 国籍，市民权，市民的身份[法] 公民权，公民资格，公民身分
sovereignty	'sɒvrәnti	n. 主权，独立国[法] 主权，主权国家，统治权
exploitation	.eksplɒi'teiʃәn	n. 开发，开采，剥削[经] 开发，剥削，宜传
dependence	di'pendәns	n. 依赖，依存，信赖[医] 依赖（如对药物的依赖，即瘾或癖）, 从属，偏利共生
clutch	klʌtʃ	n. 抓紧，掌握，离合器，一窝小鸡vt. 抓住，踩汽车离合器踏板vi. 抓[计] 联轴器; 离合器
frustrate	'frʌstreit	vt. 挫败，击败，破坏a. 无益的，挫败的，挫折的
transit	'trænsit	n. 经过，通行，运输，运输线，转变vt. 运送，使通过，经过vi. 通过
configuration	kәn.figju'reiʃәn	n. 结构，表面配置，外形，配置[计] 配置
dense	dens	a. 密集的，浓厚的
intermediate	.intә'mi:diәt	n. 中间物，调停者，中级a. 中间的，中级的vi. 起媒介作用[计] 中级
articulate	ɑ:'tikjulit	a. 发音清晰的，口才好的vt. 明白地说，以关节连接，使成为系统的整体
swell	swel	n. 增大，隆起的部分，巨浪，肿胀a. 优秀的，一流的vi. 增大，膨胀，肿胀，增强，骄傲vt. 使膨胀，使增大，使上涨，使骄傲
accusation	ækju:'zeiʃәn	n. 控告，指控，指责[法] 控告，起诉，告发
cue	kju:	n. 提示，线索vt. 给……暗示（或提示）[计] 尾接指令
biography	bai'ɒgrәfi	n. 传记
linear	'liniә	a. 线的，直线的，线状的[计] 线性
exemption	ig'zempʃәn	n. 解除，免除，免税[化] 免检
membrane	'membrein	n. 薄膜，膜，羊皮纸[化] 膜; 隔膜
erosion	i'rәuʒәn	n. 腐蚀，冲蚀，侵蚀[化] 磨耗; 侵蚀
balanced	'bælәnst	a. 公平的，平衡的[计] 平衡的，对称的，均衡的
motif	mәu'ti:f	n. 主题，基调，动机，基本图案[法] 主旨，主题，动机
utterance	'ʌtәrәns	n. 发声，言辞，表达，说话的方式，死[医] 发言，言语，语调
convenience	kә'vi:njәns	n. 方便，便利的事物，方便的时候
weave	wi:v	n. 编法，织法，编织式样vt. 编织，组合，编排，使迂回前进vi. 纺织，迂回行进
promoter	prә'mәutә	n. 促进者，助长者[化] 助催化剂
probe	prәub	n. 探索，调查，探针，探测器v. 用探针探测，调查，探索
ozone	'әuzәun	n. 新鲜的空气，臭氧，使人愉快的影响[化] 臭氧
bulb	bʌlb	n. 球茎，电灯泡[医] 球，鳞茎，球茎
molecular	mә'lekjulә	a. 分子的，由分子组成的[医] 分子的
cargo	'kɑ:gәu	n. 货物[经] 货柜
narrator		n. 讲述者，叙述者[法] 陈述者，叙述者
calcium	'kælsiәm	n. 钙[化] 钙Ca
fog	fɒg	n. 雾，迷惑，（割后的）最生草，苔藓vi. 被雾笼罩，变模糊vt. 使困惑，以雾笼罩
epidemic	.epi'demik	n. 传染病，流行病a. 流行的，传染性的
trim	trim	n. 整齐，情形，修剪a. 整齐的vt. 使整齐，整理，修剪vi. 调整，见风使舵[计] 库存管理检查规则程序
presume	pri'zu:m	vt. 假定，推测，擅自，意味着vi. 擅自行动，相信
butterfly	'bʌtәflai	n. 蝴蝶[医] 蝶式棉块，翼形皮癣，纸蝶
divert	dai'vә:t	vt. 转移，使欢娱vi. 转移
accelerate	әk'selәreit	v. 加速，促进
convincing	kәn'vinsiŋ	a. 使人信服的，有力的，令人心悦诚服的
nationwide	'neiʃәnwaid	a. 全国性的[法] 全国的，全国范围的
vacuum	''vækjuәm	n. 真空，空间，真空吸尘器a. 真空的，产生真空的，利用真空的vt. 用吸尘器打扫
creek	kri:k	n. 小溪，小河，小湾
renew	ri'nju:	vt. 使更新，使恢复，复兴，修补，补充，继续，重订，重申，续借vi. 更新，重新开始
crossing	'krɒsiŋ	n. 横越，横渡，交叉点，渡口[经] 划线
stereotype	'stiәriәtaip	n. 铅版，陈规，老套vt. 使用铅版，把……印制成盲文，套用老套，使一成不变
laundry	'lɒ:ndri	n. 洗衣店，洗好的衣服，洗涤[机] 洗衣作，洗衣店，洗衣房
revise	ri'vaiz	n. 校订，修正，改样vt. 校订，修正，校正
apology	ә'pɒlәdʒi	n. 道歉，辩护[法] 道歉，谢罪，辩解者
sketch	sketʃ	n. 素描，草图，小品v. 描绘略图，画素描或速写
bore	bɒ:	n. 令人讨厌的人，激浪，枪膛，孔vt. 使烦扰，钻孔vi. 钻孔bear的过去式[计] 内径; 孔径
relieved	ri'li:vd	a. 宽慰的，解除的，减轻的
sickness	'siknis	n. 疾病，不健康，呕吐[医] 病
retrieve	ri'tri:v	vt. 取回，挽回，弥补，恢复，补偿，回忆，检索vi. 找回猎物n. 取回，恢复，救险球[计] 检索
hammer	'hæmә	n. 锤，铁锤，钉锤vt. 锤打，敲打，钉vi. 连续锤打[计] 锤头
bizarre	bi'zɑ:	a. 奇异的
nominate	'nɒmineit	vt. 提名，任命，命名[法] 提名……为候选人，指定，推荐
skeptical	'skeptikәl	a. 怀疑论的，怀疑的，不可知论的[法] 怀疑的，不信的，怀疑论者的
scrutiny	'skru:tini	n. 细看，仔细检查，监视，选票检查[经] 复查，评核，仔细检查
alert	ә'lә:t	a. 警觉的，灵敏的，留心的n. 警报vt. 使警觉，通知，使意识到
redundant	ri'dʌndәnt	a. 多余的，过多的，冗长的[医] 过多的，多余的
confirmation	.kɒnfә'meiʃәn	n. 证实，证明，批准，确认[计] 确认
betray	bi'trei	vt. 出卖，背叛，辜负，暴露[法] 出卖，背叛，泄漏
telegraph	'teligrɑ:f	n. 电报，电报机vi. 打电报vt. 打电报给，电汇，流露，显示出要……的样子
consistency	kәn'sistәnsi	n. 坚硬性，黏稠度，一致性[化] 稠度; 一致性
foolish	'fu:liʃ	a. 愚蠢的，傻的
interactive	,intәr'æktiv	a. 相互作用的，相互影响的[计] 交互，人机对话的
static	'stætik	n. 静电，静电干扰a. 静态的，静止的，固有的，静电的
complication	.kɒmpli'keiʃәn	n. 复杂化，复杂情况[医] 并发症，并发病
critique	kri'ti:k	n. 评论文章，评论
aboard	ә'bɒ:d	adv. 在船上，在火车上，在飞机上prep. 在……之上
delicious	di'liʃәs	a. 美味的
lengthy	'leŋθi	a. 冗长的，漫长的
fashionable	'fæʃәnәbl	a. 时髦的，上流社会的，流行的
compassion	kәm'pæʃәn	n. 同情，怜悯
devoted	di'vәutid	a. 投入的，深爱的
worm	wә:m	n. 虫，蠕虫，小人物，螺纹，蜗杆vi. 蠕行，慢慢前进vt. 使蠕行，慢慢地走，除虫[计] 蠕虫病毒
competent	'kɒmpitәnt	a. 能干的，胜任的，有效的，足够的[经] 有权的，授权的，胜任的
accumulate	ә'kju:mjuleit	v. 积聚，堆积
legendary	'ledʒәndәri	a. 传说的，传奇中说的，传奇般的，传说中的，著名的
authentic	ɒ:'θentik	a. 可靠的，可信的，真正的[法] 被认证的，确认的，可信的
faithful	'feiθful	a. 忠实的，详确的，可靠的n. 信徒
wit	wit	n. 机智，智力，头脑，理智，妙语，机智的人
spectacle	'spektәkl	n. 引人羡慕的东西，景象，眼镜，场面，公开展示
haunt	hɒ:nt	n. 常到的地方，生息地vt. 常到，出没于，萦绕于vi. 出没，作祟
respective	ri'spektiv	a. 分别的，各自的
miserable	'mizәrәbl	a. 悲惨的；痛苦的；卑鄙的
dual	'dju:әl	a. 双重的，双的n. 双数
evoke	i'vәuk	vt. 唤起，引起，召（魂）[法] 提审，移送
comparatively	kәm'pærәtivli	adv. 比较地，相对地
surrender	sә'rendә	vt. 交出，放弃，使投降，让与vi. 投降，自首n. 交出，放弃，投降
unconscious	.ʌn'kɒnʃәs	a. 未意识到的，无意识的，无知觉的[医] 人事不省的，神志丧失的; 无意识的
scar	skɑ:	n. 疤痕，伤痕，悬崖vi. 结疤，愈合，痊愈vt. 使有伤痕
variance	'vєәriәns	n. 不一致，变化，变异，分歧，不和[化] 方差; 变种
multiply	'mʌltiplai	v. 繁殖，乘，增加[计] 乘
surge	sә:dʒ	n. 巨涌，汹涌，澎湃vi. 汹涌，澎湃，颠簸，猛冲，突然放松vt. 使汹涌奔腾，急放[计] 电压尖峰
amateur	'æmәtә	n. 业余爱好者，外行，爱好者[电] 业余家
commentary	'kɒmәntәri	n. 注释，评论，说明[法] 注释，评注，评论
appraisal	ә'preizәl	n. 评价，估价[经] 评价，评估
penetrate	'penitreit	vt. 穿透，刺穿，渗透，看穿，洞察，了解，使充溢vi. 刺入，看穿，渗透，打进
spectator	spek'teitә	n. 观众，目击者，旁观者
outlook	'autluk	n. 观点，景色，前途，了望[经] 展望
hover	'hʌvә	vi. 盘旋，翱翔，徘徊vt. 孵n. 翱翔
attain	ә'tein	vt. 达到，获得vi. 达到
stunning	'stʌniŋ	a. 打昏迷的，弄得人昏头昏脑的，令人震惊的
cowboy	'kaubɒi	n. 牛仔，牛郎，牧童
viable	'vaiәbl	a. 能养活的，能生长发育的[医] 有活力的，有生机的
precision	pri'siʒәn	n. 精密，精确，精确度，精度a. 精密的，精确的[计] 精度
countless	'kauntlis	a. 数不尽的，无数的
exert	ig'zә:t	vt. 发挥，运用，施以影响[法] 施加，产生，行使
outbreak	'autbreik	n. 爆发，暴动[医] 暴发
strive	straiv	vi. 努力，奋斗，斗争
warfare	'wɒ:fєә	n. 战争，战斗，交战，斗争，竞争[法] 战事，作战，交战
spur	spә:	n. 马刺，刺激物，鼓舞vt. 刺激，激励，用马刺策（马）前进vi. 用马刺驱马，疾驰
tilt	tilt	n. 倾斜，倾向，船篷，车篷vt. 使倾斜，使倾侧，用帆布篷遮盖vi. 倾斜，翘起，冲，评击[计] 倾斜
biologist	bai'ɒlәdʒist	n. 生物学家[医] 生物学家
antibiotic	.æntibai'ɒtik	n. 抗生素a. 抗生的
prosperity	prɒs'periti	n. 繁荣，茂盛，成功[经] 繁荣
inland	'inlәnd	a. 内陆的，国内的n. 内地
exile	'eksail	n. 放逐，流放，被放逐者vt. 放逐，流放，使背井离乡
weep	wi:p	n. 哭，哭泣vi. 哭泣，流泪，哀悼，滴落vt. 哭着使……, 悲叹，滴下
implicit	im'plisit	a. 暗示的，含蓄的，固有的，绝对的[经] 不讲明的，含蓄的
architectural	.ɑ:ki'tektʃәrәl	a. 有关建筑的，建筑学的
prosecute	'prɒsikju:t	vt. 告发，起诉，彻底进行，执行，从事vi. 告发，起诉，作检察官
embody	im'bɒdi	vt. 具体表达，使具体化[经] 合并，具体化，具体表现
precedent	'presidәnt	n. 先例，前例a. 在先的，在前的
integral	'intigrәl	n. 整体，积分，整数a. 固有的，整体的，整数的，积分的[计] 积分
horizontal	.hɒri'zɒntәl	n. 水平线，水平面，水平位置a. 水平线的，平坦的，横的n. 水平[计] 水平
fake	feik	n. 假货，欺骗，诡计a. 假的vt. 假造，仿造vi. 伪装
crab	kræb	n. 螃蟹，偏航，脾气乖戾的人，沙果vi. 捕蟹，偏航，发牢骚vt. 使偏航，抱怨，破坏
hydrogen	'haidrәdʒәn	n. 氢[化] 氢H-2
vinegar	'vinigә	n. 醋，尖酸刻薄vt. 加醋于
inhibit	in'hibit	vt. 禁止，抑制vi. 起抑制作用
inability	.inә'biliti	n. 无能，无力
mandatory	'mændәtәri	a. 命令的，托管的[经] 受托者，命令者
adverse	'ædvә:s	a. 不利的，敌对的，相反的，逆的[法] 相反的，敌对的，逆的
dive	daiv	n. 潜水，跳水vi. 跳水，俯冲，猛冲vt. 把……突然伸入
valve	vælv	n. 活瓣，阀，活门v. 装阀，用阀调节
shiny	'ʃaini	a. 有光泽的，发光的，辉煌的，磨光的，磨损的
memo	'memәu	n. 备忘录[经] 备忘录
revival	ri'vaivl	n. 复兴，复活，恢复精神，苏醒[医] 复苏，回生，精神重振
stun	stʌn	vt. 使昏迷，使震惊，打昏n. 昏迷，猛击
reconstruction	.ri:kәn'strʌkʃәn	n. 改造，再建[医] 改建，改造，翻造
fury	'fjuri	n. 愤怒，狂暴，狂怒的人[医] 狂乱，狂暴，狂怒
differentiate	.difә'renʃieit	v. 区别，区分
compatible	kәm'pætәbl	a. 能共处的，可并立的，适合的[计] 相容的; 兼容的
corpse	kɒ:ps	n. 尸体[医] 尸体
pact	pækt	n. 契约，协定，条约[化] 合同
predominantly		adv. 主要地，显著地，大多数地，突出地
documentation	.dɒkjumen'teiʃәn	n. （总称）文件[计] 文件编制，文档
healing	'hi:liŋ	a. 治愈的，恢复健康的[计] 修复，恢复
abolition	.æbәu'liʃәn	n. 废除，废奴运动[医] 禁止，消失
literacy	'litәrәsi	n. 读写能力，识字，精通文学
destiny	'destini	n. 命运，定数
solo	'sәulәu	n. 独奏，独唱，单独表演a. 单独的，独奏的，独唱的vi. 放单飞
leak	li:k	n. 漏洞，漏处，漏出，泄漏vi. 漏，泄漏vt. 使渗漏
fusion	'fju:ʒәn	n. 熔合物，结合，熔合[化] 熔融; 熔化; 聚变
trillion	'triljәn	n. 大量[经] 兆
corps	kɒ:	n. 军，队，部队，兵种[医] 对，团; 体，物体
emergence	i'mә:dʒәns	n. 出现，浮现，发生
homicide	'hɒmisaid	n. 杀人，杀人者[医] 杀人，杀人者
herd	hә:d	n. 兽群，人群，牧人vt. 群集，使成群，放牧vi. 聚在一起
passionate	'pæʃәnit	a. 热情的，热烈的，易怒的，热恋的
specified		a. 规定的；详细说明的
tariff	'tærif	n. 关税，关税表，价格表，收费表vt. 课以关税[计] 价目表
census	'sensәs	n. 户口普查vt. 实施统计调查
stride	straid	n. 大步，步幅，步态，进步v. 迈大步走，跨过，跨
migrant	'maigrәnt	n. 候鸟，移居者[法] 移居者
synthesis	'sinθisis	n. 综合，组织，综合体[化] 合成
adaptation	.ædæp'teiʃәn	n. 适应，改编，改编本[医] 适应[作用]
gasp	gæsp	n. 喘气vi. 喘气，喘息，渴望vt. 气喘吁吁地说
imagery	'imidʒәri	n. 肖像，比喻，雕刻[化] 成像
pledge	pledʒ	n. 诺言，保证，誓言，抵押，信物，保人，祝愿vt. 许诺，保证，使发誓，抵押，典当，举杯祝……健康
infect	in'fekt	vt. 传染，感染[医] 传染，感染
locomotive	.lәukә'mәutiv	n. 火车头，机车a. 运转的，火车头的，移动的
backward	'bækwәd	adv. 向后地，相反地a. 向后的，相反的[计] 倒推
yarn	jɑ:n	n. 纱，纱线，故事[化] 纱
appetite	'æpitait	n. 食欲，欲望，爱好[医] 食欲
debtor	'detә	n. 债务人，借主，借方[法] 负债者，债务人，借方
mosaic	mәu'zeiik	n. 马赛克，镶嵌细工，镶嵌工艺a. 马赛克的，镶嵌细工的，拼花的vt. 用镶嵌细工装饰[计] Mosaic浏览程序
mammal	mæmәl	n. 哺乳动物[化] 哺乳动物
spatial	'speiʃәl	a. 空间的，受空间条件限制的，占地位的[医] 隙的，间隙的，腔的; 空间的，立体的
comet	'kɒmit	n. 彗星
bleed	bli:d	vi. 流血，悲痛，渗出vt. 使出血，榨取
enzyme	'enzaim	n. 酶[化] 酶
choke	tʃәuk	vt. 窒息，阻塞，噎，抑制vi. 窒息，阻塞，噎n. 窒息，噎，阻气门
ensemble	ɒn'sɒŋblә	n. 全体，合唱曲，（女人的）全套服装[化] 总体; 整体; 系综
pesticide	'pestisaid	n. 杀虫剂[化] 农药
arsenal	'ɑ:snәl	n. 兵工厂，军械库[机] 兵工厂
preservation	.prezә'veiʃәn	n. 保存，保藏，保护[医] 保藏，保存，防腐
rotation	rәu'teiʃәn	n. 旋转，循环，轮流[计] 旋转
cautious	'kɒ:ʃәs	a. 谨慎的，小心的
affordable		[计] 普及型
luxury	'lʌkʃәri	n. 奢侈，豪华a. 奢侈的，豪华的
designate	'dezigneit	vt. 指定，指明，称呼a. 已选出而未上任的
noisy	'nɒizi	a. 嘈杂的，喧闹的[机] 噪声的，嘈杂的
cult	kʌlt	n. 膜拜，礼拜式，祭仪，一群信徒[医] 迷信，巫术
incidentally	.insi'dentәli	adv. 伴随地，偶然，顺便
cassette	kæ'set	n. 盒式磁带，珠宝箱，暗盒[计] 字盒
hatred	'heitrid	n. 憎恨，仇恨，憎恶[法] 敌意，憎恨，憎恶
furnish	'fә:niʃ	vt. 供给，提供，装设[化] 供应; 供给; 配料
confidential	.kɒnfi'denʃәl	a. 机密的，获他人信赖的，易于信任他人的[经] 秘密件
enlist	in'list	vt. 征募，参与，谋取vi. 从军，应募，赞助
thorough	'θʌrә	a. 十分的，彻底的
ignorance	'ignәrәns	n. 无知，愚味[法] 无知，不知情，愚昧
disastrous	di'zɑ:strәs	a. 损失惨重的，悲伤的
juvenile	'dʒu:vinail	n. 少年，少年读物a. 少年的，不成熟的，适于少年的
correlate	'kɒrәleit	n. 有相互关系的东西，相关物vt. 使有相互关系vi. 相关
lodge	lɒdʒ	n. 小屋，门房，支部，旅舍，分会vi. 临时住宿，倒伏，寄宿，投宿vt. 安顿，容纳，提出，把……射入，存放
humanitarian	hju:.mæni'tєәriәn	n. 人道主义者，博爱者，基督凡人论者a. 人道主义的，博爱的，凡人论的
chorus	'kɒ:rәs	n. 合唱队，齐声v. 齐声说道，合唱
roar	rɒ:	n. 吼，咆哮，轰鸣vi. 吼，大声说出，叫喊，喧闹vt. 呼喊，使轰鸣
glorious	'glɒ:riәs	a. 光荣的
comic	'kɒmik	n. 连环漫画，喜剧演员，滑稽的人a. 滑稽的，有趣的，喜剧的
fountain	'fauntin	n. 水源，源，喷泉，泉水，本源[医] 泉
underground	'ʌndәgraund	n. 地下，地铁，地道，秘密活动a. 地下的，秘密的adv. 在地下，秘密地
sour	'sauә	a. 酸的，酸臭的，发酵的，愠怒的，讨厌的，拙劣的，不健全的vi. 变酸，发酵，厌烦，变坏vt. 使变酸，使失望n. 酸味，酸饮料
endangered	in'deindʒәd	a. 有生命危险的；濒临灭绝的
reside	ri'zaid	vi. 住，居留，属于[法] 居住
query	'kwiәri	n. 疑问，疑问号，质问，查询v. 询问，质问[计] 查询
lure	luә	n. 饵，诱惑vt. 引诱，诱惑
coherent	kәu'hiәrәnt	a. 互相耦合的，清晰的，明了的，凝聚性的，连贯的
erupt	i'rʌpt	vi. 爆发vt. 喷出
terminate	'tә:mineit	a. 有结尾的，（可）结束的vi. 结束，终止，满期vt. 使停止，使结束，使终止[计] 终止
loom	lu:m	n. 织布机，若隐若现的景象vi. 朦胧地出现，隐约可见，可怕地出现
repetition	.repi'tiʃәn	n. 重复，背诵，循环，复制品，副本[机] 重复，反复
majesty	'mædʒәsti	n. 最高权威，威严，王权，雄伟，庄严
triangle	'traiæŋgl	n. 三角形，三个一组，三角关系[医] 三角，三角形
inflict	in'flikt	vt. 施以，加害，使承受[法] 处，加，予以
rap	ræp	n. 轻敲，拍击，责骂，无价值的东西vt. 轻敲，厉声说出，叱责，抢走，使着迷vi. 敲击，发敲击声，交谈，同情[计] 随机存取程序，资源分配处理器，常驻汇编程序
forge	fɒ:dʒ	n. 熔炉，铁工厂vt. 打制，锻造，伪造vi. 锻造，伪造
disrupt	dis'rʌpt	a. 分裂的，中断的vt. 使分裂，使瓦解
liaison	li:'eizɒn	n. 联络
specialized		a. 专门的，特别的，专科的，特化的，专化的[计] 专业化的
odor	'әudә	n. 气味，香味，名声，意味[医] 气味
postpone	pәust'pәun	vt. 延迟，使延期，缓办，搁延vi. 延缓，延缓发作
warrant	'wɒ:rәnt	n. 授权，正当理由，根据，证明，批准，凭证，令状，委任状vt. 授权给，保证，担保，批准，使有正当理由
dinosaur	'dainәsɒ:	n. 恐龙
excite	ik'sait	vt. 刺激，使兴奋，激励
quotation	kwәu'teiʃәn	n. 引用语，语录，牌价，报价[化] 报价
banner	'bænә	n. 旗帜a. 显著的，特别好的
flock	flɒk	n. 兽群，鸟群，一群人，大量，棉束vi. 成群而行，聚集vt. 用棉束填满
freshly	'freʃli	adv. 新，新近，精神饱满
grim	grim	a. 冷酷的，坚强的，残忍的，可怕的，讨厌的
bead	bi:d	n. 珠子，滴vt. 用珠装饰vi. 形成珠[计] 珠
drought	draut	n. 干旱，缺乏
arbitrary	'ɑ:bitrәri	a. 任意的，武断的，专治的，霸道的
uphold	ʌp'hәuld	vt. 支撑，赞成，鼓励，举起，坚持[法] 确认，赞成，支持
formidable	'fɒ:midәbl	a. 巨大的，优秀的，可怕的，艰难的
hazardous	'hæzәdәs	a. 危险的，冒险的，碰运气的[法] 危险的，冒险的，碰运气的
believer	bi'li:vә	n. 信徒
renewal	ri'nju:әl	n. 更新，革新，复兴，恢复，修补，补充，继续，重订，重申，续借[经] 更新，换新，重申
rebellion	ri'beljәn	n. 谋反，叛乱，反抗[法] 造反，反叛，叛乱
grind	graind	n. 磨，碾，苦差，摩擦声，用功的学生vt. 磨擦，磨碎，磨光，折磨，压榨vi. 磨，磨碎，苦干
keyboard	'ki:bɒ:d	n. 键盘[计] 键盘
lone	lәun	a. 孤单的，孤立的，单身的，寂寞的
graphic	'græfik	a. 生动的，轮廓分明的，绘画似的，图解的[计] 图形的
subway	'sʌbwei	n. 地铁，地道vi. 乘地铁
descent	di'sent	n. 降落，家系，侵袭，血统[医] 下降，世代，血统
deficiency	di'fiʃәnsi	n. 缺乏，不足[医] 缺乏，不足
transplant	træns'plɑ:nt	vt. 使移居，移植，使迁移vi. 移居，耐移植n. 移居者，移植
explosive	ik'splәusiv	n. 炸药，爆破音a. 易爆发的，爆炸的，暴躁的
illuminate	i'lju:mineit	vt. 照明，用灯装饰，阐明，说明，使灿烂vi. 照亮，用灯装饰
congressman	'kɒŋgresmәn	n. 国会议员，众议院议员[法] 国会议会
adjacent	ә'dʒeisәnt	a. 毗连的，邻近的，连接的[机] 相邻的，邻位的，交界的
evolutionary	,i:vә'lu:ʃәnәri	a. 展开的，进化论的，进化的，发展的[计] 进化的，改良的，发展的
analogy	ә'nælәdʒi	n. 相似，类似[计] 模拟
flaw	flɒ:	n. 缺点，裂纹，瑕疵，一阵狂风[化] 划痕; 裂缝; 裂纹
locality	lәu'kæliti	n. 地方，所在，位置[法] 位置，场所，地区
balcony	'bælkәni	n. 阳台，戏院楼厅
folly	'fɒli	n. 愚蠢，荒唐事，讽刺剧
burial	'beriәl	n. 埋葬，葬礼[法] 埋葬，葬礼
posture	'pɒstʃә	n. 姿势，态度，情形，形势vt. 作……的姿势vi. 作姿势
stab	stæb	n. 刺，戳，剧痛，尝试，努力vt. 刺，戳，刺入，刺痛，直入，使伤心vi. 刺，刺伤
invoke	in'vәuk	vt. 祈求，恳求，实行，援引，引起[计] 调用; 请求
solidarity	.sɒli'dæriti	n. 团结，团结一致，共同一致[法] 团结，共同责任
flush	flʌʃ	n. 流溢，面红，旺盛，发烧，惊飞的鸟，同花牌a. 丰足的，齐平的，满盈的，泛滥的adv. 齐平地，直接地vi. 脸发红，奔涌，旺盛，惊飞vt. 淹没，冲洗，使脸红，使激动，使齐平，使惊飞
discard	dis'kɑ:d	vt. 丢弃，抛弃vi. 垫牌n. 垫牌，抛弃
tub	tʌb	n. 桶，浴盆vt. 装入桶，洗澡vi. 洗盆浴，被放在桶里洗
reservoir	'rezәvwɑ:	n. 贮水池，贮藏处，贮备，水库vt. 储藏
abundance	ә'bʌndәns	n. 丰富，充足，大量[经] 丰富，充裕
renaissance	ri'neisәns	n. 复活，复兴，文艺复兴a. 文艺复兴的
attendant	ә'tendәnt	n. 随从，侍者，出席者a. 侍候的，伴随的，出席的，在场的
geographic	,dʒiә'^ræfik	a. 地理（学）的，地区（性）的
atomic	ә'tɒmik	a. 原子的，原子能的[医] 原子的
portable	'pɒ:tәbl	a. 可携带的，可搬运的，可移动的[计] 可移植的
staircase	'stєәkeis	n. 楼梯，梯子，楼梯部分[医] 阶梯现象
moisture	'mɒistʃә	n. 湿气，水分，降雨[化] 含水量; 含湿量
ironic	aiә'rɔnik	a. 冷嘲的，挖苦的，反话的，讽刺的，令人啼笑皆非的，出乎意料的
superintendent	,sju:pәrin'tendәnt	n. 监督人，主管人，主日学校校长[经] 监督人，主管人（部门）
rattle	'rætl	vt. 使嘎嘎响，喋喋不休地说vi. 格格响，喋喋不休n. 格格声，拨浪鼓，喋喋不休的话
shatter	'ʃætә	n. 碎片，粉碎，落叶，喷洒vt. 打碎，使散开，粉碎，破坏vi. 粉碎，损坏，脱落
sniff	snif	n. 以鼻吸气，嗅，气息vi. 嗅，蔑视，嗤之以鼻vt. 闻，用力吸，发觉
startle	'stɑ:tl	n. 惊愕，惊恐vt. 吃惊，使惊愕vi. 惊起
gorgeous	'gɒ:dʒәs	a. 华丽的，灿烂的
variant	'vєәriәnt	n. 变体，异体a. 不同的，有差别的[计] 变体型
tease	ti:z	n. 揶揄，戏弄，逗惹vt. 戏弄，取笑，强求，梳理，使起毛
memorandum	.memә'rændәm	n. 备忘录，外交备忘录，交易备忘录[经] 备忘录，便笺，便函
semester	si'mestә	n. 学期
tumble	tʌmbl	n. 跌倒，摔跤，翻斤斗vi. 翻倒，摔倒，倒塌，滚动，翻斤斗，仓促地行动vt. 使摔倒，使滚翻，弄乱
rotate	'rәuteit	a. 辐状的vt. 使旋转，使转动，使轮流vi. 旋转，循环[计] 旋转
recount	ri'kaunt	vt. 详述，叙述，重新计算n. 重新计算
decree	di'kri:	n. 法令，判决，天意vt. 颁布，判决vi. 发布命令
spotlight	'spɒtlait	n. 照明灯，反光灯，聚光灯
scrape	skreip	n. 刮，擦，挖，擦痕，刮擦声，困境vi. 刮掉，擦掉，刮出刺耳声vt. 刮，擦，擦伤，挖成，积蓄
exclaim	iks'kleim	v. 大叫，呼喊，大声叫
autonomous	ɒ:'tɒnәmәs	a. 自治的[医] 自主的
optical	'ɒptikl	a. 眼睛的，视觉的，光学的[机] 光学上的，光学的
methodology	.meθә'dɒlәdʒi	n. 方法学，方法论[化] 操作法; 工艺
bump	bʌmp	n. 撞击，肿块vt. 碰撞vi. 撞，颠簸而行
aggregate	'ægrigәt	n. 合计，总计，聚集体a. 合计的，聚集的v. 聚集，集合，合计达[计] 聚合体; 聚集
glare	glєә	n. 闪耀光，刺眼vi. 发眩光，瞪视vt. 瞪眼表示
amnesty	'æmnisti	n. 大赦，赦免
sediment	'sedimәnt	n. 沉淀物，沉积[化] 沉降物; 沉积物
modem	'mәudem	n. 调制解调器[计] 调制解调器
conceptual	kәn'septʃuәl	a. 概念的[医] 概念的
coincidence	kәu'insidәns	n. 巧合，同时发生[电] 符合计数器
demolish	di'mɒliʃ	vt. 毁坏，破坏，粉碎
tread	tred	n. 踏，步态，梯级，交尾，鞋底vi. 踏，行走，交尾vt. 踩，踏，践踏，跳（舞）
nurture	'nә:tʃә	n. 养育，营养物，培育vt. 养育，供给营养物，教养
scrap	skræp	n. 碎片，残余物，些微，片断，铁屑，吵架vt. 扔弃，敲碎，拆毁vi. 互相殴打a. 零碎拼凑成的，废弃的
vivid	'vivid	a. 生动的，鲜明的，鲜艳的，活泼的，逼真的，清晰的
frightening	'fraitәniŋ	a. 令人恐惧的；引起突然惊恐的
poison	'pɒizn	n. 毒药，毒，毒物，有毒害的事物vt. 毒害，毒杀，使中毒vi. 放毒，下毒
flourish	'flʌriʃ	vi. 繁荣，茂盛，活跃，手舞足蹈vt. 挥舞，夸耀n. 挥舞，炫耀，茂盛，兴旺，华丽词藻
rocky	'rɒki	a. 岩石的，多石的，像岩石的，无情的，摇动的，摇晃的
smoothly	'smu:ðli	adv. 平滑地，流畅地，流利地
attachment	ә'tʃætʃmәnt	n. 连接，附属物，连接物，爱慕[计] 附加，附件
underneath	.ʌndә'ni:θ	adv. 在下面prep. 在……的下面
spider	'spaidә	n. 蜘蛛，设圈套者[化] 星形轮
obsession	әb'seʃәn	n. 困扰，困扰人的情绪[医] 强迫观念
vigorous	'vigәrәs	a. 精力充沛的，元气旺盛的，茁壮的，有力的
pillar	'pilә	n. 柱子，栋梁，台柱，重要的支持者[医] 柱，脚
nutrition	nju:'triʃәn	n. 营养，营养学[医] 营养，营养品
obscure	әb'skjuә	a. 模糊的，昏暗的，难解的，晦涩的，偏僻的，微贱的，无名的vt. 使变暗，隐藏，使变模糊，使难解
melody	'melәdi	n. 曲子，美妙音乐，曲调
restrain	ri'strein	vt. 抑制，阻止，束缚[法] 抑制，遏制，制止
eventual	i'ventʃuәl	a. 最后的，终于的
physicist	'fizisist	n. 物理学家，机械唯物论者，自然科学家[医] 菲西克氏手术（虹膜圆片切除）
cultivate	'kʌltiveit	vt. 培养，耕作
inject	in'dʒekt	vt. 注射，注入，使入轨[医] 注射
realization	.riәlai'zeiʃәn	n. 实现，领悟，实得[医] 现实化，实现
aluminium	.ælju'miniәm	n. 铝a. 铝的
defy	di'fai	vt. 藐视，挑衅，使落空n. 挑战
magical	'mædʒikәl	a. 魔术的，有魔力的，不可思议的
reconcile	'rekәnsail	vt. 使和解，调停，使和谐，使一致，使听从[经] 对帐，使一致
accord	ә'kɒ:d	n. 一致，调和，协定vt. 给与，使一致vi. 相符合
axis	'æksis	n. 轴[计] 坐标轴
bundle	'bʌndl	n. 捆，束vt. 包扎，胡乱塞进vi. 匆忙离开
spontaneous	spɒn'teiniәs	a. 自然的，自发的，未经琢磨的[医] 自发的，特发的，自生的
suitcase	'sju:tkeis	n. 手提箱
evenly	'i:vәnli	adv. 平衡地，平坦地，平等地
financing	fai'nænsiŋ	n. 融资，理财，筹集的资金[经] 筹措资金，理财
admiration	.ædmә'reiʃәn	n. 赞赏，钦佩，引人赞赏的对象
simplicity	sim'plisiti	n. 单纯，简朴，朴素，坦率，天真[计] 简明性
mighty	'maiti	n. 有势力的人a. 有势力的，强大的，有力的adv. 很，极
eternal	i'tә:nl	a. 永恒的，永远的，不灭的
indictment	in'daitmәnt	n. 起诉，控告，起诉状[经] 起诉书
dairy	'dєәri	n. 牛奶公司，乳品店，乳牛场
morale	mɒ'rɑ:l	n. 士气，道德
collision	kә'liʒәn	n. 碰撞，冲突，抵触[计] 冲突
verify	'verifai	vt. 证明，查证，证实，检验，校验[计] 校验，检验; DOS内部命令:设定写入磁盘时是否验证写入的正确性
encompass	in'kʌmpәs	vt. 围绕，完成，包括，包含，环绕，包围
clan	klæn	n. 氏族，宗族，集团[医] 支
diplomacy	di'plәumәsi	n. 外交，外交手腕，交际手段[法] 外交，外交手腕，权谋
instrumental	.instru'mentәl	a. 仪器的，器具的，可作为手段的[医] 器械的
imaginative	i'mædʒinәtiv	a. 想像的，虚构的
outset	'autset	n. 着手，开头，最初
prestige	pre'sti:ʒ	n. 声望，威望，威信[经] 商誉，声誉
crust	krʌst	n. 外壳，坚硬外皮，面包皮vt. 盖以硬皮vi. 结硬皮
millennium	mi'leniәm	n. 千禧年，一千年
intimacy	'intimәsi	n. 亲密，熟悉，亲昵行为（言语）[法] 亲近的行为，亲密，隐私
pottery	'pɒtәri	n. 陶器，陶器厂[化] 陶器
nationality	.næʃә'nælәti	n. 国籍，国家，民族性[法] 国家，民族，国民
trench	trentʃ	n. 渠，沟渠，战壕vt. 在……开沟，挖战壕于，用战壕围住vi. 挖战壕，开沟
thoughtful	'θɒ:tful	a. 深思的，体贴的
vine	vain	n. 藤本植物，葡萄，藤，蔓vi. 形成藤蔓
absurd	әb'sә:d	a. 荒谬的，不合理的，可笑的n. 荒诞
linen	'linin	n. 亚麻布，亚麻线，亚麻制品a. 亚麻布制的，亚麻的
outrage	'autreidʒ	n. 暴行，侮辱，愤怒vt. 凌辱，虐待，触犯
constrain	kәn'strein	vt. 强迫，限制，关押
optional	'ɒpʃәnl	a. 可选择的，随意的[化] 选购的
dangle	'dæŋgl	vi. 摇晃地悬挂着，追求vt. 使摇晃地悬挂n. 悬垂
jealous	'dʒelәs	a. 嫉妒的，羡慕的，留心的，戒备的
haven	'heivn	n. 港，避难所，安息所vt. 安置……于港中，庇护，入港
rainbow	'reinbәu	n. 彩虹a. 五彩缤纷的
jerk	dʒә:k	n. 性情古怪的人，急拉，肌肉抽搐，牛肉干vi. 痉挛，急拉，急推vt. 猛拉
complement	'kɒmplimәnt	n. 补足物，补语，补数vt. 补充，补足[计] 补码; 反相器; 补数
competing		a. 相互矛盾的；抵触的
recreation	.rekri'eiʃәn	n. 娱乐，消遣，休息，再创造[医] 娱乐，休养
packaging	'pækidʒiŋ	n. 包装，包装业，包装术[计] 组装; 封装
affirm	ә'fә:m	v. 断言，确认
span	spæn	n. 指距，全长，跨距，一段时间，小范围vt. 以手指测量，跨越，架设，持续
drainage	'dreinidʒ	n. 排水[医] 引流[法], 导液[法], 排水[设备]
linger	'liŋgә	vi. 逗留，消磨，徘徊vt. 消磨
applaud	ә'plɒ:d	v. 拍手喝彩，称赞，赞同
gloom	glu:m	n. 忧郁，暗处，幽暗vi. 变忧沉，变黑暗vt. 使忧郁，使黑暗
stabilize	'steibilaiz	vt. 使安定，使稳固vi. 稳定，安定
cube	kju:b	n. 立方体，立方[机] 立方体，立方
harbor	'hɑ:bә	n. 港，避难所v. 庇护，藏匿，（使）入港停泊
offspring	'ɒ:fspriŋ	n. 子孙，后代，产物[法] 后辈，子孙，后裔
dim	dim	a. 暗淡的，模糊的vt. 使暗淡[计] 数据解释模块
plantation	plæn'teiʃәn	n. 种植园，大农场，植树造林，新开垦地[医] 栽植（如牙或其他组织的植入、再植和移植）
predictable	pri'diktәbl	a. 可预言的
sunset	'sʌnset	n. 日落，晚年
residue	'rezidju:	n. 残渣，剩余，余数[化] 残基; 残渣; 残液; 釜液
monarch	'mɒnәk	n. 帝王，统治者，元首[医] 单原型（植）
proponent	prә'pәunәnt	n. 建议者，支持者[法] 提议者，辩护者，支持者
antique	æn'ti:k	n. 古董，古物a. 古老的，古风的，旧式的，过时的
pasture	'pæstʃә	n. 牧场，草地，牧草vt. 放牧vi. 吃草
sweeping	'swi:piŋ	n. 扫除，垃圾a. 扫荡的，彻底的，广泛的
intersection	.intә'sekʃәn	n. 交集，十字路口，交叉点[计] 逻辑乘; 与
freight	'freit	n. 船货，运费，货运vt. 装货，使充满，以货运运送，租（或出租）（船等）
reconciliation	,rekәnsili'eiʃәn	n. 和解，和好，复交，调解，调停，和谐，一致，甘愿，顺从[经] （银行往来）调节，调和，一致
erase	i'reis	vt. 抹去，擦掉[计] 清洗; 擦除; 抹除; DOS内部命令:从磁盘上删除一个或多个文件
stain	stein	n. 污染，污点，着色剂vt. 沾染，染污，着色vi. 变脏
chord	kɒ:d	n. 弦，和音[医] 索，带
kettle	'ketl	n. 茶壶，罐[化] 釜体釜; 锅
armor	'ɑ:mә	n. 盔甲，潜水服，装甲vt. 为……装甲
coral	'kɒrәl	n. 珊瑚，珊瑚色[化] 珊瑚
delete	di'li:t	vt. 删除[计] 删除
cellular	'seljulә	a. 细胞的[医] 细胞的
underlie	.ʌndә'lai	vt. 位于……之下，成为……的基础
recycle	.ri:'saikl	vt. 使再循环，重新利用，再制n. 再循环
harmful	'hɑ:mful	a. 有害的，伤害的
symphony	'simfәni	n. 交响乐，交响曲
tuition	tju:'iʃәn	n. 学费，讲授
destructive	di'strʌktiv	a. 毁灭性的，破坏的，有害的[医] 破坏的，毁坏的
absorption	әb'sɒ:pʃәn	n. 吸收，专心，全神贯注[化] 吸收; 吸收作用
accumulation	ә.kju:mju'leiʃәn	n. 积聚，累积，积聚物[医] 蓄积，累积
niche	nitʃ	n. 壁龛vt. 放入壁龛，安顿
terrify	'terifai	vt. 使恐惧，恐吓
supplementary	.sʌpli'mentәri	a. 补足的，补充的，追加的[经] 追加的，补充的，增补的
vegetation	.vedʒi'teiʃәn	n. 植物[医] 贽生物，贽疣，增殖体; 生长，增殖
bark	bɑ:k	n. 树皮，吠声vi. 吠，叫骂vt. 喊出，剥树皮
fascinate	'fæsineit	vt. 令人入神，使着迷vi. 入迷
default	di'fɒ:lt	n. 违约，不履行责任，缺席，默认值v. 疏怠职责，缺席，拖欠，默认[计] 默认; 默认值; 缺省值
underscore	.ʌndә'skɒ:	vt. 划线于……下n. （表强调的）下划线[计] 底线
prop	prɒp	n. 支柱，支持者，倚靠人，道具，螺旋桨vt. 支撑，维持
microwave	'maikrәuweiv	n. 微波[计] 微波
hemisphere	'hemisfiә	n. 半球，地球的半面，大脑半球[医] 半球
nucleus	'nju:kliәs	n. 核心，核子，原子核，起点[计] 核心程序
wan	wɒn	a. 苍白的，无血色的，病态的，暗淡的v. （使）变苍白[计] 广域网
reproductive	.ri:prә'dʌktiv	a. 生殖的，再生的，复制的[医] 生殖的，复现的
vocational	vәu'keiʃәnl	a. 职业的[法] 职业上的，天职的
cone	kәun	n. 圆锥体，球果vt. 使成锥形
stroll	strәul	n. 闲逛，漫步v. 闲逛，漫步
nitrogen	'naitrәdʒәn	n. 氮[化] 氮N-2
transparent	træns'pærәnt	a. 透明的，显然的，清晰的[计] 透明
velocity	vi'lɒsәti	n. 速度，迅速[化] 速度
attainment	ә'teinmәnt	n. 达到
endeavor	in'devә	n. 努力，尽力vi. 努力，尽力
intriguing	in'tri:giŋ	a. 吸引人的，有趣的
aviation	.eivi'eiʃәn	n. 航空，航空学，飞行术[法] 航空，飞行，飞行术
voltage	'vәultidʒ	n. 电压，伏特数[化] 电压
substantive	'sʌbstәntiv	a. 表示实在的，有实质的，独立存在的，大量的，重大的，坚实的，名词的n. 名词性实词，名词
plasma	'plæzmә	n. 血浆，淋巴液，原生质，等离子体[化] 等离体; 等离子体
strap	stræp	n. 带，皮带vt. （用皮带）捆扎
conductor	kәn'dʌktә	n. 领导者，指挥者，售票员，向导[化] 导体
receptor	ri'septә	n. 受体，感觉器官[化] 接受器; 受体
aquarium	ә'kwєәriәm	n. 水族馆，养鱼池，水草缸[医] 培养缸
secretion	si'kri:ʃәn	n. 分泌，分泌物，分泌液，隐蔽[医] 分泌; 分泌物
intensify	in'tensifai	vt. 加强vi. 强化
arc	ɑ:k	n. 弧，弧形，弓形，弧光[化] 弧
sway	swei	n. 摇摆，影响力，支配vt. 摇动，支配，弄歪，使倾斜，使动摇，影响vi. 摇动，摇摆，倾斜，动摇，统治，转向
upgrade	'ʌpgreid	n. 上坡，升级，上升adv. 往上vt. 使升级，提升，改良品种vi. 升级[计] 升级
exaggerate	ig'zædʒәreit	v. 夸大，夸张
postwar	'pәust'wɒ:	a. 战后的
distort	dis'tɒ:t	vt. 扭曲，歪曲[法] 歪区，曲解，纂改
recreational	.rekri'eiʃәnәl	a. 消遣的，娱乐的
educated	'edjukeitid	a. 受过教育的，有教养的
revert	ri'vә:t	vi. 恢复，复归，回复，还原vt. 使回复原状，使回转n. 恢复原信仰的人[计] 还原
trivial	'tiviәl	a. 琐碎的，不重要的，轻微的，平常的
resent	ri'zent	vt. 愤恨，憎恶，怨恨
idiot	'idiәt	n. 白痴，极蠢之人[医] 白痴者，痴子
precaution	pri'kɒ:ʃәn	n. 预防，留心，警戒vt. 预先警告
courthouse	'kɒ:thaus	n. 法院，郡政府所在地
skeleton	'skelәtn	n. 骨骼，骨瘦如柴的人，梗概，骨干，残骸a. 骨骼的，概略的，基层的，骨干的[计] 骨架
slash	slæʃ	v. 猛砍，乱砍n. 猛砍，乱砍，删减[计] 斜线
exceptionally		adv. 特殊地；异常地；例外地
urgency	'ә:dʒәnsi	n. 紧急，催促[法] 紧急，迫切，紧急之事
bleak	bli:k	a. 萧瑟的，荒凉的，阴冷的
tense	tens	a. 紧张的，拉紧的v. （使）紧张，（使）拉紧n. 时态
artery	'ɑ:tәri	n. 动脉，干道，要道[医] 动脉
curator	kjuә'reitә	n. 管理者，经理，主管人，掌管者，馆长，大学学监，监护人，保护人[经] 临时监护人
postcard	'pәustkɑ:d	n. 明信片
inferior	in'fiәriә	a. 次等的，较差的，下方的，下级的n. 部下，次品，下标（符号）
acquaintance	ә'kweintәns	n. 认识，相识者
humble	'hʌmbl	a. 低下的，谦逊的，粗陋的vt. 使……卑下，降低……地位，贬抑
deter	di'tә:	vt. 制止，吓住，威慑
swift	swift	n. 褐雨燕，快速爬行的小蜥蜴，蝙蝠蛾，大滚筒a. 迅速的，快的，敏捷的，立刻的adv. 迅速地，敏捷地
cosmic	'kɒzmik	a. 宇宙的，宇宙航行的，无限的，有秩序的[医] 宇宙的
handy	'hændi	a. 便利的，敏捷的，容易取得的[化] 便于使用的; 易操作的
disperse	dis'pә:s	vt. 分散，传播，散开vi. 分散a. 分散的[计] 分散
ponder	'pɒndә	v. 沉思，考虑
complicate	'kɒmplikeit	vt. 弄复杂，使错综，使恶化vi. 变复杂
sanctuary	'sæŋktʃuәri	n. 圣所（指教堂、寺院等）, 耶路撒冷的神殿，避难所[法] 庇护所，避难所，教堂
denounce	di'nauns	vt. 告发，抨击，谴责[法] 谴责，斥责，告发
chalk	tʃɒ:k	n. 粉笔，白垩vt. 用粉笔写，记录
ascertain	.æsә'tein	vt. 确定，查明[法] 查明，弄清，确定
expel	ik'spel	vt. 驱逐，逐出，排出，开除[医] 排除，迫出
astonishing	ә'stɒniʃiŋ	a. 令人惊讶的
wary	'wєәri	a. 谨慎的，小心的，机警的，周到的，唯恐的
signify	'signifai	vt. 象征，预示vi. 要紧，重要
saturated	'sætʃәreitid	a. 饱和的，渗透的[医] 饱和的
embed	im'bed	vt. 使插入，使嵌入，使深留脑中[计] 嵌入
decay	di'kei	n. 衰退，腐败v. （使）衰退，（使）腐败
memorable	'memәrәbl	a. 值得纪念的，难忘的
gallon	'gælәn	n. 加仑[医] 加仑
drip	drip	n. 水滴v. （使）滴下
notorious	nәu'tɒ:riәs	a. 声名狼藉的，臭名昭著的，众人皆知的
shocking	'ʃɒkiŋ	a. 令人震惊的，极坏的，不正当的
elevate	'eliveit	vt. 举起，提拔，鼓舞
loosen	lu:sn	vt. 放松，松开，解除vi. 变松，松弛
conflicting	kәn'fliktiŋ	a. 冲突的，不一致的，相矛盾的
lottery	'lɒtәri	n. 奖券，彩票，运气[经] 抽彩给奖法
chore	tʃɒ:	n. 零工，家务[经] 零工
cellar	'selә	n. 地窖，地下室，藏酒
sticky	'stiki	a. 粘的，有粘性的，顽固的
appliance	ә'plaiәns	n. 器械，用具，应用[医] 矫正器; 器
gauge	geidʒ	n. 标准度量，计量器vt. 精确计量，估计[计] 线规
plaster	'plæstә	n. 石膏，灰泥，安慰（缓解）用品，膏药vt. 涂以灰泥，敷以膏药，掩饰，使平服，彻底击败，减轻，粘贴
gossip	'gɒsip	n. 闲聊，随笔，流言，爱讲闲话的人vi. 说闲话，闲聊
apprentice	ә'prentis	n. 学徒，生手vt. 使做学徒
proprietor	prә'praiәtә	n. 所有者[经] 所有人，资本主，业主
inhabit	in'hæbit	vt. 居住于，占据，栖息
pigeon	'pidʒin	n. 鸽子，易上当受骗的人，年轻女子
injustice	in'dʒʌstis	n. 不公平，非正义的行为[法] 不公正，不公平，权利侵害
dentist	'dentist	n. 牙科医生[医] 牙医师
deprivation	.depri'veiʃәn	n. 剥夺，剥夺官职，免职[医] 丧失，剥夺，缺乏
excerpt	'eksә:pt	n. 摘录v. 引用，摘录
detain	di'tein	vt. 扣留，扣押，耽搁[法] 拘留，扣押，留住
soy	sɒi	n. 酱油，大豆[医] 大豆; 酱油
miniature	'miniәtʃә	n. 缩图，小画像a. 小规模的，纤小的
solitary	'sɒlitәri	n. 独居者a. 孤独的，独居的
oversight	'әuvәsait	n. 勘漏，失察，失败，照料[经] 监督权
ripe	raip	a. 成熟的，熟练的，成年的[医] 成熟的
trolley	'trɒli	n. 电车，手推车，台车vt. 用手推车运vi. 乘电车
coordination	kәu.ɒ:di'neiʃәn	n. 同等，协调[计] 协调; 进程协调
jewel	'dʒu:әl	n. 珠宝，贵重物，镶珠宝的饰物vt. 饰以珠宝，镶以宝石
slogan	'slәugәn	n. 呐喊声，标语，口号
outrageous	aut'reidʒәs	a. 暴虐的，极无礼的，可恶的
tract	trækt	n. 大片土地，地带，小册子[医] 束，道
perch	pә:tʃ	n. 栖木，高位，杆，河鲈v. （使）栖息，就位，位于，（使）暂歇
disposition	.dispә'ziʃәn	n. 性情，处置，处理，布置[医] 素因，性情
beneficiary	.beni'fiʃәri	n. 受惠者，受益人a. 受封的
mold	mәuld	n. 模子，模型，霉v. 形成，塑造，发霉
nickname	'nikneim	n. 绰号，昵称vt. 给……取绰号，叫错名字[计] 绰号
siege	si:dʒ	n. 包围，围攻，再三的努力vt. 包围，围攻
addict	ә'dikt	vt. 使沉溺，使上瘾n. 入迷的人，上瘾者
cushion	'kuʃәn	n. 垫子，橡皮软垫vt. 加垫褥，缓冲，掩盖
ramp	ræmp	n. 斜坡，坡道，敲诈vi. 狂跳乱撞，乱冲，敲诈，蔓延vt. 使有斜面，敲诈
hail	heil	n. 冰雹，致敬，欢呼，招呼vt. 向……欢呼，致敬，招呼，使象下雹样落下vi. 招呼，下雹interj. 万岁，欢迎
realism	'riәlizm	n. 写实主义，现实，实在论[法] 现实主义
continuation	kәn.tinju'eiʃәn	n. 继续，续集，补编[医] 连续
slab	slæb	n. 平板，厚片vt. 切成厚板，以平板盖上
arctic	'ɑ:ktik	a. 北极的，极寒的n. 北极圈，北极
decorative	'dekәreitiv	a. 装饰性的
boulder	'bәuldә	n. 大圆石[机] 圆石，漂石
fracture	'fræktʃә	n. 破碎，骨折v. （使）破碎，（使）破裂
prose	prәuz	n. 散文v. 写散文a. 散文的，平凡的
quilt	kwilt	n. 棉被vt. 加软衬料后缝制，东拼西凑地编vi. 缝被子
utter	'ʌtә	a. 全然的，绝对的，完全的vt. 发出声音，做声，发表，发射，流通
pyramid	'pirәmid	n. 角锥，金字塔v. （使）成金字塔状，（使）渐增，（使）上涨
bachelor	'bætʃәlә	n. 单身汉，学士[法] 学士，单身汉
victor	'viktә	n. 胜利者a. 胜利的
sustained	sәs'teind	a. 持续的，持久不变的，持久的，不懈的[计] 持续的
prevailing	pri'veiliŋ	a. 盛行很广的，优势的，主要的，普遍的[法] 占优势的，盛行的，通行的
descendant	di'sendәnt	n. 后裔，子孙a. 传下的，下降的
consolidate	kәn'sɒlideit	vt. 巩固，使联合，统一vi. 巩固[计] 合并计算
shrub	ʃrʌb	n. 矮树，灌木，果汁甜酒
seasonal	'si:znәl	a. 季节的，依照季节的，周期性的[经] 季节性的，季节的
livestock	'laivstɒk	n. 家畜[经] 牲畜，家畜
ham	hæm	n. 火腿，后腿，笨拙演员a. 过火的，做作的v. 演得过火
denote	di'nәut	vt. 指示，表示
pumpkin	'pʌmpkin	n. 南瓜
imitate	'imiteit	vt. 模仿，效法，冒充，仿造
manifestation	.mænifes'teiʃәn	n. 显示，证明，示威运动[医] 表现，表示
lethal	'li:θәl	a. 致命的n. 致死因子
slump	slʌmp	n. 暴跌，垂头弯腰的姿态vi. 猛然掉落，陷入，衰落（经济等）
credential	kri'denʃәl	n. 国书，凭据，证明书[经] 凭证，证书
distortion	dis'tɒ:ʃәn	n. 扭曲，变形，曲解[计] 畸变; 失真
affinity	ә'finiti	n. 吸引，姻亲关系，类同[化] 亲合力; 亲合能; 亲合势; 近似; 类似
reliance	ri'laiәns	n. 信任，信赖，受信赖的人（或事）[法] 信任，信赖，信心
roam	rәum	v. 漫游，闲逛，徜徉n. 漫步，漫游
foam	fәum	n. 泡沫，水沫，泡沫材料vi. 起泡沫，吐白沫vt. 使起泡沫
asteroid	'æstәrɒid	n. 小行星，海盘车a. 星状的
abandoned	ә'bændәnd	a. 被抛弃的，无约束的，恣意放荡的
bald	bɒ:ld	a. 秃头的，光秃的，单调的，赤裸的vi. 变秃
patronage	'pætrәnidʒ	n. 赞助，恩赐态度，光顾，任免权，保护人的身分[经] 光顾，资助，赞助
anticipation	æn.tisi'peiʃәn	n. 预期，预料[医] 提前出现（如遗传病）
unveil	.ʌn'veil	vt. 揭开，揭幕，除去……的面纱vi. 显露，除去面纱
frustrating	frʌ'streitiŋ	a. 令人沮丧的
fixture	'fikstʃә	n. 固定（状态）, 固定物，设备[计] 夹具
crisp	krisp	a. 脆的，新鲜的，活泼的v. （使）烘脆，（使）拳曲，（使）起皱n. 松脆物
overturn	.әuvә'tә:n	n. 倾覆，破灭，革命vt. 推翻，颠倒vi. 翻倒
subordinate	sә'bɒ:dnit	n. 属下，附属物a. 下级的，次要的，附属的vt. 使居下位，使服从
peripheral	pә'rifәrәl	a. 周边的，周围的，圆周的，无关紧要的，肤浅的[医] 外周的，周围的，末梢的
transcript	'trænskript	n. 抄本，副本，成绩单[法] 法院文本，官方记录，记录的副本
standpoint	'stændpɒint	n. 立场，观点
empower	im'pauә	vt. 授予权力，允许，使能够[法] 授权，准许，转委
tug	tʌg	n. 用力拉，拖曳，苦干，挣扎，绳索v. 用力拉
lobster	'lɒbstә	n. 龙虾
saddle	'sædl	n. 鞍，马鞍，车座，鞍状物vt. 装以马鞍，使负担vi. 跨上马鞍
dwarf	dwɒ:f	n. 矮子，侏儒v. （使）变矮小
lasting	'lɑ:stiŋ	a. 永久的，永恒的，持久的n. 厚实斜纹织物
preceding	.pri:'si:diŋ	a. 在前的，前面的[法] 在前的，在先的，前面的
partisan	'pɑ:tizn	n. 党羽，虔诚信徒，同党，游击队员a. 党派的，偏袒的，效忠的，献身的，盲目推崇的
abundant	ә'bʌndәnt	a. 丰富的，充分的，大量的
prone	prәun	a. 俯伏的，面向下的，有……倾向的[医] 旋前的，伏的，俯的
restrictive	ri'striktiv	a. 限制的，约束的，限定的n. 限制词
limestone	'laimstәun	n. 石灰石[化] 石灰石; 石灰岩
fluctuation	.flʌktʃu'eiʃәn	n. 变动，波动，动摇[化] 涨落; 起伏; 波动; 脉动
archaeological	.ɑ:kiә'lɒdʒikl	a. 考古学的，考古学上的
syllable	'silәbl	n. 音节vt. 分成音节[计] 字节
consortium	kәn'sɒ:tjәm	n. 协会，合伙，（国际性）财团[经] 合作，联合，财团
crouch	'krautʃ	n. 蹲伏，蜷缩vi. 蹲下，蜷着，缩着vt. 低头
questionable	'kwestʃәnәbl	a. 可疑的[法] 可疑的，有问题的，不可靠的
poise	pɒiz	n. 平衡，均衡，姿势，镇静，安静，砝码vt. 使平衡，使悬着，保持……姿势vi. 平衡，悬着，准备好
marital	'mæritәl	a. 丈夫的，婚姻的，夫妇间的[医] 婚姻的
homemade	'hәum'meid	a. 自制的，国产的
excavation	.ekskә'veiʃәn	n. 挖掘，发掘，挖掘的洞[医] 陷凹，挖除
sandy	'sændi	a. 沙的，沙地的，多沙的
prototype	'prәutәtaip	n. 原型[计] 样机; 原型
emit	i'mit	vt. 发出，放射，发表（意见等）, 散发，发行[化] 放射
embryo	'embriәu	n. 胚胎，胎儿，胚芽[医] 胚，胚胎
quantitative	'kwɒntitәtiv	a. 数量的，定量的[医] 定量的，数量的
efficacy	'efikәsi	n. 功效，效力[医] 效能，功效，效验
ample	'æmpl	a. 大量的，充足的，丰富的
mutation	mju:'teiʃәn	n. 变化，突变，元音变化[化] 突变
stripe	straip	n. 斑纹，条纹[医] 纹，条纹
potent	'pәutnt	a. 有力的，有说服力的，有效的[医] 有力的，有性交能力的
foremost	'fәumәust	a. 最初的，最重要的adv. 在最前
den	den	n. 兽穴，洞穴[法] 匪巢，贼窝
ion	'aiәn	n. 离子[化] 离子
oyster	'ɒistә	n. 牡蛎，蚝，沉默者
warranty	'wɒ:rәnti	n. 正当理由，授权，担保，保证，根据[经] 保单，担保书，保证书
conditioning	kәn'diʃәniŋ	n. 调节，条件作用，整修[计] 调节; 调整
scholarly	'skɔlәli	a. 学者派头的，学者风度的，有学问的，博学的，好学的
volcano	vɒl'keinәu	n. 火山
deteriorate	di'tiәriәreit	v. （使）恶化
chuckle	'tʃʌkl	n. 咯咯的笑声，轻笑vi. 咯咯的笑，咕咕叫
swamp	swɒmp	n. 沼泽，进退两难的困境vt. 淹没，击溃，清除，使陷于沼泽vi. 陷于沼泽，淹没
standardized	'stændә,daizd	a. 标准化的；标准的；定型的
matching	'mætʃiŋ	a. 相同的，协调的[计] 匹配，对比
oblige	ә'blaidʒ	vt. 强制，施恩惠于，使感激vi. 施恩惠，帮忙
fictional	'fikʃәnl	a. 虚构的，编造的，小说式的[法] 拟制的，假定的，虚构的
bait	beit	n. 饵vt. 以饵引诱，欺负vi. 中途休息
distinctly	dis'tiŋktli	adv. 显然地，明显地，清楚地
reef	ri:f	n. 暗礁，礁，缩帆v. 缩（帆）
oath	әuθ	n. 誓约，誓言，咒骂[法] 誓言，誓约，宣誓
cynical	'sinikәl	a. 愤世嫉俗的，讽刺的，冷嘲的
committed		a. 献身于某种事业的[计] 委托的
foresee	fɒ:'si:	vt. 预见，预知
vacant	'veikәnt	a. 空的，空白的，空虚的，空闲的，茫然的，空缺的[法] 空的，空虚的，闲暇的
dietary	'daiәtәri	a. 饮食的n. 规定食物
fertilizer	'fә:tilaizә	n. 肥料，促进发展者，受精媒介物[化] 肥料
insistence	in'sistәns	n. 坚持，坚决主张
gratitude	'grætitju:d	n. 感激之情
altitude	'æltitju:d	n. 高度，海拔，高处[电] 高度
flashlight	'flæʃlait	n. 手电筒，闪光信号灯
premature	.premә'tjuә	a. 早产的，过早的，不成熟的n. 早产儿，过早发生的事物
hardship	'hɑ:dʃip	n. 艰难，辛苦，苦难[法] 受苦，吃苦，苦难
dispense	dis'pens	vt. 分发，分配vi. 特许，豁免
adhere	әd'hiә	vi. 依附，粘着，坚持，追随，拥护vt. 使粘附
outing	'autiŋ	n. 郊游，远足a. 远足适用的
oddly	'ɒdli	adv. 奇怪地
invaluable	in'væljuәbl	a. 无价的，价值无法衡量的
shepherd	'ʃepәd	n. 牧羊人，牧羊犬，牧师，保护者vt. 看守，领导，指导，牧羊
collaborate	kә'læbәreit	vi. 合作，勾结[法] 合作，合著，通敌
manoeuvre	mә'nu:vә	n. 调遣，演习，策略vi. 调动，演习，用策略vt. 调动，操纵
remnant	'remnәnt	n. 剩余，零料，遗迹a. 剩余的，残余的
communal	'kɒmjunәl	a. 公有的，公社的[法] 公共的，自治体的，巴黎公社的
unsatisfactory	'ʌn.sætis'fæktәri	a. 不令人满意的
occupant	'ɒkjupәnt	n. 占有者，居住者，占用者
cuisine	kwi:'zi:n	n. 烹调风格，烹调法，烹饪，厨房
expanding	iks'pændiŋ	[机] 扩张工作
underestimate	.ʌndәr'estimeit	n. 低估vt. 低估，看轻
imminent	'iminәnt	a. 即将来临的，逼近的
advent	'ædvәnt	n. 来到，来临
devastate	'devәsteit	vt. 毁坏[法] 使荒废，毁灭，掠夺
vacancy	'veikәnsi	n. 空，空白，空缺，空虚，空闲[化] 空位
navigate	'nævigeit	vi. 航行vt. 航行于，驾驶，操纵，使通过
undo	.ʌn'du:	vt. 解开，取消，破坏，毁灭，扰乱vi. 松开[计] 撤消
robust	rәu'bʌst	a. 健康的，强健的，要用力气的，坚定的，粗野的[计] 健壮性
feasible	'fi:zәbl	a. 能实行的，可行的，适宜的[法] 可行的，可执行的，可完成的
ecology	i:'kɒlәdʒi	n. 生态学，社会生态学[化] 生态学
accessory	әk'sesәri	n. 附件，零件，附加物，从犯，同谋a. 附属的，补充的，同谋的，帮凶的，非主要的，副的[计] 附件
accustomed	ә'kʌstәmd	a. 惯常的，习惯了的
rotten	'rɒtn	a. 腐烂的，恶臭的，堕落的，风化的，虚弱的[经] 腐烂的，堕落的
blossom	'blɒsәm	n. 花，花开的状态，兴旺期vi. 开花，兴旺，发展
allegiance	ә'li:dʒәns	n. 忠贞，效忠
obsessed		a. 着迷的；无法摆脱的
ambiguous	æm'bigjuәs	a. 不明确的，模棱两可的[法] 意思含糊的，模棱两可的，暧昧的
spacecraft	'speiskræft	n. 航天飞船
sew	sәu	vt. 缝纫，缝合，缝vi. 缝纫
destine	'destin	vt. 注定，预定
prestigious	pre'stidʒiәs	a. 享有声望的
discomfort	dis'kʌmfәt	n. 困苦，不适[医] 不舒适，不舒，烦闷，不快活
backpack	'bækpæk	n. 远足用的背包；双肩背包，背包
ditch	ditʃ	n. 沟渠vt. 在……开沟vi. 开沟
onset	'ɒnset	n. 开始，攻击，进攻[医] 起始，开始
devotion	di'vәuʃәn	n. 热爱，投入
bud	bʌd	n. 芽，花蕾vi. 发芽，萌芽vt. 使发芽
preoccupation	pri:.ɒkju'peiʃәn	n. 抢先占据，先人之见，入神[医] 成见，注意散漫，心不在焉
astronomy	ә'strɒnәmi	n. 天文学
escort	'eskɒ:t	n. 护送者，护卫者，护航舰vt. 护卫，护送
superficial	.sju:pә'fiʃәl	n. 表面，外表a. 表面的，肤浅的，面积的
insane	in'sein	a. 患精神病的，极愚蠢的[医] 神经错乱的
radically	'rædikәli	adv. 根本地，完全地
plausible	'plɒ:zibl	a. 貌似真实的，貌似合理的，说得煞有其事的[法] 花言巧语的，似乎有理的
spawn	spɒ:n	n. （鱼）卵，产物vt. 产卵，酿成，大量生产vi. 产卵，大量生产
scenery	'si:nәri	n. 风景，景色，舞台布景
resemblance	ri'zemblәns	n. 相似处，类似，肖像
profoundly	prә'fajndli	adv. 深深地，深切地
bodily	'bɒdili	a. 身体的adv. 亲自
thickness	'θiknis	n. 厚度，密度，愚钝，含混不清[医] 厚度
turtle	'tә:tl	n. 海龟
hygiene	'haidʒi:n	n. 卫生保健，卫生学，保健法[医] 卫生，卫生学
litter	'litә	n. 垃圾，杂乱，轿，担架vt. 乱丢，铺草，弄乱vi. 产仔，乱丢垃圾
voyage	'vɒiidʒ	n. 航行，航海，航程，旅行，航空vi. 航海，航行vt. 航行越过，飞过
turmoil	'tә:mɒil	n. 骚动，混乱
migrate	'maigreit	vi. 移动，移往，随季节而移居[计] 迁移程序
perfection	pә'fekʃәn	n. 完美，完成，极端[经] 完整性
helpless	'helplis	a. 无助的，无能为力的，无依无靠的
rite	rait	n. 仪式，典礼，惯例，礼拜式
slender	'slendә	a. 苗条的，纤弱的，微少的，微薄的[机] 细的，纤细的
imaginary	i'mædʒinәri	a. 想像的，虚构的，假想的
orient	'ɒ:riәnt	n. 东方，东方诸国a. 东方的vi. 向东vt. 使朝东，使适应，确定方向
amenity	ә'mi:niti	n. 便利设施，适意，礼仪[法] 舒适，方便，优雅
contamination	kәn.tæmi'neiʃәn	n. 污染，污物[化] 污染; 沾污
appropriation	әprәupri'eiʃәn	n. 拨用，挪用，拨款[经] 拨款，挪用
conspicuous	kәn'spikjuәs	a. 显著的，显眼的，出众的
hay	hei	n. 干草vt. 制干草，供给干草vi. 晒干草
thunder	'θʌndә	n. 雷，雷声vi. 打雷，轰隆地响，怒喝vt. 大声喊出，轰隆地发出
marsh	mɑ:ʃ	n. 沼泽，湿地a. 沼泽的
moist	mɒist	a. 潮湿的，多雨的，感伤的，含泪的[医] 湿的
depot	'depәu	n. 停车场，车站，贮藏所，仓库[医] 仓库，贮存，积存
contention	kәn'teinʃәn	n. 争论，争辩，所持的论点[计] 争用
tractor	'træktә	n. 牵引器，拖拉机，拉纸器[计] 进纸器
abnormal	æb'nɒ:mәl	a. 反常的，不规则的，变态的，畸形的n. 畸形的人
culminate	'kʌlmineit	vi. 到绝顶，达于极点，达到高潮vt. 使到绝顶，使达到高潮
paradox	'pærәdɒks	n. 似非而是的论点，自相矛盾的话，悖论，怪人怪事[化] 佯谬
revolt	ri'vәult	n. 叛乱，反抗，反感vi. 叛乱，反抗，起义，厌恶，反感vt. 使反感，使恶心
pathway	'pɑ:θwei	n. 路径，途径[医] 路径，道
excursion	ik'skә:ʒәn	n. 远足，游览圆，短程旅行[医] 移动，离轨，逸出
hub	hʌb	n. 毂，木片，中心[计] 插座; 插孔; 集线器，集中器，连接器，中继站
opposing	ә'pәuziŋ	a. 对面的，反对的，相反的，相对的
stimulation	.stimju'leiʃәn	n. 刺激，激励，鼓舞[医] 兴奋，刺激
insult	'insʌlt	n. 侮辱，无礼，损害vt. 损害，侮辱，攻击
usher	'ʌʃә	n. 引座员，招待员vt. 引导，招待vi. 作招待员
contraction	kәn'trækʃәn	n. 收缩，缩写式，害病[医] 收缩; 挛缩; 牙弓内缩
discriminate	dis'krimineit	v. 区别，差别待遇
upright	'ʌprait	a. 正直的，诚实的，公正的，垂直的，竖式的[化] 立杆
pearl	pә:l	n. 珍珠，珠灰色，杰出者，珍贵之物vt. 用珍珠镶，使成珠状vi. 成珠子状，采珍珠，用珍珠做
factual	'fæktʃuәl	a. 事实的，实际的[法] 事实的，与事实有关的，实际的
submarine	'sʌbmәri:n	n. 潜水艇，海底生物a. 海中的，生长在海中的vt. 用潜水艇攻击vi. 在下疾行，在下滑动
proliferation	.prәulifә'reiʃәn	n. 增殖，激增[医] 增生，增殖
sideways	'saidweiz	adv. 向旁边，向侧面地a. 旁边的，向侧面的
bloom	blu:m	n. 花，开花，青春，钢块vi. 开花，焕发青春，茂盛vt. 使茂盛，把……轧成钢坯
perimeter	pә'rimitә	n. 周长，周界，边缘[医] 周，周边，周界线; 周长; 视野计
proximity	prɒk'simiti	n. 接近，亲近
lettuce	'letis	n. 莴苣，生菜，纸币[医] 莴苣
brace	breis	n. 支柱，曲柄，支撑，一对vt. 紧缚，支撑，激励vi. 打起精神[计] 花括号
perfume	'pә:fju:m	n. 香水，香气，（悦人的）气氛，美名vt. 洒香水于，薰香，使充满香气
symbolize	'simblaiz	vt. 符号化，用符号表现vi. 采用象征，使用符号
consequent	'kɒnsikwәnt	n. 随后发生的事情，结果a. 作为结果的，合乎逻辑的
rivalry	'raivlri	n. 竞争，对抗[医] 拮抗
sermon	'sә:mәn	n. 说教，启示，布道
progression	prә'greʃәn	n. 前进，连续，级数[医] 进行，前进，步态
refine	ri'fain	vt. 精炼，净化，使优雅，使精炼vi. 被精炼，被净化
volatile	'vɒlәtail	a. 挥发性的，可变的，不稳定的，飞行的，轻快的，爆炸性的n. 有翅动物，挥发物[计] 易失的
oval	'әuvәl	n. 椭圆形a. 卵形的，椭圆形的
rigorous	'rigәrәs	a. 严厉的，严酷的，严格的，苛刻的，严密的，精确的
synthetic	sin'θetik	n. 合成物质a. 综合（性）的，人造的，合成的
hurdle	'hә:dl	n. 障碍，跳栏，临时活动篱笆vt. 用篱笆围，越过，克服
canoe	kә'nu:	n. 独木舟，轻舟vi. 乘独木舟vt. 用独木舟运
mason	meisn	n. 泥瓦匠，共济会会员vt. 用砖瓦砌成
sturdy	'stә:di	a. 强健的，健全的[医] 羊晕倒病，羊蹒跚病
broaden	'brɒ:dn	vi. 变宽，扩大vt. 放宽，使扩大
definitive	di'finitiv	n. 限定词a. 限定的，决定性的
convoy	'kɒnvɒi. kәn'vɒi	n. 护送，护卫vt. 护航，护送
propel	prәu'pel	vt. 推进，驱使[机] 推进
enclosure	in'klәuʒә	n. 附件，围墙，围绕[化] 机壳; 外壳
replicate	'replikeit	vt. 折叠，折转，复制n. 复现试验，复制品，高八度音a. 复现的，复制的，折转的，弯回的
pest	pest	n. 令人讨厌之物，有害之物，害虫，瘟疫[医] 鼠疫，瘟疫
splash	splæʃ	n. 飞溅，污点，一点儿，溅泼声，色斑vi. 溅湿，溅开，飞溅vt. 溅，泼，使溅起水，洒，使成斑驳状
scoop	sku:p	n. 铲子，勺子，穴，口，独家新闻vt. 汲取，舀取，挖空，抢先报道
advancement	әd'vɑ:nsmәnt	n. 前进，进步，提升[医] 徙前术
stalk	stɒ:k	n. 茎，追踪，高视阔步vi. 悄悄靠近，蹑手蹑脚地走近，蔓延，高视阔步vt. 追踪，搜索
intimidate	in'timideit	vt. 威胁，恐吓[法] 恐吓，威胁，使恐惧
plague	pleig	n. 瘟疫，天罚，麻烦，灾祸vt. 折磨，使苦恼，使得灾祸
expire	ik'spaiә	vi. 期满，呼气，断气vt. 呼出
flora	'flɒ:rә	n. 植物群[医] 植物区系，植物丛，植物群，菌丛
catastrophe	kә'tæstrәfi	n. 大灾难，大祸[化] 突变
messy	'mesi	a. 散乱的，污秽的，麻烦的
unpredictable	.ʌnpri'diktәbl	a. 不可预知的
stark	stɑ:k	a. 僵硬的，完全的，刻板的，明显的，荒凉的，结实的adv. 突出地，简直，全然
lucrative	'lu:krәtiv	a. 有利益的，获利的，合算的
transcend	træn'send	vt. 超越，胜过
resistant	ri'zistәnt	n. 抵抗者，反抗者a. 抵抗的，反抗的，耐……的
complementary	.kɒmpli'mentәri	a. 补充的，补足的[经] 补足的，补充的
jealousy	'dʒelәsi	n. 妒忌，猜忌，羡慕[法] 妒忌，嫉妒，猜忌
elicit	i'lisit	vt. 引出，推导出，引起
fascination	.fæsi'neiʃәn	n. 令人着迷的事物，入迷，魅力
contender	kәn'tendә(r)	n. 参赛者，争论者，斗争者，竞争者
bust	bʌst	n. 半身像，胸部，失败，殴打vt. 使爆裂，使破产vi. 爆裂，破产[计] 操作错
vibration	vai'breiʃәn	n. 振动，颤动[化] 振动
bolster	'bәulstә	n. 支持，长枕vt. 支持，支撑
elevation	.eli'veiʃәn	n. 海拔，提高，仰角[计] 仰角
vibrant	'vaibrәnt	a. 振动的，战栗的，响亮的，活跃的
sensibility	.sensi'biliti	n. 感性，感觉，情感[医] 感觉性，感受性; 感觉，感觉能力
backdrop	'bækdrɒp	n. 背景幕，背景
reformer	ri'fɒ:mә	n. 改革家，改革运动者[化] 转化炉; 转化器; 重整器; 重整炉
eruption	i'rʌpʃәn	n. 爆发，喷出物，出疹[化] 喷发
overlap	.әuvә'læp	n. 重叠，重复，部分的同时发生vt. 重叠，重复，与……同时发生vi. 迭盖，部分的同时发生[计] 重叠
libel	'laibәl	n. 以文字损害名誉，诽谤罪，侮辱v. 诽谤，中伤，损害名誉
cultivation	.kʌlti'veiʃәn	n. 教化，培养，耕作[医] 培养[法]
foil	fɒil	n. 箔，烘托，衬托vt. 贴箔于，衬托，阻止，挡开，挫败
heave	hi:v	n. 举，抛，起伏，鼓起vt. 用力举起，使举起，使鼓起vi. 抛出，起伏，喘息，凸起
clap	klæp	n. 拍手，拍手声，霹雳声，花柳病v. 鼓掌，（使）啪地关上
animated	'ænimeitid	a. 活生生的，能活动的，活泼的，欢快的
enduring	in'djuәriŋ	a. 持久的，忍耐的
curb	kә:b	n. 抑制，勒马绳，边石vt. 抑制，束缚，勒住
anthropology	.ænθrә'pɒlәdʒi	n. 人类学[医] 人类学
conquer	'kɒŋkә	vt. 克服，征服，战胜vi. 得胜
mediate	'mi:dieit	a. 居间的，间接的vt. 斡旋，调停vi. 处于中间，调解
therapeutic	.θerә'pju:tik	a. 治疗的，有益于健康的[医] 治疗的; 治疗学的
symmetry	'simitri	n. 对称，匀称[化] 对称; 对称性; 对称现象
genetically		adv. 创始，遗传学，生殖，基因，遗传，发生
weary	'wiәri	a. 疲倦的，萎靡的，厌倦的，厌烦的vt. 使疲倦，使厌烦vi. 疲乏，生厌，不耐烦
postgraduate	'pәust'^rædjuit, 'pәust'^rædʒuit	a. 大学毕业后的，大学研究院的n. 研究生
millionaire	.miljә'nєә	n. 百万富翁，大富豪[经] 大资本家，巨富，百万富翁
scarce	skɑ:s	a. 难得的，稀罕的，缺乏的
charitable	'tʃæritәbl	a. 大慈大悲的，宽厚的，慈善的[法] 慈善的，慷慨的，宽恕的
barbecue	'bɑ:bikju:	n. 烤肉vt. 烤肉，烧烤
indemnity	in'demniti	n. 赔偿，保障，补偿，赦免，保护[经] 赔偿，补偿，赔偿金
pervasive	pә'veisiv	a. 普遍的，流行的，到处蔓延的，到处渗透的
displace	dis'pleis	vt. 移置，替换，转移
polar	'pәulә	a. 两极的，极地的，正好相反的，极性的n. 极线，极面
oracle	'ɒ:rәkl	n. 神谕，神谕处，预言
bilateral	bai'lætәrәl	a. 有两边的，双边的，双方的[医] 两侧的
pending	'pendiŋ	a. 未决定的，待决的，行将发生的，向外伸出的prep. 在等待……之际，直到……时为止，在……期间，在……过程中
linguistics	liŋ'gwistiks	n. 语言学
void	vɒid	n. 空虚，空间，空白，空隙，空虚感a. 空的，无效的，无人的，没有的，无用的[计] 脱墨; 空白点
granite	'grænit	n. 花岗岩[化] 花岗岩
erode	i'rәud	vt. 腐蚀，侵蚀vi. 受腐蚀
syrup	'sirәp	n. 糖浆，果汁[化] 糖浆剂
beverage	'bevәridʒ	n. 饮料[化] 饮料（如牛奶、茶、咖啡、啤酒等）
mimic	'mimik	a. 模仿的，摹拟的n. 效颦者，模仿者，小丑，仿制品vt. 模仿，摹拟
pierce	piәs	vt. 刺穿，穿透，打眼于，洞悉，（声音）响彻，（亮光）照进，深深地打动vi. 刺入，穿入，透入，进入
hybrid	'haibrid	n. 混血儿，杂种，混合物a. 混合的，杂种的，混合语的[计] NetWare的主机实用程序，双重用户建立程序
beforehand	bi'fɒ:hænd	adv. 预先
admittedly	әd'mitidli	adv. 公认地，诚然
prairie	'prєәri	n. 大草原，草甸
foul	faul	a. 污秽的，邪恶的，恶臭的，肮脏的，恶劣的，淤塞的vt. 弄脏，妨害，污蔑，犯规，淤塞vi. 腐烂，犯规，缠结adv. 违反规则地，不正当地n. 犯规，缠绕
commuter	kә'mju:tә	n. 乘公共车辆上下班者，月季票乘客[经] 非（当地）居民
dubious	'dju:biәs	a. 可疑的，不确定的
drastic	'dræstik	a. 激烈的[医] 峻泻药，剧烈的
surpass	sә'pɑ:s	vt. 超越，凌驾，胜过
contradict	.kɒntrә'dikt	vt. 反驳，与……抵触，与……矛盾vi. 反驳
muscular	'mʌskjulә	a. 强壮的，肌肉发达的，有力的[医] 肌的; 肌肉发达的
compliment	'kɒmplimәnt	n. 称赞，恭维，敬意vt. 称赞，褒扬，恭维
commute	kә'mju:t	vt. 交换，折偿，减轻vi. 代偿，经常乘车来往
temporal	'tempәrәl	a. 时间的，暂时的，现世的，世俗的，颞的，太阳穴的n. 世间万物，教会财产
pluck	plʌk	n. 勇气，猛拉，动物内脏vt. 摘，猛拉，拔，拉，扯，采vi. 拉，拽
lunar	'lu:nә	a. 阴历的，月的，微亮的（指光）[医] 月的，银的
demise	di'maiz	n. 崩，薨，死亡vt. 让渡，遗赠，转让
enrich	in'ritʃ	vt. 使富足，使肥沃
overwhelmingly	.әuvә'hwelmiŋli	adv. 压倒性地，不可抵抗地
plainly	'pleinli	adv. 清楚地，明白地，简单地，朴素地，直率地，坦白地
crater	'kreitә	n. 火山口，环行山，弹坑[化] 焊口; 火山石; 弧坑; 焰口
pamphlet	'pæmflit	n. 小册子，活页文选
scout	skaut	n. 守候，侦察，搜索，侦察员，侦察机vi. 守候，侦察，巡视，嘲笑vt. 侦察，跟踪，发现，监视，嘲弄
sow	sau. sәu	n. 母猪，懒胖女人vt. 播种，散布，使密布vi. 播种
wrestling	'resliŋ	n. 摔跤
comprehend	.kɒmpri'hend	vt. 理解，包括
prosperous	'prɒspәrәs	a. 成功的，繁盛的，幸运的[经] 繁荣的，昌盛的
squirrel	'skwә:rәl	n. 松鼠，松鼠毛皮vt. 贮藏
preferable	'prefәrәbl	a. 更可取的，更好的，更合意的
plight	plait	n. 困境，窘境vt. 宣誓，保证
responsive	ri'spɒnsiv	a. 回答的，应答的，易感应的
lurk	lә:k	n. 潜伏，潜行vi. 暗藏，潜伏，埋伏[计] 隐匿阅读
inclination	.inkli'neiʃәn	n. 倾向，趋向，倾斜度，点头[化] 倾角
loosely	'lu:sli	adv. 松弛地，宽松地，不紧
deceive	di'si:v	v. 欺骗，行骗
accidental	.æksi'dentl	a. 意外的，偶然的，非主要的，附属的n. 临时记号，次要方面
evacuate	i'vækjueit	v. 疏散，撤出，排泄
wreck	rek	n. 失事，残骸，破坏vt. 使失事，拆毁，破坏vi. （船）失事，营救失事船只
squash	skwɒʃ	n. 挤压，压碎的东西，南瓜属植物，拥挤的人群vt. 压扁，镇压，压制vi. 被压扁，发溅泼声，挤入
famine	'fæmin	n. 饥荒，缺乏，饥饿
legion	'li:dʒәn	n. 军团，军队，众多的人
ignorant	'ignәrәnt	a. 无知识的，不知道的，由无知产生的[法] 无知的，愚昧的，不知情的
affiliate	ә'filieit	vt. 使紧密联系，使附属，接纳，收养vi. 发生联系，参加
elusive	i'lu:siv	a. 难懂的，易忘的，难以捉摸的
energetic	.enә'dʒetik	a. 精力充沛的，积极的
dodge	dɒdʒ	v. 避开，躲避n. 诡计，躲藏
susceptible	sә'septәbl	a. 易受影响的，易感动的，容许……的[法] 易感的，易受影响的，容许
claw	klɒ:	n. 爪，螯，抓伤v. 用爪抓，挖，搜刮
frost	frɒst	n. 霜，冰冻，冷漠vt. 覆着霜，冻结，结霜vi. 受冻，起霜
marvelous	'mɑ:vәlәs	a. 令人惊异的，了不起的，不平常的
mercury	'mә:kjuri	n. 水银，汞，使者[化] 汞Hg
skepticism	'skeptisizm	n. 怀疑论[医] 多疑癖
laborer	'leibәrә	n. 体力劳动者，辅助工[机] 劳动者
immunity	i'mju:niti	n. 免疫，免疫性，免除[化] 免疫性
planetary	'plænitri	a. 行星的，流浪的，迁移不定的，地球上的，现世的
endeavour	in'devә	n. 努力，力图，尽力vi. 努力，力图，尽力
tornado	tɒ:'neidәu	n. 旋风，龙卷风，大雷雨
wholesale	'hәulseil	n. 批发a. 批发的，大规模的adv. 大规模，照批发方式vi. 经营批发业，批发vt. 批发
camel	'kæml	n. 骆驼，打捞浮筒
sinister	'sinistә	a. 不吉利的，凶恶的，左边的[医] 左的
diversion	dai'vә:ʒәn	n. 转移[医] 转向
shipment	'ʃipmәnt	n. 装船，出货[经] 运送，运送（寄出）货物，装载
accompanying		a. 随同的，附见的
bitterness	'bitәnis	n. 苦味，悲痛，怨恨
withstand	wið'stænd	vt. 抵住，顶住，经得起
irrigation	.iri'geiʃәn	n. 灌溉，冲洗[医] 冲洗法，灌溉
unstable	.ʌn'steibl	a. 不稳定的
extinction	ik'stiŋkʃәn	n. 消失，消灭，废止[化] 消光; 熄灭
helper	'helpә	n. 帮忙者，有益的东西[机] 助手
impetus	'impitәs	n. 动力，推动力，动量[医] 冲动，动能，起始（病）
lumber	'lʌmbә	n. 木材，破旧家俱，废物，隆隆声vt. 砍伐木材，乱堆vi. 笨拙地移动，喧闹地向前走，隆隆地移动
harmless	'hɑ:mlis	a. 无害处的，未受损害的，无辜的，无恶意的[法] 无害的，无恶意的，无损害的
glossy	'glɒ:si	a. 平滑的，有光泽的
prevalent	'prevәlәnt	a. 普遍的，流行的
gloomy	'glu:mi	a. 抑沉的，忧闷的，黑暗的，悲观的
benign	bi'nain	a. 善良的，良性的[医] 良性的
climax	'klaimæks	n. 高潮，极点，层进法v. （使）达到顶点，（使）达到高潮
selfish	'selfiʃ	a. 自私的，利己主义的，自我中心的
renowned	ri'naund	a. 有名的，有声誉的
kidnap	'kidnæp	vt. 绑架，诱拐，拐骗[法] 拐带，诱拐，绑架
imitation	.imi'teiʃәn	n. 模仿，效法，冒充，赝品[医] 模仿，仿制，仿制品
harden	hɑ:dn	vt. 使变硬，使坚强，使冷酷vi. 变硬，变冷酷
rugged	'rʌgid	a. 高低不平的，崎岖的，粗糙的
polished	'pɒliʃt	a. 擦亮的，优雅的，精良的
apt	æpt	a. 有……倾向的，易于的，恰当的，聪明的[计] 自动数控语言，自动图象传输，自动程序控制，自动程序设计工具
earnest	'ә:nist	n. 定金，诚挚，认真a. 认真的，热心的，重要的
hurl	hә:l	n. 用力的投掷vt. 用力投掷，发射，愤慨地说出，丢下vi. 猛投，猛掷
optimal	'ɒptimәl	a. 最佳的，最理想的[化] 最优的
grievance	'gri:vәns	n. 委屈，冤情，苦况[经] 不满（对雇用条件的）
discontent	.diskәn'tent	n. 不满
preclude	pri'klu:d	vt. 预先排除，预防，阻止，妨碍[法] 预防，排除，消除
staple	'steipl	n. 主要产物，常用品，主要要素，原料，订书钉，钩环a. 主要的，重要的vt. 分级，钉住
autobiography	.ɒ:tәubai'ɒgrәfi	n. 自传
stagger	'stægә	n. 蹒跚，踌躇vi. 蹒跚，犹豫vt. 使摇摆，使踌躇，交错，错开a. 交错的，错开的
irregular	i'regjulә	n. 不规则物，不合规格之物a. 不规则的，不整齐的，不合法的
hollow	'hɒlәu	n. 洞，窟窿，山谷a. 空的，虚伪的，空腹的，凹的vi. 形成空洞vt. 挖空
rinse	rins	n. 清洗，染发，染发剂vt. 以清水冲洗，漱，漂清vi. 被漂净
interpersonal	.intә'pә:sәnәl	a. 人与人之间的，人际（关系）的[法] 人与人之间的，需要与他人接触的
coarse	kɒ:s	a. 粗糙的，下等的，粗俗的[计] 粗略的
chiefly	'tʃi:fli	adv. 主要地
sunglasses		n. 太阳镜，墨镜，太阳眼镜
appealing	ә'pi:liŋ	a. 有感染力的，动人的，恳求的
relentless	ri'lentlis	a. 无情的，冷酷的，残酷的
crumble	'krʌmbl	v. （使）粉碎，（使）成为碎屑，瓦解，崩溃，败落
canopy	'kænәpi	n. 天篷，遮篷，苍穹vt. 用天蓬遮盖
impatient	im'peiʃәnt	a. 不耐烦的，着急的，急切的
oriental	.ɒ:ri'entl	n. 东方人，亚洲人a. 东方诸国的，亚洲的，东方的
merchandise	'mә:tʃәndaiz	n. 商品，货物v. 交易，买卖
maternal	mә'tә:nl	a. 母亲的，母系的，母方的[医] 属母的，母的，母性的
deception	di'sepʃәn	n. 欺骗，诡计[法] 瞒骗，诈欺，欺骗
herald	'herәld	n. 使者，传令官，先驱vt. 预报，宣布，传达，欢呼
blunt	blʌnt	a. 钝的，坦率的，麻痹的
excel	ik'sel	vt. 胜过，优于，擅长vi. 胜过其他
fungus	'fʌŋgәs	n. 真菌，真菌类植物[医] 真菌，霉菌，, 蕈，海绵肿
axe		n. 斧，斧头vt. 削减（人员、经费、计划、机构等）
accidentally	.æksi'dentli	adv. 偶然地，意外地
graze	greiz	n. 吃草，放牧，擦伤，轻擦v. （使）吃草，放牧，轻擦，擦伤
astronomical	.æstrә'nɒmikl	a. 天文学的，庞大的
cautiously	'kɒ:ʃәsli	adv. 慎重地
hue	hju:	n. 样子，色度，色彩，叫声，色调[计] 色调
compass	'kʌmpәs	n. 指南针，范围，音域vt. 包围，达到，图谋，理解
spacious	'speiʃәs	a. 广大的，宽广的
intercept	.intә'sept	n. 截取，妨碍，截距vt. 拦截，阻止，截取
postal	'pәustl	a. 邮政的，邮局的[经] 邮政的
acceleration	әk.selә'reiʃәn	n. 加速，促进，加速度[化] 加速度
celebrated	'selibreitid	a. 驰名的，有名的
filthy	'filθi	a. 污秽的，丑恶的
pave	peiv	vt. 铺设，安排，铺满，为……铺路[化] 铺设
glide	glaid	n. 滑动，滑过，流水vi. 滑动，滑翔，溜走，流逝vt. 使滑动
radius	'reidiәs	n. 半径，范围，辐射光线[电] 半径
infectious	in'fekʃәs	a. 有传染性的，易传染的[医] 传染性的
novice	'nɒvis	n. 新手，初学者
plaza	'plɑ:zә	n. 广场，市场，购物区
awe	ɒ:	n. 敬畏vt. 使敬畏
contradictory	.kɒntrә'diktәri	a. 反驳的，反对的，抗辩的n. 矛盾因素，对立物
myriad	'miriәd	n. 无数，无数的人（或物）a. 无数的，种种的
residual	'rezidju:l	a. 残渣的，剩余的n. 残渣，剩余，余数
equate	i'kweit	vt. 使相等，视为平等vi. 等同
stew	stju:	n. 炖，烦恼，热浴，妓院，鱼塘vi. 炖，焖，忧虑vt. 炖，焖，使焦虑
shuffle	'ʃʌfl	n. 拖着脚走，曳步，混乱，蒙混，洗纸牌v. 拖曳，马虎地做，笨手笨脚地穿（脱）衣，推诿，洗牌[计] 混洗
blaze	bleiz	n. 火焰，烈火，光辉vi. 燃烧，发光vt. 使燃烧，宣布，在树皮上刻痕
sovereign	'sɒvrin	n. 元首，独立国a. 具有主权的，至高无上的，国王的，完全的
airborne	'єәbɒ:n	a. 升空的，空运的，空中传播的，空降的
harass	'hærәs	vt. 使困扰，使烦恼，折磨
ethic	'eθik	n. 道德规范，伦理
embarrass	im'bærәs	vt. 使困窘，使局促不安，阻碍
endanger	in'deindʒә	vt. 危及[法] 使危险，危及
paralyze	'pærәlaiz	vt. 使瘫痪，使麻痹[医] 使麻痹，使瘫痪
markedly	'mɑ:kidli	adv. 显著地，醒目地，明显地
thermal	'θә:ml	a. 热的，热量的，温泉的n. 上升温暖气流
fasten	'fɑ:sәn	vt. 拴紧，使固定，系，集中于，强加于vi. 扣紧
navigation	.nævi'geiʃәn	n. 航行，航海，导航[经] 航空，航海，航船
scarlet	'skɑ:lit	n. 猩红色，绯红色，红衣a. 绯红色的，鲜红色的
footpath	'futpæθ	n. 步道，人行道，小路
unload	.ʌn'lәud	vi. 卸货vt. 从……卸下，摆脱……之负担，倾销，卸（货）[计] 卸载
dental	'dentl	a. 牙齿的[医] 牙的，齿的，齿音，齿音字母
affluent	'æfluәnt	a. 丰富的，富裕的n. 支流，富人
cozy	'kәuzi	a. 舒适的，安逸的，惬意的n. （茶壶等的）保暖罩，舒适的座位vt. 以假话使安心
terminology	.tә:mi'nɒlәdʒi	n. 术语，术语学[医] 名词学，命名法
tangible	'tændʒәbl	n. 可触知的东西，有形资产a. 可触摸的，有实体的，非相像的，有形的，明确的
feat	fi:t	n. 壮举，功绩，技艺表演a. 灵巧的，合适的，整洁的
militant	'militәnt	a. 好战的
dwell	dwel	vi. 居住，居住（于）, 存在（于）
seam	si:m	n. 缝合线，衔接口，接缝，线缝，伤疤vt. 缝合，接合，焊合，使留下伤痕vi. 裂开，发生裂痕
naughty	'nɒ:ti	a. 顽皮的，没规矩的，不适当的，下流的
hardy	'hɑ:di	a. 难的，艰苦的，坚硬的，勇敢的adv. 努力地，辛苦地，坚硬地
spinach	'spinitʃ	n. 菠菜，货币，胡说八道
defective	di'fektiv	a. 有缺陷的，欠缺的n. 有缺陷的人，不完全变化词
mortar	'mɒ:tә	n. 臼，研钵，灰泥vt. 用灰泥涂抹，用灰泥结合
deterrent	di'tә:rәnt	a. 制止的，威慑的，遏制的n. 威慑力量（或因素）, 制止物
dialect	'daiәlekt	n. 方言，同源语
huddle	'hʌdl	n. 杂乱一团，混乱，拥挤vt. 把……挤在一起，乱堆，草率了事，蜷曲vi. 挤作一团，蜷缩
infer	in'fә:	vt. 推论出，推断vi. 作推论
constellation	.kɒnstә'leiʃәn	n. 星座，荟萃[化] 构象
maneuver	mә'nu:vә	n. 演习，调遣，策略v. 调遣，演习，用计
fort	fɒ:t	n. 堡垒，要塞，易货站vt. 设要塞保卫vi. 设要塞
smack	smæk	n. 风味，滋味，少量，拍击声，咂嘴声，小渔船，海洛因vi. 有味道，咂嘴，发出拍击声vt. 拍，打，掴，咂，出声地吻adv. 啪地一声，猛然
jug	dʒʌg	n. 水壶，监牢，模仿夜莺的叫声vt. 放入壶中，炖，关押vi. 模仿夜莺叫
reed	ri:d	n. 芦苇，芦笛，簧舌，纤弱的人vt. 用芦苇盖，用小凸嵌线装饰
provocative	prә'vɒkәtiv	a. 激发感情的，挑拨的，刺激的n. 刺激物，挑拨物，兴奋剂
batter	'bætә	v. 连续猛打（尤其指妇女），猛击n. 面糊（食物），击球员，打击手
dart	dɑ:t	n. 飞镖，投射vt. 投射vi. 疾走，突进
wax	wæks	n. 蜡，蜡状物，一阵发怒，增加，（月亮）渐盈vi. 变大，增大，月亮渐满vt. 上蜡于
levy	'levi	n. 税款，所征的人数，征收vi. 征税，课税vt. 征收，强求，召集
graceful	'greisful	a. 优美的
delta	'deltә	n. 三角洲，希腊字母的第四个字[医] δ（希腊文的第四个字母）, 丁种，三角，三角形区
orchard	'ɒ:tʃәd	n. 果园，果树林
subsidize	'sʌbsidaiz	vt. 补助，资助，贿赂[经] 资助，津贴，给……补助金
fingertip	'fiŋgәtip	n. 指尖，指套
exemplify	ig'zemplifai	vt. 例证，例示[法] 制作经公章证明的誊本，例证
shovel	'ʃʌvl	n. 铲，铁铲v. 铲
endowment	in'daumәnt	n. 捐助，天赋，才能[经] 捐赠，捐款，养老金
intricate	'intrikit	a. 复杂的，错综的，缠结的，难懂的
construe	kәn'stru:	vt. 解释，分析，对……逐字直译vi. 作句法分析n. 直译
renovation	.renәu'veiʃәn	n. 革新，刷新，修理[化] 改建
mural	'mjuәrәl	a. 壁的，壁上的，壁似的n. 壁画
glue	glu:	n. 胶，粘性物vt. 粘合，胶合
burglar	'bә:glә	n. 窃贼[法] 夜盗，窃贼，盗窃者
visibility	.vizi'biliti	n. 可见性，能见度，能见距离[计] 可见性
adjourn	ә'dʒә:n	vi. 休会，换地方vt. 使中止，推迟
microscope	'maikrәuskәup	n. 显微镜[化] 显微镜
parasite	'pærәsait	n. 寄生生物，寄生虫，食客[医] 寄生物; 寄生胎
frenzy	'frenzi	n. 疯狂，狂暴，狂怒[医] 暴怒，狂乱
shining	'ʃainiŋ	a. 光亮的，华丽的
latent	'leitnt	a. 潜伏性的，隐藏的n. 隐约指纹
baggage	'bægidʒ	n. 行李[经] 行李
veto	'vi:tәu	n. 否决权vt. 否决，禁止
foliage	'fәuliidʒ	n. 树叶，植物
archaeology	.ɑ:ki'ɒlәdʒi	n. 考古学
veil	veil	n. 面纱，面罩，借口，幕，帐，遮蔽物vt. 戴面纱，隐藏，遮蔽，掩饰vi. 蒙上面纱
renewable	ri'nju(:)әbl	a. 可更新的，可恢复的，可继续的，可换新的，可重复的，可重说的[计] 可更新，可再生的
gentry	'dʒentri	n. 贵族们
volcanic	vɒl'kænik	a. 火山的，猛烈的n. 火山岩
deposition	.depә'ziʃәn	n. 免职，作证，沉淀[化] 沉积
numerical	nju:'merikl	a. 数字的，数值的，以数字表示的，擅长于计数的[经] 数字的，用数字表示的
sunrise	'sʌnraiz	n. 日出，黎明，拂晓
scripture	'skriptʃә	n. 圣经，圣经的一节，圣经的一句，铭文
penal	'pi:nl	a. 有关处罚的，刑的，刑罚的，刑法上的，（课税）繁重的[法] 刑事的，刑法的，受刑罚的
reconstruct	.ri:kәns'trʌkt	vt. 重建，改造[化] 按原样修复
elimination	i.limi'neiʃәn	n. 除去，消除，消灭[化] 消去; 脱去
friction	'frikʃәn	n. 摩擦，摩擦治疗，不和[医] 摩擦
flicker	'flikә	n. 闪烁，闪光，颤动vi. 闪动，闪烁，摇动，扑动翅膀vt. 使摇曳，使闪烁
lateral	'lætәrәl	n. 侧部，支线，边音a. 侧面的，旁边的
knowledgeable	'nɒlidʒәbl	a. 聪明的，有知识的
cardinal	'kɑ:dinәl	n. 红衣主教，鲜红色a. 主要的，深红色的
offshore	ɒ:f'ʃɒ:	a. 海面的，吹向海面的，近海的adv. 向海面
pollutant	pә'lu:tәnt	n. 污染物质[法] 污染物
dispatch	dis'pætʃ	vt. 派遣n. 派遣，急件[计] 调度
hatch	hætʃ	n. 孵化，舱口vt. 孵，孵出，策划vi. 孵化
gradient	'greidiәnt	n. 倾斜度，梯度，坡度，斜率a. 渐升的，渐降的，步行的
raft	ræft	n. 筏，救生筏，大量vi. 乘筏vt. 筏运，制成筏
upland	'ʌplәnd	n. 山地，高地，高原a. 高地的，山地的
arthritis	ɑ:'θraitis	n. 关节炎[医] 关节炎
shifting	'ʃiftiŋ	[计] 移位，移位操作
cram	kræm	vt. 塞满，填满，猛吃vi. 贪吃n. 极度拥挤，死记硬背
nutritional	nju: 'triʃәnәl	a. 营养的，滋养的[医] 营养的
spike	spaik	n. 长钉，鞋钉，钉状物，尖峰状物，穗vt. 以大钉钉牢，用尖物刺穿，阻止，弃置不用[计] 尖峰信号
feminism	'feminizm	n. 女权主义，男女平等主义[医] 男子女性
palette	'pælit	n. 调色板，颜料[计] 调色板
lament	lә'ment	n. 悲叹，悔恨，恸哭，挽歌，悼词vt. 哀悼vi. 悔恨，悲叹
ignite	ig'nait	vt. 点燃，使灼热，使兴奋
alternate	'ɒ:ltәnәt	a. 交替的，轮流的，间隔的v. 轮流，（使）交替
bully	'buli	n. 欺凌弱小者，土霸vt. 威胁，恐吓，欺负vi. 欺负a. 特好的，第一流的adv. 十分
contaminate	kәn'tæmineit	vt. 弄污，弄脏，污染，毒害[化] 污染
vowel	'vauәl	n. 元音a. 元音的
startling	'stɑ:tliŋ	a. 令人吃惊的
alumnus	ә'lʌmnәs	n. 男毕业生，男校友
chaotic	kei'ɒtik	a. 混乱的，无秩序的[法] 混乱的，混沌的
arbitration	.ɑ:bi'treiʃәn	n. 仲裁，公断[计] 仲裁
sober	'sәubә	a. 未醉的，稳重的，节制的，严肃的，不夸大的，合理的，朴素的vt. 使醒酒，使严肃vi. 从醉里醒来，变严肃
glowing	'glәuiŋ	a. 白热的，灼热的，通红的，鲜艳的[化] 辉光
impair	im'pєә	vt. 损害，减少，削弱[法] 损害，伤害，减少
hazel	'heizl	n. 榛子，榛树，淡褐色a. 榛树的，淡褐色的
frantic	'fræntik	a. 狂乱的，疯狂的
charcoal	'tʃɑ:kәul	n. 木炭[化] 木炭
intrinsic	in'trinsik	a. 本质的，原有的，真正的[医] 内部的，内在的
starve	stɑ:v	v. （使）饿死，（使）挨饿
reclaim	ri'kleim	vt. 开垦，改造，感化，纠正，回收vi. 喊叫，抗议
sewer	'su:ә	n. 下水道，阴沟，裁缝师vt. 用下水道排，铺设下水道于
fertile	'fә:tail	a. 可繁殖的，肥沃的，生产多的[医] 能生育的
wield	wi:ld	vt. 挥舞，运用
daunting	'dɒ:ntiŋ	a. 使人畏缩的
disgust	dis'gʌst	n. 厌恶，嫌恶vi. 令人厌恶vt. 使作呕
doom	du:m	n. 厄运，不幸，法律，宣告，判决，死亡vt. 命中注定，判决
larva	'lɑ:vә	n. 幼虫[医] 幼虫（昆虫）, 蚴（蠕虫）
tentacle	'tentәkl	n. 触须，触手，触角[医] 触角，触须
rancher	'ræntʃә	n. 大农场经营者，牧场工人
respiratory	ri'spaiәrәtәri	a. 呼吸的[医] 呼吸的
insulin	'insjulin	n. 胰岛素[化] 胰岛素
hamburger	'hæmbә:gә	n. 汉堡（德国港口）, 肉饼，汉堡包，纯精牛肉，汉堡牛排
persistence	pә'sistәns	n. 固执，坚持不懈，持续（性）, 存留（状态）[电] 持久
liberate	'libәreit	vt. 解放，释放，使自由[机] 释出，放出
announcer	ә'naunsә	n. 节目报告员，宣告者
validate	'vælideit	vt. 使有效，使生效，确认，证实，验证[计] 验证
dime	daim	n. 10分硬币（美、加）
tempting	'temptiŋ	a. 诱惑人的，吸引人的
reel	ri:l	n. 卷轴，一卷，纺车，旋转，蹒跚vt. 卷……于轴上，绕，使旋转vi. 蹒跚地走，旋转，眩晕，摇晃，退缩[计] 卷; 盘
recollection	.rekә'lekʃәn	n. 记忆，回想，回忆
alleviate	ә'li:vieit	vt. 减轻，使缓和
plank	plæŋk	n. 厚木板，支架，木板制品，冲浪板，救急物，政纲条目vt. 在……上铺板，撂下，立即付款
disregard	.disri'gɑ:d	n. 忽视，漠视vt. 忽视，不顾
protagonist	prәu'tægәnist	n. 主人公，主角，领导者
detach	di'tætʃ	vt. 使分离，分遣[机] 摘下，分离，卸下
hinder	'hindә	a. 后面的v. 阻碍，打扰
mock	mɒk	n. 嘲笑，戏弄，模仿a. 假的，伪造的，模拟的adv. 虚伪地vt. 嘲弄，模仿，使失望，欺骗，挫败vi. 嘲弄
sharpen	'ʃɑ:pn	vt. 使尖锐，使敏捷，加重，削尖vi. 尖锐化，变锋利
escalate	'eskәleit	vi. 逐步扩大，逐步升高，逐步增强vt. 使逐步上升
pleasing	'pli:ziŋ	a. 令人喜爱的，愉快的，舒适的
scrub	skrʌb	n. 用力擦洗，矮树，矮人，渺小之物vt. 用力擦洗，擦掉，摩擦vi. 擦洗干净，进行手臂消毒a. 次等的，矮小的，非正规球队的，临时凑合的
indifferent	in'difәrәnt	a. 漠不关心的，无重要性的，中立的[医] 中性的，无作用的，无亲和力的，淡漠的
foe	fou	n. 仇敌，反对者，敌人，对手
detached	di'tætʃt	a. 超然的，分离的，冷淡的[法] 分遣的，派遣的，分离的
stubborn	'stʌbәn	a. 顽固的，不听话的，执拗的，棘手的
rubble	'rʌbl	n. 粗石，碎砖，粗石堆
tentative	'tentәtiv	n. 试验a. 试验性的，暂时的
avert	ә'vә:t	vt. 转开，避免，防止
cavity	'kæviti	n. 洞，空穴，腔[化] 空穴
conjunction	kәn'dʒʌŋkʃәn	n. 连接词，联合，结合[计] 合取
novelty	'nɒvәlti	n. 新奇，新鲜，新奇的事物
outdoors	'aut'dɒ:z	n. 户外，野外活动adv. 在户外，在野外
continual	kәn'tinjuәl	a. 持续不断的，继续的[建] 连续的
troubling		n. 浊度；浑浊度
conjure	'kʌndʒә	vt. 念咒文召唤，变戏法，想象vi. 变戏法，施魔法
crave	kreiv	v. 渴望，热望，恳求
packed		a. 充满……的，满座的，挤得满满的，压坚实的，塞满了……的，挤满了人的，拥挤的[计] 压缩的，装配的
mend	mend	n. 改进，修补，好转vt. 修改，改进，加快，修理vi. 好转，改善
digest	di'dʒest	n. 文摘vi. 消化vt. 消化，理解[计] 摘要
vicinity	vi'siniti	n. 附近，邻近，附近地区，近处[法] 附近，邻近，附近地区
runoff	'rʌnɒf	n. 径流（量）, 决赛，决定性竞选
menace	'menis	n. 威胁，胁迫v. 威吓，胁迫
accustom	ә'kʌstәm	vt. 使习惯于
ruthless	'ru:θlis	a. 无情的，残忍的，毫不留情的，彻底的[法] 无情的，残忍的
collide	kә'laid	vi. 碰撞，互撞，抵触
rehearse	ri'hә:s	vt. 预演，排演，使熟练掌握，练习，复述vi. 排练，练习，演习
reap	ri:p	vt. 收割，收获，获得vi. 收割，得到报应
fume	fju:m	n. 臭气，烟，激怒vt. 熏vi. 冒烟
commend	kә'mend	vt. 嘉奖，委托给，推荐
astonished		a. 吃惊的
arrogant	'ærәɡәnt	a. 自大的，傲慢的
facade	fә'sɑ:d	n. 建筑物的正面，外观，表面
playwright	'pleirait	n. 剧作家
vent	vent	n. 排气口，出口，通风孔，发泄vt. 发泄，排出，给……开孔
eclipse	i'klips	n. 日食，月食，（地位名誉等的）消失vt. 引起日食，引起月食，使黯然失色
peril	'peril	n. 危险，冒……之险，险境，险因vt. 置……于险境，冒险，危及
refined	ri'faind	a. 精炼的，优雅的，精细的[医] 精制过的，精练过的
bruise	bru:z	n. 青肿，挫伤，擦伤vi. 受伤，擦伤vt. 使受伤，研碎
stifle	'staifl	vt. 使窒息，抑止，扼杀vi. 窒息，被扼杀
wade	weid	vi. 跋涉vt. 涉水n. 跋涉，浅滩
poultry	'pәultri	n. 家禽
bankrupt	'bæŋkrʌpt	n. 破产者a. 破产的vt. 使破产
conserve	kәn'sә:v	n. 蜜饯，果酱vt. 保存，使（能量等）守恒
patriotic	.peitri'ɒtik	a. 爱国的，有爱国心的[法] 爱国的，有爱国心的
genetics	dʒi'netiks	n. 遗传学[化] 遗传学
perpetuate	pә'petjueit	vt. 使永存，使不朽，保持
ornament	'ɒ:nәmәnt	n. 装饰，点缀品，教堂用品vt. 装饰，修饰
relic	'relik	n. 遗物，遗迹，纪念物，遗风，残留物
exhausted	iɡ'zɔ:stid	a. 耗尽的；疲惫的
infamous	'infәmәs	a. 无耻的，不名誉的，声名狼藉的
furnishing	'fә:niʃiŋ	n. 家具，服饰品，陈设品，设备
dilute	dai'lju:t	vt. 冲淡，稀释a. 淡的，稀释的
brink	briŋk	n. 边缘，陡岸
ordeal	ɒ:'di:l	n. 严酷考验，痛苦经历，煎熬[法] 神裁判法，严酷的考验，痛苦的经验
reiterate	ri:'itәreit	vt. 反复地说，重申，反复地做[法] 重述，重申，反覆地做
paycheck	'pei'tʃek	n. 付薪水的支票，薪水
obstruction	әb'strʌʃәn	n. 障碍，妨碍，闭塞物[医] 梗阻，不通
eccentric	ik'sentrik	n. 怪人，偏心圆a. 古怪的，反常的，不同圆心的
breakup	'breikʌp	n. 分裂，崩溃，解散，解体[电] 停止
recede	ri'si:d	vi. 向后退，退却，收回，降低，减弱[医] 退缩
abound	ә'baund	vi. 大量存在，富于，充满
roast	rәust	n. 烤肉，烘烤，嘲笑a. 烘烤的，烤过的vt. 烤，炙，烘焙，嘲笑vi. 烤，炙，烘焙
discreet	dis'kri:t	a. 小心的，慎重的
careless	'kєәlis	a. 粗心的，不关心的，无忧无虑的
plummet	'plʌmit	n. 测深锤，铅坠vi. 垂直落下
boredom	'bɒ:dәm	n. 厌烦，厌倦，令人厌烦的事物
lust	lʌst	n. 贪欲，欲望，色欲vi. 贪求，渴望，动淫念
masterpiece	'mɑ:stәpi:s	n. 杰作，名著
maze	meiz	n. 迷宫，迷惘vt. 使迷惘，使混乱，迷失
gem	dʒem	n. 珠宝，宝石，珍贵之物vt. 饰以宝石
pronounced	prә'naunst	a. 发出音的，读出来的，显著的，断然的，明显的[法] 显著的，明显的，明确的
authoritative	ɒ:'θɒritәtiv	a. 权威性的，官方的，命令式的[法] 官方的，当局的，权威的
sheltered		a. 受庇护的，受保护的
intrusion	in'tru:ʒәn	n. 闯入，侵扰[医] [向内]突入
implicate	'implikeit	vt. 涉及，含意，暗示，牵连n. 包含的东西
demolition	.demә'liʃәn	n. 破坏，毁坏，撤销[经] 拆毁（除，破坏）
obedience	ә'bi:djәns	n. 服从，顺从，忠实[法] 服从，顺从，遵从
periodic	.piәri'ɒdik	a. 周期的，定期的，间歇（性）的，循环的，用完整句的，高碘的[医] 周期性的
outgoing	'autgәuiŋ	n. 外出，开支，流出a. 喜欢外出的，即将离职的，乐于助人的
adore	ә'dɒ:	vt. 崇拜，爱慕，喜爱vi. 崇拜，爱慕
slippery	'slipәri	a. 滑的，光滑的，靠不住的，圆滑的，不稳固的[法] 狡猾的，不可靠的，不安定的
drawback	'drɒ:bæk	n. 缺点，退税[法] 退款，退税
discern	di'zә:n	v. 辨别，看清楚，了解
apprehension	.æpri'henʃәn	n. 理解，忧惧，逮捕[医] 领会
solicit	sә'lisit	v. 请求，乞求，招揽，征求
anguish	'æŋgwiʃ	n. 剧痛，痛苦vt. 使极痛苦vi. 感到痛苦
informed	in'fɒ:md	a. 见多识广的
dismay	dis'mei	n. 沮丧vt. 使惊愕，使气馁
pinch	pintʃ	n. 捏，拧，撮，少量，收缩，挤压，夹痛，苦恼，逮捕，指控，匮乏，紧急关头vt. 捏，拧，掐，挤压，修剪，使困苦，使萎缩，节制，少量加入，逮捕，勒索vi. 收缩，节省，挤压，引起苦恼
annoy	ә'nɒi	vt. 使恼怒，骚扰
speedy	'spi:di	a. 快的，迅速的[经] 快的，迅速的
uprising	'ʌpraiziŋ	n. 起义，升起[法] 起义，暴动
observatory	әb'zә:vәtәri	n. 天文台，气象台，了望台
endurance	in'djuәrәns	n. 忍耐，忍耐力，耐性[机] 持九性
identifiable	ai'dentifaiәbl	a. 可辨认的[法] 可证明为同一的，可以办清的
orderly	'ɒ:dәli	a. 有秩序的，整齐的，值班的n. 护理员，清道夫，传令兵，勤务兵adv. 依次地，顺序地
intentionally		adv. 故意地，有意地
pants	pænts	n. 裤子，长裤，短衬裤，女式运动短裤
peninsula	pi'ninsjulә	n. 半岛，突出的地方，伊比利亚半岛
flake	fleik	n. 小薄片，扁薄的一层，火星，晒鱼架子vt. 使成薄片vi. 剥落
culinary	'kʌlinәri	a. 厨房的，烹调用的
saga	'sɑ:gә	n. 传说，英雄传奇，冒险故事
rounded	'raundid	a. 圆形的，滚圆的，完整的，圆润的
explorer	ik'splɒ:rә	n. 探险家，探测者，勘探器[医] 探察器
degradation	.degrә'deiʃәn	n. 降格，堕落，退化[计] 降级
indifference	in'difәrәns	n. 不重视，无兴趣，漠不关心[法] 中立，不偏袒，不重视
cubic	'kju:bik	a. 立方体的，立方的[机] 立方的，立方体的
frail	freil	a. 脆弱的，虚弱的，意志薄弱的n. 少女，少妇，灯心草篓
autopsy	'ɒ:tәpsi	n. 验尸[医] 尸体解剖，尸体剖检
irritate	'iriteit	vt. 激怒，使发怒，使兴奋，使发炎vi. 引起不快
gigantic	dʒai'gæntik	a. 巨人般的，巨大的
repertoire	'repәtwɑ:	n. 全部剧目，全部技能，全部节目，全部作品
incompatible	.inkәm'pætәbl	a. 不相容的，不能并存的，矛盾的[化] 不协调
scrutinize	'skrutinaiz	vt.vi. 细看，仔细检查，审查，细阅[法] 细看，细阅，仔细检查
fortress	'fɒ:tris	n. 城堡，要塞vt. 筑要塞，以要塞防守
psyche	'psaiki	n. 灵魂，精神，普赛克（希腊神话中人类灵魂的化身）[医] 精神，心灵
imbalance	im'bælәns	n. 不平衡，不均衡[医] 不平衡，失调
disciple	di'saipl	n. 弟子，门徒
lizard	'lizәd	n. 蜥蜴[医] 蜥蜴
marvel	'mɑ:vl	n. 奇异事物，罕见例子vt. 惊异于vi. 惊异
tailor	'teilә	n. 裁缝，成衣匠vt. 缝制，制作，使适应vi. 做裁缝
consciously		adv. 自觉地；有意识地
refreshment	ri'freʃmәnt	n. 点心，起提神作用的事物，精神爽快
prominence	'prɒminәns	n. 突起，突出，显著，突出物，凸出[医] 隆凸，凸
brighten	'braitn	vi. 变亮，活跃vt. 使生辉，使快活
temperament	'temprәmәnt	n. 气质，性格，性情[医] 气质，禀赋
convene	kәn'vi:n	vt. 集合，召集，召唤vi. 聚集，集合
wrinkle	'riŋkl	n. 皱纹，妙计，方法，技巧vi. 起皱vt. 使起皱纹
compute	kәm'pju:t	v. 计算，估算n. 计算，估算
comprehension	.kɒmpri'henʃәn	n. 理解，包含
glamorous	'glæmәrәs	a. 富有魅力的，迷人的
aspire	ә'spaiә	vi. 渴望，立志于
deserted	di'zә:tid	a. 被遗弃的，废弃的[法] 被遗弃的，无人的，放弃的
walnut	'wɒ:lnәt	n. 胡桃[机] 胡桃木
bluff	blʌf	n. 断崖，绝壁，吓唬a. 直率的v. 吓唬，欺骗
flare	'flєә	n. 闪光，闪耀vi. 闪光，闪耀vt. 用发光信号发出，使闪耀，使张开
dye	dai	n. 颜料，染料vt. 染，染色vi. 被着色
nickel	'nikl	n. 镍，镍币，五分镍币vt. 镀镍于
geometry	dʒi'ɒmәtri	n. 几何学[机] 几何学
overt	'әuvә:t	a. 明显的，公然的，蓄意的[法] 明显的，公开的
confide	kәn'faid	vt. 吐露，委托vi. 信赖
squat	skwɒt	n. 蹲，窝a. 蹲着的，矮胖的vi. 蹲下，蹲坐，蹲伏vt. 使蹲下，擅自占有
affected	ә'fektid	a. 假装的，做作的，受影响的
glacier	'gleiʃә	n. 冰川
simultaneous	.simәl'teinjәs	a. 同时的，同时发生的[计] 同时的
prescribed		a. 规定的
picturesque	.piktʃә'resk	a. 生动的，如画的，独特的，别致的，栩栩如生的
abstraction	æb'strækʃәn	n. 抽象化，心不在焉，空想，提炼，抽象派作品[化] 提取; 抽取; 夺取; 夺取反应; 除去
akin	ә'kin	a. 同类的，同族的，同源的
evaporate	i'væpәreit	vi. 蒸发，失去水分，消失vt. 使蒸发，使脱水，使消失
genesis	'dʒenisis	n. 发生，起源，创世记[医] 生殖，发生
succumb	sә'kʌm	vi. 屈从，屈服，死
simulate	'simjuleit	vt. 模拟，假装，模仿[法] 伪装的，模拟的; 假装的，伪装的，冒充
stature	'stætʃә	n. 身材，身高，高度[医] 身材，身高
optimum	'ɒptimәm	n. 最适条件，最佳效果a. 最优的，最适宜的
intrigue	in'tri:g	n. 阴谋，复杂的事vi. 密谋，私通vt. 激起……的兴趣，用诡计取得
alignment	ә'lainmәnt	n. 队列，结盟，校正[计] 校准; 对齐; 对准
woods	wjdz	n. 森林，树林
anomaly	ә'nɒmәli	n. 不规则，反常事物，畸形[医] 异常，反常
stellar	'stelә	a. 星的，似星的，星球的，主要的
intuition	.intju:'iʃәn	n. 直觉，直觉的知识
regimen	'redʒimen	n. 养生法，常规强化训练课，体制，情态[医] 制度，生活制度
cancellation	kænsә'leiʃәn	n. 取消，作废，注销戳[经] 注销，取消，保险单的注销
proceeds	'prәusi:dz	pl. 收益[经] 收入，收款，所得
catalyst	'kætәlist	n. 触媒，接触剂，催化剂，刺激因素，促进因素[计] 催化剂
contour	'kɒntuә	n. 轮廓vt. 画轮廓a. 显示轮廓的[计] 轮廓
hamlet	'hæmlit	n. 小村，部落
gland	glænd	n. 腺，密封套[化] 衬片; 密封垫
ordinance	'ɒ:dinәns	n. 法令，条例，圣餐礼[经] 法令，条款，条例
grease	gri:s	n. 脂肪，兽脂，油脂，贿赂vt. 涂脂于，贿赂
commemorate	kә'memәreit	vt. 纪念
resonance	'rezәnәns	n. 共鸣，回声，反响，谐振，共振[化] 共振; 共鸣
casting	'kɑ:stiŋ	n. 投掷，铸成品，角色分配[化] 浇铸; 铸品
portrayal	pɔ:'treiәl	n. 描绘，描写，画像，肖像[计] 描绘
durable	'djurәbl	a. 持久的，耐用的
mantle	'mæntl	n. 斗篷，罩子，披风vt. 罩住，覆盖vi. 覆盖，脸红
industrialized	in'dʌstriәlaizd	a. 工业化的
vault	vɒ:lt	n. 拱顶，窖，地下室，撑竿跳，穹窿vt. 做成圆拱形，撑竿跳过vi. 成穹状弯曲，跳跃
despise	di'spaiz	vt. 轻视
ascribe	ә'skraib	vt. 归因于，归咎于[法] 归咎于
sponge	spʌndʒ	n. 海绵，海绵状的东西vt. 用海绵擦拭，吸收掉，抹掉vi. 采集海绵，海绵般吸收
pastel	pæ'stel	n. 粉蜡笔，粉蜡笔画，随笔a. 彩色蜡笔的，蜡笔画的，柔和的，纤弱的
irresponsible	.iri'spɔnsәbl	a. 不负责任的；不可靠的
instinctively		adv. 本能地，直觉地
neon	'ni:ɒn	n. 氖[化] 氖Ne
sprout	spraut	n. 芽，萌芽vt. 使发芽，摘去芽vi. 长芽，抽条
spinal	'spainl	a. 针的，尖刺的，尖刺状突起的，脊骨的[医] 棘折; 脊柱的
coil	kɒil	n. 线圈，盘绕，骚动，卷vt. 盘绕，卷
categorize	'kæti^әraiz	vt. 分类，归类
invalid	in'vælid	n. 病人，残废者a. 有病的，无效的
ragged	'rægid	a. 衣衫褴褛的，参差不齐的，不协调的，粗糙的，刺耳的
functioning	'fʌŋkʃәniŋ	n. 运行，运作；功能；机能；起酌（function的动名词）
heighten	'haitn	vt. 增高，提高，加强vi. 升高，变大
latitude	'lætitju:d	n. 纬度，范围[化] 宽容度; 伟度
pebble	'pebl	n. 小圆石，小鹅卵石，水晶透镜，碎石花纹[医] 小石
expressive	ik'spresiv	a. 表达的，富于表情的
maritime	'mæritaim	a. 海的，海上的，海事的，沿海的，海员的[经] 海事的，海上的，海员的
ventilation	.venti'leiʃәn	n. 通风，空气流通，公开讨论[医] 通风，换气
yearn	jә:n	vi. 渴望，想念，怀念，同情
creed	kri:d	n. 宗教信条，教义，纲领
ceramics	si'ræmiks	n. 制陶术[化] 陶瓷学
adorn	ә'dɒ:n	vt. 装饰，使生色
jelly	'dʒeli	n. 果冻，果冻甜食，胶状物v. （使）结冻，（使）成胶状
unify	'ju:nifai	v. 统一，使成一体
rectangular	rek'tæŋgjulә	a. 成直角的[化] 矩形的
practicable	'præktikәbl	a. 可实行的，可做的，可用的
sensory	'sensәri	a. 知觉的，感觉的，传递感觉的[医] 感觉的
cardiac	'kɑ:diæk	n. 心脏病患者，强心剂，健胃药a. 心脏的，（胃的）贲门的
spiral	'spairәl	n. 螺旋形之物，螺线a. 螺旋形的，盘旋的vi. 螺旋形下降，螺旋形上升，螺旋形行进vt. 使螺旋形行进
wed	wed	vt. 与……结婚，使结合vi. 结婚
plow	plau	n. 犁v. 犁，耕
insulation	.insju'leiʃәn. 'insә-	n. 绝缘；隔离，孤立
competitiveness		[经] 竞争
brag	bræg	n. 吹牛v. 吹牛
buzz	bʌz	n. 嗡嗡声，流言vi. 发出嗡嗡声，说闲话vt. 使嗡嗡叫，散布
thump	θʌmp	n. 重打，重击声v. 重打，撞击，痛打
ecstasy	'ekstәsi	n. 狂喜，心醉神迷，忘形[医] 入迷
physiological	.fiziә'lɒdʒikl	a. 生理学的，生理学上的，生理机能的[医] 生理学的，生理的
carpenter	'kɑ:pintә	n. 木匠
souvenir	.su:vә'niә	n. 纪念品
antiquity	æn'tikwәti	n. 古老，古代，古代人，古物
termination	.tә:mi'neiʃәn	n. 终止，结束，结果，词尾[化] 终止
stratum	'streitәm	n. 层，地层，阶层[医] 层
ratify	'rætifai	vt. 批准，认可[经] 证实，肯定，确认
nostalgia	nɒs'tældʒiә	n. 乡愁，向往过去，怀旧之情[医] 怀乡病
parachute	'pærәʃu:t	n. 降落伞vi. 跳伞
automated		a. 自动化的；机械化的
exquisite	'ekskwizit	a. 精致的，细腻的，敏锐的
immerse	i'mә:s	vt. 沉浸，使陷入[医] 浸[入]
petroleum	pә'trәuliәm	n. 石油[化] 石油
aura	'ɒ:rә	n. 气氛，气味[医] 先兆
flap	flæp	n. 飘，摆动，拍打，拍打声，片状垂悬物v. 拍打，鼓翼而飞，飘动
feudal	'fju:dәl	a. 封建制度的，封地的，领地的
ascent	ә'sent	n. 上升，提高，攀登，上坡路
alienate	'eiljәneit	vt. 使疏远，离间，转让[法] 转让，让与，疏远
badger	'bædʒә	n. 獾，獾皮毛vt. 纠缠
sting	stiŋ	n. 叮，刺痛，刺激，讽刺vt. 叮，刺痛，刺激，使苦恼vi. 叮，刺痛
pore	pɒ:	n. 毛孔，小孔，气孔vi. 专心阅读，细想，钻研，沉思，注视vt. 使注视得
exhaustion	ig'zɒ:stʃәn	n. 抽空，耗尽，疲惫，筋疲力尽[化] 抽空
longing	'lɒŋiŋ	n. 渴望，热望，憧憬a. 渴望的，热望的
regeneration	ri.dʒenә'reiʃәn	n. 再生，重建[化] 再生作用
pinpoint	'pinpɒint	n. 极小之物，针尖，立锥之地，精确位置vt. 精确地找到，准确地轰炸，刺穿，准确描述，使突出，强调a. 针尖的，极微的，精确的，详尽的，精确定位的
mince	mins	n. 切碎物vt. 切碎，矫揉做作地说vi. 碎步走，装腔作势
glamour	'glæmә	n. 魅力，迷人的美，魔法vt. 迷惑
pivotal	'pivәtәl	a. 枢轴的，关键的，起中心作用的
haze	heiz	n. 薄雾，阴霾，疑惑vt. 使变朦胧，使变糊涂vi. 变朦胧，变糊涂
anatomy	ә'nætәmi	n. 剖析，解剖学，骨骼，结构[医] 解剖学，解剖
scenic	'si:nik	a. 风景好的，戏剧性的，舞台的，布景的n. 风光影片，风景照片
solitude	'sɒlitju:d	n. 孤独，单独，孤寂
sculptor	'skʌlptә	n. 雕刻家
compression	kәm'preʃәn	n. 压缩，压紧[计] 压缩
tutorial	tju:'tɒ:riәl	n. 个别指导，论文，学习指南，指导手册a. 个别指导的，家庭教师的，辅导的[计] 教程
disconnect	.diskә'nekt	vt. 使分离，使不相连，拆开vi. 断开[计] 断开
fragrance	'freigrәns	n. 芬芳，香味
intermediary	.intә'mi:diәri	n. 仲裁者，调解者，媒介物，中间人a. 中间的，媒介的
converge	kәn'vә:dʒ	vi. 聚合，集中于一点vt. 使集合
porcelain	'pɒ:slin	n. 瓷器，瓷a. 瓷制的
expanse	ik'spæns	n. 宽阔区域，宽阔，天空
ore	ɒ:	n. 矿石[经] 矿
expressly	ik'spresli	adv. 明白地，清楚地，特意地
gourmet	'guәmei	n. 美食家
subdivision	.sʌbdi'viʒәn	n. 细分，分部[医] 再分; 亚门
retort	ri'tɒ:t	n. 反驳，顶嘴，蒸馏器，曲颈甑vi. 反驳，回嘴，反击vt. 反击，反驳，蒸馏
nebula	'nebjulә	n. 星云，角膜云翳[医] 薄翳; 角膜翳，角膜云翳; 喷雾剂
arrogance	'ærәgәns	n. 傲慢态度，自大
aquatic	ә'kwætik	n. 水生动物，水生植物a. 水生的，水中的，水上的
geometric	.dʒiәu'metrik	a. 几何学的，几何学上的，几何学图形的
addictive	ә'diktiv	a. 上瘾的
vapor	'veipә	n. 汽，蒸气vi. 蒸发vt. 使蒸发
equitable	'ekwitәbl	a. 公平的，公正的[法] 公平的，公正的，平衡法的
concerto	kәn'tʃєәtәu	n. 协奏曲
blush	blʌʃ	vi. 脸红，羞愧vt. 弄成红色n. 脸红
carving	'kɑ:viŋ	n. 雕刻品，雕刻，雕刻术
clamp	klæmp	n. 夹钳vt. 夹紧，强加
pristine	'pristi:n	a. 太古的，原来的，古时的，原始的
armored	'ɑ:mәd	a. 装甲的
determinant	di'tә:minәnt	n. 决定物，决定因素a. 决定性的[计] 判定
diver	'daivә	n. 潜水者
prosper	'prɒspә	vi. 繁荣，兴隆，成功vt. 使成功，使昌盛
pianist	'piәnist	n. 钢琴家，钢琴演奏者
adaptive	ә'dæptiv	a. 适应的，能适应的
sentimental	.senti'mentl	a. 感伤的，感情用事的
adventurer	әd'ventʃәrә	n. 冒险家，投机者[法] 冒险者，投机者
inclusive	in'klu:siv	a. 包含的，包括的
memorize	'memәraiz	vt. 记住，熟记，背熟
upscale	'ʌpskeil	a. 迎合高层次消费者的；质优价高的
annoying	ә'nɒiiŋ	a. 恼人的，讨厌的
genus	'dʒi:nәs	n. 种，类[医] 属（分类）
hallmark	'hɑ:lmɑ:k	n. 纯度检验证明，品质证明vt. 加盖纯度检验证明
cucumber	'kju:kәmbә	n. 黄瓜[医] 黄瓜，胡瓜
crooked	'krukid	a. 弯曲的，歪的，邪恶的
lava	'lɑ:vә	n. 熔岩，火山岩[医] 火山石（一种顺势疗法药）
asphalt	'æsfælt	n. 柏油a. 用柏油铺成的vt. 以柏油铺
savor	'seivә	n. 滋味，气味，食欲vi. 有……的滋味vt. 加调味品于，使有风味，尝到
impending	im'pendiŋ	a. 即将发生的，迫切的，悬空的[法] 就要来的，逼在眼前的，紧急的
notation	nәu'teiʃәn	n. 记号，符号表示法，注释[计] 记数法
ledge	ledʒ	n. 突出部分，暗礁，矿层
overtime	'әuvәtaim	n. 超时，加班，延长时间a. 超时的，加班的adv. 加班地vt. 使超过时间
aroma	ә'rәumә	n. 浓香，香气[医] 香气，芳香气
relay	'ri:lei	n. 驿马，替班，中继，接力vt. 分程传递，转播，使接替vi. 接力传送，转播
thwart	θwɒ:t	a. 横放的vt. 反对，阻挠，横过prep. 横过adv. 横过
jog	dʒɒg	n. 轻推，轻撞，慢跑v. 轻推，（使）蹒跚行进，（使）慢跑
plateau	plæ'tәu	n. 高地，高原，（上升后的）稳定水平[医] 高原，平顶，坪
fender	'fendә	n. 防卫物，挡泥板
glider	'glaidә	n. 滑翔员，滑翔机
retrospect	'retrәspekt	n. 回顾，追忆，回溯v. 回顾，追忆
trot	trɒt	n. 快步vi. 快步走，小跑vt. 使小跑，策马小跑
subsection	'sʌb.sekʃәn	n. 分部，分区，分支[经] 分部，分段，小小组
mingle	'miŋgl	v. （使）混合
floral	'flɒ:rәl	a. 花似的，花的，植物的
torque	tɒ:k	n. 扭转力，转矩，项圈[化] 转矩
imperative	im'perәtiv	n. 命令，必要的事，规则，祈使语气a. 命令式的，急需的，势在必行的，强制的
gravitational	.grævi'teiʃәnәl	a. 重力的
humidity	hju:'miditi	n. 湿气，潮湿，湿度[计] 湿度
howl	haul	n. 嗥叫，吠声，号叫vi. 狂吠，咆哮，呼啸vt. 对……吼叫，狂喊着说
acting	'æktiŋ	n. 演戏，装腔作势a. 代理的，演出用的，起作用的
jeopardy	'dʒepәdi	n. 危难，危险[法] 危险，危难，危险处境
vie	vai	vi. 争，竞争，争胜vt. 提出……来竞争，以……作较量
crow	krәu	n. 啼叫，乌鸦，鸡鸣，撬棍vi. 啼叫，报晓
variability	.vєәriә'biliti	n. 易变，变化性，变异性[化] 可变性; 变异性
indefinitely		adv. 无期限地
untouched	.ʌn'tʌtʃt	a. 未触摸过的，未改变的，未受影响的
tedious	'ti:diәs	a. 沉闷的，冗长乏味的
hamper	'hæpә	n. 食篮，阻碍物，食盒vt. 阻碍，使困累，妨碍，牵制
imposing	im'pәuziŋ	a. 令人难忘的，壮丽的，威风的
narcotic	nɑ:'kɒtik	n. 麻醉药，镇静剂a. 麻醉的，催眠的
multitude	'mʌltitju:d	n. 多数，群众
chilly	'tʃili	a. 寒冷的，冷淡的，不友好的[建] 番椒，冷
degrade	di'greid	v. （使）降级，（使）退化
vitality	vai'tæliti	n. 活力，生命力[医] 生机，活力，生活
prolong	prәu'lɒŋ	vt. 延长，拖延，拖长[化] 冷凝管
lag	læg	n. 落后，囚犯，迟延，桶板，防护套a. 最后的vi. 落后，蹒跚，缓缓而行，滞后vt. 落后于，押往监狱，加上外套[计] 延迟; 落后
persuasive	pә'sweisiv	a. 有说服力的，劝诱的，劝导性的
emanate	'emәneit	vi. 散发，发出，发源
lash	læʃ	n. 鞭子，鞭打，睫毛，责骂，讽刺vt. 鞭打，摆动，扎捆，冲击，讽刺，煽动vi. 冲洗，鞭打，责骂
commonplace	'kɒmәnpleis	n. 寻常事，老生常谈，普通的东西a. 平凡的，普通的
abide	ә'baid	vi. 停留，遵守，居留，继续下去vt. 忍受，经受，屈从于
mislead	mis'li:d	vt. 误导
brilliantly	'brijәntli	adv. 辉煌地，光亮地，灿烂地
ration	'ræʃәn	n. 定额，定量，配给vt. 配给，定量供应
evade	i'veid	v. （巧妙地）逃脱，规避，逃避
tasty	'teisti	a. 好吃的，可口的
insignificant	.insig'nifikәnt	a. 无关紧要的，无意义的，琐碎的
forefront	'fɒ:frʌnt	n. 最前部，最前线
devour	di'vauә	vt. 吞食，挥霍，吞没
sophistication	sә.fisti'keiʃәn	n. 诡辩，老于世故，复杂（性）[医] 掺假
misfortune	mis'fɒ:tʃәn	n. 不幸，灾祸，坏运气[法] 不幸事故，不幸，灾祸
harness	'hɑ:nis	n. 马具，挽具状带子，甲胄vt. 给……上挽具，驾驭，披上甲胄，利用……以产生动力
economical	.i:kә'nɒmikәl	a. 节俭的，经济的，合算的[经] 经济的，节约的
despatch	di'spætʃ	v. 派遣n. 派遣
adventurous	әd'ventʃәrәs	a. 喜欢冒险的，有进取心的，危险的
sever	'sevә	vt. 切断，脱离，分开，使分离，断绝，中断vi. 断，裂开
radiate	'reidieit	vt. 放射，散发，辐射，传播，广播vi. 发光，辐射，流露a. 有射线的，辐射状的
pry	prai	n. 杠杆，窥探，好奇者vi. 打听，窥探vt. 撬动，撬开，费力得到
denomination	di.nɒmi'neiʃәn	n. 名称，教派，面额[经] 票面金额，名称，（度量衡）
redeem	ri'di:m	vt. 赎回，挽回，恢复，偿还，补偿[经] 履行（契约）, 买回，赎回
hasten	'heisn	vt. 催促，加紧vi. 赶快，急忙
humane	hju:'mein	a. 有人情的，人道的，仁慈的
extravagant	ik'strævgәnt	a. 奢侈的，挥霍无度的，浪费的
enthusiastically	in.θju:zi'æstikli	adv. 热心地，狂热地
boycott	'bɒikɒt	n. 联合抵制vt. 联合抵制
upheaval	ʌp'hi:vl	n. 举起，隆起，大变动，剧变
skim	skim	vt. 撇取浮沫，略读，掠过vi. 擦过，浏览n. 脱脂乳，擦过，表层物a. 撇去浮沫的
disgrace	dis'greis	n. 耻辱，不名誉vt. 使受耻辱，使失体面
defer	di'fә:	vi. 推迟，延期，听从vt. 使推迟，使延期
curtail	kә:'teil	vt. 缩减，剥夺，简略[法] 剥夺特权
relinquish	ri'liŋkwiʃ	vt. 放弃，撤回，停止，松开，让与[法] 让与，把……交给，放弃
contingent	kәn'tindʒәnt	a. 或许发生的，附随的，偶然发生的n. 偶然事件，分遣队
refrigerate	ri'fridʒәreit	vt. 使冷却，使清凉，冷藏[机] 冷冻
gracious	'greiʃәs	a. 亲切的，慈善的
outweigh	.aut'wei	vt. 比……重，比……重要，比……有价值
continuum	kәn'tinjuәm	n. 连续统一体，连续统，闭联集[化] 连续区; 连续谱; 连续介质
indispensable	.indis'pensәbl	n. 不可缺少之物a. 不可缺少的，责无旁贷的，绝对必要的
admirable	'ædmәrәbl	a. 可钦佩的，极好的，令人惊奇的
entertainer	.entә'teinә	n. 表演娱乐节目的人，演艺人员
diversify	dai'vә:sifai	vt. 使多样化，使变化
prudent	'pru:dnt	a. 审慎的，三思而后行的，精明的，节俭的
flatter	'flætә	vt. 奉承，阿谀，使高兴[机] 平面锤
grumble	'grʌmbl	n. 怨言，满腹牢骚vi. 抱怨，发牢骚，发隆隆声vt. 抱怨
abrupt	ә'brʌpt	a. 突然的，唐突的，陡峭的，不连贯的
reckless	'reklis	a. 不介意的，大意的，鲁莽的，不顾后果的[法] 不注意的，粗心大意的，鲁莽的
luxurious	lʌg'zjuәriәs	a. 豪华的，奢侈的，放纵的
dazzling	'dæzliŋ	a. 眼花缭乱的，耀眼的
slum	slʌm	n. 贫民窟vi. 访问贫民区
replica	'replikә	n. 复制品[计] 目录分区复制
eradicate	i'rædikeit	vt. 根除，扑灭，根绝，消灭
condemnation	kɒndem'neiʃәn	n. 非难，宣告有罪，非难的理由
ape	eip	n. 无尾猿[计] 应用程序评价
moth	mɒθ	n. 蛾害，蛾，乌头叶菜豆[医] 蠹，蛾
influx	'inflʌks	n. 流入，河口，汇集[医] 注入，流入
terrifying	'tәrifaiiŋ	a. 令人恐惧的；骇人的；极大的
greedy	'gri:di	a. 贪婪的，贪得的，贪吃的
emulate	'emjuleit	vt. 效法，尽力赶上，同……竞争[计] 仿真
banish	'bæniʃ	vt. 驱逐，消除[法] 驱逐，流放
augment	ɒ:g'ment	v. 增加，增长[计] 增加; 增量; 添加
abandonment	ә'bændәmәnt	n. 放弃，抛弃，放纵[经] 委付，废弃，放弃（采矿权）
starvation	stɑ:'veiʃәn	n. 饥饿，饿死[医] 绝食，饥锇（指长时期的）
outward	'autwәd	a. 向外的，表面的，外服的adv. 向外，在外，表面
solemn	'sɒlәm	a. 严肃的，郑重的，庄严的
supernatural	.sju:pә'nætʃәrәl	a. 超自然的，神奇的[医] 超自然的
allude	ә'lu:d	vi. 暗指，提及
informative	in'fɒ:mәtiv	a. 提供消息的，见闻广博的
epic	'epik	n. 史诗，叙事诗a. 史诗的，叙事诗的
seduce	si'dju:s	vt. 唆使，怂恿，引诱，诱奸[法] 勾引，诱惑，诱奸
amaze	ә'meiz	vt. 使吃惊
coax	kәuks	vt. 哄，诱骗，耐心地摆弄vi. 哄骗[计] 同轴电缆
rectify	'rektifai	vt. 订正，矫正，改正，调正，校正，精馏，整流[化] 精馏
negligible	'neglidʒәbl	a. 可以忽略的，不足取的，无用的[医] 可不计的，可忽视的
intruder	in'tru:dә	n. 侵入者，干扰者，妨碍者[计] 入侵者
affective	ә'fektiv	a. 情感的，表达感情的[医] 感情的，情感的
sensational	sen'seiʃәnl	a. 使人感动的，非常好的
repetitive	ri'petitiv	a. 重复的，反复性的
renovate	'renәuveit	vt. 更新，革新，刷新，修复，使恢复活力
brisk	brisk	a. 强烈的，寒冷而干燥的，活泼的vt. 使活泼vi. 活跃起来
meteor	'mi:tiә	n. 流星，大气现象
advisable	әd'vaizәbl	a. 适当的，明智的
adjoining	ә'dʒɒiniŋ	a. 邻接的，毗连的[机] 联接
eminent	'eminәnt	a. 显赫的，杰出的，有名的
eyewitness	ai'witnis	n. 目击者，见证人
obscene	ɒb'si:n	a. 淫秽的，猥亵的，讨人厌的，可憎的[法] 猥亵的，海洋的，污秽的
guise	gaiz	n. 相似，外观，伪装v. 穿戴，伪装
accompaniment	ә'kʌmpәnimәnt	n. 伴随物，附加物，伴奏
pathogen	'pæθәdʒ(ә)n	n. 病原体[医] 病原体
pulp	pʌlp	n. 果肉，纸浆vt. 使化成纸浆，除去……果肉vi. 变成纸浆
shrewd	ʃru:d	a. 精明的，锐利的，剧烈的，机灵的，厉害的
disapproval	.disә'pru:vәl	n. 不赞成
clumsy	'klʌmzi	a. 笨拙的，不雅观的，粗陋的
bland	blænd	a. 温和的，乏味的，冷漠的[医] 温和的，淡的
seep	si:p	vi. 渗出，渗流，漏n. 小泉，水陆两用吉普车
vista	'vistә	n. 远景，展望，回想
cherish	'tʃeriʃ	vt. 珍爱，怀有，爱护
unravel	.ʌn'rævl	vt. 阐明，解决，解开vi. 散开
trough	trɒ:f	n. 槽，水槽，饲料槽[化] 料槽
refinement	ri'fainmәnt	n. 精致，高尚，精巧[医] 精制，精练
smuggle	'smʌgl	vt. 偷运，走私，私运vi. 走私
ounce	auns	n. 盎司，少量，雪豹[医] 英两，Г
agitation	.ædʒi'teiʃәn	n. 激动，焦虑，煽动，搅动，摇动[化] 搅拌; 搅拌作用
mint	mint	n. 薄荷，造币厂，巨额vt. 铸造，铸币，制造
amazement	ә'meizmәnt	n. 惊愕，惊异
parrot	'pærәt	n. 鹦鹉，应声虫vt. 学舌，机械地模仿
avid	'ævid	a. 渴望的，急切的，劲头十足的
paramount	'pærәmaunt	n. 首长，最高当局a. 最重要的，最高的，至上的
notoriously		adv. 臭名昭著的，声名狼藉的
endow	in'dau	vt. 捐赠，捐助，赋予[法] 赠送财产给，分给寡妇一份遗产，授与
stained	steind	a. 沾污的，褪色的，着色的，染色的[化] 染污
gale	geil	n. 狂风，大风，定期租金[经] 地租，年金
mythology	mi'θɒlәdʒi	n. 神话
rampant	'ræmpәnt	a. 猖獗的，蔓生的，猛烈的，跃立作扑击状的
scissors	'sizәz	pl. 剪刀[医] 剪
precipitate	pri'sipiteit	n. 沉淀物，凝结物，结果vt. 猛抛，使陷入，促成，使沉淀vi. 猛地落下a. 突然的，猛地落下的，轻率的
moss	mɒs	n. 苔藓，泥沼vt. 使长满苔藓
generalization	,dʒenәrәlai'zeiʃәn	n. 一般化，普遍化，概括[化] 推广; 普适化
stipulate	'stipjuleit	v. 规定，保证
shred	ʃred	n. 碎布条，细片，少量v. 撕碎
exterior	ik'stiәriә	n. 外部，表面，外貌a. 外部的，外在的，表面的
automotive	.ɒ:tәu'mәutiv	a. 汽车的
veer	viә	vi. 转向vt. 使转向n. 转向
instinctive	in'stiŋktiv	a. 本能的，天生的，直觉的[医] 本能的
turbulent	'tә:bjulәnt	a. 狂暴的，骚乱的，紊乱的
supersede	.sju:pә'si:d	vt. 代替，取代，接替[法] 替代，替换，充任
elegance	'eligәns	n. 高雅，典雅，优雅
unanimous	ju:'nænimәs	a. 意见一致的，无异议的
refreshing	ri'freʃiŋ	a. 使清爽的，有精神的，爽快的
ailment	'eilmәnt	n. 病痛，疾病[医] 疾病
dread	dred	n. 恐惧，可怕的人（或事）a. 可怕的，可怖的v. 恐惧，害怕
intellect	'intәlekt	n. 智力，出众的才华，知识分子[医] 智力，才智
versatile	'vә:sәtail	a. 多才多艺的，万用的，万向的
brittle	'britl	a. 易碎的，脆弱的，易坏的[机] 脆的，脆性的，易碎的
irresistible	.iri'zistәbl	a. 不可抵抗的，不能压制的[经] 不可抗力
dizzy	'dizi	a. 晕眩的，眼花缭乱的vt. 使晕眩
recourse	ri'kɒ:s	n. 求援，求助，追索权[经] 追索权
rumble	'rʌmbl	n. 隆隆声，辘辘声vi. 发隆隆声，辘辘响vt. 使隆隆响，低沉地说
juicy	'dʒusi	a. 多汁液的，生动的，多水分的
subside	sәb'said	vi. 沉淀，沉降，平息
professionalism	prә'feʃәnә,lizәm	n. 职业特性，专业技巧，职业行为，职业作风，（褒）专业人员的特质，职业化[经] 职业特性，职业作风，职业化
rhythmic	'riðmik	a. 有韵律的，有节奏的
endlessly	'endlisli	adv. 不断地，无穷尽地
illicit	i'lisit	a. 不法的，不正当的，禁止的[法] 违法的，违禁的，被禁止的
rift	rift	n. 裂口，空隙vi. 裂开vt. 使分开，使割开
facet	'fæsit	n. （多面体的）面，方面，琢面[医] 小平面，小面
pollute	pә'lu:t	vt. 污染，弄脏，玷污[化] 污染
skeptic	'skeptik	n. 怀疑者，怀疑论者，不可知论者
disarm	dis'ɑ:m	vt. 解除武装，裁军，缓和vi. 放下武器
improvise	'imprәvaiz	vt. 即席创作，临时做
slipper	'slipә	n. 拖鞋，制轮器vt. 用拖鞋打
fell	fel	vt. 击倒n. 一季所伐的木材，折缝a. 凶猛的，可怕的fall的过去式
assortment	ә'sɒ:tmәnt	n. 分类，各种各样[医] [遗传]配列
impede	im'pi:d	vt. 妨碍，阻碍，阻止
arithmetic	ә'riθmәtik	n. 算术，算术知识[机] 算术; 算术的
stringent	'strindʒәnt	a. 迫切的，严厉的，银根紧的[医] 约束的，紧迫的
needy	'ni:di	a. 贫穷的，贫困的，生活艰苦的
impersonal	im'pә:sәnәl	a. 客观的，和个人无关的，没有人情味的，非人称的n. 非人称动词（或代词）
hypothesize	hai'pɔθisaiz	vt. 假设，假定
outspoken	.aut'spәukәn	a. 直言无讳的，坦率的，坦白无隐的
petal	'petәl	n. 花瓣[医] 花瓣
retrospective	.retrә'spektiv	a. 回顾的，怀旧的，在后面的n. 回顾展
falter	'fɒ:ltә	vt. 支吾地说vi. 支吾，蹒跚地走n. 颤抖，支吾，踌躇
barren	'bærәn	a. 不育的，贫瘠的n. 荒地
hinge	hindʒ	n. 铰链，关键，枢纽vt. 装铰链vi. 靠铰链移动，依……而转移
celestial	si'lestjәl	a. 天的，天国的，天空的[法] 天的，天空的，天国的
mundane	'mʌndein	a. 现世的，世俗的，宇宙的
purport	'pә:pɒ:t	n. 意义，要旨，目的vt. 意味着，声称，打算
tavern	'tævәn	n. 酒馆，客栈
assassin	ә'sæsin	n. 暗杀者，刺客[法] 暗杀者，行刺者
cedar	'si:dә	n. 雪松，香椿[医] 香柏，杉，雪松
shutter	'ʃʌtә	n. 百叶窗，关闭物，照相机快门，关闭者vt. 为……装百叶窗，以百叶窗遮闭
etch	etʃ	vt. 蚀刻，蚀镂vi. 施行蚀刻法n. 腐蚀剂[计] 刻蚀; 侵蚀
avoidance	ә'vɒidәns	n. 避免，避开，逃避[经] 回避，废止，宣告无效
twig	twig	n. 小枝，细枝v. 懂得，了解
popcorn	'pɒpkɒ:n	n. 爆米花
strait	streit	n. 海峡，困境a. 困难的，窘迫的，狭窄的
reciprocal	ri'siprәkl	a. 互惠的，相互的，相等的，倒数的，彼此相反的n. 倒数，互相起作用的事物
smear	smiә	vt. 涂，擦上，玷污，把……擦模糊vi. 被弄脏n. 污点，污迹，污蔑
assassinate	ә'sæsineit	vt. 暗杀，行刺[法] 暗杀，行刺，中伤
enlightenment	in'laitmәnt	n. 启迪，教化
calculator	'kælkjuleitә	n. 计算者，计算器[计] 计算器
trumpet	'trʌmpit	n. 喇叭，小号，喇叭声vi. 吹喇叭vt. 用喇叭吹出，吹嘘
outright	'autrait	a. 率直的，完全的，总共的，直率的adv. 完全地，率直地，立刻地，一直向前
displacement	dis'pleismәnt	n. 换置，移位，移动，取代[化] 顶替展开法
plumbing	'plʌmiŋ	n. 测深，管子工行业，管道设备
assimilate	ә'simileit	vt. 使同化，吸收，使相拟，把……比作vi. 被吸收，被同化
infuse	in'fju:z	vt. 注入，使充满，泡制，鼓舞vi. 泡
tan	tæn	n. 黄褐色，鞣料，马戏团a. 黄褐色的，鞣皮的vi. 晒成棕褐色vt. 把……晒黑，鞣（革）, 狠狠鞭打
spontaneously		adv. 自发，一时冲动，出自自然，不依赖人工，自然产生，本能，自动，自然而优雅
trickle	'trikl	n. 滴，细流vi. 滴，细细地流vt. 使滴，使小量流动[计] 信息透露
inflate	in'fleit	vt. 使膨胀，使得意，使通货膨胀，使充气vi. 充气，膨胀
presumption	pri'zʌmpʃәn	n. 专横，放肆，假定，推测[法] 假定，推测，设想
perennial	pә'reniәl	a. 常年的，长期的，反复的[医] 多年生的
longevity	lɒn'dʒeviti	n. 长命，长寿，寿命[医] 长寿
exempt	ig'zempt	n. 免税者，被免除义务者a. 免除的vt. 使免除，豁免
obsolete	'ɒbsәli:t	a. 荒废的，成废物的，陈旧的，老式的n. 废词，废物
wail	weil	n. 恸哭，哀号，嚎啕，呼啸（声）vi. 恸哭，呼啸，悲叹，哀号，嚎啕
lyric	'lirik	n. 抒情诗，歌词a. 抒情的
receptionist	ri'sepʃәnist	n. 接待员
willow	'wilәu	n. 柳树，柳木制品a. 柳树的，柳木制的
salvage	'sælvidʒ	n. 海上救助，抢救，打捞，抢救出来的财物vt. 海上救助，抢救，打捞，营救[计] 文件恢复程序
clarification	.klærifi'keiʃәn	n. 澄清，净化[计] 澄清报告; 澄清
anecdote	'ænikdәut	n. 轶事，奇闻
soybean	'sɒibi:n	n. 大豆[化] 大豆
workload	'wә:klәud	n. 工作量[化] 工作量
accomplished	ә'kʌmpliʃt	a. 完成的，实现的，有造诣的，熟练的，善社交的
barge	bɑ:dʒ	n. 驳船vt. 用船运输vi. 蹒跚，闯入
apparel	ә'pærәl	n. 衣服，外表vt. 使穿衣，装饰
congestion	kәn'dʒestʃәn	n. 拥挤，充血[计] 拥挤，拥塞
indicative	in'dikәtiv	a. 指示的，象征的，表示……的[经] 指标的
breathless	'breθlis	a. 喘不过气来的，屏气的，气喘吁吁的，无风的，死的
buckle	'bʌkl	n. 皮带扣，扣子vt. 扣住，使弯曲vi. 扣住，变弯曲，屈服
ancestral	æn'sestrәl	a. 祖先的，祖传的[法] 祖先的，祖传的
homage	'hɒmidʒ	n. 尊崇，尊敬，效忠
pioneering		a. 首创的；先驱的
viability	.vaiә'biliti	n. 生存能力，发育能力[医] [生]活[能]力，生机
swarm	swɒ:m	n. 群，大群，蜂群，分蜂群vi. 分群，群集，聚集一块，云集，攀vt. 挤满，爬，攀
conformity	kәn'fɒ:miti	n. 遵照，适合，一致，相似[计] 符合度
conservatory	kәn'sә:vәtәri	a. 保存性的，有保存力的n. 温室，音乐学校
mitigate	'mitigeit	vt. 温和，缓和，减轻[医] 缓和，减轻
soothe	su:ð	vt. 缓和，使安静，安慰，奉承vi. 起安慰作用
tow	tәu	n. 拖，拖绳，拖轮vt. 拖，拉，牵引
infirmary	in'fә:mәri	n. 医院，养老院[医] 医务所，医务室，小医院
vantage	'væntidʒ	n. 优势，有利情况
puddle	'pʌdl	n. 小池，水坑，胶土vt. 搅浊，搅炼vi. 在泥污中打滚，（把黏土等）捣制成胶土
symbolism	'simbәlizm	n. 象征主义，符号论[医] 象征主义
cider	'saidә	n. 苹果汁，苹果酒[建] 苹果汁
ceremonial	.seri'mәunjәl	n. 仪式a. 正式的
lavish	'læviʃ	a. 大方的，丰富的，浪费的vt. 浪费，滥用，慷慨给予
flux	flʌks	n. 流出，涨潮，变迁vi. 熔化，流出vt. 使熔融[计] 助焊剂
milestone	'mailstәun	n. 里程碑，里程石，里程标
notwithstanding	.nɒtwiθ'stændiŋ	adv. 虽然，尽管prep. 尽管conj. 虽然
lineage	'liniidʒ	n. 血统，直系[法] 血统，世系
vegetarian	.vedʒi'tєәriәn	n. 素食者，食草动物a. 素食的
fragrant	'freigrәnt	a. 芬香的，馥郁的，愉快的
banquet	'bæŋkwit	n. 宴会
clinch	klintʃ	n. 钉牢v. 敲弯，用臂钳住
potter	'pɒtә	n. 陶工，制陶工人
conservatism	kәn'sә:vәtizәm	n. 保守，守旧性，保守主义，[the]保守党的主张和政策，保守党[医] 保守性
conglomerate	kәn'glɒmәrit	a. 聚成球形的，砾岩性的n. 集成物，混合体，砾岩v. （使）凝聚成团
gull	gʌl	n. 鸥，易受骗之人，呆子vt. 欺诈，骗
seasoning	'si:zniŋ	n. 调味品，作料，佐料，锻练[化] 天然时效
discrete	dis'kri:t	a. 不连续的，离散的[计] 离散的
cohesion	kәu'hi:ʒәn	n. 结合，黏聚，内聚[计] 内聚性
fluorescent	.fluә'resәnt	n. 荧光a. 荧光的
pineapple	'pain.æpl	n. 凤梨，菠萝，失业救济金[医] 凤梨，波萝
mediator	'mi:dieitә	n. 调停者，传递者，基督[医] 间介器，传递器，介质，传递质介体
bouquet	bu'kei	n. 花束[医] 丛，酒香，末梢分极
subsistence	sәb'sistәns	n. 生存，生活[医] 生存
furnace	'fә:nis	n. 火炉，熔炉，考验vt. 在炉中烧
pigment	'pigmәnt	n. 色素，色质，颜料[化] 颜料
stunt	stʌnt	n. 特技，绝技，花招，噱头，手腕，发育不良vt. 阻碍成长vi. 表演特技
underwater	'ʌndә'wɒ:tә	a. 在水中的adv. 在水下
stiffen	'stifn	vt. 使变硬，使僵硬，使顽强，使严厉vi. 变粘，变硬，变强烈
shun	ʃʌn	vt. 避开，规避，避免
touching	'tʌtʃiŋ	a. 动人的，令人同情的
devastation	.devә'steiʃәn	n. 毁坏
baroque	bә'rɒk	n. 巴罗克风格，巴罗克式a. 巴罗克式的，绮靡的，以俗艳标新立异的
saucer	'sɒ:sә	n. 茶碟，茶托[医] 碟
barber	'bɑ:bә	n. 理发师
heed	hi:d	n. 注意，留心v. 注意，留心
intestine	in'testin	a. 内部的，国内的n. 肠
derivative	di'rivәtiv	a. 引出的，派生的n. 引出之物，派生物，衍生字
lurch	lә:tʃ	n. 惨败，倾斜，挫折，举步蹒跚，徘徊vi. 惨败，倾斜，徘徊vt. 击败
cramped	'kræmpt	a. 狭窄的，难懂的，难辨的
incorporation	in.kɒ:pә'reiʃәn	n. 包含，结合，编入，团体组织[医] 惨合，混合，合并
analogous	ә'nælәgәs	a. 类似的，相似的[医] 类似的，类同的
flea	fli:	n. 跳蚤[医] 蚤
console	kәn'sәul	vt. 安慰，藉慰n. 控制台[计] 控制台
tolerant	'tɒlәrәnt	a. 宽容的，容忍的，（对冷、热）能耐的[医] 能耐受的
rainfall	'reinfɒ:l	n. 降雨，降雨量[经] 降雨量
plump	plʌmp	a. 圆胖的，丰满的，直接下落的，直率的vt. 突然放下，支持，使丰满，使鼓起vi. 扑通落下，投票赞成，变丰满，鼓起adv. 沉重地，突然地，直截了当地
concur	kәn'kә:	vi. 同意，一致，同时发生[法] 同时发生，并发，同意
glaze	'gleiz	n. 釉，上光，光滑面vt. 装以玻璃，上釉于vi. 变得光滑，（目光）变呆滞
weaver	'wi:vә	n. 织布者，织工
proxy	'prɒksi	n. 代理，代理人，委托书[经] 代理人，代表权，授权书
sly	slai	a. 狡猾的，诡密的，俏皮的，偷偷摸摸的
livelihood	'laivlihud	n. 生计，营生，生活
paddle	'pædl	n. 桨，划桨，明轮翼vi. 划桨，戏水，涉水vt. 用桨划，划船运送，搅，拌
fauna	'fɒ:nә	n. 动物群[医] 动物区系
expansive	ik'spænsiv	a. 扩张性的，使扩大的，广阔的[化] 膨胀的; 可以膨胀的
homogeneous	.hәumә'dʒi:niәs	a. 同种的，同质的，齐性的[医] 同种的，纯一的，同质的，均匀的
energize	'enәdʒaiz	vt. 使活跃，激励，供给……能量[电] 激励
prod	prɒd	n. 刺针，刺棒，激励话，提醒物vt. 戳，刺，刺激vi. 戳，刺
deity	'di:iti	n. 神，神性
depreciation	di.pri:ʃi'eiʃәn	n. 价值减低，减价，跌落，贬低，折旧[化] 折旧; 减值
mourning	'mɔ:niŋ	n. 哀痛，居丧，举哀，哀悼，丧服，戴孝
duplicate	'dju:plikeit	n. 副本，复本，复制品a. 复制的，二重的vt. 复制，使加倍[计] 复制
germ	dʒә:m	n. 细菌，种子，生殖细胞，根源[医] 芽胞，胚，胚芽，病菌
stray	strei	n. 走失的家畜，浪子a. 迷途的，偶然的vi. 迷路，彷徨，流浪
digestion	di'dʒestʃәn	n. 消化力，领悟[化] 消化; 消化作用; 蒸煮; 蒸煮作用; 煮解; 浸提; 陈化
elude	i'lu:d	vt. 逃避，规避，把……难倒
sprawl	sprɒ:l	vi. 伸开手足躺，爬行，蔓生，蔓延vt. 懒散地伸开，使蔓生，使不规则地伸展n. 伸开手足躺卧姿势
daring	'dєәriŋ	a. 大胆的
overflow	.әuvә'flәu	n. 溢值，超值，泛滥v. （使）泛滥，（使）溢出，（使）充溢[计] 上溢; 溢出
engender	in'dʒendә	vt. 产生，引起vi. 发生，形成
artisan	.ɑ:ti'zæn	n. 工匠，技工[经] 熟练技术工，匠人
towering	'tauәriŋ	a. 高耸的，激烈的
metabolism	mi'tæbәlizm	n. 新陈代谢，变态[化] 新陈代谢; 代谢
dissertation	.disә'teiʃәn	n. 论文
daisy	'deizi	n. 雏菊，一流人物a. 第一流的
infusion	in'fju:ʒәn	n. 注入，泡制，注入物[化] 浸渍; 浸泡
shriek	ʃri:k	n. 尖锐的响声vi. 尖叫，发尖声vt. 尖声发出
opaque	әu'peik	n. 不透明物a. 不透明的，不传热的，不传导的，阴暗的[计] 白底
numb	nʌm	a. 麻木的，失去知觉的vt. 使麻木，使昏迷，使失去知觉
emancipation	i.mænsi'peiʃәn	n. 释放，解放[医] 解放（胎儿在母体内成立局部自主状态）
psychoanalysis	.saikәuә'nælәsis	n. 心理分析[医] 精神分析
yen	jen	n. 日元（日本货币单位）, 渴望，嗜好vi. 渴望
orchid	'ɒ:kid	n. 兰花，淡紫色[医] 兰科植物
gleam	gli:m	n. 光束，微光，反光vi. 闪烁，隐约地闪现vt. 使发微光，使闪烁
miraculous	mi'rækjulәs	a. 奇迹的，不可思议的
humiliate	hju:'milieit	vt. 使丢脸，使蒙羞，屈辱
heavenly	'hevnli	a. 天上的，神圣的，天国似的
scurry	'skʌri	vi. 急赶，急跑，急转n. 急赶，急跑，急转，阵雪，阵雨
gangster	'gæŋstә	n. 流氓，歹徒[法] 暴徒，恶棍，打手
sterile	'sterail	a. 不毛的，不孕的，无菌的，贫瘠的，无效的，枯燥的[医] 无菌的，消毒的; 不育的
assemblage	ә'semblidʒ	n. 集合，装配，一群人[法] 配合，集合，集合物
extinct	ik'stiŋkt	a. 熄灭的，灭绝的，耗尽的[法] 消灭了的，过时的，无效的
gorilla	gә'rilә	n. 大猩猩，残暴的男人，歹徒
futile	'fju:tail	a. 无用的，琐细的，不重要的
ferret	'ferit	n. 白鼬，雪貂，侦探vt. 用雪貂打猎，搜出，驱出vi. 搜索
idol	'aidәl	n. 偶像，崇拜物，宠儿，幻象，谬论
reshape	ri:'ʃeip	vt. 改造，使成新的形状，打开新局面vt. 整形vi. 整形[计] 整形
neutron	'nju:trɒn	n. 中子[化] 中子
hustle	'hʌsl	n. 心碌，挤，推，拥挤喧嚷vt. 催促，乱挤活动，硬逼，强夺vi. 赶紧，硬挤过去
neuron	'njuәrɔn	n. 神经原，轴索，神经细胞[计] 神经元
cripple	'kripl	n. 跛者，残废vt. 使跛，使成残废，削弱a. 跛的，残废的
braid	breid	n. 辫子，穗带vt. 编成辫，镶边
waver	'weivә	n. 动摇，踌躇，挥动者vi. 摇摆，颤抖，摆动，摇曳，犹豫
salient	'seiliәnt	a. 显著的，突出的，跳跃的n. 凸角，突出部分
carcass	'kɑ:kәs	n. 尸体[医] 屠体（宰后除脏的畜体）
magician	mә'dʒiʃәn	n. 魔术家，幻术家，术士
candid	'kændid	a. 坦白的，率直的，公正的
bestow	bi'stәu	vt. 授予，使用，贮藏，留宿
misconception	.miskәn'sepʃәn	n. 误解
hoist	hɒist	n. 升高，起重机，推动v. 升起，升高，举起
tangle	'tæŋgl	n. 缠结，纠结的一团，困惑，纠纷，混乱vt. 使缠结，缠住vi. 缠结，乱作一团
rearrange	.ri:ә'reindʒ	vt. 再排列，重新整理[计] 重新排列; 重新整理
clog	klɒg	n. 障碍，脚坠v. 障碍，阻塞
dismal	'dizmәl	a. 阴沉的，凄凉的，令人忧郁的n. 低落的情绪，沼泽
aggravate	'ægrәveit	vt. 使恶化，使更严重，加重
algae	'ælgi:	pl. 藻类，海藻[化] 藻类
sloppy	'slɒpi	a. 泥泞的，潮湿的，粗心的
obstruct	әb'strʌkt	vt. 阻隔，妨碍，阻塞，遮没vi. 设障碍
garnish	'gɑ:niʃ	n. 装饰，装饰品vt. 装饰
depress	di'pres	vt. 使沮丧，压低，降低，使萧条[化] 推下
notch	nɒtʃ	n. 刻痕，等级，峡谷vt. 刻凹痕，用刻痕计算，赢得
humorous	'hju:mәrәs	a. 富幽默感的，滑稽的，诙谐的
hectic	'hektik	a. 脸上发红，发热的，潮热的，肺病的n. 脸红，潮热病人
emigrate	'emigreit	v. （使）移居，（使）移民
calibre	'kælibә	n. 口径，才干，水准
haste	heist	n. 匆忙，急忙
deflect	di'flekt	vt. 转移，使偏斜vi. 偏斜
humility	hju:'militi	n. 谦逊，谦虚，谦卑
anthem	'ænθәm	n. 圣歌，赞美诗
adamant	'ædәmәnt	n. 坚硬的东西a. 非常坚硬的，坚强的，固执的
vanity	'væniti	n. 虚荣心，虚无，自负，空虚，时髦的小摆饰
bulky	'bʌlki	a. 庞大的[机] 庞大，笨重
limp	limp	n. 跛行a. 柔软的，无力的，软弱的vi. 跛行
motionless	'mәuʃәnlis	a. 不动的，静止的[机] 不动的，静止的
incompetent	in'kɒmpitәnt	a. 无能力的，无资格的，机能不全的，不胜任的n. 无能力者
scour	'skauә	vt. 擦亮，洗涤，清洗，冲刷成，急速穿过vi. 擦，洗，冲刷，腹泻，急速穿行n. 擦，洗，腹泻，洗涤剂
exaggeration	ig.zædʒә'reiʃәn	n. 夸张，夸大的事物，夸大之词
compress	kәm'pres	vt. 压缩，压紧vi. 受压缩小[计] 压缩程序
irritating	'iriteitiŋ	a. 刺激的，使愤怒的，气人的
impart	im'pɑ:t	vt. 给予，传授，告知
mortal	'mɒ:tәl	n. 生物，人类a. 不免一死的，人类的，临终的
ascend	ә'send	vi. 上升，追溯，登高vt. 攀登
ultraviolet	.ʌltrә'vaiәlit	a. 紫外线的[化] 紫外线的; 紫外线
alligator	'æligeitә	n. 短吻鳄[机] 两栖装甲车
dignified	'dignifaid	a. 有尊严的，高尚的
ingenious	in'dʒi:njәs	a. 灵敏的，精巧的，聪明的
sulfur	'sʌlfә	n. 硫，硫磺vt. 用硫磺处理
sane	sein	a. 神智健全的，稳健的，没病的，合理的[医] 精神健全的
sparse	'spɑ:s	a. 稀疏的，稀稀落落的，稀薄的
engulf	in'gʌlf	vt. 卷入，吸进，吞没，使全神贯注
precarious	pri'kєәriәs	a. 不稳定的，不安的，危险的
erratic	i'rætik	n. 古怪的人，漂泊无定的人a. 不稳定的，奇怪的
magnify	'mægnifai	vt. 放大，扩大，赞美，夸大vi. 有放大能力
acquaint	ә'kweint	vt. 使认识，介绍
rot	rɒt	n. 腐烂，腐蚀，败坏vi. 腐烂，烂，堕落，憔悴vt. 使腐烂，使腐朽，使堕落
auditorium	.ɒ:di'tɒ:riәm	n. 听众席，礼堂[医] 大讲堂，大会堂
microscopic	maikrә'skɔpik	a. 显微镜的，用显微镜可见的，微观的，（非正式）极微小的，细微的[计] 微观的
plentiful	'plentiful	a. 许多的，丰富的，丰饶的
agreeable	ә'griәbl	a. 令人愉快的，同意的[医] 佳适的
stern	stә:n	n. 尾部，船尾，臀a. 严厉的，严格的，坚定的，坚决的
lengthen	'leŋθәn	vt. 加长，使延长vi. 变长
luminous	'lu:minәs	a. 发光的，明亮的[医] 发光的
shear	ʃiә	n. 修剪，剪下的东西，大剪刀，切变，剪切机，切vt. 修剪，割，剥夺，横越，削剪vi. 剪，修剪，剪羊毛，切断
amplify	'æmplifai	vt. 增强，放大，扩大，详述vi. 引伸
lofty	'lɒfti	a. 高的，傲慢的，崇高的，高级的，玄虚的
backbone	'bækbәun	n. 脊椎，志气，骨干，支柱[计] 主干网，主干网点
staggering	'stægәriŋ	a. 蹒跚的，巨大的，惊人的[电] 参差
troublesome	'trʌblsәm	a. 麻烦的，令人讨厌的
devoid	di'vɒid	a. 全无的，缺乏的
whim	hwim	n. 一时的兴致，冲动，怪念头，绞盘
meager	'mi:gә	a. 质量差的，贫乏的，不毛的，瘦的
dent	dent	n. 凹痕vt. 使凹下，削弱vi. 塌陷
pollen	'pɒlәn	n. 花粉vt. 传授花粉给
rusty	'rʌsti	a. 生锈的，腐蚀的，生疏的，顽固的，腐烂的[医] 锈色的
terrestrial	tә'restriәl	n. 地球上的人a. 地球的，陆生的，陆地的，人间的
permeate	'pә:mieit	vt. 弥漫，渗透，充满，影响，感染vi. 透入，散布
feeble	fi:bl	a. 微弱的，衰弱的，无效的[医] 无力的，衰弱的
defiant	di'faiәnt	a. 挑衅的，目中无人的
esteem	i'sti:m	n. 尊敬，尊重vt. 尊敬，尊重，认为
conspire	kәn'spaiә	vi. 阴谋，协力，共谋vt. 图谋
elapse	i'læps	vi. 逝去，过去n. 逝去，过去
afflict	ә'flikt	vt. 使苦恼，折磨
amass	ә'mæs	vt. 积聚，堆积
soaring	'sɔ:riŋ 'sɔәr-	a. 高飞的，翱翔的，高耸入云的，崇高的，高涨的[经] 飞涨的，高涨的
traverse	'trævә:s	n. 越过，横贯，横断物，屏障，否认，反驳vt. 横过，穿过，经过，详细研究，反对，在……来回移动vi. 横越，横断，旋转，来回移动a. 横亘的，横贯的
intrude	in'tru:d	vi. 闯入，侵入vt. 强加于
thermometer	θә'mɒmitә	n. 温度计，体温计[化] 温度计
disdain	dis'dein	n. 蔑视vt. 蔑视，鄙弃
flair	fleә	n. 鉴别力，才能，天资，资质，眼光
vigor	'vigә	n. 精力，活力
improbable	im'prɒbәbl	a. 不大可能的，不象发生的，荒谬可笑的[法] 未必会的，不大可能发生的，未必确实的
fluent	'flu:әnt	a. 流利的，流畅的
precursor	.pri:'kә:sә	n. 先驱者，前导，前兆[化] 前体; 前身; 产物母体
vibrate	'vaibreit	vi. 振动，颤动，激动，摇摆，踌躇vt. 使颤动，使振动，使摆动
stationary	'steiʃ(ә)nәri	a. 不动的，静止的，不变的，固定的，停留的[计] 定常，定态，固定的
conclusive	kәn'klu:siv	a. 决定性的，确定性的，最后的[法] 决定性的，不容置疑的，确实的
recur	ri'kә:	vi. 复发，回到，重现，再来，诉诸，采用，循环
treadmill	'tredmil	n. 踏车，令人厌倦的工作[法] 踏车
brew	bru:	n. 酿造酒，酝酿v. 酿造，酝酿
incomprehensible	in.kɒmpri'hensәbl	a. 不能理解的，费解的，无限的
intimidation	in,timi'deiʃәn	n. 恐吓，威胁[法] 恐吓，威胁
snag	snæg	n. （尖利的）突出物，（衣服等的）戳破处，断牙，意外障碍vt. 造成阻碍，抓住机会，抢到，清除障碍物
fruitful	'fru:tful	a. 结果实的，多实的，产量多的
credentials		n. 信任状，国书，文件，身份证明，证书[法] 信用证，国书，证书
counteract	.kauntә'rækt	vt. 抵消，阻碍，中和[法] 抵抗，阻碍，抵销
oust	aust	vt. 逐出，罢黜，剥夺，驱逐[法] 驱逐，剥夺，免职
entice	in'tais	vt. 诱骗，引诱，怂恿
cunning	'kʌniŋ	a. 狡猾的，巧妙的，可爱的[法] 狡猾的的，狡诈的，熟练的
recurring		[计] 循环的[医] 复发的，再发的
contrive	kәn'traiv	v. 发明，设计，图谋
swelling	'sweliŋ	n. 肿胀，肿大，隆起部，身上的肿胀处，膨胀，增大a. 肿大的，突起的
squarely	'skwєәli	adv. 干脆地，正好，直角地
deplore	di'plɒ:	vt. 悲悼，哀叹，对……深感遗憾
illegitimate	.ili'dʒitimәt	a. 不法的，私生的，不合规则的，不合理的，不符合习惯的n. 无合法身份的人vt. 宣告……为非法，证明……为私生
ware	wєә	n. 物品，器具，货物，商品，陶器vt. 留心，小心a. 知道的，意识到的，留神的
radiant	'reidiәnt	a. 发光的，明亮的，辐射的，容光焕发的[医] 放射的，辐射的，辐射物[质]
orbital	'ɒ:bitәl	a. 轨道的，眼眶的[化] 轨道
marrow	'mærәu	n. 髓，骨髓，精华，活力，配偶[医] 髓（尤指骨髓）
accentuate	æk'sentjueit	vt. 以重音念，强调，重读
greasy	'gri:zi	a. 油腻的，含脂肪多的
jumble	dʒʌmbl	vi. 搀杂，混杂vt. 搞乱，使混乱n. 混乱，薄饼
assorted	ә'sɒ:tid	a. 各种各样的，分类的
grieve	gri:v	vt. 使悲伤vi. 悲痛，伤心
receptive	ri'septiv	a. 能接纳的[医] 接受的，感受的
postage	'pәustidʒ	n. 邮资[经] 邮费，邮资
fuse	fju:z	n. 保险丝，导火线v. 熔化，融合
drizzle	'drizl	n. 细雨v. 下毛毛雨
stately	'steitli	a. 庄严的，宏伟的
dissipate	'disipeit	vt. 散失，驱散，浪费vi. 消散，放荡
publicize	'pʌblisaiz	vt. 宣传
vogue	vәug	n. 时尚，时髦，流行a. 流行的，时髦的
stout	staut	a. 结实的；矮胖的；勇敢的；激烈的n. 矮胖子；烈性啤酒
quarterly	'kwɔ:tәli	a. 季度的，按季度的，每季的adv. 按季，每三个月，每季一次n. 季刊
bidding	'bidiŋ	n. 命令，邀请，出价[经] 投标，招标
combustion	kәm'bʌstʃәn	n. 燃烧，骚动[化] 燃烧
pertinent	'pә:tinәnt	a. 相关的，中肯的，切题的[法] 恰当的，有关的
invader	in'veidә	n. 侵略者[化] 侵入物
fencing	'fensiŋ	n. 围墙，剑术[法] 围栏，买卖赃物，辩论
inviting	in'vaitiŋ	a. 引人动心的，有魅力的[法] 诱惑人的，动人心的
manure	mә'njuә	n. 肥料，粪肥vt. 施肥于
securely	si'kjuәli	adv. 安全地；安心地；牢固地；有把握地
insanity	in'sæniti	n. 疯狂，愚顽，精神错乱[医] 精神病
rustic	'rʌstik	n. 乡下人，乡巴佬a. 乡村的，纯朴的，手工粗糙的
unbearable	.ʌn'bєәrәbl	a. 无法忍受的，承受不住的
rigor	'rigә	n. 严格，严厉，苛刻，严酷，严密，精确[医] 寒战，强直，僵硬
involuntary	in'vɒlәntәri	a. 自然而然的，无意识的，不知不觉的，偶然的，不随意的[医] 不随意的
hideous	'hidiәs	a. 丑恶的，可憎的，令人沮丧的
scribble	'skribl	n. 潦草的写法，潦草写成的东西，拙劣的作品v. 潦草地书写，乱写，滥写
renounce	ri'nauns	vt. 拒绝，放弃，否认，垫牌vi. 垫牌，声明放弃权利n. 垫牌
stamina	'stæminә	n. 精力，活力，耐力，雄蕊[医] 耐力，精力; 雄蕊
infancy	'infәnsi	n. 幼年，初期，幼儿期[医] 婴儿期（一足岁以内）
lagoon	lә'^u:n	n. 环礁湖，近海岸的浅水区，泻湖，咸水湖
detrimental	.detri'mentәl	a. 有害的
ambivalence	æm'bivәlәns	n. 矛盾情绪[医] 矛盾情绪（两种情感互相冲突）
blizzard	'blizәd	n. 大风雪，暴风雪
utilization	.ju:tilai'zeiʃәn	n. 利用[医] 利用
thorn	θɒ:n	n. 刺，棘，荆棘
supremacy	sju'premәsi	n. 至高无上，霸权地位，优势，至上[法] 至高权力，无上权力，霸权
wrath	rɒ:θ	n. 愤怒，激怒，愤怒的举动，（自然现象等）严酷
approximate	ә'prɒksimәt	a. 大约的，接近的，近似的vt. 接近，使接近，粗略估计vi. 接近于
nontraditional	.nɔntrә'diʃәnәl	a. 不符合传统的，非传统的
witty	'witi	a. 富于机智的，诙谐的
vulgar	'vʌlgә	a. 粗俗的，庸俗的，普通的，通俗的，方言的[法] 庸俗的，卑下的，粗俗的
vocation	vәu'keiʃәn	n. 职业，天命，天职，才能，行业[法] 行业，职业，职业上的才能
ornamental	.ɒ:nә'mentl	n. 装饰物，观赏植物a. 装饰性的，装饰的，观赏用的
favored	'feivәd	a. 有利的，受惠的，幸运的
stale	steil	n. 尿a. 不新鲜的，陈腐的，疲惫的，陈旧的vt. 使变旧，走味vi. 变陈旧，走味，失时效，撒尿
clergyman	'klә:dʒimәn	n. 牧师
fret	fret	n. 烦躁，磨损，焦急，网状饰物vi. 烦恼，不满，磨损vt. 使烦恼，腐蚀，使磨损，使起波纹
disseminate	di'semineit	vt. 散播，传播，宣传vi. 广为传播
waterproof	'wɒtәpru:f	n. 防水材料a. 不透水的，防水的vt. 使防水
acquit	ә'kwit	vt. 无罪释放，表现，使履行[法] 开释，释放，免
prelude	'prelju:d	n. 前奏，序幕，序诗，前奏曲vi. 作为前奏vt. 作为……的开头
envoy	'envɒi	n. 外交使节，特使[法] 使者，代表，使节
coexist	.kәuig'zist	vi. 共存
treacherous	'tretʃәrәs	a. 不可信任的，危险的，背叛的，不可靠的[法] 奸诈的，背叛的，背信弃义的
traitor	'treitә	n. 叛逆者，叛国者[法] 叛徒，叛逆，背信者
unconventional	.ʌnkәn'venʃәnl	a. 不依惯例的，非传统的，非常规的
adherence	әd'hiәrәns	n. 依附，固执，坚持[化] 粘合
permissible	pә'misәbl	a. 可允许的，可容许程度的[机] 容许，允许
benevolent	bi'nevәlәnt	a. 善意的，慈善的
traction	'trækʃәn	n. 曳，牵引，牵引力[医] 牵引
rodent	'rәudәnt	a. 咬的，啮齿类的n. 啮齿动物
journalistic	,dʒ\\\\: nә'listik	a. 新闻业的，新闻工作者的，报刊特有的，新闻工作的
iceberg	'aisbә:g	n. 冰山，冷冰冰的人
lighthouse	'laithaus	n. 灯塔
provocation	.prɒvә'keiʃәn	n. 激怒，刺激，挑拨[医] 激发[作用]
paralysis	pә'rælisis	n. 麻痹，停顿，瘫痪[医] 麻痹，瘫痪
insulting	in'sʌltiŋ	a. 侮辱的，损害人体的
brilliance	'briljәns	n. 卓越，光辉[电] 辉度
fleeting		a. 疾驰的，短暂的，飞逝的
botanical	bә'tænikәl	a. 植物学的n. 植物性药材
wane	wein	n. 减少，衰微，败落，亏缺，月亏vi. 变小，亏缺，衰落，消逝，退潮
emblem	'emblәm	n. 象征，徽章，符号vt. 用象征表示
fright	frait	n. 惊骇，吃惊[医] 惊吓
beacon	'bi:kn	n. 烽火，灯塔v. 照亮
illumination	i.lju:mi'neiʃәn	n. 照明，阐明，启发[医] 照明，映光
synonymous	si'nɒnimәs	a. 同义词的，同义的
prolific	prәu'lifik	a. 有生殖力的，多产的，丰富的[医] 多育的，多产的，繁殖的
predominate	pri'dɒmineit	vt. 掌握，控制，支配vi. 占主导地位，占优势
grandeur	'grændʒә	n. 庄严，伟大，壮丽
ridicule	'ridikju:l	n. 嘲笑，愚弄，笑柄vt. 嘲笑，嘲弄，愚弄
rectangle	'rektæŋgl	n. 长方形，矩形[化] 矩形
stationery	'steiʃәnәri	n. 文具，信纸[法] 文具
angular	'æŋgjulә	a. 有角的，消瘦的，有尖角的，生硬的[医] 角的，角形的
periphery	pә'rifәri	n. 外围，边缘地区，圆周[医] 外周，周围
engaging	in'geidʒiŋ	a. 动人的，迷人的，有魅力的
horde	hɒ:d	n. （一）群，游牧部落，移动群vi. 成群结队
zest	zest	n. 兴趣，热情，风味，热心vt. 给……调味
exodus	'eksәdәs	n. 大批的离去[法] 退出，大批离去，成一外出
translucent	træns'lu:snt	a. 半透明的，透明的
turbulence	'tә:bjulәns	n. 混乱，动荡，骚乱，紊流[化] 湍流; 紊流
coordinated		vt. 调节；调整；整理；使调和（coordinate的过去分词）
formative	'fɒ:mәtiv	a. 有助于形成的，造型的，形成的n. 构词要素
innate	i'neit	a. 先天的，天生的[医] 先天的，生来的
clam	klæm	n. 蛤，沉默寡言的人vi. 捞蛤
breathtaking	'breθ.teikiŋ	a. 惊人的，惊险的
captivity	kæp'tiviti	n. 囚禁，被关[法] 囚禁，被俘，俘虏
avalanche	'ævәlɑ:ntʃ	n. 雪崩，山崩，大量vi. 崩塌vt. 大量涌至
festive	'festiv	a. 庆祝的，喜庆的，欢乐的
sluggish	'slʌgiʃ	a. 偷懒的，懒惰的，迟钝的[经] 萧条的，呆滞的
grope	grәup	v. 摸索n. 摸索
venerable	'venәrәbl	a. 庄严的，值得尊敬的
microbe	'maikrәub	n. 微生物，细菌[医] 微生物
footnote	'futnәut	n. 脚注[计] 脚注
serene	si'ri:n	a. 宁静的，沉着的，安详的，晴朗的n. 晴朗，平静
sanitation	sæni'teiʃәn	n. （环境）卫生，环境卫生的提倡/维持，卫生设备，下水道设施，卫生设施[医] 环境卫生
gorge	gɒ:dʒ	n. 峡谷，凹槽，塞饱，咽喉vi. 狼吞虎咽vt. 塞饱，狼吞虎咽地吃
gust	gʌst	n. 突然一阵，趣味，爱好
folding	'fәuldiŋ	a. 可折叠的[化] 折叠; 折叠效应
fluffy	'flʌfi	a. 毛绒绒的，蓬松的，空洞的，无内容的，不明确的[医] 绒毛状的
tapestry	'tæpistri	n. 挂毯，绒绣vt. 用挂毯装饰
sect	sekt	n. 宗派，教派
fir	fә:	n. 枞树，杉木[机] 枞木
excavate	'ekskәveit	v. 挖空，挖出，凿通
pious	'paiәs	a. 虔诚的，敬神的，尽责的，可嘉的，不可能实现的
conversational	.kɒnvә'seiʃәnl	a. 会话的，对话的，健谈的[计] 会话式的; 对话式的
adversely		adv. 不利，有害，相反，逆，敌对，逆向
uniformity	.ju:ni'fɒ:mәti	n. 无差异，同样，划一，一致[医] 均匀性
predominant	pri'dɒminәnt	a. 占主导地位的，卓越的[法] 占优势的，支配其他的，主要的
fidelity	fi'deliti	n. 忠实，诚实，忠诚，保真度[电] 逼真度
periodical	.piәri'ɒdikl	n. 期刊a. 定期出版的，（有关）期刊的，间歇（性的）, 周期的，定期的
zeal	zi:l	n. 热心，热衷，热诚
exemplary	ig'zemplәri	a. 可仿效的，可做模范的，惩戒性的，示范的[法] 惩罚性的，警戒性的，示范的
deplete	di'pli:t	vt. 耗尽，使衰竭[医] 排除，减少
propagate	'prɒpәgeit	vt. 繁殖，传播，传送vi. 繁殖，蔓延
proficiency	prә'fiʃәns	n. 精通，熟练，精练
scotch	skɔtʃ	n. 苏格兰人，苏格兰语，刻痕a. 苏格兰人的，苏格兰语的vt. 刻痕于，伤害，镇压，妨碍
transmitter	træns'mitә	n. 传送者，传达人，（疾病的）传播者[计] 发散机; 发送器
patriarchal	.peitri'ɑ:kәl	a. 家长的，族长的，由族长统治的[法] 家长的，家长制的，主教的
gait	geit	n. 步法，步态vt. 训练……的步法
archaic	ɑ:'keiik	a. 古体的，过时的，古老的，古代的[医] 原始的，古代的
adept	ә'dept	a. 熟练的，老练的，巧妙的n. 能手，内行
foray	'fɒrei	vi. 侵略，劫掠，袭击n. 侵掠，侵略，攻击
shabby	'ʃæbi	a. 衣衫褴褛的，低劣的，破旧的，吝啬的，卑鄙的
outdated	.aut'deitid	a. 旧式的，落伍的，过时的
exponent	ik'spәunәnt	n. 说明者，倡导者，说明物，指数a. 说明的[计] 指数
thrift	θrift	n. 节约，茂盛，海石竹
installment	in'stɒ:lmәnt	n. 就职，装设，分期付款[经] 分期付款
subtract	sәb'trækt	vt. 减去，扣掉，减少vi. 做减法[计] 减
nourish	'nә:riʃ	vt. 滋养，使健壮，怀有
slug	slʌg	n. 鼻涕虫，刺蛾，懒汉，弹丸，金属小块，重击vi. 偷懒，动作迟缓vt. 重击
auspices	'ɔ:spisiz	n. 赞助，主办，保护
brook	bruk	n. 小溪vt. 容忍
dominion	dә'minjәn	n. 领土，主权，统治[法] 统治权，主权，统治
infringe	in'frindʒ	v. 破坏，侵犯，违反
inspiring	in'spaiәriŋ	a. 鼓舞人心的
dagger	'dægә	n. 匕首vt. 用剑刺
rust	rʌst	n. 锈，生锈，衰退vi. 生锈，衰退vt. 使生锈，腐蚀
diagonal	dai'ægәnl	a. 对角线的，斜的，斜纹的n. 对角线，斜线，斜列
insulate	'insjuleit	vt. 使绝缘，隔离[医] 绝缘
prerequisite	pri:'rekwizit	a. 先决条件的，必要的n. 先决条件，必备条件
disproportionate	.disprә'pɒ:ʃәnit	a. 不成比例的
coherence	kәu'hiәrәns	n. 黏合（性）, 连贯性，一致性[化] 相干性
anthology	æn'θɒlәdʒi	n. 选集，诗选
imprint	im'print	vt. 印，铭刻n. 印，印记，特征，痕迹，版本说明
audition	ɒ:'diʃәn	n. 听，听力，试听[计] 审计命令
wry	rai	a. 扭歪的，歪曲的，歪斜的v. 扭曲，扭歪
projector	prә'dʒektә	n. 计划人，发起人，规划人，放映机，映画器，幻灯机，幻灯，探照灯，发射器[计] 投影仪
falcon	'fɒ:lkәn	n. 隼，猎鹰
austerity	ɒ'sterәti	n. 朴素，苦行，严格，严峻
prehistoric	'pri:his'tɔrik	a. 历史以前的，史前的
eloquent	'elәkwәnt	a. 雄辩的，有口才的，有说服力的
nicotine	'nikәti:n	n. 烟碱，尼古丁[化] 烟碱; 尼古丁
treason	'tri:zn	n. 叛逆，不忠，叛国罪[法] 叛逆，通敌，叛国罪
quaint	kweint	a. 古雅的，离奇有趣的，奇怪的
seedling	'si:dliŋ	n. 秧苗，树苗[医] 籽苗，幼苗，实生苗
resin	'rezin	n. 树脂vt. 涂树脂于
remit	ri'mit	vt. 宽恕，赦免，免除，汇出，缓解，减轻，把……提交，使恢复原状，推迟vi. 缓解，汇款n. 移交的事物
anecdotal	,ænek'dәutl	a. 轶事的，爱谈奇闻轶事的，多轶事的
indecent	in'di:sәnt	a. 下流的，不礼貌的[医] 猥亵的
reverence	'revәrәns	n. 尊敬，敬重，敬礼，尊严，威望vt. 崇敬，敬畏，尊敬
negligent	'neglidʒәnt	a. 疏忽的，粗心的，不在意的
balk	bɒ:k	n. 障碍，错误，失败vt. 阻止，错过，推诿vi. 逡巡不前
exposition	.ekspә'ziʃәn	n. 阐述，讲解，说明，博览会，展览会[经] 展览会，集市，义卖市场
profess	prә'fes	vt. 声称，以……为业，伪称，讲授vi. 表白，承认，当教授
transient	'trænziәnt	n. 瞬，短期居留者，过境鸟，瞬变现象a. 短暂的，易变的，瞬变的，路过的[计] 瞬变过程; 过渡过程; 过渡的; 瞬变的; 瞬时峰值电压
awkwardly		adv. 笨拙地；无技巧地
feud	fju:d	n. 不和，封地，争执vi. 长期不和，擦亮
embryonic	.embri'ɒnik	a. 萌芽的，初期的，未成熟[医] 胚胎的
audible	'ɒ:dәbl	a. 听得见的[电] 可闻的
beak	bi:k	n. 鸟嘴，喙[医] 嘴，喙
idiom	'idiәm	n. 习语，成语，惯用语法，方言
fabricate	'fæbrikeit	vt. 制造，建造，装配，伪造
collateral	kә'lætәrәl	a. 并行的，附随的，旁系的n. 旁系亲属，担保品
waive	weiv	vt. 不坚持要求，放弃，推迟考虑，丢弃[经] 放弃权利，免除，弃权人
thaw	θɒ:	n. 融解，融化，解冻时期vt. 使融解，使缓和vi. 融化，解冻
disintegrate	dis'intigreit	vt. （使）分解，（使）碎裂[医] 分解，分裂，蜕变
obliterate	ә'blitәreit	vt. 擦去，冲刷（掉）, 消灭，忘掉，盖销（邮票等）[法] 灭迹，消灭，涂抹
infiltrate	in'filtreit	vt. 使浸润，使潜入，使渗入vi. 渗入n. 渗透物
slit	slit	n. 裂缝，投币口，狭长裂口vt. 切开，扯裂，使有狭缝vi. 纵切，纵裂
predictive	pri'diktiv	a. 预言性的，成为前兆的
interrogate	in'terәgeit	vt. 质问，讯问，审问vi. 质问，讯问
individualism	.indi'vidʒuәlizm	n. 个人主义，个人特征[经] 个人主义
accessibility	әk.sesә'biliti	n. 易接近，可进入[化] 可及性; 可达性; 可接近性; 吸湿性
diversification	daivә:sifi'keiʃәn	n. 变化，多样化[经] 分散
gymnastics	dʒim'næstiks	n. 体操，体育[医] 体操，体育
mediocre	.mi:di'әukә	a. 不好不坏的，通常，平凡的
climatic	klai'mætik	a. 气候的
speck	spek	n. 斑点，有斑点的东西，污点，缺点，微粒，肥肉vt. 使有斑点
zinc	ziŋk	n. 锌vt. 镀锌于
detergent	di'tә:dʒәnt	n. 清洁剂[化] 洗涤剂
rendition	ren'diʃәn	n. 译文，施舍，表演[经] 生产量
tenderness	'tendәnis	n. 柔软，亲切，柔和，敏感，易触痛[医] 触痛
courtship	'kɒ:tʃip	n. 求爱，求婚，求爱时期
encyclopedia	in.saiklәu'pi:diә	n. 百科全书
malignant	mә'lignәnt	a. 有恶意的，恶性的，有害的[化] 恶性的
scroll	skrәul	n. 卷轴，画卷，名册，条幅，滚动v. （使）成卷形[计] 滚动
satire	'sætaiә	n. 讽刺文学，讽刺
dues		n. 税，应付款，该缴之款[经] 会费，捐费，手续费
alloy	'ælɒi. ә'lɒi	n. 合金vt. 将……铸成合金，减低成色vi. 合铸
wring	riŋ	n. 扭绞，拧，挤vt. 拧，绞，扭，勒索，折磨，使痛苦vi. 蠕动，扭动，绞，扭，感到痛苦
caste	kæst. kɑ:st	n. 印度的种姓制度，（排他的）社会团体
yawn	jɒ:n	n. 哈欠vi. 打哈欠，裂开vt. 打着哈欠说
neutralize	'nju:trәlaiz	vt. 使中立，使成中立地带，使中和，抵销vi. 中立化，变无效，中和
rebate	ri'beit	n. 部分退款，折扣vt. 退还，打折扣vi. 退还部分付款
feeder	'fi:dә	n. 饲养者，供给者，奶瓶[化] 给料器
biographer	bai'ɒgrәfә	n. 传记作者
concurrent	kәn'kʌrәnt	n. 同时发生的事件a. 同时发生的，一致的[计] 并行的; 并发的; 同时发生的; 共行的
delineate	di'linieit	vt. 描绘……的轮廓，描绘，描写
caterpillar	'kætәpilә	n. 毛虫[机] 履带车
spew	spju:	vi. 呕吐，喷涌vt. 呕出，喷n. 呕吐物，喷涌物
reptile	'reptail	n. 爬行动物，爬虫，卑鄙的人a. 爬行的，爬虫类的，卑鄙的
majestic	mә'dʒestik	a. 宏伟的，庄严的
postulate	'pɒstjuleit	n. 假定，基本条件vt. 要求，假定
confound	kәn'faund	vt. 使混淆，使狼狈，挫败
cleanse	klenz	vt. 使清洁，净化，使纯净[建] 纯化，净化，精炼
confiscate	'kɒnfiskeit	vt. 没收，把……充公，查抄a. 被没收的
arable	'ærәbl	a. 适于耕种的，可耕的
disgusted	dis'ɡʌstid	a. 厌恶的；厌烦的
impediment	im'pedimәnt	n. 妨碍，障碍，阻止，口吃[经] 对履行义务的阻碍
electromagnetic	ilektrәj'mæ^nitik	a. 电磁的，由电磁石产生的[电] 电磁的
edible	'edibl	n. 食品，食物a. 可食用的
caress	kә'res	n. 爱抚，拥抱vt. 爱抚，抱，宠爱
viral	'vairәl	a. 病毒的，病毒引起的[医] 病毒的
naturalist	'nætʃәrәlist	n. 自然主义者
disciplined	'disiplind	a. 遵守纪律的；受过训练的
toad	tәud	n. 蟾蜍，癞蛤蟆，讨厌的家伙
thunderstorm	'θʌndәstɒ:m	n. 雷暴雨
patriot	'peitriәt	n. 爱国者，爱国主义者
skyscraper	'skaiskreipә	n. 摩天楼，三角形天帆
hilarious	hi'lєәriәs	a. 喜不自禁的，欢闹的，引人发笑的
taunt	tɒ:nt	n. 辱骂，嘲弄vt. 嘲弄，奚落a. 很高的
envelop	in'velәp	vt. 包封，遮盖，包围n. 信封
revere	ri'viә	vt. 崇敬，敬畏，尊敬
potassium	pә'tæsiәm	n. 钾[化] 钾K
lore	lɒ:	n. 知识，眼光
gag	gæg	n. 箝口物，箝制言论，讨论终结vt. 阻塞，压制言论自由，使窒息，使呕吐，插科打浑，欺骗vi. 窒息，作呕，欺骗，插科打浑
unearth	.ʌn'ә:θ	vt. 发掘，掘出，从洞中赶出，揭露，发现
ambivalent	æm'bivәlәnt	a. 矛盾的，模棱两可的[医] 矛盾情绪的
caliber	'kælibә	n. 口径，才干，水准[医] 管径，口径
confinement	kәn'fainmәnt	n. 限制，被禁闭，分娩[医] 分娩，生产
humid	'hju:mid	a. 潮湿的，湿润的，多湿气的
elasticity	i.læs'tisiti	n. 弹力，弹性[化] 弹性
trudge	trʌdʒ	n. 沉重的步伐，长途跋涉vi. 步履艰难地走，蹒跚地走vt. 跋涉
glean	gli:n	v. 拾落穗，收集
generalize	'dʒenәrәlaiz	vt. 一般化，概括，推广vi. 形成概念，笼统讲
faucet	'fɒ:sit	n. 龙头，开关，旋塞
worldly	'wә:ldli	a. 世间的，世俗的，世上的
stash	stæʃ	vt. 藏起来n. 隐藏处，隐藏物
parry	'pæri	vt. 挡开，回避，闪避的回答n. 挡开，回避，闪避的回答
arid	'ærid	a. 干燥的，不毛的
effluent	'efluәnt	a. 流出的，射出的n. 流出物，由河湖等流出之水流
dwindle	'dwindl	vi. 减少，缩小，衰落vt. 使缩小
patriarch	'peitriɑ:k	n. 创办人，家长，元老，教长，（天主教）教皇[法] 家长，族长，创始人
snarl	snɑ:l	vi. 吼叫，怒骂，缠结vt. 咆哮着说，搞乱，使缠结n. 咆哮，吼叫，怒骂，缠结，混乱
quiver	'kwivә	n. 震动，颤抖，箭袋vi. 颤抖，振动vt. 使颤动a. 敏捷的
primate	'praimit	n. 大主教，灵长目动物[医] 灵长类
loot	lu:t	n. 赃物，洗劫，抢夺v. 洗劫，抢夺
caricature	'kærikәtʃә	n. 讽刺画，漫画，漫画手法vt. 画成漫画讽刺
legalize	'li:gәlaiz	vt. 法律上认为正当，使合法化[法] 使合法化，法律上认可，使符法律
suffrage	'sʌfridʒ	n. 投票，选举权，参政权，代祷[法] 选举权，投票权，参政权
propulsion	prә'pʌlʃәn	n. 推进，推进力[医] 前冲，慌张步态
evergreen	'evәgri:n	n. 常绿树，常绿植物a. 常绿的
attire	ә'taiә	n. 服装，盛装vt. 使穿衣，打扮
gulp	gʌlp	vt. 吞，大口大口地吸气，吸收，抑制vi. 吞咽n. 吞咽[计] 字节组
splendor	'splendә	n. 光辉，壮丽，显赫
temperate	'tempәrәt	a. 温和的，适度的，有节制的，温带的
funnel	'fʌnl	n. 漏斗，漏斗状的东西，烟囱[化] 漏斗
abstinence	'æbstinәns	n. 节制，禁欲，戒酒[医] 节制，禁戒（如禁酒，节欲）
fanatic	fә'nætik	n. 狂热者，盲信a. 狂热的，盲信的
rendering	'rendәriŋ	n. 翻译，表现，描写，表演，打底，透视图
ancestry	'ænsestri	n. 祖先，世系，名门出身
accelerated	әk'selәreitid	a. 加快的[医] 加速的
flashy	'flæʃi	a. 闪光的，一瞬间的，浮华的
dweller	'dwelә	n. 居民
tame	teim	a. 驯服的，柔顺的，被开垦的，顺从的，乏味的，平淡的vt. 驯养，驯服，制服，失去锋芒vi. 变得驯服
nonfiction	nɒn'fikʃәn	n. （非小说的）写实文学
bison	'baisәn	n. 野牛
physiology	.fizi'ɒlәdʒi	n. 生理学，生理机能[医] 生理学
deport	di'pɒ:t	vt. 举止，驱逐出境[法] 放逐，驱逐，递解
kennel	'kenl	n. 狗舍，狗屋，阴沟vt. 置于狗舍，宿于狗舍vi. 进狗窝
jolt	dʒәult	n. 震摇，摇动，颠簸vi. 颠簸而行，震摇vt. 使颠簸，使慌张，猛击
ardent	'ɑ:dnt	a. 热心的，激动的，燃烧般的[医] 灼热的; 热心的
synonym	'sinәnim	n. 同义词
centennial	sen'tenjәl	n. 百年纪念a. 一百年的
gamma	'^æmә	n. 希腊语的第三个字母(Γ,γ)[医] γ（希腊文第三个字母）, 丙种，微克（千分之一毫克）
chimpanzee	.tʃimpәn'zi:	n. 黑猩猩[医] 黑猩猩
metabolic	.metә'bɒlik	a. 变化的，变形的，新陈代谢的[医] [新陈]代谢的
devout	di'vaut	a. 虔诚的，虔敬的，诚恳的
noted	'nәutid	a. 著名的，显著的，扬名的
fresco	'freskәu	n. 湿壁画，湿壁画技法vt. 作湿壁画于
arbitrator	'ɑ:bitreitә	n. 仲裁人，公断者[经] 公断人，仲裁人
narration	nә'reiʃәn	n. 叙述，故事，叙述文[法] 陈诉，原告陈述者事实
strife	straif	n. 争吵，竞争，冲突
burrow	'bʌrәu	n. 洞穴，藏身处vi. 掘洞穴，躲藏vt. 掘，打洞
leash	li:ʃ	n. （拴狗颈的）皮带vt. 以皮带束缚，束缚
auditory	'ɒ:ditәri	a. 听觉的，听觉器官的[医] 听[音]的，听觉的
propensity	prә'pensәti	n. 倾向，爱好，习性
refund	'ri:fʌnd	n. 偿还vt. 付还，偿还借款vi. 归还，偿还
saline	'seilain	a. 盐的，苦涩的，由碱金属（或含镁之盐类）组成的n. 盐湖，盐田，碱盐泻药，生理盐水
synthesize	'sinθisaiz	v. 综合，合成
solidify	sә'lidifai	v. （使）凝固，（使）团结，巩固
uncanny	.ʌn'kæni	a. 怪诞的，可怕的，离奇的，神秘的
aspiring	ә'spaiәriŋ	a. 有抱负的，有志气的
pane	pein	n. 窗玻璃，方框，方格，窗格vt. 嵌窗玻璃于[计] 窗格
dampen	'dæmpәn	vt. 弄湿，使沮丧vi. 变湿，丧气
smother	'smʌðә	vt. 使喘不过气，使窒息，闷熄，忍住，抑制，覆盖vi. 窒息，被抑制n. 浓烟，窒息状态，杂乱无章
eject	i'dʒekt	vt. 逐放，放逐，喷射[化] 排出
incubate	'inkjubeit	vt. 孵，培养，使发展vi. 孵蛋，潜伏，筑巢，孵化，酝酿n. 孵育物
alternately	'ɒ:ltәnәtli	adv. 交替地，间隔地
intersect	.intә'sekt	vt. 贯穿，横穿vi. 交错，相交
dormitory	'dɒ:mitәri	n. 宿舍
dorsal	'dɒ:sәl	a. 背的，背部的，背侧的[医] 背的，背侧的
overdue	'әuvә'dju:	a. 过期的，未兑的，迟到的，早就成熟的[经] 过期未付的
mythical	'miθikә l	a. 神话的，存在于神话中的，神话式的，不真实的，虚构的，幻想出来的
censor	'sensә	n. 检查员vt. 检查，审查，删改
overhaul	.әuvә'hɒ:l	vt. 分解检查，翻修，精细检查，彻底革新n. 分解检查，精细检查，大检修
throng	θrɒ:ŋ	n. 群，人群，群集，众多a. 拥挤的vi. 群集，蜂拥vt. 在……群集，使拥塞
scoff	skɒf	n. 嘲笑，愚弄，笑柄，食品v. 嘲笑，嘲弄，贪吃，狼吞虎咽地吃
sanity	'sæniti	n. 神智健全，头脑清楚，通情达理[医] 精神健全
revolutionize	.revә'lu:ʃәnaiz	vt. 向……鼓吹革命，使发生革命性剧变
mammoth	'mæmәθ	n. 猛犸，庞然大物a. 猛犸似的，巨大的
fervor	'fә:vә	n. 热情，热心，炽热
hem	hem	n. 边缘，折边，哼声vt. 缝边，包围，关闭vi. 做折边，发哼声interj. 哼
predatory	'predәtәri	a. 掠夺成性的，捕食生物的，掠夺的[医] 捕食的
cavern	'kævәn	n. 巨穴，洞窟，深处vt. 放于山洞中，挖空
diffusion	di'fju:ʒәn	n. 散播，传播，蔓延[医] 扩散，弥散，漫射（光）
overlapping	'әuvә'læpiŋ	[计] 重叠，覆盖[医] 重迭
ooze	u:z	n. 渗流，分泌物v. 渗出，泄漏
conscientious	.kɒnʃi'enʃәs	a. 有责任心的，负责的，本着良心的[法] 凭良心做的，有道德感的
shortcut	'ʃɒ:tkʌt	n. 捷径，最短路线[计] 快捷方式
fraught	frɒ:t	a. 含有……的，伴着……的，充满……的
tenuous	'tenjuәs	a. 稀薄的，微细的，纤细的，脆弱的[医] 细薄的，纤细的
innumerable	i'nju:mәrәbl	a. 无数的，数不清的
inconvenient	.nkәn'vi:njәnt	a. 不便的，有困难的
pedagogical	pedә'^ɔdʒikәl	a. 教师的，教学法的，适宜于教师的
inaccessible	.inæk'sesәbl	a. 难得到的，难接近的，难达成的
strikingly		adv. 显著地，惊人地，引人注目地
refute	ri'fju:t. ri:-	vt. 反驳，驳斥；驳倒
onslaught	'ɒnslɒ:t	n. 突击，猛击，猛攻
meticulous	mә'tikjulәs	a. 一丝不苟的，精确的，过细的
transpire	træn'spaiә	vt. 使蒸发，使排出vi. 蒸发，散发，泄露
concerted	kәn'sә:tid	a. 商定的，协定的，一致的[法] 一致的，协力的，共同的
garner	'gɑ:nә	n. 谷仓，积蓄vt. 储存，贮藏
shingle	'ʃiŋgl	n. 墙面板，小招牌
beset	bi'set	vt. 围绕，使苦恼，镶嵌
sympathize	'simpәθaiz	vi. 同情，怜悯，同意，体谅
fraudulent	'frɒ:djulәnt	a. 欺诈的，不正的，不诚实的[法] 欺诈的，欺骗的，骗取的
extinguish	ik'stiŋgwiʃ	vt. 熄灭，使消亡，压制，使减色[医] 消灭
budge	bʌdʒ	vi. 微微移动vt. 推动n. 羔羊皮
submerge	sәb'mә:dʒ	vt. 使浸水，使陷入，淹没vi. 潜入水中
strenuous	'strenjuәs	a. 奋发的，费劲的，艰苦的
impartial	im'pɑ:ʃәl	a. 公平的，不偏不倚的[法] 公正无私的，不偏袒的，公平的
forage	'fɒridʒ	n. 粮草，饲料，搜寻粮草vt. 喂，掠夺，搜寻粮秣vi. 搜寻粮草，掠夺
institutionalize	,insti'tju:ʃәnәlaiz	vt. 使制度化，使成为惯常的行为，使一成不变，把……送进疯人院
dated	'deitid	a. 有日期的，陈旧的
saturate	'sætʃәreit	vt. 使渗透，浸透，使充满，使饱和a. 浸透的，饱和度高的，深颜色的n. 饱和化合物，饱和脂肪酸
consign	kәn'sain	vt. 交付，储蓄，委托，寄存[经] 托卖，寄存，寄销
practicality	.prækti'kæliti	n. 实际性，实用性，实际事物
vindicate	'vindikeit	vt. 辩护，证明……无辜，维护[法] 辩护，辩解，辩明
rebellious	ri'beljәs	a. 造反的，反抗的[法] 造反的，反抗的，反判的
divergent	dai'vә:dʒәnt	a. 有分歧的[医] 散开的，偏斜的
cumbersome	'kʌmbәsәm	a. 笨重的，麻烦的，累赘的
unbroken	'ʌn'brәukәn	a. 未破损的，未被征服的，未打垮的，不屈服的，不涣散的，整齐的，未中断的[法] 未被阻断的，未破损的，完好的
throttle	'θrɒtl	n. 节流阀，节气阀，喉咙vt. 扼喉咙，使窒息，压制，使节流vi. 窒息，节流，减速
methane	'meθein	n. 甲烷，沼气[化] 甲烷; 沼气
leisurely	'li:ʒәli	a. 悠闲的，从容的adv. 从容地，悠闲地
allusion	ә'lu:ʒәn	n. 提及，暗指
apex	'eipeks	n. 顶，尖端，最高潮[医] 尖，尖端
perjury	'pә:dʒәri	n. 伪誓，伪证，背信弃义[经] 伪证，假的证据
repel	ri'pel	vt. 逐退，抵制，使厌恶，抗御vi. 使厌恶，相互排斥
condone	kәn'dәun	vt. 赦，宽恕[法] 宽恕，不咎，抵销
misgiving	mis'^iviŋ	n. 疑虑，不安，害怕，担扰，疑惧
ferocious	fә'rәuʃәs	a. 残忍的，凶猛的，可怕的
rehabilitate	.ri:hә'biliteit	vt. 恢复原状，修复，使康复[法] 恢复，使恢复心理健康，修复
culmination	.kʌlmi'neiʃәn	n. 顶点，高潮，最高点
seismic	'saizmik	a. 地震的
farce	fɑ:s	n. 闹剧，滑稽剧，胡闹
complimentary	.kɒmpli'mentәri	a. 问候的，称赞的，夸奖的
frigid	'frigid	a. 寒冷的，严寒的，冷淡的[医] 寒冷的，冷淡的，性感缺失的
itinerary	ai'tinәrәri	n. 旅程，旅行指南，游记a. 巡回的，旅程的
nibble	'nibl	n. 少量食物，细咬，轻咬，啃v. 一点一点地咬，细咬，吹毛求疵[计] 半字节
enterprising	'entәpraiziŋ	a. 有魄力的，有进取心的，有事业心的
gush	gʌʃ	n. 涌出，滔滔不绝地讲话v. 涌出，迸出，滔滔不绝的讲话
loathe	lәuð	vt. 厌恶，憎恶
impeccable	im'pekәbl	a. 无懈可击的，勿容置疑的，无瑕疵的，不会做坏事的
graphite	'græfait	n. 石墨[化] 石墨
emphatic	im'fætik	a. 语调强的，着重的，强调了的
detract	di'trækt	vi. 减去，贬低vt. 转移，分散
superficially		adv. 表面，表面性，浅层，不深，表皮，（贬）肤浅，一知半解，浅薄，平方，浮面
barricade	.bæri'keid	n. 路障，障碍vt. 设路障于，阻碍
ecologist	i:'kɒlәdʒist	n. 生态学者
dormant	'dɒ:mәnt	a. 睡眠状态的，静止的[医] 休眠的，不活动的，休止的
subversive	sәb'vә:siv	a. 从事颠覆的，破坏性的n. 破坏分子，颠覆分子
sporadic	spәu'rædik	a. 偶尔发生的，零星发生的，分散的[医] 散在的，散发的
intermittent	.intә'mitәnt	a. 间歇的，断断续续的[化] 间歇的; 间断的
landslide	'lændslaid	n. 山崩[化] 滑坡
taint	teint	n. 污点，耻辱，感染vt. 污染，使腐败，沾染，腐蚀
undisturbed	.ʌndi'stә:bd	a. 未被扰乱的，安静的，镇定的
substantiate	sәb'stænʃieit	vt. 使实体化，证实[经] 确证
trample	'træmpl	n. 践踏（声）, 蹂躏v. 践踏，无视
refresh	ri'freʃ	vt. 使清新，使恢复，使生气蓬勃vi. 提起精神，恢复精神，吃点心，喝饮料vt. 刷新，重新整理vi. 刷新，重新整理[计] 刷新，重新整理
timid	'timid	a. 胆小的，羞怯的
perceptive	pә'septiv	a. 知觉的，有知觉力的，感知的[医] 知觉的
ambush	'æmbuʃ	n. 埋伏，伏兵，伏击vt. 埋伏，伏击vi. 埋伏
degenerate	di'dʒenәreit	a. 堕落的vi. 退化，堕落vt. 使变质，使退化
concise	kәn'sais	a. 简洁的，简明的
harmonious	hɑ:'mәuniәs	a. 和睦的，调和的，和谐的，协调的
forerunner	fɒ:'rʌnә	n. 先驱，前兆
deference	'defәrәns	n. 顺从，尊重
doze	dәuz	vi. 打瞌睡，假寐vt. 打瞌睡度过n. 瞌睡
malicious	mә'liʃәs	a. 怀恶意的，恶毒的
cascade	kæ'skeid	n. 小瀑布，瀑布状物vi. 成瀑布落下[计] 层叠，级联
bliss	blis	n. 福佑，天赐的福[计] 实现系统软件的基本语言
adjoin	ә'dʒɒin	v. 邻接，毗连
kernel	'kә:nl	n. 核心，中心，精髓，内核[计] 内核
corroborate	kә'rɒbәreit	vt. 巩固，确证[法] 确证，确定，证实
adversity	әd'vә:sәti	n. 逆境，不幸，灾祸，灾难
discernible	di's\\\\:nәbl,-'z\\\\:-	a. 看得清的，可看出的，可辨别的，辨别得出的[计] 可识别的
torrent	'tɒ:rәnt	n. 奔流，倾盆大雨，倾注，迸发
yolk	jәuk	n. 蛋黄，卵黄[医] 卵黄，羊毛脂
incite	in'sait	vt. 刺激，激励，引诱[法] 鼓动，煽动
inconceivable	.inkәn'si:vәbl	a. 不能想象的，想不到的，难信的
immortal	i'mɒ:tәl	n. 不朽人物，神仙a. 永远的，不死的，长久的
antagonism	æn'tægәnizm	n. 对立，敌对，敌意[化] 拮抗作用; 消效作用
detriment	'detrimәnt	n. 损害，损害物[法] 损害，伤害，危害
hive	haiv	n. 蜂房，闹区，蜜蜂群vi. 进入蜂房，储藏蜜于蜂房，如蜂般群居vt. 使进蜂房，储备[计] 蜂巢
disband	dis'bænd	vt. 解散，遣散vi. 被解散
subvert	sәb'vә:t	vt. 推翻，颠覆，毁灭[法] 颠覆，推翻，减亡
victorious	vik'tɔ:riәs	a. 胜利的，得胜的，战胜的
repute	ri'pju:t	n. 名望，名气，声望vt. 认为，以为
ravine	rә'vi:n	n. 峡谷，冲沟，溪谷
pervade	pә'veid	vt. 弥漫于，遍及于，流行于，蔓延，渗透于，充满
folklore	'fәuklɒ:	n. 民俗学，民间风俗，民间传说
forbidding	fә'bidiŋ	a. 严峻的，可怕的，令人难亲近的
redirect	.ri:di'rekt	vt. 重新寄送，使改道，使改方向[计] 重定向，重新引导
tributary	'tribjutәri	a. 支流的，纳贡的，从属的，辅助的n. 支流，纳贡者，属国
nettle	'netl	n. 荨麻vt. 以荨麻刺，激怒
evasion	i'veiʒәn	n. 逃避，藉口[法] 回避，规避，逃避
unpack	.ʌn'pæk	vt. 从包裹中取出，卸下，打开vi. 打开包裹[计] 拆开
affectionate	ә'fekʃәnәt	a. 深情的，充满情爱的
penchant	'pә:ŋʃә:ŋ	n. 爱好，嗜好
abduct	æb'dʌkt	vt. 诱拐，绑架，使外展[医] 外展，展
outcry	'autkrai	n. 尖叫，倒彩，强烈抗议，喊价vi. 喊叫vt. 叫得比……响
boon	bu:n	n. 恩惠
amenable	ә'mi:nәbl	a. 服从的，会接纳的，有义务的[法] 服从的，有责任的，有服从义务的
refurbish	.ri:'fә:biʃ	vt. 再磨光，刷新
pretense	pri'tens	n. 借口，虚假，伪装
allot	ә'lɒt	vt. 分配，分摊指定[经] （按股或按规定）分配，配（拨）给，规（派）定
alight	ә'lait	vi. 落下，偶然发现a. 点着的
converse	kәn'vә:s	n. 相反的事物，倒，逆向a. 相反的，逆向的，颠倒的vi. 交谈，谈话
plunder	'plʌndә	n. 抢夺，掠夺品，战利品v. 掠夺，抢劫，抢夺
haphazard	hæp'hæzәd	n. 偶然性，偶然事件a. 无计划的，偶然的，随便的adv. 偶然地
clockwise	'klɒkwaiz	a. 顺时针方向的adv. 顺时针方向地
microorganism	.maikrәu'ɒ:gәnizm	n. 微生物，微小动植物[化] 微生物
sloping	'slәjpiŋ	a. 成斜坡的，倾斜的
deceptive	di'septiv	a. 迷惑的，虚伪的，欺诈的
penetrating	'penitreitiŋ	a. 敏锐的，尖锐的，伸入很深的，了解透彻的[医] 穿透的
hasty	'heisti	a. 匆匆的，轻率的，性怠的
acclaimed	ə'kleɪmd	v. 欢呼（acclaim的过去式及过去分词）a. 受到赞扬的
exhaustive	ig'zɒ:stiv	a. 消耗的，枯竭的，彻底的，详尽的
carnage	'kɑ:nidʒ	n. 大屠杀，残杀
juncture	'dʒʌŋktʃә	n. 接合，连接，接缝
purge	pә:dʒ	n. 净化，清除，泻药v. （使）净化，清除，（使）通便[计] 服务器文件删除实用程序
malice	'mælis	n. 恶意，蓄意害人，怨恨[法] 预谋，蓄意，恶意
labyrinth	'læbәrinθ	n. 迷宫，难解事物，迷路[化] 迷宫; 曲径
vigilant	'vidʒilәnt	a. 警觉的，警戒的，警惕的[法] 警醒的，警戒的，注意的
contagious	kәn'teidʒәs	a. 触染性的，会蔓延的[医] （接）触（传）染的
momentous	mәu'mentәs	a. 重大的，重要的
saliva	sә'laivә	n. 唾液，唾沫，涎[医] 涎，唾液
utopian	ju:'tәupiәn	a. 乌托邦的，空想社会主义的n. 理想社会主义者
autobiographical	ɔ:tәjbaiә'^ræfik(ә)l	a. 自传的，自传体的
enlighten	in'laitn	vt. 教育，启发，启蒙，开导，教导
resentful	ri'zentful	a. 岔恨的，易怨恨的，不满的，显然不满的
troupe	tru:p	n. 团，班，一伙vi. 巡回演出
flimsy	'flimzi	a. 易坏的，脆弱的，浅薄的n. 易损坏的东西（或材料）, 薄纸，描图用薄纸，薄纸稿纸
enigmatic	.enig'mætik	a. 费解的，谜一般的，高深莫测的
dreary	'driәri	a. 沉闷的
appraise	ә'preiz	vt. 评价，估价[经] 评价，鉴定
repudiate	ri'pju:dieit	vt. 声明离婚，拒绝，拒付，拒绝履行[经] 拒付（公债，国债等）
pretension	pri'tenʃәn	n. 自负，骄傲，主张
milieu	'mi:ljә:	n. 周围，社会环境，环境，表达的手法[医] 环境
rooster	'ru:stә	n. 公鸡，栖息的鸟[机] 炉篦
conventionally	kәn'venʃәnәli	adv. 照惯例，照常套，照老例
superstition	.sju:pә'stiʃәn	n. 迷信[法] 迷信
layman	'leimәn	n. 俗人，门外汉，凡人[医] 外行，业外人
spaceship	'speisʃip	n. 宇宙飞船
hazy	'heizi	a. 朦胧的，模糊的，烟雾弥漫的
tranquil	'træŋkwil	a. 安静的
embroidery	im'brɒidәri	n. 刺绣品，粉饰，刺绣
glazed	ɡleizd	a. 像玻璃的；光滑的；上过釉的；呆滞无神的
subdue	sәb'dju:	vt. 使服从，压制，减弱，抑制，克制
redress	ri'dres	n. 赔偿，补救，矫正vt. 纠正，赔偿，救济
tally	'tæli	n. 符木，记账，得分，比分，计数器，标签，符合，对应物vt. 记录，点数，计算，加标签于，使符合vi. 记帐，符合，吻合，记分[计] 计数
woolly	'wuli	a. 羊毛制的，模糊的，似羊毛的，蓬乱的
instigate	'instigeit	vt. 教唆，怂恿，煽动[法] 教唆，煽动，怂恿
charisma	kә'rizmә	n. 非凡的领导力，神秘的个人魅力，神授的能力
courteous	'kә:tjәs	a. 彬彬有礼，谦恭的
benefactor	'benifæktә	n. 恩人，捐助者，施主[法] 捐赠人，赠送人
retribution	.retri'bju:ʃәn	n. 报应，惩罚，报酬[法] 惩罚，报应，报答
stony	'stәuni	a. 多石的，无情的
totality	'tәutæliti	n. 全体，总数，全食
originality	ә.ridʒә'næliti	n. 创意，新奇，独创能力，原始
decry	di'krai	vt. 反对，责难，诽谤，诋毁
apprehend	.æpri'hend	vt. 理解，忧虑，逮捕vi. 担心，理解
fluctuate	'flʌktʃueit	vi. 变动，起伏，动摇vt. 使波动，使动摇
devious	'di:viәs	a. 偏僻的，迂回的
tremor	'tremә	n. 震动，颤动[医] 震颤
obtainable	әb'teinәbl. ɔb-	a. 能得到的
gazette	gә'zet	n. 报，公报，报纸vt. 在公报上宣布，刊载于公报
aristocrat	'æristәkræt	n. 贵族
instructive	in'strʌktiv	a. 有益的，增进知识的
languish	'læŋgwiʃ	vi. 憔悴，凋萎，苦思
digestive	di'dʒestiv	a. 消化的，助消化的n. 助消化药
bask	bɑ:sk	vi. 晒太阳，感到舒适
animosity	.æni'mɒsiti	n. 仇恨，憎恶，敌意
plumber	'plʌmә	n. 水管工人[法] 堵漏防漏人员
attached	ә'tætʃt	a. 附加的；依恋的，充满爱心的
streamline	'stri:mlain	n. 流线，流线型vt. 使成流线型，使合理化
weld	weld	n. 焊接处，焊接vt. 焊接，使密接，使结合，使成整体vi. 焊牢
squander	'skwɒndә	vt. 浪费，使分散vi. 浪费，漂泊，四散
oblivion	ә'bliviәn	n. 遗忘，（头脑的）一片空白状，湮没，大赦，赦免[法] 忘却，被忘却的事，大赦
etiquette	eti'ket	n. 礼仪，礼节，成规[法] 规则，成规，礼节
dissimilar	di'similә	a. 不同的，相异的
irreversible	,iri'vә:sәbl,-sib-	a. 不可逆的，不可改变的，不能倒置的，不能翻转的，不能倒转的，不可撤销的[计] 不可逆的
queer	kwiә	n. 怪人，同性恋者a. 奇怪的，不舒服的，可疑的vt. 搞糟
scaffolding	'skæfәldiŋ	n. 脚手架，台架，（搭脚手架用的）支杆和木板，（喻）（论点等的）支柱[化] 搭脚手架
riddle	'ridl	n. 谜，谜语，粗筛vt. 解谜，给……出谜，筛，寻根究底地检验，充满于vi. 出谜
diffuse	di'fju:z	v. 散播，传播a. 散开的，弥漫的
sanitary	'sænitәri	a. 卫生的n. 公共厕所
beaver	'bi:vә	n. 海狸（毛皮）[机] 轻型及中型飞机加油
wither	'wiðә	vt. 使凋谢，使消亡，使畏缩vi. 枯萎，衰退
primal	'praiml	a. 主要的，最初的，原始的
amalgamate	ә'mælgәmeit	v. 使汞齐化，合并
dimly	'dimli	adv. 微暗，朦胧
obligatory	ɒb'ligәtәri	a. 义务的，必须的，强制性的[法] 有拘束的，强制的，必须的
desolate	'desәlәt	a. 荒凉的
amiable	'eimjәbl	a. 亲切的，和蔼可亲的[法] 亲和的，和蔼可亲的
ransom	'rænsәm	n. 赎金，赎身，赎回vt. 赎，赎身，赎回，勒索赎金
aptly	'æptli	adv. 适当地，适宜地
dogma	'dɒgmә	n. 教条
indignant	in'dignәnt	a. 愤怒的，愤慨的
commonsense	,kɔmәn'sens	a. 有常识的，一望而知的，明明白白的
interstellar	'intә'stelә	a. 星际的
mesmerize	'mezmәraiz	vt. 施催眠术，迷住，迷惑[医] 催眠
lug	lʌg	v. 拖，拉n. 一拖，一拉，耳朵，耳状物，装腔作势，勒索
abstain	әb'stein	vi. 自制，戒绝，弃权，回避
tacit	'tæsit	a. 沉默寡言的，不苟言笑的，缄默的
bandit	'bændit	n. 强盗
protrude	prәu'tru:d	vi. 伸出，突出vt. 使伸出，使突出
exhilarating	ig'zilәreitiŋ	a. 令人喜欢的，使人愉快的，爽快的
precipitation	pri.sipi'teiʃәn	n. 坠落，沉淀，降水，轻率，急速，猛冲，突如其来[化] 析出
heroism	'herәuizm	n. 英勇，勇敢事迹，豪侠行为
exhale	eks'heil	v. 呼气，发出，散发
deficient	di'fiʃәnt	a. 不足的，不充分的，有缺陷的
inert	i'nә:t	a. 惰性的，迟钝的，无活力的，呆滞的[医] 惰性的，无作用的，无效的
optimist	'ɔptimist	n. 乐观者，乐观主义者
adjunct	'ædʒʌŋkt	n. 附属物，附件，助手，修饰语a. 附属的
abortive	ә'bɒ:tiv	a. 流产的，堕胎的，失败的[医] 流产的; 顿挫的
helium	'hi:liәm	n. 氦[化] 氦
crumple	'krʌmpl	vt. 弄皱，压皱vi. 崩溃，变皱
symmetrical	si'metrikl	a. 对称的，匀称的[医] 对称的，均称的
pinnacle	'pinәkl	n. 小尖塔，尖峰，高峰，极点vt. 造小尖塔，置于尖顶上
fray	frei	n. 磨损，打架，争论vt. 使磨损vi. 被磨损
termite	'tә:mait	n. 白蚁
rudimentary	ru:di'mentәri	a. 基本的，起码的，初步的，发展不完全的，残留的，退化的[医] 原基的，未成熟的; 残遗的，已退化的
dissect	di'sekt	v. 解剖，切开
acclaim	ә'kleim	n. 喝彩，欢呼，赞同v. 欢呼，喝彩，称赞
abyss	ә'bis	n. 深渊，深邃，地狱
attrition	ә'triʃәn	n. 摩擦，磨损[医] 擦除术; 磨耗
clandestine	klæn'destin	a. 偷偷摸摸的[法] 秘密的，暗中的
armament	'ɑ:mәmәnt	n. 军备，军队，武器[机] 武器
allure	ә'luә	vt. 引诱，吸引n. 魅力，诱惑力
unruly	.ʌn'ru:li	a. 难控制的，无法无天的，任性的
wag	wæg	vt. 摇摆，摇动，饶舌vi. 摆动，喋喋不休n. 摇摆，爱说笑打趣的人
legislate	'ledʒisleit	vi. 制定法律vt. 用立法规定
eschew	is'tʃu:	vt. 避开，远避
uniqueness	ju:'ni:knis	[计] 唯一性
reimburse	.ri:im'bә:s	vt. 付还，偿还，赔偿[经] 偿付，赔还，付还; 偿还
carnival	'kɑ:nivәl	n. 嘉年华会，狂欢节，饮宴狂欢
purify	'pjuәrifai	vi. 变纯净vt. 使纯净，净化，提纯，精炼
gallant	'gælәnt	a. 英勇的，壮丽的，华丽的
inaugurate	i'nɒ:gjureit	vt. 开始，举行……就职典礼
meticulously		adv. 过细地，细致地
leopard	'lepәd	n. 豹，美洲豹
aptitude	'æptitju:d	n. 资质，才能，自然倾向[医] 资质，才能
accomplice	ә'kʌmplis	n. 共犯，同谋[医] 协同菌
circumvent	.sә:kәm'vent	vt. 绕行，陷害，包围，智取
tamper	'tæmpә	vi. 干预，拨弄，贿赂，损害，篡改vt. 篡改n. 捣棒，打夯机，填塞者
conservationist	,kәnsә'veiʃәnist	n. 自然资源保护论者
indefinite	in'definit	a. 模糊的，不确定的，无限的[法] 不确定的，无限制的
recital	ri'saitl	n. 背诵，吟诵，详述[法] 叙述，评述，列举
condensation	.kɒnden'seiʃәn	n. 压缩，凝缩，冷凝[化] 冷凝; 冷凝作用; 缩合; 缩合作用; 凝聚; 凝聚作用; 凝结作用
blackmail	'blækmeil	n. 勒索vt. 勒索
annex	ә'neks	n. 附加物，附属建筑物vt. 附加，盖（印）, 并吞
prune	pru:n	n. 洋李，李子干，深紫红色，傻瓜vt. 修剪，砍掉，删除vi. 删除，删节
masonry	'meisnri	n. （建筑物的）砖石部分
wholesaler	'hәulseilә	n. 批发商[经] 批发商
compulsive	kәm'pʌlsiv	a. 强制的，强迫的[医] 强迫性的
postoperative	pәust'ɒpәrәtiv	a. 手术后的[医] 手术后的
irritable	'iritәbl	a. 易怒的，急躁的[医] 应激性的，过敏的
snug	snʌg	a. 舒适的，温暖的，整洁的，紧身的，隐藏的vt. 使整洁干净，使紧身，隐藏
venom	'venәm	n. 毒液，恶意vt. 放毒，使有毒
incense	'inseins	n. 香，香气，奉承vi. 焚香vt. 用香焚，使发怒
deviate	'di:vieit	vi. 脱离，偏离vt. 使偏离a. 脱离常规的n. 脱离常规的人
ravage	'rævidʒ	n. 破坏，蹂躏v. 毁坏，破坏，掠夺
surmount	sә:'maunt	vt. 战胜，超越，克服
blazing	'bleiziŋ	a. 炽燃的，强烈的
chronological	, krɔnә'lɔdʒikәl	a. 年代学的，按时间顺序的，按照年月顺序的[计] 编年的，按年月日顺序的
clamor	'klæmә	n. 喧闹，叫嚷，大声的要求v. 喧嚷，大声地要求
bustle	'bʌsl	n. 喧闹，裙撑vi. 奔忙，喧闹vt. 使忙碌，催促
instill	in'stil	vt. 滴注，慢慢地灌输
disarray	.disә'rei	vt. 弄乱，使混乱，使脱去衣服n. 无秩序，杂乱，不整齐的衣着
torment	'tɒ:ment	n. 使人痛苦的东西，折磨者，苦痛vt. 使苦恼，纠缠，歪曲，拷问
meteorite	'mi:tiәrait	n. 陨星[化] 陨石; 陨铁
typify	'tipifai	vt. 代表，象征，为……之典型
observance	әb'zә:vәns	n. 观察，遵守，仪式，风俗习惯[法] 遵守，奉行，惯例
sculpt	skʌlpt	v. 雕刻，造型
engrave	in'greiv	vt. 刻上，雕刻，铭记
unimaginable	.ʌni'mædʒinәbl	a. 不能想象的，不可思议的
suspense	sә'spens	n. 悬疑，焦虑，悬念，悬而不决[经] 未定，暂记
anesthesia	.ænis'θi:ziә	n. 麻醉，麻木[化] 麻醉; 失去知觉
literate	'litәrit	n. 学者a. 有读写能力的，精通文学的，受过教育的
harrow	'hærәu	n. 哈罗公学，耙vt. 耙掘，伤害，使苦恼vi. 被耙松
blunder	'blʌndә	n. 大错，大失策vi. 失策，跌跌撞撞地走，犯错vt. 做错
supplant	sә'plɑ:nt	vt. 排挤掉，代替
approaching		v. 进场；侵入；接近（approach的ing形式）
metropolis	mi'trɒpәlis	n. 大都市，重要中心，首府[医] 产地，生地
courier	'kuriә	n. 送快信的人，伴游服务员[法] 信使，送急件者
clutter	'klʌtә	n. 杂乱vt. 弄乱，使凌乱
cove	kәuv	n. 山凹，小湾v. （使）内凹，（使）成拱形
camouflage	'kæmuflɑ:ʒ	vt. 伪装，掩饰n. 伪装，伪装物，幌子
revoke	ri'vәuk	vt. 撤回，废除vi. 藏牌n. 藏牌[计] 取消权限程序
replenish	ri'pleniʃ	vt. 把……重新补足，把……再装满vi. 被再装满，充满
agitate	'ædʒiteit	vt. 使摇动，搅动，使激动，使不安vi. 鼓动，煽动
proficient	prә'fiʃәnt	n. 高手，专家a. 精通的，熟练的
barbarian	bɑ:'bєәriәn	n. 野蛮人a. 野蛮的
bent	bent	a. 弯曲的，决心的n. 爱好bend的过去式和过去分词
polarize	'pәulәraiz	v. （使）偏振，（使）极化，（使）两极分化
aromatic	.ærәu'mætik	a. 芬芳的[医] 芳香的; 芳香剂
stagnant	'stægnәnt	a. 不流动的，停滞的，不景气的，萧条的，污浊的，迟钝的[经] 萧条的
exude	ig'zju:d	v. （使）流出，（使）渗出
interdependence	.intәdi'pendәns.-dәnsi	n. 互相依赖
manually	'mænjuәli	adv. 用手
magnesium	mæg'ni:ziәm	n. 镁[化] 镁Mg
divergence	dai'vә:dʒәns	n. 分歧[计] 分散度
crimson	'krimzәn	n. 深红色a. 深红色的v. （使）变为深红色，脸红
fable	'feibl	n. 寓言，神话，谎言vi. 虚构，作寓言
migratory	'maigrәtәri	a. 迁移的，流浪的
proliferate	prәәu'lifәreit	vi. 增殖，激增，扩散vt. 使激增
cadence	'keidns	n. 韵律，抑扬，调子，节奏[电] 步调
civility	si'viliti	n. 礼貌，礼仪
blacksmith	'blæksmiθ	n. 铁匠[机] 铁匠
crisscross	'kriskrɒs	n. 十字形a. 十字形的adv. 十字形地vt. 画十字形于vi. 交叉往来
unfavorable	.ʌn'feivәrәbl	a. 不宜的，不顺利的，反对的[法] 不利的，有害的，不吉祥的
secrete	si'kri:t	vt. 隐秘，隐藏，隐匿，分泌[医] 分泌
joyous	'dʒɒiәs	a. 快乐的，高兴的
utilitarian	.ju:tili'tєәriәn	a. 有效用的，实利主义的，功利主义的n. 功利主义者
scuttle	'skʌtl	n. 箩，筐，急速逃走，天窗，小舱口vi. 急速逃走，急忙撤退vt. 凿沉，毁坏
engraving	in'greiviŋ	n. 雕刻，镌版术，雕版
agrarian	ә'grєәriәn	a. 土地的，耕地的[法] 土地的，土地所有制的
illiterate	i'litәrәt	n. 文盲a. 目不识丁的，没受教育的
peck	pek	n. 配克（英美干量单位）, 啄痕，啄食，许多vt. 啄，啄食，琢，凿成，扔vi. 啄，吹毛求疵，啄食，勉强吃[计] 取数
squeak	skwi:k	n. 吱吱声，侥幸vi. 吱吱叫，告密，侥幸成功vt. 以短促尖声发出
maverick	'mævәrik	n. 未烙饲主印记的小牛，持不同意见的人vi. 迷路
diverge	dai'vә:dʒ	vi. 分歧，岔开vt. 使岔开
wand	wɒnd	n. 棒，棍，杖
moat	mәut	n. 壕沟，护城河vt. 将……围以壕沟
heyday	'heidei	n. 全盛期interj. 嘿
haunted	'hɔ:ntid	a. 常出现鬼的，闹鬼的
skillful	'skilful	a. 熟练的，巧妙的[机] 熟练的
crayon	'kreiәn	n. 蜡笔，蜡笔画vt. 以蜡笔作画
hardness	'hɑ:dnis	n. 坚硬，困难，严厉，勇气[化] 硬度
brim	brim	n. 边，边缘，（河）边vt. 注满，使满溢vi. 满溢
terminus	'tә:minәs	n. 终点，界标，终点站[法] 界标，界牌，界石
forte	fɔ:t	n. 长处，特长，拿手，优点
varnish	'vɑ:niʃ	n. 清漆，虚饰，光泽的表面vt. 粉饰，涂清漆于，装饰，使有光泽
smug	smʌg	a. 自以为是的，自鸣得意的，整洁的n. 书呆子，自命不凡的家伙
insidious	in'sidiәs	a. 隐伏的，阴险的，狡猾的[医] 隐袭的
exertion	ig'zә:ʃәn	n. 努力，发挥，运用[医] 劳力，用力
negate	ni'geit	vt. 否定，否认，取消[计] 非
reddish	'rediʃ	a. 微红的，略带红色的
juxtaposition	.dʒʌkstәpә'ziʃәn	n. 并排，并置，并列[医] 并列，并置，对合
exuberant	ig'zju:bәrәnt	a. 繁茂的，丰富的，生气勃勃的[医] 生成过多的，高度增生的
segregate	'segrigeit	a. 分离的，被隔离的vi. 分离，隔离，分凝vt. 使分离，使隔离
sunflower	'sʌnflauә	n. 向日葵
horsepower	'hɒ:spauә	n. 马力[电] 马力
meditate	'mediteit	vt. 想，考虑，计划vi. 沉思，反省
collusion	kә'lu:ʃәn	n. 共谋，勾结[经] 勾结，串通，串同舞弊
virtuous	'vә:tʃuәs	a. 品德高尚的，公正的，贞洁的，有效力的
snowflake	'snәufleik	n. 雪片，雪花，雪片莲
composure	kәm'pәuʒә	n. 镇静，沉着
abort	ә'bɒ:t	vi. 流产，中途失败vt. 使流产，使失败，使中止
concoct	kәn'kɒkt	vt. 调合，捏造，编造[建] 调制，混合
fateful	'feitful	a. 宿命的，重大的，决定性的
mania	'meiniә	n. 狂躁，热衷，狂热[医] 躁狂，狂
dazzle	'dæzl	v. （使）眼花，炫耀n. 耀眼
admonish	әd'mɒniʃ	vt. 警告，劝告，训诫，告诫
skyrocket	'skai.rɒkit	vi. 飞涨，突升n. 焰火
teapot	'ti:pɒt	n. 茶壶
industrialization	in,dʌstriәlai'zeiʃn	n. 工业化，产业化[经] 工业化
cohesive	kәu'hi:siv	a. 黏合在一起的[医] 内聚的
arduous	'ɑ:djuәs	a. 费力的，努力的，险峻的
pedagogy	'pedәgәudʒi	n. 教育学，教授法，教学工作
sneer	sniә	n. 冷笑，嘲笑vi. 嘲笑，冷笑vt. 嘲笑着说，嘲笑得使
healthful	'helθful	a. 有益健康的，使人健康的，卫生的[法] 有益健康的，健康的，卫生的
tenement	'tenimәnt	n. 房屋，住房，保有物，居所[经] 地产，住屋
incarcerate	in'kɑ:sәreit	vt. 下狱，监禁，禁闭[法] 监禁，使下狱，禁闭
maize	meiz	n. 玉蜀黍，黄色a. 玉蜀黍色的，黄色的
heresy	'herәsi	n. 异端，异教[法] 异端邪说，异教，信奉异教
conifer	'kɒnifә	n. 松柏目植物，针叶树
flint	flint	n. 打火石，燧石，极硬的东西[化] 燧石
dictum	'diktәm	n. 声明，格言，法官意见[法] 宣言，声明，法官的意见
bedrock	bed'rɒk	n. 基岩，基本原理，基础
flickering	'flikәriŋ	a. 闪烁的，摇曳的，微弱的[计] 闪烁
tundra	'tʌndrә	n. 苔原，冻原
anomalous	ә'nɒmәlәs	a. 不规则的，反常的[医] 异常的，反常的
volt	vәult	n. 伏特[化] 伏特
congregate	'kɒŋgrigeit	v. （使）集合，（使）聚集a. 集合在一起的，集体的
aloft	ә'lɒft	adv. 在高处，在上
astonish	ә'stɒniʃ	vt. 使惊讶
placid	'plæsid	a. 平静的，温和的，沉着的，平稳的
aperture	'æpә.tjuә	n. 孔，缝隙，孔径[计] 窗孔; 小孔
influenza	.influ'enzә	n. 流行性感冒[医] 流行性感冒，流感
enactment	i'næktm(ә)nt	n. 制定，条例，法规，法令，颁布，规定[法] 制定，规定，颁布
dizzying	'dizi:iŋ	a. 令人昏乱的；极快的；灿烂的
pendulum	'pendʒәlәm	n. 钟摆，摇锤，摇摆不定的事态（或局面）[化] 摆
reverberate	ri'vә:bәreit	vi. 回响，反响，被反射vt. 使反响，使回响，反射a. 回响的，反射的
erroneous	i'rәuniәs	a. 错误的，不正确的[法] 错误的，不正确的
facsimile	fæk'simili	n. 摹（真）本，传真vt. 传真，临摹a. 复制的[计] 复制; 传真; 精确复制
embellish	im'beliʃ	vt. 修饰，装饰，润色
gnaw	nɒ:	v. 咬，啃，侵蚀，消耗，折磨
atheist	'eiθiist	n. 无神论者
vacate	vә'keit	vt.vi. 使空出，搬出，腾出，不再使用/居住，解除（职位）, 撤离（阵地）, 辞职，退位vt. 取消，使作废
glaring	'glєәriŋ	a. 闪耀的，炫目的，瞪视的
molten	'mәultәn	a. 熔化的，炽热的，铸造的melt的过去分词
sheath	ʃi:θ	n. 鞘，叶鞘，翅鞘[化] 护套
pocketbook	'pɒkitbuk	n. 笔记本，钱袋，皮夹，经济来源
sarcasm	'sɑ:kæzm	n. 挖苦，讽刺，讽刺话，讽刺性
kiln	kiln	n. 窑，炉，干燥炉vt. 烧窑，（在干燥炉）烘干
millimeter	'milimi:tә	n. 毫米[医] 毫米
nomadic	nәu'mædik	a. 游牧的，游牧生活的，流浪的[医] 游动的，无定的，游离的
captivate	'kæptiveit	vt. 迷住，迷惑
nook	nuk	n. 角落，躲蔽处，隐匿处，凹处
ruffle	'rʌfl	n. 皱褶，波纹，生气，混乱vt. 弄皱，触怒，洗（牌）, 连续轻擂（鼓）vi. 起皱，发脾气，连续轻擂
appall	ә'pɒ:l	vt. 使丧胆，使惊骇
entrenched		a. 牢固的，根深蒂固的
utensil	ju:'tensl	n. 器皿，用具
cosmopolitan	,kɔzmә'pɔlitәn	a. 世界主义的，世界性的，全世界的，遍生的，不偏狭的，卓有见识的n. 世界主义者，世界性
additive	'æditiv	a. 添加的，附加的，加法的，累积的n. 添加物
detectable	di'tektәbl	a. 可察觉的，易发现的[计] 可检测的
checkup	'tʃekʌp	n. 审查，鉴定，健康检查
foggy	'fɒgi	a. 雾深的，模糊的
dispersal	dis'pә:sl	n. 散布，传播，分散
screwdriver	'skru:draivә	n. 螺丝起子[机] 活动扳手
aversion	ә'vә:ʃәn	n. 厌恶，讨厌的事，讨厌的人[医] 厌恶，移转，移位
chronology	krә'nɔlәdʒi	n. 年代学，资料按年月次序的排列，按时间顺序编制的表格，年表
coalesce	.kәuә'les	vi. 合并，联合，合生[计] 结合
insomnia	in'sɒmniә	n. 失眠症[医] 失眠[症]
crystalline	'kristәlain	a. 透明的；水晶般的；水晶制的
serenity	si'reniti	n. 宁静，沉着，晴朗
colossal	kә'lɒsәl	a. 巨大的，巨像似的
null	nʌl	a. 无效力的，无效的，无价值的n. 零，空，零位[计] 空
jupiter	'dʒu:pitә	n. 朱庇物（罗马神话中的主神）, 木星
compressed	kәm'prest	a. 被压缩的，扁平的
roe	rәu	n. 狍，鱼子，鱼卵[医] 鱼卵，牝鹿
heterogeneous	.hetәrәu'dʒi:njәs	a. 异种的，异质的，由不同成分形成的[医] 不均匀的，多相的，异质的
computation	.kɒmpju'teiʃәn	n. 计算，计数，计算结果[经] 计算，估计，计算法
fortify	'fɒ:tifai	vt. 设要塞于，加强，使坚强，增加vi. 筑防御工事
equator	i'kweitә	n. 赤道[医] 赤道，中纬线
pendant	'pendәnt	n. 垂饰，下垂物，补充的东西，补编[电] 垂环
dramatize	'dræmәtaiz	vt. 改编成戏剧，编写剧本vi. 戏剧化
perilous	'perilәs	a. 危险的，濒临毁灭的
soluble	'sɒljubl	a. 溶解的，可溶解的，可以解决的[医] 溶解的，可溶的
sap	sæp	n. 树液，体液，活力，坑道，消弱，警棍vt. 使排出体液，使伤元气，使衰竭，挖坑道逼近，逐渐侵蚀vi. 挖坑道，消弱[计] 共享汇编程序，结构分析程序，符号汇编程序，服务器广告协议
bequest	bi'kwest	n. 遗赠物，遗产，遗赠[经] 遗产
algebra	'ældʒibrә	n. 代数学
epoch	'i:pɒk	n. 新纪元，时代，时期
astound	ә'staund	vt. 使惊骇，使大惊
imbue	im'bju:	vt. 使感染，灌输，使浸透
meander	mi'ændә	n. （河流的）蜿蜒，漫步，迂回旅行vi. 蜿蜒流动，漫步vt. 使蜿蜒曲折
pitiful	'pitiful	a. 慈悲的，可怜的，令人同情的，可鄙的
sullen	'sʌlәn	a. 愠怒的，沉闷的，阴沉的
bleach	bli:tʃ	vt. 漂白vi. 变白n. 漂白，漂白剂
dilution	dai'lju:ʃәn, di'l-	n. 冲淡，淡度，稀度，稀释物，冲淡物，稀释[计] 稀释度的
promulgate	prә'mʌlgeit	vt. 发布，公布，发表，传播[法] 颁布，公告，散播
paraphrase	'pærәfreiz	n. 释义，解述，改写vt. 改写，解述vi. 释义，意译
sentry	'sentri	n. 哨兵，看守vt. 设岗哨vi. 站岗，放哨
dependable	di'pendәbl	a. 可信任的，可靠的，可信赖的
glacial	'gleiʃәl	a. 冰的，冰川的，冰川时代的，冰冷的[医] 冰的，冰样的
nonverbal	nɔn'vә:bәl	a. 不用语言的；不用动词的
plumage	'plu:midʒ	n. 鸟类羽毛
amplification	.æmplifi'keiʃәn	n. 扩大，放大[化] 放大; 放大作用
congenital	kәn'dʒenitәl	a. 天生的，先天的[医] 先天的
wholesome	'hәulsәm	a. 有益健康的，合乎卫生的，健全的，有益的，有生气的，审慎的
soloist	'sәulәuist	n. 独奏者，独唱者
raucous	'rɒ:kәs	a. 沙哑的，粗声的，喧闹的
consonant	'kɒnsәnәnt	n. 辅音a. 一致的，调和的
droplet	'drɒplit	n. 小滴[医] 小滴
adhesive	әd'hi:siv	a. 粘着的，涂有粘性物质的n. 粘合剂，橡皮膏
overestimate	.әuvәr'estimeit	vt. 评价过高，过高估价n. 估计过高，评价过高
smog	smәug	n. 烟雾[化] 烟雾
quell	kwel	vt. 压制，平息，减轻
enrage	in'reidʒ	vt. 激怒，使暴怒
lodging	'lɒdʒiŋ	n. 寄宿处，寄宿[法] 提起，住所
cello	'tʃelәu	n. 大提琴
bicker	'bikә	vi. 斗嘴，潺潺而流，闪动n. 口角，流水声
bigotry	'bigәtri	n. 盲从，偏见，偏执的行为（或态度）
shale	ʃeil	n. 页岩
auspice	'ɒ:spis	n. 吉兆，占卜，赞助
furry	'fә:ri	a. 毛皮的，盖着毛皮的，似毛皮的
inundate	'inʌndeit	vt. 浸水，泛滥，淹没，使充满
absentee	.æbsәn'ti:	n. 缺席者，不在者[经] 缺勤者，缺席者，未到工者
repress	ri'pres	vt. 镇压，抑制，压制vi. 压制
pungent	'pʌndʒәnt	a. 刺激性的，尖刻的，苦痛的[医] 冲味的，刺激味的
sarcastic	sɑ:'kæstik	a. 讽刺的，讥讽的
bonanza	bәu'nænzә	n. 富矿带，带来好运的事物，幸运
trilogy	'trilәdʒi	n. 三部剧，三部曲[医] 三联，三联症
stardom	'stɑ:dәm	n. 明星身分，明星们
scapegoat	'skeipgәut	n. 替罪羔羊，替人顶罪者，替身[法] 替罪羊，代人受过者
topography	tә'pɒgrәfi	n. 地志，地形学，地势，局部解剖学[医] 局部解剖，局部记载
relapse	ri'læps	n. 回复，故态复萌，复发vi. 故态复萌，再陷邪道，再度堕落
shellfish	'ʃelfiʃ	n. 贝，甲壳类水生物[医] 牡蛎
trustworthy	'trʌst.wә:ði	a. 可信赖的[法] 可信任的，可靠的，可信赖的
sidestep	'saidstep	n. 横跨的一步，台阶vt. 横跨一步躲避，回避vi. 回避问题，躲避打击
finch	fintʃ	n. 雀科鸣鸟
recoil	ri'kɒil	n. 畏缩，后退，弹回，反作用，后坐力vi. 退却，畏缩，弹回，撤退，反冲，报应
corrosion	kә'rәuʒәn	n. 腐蚀，侵蚀，腐蚀产生的物质，铁锈，锈[计] 腐蚀
acidity	ә'siditi	n. 酸性[化] 酸度; 酸性; 酸性反应
astute	ә'stju:t	a. 敏锐的，狡猾的
aggregation	ægri'geiʃәn	n. 集合，聚合，集合体[化] 聚集; 聚集作用
vestige	'vestidʒ	n. 遗迹，痕迹，残余，丝毫，退化的器官[医] 遗迹，剩件，剩余
quail	kweil	n. 鹌鹑vi. 胆怯，畏缩
morphology	mɒ:'fɒlәdʒi	n. 形态学，词法，形态[医] 形态学
quartz	kwɒ:ts	n. 石英[化] 石英
uproar	'ʌprɒ:	n. 骚动，喧嚣
ply	plai	n. 厚度，板层vt. 使用，使劲挥舞，从事，折，弯vi. 辛勤工作，定期航行
err	ә:	vi. 犯错，做错，犯罪[法] 弄错，犯错误，陈述
decimal	'desimәl	a. 十进位的，小数的n. 十进制，小数[计] 十进制，小数点
hoax	hәuks	vt. 欺骗，哄骗，愚弄n. 愚弄人，恶作剧
newscast	'nju:zkɑ:st	n. 新闻广播
standardize	'stændәdaiz	vt. 使标准化，使合于标准，用标准检验[计] 标准化; 规格化
semblance	'semblәns	n. 外表，伪装，假象，少量
contiguous	kәn'tigjuәs	a. 邻近的，接近的[医] 接触的
primordial	prai'mɒ:diәl	a. 原始的，自原始时代的[医] 原始的
seaweed	'si:wi:d	n. 海草，海藻[医] 海藻
thorny	'θɒ:ni	a. 多刺的，令人苦恼的
encase	in'keis	vt. 把……装入箱内，包住
antarctica	ænt'ɑ:ktikә	n. 南极洲
clot	klɒt	n. 凝块，一团v. （使）凝结，（使）聚集
nutritious	nju:'triʃәs	a. 滋养的，营养的[医] 有营养的
calorie	'kælәri	n. 卡路里（热量单位）
abate	ә'beit	vt. 减少，减轻，减弱，废除，打折扣vi. 减轻，减弱，减少，失效，被废除
conveyance	kәn'veiәns	n. 运输，运输工具，财产转让[经] 运输工具，转让证书，财产的转让
minuscule	'minәskju:l	n. 小书写体，小写字a. 用小书写体的，小写字的
alkali	'ælkәlai	n. 碱a. 碱性的
tropics		n. 热带地区
harmonic	hɑ:'mɒnik	a. 和谐的，音乐般的，和声的n. 泛音，谐波
coinage	'kɒinidʒ	n. 造币[经] 造币，货币制度
scuba	'skju:bә	n. 自携式水中呼吸器
colonize	'kɒlәnaiz	vi. 开拓殖民地vt. 殖民于，移植于
impromptu	im'prɒmptju:	n. 即席演出，即兴曲a. 即席的adv. 即席
repertory	'repәtәri	n. 仓库，库存，储备，保留剧目轮演
unquestionably		adv. 毫无疑问，不成问题，无可非议，确实
unrestricted	.ʌnri'striktid	a. 无限制的
melodic	mә'lɒdik	a. 有旋律的，旋律美妙的
weathering	'weðәriŋ	n. 泻水坡，风化[化] 天然时效
nocturnal	nɒk'tә:nәl	a. 夜的，夜曲的[医] 夜间的
lull	lʌl	n. 暂停，间歇，稍息，使人安静的东西vt. 使平静，哄骗，使安静vi. 变平静
flaunt	flaunt	n. 炫耀，飘扬v. 炫耀，飘扬
impulsive	im'pʌlsiv	a. 冲动的，受感情驱使的，任性的[医] 冲动的
philharmonic	.filɑ:'mɒnik	a. 爱好音乐的，交响乐团的，爱乐团体的n. 音乐爱好者，音乐协会，音乐会，交响乐团
mammalian	mæ'meiljәn	n. 哺乳动物a. 哺乳动物的
slant	slænt	n. 倾斜，斜面，观点，偏见，歪曲a. 倾斜的v. （使）倾斜
chide	tʃaid	v. 斥责，责骂
nonconformist	'nɔnkәn'fɔmist	n. 不相信英国国教的人，不符合通常准则的人，不落俗套的人a. 违反准则的，不落俗套的，违反规范的
choreographer	.kɒri'ɒgrәfә	n. 舞蹈指导
garb	gɑ:b	n. 打扮，装束vt. 打扮，穿衣
buggy	'bʌgi	a. 多虫的n. 双轮单座轻马车，四轮单座马车
chasm	'kæzәm	n. 陷窟，裂口
fertilize	'fә:tilaiz	vt. 施肥，使丰饶，使受精
finesse	fi'nes	n. 策略，手段，（桥牌中的）飞牌v. 用计谋处理，出小牌
surmise	'sә:maiz	n. 推测，猜测v. 推测，臆测
acronym	'ækrәunim	n. 首字母缩拼词，首字母组合词[计] 字首组合词
vigilance	'vidʒilәns	n. 警戒，警觉，失眠症[医] 不眠症，警醒症
feign	fein	vt. 假装，装作vi. 作假
kerosene	'kerәsi:n	n. 煤油，火油，灯油[化] 煤油
confluence	'kɒnfluәns	n. 合流，合流点，集合，人群[医] 融合，汇合
jeweler	'dʒu:әlә(r)	n. 宝石商，宝石匠，珠宝商
laurel	'lɒ:rәl	n. 月桂树，荣誉vt. 使戴桂冠，授予荣誉
complicity	kәm'plisiti	n. 同谋，串通，复杂[法] 共谋，共犯关系
lipid	'lipid, 'laipid	n. 脂类，类脂物，脂质[化] 类脂; 脂质; 脂类
starch	stɑ:tʃ	n. 淀粉，浆糊，刻板vt. 浆硬
puzzling	'pʌzliŋ	a. 使迷惑的，把人难住的
fanciful	'fænsiful	a. 奇怪的，稀奇的，想像的
extremity	ik'stremiti	n. 极端，极点，困境，绝境[医] 肢，端
porous	'pɒ:rәs	a. 多孔的，有气孔的，多孔性的，能渗透的[医] 多孔的
populous	'pɒpjulәs	a. 人口多的，人口稠密的
perseverance	pә:si'viәrәns	n. 毅力，忍耐，锲而不舍，不屈不挠
glorify	'glɒ:rifai	vt. 赞美，美化，赞扬，使辉煌
melancholy	'melәnkɒli	n. 忧郁，悲哀，愁思a. 忧郁的，使人悲伤的，愁思的
methodically	mi'θɒdikәli	adv. 有系统地，有方法地
crevice	'krevis	n. 裂缝[医] 缝
flamboyant	flæm'bɒiәnt	a. 火焰似的，辉耀的，华丽的
brandish	'brændiŋ	vt. 挥，挥舞n. 挥舞
tarnish	'tɑ:niʃ	n. 失泽，失泽膜，污点vt. 使失去光泽，玷污vi. 失去光泽，被玷污
maxim	'mæksim	n. 格言，座右铭[法] 格言，准则，原则
allegory	'æligәri	n. 寓言
outgrow	.aut'grәu	vt. 过大而不适于，长得比……高（或大、快）, 成长得不再具有……
propriety	prә'praiәti	n. 礼貌，规矩，适当[计] 专有权
condense	kәn'dens	vt. 使浓缩，使压缩，缩短vi. 浓缩，凝结
affliction	ә'flikʃәn	n. 苦恼，折磨，苦恼的事由
ebb	eb	n. 退潮，衰退vi. 潮退，衰退
disillusion	.disi'lu:ʒәn	n. 觉醒，幻灭vt. 使醒悟，使幻想破灭
fruitless	'fru:tlis	a. 不结果的，不长果实的，无子的
superfluous	sju'pә:fluәs	a. 多余的，过剩的
laud	lɒ:d	n. 赞美，称赞vt. 赞美，称赞
carver	'kɑ:vә	n. 雕刻匠，雕工，切肉刀[医] 雕刻器
uproot	ʌp'ru:t	vt. 连根拔起，根除
divulge	di'vʌldʒ	vt. 泄露，透露
exhausting	i^'zɔ:stiŋ	a. 使耗尽的，使人筋疲力尽的[计] 经验，技巧，穷举，耗尽，排气
encroach	in'krәutʃ	vi. 侵犯，侵蚀，蚕食[法] 侵犯，侵入，侵占
sedentary	'sedәntәri	a. 久坐的，坐惯的，定栖的[医] 静坐的; 坐式的
melodrama	'melәu.drɑ:mә	n. 音乐剧，传奇剧，戏剧似的事件
unscrupulous	.ʌn'skru:pjulәs	a. 无道德原则的，不审慎的，肆无忌惮的
monotonous	mә'nɒtәnәs	a. 单调的，无变化的
wavy	'weivi	a. 有波浪的，多浪的，波浪状的，波动的，不稳定的
besiege	bi'si:dʒ	vt. 围攻，包围
muddle	'mʌdl	vt. 混合，使微醉，使咬字不清晰vi. 胡乱对付n. 困惑，混浊状态
persevere	.pә:si'viә	vi. 坚持，孜孜不倦，不屈不挠，（辩论中）固执己见
embroider	im'brɒidә	vt. 刺绣，镶边，装饰vi. 绣花
foresight	'fɒ:sait	n. 远见，深谋远虑[法] 先见，预见，预见的能力
painstaking	'peinzteikiŋ	n. 辛苦，苦心，工夫a. 辛苦的，勤勉的，小心的
tolerable	'tɒlәrәbl	a. 可容忍的，可以的
justly	'dʒʌstli	adv. 公正地，理由充分地，正当地
inflexible	in'fleksәbl	a. 不屈曲的，不屈挠的，顽固的
puncture	'pʌŋktʃә	n. 刺痕，穿刺vt. 刺穿，刺，揭穿vi. 被刺穿
transfix	træns'fiks	vt. 刺穿，使呆住，使固定[医] 贯穿，刺通
idyllic	ai'dilik	a. 田园诗的，牧歌的，悠闲的
immigrate	'imigreit	vt. 使移居入境vi. 移入
consternation	.kɒnstә'neiʃәn	n. 惊愕，恐怖，惊惶失措
defection	di'fekʃәn	n. 背叛，缺乏，毛病[法] 缺点，过失，背叛
overload	.әuvә'lәud	vt. 超载，过载，超过负荷n. 超载，负荷过多
mistrust	.mis'trʌst	n. 不信任，疑惑v. 不信任，疑惑
flout	flaut	vt. 嘲笑，愚弄vi. 表示轻蔑n. 嘲笑，愚弄，轻视
tactile	'tæktail	a. 触觉的，有触觉的[医] 触觉的
malnutrition	.mælnju:'triʃәn	n. 营养失调，营养不良[医] 营养不良
aloof	ә'lu:f	a. 远离的，冷淡的adv. 远离，冷漠超然地
spectacularly		adv. 引人注目地；壮观地
perpendicular	.pә:pәn'dikjulә	n. 垂直线，垂直的位置，直立（姿势）, 刚正，垂规a. 垂直的，直立的，陡峭的
hump	hʌmp	n. 驼背，圆形隆起物，鸵峰vi. 隆起，急速行进，努力vt. 使弓起，使烦恼，使努力干
elliptical	i'liptikәl	a. 椭圆的[医] 椭圆形的
impeach	im'pi:tʃ	vt. 控告，怀疑，检举，弹劾[法] 控告，检举，弹劾
credence	'kri:dәns	n. 信任，祭器台，供桌，凭证[法] 设计人，创立人，创设人
rebuke	ri'bju:k	n. 指责，谴责，非难vt. 斥责，指责，制止
retract	ri'trækt	v. 缩回，收回，取消，撤消
distasteful	dis'teistful	a. 味道差的，使人不愉快的，讨厌的
forthright	fɒ:θ'rait	adv. 直率地，直接地，马上，立即a. 直接的，直率的，坦白的n. 直路
illustrious	i'lʌstriәs	a. 著名的，辉煌的，明亮的
felt	felt	n. 毛毯，毡vt. 制毡，使粘结vi. 粘结feel的过去式和过去分词
unparalleled	.ʌn'pærәleld	a. 无比的，无双的，空前的
cursory	'kә:sәri	a. 匆匆忙忙的，草率的，粗略的
percussion	pә:'kʌʃәn	n. 敲打，碰撞，叩击，叩诊，击发，打击，打击乐器组[医] 叩诊
diligently		adv. 勤奋地；勤勉地
tact	tækt	n. 机智，手法，老练[经] （自动加工线的）生产节拍
rupture	'rʌptʃә	n. 破裂，断裂，裂开，决裂，不和v. （使）破裂
inept	in'ept	a. 不适当的，不理智的，笨拙的[法] 不称职者，无能的，不符要求的
craze	kreiz	n. 狂热，大流行v. （使）发狂，（使）开裂
considerate	kәn'sidәrit	a. 体贴的，体谅的，考虑周到的
urbanization	.ә:bәnai'zeiʃәn	n. 都市化[医] 都市化，人口城市集中
bravado	brә'vɑ:dәu	n. 虚张声势
adaptable	ә'dæptәbl	a. 能适应的，适合的，可修改的
impassioned	im'pæʃәnd	a. 充满激情的，狂热的，热烈的
amble	'æmbl	n. 马的缓行步态，缓行漫步vi. 马缓行，从容漫步
outlying	'aut.laiiŋ	a. 在外的，边远的，偏僻的，题外的
inextricably		adv. 无法摆脱地，解不开地，不能解决地
auxiliary	ɒ:g'ziljәri	n. 辅助者，辅助物，附属机构，助动词a. 辅助的，备用的
freshness	'freʃnis	n. 新，新鲜，精神饱满
ultimatum	.ʌlti'meitәm	n. 最后通牒，基本原理[法] 最后通牒，哀的美敦书，最后结论
placate	plә'keit	vt. 抚慰，平息，使和解，怀柔
perspiration	.pә:spә'reiʃәn	n. 汗，流汗，努力[医] 出汗; 汗
exacting	ig'zæktiŋ	a. 苛求的，吃力的
turquoise	'tә:kwɒiz	n. 绿松石，绿松石色
ethically		adv. 伦理上
selfishness	'selfiʃnis	n. 自我中心，利己主义，任性
codify	'kәudifai	vt. 编成法典[法] 使成文法化，编成法典，编纂
fervent	'fә:vәnt	a. 热的，炎热的，热心的
grudge	grʌdʒ	n. 怨恨，恶意vt. 怀恨，嫉妒，吝惜
checkout	'tʃekaut	n. 结帐台[计] 检验
chubby	'tʃʌbi	a. 圆胖的
galvanize	'gælvәnaiz	vt. 通电，镀锌，使……感到震惊
inconclusive	.inkәn'klu:siv	a. 非决定性的，无效果的，不得要领的[法] 非决定性的，不确定的，无结果的
disposed	di'spәjzd	a. 愿意，倾向于
meek	mi:k	a. 温顺的，逆来顺受的
mishap	'mishæp	n. 不幸之事，灾祸，恶运
posterity	pɒ'steriti	n. 子孙，后裔[法] 子嗣，后代，后裔
scorch	skɒ:tʃ	n. 烧焦，枯萎v. 烧焦，拷焦，（使）枯萎，讽刺
fruition	fru:'iʃәn	n. 成就，实现，结果实
warp	wɒ:p	n. 变形，弯曲，歪曲，乖僻，偏差，偏见vt. 使变形，弄歪，使翘曲，使不正常，歪曲，使有偏见vi. 变弯，变歪
expound	ik'spaund	v. 详细说明，解释
buzzer	'bʌzә	n. 嗡嗡作声的东西，蜂音器[化] 蜂鸣器; 磨轮; 砂轮
graft	grɑ:ft	n. 嫁接，贪污v. 嫁接，移植，贪污
crippling	'kripliŋ	（往复）曲折，断裂，临界的，极限的
fanatical	fә'nætikәl	a. 狂热的，盲信的
ambience	'æmbiәns	n. 周围环境，气氛
comprehensible	.kɒmpri'hensibl	a. 可理解的
collate	kә'leit	vt. 校对，校勘[计] 整理
sumptuous	'sʌmptʃuәs	a. 奢侈的，华丽的
hoarse	hɒ:s	a. 沙哑的，嘶哑的[医] 声嘶的
noxious	'nɒkʃәs	a. 有害的，有毒的，使道德败坏的[医] 有害的，有毒的
ephemeral	i'femәrәl	a. 朝生暮死的，短命的，短暂的[医] 暂时的
unconvincing	ʌnkәn'vinsiŋ	a. 不足以令人相信的
antipathy	æn'tipәθi	n. 厌恶，反感[医] 反感，厌恶; 相克疗法
sparrow	'spærәu	n. 麻雀
judicious	dʒu:'diʃәs	a. 头脑精明的，贤明的，判断正确的
diligent	'dilidʒәnt	a. 勤勉的，用功的
edifice	'edifis	n. 大厦，大建筑物
beaded	bi:did	a. 珠状的；饰以珠的
debatable	di'beitәbl	a. 可争论的，成问题的，未决定的
peculiarity	pi.kju:li'æriti	n. 特质，特性，怪癖
laborious	lә'bɒ:riәs	a. 艰苦的，费劲的，勤劳的
impotence	'impәtәns	n. 无力，虚弱，无效，阳萎[医] 阳萎，无能力
disagreeable	.disә'griәbl	a. 令人不快的，厌恶的，不合意的
callous	'kælәs	a. 麻木的，无情的，坚硬的，硬皮的，起老茧的vt. 使生茧，使变硬
agile	'ædʒail	a. 敏捷的，灵活的，机敏的
absorbing	әb'sɒ:biŋ	a. 吸引人的，非常有趣的[机] 吸收的
sustenance	'sʌstinәns	n. 生活资料，生计，食物，支持[法] 营养物，维持，支持
contented	kәn'tentid	a. 满足的，心安的
interlude	'intәlu:d	n. 幕间，幕间时间，插曲，穿插，过场[计] 插算; 中间程序
instantaneous	.instәn'teinjәs	a. 即时的，瞬间的，猝发的[机] 瞬时的
eccentricity	.eksen'trisiti	n. 古怪，古怪行为，怪癖[化] 偏心度; 偏心距; 偏心率
abrasive	ә'breisiv	n. 研磨料a. 有研磨作用的
prodigious	prәu'didʒәs	a. 庞大的，惊人的，异常的
trespass	'trespәs	n. 擅自进入，非法侵入，侵害vi. 侵害，侵入，打扰，冒犯
compensatory	kәm'pensәtәri	a. 赔偿的，补偿的，代偿的[医] 代偿的，补偿的
resolute	'rezәlu:t	n. 果断的人a. 坚决的，刚毅的，毅然的
morbid	'mɒ:bid	a. 致病的，病态的，疾病的，可怕的[医] 病的
liberally	'libәrәli	adv. 宽大地，大方地，自由地
slacken	'slækәn	vt. 使松弛，放松，放慢vi. 变松弛，减弱，松劲
chirp	tʃә:p	n. 喳喳声，唧唧声v. 吱喳而鸣
reliant	ri'laiәnt	a. 依赖的，信赖的
forlorn	fә'lɒ:n	a. 孤独的，悲惨的，凄凉的
vertigo	'vә:tigәu	n. 眩晕，迷惘[医] 眩晕
entangle	in'tæŋgl	vt. 使纠缠，卷入，使混乱
disinterested	dis'intristid	a. 无私欲的，廉洁的，公平的
springtime	'spriŋtaim	n. 春天，春季，初期
abundantly	ә'bʌndәntli	adv. 大量地，丰富地
prodigy	'prɒdidʒi	n. 惊人的事物，奇迹，不凡的人，奇才，神童，预兆
enigma	i'nigmә	n. 谜，费解的事物
conjecture	kәn'dʒektʃә	n. 推测，猜想，揣摩v. 推测，猜想，揣摩[计] 推测; 猜测
stylized		a. 程式化的；按固定格式的
nourishment	'nә:riʃmәnt	n. 滋养品，养料，营养[医] 营养，营养品
indignity	in'digniti	n. 侮辱[法] 侮辱的言行，无礼，有伤尊严
impervious	im'pә:viәs	a. 透不过的，不易损坏的，无动于衷的，不受影响的[医] 不能透过的
disprove	.dis'pru:v	vt. 证明……是不对的，提出……的反证，反驳[法] 证明……不成立，反驳，驳斥
gape	geip	n. 裂口，张嘴，打哈欠vi. 裂开，张嘴，打哈欠
yardstick	'jɑ:dstik	n. 码尺，计算标准，准绳[法] 尺度，衡量标准，任何评判或比较的标准
incongruous	in'kɒŋgruәs	a. 不协调的，不一致的，不合适的
discerning	di's\\\\:niŋ	a. 有眼力的，敏锐的，有辨别能力的，有洞察力的
choreograph	'kɒriәgrɑ:f	v. 设计舞蹈动作
deride	di'raid	vt. 嘲弄，嘲笑
invalidate	in'vælideit	vt. 使无效[法] 使无效，使无效力，使作废
defunct	di'fʌŋkt	a. 死的，不能使用的n. 死者
raven	'reivn	n. 渡鸦，掠夺a. 乌黑的v. 掠夺，狼吞虎咽
chum	tʃʌm	n. 密友，室友vi. 结为密友
nimble	'nimbl	a. 敏捷的，伶俐的，聪明的
acidic	ә'sidik	a. 成酸的，尖刻的，酸性的[机] 酸性
sociable	'sәuʃәbl	a. 好交际的，社交的，过社会生活的n. 联谊会
diminutive	di'minjutiv	a. 小的，小型的，指小的n. 身材极小的人，指小词，爱称
sculptural	'skʌlptʃәrәl	a. 雕刻的，雕刻般的
congenial	kәn'dʒi:njәl	a. 协调的，一致的，适意的，趣味相同的
sparsely	spɑ:slɪ	adv. 稀疏地; 稀少地; 不足地; 贫乏地
flattering	'flætәriŋ	a. 谄媚的，讨人欢喜的
fictitious	fik'tiʃәs	a. 假想的，编造的，虚伪的[法] 假定的，假设的，虚构的
elaborately	i'læbәreitli	adv. 苦心经营地，精巧地
affluence	'æfluәns	n. 富裕，丰富，流注[医] 丰富，流入
antiquated	'æntikweitid	a. 陈旧的，过时的，年老的
interlocking	.intә'lɒkiŋ	a. 连锁的[化] 咬合; 咬合作用
congested	kәn'dʒestid	a. 拥挤的，堵塞的[医] 充血的
ranching	ˈrɑ:ntʃɪŋ	n. 经营大牧场
apportion	ә'pɒ:ʃәn	vt. 分配，分摊，分派[法] 分派，分摊，分配
textured		a. 有……样质地的
husk	hʌsk	n. 外壳，皮，无价值之物vt. 剥……的壳，削皮
cordial	'kɒ:djәl	n. 兴奋剂，补品a. 热忱的，诚恳的，有兴奋作用的
salutary	'sæljutәri	a. 有益的，有用的，有益健康的[医] 适于健康的
forebear	'fɒ:bєә	n. 祖先，祖宗
abiding	ә'baidiŋ	a. 永久的，持久的，不变的
microcosm	'maikrәukɒzm	n. 小宇宙，小世界，人类
inkling	'iŋkliŋ	n. 暗示，微微觉得
inanimate	in'ænimәt	a. 失去知觉的，没生命的，无精打采的[医] 无生命的，无生机的
extol	ik'stәul	vt. 颂扬，称赞，吹捧
clamour	'klæmә	n. 喧闹v. 大声地要求
brawl	brɒ:l	n. 争吵vi. 争吵，哗哗地流水
fussy	'fʌsi	a. 易怒的，爱挑剔的，难取悦的，易烦恼的
cryptic	'kriptik	a. 神秘的，含义模糊的，隐藏的[医] 隐蔽的
reigning	'reiniŋ	a. 统治的；在位的；本届的；起支配作用的
agility	ә'dʒiliti	n. 敏捷，灵活，机敏
hospitable	'hɒspitәbl	a. 好客的，招待周到的
supple	'sʌpl	a. 柔软的，逢迎的，顺从的vt. 使柔软，使顺从
rigidity	ri'dʒiditi	n. 坚硬，僵化，坚硬，刚性，刚度[化] 刚度系数
choreography	.kɒriә'ɒgræfi	n. 舞蹈艺术，舞台舞蹈
deceit	di'si:t	n. 欺骗，谎言[经] 诈骗，欺骗
crafty	'kræfti	a. 狡诈的，诡计多端的，巧妙的
conciliatory	kәn'siliәtәri	a. 安抚的，和好的，调和的
subterranean	.sʌbtә'reinjәn	a. 地下的，秘密的n. 地下室，地下工作者
enunciate	i'nʌnsieit	vt. 明确地叙述，表明vi. 发音
reek	ri:k	n. 烟，水蒸气，臭气散发vi. 冒烟，发臭气，散发vt. 用烟熏，散发
custodian	kʌ'stәudjәn	n. 管理人，保管人，监护人[经] 保管人，管理人
detest	di'test	vt. 厌恶，憎恨
forsake	fә'seik	vt. 放弃，断念，抛弃[法] 遗弃，抛弃，摒绝
seethe	si:ð	vi. 冒泡，沸腾vt. 使煮沸，使浸透n. 翻腾
obviate	'ɒbvieit	vt. 除去，排除，使成为不必要，避免
everlasting	.evә'læstiŋ	a. 永恒的，持久的n. 上帝，神
sear	siә	a. 枯萎的，凋谢的vt. 烤焦，使枯萎vi. 凋谢，干枯
absolve	әb'zɒlv	vt. 宣告……无罪，赦免，免除[经] 免偿（债务）, 解除
stocky	'stɒki	a. 矮胖的，健壮结实的
palatable	'pælәtәbl	a. 美味的，好吃的，可口的[医] 适口的，味美的
spurt	spә:t	n. 喷射，冲刺vt. 喷射vi. 喷出，迸发，冲刺
revitalization	ri:,vaitəlai'zeiʃən;-li'z-	[医] 复苏，回生，复新
archipelago	.ɑ:ki'pelәgәu	n. 群岛，多岛屿的海
immobile	i'mәubail	a. 不动的，不变的，固定的，静止的
connoisseur	.kɒnә'sә:	n. 鉴赏家，鉴定家，内行
tingle	'tiŋgl	vi. 激动，感到刺痛，抖动vt. 使感刺痛n. 刺痛，震颤，耳鸣
feverish	'fi:vәriʃ	a. 发热的，极度兴奋的，不安的
accordion	ә'kɒ:djәn	n. 手风琴a. 可折叠的
dehydration	.di:hai'dreiʃәn	n. 脱水[化] 脱水; 脱水作用
extant	ek'stænt	a. 现存的，未毁的
freighter	'freitә	n. 租船人，承运人，托运人，货船，运输机[经] 装货人，货主，承运人
spinning	'spiniŋ	n. 纺纱[化] 纺丝
contravene	,kɔntrә'vi:n	vt. 违反，触犯，否认，反驳，抵触，与……冲突[法] 触法，违反，否定
amicable	'æmikәbl	a. 友善的，友好的[法] 友好的，和睦的，温和的
stimulant	'stimjulәnt	a. 兴奋性的，激励的，鼓舞的n. 兴奋剂，酒精饮料
supposition	.sʌpә'ziʃәn	n. 想像，推测，推想[法] 假定，推定，推测
tenacious	ti'neiʃәs	a. 紧握的，固执的，不屈不挠的，黏着力强的[医] 坚韧的
pretentious	pri'tenʃәs	a. 自负的，自命不凡的，夸耀的
newsstand	'nju:zstænd	n. 报摊，报刊出售处
inquisitive	in'kwizәtiv	a. 好问的，想知道的，好追根究底的
incoherent	.inkәu'hiәrәnt	a. 不连贯的，语无伦次的[医] 不连贯的
incessant	in'sesnt	a. 不断的，不绝的，无尽的
spherical	'sferikl	a. 球的，球面的，球状的，天体的[医] 球形的，球状的
flounder	'flaundә	vi. 挣扎，折腾；错乱地做事或说话
contemptuous	kәn'temptʃuәs	a. 轻蔑的，鄙视的，瞧不起人的
disrespect	.disri'spekt	n. 不敬，失礼，无礼
reproach	ri'prәutʃ	n. 责备，耻辱vt. 责备，申斥，使丢脸
squirt	skwә:t	v. 喷出，溅迸，注射n. 水枪，注射器，喷出
fraternal	frә'tә:nl	a. 兄弟的，兄弟似的，友爱的
sensuous	'senʃuәs	a. 感觉上的，使感官以快感的，敏感的
innuendo	.inju:'endәu	n. 讽刺，暗讽vi. 说讽刺话vt. 暗示
torrential	tɒ'renʃәl	a. 奔流的，急流的，猛烈的
spontaneity	.spɒntә'ni:iti	n. 自然发生，自生，自发
comical	'kɒmikәl	a. 好笑的，滑稽的
belie	bi'lai	vt. 掩饰，与……不符，使失望
valiant	'væljәnt	a. 英勇的n. 勇敢的人
pester	'pestә	vt. 不断打扰，纠缠
escalator	'eskәleitә	n. 电动扶梯，自动扶梯[机] 升降阶梯
shyness	'ʃainis	n. 羞怯，胆怯
ripen	'raipәn	vt. 使成熟vi. 成熟
fowl	faul	n. 鸟，飞禽，家禽vi. 打鸟
enslave	in'sleiv	vt. 奴役，束缚，使受控制，征服
discord	'diskɒ:d	n. 不调和，不和vi. 不一致，（声音）刺耳
methodical	mi'θɒdikl	a. 有方法的，有系统的
exasperate	ig'zæspәreit	vt. 使恼怒，激怒，恶化a. 糙面的，恼怒的，激怒的
barometer	bә'rɒmitә	n. 气压计[化] 气压计
tycoon	tai'ku:n	n. 企业界大亨，将军[经] 企业界巨头，企业家
discouraging	dis'kʌridʒiŋ	a. 令人气馁的
categorical	.kæti'gɒrikl	a. 范畴的，绝对的，明确的
censure	'senʃә	n. 责难vt. 非难，指责
subdivide	'sʌbdi'vaid	vt.vi. （把……）再分，（把……）细分[法] 再分，细分
naturalistic	.nætʃәrә'listik	a. 自然的，自然主义的
malfunction	.mæl'fʌŋʃәn	n. 故障，失灵，疾病vi. 发生故障，不起作用[计] 故障
dogmatic	dɒg'mætik	a. 教条的，武断的
dizziness	'dizinis	n. 头昏眼花[医] 头晕，头昏
cower	'kauә	vi. 畏缩，退缩，抖缩
stipulation	.stipju'leiʃәn	n. 约束，约定，契约[经] 订定，规定，条款
interdependent	.intәdi'pendәnt	a. 相互依赖的，相互依存的
concomitant	kәn'kɒmitәnt	a. 相伴的，伴随的，共存的n. 伴随物
impunity	im'pju:niti	n. 不受惩罚，无事，无患[法] 不受刑罚，免罚，免罪
gist	dʒist	n. 要点，要旨，依据[法] 依据，要旨，要点
deft	deft	a. 敏捷熟练的，灵巧的
mannerism	'mænәrizm	n. 矫揉造作，习性[医] 装相，作态
expedient	ik'spi:diәnt	n. 权宜之计a. 权宜的，方便的，有用的
evasive	i'veisiv	a. 逃避的，回避的，托辞的[法] 逃避的，规避的，推托的
satirical	sә'tirik(ә)l	a. 讽刺的，讥讽的，好挖苦的，写讽刺作品的
intelligible	in'telidʒәbl	a. 可理解的，易理解的，纯概念性的
incipient	in'sipiәnt	a. 起初的，发端的，初期的[医] 初发的，初期的
accelerating	æk'selәreitiŋ	[计] 加速
regenerate	ri'dʒenәreit	vt. 使再生，重建，革新vi. 新生，再生a. 新生的，再生的[计] 再生; 重写
diagonally	dai'ægәnәli	adv. 对角地
leaky	'li:ki	a. 有漏洞的，易泄漏秘密的，爱哭的[电] 漏的
rattlesnake	'rætlsneik	n. 响尾蛇[医] 响尾蛇
crystallize	'kristәlaiz	vt. 使结晶，使具体化vi. 结晶，具体化
harmonize	'hɑ:mәnaiz	vi. 协调，以和声唱vt. 使一致，使和谐
rekindle	.ri:'kindl	vt. 再点火，重新激起vi. 重新燃烧
supremely		adv. 崇高地；至上地
jogging	'dʒɒgiŋ	n. 慢跑[电] 轻摇
stuffy	'stʌfi	a. 闷热的，窒息的，乏味的，固步自封的，自以为是的
adobe	ә'doubi	n. 风干土坯[化] 风干砖; 土砖; 灰质粘土; 多孔粘土
zealot	'zelәt	n. 热心者，狂热者，犹太教狂热信徒[法] 狂热分子，激烈分子
ascending	ә'sendiŋ	a. 上升的，向上的[计] 递增
amnesia	æm'ni:zjә	n. 健忘症，记忆缺失[医] 记忆缺失，遗忘[症]
dingy	'diŋdʒi	a. 暗淡的，昏暗的，邋遢的
hummingbird	'hʌmiŋb\\\\:d	n. 蜂鸟
anarchist	'ænәkist	n. 无政府主义者[法] 无政府主义者
potted	'pɒtid	a. 盆栽的，罐装的
tint	tint	n. 色彩，浅色vt. 染色于
tranquility	.træŋ'kwiliti	n. 宁静
genial	'dʒi:njәl	a. 和蔼的，亲切的，友善的[医] 颏的
ablaze	ә'bleiz	a. 着火的，闪亮的，激昂的adv. 着火，闪耀
submerged	sәb'mә:dʒd	a. 水下的，在水中的
carnivore	'kɑ:nivɒ:	n. 食肉动物[医] 食肉动物，食虫植物
nectar	'nektә	n. 神酒，甜美饮料，甘露
enumerate	i'nju:mәreit	vt. 列举，计算，枚举，数[法] 举出，列举，枚举
diversified	dai'vә:sifaid	a. 多样化的，各种的
whittle	'hwitl	vt. 逐渐削薄，削整，削弱，削减vi. 削木头n. 大刀，屠刀
dimensional	dai'menʃәnәl	a. ……维的[化] 量纲的; 因次的
stipend	'staipend	n. 薪金，定期生活津贴[经] 薪水
hilly	'hili	a. 多丘陵的，多山岗的，险峻的
pueblo	pu'eblәu	n. 普韦布洛印第安人，印第安人村庄
paleontologist	.pæliɒn'tɒlәdʒist	n. 古生物学者
stub	stʌb	n. 断肢，烟蒂，树桩，残余，存根vt. 连根拔除，踩熄[计] 存根
circumference	sә'kʌmfәrәns	n. 圆周，周缘，胸围[医] 周缘，环状面
aggressiveness		n. （贬）侵略，侵犯，寻衅，（褒）敢作敢为，有进取心，（武器）攻击性，过分，放肆
hinterland	'hintәlænd	n. 内地，腹地，偏僻地区[经] 腹地
extricate	'ekstrikeit	vt. 使解脱，救出
inferiority	in.fiәri'ɒriti	n. 自卑，次等[医] 下位，下级，次级，劣等
moisten	'mɒisәn	vt. 弄湿vi. 变潮湿
obsess	әb'ses	vt. 迷住，使困扰
invocation	.invәu'keiʃәn	n. 祈祷，符咒
kinetic	kai'netik	a. 运动的，运动引起的，动力学的，活动的[医] 运动的，动的，动力的
assail	ә'seil	vt. 攻击，质问[法] 攻击，袭击，著手解决
disrepute	.disri'pju:t	n. 丧失名誉，坏名声，不名誉
meteorologist	.mi:tiә'rɒlәdʒist	n. 气象学者
holocaust	'hɔlәkɔ:st	n. 大屠杀，大火灾，毁灭，大规模烧杀
fleck	flek	n. 斑点，雀斑，斑纹vt. 使起斑点，使有斑纹，使有斑驳
twine	twain	n. 合股线，麻线，搓v. 搓，（使）交织，编饰，（使）缠绕
moron	'mɒ:rɒn	n. 低能者，笨人[医] 痴愚者
permissive	pә'misiv	a. 许可的，获准的，宽容的，放任的，放纵的，允许选择的，自由的[法] 表示许可的，随意的，纵容的
caustic	'kɒ:stik	n. 腐蚀剂a. 腐蚀性的
springboard	'spriŋbɒ:d	n. 跳板，出发点
genteel	dʒen'ti:l	a. 有教养的，上流的，优雅的
humanist	'hju:mәnist	n. 人道主义者，人文学者
unanimity	.ju:nә'nimiti	n. 无异议，同意，（全体）一致[法] 全体一致，一致同意，合意
rationing	'ræʃәniŋ	n. 定量配给[经] 限额配给
acupuncture	'ækju.pʌŋktʃә	n. 针刺，针刺疗法vt. 施以针灸
colt	kәult	n. 小马，苔绳，无经验的年轻人
slimy	'slaimi	a. 泥的，泥泞的，粘糊糊的，讨厌的
grasshopper	'græshɒpә	n. 蚱蜢，蝗虫
wistful	'wistful	a. 渴望的，想望的
citadel	'sitәdәl	n. 城堡，避难处
carelessly	'kєәlisli	adv. 不注意地，粗心地
appreciable	ә'pri:ʃiәbl	a. 可感知的，可评估的
altruism	'æltruizm	n. 利他主义，利他
retriever	ri'tri:vә	n. 取回的人
pauper	'pɒ:pә	n. 贫民，靠救济度日者，穷人，乞丐[法] 贫民，穷人
intrepid	in'trepid	a. 无畏的，勇猛的
neoclassical	'ni:әuklæsikәl	a. 新古典主义的
scavenger	'skævindʒә	n. （英）清道夫，清扫工，拾垃圾的人，清除剂，净化剂，食腐动物，黄色作家[计] 清除器
spiky	'spaiki	a. 大钉一般的，长而尖的，钉满钉子的，有穗的
evaporation	i.væpә'reiʃәn	n. 蒸发，脱水，消失[化] 蒸发
engross	in'grәus	vt. 用大字体书写，独占（市场）, 使全神贯注[法] 正式誊写，以大字写，囤积
converter	kәn'v\\\\:tә(r)	n. 使改变信仰的人，炼钢炉，吹风转炉，换流器，变压器，变换器，变频器，密码机[计] 转换器
perplex	pә'pleks	vt. 使困惑，使复杂化，使为难[法] 困惑，使复杂化，使纠缠不清
incredulity	.inkri'dju:liti	n. 不轻信，怀疑，疑心
pivot	'pivәt	n. 枢轴，支点，旋转运动，中枢，关键人物a. 枢轴的，（如）在枢轴上转动的vi. 在枢轴上转动，随着转移vt. 装枢轴于，以……为中心旋转[计] 程序员交互验证和编制工具，数据透视表
vaccinate	'væksineit	v. 预防接种
fragmentary	'fræ^mәntәri	a. 碎片的，碎屑的，片断的，断片的，碎块的，不完全的，不连续的，不完整的
elucidate	i'lu:sideit	vt. 阐明，说明
sectional	'sekʃәnl	a. 部分的，部门的，节的，截面的n. 组合式家具
agonize	'ægәnaiz	vt. 使极度痛苦，折磨vi. 感到痛苦
reversible	ri'vә:sәbl	a. 可逆的，可撤消的n. 双面可用织物
annihilate	ә'naiәleit	vt. 消灭，废止
cottonwood	'kɔtәnwjd	n. 三角叶杨
entanglement	in'tæŋglmәnt	n. 纠缠，卷入，缠绕物[化] 缠结
impropriety	.imprә'praiәti	n. 不适当，不得体，不正当行为，用词不当
spout	spaut	n. 喷口，从喷口流出的水，水落管，水龙卷vt. 喷出，喷射，滔滔不绝说出，典押vi. 喷射，高谈阔论
purification	.pjurifi'keiʃәn	n. 纯化，提纯，涤罪[化] 提纯
astounding	ә'staundiŋ	a. 令人惊骇的
luster	'lʌstә	n. 光彩，荣誉，光泽vi. 有光泽，发亮vt. 使发光辉
decomposition	.di:kɒmpә'ziʃәn	n. 分解，腐败，变质[化] 分解; 裂解
ineligible	in'elidʒәbl	a. 无被选任资格的，不适任的，无益的n. 无被选任资格的人，不合录用资格的人
octopus	'ɒktәpәs	n. 章鱼
jeer	dʒiә	n. 嘲笑，讥讽，戏弄v. 嘲弄，揶揄，戏弄
synchronize	'siŋkrәnaiz	vt. 使同步，使合拍vi. 同时发生[计] 同步
abbreviation	ә.bri:vi'eiʃәn	n. 缩写词，缩写，缩短，节略
dissenter	di'sentә	n. 持异议者，不同意者，不顺从国教者
barter	'bɑ:tә	n. 物物交换，实物交易v. 物物交换，交换
stanza	'stænzә	n. 演出期，（体育比赛的）局
emigrant	'emigrәnt	n. 移民，侨民a. 移民的，移居的
sardonic	sɑ:'dɒnik	a. 嘲笑的，冷笑的，讥讽的[医] 痉笑的
hearsay	'hiәsei	n. 传闻，谣言
chisel	'tʃizәl	n. 凿子v. 凿，刻，雕凿，欺骗
sieve	siv	n. 筛子，滤网vt. 筛，滤
lichen	'laikәn	n. 青苔，地衣，苔藓病[医] 地衣，苔癣
particulate	pә'tikjulit	n. 微粒a. 微粒的
aviator	'eivieitә	n. 飞行员
dreadfully	'dredfjli	adv. （非正式）非常，可怕地，令人惊骇地
multifaceted	.mʌlti'fæsitid	a. 多层面的
steadfast	'stedfәst	a. 坚定的，踏实的，固定的，不变的
predictability	pri.diktә'biliti	n. 可预言[电] 可预测性
depose	di'pәuz	vt. 免职，废黜，作证vi. 作证，供证
aghast	ә'gɑ:st	a. 惊骇的，吓呆的
hoe	hәu	n. 锄头v. 用锄耕地，锄
malady	'mælәdi	n. 病，疾病，弊病[医] 病
slumber	'slʌmbә	n. 睡眠，麻木状态vi. 微睡，静止，麻木vt. 睡着度过（时间）
quandary	'kwɒndәri	n. 困惑，迷惑，为难
minimalist	'minimәlist	n. 极简抽象派艺术家
defraud	di'frɒ:d	vt. 欺骗[经] 骗取，诈取，欺骗
chateau	ʃæ'tәu	n. 城堡
trepidation	.trepi'deiʃәn	n. 恐惧，惊惶，忧虑[医] 震颤，抖颤; 悸惧
slime	slaim	n. 烂泥，粘液vt. 涂上泥vi. 变粘滑
elation	i'leiʃәn	n. 得意洋洋，兴高采烈[医] 得意[洋洋], 高兴
insinuate	in'sinjueit	vt. 巴结，暗示，使滋长vi. 旁敲侧击
husbandry	'hʌzbәndri	n. 农事，饲养业，家政
glassy	'glɑ:si	a. 玻璃质的，玻璃状的，如镜的[医] 玻璃状的
sultry	'sʌltri	a. 闷热的，粗暴的，放荡的，激烈的
reclamation	.reklә'meiʃәn	n. 开垦，教化[经] 经济上的复原再造
foreshadow	fɒ:'ʃædәu	vt. 成为前兆，预示
enormity	i'nɒ:miti	n. 暴行，极恶，巨大[法] 重罪，大罪，暴行
decompose	.di:kәm'pәuz	v. 分解，（使）腐烂
mime	maim	n. 哑剧，小丑，滑稽戏v. 摸拟表演[计] 多用途互连网邮件扩展
absenteeism	æbsәn'ti:iz(ә)m	n. 经常无故缺席，旷职，旷工，旷课[经] 有计划的怠工，旷工
preponderance	pri'pɒndәrәns	n. 优势，多数[医] 优势
gash	gæʃ	n. 深长的伤口，很深的裂缝v. （使）负深伤，划开，砍入很深
fickle	'fikl	a. 变幻无常的，浮燥的，薄情的
drowsy	'drauzi	a. 昏昏欲睡的[医] 倦睡的，瞌睡的
boundless	'baundlis	a. 无限的，无边无际的[经] 无限的
hatchery	'hætʃәri	n. 孵卵处
domesticated	dəʊ'mestɪkeɪtɪd	a. 喜欢家庭生活的; （指动物）被驯养了的v. 驯化（ domesticate的过去式和过去分词 ）
mournful	'mɒ:nful	a. 悲恸的，悲哀的，令人惋惜的
aria	'ɑ:riә	n. 独唱特写镜头，咏叹调
saber	'seibә	n. 军刀，骑兵vt. 用马刀砍
repulsive	ri'pʌlsiv	a. 排斥的，可恶的，击退的
chivalry	'ʃivәlri	n. 骑士精神，骑士制度
magnetism	'mægnitizm	n. 磁性，吸引力，磁学，催眠术[化] 磁学
adage	'ædidʒ	n. 格言，谚语
impurity	im'pjuәriti	n. 杂质，不洁，不纯[化] 杂质
berate	bi'reit	vt. 严责
zenith	'zeniθ. 'zi:-	n. 顶点；最高点；顶峰
unbiased	.ʌn'baiәst	a. 没有偏见的[法] 无偏见的，大公无私的，公平的
trapper	'træpә	n. 设陷阱捕兽者，设陷阱猎兽者，看门工
panacea	.pænә'siә	n. 万能药，灵丹妙药[医] 万应药
insurmountable	.insә'mauntәbl	a. 难以克服的，不能超越的
inverse	in'vә:s	a. 倒转的，相反的n. 反向，反面[计] 反白，反色
spleen	spli:n	n. 脾脏，坏脾气，怨恨[医] 脾
silt	silt	n. 淤泥vt. 使淤塞vi. 淤塞
fragility	frә'dʒiliti	n. 脆弱，虚弱[化] 易碎性
consort	'kɒnsɒ:t	n. 配偶，夫妻vi. 陪伴，结交，符合vt. 使结合
modulate	'mɒdjuleit	vt. 调整，使转调，控制vi. 转调，调制
refrigeration	ri.fridʒә'reiʃәn	n. 冷却，冷藏，冷冻[计] 致冷
chafe	tʃeif	n. 擦伤，气恼v. 摩擦，擦痛，激怒
infallible	in'fælәbl	a. 绝无错误的，绝对可靠的n. 一贯正确的人
baboon	bә'bu:n	n. 狒狒[医] 狒狒
botany	'bɒtәni	n. 植物学[医] 植物学
concentric	kɒn'sentrik	a. 同中心的，同轴的[医] 同心的，共心的
shrivel	'ʃrivl	v. （使）起皱纹，（使）枯萎，（使）束手无策
mirage	'mirɑ:ʒ	n. 海市蜃楼，幻景，妄想
tantalize	'tæntәlaiz	vt. 逗弄，使干着急
tepid	'tepid	a. 微温的，温热的，不太热烈的[医] 微温的
constrict	kәn'strikt	vt. 压缩，束紧，使收缩vi. 收缩
belittle	bi'litl	vt. 轻视，贬低
zealous	'zelәs	a. 热衷的，热诚的，热心的，热情的
antagonist	æn'tægәnist	n. 敌手，对手[化] 对抗物; 拮抗物; 反协同剂; 反协同试剂
indigent	'indidʒәnt	a. 贫乏的，穷困的
invert	in'vә:t	a. 转化的vt. 使反转，使颠倒，使转化n. 颠倒的事物[计] 倒置; 反转
fetish	'fi:tiʃ	n. 物神，偶像，迷信[医] 恋物对象
belligerent	bi'lidʒәrәnt	a. 好战的，交战的，交战国的[法] 交战一方，交战国，交战集团
temperance	'tempәrәns	n. 节欲，戒酒，禁酒，节制[医] 节制（饮食等）, 戒酒
enthrall	in'θrɒ:l	vt. 迷惑，奴役，迷住
surcharge	'sә:tʃɑ:dʒ	n. 装载过多，超载，追加罚款，附加税vt. 使装载过多，追加罚款，收附加税
alder	'ɒ:ldә	n. 桤木[机] 赤杨木
slag	slæg	n. 熔渣，矿渣，无足轻重的人vt. 使变成熔渣vi. 变熔渣
dank	dæŋk	a. 阴湿的，潮湿的
disallow	.disә'lau	vt. 不许，不准，驳回[法] 拒绝接受，拒绝承认，不允许
consecrate	'kɒnsikreit	vt. 把……供祭祀用，奉献，使神圣a. 被献给神的，神圣的
convection	kәn'vekʃәn	n. 传送，对流，传导[化] 对流
rant	rænt	v. 咆哮，痛骂n. 咆哮，大话
sac	sæk	n. 囊，液囊，（美）战略空军司令部[医] 囊，袋
disrespectful	.disri'spektful	a. 失礼的，无礼的，不尊敬的
incandescent	.inkæn'desnt	a. 白热的，闪闪发光的，辉耀的，灿烂的[医] 白炽的，白热的
wren	ren	n. 鹪鹩
jettison	'dʒetisәn	n. 投弃，投弃货物[经] 抛弃，船货投海
parasitic	,pærә'sitik	a. 寄生的，由寄生虫引起的[计] 寄生的
chagrin	'ʃægrin	n. 懊恼vt. 使懊恼
gruff	grʌf	a. 粗哑的，粗鲁的，粗率的，板着脸孔的
malevolent	mә'levәlәnt	a. 有恶意的，坏心肠的
corrosive	kә'rәusiv	a. 腐蚀的，腐蚀性的，有害的n. 腐蚀物，腐蚀剂
weariness	'wiәrinis	n. 疲倦，厌倦，疲劳
renunciation	ri.nʌnsi'eiʃәn	n. 放弃，废弃，弃权，脱离关系[法] 放弃，抛弃，脱离关系
glossary	'glɒsәri	n. 专业词典，术语集，词表[计] 图文集
dungeon	'dʌndʒәn	n. 地牢
shameless	'ʃeimlis	a. 不知羞耻的
forestall	fɒ:'stɒ:l	vt. 预先阻止，先……一步行动，占先一步，垄断，阻碍[法] 先采取行动预防或阻止，垄断
touchy	'tʌtʃi	a. 易怒的，难以取悦的，过于敏感的
sojourn	'sɒdʒә:n	n. 逗留，旅居vi. 逗留，旅居
bondage	'bɒndidʒ	n. 奴役，束缚[法] 束缚，监禁，奴隶
itinerant	i'tinәrәnt	a. 巡回的n. 巡回者
asymmetrical		a. 不对称的，偏位的[计] 非对称的，不对称的
lathe	leið	n. 车床vt. 用车床加工
goad	gәud	n. 赶牛棒，激励，刺激vt. 用刺棒驱赶，激励，刺激，唆使，煽动
affable	'æfәbl	a. 和蔼可亲的，友善的，亲切的，慈祥的
unwieldy	.ʌn'wi:ldi	a. 难处理的，笨大难使用的，笨拙的
uncharted	.ʌn'tʃɑ:tid	a. 图上未标明的，未知的[法] 无人探险过的，未知的，海图上未载明的
biochemistry	.baiәu'kemistri	n. 生物化学[化] 生物化学; 生化
roost	ru:st	n. 栖木，休息所，群栖的禽鸟vi. 栖息，安歇vt. 使栖息
potentiality	pәu.tenʃi'æliti	n. 潜在性，可能性
burdensome	'bә:dnsәm	a. 累赘的，恼人的，繁重的[法] 难于负担的，压抑的，累赘的
spotless	'spɒtlis	a. 无脏污的，无缺点的，无可挑剔的
dissonance	'disәnәns	n. 不和谐音，不一致，不调和，刺耳的声音[医] 不谐和
curt	kә:t	a. 简略的，简短的，生硬的
dietitian	,daiә'tiʃәn	n. 饮食学家，营养学家[医] 饮食学家
irrigate	'irigeit	vt. 灌溉，冲洗伤口，使清新vi. 灌溉
yelp	jelp	n. 尖声急叫，狺吠，叫喊声vi. 尖声急叫，叫吠，叫喊vt. 叫喊着说
rapture	'ræptʃә	n. 兴高采烈，着迷，欢天喜地，狂喜vt. 使狂喜
trying	'traiiŋ	a. 难受的，难堪的[法] 裁决，审判，审理; 使人痛苦的，难堪的，难处的
audacious	ɒ:'deiʃәs	a. 大胆的，鲁莽的，胆大妄为的
despicable	'despikәbl	a. 可鄙的，卑劣的
snippet	'snipit	n. 小片，片断，摘录
reschedule	ri:ʃedju:l	[计] 重安排，重调度[化] 修订计划
geologic	dʒiә'lɔdʒik	a. 地质的，地质学的
frenetic	fri'netik	a. 发狂的，狂热的n. 发狂者
languid	'læŋgwid	a. 疲倦的，无力的，阴沉的
wispy	'wispi	a. 小束状的，细微的，飘渺的
barb	bɑ:d	n. 倒钩vt. 装倒钩于
kindle	'kindl	vt. 点燃，使着火，引起，照亮vi. 着火，激动，发亮
abject	'æbdʒekt	a. 绝望无助的，可怜的，糟透的，卑鄙的，自卑的[法] 卑鄙的，卑下的，可怜的
accredit	ә'kredit	vt. 信托，确认，归结于，委派[经] 发行信用证，信托，委托
penicillin	.peni'silin	n. 盘尼西林，青霉素[化] 青霉素
trove	trәuv	n. 发现物，收藏品[法] 发现物，收藏物
decadent	'dekәdәnt	a. 衰微的，颓废的n. 颓废派
calibration	.kæli'breiʃәn	n. 口径测定，刻度，校准[化] 校准
exorbitant	ig'zɒ:bitәnt	a. 过度的，过高的，过分的
frugal	'fru:gәl	a. 节俭的，朴素的
intoxicate	in'tɒksikeit	vt. 使陶醉，使喝醉
voracious	vә'reiʃәs	a. 贪吃的，狼吞虎咽的，贪婪的
equestrian	i'kwestriәn	a. 骑术的，马的，骑在马背上的n. 骑手
decrepit	di'krepit	a. 衰老的
seclusion	si'klu:ʒәn	n. 隔离，隐退
sapphire	'sæfaiә	a. 天蓝色的n. 蓝宝石，刚玉宝石，天蓝色
projecting	prә'dʒektiŋ	a. 突出的，伸出的
immobilize	i'mәubilaiz	vt. 使不动，使固定，使不能移动[医] 制动，固定
televise	'telivaiz	v. 用电视播放，播映
indent	in'dent	n. 契约，订货单，凹痕vi. 切割成锯齿状vt. 缩排，定货，印凹痕[计] 缩进
synthesizer	'sinθisaizә	n. 合成器，综合者[计] 合成器
trespasser	'trespәsә	n. 侵害者，违反者，侵入者
unbridled	.ʌn'braidld	a. 无缰辔的，不受控制的，无拘束的
woolen	'wulin	n. 毛制品a. 羊毛的，羊毛制的，毛织的
outgrowth	'autgrәuθ	n. 自然的发展，结果，副产物，分枝[医] 赘疣
paucity	'pɒ:sәti	n. 少数，少量，缺乏
revered	rɪ'vɪəd	v. 崇敬，尊崇，敬畏（ revere的过去式和过去分词 ）a. 可敬的，尊敬的
sewerage	'su:әridʒ	n. 排水设备，污水[化] 污水
meddle	'medl	vi. 干涉，干预，擅自摸弄[法] 干预，插手，弄乱
eloquence	'elәkwәns	n. 口才，雄辩术，雄辩[法] 善辩，口才
irreverent	i'revәrәnt	a. 不敬的，不逊的，无礼的
abhor	әb'hɒ:	vt. 憎恶，痛恨，回避，拒绝
mercantile	'mә:kәntail	a. 商业的，商人的[经] 商业的
underdeveloped	.ʌndәdi'velәpt	a. 开发不充分的，不发达的，发育不全的
perplexing	pә'pleksiŋ	a. 令人费解的，令人困惑的
assuage	ә'sweidʒ	vt. 平息，缓和，减轻
glut	glʌt	n. 大量，供过于求vt. 使充满，使吃饱，过多供应vi. 吃得过多，狼吞虎咽
patronizing	'peitrәnaiziŋ	a. 屈尊俯就的，显示优越感的
gratuitous	grә'tju:itәs	a. 免费的，无理由的[经] 无代价的
sunburn	'sʌnbә:n	n. 日炙，晒斑，晒焦，晒黑vt.vi. （使）晒黑，（使）晒得退色，（使）晒焦
pique	pi:k	n. 赌气，愤怒，不快，凹凸织物vt. 伤害……自尊心，激怒，刺激，引起兴趣，使兴奋
sporadically		adv. 偶发地；零星地
exalted	ig'zɒ:ltid	a. 高尚的，尊贵的，高位的，兴奋的
layering	'leiәriŋ	[计] 分层[医] 分层
convex	'kɒnveks	a. 中凸的，凸圆的，凸面的n. 凸状，凸面体，凸面结构
haggle	hægl	vi. 争论，杀价vt. 乱砍，乱劈n. 杀价，讨论，争论
legume	'legju:m	n. 豆类，豆荚[医] 豆，[豆]荚
impassive	im'pæsiv	a. 无感情的，冷淡的，无感觉的，不能伤害的
ajar	ә'dʒɑ:	a. 微开的，半开的，不和谐的adv. 微开，半开，不协调地
outlast	.aut'lɑ:st	vt. 比……长久，从……中逃生
maim	meim	vt. 使残废，使不能工作，使伤残[医] 伤残，残废
scraping	'skreipiŋ	n. 擦去，抹去，削去，刮擦声，碎屑a. 刮擦的，吝啬的
humanistic	.hju:mә'nistik	a. 人本主义的，人道主义的[法] 人道主义的，人文主义的，人本主义的
longitude	'lɒndʒitju:d	n. 经度，经线[电] 经度
depositor	di'pɒzitә	n. 存放者，存款人[经] 存款人，储户，委托人
progeny	'prɒdʒәni	n. 子孙，后裔，成果[医] 后代，后裔
daze	'deiz	vt. 使茫然，使发昏，使眼花缭乱n. 迷乱，眼花缭乱
choppy	'tʃɒpi	a. 猛地一动一停的，突变的[经] 震荡的
topsoil	'tɒpsɒil	n. 上层土，表层土
symbiotic	.simbai'ɒtik	a. 共栖的，共生的[医] 共生的
merciless	'mә:silis	a. 无慈悲心的，残忍的
condor	'kɒndɒ:	n. 神鹰[电] 一种等幅航行系统
tadpole	'tædpәul	n. 蝌蚪
precipitous	pri'sipitәs	a. 陡峭的，轻率的
rote	rәut	n. 机械性的背诵，死记硬背
raze	reiz	vt. 毁灭，刮去，把……夷为平地，消除，抹去，破坏
harmonica	hɑ:'mɒnikә	n. 口琴，玻璃钟琴[医] 氢气发音管
circumscribe	'sә:kәmskraib	vt. 在……周围画线，限制
hermit	'hә:mit	n. 隐士，隐居者
condiment	'kɒndimәnt	n. 辛辣调味品[化] 调味品
loath	lәuθ	a. 不情愿的，厌恶的
sunlit	'sʌnlit	a. 阳光照射的
impel	im'pel	vt. 推动，激励，驱使，迫使
intricately	'ɪntrɪkətlɪ	adv. 杂乱地，复杂地; 难懂地
mulberry	'mʌlbәri	n. 桑树，桑椹，深紫红色[医] 桑树; 桑葚
retrograde	'retrәgreid	a. 后退的，倒退的，退步的vi. 倒退，退步，回顾
cannibalism	'kænibәlizm	n. 嗜食同类，食人，嗜血成性
alchemy	'ælkimi	n. 炼金术，魔力[化] 炼丹术; 炼金术; 金丹术
chilli	'tʃili	n. 红辣椒
decorum	di'kɒ:rәm	n. 端正，礼貌，合宜，礼仪
squabble	'skwɒbl	vi. 争吵，口角n. 争吵，口角
unmatched	.ʌn'mætʃt	a. 无比的，无匹敌的，不相配的[化] 不匹配的
suffuse	sә'fju:z	vt. 遍布，弥漫，充满
retard	ri'tɑ:d	n. 阻止，延迟vt. 妨碍，延迟，使减速vi. 减速，延迟
silica	'silikә	n. 硅石，二氧化硅[化] 二氧化硅
fermentation	,fә:men'teiʃәn	n. 发酵[化] 发酵
tribulation	.tribju'leiʃәn	n. 苦难，困苦，苦难的缘由
stilt	stilt	n. 高跷，支柱，脚柱
balmy	'bɑ:mi	a. 芳香的，温和的，止痛的[化] 香脂气味的
abolitionist	.æbәu'liʃәnist	n. 废除主义者，废奴主义者
gregarious	gre'gєәriәs	a. 社交的，群居的
enmity	'enmәti	n. 敌意，憎恨
preservative	pri'zә:vәtiv	a. 有助于保存的，有保存力的n. 预防药，防腐剂
wristwatch	'ristwɒtʃ	n. 手表
viscous	'viskәs	a. 粘的，粘性的[医] 粘的
overcast	'әuvәkɑ:st	a. 阴天的，阴暗的，愁闷的
fortitude	'fɒ:titju:d	n. 刚毅，坚毅，不屈不挠
organically	ɒ:'gænikli	adv. 有机性地，器官上地，有组织地
baste	beist	vt. 用长针脚粗缝，润以油脂，狠揍
courtly	'kɒ:tli	a. 谦恭的，礼让的，有教养的
subsist	sәb'sist	vt. 供给食物，供养vi. 生存，存在
counterfeit	'kauntәfit	n. 赝品，伪造品a. 假冒的，假装的v. 仿造，伪装，假装
cog	kɒg	n. 嵌齿，小船vt. 给……装配齿轮，欺骗
dehydrate	.di:'haidreit	vt. （使）脱水[医] 脱水，去水
exalt	ig'zɒ:lt	vt. 提升，提高，赞扬，使得意vi. 使人兴奋，使人得意
confederate	kәn'fedәrit	n. 同盟者，同盟国a. 同盟的，联合的v. （使）联盟，（使）联合
innermost	'inәmәust	a. 内心的，秘密的，最深处的
capricious	kә'priʃәs	a. 反复无常的，多变的，任性的
disparage	dis'pæridʒ	vt. 蔑视，贬损[法] 轻视，贬低，诽谤
undaunted	.ʌn'dɒ:ntid	a. 大无畏的，勇敢的
knapsack	'næpsæk	n. 背包
portraiture	'pɒ:tritʃә	n. 肖像绘制（法）, 肖像画，描写
idiotic	.idi'ɒtik	a. 白痴的，愚蠢的，呆头呆脑的
retool	'ri:'tu:l	[化] 重新装备
shackle	'ʃækl	n. 桎梏，束缚物vt. 加枷锁，束缚
sparingly		adv. 节约地，爱惜地，吝惜地，少量地，贫乏地
invertebrate	in'vә:tәbrit	a. 无脊椎的，无骨气的n. 无脊椎动物，无骨气的人
monopolize	mә'nɒpәlaiz	vt. 独占，垄断[经] 垄断，专营，专利
inordinate	i'nɒ:dinәt	a. 过度的，紊乱的，过分的
pancreas	'pæŋkriәs	n. 胰腺[医] 胰[腺]
protectionist	prә'tekʃәnist	n. 贸易保护主义者a. 贸易保护主义的
vertebrate	'vә:tibreit	n. 脊椎动物a. 有椎骨的，有脊椎的
outmoded	.aut'mәudid	a. 过时的，废弃的[经] （式样等）过时的，废弃了的
shipwreck	'ʃiprek	n. 遇难船，海难vt. 遇海难，毁灭，使失事
deformation	.di:fɒ:'meiʃәn	n. 损形，变丑，畸形[化] 变形; 形变
grumpy	'grʌmpi	a. 性情乖戾的，脾气暴躁的，生气的
delude	di'lu:d	vt. 迷惑，蛊惑
enchant	in'tʃænt	vt. 施魔法，使入迷
germinate	'dʒә:mineit	vi. 发芽，萌芽，开始发育vt. 使发芽，使发育
respiration	.respә'reiʃәn	n. 呼吸，一口气，呼吸作用[化] 呼吸
luminosity	.lu:mi'nɒsiti	n. 光明，光辉，光度，亮度[计] 亮度
mallet	'mælit	n. 木槌，球棍，棒[化] 大锤; 手锤
skimpy	'skimpi	a. 不足的，吝啬的
deleterious	.deli'tiәriәs	a. 有害的，造成伤害的[医] 有害的
unexplored	'ʌniks'plɔ:d	a. 未勘查过的
dieter	'daiәtә	n. 节食者
photosynthesis	.fәutәu'sinθәsis	n. 光合作用[化] 光合作用
blemish	'blemiʃ	n. 污点，缺点vt. 弄脏，玷污，损害
extraneous	ek'streiniәs	a. 外来的，非必要的，无关的[医] 体外的
bandanna	bæn'dænә	n. 一各印花大手帕
zigzag	'zigzæg	n. 曲折线条，Z字形道路a. 之字形的，曲折的，锯齿形的adv. 之字形地，曲折地，成锯齿形地vt. 使成之字形，使曲折进行vi. 成之字形，弯曲地走路
wrought	rɒ:t	a. 制成的，精细的work的过去式和过去分词
introspective	.intrәu'spektiv	a. 内省的[医] 内省的
vaporize	'veipәraiz	v. （使）蒸发
crass	kræs	a. 粗俗的，愚钝的，粗糙的，非常的
infest	in'fest	vt. 骚扰，寄生于，大批出没[医] 传染，感染
merciful	'mә:siful	a. 仁慈的，慈悲的
exterminate	ik'stә:mineit	vt. 扑灭，消灭，根绝
profane	prә'fein	a. 世俗的，不敬神的，亵渎的vt. 亵渎，玷污
porpoise	'pɒ:pәs	n. 海豚，鼠海豚
sedimentary	.sedi'mentәri	a. 沉渣的，沉淀物的，由沉淀物所生成的[医] 沉淀的，沉积的，沉降的
vex	veks	vt. 使烦恼，使苦恼vi. 烦恼
sicken	'sikәn	vt. 患病，使厌倦，使恶心vi. 生病，作呕
distinctively	dɪ'stɪŋktɪvlɪ	adv. 区别地，特殊地
valor	'vælә	n. 英勇，刚勇，勇猛
ferment	'fә:ment	n. 酵素，发酵，动乱v. （使）发酵，（使）动乱
homily	'hɒmili	n. 说教，训诫
neurotransmitter	,njuәrәtræns'mitә	n. 神经递质[化] 神经递质
antagonize	æn'tægәnaiz	vt. 使对抗，使敌对，反对vi. 引起反抗
counterbalance	'kauntә.bælәns	vt. 使平均，使平衡，使弥补n. 平衡量，平衡力，势均力敌
tasteless	'teistlis	a. 没味道的，无鉴赏力的
eulogy	'ju:lәdʒi	n. 赞词，称颂
familiarize	fә'miljәraiz	vt. 使熟悉，使熟知，使通俗化
exponential	.ekspәu'nenʃәl	a. 指数的n. 指数[计] 指数
conceit	kәn'si:t	n. 自负，空想，狂妄
gratify	'grætifai	vt. 使满足
carat	'kærәt	n. 克拉[化] 开; 克拉（宝石、金刚石重量单位，等于0.2克）
hatchet	'hætʃit	n. 斧头，手斧，战斧[机] 小斧，手斧
insular	'insjulә	a. 岛的，岛民的，与世隔绝的，孤立的，保守的[医] 岛的，胰岛的，脑岛的
viscosity	vis'kɒsiti	n. 粘稠，粘性[化] 内摩擦; 粘度
embalm	im'bɑ:m	vt. 以药物防腐，铭记于心，使不朽
infertile	in'fә:tail	a. 不肥沃的，不毛的，不结果实的
readjust	.ri:ә'dʒʌst	vt. 重新调整，再调整[法] 再整理，再调整
sequester	si'kwestә	vt. 使隐退，使隔绝，扣押，没收[化] 螯合剂; 多价螯合剂
prohibitive	prә'hibitiv	a. 禁止的，禁止性的[经] 禁止性的，抑制的
acumen	ә'kju:men	n. 敏锐，聪明
intoxication	in.tɒksi'keiʃәn	n. 使醉，沉醉状态[医] 中毒，醉[酒]
homesick	'hәumsik	a. 思家的，思乡病的
floodplain	'flʌdplein	n. 泛滥平原
nonviolence	nɒn'vaiәlәns	n. 非暴力[法] 不诉诸武力的主张，政策，无暴力存在
gloat	glәut	vi. 满足地看，幸灾乐祸，贪婪地盯视n. 贪婪的盯视，满足的注视，幸灾乐祸
tumult	'tju:mʌlt	n. 骚动，吵闹，混乱[法] 骚乱，骚动，暴乱
polygon	'pɒligәn	n. 多角形，多边形[计] 多边形
falconer	'fɒ:lkәnә	n. 以鹰狩猎者，放鹰者，养鹰者
sully	'sʌli	vt. 玷污，弄脏n. 污点，脏污
supplementation	,sʌplimen'teiʃәn	n. 增补，补足，补充
lumbering	'lʌmbәriŋ	n. 伐木，伐木业a. 外形笨重的，笨拙的，步子沉重的，动作迟缓的，表达不流畅的
decadence	'dekәdәns	n. 颓废
cyclone	'saiklәun	n. 龙卷风，暴风[化] 旋流（分离，除尘）器
veracity	vә'ræsiti	n. 说话老实，老实，诚实
antiseptic	.ænti'septik	n. 抗菌剂，防腐剂a. 抗菌的，防腐的
rebut	ri'bʌt	vi. 反驳vt. 辩驳，反驳，揭露
lithe	laið	a. 柔软的
schism	'sizm	n. 分裂，分立，分裂教会罪[法] 分裂，分裂宗教罪，宗派
submissive	sәb'misiv	a. 服从的，顺从的
prospector	'prɒspektә	n. 勘探者，采矿者
magma	'mægmә	n. 岩浆，糊剂，乳浆剂[化] 晶浆
boarder	'bɒ:dә	n. 寄膳者，寄膳宿者
untapped	.ʌn'tæpt	a. 塞子未开的，未利用的
travesty	'trævisti	n. 拙劣的模仿作品，嘲弄，滑稽模仿vt. 滑稽地模仿，歪曲
commercialize	kә'mә:ʃәlaiz	vt. 使商业化，使商品化，使能营利，在……发展商业[经] 使商业化，使商品化，在……发展商业
windswept	'windswept	a. 风刮的，被风吹扫的，暴露在风中的
salinity	sә'liniti	n. 盐性，盐度[化] 盐度
receptacle	ri'septәkl	n. 容器，花托，插座[医] 容器，[接]受器，花托
whir	hwә:	n. 呼呼声，飕飕声vi. 作呼呼声，发飕飕声vt. 使呼呼响
ascetic	ә'setik	n. 苦行者，禁欲者，修道者a. 苦行的，禁欲的
orator	'ɒ:rәtә	n. 演说者，演讲者，雄辩家，原告，请愿人[法] 请愿人，原告，雄辩者
cubism	'kju:bizm	n. 立体派
aurora	ɒ:'rɒ:rә	n. 曙光，极光，奥罗拉（曙光女神）[电] 极光
repulse	ri'pʌls	n. 击退，拒绝vt. 厌恶，击退，拒绝
reticence	'retisns	n. 无言，沉默，勉强
fishy	'fiʃi	a. 鱼似的，多鱼的，腥臭的，呆滞的
gaseous	'gæsiәs	a. 气体的，气态的，无实质的[医] 气[体]的
indiscriminately	ˌɪndɪ'skrɪmɪnətlɪ	adv. 无差别，任意地; 不分青红皂白地; 滥; 不分皂白
scuff	skʌf	vi. 拖着脚走，磨损vt. 拳打，攻击，用足尖触，使磨损n. 拖着脚走，磨损，家用平底拖鞋
jubilant	'dʒu:bilәnt	a. 欢呼的，喜洋洋的
abut	ә'bʌt	v. 邻接，毗邻
driftwood	'driftwud	n. 漂流木，浮木
abrasion	ә'breiʒәn	n. 磨擦，磨损，磨损处[化] 磨耗; 磨蚀
lithosphere	'liθәu.sfiә	n. 岩石圈，陆界[化] 岩石圈
embellishment	im'beliʃmәnt	n. 装饰，润色，修饰
titanic	tai'tænik	a. 四价钛的[化] 钛; 正钛; 四价钛
vastness	'vɑ:stnis	n. 巨大，广大，广漠
dilate	dai'leit	vi. 扩大，详述，膨胀vt. 使膨胀
plagiarism	'pleidʒiәrizm	n. 剽窃，抄袭，剽窃物[法] 抄袭，剽窃，剽窃作品
delectable	di'lektәbl	a. 令人快乐的，美味的，使人愉快的
hew	hju:	vt. 砍，砍倒，砍成vi. 砍，劈，坚持
fallow	'fælәu	n. 休耕地a. 休耕的，淡棕色的
stubbornness		n. 倔强；顽强；棘手
dragonfly	'drægәnflai	n. 蜻蜓
malleable	'mæliәbl	a. 有延展性的，可锻的[医] 可展的，易适应的
portend	pɒ:'tend	vt. 成为……的前兆，预知，给与……的警告
unaided	.ʌn'eidid	a. 无助的，未受协助的
tortuous	'tɒ:tʃuәs	a. 扭曲的，弯曲的，转弯抹角的，欺骗的[医] 纡曲的，弯曲的
evince	i'vins	vt. 表明（感情等）, 表示出（特性等）
rubbery	'rʌbәri	a. 橡胶似的，有弹力的
herder	'h\\\\:dә(r)	n. 牧人，（美）（非正式）监狱看守[计] 首部，首标，标题，头标，报头，管座，端板
industrious	in'dʌstriәs	a. 勤勉的，刻苦的
impersonate	im'pә:sәneit	vt. 模仿，扮演，体现，使人格化[法] 体现，模仿，拟人
docile	'dәusail	a. 容易教的，温顺的
proclivity	prә'kliviti	n. 倾向，癖性
castigate	'kæstigeit	vt. 惩罚，苛评，修订
percolate	'pә:kәleit	vt.vi. 滤，滤过，渗开，（使）渗透，（使）渗滤n. 滤过液，渗出液vt. 用渗滤壶煮（咖啡）
rejuvenate	ri'dʒu:vineit	vt. 使年轻，使复原，使恢复精神vi. 返老还童，复原
scrupulously		adv. 严谨，一丝不苟，用心，准确，多顾虑，小心翼翼，审慎，诚实，真心实意
scrupulous	'skru:pjulәs	a. 小心谨慎的，细心的
canny	'kæni	a. 精明的，谨慎的，节约的
effigy	'efidʒi	n. 肖像，雕像
averse	ә'vә:s	a. 不愿意的，反对的
disfigure	dis'fi^ә	vt. 毁损……的外形，玷污，损害，毁损……的容貌[法] 损毁容颜，破相
vehement	'vi:imәnt	a. 热烈的，激烈的
unpalatable	.ʌn'pælәtәbl	a. 不可口的，味道差的，不好吃的
stingy	'stindʒi	a. 小气的，吝啬的，缺乏的，有刺的
dusky	'dʌski	a. 微暗的，暗淡的，暗黑色的，多黑影的，黑黝黝的，微黑色的，忧郁的
scruple	'skru:pl	n. 踌躇，犹豫，微量vi. 踌躇，有顾忌
inculcate	'inkʌlkeit	vt. 反复灌输，谆谆教诲
excitable	ik'saitәbl	a. 能被激动的，易兴奋的，易怒的[医] 应激的，[可]兴奋的
idiosyncrasy	.idiә'siŋkrәsi	n. 气质，特性，风格[化] 特异反应; 特异性体质
acrid	'ækrid	a. 苦味的，辛辣的，讥讽的，刻薄的[医] 辛辣的
succinct	sәk'siŋkt	a. 简洁的，紧缩的
laudable	'lɒ:dәbl	a. 值得赞赏的，值得佩服的[医] 健康的
laboriously		adv. 辛苦地；费力地；不流畅地
dogged	'dɒgid	a. 顽固的，顽强的
incisive	in'saisiv	a. 敏锐的，机敏的，激烈的，切入的，锋利的[医] 切牙的，切的
harshness	'hɑ:ʃnis	n. 粗糙事物，刺耳，严肃
mimetic	mi'metik, mai-	a. 模仿的，摹拟的，好模仿的，类似的[计] 模拟的，模仿的
pensive	'pensiv	a. 沉思的，哀思的，忧郁的
acrimonious	ækri'mәunjәs	a. 尖刻的，讥讽的，激烈的
forefather	'fɒ:fɑ:ðә	n. 祖先
strenuously		adv. 勤奋地；费力地
scuffle	'skʌfl	vi. 扭打，混战，拖着脚走，敷衍了事n. 扭打，混战，拖着脚走
sheathe	ʃi:ð	vt. 插入鞘，覆盖
fortuitous	fɒ:'tju:itәs	a. 偶然的[医] 偶然的，机会的
menial	'mi:niәl	a. 适合仆人做的，卑微的n. 仆人
unevenly		adv. 不平坦地；不均衡地；不平行地
outwit	.aut'wit	vt. 瞒骗，以智取胜
cuticle	'kju:tikl	n. 表皮[医] 表皮; 角质层（植）; 护膜
monochrome	'mɒnәkrәum	n. 单色画，单色，黑白a. 单色的，黑白的[计] 单色
jellyfish	'dʒelifiʃ	n. 水母，海蜇，意志薄弱的人[医] 海蛰，水母
mete	mi:t	vt. 量，测量，分配n. 边界，界石
obstinate	'ɒbstinit	a. 倔强的，顽固的，不让步的
disown	dis'әun	vt. 否认[计] 不认，驱逐
coddle	'kɒdl	vt. 娇养，溺爱，用文火煮（蛋）
obliging	ә'blaidʒiŋ	a. 乐于施惠的，体贴的，有礼貌的
expedite	'ekspidait	vt. 加快，促进，发出a. 畅通的，无阻碍的，迅速的，方便的
uninhabited	'ʌnin'hæbitid	a. 无人居住的，杳无人迹的
tedium	'ti:diәm	n. 单调乏味，沉闷
deciduous	di'sidjuәs	a. 每年落叶的，非永久性的[医] 脱落的
perturb	pә'tә:b	vt. 扰乱，使混乱，使心绪不宁
indigestion	.indi'dʒestʃәn	n. 消化不良[医] 消化不良，不消化
abdicate	'æbdikeit	vt. 正式放弃vi. 退位，退出，辞职
posthumous	'pɒstjumәs	a. 遗腹的，死后的[医] 遗腹的
synopsis	si'nɒpsis	n. 概要，摘要，大意[化] 一览表; 提要
teem	ti:m	vi. 充满，充足，倾注vt. 倒出
glassware	'glɑ:swєә	n. 玻璃器具[化] 玻璃器皿; 玻璃仪器
eminence	'eminәns	n. 显赫，名家，高处[医] 隆起，隆凸
irregularly		adv. 不规则，不整齐，不合法
transitory	'trænsitәri	a. 暂时的，短暂的，昙花一现的[法] 临时性诉讼，可选择管辖区的诉讼; 临时的，过渡的
intercede	.intә'si:d	vi. 说情，调解[法] 代为求情，从中调停
fanaticism	fә'nætisizm	n. 狂热，入迷
dissenting	di'sentiŋ	[法] 不同意的，不赞成的
enthral	in'θrɔ:l	vt. 迷住，奴役，使做奴隶，吸引住
deferential	.defә'renʃәl	a. 恭敬的[医] 输精管的
ceaseless	'si:slis	a. 不停的，不断的
adornment	ә'dɒ:nmәnt	n. 装饰，装饰品
sedate	si'deit	a. 沉着的，镇静的，安静的vt. 给……服镇静剂
magnificence	mæg'nifisns	n. 富丽堂皇，华丽，宏大
accost	ә'kɒst	vt. 招呼，搭讪，勾引[法] 勾引，引诱
fuzz	fʌz	n. 细毛，绒毛，警察vi. 作绒毛状飞散，变成绒毛状vt. 起毛，使模糊
sloth	slәuθ	n. 怠惰，懒惰
facile	'fæsil	a. 容易的，灵巧的，温和的
overbearing	.әuvә'bєәriŋ	a. 傲慢的，骄傲自大的，蛮横的，压倒一切的[法] 自大的，专制的，压倒的
irrevocable	i'revәkәbl	a. 不能挽回的，不能取消的，不能变更的[经] 不能撤销的，不能恢复的
apathetic	.æpә'θetik	a. 缺乏感情的，无动于衷的，缺乏兴趣的[医] 无情[感]的，淡漠的
unpromising	'ʌn'prɔmisiŋ	a. 没有希望的，没有前途的，结果未必良好的
presage	'presidʒ	n. 预感，预兆，预知vt. 预示，预言vi. 预感，预言
florid	'flɒrid	a. 华丽的，红润的[医] 鲜红的
eventful	i'ventful	a. 变故多的，多事的，重要的
quench	kwentʃ	vt. 熄灭，结束，使冷却，将……淬火vi. 熄灭，平息
auspicious	ɒ:'spiʃәs	a. 吉兆的，幸运的
plumb	plʌm	n. 铅锤，垂直a. 垂直的vt. 使垂直，探测vi. 成垂直
moribund	'mɒ:ribʌnd	a. 垂死的n. 垂死的人
jovial	'dʒәuviәl	a. 快活的，高兴的，愉快的[计] 国际算法语言的朱尔斯文本
scornful	'skɒ:nful	a. 轻蔑的
unsubstantiated	'ʌnsәb'stænʃieitid	[法] 未经证实的，不能肯定的
ventilate	'ventileit	vt. 使空气流通，使通风，公开讨论，公开[医] 通风，换气
elixir	i'liksә	n. 炼金药，不老长寿药，万能药[化] 酏剂
dentistry	'dentistri	n. 牙科[医] 牙科学，牙科技术
mangle	'mæŋgl	vt. 乱砍，损坏，轧布n. 轧布机
thatch	θætʃ	n. 盖屋顶的茅草，用草盖的屋顶，浓密头发vt. 用茅草覆盖
glib	glib	a. 能说善道的，流畅的
conversant	kәn'vә:sәnt	a. 熟悉的，亲近的，有交情的
propound	prә'paund	vt. 提出供考虑[法] 提出建议，提出供考虑，提出
equivocal	i'kwivәkl	a. 意义不明确的，模棱两可的[医] 双关的，两可的
incapacitate	.inkә'pæsiteit	vt. 使无能力，使无行为能力[法] 使无资格，使无能力，剥夺资格
carnal	'kɑ:nl	a. 肉体的，肉欲的[医] 肉的，肉欲的
anesthetic	.ænis'θetik	n. 麻醉剂，麻药a. 麻醉的
horned	hɒ:nd	a. 有角的，角状的
corrode	kә'rәud	vt. 使腐蚀，侵蚀，破坏vi. 被侵蚀，起腐蚀作用
avoidable	ә'vɒidәbl	a. 可避免的[法] 可作为无效的，可回避的，可避免的
subspecies	'sʌb.spi:ʃi:z	n. 亚种
deface	di'feis	vt. 损伤外观[法] 毁伤外貌，破坏外观，涂污
protruding	prə'tru:diŋ	v. （使某物）伸出，（使某物）突出（ protrude的现在分词 ）; 凸
revile	ri'vail	v. 辱骂，斥责
lethargic	le'θɑ:dʒik	a. 昏睡的，无生气的，泠漠的，冷淡的[医] 昏睡的，嗜眠的
irrepressible	.iri'presәbl	a. 约束不住的，抑制不住的
ponderous	'pɒndәrәs	a. 沉重的，笨重的，毫无趣味的，生硬的
discontented	.diskәn'tentid	a. 不满意的
cleft	kleft	n. 裂缝，裂口a. 劈开的cleave的过去式和过去分词
unrestrained	.ʌnri'streind	a. 未克制的，无限制的，放纵的[法] 无拘束的，无限制的:自由的，过度的
scanty	'skænti	a. 缺乏的，仅有的，不够的，狭小的，吝啬的
forcible	'fɒ:sәbl	a. 强制的，强迫的，有气力的[法] 强制的，强迫的，有势力的
ravenous	'rævinәs	a. 贪婪的，饿极的，狼吞虎咽的
customarily	'kʌstәmәrili	adv. 照例，通常，习惯上
haughty	'hɒ:ti	a. 傲慢的，骄傲的，崇高的
vulgarity	vʌl'gæriti	n. 粗俗，粗鄙，粗话[法] 粗鄙，粗野行为
suited	'sju:tid	a. 适合的
extort	ik'stɒ:t	vt. 勒索，敲诈，强要[医] 外旋
recant	ri'kænt	vt. 放弃vi. 放弃信仰，撤回声明，公开认错
atheism	'eiθiizm	n. 无神论
tyrannical	tai'rænikl	a. 暴虐的，暴君的，残暴的
drudgery	'drʌdʒәri	n. 苦差事，苦工
vaulted	'vɒ:ltid	a. 有拱顶的，圆顶的，拱形的
lusty	'lʌsti	a. 健壮的，精力充沛的
presumptuous	pri'zʌmptʃuәs	a. 放肆的，冒昧的，傲慢的
ruinous	'ruinәs	a. 破坏性的，招致毁灭的
pervert	pә:'vә:t	vt. 使堕落，使反常，歪曲，滥用，使左右颠倒，唆使……性变态n. 堕落者，行为反常者，背教者，性欲反常者
irreconcilable	i'rekәnsailәbl	a. 不能和解的，不能协调的，矛盾的
rancor	'ræŋkә	n. 敌意，深仇
undifferentiated	'ʌn,difә'renʃieitid	a. 无差别的，一致的，尚未显出差别的
lethargy	'leθәdʒi	n. 昏睡，瞌睡，无力气[医] 昏睡，嗜眠
dismember	dis'membә	vt. 割断手足，支解，分割
demur	di'mә:	vi. 提出异议，反对，抗辩n. 异议，反对
impale	im'peil	vt. 刺穿，使绝望，钉住
marshy	'mɑ:ʃi	a. 多沼地的，湿地的，沼地的
earthenware	'ә:θәnweә	n. 陶器[化] 陶器; 土器
waxy	'wæksi	a. 蜡制的，像蜡的，蜡色的，苍白的，生气的，柔软的，光滑的[医] 蜡状的，蜡的
fete	feit	n. 庆祝，祭祀，节日vt. 宴请，招待
figurehead	'figәhed	n. 装饰船头的人像，傀儡领袖
quibble	'kwibl	n. 遁词，双关语vi. 吹毛求疵，争吵，说模棱两可的话vt. 对……诡辩
unadorned	'ʌnә'dɔ:nd	a. 无装饰的，未装饰的，不加渲染的，朴素的
malign	mә'lain	a. 有害的，恶性的，有恶意的vt. 诽谤，说坏话
trifling	'traifliŋ	a. 没什么价值的，微不足道的，轻浮的
chaste	tʃeist	a. 贞洁的，纯洁的，朴素的
hibernation	.haibә'neiʃәn	n. 过冬，冬眠，避寒[医] 冬眠，冬蛰
trumpeter	'trʌmpitә	n. 小号吹奏者，号兵，吹鼓手
interconnected	,intəkə'nektid	v. 互相连接，互相联系（ interconnect的过去式和过去分词）
squall	skwɒ:l	n. 飑，喊叫vi. 起飑，嚎啕，叫嚷vt. 尖叫
sinuous	'sinjuәs	a. 弯弯曲曲的，迂回的，运动柔软的[医] 纡曲的
manifold	'mænifәuld	n. 复印本，多种a. 多种的，有许多部分的，多方面的vt. 复写，使多样化，增多
diction	'dikʃәn	n. 措辞，发音，用语
legible	'ledʒәbl	a. 清晰的，易读的
foretell	fɒ:'tel	vt. 预言，预告，预示
digress	dai'gres	vi. 走向岔道，离题，扯到枝节上
porcupine	'pɒ:kjupain	n. 豪猪
delirium	di'liriәm	n. 精神错乱，说谵语状态，狂热[医] 谵妄，发狂，妄想
atrophy	'ætrәfi	n. 萎缩，萎缩症[医] 萎缩
fractious	'frækʃәs	a. 易怒的，倔强的，脾气不好的
cogent	'kәudʒәnt	a. 使人首肯的，使人信服的，中肯切题的[法] 有说服力的，无法反驳的
lustrous	'lʌstrәs	a. 有光泽的，光辉的
incongruity	.inkɒŋ'gru:iti	n. 不协调，不一致，不合适[化] 异元性; 不相容性
dissension	di'senʃәn	n. 意见不合，纠纷，争吵[法] 异议，纷争
venomous	'venәmәs	a. 有毒的，恶毒的，分泌毒液的，有毒腺的[医] 毒的，有毒的
acrimony	'ækrimәni	n. 严厉，尖刻[医] 辛辣
urbane	ә:'bein	a. 彬彬有礼的
prodigal	'prɒdigl	n. 浪费者a. 浪费的，挥霍的，丰富的
unspoiled	ʌn'spɔild	a. 未损坏的；未宠坏的
annotate	'ænәuteit	v. 作注解，注释[计] 注释
pulsate	'pʌlseit	vi. 搏动，悸动，震动[医] 搏动
whit	hwit	n. 些微，一点点
authenticate	ɒ:'θentikeit	vt. 证明可信，证实为真，使具法律效力[法] 认证，鉴定，证明
figment	'figmәnt	n. 虚构的事
seashore	'siʃɒ:	n. 海岸，海滨
disorganize	dis'ɒ:gәnaiz	vt. 破坏组织，使混乱，瓦解
turnpike		n. 收税栅，收税路，收税高速公路，公路，大道
platitude	'plætitju:d	n. 单调，平凡，陈腐，陈词滥调
unsophisticated	.ʌnsә'fistikeitid	a. 不懂世故的，单纯的，不精细的，纯洁的
minutely	mai'nju:tli	adv. 详细地，精密地
progenitor	prәu'dʒenitә	n. 祖先，先辈，原本[医] 祖先，祖代
surging	'sә:dʒiŋ	v. 浪涌；冲击（surge的ing形式）
beget	bi'get	vt. 为某人之生父，招致，产生，引起
courteously		adv. 亲切地；有礼貌地
disclaim	dis'kleim	v. 放弃，弃权，拒绝承认
icicle	'aisikl	n. 垂冰，冰柱，冷冰冰的人
girdle	'gә:dl	n. 腰带，围绕物vt. 用腰带束缚，围绕
exhume	ig'zju:m	vt. 掘出，发掘
insolent	'insәlәnt	n. 侮慢无礼的人a. 粗野的，无礼的，侮慢的
overburden	.әuvә'bә:dn	vt. 装载过多，负担过多，使过劳[经] 过重的货物，重担，过度的负担
crustacean	krʌ'steiʃjәn	a. 甲壳纲的n. 甲壳纲动物
mechanized		a. 机械化的；呆板的
stagecoach	'steidʒkәutʃ	n. 公共马车
listless	'listlis	a. 倦怠的，无精打采的[经] 交易清淡的
pollinator	'pɒlɪneɪtə	n. 传粉者，传粉媒介，传粉昆虫; 授花粉器
disreputable	dis'repjutәbl	a. 名誉不好的，不光彩的，声名狼藉的
crevasse	kri'væs	n. 裂缝，（堤、坝等的）决口，崩溃处vt. 使有裂缝
circumspect	'sә:kәmspekt	a. 细心的，慎重的
suburbanite	sә'bә:bәnait	n. 郊区居民
impersonation	im.pә:sә'neiʃәn	n. 扮演，装扮，模仿[计] 模仿
confining	kәn'fainiŋ	a. 受限的，限制的；拘束的；狭窄的，偏狭的
culpable	'kʌlpәbl	a. 该责备的，有罪的[法] 应受处罚，有罪
deceitful	di'si:tful	a. 欺诈的
convivial	kәn'viviәl	a. 酒宴的，欢宴的，欢乐的
concave	'kɒnkeiv	a. 凹的[医] 凹的，凹面的
assuredly	ә'ʃuәridli	adv. 确实地，无疑地，确信地
unseemly	.ʌn'si:mli	a. 不合适的，不适宜的，不得体的
heredity	hi'rediti	n. 遗传，形质遗传[医] 遗传
germane	dʒә:'mein	a. 关系密切的，有关的，同样的，恰当的，贴切的[机] 锗烷
invariable	in'vєәriәbl	n. 不变的东西，常数a. 不变的，常数的
cranial	'kreiniәl	a. 头盖的，颅侧的[医] 颅的，颅侧的
bellows	'belәuz	n. 风箱[化] 手风箱; 皮老虎; 波纹管
olfactory	ɒl'fæktәri	a. 嗅觉的，味道的n. 嗅觉器官，嗅神经
distillation	.disti'leiʃәn	n. 蒸馏[化] 蒸馏; 蒸馏法
uncouth	.ʌn'ku:θ	a. 笨拙的，粗野的，荒凉的
eggshell	'egʃel	n. 蛋壳
swampy	'swɒmpi	a. 沼泽的，沼泽多的，湿地的，松软的
perishable	'periʃәbl	a. 易腐坏的，会枯萎的，易毁灭的，不经久的n. 易腐坏的东西
flabby	'flæbi	a. 软弱的，没气力的，不稳的，松弛的
rascal	'ræskl	n. 流氓，无赖，坏蛋，淘气鬼[法] 流氓，无赖，恶棍
cellist	'tʃelist	n. 大提琴演奏家
begrudge	bi'grʌdʒ	vt. 嫉妒，羡慕，勉强允给，吝惜
capsize	kæp'saiz	v. 翻覆，倾覆
ardor	'ɑ:dә	n. 热忱，热情，情欲，激情，灼热[医] 灼热; 热心
slander	'slændә	n. 中伤，诽谤vt. 中伤，诽谤
serrated	se'reitid	a. 锯齿状的[医] 锯齿状的
carnivorous	kɑ:'nivәrәs	a. 食肉的[医] 食肉的
subjugation	.sʌbdʒu'geiʃәn	n. 征服，镇压，平息[法] 征服，镇压，克制
burnish	'bә:niʃ	vt. 擦亮，打磨，磨光vi. 磨光发亮n. 光辉，光泽
irreparable	i'repәrәbl	a. 不能修补的，不能挽回的[法] 不可弥补的，不可挽回的
punctual	'pәŋktʃuәl	a. 准时的，守时的，点状的，中肯的[经] 准时的，不误期的，准时
cleave	kli:v	vt. 劈开，分开vi. 劈开，分开，粘着，依恋
prototypical		[计] 原型的
proscribe	prәu'skraib	vt. 剥夺……的公民权，使失去法律保护，把……充军，把……放逐，排斥，禁止
hubbub	'hʌbʌb	n. 吵闹声，叫嚷声，混乱
monochromatic	.mɒnәukrәu'mætik	a. 单色的，单频的[化] 单色的
needlework	'ni:dlwә:k	n. 刺绣，缝纫
indefatigable	.indi'fætigәbl	a. 不知疲倦的，有耐性的，不屈不挠的
lithograph	'liθәugræf	n. 平版印刷品，石版画vt. 以平版印刷
erratically	i'rætikәli	adv. 不规律地，不定地
larynx	'læriŋks	n. 喉头[医] 喉
dejected	di'dʒektid	a. 沮丧的，灰心的
transact	træn'sækt	vt. 办理，处理vi. 作交易，谈判
propellant	prәu'pelәnt	n. 推进剂，发射火药，推进者[化] 火药
dawdle	'dɒ:dl	v. 游手好闲，混日子
infirmity	in'fә:miti	n. 虚弱，病身，疾病[医] 衰弱
pinhead	'pinhed	n. 针头，小东西，微不足道的东西
fluster	'flʌstә	n. 慌乱，激动，紧张不安vt. 使紧张，使慌张，使激动vi. 慌乱
indomitable	in'dɒmitәbl	a. 不屈服的，不屈不挠的
immobility	.imәu'biliti	n. 不动性，不动，固定[医] 不动[性]
abhorrent	әb'hɒrәnt	a. 令人憎恨的，可恶的，厌恶的，相抵触的，不一致的
abbreviate	ә'bri:vieit	vt. 缩写，使……简略，缩短vi. 使用缩写词
shrinkage	'ʃriŋkidʒ	n. 收缩，收缩量，减低[化] 起皱; 收缩; 收缩量
starfish	'stɑ:fiʃ	n. 海星
erudite	'eru:dait	a. 博学的n. 博学者
unselfish	.ʌn'selfiʃ	a. 不自私的，无我的，不谋私利的
digression	dai'greʃәn	n. 离题，扯到枝节上，偏离
connive	kә'naiv	vi. 默许，共谋，纵容[法] 默许，纵容，共谋
subjection	sәb'dʒekʃәn	n. 征服，服从，隶属[法] 隶属，服从，屈从
faithfulness	'feiθfulnis	n. 忠诚，诚实，正确
illegible	i'ledʒәbl	a. 难辨认的，字迹模糊的
girder	'gә:dә	n. 大梁，主梁[化] 撑杆
handcrafted	ˈhændkrɑ:ftɪd	v. 手工，手艺（ handcraft的过去式和过去分词 ）
millennia	mi'leniә	一千年，千年周年纪念日，千年庆典，千年期，（喻）太平盛世，想象中的黄金时代
symbiosis	.simbai'әusis	n. 共栖，共同生活[化] 类聚效应
azure	'æʒә	n. 天蓝色，碧空a. 蔚蓝的
annul	ә'nʌl	vt. 废除，宣告无效，取消[经] 撤销，宣告无效
circuitous	sә'kju:itәs	a. 迂回的，间接的，绕行的
matchstick	'mætʃstik	n. 火柴
transmute	træns'mju:t	vt. 使变形，使变质vi. 变形，变质
unobstructed	'ʌnәb'strʌktid	a. 没有障碍的，没有阻挡的
cellulose	'seljulәus	n. 纤维素[化] 纤维素
pliable	'plaiәbl	a. 易弯的，柔顺的，圆通的
hilarity	hi'læriti	n. 欢喜，高兴
brownish	'brauniʃ	a. 呈褐色的
gallantry	'gælәntri	n. 华丽，豪勇，勇敢行为
synchronous	'siŋkrәnәs	a. 同时的，同步的[计] 同步
colloquial	kә'lәukwiәl	a. 会话的，口语的，口语体的
assiduous	ә'sidjuәs	a. 勤勉的，刻苦的
aerodynamics	.єәrәudai'næmiks	n. 空气动力学[化] 空气动力学
impute	im'pju:t	vt. 归罪，使负责，嫁祸于
seaport	'si:pɒ:t	n. 海港，港口城市
videocassette	ˌvɪdɪəʊkə'set	n. 盒式录像带
handicraft	'hændikræft	n. 手工艺，手艺[经] 手工业，手工
recluse	ri'klu:s	a. 隐遁的，偏僻的n. 隐遁者，遁世者
transcontinental	'trænzkɔnti'nentәl	a. 横贯大陆的，大陆那边的
overcharge	.әuvә'tʃɑ:dʒ	v. 讨价过高，装载过多，过度充电，渲染n. 超载，装药过多，过度充电
prohibitively		adv. 禁止，起阻止作用，抑制
probity	'prәubәti	n. 诚实，正直
opulence	'ɒpjulәns	n. 富裕，丰富，大量
mollify	'mɒlifai	vt. 平息，缓和，减轻，使变软
fittingly	'fɪtɪŋlɪ	adv. 适切地，适合地
loathsome	'lәuðsәm	a. 讨厌的，可恶的，令人憎恶的
bigoted	'bigәtid	a. 盲从的，固执己见的，执迷的，顽固的
packer	'pækә	n. 包装工人，罐头食品工人，打包机，搬家工人，批发商，罐头食品厂经理[化] 包装机; 打包机
contemptible	kәn'temptibl	a. 卑鄙的，可轻蔑的，不足挂齿的
becoming	bi'kʌmiŋ	a. 合适的，适当的
skimp	skimp	vt. 少给，克扣vi. 吝啬a. 少的，不足的
academician	ә.kædә'miʃәn	n. 学会会员，院士，学究，大学生，学者
flay	flei	vt. 剥皮，去皮，抢夺[医] 剥皮，剥兽皮
hornet	'hɒ:nit	n. 大黄蜂
lubrication	,lu:bri'keiʃәn	n. 润滑，注油，润滑作用[计] 润滑
singe	sindʒ	v. 烧焦，烤焦
pollination	.pɒli'neiʃәn	n. 授粉[医] 授粉[作用], 传粉[作用]
lyricist	'lirisist	n. 抒情诗人，歌曲作者
veneration	.venә'reiʃәn	n. 尊敬，崇敬，崇拜
alternation	.ɒ:ltә'neiʃәn	n. 交互，轮流，间隔[计] 交替工作
ornamentation	,ɔ:nәmen'teiʃәn	n. 装饰，装饰术，装饰品，修饰
carrion	'kæriәn	n. 死肉，腐肉a. 腐肉的，似腐肉的，吃腐肉的
fatalism	'feitәlizm	n. 宿命论
perennially		adv. 永久地
venerate	'venәreit	vt. 尊敬，崇敬，崇拜
fulsome	'fulsәm	a. 过度的，过分的，令人生厌的
frivolity	fri'vɒliti	n. 轻薄，轻率，不足取的事
snobbish	'snɒbiʃ	a. 自命不凡的，势利的
rashly	'ræʃli	adv. 轻率地
stodgy	'stɒdʒi	a. 易吃饱的，塞满的，平凡的，庸俗的，步履艰难的
declaim	di'kleim	v. 慷慨陈词，演讲，朗读
thrall	θrɒ:l	n. 奴隶，束缚，奴役
nourishing	'nә:riʃiŋ	a. 有营养的，滋养多的
luxuriant	lʌg'zjuәriәnt	a. 繁茂的，丰富的，肥沃的，华丽的[医] 过盛的，过多的
postmaster	'pәust.mɑ:stә	n. 邮政局长[计] 邮件主管员
thrifty	'θrifti	a. 节俭的，兴旺的，繁茂的
walkout	'wɒ:kaut	n. 罢工，退席，恋爱关系[经] 罢工
fallible	'fælәbl	a. 易错的，可能犯错的
subtraction	sәb'trækʃәn	n. 减少[计] 减法
mimicry	'mimikri	n. 模仿[医] 拟态（生物）, 模仿，模拟
fatuous	'fætjuәs	a. 发呆的，愚笨的
fitful	'fitful	a. 断断续续的，一阵阵的，间歇的
auger	'ɒ:gә	n. 螺旋钻，木螺钻[机] 木螺钻
solicitous	sә'lisitәs	a. 关心的，渴望的，热切期望的，十分讲究的
derange	di'reindʒ	vt. 扰乱，使发狂
unblemished	.ʌn'blemiʃt	a. 无瑕疵的，无缺点的，无污点的，清白的
downcast	'daunkɑ:st	a. 气馁的，沮丧的
commiserate	kә'mizәreit	v. 怜悯，同情
capillary	kæ'pilәri	n. 毛细管a. 毛状的，毛细管的
topographical	,tɔpә'^ræfikәl	a. 地形的，地形学的，地形测量的
injurious	in'dʒuәriәs	a. 有害的，不公正的[法] 伤害的，有害的，不公平的
impetuous	im'petʃuәs	a. 冲动的，猛烈的，轻率的，狂暴的
contrite	'kɒntrait	a. 悔悟了的，后悔的，痛悔的
ultrasonic	.ʌltrә'sɒnik	n. 超声波a. 超音速的
reinterpretation	ˌri:ɪnˌtɜ:prɪ'teɪʃn	重新解释，纠正性说明
canter	'kæntә	n. 慢跑，流浪汉vi. 慢跑vt. 使慢跑
iconographic	ai.kɔnә'ɡræfik	a. 图像材料的；肖像学的；肖像的；图示法的象征
untamed	.ʌn'teimd	a. 未经驯服的，不能抑制的，难控驭的
instrumentalist	.instru'mentәlist. instrә-	n. 工具主义者；乐器演奏家
vanquish	'væŋkwiʃ	vt. 打败，征服，克服[法] 征服，战胜，击败
homespun	'hәjmspʌn	a. 家里纺的，家里做的，简朴的，不做作的，平凡的，朴素的，朴实的，粗陋的n. 土布
ingeniously	ɪn'dʒi:nɪəslɪ	adv. 有才能地，贤明地
impartially	ˌɪmˌpɑ:ʃəlɪ	adv. 公平地，无私地; 秉公
emboss	im'bɒs	vt. 浮雕，加以浮饰，装饰[化] 压印
accommodating	ә'kɒmәdeitiŋ	a. 与人方便的，肯通融的
unquestioning	ʌn'kwestʃәniŋ	a. 不提出疑问的，不提出质询的，不犹豫的[法] 不问是非的，盲目的
undeserved	.ʌndi'zә:vd	a. （赏、罚等）不该受的，不应得的
facilitation	fә,sili'teiʃәn	[医] 容易化，助长，接通[作用]
reverently		adv. 虔诚地，恭敬地
impertinent	im'pә:tinәnt	a. 不切题的，鲁莽的，无礼的，粗鲁的，不恰当的
ignominious	.ignәu'miniәs	a. 可耻的，不名誉的，下流的
gild	gild	vt. 镀金，虚饰，装饰，供给钱
outermost	'autәmәust	a. 最外面的，最远离中心的
fritter	'fritә	vt. 浪费，细切，剁碎n. 细片，屑
bugle	bju:gl	n. 喇叭，号角v. 吹号
hibernate	'haibәneit	vi. 过冬，冬眠，避寒
depredation	.depri'deiʃәn	n. 掠夺，破坏
offhand	'ɒf'hænd	a. 即时的，即席的，无准备的，随便的，简慢的，不友好的adv. 即时地，即席地，随便地
concurrence	kәn'kʌrәns	n. 赞同，意见一致，协力[法] 协力，同时发生，一致
wrangler	'ræŋglә	n. 口角者，争论者，牧人
combustible	kәm'bʌstibl	a. 易燃的，燃烧性的，易动激情的n. 易燃物，可燃物
flax	flæks	n. 亚麻，麻布，亚麻织品[医] 亚麻
mote	mәut	n. 尘埃，微粒
sloop	slu:p	n. 单桅帆船
frisky	'friski	a. 乱跳的，欢闹的
delineation	di.lini'eiʃәn	n. 画轮廓，略图，描述
meridian	mә'ridiәn	n. 子午线，经线，顶点a. 子午线的，最高点的，顶点的
horticulture	.hɒ:ti'kʌltʃә	n. 园艺
permeable	'pә:miәbl	a. 有渗透性的，能透过的[化] 渗透性的; 可渗透的
quiescent	kwai'esnt	a. 静止的，不活动的，寂静的[医] 静息的，静止的
cataclysm	'kætәklizm	n. 大洪水，地震，（社会政治的）大变动[医] 渗出，渗液，猝变，聚变
fester	'festә	vi. 溃烂，生脓vt. 使溃烂n. 脓疮，溃烂
inoffensive	.inә'fensiv	a. 无害的，不触犯人的，不讨厌的
chlorophyll	'klɔ:rәfil	n. 叶绿素，含有叶绿素的绿色蜡状物质[化] 叶绿素
tapering	'teipәriŋ	a. 尖端细的
ruminate	'ru:mineit	v. 反刍，沉思
counterclockwise	.kauntә'klɒkwaiz	a. 反时针方向的adv. 反时针方向
guile	gail	n. 狡猾，狡计
entrap	in'træp	vt. 骗入，诱捕，使陷入
prefabricated	ˌpri:ˈfæbrɪkeɪtɪd	a. （建筑物、船等）预制构件的v. 预制（ prefabricate的过去式和过去分词 ）
defile	di'fail	vt. 弄脏，污损，败坏vi. 以纵队前进n. 隘路，狭道
catalyze	'kætәlaiz	vt. 催化，促进，刺激[医] 催化
bespeak	bi'spi:k	vt. 预约，订，表示n. 预约
taxicab	'tæksikæb	n. 出租车
hominid	'hɒminid	n. 人科的动物
sundial	'sʌndaiәl	n. 日规，日晷
gibbon	'gibәn	n. 长臂猿[医] 长臂猿
phlegmatic	fle^'mætik	a. 粘液质的，（正式）平静的，不动情的，不动感情的，冷漠的，冷淡的，迟钝的[医] 粘液质的，迟钝的
headstrong	'hedstrɒŋ	a. 顽固的，刚愎的，任性的
emaciated	i'meisieitid	a. 瘦弱的，衰弱的
lifesaver	'laifseivә	n. 救命者，救生员，济急的人
gauche	gәuʃ	a. 缺乏社经验的，笨拙的，粗鲁的，无礼的，偏转的
fossilized	'fɔsilaizd	v. 使成化石（ fossilize的过去式和过去分词）; 使陈腐; 变成化石; 变陈腐
spiny	'spaini	a. 多刺的，尽是尖刺的，尖刺状的，麻烦的，棘手的
beguile	bi'gail	vt. 诱骗
herculean	,hә:kju:'ljәn	a. 魁梧有力的
timidity	ti'miditi	n. 胆小，胆怯，羞怯
cipher	'saifә	n. 零，暗号，密码，无用的东西，阿拉伯数字v. 计算，做算术
perspire	pә'spaiә	v. 出汗，流汗，分泌，渗出
paddler	'pædlɚ	涉水者，涉泥浆者; 明轮船; 划桨者
osprey	'ɒspri	n. 白色的羽毛，鹗
oration	ɒ:'reiʃәn	n. 演说，致辞，引语
slovenly	'slʌvәnli	a. 邋遢的，不修边幅的，不整洁的，懒散的，潦草的，马虎的adv. 邋遢地，不修边幅地，不整洁地，懒散地，潦草地，马虎地
conductivity	.kɒndʌk'tiviti	n. 导电率，传导率，传导性[化] 电导率
fallacious	fә'leiʃәs	a. 使人误解的，谬误的，不合理的，骗人的
rhinoceros	rai'nɒsәrәs	n. 犀牛
fecundity	fi'kʌnditi	n. 多产，丰饶，肥沃，繁殖力[医] 生殖能，生殖力
locomotion	.lәukә'mәuʃәn	n. 运动，移动，旅行[医] 行动，运动
embezzle	im'bezl	vt. 盗用，挪用[经] 贪污（公款）, 盗用
capacious	kә'peiʃәs	a. 容积大的，广阔的，宽敞的
torpor	'tɒ:pә	n. 麻木，无感觉，迟钝[医] 迟钝，不活泼
tipple	'tipl	vt. （习惯性地）少量饮（酒）vi. 饮酒n. 酒，含酒饮料
disburse	dis'bә:s	vt. 支付，支出，分配[经] 支付，支出，偿付
impure	im'pjuә	a. 不纯的，肮脏的，掺杂的，混合的[医] 不纯的
bashful	'bæʃful	a. 害羞的
wingspan	'wiŋspæn	n. 翼展
foment	fәu'ment	vt. 热敷，煽动
depreciate	di'pri:ʃieit	vi. 贬值vt. 降价，贬低
facelift		n. 除去面部皱纹的整容手术
ruffian	'rʌfiәn	n. 恶棍，无赖a. 凶恶的，残忍的，残暴的
idiocy	'idiәsi	n. 白痴，极端愚蠢[医] 白痴
encumber	in'kʌmbә	vt. 妨害，阻塞，拖累[经] 使负（债等）, 负有义务
defrost	.di:'frɒst	vt. 除霜vi. 解冻
reputed	ri'pju:tid	a. 名誉好的，被称为……的，有……名气的[法] 好名誉的，驰名的，号称的
prevaricate	pri'værikeit	vi. 支吾其辞，搪塞
flavoring	'fleivәriŋ	n. 调味料
deform	di'fɒ:m	vt. 使残缺，使变形vi. 变形
aglow	ә'glәu	a. 发光的，通红的adv. 发光地
acquisitive	ә'kwizitiv	a. 渴望获得的，贪婪的[法] 取得的，获得的，贪得无厌的
meteorology	.mi:tiә'rɒlәdʒi	n. 气象学，气象状态[医] 气象学
arraign	ә'rein	vt. 提讯，传讯，责难[法] 传讯，提审，控告
frugality	fru:'gæliti	n. 节俭，俭省
skulk	'skʌlk	vi. 偷偷隐躲，偷懒
seabed	'si:bed	n. 海底，海床
comport	kәm'pɒ:t	vt. 举动，表现vi. 相称，适合
knell	nel	n. 丧钟声，哀伤的声音，凶兆v. 鸣丧钟
refrigerant	ri'fridʒәrәnt	a. 冷冻的，冷却的，清凉的n. 清凉剂，冷却剂，冷冻剂[计] 致冷剂
emancipate	i'mænsipeit	vt. 释放，解放
formalized	'fɔ:məlaizd	v. 使（协议、计划等）成书面文字形式（ formalize的过去式和过去分词）; 使成为正式，使具有一定形式
congratulation	kәn.grætʃә'leiʃәn	n. 祝贺，恭喜
cabal	kә'bæl	n. 秘密结社，（尤指政治上的）阴谋vi. 策划阴谋
lampshade	'læmpʃeid	n. 灯罩
gentility	dʒen'tiliti	n. 出身高贵，绅士们，上流阶层，斯文，有教养，彬彬有礼，文雅，装体面，假斯文
exultant	ig'zʌltәnt	a. 非常高兴的，欢欣的
sallow	'sælәu	a. 灰黄色的，土色的，气色不好的v. （使）成土色n. 黄华柳，黄华柳细枝
satirist	'sætәrist	n. 讽刺作者，爱挖苦的人
smelting	'smeltiŋ	[化] 熔炼; 冶炼
homogenize	hɒ'mɒdʒәnaiz	vi. 变均匀vt. 使均匀
rapacious	rә'peiʃәs	a. 强夺的，贪欲的，贪婪的
deign	dein	vi. 屈尊vt. 赐予
ragtime	'rægtaim	n. 雷格泰姆旋律，散拍乐a. 滑稽的
incriminate	in'krimineit	vt. 连累，暗示……有罪，控告[法] 控告，使入罪，连累
bumblebee	'bʌmbl,bi:	n. [动]大黄蜂
addicted	ә'diktid	a. 沉溺于……的，无法摆脱（某种嗜好）的[法] 嗜，好，惯于
boardinghouse	'bɔ:diŋhajs	n. 寄宿处
distill	dis'til	vt. 蒸馏vi. 滴下
thresh	θreʃ	vt. 打谷，摔打，反复研究，推敲vi. 打谷，鞭打，剧烈扭动
limpid	'limpid	a. 清澈的，透明的，平静的
fetter	'fetә	n. 脚镣，羁绊，束缚vt. 束缚，加脚镣
dehydrated	ˌdi:haɪ'dreɪtɪd	a. [医]脱水的
carapace	'kærәpeis	n. 甲壳，壳[医] 甲，甲壳，介
defame	di'feim	vt. 诽谤，中伤，破坏名誉[法] 诽谤，中伤，诋毁名誉
armory	'ɑ:mәri	n. 纹章，纹章学，军械库，兵工厂[机] 军械库
rhythmical	'riðmikəl,'riθ-	a. 有韵律的，有节奏的[医] 节律的
cabinetmaker	'kæbinit.meikә	n. 家具师，细工木匠
disconcert	.diskәn'sә:t	vt. 使困惑，使仓皇失措，打乱（计划等）
inborn	'inbɔ:n	a. 天生的；先天的
pollinate	'pɒlineit	vt. 对……授粉
eviscerate	i'visәreit	vt. 取出内脏，除去精华，切除（病人）器官vi. （因手术不良）内脏凸出
phenomenally	fi'nɔminәli	adv. 现象，从感官认识到，非凡，出众
heedless	'hi:dlis	a. 不注意的，不留心的，不谨慎的
lode	lәud	n. 矿脉，水路，排水沟
optometrist	ɒp'tɒmitrist	n. 验光师，配镜师[医] 验光师
imprudent	im'pru:dәnt	a. 轻率的，鲁莽的
imbibe	im'baib	vt. 饮，吸取，吸入vi. 喝，吸收水分
foist	fɒist	vt. 硬卖给，偷偷插入，使混入
pestilence	'pestilәns	n. 瘟疫，散布毒害的事物，罪恶[医] 疫病，疫病流行
facetious	fә'si:ʃәs	a. 滑稽的，爱开玩笑的
doleful	'dәulful	a. 悲哀的，忧郁的，阴沉的
sulky	'sʌlki	a. 生气的，阴沉的
snowdrift	'snәudrift	n. （被风刮在一起的）雪堆，随风飘飞的雪
rayon	'reiɒn	n. 人造丝[化] 人造纤维; 人造丝
thermodynamics	.θә:mәudai'næmiks	n. 热力学[化] 热力学
insufferable	in'sʌfәrәbl	a. 不可忍受的，忍耐不住的
quilter	'kwiltә	n. 缝被子的人
mockingbird	'mɒkiŋbә:d	n. 嘲鸫
pronghorn	'prɒŋhɒ:n	n. 叉角羚
tensile	'tensail	a. 可拉长的，可伸长的，张力的，拉力的[机] 拉的
solder	'sɒldә	n. 焊接剂，接合物v. 施以焊接，焊合，联结
odorless	'әudәlis	a. 无嗅的，没有气味的
melodious	mә'lәudiәs	a. 旋律美妙的，旋律优美的，有乐曲的
ennui	'ɒnwi:	n. 倦怠，厌倦[医] 厌倦
efface	i'feis	vt. 抹去，消除，忘却
softwood	'sɒftwud	n. 软木材
desalination	di:,sæli'neiʃәn	[化] 脱盐[医] 脱盐[作用], 去盐[作用]
acoustical	ә'ku:stikәl	a. 听觉的，声学的
sanctimonious	.sæŋkti'mәuniәs	a. 假装圣洁的，假装虔诚的，假装诚实的
elongate	'i:lɒŋgeit	v. 延长，（使）伸延a. 伸长的
urbanite	'ә:bәnait	n. 城市居民
aquamarine	.ækwәmә'ri:n	n. 海蓝宝石，浅绿色[化] 海蓝宝石
threateningly	'θretnɪŋlɪ	adv. 威胁地，胁迫地，危险地
gemstone	'dʒem,stәun	n. 经雕琢的宝石
extrude	ek'stru:d	vt. 挤出，压出，逐出vi. 伸出，突出
coop	ku:p	n. 狭小空间，鸡笼，捕鱼篓vt. 关进鸡舍，监禁
purified		a. 净化的；精制的
tardy	'tɑ:di	a. 慢的，迟到的，勉强的，拖拉的，迟的
refraction	ri'frækʃәn	n. 折光，折射[医] 折射，屈光
epidermis	.epi'dә:mis	n. 表皮，（昆虫的）真皮[医] 表皮
irradiate	i'reidieit	vt. 照耀，启发，使灿烂，放射vi. 发光，变灿烂
crystallized	ˈkrɪstəlaɪzd	a. [医]结晶的，使晶状的v. 使结晶（ crystallize的过去式和过去分词）; 计划成型，具体化
glandular	'^lændjulә	a. 腺的，含腺的，天生的，固有的，肉体的[医] 腺的
tardiness	'tɑ:dinis	n. 慢，缓慢，迟延
profuse	prә'fju:s	a. 很多的，丰富的，浪费的，慷慨的
constricted	'kənstriktid	v. 压缩，压紧，使收缩（ constrict的过去式和过去分词）
recapitulate	.ri:kә'pitjuleit	v. 重述要点，概括，摘要
tableware	'teiblwєә	n. 餐具
lackey	'læki	n. 仆人，侍从，马屁精vt. 服侍，侍候，奉承
bombastic	bɒm'bæstik	a. 夸大的，夸夸其谈的
urbanism	'ә:bәnizm	n. 城市居民的生活方式，城市化
unbecoming	.ʌnbi'kʌmiŋ	a. 不适合的，不合体的，不相配的
economize	i'kɒnәmaiz	v. 节约，节省，有效地利用
watercourse	'wɒtәkɒ:s	n. 水道，河道[法] 水流权，河流，水路
landmass	'lændmæs	n. 陆块
provident	'prɒvidәnt	a. 有先见之明的，有远虑的，节俭的
levity	'levәti	n. 轻率，轻浮，不稳定
miser	'maizә	n. 守财奴，吝啬鬼，（石油工程上用的）锥钻头
swelter	'sweltә	vi. 闷热，被暑气所苦，汗流浃背vt. 使闷热，使热得出汗n. 闷热
wheedle	'hwi:dl	vt. 以甜言蜜语诱惑，用甜言蜜语骗vi. 用甜言蜜语哄骗
gusty	'gʌsti	a. 刮风的，阵阵猛急的，突发的，津津有味的
malcontent	'mælkәntent	a. 抱不平的，不满的，不服的n. 不满现状的人
incise	in'saiz	vt. 切割，雕刻[医] 切
pliant	'plaiәnt	a. 易弯的，柔韧的，柔顺的
hexagon	'heksәgәn	n. 六角形，六边形[机] 六角，六角形，六角边
toothed	tu:θt	a. 有齿的，锯齿的，锯齿状的
bandleader	'bænd,li:dә(r)	n. 伴舞乐队的指挥
avocation	.ævәu'keiʃәn	n. 副业，嗜好[法] 法院之间诉讼的转移，职业，本职
satiric	sә'tirik	a. 讽刺的，挖苦的
overtax	.әuvә'tæks	vt. 课税过重，使负担过度[经] 抽税过重，负担过度
gage	geidʒ	n. 抵押品，挑战vt. 以……为担保，以……为赌注n. 抵押品，标准度量，计量器vt. 精确计量，估计
flaccid	'flæksid	a. 软弱的，没气力的，无活力的[医] 弛缓的
irreverence	i'revәrәns	n. 不敬，非礼，不敬行为
ravish	'ræviʃ	vt. 强夺，夺走，使出神，强奸[法] 强夺，抢去，强奸
tectonics	tek'tɒniks	n. 构造学，构造地质学
sublimate	'sʌblimeit	vt. 使升华，使高尚vi. 升华，纯化a. 纯净化的，高尚的，理想化的n. 升华物
embitter	im'bitә	vt. 使受苦，使（更）恶化，使怨恨，加苦味于
hillbilly	'hil.bili	n. 乡下人，乡巴佬；山地内部的贫农，山地人
swiftness	'swiftnis	n. 迅速，快
spanking	'spæŋkiŋ	a. 清爽的，疾行的，强烈的adv. 显著地n. 拍击，打屁股
desirous	di'zaiәrәs	a. 想要的，想望的，渴望的
unseasonably	ˌʌn'siːzənəbli	adv. 反季节地；不合季节地
indemnify	in'demnifai	vt. 赔偿，补偿，保护，保障[经] 赔偿
pedagogic	.pedә'gɒdʒik	a. 教育学的，教授法的，小学教师的
dignify	'dignifai	vt. 增威严，使高贵，故作显贵
portraitist	'pɒ:treitist	n. 肖像画家，人像摄影师
stonemason	'stәunmeisn	n. 石工，石匠
cometary		a. 彗星的，彗星似的
garrulous	'gærulәs	a. 饶舌的，多嘴的，喋喋不休的
idiomatic	.idiә'mætik	a. 符合语言习惯的，惯用的，有许多习语的
gravitation	.grævi'teiʃәn	n. 引力，重力，沉下[化] 引力
composed	kәm'pәuzd	a. 镇静的，沉着的
domesticate	dәu'mestikeit	vt. 养驯，引进（外来词等）, 教化
confederacy	kәn'fedәrәsi	n. 联盟，邦联[法] 共谋，违法的结社，联盟
hatchling	'hætʃliŋ	n. 人工孵化的鱼苗或小鸟
boastful	'bәustful	a. 自夸的，自负的，喜夸耀的
adroit	ә'drɒit	a. 灵巧的，敏捷的，聪明的
gabble	'gæbl	vi. 七嘴八嘴地说，喋喋不休地说vt. 急促地说n. 急促讲出而叫人听不清的话，废话
coffeepot	'kɑfipɔt	n. 咖啡壶，小饭店，午餐柜
autocrat	'ɒ:tәkræt	n. 独裁者
bedeck	bi'dek	vt. 装饰，修饰
escapist	is'keipist	a. 逃避现实的n. 逃避现实者
obligated	ˈɒblɪgeɪtɪd	a. 有义务的; 必须的; 有责任的v. 使负有责任或义务（ obligate的过去式和过去分词 ）
hackneyed	'hæknid	a. 使用过于频繁的，常见的，陈腐的
eclecticism	ek'lektisizm	n. 折衷派，折衷主义，折衷说[医] 折衷[主义]医学
coincident	kәu'insidәnt	a. 一致的，符合的，同时发生的
philology	fi'lɒlәdʒi	n. 语文学，文献学
igneous	'igniәs	a. 火的，似火的，火成的
gyration	dʒai'reiʃәn	n. 旋回，回转，旋转[医] 回旋，环旋
defecate	'defikeit	vt. 除去污物，澄清，净化vi. 澄清，排便
inactivate	in'æktiveit	vt. 使不活动，撤销，使失去活性，灭活[医] 灭活，使不活动
prospecting	prәs'pektiŋ	n. 探矿，勘探
patroller		巡警
debilitate	di'biliteit	vt. 使衰弱
emaciate	i'meisieit	vt. 使消瘦，使憔悴vi. 消瘦
dissemble	di'sembl	v. 掩饰，假装不知道
silicate	'silikit	n. 硅酸盐[化] 硅酸盐; 硅酸酯
abridge	ә'bridʒ	vt. 缩短，删节，减少，剥夺[法] 剥夺; 节略
enrapture	in'ræptʃә	vt. 使狂喜
indolent	'indәlәnt	a. 懒惰的，无痛的[医] 无痛的
inure	i'njuә	vt. 使习惯于vi. 生效
impermeable	im'pә:miәbl	a. 不能渗透的，不能通过的[医] 不[渗]透性
fealty	'fi:әlti	n. 忠诚，忠贞，忠实
indenture	in'dentʃә	n. 契约，契据，凹痕vt. 以契约束缚
briny	'braini	a. 盐水似的，海水似的，咸的[机] 含盐度
guileless	'gailis	a. 不狡猾的，诚实的
expeditious	.ekspi'diʃәs	a. 迅速的，敏捷的
touched	tʌtʃt	a. 精神不太正常的，受感动的
centigrade	'sentigreid	a. 百分度的，摄氏的[医] 百分度
avarice	'ævәris	n. 贪婪
nonconformity	.nɒnkәn'fɒ:miti	n. 不适合，不一致，不信奉国教
commingle	kɒ'miŋgl	v. 混合
rend	rend	vt. 分裂，劈开，强夺，撕碎，划破vi. 撕开，裂开
grouchy	'grautʃi	a. 不高兴的，不平的
demobilize	di:'mәubilaiz	vt. 使复员，使退伍，遣散
notate	'nәuteit	vt.以符号表示，把……..写成记号（或标志）
peerless	'piәlis	a. 无比的，出类的，无双的
avow	ә'vau	vt. 坦率承认，断言[法] 公开宣称，声明，供认
estimable	'estimәbl	a. 可尊敬的，可估计的
condenser	kәn'densә	n. 凝结器，冷凝器，缩写者[化] 聚光器; 电容器; 冷凝器; 冷凝塔
hovercraft	'hʌvәkræft	n. 气垫船
hypersensitive	.haipә'sensitiv	a. 过敏的，高灵敏度的[医] 过敏的
rawhide	'rɒ:haid	n. 生皮，生皮鞭vt. （用生皮鞭）抽打
miserly	'maizәli	a. 吝啬的，贪婪的
feint	feint	n. 伪装，假装，假托，佯攻vi. 装作，假装，佯攻a. 假的，虚饰的
spineless	'spainlis	a. 无脊椎的，没有骨气的，懦弱的
mingling	'miŋɡliŋ	v. 混合，混入（ mingle的现在分词 ）; 混进，与…交往[联系]
potash	'pɔtæʃ	[化] 钾碱[医] 钾硷，碳酸钾，草硷
flighty	'flaiti	a. 轻浮的，轻狂的，心情浮动的
aspersion	ә'spә:ʃәn	n. 诽谤，中伤，洒水[医] 喷洒[法]
phonetics	fәu'netiks	n. 语音学，语音体系，表音拼法[医] 语音学
overconfident	.әuvә'kɒnfidәnt	a. 过于自信的，自负的[法] 过于自信的，过于自恃的
scaled	skeild	a. 有鳞（斑）的，瓦片迭盖的，栉比鳞次的
fused	fju:zd	a. 熔化的，熔凝的
dunce	dʌns	n. 智力迟钝的学生，傻瓜
systematize	'sistimәtaiz	vt. 使组织化，使系统化，把……分类[医] 系统化，分类
funereal	fju:'niәriәl	a. 送葬的，适合葬礼的，悲哀的
silversmith	'silvәsmiθ	n. 银（器）匠
foghorn	'fɒghɒ:n	n. 雾号，响而尖的声音
comity	'kɒmiti	n. 礼貌，礼让[法] 礼让，友谊
improviser	'imprәvaizә	n. 即兴创作者
crystallization	'kristәlai'zeiʃәn	n. 结晶，定形，明朗化，具体化[化] 结晶
dismembered	dis'membəd	v. 分割…的肢体，肢解（ dismember的过去式和过去分词）; 身首异处
apostasy	ә'pɒstәsi	n. 叛教，变节，脱党[法] 叛教，背教，脱党
ignoble	ig'nәubl	a. 卑贱的，卑鄙的，低级的
acme	'ækmi	n. 顶点，极度，最高点[医] 极期
continence	'kɒntinәns	n. 自制[医] 节制; 节欲
burgeon	'bә:dʒәn	n. 芽，嫩枝v. 萌芽，发芽
survivability	ˌsəvɚɪvə'bɪlɪtɪ	残存性，生存性，耐受性
egoism	'egәuizm	n. 自我主义，利己主义
fahrenheit	'færәnhait	a. 华氏温度计的n. 华氏温度计
impudent	'impjudәnt	a. 鲁莽的，卑鄙的，厚颜无耻的
edify	'edifai	vt. 启迪，熏陶，教诲
cohere	kәu'hiә	vi. 附着，粘着，凝聚，一致[建] 粘合
corpulent	'kɒ:pjulәnt	a. 肥大的，肥胖的[医] 肥胖的
despoil	di'spɒil	vt. 夺取，掠夺
abashed	ә'bæʃd	a. 不安的，窘迫的
inelastic	.ini'læstik	a. 无弹性的，无弹力的，无适应性的[医] 无弹性的
gainful	'geinful	a. 有利益的，唯利是图的
alliteration	ә.litә'reiʃәn	n. 头韵[医] 同音韵错误症
fireproof	'faiәpru:f	a. 耐火的，防火的vi. 变成有耐火性
distend	di'stend	v. （使）膨胀，（使）扩张
emolument	i'mɒljumәnt	n. 薪水，报酬
slavish	'sleiviʃ	a. 奴隶的，奴性的，盲从的
prognostic	prɒg'nɒstik	a. 预兆的，预后的n. 先兆，预测
compaction	kәm'pækʃәn	[计] 压缩，浓缩，精简，简缩
bipedal	'bai,pedəl,bai'pe-	[医] 两足的
gymnastic	dʒim'næstik	a. 体操的，体育的
fortuitously	fɔ:'tju:ɪtəslɪ	偶然地，意外地
scud	skʌd	vi. 飞奔，疾行n. 飞奔，飞云，小阵雨，皮垢
actuate	'æktʃueit	vt. 开动，驱使，激励
egress	'i:gres	n. 出口，外出vi. 外出
assistantship	ә'sistәnt-ʃip	n. （大学）研究生助教奖学金
designing	di'zainiŋ	a. 阴谋的，诡诈的n. 设计（工作）, 计谋
dawning	'dɒ:niŋ	n. 拂晓，黎明
lyrically		adv. 抒情地；诗意地；狂热地
seclude	si'klu:d	vt. 使隔离，使孤立，隔开
coalescence	.kәuә'lesns	n. 联合，结合，合并[化] 聚并; 凝并
satiate	'seiʃieit	vt. 使饱足，使厌腻，充分满足a. 饱足的，厌腻的
filch	filtʃ	vt. 偷窃，窃取
photosphere	'fәutәu.sfiә	n. 光球，发光球体[电] 光球
spoilage	'spɒilidʒ	n. 变质，糟蹋，损耗，损坏[经] （原料，材料，产品）损坏
proofread	'pru:fri:d	vt. 校正，校对
arms	ɑ:mz	n. 武器，军事行动[机] 武器，军械，枪械
catching	'kætʃiŋ	a. 易传染的，有魅力的，吸引人的
arboreal	ɑ:'bәuriәl	a. 树的，栖于树木的[医] 树的，树上生活的
clamorous	'klæmәrәs	a. 吵闹的
abstruse	æb'stru:s	a. 难解的，深奥的
projectionist	prә'dʒekʃәnist	n. 放映员，电视技师，地图制作者
upbraid	ʌp'breid	vt. 谴责，责骂，申斥
credulous	'kredʒulәs	a. 轻信的，易受骗的
cession	'seʃәn	n. 割让，转让[经] 财产权利等的转让，再保险
suburbanization	sә.bә:bәnai'zeiʃәn. ni'z-	n. 市郊化，郊区化；近郊化
bicameral	bai'kæmәrәl	a. 两院制的，有两个议院的[医] 二室的，两室的
handedness	'hændidnis	[医] 左利或右利（偏于用一侧手工作）
magnetosphere	mæg'ni:tәsfiә	n. 磁层[电] 磁动层
screed	skri:d	n. 冗长的文章，（瓦工用的）抹灰靠尺[法] 事故陈述书，呈文，冗长文章
bewilder	bi'wildә	vt. 使迷惑，使不知所措
tractable	'træktәbl	a. 驯服的，易于管教的[经] 易加工的，易处理的
mesozoic	.mesәu'zәuik	n. 中生代a. 中生代的
incorruptible	.inkә'rʌptibl	a. 不腐败的，不能收买的，清廉的
correlated	'kɒrәleitid	a. 有相互关系的
malleability	.mæliә'biliti	n. 可展性，可锻性，顺从[医] 展性
discomfit	dis'kʌmfit	vt. 打乱，挫败，使破灭
celsius	'selsiәs	a. 摄氏的
commodious	kә'mәudjәs	a. 宽敞的，方便的
aggravating	'ægrәveitiŋ	a. 使恶化的，加重的，恼人的
urbanize	'ә:bәnaiz	vt. 使都市化，使成都市式，使文雅
soundproof	'saundpru:f	a. 隔音的
vacillation	.væsi'leiʃәn	n. 游移不定，踌躇，不果断
unbridgeable	.ʌn'bridʒәbl	a. 不能架桥的，不能逾越的
barrenness		n. 贫瘠，不妊，不孕，不生育，不毛，荒芜，思想贫乏，空洞，无用，无聊[医] 不育症，不孕症
befuddle	bi'fʌdl	vt. 使昏沉，使迷惑，使糊涂
gourmand	'guәmәnd	n. 美食家
avaricious	.ævә'riʃәs	a. 贪婪的
endotoxin	.endә'tɒksin	n. 内毒素[化] 内毒素
fossilize	'fɒsilaiz	vt. 使成化石，使陈腐vi. 变成化石，变陈腐
dexterous	'dekstәrәs	a. 灵巧的，惯用右手的
matchless	'mætʃlis	a. 无敌的，无比的
ablution	ә'blu:ʃәn	n. 洗澡，洗礼，斋戒沐浴[化] 洗净; 洗净液
dispensable	dis'pensәbl	a. 不是必要的，可有可无的
geomagnetic	.dʒi:әumæg'netik	a. 地磁的
ionosphere	ai'ɒnә.sfiә	n. 电离层[化] 电离层
slake	sleik	vt. 消除，使清凉，熄灭[医] 消，灭; 消和（石灰）; 松，缓和
equivocate	i'kwivәkeit	vi. 说模棱两可的话，支吾
magnetize	'mægnitaiz	vt. 使带磁力，吸引vi. 受磁
crosscut	'krɔskʌt	vt.vi. 横切，横穿a. 横切的，横穿的n. 剖面，对角的小路，捷径，横穿的小路
theist	'θi:ist	n. 有神论者，一神论者
multicellular	.mʌlti'seljulә	a. 多细胞的[医] 多细胞的; 多空隙的
pinion	'pinjәn	n. 鸟翼，翅膀，翅前翼，羽毛，小齿轮vt. 剪断翼尖，绑住……两臂
provincialism	prә'vinʃәlizm	n. 乡下习气，方言，地方风俗
regimentation	.redʒimen'teiʃәn	n. 团的编制，系统化，严格控制[法] 组成，编组，统制
spangle	'spæŋgl	n. 亮晶晶的小物件v. （使）闪烁
oratorio	,ɔrә'tɔriәu	n. 圣乐，清唱剧，神剧
dauntless	'dɒ:ntlis	a. 不屈不挠的，大胆的
seismograph	'saizmәgrɑ:f	n. 地震仪[电] 地震计
torpid	'tɒ:pid	a. 麻痹的，迟缓的，迟钝的，蛰伏的[医] 迟钝的，不活泼的，缓慢的
colloquialism	kә'lәjkwiәliz(ә)m	n. 口语，口语用法，口语词，方言，口语体
fruitlessly		adv. 不结果实的，徒劳的，无益的，无效的，无结果的
cognizance	'kɒgnizәns	n. 认识，察知，审理
vivacity	vi'væsiti	n. 快活，活泼，精神充沛
cornet	'kɒ:nit	n. 圆锥形纸袋，短号[医] 小助听筒
byword	'baiwә:d	n. 谚语，俗话，笑柄
deprecate	'deprәkeit	vt. 声明不赞成，抗议，反对[法] 对……表示不赞成，反对
penury	'penjuri	n. 贫困，贫穷，拮据，馈乏[法] 赤贫，缺乏
choreographic	.kɒriә'græfik	a. 舞蹈艺术的，舞台舞蹈的
connivance	kә'naivәns	n. 默许，纵容[法] 纵容，默许
gibe	dʒaib	v. 嘲笑n. 嘲笑
gainsay	gein'sei	vt. 否定，反驳n. 否认，反驳，反对
fumigate	'fju:migeit	vt. 熏制[医] 熏烟
proprietorship	prә'praiәtәʃip	n. 所有权[经] 所有权，业主权，资本
tapeworm	'teipwә:m	n. 绦虫[医] 绦虫
rebroadcast	.ri:'brɒ:dkɑ:st	v. 转播，重播n. 转播，重播
enervate	'enәveit	vt. 使衰弱a. 衰弱的，无力的
covetous	'kʌvitәs	a. 贪婪的，妄想的
betoken	bi'tәukn	vt. 预示
bereave	bi'ri:v	vt. 使孤寂，使丧失，使失去
cowhand	'kau.hænd	n. （美）牧牛工
fervid	'fә:vid	a. 热的，热心的
fulminate	'fʌlmineit	vt. 使爆发，以严词谴责vi. 爆炸，怒喝，电闪n. 雷酸盐，烈性炸药
seamount	'si:maunt	n. 海山
jolting	'dʒәultiŋ	n. 震压造型；震动
overtaxed	,əuvə'tæksd	v. 使负担过重，使过度疲劳（ overtax的过去式和过去分词 ）; 对…征税过重
illusive	i'lju:siv	a. 幻影的，错觉的，迷惑人的
careerism	kә'riәrizm	n. 野心，追求名利
conjectural	kәn'dʒektʃәrәl	a. 推测的，好推测的
fruitfulness		n. 丰收，丰硕；多实，肥沃
extemporaneous	ik.stempә'reiniәs	a. 无准备的，即席的，临时的[医] 临时的，当时的
venturesome	'ventʃәsәm	a. 冒险的，好冒险的，不顾一切的
impious	'impiәs	a. 无信仰的，不敬神的，不虔诚的，不孝的
thousandfold	'θauznd'fәuld	a. 千倍的adv. 千倍地，成千倍
lank	læŋk	a. 瘦的，细长的，长而柔软的
interconnecting		[计] 转接的，转换的
slothful	'slәuθful	a. 怠惰的，懒惰的
effrontery	i'frʌntәri	n. 厚颜无耻
mainspring	'meinspriŋ	n. 主发条，主要动机，主要原因，主要动力[法] 主要动机，主要原因，主要动力
saltiness		n. 咸性
impracticality	im,prækti'kæliti	n. 不切实际，办不到
subtractive	sәb'træktiv	a. 减去的，有负号的，负的
gambol	'gæmbәl	n. 跳跃，雀跃，嬉戏vi. 跳跃，雀跃，耍闹
trainload	'treinlәud	n. 装载量，列车载重
rarefy	'rєәrifai	vt. 使稀少，使稀薄，使纯化，精炼vi. 变稀少，变稀薄
balloonist	bә'lu:nist	n. 驾驶/操纵气球的人
drub	drʌb	vt. 用棒打，殴打，硬灌（观念等）vi. 敲击
propitiate	prә'piʃieit	vt. 慰抚，安抚，和解，谋求……的好感
overbalance	.әuvә'bælәns	vt. 使倾覆，（重量、价值）超过，使失去均衡，跌倒vi. 失去平衡n. 超重，超量，失去平衡
unfertilized	'ʌn'fә:tilaizd	a. 未施肥的
lave	leiv	vt. 沐浴，洗n. 剩余物
shipload	'ʃiplәud	n. 船货，大量[经] 船货，船双运载量，大量
ductile	'dʌktail	a. 易延展的，韧性的，易教导的[医] 延伸性的
obtrude	әb'tru:d	vt. 逼使，强迫，伸出vi. 打扰，强行闯入
sentimentalize	.senti'mentәlaiz	vi. 流于感伤vt. 使感伤
protract	prәu'trækt	vt. 延长，拖延，伸出，绘制[法] 延迟，拖延，延长
sagacious	sә'geiʃәs	a. 睿智的，聪明的，贤明的，伶俐的
martinet	.mɑ:ti'net	n. 严格执行纪律的人
immolate	'imәuleit	vt. 为供神而宰杀，牺牲，杀死
symbology	sim'bɒlәdʒi	n. 符号学，符号使用
temporize	'tempәraiz	vi. 随潮流，拖延，妥协，调停
polygonal	pә'ligәnәl	a. 多角形的，多边形的[医] 多边形的，多角形的
debauch	di'bɒ:tʃ	vt. 使堕落vi. 放荡n. 放荡
hornbill	'hɒ:nbil	n. 犀鸟
moiety	'mɒiәti	n. 一半，一部分，应得之份[医] 等分，一半，一部分
dethrone	di'θrәun	vt. 废黜，废位赶出
administrate	әd'ministreit	vt. 管理，支配
indented	in'dentid	a. 犬牙交错的；受契约约束的；[印刷]缩进排印的
insubordinate	.insә'bɒ:dinәt	a. 不顺从的，地位不低的
sentimentalism	,senti'mentəlizəm	n. 感伤主义
irresolute	i'rezәlu:t	a. 无决断的，优柔寡断的，踌躇不定的
platitudinous	.plæti'tju:dinәs	a. 平凡的，陈腐的，老生常谈的
undistorted	'ʌndis'tɔ:tid	a. 未失真的，不偏激的
retentive	ri'tentiv	a. 保持的，有保持力的，记性好的
fogged	fɔɡd	a. 有灰雾的；不清晰的
overtire	'әuvә'taiә	vt.使过度疲劳
addle	'ædl	vt. 使昏乱，使腐坏vi. 变质a. 昏乱的，腐坏的
palpitate	'pælpiteit	vi. 悸动，心跳，发抖[医] 心悸
ceremonious	.seri'mәunjәs	a. 讲究仪式的，隆重的
importune	.impɒ:'tju:n	vt. 强求，硬要vi. 强求，纠缠
dissipated	'disipeitid	a. 沉迷于酒色的，闲游浪荡的，消失的
intruding	in'tru:diŋ	v. 侵入，侵扰，打扰（ intrude的现在分词）; 把…强加于
chary	'tʃєәri	a. 细心的，吝啬的，谨慎的
brawling		[法] 吵架，喧闹，吵闹罪
tableland	'teibllænd	n. 高地
atomization	.ætәumai'zeiʃәn	n. 粉碎，以原子弹轰炸，雾化[化] 原子化; 雾化
munificent	mju:'nifisnt	a. 丰厚的，慷慨的
vaporization	.veipәrai'zeiʃәn	n. 蒸发，汽化[化] 汽化
photosensitive	.fәutәu'sensitiv	a. 感光性的，对光敏感的[医] 对光敏感的，感光的
reformism	ri'fɒ:mizm	n. 改良主义
parapsychology	.pærәsai'kɒlәdʒi	n. 心灵学，通灵学[医] 心灵学，心灵心理学（一门唯心的学科）
avocational		业余爱好的副业的
iterate	'itәreit	vt. 反复说，重复[计] 迭代
congruity	kәŋ'gru:iti	n. 适合，一致，共同点
preeminent	pri:'eminәnt	a. 优秀的，超群的，卓越的
springwater	'spriŋwɒtә	n. 泉水
shipwright	'ʃiprait	n. 造船木匠
immodesty	i'mɔdisti	无礼
petrify	'petri,fai	vt. （非正式）使惊呆，使吓得要死，使发呆vt.vi. 使石化，使成为化石，使变僵，变僵硬，使消失活力，使僵化
dietetics	daiә'tetiks	n. 饮食学[医] 饮食学
parch	pɑ:tʃ	vt. 烤，烘，使干透vi. 烤干，焦干
exculpate	'ekskʌlpeit	vt. 使无罪，开脱[法] 使无罪，申辩无罪，辩解
antedate	'ænti,deit	vt. 先于，前于[经] 提前日期（比实际毋早的日期）
carping	'kɑ:piŋ	a. 吹毛求疵的，挑毛病的
chromosphere	'krәumәsfiә	n. 太阳的色球层[电] 色球
declivity	di'kliviti	n. 倾斜，下坡
irreproachable	.iri'prәutʃәbl	a. 不可非难的，无缺点的，无过失的
ichthyosaur	'ikθiәsɒ:	n. 鱼龙
rustproof	'rʌstpru:f	a. 不锈的[机] 不锈，防锈的
dolorous	'dɒlәrәs	a. 忧伤的，悲痛的
gilding	'^ildiŋ	n. 镀金，镀金材料，涂金，虚饰的外观，假象[计] 镀金，装金
supercontinent	,sju:pә'kɔntinәnt	n. [地]超大陆
dissimulate	di'simjuleit	v. 掩饰，假装，装糊涂
ferromagnetic	.ferәumæg'netik	a. 铁磁体[医] 磁性铁的
craftspeople	'krɑ:ftspi:pl	n. 工匠；手艺人；工艺师
surpassingly	sə'pɑ:sɪŋlɪ	adv. 卓越地，超群地
masticate	'mæstikeit	v. 咀嚼
adventitious	.ædven'tiʃәs	a. 偶然的，外来的[医] 偶生的，偶发的; 异位的
pestilential	.pesti'lenʃәl	a. 瘟疫的，有害的，传播疾病的，讨厌的，恼人的[医] 疫病的
convoke	kәn'vәuk	vt. 召集……开会
controvert	'kɒntrәvә:t	vt. 议论，辩驳，驳击vi. 参加辩论
profitless	'prɒfitlis	a. 无利的，无益的
postdate	.pәust'deit	vt. 填迟……的日期n. 事后日期
adulteration	ә.dʌltә'reiʃәn	n. 掺杂，掺假的东西[化] 掺杂; 掺加
deodorizer	di:'әudәraizә	n. 除臭剂，防臭剂[医] 除臭剂
eclat		n. 大成功，喝采
seismology	saiz'mɒlәdʒi	n. 地震学
vitalism	'vaitlizm	n. 生机论，活力论[医] 生机论，生活力说
obloquy	'ɒblәkwi	n. 辱骂，毁谤，耻辱
extenuate	ik'stenjueit	vt. 减轻，为……找借口[法] 减轻，低估，藐视
factious	'fækʃәs	a. 好搞派系的，好结党营私的
improvident	im'prɒvidәnt	a. 无远见的，浪费的
despoiler		掠夺者
stickpin	'stikpin	n. 领带夹
factitious	fæk'tiʃәs	a. 人为的，人工的，不自然的[医] 人工的，人造的，假的
spinet	'spinit	n. 小型拨弦古钢琴，小型立式钢琴
malediction	.mæli'dikʃәn	n. 咒，坏话
disarrange	disә'reindʒ	vt. 扰乱，搅乱，弄乱
euphonious	ju:'fәuniәs	a. 音响好的，悦耳的，声音和谐的
impassible	im'pæsibl	a. 不觉痛苦的，不受伤害的，无感觉的，无感情的
traduce	trә'dju:s	vt. 诽谤，中伤，背叛[法] 诽谤，中伤，诋毁
briskness	'brisknis	n. 轻快，活泼
euphony	'ju:fәni	n. 悦耳之音
emend	i'mend	vt. 修订，校勘
complacence	kәm'pleisәns	n. 满足，自鸣得意，自满
embryological	ˌembrɪə'lɒdʒɪkl	[医]胚胎学的
reheating	ri:'hi:tiŋ	[机] 重热
quadrilateral	.kwɒdri'lætәrәl	a. 四边形的[医] 四边形的，四边形
airsickness	'єәsiknis	n. 晕机
hirsute	'hә:sju:t	a. 多毛的，有粗毛的[医] 多毛的
conciseness		[计] 简明性，简洁性[经] 简洁性
tinplate	'tinpleit	n. 镀锡铁皮，马口铁[化] 镀锡薄钢板
prate	preit	vi. 唠叨，空谈vt. 瞎扯n. 唠叨，空谈，瞎扯
account for		对…负有责任；对…做出解释；说明……的原因；导致；（比例）占
acquainted	ә'kweintid	a. 知晓的；有知识的；熟识的
aesthetical	i:s'θetikәl	a. 美学的，艺术的，美的，审美的
antiquate	'æntikweit	vt. 使古旧，废弃
avant-garde	.ævɔŋ'ɡɑ:d	n. 先锋派；前卫派
avouch	ә'vautʃ	v. 断言，主张，保证，承认
baby-sitter		n. 看顾小孩的人
bandmaster	'bænd.mɑ:stә	n. 管乐队指挥
blues	blu:z	n. 勃鲁斯乐曲，（非正式）伤感的，伤心的[医] 忧闷，沮丧
bowlegged	'bәulegd	a. 弯腿的
broad-brimmed	b'rɔ:dbr'ɪmd	宽边的
by-product	'baiprɔdʌkt	n. 副产品，额外收获，意外收获[计] 副产品
cacti	'kæktai	pl. 仙人掌
captious	'kæpʃәs	a. 吹毛求疵的，挑剔的
cast-iron	'kɑ:st'aiәn	a. 铸铁的，铸铁制成的，坚固的，不妥协的[电] 铸铁
contemn	kәn'tem	vt. 侮辱，蔑视
crossbones	'krɒsbәunz	n. 交叉的股骨图形
crossbreeding	'krɒsbri:dɪŋ	n. 杂交育种v. 杂交（crossbred的过去分词）
customs		n. 海关，关卡，关税[经] 关税，海关
demagnetize	di:'mægnitaiz	vt. 消磁，使退磁[医] 去磁，退磁
detraction	di'trækʃәn	n. 转移，缩小，减损，贬低，毁损
discompose	.diskәm'pәuz	vt. 使不安，使烦乱，使烦恼
distent	dis'tent	a. 膨胀的，扩张的
disunite	.disju'nait	vt. 使分离，使不和
dripstone	'dripstәun	n. 滴水石
edentate	i:'denteit	a. 无齿的，贫齿目的n. 贫齿目动物
educable	'edjukәbl	a. 可教育的
educe	i'dju:s	vt. 引出，推断出，使显出
effervesce	.efә'ves	vi. 冒泡，泡腾，兴奋[医] 起泡，发气泡
embosom	im'buzәm	vt. 围绕，环绕，珍爱
endotherm	'endәθә:m	n. 热血动物[机] 吸热线
endue	in'dju:	vt. 授予，赋予，穿上
exhilarate	ig'zilәreit	vt. 使高兴，使愉快，鼓励
exocrine	'eksәkrain	a. 外分泌的[医] 外分泌的，外分泌物
eye-catching		a. 引人注目的，引人瞩目的
fagot	'fægәt	n. 柴把，束薪vt. 捆，束
famish	'fæmiʃ	vt. 使挨饿vi. 饥饿，挨饿
far-reaching		a. 深远的，广泛的，伸至远处的
flagella	flә'dʒelә	[医] 鞭毛（原虫）, 鞭节（昆虫）
flyspeck	'flaispek	n. 蝇粪留下的污点，小斑，污点vi. 弄脏
frowzy	'frauzi	a. 不整洁的，有臭味的，很闷的
fungi	'fʌndʒai, 'fʌŋ^ai	pl. 真菌，突然发生而迅速生长的东西[医] 真菌，霉菌，蕈，海绵肿
galvanization	.gælvәnai'zeiʃәn	n. 通电，镀锌，震惊[化] 镀锌; 镀锌作用
garrulity	gæ'ru:liti	n. 饶舌，多嘴[医] 多言
hands-on		[计] 动手上机，实际训练
hardheaded	'hɑ:d'hedid	a. 不易激动的，冷静的，脚踏实地的，无懈可击的
hydrosphere	'haidrәsfiә	n. 水圈，水界，水气
imprecate	'imprikeit	vt. 祈求，诅咒
in spite of		不管
indiscrimination	'indis,krimi'neiʃәn	n. 无差别，不加区别的事物（行为）
indite	in'dait	vt. 写成文章，创作
inducible	in'dju:sәbl	a. 可导致的；可诱导的
intersected	.intә'sektid	a. 交错的
jewels		n. 珠宝；宝石（jewel的复数形式）
jocose	dʒә'kәus	a. 开玩笑的，诙谐的，戏谑的
kymograph	'kaimәugræf	n. 波动曲线记录仪[医] 记波[纹]器
larvae		幼虫（昆虫）, 幼体，蚴（蠕虫）[医] 幼虫（昆虫）, 蚴（蠕虫）
laurels		n. 荣誉，胜利，名声
limner	'limnә	n. 画家，画匠
locomote	'lәukәmәut	vt. 移动；行动
locoweed	'lәukәuwi:d	n. 疯草
long-lasting	lɒŋ 'lɑ:stɪŋ	a. 持久的；持续的；长期的
long-range		a. 远程的，远大的，长期的[化] 远程的; 长距离的; 长期的; 长远的
long-standing	'lɔŋstædiŋ	a. 长期存在的
manful	'mænful	a. 男子气概的，坚定的，勇敢的，果断的
measures		n. 措施；层组（measure的复数）
mechanics	mi'kæniks	n. 机械学，结构，力学[化] 力学
midair	.mid'єә	n. 半空中
mincing	'minsiŋ	a. 矫饰的，装腔作势的，装模作样的，切碎的
multistory		a. 有多层楼的
nonhuman	nɒn'hju:mәn	a. 非人类的
nonprofessional	.nɒnprʌ'feʃәnl	a. 无职业的，无专长的
nuclei	'nju:kliai	pl. 核心，核子，原子核[医] 核
nutriment	'nju:trimәnt	n. 营养物，食物，营养素
oversecretion	əʊvəsek'ri:ʃən	[医] 分泌过多
oxen	'ɔksәn	牛，公牛
patricide	'pætrisaid	n. 杀父（罪）, 杀父者[法] 杀父，杀父者
peculate	'pekjuleit	v. 挪用，盗用，侵吞
per capita	p\\\\: 'kæpitә	每人，按人口，按人口计算[经] 每人，按人头
petrifaction	.petri'fækʃәn	n. 使变成石头，石化，化石，僵化，吓呆[医] 石化
phenomena	fi'nɒminә	pl. 现象
pilferage	'pilfәridʒ	n. 小偷小摸，偷窃，赃物[经] 偷窃险，脏物
plainspoken	'plein'spәukәn	a. 老实说的，直言无隐的，言辞率直的
plash	plæʃ	n. 浅池，积水坑，击水声，（水的）飞溅v. （水）溅泼
platelike	p'leɪtlaɪk	板状的，层状的
prorogue	prә'rәu^	vt.vi. （使）闭会，（使）休会[法] 使休会，使闭会
recompose	.ri:kәm'pәuz	vt. 重组，修改，使镇定
rentable		a. 可租的，可收租金的[法] 可租的，可收租金的
reorient	.ri:'ɒ:rient	vt. 使适应，再调整
requital	ri'kwaitl	n. 酬答，还礼[法] 报答，回报，报复
ruins		n. 虚墟，遗迹
sapience	'seipjәns	n. 象有学识，装聪明，智慧
savings	'seiviŋz	n. 储蓄，存款[经] 储金，储蓄
scathe	skeið	n. 危害，损伤，损害vt. 损伤，伤害，痛斥
seamen		水兵，海员，水手
secretin	si'kri:tn	n. 促胰液素[化] 肠促胰液肽; 胰泌素
self-sufficient	'selfsә'fiʃәnt	a. 自给自足的，极为自负的
semiarid	.semi'ærid	a. 雨量非常少的，半干旱的
semiliterate	.semi'litәrәt	n. 半文盲
semimolten	semɪ'mɒltən	半熔化的
short-range	'ʃɔ:t'reindʒ	a. 短射程的[经] 短射程的
space shuttle		航天飞机
spectra		系列，范围，谱，光谱，波谱，射频频谱，无线电信号频谱，余象[计] , 光谱，频谱
spined	'spaind	a. 有背骨的，有脊柱的，有刺的
stereophotograph	stɪərɪəfəʊtəɡ'rɑ:f	立体照片，立体照相，立体照像
stimuli		剌激，剌激物，促进因素，动因[医] 刺激特，刺激
strata	'streitә	pl. 层，地层，阶层[医] 层
strings		n. 附带条件，弦乐部分，弦乐器
subdiscipline	'sʌb'disiplin	n. 学科的分支
subduct		vt. 减去，拿掉[医] 下转
subjected		v. 使从属；受…影响；使遭受（subject的过去分词形式）
superheat	.sju:pә'hi:t	vt. 使过热n. 过热
suspender	sә'spendә	n. 悬挂者（物）, 袜吊，吊裤带[医] 悬吊带，悬吊器
tactics	'tæktiks	n. 用兵学，战术，兵法[经] 战术，策略
teens	ti:ns	n. 十三岁到十九岁
telecommuter	.telikә'mju:tә	远程工作者
thousand-fold		adv. 千倍，千重a. 千倍，千重
threadlike	'θredlaik	a. 丝状的，像丝的，细长的
three-dimensional	θri:'dimenʃәnәl	a. 三维的，立体的，真实的
time-consuming	'taimkәn,sju:miŋ	a. 耗时的
toed	tәjd	a. 有趾的，斜着钉进去的
tumid	'tju:mid	a. 肿胀的，肿大的[医] 肿胀的
ultrasonics		n. 超声学[医] 超声学
unscrupulously	ʌn'skru:pjələslɪ	adv. 不客气地，无道德原则地
upside-down	'ʌpsaid'daun	a. 颠倒的，乱七八糟的
veining	'veiniŋ	n. 脉纹的形成，脉纹的排列[机] 铸模龟裂
vitalist	'vaitlist	n. 生机论者，活力论者[医] 生机论者，生活力说者
warrantable	'wɒ:rәntәbl	a. 可保证的，可担保的，可证明为正当的[法] 可保证的，可承认的，正当的
weaverbird	'wi:vәbә:d	n. 织布鸟
wedge-shaped	'wedʒʃeipt	a. 楔形的[化] 楔形
well-being	'welbiiŋ	a. 安宁的，康乐的
