# ECDICT bc015ed2e24a7abef49fc6dbbb7fe32c1dadaf8b | sha256 1a6947e04785db63613a92e14903cdae7954f7e84860b10e68e5c7cbb3f9c3cf | pack ielts | entries 2647
embark	im'bɑ:k	vi. 乘船，着手，从事，上飞机vt. 使上船，使上飞机，使从事
depart	di'pɑ:t	vi. 离开，出发，背离，违反，去世
distract	dis'trækt	vt. 转移，分心，使发狂
planner	'plænә	n. 计划者，设计者，安排者[机] 刨床机
crude	kru:d	a. 天然的，未成熟的，粗糙的，粗鲁的n. 天然的物质
chunk	tʃʌŋk	n. 大块，矮胖的人（或物）[经] 定样
summon	'sʌmәn	vt. 召唤，召集，号召，振奋，唤起，鼓起[经] 传唤，传讯
manufacture	.mænju'fæktʃә	n. 产品，制造vt. 制造，假造vi. 制造
jungle	'dʒʌŋgl	n. 丛林，杂乱的一堆，弱肉强食的地方
outlet	'autlet	n. 出口，发泄方法，市场[医] 出口
migration	mai'greiʃәn	n. 移民，移往，移动[计] 迁移
invade	in'veid	vt. 侵入，拥入，侵略，侵袭[法] 强入，侵犯，侵略
passive	'pæsiv	a. 消极的，被动的，冷漠的，顺从的，无源的[医] 被动的
hurricane	'hә:rikәn	n. 飓风，暴风，暴风雨
skip	skip	n. 跳跃，跳读vi. 跳越，跳读，跳绳，遗漏，跳级vt. 跳过，遗漏[计] 跳过
ambassador	æm'bæsәdә	n. 大使[法] 大使，使节，代理
revive	ri'vaiv	vt. 使苏醒，使复兴，使振奋，回想起，重播vi. 苏醒，复活，复兴，恢复精神
reassure	.ri:ә'ʃuә	vt. 使……安心，向……再保证[法] 重新保证，再保险，使清除疑虑
likewise	'laikwaiz	adv. 同样地，也
dip	dip	v. 浸，降下，把（手、勺等）伸入，舀取n. 浸，涉猎[计] 双列直插式组件，分布式输入输出系统，双排直插封装
stall	stɒ:l	n. 厩，停车处，牧师职位，货摊，托辞，拖延vt. 关入厩，停顿，推托，支吾，使陷于泥中vi. 被关在厩内，陷于泥中，停止，支吾
plunge	plʌndʒ	n. 钻进，跳进，跳水，跳水池，猛跌，落下，投入，开始从事，盲目投资vi. 投入，投身于，跳进，陷入，下降vt. 使投入，使插入，使陷入，使遭受
boast	bәust	n. 吹牛vi. 吹牛，自夸vt. 夸口说，自恃有
timetable	'taimteibl	n. 时间表
excess	ik'ses	n. 过度，剩于，超过，超额a. 过量的，额外的
unfold	.ʌn'fәuld	vt. 展开，打开，披露，开展，挑明vi. 伸展，开花，呈现
validity	vә'liditi	n. 有效性，正确性[计] 有效性
activate	'æktiveit	vt. 使活动，使激活，正式建成vi. 有活力
suppress	sә'pres	vt. 镇压，使止住，禁止，抑制，查禁[法] 镇压，平定，禁止出版
immense	i'mens	a. 极广大的，无边的，非常好的
weed	wi:d	n. 杂草，野草vi. 除草vt. 除……的草，剔除
arouse	ә'rauz	vt. 唤醒，鼓励，引起vi. 醒来
compliance	kәm'plaiәns	n. 遵从，顺从，屈从[化] 柔顺; 顺应
substitute	'sʌbstitju:t	n. 代理，代理人，代用品，代替者，代替物vt. 代替vi. 替代，取代，代用a. 代替的，代用的，代用品的[计] 置换; 替代
supposedly	sә'pәuzidli	adv. 想象上，看上去像，被认为是，恐怕，按照推测
clarify	'klærifai	vi. 澄清，阐明vt. 使明晰
decoration	.dekә'reiʃәn	n. 装饰，装饰品
glimpse	glimps	n. 一瞥，一闪vi. 投以一瞥，闪烁不定vt. 瞥见
entail	in'teil	vt. 使成为必需，需要，使承担，遗传给n. 限定继承
occurrence	ә'kʌrәns	n. 发生，事件，出现[医] 发生
layout	'leiaut	n. 布局，陈列，规划图，页面布局，版面编排[计] 页面布局，版面
injection	in'dʒekʃәn	n. 注射，注射剂[化] 注入; 注射
compile	kәm'pail	vt. 编译，编辑，编纂，收集[计] 编译
dreadful	'dredful	a. 可怕的
bang	bæŋ	n. 重击，突然巨响，刘海v. 发巨响，重击adv. 砰然地，突然巨响地，直接地[计] 撞击符
debris	'deibri:	n. 碎片，残骸[医] 碎屑
fling	fliŋ	n. 投掷，急冲，嘲弄vt. 投，丢下，抛弃，使陷入，挥动，嘲笑，扫视vi. 猛冲
worship	'wә:ʃip	n. 崇拜，礼拜，尊敬vi. 参加礼拜vt. 崇拜，尊敬
beneficial	.beni'fiʃәl	a. 有益的，受益的[经] 有使用权的，可享利益的
cure	kjuә	n. 治疗，治愈，治疗法vt. 治疗，治愈，改正，腌制，加工处理，使硫化vi. 受治疗，被加工处理，被硫化
revision	ri'viʒәn	n. 校订，修正，修订本，修订版[计] 修订版
thrust	θrʌst	n. 插，戳，刺，猛推，口头攻击，推力vt. 插入，猛推，刺，戳，强加，延伸vi. 插，刺，戳，延伸，（用力）推
amend	ә'mend	vt. 修改，改善，改良vi. 改过自新
cemetery	'semitәri	n. 墓地，公墓[法] 公墓，墓地
ferry	'feri	n. 渡船，渡口[法] 摆渡营业权，轮渡
harassment	'hærәsmәnt	n. 困扰，烦扰，烦恼[法] 折磨，骚扰，侵扰
fame	feim	n. 名望，名声，传说
booking	'bukiŋ	n. 预约演出合同[机] 书型模法
manuscript	'mænjuskript	n. 手稿，原稿，底稿a. 手写的
likelihood	'laiklihud	n. 可能，可能性
graph	græf	n. 曲线图，图表，图形[计] 图形
carrot	'kærәt	n. 胡萝卜[医] 胡萝卜
toll	tәul	n. 通行费，代价，钟声vt. 征收，敲钟，鸣钟，勾引，引诱vi. 征税，鸣钟
continuity	.kɒnti'nju:iti	n. 连续性[化] 连续性
rim	rim	n. 边，轮缘，框vt. 镶边，为……装边vi. 形成边缘
quota	'kwәutә	n. 配额，限额[化] 定额
heir	єә	n. 继承人，嗣子，后嗣[法] 继承人，后嗣
blink	bliŋk	vi. 眨眼，闪亮vt. 眨眼，使闪亮n. 眨眼，瞬间，闪光，闪烁[计] 闪烁
eligible	'elidʒәbl	a. 有资格当选的，合格的n. 有资格者，合格者，适任者
diameter	dai'æmitә	n. 直径[医] 直经，径
chill	tʃil	n. 寒冷，寒意，失意a. 寒冷的，冷漠的vt. 使寒心，冷冻vi. 变冷
cheer	tʃiә	n. 愉快，振奋，欢呼vi. 欢呼，喝彩，快活起来vt. 使振奋，欢呼
steer	stiә	vt. 引导，驾驶，航行，控制vi. 驾驶，掌舵，行驶n. 驾驶指示，劝告
intact	in'tækt	a. 尚未被人碰过的，原封不动的，完整的[医] 完整的，无伤的
thrive	θraiv	vi. 繁荣，兴旺，茁壮成长[经] 兴旺，繁荣，旺盛
elaborate	i'læbәreit	a. 精细的，详尽的，精心计划（或制作）的vt. 详细地说明，用心地制作，发挥vi. 变复杂，作详细说明
corresponding	.kɒri'spɒndiŋ	a. 相当的，一致的，通信的[计] 对应
chew	tʃu:	vt. 咀嚼，嚼碎vi. 咀嚼，细想n. 咀嚼，咀嚼物
valuation	.vælju'eiʃәn	n. 评价，估价，价值判断[经] 估价，计价，评价
steak	steik	n. 牛排，鱼排，肉排
referee	.refә'ri:	n. 仲裁人，调解人，裁判员v. 仲裁，裁判
fossil	'fɒsәl	n. 化石，古物a. 化石的，陈腐的，守旧的
scratch	skrætʃ	n. 抓痕，搔，抓，擦伤，刮擦声，乱写，零分，起跑线vt. 搔，抓，挖出，擦，刮，乱涂，勾抹掉vi. 搔，抓，发刮擦声，勉强糊口a. 碰巧的，凑合的，打草稿用的[计] 擦除
bacterium	bæk'tiәriәm	n. 细菌[医] [无芽胞]杆菌属
dioxide	dai'ɒksaid	n. 二氧化物[医] 二氧化物
dumb	dʌm	a. 哑的，不说话的，无声音的[医] 哑的
doubtful	'dautful	a. 可疑的，疑心的，不明确的[法] 怀疑的，有疑问的，未确的
dictate	'dikteit	vi. 听写，口述，口授vt. 口述，使听写，命令n. 命令，指挥，指令
patron	'peitrәn	n. 赞助人，顾客，保护人[法] 保护人，庇护人，赞助人
municipal	mju:'nisipl	a. 市政的，自治区的，内政的[经] 市政的，市的
useless	'ju:slis	a. 无用的，无效的，无益的[机] 无用，无价值，无效
harmony	'hɑ:mәni	n. 协调，和睦，调和[电] 和声学
tolerance	'tɒlәrәns	n. 宽容，忍受，容忍，容许量，公差[计] 允许误差
supervise	'sju:pәvaiz	v. 监督，管理，指导
misery	'mizәri	n. 痛苦，悲惨，不幸，穷困
fringe	frindʒ	n. 边缘，端，流苏，穗，初步vt. 加穗于，加饰边于a. 边缘的，附加的
printed	'printid	a. 印刷的，印好的，印花样的[电] 印刷的
cruise	kru:z	n. 巡航，巡弋，漫游v. 巡航，巡弋，漫游
temptation	temp'teiʃәn	n. 诱惑，诱惑物[法] 诱惑，诱惑物
underline	'ʌndәlain	vt. 在……下面划线，作……的衬里，强调n. 下划线，图下说明文字[计] 加下划线; 下划线
merge	mә:dʒ	vt. 使合并，使消失，吞没vi. 合并，渐渐消失[计] 合并
calendar	'kælindә	n. 日历，日程表vt. 列入表中[计] 日历
beard	biәd	n. 胡须vt. 抓住胡须，公开反对
brake	breik	n. 刹车，阻碍，丛林v. 刹车
grid	grid	n. 格子，栅格[计] 网格
impulse	'impʌls	n. 冲动，驱使，刺激，推动，冲力，建议，脉冲vt. 推动
width	widθ	n. 宽度，宽广，广博[医] 宽度
brutal	'bru:tәl	a. 残忍的，野蛮的，不讲理的
fur	fә:	n. 毛皮vt. 以毛皮制作，使生苔，使生水垢vi. 生苔，积水垢
deliberate	di'libәrәt	a. 深思熟虑的，故意的，从容的v. 仔细考虑
poke	pәuk	n. 刺，戳，袋子vt. 戳，捅，拨弄，刺vi. 戳，刺，捅，搜索，伸出，行动散慢[计] 存数
soar	sɒ:	n. 高扬，翱翔vi. 往上飞舞，高耸，翱翔
utterly	'ʌtәli	adv. 完全地，全然，绝对
slim	slim	a. 瘦的，苗条的，微小的，稀少的，微薄的vi. 变苗条vt. 使苗条
nursing	'nә:siŋ	n. 看护，养育[医] 护理[法], 喂乳[法]
fitting	'fitiŋ	a. 适宜的n. 试穿，试衣，装配，装置
caution	'kɒ:ʃәn	n. 小心，慎重，警示vt. 警告[计] 警告
threshold	'θreʃәuld	n. 门槛，入口，开端，阈[计] 阈; 阈值
chat	tʃæt	n. 闲谈vi. 闲谈，聊天
shaft	ʃæft	n. 轴，箭杆，矛，矿井vt. 装杆于，利用
fragile	'frædʒail	a. 易碎的，脆的[医] 脆弱的，脆的
exhaust	ig'zɒ:st	n. 排气，排气装置，废气vt. 抽完，用尽，耗尽，使精疲力尽vi. 排气
furious	'fjuәriәs	a. 狂怒的，激烈的，吵闹的
prescribe	pris'kraib	v. 规定，指定，嘱咐，开处方
blast	blæst	n. 一阵风，爆炸，枯萎病vt. 炸，使枯萎vi. 炸，猛攻，猛烈抨击，枯萎
morality	mә'ræliti	n. 道德，教训，品行[法] 道德，道义
prevail	pri'veil	vi. 获胜，流行，盛行[医] 流行，盛行
denial	di'naiәl	n. 否认[法] 否定，否认，拒绝接受
headache	'hedeik	n. 头痛，令人头痛之事[医] 头痛
varied	'vєәrid	a. 不同的，杂色的，各式各样的[法] 不同的，种种的，变化的
rental	'rentl	n. 租费，租金收入a. 租赁的，收取租金的
fantastic	fæn'tæstik	a. 奇妙的，稀奇的，空想的
despair	di'spєә	n. 绝望，失望vi. 绝望
screw	skru:	n. 螺旋，螺杆，螺钉，螺旋桨，吝啬鬼vt. 调节，扭紧，旋，拧，加强，压榨，勒索vi. 转动，旋，拧
steward	'stju:wәd	n. 管理人，招待员，管家，乘务员[经] 轮船，飞机的服务员，（财务）管理员
undergraduate	.ʌndә'grædjuit	n. 大学本科生，大学肄业生a. 大学生的
contempt	kәn'tempt	n. 轻视，轻蔑[法] 藐视，侮辱，轻视
relaxation	.ri:læk'seiʃәn	n. 松弛，放松，减轻，缓和，休息，休养[化] 松弛; 驰豫
brochure	'brәuʃә	n. 小册子，小册
drill	dril	n. 钻孔机，钻子，播种机，粗斜纹布v. 训练，钻孔
mansion	'mænʃәn	n. 大厦，宅邸
aspiration	.æspә'reiʃәn	n. 热望，志向，渴望[医] 吸入; 吸[引], 吸引术
prospective	prәs'pektiv	a. 预期的，将来的[经] 预期的，未来的
usage	'ju:sidʒ	n. 用法，使用，习惯，惯用法，习惯法[经] 使用情况，使用用途，惯例
authorize	'ɒ:θәraiz	vt. 授权，批准，委托[经] 授权，委任，认可
temper	'tempә	n. （钢等的）硬度，脾气，心情，中和剂，倾向，回火vt. 使回火，锻炼，调和，使缓和vi. 回火
confer	kәn'fә:	vt. 授予，带来vi. 协商
arch	ɑ:tʃ	n. 拱门，拱形，足弓vt. 使成弓形vi. 拱起，成弓形a. 主要的，调皮的，傲慢无礼的，狡猾的
balloon	bә'lu:n	n. 气球vt. 使成气球状vi. 膨胀如气球，激增
ego	'egәu. 'i:gәu	n. 自我[医] 自我
homework	'hәumwә:k	n. 家庭作业，家里做的工作[经] 家庭作业
radar	'reidә	n. 雷达，无线电探测器[计] 雷达图
tablet	'tæblit	n. 平板，门牌，笔记簿，碑，匾，药片[化] 片剂
mist	mist	n. 雾，迷蒙，朦胧不清vt. 使模糊，使蒙上雾vi. 变模糊，下雾
retreat	ri'tri:t	n. 休息寓所，撤退，隐居，退避vi. 撤退，隐退，向后倾vt. 退（棋）
headmaster	'hed'mɑ:stә	n. （中小学）校长，监工
sweater	'swetә	n. 毛衣，毛线衫，运动衫，出汗者[化] 发汗器
minus	'mainәs	n. 负号，不足a. 减的，负的，阴性的prep. 减，缺[计] 负差
rubber	'rʌbә	n. 橡皮，橡胶，做摩擦动作的人，按摩师，决胜盘vt. 用橡胶制造，涂橡胶于
conform	kәn'fɒ:m	vt. 使一致，使遵守，使符合vi. 一致，符合，适应
vocabulary	vә'kæbjulәri	n. 词汇（量）, 词汇表[计] 词表
overwhelm	.әuvә'hwelm	vt. 淹没，受打击，制服，压倒，使不知所措[法] 打翻，倾覆，覆盖
printing	'printiŋ	n. 印刷，印刷术，印花[计] 打印; 印刷
gravel	'grævәl	n. 砂砾，碎石[医] 沙砾，尿沙
spark	spɑ:k	n. 火花，火星，闪光，无线电报务员，瞬间放电，活力，朝气，花花公子，情郎vi. 闪光，发火花，求婚vt. 发动，鼓舞，使有朝气，求婚
fatigue	fә'ti:g	n. 疲乏，疲劳vt. 使疲劳，使心智衰弱vi. 疲劳a. 疲劳的
quarry	'kwɒri	n. 采石场，方形石，猎物，被追求物，来源vt. 挖出，努力挖掘vi. 费力地找
noble	'nәubl	n. 贵族a. 高贵的，高尚的，贵族的，辉煌的
speculate	'spekjuleit	vi. 深思，推测，投机[经] 投机
preach	pri:tʃ	v. 传道，讲道，说教，宣讲，鼓吹n. 说教，布道
surplus	'sә:plәs	n. 剩余，过剩，盈余a. 过剩的，剩余的
blond	blɒnd	a. 金发的n. 白肤碧眼金发的人
cylinder	'silindә	n. 圆筒，圆筒状物，汽缸，柱面[计] 柱面
garment	'gɑ:mәnt	n. 衣服，衣装，外表
textile	'tekstail	n. 纺织品，纺织业a. 织的，纺织的
trauma	'trɒ:mә	n. 外伤，损伤[医] 创伤，外伤
technician	tek'niʃәn	n. 技师[化] 技师
neighboring	'neibәriŋ	a. 附近的，邻近的，邻接的
devastating	'devәsteitiŋ	a. 毁灭性的，（非正式）很好的，引人注目的
pence	pens	pl. （非正式）copper便士，（美）分，分币
soak	sәuk	n. 浸，湿透，大雨vt. 使上下湿透，浸，吸入，吸收，浸洗掉vi. 浸泡，渗透
ribbon	'ribәn	n. 缎带，色带，带状物vt. 用丝带装饰，把……撕成条状vi. 形成带状[计] 带状条，格式栏
slot	slɒt	n. 水沟，细长孔，硬币投币口，缝，狭槽，狭通道，位置，一档（广播节目等）vt. 开槽于，把……纳入机构[计] 槽; 存储槽
negligence	'neglidʒәns	n. 疏忽，粗心大意，忽视[经] 疏忽，过失
consecutive	kәn'sekjutiv	a. 连续的，联贯的[计] 连续的; 连接的
lace	leis	n. 饰带，花边，缎带，鞋带vt. 结带子，饰以花边vi. 系带子[计] 全穿孔
coordinate	kәu'ɒ:dineit	n. 同等的人（或物）, 坐标a. 同等的，并列的v. （使）协调
inherent	in'hiәrәnt	a. 固有的，与生俱来的[医] 固有的，生来的
clutch	klʌtʃ	n. 抓紧，掌握，离合器，一窝小鸡vt. 抓住，踩汽车离合器踏板vi. 抓[计] 联轴器; 离合器
frustrate	'frʌstreit	vt. 挫败，击败，破坏a. 无益的，挫败的，挫折的
transit	'trænsit	n. 经过，通行，运输，运输线，转变vt. 运送，使通过，经过vi. 通过
configuration	kәn.figju'reiʃәn	n. 结构，表面配置，外形，配置[计] 配置
dense	dens	a. 密集的，浓厚的
intermediate	.intә'mi:diәt	n. 中间物，调停者，中级a. 中间的，中级的vi. 起媒介作用[计] 中级
articulate	ɑ:'tikjulit	a. 发音清晰的，口才好的vt. 明白地说，以关节连接，使成为系统的整体
swell	swel	n. 增大，隆起的部分，巨浪，肿胀a. 优秀的，一流的vi. 增大，膨胀，肿胀，增强，骄傲vt. 使膨胀，使增大，使上涨，使骄傲
cue	kju:	n. 提示，线索vt. 给……暗示（或提示）[计] 尾接指令
biography	bai'ɒgrәfi	n. 传记
linear	'liniә	a. 线的，直线的，线状的[计] 线性
erosion	i'rәuʒәn	n. 腐蚀，冲蚀，侵蚀[化] 磨耗; 侵蚀
motif	mәu'ti:f	n. 主题，基调，动机，基本图案[法] 主旨，主题，动机
convenience	kә'vi:njәns	n. 方便，便利的事物，方便的时候
weave	wi:v	n. 编法，织法，编织式样vt. 编织，组合，编排，使迂回前进vi. 纺织，迂回行进
probe	prәub	n. 探索，调查，探针，探测器v. 用探针探测，调查，探索
bolt	bәult	n. 门闩，螺钉，筛子，闪电，意外事件vt. 闩住，发射，脱口而出，筛，囫囵吞下vi. 囫囵吞枣，射箭，脱缰，退出党派adv. 突然
bulb	bʌlb	n. 球茎，电灯泡[医] 球，鳞茎，球茎
narrator		n. 讲述者，叙述者[法] 陈述者，叙述者
calcium	'kælsiәm	n. 钙[化] 钙Ca
diplomat	'diplәmæt	n. 外交官，有外交手腕的人[法] 外交家，外交官，有权谋的人
epidemic	.epi'demik	n. 传染病，流行病a. 流行的，传染性的
trim	trim	n. 整齐，情形，修剪a. 整齐的vt. 使整齐，整理，修剪vi. 调整，见风使舵[计] 库存管理检查规则程序
butterfly	'bʌtәflai	n. 蝴蝶[医] 蝶式棉块，翼形皮癣，纸蝶
divert	dai'vә:t	vt. 转移，使欢娱vi. 转移
accelerate	әk'selәreit	v. 加速，促进
bargain	'bɑ:gin	n. 交易，买卖协定，特价商品v. 讲价，交易
vacuum	''vækjuәm	n. 真空，空间，真空吸尘器a. 真空的，产生真空的，利用真空的vt. 用吸尘器打扫
spit	spit	n. 唾液，唾吐，小雨，炙叉，一铲的深度vt. 唾吐，吐出，降小雨，用炙叉穿过vi. 吐唾沫，吐痰，唾弃，飘霏霏细雨
parcel	'pɑ:sl	n. 包裹，部分，片vt. 分配，打包a. 部分的adv. 局部地
stereotype	'stiәriәtaip	n. 铅版，陈规，老套vt. 使用铅版，把……印制成盲文，套用老套，使一成不变
laundry	'lɒ:ndri	n. 洗衣店，洗好的衣服，洗涤[机] 洗衣作，洗衣店，洗衣房
revise	ri'vaiz	n. 校订，修正，改样vt. 校订，修正，校正
sketch	sketʃ	n. 素描，草图，小品v. 描绘略图，画素描或速写
bore	bɒ:	n. 令人讨厌的人，激浪，枪膛，孔vt. 使烦扰，钻孔vi. 钻孔bear的过去式[计] 内径; 孔径
beloved	bi'lʌvd	a. 心爱的n. 心爱的人
website		n. 网站（全球资讯网的主机站）
sickness	'siknis	n. 疾病，不健康，呕吐[医] 病
retrieve	ri'tri:v	vt. 取回，挽回，弥补，恢复，补偿，回忆，检索vi. 找回猎物n. 取回，恢复，救险球[计] 检索
smoking	'smәukiŋ	n. 抽烟，冒烟[医] 烟熏; 吸烟
bizarre	bi'zɑ:	a. 奇异的
nominate	'nɒmineit	vt. 提名，任命，命名[法] 提名……为候选人，指定，推荐
anchor	'æŋkә	n. 锚vt. 抛锚停泊，使固定[计] 锚
scrutiny	'skru:tini	n. 细看，仔细检查，监视，选票检查[经] 复查，评核，仔细检查
redundant	ri'dʌndәnt	a. 多余的，过多的，冗长的[医] 过多的，多余的
confirmation	.kɒnfә'meiʃәn	n. 证实，证明，批准，确认[计] 确认
betray	bi'trei	vt. 出卖，背叛，辜负，暴露[法] 出卖，背叛，泄漏
recorder	ri'kɒ:dә	n. 记录员，录音机n. 记录器[计] 宏录制器，记录器
static	'stætik	n. 静电，静电干扰a. 静态的，静止的，固有的，静电的
cleaning	'kli:niŋ	n. 清洁，扫除，家畜的胞衣，扫除出来的垃圾，大败，输得精光，除伐，巨额利润[计] 清洗，清除
challenging	'tʃælindʒiŋ	a. 挑战的，引起争论的
complication	.kɒmpli'keiʃәn	n. 复杂化，复杂情况[医] 并发症，并发病
skiing	'ski:iŋ	n. 滑雪运动，滑雪术
delicious	di'liʃәs	a. 美味的
mercy	'mә:si	n. 仁慈，宽恕，慈悲，怜悯，幸运[法] 权宜处置权，决定权，宽恕
accumulate	ә'kju:mjuleit	v. 积聚，堆积
authentic	ɒ:'θentik	a. 可靠的，可信的，真正的[法] 被认证的，确认的，可信的
dome	dәum	n. 圆顶vt. 加圆顶vi. 成圆顶状
editorial	.edi'tɒ:riәl	n. 社论，评论a. 编辑的，主笔的，社论的
surroundings	sә'rajndiŋz	n. 环境，周围的事物[化] 环境
locker	'lɒkә	n. 抽屉，小柜，上锁人[机] 锁柜
wit	wit	n. 机智，智力，头脑，理智，妙语，机智的人
spectacle	'spektәkl	n. 引人羡慕的东西，景象，眼镜，场面，公开展示
haunt	hɒ:nt	n. 常到的地方，生息地vt. 常到，出没于，萦绕于vi. 出没，作祟
miserable	'mizәrәbl	a. 悲惨的；痛苦的；卑鄙的
dual	'dju:әl	a. 双重的，双的n. 双数
evoke	i'vәuk	vt. 唤起，引起，召（魂）[法] 提审，移送
pal	pæl	n. 朋友，伙伴，同志，同谋vi. 交友，结伴
surrender	sә'rendә	vt. 交出，放弃，使投降，让与vi. 投降，自首n. 交出，放弃，投降
unconscious	.ʌn'kɒnʃәs	a. 未意识到的，无意识的，无知觉的[医] 人事不省的，神志丧失的; 无意识的
scar	skɑ:	n. 疤痕，伤痕，悬崖vi. 结疤，愈合，痊愈vt. 使有伤痕
multiply	'mʌltiplai	v. 繁殖，乘，增加[计] 乘
surge	sә:dʒ	n. 巨涌，汹涌，澎湃vi. 汹涌，澎湃，颠簸，猛冲，突然放松vt. 使汹涌奔腾，急放[计] 电压尖峰
amateur	'æmәtә	n. 业余爱好者，外行，爱好者[电] 业余家
commentary	'kɒmәntәri	n. 注释，评论，说明[法] 注释，评注，评论
appraisal	ә'preizәl	n. 评价，估价[经] 评价，评估
cleaner	'kli:nә	n. 清洁工人，清洁剂，干洗商[化] 滤清器; 除垢器; 洗净剂; 清洁剂
chemist	'kemist	n. 化学家，药剂师[化] 化学家; 化学师; 化学工作者; 药剂师; 药房
penetrate	'penitreit	vt. 穿透，刺穿，渗透，看穿，洞察，了解，使充溢vi. 刺入，看穿，渗透，打进
spectator	spek'teitә	n. 观众，目击者，旁观者
hover	'hʌvә	vi. 盘旋，翱翔，徘徊vt. 孵n. 翱翔
cheerful	'tʃiәful	a. 快活的，高兴的，兴高采烈的
attain	ә'tein	vt. 达到，获得vi. 达到
orthodox	'ɒ:θәdɒks	a. 正统的，传统的，惯常的
disagreement	.disә'gri:mәnt	n. 不合，争论，不一致[法] 不一致，不同意，陪审团的意见不一
viable	'vaiәbl	a. 能养活的，能生长发育的[医] 有活力的，有生机的
snatch	snætʃ	n. 抢夺，攫取，片断vt. 夺取，攫取vi. 想抢走，攫取
precision	pri'siʒәn	n. 精密，精确，精确度，精度a. 精密的，精确的[计] 精度
exert	ig'zә:t	vt. 发挥，运用，施以影响[法] 施加，产生，行使
outbreak	'autbreik	n. 爆发，暴动[医] 暴发
knot	nɒt	n. 结，群，难题v. 打结，（使）纠缠
strive	straiv	vi. 努力，奋斗，斗争
spur	spә:	n. 马刺，刺激物，鼓舞vt. 刺激，激励，用马刺策（马）前进vi. 用马刺驱马，疾驰
tilt	tilt	n. 倾斜，倾向，船篷，车篷vt. 使倾斜，使倾侧，用帆布篷遮盖vi. 倾斜，翘起，冲，评击[计] 倾斜
propaganda	.prɒpә'gændә	n. 宣传，宣传活动[医] 宣传
territorial	.teri'tɒ:riәl	a. 领土的，土地的，地方的，区域性的n. 本土自卫队队员
antibiotic	.æntibai'ɒtik	n. 抗生素a. 抗生的
inland	'inlәnd	a. 内陆的，国内的n. 内地
exile	'eksail	n. 放逐，流放，被放逐者vt. 放逐，流放，使背井离乡
implicit	im'plisit	a. 暗示的，含蓄的，固有的，绝对的[经] 不讲明的，含蓄的
prosecute	'prɒsikju:t	vt. 告发，起诉，彻底进行，执行，从事vi. 告发，起诉，作检察官
choir	'kwaiә	n. 唱诗班，唱诗班的席位v. 合唱
glow	glәu	n. 赤热，光辉，热情，热烈，红光vi. 发红光，红光焕发，发热，洋溢，激动
embody	im'bɒdi	vt. 具体表达，使具体化[经] 合并，具体化，具体表现
precedent	'presidәnt	n. 先例，前例a. 在先的，在前的
integral	'intigrәl	n. 整体，积分，整数a. 固有的，整体的，整数的，积分的[计] 积分
fake	feik	n. 假货，欺骗，诡计a. 假的vt. 假造，仿造vi. 伪装
hydrogen	'haidrәdʒәn	n. 氢[化] 氢H-2
organizer	'ɒ:gәnaizә	n. 组织者，编制者，创立者，组织导体[医] 组织导体，机化中心（胚）
inhibit	in'hibit	vt. 禁止，抑制vi. 起抑制作用
inability	.inә'biliti	n. 无能，无力
mandatory	'mændәtәri	a. 命令的，托管的[经] 受托者，命令者
adverse	'ædvә:s	a. 不利的，敌对的，相反的，逆的[法] 相反的，敌对的，逆的
valve	vælv	n. 活瓣，阀，活门v. 装阀，用阀调节
junk	dʒʌŋk	n. 垃圾，乌七八糟的东西，舢板[计] 清除
fury	'fjuri	n. 愤怒，狂暴，狂怒的人[医] 狂乱，狂暴，狂怒
differentiate	.difә'renʃieit	v. 区别，区分
warming	'wɔ:miŋ	n. 暖和，加温，暖热，温暖，（非正式）打，鞭打
curl	kә:l	n. 拳曲，鬈发vt. 弄卷vi. 拳曲，弯曲
compatible	kәm'pætәbl	a. 能共处的，可并立的，适合的[计] 相容的; 兼容的
corpse	kɒ:ps	n. 尸体[医] 尸体
torch	tɒ:tʃ	n. 火把，启发之物[化] 火炬
kidney	'kidni	n. 肾，个性[医] 肾
booklet	'buklit	n. 小册子
literacy	'litәrәsi	n. 读写能力，识字，精通文学
destiny	'destini	n. 命运，定数
solo	'sәulәu	n. 独奏，独唱，单独表演a. 单独的，独奏的，独唱的vi. 放单飞
leak	li:k	n. 漏洞，漏处，漏出，泄漏vi. 漏，泄漏vt. 使渗漏
fusion	'fju:ʒәn	n. 熔合物，结合，熔合[化] 熔融; 熔化; 聚变
maid	meid	n. 少女，未婚女子，女仆
corps	kɒ:	n. 军，队，部队，兵种[医] 对，团; 体，物体
herd	hә:d	n. 兽群，人群，牧人vt. 群集，使成群，放牧vi. 聚在一起
tariff	'tærif	n. 关税，关税表，价格表，收费表vt. 课以关税[计] 价目表
subjective	sәb'dʒektiv	a. 主观的，个人的[医] 主观的，自觉的
census	'sensәs	n. 户口普查vt. 实施统计调查
snack	snæk	n. 小吃，点心，快餐vi. 吃零食，吃快餐
ending	'endiŋ	n. 终止，终了，收场[医] 末梢
stride	straid	n. 大步，步幅，步态，进步v. 迈大步走，跨过，跨
synthesis	'sinθisis	n. 综合，组织，综合体[化] 合成
gasp	gæsp	n. 喘气vi. 喘气，喘息，渴望vt. 气喘吁吁地说
pledge	pledʒ	n. 诺言，保证，誓言，抵押，信物，保人，祝愿vt. 许诺，保证，使发誓，抵押，典当，举杯祝……健康
infect	in'fekt	vt. 传染，感染[医] 传染，感染
locomotive	.lәukә'mәutiv	n. 火车头，机车a. 运转的，火车头的，移动的
backward	'bækwәd	adv. 向后地，相反地a. 向后的，相反的[计] 倒推
yarn	jɑ:n	n. 纱，纱线，故事[化] 纱
appetite	'æpitait	n. 食欲，欲望，爱好[医] 食欲
shiver	'ʃivә	vi. 颤抖，哆嗦，被打碎vt. 使迎风飘动，粉碎n. 战栗，碎块
offend	ә'fend	v. 犯罪，冒犯，违反，进攻
mosaic	mәu'zeiik	n. 马赛克，镶嵌细工，镶嵌工艺a. 马赛克的，镶嵌细工的，拼花的vt. 用镶嵌细工装饰[计] Mosaic浏览程序
mammal	mæmәl	n. 哺乳动物[化] 哺乳动物
spatial	'speiʃәl	a. 空间的，受空间条件限制的，占地位的[医] 隙的，间隙的，腔的; 空间的，立体的
comet	'kɒmit	n. 彗星
bleed	bli:d	vi. 流血，悲痛，渗出vt. 使出血，榨取
cocktail	'kɒkteil	n. 鸡尾酒，开味品a. 鸡尾酒会的
enzyme	'enzaim	n. 酶[化] 酶
choke	tʃәuk	vt. 窒息，阻塞，噎，抑制vi. 窒息，阻塞，噎n. 窒息，噎，阻气门
ensemble	ɒn'sɒŋblә	n. 全体，合唱曲，（女人的）全套服装[化] 总体; 整体; 系综
pesticide	'pestisaid	n. 杀虫剂[化] 农药
cautious	'kɒ:ʃәs	a. 谨慎的，小心的
rising	'raiziŋ	n. 上升，造反，叛乱a. 上升的，高涨的，新兴的
luxury	'lʌkʃәri	n. 奢侈，豪华a. 奢侈的，豪华的
designate	'dezigneit	vt. 指定，指明，称呼a. 已选出而未上任的
noisy	'nɒizi	a. 嘈杂的，喧闹的[机] 噪声的，嘈杂的
incidentally	.insi'dentәli	adv. 伴随地，偶然，顺便
cassette	kæ'set	n. 盒式磁带，珠宝箱，暗盒[计] 字盒
motel	mәu'tel	n. 汽车旅馆
furnish	'fә:niʃ	vt. 供给，提供，装设[化] 供应; 供给; 配料
confidential	.kɒnfi'denʃәl	a. 机密的，获他人信赖的，易于信任他人的[经] 秘密件
bearing	'bєәriŋ	n. 举止，轴承，忍受，关系，意义，方向，生育[化] 轴承
thorough	'θʌrә	a. 十分的，彻底的
ignorance	'ignәrәns	n. 无知，愚味[法] 无知，不知情，愚昧
juvenile	'dʒu:vinail	n. 少年，少年读物a. 少年的，不成熟的，适于少年的
gown	gaun	n. 睡衣，法衣，大学全体师生vt. 使穿睡衣
courtesy	'kә:tisi	n. 礼貌，谦恭，好意[法] 优待，礼貌，恩惠
correlate	'kɒrәleit	n. 有相互关系的东西，相关物vt. 使有相互关系vi. 相关
lodge	lɒdʒ	n. 小屋，门房，支部，旅舍，分会vi. 临时住宿，倒伏，寄宿，投宿vt. 安顿，容纳，提出，把……射入，存放
torture	'tɒ:tʃә	n. 拷问，苦闷vt. 拷问，曲解，折磨，使弯曲
chorus	'kɒ:rәs	n. 合唱队，齐声v. 齐声说道，合唱
roar	rɒ:	n. 吼，咆哮，轰鸣vi. 吼，大声说出，叫喊，喧闹vt. 呼喊，使轰鸣
glorious	'glɒ:riәs	a. 光荣的
comic	'kɒmik	n. 连环漫画，喜剧演员，滑稽的人a. 滑稽的，有趣的，喜剧的
fountain	'fauntin	n. 水源，源，喷泉，泉水，本源[医] 泉
revenge	ri'vendʒ	n. 报仇，复仇，报复vt. 报仇，报复
underground	'ʌndәgraund	n. 地下，地铁，地道，秘密活动a. 地下的，秘密的adv. 在地下，秘密地
sour	'sauә	a. 酸的，酸臭的，发酵的，愠怒的，讨厌的，拙劣的，不健全的vi. 变酸，发酵，厌烦，变坏vt. 使变酸，使失望n. 酸味，酸饮料
passport	'pæspɒ:t	n. 护照，手段，通行证[法] 通行证，护照
lure	luә	n. 饵，诱惑vt. 引诱，诱惑
coherent	kәu'hiәrәnt	a. 互相耦合的，清晰的，明了的，凝聚性的，连贯的
erupt	i'rʌpt	vi. 爆发vt. 喷出
terminate	'tә:mineit	a. 有结尾的，（可）结束的vi. 结束，终止，满期vt. 使停止，使结束，使终止[计] 终止
ashamed	ә'ʃeimd	a. 惭愧的，羞耻的
loom	lu:m	n. 织布机，若隐若现的景象vi. 朦胧地出现，隐约可见，可怕地出现
repetition	.repi'tiʃәn	n. 重复，背诵，循环，复制品，副本[机] 重复，反复
triangle	'traiæŋgl	n. 三角形，三个一组，三角关系[医] 三角，三角形
cane	kein	n. 手杖，细长的茎，藤条vt. 以杖击，以藤编制
nuisance	'nju:sns	n. 讨厌的东西，讨厌的人，损害[医] 损害，讨厌
inflict	in'flikt	vt. 施以，加害，使承受[法] 处，加，予以
forge	fɒ:dʒ	n. 熔炉，铁工厂vt. 打制，锻造，伪造vi. 锻造，伪造
disrupt	dis'rʌpt	a. 分裂的，中断的vt. 使分裂，使瓦解
breakthrough	'breikθru:	n. 突破[经] 突破，新发现，新进展
liaison	li:'eizɒn	n. 联络
apparatus	.æpә'reitәs	n. 装置，器具，器官[化] 仪器; 器械
wicked	'wikid	a. 坏的，邪恶的，缺德的，刻毒的，恶劣的，淘气的
postpone	pәust'pәun	vt. 延迟，使延期，缓办，搁延vi. 延缓，延缓发作
gradual	'grædʒuәl	a. 逐渐的，渐增的n. 弥撒升阶圣歌
banner	'bænә	n. 旗帜a. 显著的，特别好的
flock	flɒk	n. 兽群，鸟群，一群人，大量，棉束vi. 成群而行，聚集vt. 用棉束填满
pier	piә	n. 码头，桥墩，支框，防波堤[医] 桥基，基牙
grim	grim	a. 冷酷的，坚强的，残忍的，可怕的，讨厌的
bead	bi:d	n. 珠子，滴vt. 用珠装饰vi. 形成珠[计] 珠
drought	draut	n. 干旱，缺乏
arbitrary	'ɑ:bitrәri	a. 任意的，武断的，专治的，霸道的
uphold	ʌp'hәuld	vt. 支撑，赞成，鼓励，举起，坚持[法] 确认，赞成，支持
formidable	'fɒ:midәbl	a. 巨大的，优秀的，可怕的，艰难的
hazardous	'hæzәdәs	a. 危险的，冒险的，碰运气的[法] 危险的，冒险的，碰运气的
clarity	'klærәti	n. 清楚，明晰[化] 透明度; 透明性; 清晰性
dressing	'dresiŋ	n. 调味品，穿衣，化妆[化] 追肥
renewal	ri'nju:әl	n. 更新，革新，复兴，恢复，修补，补充，继续，重订，重申，续借[经] 更新，换新，重申
grind	graind	n. 磨，碾，苦差，摩擦声，用功的学生vt. 磨擦，磨碎，磨光，折磨，压榨vi. 磨，磨碎，苦干
insure	in'ʃuә	vt. 保险，确保vi. 投保
graphic	'græfik	a. 生动的，轮廓分明的，绘画似的，图解的[计] 图形的
descent	di'sent	n. 降落，家系，侵袭，血统[医] 下降，世代，血统
deficiency	di'fiʃәnsi	n. 缺乏，不足[医] 缺乏，不足
transplant	træns'plɑ:nt	vt. 使移居，移植，使迁移vi. 移居，耐移植n. 移居者，移植
explosive	ik'splәusiv	n. 炸药，爆破音a. 易爆发的，爆炸的，暴躁的
illuminate	i'lju:mineit	vt. 照明，用灯装饰，阐明，说明，使灿烂vi. 照亮，用灯装饰
adjacent	ә'dʒeisәnt	a. 毗连的，邻近的，连接的[机] 相邻的，邻位的，交界的
analogy	ә'nælәdʒi	n. 相似，类似[计] 模拟
grill	gril	n. 烤架，铁格子，烤肉v. 烧，烤，严加盘问，给……装栅栏
flaw	flɒ:	n. 缺点，裂纹，瑕疵，一阵狂风[化] 划痕; 裂缝; 裂纹
locality	lәu'kæliti	n. 地方，所在，位置[法] 位置，场所，地区
optimism	'ɒptimizm	n. 乐观主义，乐观，乐天[医] 乐观主义，乐观
balcony	'bælkәni	n. 阳台，戏院楼厅
burial	'beriәl	n. 埋葬，葬礼[法] 埋葬，葬礼
posture	'pɒstʃә	n. 姿势，态度，情形，形势vt. 作……的姿势vi. 作姿势
ambiguity	.æmbi'gju:iti	n. 不明确，含糊[计] 二义性; 多义性
rehearsal	ri'hә:sl	n. 预演，排演，练习，叙述，复述[法] 详述，列举事实，复述
solidarity	.sɒli'dæriti	n. 团结，团结一致，共同一致[法] 团结，共同责任
flush	flʌʃ	n. 流溢，面红，旺盛，发烧，惊飞的鸟，同花牌a. 丰足的，齐平的，满盈的，泛滥的adv. 齐平地，直接地vi. 脸发红，奔涌，旺盛，惊飞vt. 淹没，冲洗，使脸红，使激动，使齐平，使惊飞
discard	dis'kɑ:d	vt. 丢弃，抛弃vi. 垫牌n. 垫牌，抛弃
reservoir	'rezәvwɑ:	n. 贮水池，贮藏处，贮备，水库vt. 储藏
wardrobe	'wɒ:drәub	n. 衣橱，衣室，全部衣服
abundance	ә'bʌndәns	n. 丰富，充足，大量[经] 丰富，充裕
renaissance	ri'neisәns	n. 复活，复兴，文艺复兴a. 文艺复兴的
psychiatric	saiki'ætrik; (?@) si-	a. 精神病学的，医精神病的[医] 精神病学的
attendant	ә'tendәnt	n. 随从，侍者，出席者a. 侍候的，伴随的，出席的，在场的
assassination	ә.sæsi'neiʃәn	n. 暗杀[法] 暗杀，行刺
geographic	,dʒiә'^ræfik	a. 地理（学）的，地区（性）的
portable	'pɒ:tәbl	a. 可携带的，可搬运的，可移动的[计] 可移植的
shatter	'ʃætә	n. 碎片，粉碎，落叶，喷洒vt. 打碎，使散开，粉碎，破坏vi. 粉碎，损坏，脱落
fridge	fridʒ	n. 电冰箱
startle	'stɑ:tl	n. 惊愕，惊恐vt. 吃惊，使惊愕vi. 惊起
gorgeous	'gɒ:dʒәs	a. 华丽的，灿烂的
variant	'vєәriәnt	n. 变体，异体a. 不同的，有差别的[计] 变体型
tease	ti:z	n. 揶揄，戏弄，逗惹vt. 戏弄，取笑，强求，梳理，使起毛
waiter	'weitә	n. 侍者
vow	vau	n. 誓约，誓言，许愿vi. 起誓，发誓，郑重宣言vt. 立誓，起誓要，郑重地宣布
semester	si'mestә	n. 学期
jam	dʒæm	n. 果酱，拥塞之物，堵塞，困境vt. 挤进，使塞满，混杂，压碎，使堵塞vi. 堵塞，轧住，拥挤
tumble	tʌmbl	n. 跌倒，摔跤，翻斤斗vi. 翻倒，摔倒，倒塌，滚动，翻斤斗，仓促地行动vt. 使摔倒，使滚翻，弄乱
rotate	'rәuteit	a. 辐状的vt. 使旋转，使转动，使轮流vi. 旋转，循环[计] 旋转
decree	di'kri:	n. 法令，判决，天意vt. 颁布，判决vi. 发布命令
athens	'æθәns	n. 雅典（希腊首都）
spotlight	'spɒtlait	n. 照明灯，反光灯，聚光灯
scrape	skreip	n. 刮，擦，挖，擦痕，刮擦声，困境vi. 刮掉，擦掉，刮出刺耳声vt. 刮，擦，擦伤，挖成，积蓄
exclaim	iks'kleim	v. 大叫，呼喊，大声叫
optical	'ɒptikl	a. 眼睛的，视觉的，光学的[机] 光学上的，光学的
bump	bʌmp	n. 撞击，肿块vt. 碰撞vi. 撞，颠簸而行
aggregate	'ægrigәt	n. 合计，总计，聚集体a. 合计的，聚集的v. 聚集，集合，合计达[计] 聚合体; 聚集
glare	glєә	n. 闪耀光，刺眼vi. 发眩光，瞪视vt. 瞪眼表示
sediment	'sedimәnt	n. 沉淀物，沉积[化] 沉降物; 沉积物
egyptian	i'dʒipʃәn	n. 埃及人a. 埃及的，埃及人的
visa	'vi:zә	n. 签证vt. 签发
coincidence	kәu'insidәns	n. 巧合，同时发生[电] 符合计数器
overhead	'әuvәhed	n. 经常开支，普通用费，天花板a. 在头上的，高架的adv. 在头顶上，在空中，在高处，从头到脚全部没入地[计] 总开销; 额外开销
demolish	di'mɒliʃ	vt. 毁坏，破坏，粉碎
nurture	'nә:tʃә	n. 养育，营养物，培育vt. 养育，供给营养物，教养
scrap	skræp	n. 碎片，残余物，些微，片断，铁屑，吵架vt. 扔弃，敲碎，拆毁vi. 互相殴打a. 零碎拼凑成的，废弃的
vivid	'vivid	a. 生动的，鲜明的，鲜艳的，活泼的，逼真的，清晰的
warden	'wɒ:dn	n. 典狱官，渔猎法监督官，看守人[法] 看守人，监护人，管理员
indulge	in'dʌldʒ	vt. 纵情于，使高兴，放任，迁就vi. 沉溺
disguise	dis'gaiz	n. 假面目，假装vt. 假装，隐瞒
flourish	'flʌriʃ	vi. 繁荣，茂盛，活跃，手舞足蹈vt. 挥舞，夸耀n. 挥舞，炫耀，茂盛，兴旺，华丽词藻
underneath	.ʌndә'ni:θ	adv. 在下面prep. 在……的下面
spider	'spaidә	n. 蜘蛛，设圈套者[化] 星形轮
batch	bætʃ	n. 一次所烘的面包，一次所制之量，一组，批，成批，分批v. 成批，分批处理[计] 一批
obsession	әb'seʃәn	n. 困扰，困扰人的情绪[医] 强迫观念
vigorous	'vigәrәs	a. 精力充沛的，元气旺盛的，茁壮的，有力的
pillar	'pilә	n. 柱子，栋梁，台柱，重要的支持者[医] 柱，脚
nutrition	nju:'triʃәn	n. 营养，营养学[医] 营养，营养品
obscure	әb'skjuә	a. 模糊的，昏暗的，难解的，晦涩的，偏僻的，微贱的，无名的vt. 使变暗，隐藏，使变模糊，使难解
melody	'melәdi	n. 曲子，美妙音乐，曲调
restrain	ri'strein	vt. 抑制，阻止，束缚[法] 抑制，遏制，制止
paradise	'pærәdais	n. 天堂，乐园，伊甸园
duly	'dju:li	adv. 恰当地，充分地，适当地，及时地
cultivate	'kʌltiveit	vt. 培养，耕作
agony	'ægәni	n. 极大的痛苦，挣扎[医] 濒死苦闷; 剧痛
inject	in'dʒekt	vt. 注射，注入，使入轨[医] 注射
microphone	'maikrәfәun	n. 扩音器，麦克风[医] 扩音器，传声器
bracket	'brækit	n. 支架，括弧，托架vt. 装托架，括入括弧[计] 方括号; 括号
meadow	'medәu	n. 草地，牧场
defy	di'fai	vt. 藐视，挑衅，使落空n. 挑战
plug	plʌg	n. 塞子，栓，插头vt. 插入，塞住，接插头vi. 被塞住
reconcile	'rekәnsail	vt. 使和解，调停，使和谐，使一致，使听从[经] 对帐，使一致
uneasy	.ʌn'i:zi	a. 心神不安的，不自在的，不稳定的，不舒服的
accord	ә'kɒ:d	n. 一致，调和，协定vt. 给与，使一致vi. 相符合
heap	hi:p	n. 堆，许多，累积vt. 堆积，装满[计] 堆
axis	'æksis	n. 轴[计] 坐标轴
bundle	'bʌndl	n. 捆，束vt. 包扎，胡乱塞进vi. 匆忙离开
spontaneous	spɒn'teiniәs	a. 自然的，自发的，未经琢磨的[医] 自发的，特发的，自生的
suitcase	'sju:tkeis	n. 手提箱
clearance	'kliәrәns	n. 清除，间隙[化] 间隙; 空隙
picnic	'piknik	n. 野餐，远足，愉快的经历vi. 去野餐，远足
mighty	'maiti	n. 有势力的人a. 有势力的，强大的，有力的adv. 很，极
feast	fi:st	n. 宴会，酒席，享受，节日vt. 款待，享乐，请客vi. 参加宴会，尽情地吃，享受
eternal	i'tә:nl	a. 永恒的，永远的，不灭的
mould	mәuld	n. 模子，模制品，松软沃土，霉vt. 形成，浇铸，用泥土覆盖vi. 发霉
dairy	'dєәri	n. 牛奶公司，乳品店，乳牛场
collision	kә'liʒәn	n. 碰撞，冲突，抵触[计] 冲突
dash	dæʃ	n. 冲撞，破折号，短跑vi. 猛冲，冲撞vt. 泼溅，使猛撞，搀和，使破灭，使沮丧
clan	klæn	n. 氏族，宗族，集团[医] 支
hop	hɒp	n. 单脚跳，跳跃，舞会，飞行vi. 单脚跳，跳跃vt. 跃过，跳上，加蛇麻子于，服麻醉药[计] 跳跃式传输
instrumental	.instru'mentәl	a. 仪器的，器具的，可作为手段的[医] 器械的
imaginative	i'mædʒinәtiv	a. 想像的，虚构的
outset	'autset	n. 着手，开头，最初
prestige	pre'sti:ʒ	n. 声望，威望，威信[经] 商誉，声誉
crust	krʌst	n. 外壳，坚硬外皮，面包皮vt. 盖以硬皮vi. 结硬皮
flu	flu:	n. 流感，流行性感冒
notify	'nәutifai	vt. 通知，通告，报告[计] 通知
millennium	mi'leniәm	n. 千禧年，一千年
mosquito	mә'ski:tәu	n. 蚊子[医] 蚊
applied	ә'plaid	a. 应用的[机] 应用的; 应用，申请
pottery	'pɒtәri	n. 陶器，陶器厂[化] 陶器
nationality	.næʃә'nælәti	n. 国籍，国家，民族性[法] 国家，民族，国民
trench	trentʃ	n. 渠，沟渠，战壕vt. 在……开沟，挖战壕于，用战壕围住vi. 挖战壕，开沟
thoughtful	'θɒ:tful	a. 深思的，体贴的
absurd	әb'sә:d	a. 荒谬的，不合理的，可笑的n. 荒诞
linen	'linin	n. 亚麻布，亚麻线，亚麻制品a. 亚麻布制的，亚麻的
constrain	kәn'strein	vt. 强迫，限制，关押
optional	'ɒpʃәnl	a. 可选择的，随意的[化] 选购的
jealous	'dʒelәs	a. 嫉妒的，羡慕的，留心的，戒备的
haven	'heivn	n. 港，避难所，安息所vt. 安置……于港中，庇护，入港
offset	'ɒ:fset	n. 抵消，把……并列，旁系，支管，用胶印法印vt. 弥补，抵消，胶印vi. 装支管n. 偏移量[计] 偏移量
jerk	dʒә:k	n. 性情古怪的人，急拉，肌肉抽搐，牛肉干vi. 痉挛，急拉，急推vt. 猛拉
complement	'kɒmplimәnt	n. 补足物，补语，补数vt. 补充，补足[计] 补码; 反相器; 补数
recreation	.rekri'eiʃәn	n. 娱乐，消遣，休息，再创造[医] 娱乐，休养
liquor	'likә	n. 酒，液体，汁，溶液vt. 浸水vi. 喝酒
affirm	ә'fә:m	v. 断言，确认
sailing	'seiliŋ	n. 航行，航海术，启航a. 航行的
span	spæn	n. 指距，全长，跨距，一段时间，小范围vt. 以手指测量，跨越，架设，持续
drainage	'dreinidʒ	n. 排水[医] 引流[法], 导液[法], 排水[设备]
mills		n. 米尔斯（人名）
linger	'liŋgә	vi. 逗留，消磨，徘徊vt. 消磨
applaud	ә'plɒ:d	v. 拍手喝彩，称赞，赞同
stabilize	'steibilaiz	vt. 使安定，使稳固vi. 稳定，安定
cube	kju:b	n. 立方体，立方[机] 立方体，立方
harbor	'hɑ:bә	n. 港，避难所v. 庇护，藏匿，（使）入港停泊
sydney	'sidni	n. 悉尼（澳大利亚港市）
offspring	'ɒ:fspriŋ	n. 子孙，后代，产物[法] 后辈，子孙，后裔
guild	gild	n. 团体，协会，行业协会[经] 同业公会
dim	dim	a. 暗淡的，模糊的vt. 使暗淡[计] 数据解释模块
catering	'keitәriŋ	n. 给养；承办酒席；[医]提供饮食及服务
plantation	plæn'teiʃәn	n. 种植园，大农场，植树造林，新开垦地[医] 栽植（如牙或其他组织的植入、再植和移植）
predictable	pri'diktәbl	a. 可预言的
antique	æn'ti:k	n. 古董，古物a. 古老的，古风的，旧式的，过时的
pasture	'pæstʃә	n. 牧场，草地，牧草vt. 放牧vi. 吃草
bulletin	'bulitin	n. 公告，布告，公报[电] 电子布告栏
toast	tәust	n. 吐司，烤面包，干杯vt. 敬酒，烤，使暖和vi. 烤，烘
cough	kɒf	n. 咳嗽vi. 咳嗽vt. 咳出
fabulous	'fæbjulәs	a. 传说的，寓言般的，难以置信的
intersection	.intә'sekʃәn	n. 交集，十字路口，交叉点[计] 逻辑乘; 与
curse	kә:s	n. 咒骂，诅咒vt. 诅咒，咒骂
freight	'freit	n. 船货，运费，货运vt. 装货，使充满，以货运运送，租（或出租）（船等）
asylum	ә'sailәm	n. 庇护，收容所[医] 养育院
erase	i'reis	vt. 抹去，擦掉[计] 清洗; 擦除; 抹除; DOS内部命令:从磁盘上删除一个或多个文件
disco	'diskәu	n. 夜总会，迪斯科，的士高
stain	stein	n. 污染，污点，着色剂vt. 沾染，染污，着色vi. 变脏
shave	ʃeiv	n. 修面，刮胡子，幸免，剃刀vt. 修面，剃，修剪，掠过vi. 刮脸，勉强通过
chord	kɒ:d	n. 弦，和音[医] 索，带
wetland	'wetlænd	n. 湿地，沼泽地[经] 湿地
playground	'pleigraund	n. 运动场，操场，度假胜地，活动场所
delete	di'li:t	vt. 删除[计] 删除
recycle	.ri:'saikl	vt. 使再循环，重新利用，再制n. 再循环
harmful	'hɑ:mful	a. 有害的，伤害的
symphony	'simfәni	n. 交响乐，交响曲
tuition	tju:'iʃәn	n. 学费，讲授
destructive	di'strʌktiv	a. 毁灭性的，破坏的，有害的[医] 破坏的，毁坏的
sleeping	'sli:piŋ	n. 睡眠a. 睡着的
terrify	'terifai	vt. 使恐惧，恐吓
supplementary	.sʌpli'mentәri	a. 补足的，补充的，追加的[经] 追加的，补充的，增补的
vegetation	.vedʒi'teiʃәn	n. 植物[医] 贽生物，贽疣，增殖体; 生长，增殖
monarchy	'mɒnәki	n. 君主政体，君主国，君主政治[法] 君主政体，君主制度，君主国
bark	bɑ:k	n. 树皮，吠声vi. 吠，叫骂vt. 喊出，剥树皮
fascinate	'fæsineit	vt. 令人入神，使着迷vi. 入迷
default	di'fɒ:lt	n. 违约，不履行责任，缺席，默认值v. 疏怠职责，缺席，拖欠，默认[计] 默认; 默认值; 缺省值
cafe	kɑ:'fei	n. 咖啡馆，酒店
corrupt	kә'rʌpt	a. 腐败的，贪污的，讹误充斥的vt. 使腐烂，腐蚀，使恶化vi. 腐烂，堕落
hemisphere	'hemisfiә	n. 半球，地球的半面，大脑半球[医] 半球
nucleus	'nju:kliәs	n. 核心，核子，原子核，起点[计] 核心程序
thrill	θril	n. 震颤，激动，刺激性，一阵激动vi. 震颤，颤抖，激动vt. 使激动，使颤动
vocational	vәu'keiʃәnl	a. 职业的[法] 职业上的，天职的
nitrogen	'naitrәdʒәn	n. 氮[化] 氮N-2
transparent	træns'pærәnt	a. 透明的，显然的，清晰的[计] 透明
forestry	'fɒristri	n. 林学，森林地[法] 林地，林学，林业
velocity	vi'lɒsәti	n. 速度，迅速[化] 速度
easter	'i:stә	n. 复活节
aviation	.eivi'eiʃәn	n. 航空，航空学，飞行术[法] 航空，飞行，飞行术
voltage	'vәultidʒ	n. 电压，伏特数[化] 电压
lender	'lendә	n. 出借人，贷方[经] 出借者，贷方，贷款人
strap	stræp	n. 带，皮带vt. （用皮带）捆扎
aquarium	ә'kwєәriәm	n. 水族馆，养鱼池，水草缸[医] 培养缸
secretion	si'kri:ʃәn	n. 分泌，分泌物，分泌液，隐蔽[医] 分泌; 分泌物
intensify	in'tensifai	vt. 加强vi. 强化
arc	ɑ:k	n. 弧，弧形，弓形，弧光[化] 弧
sway	swei	n. 摇摆，影响力，支配vt. 摇动，支配，弄歪，使倾斜，使动摇，影响vi. 摇动，摇摆，倾斜，动摇，统治，转向
vicious	'viʃәs	a. 邪恶的，堕落的，品性不端的，恶毒的，恶性的，有错误的[医] 缺点的，恶的
exaggerate	ig'zædʒәreit	v. 夸大，夸张
manifest	'mænifest	n. 载货单，运货单，旅客名单a. 显然的，明白的vi. 显示，出现vt. 表明，表现，证明
overtake	.әuvә'teik	vt. 赶上，突然降临于，压倒，代替
distort	dis'tɒ:t	vt. 扭曲，歪曲[法] 歪区，曲解，纂改
lick	lik	n. 舔，少许，打vt. 舔，卷过，鞭打vi. 轻轻拍打
trivial	'tiviәl	a. 琐碎的，不重要的，轻微的，平常的
resent	ri'zent	vt. 愤恨，憎恶，怨恨
idiot	'idiәt	n. 白痴，极蠢之人[医] 白痴者，痴子
precaution	pri'kɒ:ʃәn	n. 预防，留心，警戒vt. 预先警告
skeleton	'skelәtn	n. 骨骼，骨瘦如柴的人，梗概，骨干，残骸a. 骨骼的，概略的，基层的，骨干的[计] 骨架
bleak	bli:k	a. 萧瑟的，荒凉的，阴冷的
artery	'ɑ:tәri	n. 动脉，干道，要道[医] 动脉
inferior	in'fiәriә	a. 次等的，较差的，下方的，下级的n. 部下，次品，下标（符号）
humble	'hʌmbl	a. 低下的，谦逊的，粗陋的vt. 使……卑下，降低……地位，贬抑
audio	'ɒ:diou	a. 音频的，声音的[电] 声频
deter	di'tә:	vt. 制止，吓住，威慑
tick	tik	n. 滴答声，一瞬间，壁虱，褥套，信用，赊欠vi. 滴答响，活动vt. 滴答地记录，标记号于
swift	swift	n. 褐雨燕，快速爬行的小蜥蜴，蝙蝠蛾，大滚筒a. 迅速的，快的，敏捷的，立刻的adv. 迅速地，敏捷地
cosmic	'kɒzmik	a. 宇宙的，宇宙航行的，无限的，有秩序的[医] 宇宙的
handy	'hændi	a. 便利的，敏捷的，容易取得的[化] 便于使用的; 易操作的
disperse	dis'pә:s	vt. 分散，传播，散开vi. 分散a. 分散的[计] 分散
ponder	'pɒndә	v. 沉思，考虑
denounce	di'nauns	vt. 告发，抨击，谴责[法] 谴责，斥责，告发
ascertain	.æsә'tein	vt. 确定，查明[法] 查明，弄清，确定
expel	ik'spel	vt. 驱逐，逐出，排出，开除[医] 排除，迫出
credible	'kredәbl	a. 可信的，可靠的[法] 可信的，可靠的
pedestrian	pә'destriәn	n. 行人，步行者a. 人行的，徒步的，呆板的，通俗的，平淡无奇的
recycling		[电] 再循环
hobby	'hɒbi	n. 嗜好，癖好，爱好
wary	'wєәri	a. 谨慎的，小心的，机警的，周到的，唯恐的
signify	'signifai	vt. 象征，预示vi. 要紧，重要
embed	im'bed	vt. 使插入，使嵌入，使深留脑中[计] 嵌入
decay	di'kei	n. 衰退，腐败v. （使）衰退，（使）腐败
cereal	'siәriәl	n. 谷类食品，谷类植物a. 谷类的
wording	'wә:diŋ	n. 用词，措词
notorious	nәu'tɒ:riәs	a. 声名狼藉的，臭名昭著的，众人皆知的
elevate	'eliveit	vt. 举起，提拔，鼓舞
doubtless	'dautlis	a. 无疑的，确定的adv. 无疑地，确定地
lottery	'lɒtәri	n. 奖券，彩票，运气[经] 抽彩给奖法
chore	tʃɒ:	n. 零工，家务[经] 零工
cellar	'selә	n. 地窖，地下室，藏酒
marks		n. 标记，记号；唛头，分数；台面标志
appliance	ә'plaiәns	n. 器械，用具，应用[医] 矫正器; 器
circus	'sә:kәs	n. 马戏团，马戏，竞技场
infinite	'infinit	n. 无限，神a. 无穷的，无限的，极大的
gauge	geidʒ	n. 标准度量，计量器vt. 精确计量，估计[计] 线规
plaster	'plæstә	n. 石膏，灰泥，安慰（缓解）用品，膏药vt. 涂以灰泥，敷以膏药，掩饰，使平服，彻底击败，减轻，粘贴
gossip	'gɒsip	n. 闲聊，随笔，流言，爱讲闲话的人vi. 说闲话，闲聊
apprentice	ә'prentis	n. 学徒，生手vt. 使做学徒
inhabit	in'hæbit	vt. 居住于，占据，栖息
hospitality	.hɒspi'tæliti	n. 款待，亲切，殷勤
dentist	'dentist	n. 牙科医生[医] 牙医师
excerpt	'eksә:pt	n. 摘录v. 引用，摘录
detain	di'tein	vt. 扣留，扣押，耽搁[法] 拘留，扣押，留住
motorcycle	'mәutәsaikl	n. 摩托车[机] 机动车，机踏车，摩托车
armour	'ɑ:mә	n. 甲胄，装甲，潜水服
solitary	'sɒlitәri	n. 独居者a. 孤独的，独居的
dub	dʌb	vt. 配音，轻点，授予称号，击n. 一下击鼓声，笨蛋
trolley	'trɒli	n. 电车，手推车，台车vt. 用手推车运vi. 乘电车
slogan	'slәugәn	n. 呐喊声，标语，口号
outrageous	aut'reidʒәs	a. 暴虐的，极无礼的，可恶的
nominal	'nɒminl	a. 名义上的，名字的，有名无实的，稍许的n. 名词性词
tract	trækt	n. 大片土地，地带，小册子[医] 束，道
disposition	.dispә'ziʃәn	n. 性情，处置，处理，布置[医] 素因，性情
siege	si:dʒ	n. 包围，围攻，再三的努力vt. 包围，围攻
addict	ә'dikt	vt. 使沉溺，使上瘾n. 入迷的人，上瘾者
cushion	'kuʃәn	n. 垫子，橡皮软垫vt. 加垫褥，缓冲，掩盖
dial	'daiәl	n. 刻度盘，钟面，转盘v. 拨
bacon	'beikәn	n. 熏猪肉[机] 腌肉
hail	heil	n. 冰雹，致敬，欢呼，招呼vt. 向……欢呼，致敬，招呼，使象下雹样落下vi. 招呼，下雹interj. 万岁，欢迎
slab	slæb	n. 平板，厚片vt. 切成厚板，以平板盖上
arctic	'ɑ:ktik	a. 北极的，极寒的n. 北极圈，北极
zoo	zu:	n. 动物园
compartment	kәm'pɑ:tmәnt	n. 分隔间，卧车包房，防水舱隔[医] 隔室，隔间
kindergarten	'kindә.gɑ:tn	n. 幼稚园
fracture	'fræktʃә	n. 破碎，骨折v. （使）破碎，（使）破裂
unrest	.ʌn'rest	n. 不安的状态，动荡的局面[医] 不安
consolidate	kәn'sɒlideit	vt. 巩固，使联合，统一vi. 巩固[计] 合并计算
shrub	ʃrʌb	n. 矮树，灌木，果汁甜酒
livestock	'laivstɒk	n. 家畜[经] 牲畜，家畜
denote	di'nәut	vt. 指示，表示
imitate	'imiteit	vt. 模仿，效法，冒充，仿造
fellowship	'felәuʃip	n. 伙伴关系，共同参与，团体，奖学金，友谊[经] 合伙关系，研究员薪金，研究员基金
velvet	'velvit	n. 天鹅绒a. 天鹅绒的
stereo	'stiәriәu	n. 铅版，立体照片a. 立体的，立体感觉的
lethal	'li:θәl	a. 致命的n. 致死因子
voucher	'vautʃә	n. 证人，保证人，证明者，凭证，凭单vt. 证实……的可靠性
provisional	prә'viʒәnl	a. 暂时的，暂定的，临时的[医] 临时的
swirl	swә:l	n. 漩涡，涡动vt. 使成漩涡vi. 打漩，盘绕，眩晕
departmental	.di:pɑ:t'mentәl	a. 部门的，各部的，分科的
distraction	dis'trækʃәn	n. 娱乐，分心的事物，分心[医] 注意力分散，内脱位，牙弓过宽
roam	rәum	v. 漫游，闲逛，徜徉n. 漫步，漫游
foam	fәum	n. 泡沫，水沫，泡沫材料vi. 起泡沫，吐白沫vt. 使起泡沫
blonde	blɔnd	a. （头发）亚麻色的，淡色的，白肤金发碧眼的，白里透红的，白皙的，淡黄色的n. 肤色白皙的金发女人
bald	bɒ:ld	a. 秃头的，光秃的，单调的，赤裸的vi. 变秃
solvent	'sɒlvәnt	n. 溶剂a. 有偿付能力的，有溶解力的
anticipation	æn.tisi'peiʃәn	n. 预期，预料[医] 提前出现（如遗传病）
fixture	'fikstʃә	n. 固定（状态）, 固定物，设备[计] 夹具
crisp	krisp	a. 脆的，新鲜的，活泼的v. （使）烘脆，（使）拳曲，（使）起皱n. 松脆物
subordinate	sә'bɒ:dnit	n. 属下，附属物a. 下级的，次要的，附属的vt. 使居下位，使服从
transcript	'trænskript	n. 抄本，副本，成绩单[法] 法院文本，官方记录，记录的副本
groan	grәun	n. 呻吟，叹息vi. 呻吟，抱怨，受压迫vt. 呻吟地说
tug	tʌg	n. 用力拉，拖曳，苦干，挣扎，绳索v. 用力拉
turning	'tә:niŋ	n. 旋转，转弯处，车削工作[化] 车削
saddle	'sædl	n. 鞍，马鞍，车座，鞍状物vt. 装以马鞍，使负担vi. 跨上马鞍
dwarf	dwɒ:f	n. 矮子，侏儒v. （使）变矮小
preceding	.pri:'si:diŋ	a. 在前的，前面的[法] 在前的，在先的，前面的
partisan	'pɑ:tizn	n. 党羽，虔诚信徒，同党，游击队员a. 党派的，偏袒的，效忠的，献身的，盲目推崇的
prone	prәun	a. 俯伏的，面向下的，有……倾向的[医] 旋前的，伏的，俯的
hose	hәuz	n. 水管，橡皮软管，长统袜vt. 用水管浇
archaeological	.ɑ:kiә'lɒdʒikl	a. 考古学的，考古学上的
miles		n. 英里（1英里约合1609米，mile的复数形式）
mobilize	'mәubilaiz	vt. 动员，调动，使流通vi. 动员
crouch	'krautʃ	n. 蹲伏，蜷缩vi. 蹲下，蜷着，缩着vt. 低头
poise	pɒiz	n. 平衡，均衡，姿势，镇静，安静，砝码vt. 使平衡，使悬着，保持……姿势vi. 平衡，悬着，准备好
marital	'mæritәl	a. 丈夫的，婚姻的，夫妇间的[医] 婚姻的
odour	'әudә	n. 气味，臭气，香气，味道，迹象，名誉，声誉[医] 气味
wedge	wedʒ	n. 楔子，楔形物，起因，导致分裂的东西vt. 楔住，挤进，楔入vi. 楔入，挤进
diploma	di'plәumә	n. 文凭，毕业证书[医] 文凭
pharmaceutical	,fɑ:mә'sju:tikәl	a. 药学的，制药的，药用的，药物的，药剂师的，药师的n. 药品，成药，药剂
prototype	'prәutәtaip	n. 原型[计] 样机; 原型
emit	i'mit	vt. 发出，放射，发表（意见等）, 散发，发行[化] 放射
quantitative	'kwɒntitәtiv	a. 数量的，定量的[医] 定量的，数量的
ample	'æmpl	a. 大量的，充足的，丰富的
mutation	mju:'teiʃәn	n. 变化，突变，元音变化[化] 突变
stripe	straip	n. 斑纹，条纹[医] 纹，条纹
potent	'pәutnt	a. 有力的，有说服力的，有效的[医] 有力的，有性交能力的
foremost	'fәumәust	a. 最初的，最重要的adv. 在最前
warranty	'wɒ:rәnti	n. 正当理由，授权，担保，保证，根据[经] 保单，担保书，保证书
volcano	vɒl'keinәu	n. 火山
deteriorate	di'tiәriәreit	v. （使）恶化
swamp	swɒmp	n. 沼泽，进退两难的困境vt. 淹没，击溃，清除，使陷于沼泽vi. 陷于沼泽，淹没
steering	'stiәriŋ	n. 掌舵，操纵，指导
matching	'mætʃiŋ	a. 相同的，协调的[计] 匹配，对比
oblige	ә'blaidʒ	vt. 强制，施恩惠于，使感激vi. 施恩惠，帮忙
bait	beit	n. 饵vt. 以饵引诱，欺负vi. 中途休息
sore	sɒ:	a. 悲伤的，痛的，引起痛苦的n. 痛处，溃疡，疮
token	'tәukәn	n. 表征，记号，代币a. 象征的，表意的[计] 记号
oath	әuθ	n. 誓约，誓言，咒骂[法] 誓言，誓约，宣誓
embargo	im'bɑ:gәu	n. 封港令，禁运vt. 禁止出入港口，禁运
cynical	'sinikәl	a. 愤世嫉俗的，讽刺的，冷嘲的
badge	bædʒ	n. 徽章，标记[计] 标记
slate	sleit	n. 板岩，页岩，提名名单，人选，记录，石板a. 石板色的vt. 铺石板，责骂，痛打
foresee	fɒ:'si:	vt. 预见，预知
blur	blә:	vt. 使模糊，弄脏vi. 弄脏，模糊
enrollment	in'rәulmәnt	n. 登记，注册，入伍[经] 登记，注册
gratitude	'grætitju:d	n. 感激之情
altitude	'æltitju:d	n. 高度，海拔，高处[电] 高度
tidy	'taidi	n. 椅子的背罩，装杂物的容器a. 整齐的，有条理的vt. 弄整齐，收拾，整理vi. 整理，收拾
adhere	әd'hiә	vi. 依附，粘着，坚持，追随，拥护vt. 使粘附
invaluable	in'væljuәbl	a. 无价的，价值无法衡量的
shepherd	'ʃepәd	n. 牧羊人，牧羊犬，牧师，保护者vt. 看守，领导，指导，牧羊
waitress	'weitris	n. 女侍者，女服务员
remnant	'remnәnt	n. 剩余，零料，遗迹a. 剩余的，残余的
cement	si'ment	n. 水泥，胶结剂vt. 胶合，用水泥涂vi. 黏牢
recite	ri'sait	v. 背诵，朗读，叙述
petty	'peti	a. 琐碎的，小规模的，小气的，委琐的[经] 小额的，微小的，小规模的
wrestle	'resl	n. 摔跤，角力，扭斗vi. 摔跤，搏斗，斗争，斟酌vt. 与（对手）摔跤
underestimate	.ʌndәr'estimeit	n. 低估vt. 低估，看轻
imminent	'iminәnt	a. 即将来临的，逼近的
dedicated	'dedikeitid	a. 专注的，献身的
advent	'ædvәnt	n. 来到，来临
devastate	'devәsteit	vt. 毁坏[法] 使荒废，毁灭，掠夺
vacancy	'veikәnsi	n. 空，空白，空缺，空虚，空闲[化] 空位
undo	.ʌn'du:	vt. 解开，取消，破坏，毁灭，扰乱vi. 松开[计] 撤消
sceptical	'skeptikl	a. 怀疑论的，怀疑的
robust	rәu'bʌst	a. 健康的，强健的，要用力气的，坚定的，粗野的[计] 健壮性
feasible	'fi:zәbl	a. 能实行的，可行的，适宜的[法] 可行的，可执行的，可完成的
ecology	i:'kɒlәdʒi	n. 生态学，社会生态学[化] 生态学
fuss	fʌs	n. 大惊小怪，小题大作，忙乱vi. 无事自扰，焦急，焦燥，忙乱vt. 使激动，使烦燥
accessory	әk'sesәri	n. 附件，零件，附加物，从犯，同谋a. 附属的，补充的，同谋的，帮凶的，非主要的，副的[计] 附件
blossom	'blɒsәm	n. 花，花开的状态，兴旺期vi. 开花，兴旺，发展
allegiance	ә'li:dʒәns	n. 忠贞，效忠
ambiguous	æm'bigjuәs	a. 不明确的，模棱两可的[法] 意思含糊的，模棱两可的，暧昧的
generic	dʒi'nerik	a. 属类的，一般的[计] 一般的
destine	'destin	vt. 注定，预定
prestigious	pre'stidʒiәs	a. 享有声望的
customary	'kʌstәmәri	a. 习惯的，惯常的[经] 通常的，习惯的
massacre	'mæsәkә	n. 大屠杀vt. 大屠杀，残杀
ditch	ditʃ	n. 沟渠vt. 在……开沟vi. 开沟
onset	'ɒnset	n. 开始，攻击，进攻[医] 起始，开始
whistle	'hwisl	n. 口哨，汽笛，啸啸声，口哨声vi. 吹口哨，鸣汽笛，发嘘嘘声vt. 用口哨或吹哨传意，用口哨演奏
bud	bʌd	n. 芽，花蕾vi. 发芽，萌芽vt. 使发芽
astronomy	ә'strɒnәmi	n. 天文学
escort	'eskɒ:t	n. 护送者，护卫者，护航舰vt. 护卫，护送
superficial	.sju:pә'fiʃәl	n. 表面，外表a. 表面的，肤浅的，面积的
insane	in'sein	a. 患精神病的，极愚蠢的[医] 神经错乱的
plausible	'plɒ:zibl	a. 貌似真实的，貌似合理的，说得煞有其事的[法] 花言巧语的，似乎有理的
scenery	'si:nәri	n. 风景，景色，舞台布景
resemblance	ri'zemblәns	n. 相似处，类似，肖像
ivory	'aivәri	n. 象牙，乳白色a. 象牙制的，乳白色的
hygiene	'haidʒi:n	n. 卫生保健，卫生学，保健法[医] 卫生，卫生学
litter	'litә	n. 垃圾，杂乱，轿，担架vt. 乱丢，铺草，弄乱vi. 产仔，乱丢垃圾
turmoil	'tә:mɒil	n. 骚动，混乱
migrate	'maigreit	vi. 移动，移往，随季节而移居[计] 迁移程序
conquest	'kɒŋkwest	n. 战胜，征服，战利品[法] 征服，赢得，获得
slender	'slendә	a. 苗条的，纤弱的，微少的，微薄的[机] 细的，纤细的
safeguard	'seifgɑ:d	n. 保卫，保护措施，防护设施vt. 保卫，保护
conspicuous	kәn'spikjuәs	a. 显著的，显眼的，出众的
sewage	'sju:idʒ	n. 脏水，污水[医] 污水，污物
bungalow	'bʌŋgәlәu	n. 平房
artillery	ɑ:'tilәri	n. 火炮，炮兵，炮术[机] 火炮，炮兵
thunder	'θʌndә	n. 雷，雷声vi. 打雷，轰隆地响，怒喝vt. 大声喊出，轰隆地发出
marsh	mɑ:ʃ	n. 沼泽，湿地a. 沼泽的
moist	mɒist	a. 潮湿的，多雨的，感伤的，含泪的[医] 湿的
mentality	men'tæliti	n. 精神力，智力，头脑作用，心态[医] 智力
contention	kәn'teinʃәn	n. 争论，争辩，所持的论点[计] 争用
planting	'plæntiŋ	n. 种植，栽培，播种，人工林，花圃，苗圃
tractor	'træktә	n. 牵引器，拖拉机，拉纸器[计] 进纸器
abnormal	æb'nɒ:mәl	a. 反常的，不规则的，变态的，畸形的n. 畸形的人
culminate	'kʌlmineit	vi. 到绝顶，达于极点，达到高潮vt. 使到绝顶，使达到高潮
paradox	'pærәdɒks	n. 似非而是的论点，自相矛盾的话，悖论，怪人怪事[化] 佯谬
revolt	ri'vәult	n. 叛乱，反抗，反感vi. 叛乱，反抗，起义，厌恶，反感vt. 使反感，使恶心
excursion	ik'skә:ʒәn	n. 远足，游览圆，短程旅行[医] 移动，离轨，逸出
interviewer	'intәvju:ә	n. 会见者，面谈者，进行面试者
insult	'insʌlt	n. 侮辱，无礼，损害vt. 损害，侮辱，攻击
kin	kin	n. 亲戚，同族，血缘关系，家族a. 有亲属关系的，性质类似的，同类的
discriminate	dis'krimineit	v. 区别，差别待遇
upright	'ʌprait	a. 正直的，诚实的，公正的，垂直的，竖式的[化] 立杆
submarine	'sʌbmәri:n	n. 潜水艇，海底生物a. 海中的，生长在海中的vt. 用潜水艇攻击vi. 在下疾行，在下滑动
bloom	blu:m	n. 花，开花，青春，钢块vi. 开花，焕发青春，茂盛vt. 使茂盛，把……轧成钢坯
perimeter	pә'rimitә	n. 周长，周界，边缘[医] 周，周边，周界线; 周长; 视野计
blouse	blauz	n. 宽松的上衣
proximity	prɒk'simiti	n. 接近，亲近
bookshop	'bukʃɒp	n. 书店
brace	breis	n. 支柱，曲柄，支撑，一对vt. 紧缚，支撑，激励vi. 打起精神[计] 花括号
perfume	'pә:fju:m	n. 香水，香气，（悦人的）气氛，美名vt. 洒香水于，薰香，使充满香气
symbolize	'simblaiz	vt. 符号化，用符号表现vi. 采用象征，使用符号
consequent	'kɒnsikwәnt	n. 随后发生的事情，结果a. 作为结果的，合乎逻辑的
refine	ri'fain	vt. 精炼，净化，使优雅，使精炼vi. 被精炼，被净化
volatile	'vɒlәtail	a. 挥发性的，可变的，不稳定的，飞行的，轻快的，爆炸性的n. 有翅动物，挥发物[计] 易失的
oval	'әuvәl	n. 椭圆形a. 卵形的，椭圆形的
rigorous	'rigәrәs	a. 严厉的，严酷的，严格的，苛刻的，严密的，精确的
synthetic	sin'θetik	n. 合成物质a. 综合（性）的，人造的，合成的
turf	tә:f	n. 草皮，泥炭，跑马场vt. 覆草皮于
cape	keip	n. 岬，海角，披肩，斗蓬
sturdy	'stә:di	a. 强健的，健全的[医] 羊晕倒病，羊蹒跚病
definitive	di'finitiv	n. 限定词a. 限定的，决定性的
propel	prәu'pel	vt. 推进，驱使[机] 推进
enclosure	in'klәuʒә	n. 附件，围墙，围绕[化] 机壳; 外壳
splash	splæʃ	n. 飞溅，污点，一点儿，溅泼声，色斑vi. 溅湿，溅开，飞溅vt. 溅，泼，使溅起水，洒，使成斑驳状
scoop	sku:p	n. 铲子，勺子，穴，口，独家新闻vt. 汲取，舀取，挖空，抢先报道
nil	nil	n. 无，全无，零[法] 无，零，无有
intimidate	in'timideit	vt. 威胁，恐吓[法] 恐吓，威胁，使恐惧
verge	vә:dʒ	n. 边缘，边界，起始点vi. 处在边缘，接近，下沉，趋向
plague	pleig	n. 瘟疫，天罚，麻烦，灾祸vt. 折磨，使苦恼，使得灾祸
expire	ik'spaiә	vi. 期满，呼气，断气vt. 呼出
catastrophe	kә'tæstrәfi	n. 大灾难，大祸[化] 突变
withhold	wið'hәuld	vt. 使停止，扣留，保留，拒给vi. 克制，忍住
coupon	'ku:pɒn	n. 息票，赠券[经] 息票，利息单，联票
analytical	.ænә'litikl	a. 分析的，善于分析的，解析的[机] 分析的
lucrative	'lu:krәtiv	a. 有利益的，获利的，合算的
transcend	træn'send	vt. 超越，胜过
resistant	ri'zistәnt	n. 抵抗者，反抗者a. 抵抗的，反抗的，耐……的
conversely	'kɔnv\\\\:sli	adv. 相反，逆，颠倒，反题，反
elicit	i'lisit	vt. 引出，推导出，引起
heater	'hi:tә	n. 加热器，灯丝，加热工[化] 加热器
inquire	in'kwaiә	v. 询问，问明，查究
bust	bʌst	n. 半身像，胸部，失败，殴打vt. 使爆裂，使破产vi. 爆裂，破产[计] 操作错
pragmatic	præ^'mætik	a. 忙碌的，爱管闲事的，自负的，固执己见的，实际的，务实的，国事的，国务的[法] 闲断的，固执己见的，实用主义的
inference	'infәrәns	n. 推论[法] 推论，推理，推断
sulphur	'sʌlfә	n. 硫，硫磺[化] 硫
overlap	.әuvә'læp	n. 重叠，重复，部分的同时发生vt. 重叠，重复，与……同时发生vi. 迭盖，部分的同时发生[计] 重叠
cultivation	.kʌlti'veiʃәn	n. 教化，培养，耕作[医] 培养[法]
foil	fɒil	n. 箔，烘托，衬托vt. 贴箔于，衬托，阻止，挡开，挫败
heave	hi:v	n. 举，抛，起伏，鼓起vt. 用力举起，使举起，使鼓起vi. 抛出，起伏，喘息，凸起
curb	kә:b	n. 抑制，勒马绳，边石vt. 抑制，束缚，勒住
anthropology	.ænθrә'pɒlәdʒi	n. 人类学[医] 人类学
conquer	'kɒŋkә	vt. 克服，征服，战胜vi. 得胜
mediate	'mi:dieit	a. 居间的，间接的vt. 斡旋，调停vi. 处于中间，调解
composite	kәm'pɒzit	a. 合成的，混合成的，菊科的n. 合成物，复合材料，菊科
symmetry	'simitri	n. 对称，匀称[化] 对称; 对称性; 对称现象
giggle	'gigl	v. 吃吃地笑，咯咯地笑n. 咯咯笑，傻笑
syllabus	'silәbәs	n. 摘要，提纲，课程表，教学大纲[医] 摘要，要目
tenancy	'tenәnsi	n. 租用，租赁[经] 租赁，租回
incoming	'inkʌmiŋ	a. 进来的，刚开始的，新来的n. 进来
weary	'wiәri	a. 疲倦的，萎靡的，厌倦的，厌烦的vt. 使疲倦，使厌烦vi. 疲乏，生厌，不耐烦
postgraduate	'pәust'^rædjuit, 'pәust'^rædʒuit	a. 大学毕业后的，大学研究院的n. 研究生
mourn	mɒ:n	v. 哀悼，忧伤，服丧
scarce	skɑ:s	a. 难得的，稀罕的，缺乏的
barbecue	'bɑ:bikju:	n. 烤肉vt. 烤肉，烧烤
indemnity	in'demniti	n. 赔偿，保障，补偿，赦免，保护[经] 赔偿，补偿，赔偿金
displace	dis'pleis	vt. 移置，替换，转移
polar	'pәulә	a. 两极的，极地的，正好相反的，极性的n. 极线，极面
bilateral	bai'lætәrәl	a. 有两边的，双边的，双方的[医] 两侧的
linguistics	liŋ'gwistiks	n. 语言学
void	vɒid	n. 空虚，空间，空白，空隙，空虚感a. 空的，无效的，无人的，没有的，无用的[计] 脱墨; 空白点
seafood	'si:fu:d	n. 海味，海鲜，鱼类
hum	hʌm	n. 嗡嗡声，哼声，杂声vi. 发低哼声vt. 哼，用哼声表示interj. 哼，嗯
beverage	'bevәridʒ	n. 饮料[化] 饮料（如牛奶、茶、咖啡、啤酒等）
mimic	'mimik	a. 模仿的，摹拟的n. 效颦者，模仿者，小丑，仿制品vt. 模仿，摹拟
ammunition	.æmju'niʃәn	n. 军火，弹药[机] 弹药
pierce	piәs	vt. 刺穿，穿透，打眼于，洞悉，（声音）响彻，（亮光）照进，深深地打动vi. 刺入，穿入，透入，进入
beforehand	bi'fɒ:hænd	adv. 预先
atmospheric	ætmәs'ferik	a. 大气的[医] 大气的; 大气压的
foul	faul	a. 污秽的，邪恶的，恶臭的，肮脏的，恶劣的，淤塞的vt. 弄脏，妨害，污蔑，犯规，淤塞vi. 腐烂，犯规，缠结adv. 违反规则地，不正当地n. 犯规，缠绕
commuter	kә'mju:tә	n. 乘公共车辆上下班者，月季票乘客[经] 非（当地）居民
serial	'siәriәl	n. 分期连载作品，连载小说a. 连续的，一连串的，连载的，分期偿还的[计] 连续的; 串行的
dubious	'dju:biәs	a. 可疑的，不确定的
drastic	'dræstik	a. 激烈的[医] 峻泻药，剧烈的
surpass	sә'pɑ:s	vt. 超越，凌驾，胜过
contradict	.kɒntrә'dikt	vt. 反驳，与……抵触，与……矛盾vi. 反驳
muscular	'mʌskjulә	a. 强壮的，肌肉发达的，有力的[医] 肌的; 肌肉发达的
subscribe	sәb'skraib	vt. 捐献，签署vi. 赞成，同意，捐款，预订，认购[计] 订阅
compliment	'kɒmplimәnt	n. 称赞，恭维，敬意vt. 称赞，褒扬，恭维
commute	kә'mju:t	vt. 交换，折偿，减轻vi. 代偿，经常乘车来往
lunar	'lu:nә	a. 阴历的，月的，微亮的（指光）[医] 月的，银的
discrepancy	dis'krepәnsi	n. 不符合，差异，不相符之处[化] 不符值; 偏差值
sincere	sin'siә	a. 诚实的，正直的，真挚的，纯净的
roommate		n. 住在同室的人
enrich	in'ritʃ	vt. 使富足，使肥沃
chant	tʃænt. tʃɑ:nt	n. 圣歌，赞美诗v. 吟唱，诵扬
crater	'kreitә	n. 火山口，环行山，弹坑[化] 焊口; 火山石; 弧坑; 焰口
pamphlet	'pæmflit	n. 小册子，活页文选
scout	skaut	n. 守候，侦察，搜索，侦察员，侦察机vi. 守候，侦察，巡视，嘲笑vt. 侦察，跟踪，发现，监视，嘲弄
loaf	lәuf	n. 一条面包，块，游荡v. 游手好闲，虚度光阴
sow	sau. sәu	n. 母猪，懒胖女人vt. 播种，散布，使密布vi. 播种
speciality	.speʃi'æliti	n. 专长，擅长，特种技能，详细说明，特性，特产，专业[化] 特制品
twilight	'twailait	n. 暮光，曙光，黎明，黄昏，微光，朦胧状态a. 微明的
adolescence	.ædәu'lesәns	n. 青春期[医] 青年期，青春期
plight	plait	n. 困境，窘境vt. 宣誓，保证
responsive	ri'spɒnsiv	a. 回答的，应答的，易感应的
plough	plau	n. 犁，犁过的地vi. 用犁耕田，开路vt. 耕，犁，开路
pathetic	pә'θetik	a. 悲哀的，可怜的，感伤的，差劲的[医] 感情的
lurk	lә:k	n. 潜伏，潜行vi. 暗藏，潜伏，埋伏[计] 隐匿阅读
inclination	.inkli'neiʃәn	n. 倾向，趋向，倾斜度，点头[化] 倾角
deceive	di'si:v	v. 欺骗，行骗
evacuate	i'vækjueit	v. 疏散，撤出，排泄
wreck	rek	n. 失事，残骸，破坏vt. 使失事，拆毁，破坏vi. （船）失事，营救失事船只
lever	'levә	n. 杠杆，似杠杆之工具vt. 撬开vi. 使用杠杆
famine	'fæmin	n. 饥荒，缺乏，饥饿
affiliate	ә'filieit	vt. 使紧密联系，使附属，接纳，收养vi. 发生联系，参加
energetic	.enә'dʒetik	a. 精力充沛的，积极的
dodge	dɒdʒ	v. 避开，躲避n. 诡计，躲藏
cosy		a. 温暖舒适的n. 保暖套
susceptible	sә'septәbl	a. 易受影响的，易感动的，容许……的[法] 易感的，易受影响的，容许
frost	frɒst	n. 霜，冰冻，冷漠vt. 覆着霜，冻结，结霜vi. 受冻，起霜
marvelous	'mɑ:vәlәs	a. 令人惊异的，了不起的，不平常的
endeavour	in'devә	n. 努力，力图，尽力vi. 努力，力图，尽力
dedication	.dedi'keiʃәn	n. 奉献，献身，献辞[计] 专用
tornado	tɒ:'neidәu	n. 旋风，龙卷风，大雷雨
wholesale	'hәulseil	n. 批发a. 批发的，大规模的adv. 大规模，照批发方式vi. 经营批发业，批发vt. 批发
diversion	dai'vә:ʒәn	n. 转移[医] 转向
farewell	'fєә'wel	n. 辞别，再见，再会interj. 再会
withstand	wið'stænd	vt. 抵住，顶住，经得起
irrigation	.iri'geiʃәn	n. 灌溉，冲洗[医] 冲洗法，灌溉
slack	slæk	n. 松弛，松懈，淡季，闲散，家常裤a. 松弛的，不流畅的，疏忽的，无力的，呆滞的，软弱的，漏水的adv. 马虎地，缓慢地vt. 放松，使缓慢vi. 松懈，减弱，松弛
impetus	'impitәs	n. 动力，推动力，动量[医] 冲动，动能，起始（病）
prevalent	'prevәlәnt	a. 普遍的，流行的
gloomy	'glu:mi	a. 抑沉的，忧闷的，黑暗的，悲观的
climax	'klaimæks	n. 高潮，极点，层进法v. （使）达到顶点，（使）达到高潮
renowned	ri'naund	a. 有名的，有声誉的
kidnap	'kidnæp	vt. 绑架，诱拐，拐骗[法] 拐带，诱拐，绑架
imitation	.imi'teiʃәn	n. 模仿，效法，冒充，赝品[医] 模仿，仿制，仿制品
apt	æpt	a. 有……倾向的，易于的，恰当的，聪明的[计] 自动数控语言，自动图象传输，自动程序控制，自动程序设计工具
hurl	hә:l	n. 用力的投掷vt. 用力投掷，发射，愤慨地说出，丢下vi. 猛投，猛掷
uneven	.ʌn'i:vәn	a. 不平坦的，不均等的，奇数的
staple	'steipl	n. 主要产物，常用品，主要要素，原料，订书钉，钩环a. 主要的，重要的vt. 分级，钉住
stagger	'stægә	n. 蹒跚，踌躇vi. 蹒跚，犹豫vt. 使摇摆，使踌躇，交错，错开a. 交错的，错开的
irregular	i'regjulә	n. 不规则物，不合规格之物a. 不规则的，不整齐的，不合法的
coarse	kɒ:s	a. 粗糙的，下等的，粗俗的[计] 粗略的
relentless	ri'lentlis	a. 无情的，冷酷的，残酷的
crumble	'krʌmbl	v. （使）粉碎，（使）成为碎屑，瓦解，崩溃，败落
certify	'sә:tifai	v. 证明，保证
oriental	.ɒ:ri'entl	n. 东方人，亚洲人a. 东方诸国的，亚洲的，东方的
periodically	,piәri'ɔdikəli	adv. 定期，循环，间歇，周期，定期刊行，期刊
maternal	mә'tә:nl	a. 母亲的，母系的，母方的[医] 属母的，母的，母性的
blunt	blʌnt	a. 钝的，坦率的，麻痹的
excel	ik'sel	vt. 胜过，优于，擅长vi. 胜过其他
graze	greiz	n. 吃草，放牧，擦伤，轻擦v. （使）吃草，放牧，轻擦，擦伤
triple	'tripl	n. 三倍数，三个一组a. 三倍的vt. 使增至三倍vi. 增至三倍
compass	'kʌmpәs	n. 指南针，范围，音域vt. 包围，达到，图谋，理解
spacious	'speiʃәs	a. 广大的，宽广的
canteen	kæn'ti:n	n. 水壶，军中俱乐部，临时流动餐馆，小卖部
simplify	'simplifai	vt. 单一化，简单化
cafeteria	.kæfi'tiәriә	n. 自助餐厅[经] 自助餐厅
restless	'restlis	a. 不安静的，慌张的，休息不充分的[医] 不安静的，不宁的
pave	peiv	vt. 铺设，安排，铺满，为……铺路[化] 铺设
contingency	kәn'tindʒәnsi	n. 偶然性，可能性，意外事故[经] 意外事故，意外开支，偶然事故
fry	frai	n. 油炸食物，鱼苗v. 油炸，煎
glide	glaid	n. 滑动，滑过，流水vi. 滑动，滑翔，溜走，流逝vt. 使滑动
radius	'reidiәs	n. 半径，范围，辐射光线[电] 半径
infectious	in'fekʃәs	a. 有传染性的，易传染的[医] 传染性的
novice	'nɒvis	n. 新手，初学者
qualitative	'kwɒlitәtiv	a. 性质的，质的，定性的
myriad	'miriәd	n. 无数，无数的人（或物）a. 无数的，种种的
necessitate	ni'sesiteit	vt. 迫使，使成为必需，需要
folder	'fәuldә	n. 文件夹，折纸机，折叠式书本，卷宗[计] 文件夹
subcommittee	'sʌbkә.miti	n. 小组委员会
flank	flæŋk	n. 侧面，侧腹，胁，腰窝肉vt. 攻击侧面，守侧面vi. 侧面与……相接
blaze	bleiz	n. 火焰，烈火，光辉vi. 燃烧，发光vt. 使燃烧，宣布，在树皮上刻痕
nylon	'nailɒn	n. 尼龙[化] 尼龙; 聚酰胺纤维
sovereign	'sɒvrin	n. 元首，独立国a. 具有主权的，至高无上的，国王的，完全的
harass	'hærәs	vt. 使困扰，使烦恼，折磨
cannon	'kænәn	n. 大炮，加农炮v. 炮轰
purity	'pjuәrәti	n. 纯净，纯正，纯粹[化] 纯度
embarrass	im'bærәs	vt. 使困窘，使局促不安，阻碍
thermal	'θә:ml	a. 热的，热量的，温泉的n. 上升温暖气流
navigation	.nævi'geiʃәn	n. 航行，航海，导航[经] 航空，航海，航船
stressful		a. 着重，强调，重读，使受应力
exacerbate	ek'sæsәbeit	vt. 使恶化，使增剧，激怒，使加剧
tangible	'tændʒәbl	n. 可触知的东西，有形资产a. 可触摸的，有实体的，非相像的，有形的，明确的
feat	fi:t	n. 壮举，功绩，技艺表演a. 灵巧的，合适的，整洁的
militant	'militәnt	a. 好战的
dwell	dwel	vi. 居住，居住（于）, 存在（于）
seam	si:m	n. 缝合线，衔接口，接缝，线缝，伤疤vt. 缝合，接合，焊合，使留下伤痕vi. 裂开，发生裂痕
hardy	'hɑ:di	a. 难的，艰苦的，坚硬的，勇敢的adv. 努力地，辛苦地，坚硬地
dialect	'daiәlekt	n. 方言，同源语
huddle	'hʌdl	n. 杂乱一团，混乱，拥挤vt. 把……挤在一起，乱堆，草率了事，蜷曲vi. 挤作一团，蜷缩
moustache	'mʌstæʃ	n. 髭，小胡子，触须
maneuver	mә'nu:vә	n. 演习，调遣，策略v. 调遣，演习，用计
probation	prәu'beiʃәn	n. 鉴定，查验，证明，试用，察看，缓刑[医] 审辨，试验，鉴定，试用，见习
masculine	'mæskjulin	n. 阳性，男性a. 男性的，阳性的，有丈夫气的
fort	fɒ:t	n. 堡垒，要塞，易货站vt. 设要塞保卫vi. 设要塞
registrar	'redʒistrɑ:	n. 记录者，登记者，登记官员[医] 登记员，挂号员，专科住院医师
vice	vais	n. 恶习，恶行，罪恶，堕落，缺陷，恶癖，老虎钳vt. 钳住prep. 代替
crumb	krʌm	n. 碎屑，面包屑，少许vt. 捏碎，弄碎
allergy	'ælәdʒi	n. 变应性，反感，厌恶[化] 变态反应; 变应性
batter	'bætә	v. 连续猛打（尤其指妇女），猛击n. 面糊（食物），击球员，打击手
dart	dɑ:t	n. 飞镖，投射vt. 投射vi. 疾走，突进
wax	wæks	n. 蜡，蜡状物，一阵发怒，增加，（月亮）渐盈vi. 变大，增大，月亮渐满vt. 上蜡于
levy	'levi	n. 税款，所征的人数，征收vi. 征税，课税vt. 征收，强求，召集
orchard	'ɒ:tʃәd	n. 果园，果树林
exemplify	ig'zemplifai	vt. 例证，例示[法] 制作经公章证明的誊本，例证
shovel	'ʃʌvl	n. 铲，铁铲v. 铲
intricate	'intrikit	a. 复杂的，错综的，缠结的，难懂的
renovation	.renәu'veiʃәn	n. 革新，刷新，修理[化] 改建
burger	'bә:ɡә	n. 汉堡包（等于hamburger）
glue	glu:	n. 胶，粘性物vt. 粘合，胶合
cumulative	'kju:mjulәtiv	a. 累积的[医] 蓄积的，累积的
burglar	'bә:glә	n. 窃贼[法] 夜盗，窃贼，盗窃者
parasite	'pærәsait	n. 寄生生物，寄生虫，食客[医] 寄生物; 寄生胎
latent	'leitnt	a. 潜伏性的，隐藏的n. 隐约指纹
baggage	'bægidʒ	n. 行李[经] 行李
veto	'vi:tәu	n. 否决权vt. 否决，禁止
setback	'setbæk	n. 挫折，退步，逆流
veil	veil	n. 面纱，面罩，借口，幕，帐，遮蔽物vt. 戴面纱，隐藏，遮蔽，掩饰vi. 蒙上面纱
numerical	nju:'merikl	a. 数字的，数值的，以数字表示的，擅长于计数的[经] 数字的，用数字表示的
invoice	'invɒis	n. 发票，发货单v. 开发票，记清单
nobility	nәu'biliti	n. 贵族，高尚，贵族阶级
friction	'frikʃәn	n. 摩擦，摩擦治疗，不和[医] 摩擦
aerial	'єәriәl	a. 空中的，航空的，空气的，空想的n. 天线
flicker	'flikә	n. 闪烁，闪光，颤动vi. 闪动，闪烁，摇动，扑动翅膀vt. 使摇曳，使闪烁
lateral	'lætәrәl	n. 侧部，支线，边音a. 侧面的，旁边的
cardinal	'kɑ:dinәl	n. 红衣主教，鲜红色a. 主要的，深红色的
offshore	ɒ:f'ʃɒ:	a. 海面的，吹向海面的，近海的adv. 向海面
dine	dain	vi. 用正餐，进餐vt. 宴请
dispatch	dis'pætʃ	vt. 派遣n. 派遣，急件[计] 调度
hatch	hætʃ	n. 孵化，舱口vt. 孵，孵出，策划vi. 孵化
bowling	'bәuliŋ	n. 保龄球戏
malaysia	mә'leiziә	n. 马来西亚[经] 马来西亚
raft	ræft	n. 筏，救生筏，大量vi. 乘筏vt. 筏运，制成筏
lament	lә'ment	n. 悲叹，悔恨，恸哭，挽歌，悼词vt. 哀悼vi. 悔恨，悲叹
ignite	ig'nait	vt. 点燃，使灼热，使兴奋
revolve	ri'vɒlv	v. （使）旋转，反复考虑，循环出现
alternate	'ɒ:ltәnәt	a. 交替的，轮流的，间隔的v. 轮流，（使）交替
bully	'buli	n. 欺凌弱小者，土霸vt. 威胁，恐吓，欺负vi. 欺负a. 特好的，第一流的adv. 十分
contaminate	kәn'tæmineit	vt. 弄污，弄脏，污染，毒害[化] 污染
geology	dʒi'ɒlәdʒi	n. 地质学，地质情况
sober	'sәubә	a. 未醉的，稳重的，节制的，严肃的，不夸大的，合理的，朴素的vt. 使醒酒，使严肃vi. 从醉里醒来，变严肃
sleepy	'sli:pi	a. 困乏的，欲睡的
clasp	klɑ:sp	n. 扣子，钩，紧握v. 扣紧，紧握
nap	næp	n. 小睡，稍睡，细毛，孤注一掷vi. 小睡，疏忽vt. 使拉毛，打盹度过，预测……为获胜马
impair	im'pєә	vt. 损害，减少，削弱[法] 损害，伤害，减少
frantic	'fræntik	a. 狂乱的，疯狂的
intrinsic	in'trinsik	a. 本质的，原有的，真正的[医] 内部的，内在的
starve	stɑ:v	v. （使）饿死，（使）挨饿
reclaim	ri'kleim	vt. 开垦，改造，感化，纠正，回收vi. 喊叫，抗议
sewer	'su:ә	n. 下水道，阴沟，裁缝师vt. 用下水道排，铺设下水道于
fertile	'fә:tail	a. 可繁殖的，肥沃的，生产多的[医] 能生育的
wield	wi:ld	vt. 挥舞，运用
timely	'taili	a. 及时的，适时的adv. 及时地
disgust	dis'gʌst	n. 厌恶，嫌恶vi. 令人厌恶vt. 使作呕
doom	du:m	n. 厄运，不幸，法律，宣告，判决，死亡vt. 命中注定，判决
tentacle	'tentәkl	n. 触须，触手，触角[医] 触角，触须
capsule	'kæpsju:l	n. 胶囊，蒴果，瓶帽，航天舱[化] 胶囊剂
liner	'lainә	n. 班机，划线者，定期船，衬里[化] 衬垫; 垫带; 套管
higher	'haiә	[经] 上扬
idle	'aidl	a. 懒惰的，闲散的，停顿的，空闲的，无用的vi. 无所事事，闲散，浪费，空转vt. 虚度，使闲散，使空转n. 空转，空闲时间[计] 空闲时间
reel	ri:l	n. 卷轴，一卷，纺车，旋转，蹒跚vt. 卷……于轴上，绕，使旋转vi. 蹒跚地走，旋转，眩晕，摇晃，退缩[计] 卷; 盘
alleviate	ә'li:vieit	vt. 减轻，使缓和
plank	plæŋk	n. 厚木板，支架，木板制品，冲浪板，救急物，政纲条目vt. 在……上铺板，撂下，立即付款
disregard	.disri'gɑ:d	n. 忽视，漠视vt. 忽视，不顾
detach	di'tætʃ	vt. 使分离，分遣[机] 摘下，分离，卸下
hinder	'hindә	a. 后面的v. 阻碍，打扰
mock	mɒk	n. 嘲笑，戏弄，模仿a. 假的，伪造的，模拟的adv. 虚伪地vt. 嘲弄，模仿，使失望，欺骗，挫败vi. 嘲弄
escalate	'eskәleit	vi. 逐步扩大，逐步升高，逐步增强vt. 使逐步上升
indifferent	in'difәrәnt	a. 漠不关心的，无重要性的，中立的[医] 中性的，无作用的，无亲和力的，淡漠的
stubborn	'stʌbәn	a. 顽固的，不听话的，执拗的，棘手的
bathe	beið	vt. 沐浴，用水洗vi. 洗澡
tentative	'tentәtiv	n. 试验a. 试验性的，暂时的
avert	ә'vә:t	vt. 转开，避免，防止
cavity	'kæviti	n. 洞，空穴，腔[化] 空穴
pointless	'pɒintlis	a. 不尖的，钝的，不得要领的
conjunction	kәn'dʒʌŋkʃәn	n. 连接词，联合，结合[计] 合取
novelty	'nɒvәlti	n. 新奇，新鲜，新奇的事物
outskirts	'autskә:ts	n. 近郊，市郊
digest	di'dʒest	n. 文摘vi. 消化vt. 消化，理解[计] 摘要
vicinity	vi'siniti	n. 附近，邻近，附近地区，近处[法] 附近，邻近，附近地区
hiring	'haiәriŋ	[法] 租用，雇用
menace	'menis	n. 威胁，胁迫v. 威吓，胁迫
ruthless	'ru:θlis	a. 无情的，残忍的，毫不留情的，彻底的[法] 无情的，残忍的
collide	kә'laid	vi. 碰撞，互撞，抵触
reap	ri:p	vt. 收割，收获，获得vi. 收割，得到报应
fume	fju:m	n. 臭气，烟，激怒vt. 熏vi. 冒烟
commend	kә'mend	vt. 嘉奖，委托给，推荐
arrogant	'ærәɡәnt	a. 自大的，傲慢的
bypass	'baipɑ:s	n. 旁路vt. 省略，绕过，忽视，回避
phd		abbr. 哲学博士学位（Doctor of Philosophy）
vent	vent	n. 排气口，出口，通风孔，发泄vt. 发泄，排出，给……开孔
eclipse	i'klips	n. 日食，月食，（地位名誉等的）消失vt. 引起日食，引起月食，使黯然失色
peril	'peril	n. 危险，冒……之险，险境，险因vt. 置……于险境，冒险，危及
bruise	bru:z	n. 青肿，挫伤，擦伤vi. 受伤，擦伤vt. 使受伤，研碎
savage	'sævidʒ	a. 未开化的，野蛮的，无礼的，残酷的，原始的，粗鲁的，未开发的vt. 用暴力对付，凶猛攻击n. 原始人，粗鲁人
poultry	'pәultri	n. 家禽
bankrupt	'bæŋkrʌpt	n. 破产者a. 破产的vt. 使破产
conserve	kәn'sә:v	n. 蜜饯，果酱vt. 保存，使（能量等）守恒
ornament	'ɒ:nәmәnt	n. 装饰，点缀品，教堂用品vt. 装饰，修饰
expectancy	ik'spektәnsi	n. 期待，期望的事物，嘱望，希望，期望，预期[医] 预期
briefcase	'bri:fkeis	n. 公事包
dilute	dai'lju:t	vt. 冲淡，稀释a. 淡的，稀释的
brink	briŋk	n. 边缘，陡岸
ordeal	ɒ:'di:l	n. 严酷考验，痛苦经历，煎熬[法] 神裁判法，严酷的考验，痛苦的经验
eccentric	ik'sentrik	n. 怪人，偏心圆a. 古怪的，反常的，不同圆心的
recede	ri'si:d	vi. 向后退，退却，收回，降低，减弱[医] 退缩
abound	ә'baund	vi. 大量存在，富于，充满
roast	rәust	n. 烤肉，烘烤，嘲笑a. 烘烤的，烤过的vt. 烤，炙，烘焙，嘲笑vi. 烤，炙，烘焙
discreet	dis'kri:t	a. 小心的，慎重的
plummet	'plʌmit	n. 测深锤，铅坠vi. 垂直落下
masterpiece	'mɑ:stәpi:s	n. 杰作，名著
authoritative	ɒ:'θɒritәtiv	a. 权威性的，官方的，命令式的[法] 官方的，当局的，权威的
adore	ә'dɒ:	vt. 崇拜，爱慕，喜爱vi. 崇拜，爱慕
slippery	'slipәri	a. 滑的，光滑的，靠不住的，圆滑的，不稳固的[法] 狡猾的，不可靠的，不安定的
mesh	meʃ	n. 网孔，网丝，网眼，网状物，圈套，陷阱，啮合vt. 以网捕捉，啮合，使缠住vi. 落网，相啮合
drawback	'drɒ:bæk	n. 缺点，退税[法] 退款，退税
discern	di'zә:n	v. 辨别，看清楚，了解
apprehension	.æpri'henʃәn	n. 理解，忧惧，逮捕[医] 领会
storey	'stɔ:ri	n. 楼，楼层，层楼
dismay	dis'mei	n. 沮丧vt. 使惊愕，使气馁
pinch	pintʃ	n. 捏，拧，撮，少量，收缩，挤压，夹痛，苦恼，逮捕，指控，匮乏，紧急关头vt. 捏，拧，掐，挤压，修剪，使困苦，使萎缩，节制，少量加入，逮捕，勒索vi. 收缩，节省，挤压，引起苦恼
annoy	ә'nɒi	vt. 使恼怒，骚扰
deduce	di'dju:s	vt. 推论，演绎出[法] 推断，推出，演绎
uprising	'ʌpraiziŋ	n. 起义，升起[法] 起义，暴动
observatory	әb'zә:vәtәri	n. 天文台，气象台，了望台
endurance	in'djuәrәns	n. 忍耐，忍耐力，耐性[机] 持九性
orderly	'ɒ:dәli	a. 有秩序的，整齐的，值班的n. 护理员，清道夫，传令兵，勤务兵adv. 依次地，顺序地
pants	pænts	n. 裤子，长裤，短衬裤，女式运动短裤
flake	fleik	n. 小薄片，扁薄的一层，火星，晒鱼架子vt. 使成薄片vi. 剥落
pedal	'pedl	n. 踏板，脚蹬子a. 脚的，脚踏的vt. 用脚踏动vi. 踩踏板，骑车
handbook	'hænd,buk	n. 手册[计] 手册
frail	freil	a. 脆弱的，虚弱的，意志薄弱的n. 少女，少妇，灯心草篓
irritate	'iriteit	vt. 激怒，使发怒，使兴奋，使发炎vi. 引起不快
gigantic	dʒai'gæntik	a. 巨人般的，巨大的
repertoire	'repәtwɑ:	n. 全部剧目，全部技能，全部节目，全部作品
wretched	'retʃid	a. 可怜的，不幸的，卑鄙的
layoff	'leiɒf	n. 临时解雇，操作停止，活动停止期间
buffet	'bʌfit	n. 自助餐，小卖部，碗橱，殴打，冲击vt. 连续打，冲击，搏斗vi. 奋斗
marvel	'mɑ:vl	n. 奇异事物，罕见例子vt. 惊异于vi. 惊异
ceramic	si'ræmik	a. 陶瓷的n. 陶瓷制品
refreshment	ri'freʃmәnt	n. 点心，起提神作用的事物，精神爽快
temperament	'temprәmәnt	n. 气质，性格，性情[医] 气质，禀赋
convene	kәn'vi:n	vt. 集合，召集，召唤vi. 聚集，集合
wrinkle	'riŋkl	n. 皱纹，妙计，方法，技巧vi. 起皱vt. 使起皱纹
compute	kәm'pju:t	v. 计算，估算n. 计算，估算
aspire	ә'spaiә	vi. 渴望，立志于
aspirin	'æspәrin	n. 阿斯匹林[化] 乙酰水杨酸; 阿司匹灵; 邻乙酸基苯甲酸
flare	'flєә	n. 闪光，闪耀vi. 闪光，闪耀vt. 用发光信号发出，使闪耀，使张开
nickel	'nikl	n. 镍，镍币，五分镍币vt. 镀镍于
geometry	dʒi'ɒmәtri	n. 几何学[机] 几何学
overt	'әuvә:t	a. 明显的，公然的，蓄意的[法] 明显的，公开的
knob	nɒb	n. 把手，瘤，旋钮，球形突出物vt. 使有球形突出物vi. 鼓起
glacier	'gleiʃә	n. 冰川
simultaneous	.simәl'teinjәs	a. 同时的，同时发生的[计] 同时的
picturesque	.piktʃә'resk	a. 生动的，如画的，独特的，别致的，栩栩如生的
yoga	'jәugә	n. 瑜珈
evaporate	i'væpәreit	vi. 蒸发，失去水分，消失vt. 使蒸发，使脱水，使消失
succumb	sә'kʌm	vi. 屈从，屈服，死
seasoned	'si:znd	a. 经验丰富的，老练的
simulate	'simjuleit	vt. 模拟，假装，模仿[法] 伪装的，模拟的; 假装的，伪装的，冒充
optimum	'ɒptimәm	n. 最适条件，最佳效果a. 最优的，最适宜的
intrigue	in'tri:g	n. 阴谋，复杂的事vi. 密谋，私通vt. 激起……的兴趣，用诡计取得
cot	kɒt	n. 行军床，小屋，（家畜等的）棚，（家畜等的）栏[医] 指套; 小床
woods	wjdz	n. 森林，树林
intuition	.intju:'iʃәn	n. 直觉，直觉的知识
catalyst	'kætәlist	n. 触媒，接触剂，催化剂，刺激因素，促进因素[计] 催化剂
gland	glænd	n. 腺，密封套[化] 衬片; 密封垫
grease	gri:s	n. 脂肪，兽脂，油脂，贿赂vt. 涂脂于，贿赂
tonic	'tɒnik	n. 补药，（音乐）主调音或基音a. 滋补的，声调的，使精神振作的
hawk	hɒ:k	n. 鹰，掠夺者，鹰派成员vi. 放鹰行猎，像鹰一般地袭击，清嗓，咳嗽vt. 捕捉，咳出，兜售，叫卖，散播
commemorate	kә'memәreit	vt. 纪念
deduct	di'dʌkt	vt. 扣除，减去[经] 扣除，减去，折扣
durable	'djurәbl	a. 持久的，耐用的
mantle	'mæntl	n. 斗篷，罩子，披风vt. 罩住，覆盖vi. 覆盖，脸红
despise	di'spaiz	vt. 轻视
ascribe	ә'skraib	vt. 归因于，归咎于[法] 归咎于
martial	'mɑ:ʃәl	a. 战争的，军事的，尚武的，威武的[医] 含铁的
sponge	spʌndʒ	n. 海绵，海绵状的东西vt. 用海绵擦拭，吸收掉，抹掉vi. 采集海绵，海绵般吸收
dropout	'drɒpaut	n. 退学学生，中途退学[电] 离去
sprout	spraut	n. 芽，萌芽vt. 使发芽，摘去芽vi. 长芽，抽条
coil	kɒil	n. 线圈，盘绕，骚动，卷vt. 盘绕，卷
invalid	in'vælid	n. 病人，残废者a. 有病的，无效的
ragged	'rægid	a. 衣衫褴褛的，参差不齐的，不协调的，粗糙的，刺耳的
heighten	'haitn	vt. 增高，提高，加强vi. 升高，变大
latitude	'lætitju:d	n. 纬度，范围[化] 宽容度; 伟度
maritime	'mæritaim	a. 海的，海上的，海事的，沿海的，海员的[经] 海事的，海上的，海员的
yearn	jә:n	vi. 渴望，想念，怀念，同情
unify	'ju:nifai	v. 统一，使成一体
practicable	'præktikәbl	a. 可实行的，可做的，可用的
pharmacy	'fɑ:mәsi	n. 药房，配药学，制药业[医] 药学，药剂学，调剂学，药房
spiral	'spairәl	n. 螺旋形之物，螺线a. 螺旋形的，盘旋的vi. 螺旋形下降，螺旋形上升，螺旋形行进vt. 使螺旋形行进
waterfall	'wɒtәfɒ:l	n. 瀑布
whirl	hwә:l	n. 回旋，旋转，急走，眩晕vt. 使旋转，使回旋，卷走vi. 回旋，旋转，急走，发晕
flirt	flә:t	n. 卖弄风骚的人，急动，急扔vt. 忽然弹出，轻快摆动，挥动vi. 调情，玩弄，摆动，轻率地对待
flutter	'flʌtә	n. 摆动，鼓翼，烦扰vi. 摆动，鼓翼，烦扰vt. 拍（翅）, 使焦急[计] 颤动
buzz	bʌz	n. 嗡嗡声，流言vi. 发出嗡嗡声，说闲话vt. 使嗡嗡叫，散布
physiological	.fiziә'lɒdʒikl	a. 生理学的，生理学上的，生理机能的[医] 生理学的，生理的
carpenter	'kɑ:pintә	n. 木匠
finite	'fainait	a. 有限的，有穷的，限定的n. 有限物
souvenir	.su:vә'niә	n. 纪念品
instalment	in'stɒ:lmәnt	n. 就职，装设，分期付款
hound	haund	n. 猎犬vt. 带猎犬狩猎，追捕，激励，使追逐
nostalgia	nɒs'tældʒiә	n. 乡愁，向往过去，怀旧之情[医] 怀乡病
parachute	'pærәʃu:t	n. 降落伞vi. 跳伞
exquisite	'ekskwizit	a. 精致的，细腻的，敏锐的
immerse	i'mә:s	vt. 沉浸，使陷入[医] 浸[入]
petroleum	pә'trәuliәm	n. 石油[化] 石油
flap	flæp	n. 飘，摆动，拍打，拍打声，片状垂悬物v. 拍打，鼓翼而飞，飘动
ascent	ә'sent	n. 上升，提高，攀登，上坡路
ripple	'ripl	n. 涟波，涟漪，波纹，粗钢梳vt. 使起涟漪vi. 起微波，起潺潺声
patriotism	'peitriәtizm	n. 爱国心，爱国精神，爱国主义
alienate	'eiljәneit	vt. 使疏远，离间，转让[法] 转让，让与，疏远
sting	stiŋ	n. 叮，刺痛，刺激，讽刺vt. 叮，刺痛，刺激，使苦恼vi. 叮，刺痛
pore	pɒ:	n. 毛孔，小孔，气孔vi. 专心阅读，细想，钻研，沉思，注视vt. 使注视得
regeneration	ri.dʒenә'reiʃәn	n. 再生，重建[化] 再生作用
pinpoint	'pinpɒint	n. 极小之物，针尖，立锥之地，精确位置vt. 精确地找到，准确地轰炸，刺穿，准确描述，使突出，强调a. 针尖的，极微的，精确的，详尽的，精确定位的
glamour	'glæmә	n. 魅力，迷人的美，魔法vt. 迷惑
bloc	blɒk	n. 集团
tutorial	tju:'tɒ:riәl	n. 个别指导，论文，学习指南，指导手册a. 个别指导的，家庭教师的，辅导的[计] 教程
fragrance	'freigrәns	n. 芬芳，香味
converge	kәn'vә:dʒ	vi. 聚合，集中于一点vt. 使集合
porcelain	'pɒ:slin	n. 瓷器，瓷a. 瓷制的
cork	kɒ:k	n. 软木塞，软木树，软木[化] 木栓
ore	ɒ:	n. 矿石[经] 矿
retort	ri'tɒ:t	n. 反驳，顶嘴，蒸馏器，曲颈甑vi. 反驳，回嘴，反击vt. 反击，反驳，蒸馏
cycling	'saikliŋ	n. 骑脚踏车兜风，骑脚踏车消遣[机] 循环操作
aquatic	ә'kwætik	n. 水生动物，水生植物a. 水生的，水中的，水上的
scum	skʌm	n. 浮渣，糟粕，浮藻，熔渣，不起好作用的人vt. 撇去（浮沫）vi. 产生泡沫
equitable	'ekwitәbl	a. 公平的，公正的[法] 公平的，公正的，平衡法的
blush	blʌʃ	vi. 脸红，羞愧vt. 弄成红色n. 脸红
carving	'kɑ:viŋ	n. 雕刻品，雕刻，雕刻术
rig	rig	n. 装备，帆装vt. 装配，装扮，给船装帆，垄断，操纵
clamp	klæmp	n. 夹钳vt. 夹紧，强加
growl	graul	n. 吠声，咆哮声v. 怒吠，咆哮，吼
bamboo	bæm'bu:	n. 竹子[医] 竹类
pianist	'piәnist	n. 钢琴家，钢琴演奏者
heartbeat	'hɑ:tbi:t	n. 心跳
oxide	'ɒksaid	n. 氧化物[医] 氧化物
inclusive	in'klu:siv	a. 包含的，包括的
cucumber	'kju:kәmbә	n. 黄瓜[医] 黄瓜，胡瓜
crooked	'krukid	a. 弯曲的，歪的，邪恶的
lava	'lɑ:vә	n. 熔岩，火山岩[医] 火山石（一种顺势疗法药）
notation	nәu'teiʃәn	n. 记号，符号表示法，注释[计] 记数法
relay	'ri:lei	n. 驿马，替班，中继，接力vt. 分程传递，转播，使接替vi. 接力传送，转播
jog	dʒɒg	n. 轻推，轻撞，慢跑v. 轻推，（使）蹒跚行进，（使）慢跑
plateau	plæ'tәu	n. 高地，高原，（上升后的）稳定水平[医] 高原，平顶，坪
slaughter	'slɒ:tә	n. 残杀，屠杀，杀戮vt. 残杀，屠杀，亏本出售
heroine	'herәuin	n. 巾帼英雄，烈妇，女主角[化] 海洛因; 二醋吗啡; 二乙酰吗啡
retrospect	'retrәspekt	n. 回顾，追忆，回溯v. 回顾，追忆
mingle	'miŋgl	v. （使）混合
imperative	im'perәtiv	n. 命令，必要的事，规则，祈使语气a. 命令式的，急需的，势在必行的，强制的
humidity	hju:'miditi	n. 湿气，潮湿，湿度[计] 湿度
martyr	'mɑ:tә	n. 烈士，受苦者，受难者vt. 使成为烈士，使受苦
ominous	'ɒminәs	a. 恶兆的，不吉利的，预兆的
howl	haul	n. 嗥叫，吠声，号叫vi. 狂吠，咆哮，呼啸vt. 对……吼叫，狂喊着说
unreliable	.ʌnri'laiәbl	a. 不可靠的[法] 不可靠的，靠不住的
butcher	'butʃә	n. 屠夫，肉商，小贩vt. 屠宰，屠杀
muster	'mʌstә	n. 召集，集合，检阅，清单，花名册，样品vt. 召集，集合，应召vi. 集合，集中
tedious	'ti:diәs	a. 沉闷的，冗长乏味的
hamper	'hæpә	n. 食篮，阻碍物，食盒vt. 阻碍，使困累，妨碍，牵制
oblivious	ә'bliviәs	a. 遗忘的，健忘的，不知不觉的[法] 忘却的，健忘的，不在意的
imposing	im'pәuziŋ	a. 令人难忘的，壮丽的，威风的
narcotic	nɑ:'kɒtik	n. 麻醉药，镇静剂a. 麻醉的，催眠的
multitude	'mʌltitju:d	n. 多数，群众
degrade	di'greid	v. （使）降级，（使）退化
prolong	prәu'lɒŋ	vt. 延长，拖延，拖长[化] 冷凝管
lag	læg	n. 落后，囚犯，迟延，桶板，防护套a. 最后的vi. 落后，蹒跚，缓缓而行，滞后vt. 落后于，押往监狱，加上外套[计] 延迟; 落后
perpetual	pә'petʃuәl	a. 永久的，不断的，无期限的，没完没了的，四季开花的[经] 永远的，终身的，持续的
lash	læʃ	n. 鞭子，鞭打，睫毛，责骂，讽刺vt. 鞭打，摆动，扎捆，冲击，讽刺，煽动vi. 冲洗，鞭打，责骂
commonplace	'kɒmәnpleis	n. 寻常事，老生常谈，普通的东西a. 平凡的，普通的
refrain	ri'frein	n. 重复的话，叠句，副歌vi. 节制，避免，克制
mar	mɑ:	vt. 损毁，损伤，糟蹋n. 三月
pointed	'pɒintid	a. 尖的，有尖顶的，锐利的，率直的，显然的
envy	'envi	n. 羡慕，嫉妒vt. 羡慕，嫉妒
evade	i'veid	v. （巧妙地）逃脱，规避，逃避
devour	di'vauә	vt. 吞食，挥霍，吞没
misfortune	mis'fɒ:tʃәn	n. 不幸，灾祸，坏运气[法] 不幸事故，不幸，灾祸
harness	'hɑ:nis	n. 马具，挽具状带子，甲胄vt. 给……上挽具，驾驭，披上甲胄，利用……以产生动力
economical	.i:kә'nɒmikәl	a. 节俭的，经济的，合算的[经] 经济的，节约的
despatch	di'spætʃ	v. 派遣n. 派遣
radiate	'reidieit	vt. 放射，散发，辐射，传播，广播vi. 发光，辐射，流露a. 有射线的，辐射状的
pry	prai	n. 杠杆，窥探，好奇者vi. 打听，窥探vt. 撬动，撬开，费力得到
denomination	di.nɒmi'neiʃәn	n. 名称，教派，面额[经] 票面金额，名称，（度量衡）
redeem	ri'di:m	vt. 赎回，挽回，恢复，偿还，补偿[经] 履行（契约）, 买回，赎回
extravagant	ik'strævgәnt	a. 奢侈的，挥霍无度的，浪费的
grate	^reit	n. 炉格，炉篦，炉栅，火炉，壁炉，格栅vt. 装格栅于，磨擦，轧碎，磨碎，使焦急，触怒，使人烦躁，刺激，激怒vt.vi. 擦响，发出刺耳的尖厉声
metallic	mi'tælik	a. 金属的，含金属的，产生金属的[经] 金属的
boycott	'bɒikɒt	n. 联合抵制vt. 联合抵制
skim	skim	vt. 撇取浮沫，略读，掠过vi. 擦过，浏览n. 脱脂乳，擦过，表层物a. 撇去浮沫的
defer	di'fә:	vi. 推迟，延期，听从vt. 使推迟，使延期
curtail	kә:'teil	vt. 缩减，剥夺，简略[法] 剥夺特权
relinquish	ri'liŋkwiʃ	vt. 放弃，撤回，停止，松开，让与[法] 让与，把……交给，放弃
dispel	dis'pel	vt. 驱散，驱逐
derelict	'derilikt	a. 被抛弃了的，无主的，玩忽职守的n. 遗弃物，被遗弃的人，玩忽职守者
overhear	.әuvә'hiә	vt. 无意中听到，偷听
gracious	'greiʃәs	a. 亲切的，慈善的
outweigh	.aut'wei	vt. 比……重，比……重要，比……有价值
indispensable	.indis'pensәbl	n. 不可缺少之物a. 不可缺少的，责无旁贷的，绝对必要的
rejoice	ri'dʒɒis	vt. 使欢喜vi. 欣喜，高兴，庆祝
overthrow	.әuvә'θrәu	n. 推翻，瓦解，倾覆vt. 打倒，推翻，倾覆
flatter	'flætә	vt. 奉承，阿谀，使高兴[机] 平面锤
grumble	'grʌmbl	n. 怨言，满腹牢骚vi. 抱怨，发牢骚，发隆隆声vt. 抱怨
abrupt	ә'brʌpt	a. 突然的，唐突的，陡峭的，不连贯的
reckless	'reklis	a. 不介意的，大意的，鲁莽的，不顾后果的[法] 不注意的，粗心大意的，鲁莽的
partition	pɑ:'tiʃәn	n. 分割，隔离物，隔墙，财产分割vt. 区分，瓜分，隔开，分割[计] 分区; 划分
vengeance	'vendʒәns	n. 复仇，报仇[法] 报仇，复仇
slum	slʌm	n. 贫民窟vi. 访问贫民区
eradicate	i'rædikeit	vt. 根除，扑灭，根绝，消灭
ape	eip	n. 无尾猿[计] 应用程序评价
undue	.ʌn'dju:	a. 不适当的，过度的，未到期的[经] 未到（支付）期的
sprint	sprint	n. 短距离赛跑vi. 全速跑，冲刺vt. 全速跑过
influx	'inflʌks	n. 流入，河口，汇集[医] 注入，流入
greedy	'gri:di	a. 贪婪的，贪得的，贪吃的
ensue	en'su:	vi. 跟着发生，继起vt. 追求
banish	'bæniʃ	vt. 驱逐，消除[法] 驱逐，流放
augment	ɒ:g'ment	v. 增加，增长[计] 增加; 增量; 添加
solemn	'sɒlәm	a. 严肃的，郑重的，庄严的
informative	in'fɒ:mәtiv	a. 提供消息的，见闻广博的
amaze	ә'meiz	vt. 使吃惊
rectify	'rektifai	vt. 订正，矫正，改正，调正，校正，精馏，整流[化] 精馏
negligible	'neglidʒәbl	a. 可以忽略的，不足取的，无用的[医] 可不计的，可忽视的
brisk	brisk	a. 强烈的，寒冷而干燥的，活泼的vt. 使活泼vi. 活跃起来
eminent	'eminәnt	a. 显赫的，杰出的，有名的
obscene	ɒb'si:n	a. 淫秽的，猥亵的，讨人厌的，可憎的[法] 猥亵的，海洋的，污秽的
cradle	'kreidl	n. 摇篮，发祥地，孩提时代vt. 放在摇篮内，抚育vi. 刈割
inaccurate	in'ækjurit	a. 错误的，不准确的[化] 不精确
thriller	'θrilә	n. 使人激动的东西，使人毛骨悚然的东西，使人毛骨悚然的小说
pulp	pʌlp	n. 果肉，纸浆vt. 使化成纸浆，除去……果肉vi. 变成纸浆
shrewd	ʃru:d	a. 精明的，锐利的，剧烈的，机灵的，厉害的
clumsy	'klʌmzi	a. 笨拙的，不雅观的，粗陋的
seep	si:p	vi. 渗出，渗流，漏n. 小泉，水陆两用吉普车
cherish	'tʃeriʃ	vt. 珍爱，怀有，爱护
unravel	.ʌn'rævl	vt. 阐明，解决，解开vi. 散开
smuggle	'smʌgl	vt. 偷运，走私，私运vi. 走私
amidst	ә'midst	prep. 在……当中
visualize	'viʒuәlaiz	vt. 使看得见，使具体化，想象，设想vi. 想象，显形
agitation	.ædʒi'teiʃәn	n. 激动，焦虑，煽动，搅动，摇动[化] 搅拌; 搅拌作用
mint	mint	n. 薄荷，造币厂，巨额vt. 铸造，铸币，制造
paramount	'pærәmaunt	n. 首长，最高当局a. 最重要的，最高的，至上的
endow	in'dau	vt. 捐赠，捐助，赋予[法] 赠送财产给，分给寡妇一份遗产，授与
gale	geil	n. 狂风，大风，定期租金[经] 地租，年金
mythology	mi'θɒlәdʒi	n. 神话
rampant	'ræmpәnt	a. 猖獗的，蔓生的，猛烈的，跃立作扑击状的
scissors	'sizәz	pl. 剪刀[医] 剪
precipitate	pri'sipiteit	n. 沉淀物，凝结物，结果vt. 猛抛，使陷入，促成，使沉淀vi. 猛地落下a. 突然的，猛地落下的，轻率的
stipulate	'stipjuleit	v. 规定，保证
shred	ʃred	n. 碎布条，细片，少量v. 撕碎
exterior	ik'stiәriә	n. 外部，表面，外貌a. 外部的，外在的，表面的
turbulent	'tә:bjulәnt	a. 狂暴的，骚乱的，紊乱的
supersede	.sju:pә'si:d	vt. 代替，取代，接替[法] 替代，替换，充任
statesman	'steitsmәn	n. 政治家
unanimous	ju:'nænimәs	a. 意见一致的，无异议的
refreshing	ri'freʃiŋ	a. 使清爽的，有精神的，爽快的
dread	dred	n. 恐惧，可怕的人（或事）a. 可怕的，可怖的v. 恐惧，害怕
intellect	'intәlekt	n. 智力，出众的才华，知识分子[医] 智力，才智
versatile	'vә:sәtail	a. 多才多艺的，万用的，万向的
amuse	ә'mju:z	vt. 消遣，娱乐，使发笑
brittle	'britl	a. 易碎的，脆弱的，易坏的[机] 脆的，脆性的，易碎的
dizzy	'dizi	a. 晕眩的，眼花缭乱的vt. 使晕眩
subside	sәb'said	vi. 沉淀，沉降，平息
vomit	'vɒmit	vt. 吐出，呕吐vi. 呕吐n. 呕吐，呕吐物，催吐剂
pilgrim	'pilgrim	n. 旅行者，朝圣者，香客vi. 朝圣
facet	'fæsit	n. （多面体的）面，方面，琢面[医] 小平面，小面
improvise	'imprәvaiz	vt. 即席创作，临时做
hereditary	hi'reditәri	a. 世袭的，遗传的[医] 遗传的
impede	im'pi:d	vt. 妨碍，阻碍，阻止
outspoken	.aut'spәukәn	a. 直言无讳的，坦率的，坦白无隐的
petal	'petәl	n. 花瓣[医] 花瓣
falter	'fɒ:ltә	vt. 支吾地说vi. 支吾，蹒跚地走n. 颤抖，支吾，踌躇
cliche	'kli:ʃei	n. 陈腔滥调，凸印版a. 陈腐的
barren	'bærәn	a. 不育的，贫瘠的n. 荒地
hinge	hindʒ	n. 铰链，关键，枢纽vt. 装铰链vi. 靠铰链移动，依……而转移
dole	dәul	n. 救济品，失业救济金vt. 发放救济
mundane	'mʌndein	a. 现世的，世俗的，宇宙的
prerogative	pri'rɒgәtiv	n. 特权，君权，职权a. 特权的，行使特权的
shutter	'ʃʌtә	n. 百叶窗，关闭物，照相机快门，关闭者vt. 为……装百叶窗，以百叶窗遮闭
twig	twig	n. 小枝，细枝v. 懂得，了解
strait	streit	n. 海峡，困境a. 困难的，窘迫的，狭窄的
reciprocal	ri'siprәkl	a. 互惠的，相互的，相等的，倒数的，彼此相反的n. 倒数，互相起作用的事物
trumpet	'trʌmpit	n. 喇叭，小号，喇叭声vi. 吹喇叭vt. 用喇叭吹出，吹嘘
outright	'autrait	a. 率直的，完全的，总共的，直率的adv. 完全地，率直地，立刻地，一直向前
racket	'rækit	n. 球拍，喧闹，杂乱无章vi. 喧闹vt. 用球拍打
assimilate	ә'simileit	vt. 使同化，吸收，使相拟，把……比作vi. 被吸收，被同化
trickle	'trikl	n. 滴，细流vi. 滴，细细地流vt. 使滴，使小量流动[计] 信息透露
presumption	pri'zʌmpʃәn	n. 专横，放肆，假定，推测[法] 假定，推测，设想
perennial	pә'reniәl	a. 常年的，长期的，反复的[医] 多年生的
exempt	ig'zempt	n. 免税者，被免除义务者a. 免除的vt. 使免除，豁免
obsolete	'ɒbsәli:t	a. 荒废的，成废物的，陈旧的，老式的n. 废词，废物
recycled	ˌri:ˈsaikld	v. 回收利用（ recycle的过去式和过去分词 ）; 再利用; 再次应用; 重新使用（概念、方法、玩笑等）
sparkle	'spɑ:kl	n. 闪耀，火花，活力，发泡vi. 闪耀，冒火花vt. 使闪耀
wail	weil	n. 恸哭，哀号，嚎啕，呼啸（声）vi. 恸哭，呼啸，悲叹，哀号，嚎啕
tramp	træmp	n. 坚实（或沉重）的脚步声，流浪者vi. 践踏，重步行走，步行，流浪vt. 走过，踩
bunk	bʌŋk	n. 铺位，废话，逃走vi. 逃跑，睡在铺上vt. 提供铺位
receptionist	ri'sepʃәnist	n. 接待员
willow	'wilәu	n. 柳树，柳木制品a. 柳树的，柳木制的
salvage	'sælvidʒ	n. 海上救助，抢救，打捞，抢救出来的财物vt. 海上救助，抢救，打捞，营救[计] 文件恢复程序
anecdote	'ænikdәut	n. 轶事，奇闻
workload	'wә:klәud	n. 工作量[化] 工作量
truce	tru:s	n. 停战，休战vi. 停战，休止vt. 以休战结束
congestion	kәn'dʒestʃәn	n. 拥挤，充血[计] 拥挤，拥塞
indicative	in'dikәtiv	a. 指示的，象征的，表示……的[经] 指标的
boots	bu:ts	n. （英）擦靴的仆役；靴子（boot的复数）
buckle	'bʌkl	n. 皮带扣，扣子vt. 扣住，使弯曲vi. 扣住，变弯曲，屈服
scotsman	'skɔtsmәn	n. 苏格兰人
freak	fri:k	n. 畸形人，畸形物，不正常的事物，反复无常a. 奇异的，反常的
salute	sә'lu:t	vi. 行礼，致意，问候，放礼炮vt. 向……致意，迎接，赞扬n. 招呼，敬礼，礼炮
swarm	swɒ:m	n. 群，大群，蜂群，分蜂群vi. 分群，群集，聚集一块，云集，攀vt. 挤满，爬，攀
conservatory	kәn'sә:vәtәri	a. 保存性的，有保存力的n. 温室，音乐学校
mitigate	'mitigeit	vt. 温和，缓和，减轻[医] 缓和，减轻
stoop	stu:p	n. 佝偻，屈从，弯腰vi. 弯下，屈从，弯腰，堕落vt. 使屈从，使弯曲
tow	tәu	n. 拖，拖绳，拖轮vt. 拖，拉，牵引
infirmary	in'fә:mәri	n. 医院，养老院[医] 医务所，医务室，小医院
grit	grit	n. 砂砾，粗砂石vt. 覆以砂砾，咬牙切齿地说vi. 摩擦作声
fend	fend	vt. 击退，保护，供养
lavish	'læviʃ	a. 大方的，丰富的，浪费的vt. 浪费，滥用，慷慨给予
ballroom	'bɒ:lrum	n. 舞厅，跳舞场
flux	flʌks	n. 流出，涨潮，变迁vi. 熔化，流出vt. 使熔融[计] 助焊剂
motto	'mɒtәu	n. 箴言，座右铭，警句
vegetarian	.vedʒi'tєәriәn	n. 素食者，食草动物a. 素食的
sportsman	'spɒ:tsmәn	n. 运动员，冒险家
banquet	'bæŋkwit	n. 宴会
phenomenal	fi'nɒminәl	a. 现象的，能知觉的，异常的，显著的，惊人的
discrete	dis'kri:t	a. 不连续的，离散的[计] 离散的
bouquet	bu'kei	n. 花束[医] 丛，酒香，末梢分极
anyhow	'enihau	adv. 无论如何，至少
trek	trek	vi. 牛拉货车，艰苦跋涉n. 牛车旅行，艰苦跋涉
furnace	'fә:nis	n. 火炉，熔炉，考验vt. 在炉中烧
pigment	'pigmәnt	n. 色素，色质，颜料[化] 颜料
preface	'prefis	n. 序，绪言，前言vi. 作序，写前言vt. 给……作序，以……开始
nuance	nju:'ɑ:ns	n. 细微差别
touching	'tʌtʃiŋ	a. 动人的，令人同情的
caption	'kæpʃәn	n. 说明，字幕，标题vt. 加上标题，加上说明[计] 标题
centenary	sen'ti:nәri	n. 一百年a. 一百年的
barber	'bɑ:bә	n. 理发师
malaria	mә'lєәriә	n. 疟疾，瘴气[医] 疟[疾]
scant	skænt	a. 不充分的，不足的vt. 减少，吝啬，限制，藐视，忽略
allergic	ә'lә:dʒik	a. 对……过敏的，极反感的[医] 变应性的
gamble	'gæmbl	n. 赌博，冒险v. 赌博，孤注一掷
bounty	'baunti	n. 慷慨，宽大，礼物[经] 奖励金，补贴
console	kәn'sәul	vt. 安慰，藉慰n. 控制台[计] 控制台
rainfall	'reinfɒ:l	n. 降雨，降雨量[经] 降雨量
proxy	'prɒksi	n. 代理，代理人，委托书[经] 代理人，代表权，授权书
paddle	'pædl	n. 桨，划桨，明轮翼vi. 划桨，戏水，涉水vt. 用桨划，划船运送，搅，拌
homogeneous	.hәumә'dʒi:niәs	a. 同种的，同质的，齐性的[医] 同种的，纯一的，同质的，均匀的
singular	'siŋgjulә	n. 单数a. 异常的，单一的
captive	'kæptiv	n. 俘虏，迷恋者a. 被俘的，被迷住的
curly	'kә:li	a. 拳曲的，卷毛的，弯曲的
duplicate	'dju:plikeit	n. 副本，复本，复制品a. 复制的，二重的vt. 复制，使加倍[计] 复制
nought	nɒ:t	n. 没有，零，无
germ	dʒә:m	n. 细菌，种子，生殖细胞，根源[医] 芽胞，胚，胚芽，病菌
hysterical	his'terikәl	a. 歇斯底里的，异常兴奋的[医] 癔病的，歇斯底里的
chic	ʃi:k	n. 漂亮，别致的款式a. 漂亮的，别致的
sprawl	sprɒ:l	vi. 伸开手足躺，爬行，蔓生，蔓延vt. 懒散地伸开，使蔓生，使不规则地伸展n. 伸开手足躺卧姿势
overflow	.әuvә'flәu	n. 溢值，超值，泛滥v. （使）泛滥，（使）溢出，（使）充溢[计] 上溢; 溢出
bibliography	.bibli'ɒgrәfi	n. 参考书目[计] 书目; 文献目录
carton	'kɑ:tn	n. 硬纸盒，纸板箱[化] 卡纸
metabolism	mi'tæbәlizm	n. 新陈代谢，变态[化] 新陈代谢; 代谢
dissertation	.disә'teiʃәn	n. 论文
opaque	әu'peik	n. 不透明物a. 不透明的，不传热的，不传导的，阴暗的[计] 白底
nausea	'nɒ:ʃjә	n. 反胃，晕船，恶心，厌恶[医] 恶心
numb	nʌm	a. 麻木的，失去知觉的vt. 使麻木，使昏迷，使失去知觉
yen	jen	n. 日元（日本货币单位）, 渴望，嗜好vi. 渴望
gleam	gli:m	n. 光束，微光，反光vi. 闪烁，隐约地闪现vt. 使发微光，使闪烁
humiliate	hju:'milieit	vt. 使丢脸，使蒙羞，屈辱
multilateral	.mʌlti'lætәrәl	a. 多边的，多国的[经] 多边的，涉及多方的
extinct	ik'stiŋkt	a. 熄灭的，灭绝的，耗尽的[法] 消灭了的，过时的，无效的
unilateral	.ju:ni'lætәrәl	a. 单方面的，单边的，片面的[医] 单侧的，一侧的
outlaw	'autlɒ:	n. 被剥夺法律保护的人，罪犯vt. 使……失去法律保护，将……逐出社会，宣告非法，取缔
cripple	'kripl	n. 跛者，残废vt. 使跛，使成残废，削弱a. 跛的，残废的
waver	'weivә	n. 动摇，踌躇，挥动者vi. 摇摆，颤抖，摆动，摇曳，犹豫
prophecy	'prɒfәsi	n. 预言，预言能力
bandage	'bændidʒ	n. 绷带[化] 帘布筒; 实心轮胎; 紧带; 绷带
hoist	hɒist	n. 升高，起重机，推动v. 升起，升高，举起
tangle	'tæŋgl	n. 缠结，纠结的一团，困惑，纠纷，混乱vt. 使缠结，缠住vi. 缠结，乱作一团
jagged	'dʒægd	a. 锯齿状的[电] 锯齿形的
lapse	læps	n. 过失，流逝，失效vi. 犯错，堕落，减退，消失，流逝vt. 使失效
aggravate	'ægrәveit	vt. 使恶化，使更严重，加重
paralyse	'pærәlais	vt. 使麻痹，使瘫痪，使无力，使气馁，终止[医] 使麻痹，使瘫痪
utmost	'ʌtmәust	n. 极限，最大限度，极度a. 极度的，最远的
obstruct	әb'strʌkt	vt. 阻隔，妨碍，阻塞，遮没vi. 设障碍
override	.әuvә'raid	vt. 推翻，无视，对……有最后发言权，制服，践踏，奔越过[经] 代理佣金，代销佣金
depress	di'pres	vt. 使沮丧，压低，降低，使萧条[化] 推下
notch	nɒtʃ	n. 刻痕，等级，峡谷vt. 刻凹痕，用刻痕计算，赢得
attentive	ә'tentiv	a. 注意的，留心的
perish	'periʃ	vi. 毁灭，丧生，凋谢，颓丧，死亡，腐烂vt. 毁坏，使麻木，使丧生，耗尽
hectic	'hektik	a. 脸上发红，发热的，潮热的，肺病的n. 脸红，潮热病人
emigrate	'emigreit	v. （使）移居，（使）移民
haste	heist	n. 匆忙，急忙
surname	'sә:neim	n. 姓，别号，绰号vt. 呼以姓氏，起绰号
deflect	di'flekt	vt. 转移，使偏斜vi. 偏斜
anthem	'ænθәm	n. 圣歌，赞美诗
vanity	'væniti	n. 虚荣心，虚无，自负，空虚，时髦的小摆饰
limp	limp	n. 跛行a. 柔软的，无力的，软弱的vi. 跛行
meagre	'mi:^ә(r)	a. 瘦的，不毛的，贫乏的，贫弱的，少量的，力量不够的，质不高的，量不足的
traveling	'trævliŋ	a. 旅行的，旅行用的，移动的
ludicrous	'lu:dikrәs	a. 可笑的，滑稽的，荒唐的
compress	kәm'pres	vt. 压缩，压紧vi. 受压缩小[计] 压缩程序
impart	im'pɑ:t	vt. 给予，传授，告知
mortal	'mɒ:tәl	n. 生物，人类a. 不免一死的，人类的，临终的
ascend	ә'send	vi. 上升，追溯，登高vt. 攀登
exceedingly	ik'si:diŋli	adv. 极端地，极度地，非常
ultraviolet	.ʌltrә'vaiәlit	a. 紫外线的[化] 紫外线的; 紫外线
perverse	pә'vә:s	a. 乖张的，故意作对的，有悖常情的，执迷不悟的，歪曲的，错误的，不正当的[法] 邪恶的，罪恶的:堕落的，不合法的
pageant	'pædʒәnt	n. 盛会，游行，虚饰，露天表演
gloss	glɒs	n. 光彩，假象，注释vt. 使光彩，掩盖，上光于，注释，曲解vi. 发光，作注释
unhealthy	.ʌn'helθi	a. 不健康的
havoc	'hævәk	n. 大破坏，蹂躏vt. 严重破坏
bilingual	bai'liŋgwәl	a. 双语的
ingenious	in'dʒi:njәs	a. 灵敏的，精巧的，聪明的
robber	'rɒbә	n. 强盗，盗贼
sparse	'spɑ:s	a. 稀疏的，稀稀落落的，稀薄的
precarious	pri'kєәriәs	a. 不稳定的，不安的，危险的
erratic	i'rætik	n. 古怪的人，漂泊无定的人a. 不稳定的，奇怪的
magnify	'mægnifai	vt. 放大，扩大，赞美，夸大vi. 有放大能力
acquaint	ә'kweint	vt. 使认识，介绍
rot	rɒt	n. 腐烂，腐蚀，败坏vi. 腐烂，烂，堕落，憔悴vt. 使腐烂，使腐朽，使堕落
auditorium	.ɒ:di'tɒ:riәm	n. 听众席，礼堂[医] 大讲堂，大会堂
complexion	kәm'plekʃn	n. 肤色，情况，局面[医] 体质; 面色，面容
agreeable	ә'griәbl	a. 令人愉快的，同意的[医] 佳适的
stern	stә:n	n. 尾部，船尾，臀a. 严厉的，严格的，坚定的，坚决的
mischief	'mistʃif	n. 损害，伤害，灾祸，恶作剧，淘气[法] 损害，伤害，危害
defiance	di'faiәns	n. 蔑视，挑战[法] 挑战，藐视，违抗
luminous	'lu:minәs	a. 发光的，明亮的[医] 发光的
shear	ʃiә	n. 修剪，剪下的东西，大剪刀，切变，剪切机，切vt. 修剪，割，剥夺，横越，削剪vi. 剪，修剪，剪羊毛，切断
amplify	'æmplifai	vt. 增强，放大，扩大，详述vi. 引伸
lofty	'lɒfti	a. 高的，傲慢的，崇高的，高级的，玄虚的
foyer	'fɔiei	n. 门厅，入门大堂
terrestrial	tә'restriәl	n. 地球上的人a. 地球的，陆生的，陆地的，人间的
permeate	'pә:mieit	vt. 弥漫，渗透，充满，影响，感染vi. 透入，散布
feeble	fi:bl	a. 微弱的，衰弱的，无效的[医] 无力的，衰弱的
esteem	i'sti:m	n. 尊敬，尊重vt. 尊敬，尊重，认为
buoyant	'bɒiәnt	a. 有浮力的，心情愉快的[经] 降而复升的，保持高价的，遂之而升的
elapse	i'læps	vi. 逝去，过去n. 逝去，过去
precedence	pri'si:dns	n. 优先，居先[计] 先后次序; 优先规定
afflict	ә'flikt	vt. 使苦恼，折磨
housekeeping	'hauski:piŋ	n. 家事，家政，持家[计] 内务处理
browse	brauz	v. 浏览，吃草n. 浏览，吃草[计] 浏览
traverse	'trævә:s	n. 越过，横贯，横断物，屏障，否认，反驳vt. 横过，穿过，经过，详细研究，反对，在……来回移动vi. 横越，横断，旋转，来回移动a. 横亘的，横贯的
thermometer	θә'mɒmitә	n. 温度计，体温计[化] 温度计
disdain	dis'dein	n. 蔑视vt. 蔑视，鄙弃
fluent	'flu:әnt	a. 流利的，流畅的
vibrate	'vaibreit	vi. 振动，颤动，激动，摇摆，踌躇vt. 使颤动，使振动，使摆动
stationary	'steiʃ(ә)nәri	a. 不动的，静止的，不变的，固定的，停留的[计] 定常，定态，固定的
brew	bru:	n. 酿造酒，酝酿v. 酿造，酝酿
mileage	'mailidʒ	n. 英里数[经] 运费（按英里计算的）
credentials		n. 信任状，国书，文件，身份证明，证书[法] 信用证，国书，证书
oust	aust	vt. 逐出，罢黜，剥夺，驱逐[法] 驱逐，剥夺，免职
cunning	'kʌniŋ	a. 狡猾的，巧妙的，可爱的[法] 狡猾的的，狡诈的，熟练的
contrive	kәn'traiv	v. 发明，设计，图谋
ghastly	'gɑ:stli	a. 可怕的，惨白的，极坏的adv. 可怖地，惨白地
deplore	di'plɒ:	vt. 悲悼，哀叹，对……深感遗憾
berth	bә:θ	n. 船岸之间的水区，锚地，卧铺vi. 停泊vt. 使停泊
vain	vein	a. 无价值的，徒然的，空虚的，自负的，愚蠢的
marrow	'mærәu	n. 髓，骨髓，精华，活力，配偶[医] 髓（尤指骨髓）
jumble	dʒʌmbl	vi. 搀杂，混杂vt. 搞乱，使混乱n. 混乱，薄饼
assorted	ә'sɒ:tid	a. 各种各样的，分类的
grieve	gri:v	vt. 使悲伤vi. 悲痛，伤心
postage	'pәustidʒ	n. 邮资[经] 邮费，邮资
fuse	fju:z	n. 保险丝，导火线v. 熔化，融合
dissipate	'disipeit	vt. 散失，驱散，浪费vi. 消散，放荡
vogue	vәug	n. 时尚，时髦，流行a. 流行的，时髦的
bulge	bʌldʒ	n. 胀，膨胀vi. 凸出vt. 使膨胀
quarterly	'kwɔ:tәli	a. 季度的，按季度的，每季的adv. 按季，每三个月，每季一次n. 季刊
misuse	.mis'ju:z	n. 误用，滥用vt. 误用，滥用，虐待
pertinent	'pә:tinәnt	a. 相关的，中肯的，切题的[法] 恰当的，有关的
manure	mә'njuә	n. 肥料，粪肥vt. 施肥于
crocodile	'krɒkәdail	n. 鳄鱼
molest	mә'lest	vt. 妨碍，干扰，调戏[法] 调戏，作弄，恶意干涉
detrimental	.detri'mentәl	a. 有害的
thorn	θɒ:n	n. 刺，棘，荆棘
videotape		n. 录相磁带vt. 把电视节目录在录像磁带上
approximate	ә'prɒksimәt	a. 大约的，接近的，近似的vt. 接近，使接近，粗略估计vi. 接近于
procure	prәu'kjuә	vt. 获得，取得，导致vi. 拉皮条
vulgar	'vʌlgә	a. 粗俗的，庸俗的，普通的，通俗的，方言的[法] 庸俗的，卑下的，粗俗的
vocation	vәu'keiʃәn	n. 职业，天命，天职，才能，行业[法] 行业，职业，职业上的才能
stale	steil	n. 尿a. 不新鲜的，陈腐的，疲惫的，陈旧的vt. 使变旧，走味vi. 变陈旧，走味，失时效，撒尿
fret	fret	n. 烦躁，磨损，焦急，网状饰物vi. 烦恼，不满，磨损vt. 使烦恼，腐蚀，使磨损，使起波纹
errand	'erәnd	n. 任务，差使，使命
psychiatry	sai'kaiәtri	n. 精神病学，精神病治疗[医] 精神病学
prelude	'prelju:d	n. 前奏，序幕，序诗，前奏曲vi. 作为前奏vt. 作为……的开头
elastic	i'læstik	n. 松紧带，橡皮筋a. 有弹性的，能伸缩的，可通融的
traitor	'treitә	n. 叛逆者，叛国者[法] 叛徒，叛逆，背信者
permissible	pә'misәbl	a. 可允许的，可容许程度的[机] 容许，允许
traction	'trækʃәn	n. 曳，牵引，牵引力[医] 牵引
lame	leim	a. 跛足的，僵痛的，不完全的，金属薄板，不知内情的人vi. 变跛vt. 使成残废，使无用
paralysis	pә'rælisis	n. 麻痹，停顿，瘫痪[医] 麻痹，瘫痪
tempo	'tempәu	n. 速度，节奏，进行速度，（棋的）一着
fleeting		a. 疾驰的，短暂的，飞逝的
wane	wein	n. 减少，衰微，败落，亏缺，月亏vi. 变小，亏缺，衰落，消逝，退潮
aboriginal	.æbә'ridʒәnәl	a. 原始的，土著的n. 土著居民，土生生物
watchdog	'wɒtʃdɒg	n. 看门狗，监察人[化] 监控设备; 监视器
prolific	prәu'lifik	a. 有生殖力的，多产的，丰富的[医] 多育的，多产的，繁殖的
rectangle	'rektæŋgl	n. 长方形，矩形[化] 矩形
stationery	'steiʃәnәri	n. 文具，信纸[法] 文具
periphery	pә'rifәri	n. 外围，边缘地区，圆周[医] 外周，周围
flask	flæsk	n. 细颈瓶，烧瓶，小水瓶[化] 瓶; 烧瓶
trinity	'triniti	n. 三人一组，三个一组的东西，三位一体
zest	zest	n. 兴趣，热情，风味，热心vt. 给……调味
translucent	træns'lu:snt	a. 半透明的，透明的
rouse	rauz	n. 觉醒，奋起，干杯vt. 唤醒，鼓舞，激动，使振奋，惊起vi. 醒来，奋起
avalanche	'ævәlɑ:ntʃ	n. 雪崩，山崩，大量vi. 崩塌vt. 大量涌至
sluggish	'slʌgiʃ	a. 偷懒的，懒惰的，迟钝的[经] 萧条的，呆滞的
grope	grәup	v. 摸索n. 摸索
microbe	'maikrәub	n. 微生物，细菌[医] 微生物
gust	gʌst	n. 突然一阵，趣味，爱好
excavate	'ekskәveit	v. 挖空，挖出，凿通
metric	'metrik	a. 公尺的，公制的，计量的[医] 测量的，米制的，公制的
expulsion	ik'spʌlʃәn	n. 逐出，开除，驱逐，排气[医] 逼出
predominant	pri'dɒminәnt	a. 占主导地位的，卓越的[法] 占优势的，支配其他的，主要的
fidelity	fi'deliti	n. 忠实，诚实，忠诚，保真度[电] 逼真度
periodical	.piәri'ɒdikl	n. 期刊a. 定期出版的，（有关）期刊的，间歇（性的）, 周期的，定期的
decipher	di'saifә	vt. 译解，解释n. 密电译文
deplete	di'pli:t	vt. 耗尽，使衰竭[医] 排除，减少
propagate	'prɒpәgeit	vt. 繁殖，传播，传送vi. 繁殖，蔓延
proficiency	prә'fiʃәns	n. 精通，熟练，精练
landlady	'lændleidi	n. 女房东，女地主
archaic	ɑ:'keiik	a. 古体的，过时的，古老的，古代的[医] 原始的，古代的
adept	ә'dept	a. 熟练的，老练的，巧妙的n. 能手，内行
shabby	'ʃæbi	a. 衣衫褴褛的，低劣的，破旧的，吝啬的，卑鄙的
outdated	.aut'deitid	a. 旧式的，落伍的，过时的
subtract	sәb'trækt	vt. 减去，扣掉，减少vi. 做减法[计] 减
nourish	'nә:riʃ	vt. 滋养，使健壮，怀有
syndicate	'sindikit	n. 企业联合，辛迪加，财团v. 联合成辛迪加
scold	skәuld	n. 好骂街的人，责骂v. 责骂
infringe	in'frindʒ	v. 破坏，侵犯，违反
inspiring	in'spaiәriŋ	a. 鼓舞人心的
rust	rʌst	n. 锈，生锈，衰退vi. 生锈，衰退vt. 使生锈，腐蚀
insulate	'insjuleit	vt. 使绝缘，隔离[医] 绝缘
anthology	æn'θɒlәdʒi	n. 选集，诗选
unconditional	.ʌnkәn'diʃәnl	a. 无条件的，无限制的，绝对的[经] 无条件的，无保留的
audition	ɒ:'diʃәn	n. 听，听力，试听[计] 审计命令
projector	prә'dʒektә	n. 计划人，发起人，规划人，放映机，映画器，幻灯机，幻灯，探照灯，发射器[计] 投影仪
eloquent	'elәkwәnt	a. 雄辩的，有口才的，有说服力的
oasis	әu'eisis	n. 绿洲，舒适的地方[医] 绿洲（沙漠中）, 健岛（病变区中的健康组织）
melbourne	'melbәn	n. 墨尔本
telling	'teliŋ	a. 有效的，显著的，显露内心活动的
monstrous	'mɒnstrәs	a. 巨大的，畸形的，怪异的[法] 巨大的，异形的，畸形的:荒诞的
exposition	.ekspә'ziʃәn	n. 阐述，讲解，说明，博览会，展览会[经] 展览会，集市，义卖市场
monologue	'mɔnәlɔ^	n. 独白，独脚戏，独白场面，（非正式）（贬）滔滔不绝的话
feud	fju:d	n. 不和，封地，争执vi. 长期不和，擦亮
audible	'ɒ:dәbl	a. 听得见的[电] 可闻的
idiom	'idiәm	n. 习语，成语，惯用语法，方言
fabricate	'fæbrikeit	vt. 制造，建造，装配，伪造
wrench	'rentʃ	n. 扳钳，扳手，扭伤，歪曲，痛苦vt. 猛扭，扭伤，曲解，折磨vi. 猛扭，猛绞
thaw	θɒ:	n. 融解，融化，解冻时期vt. 使融解，使缓和vi. 融化，解冻
slit	slit	n. 裂缝，投币口，狭长裂口vt. 切开，扯裂，使有狭缝vi. 纵切，纵裂
magnate	'mægneit	n. 大官，巨头[法] 大官，权贵，大资本家
taboo	tә'bu:	n. 禁忌，禁止接近，禁止使用a. 禁忌的，忌讳的vt. 禁忌，忌讳，禁止
interrogate	in'terәgeit	vt. 质问，讯问，审问vi. 质问，讯问
mediocre	.mi:di'әukә	a. 不好不坏的，通常，平凡的
detergent	di'tә:dʒәnt	n. 清洁剂[化] 洗涤剂
encyclopedia	in.saiklәu'pi:diә	n. 百科全书
remorse	ri'mɒ:s	n. 懊悔，良心不安，自责，同情[法] 悔恨，自责，懊悔
malignant	mә'lignәnt	a. 有恶意的，恶性的，有害的[化] 恶性的
scroll	skrәul	n. 卷轴，画卷，名册，条幅，滚动v. （使）成卷形[计] 滚动
alloy	'ælɒi. ә'lɒi	n. 合金vt. 将……铸成合金，减低成色vi. 合铸
touring	'tuәriŋ	n. 游览a. 游览的
parody	'pærәdi	n. 打油诗文，诙谐的模仿诗文，拙劣的模仿vt. 拙劣模仿，作模仿诗文
yawn	jɒ:n	n. 哈欠vi. 打哈欠，裂开vt. 打着哈欠说
neutralize	'nju:trәlaiz	vt. 使中立，使成中立地带，使中和，抵销vi. 中立化，变无效，中和
paranoia	.pærә'nɒiә	n. 偏执狂，多疑症[法] 妄想狂，偏执狂
reptile	'reptail	n. 爬行动物，爬虫，卑鄙的人a. 爬行的，爬虫类的，卑鄙的
majestic	mә'dʒestik	a. 宏伟的，庄严的
resilience	ri'ziliәns	n. 弹回，有弹力，恢复力[化] 回弹; 弹性; 弹回性; 回能; 弹能
edible	'edibl	n. 食品，食物a. 可食用的
bumper	'bʌmpә	n. 缓冲器，满杯a. 大胜利的
expend	ik'spend	vt. 花费，消耗，用光
hilarious	hi'lєәriәs	a. 喜不自禁的，欢闹的，引人发笑的
tertiary	'tә:ʃiәri	a. 第三的，第三位的，第三产业的n. 第三修道会会员，第三纪第三的; 三代的（指无机盐）
bribe	braib	n. 贿赂vt. 贿赂，收买vi. 行贿
automation	.ɒ:tә'meiʃәn	n. 自动化，自动操作[计] 自动学; 自动化
depletion	di'pli:ʃәn	n. 消耗，耗尽，放血[医] 排除，缺失（液体）, 衰竭[状态]（由于缺液）
generalize	'dʒenәrәlaiz	vt. 一般化，概括，推广vi. 形成概念，笼统讲
enrolment	in'rәulmәnt	n. 登记，注册，入伍，入学，入会，注册人数，入学人数
dwindle	'dwindl	vi. 减少，缩小，衰落vt. 使缩小
transistor	træn'zistә	n. 晶体管[化] 晶体管
quiver	'kwivә	n. 震动，颤抖，箭袋vi. 颤抖，振动vt. 使颤动a. 敏捷的
glitter	'glitә	n. 灿烂，闪烁，辉耀vi. 灿烂，闪烁，辉耀
propulsion	prә'pʌlʃәn	n. 推进，推进力[医] 前冲，慌张步态
antarctic	ænt'ɑ:ktik	a. 南极的，南极地带的n. 南极地区
temperate	'tempәrәt	a. 温和的，适度的，有节制的，温带的
funnel	'fʌnl	n. 漏斗，漏斗状的东西，烟囱[化] 漏斗
fanatic	fә'nætik	n. 狂热者，盲信a. 狂热的，盲信的
thirst	θә:st	n. 口渴，渴望vi. 口渴，渴望
tame	teim	a. 驯服的，柔顺的，被开垦的，顺从的，乏味的，平淡的vt. 驯养，驯服，制服，失去锋芒vi. 变得驯服
jolt	dʒәult	n. 震摇，摇动，颠簸vi. 颠簸而行，震摇vt. 使颠簸，使慌张，猛击
ardent	'ɑ:dnt	a. 热心的，激动的，燃烧般的[医] 灼热的; 热心的
synonym	'sinәnim	n. 同义词
righteous	'raitʃәs	a. 公正的，正义的，正直的[法] 正直的，正当的，正义的
rave	reiv	n. 狂吼，狂暴v. 愤怒地说，叫嚷，咆哮
burrow	'bʌrәu	n. 洞穴，藏身处vi. 掘洞穴，躲藏vt. 掘，打洞
refund	'ri:fʌnd	n. 偿还vt. 付还，偿还借款vi. 归还，偿还
saline	'seilain	a. 盐的，苦涩的，由碱金属（或含镁之盐类）组成的n. 盐湖，盐田，碱盐泻药，生理盐水
smother	'smʌðә	vt. 使喘不过气，使窒息，闷熄，忍住，抑制，覆盖vi. 窒息，被抑制n. 浓烟，窒息状态，杂乱无章
eject	i'dʒekt	vt. 逐放，放逐，喷射[化] 排出
overdue	'әuvә'dju:	a. 过期的，未兑的，迟到的，早就成熟的[经] 过期未付的
censor	'sensә	n. 检查员vt. 检查，审查，删改
overhaul	.әuvә'hɒ:l	vt. 分解检查，翻修，精细检查，彻底革新n. 分解检查，精细检查，大检修
conducive	kәn'dju:siv	a. 有益于……的，有助于……的，助长的
disable	dis'eibl	vt. 使失去能力，使残废，（律）使无资格[计] 使无效，禁止，关闭
throng	θrɒ:ŋ	n. 群，人群，群集，众多a. 拥挤的vi. 群集，蜂拥vt. 在……群集，使拥塞
sanity	'sæniti	n. 神智健全，头脑清楚，通情达理[医] 精神健全
laden	'leidn	a. 装满的，负载的，苦恼的lade的过去分词
speaking	'spi:kiŋ	n. 谈话，演说a. 讲话的，适于说的，讲某种语言的
conscientious	.kɒnʃi'enʃәs	a. 有责任心的，负责的，本着良心的[法] 凭良心做的，有道德感的
fraught	frɒ:t	a. 含有……的，伴着……的，充满……的
innumerable	i'nju:mәrәbl	a. 无数的，数不清的
baffle	'bæfl	vt. 困惑，为难，使挫折vi. 徒作挣扎n. 迷惑，挡板
meticulous	mә'tikjulәs	a. 一丝不苟的，精确的，过细的
concerted	kәn'sә:tid	a. 商定的，协定的，一致的[法] 一致的，协力的，共同的
beset	bi'set	vt. 围绕，使苦恼，镶嵌
extinguish	ik'stiŋgwiʃ	vt. 熄灭，使消亡，压制，使减色[医] 消灭
pastime	'pæstaim	n. 消遣，娱乐，游戏
submerge	sәb'mә:dʒ	vt. 使浸水，使陷入，淹没vi. 潜入水中
strenuous	'strenjuәs	a. 奋发的，费劲的，艰苦的
saturate	'sætʃәreit	vt. 使渗透，浸透，使充满，使饱和a. 浸透的，饱和度高的，深颜色的n. 饱和化合物，饱和脂肪酸
consign	kәn'sain	vt. 交付，储蓄，委托，寄存[经] 托卖，寄存，寄销
vindicate	'vindikeit	vt. 辩护，证明……无辜，维护[法] 辩护，辩解，辩明
bookshelf	'bukʃelf	n. 书架
cumbersome	'kʌmbәsәm	a. 笨重的，麻烦的，累赘的
repel	ri'pel	vt. 逐退，抵制，使厌恶，抗御vi. 使厌恶，相互排斥
misgiving	mis'^iviŋ	n. 疑虑，不安，害怕，担扰，疑惧
ferocious	fә'rәuʃәs	a. 残忍的，凶猛的，可怕的
rehabilitate	.ri:hә'biliteit	vt. 恢复原状，修复，使康复[法] 恢复，使恢复心理健康，修复
cashier	kæ'ʃiә	n. 出纳员[经] 司库，出纳员，收支员
seismic	'saizmik	a. 地震的
itinerary	ai'tinәrәri	n. 旅程，旅行指南，游记a. 巡回的，旅程的
nibble	'nibl	n. 少量食物，细咬，轻咬，啃v. 一点一点地咬，细咬，吹毛求疵[计] 半字节
gush	gʌʃ	n. 涌出，滔滔不绝地讲话v. 涌出，迸出，滔滔不绝的讲话
overrun	.әuvә'rʌn	n. 蔓延，风行一时，超过限度vt. 蔓延，蹂躏，超过，泛滥vi. 泛滥，超载限度[计] 超限
barricade	.bæri'keid	n. 路障，障碍vt. 设路障于，阻碍
dormant	'dɒ:mәnt	a. 睡眠状态的，静止的[医] 休眠的，不活动的，休止的
madden	'mædn	vt. 使发狂，激怒vi. 发狂，发怒
sporadic	spәu'rædik	a. 偶尔发生的，零星发生的，分散的[医] 散在的，散发的
intermittent	.intә'mitәnt	a. 间歇的，断断续续的[化] 间歇的; 间断的
substantiate	sәb'stænʃieit	vt. 使实体化，证实[经] 确证
trample	'træmpl	n. 践踏（声）, 蹂躏v. 践踏，无视
degenerate	di'dʒenәreit	a. 堕落的vi. 退化，堕落vt. 使变质，使退化
concise	kәn'sais	a. 简洁的，简明的
symposium	sim'pәuziәm	n. 讨论会，座谈会，专题报告会，专题论文集
forerunner	fɒ:'rʌnә	n. 先驱，前兆
doze	dәuz	vi. 打瞌睡，假寐vt. 打瞌睡度过n. 瞌睡
janitor	'dʒænitә	n. 守卫，门警，管理人[医] 幽门
adjoin	ә'dʒɒin	v. 邻接，毗连
kernel	'kә:nl	n. 核心，中心，精髓，内核[计] 内核
inertia	i'nә:ʃә	n. 惯性，惰性，迟钝[化] 惯性
torrent	'tɒ:rәnt	n. 奔流，倾盆大雨，倾注，迸发
incite	in'sait	vt. 刺激，激励，引诱[法] 鼓动，煽动
forfeit	'fɒ:fit	n. 没收物，罚金，丧失vt. 没收，丧失a. 丧失了的
coerce	kәu'ә:s	vt. 强制，强迫
electrician	.ilek'triʃәn	n. 电学家，电气技师，电工[化] 电工; 电气工人
antagonism	æn'tægәnizm	n. 对立，敌对，敌意[化] 拮抗作用; 消效作用
overrule	.әuvә'ru:l	vt. 统治，威压，打败，驳回[法] 否决，驳回，批驳
detriment	'detrimәnt	n. 损害，损害物[法] 损害，伤害，危害
pervade	pә'veid	vt. 弥漫于，遍及于，流行于，蔓延，渗透于，充满
tributary	'tribjutәri	a. 支流的，纳贡的，从属的，辅助的n. 支流，纳贡者，属国
outcry	'autkrai	n. 尖叫，倒彩，强烈抗议，喊价vi. 喊叫vt. 叫得比……响
allot	ә'lɒt	vt. 分配，分摊指定[经] （按股或按规定）分配，配（拨）给，规（派）定
plunder	'plʌndә	n. 抢夺，掠夺品，战利品v. 掠夺，抢劫，抢夺
coward	'kauәd	n. 懦弱的人，胆小的人
haphazard	hæp'hæzәd	n. 偶然性，偶然事件a. 无计划的，偶然的，随便的adv. 偶然地
clockwise	'klɒkwaiz	a. 顺时针方向的adv. 顺时针方向地
hasty	'heisti	a. 匆匆的，轻率的，性怠的
treatise	'tri:tis	n. 论文，专著
purge	pә:dʒ	n. 净化，清除，泻药v. （使）净化，清除，（使）通便[计] 服务器文件删除实用程序
maiden	'meidn	n. 年轻未婚女子，少女，处女a. 未婚的，处女的，初次的，无经验的
malice	'mælis	n. 恶意，蓄意害人，怨恨[法] 预谋，蓄意，恶意
vigilant	'vidʒilәnt	a. 警觉的，警戒的，警惕的[法] 警醒的，警戒的，注意的
momentous	mәu'mentәs	a. 重大的，重要的
enlighten	in'laitn	vt. 教育，启发，启蒙，开导，教导
troupe	tru:p	n. 团，班，一伙vi. 巡回演出
onlooker	'ɔnljkә(r)	n. 旁观者，袖手旁观者
veterinarian	.vetәri'nєәriәn	n. 兽医[医] 兽医
dreary	'driәri	a. 沉闷的
omen	'әumәn	n. 预兆，前兆，征兆vt. 预示，有……的前兆，显出……的预兆
superstition	.sju:pә'stiʃәn	n. 迷信[法] 迷信
layman	'leimәn	n. 俗人，门外汉，凡人[医] 外行，业外人
evict	i'vikt	vt. 逐出，赶出，驱逐[法] 逐出，驱逐，没收
sabotage	'sæbәtɑ:ʒ	n. 怠工，破坏活动，破坏vi. 从事破坏活动vt. 妨害，破坏
subdue	sәb'dju:	vt. 使服从，压制，减弱，抑制，克制
pompous	'pɒmpәs	a. 爱炫耀的，虚夸的，盛大的
subtitle	'sʌb.taitl	n. 副标题
fluctuate	'flʌktʃueit	vi. 变动，起伏，动摇vt. 使波动，使动摇
conqueror	'kɒŋkәrә	n. 征服者，胜利者
commotion	kә'mәuʃәn	n. 骚动，暴乱[医] 震荡
weld	weld	n. 焊接处，焊接vt. 焊接，使密接，使结合，使成整体vi. 焊牢
scorn	skɒ:n	n. 轻蔑，藐视，嘲笑，被嘲弄的人vt. 轻蔑，不屑做
etiquette	eti'ket	n. 礼仪，礼节，成规[法] 规则，成规，礼节
miscarriage	mis'kæridʒ	n. 失败，误送，流产[医] 流产
queer	kwiә	n. 怪人，同性恋者a. 奇怪的，不舒服的，可疑的vt. 搞糟
diffuse	di'fju:z	v. 散播，传播a. 散开的，弥漫的
sanitary	'sænitәri	a. 卫生的n. 公共厕所
wither	'wiðә	vt. 使凋谢，使消亡，使畏缩vi. 枯萎，衰退
pounce	pauns	n. 猛扑，爪vi. 猛扑，突袭vt. 扑住
obligatory	ɒb'ligәtәri	a. 义务的，必须的，强制性的[法] 有拘束的，强制的，必须的
desolate	'desәlәt	a. 荒凉的
ransom	'rænsәm	n. 赎金，赎身，赎回vt. 赎，赎身，赎回，勒索赎金
indignant	in'dignәnt	a. 愤怒的，愤慨的
neurotic	nju'rɒtik	n. 神经症患者a. 神经质的，神经症的
blot	blɒt	n. 污点，墨水渍vt. 乱涂，使模糊，吸干vi. 弄上墨渍，吸墨水
tacit	'tæsit	a. 沉默寡言的，不苟言笑的，缄默的
protrude	prәu'tru:d	vi. 伸出，突出vt. 使伸出，使突出
trifle	'traifl	n. 琐事，少量vt. 浪费vi. 开玩笑，翻弄，虚度光阴
inert	i'nә:t	a. 惰性的，迟钝的，无活力的，呆滞的[医] 惰性的，无作用的，无效的
crumple	'krʌmpl	vt. 弄皱，压皱vi. 崩溃，变皱
pinnacle	'pinәkl	n. 小尖塔，尖峰，高峰，极点vt. 造小尖塔，置于尖顶上
acclaim	ә'kleim	n. 喝彩，欢呼，赞同v. 欢呼，喝彩，称赞
smelly	'smeli	a. 发臭的，有臭味的
legislate	'ledʒisleit	vi. 制定法律vt. 用立法规定
piety	'paiәti	n. 虔诚，孝敬，虔诚的行为
reimburse	.ri:im'bә:s	vt. 付还，偿还，赔偿[经] 偿付，赔还，付还; 偿还
tar	tɑ:	n. 焦油，柏油，水手vt. 涂以焦油，玷污，怂恿a. 焦油的
inaugurate	i'nɒ:gjureit	vt. 开始，举行……就职典礼
aptitude	'æptitju:d	n. 资质，才能，自然倾向[医] 资质，才能
henceforth	hens'fɒ:θ	adv. 自此以后，今后
filth	filθ	n. 污秽，不洁，猥亵[法] 污秽，污物，淫猥
tamper	'tæmpә	vi. 干预，拨弄，贿赂，损害，篡改vt. 篡改n. 捣棒，打夯机，填塞者
indefinite	in'definit	a. 模糊的，不确定的，无限的[法] 不确定的，无限制的
recital	ri'saitl	n. 背诵，吟诵，详述[法] 叙述，评述，列举
swerve	swә:v	n. 转向，弯曲，背离vi. 突然转向，转弯，背离vt. 使突然转向，使转弯，使背离
irritable	'iritәbl	a. 易怒的，急躁的[医] 应激性的，过敏的
deviate	'di:vieit	vi. 脱离，偏离vt. 使偏离a. 脱离常规的n. 脱离常规的人
ravage	'rævidʒ	n. 破坏，蹂躏v. 毁坏，破坏，掠夺
surmount	sә:'maunt	vt. 战胜，超越，克服
steamer	'sti:mә	n. 汽船，蒸汽机[化] 蒸汽发生器; 蒸汽机
chronological	, krɔnә'lɔdʒikәl	a. 年代学的，按时间顺序的，按照年月顺序的[计] 编年的，按年月日顺序的
atlas	'ætlәs	n. 地图集，图表集[计] 自动测试和负载分析系统
bustle	'bʌsl	n. 喧闹，裙撑vi. 奔忙，喧闹vt. 使忙碌，催促
disarray	.disә'rei	vt. 弄乱，使混乱，使脱去衣服n. 无秩序，杂乱，不整齐的衣着
torment	'tɒ:ment	n. 使人痛苦的东西，折磨者，苦痛vt. 使苦恼，纠缠，歪曲，拷问
observance	әb'zә:vәns	n. 观察，遵守，仪式，风俗习惯[法] 遵守，奉行，惯例
engrave	in'greiv	vt. 刻上，雕刻，铭记
suspense	sә'spens	n. 悬疑，焦虑，悬念，悬而不决[经] 未定，暂记
handout	'hændaut	n. 施舍物，救济品，分发的印刷品资料，广告物品
blunder	'blʌndә	n. 大错，大失策vi. 失策，跌跌撞撞地走，犯错vt. 做错
incline	in'klain	n. 倾斜，斜坡，斜面vt. 使倾向于，使倾斜vi. 倾向，倾斜，爱好，易于
courier	'kuriә	n. 送快信的人，伴游服务员[法] 信使，送急件者
delinquency	di'liŋkwәnsi	n. 行为不良，失职[经] 毁约，怠工，旷职
birds		n. 鸟类；禽（bird的复数）
bent	bent	a. 弯曲的，决心的n. 爱好bend的过去式和过去分词
stagnant	'stægnәnt	a. 不流动的，停滞的，不景气的，萧条的，污浊的，迟钝的[经] 萧条的
migratory	'maigrәtәri	a. 迁移的，流浪的
pertain	pә'tein	vi. 从属于，关于，涉及，附属，适合，相称[法] 属于，从属，附属
illiterate	i'litәrәt	n. 文盲a. 目不识丁的，没受教育的
rendezvous	'rɒndivu:	n. 约会，约会地点v. 集合，集结，在约定场所会面[计] 会合
gaol	dʒeil	n. 监禁，监狱vt. 监禁
deadlock	'dedlɒk	n. 僵局，停顿v. （使）停顿，（使）相持不下[计] 死锁
forte	fɔ:t	n. 长处，特长，拿手，优点
hijack	'haidʒæk	vt. 抢劫，劫持，敲诈[法] 挡路抢劫，抢劫，绑架
exuberant	ig'zju:bәrәnt	a. 繁茂的，丰富的，生气勃勃的[医] 生成过多的，高度增生的
segregate	'segrigeit	a. 分离的，被隔离的vi. 分离，隔离，分凝vt. 使分离，使隔离
meditate	'mediteit	vt. 想，考虑，计划vi. 沉思，反省
virtuous	'vә:tʃuәs	a. 品德高尚的，公正的，贞洁的，有效力的
abort	ә'bɒ:t	vi. 流产，中途失败vt. 使流产，使失败，使中止
concoct	kәn'kɒkt	vt. 调合，捏造，编造[建] 调制，混合
mania	'meiniә	n. 狂躁，热衷，狂热[医] 躁狂，狂
dazzle	'dæzl	v. （使）眼花，炫耀n. 耀眼
arduous	'ɑ:djuәs	a. 费力的，努力的，险峻的
maize	meiz	n. 玉蜀黍，黄色a. 玉蜀黍色的，黄色的
alaska	ә'læskә	n. 阿拉斯加州
glimmer	'glimә	n. 一丝光线，微光，少许vi. 发微光
calamity	kә'læmiti	n. 灾难，不幸事件
bookcase	'bukkeis	n. 书架，书柜
placid	'plæsid	a. 平静的，温和的，沉着的，平稳的
pendulum	'pendʒәlәm	n. 钟摆，摇锤，摇摆不定的事态（或局面）[化] 摆
accuser	ә'kju:zә	n. 控诉者，指责者[法] 原告，指控人，控告者
erroneous	i'rәuniәs	a. 错误的，不正确的[法] 错误的，不正确的
underwrite	'ʌndәrait	vt. 签名于下，给……保险vi. 经营保险业
rivers		n. 里弗斯（人名）；河流州（尼日利亚州名）；河水钻
sarcasm	'sɑ:kæzm	n. 挖苦，讽刺，讽刺话，讽刺性
ruffle	'rʌfl	n. 皱褶，波纹，生气，混乱vt. 弄皱，触怒，洗（牌）, 连续轻擂（鼓）vi. 起皱，发脾气，连续轻擂
cosmopolitan	,kɔzmә'pɔlitәn	a. 世界主义的，世界性的，全世界的，遍生的，不偏狭的，卓有见识的n. 世界主义者，世界性
pessimism	'pesimizm	n. 悲观，悲观情绪，悲观主义[医] 悲观主义
raincoat	'reinkәut	n. 雨衣
prospectus	prәs'pektәs	n. 创办计划书，（内容）说明书，内容简介[经] （募债）说明书
checkup	'tʃekʌp	n. 审查，鉴定，健康检查
insomnia	in'sɒmniә	n. 失眠症[医] 失眠[症]
colossal	kә'lɒsәl	a. 巨大的，巨像似的
null	nʌl	a. 无效力的，无效的，无价值的n. 零，空，零位[计] 空
interviewee	.intәvju:'i:	n. 被接见者，被采访者，被面试者
crease	kri:s	n. 皱痕，折痕v. （使）起皱痕
fortify	'fɒ:tifai	vt. 设要塞于，加强，使坚强，增加vi. 筑防御工事
shoal	ʃәul	n. 浅水，浅滩，沙洲，鱼群，暗礁，潜在危险a. 浅的vi. 鱼成群而游，变浅vt. 使变浅
equator	i'kweitә	n. 赤道[医] 赤道，中纬线
twinkle	'twiŋkl	n. 闪烁，闪耀，瞬息vi. 闪烁vt. 使闪耀
soluble	'sɒljubl	a. 溶解的，可溶解的，可以解决的[医] 溶解的，可溶的
epoch	'i:pɒk	n. 新纪元，时代，时期
astound	ә'staund	vt. 使惊骇，使大惊
bleach	bli:tʃ	vt. 漂白vi. 变白n. 漂白，漂白剂
paraphrase	'pærәfreiz	n. 释义，解述，改写vt. 改写，解述vi. 释义，意译
annuity	ә'nju:iti	n. 年金，年金保险，年金领受权[医] 年金，年俸
wholesome	'hәulsәm	a. 有益健康的，合乎卫生的，健全的，有益的，有生气的，审慎的
forbes	'fɔ:bz, 'fɔ:bis	n. 福布斯（美国出版及媒体集团）；福布斯（美国著名财经杂志）；福布斯（姓氏）
persecute	'pә:sikju:t	vt. 迫害，虐待，困扰，同……捣乱[法] 迫害，虐待，烦扰
drench	drentʃ	vt. 使湿透，使充满n. 滂沱大雨，弄湿
lodging	'lɒdʒiŋ	n. 寄宿处，寄宿[法] 提起，住所
childcare	'tʃaildkεә	n. 儿童照管；儿童保育
lax	læks	a. 松的，不严格的，腹泻的，松弛的n. 腹泻，松元音
toil	tɒil	n. 辛苦，苦工，网，罗网，圈套vi. 苦干，跋涉
oppress	ә'pres	vt. 压迫，压抑，使烦恼
inundate	'inʌndeit	vt. 浸水，泛滥，淹没，使充满
pungent	'pʌndʒәnt	a. 刺激性的，尖刻的，苦痛的[医] 冲味的，刺激味的
panorama	.pænә'rɑ:mә	n. 全景，全貌，概论，范围
untold	'ʌn'tәuld	a. 未说过的，未透露的，未加叙述的，数不清的，无限的，不可计量的，无数的[法] 未说明的，未方露的，未说出的
scapegoat	'skeipgәut	n. 替罪羔羊，替人顶罪者，替身[法] 替罪羊，代人受过者
gymnasium	dʒim'neiziәm	n. 健身房，体育馆[医] 体育馆，健身室，运动场
relapse	ri'læps	n. 回复，故态复萌，复发vi. 故态复萌，再陷邪道，再度堕落
mire	maiә	n. 泥沼，泥泞vt. 使陷于泥泞，使陷入困境vi. 掉进泥坑
trustworthy	'trʌst.wә:ði	a. 可信赖的[法] 可信任的，可靠的，可信赖的
ovation	әu'veiʃәn	n. 热烈欢迎，大喝采，小凯旋式
helpline	ˈhelplaɪn	n. 热线服务电话
phonetic	fәu'netik	a. 语音的，语音学的，表示语音的，语音差异的[医] 语音的
din	din	n. 喧嚣v. 絮絮不休地说，喧闹
decimal	'desimәl	a. 十进位的，小数的n. 十进制，小数[计] 十进制，小数点
semblance	'semblәns	n. 外表，伪装，假象，少量
memento	mi'mentәu	n. 纪念物，令人回忆的东西
gaily	'geili	adv. 华丽地，欢乐地
healthcare	'helθkεә	n. 医疗保健；卫生保健；健康护理，健康服务
increment	'inkrimәnt	n. 增加，增值，盈余[计] 增量
calorie	'kælәri	n. 卡路里（热量单位）
postscript	'pәustskript	n. 附言[计] PostScript页面描述语言
impromptu	im'prɒmptju:	n. 即席演出，即兴曲a. 即席的adv. 即席
pamper	'pæmpә	vt. 放纵，使吃饱，使过量
piston	'pistәn	n. 活塞，活塞阀键[医] 活塞（如注射器的）
lull	lʌl	n. 暂停，间歇，稍息，使人安静的东西vt. 使平静，哄骗，使安静vi. 变平静
flaunt	flaunt	n. 炫耀，飘扬v. 炫耀，飘扬
overture	'әuvә.tʃuә	n. 主动表示，事件的开端，序言，提议，提案，初步交涉vt. 提议，为……奏前奏曲
chasm	'kæzәm	n. 陷窟，裂口
pretext	'pri:tekst	n. 借口，托词v. 以……为借口
starch	stɑ:tʃ	n. 淀粉，浆糊，刻板vt. 浆硬
condolence	kәn'dәulәns	n. 哀悼，吊唁
porous	'pɒ:rәs	a. 多孔的，有气孔的，多孔性的，能渗透的[医] 多孔的
melancholy	'melәnkɒli	n. 忧郁，悲哀，愁思a. 忧郁的，使人悲伤的，愁思的
piracy	'paiәrәsi	n. 海盗行为，海上劫掠，剽窃，著作权侵害，非法翻印[法] 海盗行为，海上掠夺，海盗罪
deflate	di'fleit	vt. 放气，抽出空气，使缩小vi. 缩小
crevice	'krevis	n. 裂缝[医] 缝
tarnish	'tɑ:niʃ	n. 失泽，失泽膜，污点vt. 使失去光泽，玷污vi. 失去光泽，被玷污
propriety	prә'praiәti	n. 礼貌，规矩，适当[计] 专有权
condense	kәn'dens	vt. 使浓缩，使压缩，缩短vi. 浓缩，凝结
outstrip	.aut'strip	vt. 追过，胜过，凌驾
superfluous	sju'pә:fluәs	a. 多余的，过剩的
avail	ә'veil	vi. 有用，有利vt. 有利于n. 效用，利益
slang	slæŋ	n. 俚语v. 辱骂，用俚语说
monotonous	mә'nɒtәnәs	a. 单调的，无变化的
eyesight	'aisait	n. 视力，目力
muddle	'mʌdl	vt. 混合，使微醉，使咬字不清晰vi. 胡乱对付n. 困惑，混浊状态
persevere	.pә:si'viә	vi. 坚持，孜孜不倦，不屈不挠，（辩论中）固执己见
treble	'trebl	n. 最高声部，三倍a. 三倍的，最高声部的vt. 使增为三倍vi. 成为三倍
painstaking	'peinzteikiŋ	n. 辛苦，苦心，工夫a. 辛苦的，勤勉的，小心的
tolerable	'tɒlәrәbl	a. 可容忍的，可以的
puncture	'pʌŋktʃә	n. 刺痕，穿刺vt. 刺穿，刺，揭穿vi. 被刺穿
safari	sә'fɑ:ri	n. 旅行，旅行队，科学考察
exhort	ig'zɒ:t	v. 劝诫，忠告
physique	fi'zi:k	n. 体格，体形[医] 体格
obnoxious	әb'nɒkʃәs	a. 可憎的，使人不愉快的，令人讨厌的
malnutrition	.mælnju:'triʃәn	n. 营养失调，营养不良[医] 营养不良
oblique	ә'bli:k	a. 斜的，倾斜的，间接的，不光明正大的，躲躲闪闪的[医] 斜的
skating	'skeitiŋ	n. 溜冰
affix	ә'fiks	vt. 使附于，署名，粘贴，盖印于n. 附加物，词缀
perpendicular	.pә:pәn'dikjulә	n. 垂直线，垂直的位置，直立（姿势）, 刚正，垂规a. 垂直的，直立的，陡峭的
dilapidated	di'læpideitid	a. 破坏的；荒废的，要塌似的
percussion	pә:'kʌʃәn	n. 敲打，碰撞，叩击，叩诊，击发，打击，打击乐器组[医] 叩诊
rupture	'rʌptʃә	n. 破裂，断裂，裂开，决裂，不和v. （使）破裂
inept	in'ept	a. 不适当的，不理智的，笨拙的[法] 不称职者，无能的，不符要求的
considerate	kәn'sidәrit	a. 体贴的，体谅的，考虑周到的
paternity	pә'tә:niti	n. 父亲身份，父系血统，创始人（身份）, 来源，出处[医] 父权，亲权; 父系
outlying	'aut.laiiŋ	a. 在外的，边远的，偏僻的，题外的
auxiliary	ɒ:g'ziljәri	n. 辅助者，辅助物，附属机构，助动词a. 辅助的，备用的
ultimatum	.ʌlti'meitәm	n. 最后通牒，基本原理[法] 最后通牒，哀的美敦书，最后结论
dearth	dә:θ	n. 缺乏，粮食不足，饥馑
resonant	'rezәnәnt	a. 共鸣的，反响的，洪亮的，共振的[医] 反响的，叩响的，共鸣的，共振的
fervent	'fә:vәnt	a. 热的，炎热的，热心的
grudge	grʌdʒ	n. 怨恨，恶意vt. 怀恨，嫉妒，吝惜
outcast	'autkæst	a. 被逐出的，被遗弃的，无家可归的n. 被驱逐的人，流浪者
meek	mi:k	a. 温顺的，逆来顺受的
mishap	'mishæp	n. 不幸之事，灾祸，恶运
posterity	pɒ'steriti	n. 子孙，后裔[法] 子嗣，后代，后裔
scorch	skɒ:tʃ	n. 烧焦，枯萎v. 烧焦，拷焦，（使）枯萎，讽刺
fruition	fru:'iʃәn	n. 成就，实现，结果实
tinge	tindʒ	n. 色调，色彩，气味，气息vt. 染，使带气息
septic	'septik	a. 腐败的，脓毒性的n. 引起腐败的物质
noxious	'nɒkʃәs	a. 有害的，有毒的，使道德败坏的[医] 有害的，有毒的
ephemeral	i'femәrәl	a. 朝生暮死的，短命的，短暂的[医] 暂时的
unconvincing	ʌnkәn'vinsiŋ	a. 不足以令人相信的
rainwater	'reinwɒ:tә	n. 雨水
diligent	'dilidʒәnt	a. 勤勉的，用功的
obedient	ә'bi:djәnt	a. 服从的，顺从的，孝顺的[法] 服从的，顺从的，忠顺的
laborious	lә'bɒ:riәs	a. 艰苦的，费劲的，勤劳的
sustenance	'sʌstinәns	n. 生活资料，生计，食物，支持[法] 营养物，维持，支持
instantaneous	.instәn'teinjәs	a. 即时的，瞬间的，猝发的[机] 瞬时的
prodigious	prәu'didʒәs	a. 庞大的，惊人的，异常的
trespass	'trespәs	n. 擅自进入，非法侵入，侵害vi. 侵害，侵入，打扰，冒犯
morbid	'mɒ:bid	a. 致病的，病态的，疾病的，可怕的[医] 病的
entangle	in'tæŋgl	vt. 使纠缠，卷入，使混乱
apologetic	ә.pɒlә'dʒetik	a. 道歉的，急于认错的，辩护的[法] 辩护的，辩解的，道歉的
nourishment	'nә:riʃmәnt	n. 滋养品，养料，营养[医] 营养，营养品
gape	geip	n. 裂口，张嘴，打哈欠vi. 裂开，张嘴，打哈欠
incongruous	in'kɒŋgruәs	a. 不协调的，不一致的，不合适的
photocopy	'fәutәu.kɒpi	n. 影印，复印件v. 影印
sociable	'sәuʃәbl	a. 好交际的，社交的，过社会生活的n. 联谊会
lucid	'lu:sid	a. 明晰的，清澈的，透明的，透彻的[医] 清明的，透明的，清醒的
distil		vt.vi. 蒸馏，提取……的精华，用蒸馏法提取vi. 滴下，渗出
predisposition	pri:,dispә'ziʃәn	n. 爱好，素质，癖性，天性，倾向，易感受性[医] 素因，素质
rivet	'rivit	n. 铆钉vt. 用铆钉固定，敲进去，注目，吸引住
shimmer	'ʃimә	n. 微光，闪光vi. 闪烁vt. 使闪烁
cordial	'kɒ:djәl	n. 兴奋剂，补品a. 热忱的，诚恳的，有兴奋作用的
microcosm	'maikrәukɒzm	n. 小宇宙，小世界，人类
amends	ә'mendz	n. 赔偿[经] 赔偿
oar	ɒ:	n. 桨，桨手，搅棒vi. 划桨vt. 划动
irrespective	.iri'spektiv	a. 不顾的，无关的，没关系的
brood	bru:d	n. 一窝，一伙vt. 孵，沉思
custodian	kʌ'stәudjәn	n. 管理人，保管人，监护人[经] 保管人，管理人
detest	di'test	vt. 厌恶，憎恨
upkeep	'ʌpki:p	n. 维持，维修费[经] 维修费，养护费，保养
everlasting	.evә'læstiŋ	a. 永恒的，持久的n. 上帝，神
palatable	'pælәtәbl	a. 美味的，好吃的，可口的[医] 适口的，味美的
optic	'ɒptik	a. 眼睛的，视觉的，光学的n. 镜片
supposition	.sʌpә'ziʃәn	n. 想像，推测，推想[法] 假定，推定，推测
tenacious	ti'neiʃәs	a. 紧握的，固执的，不屈不挠的，黏着力强的[医] 坚韧的
pretentious	pri'tenʃәs	a. 自负的，自命不凡的，夸耀的
reproach	ri'prәutʃ	n. 责备，耻辱vt. 责备，申斥，使丢脸
fallacy	'fælәsi	n. 错误的观念（或信念）, 谬见，谬论[医] 错觉，幻觉，虚妄
odyssey	'ɒdisi	n. 奥德赛（古希腊史诗）
piecemeal	'pi:smi:l	adv. 一件一件地，逐个地，零碎地a. 一片一片的，逐渐的，零碎的n. 断片
pester	'pestә	vt. 不断打扰，纠缠
escalator	'eskәleitә	n. 电动扶梯，自动扶梯[机] 升降阶梯
discord	'diskɒ:d	n. 不调和，不和vi. 不一致，（声音）刺耳
exasperate	ig'zæspәreit	vt. 使恼怒，激怒，恶化a. 糙面的，恼怒的，激怒的
barometer	bә'rɒmitә	n. 气压计[化] 气压计
nuts	nʌts	a. 狂热的，发狂的，疯的interj. 呸，胡说
gist	dʒist	n. 要点，要旨，依据[法] 依据，要旨，要点
deft	deft	a. 敏捷熟练的，灵巧的
mercenary	'mә:sinәri	n. 唯利是图者，雇佣兵a. 为钱而工作的，被雇的，图利的
mannerism	'mænәrizm	n. 矫揉造作，习性[医] 装相，作态
expedient	ik'spi:diәnt	n. 权宜之计a. 权宜的，方便的，有用的
intelligible	in'telidʒәbl	a. 可理解的，易理解的，纯概念性的
incipient	in'sipiәnt	a. 起初的，发端的，初期的[医] 初发的，初期的
sterilize	'sterәlaiz	vt. 使成不毛，使绝育，杀菌，使不起作用[医] 灭菌，消毒; 绝育
maniac	'meiniæk	a. 发狂的，癫狂的，疯狂的n. 狂人，疯子
invincible	in'vinsәbl	a. 不能征服的，无敌的
dingy	'diŋdʒi	a. 暗淡的，昏暗的，邋遢的
gaudy	'gɒ:di	a. 俗丽的，华而不实的n. 盛大宴会
tranquility	.træŋ'kwiliti	n. 宁静
genial	'dʒi:njәl	a. 和蔼的，亲切的，友善的[医] 颏的
placard	'plækɑ:d	n. 公告，布告，小牌，海报vt. 公布，布告，张帖，贴海报于
negotiable	ni'gәuʃiәbl	a. 可磋商的，可转让的，可通行的[经] 可流通的，可转让的
elated	i'leitid	a. 兴高采烈的
repent	ri'pent	vi. 后悔，懊悔，忏悔vt. 后悔a. 匍匐生根的
scalpel	'skælpәl	n. 解剖刀vt. 用解剖刀切开
circumference	sә'kʌmfәrәns	n. 圆周，周缘，胸围[医] 周缘，环状面
paraphernalia	.pærәfә'neiliә	n. 随身用具
obsess	әb'ses	vt. 迷住，使困扰
holocaust	'hɔlәkɔ:st	n. 大屠杀，大火灾，毁灭，大规模烧杀
cola	'kәulә	结肠，冒号，科朗[化] 可乐果; 可乐果属; 可乐果干子叶
potion	'pәuʃәn	n. 饮剂，饮料，一次饮用量，一服，一剂[医] 饮剂
caustic	'kɒ:stik	n. 腐蚀剂a. 腐蚀性的
alphabetical	.ælfә'betikәl	a. 依字母顺序的，字母的
lenient	'li:njәnt	a. 宽大的，温和的，慈悲为怀的[法] 宽大的，仁慈的
appreciable	ә'pri:ʃiәbl	a. 可感知的，可评估的
engross	in'grәus	vt. 用大字体书写，独占（市场）, 使全神贯注[法] 正式誊写，以大字写，囤积
perplex	pә'pleks	vt. 使困惑，使复杂化，使为难[法] 困惑，使复杂化，使纠缠不清
pivot	'pivәt	n. 枢轴，支点，旋转运动，中枢，关键人物a. 枢轴的，（如）在枢轴上转动的vi. 在枢轴上转动，随着转移vt. 装枢轴于，以……为中心旋转[计] 程序员交互验证和编制工具，数据透视表
sectional	'sekʃәnl	a. 部分的，部门的，节的，截面的n. 组合式家具
annihilate	ә'naiәleit	vt. 消灭，废止
indelible	in'delibl	a. 难以消除的，不能拭除的，难忘的
jeer	dʒiә	n. 嘲笑，讥讽，戏弄v. 嘲弄，揶揄，戏弄
gaunt	gɒ:nt	a. 瘦削的，憔悴的，荒凉的
urchin	'ә:tʃin	n. 淘气鬼，顽童
synchronize	'siŋkrәnaiz	vt. 使同步，使合拍vi. 同时发生[计] 同步
abbreviation	ә.bri:vi'eiʃәn	n. 缩写词，缩写，缩短，节略
phobia	'fәubiә	n. 恐怖病，恐惧症，惧怕，憎恶[医] 恐怖[症]
barter	'bɑ:tә	n. 物物交换，实物交易v. 物物交换，交换
oscillate	'ɒsileit	vi. 振动，彷徨，犹豫vt. 使振动，使动摇
chisel	'tʃizәl	n. 凿子v. 凿，刻，雕凿，欺骗
sieve	siv	n. 筛子，滤网vt. 筛，滤
sightseeing	'saitsi:iŋ	n. 观光，游览a. 观光的，游览的
steadfast	'stedfәst	a. 坚定的，踏实的，固定的，不变的
kangaroo	.kæŋgә'ru:	n. 袋鼠[医] 袋鼠（澳洲产）
superstructure	'sju:pәstrʌktʃә	n. 上部构造，上层建筑[化] 超结构
defraud	di'frɒ:d	vt. 欺骗[经] 骗取，诈取，欺骗
prologue	'prәulɒ:g	n. 开场白，序言，序幕vt. 为……作序，加上……前言
decompose	.di:kәm'pәuz	v. 分解，（使）腐烂
neurosis	nju'rәusis	n. 神经症，神经机能病[医] 神经机能病，神经[官能]症
fickle	'fikl	a. 变幻无常的，浮燥的，薄情的
westerner		n. 西方人，西洋人
badminton	'bædmintәn	n. 羽毛球运动
recline	ri'klain	vt. 使斜靠vi. 靠，斜倚，依赖
outdo	.aut'du:	vt. 超越，胜过，战胜
mirage	'mirɑ:ʒ	n. 海市蜃楼，幻景，妄想
constrict	kәn'strikt	vt. 压缩，束紧，使收缩vi. 收缩
invert	in'vә:t	a. 转化的vt. 使反转，使颠倒，使转化n. 颠倒的事物[计] 倒置; 反转
downpour	'daunpɔ:	n. 倾盆大雨；注下
pseudonym	'sju:dәnim	n. 假名，笔名[法] 笔名，假名
surcharge	'sә:tʃɑ:dʒ	n. 装载过多，超载，追加罚款，附加税vt. 使装载过多，追加罚款，收附加税
nautical	'nɒ:tikәl	a. 海上的，航海的，船员的
slag	slæg	n. 熔渣，矿渣，无足轻重的人vt. 使变成熔渣vi. 变熔渣
yoke	jәuk	n. 轭，牛轭，束缚vt. 给……上轭，连接，结合，使匹配vi. 结合，匹配[计] 磁轭; 磁头组; 偏转线圈
antecedent	.ænti'si:dnt	n. 前情，先行词a. 先前的，先行的
glossary	'glɒsәri	n. 专业词典，术语集，词表[计] 图文集
touchy	'tʌtʃi	a. 易怒的，难以取悦的，过于敏感的
goad	gәud	n. 赶牛棒，激励，刺激vt. 用刺棒驱赶，激励，刺激，唆使，煽动
misrepresent	'mis.repri'zent	vt. 不如实地叙述（或说明）, 不称职地代表
deluge	'delju:dʒ	n. 大洪水，泛滥vt. 使泛滥
wager	'weidʒә	n. 赌注，赌博，赌物vt. 下赌注，向……保证vi. 打赌
languid	'læŋgwid	a. 疲倦的，无力的，阴沉的
amphibian	æm'fibiәn	a. 两栖类的，水陆两用的n. 两栖动物，水旱两生植物，水陆两用飞机
kindle	'kindl	vt. 点燃，使着火，引起，照亮vi. 着火，激动，发亮
penicillin	.peni'silin	n. 盘尼西林，青霉素[化] 青霉素
monsoon	mɒn'su:n	n. 季风，吹季风的季节，雨季
exorbitant	ig'zɒ:bitәnt	a. 过度的，过高的，过分的
frugal	'fru:gәl	a. 节俭的，朴素的
remittance	ri'mitns	n. 汇款[经] 汇款，寄款，支付（金额）
decrepit	di'krepit	a. 衰老的
negation	ni'geiʃәn	n. 否定，反面，不存在[医] 否定，否认
meddle	'medl	vi. 干涉，干预，擅自摸弄[法] 干预，插手，弄乱
congruent	'kɒŋgruәnt	a. 适合的，一致的，合谐的，全等的
mercantile	'mә:kәntail	a. 商业的，商人的[经] 商业的
insolvent	in'sɒlvәnt	a. 无力偿还的，破产的n. 无力偿还者，破产者
ramble	'ræmbl	n. 漫步，随笔vi. 漫步，漫谈，漫游，蔓延vt. 闲逛于
maim	meim	vt. 使残废，使不能工作，使伤残[医] 伤残，残废
longitude	'lɒndʒitju:d	n. 经度，经线[电] 经度
eddy	'edi	n. 逆流，漩涡v. （使）起漩涡
thesaurus	θi'sɒ:rәs	n. 专类辞典，宝库，知识宝库，叙词表，主题词表[计] 同义词，同义词典
loll	lɒl	vi. 懒散地闲荡，垂下头，伸舌vt. 垂，伸，靠着
loath	lәuθ	a. 不情愿的，厌恶的
nullify	'nʌlifai	vt. 使无效，废弃，取消[化] 使等于零; 作废
reticent	'retisnt	a. 无言的，沉默的，不情愿的[法] 言不尽意的，沈默寡言的，有保留的
counterfeit	'kauntәfit	n. 赝品，伪造品a. 假冒的，假装的v. 仿造，伪装，假装
fluff	flʌf	n. 软毛，柔毛，绒毛，错误，无价值的东西vi. 起毛，变松，出错vt. 使起毛，抖松，念错
supersonic	.sju:pә'sɒnik	a. 超声波的[医] 超声[波]的
delude	di'lu:d	vt. 迷惑，蛊惑
respiration	.respә'reiʃәn	n. 呼吸，一口气，呼吸作用[化] 呼吸
misdeed	'mis'di:d	n. 罪行，犯罪[法] 不端行为，犯罪，恶性
wrought	rɒ:t	a. 制成的，精细的work的过去式和过去分词
infest	in'fest	vt. 骚扰，寄生于，大批出没[医] 传染，感染
exterminate	ik'stә:mineit	vt. 扑灭，消灭，根绝
profane	prә'fein	a. 世俗的，不敬神的，亵渎的vt. 亵渎，玷污
planetarium	.plæni'tєәriәm	n. 行星仪，天文馆，天象图
vex	veks	vt. 使烦恼，使苦恼vi. 烦恼
sicken	'sikәn	vt. 患病，使厌倦，使恶心vi. 生病，作呕
counterbalance	'kauntә.bælәns	vt. 使平均，使平衡，使弥补n. 平衡量，平衡力，势均力敌
mildew	'mildju:	n. 霉vi. 发霉，生霉vt. 使发霉
tumult	'tju:mʌlt	n. 骚动，吵闹，混乱[法] 骚乱，骚动，暴乱
pathos	'peiθɒs	n. 伤感力，感伤，悲怅，同情，偶然因素，哀婉动人的词句
terse	tә:s	a. 简洁的，扼要的
shanty	'ʃænti	n. 棚屋
pimple	'pimpl	n. 丘疹，小脓疱[医] 丘疹，小脓疱
reflectance	ri'flektәns	n. 反射比[电] 反射本领
abrasion	ә'breiʒәn	n. 磨擦，磨损，磨损处[化] 磨耗; 磨蚀
dilate	dai'leit	vi. 扩大，详述，膨胀vt. 使膨胀
delectable	di'lektәbl	a. 令人快乐的，美味的，使人愉快的
malleable	'mæliәbl	a. 有延展性的，可锻的[医] 可展的，易适应的
nicety	'naisәti	n. 美好，准确，精密，拘泥细节，纤细
scrupulous	'skru:pjulәs	a. 小心谨慎的，细心的
vehement	'vi:imәnt	a. 热烈的，激烈的
succinct	sәk'siŋkt	a. 简洁的，紧缩的
laudable	'lɒ:dәbl	a. 值得赞赏的，值得佩服的[医] 健康的
perceptible	pә'septibl	a. 可察觉的，能感觉得到的，看得见的
hitchhike	'hitʃhaik	vi. 搭便车vt. 要求（搭便车）
fastidious	fæs'tidiәs	a. 难取悦的，挑剔的，苛求的
obstinate	'ɒbstinit	a. 倔强的，顽固的，不让步的
obliging	ә'blaidʒiŋ	a. 乐于施惠的，体贴的，有礼貌的
perturb	pә'tә:b	vt. 扰乱，使混乱，使心绪不宁
precipice	'presipis	n. 悬崖，绝壁，险境
walls		n. 墙壁；墙体（wall的复数）
posthumous	'pɒstjumәs	a. 遗腹的，死后的[医] 遗腹的
tenable	'tenәbl	a. 可守的，站得住（脚）的，合理的，成立的
teem	ti:m	vi. 充满，充足，倾注vt. 倒出
pacify	'pæsifai	vt. 使平静，安慰，绥靖，使服从
memorise	'meməraiz	vt. 记住，熟记，记录，存储
plaintive	'pleintiv	a. 悲哀的，哀伤的，伤心的，表示痛苦的
quench	kwentʃ	vt. 熄灭，结束，使冷却，将……淬火vi. 熄灭，平息
plumb	plʌm	n. 铅锤，垂直a. 垂直的vt. 使垂直，探测vi. 成垂直
ventilate	'ventileit	vt. 使空气流通，使通风，公开讨论，公开[医] 通风，换气
equivocal	i'kwivәkl	a. 意义不明确的，模棱两可的[医] 双关的，两可的
corrode	kә'rәud	vt. 使腐蚀，侵蚀，破坏vi. 被侵蚀，起腐蚀作用
plankton	'plæŋktәn	n. （总称）浮游生物[医] 浮游生物
storehouse	'stɒ:haus	n. 仓库，储藏所，宝库[机] 库房，贮藏库，仓库
transgress	træns'gres	vt. 违反，犯罪，侵犯vi. 越界，违法
ponderous	'pɒndәrәs	a. 沉重的，笨重的，毫无趣味的，生硬的
extort	ik'stɒ:t	vt. 勒索，敲诈，强要[医] 外旋
tyrannical	tai'rænikl	a. 暴虐的，暴君的，残暴的
drudgery	'drʌdʒәri	n. 苦差事，苦工
ruinous	'ruinәs	a. 破坏性的，招致毁灭的
bookkeeper	'bukki:pә	n. 簿记员[经] 簿记员，记帐员
pervert	pә:'vә:t	vt. 使堕落，使反常，歪曲，滥用，使左右颠倒，唆使……性变态n. 堕落者，行为反常者，背教者，性欲反常者
telex	'teleks	n. 用户直通电报，电传打字机[计] 电传，用户电报
naught	nɒ:t	n. 无，零a. 无价值的，无用的
chaste	tʃeist	a. 贞洁的，纯洁的，朴素的
manifold	'mænifәuld	n. 复印本，多种a. 多种的，有许多部分的，多方面的vt. 复写，使多样化，增多
excrement	'ekskrimәnt	n. 排泄，大便[医] 粪便
delirium	di'liriәm	n. 精神错乱，说谵语状态，狂热[医] 谵妄，发狂，妄想
lubricate	'lu:brikeit	vt. 使润滑，涂油vi. 润滑
platitude	'plætitju:d	n. 单调，平凡，陈腐，陈词滥调
humdrum	'hʌmdrʌm	a. 平凡的，单调的，令人厌烦的n. 平凡，单调，无聊vi. 单调令味地进行
insolent	'insәlәnt	n. 侮慢无礼的人a. 粗野的，无礼的，侮慢的
carcase	'kɑ:kәs	n. 尸体，架子
granular	'grænjulә	a. 颗粒的，粒状的[医] 粒状的，颗粒状的
perishable	'periʃәbl	a. 易腐坏的，会枯萎的，易毁灭的，不经久的n. 易腐坏的东西
flabby	'flæbi	a. 软弱的，没气力的，不稳的，松弛的
slander	'slændә	n. 中伤，诽谤vt. 中伤，诽谤
ungainly	.ʌn'geinli	a. 难看的，不优雅的，粗陋的
punctual	'pәŋktʃuәl	a. 准时的，守时的，点状的，中肯的[经] 准时的，不误期的，准时
hubbub	'hʌbʌb	n. 吵闹声，叫嚷声，混乱
tweezers	'twi:zәz	n. 镊子
repatriate	ri:'pætrieit	vt. 把……遣返vi. 回国n. 被遣返回国者
sportswear	'spɒ:tswєә	n. 运动装，休闲服
dictation	dik'teiʃәn	n. 听写，口述，命令
microbiology	maikrәjbai'ɔlәdʒi	n. 微生物学[化] 微生物学
insipid	in'sipid	a. 乏味的，清淡的，难吃的[医] 无味的
magnanimous	mæg'nænimәs	a. 宽宏大量的，有雅量的[法] 气量大的，宽大的，高尚的
pliable	'plaiәbl	a. 易弯的，柔顺的，圆通的
mackintosh	'mækintɒʃ	n. 马金托什防水布，马金托什雨衣[化] 防水胶布; 胶布雨衣
ostensible	ɒs'tensibl	a. 表面的，假装的，看得出的[经] 表面的，诡称的
venerate	'venәreit	vt. 尊敬，崇敬，崇拜
kelp	kelp	n. 海草，巨藻，海草灰[医] 海藻
fallible	'fælәbl	a. 易错的，可能犯错的
fatuous	'fætjuәs	a. 发呆的，愚笨的
gratuity	grә'tju:iti	n. 小费，赠物，赏钱[经] 小帐，赏金，退职金
baldness	'bɒ:ldnis	n. 光秃，率直，枯燥[医] 秃[发], 脱发
zoology	zәu'ɒlәdʒi	n. 动物学，动物区系[医] 动物学
reverent	'revәrәnt	a. 尊敬的，虔诚的
vanquish	'væŋkwiʃ	vt. 打败，征服，克服[法] 征服，战胜，击败
typhoon	tai'fu:n	n. 台风
oblong	'ɒblɒŋ	n. 长方形，长椭圆形a. 长方形的，长椭圆形的
perplexity	pә'pleksiti	n. 困惑，混乱状态，使人困惑的事物
combustible	kәm'bʌstibl	a. 易燃的，燃烧性的，易动激情的n. 易燃物，可燃物
leprosy	'leprәsi	n. 麻疯病，腐败[医] 麻风
meteoric	.mi:ti'ɒrik	a. 流星的，疾速的，大气的
horticulture	.hɒ:ti'kʌltʃә	n. 园艺
fester	'festә	vi. 溃烂，生脓vt. 使溃烂n. 脓疮，溃烂
defile	di'fail	vt. 弄脏，污损，败坏vi. 以纵队前进n. 隘路，狭道
reinforced		a. 加强的；加固的；加筋的
sundial	'sʌndaiәl	n. 日规，日晷
headstrong	'hedstrɒŋ	a. 顽固的，刚愎的，任性的
microfilm	'maikrәufilm	n. 缩影胶卷v. 缩微拍摄[计] 缩微胶片; 缩微胶卷
timidity	ti'miditi	n. 胆小，胆怯，羞怯
perspire	pә'spaiә	v. 出汗，流汗，分泌，渗出
postcode	'pәustkәud	n. 邮政编码
truant	'tru:әnt	n. 懒惰的人，玩忽职守者，旷课者a. 偷懒的，旷课的，游荡的vi. 偷懒，旷课
eke	i:k	vt. 补充，增加
bedsit	bed'sɪt	n. 卧室兼起居室vt. 租用卧室兼起居室
meteorology	.mi:tiә'rɒlәdʒi	n. 气象学，气象状态[医] 气象学
waggon		n. 运货车，四轮运货马车，（英）铁路货车，流动服务车，小型客车，囚车，童车
misconceive	.miskәn'si:v	v. 误解
matrimony	'mætrimәuni	n. 结婚，婚姻生活，婚礼[法] 婚姻，结婚，婚礼
shamble	'ʃæmbl	vi. 蹒跚地走，摇摇晃晃地走，摇晃不稳n. 蹒跚
navigable	'nævigәbl	a. 可航行的，可通船的，适于航行的[法] 可航行的，可通航的
wreathe	ri:ð	vt. 作成花圈，环绕，盘绕，使笼罩vi. 扭曲，成圈，缭绕
fetter	'fetә	n. 脚镣，羁绊，束缚vt. 束缚，加脚镣
pollinate	'pɒlineit	vt. 对……授粉
children	'tʃildrәn	pl. 孩子，孩子们
bitumen	bi'tjumin	n. 沥青[化] 沥青; 石油沥青
granary	'grænәri	n. 谷仓，谷物仓，主要来源，主要贮藏所
melodious	mә'lәudiәs	a. 旋律美妙的，旋律优美的，有乐曲的
handball	'hændbɒ:l	n. 墙手球，墙手球运动
politic	'pɒlitik	a. 精明的，明智的，策略的
drowsiness	'drauzinis	n. 睡意[医] 倦睡，瞌睡
natal	'neitl	a. 出生的，诞生的[医] 分娩的，生产的; 臀的
profuse	prә'fju:s	a. 很多的，丰富的，浪费的，慷慨的
photojournalism	,fәutәu'dʒә:nәlizm	n. 摄影新闻工作，摄影报道
plagiarize	'pleidʒiәraiz	v. 剽窃，抄袭
apostrophe	ә'pɒstrәfi	n. 撇号，呼语法
notary	'nәutәri	n. 公证人[经] 公证人，公证员
existent	ig'zistәnt	a. 存在的，生存的，现存的[医] 生存者
toddle	'tɒdl	vi. 东倒西歪地走，蹒跚学步，溜达n. 东倒西歪的走路，蹒跚
tropic	'trɒpik	n. 回归线
periscope	'periskәup	n. 潜望镜（镜头）[化] 潜望镜
beds		n. 床上用品，床组（bed复数）
preposition	.prepә'ziʃәn	n. 前置词，介词
abridge	ә'bridʒ	vt. 缩短，删节，减少，剥夺[法] 剥夺; 节略
flowers		[医] 花; 升华制成的药物; 月经
flyover	'flaiәjvә(r)	n. 立交桥，天桥，立交马路
entreat	in'tri:t	v. 恳求，乞求
burgeon	'bә:dʒәn	n. 芽，嫩枝v. 萌芽，发芽
fahrenheit	'færәnhait	a. 华氏温度计的n. 华氏温度计
mucous	'mju:kәs	a. 粘液的，粘的，粘液性的[医] 粘液的
filmed		v. 拍摄（复以薄膜）
distend	di'stend	v. （使）膨胀，（使）扩张
seclude	si'klu:d	vt. 使隔离，使孤立，隔开
catching	'kætʃiŋ	a. 易传染的，有魅力的，吸引人的
perks	pɜːks	n. 特权；额外津贴（perk的复数）；特别待遇n. (Perks)人名；（英）珀克斯；（法）佩尔克v. 打扮；使振作；昂首挺胸（perk的第三人称单数）
bewilder	bi'wildә	vt. 使迷惑，使不知所措
soundproof	'saundpru:f	a. 隔音的
overwrought	'әuvә'rɔ:t	a. 过分劳累的，过度紧张的，神经质的，过度兴奋的，过分推敲的，不自然的
ostentation	.ɒsten'teiʃәn	n. 虚饰，虚有其表，卖弄
cd		n. 镭射碟，镭射唱片[计] 光盘，压缩盘，载波检测，DOS内部命令:显示或改变当前目录
drowse	drauz	n. 瞌睡vi. 打瞌睡vt. 使瞌睡
unsocial	'ʌn'sәuʃәl	a. 非社会的，厌恶社交的，不喜交际的，孤僻的
manacle	'mænәkl	n. 手铐，束缚vt. 给……上手铐，束缚
coeducation	.kәuedju'keiʃәn	n. 男女同校
loth	lәuθ	a. 不愿意的，厌恶的
keys		n. 关键帧；（钢琴等的）键；密钥（key的复数）
situated	'sitjueitid	a. 位于……的，坐落在……的，处于某种境地的[法] 坐落……的，位于……的，处于某种境地的
antonym	'æntәunim	n. 反义词
protract	prәu'trækt	vt. 延长，拖延，伸出，绘制[法] 延迟，拖延，延长
maltreat	mæl'tri:t	vt. 虐待，滥用[法] 粗暴对待，虐待，乱用
booklist	'buklist	（某个题目或学科的）推荐书目，书单
superintend	.sju:pәrin'tend	v. 指挥，管理，监督
palpitate	'pælpiteit	vi. 悸动，心跳，发抖[医] 心悸
transfuse	træns'fju:z	vt. 输血，充满[医] 输血，输液
tours	tuәz	n. 图尔斯（姓氏）；图尔市（法国城市名）
mischance	.mis'tʃæns	n. 不幸，灾难
cramming	'kræmiŋ	n. 塞满，挤满，填鸭式教学法
mathematic	,mæθə'mætik	[计] 数学的
inapt	in'æpt	a. 不适当的，不熟练的
trains		n. 火车；行列（train的复数形式）
accidents		n. 意外事故；事故（accident的复数）
accommodations		n. 膳宿；住房，住宿；居住设施（accommodation的复数）
account for		对…负有责任；对…做出解释；说明……的原因；导致；（比例）占
accountants		会计人员
actions		n. 动作；行动（action的复数）
activities		n. （activity复数形式）活动；活动区；活动性
adults		n. 成年人（adult的复数形式）
advantages		n. 优势；特点；有利；[经] 利益（advantage的复数）v. 促进（advantage的三单形式）；有利于
advertisements		n. [经] 广告（advertisement的复数）；宣传
affairs		n. 事务，事宜；风流韵事
agencies		n. 代理；代理处（agency的复数）
animals		n. 动物，动物世界；牲畜（animal的复数形式）
antibiotics		n. 抗生学；抗生素
apes	eips	n. 猿（ ape的名词复数 ）v. 模仿（ ape的第三人称单数 ）
approaches		处理
archives	'ɑ:kaivz	n. 档案，档案室[法] 公文档案，案卷，档案保管处
areas		n. 区域，领域；面积（area的复数形式）
articles		n. 文章；冠词；物品；条款（article的复数）
assignments		n. 分配；作业（assignment的复数形式）
attacks		n. 攻击，评击（attack的复数形式）
attempts		n. 企图，试图；尝试（attempt的复数）v. 试图；努力去做（attempt的三单形式）
bands	'bændz	n. 法官；乐队
beats	bi:ts	n. 音乐节拍；差拍振动；心脏跳动（beat的复数）
beginners		n. 初学者；生手；首创者（beginner的复数）
belts		n. 带子；皮带（belt的复数）
benefits		n. 利益，收益；福利，效益（benefit的复数形式）
bicycles		n. 自行车；脚踏车（bicycle的复数）
blocks	'blɔks	n. 积木；黑金石；街区；[音]双头木鱼；楼群（block的复数）
bones	bәunz	n. 骨骼，尸体
books		n. 书评；书籍（book的复数）
bowls		n. 滚木球戏
bring about		带来，使掉头
brochures	brəʊ'ʃəz	n. 小册子（ brochure的名词复数 ）; （某地、某旅馆等的）情况介绍手册; （印成小册子的）论文
brothers		n. 哥们儿，兄弟
buildings		n. 建筑物（building的复数）
cages	keidʒz	n. 笼子（ cage的名词复数 ）
candles		n. 蜡烛，烛台（candle复数形式）
cards		n. (playing cards)（正式）一副纸牌，一副扑克牌，纸牌游戏，打扑克
causes		n. 原因
caves	keivz	n. 咖啡馆，小餐厅（ cafe的名词复数 ）; 洞穴（ cave的名词复数 ）
cd-rom	si:di:'rɔm	n. 光盘驱动器
certificates	səˈtifikeits	n. 证明书，执照（ certificate的名词复数 ）
charges		n. 费用；手续费；运费
cheaper		a. 成本更低，比较便宜的
checks		n. 支票；格（check的复数形式）
chicks	tʃiks	n. 雏鸡；小鸡（chick的复数形式）
choices		n. 选择（choice的复数）
cities		n. 城市（city的复数）
classmates	k'lɑ:smeɪts	n. （同班）同学（ classmate的名词复数 ）; 砚兄砚弟
clients		n. 客户端；顾客；救济对象；应受账款；委托方（client的复数）
close-up	'klәuzʌp	n. 特写镜头，仔细的观察，小传[化] 闭合; 接通
clubs		n. （扑克牌）梅花；俱乐部；社团（club的复数）
co-operation		n. 合作
co-operative	'kəʊ'ɒpərətɪv	a. 合作的；有协作精神的；愿意配合的; 齐心协力的；合作进行的n. 合作社；合作机构
colleagues		n. 同事；同行（colleague的复数）
colleges		n. 专科学院（college复数形式）
commercials	kə'mɜ:ʃlz	n. （电台或电视播放的）广告 （ commercial的名词复数 ）; 以大众欣赏为目的谱写的乐曲
companies		n. 公司，企业；公司财产；伙伴（company的复数形式）
computers		n. 计算机，电脑（computer的复数）
concessions	kən'seʃənz	n. （尤指由政府或雇主给予的）特许权（ concession的名词复数 ）; 承认; 减价; （在某地的）特许经营权
conditions		n. 形势，情况，环境
contacts		n. 联系人；联络方式；触体（contact的复数形式）
contaminants	kən'tæmɪnənts	n. 污染物，致污物（ contaminant的名词复数 ）
contents	'kɒntents	n. 目录[计] 目录
contracts	kənˈtrækts	n. 契约（ contract的名词复数 ）; 婚约; [法律]契约法; 行贿
costs		n. 费用；诉讼费；损失（cost的复数）
countries		国家（country的复数）
crops		[医] 分批出现（疹）
cups		n. 拨火罐（器具）；杯子（cup的复数形式）
curtains	'kә:tәnz	n. [俚]灾难；窗帘（curtain的复数）
customers		n. 客户；顾客（customer的复数）
damages		n. 赔偿金[经] 损害赔偿; 伤害
decorations		n. 装修；装饰品（decoration的复数）
details		n. 详细资料；细节（detail的复数）
difficulties	ˈdifikəltiz	n. 困难（ difficulty的名词复数 ）; 难度; 难事; 麻烦
diplomas		pl. 公文，文书，执照，特许证，毕业文凭，学位证书，奖状
diseases		n. 病害；疾病；疾病种类；病（disease的复数）
dishes		n. 餐具
disputes	disˈpju:ts	n. 辩论（ dispute的名词复数 ）; 争端; （劳资）纠纷; 罢工v. 辩论，争论（ dispute的第三人称单数 ）; 争夺; 阻止; 就…进行辩论
doctors		n. 医生（doctor的复数）
documents		n. 文档（document的复数形式）
donations		n. 捐款；捐赠（donation的复数）
doors		n. 大门；入口；通道（door的复数）
draws		n. 铸件孔穴；图画（draw的复数）
drinks		n. 饮料，饮品；喝酒（drink复数）
drop-off	'drɔpɔf	n. 下降，减少
drop-out	'drɔp,aut	[计] 漏失信息; 丢"1"
drugs		n. 毒品，药物
duties		n. 关税（duty的复数）
effects		n. 财物，个人财产[经] 动产，财物
elements	'elimәnts	n. 原理，基础
email	'i:'meil	n. 电子信函
emergencies		n. 紧急需要；紧急事件
employees		n. 员工；雇员；从业人员（emploee的复数）
energies	ˈenədʒiz	n. 活力（ energy的名词复数 ）; [物理学]（原子、电、辐射的）能; [常用复数]精力; （有效地发挥的）力量
engineers		n. 工程师；机械师（engineer的复数）
examples		n. 例子；列证（example的复数形式）
exams		n. 考试；检查（exam的复数）
exhilarate	ig'zilәreit	vt. 使高兴，使愉快，鼓励
expenses		n. 开支，经费，费用[法] 开支，支出，经费
experiments	iksˈperimənts	n. 实验（ experiment的名词复数 ）; 试验; 尝试; 实践
facilities		n. 工具，设施，设备
factories		n. 工厂，车厂（factory复数形式）
factors		n. 因素（factor的复数）
falcons		n. 猎鹰；隼鹰队；猎鹰导弹（falcon的复数形式）
families		n. 家族；家庭（family的复数）
farmers		n. 农民（farmer的复数）
farms		n. 农场；庄园（farm的复数形式）
features		n. 容貌；产品特点，特征；嘴脸（feature的复数）
fees		n. 规费；费用（fee的复数）
feet	fi:t	pl. 脚n. 尺
ferries	ˈferiz	n. 渡船（ ferry的名词复数 ）; 渡口; 摆渡; 飞机渡运v. 运送（ ferry的第三人称单数 ）; （乘渡船）渡过（河等）; 渡运飞机; 摆渡，用（渡）船渡，（船）来往行驶
figures		n. 图形，图表；价格，金额，数字；规定动作；人物（figure的复数）
fingers		n. 梳状剔除器；手指头，指头（finger复数）
firms		n. 公司，厂商（firm的复数）
first-aid	'f\\\\:st'eid	a. 急救的
flats	flæts	n. 平原，扁钢；低沼泽（flat的复数形式）
floors	flɔ:z	n. 楼地面；地板；楼层；层数（floor的复数）
flourishment	'flʌriʃmənt	n. 繁荣
forms		n. 窗体；表单；表格（form的复数形式）
fossils	'fɒslz	n. 化石（ fossil的名词复数 ）; 老顽固; 食古不化的人; 老古董（老人）
full-time		a. 全部时间的，专任的
fund-raising		（fund-raise 的现在分词） 募金
goals		n. 目标，目的；进球，射中次数
governments		n. 政权；政府；可转让政府证券（government的复数）
graduates	ˈɡrædjuits	n. <美>毕业生（ graduate的名词复数 ）; <英>大学毕业生; （已经取得学士学位正在攻读高级学位的）研究生; 量筒v. 渐变（ graduate的第三人称单数 ）; 渐渐变为（与into连用）; 渐渐消逝（与away连用）; 取得资格（与as连用）
grants		[经] 补助金，拨款，津贴
groups		n. 群组，组；用户组；团体（group的复数形式）
guests		n. 客人；来宾（guest的复数）
habits		n. 习性；习惯（habit的复数）
hard-working		（hard-work 的现在分词） 努力工作；[劳经] 繁重的工作
hats		abbr. 转换终端应用程序（Host Access Transformation Services）
hens	henz	n. 母鸡（ hen的名词复数 ）; 雌禽
high-rise		a. 有多层的，高楼的n. 高楼，大厦
hints		n. 暗示，提示（hint的复数形式）
hits		n. 击打；网页点击数；采样数（hit的复数）
hobbies		n. 嗜好；兴趣爱好；燕隼；[英方]小马（hobby的复数）
horses		n. 马；马匹（horse的复数形式）
households	'haʊshəʊldz	n. 同住在一所房子里的人，一家人，户（ household的名词复数 ）
humans		n. 人类（human的复数形式）
ideas		abbr. 工业设计优秀奖
identities	aiˈdentitiz	n. 身份（ identity的名词复数 ）; 同一性; 个性; 同一人
imports		n. 进口商品；进口总额（import的复数）
inquiries	inˈkwaiəriz	n. 调查（ inquiry的名词复数 ）; 疑问; 探究; 打听
insects		n. 昆虫；昆虫类，昆虫纲（insect的复数形式）
institutes		n. 学院（institute的复数）
institutions		n. 体系
instructors	ɪnst'rʌktəz	n. 指导者，教师（ instructor的名词复数 ）
instruments		n. 乐器；工具；仪器（instrument的复数）
interviews	ˈintəvju:z	n. 接见（ interview的名词复数 ）; 采访; 面谈; 会谈v. 面试（ interview的第三人称单数 ）; 访问; 会见; （私下）提问
investigators	ɪn'vestɪɡeɪtəz	n. 调查者，审查者（ investigator的名词复数 ）
invigilate	in'vidʒileit	vi. 看守，监考
issues		n. 议题，问题；争点；债券（issue的复数）
items		n. 项目；名目；所有物品（item的复数形式）
jobs	dʒɔbs	n. 工作（job的复数形式）
keywords	'ki:wә:dz	n. 关键字[计] 关键字
kids		n. 小山羊；儿童（kid的复数）
kilograms	'kɪləgræm	n. 千克（ kilogram的名词复数 ）
kits		n. 装备；小桶；锦囊（kit的复数）
lakes		n. 色淀；湖泊，湖畔
latest	'leitist	a. 最近的
lessons	ˈlesənz	n. 功课（ lesson的名词复数 ）; 课程; 教训; 一堂课
levels		n. 色阶调整；控制色阶；水平，标准（level复数形式）
libraries		n. 图书馆查询系统；函数库；图书馆（library的复数）
lights	laits	n. （供食用的）家畜的肺脏；灯光（light的复数）
lions		n. 腰角；雄狮；狮子（lion的复数）
loans		n. 借贷；贷款（loan的复数形式）
locations		n. 位置；定位件；地点（location的复数）
low-risk	ləu risk	[医]低危的，低风险的
machines		n. 机器；机械（machine的复数）
mails		n. 邮件（mail的复数形式）
majors		n. 专业；主修（major的复数）
materials		n. 材料；材料费；材料科学；材质（material的复数）
meals		n. 膳食；谷类（meal的复数）
measurements		n. 测量值，尺寸（measurement的复数）
methods		n. 方法，方式；研究方法（method的复数）
midmorning	'mid'mɒ:niŋ	n. 上午十时左右
minutes		n. 会议记录[法] 备忘录，会议记录，审判记录
movies	'mu:vis	n. 电影
muscles		n. 肌肉（muscle的复数）
nationalities		n. 国籍，民族（nationality的复数）
nets		n. 网（net的复数）
newspapers		n. 报纸，报章（newspaper的复数）
non-drinker	'nɒndr'ɪŋkər	n. 不喝酒的人，戒酒的人
notes		n. 票据；注释，说明（note复数）
objectives	əbd'ʒektɪvz	n. 目标（ objective的名词复数 ）; [光学]（望远镜、显微镜、照相机及其他光学仪器上的）物镜; [语法学]1)。 宾语 2)。 宾格; [军事]出击目标
occupants		n. 居住者；购买者；租赁人（occupant的复数）
ohp		abbr. overhead projection 高架发射，顶置防护; oxygen at high pressure 高压氧气
open-book		a. 开卷的
opportunities	ˌɒpə'tju:nɪtɪs	n. 机会（ opportunity的名词复数 ）; 适当的时机; 条件; 就业（或晋升、进步等）的良机
options		n. 选择；期权；选择项（option的复数）
pages		n. 页数；青年侍从（page的复数）
papers		n. 文件，官方文件[法] 票证，证券，纸币
parents		n. 父母；双亲（parent的复数）
part-time		a. 兼任的，半工半读的，部分时间的adv. 部分时间，兼任地
participants	pɑ:'tɪsɪpənts	n. 参加者，参与者; 参加者，参与者（ participant的名词复数 ）a. 有份的，参与的
parties		n. 当事人；聚会；党派；政党机关；同行者（party的复数）
passengers	'pæsndʒɚ	n. 乘客（ passenger的名词复数 ）; 旅客; 白吃饭的人; 闲散人员
patients		n. 病人（patient的复数形式）
patterns		n. 模式（pattern的复数形式）
peasants	'pesnts	n. 农民（ peasant的名词复数 ）; 农夫; 佃农; 粗俗的人
pennies		pl. （非正式）copper便士，（美）分，分币
pets	pets	abbr. 公共英语等级考试（Public English Tset System）
phone-in		n. 观众/听众通过电话参与讨论或提问的电视节目/广播节目
photocopies	ˈfəʊtəˌkɔpi:z	n. 影印本（ photocopy的名词复数 ）; 复印件
photographs		n. 照片；逼真的描绘（photograph的复数）
photos		n. 照片，图片；相册（photo的复数形式）
pictures		n. 电影院
pills		n. 丸剂；药丸（pill的复数）
places		n. 地点；位置；[数]位数（place的复数）
planners	p'lænəz	n. 规划者，策划人（ planner的名词复数 ）
plants		n. 植物；工厂（plant的复数形式）
positions		n. 定位；位置（position的复数）
pounds	paundz	n. 磅，英镑；重击（pound复数形式）
precautions	priˈkɔ:ʃənz	n. 预防措施（ precaution的名词复数 ）; 防备; 避孕措施
priorities	praiˈɔritiz	n. 先（ priority的名词复数 ）; 优先; 优先权; 优先考虑的事
prizes	praiziz	n. 奖赏（ prize的名词复数 ）; 值得竞争的东西; 难能可贵的事物; 难以争取的重要事物v. 珍视，珍惜（ prize的第三人称单数 ）
problems		n. 问题；难题（problem的复数）
products		n. 产品；商品（product的复数）
professions		n. 专业；职业；行业（profession的复数形式）
profits		n. 收益，红利；盈利（profit的复数）
psycholinguistics	,saikәuliŋ'^wistiks	n. 语言心理学
purest	ˈpjʊərɪst	a. 纯的（ pure的最高级 ）; 单纯的; 纯真的; 干净的
qualifications		n. 职位要求；任职资格；资格证书；限定性条件（qualification的复数形式）
questions		n. 问题（question的复数）
readers		n. 读者，读物（reader的复数形式）
reasons		n. 理由；理智；原因（reason的复数）
records		n. 记录，录音；唱片，档案（record的复数形式）
referees	ˌrefəˈri:z	n. 裁判员（ referee的名词复数 ）; 证明人; 公断人; （专业性强的文章的）审阅人
refreshments		n. 茶点；点心；小吃
regulations		n. 章则；条例；规程（regulation的复数）
relations		n. 交往，关系，事务
reports		n. 报表；专题；报告（report的复数）
residents		n. 居民；房客；住院医生（resident的复数）
resources		n. 资源；物力（resource的复数）
respondents	rɪs'pɒndənts	n. <律>（尤指离婚案的）被告（ respondent的名词复数 ）; 回答问题的人，（尤指）调查对象
restaurants	ˈrestərənts	n. 饭店（ restaurant的名词复数 ）; 餐馆; 饭馆; 菜馆
results		n. 结果；成绩（result的复数）
retails		v. 零售；转述（retail的第三人称单数）
riders	ˈraɪdəz	n. 骑（马、自行车等）的人（ rider的名词复数 ）; 乘客; 附文; 附加条款
risks		n. 风险，危险（risk复数）
robots		n. 机器人（robot的复数形式）
rocks		n. 岩石，岩礁；岩石礁石（rock复数形式）
rows		n. 返回引用中的行数；行（row的复数形式）
rules		n. 规则；条例（rule的复数形式）
savings	'seiviŋz	n. 储蓄，存款[经] 储金，储蓄
scientists	'saɪəntɪsts	n. 科学家（ scientist的名词复数 ）
seats		n. 座椅，座位（seat的复数形式）
second-hand	'sekәnd'hænd	a. 用过的，旧货的，旧的，间接的，传来的，第二手的[机] 半新的，旧货
self-defense	selfdi'fens	n. 自卫，自卫术，自卫权[法] 自卫，正当防卫
self-discipline	'self'disiplin	n. 自我训练，自我修养，自律[法] 自律，自我约束，自我修养
self-sufficient	'selfsә'fiʃәnt	a. 自给自足的，极为自负的
sentences	ˈsentənsiz	n. [律]判决，宣判; 句子（ sentence的名词复数 ）v. 宣判，判决（ sentence的第三人称单数 ）
shoes		n. 鞋子（shoe的复数）
sites		n. 遗址，举办地点；网站（site的复数）
sizes		n. 象素显示尺寸，尺寸（size复数形式）
skills		n. 技术；技能；技巧（skill的复数形式）
smokers	ˈsməʊkəz	n. 吸烟者（ smoker的名词复数 ）
snacks		n. 快餐；小吃；零嘴（snack的复数）
sources		n. 输入源；发起者；来源（source的复数）
souvenirs	su:və'nɪəz	n. 纪念品（ souvenir的名词复数 ）
spoons	spu:nz	n. 匙，调羹（ spoon的名词复数 ）; 一匙的量
sports	spɔ:ts	n. （英）运动会，运动的，适用于运动的，运动会的，与运动会有关的
standards		n. 标准；规格（standard的复数）
stations		n. 车站；驻地；位置（station的复数形式）
steps		n. （楼外的）台阶；步伐；步幅；步数
stones		n. 小石头；石子（stone的复数）
stores		n. （英）百货商店a. 贮藏的，用作贮藏处的，贮存的
stronger		[经] 强劲的
studies		n. 研究；学习；学业（study的复数）
styles		n. 风格；样式；模式（style的复数形式）
subjects		n. 主题；被试者；学科；科目（subject的复数）
subtitles		n. 说明字幕，印在外国影片上的对白翻译字幕，译文对白字幕
suggestions		n. 民众意见箱；员工意见箱
systems		n. 体制，体系；制度；系统（system的复数形式）
tables		n. 桌子；附录；表格（table的复数）
tablets	'tæblɪts	n. 药片（ tablet的名词复数 ）; （木、竹）简; 碑; 一块肥皂
teams		n. 团队，参赛队伍（team的复数形式）
techniques		n. 方法；技巧；技术（technique的复数）
teeth	ti:θ	pl. 牙齿[医] 牙
temples		n. 边撑，伸幅器；寺庙（temple的复数形式）
thoughts		n. 思想；思维；想法（thought的复数）
threats	θrets	n. 威胁，恐吓（ threat的名词复数 ）; 可能造成威胁的人[事，想法]; 恶兆，兆头
tickets		n. 票；罚单（ticket的复数）
tiles		n. 瓷砖（tile的复数形式）
tones		n. 声调；基本音色（tone的复数）
tools	tu:lz	n. 工具，工具菜单；工具箱（tool的复数形式）
topics		abbr. 总联机程序和信息控制系统（Total On-line Program and Information Control System）
tourists	'tʊərɪsts	n. 旅行者，观光客（ tourist的名词复数 ）
toys		n. 玩具（toy的复数）
travelers		n. 旅行者；旅客（traveler的复数形式）
trees		n. 树木；乔木；树状结构（tree的复数）
trends		n. 动态，趋势
tributes	t'rɪbju:ts	n. （尤指旧时一国向他国交纳的）贡品（ tribute的名词复数 ）; （良好效果或影响的）体现; （尤指对死者的）致敬; 称赞
tunnels	ˈtʌnəlz	n. 隧道，地道（ tunnel的名词复数 ）; （动物栖息的）穴
types		v. 打字（type的第三人称单数形式）
universities	ˌjuːnɪˈvɜː(r)sətiz	n. 大学（ university的名词复数 ）
up-to-date	'ʌptә'deit	a. 直到现在的，最近的，现代化的[化] 最新的
utensils	ju:'tensɪlz	n. 器具，用具，器皿（ utensil的名词复数 ）; 器物
vacancies		n. 空缺额；缺位（vacancy复数）
versed	vә:st	a. 熟练的，精通的
videos		n. 视频文件；影像资料（video的复数）
visas	ˈvi:zəz	n. 签证（ visa的名词复数 ）
visitors		n. 访问者，游客（visitor 复数）
volunteers	ˌvɔlənˈtiəz	n. 义务工作者（ volunteer的名词复数 ）; 志愿者; 自告奋勇者; 主动做某事的人v. 自动提供，自愿效劳（ volunteer的第三人称单数 ）; 主动建议（或告诉）; （未经当事人同意）举荐; 自愿参军，当志愿兵
water-clock	'wɔ:tərkl'ɒk	n. 水钟，滴漏
water-proof		[医] 防水的，不透水的
water-skiing		n. 滑水
weeds	wi:dz	n. 丧服
weekdays		adv. 在每个周日，在平时每天
weekends		adv. 在每周末
whales	hweilz	n. 鲸，鲸鱼（ whale的名词复数 ）
wheels	'hwi:ls	n. 旋转；车轮（wheel的复数）
wollongong	'wjlәn^ɔŋ, -^ɔ:ŋ	伍伦贡[澳大利亚东南部港市]
words		n. 言语；话语；字（word的复数）
workshops	ˈwə:kʃɔps	n. 专题讨论会（ workshop的名词复数 ）; 车间; 工作坊; 研究会
x-ray	'eks'rei	a. X射线的vt. 用X光检查，照X光vi. 使用X光
