# OANC GrAF | sha256 5a26559a1becba41a527cb674fff4fb9c4fb70b276f60422c4f07a0ef23fd867 | pack ielts | entries 2606
abbreviation	Or he may use the other half for his abbreviation and say, I'm going on the dab for this.It is more than a hundred years later before an efficient abbreviation for it is found.
abnormal	Her mother reported fatigue and was also noted to have an abnormal skeletal muscle biopsy.The abnormal factor V that causes APC resistance was subsequently termed factor V Leiden.
aboriginal	And, third, as a matter of governmental policy, Aboriginal names for flora and fauna have been preferred.If it also sharpens Aboriginal leaders' understanding of the need for greater efforts on their part, even better."
abort	Its purpose is to abort the censure movement before the censure movement aborts the trial.5) If women take fertility drugs and develop multiple embryos, they should abort the extra ones.
abound	So now that I'm clearing up those pesky little mood swings, prospective partners abound!Not surprisingly, examples abound of disaster-aid abuses and misuses over the last few years.
abrasion	Corrosion and abrasion resistant materials are increasingly being applied with success in modern FGD systems to improve reliability and long-term performance.The chemical reactions that occur with the limestone reagent form a corrosive environment requiring many of the system components to be corrosion and abrasion resistant.
abridge	So the complainers were not only trying to abridge freedom of expression, they were wildly off-base.No State shall make or enforce any law which shall abridge the privileges or immunities of citizens of the United States.
abrupt	Maybe so, but there's something opportunistic about Léger's abrupt embrace of urban life.[Click for Isikoff's explanation of his abrupt departure that evening on Pages 205-06.
absurd	And make no mistake, a winery need not cram a label with absurd adjectives to sell a wine.There is, of course, much more about Ruddy's book that is equally absurd--or simply wrong.
abundance	The assessment of bias in dinucleotide relative abundance begins with the "odds ratios" rBoth are notable for the variety of species and the abundance of herons and white pelicans.
accelerate	However, PN-1 application did accelerate the biochemical differentiation of the axons.Later, new managerial and tactical innovations seemed to accelerate declines in crime.
accessory	It is not enough to specify that certain data and accessory information be provided.One possibility is that they could provide the binding sites for accessory proteins.
accidents	The injuries sustained in the accidents may not permit the person to do athletics forever.The injuries sustained in the accidents may not permit the person to do athletics forever.”
acclaim	All opened to acclaim at the National Theatre and provoked national debate in Britain.And don't you think Warren Beatty expected to be nominated by popular acclaim by now?
accommodations	Below is a selection of accommodations in towns and villages throughout the Lake District.There are a number of beautiful solares (manor houses), some of which offer accommodations.
accord	We're probably more in accord on Africana than not, but I think you were too easy on Gates.Accord yes and uh so the the things that personally if i ever if i had to buy another car uh
account for	and combined would account for percent of the increase in the IC terminal dues net balance.Of course the model could be further refined to account for many more specific differences.
accountants	Also see the International Federation of Accountants' International Standards on Auditing.The agency reduced the number of voucher clerks in its employ and began hiring accountants.
accumulate	and apartments you can't accumulate a whole lot because you just don't have room to put itOur finding that hyperneddylated Pcu3p and Pcu1p accumulate in all csn mutants tested (Fig.
accuser	The accuser phrases the dog-wagging charge obliquely so that he can deny having made it.The accuser says other people's cynicism makes it impossible for Clinton to govern well.
acquaint	To understand a people, acquaint yourself with their proverbs , or as another proverb puts it, Customs are the fifth element of the world .
actions	15Managing for Results: Critical Actions for Measuring Performance (GAO/T-GGD/AIMD-95-187,A better reincarnation is promised those whose deeds and actions are good in this station.
activate	For example, IL-6 acting via its receptor has been shown to activate STAT3 in LNCaP cells.The results showed that Alexa 488-SP did not activate the SPR to produce a Ca ++response.
activities	58 provides the cost for one boy or girl to participate in scouting activities for a year.For example, a central fund created to support the seizure activities of multiple entities
addict	The complaints have to do with the low limits on exchanges per addict, and poor timing.To these ends Levin has written a psychological profile of the president as sex addict.
adept	Those who are adept with a bow and arrow can keep their hand in on Ibiza and Formentera.He Moves in Mysterious Ways: Proving himself as adept with a parable as with a football, Rep.
adhere	The programs will need to adhere to the general XML structure described in this paper.Cells were seeded onto the coated wells and allowed to adhere for 30 min at 37°C.
adjacent	3a), we also tested ~100-bp deletions (double deletions of adjacent ~50-bp stretches, Fig.The biosphere’s advance into the adjacent possible is just exaptation over and over again.
adjoin	it's but it's in the estates that adjoin it
adolescence	Imagine a tropical island on which some of the girls, at adolescence, magically turn into men.At their best, these films immerse you once again in all the joys and anxieties of adolescence.
adore	I marvel How the body we're wired to adore Disgusts us when we cast it Out into the world.We should still adore the child as the angelic innocent Blake and Wordsworth wrote about.
adults	Interestingly, the strongest health relationships were found for underweight older adults.It keeps a wide range of animals, including most children’s and adults’ favourite species.
advantages	Dengue possesses several advantages which favor its choice as a vector for HIV immunogens.In an actual simple economic model, advantages of trade are studied in an “Edgeworth box.”
advent	In the West, a comparable moment occurs with the advent of modernism early in this century.The advent of rapid tests for diagnosing HIV infection represents one part of the solution.
adverse	Their dosing is limited by a ceiling effect, and they have a high risk of adverse effects.Certainly, large-scale treatment efforts will demand close monitoring of adverse effects.
advertisements	Russia's program places advertisements on its rockets, and allows its cosmonauts to filmPLoS Medicine will not accept advertisements for pharmaceutical products or medical devices.
aerial	The dense undergrowth of their aerial prop roots perform natural land reclamation.um-hum i didn't know how far of a of a distance i guess depending on what kind of aerial that you use
affairs	Montgomery Ranking Minority Member Committee on Veterans' Affairs House of Representatives!!) and was responsible for floating rumors about George Bush Sr.'s extramarital affairs.
affiliate	[From Heartlines , a Washington affiliate newsletter of the American Heart Association, Vol.[From Heartlines , a Washington affiliate newsletter of the American Heart Association, Vol. VI, No. 2, .]
affirm	These data affirm a technically good separation of the periplasmic and cytoplasmic fractions.Clinton could have used his news conference to affirm this soothing message, as Sen.
affix	(But he wasn't so snippy about my plan to affix temperature sensors to Meryl Streep.)EEC INITIAL AFFIX- digger IDDD ATIONS (20) fat ACRONYM antienviron- gate KWOC ment immune, adj.
afflict	Why do allergies afflict an increasing number of victims if they serve no useful purpose?Like greed, materialism is a vice that tends to afflict those with more money than oneself.
agencies	Following the Pollard affair, rumors circulated that Israel had penetrated other agencies.Local, regional, state, and federal agencies immediately responded to the Pentagon attack.
aggravate	These peculiar traits, Pye noted, aggravate another disturbing feature of modern China.This woman's demands suggest an underlying jealousy and immaturity that time will most likely aggravate.
aggregate	inch size range, whereas control aggregate sizes were spread over a much broader range.It gives a quite aggregate view of street costs compared to the fineness of U.S. costs.
agitation	In order to assess for agitation and/or behavioral problems, we employed the NPI-Q.1. Cool soap and water bath, with two-minute agitation and cold rinse, times three
agony	Henley endured years of agony, and his poem, Invictus, was truly written from experience.know this, this anguish, this agony for a departing self wishing only to stay, to endure,
agreeable	Russo has never been less than agreeable, but here's she's something else: a movie star.agreeable, delightful, respectable (often used in vague commendation by those who are not nice...)
alaska	A third change that would be made immediately concerns the provisions for parcel mail in Alaska.On the other, the Inuit extend from northern Alaska to Greenland, including all of Arctic Canada.
alienate	Wanting neither to alienate his party-mates nor lose his meal ticket in Johnson, Ross tried to avert a vote altogether.But she was afraid to go too far, to alienate all the "genial cheerful" men whose standards she continued to internalize.
allegiance	In the original version of the pledge, we swore allegiance to “one nation indivisible.Vigil’s work on gang culture explains the allegiance felt by gang members toward their barrio.
allergic	Atopic history was defined by a reported history of allergic rhinitis or atopic dermatitis.yeah i've i've got my own set of war stories uh my daughter uh turns out she's allergic to gnats
allergy	Some studies have suggested that keeping pets actually protects against later allergy—i.e.Every allergy season seems to be touted by the media as being the worst one on the books.
alleviate	The rosy spin: A decadeslong La Niña cycle will cool the Earth and alleviate global warming.enactment of a law to alleviate the Alternative Minimum Tax for middleincome taxpayers.
allot	The NYT and LAT allot the top of column one (journalism's traditional spot for the day's No.Corporations that have budgeted for contributions of a certain size are loath to allot large amounts of additional cash in the middle of the year.
alloy	It is actually 95% tin, hardened with a 5% alloy of antimony and copper.Prince's metal A copper-brass or copper-arsenic alloy resembling brass.
alphabetical	A Dictionary of Surnames is thus more like a thesaurus than an alphabetical dictionary.Next to the staircase is the Tripartite Shrine where the Linear B alphabetical tablets were discovered.
alternate	Well, one alternate juror hinted that one factor in the verdict might be an O.J. backlash.Fertile fields alternate with stony hills, miraculously sprouting trees, and wildflowers.
altitude	As the road gains altitude and temperatures fall, the views become ever more spectacular.Variations in soil, slope, and altitude give rise to five different types of forest:
amateur	Is there another amateur among Slate 's readers who would like to pick up the challenge?"I figure you've got to put in 20 years before you get past amateur status," she said.
amaze	), I was so exhilarated to see films that gave themselves the liberty to surprise and amaze me.well see of not being particularly interested i don't keep track of prices on them but i'm i'm that does amaze amaze me
ambassador	USA Today leads with the defection to the U.S. of the North Korean ambassador to Egypt.Ambassador to Macedonia Christopher Hill likewise told CNN: "We're not negotiating right now.
ambiguity	Accordingly, they display cynicism, or alas, lead the reader into ambiguity and paradox.In his didacticism he denies his characters ambiguity and hence a life of their own.
ambiguous	How Bauer could refute such perceptions, questions, and discomfort was equally ambiguous.Thernstrom's anecdote about how Powell became brigadier general is ambiguous on its face.
amend	Several indicated that they would have supported it if Clinton had worked with them to amend it.Joe Biden, D-Del., wants to amend the War Powers Resolution to give it more teeth.
amends	Clinton has suggested that he can best make amends by being an excellent president.And I hope we stop the futile attempt to make amends for past injustice by wreaking new ones on innocent people.
amidst	Amidst voices clamoring for stability and security, Napoleon staged his coup d’état in late 1799.Amidst the developments, the NYT detects mayhem among the House Republicans.
ammunition	Strategy is when you don't let the enemy know that you are out of ammunition, but keep on firing .The conning officer reports that all small arms, ammunition, and pyrotechnics have been inspected.
amphibian	In amphibian oocytes, γ 1 was assayed in a complex with α 1C , β 1a and α 2 -δ [ 23, 24].Worldwide amphibian diversity is threatened, but cane toads are a pest in Australia.
ample	You will rarely get out of the lower gears, but the wonderful panoramas are ample reward.There is ample evidence that Lincoln regarded blacks as morally and socially inferior to whites.
amplify	As expected, the F1-BGH037 primer set failed to amplify from T +/+ embryo RNA (Figure 1B).Primer pairs were designed (Table 1) that would only amplify one of the four transcripts.
amuse	Useless spoonerisms produce correct words which, unfortunately, neither amuse not have current meaning.Prudie has a hunch that girls jumping out of cakes would amuse anyone ...
analogy	Consider as an analogy a long thin tube with two ends and a one-hole torus, like a donut.This similarity suggests an analogy between plant apoplasts and mammalian digestive tracts.
analytical	I could , as others have, about the civilizational paradigm's lack of analytical elegance.Luciferase activity was measured using a luminometer (Analytical Luminescence Laboratory).
anchor	This procedure, before the days of the stockless anchor, was known as catting the anchor .Anchor tenants in the local arts scene include the long-lived Nevada Ballet Theatre (Tel.
anecdote	(Best anecdote: One Wall Street firm has built a shrine to Greenspan in an empty office.)Thernstrom's anecdote about how Powell became brigadier general is ambiguous on its face.
animals	Animals were sacrificed after 2 days, liver sections were prepared and stained with X-gal.At 40 days of age, animals were singly caged and remained on the assigned diet treatments.
annihilate	The purpose of this rhetorical bomb is to annihilate any discussion of the facts.And he may decide at some point that it's better to co-opt the blessed Harry than to annihilate him.
annoy	Chatterbox also likes "Incredible Sucking Sound," but doesn't want to annoy Ross Perot.You're absolutely right about companies' trying to frustrate and annoy their customers.
annuity	The Ledfords' actual income: $2,431 a month from Social Security and a small annuity.but we can do this tax sheltered annuity that's the only thing that's saving us
antagonism	The primary clinical utility of RU486 is PR antagonism to induce early pregnancy abortion.Tannen's antagonism toward antagonism makes sense in the former case but not in the latter.
antarctic	In 1959, 12 nations including the U.S. and the Soviet Union signed the Antarctic Treaty.A major food source for Antarctic fish, penguins, pelagic seabirds, seals, and whales, krill (
antecedent	The vaquero was the early Hispano cowboy and the antecedent of the Hollywood cowboy.Synonyms: antecedent, anterior, foregoing, former, past, precedent, previous, prior
anthem	His remarks electrified the crowd, which spontaneously broke into the Serbian national anthem.This isn't just the most riotously inventive movie of the year, it's the raunch anthem of the age.
anthology	6. The Norton Anthology : The article implies that only Gates' name appears on the cover.It is a clinical document, an anthology of unexamined prejudices, a tiresome Manhattan whine."
anthropology	Under Professor Malinowski, he studied Anthropology at the famous London School of Economics (LSE).The Royal Museum has displays devoted to anthropology, archaeology, natural sciences, and technology.
antibiotic	The small number of specimens may, however, limit conclusions about antibiotic resistance.Cells were grown to 50% confluence in DMEM containing 7% FBS and 1% antibiotic/antimycotic.
antibiotics	About 5% of shoppers were sold antibiotics, anti-pyretics or other drugs as anti-malarials.1%) from WHO Essential drug list [ 9 ] . One hundred and twelve patient antibiotics (32.
anticipation	At last, he seemed ready to say something, and his fellow guests leant forward in anticipation.Have recipients really changed their behavior in anticipation of future penalties?
antique	It is as if, by this deliberate smudging, Bartoli were giving old songs an antique timbre.But even if your purchase only looks “antique,” it may still arouse suspicion at customs.
antonym	English already has several well known -onym words (from the Greek onyma meaning name), such as synonym (same meaning), antonym (opposite meaning), and homonym (same sound).Finally, we need a word for all these words that identify a category of words — the existing words such as synonym, antonym, and homonym, and the suggested neonyms—bicronym, fractonym, etymonym, and the others.
anyhow	it's um over there's one over there in Addison i can't remember his name anyhow it's someWhen the technology did work as intended, it merely made you wonder what good it is anyhow.
ape	(The movie would have been more fun, though, if DiPego had left in a token telepathic ape.The human brain is not just a scaled-up version of a mammal brain or even of an ape brain.
apes	Legend has it that if the apes ever leave the Rock, then British rule will come to an end.Then stop to see the apes, and at the north end of the Rock, take time to explore the Upper Galleries.
apologetic	When closer to home I have to answer in apologetic question-language: "A suburb of New York?a) Urged president to be contrite and wrote excellent, sufficiently apologetic speech.
apostrophe	The apostrophe has much to answer for here, as it does in everyday English."Sex, when it happens" for newlyweds, reports the Journal , "is often an apostrophe, not an exclamation point."
apparatus	The apparatus was made up of three contiguous plastic cubicles, each of which measured 24.The nation as a prepolitical reality finds its embodiment in the apparatus of state power.
appetite	The WSJ says the Republican leadership of the Senate has little appetite for Dole's deal.You can build an appetite for dinner by making your way from the beach to the restaurant.
applaud	Critics mostly applaud this movie about a female necrophiliac who works in a funeral home.Critics applaud Richard Gere's China-bashing activism but sneer at his China-bashing movie.
appliance	It uproots and homogenizes as it enriches--like a Ronco appliance, as Friedman might say.appliances and things like that and they're real good with their appliance and stuff like that so
applied	For in vitro systems, a solution containing free viral vectors is applied to target cells.In its Greek form, Judea, it was applied to just Jerusalem and its immediate surroundings.
appraisal	Agencies were to implement the new policies for the SES appraisal cycles that began in 2001.To encourage evidence-seeking, students have been taught critical appraisal of medical research.
appreciable	Single-exon (intronless) genes occur with appreciable frequency in the human genome [ 25].Each group contained only four animals, with appreciable scatter in the individual responses.
apprehension	Brewster opined that perspective was the source of the apprehension of an object's shape.It is therefore with some apprehension that Chatterbox views the coming of a new century.
apprentice	These are obviously apprentice works, the equivalent of art-book sketches, practice-room exercises.We see the apprentice writer trying to transform his raw autobiography into art, with varying success.
approaches	In general, the different approaches can be seen as complementary rather than competitive.Two different approaches were taken to address the biochemical activity of inducible PP1α.
approximate	Approximate molecular weights were estimated using prestained standards (NEN, Boston, MA).AMIGA was then modified to approximate the assumptions behind each of the four scenarios.
apt	Indeed, the bellybutton might be an apt metaphor for Avedon's intimate, unsettling work.more uh they're less apt to vote in programs that involve the government running things
aptitude	Also, a story says chimps may have better language aptitude than previously thought.Nor had Massoud shown much aptitude for governing except as a ruthless warlord.
aquarium	At the Artis complex there is the chance to explore the aquarium, zoo, and planetarium.From the Aquarium, the North Shore Road (bus routes #10 and #11) continues to the east.
aquatic	The definitive host could be small aquatic animals which are ingested accidentally by tigers.The reef attracts many kinds of aquatic creatures that are free to come and go as they please.
arbitrary	(The user can override the default values and input an arbitrary value for any parameter.)All other outcomes, as John Rawls argues, would be “arbitrary from a moral point of view.”
arc	Victor Hugo was given a magnificent funeral ceremony at the Arc de Triomphe in 1885.And in the arc that connects the two one can read the downfall of what was once a sustaining faith.
arch	For analysis vertebral arch distance was averaged for each fetus and then for the litter.They're not buying records or movie tickets or novels or Levi's or Arch Deluxes or Nikes.
archaeological	Down the road from the archaeological park is a lively covered fish and vegetable market.Sitía also has a pleasing Archaeological Museum displaying finds from Petrás and Gourniá.
archaic	It is just as streamlined, just as stylized, often in the same oddly archaic sort of way.James Orchard Halliwell's Dictionary of Archaic Words (1850) gives GOTTED as a form of gotten .
archives	Proof: The magazine's archives contain 381 cartoons of people on psychoanalysts' couches.-Observations over time -Participant observation -Documents -Archives -Physical information
arctic	Along the way he's crashed in (and been rescued from) the Canadian Arctic and the Atlantic.The Northeast is thus spared the jet stream's Arctic blasts, and enjoys a lovely winter.
ardent	But there are many people--nearly all of them ardent conservatives--who reject that lesson.The ardent, pious wife, taming the young prince, guiding him to his glorious destiny.
arduous	The Wall Street Journal fronts a terrific story on the Fed's arduous decision-making process.about a year ago i engaged in the arduous six month prices process of getting a fire arms license
areas	Even in areas where Kuttner thinks markets are all right, he's sensitive to the drawbacks.Many were substantial and costly efforts in the areas of education and health-care reform.
armour	A 17th-century Turkish tent decked out with carpets is one highlight, while other exhibits run the gamut of war and peace from suits of armour to room reconstructions./ In the bells of tree-frogs with their steady clamour/ in the indigo dark before dawn, the fading morse/ of fireflies and crickets, then light on the beetle's armour."
arouse	But even if your purchase only looks “antique,” it may still arouse suspicion at customs.Hats arouse fully as much feeling as hairstyles--or they would if enough of them were being worn.
arrogant	"I don't know if the agency itself is aware of how arrogant and presumptuous it has become."Many of these players tend to be arrogant and believe that the end justifies the means.
artery	2shows the organization of endothelium, smooth muscle cells and nerves within the artery.Family history of premature coronary artery disease is a major but underused risk factor.
articles	And once articles are in a digital format they can be searched and used in different ways.If they would, medical journals might need to be educated to accept articles from non-MDs.
articulate	The representatives will be asked to articulate in writing their concerns and objections.They frame lopsided yes/no questions and squelch attempts to articulate a middle ground.
artillery	In summer, students in the kilted uniform of the 78th Highlanders perform infantry and artillery drills.A decade later I must confess that I've never deployed artillery, and that the kingdom of Wu has yet to come up.
ascend	Following his career as a diplomat, John Quincy went on to ascend ever higher in politics.This is one of the most difficult passes to ascend, but also, arguably, the prettiest.
ascent	The Redcliff Ascent Outdoor Therapy Program provides group counseling and forbids sarcasm.Rage for Fame: The Ascent of Clare Boothe Luce , by Sylvia Jukes Morris (Random House).
ascertain	All we can do is ascertain probabilities, which do not definitively prove anything is anywhere. "Future investigation of this complex regulatory region will be needed to ascertain such a matter.
ascribe	Humans have the most annoying tendency to ascribe cutesy attributes to wild creatures.Others ascribe it to a high-school basketball player in a McDonald's All-America game.
ashamed	Dol. Captain! thou abominable damned cheater, art thou not ashamed to be called captain!My husband says he was ashamed of his lie and that they had promised never to tell me.
aspiration	Shakespeare gives us plenitude at the expense of ethics or higher spiritual aspiration.Delimiting those circumstances is the central aspiration of 20 th -century psychology!
aspire	The freedmen could aspire to power in the region where they previously had been slaves.They aspire to the rise in status and income that computer geeks benefited from in the 1980s.
aspirin	[ 9 ] , which demonstrated that 0.5 mg of aspirin per day was chemopreventive in Min /+ mice.The instrument also assesses aspirin use relevant to the period prior to the onset of disease.
assassination	Arbitrators priced the Zapruder film of President Kennedy's assassination at $16 million.Ray, who pleaded guilty to King's assassination without trial, is dying of liver disease.
assignments	actually dad did more than his share but uh we always had our our assignments to help out2%) phase assignments were less than 90% certain in the Gambian dataset, and only 2/1,008 (0.
assimilate	Did you seem to assimilate that into his descriptions and characters?Some even assimilate Buddhist and primitive, non-Hindu local deities.
assorted	There are 26 pictures of eyeballs in assorted colors; circle the one closest to your child's.Roger Staubach, Sean Elliott of the San Antonio Spurs and assorted other jocks.
astound	Steven E. Landsburg continues to astound by insisting that logical rigor requires binary choices.it it astound you realize that the Kuwaiti government gives every Kuwaiti man woman and child money
astronomy	They were welcomed for their erudite ideas on medicine, astronomy, and astrology.) Also, an appreciation of planets: Thanks to the Mars rock, they're the hottest field in astronomy.
asylum	One of Meskini's associates, Abdel HakimTizegha, also filed a claim for political asylum.Sometimes you have to believe that all English speakers should be committed to an asylum.
athens	He advanced the far-sighted scheme of a federation of Greek states, which Athens resisted.They are the Chinese names for, respectively, Paris, Athens, Russia, Rome , and America .
atlas	And while the Allen Brain Atlas will provide a fine level of detail, there are limitations.While the Allen Brain Atlas is somewhat like other genomics projects in scale, it is unique.
atmospheric	Environmental Protection Agency Office of Air and Radiation Office of Atmospheric ProgramsThis light scattering and absorption reduces atmospheric clarity and is perceived as haze.
attacks	Dole's attacks on the Times have the appearance of being an exercise in populist demagogy.The story of dissension within al Qaeda regarding the 9/11 attacks is probably incomplete.
attain	5 volts for the two models with tissue perfusion to attain simulation data near 100°C.Haggling with dapper Gujaratis and the bright-eyed Kashmiris can attain the level of high art.
attempts	If required, as many as nine telephone attempts were made to contact a selected household.Beginning at 8:52, the controller made repeated attempts to reach the crew of United 175.
attendant	They stabbed members of the flight crew (reported by a flight attendant and one passenger).And when they got married I was her only attendant and, her son, Alvin, was daddy's best man.
attentive	Browsing is difficult as vendors are attentive and can be insistent, but you’ll have fun.Only rarely do Promise Keeper men become domineering; mostly they become more attentive.
audible	I present a scoop--Monica's only public, audible statement: "Can I put a phone in here?far off, unseen, but audible,repeats its syncopated intervals,a song that's not a cry
audio	NEADS audio file, Mission Crew Commander, channel 2, 9:38:02; Dawne Deskins interview (Oct.Tye Comer, CMJ ). (Click here to buy the CD and to listen to audio samples from the album.)
audition	A British promoter picked them from an open audition based on their looks and spunkiness.It's like an actor being forced to audition over and over again in order to keep a part.
auditorium	Visiting dance groups perform at the Shrine Auditorium and the UCLA Center for the Arts.Feel free to join us for any of the lectures which are held October April in our auditorium.
augment	MAPPFinder can incorporate any MAPP file into its analysis to augment the GO hierarchy.State and local law enforcement were not marshaled to augment the FBI's efforts.
authentic	Participants are invited to submit similar authentic examples of rigorous self-assessment.Even the worst work demands from you the admission that at least the artists are authentic.
authoritative	This is truly an impressive-looking tome, persuading one that it is complete and authoritative.Both volumes serve as authoritative references to the standards and interpretations.
authorize	The Europeans ask that the WTO hear the case and authorize sanctions against the United States.Second, we held that the LSCA did not explicitly authorize a private right of action against the LSC.
automation	Additional billions have been invested in buildings, in part to house the automation.This is primarily a result of economies of scale, worksharing and the extensive use of automation.
auxiliary	and all the auxiliary personnel the school bureaucracy that exists mainly to perpetuate itselfauxiliary motor on there at least you can kind of drop the sails and putt on back in
avail	As Welsh's book has a list under PRONUNCIATION, I looked there, to no avail.But time spent on the phone to the utilities commission and the attorney general's office was to no avail.
avalanche	In general, you will see a purple avalanche spread out from the initially perturbed gene.Indeed, this spreading is the first time step of the spreading of a purple avalanche of damage.
avert	The West should admit that loans to Moscow are a naked effort to avert Russian implosion.The conventional wisdom says Clinton must avert conviction in order to safeguard his legacy.
aviation	The memo's references to aviation training were broad, including aeronautical engineering.For pilot's belief and the helicopter not hovering, see NYPD interview 12, Aviation (Mar.
axis	Chang’an Avenue bisects these two sites and forms the capital’s long, wide east–west axis.In Streptococcus , the A+T3/C+G3 separation appeared principally on the second axis.
backward	The aim is to get you pumped, bellowing, pogoing backward up the aisle playing air guitar.Retronym derives from the combining form retro- (from the Latin retro meaning backward).
bacon	oh did well did does your wife ever make uh a bake in a hot bacon dressing like for salad.. and make himself a hostage to fortune (to mis-cite Bacon in my turn) when doing so.
bacterium	If only the bacterium could tell us: “Did you see that truck of a paramecium coming at me?Consider a bacterium swimming upstream in a glucose gradient, its flagellar motor rotating.
badge	To be sent away was a badge of honor, to undergo electroshock a glorious martyrdom.uh that's well i now maybe i'm not the uh typical nonexempt that you deal with the badge is silver
badminton	The national sport, badminton, and is played wherever a net, real or makeshift, can be set up for players to thwack the shuttlecock across to each other.With the huge successes of Boris Becker, Steffi Graf, and Michael Stich, tennis has now become a favorite national sport, with squash and badminton catching on fast, too.
baffle	And although they may cause few problems for native English speakers, they can baffle foreigners.Entre nous and me , until then, I had believed that, in any baffle of wits, Jane Ace would have won, thumbs down.
baggage	He must know how lucky he is that Julia Roberts arrived with so much astounding baggage.And hope that the pilot is better at his job than the baggage handlers are at theirs.
bait	yeah my wife loved to fish she didn't like to uh she doesn't like to put the bait on butYes , he is saying, we'll use the roe as our next bait , and How about Saturday, early?
balcony	King was assassinated on April 4, 1968, while standing on the balcony of his Memphis motel.i think it's from the time he jumped off the balcony and lord knows what happened to him
bald	Bird-watchers can spot, among many species, red-tailed hawk and the occasional bald eagle.Well, I have a close friend, Pat, who is bald and wears a full beard and horn rim glasses.
baldness	These baroque newspaper corrections are to a mistake what a comb-over is to baldness.So we call impotence "erectile dysfunction," baldness "hypotrichosis," and so on.
balloon	"Raising a beaker with a balloon inside, Steven Jacquier peers at a wonder of the world.""Sure," the man yells back, "you're in a hot air balloon about 30 feet above this field."
ballroom	The odd Mullick still hangs around to play Chopin in the ballroom or billiards in the parlor.Santa Monica Pier, site of the famous carousel as well as the La Monica Ballroom, was built in 1908.
bamboo	The main road descends by way of bamboo forest and banana plantations direct to Singaraja.The right-of-way travels past fancy apartment blocks, bamboo stands, and jungle flowers.
bandage	50 μl vehicle or cCAF were deposited through the bandage onto the wound using a 30-gauge needle.The wounds were photographed immediately after wounding and then covered with Biocclusive bandage.
bands	Lower doses of fentanyl resulted in slowed alpha activity with an increase in theta bands.Differences are noted in minor bands and differences in the intensity of bands are noted.
bang	So they take me to the hospital and I bang my head a couple of times on the way there.The universe, since the big bang, was and remains out of equilibrium, or vastly nonequilibrium.
banish	Banish the bars and cafés and you’d disconcert the whole of Spain.And while only 40 percent want to banish evolution from the schools and teach creationism instead, 68 percent think both ideas should be taught.
bankrupt	To enemies, it refers to a legacy of bankrupt state government and failed social programs.okay well i've i have had some because i was working for P I E and they went bankrupt so
banner	A banner at the top of a Web page just isn't the same as a luxurious two-page color spread.Advertisers control the text in the banner and can target it by demographic or issue group.
banquet	In 1811 Mohamed organized a grand banquet and called all the notable mamelukes to attend.Each member would organize a fortnightly banquet of game and fish he had caught himself.
barbecue	fourteen fifteen pound catfish and sometimes those are good to uh do on a barbecue grillThey didn't have any property records, they said, but she was welcome to some barbecue.
barber	Here also are the betting shops, antique barber shops, and stores offering exotic medicines.References Barber 1993; Gosnell and Gott 1992; Griffith 1985; Jordan 1982; Sanborn 1989
bargain	Make me an offer" is hardly the best strategy if you're looking to drive a hard bargain.The accord may finally compel the Palestinians to live up to their part of the bargain.
bark	just a small patch of lawn and just flowers and bulch bark uh tree bark all over her lawnA sidebar examines a handful of less pressing scientific puzzles, such as why dogs bark.
barometer	It may be, too, that Internet rumor sites are a highly precise barometer of public opinion.Online cash intake is already being used as a barometer of grass-roots support.
barren	Barren Kahoolawe (kah-ho-oh-law-vay) is a tiny island just off the southwest coast of Maui.Kalymnos has a barren interior with dramatic cliffs and caves all around its coastline.
barricade	it asked, beside a photograph of the burning barricade.If you approach the police barricade that pens them in, they ply you with leaflets charging that the play portrays "the Blessed Virgin screaming obscenely to St. Joseph for sexual relations" (sadly, it doesn't).
barter	Companies literally pay their taxes in vodka and do most of their business in barter.(And $300,000 of that in advertising barter--an ad for an ad--leaving cash revenues of about $1.
batch	The Jin capital was in turn completely razed by a fresh batch of northern nomadic usurpers.. One of the blots in each batch was probed for cyclophilin to act as a loading control.
bathe	Why did this translator feel he had to change “anoint his head” to “bathe his head”?The affidavits also attest that he watched friends stab a woman to death and bathe in her blood.
batter	. . Take this belt and batter their backsides while I get some hits ready to slam them up."And the only way I have ever enjoyed eating fish is deep fried in batter, wrapped in newsprint.
bead	The only guaranteed way to get a bead on players is to watch for betting patterns to emerge.Lysates were prepared by glass bead disruption in 50 mM Tris Cl pH 7.5, 1 mM DTT, 40% glycerol.
beard	Well, I have a close friend, Pat, who is bald and wears a full beard and horn rim glasses.Atta wore Western clothing, shaved his beard, and no longer attended extremist mosques.
bearing	(None of the above, incidentally, has any bearing on Lee's usage of the word "bumfuzzled.""But at Sinatra's funeral, the eternal Gregory Peck amazed us with his beauty and his bearing."
beats	Rage Against the Machine , a popular political rock band, derives its beats from hip-hop.Thus, in the moral cartography of "News Quiz," urban trumps rural, and East beats West.
beds	It would get really big, take us from our beds and never bring us back home” (November 1974).you know you the lid pops off the little tent comes up the top and it had two double beds in it
beforehand	This book will probably find no reader fully conversant beforehand with even half its contents.Participants were instructed beforehand to keep lips closed once oral thermometers were in place.
beginners	Beginners appreciate the calm waters of Simson Bay, the largest lagoon in the West Indies.But to beginners, it is one step toward figuring out which martial art might be right for you.
beloved	The Boneless Pork Rib Shaped Patty is a shoddy imitation of McDonald's much beloved McRib.Kids, after all, get plenty of lectures ("discipline," "limits") from their beloved parents.
belts	Choose from a wide selection of handbags, belts, wallets, trousers, skirts, and coats.They readily ask about seat belts and distribute handouts about various behaviors.
beneficial	It is also beneficial if the previous position (3' -2) is a G or C with a frequency of ≥0.Achieving significant beneficial results for clients as determined by outcome measurements.
benefits	(And marriage benefits go to all married people regardless of whether they have children.)Anti-Clinton rage benefits House Republicans in the conservative districts they represent.
bent	for a little while yeah my brother my brother was stationed at Bent Waters for a long timeLouis Armstrong started playing his bent, nickel-plated cornet in the dives of Storyville.
berth	Not far from the old villas and castle is Qianhai Pier, once the main berth for German ships.The death of the tobacco bill and Clinton's upcoming visit to China vie for the Issue 1 berth.
beset	How wonderful that you are not beset by stupid everyday concerns and petty moral dilemmas.The Balearics, further neglected, were beset with poverty and outbreaks of disease.
betray	While Nerve hasn't violated many taboos yet, the site does betray some expectations.Some of these products betray a rather comforting lack of geographical precision.
beverage	Then there are appetizers, salads, main courses, beverage refills, desserts, and coffee.But the flacks at the American Beverage Institute are doing their best to take up the slack.
bewilder	Another rhyming reduplication, mumbo jumbo, is probably borrowed from a word in African Mandingo: Mama Dyumbo was a deity who helped husbands to bewilder wives whom they suspected of talking too much.
bibliography	At the back is a bibliography of dozens of other Napoleonic era sea stories by other authors.By contrast, the bibliography for my historical nautical dictionary already numbers close to 285 works.
bicycles	On nice afternoons, friends drop in on their bicycles to say hello and examine the goods.For many years, the Schwinn Bicycle Co. famously refused to supply bicycles to discounters.
bilateral	"There is no alternative but to seriously engage in bilateral discussions with Islamabad."[ 9], obesity is associated more strongly with bilateral than with unilateral hip OA [ 14].
bilingual	Key to Rooney's success, in addition to being bilingual, were his ''low bono'' rates.Client communities are more diverse and programs have more bilingual staff members.
biography	The magazine excerpts a new oral biography of the members of Monty Python's Flying Circus.Book -- Martha Stewart, Just Desserts: The Unauthorized Biography , by Jerry Oppenheimer;
birds	The birds are tagged for later tracking, and each tag has a tiny, tiny short story on it!"Princes and princesses judged the merits of birds, insects, flowers, roots, or seashells.
bitumen	The progressive Moor’s treatise on “wounds, inflammations, and tumours” may sound hair-raising today, but his treatment of broken bones by padded splints, traction, and bitumen casts was actually centuries ahead of its time.
bizarre	The Sex Pistols' Sid Vicious recorded "My Way," a bizarre combination of homage and scorn."Brilliant and bizarre" is how experts characterized the scheme in the New York Times .
blast	Critics blast the sappy romance as well as the "dismayingly formulaic view of enchantment.This snarling munchkin gives the Dr. Evil scenes--which still run long--a blast of energy.
blaze	Help Blaze The Trail -- 1997 Jameson Camp Thank you for your last Annual Fund Gift!Derek's father was a fireman killed by a black drug dealer while battling a blaze in a crack den.
bleach	So I put the towels, shirts, and everything together, poured bleach all over them!In general, "color-safe" bleach just means oxygen bleach, which is much milder than chlorine bleach.
bleak	), their relationship becomes a bleak, absurdist parody of all artists and their moneymen.The bleak early '90s were defined by the allegedly darker and less materialistic Gen Xers.
bleed	The Times editorial board, I'm sure, would make this ethical boo-boo bleed with ink.A woman was gang-raped, butchered, and left to bleed to death, shorn of her limbs.
blink	But for eyelash it has pestana , matching Spanish pestaña (compare Sp pestañear blink).Which, from an investing perspective, means you should blink as often as you can.
bloc	If so, it could mean that male adulterers are now a voting bloc that must be courted!Why, for example, must Western relations with a Sinic bloc be typically tense?
blocks	A therapist instructs a toddler on his colors, flashing a rapid sequence of blocks at him.A row of no-nonsense 1970s office blocks lines Sixth Avenue on the west side of the park.
blond	The spot shifts to a fresh-faced blond teen-ager lighting up in what appears to be a park., no significant mean differences between black and brown hair or blond and gray hair).
blonde	To the sound of für Elise, a stooped old personage in a blonde wig totters to open the door.(The winner was a blue-eyed blonde, naturally provoking protest that she was a gringa ringer.)
bloom	no they're they've they're died down i am sorry they are dead now they bloom in the SpringBut others--notably Harold Bloom and Helen Vendler--view the rise of the slam with alarm.
blossom	Yes, they count every blossom in town, and the figure regularly tops the 5 million mark.Arriaga is particularly pretty during late spring, when jacaranda trees are in full blossom.
blot	Proteins were then transferred to a PVDF membrane and Western blot analysis was performed.We confirmed expressions of candidate genes in ECs by northern and western blot analyses.
blouse	I have a tawny silk blouse printed with a clever blend of black lace and leopard skin.Shen Chu, Sewing machine operator, Four Maples Ladies' Blouse Company, Chinatown, New York City.
blunder	Another military blunder made the front page of the South China Morning Post of Hong Kong.*ghost-word, a word that has originated in the blunder of a scribe or printer--common in dictionaries
blunt	Or the program could be restricted in various ways in order to blunt possible objections.And he had reason to believe he could change or blunt the impact of Tripp's testimony.
blur	These omissions blur the characters and allow them to operate at the level of myth.She thinks I will approve, imagines me the anti- climactic aging matron of her future: a beaming, wistful blur.
blush	I suspect Shawn did not blush at the "cunty fingers" remark out of prudery.Without a blush I eyed ground-hugging plants and reeled off their names: Hex, Ponder, Explicit, and Envy.
boast	Its proud boast in modern times is the building of the original Bluenose racing schooner.Most of the large resorts, and some smaller ones, boast of an array of cabaret attractions.
bolt	Incidentally, the cathedral was even taller until a lightning bolt lopped off the main tower in 1614.Sentences transmitted usually read something like Put bolt into L-shaped part.
bones	"Silhouette brooches of popular Disney characters made from the bones of slain Crusaders."The federal government has seized the bones and forbidden further scientific examination.
bookcase	a long time yes and they they take up a lot of you know good space you know kind of like a bookcaseso it's it's sitting on display on top of my bookcase
booking	bump `(of an airline) to exclude (a passenger with a booking) from an overbooked flight'I look out the window and there he's booking across the yard heading for the house.
bookkeeper	The cashier must be paid, the cash register bought, the bookkeeper hired, etc.you you were a bookkeeper oh
booklet	and there's even some silver plated bowls and stuff there's a lot of stuff it's a big bookletUltimately, we printed a decent-sized booklet and sold several thousand copies at $10 apiece.
books	10 points--number of weeks that literary books were on the New York Times best-seller list: Abt Books, 1982), pp. 138-39, and Robert K. Yin, Case Study Research: Design and Methods
bookshelf	“That can be our control tower,” he suggests to Vance, pointing to a corner by a bookshelf.uh-huh right no i i i have one of them sitting on my bookshelf and i just never picked it up
bookshop	With a good bookshop and the excellent Fitzer’s café you could easily spend a day here.The university bookshop — known locally as book rooms — on College Street is the best in town.
boots	Many of these stores rent boots, outerwear, rain gear, and such at daily or weekly rates.He is sitting in a relaxed posture, wearing a riding-coat and boots, accompanied by his dog.
bore	Portugal’s citizens, overburdened with taxes, bore the brunt of the king’s extravagances.Seated next to President Kennedy at a party, she panics that she'll bore him to death.
bounty	And unlike bounty hunters, they can be arrested for trespassing on private property.)In last Friday's Nightline debate, he indicated that he would set the bounty at $10,000 a head.
bouquet	That way, my maid of honor could catch the bouquet without my 6-year-old cousin tripping her.Not if it's pseudopraise, the poison ivy disguised as a rose bouquet: "You look great.
bowling	but uh i guess bowling and racquetball's about it for me walking every once in a while butSo it's hardly a surprise that soccer moms are somewhat more pro-Clinton than bowling moms.
bowls	Careful geometric designs as well as dragon and bird motifs adorned bowls and implements.Able wood turners now create bowls and carvings that bring out the beauty of the grain.
boycott	It is always embarrassing, but certainly not worth the boycott of a good restaurant.Last month, "" reported the student boycott at Obafemi Awolow University in Nigeria.
brace	Richards, The Meaning of the Meaning of Meaning , New New York: Harharcourt Brace & Co.See C. Ogden and I. Richards, The Meaning of Meaning . New York: Harcourt Brace & Co.
bracket	These cases were chosen to bracket the extremes of an ideally performing MM probe and a poor MM.And in 1998, says the paper, General Motors managed to get itself in the 0.8 percent tax bracket.
brake	oh we just uh refilled refilled uh probably filled the the brake fluid up and that was itand there's some kind of a boot that had had come off the car so the emergency brake froze on
breakthrough	The LAT 's "Column One" details an unheralded breakthrough in U.S. military equipment.The organization's director calls it "the biggest health breakthrough of this decade."
brew	well there's this uh there's this type kind of restaurant called a brew pub are you familiar with thoseAfter a few months, trouble begins to brew--invariably with her supervisor.
bribe	The rich get richer, not because they're more efficient but because their ability to bribe is greater.Hersh even pulls in Nixon, mentioning that the Kennedy-era CIA discovered he had taken a $100,000 bribe.
briefcase	Handing him a black briefcase, Cyril whispers to him, "We're leaving tonight, dear.The briefcase, by the way, was metaphoric; the money was to come from mysterious off-shore accounts.
bring about	Richard asks, How is it that commerce can bring about a change to the liberty of the Net?So we all worked together eagerly and happily to try to bring about a change of policy.
brink	The cover editorial joins the chorus proclaiming the Clinton presidency is on the brink.Oh, morning, at the brown brink eastward springs-- Because the Holy Ghost over the bent
brisk	Recently a brisk, chummy young woman whom I had just met asked me what my first name is.The shop does a brisk trade in kitchen towels, mugs, and, of course, packets of the precious leaves.
brittle	yeah but you you know as far as brittle as child abuse is these days you never knowDegas lived until 1917, when--blind, brittle, and beleaguered--he died at 82.
brochure	(For your convenience, we enclose a Second Century Society brochure and response card.)Please send your gift in the enclosed envelope with the response card attached to the brochure.
brochures	Brochures in English, available without charge, describe the rocks and vegetation.! Legal education brochures distributed at community centers, helping agencies and other community sites;
brood	In recent years, the term value-added has dallied with marketing to produce a new brood of connotations.Still, her stereotypes (in that play) brood engagingly over whether their behavior is too stereotypical.
brothers	Under the Florio brothers, Steve and Tom, The New Yorker has lost a whopping $175 million.I love my brothers and sister and count them among the most important people in my life.
browse	Much more entertaining is a slow browse through the pages, which reveals items like this:Browse through the Arab market behind the mosque and wander the alleyways towards the port.
bruise	McCain leaves a bruise without looking mean.It is one giant black bruise.
brutal	Consolidating control over the rest of the country, though, was a long and brutal business.I am not sure when a simple "No, thanks" fell out of a favor for more brutal solutions.
buckle	, home to police officers and firemen; to Broken Arrow, Okla., on the buckle of the Bible Belt.The rest of us can live on the edge until the first red light--when we can buckle up in obscene leisure.
bud	As Detective Bud White, Crowe is a beefy thug with a compulsion to rough up wife-beaters."Argentine President Carlos Saúl Menem, drive down East 88 th Street holding a can of Bud."
buffet	Because of my healthy appetite, I am quite fond of all-you-can-eat, buffet style restaurants.You can probably manage at least a couple, and theaters often provide a good buffet between plays.
buildings	Norten’s buildings exhibit another feature of the International Style: they are placeless.The swooping travertine façade appears to have been inspired by the buildings of Brasília.
bulb	green spiky leaves now it looks almost like a hyacinth only a a lot higher and it is a bulbSo: Do not lean the pleated shade on the bedside lamp against the bulb while it is lighted.
bulge	There is a prominent bulge in the operculum edge below the branchial arches.The load is lighter in private progressive schools, but there, too, by fourth grade, knapsacks usually bulge.
bulletin	Lee (as quoted in the Bulletin 's profoundly politically incorrect account) the last word:and of course you know i also run a bulletin board from here and i'm involved in FidoNet
bully	Democrats pursue the Lowell strategy, trying to bully Starr into revealing embarrassments.And civic leaders, both political and religious, are using their bully pulpits for this?"
bump	But since his report helped bump Net stocks up yesterday, they probably didn't even notice.But, notes the Post , neither the Globe nor the National Enquirer is seeing much of a bump.
bumper	" 'Contain Saddam' is not a ringing bumper sticker," scoffs Steve Roberts (CNN's Late Edition ).The race was notable for the last several laps, in which Earnhardt rode Gordon's bumper at 190 mph.
bundle	This being done, he can then print together and bundle all of the addresses for one ZIP Code.Micronized CAP induces gp41 six-helix bundle formation and is virucidal against HIV-1
bungalow	Now imagine for a moment that you are seated on the verandah of a bungalow in India.Balian Beach is similar, with informal bungalow accommodations.
bunk	The commentariat repeats its long-held opinion that Clinton's claim of executive privilege is bunk.Blarney and bunk, on the other hand, do hail from the names of actual places.
buoyant	And he's in the buoyant, tall-tale mode of The Purple Rose of Cairo (1985).But what if you don't happen to belong to this naturally buoyant majority?
burgeon	Many predicted the sect's political power and membership would burgeon after the march.
burger	The surly spins: 1) Gen Xers don't know him and think his name refers only to burger joints.) McDonald's still maintains a 42-percent market share compared with Burger King's 19 percent.
burglar	a burglar comes in and uh finds a gun and ends up using it against the owners of the house soand since that time everybody's gotten some sort of burglar system or you know uh burglar alarms
burial	It may not even represent the plural of Old English hlyw burial mound as usually explained.The solvation energy represents the change in energy due to the burial of various residues.
burrow	They burrow into the arcana of their topics and inundate potential acolytes with a barrage of pedantic details.Some of the greatest artists burrow so deeply into their characters' twisted psyches that they risk making a case for "the dark side."
bust	The furor over the book led to the removal of a bust of Koestler from Edinburgh University.The Wall Street Journal reports some numbers indicating that the Internet IPO boom is bust.
bustle	Just the bustle and the, well, everyday, Tony would be working, normally, when we were there.The main square of Segovia, the Plaza Mayor, combines history with real-life bustle.
butcher	And before you know it, the butcher knife came around and cut the little girl's head off.All of a sudden the butcher knife came out of the drawer and it began to roll around in the air.
butterfly	' Early pavilions were tents, which were shaped like the spread wings of the butterfly.A hundred species of butterfly have been identified here, and as many different birds.
buzz	"You live by buzz, you die by buzz," says an ex- New Yorker editor, with malicious glee.I see Dan Rather's ratings are sinking, setting off buzz that he may finally get dumped.
bypass	Officials naively thought they could bypass the press and speak directly to the public.And a lack of perfusion fluid to prime the heart bypass machine had held up all his operations.
cafe	One of my persistent fantasies used to be of sitting at a sidewalk table at a cafe in Paris.You've allied yourself with the kind of man who will always opt for the Road Kill Cafe.
cafeteria	um-hum do you go like home cooking like Black-Eyed Pea and that kind of thing or cafeteriablood pressure yeah they sit there in the cafeteria sometimes and take that on your way out
cages	Consequently, our study may have missed the lack of stability in extension with the cages.Mice were housed in cages containing white pine bedding and covered with polyester filters.
calamity	A Bush calamity as well as a Dole collapse (and perhaps a McCain implosion for good measure).Club soda is the wonder cure for stains but perhaps most effectively at the time of the calamity.
calcium	COS-7 cell transfections were performed by the calcium phosphate (CaPO 4 ) technique [ 31].However, the calcium ionphore stimulated LH secretion in RGS3-expressing gonadotropes (Fig.
calendar	Both the news and calendar pages allow all users to submit their own articles and events.Some images, like Richard Kern's New York Girls , are as soft-porn as a Playboy calendar.
calorie	You add the dressing (I chose a low-fat, 30-calorie concoction) then shake vigorously.Investigators have undertaken studies of prolonged calorie restriction in humans
candles	Roman candles, Greek yoghurt, Spanish fly, navel oranges --they will all have to be changed.An ofrenda will have lit votive candles that are meant to help guide the soul to the ofrenda.
cane	She was obviously blind, carrying a long white cane and keeping her eyes screwed shut.Rice, cotton, and sugar cane were also first cultivated on Spanish soil by the Moors.
cannon	The cannon sounded again for the 1918 Armistice and the funeral of Marshal Foch in 1929.Even as most of North Carolina's textile workers walked out, Cannon workers stayed put.
canteen	You can have a coal miner’s meal at the colliery canteen.(His Social Realist Construction Workers was displayed in the canteen of the Renault auto factory, to predictably tepid response.
cape	From Gloucester Routes 127 and 127A loop around Cape Ann to Rockport, a famous art colony.In summer, the traffic isn’t quite as appalling as on Cape Cod, but that’s not saying much.
capsule	With no means yet of safe re-entry, she was put to sleep inside the floating capsule.It is clear that the pneumococcal capsule interferes with various host clearance mechanisms [30].
caption	Indeed, the New York Times front-page picture caption reads, "Of Honors and Overruns."I don't care how much funnier your caption is, we're using Steve Martin's entry and that's final.
captive	Sold to "husbands" for a few hundred dollars, the women spend years as captive breeders.(2) an “Anglo” woman kept captive in the U.S. by one or more persons of Latin-American origin.
cardinal	The cover piece celebrates St. Louis Cardinal Mark McGwire's remarkable home run prowess.The most celebrated local hero was the powerful yet benign Cardinal Belluga y Moncada.
cards	actually i'm i mean i like using credit cards for everything but just paying off the billsand if you don't have the money then use the credit card so i got rid of them credit cards
carpenter	I favor Bath, Bolton, and Barton-le-Beans for a plumber, carpenter, and farmer, respectively.--Homeless Turkish carpenter Yusuf Okul, who often wields a hammer, reacts to recent aftershocks.
carrot	Several participants reported less consumption of carrot juice at 7 months than at 2 months."The administration has got only one carrot--that is permanent trade status ."
carton	"I've seen her eating ice cream out of the carton," a source confides.uh well i believe it's a little more than twelve dollars for a carton i think it's maybe thirteen or something
carving	Note the masterful Ren­ais­sance carving of the oak doors on the central and north portals.He wins with an 'abstract' ice carving, which a spokeswoman described as indescribable."
cashier	The cashier must be paid, the cash register bought, the bookkeeper hired, etc.Prudence has just been through a cafeteria line where the cashier gave change in coins first and then in bills.
cassette	[Note: The publisher originally sent only the cassette, and that is what is reviewed here.]The pct1::kanMX cassette was PCR-amplified from the pPCT1Δ plasmid using primers LI and L4.
catalyst	SCR catalyst manufacturing is almost entirely dedicated to power generating applications.The catalyst, however, is a specialized product designed specifically for this purpose.
catastrophe	If drugs kill one in several thousand per year, this would be a public health catastrophe.the calm continuation of a national success story after the greatest imaginable catastrophe."
catching	If you want to be sure of not catching sight of anything risqué, follow the local people.The new system holds the promise of reducing rape and other crimes by catching criminals earlier.
catering	Heading south on the coast, there are numerous small hotels and guest-houses catering to divers.Pokémon marries collecting to pop cultural obsession, catering to the interests of preteen boys.
causes	6 pcg/L, although lower was not statistically different from patients with causes of ESRD.Jack Maggs is arching its brow at Dickens' vaunted causes, making them potentially smelly.
caustic	Pessimists speculated that Jobs' caustic perfectionism would make it hard to hire a good CEO.Tall and sharp-featured, she's a fount of caustic one-liners, and her stabbing wit makes her look more angular yet.
caution	Nevertheless, bias cannot be excluded, and the results should be interpreted with caution.Extrapolation of these findings to other patient populations should be made with caution.
cautious	Bradley, more cautious by nature, has declined to take a pledge of unilateral disarmament.The cautious spin: Black churches are losing their tolerance for leaders who exploit them.
caves	These are actually caves with a practical use: they’re cool in summer and warm in winter.If you want to see the area or investigate the caves, do take a guide and go well prepared.
cavity	The survival in carcinoma of the tongue is poor compared to other subsites in oral cavity.We performed abdominal paracentesis, which demonstrated free blood in the peritoneal cavity.
cd	CD8 +T cells were incubated for 3 hrs with PMA and anti-CD3 prior to total RNA extraction.Cotransfected cells were recognized by incubation with CD8 antibody beads (Dynal, Norway).
cd-rom	The CD-ROM will be available from Cambridge University Press for $195 beginning next month.The Omni Gazetteer is available in two editions, as eleven bound volumes and on CD-ROM.
cellar	eine Leiche im Keller, Lit. a corpse in the cellar: a skeleton in the cupboard (or closet)If you are keen to learn Israeli folk dancing, the Bicurei Ha’etim Cellar in Heftman Street (tel.
cement	All ceramic copings were made 0.6 mm thick and with a cement space corresponding to 60 μm.Hybridization mix was applied to sections and coverslips were sealed with rubber cement.
cemetery	A few miles from Gaochang is the royal Astana Cemetery, discovered by accident in 1972.Since a gruta is primarily outdoors it can be constructed as a yard or cemetery shrine.
censor	University librarian Sally Haines told the Associated Press, "Librarians, we don't censor.The Church reinforced the Holy Office’s Inquisition and the Index to censor the arts.
census	Figure 1displays the percentage of immigrants for each state, according to US Census data.Some recent examples of such "emergencies": medical services for veterans and the census.
centenary	Canada celebrated its centenary in 1967 with a World’s Fair, the Montreal Expo.The Cabot Tower atop the hill was built in 1897, fourth centenary of Cabot’s landing and diamond jubilee of Queen Victoria.
ceramic	All ceramic copings were made 0.6 mm thick and with a cement space corresponding to 60 μm.The front of the prayer hall is adorned with Arabic inscriptions and ceramic abstractions.
cereal	they think they have to have everything they have to have the latest cereal about you know justThe grain-filling process of cereal development typically has two processes: dilatory and filling.
certificates	Students appreciate gift certificates from art supply stores, lumberyards, paper firms, etc.The gift certificates are most typically from art bookstores and art supply stores.
certify	The remaining agencies now are required to certify the accuracy of financial information that feeds CAFR.Meanwhile, a federal election monitor is refusing to certify Carey's victory because of the investigations.
challenging	But I had no idea that you get bonus points for correctly challenging someone at Scrabble.They emerge best when rich, challenging datasets are staring people in the face,” he says.
chant	Sometimes they would sing a song that sounded more like a prayer or a chant, called Oremos.But Shuman, the crowds chant, doesn't that mean you willingly shipped buggy software?
charges	a) Consistent in belief that Starr is an ideologue and that the sex charges are political.Alexa 488 and tetramethylrhodamine add negative and positive charges, respectively, to SP.
chasm	Salaries are too high, attendance is spotty, and the chasm between rich and poor teams is widening.1) If the political chasm is legitimate, and as wide as you describe, yes, undo from the girlfriend.
chaste	For a Baroque edifice (and one of the finest outside of Rome), the interior is rather sober, even chaste.The catch: Gays must remain "chaste," which means avoiding "genital sexual involvement" with same-sex friends.
chat	(In fact, Internet chat rooms and newsgroups are excellent places for social interaction.)Prudie hopes you will refocus, consider yourself lucky, and move on to another chat room.
cheaper	Again, Asia's financial troubles are to blame along with cheaper PCs and slower PC sales.As copying and transmitting data get cheaper, the distribution of power grows more equal.
checks	First, almost all welfare checks are written to women--not to men, who don't get pregnant.Books with checks from the greatest percentage of judges were given the highest rankings.
checkup	oh i did and i laughed real hard when i took it in for the two thousand mile checkup and uhthat you know for a checkup or whatever
cheer	The second selection's obscurity didn't cheer him up: "Ugh, can't do you the Washburn book."They are members of the major casino union, here to cheer on their employers and their union.
cheerful	By day it becomes a continuous market, with some unusually chatty, cheerful shopkeepers.I can't walk down the beach in my thong without somebody yelling a cheerful "Thai boy here!"
chemist	Nonetheless, Kovner procured some poison from a chemist in the future state of Israel.The Finnish chemist Gadolin isolated a new earth (metallic oxide) there in 1794 and called it yttria .
cherish	If he does renounce it he'll infuriate those who cherish it as a part of Southern history.The howlers in my collection that I most cherish, however, depend for their charm on skewed syntax.
chew	Hand down the edict that the newly braces-free child may chew gum only when she is alone.JBM: -and they'd chew it, come back, and he have me, want me to chew it, I mean smoke it.
chic	That Ralph Laurenish note blends quite well with proletarian chic or the skinhead aesthetic.Also, Che chic: A story notes that Che Guevara is cool again, 30 years after his death.
chicks	But really, as the title warns, he comes across as just a guy who's a jerk with chicks."I don't expect you to believe me, but they're all thanked on that Dixie Chicks CD."
childcare	Although childcare was available; occasionally children were present.Both my daughter and I feel very sorry for her friend and understand her unwillingness to be alone so much, but I am concerned by her mother's neglect and resent the free childcare.
children	"Do we want the world to be as frightened as so many of us are, and so many children are?"(And marriage benefits go to all married people regardless of whether they have children.)
chill	they said it could be like six degrees outside and like negative forty one wind chill"You're Philip Roth, and you should probably chill before your next lover moves in."
chisel	template for making mortices and doors and that's a whole lot easier than doing it with a chiselImagine, he went on, lowering a chap with his chisel from the top of a monument and moving him along as he does his work.
choices	5. What are the Implications of Current Fiscal Policy Choices for Future Living Standards?A few such painful choices rescued what might otherwise have been a disastrous first term.
choir	To the right of the entrance to the choir there is a lovely statue of the Virgin and Child.but i guess the closest i've ever come to participating in music is singing in the choir
choke	Should we be boycotting multimedia sites that make even my fractional T3 connection choke?His defenders argued that the award was what had caused him to choke in the first place.
chord	Michel P. Richard's article, “A Taxonomy of Epigrams’ [XV,2], strummed a responsive chord.E.A. Livingston's communication [XXI, 3] certainly struck a responsive chord in me.
chore	that's uh that's a weekly chore get rid of the old newspapers that haven't been readyeah well that is one chore that we will pay him for if he'll go do the yard work out outside so
chorus	The cover editorial joins the chorus proclaiming the Clinton presidency is on the brink.By the weekend, liberal pundits and conservative pols were joined in messageful chorus.
chronological	The 20 rooms are arranged in chronological order, grouping artifacts from each site.Multiple citations are arranged in an order of the editors' choosing, not necessarily chronological.
chunk	Bonuresu hamu `boneless ham' is a school girl with a figure like a chunk of boneless ham.but you know it's that that's a very large chunk of the money we pay in for taxes each year
circumference	The external diameter was calculated from the circumference of the external elastic lamella.The smaller the circumference of the circle created, the stronger the transitive power.
circus	The magazine excerpts a new oral biography of the members of Monty Python's Flying Circus.The media sulked that the trial was over before it could become another O.J.-style circus.
cities	I'm thinking of the companies that build places like Irvine, Cal., or Vail, or Sun Cities.MLS relies heavily on , assigning foreign players to cities where they'll be most popular.
clamp	Two-electrode voltage clamp recordings were performed at room temperature with electrodes (0.0 kcal/mol, GC clamp stability to -10 kcal/mol, no acceptable loop, T m range 52.
clan	The apparently straightforward transference of clan names can, however, lead to confusion.Asano’s clan steward, Oishi Kuranosuke, and forty-seven of his loyal retainers vowed revenge.
clarify	If this debate is to yield fruit, we must therefore clarify what we mean when we speak of EBM.However, it is important to clarify what type of problem interveners are attempting to address.
clarity	This light scattering and absorption reduces atmospheric clarity and is perceived as haze.We chose here binary fitness values for mathematical simplicity and clarity in our analysis.
clasp	1991), whereas a particular disease mutation may only impair the clasp and partially activate the receptor (Peyruchaud et al.For example, deletion of aIIb cytoplasmic tail completely removes the clasp and permanently activates the receptor (O'Toole et al.
classmates	Some of these former classmates kept the secret, but a few exposed the passers as frauds.USAT reports that he had been voted by classmates "most likely to start World War III.
cleaner	Safer, cleaner, more fun--these are the attributes touted by an organization's new chairman.Yes, I'm nearly sure somebody answering to that name tried to flog me a vacuum cleaner once.
cleaning	The shared idea of both kinds of tax reform is cleaning the Augean stables of the tax code.and um of course there's a lot of money in cleaning you know if you get a good business going
clearance	At 10:10, the pilots over Washington were emphatically told, "negative clearance to shoot."The definition that is introduced in this paper for capillary-tissue clearance (fclear, eq.
cliche	i think it's going to have to get worse before it gets better you know the same old clichewell you know i i think you know to some extent you know people get the government they deserve is a cliche
clients	Establish telephone access for clients in those parts of the state where it did not exist.well do you um meet with clients and so you have to dress a certain way for the clients or
climax	I figure there's no better place to watch the climax of Flytrap than the place where it began.The violence reached a climax in 1951, with the assassination of High Commissioner Henry Gurney.
clockwise	Let's consider each of these, beginning in the northeast corner and moving clockwise.Here is a list of some of the better courses, working clockwise around the island from San Juan:
close-up	If the fabric was to have a pattern, there might also be a close-up colored sketch of it.A close-up of the woman's hands reinforces the fact that osteoporosis could become anyone's reality.
clubs	At night the district is loaded with exciting atmosphere and is famous for its fado clubs.Churches, trade unions, philanthropic bodies, and clubs are examples of such institutions.
clumsy	There are other ways in which diatoms could help us clumsy humans build nanoscale ‘widgets’.Though Bush's performance was otherwise clumsy and lackluster, he won by playing rope-a-dope.
clutch	Ornery is one of a clutch of bristly words with odd and often controversial etymologies.I honestly think I'm dependable in clutch situations, even after 36 hours on the job.
co-operation	Organisation for Economic Co-operation and Development, OECD Economic Outlook, No.Organisation for Economic Co-operation and Development.
co-operative	The requirement of both Smad1 and Smad4 in the down-regulation of SNIP1 is interesting since this may represent an important molecular mechanism for the co-operative property of these Smads to modulate transcription.
coarse	The beaches towards the south can be pebbly, while the sand is usually coarse.2. something vulgar, as an act or expression”; vulgarize “ 1. to make vulgar or coarse; lower; debase.
cocktail	Of 78 sections, 25 sections were positive for melanoma micrometastases with the cocktail.In contrast to this, the cocktail requires only three sections, each at intervals of 200 μ.
coerce	They had to coerce and intimidate many of their fellow Hutu to go along with them--thousands of Hutu were also slaughtered in the genocide for failing to join in.When the limited spending program does not create a public forum, proving coercion is virtually impossible, because simply denying a subsidy "does not 'coerce' belief," Lyng v.
coherent	And while this kind of movie doesn't cry out for a coherent plot, it does need surprises.Not necessarily a correct answer--or honest or heartfelt or logically coherent--but easy.
coil	The heart begins to coil and blood flows on to the dorsal face of the yolk sac.However, the binding domain is a coiled coil and the tail of AtMAA21.
coincidence	and uh what a coincidence we got a baby sitter and we went to the movies this past weekendThis is no coincidence, since the Symposium portrays homosexuality as useful and ennobling.
cola	The dominance of Coke, for example, in the cola wars may date to the influence of Gen.Self-educated visionary Cola di Rienzo governed briefly in 1347 until the nobles drove him out.
colleagues	Some of Wrangham's colleagues have complained that the book's cover is implicitly racist.You and your colleagues must rethink your reticence about not saying anything to anybody.
colleges	oh yeah well yeah one one guy i talked to about about colleges he was very opinionated andColleges are turning to quiet, informal affirmative action on behalf of male applicants.
collide	"Exoatmospheric Kill Vehicles" orbiting Earth would be programmed to collide with warheads.Which brings us to Waco, where the symbolism and substance of Reno collide most alarmingly.
collision	This sounds like an important story--Zeitgeist and president on collision course over taxes.Then the Left won the 1936 elections and was immediately in violent collision with the Right.
colossal	Behind us, a colossal tree had fallen across the road, effectively blocking our retreat.The colossal mon­­ument was hewn out of the side of the mountain like a railway tunnel.
combustible	The two main fuel-reduction methods are mechanical removal of combustible materials and controlled or “prescribed” burning (Figure 2).Agitation for social justice and regionalist ferment created a combustible atmosphere, and Barcelona became the scene of strikes and anarchist violence.
comet	right they make me use Simple Green or um they will let me use Comet or self cleanser butAt this moment, Jupiter should be on the receiving end of the first gigantic comet MASS.
comic	The animals' decadelong attempt to mate was played as comic opera, but it was much darker.The comic strip is nearly 50 years old and is carried by 2,600 newspapers in 75 countries.
commemorate	Members of his task force were given T-shirts that say "142" in order to commemorate the event.It was built to commemorate the legendary warrior Monsopiad, whose forte was beheading his enemies.
commend	it is yeah i i commend Israel for their restraint in not responding to the Scud attacksRepublicans and Democrats commend Helms for his good sense, flexibility, and bipartisanship (?!)
commentary	There was a time when this idea flourished more widely--even in the pages of Commentary .I just had to comment on the commentary in "Today's Papers" (March 13 th ) on the "N word."
commercials	115 Rather, they think that commercials are well-intentioned eorts to be helpful to viewers.Gore went on the air with both TV and radio commercials almost two months before Bradley did.
commonplace	She reads from her commonplace book, makes a notation in her crabbed half-Cyrillic hand.The paper reports these commonplace troubles cost $100 billion annually in lost productivity.
commotion	some of them briefly mistook the commotion downtown as a welcoming ceremony for them.“Jeepers creepers, Eleanor, what is that whirring commotion?”
commute	to commute back and forth to work and it has been it almost has two hundred thousand milesand i just you know i just drive it to work so it's just a ten minute commute everyday
commuter	The commuter train I ride from Baltimore to Washington each day, MARC, is having a contest.The daily commuter should not be subject to the same measures as first-time travelers.
companies	As a result, more than one-third of all FDNY companies now had been dispatched to the WTC.Brand-new companies crop up on the Net that put longstanding, valuable franchises at risk.
compartment	Levitt and Levitt [ 2 ] described an approach to estimate PA using a two compartment model.well the there's a trick i use they used to leave my cigarettes in the glove compartment
compass	Maybe I'll continue to breeze through Fodor's, Compass, and Frommer's in airport bookstores.Compass America, a Fodor's associate, is stylistically a synthesis of these two models.
compatible	Metrozoo, a cageless facility, displays animals compatible with the south Florida climate.well i don't i yeah i didn't mean compatible i meant comparable my brain is going to mush
compile	Like you, I wish Gates and Appiah had taken the time to compile a truly comprehensive encyclopedia.To compile a truly unique exonic index, redundancies must also be resolved across transcript databases.
complement	Thus we consider the template-match method a useful complement to standard post hoc tests.xy is computed from frequencies of the sequence concatenated with its inverted complement.
complexion	And a pretty complexion, but I got along better with her then I did with my sisters.If you're looking for me tonight on TV, I'll be the Jew with the bad complexion.
compliance	All of the organizations monitored compliance with organizational policies to some extent.In addition, compliance testing of the control technology is also completed in this phase.
complication	6°F, is the most severe neutropenic complication and can cause prolonged hospitalization.There is no state cost calculated for this complication as it is considered to be episodic.
compliment	Prudie is betting that's the only compliment he's received on his manners since, oh, January.In the meantime, compliment your own parents on their wish to promote the larger family circle.
composite	David Plotz's "Assessment" this week is a composite portrait of Bill Clinton's dream date.I don't think it will ever be resolved whether it was an actual person or a composite ...
compress	Then more work was done to compress and heat the gas by pushing on the piston from the outside.no there um a lot of them are recycling by trying to compress their trash into the bags as much as they can
compute	Because there are no data on subjects first screened after a one year delay, we compute qNow, given Newton’s calculus, let us compute the forward trajectory of the balls on the table.
computers	I like computers a lot and know much about them, as well as about systems and programming.right and most computers do that most packages most software packages will do that for you
concerted	requiring concerted action and sustained top-level attention if they are to be addressed.?? function as a concerted, coherent, closely coordinated legal assistance delivery system;
concessions	Today's concessions open the door to myriad partnerships--how far off can AOL China be?I'll make some concessions to the need to avoid imagined appearances of impropriety.
concise	USAT provides the most concise explanation: "The companies will share all patent rights.The struggle between concise code and bloated code plays out under the threat of a deadline.
concoct	If you push me hard enough, I can probably concoct some kind of story about lower costs.They are often invisible yet their presence is felt because of the annoying tricks and antics they concoct.
condense	There is a time course therefore when fibers are formed, mature, condense to ball-like forms and ultimately decay.To condense from (but not otherwise alter) the 1960 edition of the World Book Encyclopedia: "About two thirds of the people of Colorado live no more.
conditions	no electricity you know sanitation must be terrible living conditions must be terrible andTenants of mobile home parks often feel forced to move when conditions become intolerable.
condolence	oy vay; oy vay in mir literally, “Oh, pain,” but, in its long or short form, can be used for anything from condolence to lament:Everybody quotes President Clinton's statement of condolence: "I have good memories of the years we worked together in Arkansas, and I extend my condolences to his family."
conducive	But one cannot argue about which ethos is more conducive to advancement in the wider world.Create an environment conducive to performance excellence and personal and organizational growth.
confer	By day 71, the matrigel would no longer confer an optimal growth environment for BG-1 cells.Regular physical activity has been recognized to confer health benefits since antiquity [1].
confidential	Such information will hereafter be referred to as privileged or confidential information.Confidential . Last week Alec's new action movie, Mercury Rising , opened to tepid reviews.
configuration	In turn, I was led to doubt that we can prestate the “configuration space” of a biosphere.Thus, the most likely scenario for application of ACI is in a configuration with ESP or FF.
confirmation	"Chatterbox bases this on the confirmation of his extramarital affair with Sally Hemings."Speaking of delivery confirmation, it is currently available for Priority and Parcel Post.
conform	Effective immediately, all media and editorial folks will conform to the following dress code:Like WTO critics, the McChesneyites hate anything that doesn't conform to their idea of democracy.
congestion	the wonderful air the lack of of uh congestion the low low cost of of uh property uhTo combat highway congestion and pollution, L.A. is now building a much-needed light rail network.
congruent	The executive effect was calculated by subtracting the mean RT of congruent conditions from the mean RT of incongruent conditions.From the results, it is clear that caregivers can obtain ratings of dyspnea that are congruent with the patient's perceived symptoms.
conjunction	These other services may be performed in conjunction with an audit of financial statements.(Britain's Royal Mail is conducting a similar experiment in conjunction with Microsoft.)
conquer	Turkish corsairs, notably the infamous Barbarossa, helped to conquer Algiers and Tunis.INSIDE τ(1,M; 1,L)); and (3) the divide and conquer algorithm to recover an optimal alignment (e.g.
conqueror	When Hitler came to Paris as conqueror in 1940, this was the first place he wanted to see.The tombs of the Conqueror and his wife are in the walled graveyard behind the mosque.
conquest	At least irony is unlikely to be used to justify programmes of conquest or extermination."Forget about defeating Dr. Evil: Austin Powers represents the exuberant conquest of shame.
conscientious	so maybe you know the next generation will be a little bit more uh conscientious than we areThis is an elite that practices conscientious consumption instead of conspicuous consumption.
consecutive	The maximum number of consecutive days also was calculated for the same three parameters."For the fifth consecutive year, it's going to let pretty girls ship everything book rate."
consequent	From the specific to a general application was but a logical and consequent step.Carbon emissions and the consequent global warming are increasing both the temperature and nutrient supply.
conservatory	The focus of the main floor is a glass-roofed conservatory, a common nineteenth-century feature.At the northern end of Beacon Hill is the Crystal Gardens conservatory.
conserve	Your contribution helps to conserve and protect these artists' great masterworks.Like was done on the open range, shall we conserve or farm the sea—or both?
considerate	Your petty antics of coal-raking put those of us who are sincere and considerate SUV owners at risk.. A reporter goes undercover as a PAC lobbyist, and finds that congressional staffers are incredibly considerate.
consign	Certainly we can consign all sports metaphors to the linguistic cemetery.Another group of names falls into the either-or category, in which a well-researched onomastic history could consign a family to either comforting averageness or ignominy.
console	In Linux, it's a kernel with enough support to maintain a command console, something around 120k.The classic EEG is usually recorded on a ponderous console with 8 to 32 channels to improve sensitivity.
consolidate	The cynical spin: Hun Sen is protecting them to consolidate the power he won through a coup.For example, GAO has taken significant steps to consolidate its field office structure.
conspicuous	To that end, you might say that the conspicuous absence of Jewish issues is the problem.This is an elite that practices conscientious consumption instead of conspicuous consumption.
constrain	Neither country, the papers note, has signed the treaties that constrain nuclear tests.However, the extent to which energy and water availability constrain species richness varies.
constrict	Myosin-II is recruited until enough protein has accumulated and the cell can constrict in the desired manner.In this regime, the region of the cortex proximal to the cleavage furrow will constrict while the polar cortex expands.
contacts	As will be described in chapter 7, al Qaeda contacts with Iran continued in ensuing years.However, adhesive contacts with significant resemblance with zonula adherens were observed.
contaminants	Some residents believe its contaminants made them sick, but no study has ever proven a link.The NH site was used to develop an approach for assessing exposures to windborne contaminants.
contaminate	Some reports hint that unburied corpses could contaminate Turkey's water supply.that one pint of brake fluid can contaminate so many gallons of water you know like hundreds of gallons of water
contempt	Ruling that the order was mutually binding, Judge Thornton also cited the men for contempt.The contempt scheme is such a stupid, vicious, wrongheaded idea that it is a joy to watch Rep.
contention	The author's contention: Maybe 10 or 20 great books have been written in that time.(Herrnstein and Murray mostly leave the evidence for this, their central contention, to footnotes.
contents	"The contents of an overnight bag tossed on a bed which you roll in screaming, 'I'm rich!Slate began charging a subscription fee for access to most of our contents and services.
contingency	Damages generally are too low for attorneys to accept H-2A cases on a contingency basis.Let and denote the row and column sums of the contingency table, respectively, and let .
continuity	A sudden interruption in electric service, sanity, continuity, or program function.Review management continuity on the acquisitionas shown by the turnover rate of program managers.
contracts	City governments helped rig government contracts and turned a blind eye to other rackets.Pete Wilson's executive abolition of affirmative action in the awarding of state contracts.
contradict	This doesn't contradict what Bush said--another wild swing by McCain--but never mind.When the data contradict his theory, a pollster knows what he must do: Dump the data.
convene	Grantees can convene technology trainings, state planning sessions, and advocates meetings.Here you may find yourself in the middle of a parade to open parliament or convene the courts.
convenience	For your convenience, there is a list of all 54 neighborhood branches on the opposite side.it's just kind of convenient and she's the kind that goes for convenience over anything else
converge	The two initial states lie on trajectories that neither diverge nor converge in state space.Bus tours converge on Uluwatu toward sunset, and the romance of the place is somewhat spoiled.
conversely	Conversely, I don't think the current music scene is half as bad as you make it out to be.Conversely, if perfectly error-free measurement of the target could be assumed, i.e., if σ
coordinate	The tasks coordinate the flow of atoms among the molecules whereby the set reforms itself.On August 7, Atta flew from Fort Lauderdale to Newark, probably to coordinate with Hazmi.
cordial	Pundits were impressed by the cordial atmosphere, which was in contrast to last year's.Elizabeth Dole's campaign, though very cordial when we phoned, never got back to us with answers.
cork	Baltimore (Co. Cork, Ireland) does not mean Great house of Baal but townland of the big house.Of course, a layer of burnt cork smeared over the face does not a new identity make.
corps	The main danger of the press corps in America today is that they can knock your block off.yeah was it yeah wasn't Jimmy Carter's mama that was in the Peace Corps or some such thing
corpse	eine Leiche im Keller, Lit. a corpse in the cellar: a skeleton in the cupboard (or closet)4 Corpse Fetish: Some anthropologists say the technology is new but the impulse is old.
correlate	This might correlate with the increased complexity of animal-specific secretory functions.The calculated energy and relative intensity of hybridization correlate at | r | = 0.91.
corresponding	.., n ), we estimate the coefficients at a point u (not necessarily corresponding to any uAll ceramic copings were made 0.6 mm thick and with a cement space corresponding to 60 μm.
corrode	Unfortunately, the cement used for its construction contained sea sand, which caused the iron reinforcing rods to corrode.If a heater is immersed directly into the seawater, ensure that the heater materials do not corrode or leach any substances that would contaminate the brine.
corrupt	Also, in what way is the Vogue deal corrupt if it doesn't directly affect editorial copy?But Dalí rapidly became slack, repetitious, corrupt, and in the end completely pathetic.
cosmic	It's a cosmic joke that someone so talented is so utterly clueless about the real world.Your letter comes at a cosmic time for Prudie, who recently made the mistake you write about.
cosmopolitan	so you have a little you know little you can program the one at Cosmopolitan Lady soAs Palermo was in decline, Naples flourished as a brilliant cosmopolitan capital.
costs	AFDC costs the federal government about $14 billion a year and states another $12 billion.In contrast, nonruminant animal producers may gain up to $162 million in lower feed costs.
cosy	This cosy patisserie has been resident here since 1827; its cakes compete favourably with the best the city has to offer.There is a cosy fire in the study.
cot	Also, it is revealed that the administration's OK will probably be given at Clinton's Cot.15 μg Human Cot-1 DNA was added to the probe before the first wash.
cough	Dyspnea is often associated with other common symptoms: fatigue, cough, anxiety, and pain.And just looking at the coal dust in the air made my lungs ache and an old cough come back.
counterbalance	To counterbalance that he needed to show that Pakistan was benefiting from his decisions."Changes in personal saving may counterbalance any increase in government saving resulting from higher taxes.
counterfeit	The paper turns up a $42 bottle of the stuff in a Mexico City market, but it's counterfeit.China will let the triads extort, smuggle drugs and arms, pander, and counterfeit.
countries	(The study did show that in countries that adopted land reform growth was more equitable.)At the same time, migrants from the Mediterranean countries were trickling into the south.
coupon	you know i've i've noticed that's a big deal i i have i save every coupon i get my hands onso i mean if you use the coupon you're just falling for the gimmick and there you are
courier	they just um they just send me everything and pick it up courier or whatever so you knowAl Qaeda also used the Afghan state-owned Ariana Airlines to courier money into the country.
courtesy	It was a courtesy call, but tensions between Kennedy and Johnson were at an all-time high.(Read the first chapter here, courtesy of the New York Times [free registration required].)
coward	Coward died in 1973 and is buried in the garden, at his favorite spot overlooking the coastline.OK, it's not Noel Coward, but it makes me as blissful as anything has since I was toilet-trained.
cradle	Annually 14 million visitors come to Faneuil Hall, the great “Cradle of Liberty” and marketplace.A priest will explain the faith and show you, among the guru’s relics, his cradle, shoes, and weapons.
cramming	Part of me really wants to believe that he and Condi and Turd and the ghost of Bully are already up cramming for Thursday's debate, but why should he bother?and uh not necessarily you know uh give in to their uh human rights desires you know if they're overcrowded just keep cramming them in there till they just suffocate uh
crater	The main objective of most trekkers is the awesome crater with its big C-shaped lake.Hikers should also consider the strange moon-like surface of the Makhtesh Ramon crater (see page 73).
crease	Referees ruled that Hull had possession of the puck both inside and outside the crease.I tie my Hat--I crease my Shawl--Life's little duties do--precisely--As the very least Were infinite--to me--
credentials	Critics worry that the kids underestimate the importance of blue-chip college credentials.Maureen Dowd's Liberties column provides a list of George W. Bush's regular guy credentials.
credible	Call me passé, but if a movie has a decent plot and credible characters I go home happy.These cases, like most credible suits brought against the studios, were settled out of court.
crevice	A harmless crevice in your silver-mercury amalgam filling looks like Hell's Canyon.Crevice and device, and eyrie,
cripple	The finish would be nauseating: Lee might cripple Seagal by kicking him in the throat or gouging out an eye.Just one lawsuit can empty a firm's coffers and cripple its reputation.
crisp	Most of these are crisp and pithy in the extreme, with an admirable precision of thought.The cinematography is surgically precise, the editing crisp, the music moody and unobtrusive.
crocodile	(Movie critics seem to have a hard time telling a crocodile from an alligator.)Egyptians revered the strong and patient creatures and Kom Ombo is dedicated to Sobek, the crocodile god.
crooked	yeah i don't know i i think that uh i know that judges aren't supposed to be crooked howeverA front-page WP piece reminds us that it's unfair to depict everybody in Congress as crooked clowns.
crops	It regularly crops up in graffiti, in press advertising, in humorous publications, in signs.He expanded the ranch and irrigated the land so that it would support crops and cattle.
crouch	We presume also, as Stanley Crouch has dryly observed, that identity is never more complex than double.Which would explain why there's nothing here on Ward Connerly, Stanley Crouch, Glenn Loury, or Thomas Sowell.
crude	Difference feminists reject "the big time" as a crude, ugly, and destructive male pursuit.Bicha in Portugal means a `queue'; in Brazil, it is very crude slang for a `homosexual man.
cruise	Night owls overcome their hangover with a stroll or boat cruise around the Lac des Sables.The cruise port, or Montego Bay Freeport, sits on an outcrop on the west side of the bay.
crumb	The dessert was billed as "apple crumb," but it looked like beige Jell-O and was sticky and bland.I once almost did two years in jail for publishing the work of Robert Crumb.
crumble	Without that pipeline, the city would most certainly dry up and crumble back into the desert.A jarring detail or an inconsistency—something “out of place”—and the fantasy begins to crumble.
crumple	Most of the time, we're left to conclude, these craven, opportunistic pols will crumple, tossing aside their deeply held convictions at the slightest blandishments.
crust	uh-huh um-hum yeah um what is it about the uh the vinegar that uh makes the crust betteryeah that's it's a different kind of bread and it's somewhat of a harder crust it's not the soft
cube	And when Chatterbox was a wee cube, Pappy Chatterbox had an office in the Seagram Building.If the cubes are small enough, then each cube corresponds to a quite similar set of states.
cucumber	I loved Au Naturel , that bare mattress piece with the melon breasts and erect cucumber.They are sure to rise to the occasion of cucumber sandwiches, cakes, and scones served on fine bone china.
cue	The second is an endogenous circannual rhythm entrained by an environmental cue(s).There is a beat, as if to cue audience laughter, and then Shakespeare walks away.
culminate	( Time 's project will culminate in an issue ranking the top 100 people of the century.)Bareback riding and bronco-busting, bull riding and steer-wrestling, calf-roping, and Indian buffalo riding culminate in marvelous chuck-wagon races.
cultivate	Under Deng Xiaoping, Beijing actively sought to cultivate a good bilateral relationship.Cultivate listening, laughing at the right points, and occasionally saying: "Right on!"
cultivation	I am hoping that my cultivation of spinmeisters tonight will score me scoops down the road.Congress should move immediately to prohibit the cultivation, sale, and use of peanuts and their byproducts.
cumbersome	It's a relatively painless experience and not very cumbersome to deal with, not bad.Magnetic resonance imaging is expensive, cumbersome, and still experimental.
cumulative	Cumulative lesion scores (day 0-14) were then calculated from the individual daily scores.The corresponding CCR maps have a cumulative length of 1,494 cM between the same markers.
cunning	A piece calls Hillary Clinton's campaign kickoff "cunning" and "brilliantly staged."Like the pioneers of the Old West, Pooh is endlessly greedy, and he is cunning in pursuit of that greed.
cups	The cups were red opaque plastic, so tasters could judge the beer's color only from above.A hundred million PCs, a billion "personalized" book and CD sales, a zillion cups of coffee ...
curb	So my sisters are sitting on the curb thinking, "Oh, my God, we're going to die, right?"City Residential, Business All Businessb and Mixed Rural Park & Total All Foot Curb Loop Total
cure	To find out that it meant `able to cure flatulence' was the death of youth and innoncence.A more cynical view is that the sands provide a cure for which there is no known disease.
curl	Jackson, says Entertainment Weekly 's Tom Sinclair, has "gone the way of the Jheri Curl ...Could the decoherence of geometry aord a parallel way that extra dimensions can curl up?
curly	What's known around our office as "The Battle of the Curly Quotes" was fought this week.yeah and i make the clothes for them and um no you can get the little curly hair at the craft shop
curse	Jeepers creepers is nothing other than a euphemistic cover-up for the curse Jesus Christ.Unfortunately, with this famous Lipschitz diamond comes also the famous Lipschitz curse.”
curtail	What law would I be willing to sign against myself to curtail my sexual and reproductive freedoms?Following the 1987 market crash, for instance, the NYSE shortened its hours to curtail panic trading.
curtains	Globalizing Democrats think it's curtains if Chile doesn't get to join NAFTA.Readers can guess what is in store when Johnson yanks back the White House curtains during the Kennedy years.
cushion	Polysomal RNA was isolated from a detergent-generated supernatant on a 2 M sucrose cushion.The supernatant was layered on a 30% sucrose cushion and centrifuged at 245,000×g for 2 h at 4°C.
custodian	I recoil at the prospect of Mr. Nixon as custodian of this nation's future, as guardian of the hydrogen bomb ...Usually, the custodian was the defendant's friend.
customary	In Canada, where I'm from, "You're welcome" is still the customary follow up to "Thank you."Upon entry, Atta received the customary authorization to stay six months as a tourist.
customers	Customers will pay a premium to use streaming applications or send high-priority messages.Even the warmest-hearted clerk can appear aloof towards customers that are dressed poorly.
cycling	Cycling is very well catered for, especially in San Diego, Santa Barbara, and Monterey.Molecular studies on cycling gene products have commonly led to a single cycle's worth of data.
cylinder	Before transferring seedlings to 2°C, the wick exterior to each cylinder was removed.Seedlings were transplanted to soil 5 d after starting germination, one per cylinder.
cynical	To offer deals that only benefit you isn't campaign finance reform--it's cynical politics.A more cynical view is that the sands provide a cure for which there is no known disease.
dairy	Pleasant, informal dairy restaurant in an old building with a lovely large summer patio.Our national nutrition policies are corrupted by the influence of the dairy industry."
damages	(An award of actual damages will require the further showing that actual harm resulted.)Damages generally are too low for attorneys to accept H-2A cases on a contingency basis.
dart	Conservationists collect big licensing fees for dart safaris, and hunters don't feel guilty.The last stop on the DART is Bray, a seaside resort with a beach and amusement arcades.
dash	Mejillones (mussels) can be remarkably good steamed with a dash of white wine and garlic.As for Clinton, it's not too late to quit--dash off that letter to Albright now, for Chrissake!
dazzle	Because the barbarians are coming today and things like that dazzle the barbarians.Charisma now means little more than dazzle , says Allan Bloom, and he is correct.
deadlock	According to the SCMP , "[I]t is now time to break the deadlock by pushing forward with this humane proposal."The Allies only managed to gain a toehold on the peninsula, and then deadlock ensued, with nearly nine months of static trench warfare.
dearth	A dearth of breaking news helped President Clinton win a clean sweep of the weekend shows.Others dismiss the book for its dearth of sources and persistent focus on malicious gossip.
debris	Homogenates were centrifuged at 1,000 × g for 10 minutes to pellet cell debris and nuclei.At 9:51, an aviation unit warned units of large pieces of debris hanging from the building.
decay	We ran these analyses with different decay constants for PCB content in GLSCF over time.Thus, detecting "adaptive decay" may require more dramatic modifications to the environment.
deceive	"It seemed designed to deceive people," a representative for the company said.Nor are all lies deceptions--some lies are told without any intention to deceive ("You've lost weight!"
decimal	This had previously happened in Australia, which went over to decimal currency in 1966.It was also easier to remember than other systems because it was based on the decimal system.
decipher	The Wall Street Journal tries to decipher the baffling marketing phenomenon of Beanie Babies.Experts are needed to interpret the disclosures and sometimes even they cannot decipher what is being reported.
decompose	A cubist painter tried to decompose an object into the atoms that were its real essence.put them in a mulching not a mulching but uh to let them decompose
decoration	Unlike Judaism and Christianity, Islam has used script for sumptuous decoration of all kinds.Visitors in the 1900s found decoration on the building, which has since been worn away or lost.
decorations	As far as decorations are concerned, one Medal of Honor is conferred for one act of bravery.The elaborate interiors and decorations are attributed to rivalry between neighboring villages.
decree	According to British land records, the Jerusalem mufti's 1934 decree failed to prevent sales.but uh they call me i sent them a copy of the divorce decree and told them i refuse to pay it
decrepit	Their tombs and stone markers range from the ostentatious to the elegant, the well preserved to the decrepit.The centerpiece of a new plan for the decrepit city's renewal wins more praise for its intentions than for its design.
dedicated	Dedicated to the rice goddess, this is the most elaborate and ornate temple in the north.SCR catalyst manufacturing is almost entirely dedicated to power generating applications.
dedication	Nonprofits honor the retired attorney and volunteer for his dedication to social justice.In particular, he has spoken of Salon 's dedication to a mission of exposing important facts.
deduce	We cannot deduce from the symmetry of the initial state how that symmetry will be broken.Hume told us long ago about the “naturalistic fallacy”: One cannot deduce “ought” from “is.”
deduct	okay so so you couldn't deduct state income uh state sales tax when you lived in Texasyeah about only the only interest you can deduct now are is a house payment mortgage interest and uh
default	(The user can override the default values and input an arbitrary value for any parameter.)The default procedures provide for the sale of all allowances at a single, clearing price.
defer	Al Qaeda's chief financial manager, Sheikh Saeed, argued that al Qaeda should defer to theTaliban's wishes.When it came to executive-branch appointments, Hatch was adamant that the Senate defer to the president's choices.
defiance	Well, it's kind of a, of a defiance story probably . One of the stories I remember most.First, when parents spank, they often do so in response to children’s deﬁance and aggression.
deficiency	In CVID, the most frequent pattern of IgG deficiency was that of IgG 1 + IgG 3 subclasses.In addition, infants with SI deficiency should have careful monitoring of serum calcium.
defile	Then, once they've fixed it all up and made it cute and appealing again, we can have it back to defile and degrade.The town and harbor lie on the east slope of the Rock, overlooking the bay, with the narrow defile of Main Street cutting through the middle.
definitive	Absent a definitive terminology, distinct lesions may have been studied under the same name.We need to do the definitive piece and do it first--not have it dribble out in other places.
deflate	USAT predicts that the market would deflate if the Fed hints it might raise interest rates again this year.The argument that the stock market is overvalued--and that it will either gradually deflate or crash--is simple.
deflect	Again, administration officials deflect it by contrasting it with a tougher word: "force."In such places, too, is found bog iron , sometimes concentrated enough to deflect compasses.
defraud	That assumption becomes invalid if highly skilled people can hide their abilities in an attempt to defraud the system.To kick off its new program, DWP launched a publicity campaign against "benefit cheats" to shift public attitude and promote intolerance toward those who defraud the benefit system.
deft	So Americans are entitled to surprise at Kofi Annan's deft diplomacy in Iraq last week.But these conclusions don't do justice to his deft handling of an impossible position.
defy	Meanwhile, Arafat continued to defy Israel's demands that he round up Islamic militants.However, classifications may contain a subset of cases that defy facile classification.
degenerate	As soon as one of them reaches the target, it is stabilised, while the others degenerate."Heroic" and civic journalism do often degenerate into idiotic rah-rah cheerleading.
degrade	After being engulfed, the bacterium secretes virulence factors to degrade the phagosome.To thermally degrade organics, place glassware in a high temperature oven at 400°C for 30 min.
delectable	Oprah has already discoursed at length on this delectable treat, so there is no need for me to elaborate here.( Slate 's David Edelstein says it's "unexpectedly delectable."
delete	The targeting plasmid used to delete hprt exon1 was called pΔHprt to indicate this deletion.Delete the standard that requiring auditors to refer significant issues needing further study
deliberate	It is as if, by this deliberate smudging, Bartoli were giving old songs an antique timbre.The word carries the impression of firmness, even of deliberate effort in its production.
delicious	Havana’s delicious Cathedral Square, the focus of Habana Vieja life, could be a stage set.Sometimes pine kernels are sugar-coated, too, and the delicious result is called pinyonets.
delinquency	Congress held hearings on the delinquency epidemic, calling comic-book artists to testify about whether their drawings inspired children to violence.Working parents leave teens unsupervised during afternoons (thanks to budget cuts in after-school programs), leading to greater drug use and delinquency.
delirium	Higher levels of beta activity have also been associated with anxiety and delirium [ 4].The aim of the present study was to confirm and/or determine predisposing factors for delirium.
delude	His forms evoke not only phalli and vaginas but sea squirts and anemones--the marine biosphere that sustained the first Northwesterners, which we still delude ourselves into thinking we're sustaining.One could argue, charitably, that the movie is meant to be prescriptive, that Barker intends for us to regard the ways in which his subjects delude themselves and thereby learn to see through our own self-delusions.
deluge	Automated annotation pipelines are crucial to organize the deluge of genomic information.The NRF fields a deluge of calls each week about the Internet’s impact on retailing.
demolish	The protesters focus on "stability" and worry that unfettered trade will demolish it.Let us pause for a moment to demolish two of the splashier rumors about White House fornication.
denial	And all but USAT have Clinton's renewed denial that he committed Lewinsky-related perjury.The San Francisco Chronicle asked Bauer about the rumors and published his denial Tuesday.
denomination	Who's the largest religious denomination associated with Americans United for the Separation of Church and State?Sometimes more than one denomination shares one church.
denote	Let k denote the probability of death from causes unrelated to either cancer or screening.Soon it came to denote `communion between persons' and `that which is spiritual or unseen.
denounce	It will not do to heap scorn on -athon and denounce athoninators as licentious with language.Liberals and conservatives do tend to mean different things when they denounce corporate welfare.
dense	Consider a sequence that lies near the center of a dense cluster of high-fitness sequences.Either I am dense and missing some subtlety, or you don't understand the origin of the quip.
dentist	come here to feel better about themselves," says Dr. Stephen Friedman, a Maryland dentist.One dentist I spoke with called Total "the first revolutionary toothpaste in a long time."
depart	The H-2A worker must depart the country and is subject to deportation for failing to do so.Would he depart on a negative note about his opponent or a positive one about himself?
departmental	NYPD memo, requests for departmental recognition 4 and 6, Jun.For officers assisting in the North Tower evacuation, see NYPD memo, request for departmental recognition 1 and 2, June 26, 2002.
deplete	Therapeutic modalities deplete such cells, that often lead to improvement in psoriasis.Hyaluronidase treatment to deplete the cultures of hyaluronan did not have an effect on the binding.
depletion	Depletion of TBP and TAF II135 is not observed in F9 cells which are refractory to T-RA.The amplitude of this decay represents about 80% of the initial absorbance depletion.
deplore	I may deplore the loss of decorum, but as an architect I can’t do anything to change it.It would be wrong to say they have cynically repackaged what they affect to deplore.
depress	This is a bad thing because the exuberance may end in a crash , and the crash may depress the general economy.Higher payroll taxes may depress personal saving to the extent that households have less disposable income to save.
derelict	In fact, it would be derelict for the generals not to warn the administration of that.They act as if parents like me are derelict, as if children need to fall asleep in a room alone.
descent	Did you notice any differences between an American writer and someone of foreign descent?The DNA and RNA software of life is also common, indicating shared descent (Woese 1987).
designate	The report states that Congress should either create or designate an agency to take over.Indeed, the site doesn't allow you to designate which issues are most important to you.
desolate	Head north, however, and the desolate nature of the landscape is inescapable.Here, as far south as you can go on Martinique, the landscape is desolate.
despair	His private pictures from the time include some classics, but they are classics of despair.After a crash, the crowd's silence feeds an athlete's paranoia, depression, and despair.
despatch	His listing computer printout list helps him keep track of his customers and is used by his secretary for un mailing despatch of letters; mail drop.
despise	The archaeologists despise the New Agers, but need their money to fund research and preservation.But that's no reason to despise a candidate who tried hard, played fair, and will surely make a gracious exit.
destiny	"From the time he was a boy," she confides, "I knew that destiny had reserved him a seat."The proposed initiative equals an attempt to "buy people out" of their biological destiny.
destructive	Difference feminists reject "the big time" as a crude, ugly, and destructive male pursuit.But overworked engineers and sleepy dispatchers aren't creative, they're simply destructive.
detach	Here's how it works: Simply detach the Care Card from the top of this letter and keep it handy.Then detach the lower portion and return to us as soon as possible in the postage-paid envelope.
details	(Appendix II provides more details on the objectives, scope, and methodology of our work.)Curious details: "Indiana counts 27 of the 30 largest high school gymnasiums in the world.
detain	New golf courses are being built in the area, but there’s little else to detain visitors.The village is neat and tidy, but there’s nothing to detain you for very long.
deter	the seven day waiting period that does not deter anybody who really that wants to buy a guni think it would deter this more than than going in with the needle and injecting them
detergent	Soak 15 minutes in tap water and scrub with detergent, or clean in an automatic dishwasher.Soak 15 min in tap water, and scrub with detergent, or clean in an automatic dishwasher.
deteriorate	The economic situation continued to deteriorate and, as I now see, so did the political one.Chronic thoughtlessness on such matters can cause a marriage to deteriorate.
detest	Everyone seems to detest legal gambling--everyone, that is, except the public.Isn't this the sort of thing we used to detest when the Soviets did it?
detriment	Schools are focusing their curricula on exams to the detriment of long-term learning.Few, though, can match Santorum in the pursuit of political symbolism to the detriment of substance.
detrimental	24 cells does not appear to have detrimental and permanent consequences on cellular function.In contrast, 5-methyluridine and 5-methylcytidine had detrimental effects on signal intensities.
devastate	which will devastate tomorrow's not-for-profit organizations, institutions and causes.In impoverished areas, this can devastate a family's chances of economic survival.
devastating	Countries in sub-Saharan Africa are faced with the most devastating epidemic of our times.Far from devastating, this slowdown was, the White House said at the time, good for seniors.
deviate	Those fold change numbers that deviate largely from 1.0 are considered to be false positives.Access time" is the time it takes a carrier to deviate from the route in order to make a delivery.
devour	I mean, I would devour a book a day, and my mom would say, "Honey, take your nose out of a that book and SOCIALIZE!Children were routinely told horrifying tales about gruesome creatures lurking nearby, ready to devour them if they so much as left their beds.
dial	Before, many offices had to dial long distance numbers to connect at very slow speeds.if if it's a what kind of phone do they talk it's not a dial but if it's a touchtone it's okay
dialect	In my dialect of English, however, the plural of post is pronounced something like [poss].But now the student of Dialect C sees the word written posts and pronounces it [pos\?\s].
diameter	Analysis of Variance was then performed on distensibility and 100 mmHg external diameter.Starting in infancy, her aortic root dilated rapidly to a diameter of 4.5 cm at age 6 yr.
dictate	An article worries that Ted Turner's $1-billion donation will let him dictate U.N. policy.Keys to success: Sit in a front seat on the shuttle and dictate an optimum route to cabbies.
dictation	This is not a mistake that a practicing lawyer would make, though it could be a mistake made in dictation.Conason, echoing Brill, argues that the Washington Post and the New York Times have been "taking dictation from the independent counsel."
differentiate	However, it is quite uncommon for competitive carriers to differentiate based on content.The 292 bp amplicon does not differentiate between rhinovirus and enterovirus [ 34 ] .
difficulties	Yet the Pentagon response encountered difficulties that echo those experienced in New York.These difficulties support further inquiry into the meaning of the presence requirement.
diffuse	Without H 2 O 2 treatment, stress fibers appeared thin and diffuse in control cells (Fig.The additional diffuse staining appeared to be in the pharyngeal mesenchyme (figure 2B).
digest	4. "Reader's Digest announced that it had doubled its earnings in its most recent quarter.Other than that, I get more out of reading Reader's Digest or Guide, Guideposts stories.
dilapidated	They drive it around the country in a dilapidated ice-cream truck trying to keep it cool.OUT: Billions for fixing up dilapidated school buildings, and national student testing.
dilate	Were it an ordinary quiz and were you ordinary quiz participants, I'd dilate on your detestation of cutesy unconventional spelling.The explosive tension of the epigram serves to focus consciousness, while the opennness of poetic imagery serves to dilate consciousness.
diligent	A diligent search for embarrassing quotes found nothing better than a remark by SlateThat debate needs to be guided by a thorough understanding and diligent application of sound health policy science.
dilute	The presumption is that cases surfacing after t catch-up only dilute the estimated effect.Were our autonomous agent in a dilute solution, the rates of reaction would be very slow.
dim	The value of Nlung is determined by the user input parameter N1dim (Nlung = (2*N1dim) 2).By the dim light of their lanterns, a dingy rock surface, braced by rotting props, is visible.
din	Din Eidyn fell to the Angles in 638 and became part of the Anglian kingdom of Northumbria.The heath forest is remarkable for its profound silence compared with the jungle’s incessant din.
dine	One is cautioned about eating food openly, as the monkeys are likely to view this as an invitation to dine.She'd rather raise a stein with Dan Than venture out and dine with Stan.
dingy	By the dim light of their lanterns, a dingy rock surface, braced by rotting props, is visible.So we stopped in a dark dingy old South side tavern to think over our plans and have some coldbeers.
dioxide	TABLE A.- AFFECTED SOURCES AND UNITS IN PHASE I AND THEIR SULFUR DIOXIDE ALLOWANCES (TONS)has decreased its sulfur dioxide emissions rate by 60 percent or greater since 1980,and
dip	America doesn't have to have a dip in the GDP to consider flaky presidential candidates.(This had a long dip in the middle, with a short ending: That's right, very lucky to get out.
diploma	would look good on her on her uh diploma etcetera and so forth and and i kept pushing her towardsthey have more of these um sort of mandatory mandatory tests you have to take before you get a diploma but uh
diplomas	Its new dean hopes to acquire the accreditation to award graduates official diplomas.--Two Diplomas, Washington, D.C.
diplomat	Following his career as a diplomat, John Quincy went on to ascend ever higher in politics.It was while working as a diplomat in Paris that he wrote the book he'll be remembered by.
disable	!," or smuggle a stun-gun into Toys-R-Us to disable the competition.have responded by secreting protease inhibitors to disable them is important if long-lasting solutions are to be found.
disagreement	The area of disagreement between methods concerned genes with low differential expression.Indeed, that one disagreement aside, we have a very high regard for Heilbrunn's writings.
disarray	Though this version of libertarianism seems to flirt with anarchism, Boaz isn't worried about disarray.(She had puffed pro-ERA forces although they were in complete disarray.)
discard	Therefore, relatively small variations may be enough to discard PD as a useful model to apply."Items that members of the Blair Cabinet have officially been 'urged to discard.
discern	After a few of these futile interviews, I begin to discern three distinct genres of nonanswer:The whole site is faded and aging, yet it is still possible to discern vestiges of its glory days.
disco	Where is disco, surely as reliable an indicator of musical decadence as the Sex Pistols?Teenagers might like to join the open-air disco hordes at Harajuku, near Yoyogi Park.
discord	that discord is not inevitable, that there is not some Balkan disease.The discord was only brought to an end when, in 1630, Felipe IV agreed to grant Carmona the rights of township.
discreet	This state conducts its planning activities through ad hoc groups addressing discreet issues.I have been a waiter and preferred the artistry of being both attentive and discreet.
discrepancy	This discrepancy for methoxyflurane had been noted previously in the older literature.We do not know whether the discrepancy is more frequent in case studies than in other methods.
discrete	PRODUCT - Any discrete, traceable, or measurable good or service provided to a customer.No experimental structural data are available, but discrete state-space models [ 35, 36] (H.
discriminate	But defending the right to discriminate against gays is no longer a sure winner for them.Thus, it may not be easy to discriminate between SIRS and sepsis, even with the use of PCT.
disdain	Worst of all, he has total disdain for everything about politics, down to and including voters.Rist, Ray C. "On the Relations Between Educational Research Paradigms: From Disdain to Detente."
diseases	However, the mechanisms of liver injury in cholestatic diseases in infants remain unclear.In Set A, each of three diseases was displayed separately over 3 time horizons (Figure 3).
disguise	The Catholic chapel dates from 1680 when it was built in a style to disguise its purpose.For example, say a drug dealer wants to disguise $10,000 in monthly profits from cocaine sales.
disgust	* * This prompted widespread disgust among journalists, who viewed ABC's move as a sellout.The motives behind these outpourings of popular disgust, to be sure, were not unalloyed.
dishes	The slides were then placed into 100 × 20 mm Petri dishes containing 5-7 ml DMEM-20% FCS.This restaurant provides a good menu of Middle Eastern meat dishes, specialising in lamb.
dismay	Imagine her dismay when she discovered that the library did not own most of the journals.Much to dad's dismay, we got the giggles as a guide provided highlights of Custer's Last Stand.
dispatch	21, 2003); UAL report, "United dispatch SMFDO activities-terrorist crisis," Sept. 11, 2001.21, 2003); UAL report, "Timeline: Dispatch/SMFDO Activities-Terrorist Crisis," undated.
dispel	A year later, a new--yet more genuinely old--ballpark arrived to dispel the gloom."Kohl would have been the best man to dispel these concerns," it said.
disperse	MC 57 cells are fibroblastic in appearance and disperse across the surface of a tissue culture dish in a uniform manner.The larger size of many of these fruits results in their toppling over and thus in an inability to properly disperse the spores.
displace	Thus as outside pressures mounted, Bashir's supporters began to displace those of Turabi.Chemical libraries can be screened for the ability to displace ButaIT leading to the discovery of better pesticides.
disposition	For patient care and victim disposition, see Arlington County, "After-Action Report," pp.Very useful in its way no doubt, but rather limiting to someone of scholarly disposition.
disputes	That's not because their arcane disputes held any fascination for most Americans at the time.The Times also notes there are disputes about what kind of identifier should be used.
disregard	Discharge of a firearm on school property, with a reckless disregard for another's safety.It's weaker: it's doing something in disregard of the fact that it's likely to be harmful.
disrupt	This would disrupt the negative control of the receptor and potentiate the Ca 2+response.To examine the function of the ifk genes, we attempted to disrupt each gene individually.
dissertation	but i have afraid i have trouble remembering my own name now much less trying to do a dissertationand twenty years ago i was uh in graduate school pecking out a dissertation on on a manual typewriter
dissipate	Any local fluctuations in ink concentration soon dissipate back to equilibrium.The White House may be floating the idea simply to dissipate the last whiffs of the impeachment scandal.
distend	Mendes can distend the real into the surreal with imperceptible puffs.It's tall and mottled and has a wiggly mouth that can suddenly distend itself and emit a Jurassic Park -style roar.
distort	MacKinnon argues that many journalists distort her work, by caricaturing her as a neopuritan.His newspapers and TV shows exaggerate and distort for the sake of sensationalism.
distract	The Washington Post says Clinton's foreign travels will distract attention from the scandal.He's engaging in military action to distract himself from his lack of sexual activity.
distraction	But still, I had many meetings with him, and he showed no signs of distraction or impatience.For one user, a few additional predictions with 90% certainty could be a distraction.
ditch	So in starting afresh, what should a new medical journal retain, and what should it ditch?How, for example, do we judge Ann Lewis compared to other last ditch Clinton defenders?
diversion	16,17 Moreover highly profitable non-delivered mail is much less vulnerable to diversion.Politics is diversion, not serious business, and the president is "Entertainer-in-Chief."
divert	Inoculating every child at $30 a dose would divert scarce resources from even better uses.China's spin: The findings were fabricated to divert attention from the embassy bombing.
dizzy	Carr explained that farm-bred dizzy pheasants mean more kids get to kill a bird.I turned my head and saw the woman next to me wearing a leopard-print scarf, and I felt a little dizzy.
doctors	With Medicare, it's tended to be rural communities with few patients, clinics, or doctors.Johnson's doctors--Bathurst, Lawrence, Brocklesby, Heberden, and others--are not neglected.
documents	The following are a few of the key statistics contained in documents abstracted by FFC: 6,The name can be found in art and literature as well as in academic and official documents.
dodge	Everyone was needed in the war effort, and there were few opportunities to dodge the draft.This is the sneakiest dodge and probably the most popular--especially among Republicans.
dole	and suggests that a vote for Dole would return us to the grim black and white of the past.Tell begins with shots of the "Old Dole" filmed in the "attack colors" of black and white.
dome	Down the road from the Russian church, the chapel’s dome is now in the grounds of a mosque.The characteristic snow-block dome measures 4 to 5 m (13 to 15 ft) in diameter at the base.
donations	I also take exception to considering “They gave us a number of donations” as tautological.Yet it is perfectly legal for them to lubricate such lobbying with big campaign donations.
doom	But even among the good guys, a marginal physiognomy or a receding hairline can spell doom.The NYT , by contrast, implies that the co-pilot cut the engines in order to doom the plane.
doors	Mealtimes and similar occasions for family togetherness open special conversational doors.However, in areas near the impact zone some doors leading to the stairwell may have jammed.
dormant	that's true that's true ours are well they're they're kind of dormant they're pretty mellow right nowbecause the the credit card was zero it was you know don't and it was dormant
doubtful	It is doubtful that using adjusted costs would change the nature of the results obtained.It's not clear when the fetus can perceive, but it is doubtful that it can before 22 weeks.
doubtless	Doubtless, the most important unanswered question about reinforcement is how often it occurs.He doubtless had to fight the urge to make Summer of Sam a whole-hog whitesploitation picture.
downpour	well i did actually last week going to the airport i just hit a downpour and i was on a highway going like eightyand then one night we were camping and it came just a torrential downpour we had the steaks on the grill these people were with us and it i mean everything was sopping wet inside the tent it was just that bad you know
doze	It is possible to see today's louse egg, or nit in OE hnitu , but better by far to illustrate the hn start with the felicitous verb hnappian doze or nap.
drainage	This route is generally accepted to be the major drainage pathway for the aqueous [ 3].Independent variables were wealth, education, and the area's levels of planning and drainage.
drastic	These findings are in contrast with the drastic down-regulation of CD8 transcript levels exerted by cAMP.However, there was a drastic difference in %S between the two groups (p=0.
drawback	The drawback of ignoring phylogeny is a potentially high false positive rate (see below).One possible drawback to the study is that both healthy and sick infants were included.
draws	But turning to McKinsey was a bit odd since the company draws heavily on HLS for recruits.For the standard USM, initial values for coordinates are taken as random draws on [0,1).
dread	I finally said to Dr. Dread that he was a sleazy old fairy buying muscles instead of love.So now bond traders have as much reason to dread the end of summer as little children do."
dreadful	He thought it gave offense to the salmon industry, and he proposed to right this dreadful wrong.Of these, only the Synfuels Corp. vote and the mining vote were clearly dreadful.
dreary	If you are making a long rail journey, don’t rely on the generally dreary dining-car service.Its avant-garde circular design contrasts sharply with the dreary buildings around it.
drench	few calories and few well if you don't drench it in butter i guess
dressing	so it really varies i try to dress very comfortably i don't really like dressing up at alloh did well did does your wife ever make uh a bake in a hot bacon dressing like for salad
drill	A drill hole is visible in the cranium, evidence that this was once a hanging skull-candle.This allows a campaign based on four key issues to "drill down" on each of them in great detail.
drinks	This is the group that, more than any other, serves as the breeding ground for new drinks.Why, you and I, TV watchers, will pay, via the soft drinks and cars and toothpaste we buy.
drop-off	All four variance curves show a sharp drop-off which gradually flattens.The plots are remarkably similar for all the datasets, with the melanoma dataset having the fastest drop-off.
drop-out	4%) did not report the attrition or drop-out rate.Those uninterested in getting vaccinated even if a case occurred in their city amounted to at least 9% of the starting group (possibly more, as there was some drop-out over the course of the multi-part question).
dropout	Many believe that removing the patient's dropout process is not plausible in clinical practice.Today, teen pregnancy, drug use, crime, dropout rates, and sexual activity are down.
drought	All too frequently a cycle of drought, famine, and plague would decimate the population.The sacred relic was first worshipped in the Alicante region during a drought in 1489.
drowse	Elaborately moving his tongue in his long drowse, he fell into the reverie mentioned earlier as his brain cells clicked on sweet scents of seawrack.
drowsiness	Drowsiness was worst during the night and among those with the least amount of sleep.Both have the potential to cause drowsiness and extrapyramidal symptoms, particularly in young women [ 55 ] .
drudgery	In exchange for this drudgery, the Jocks occasionally deign to nod in their general direction.-- At last, science has taken the drudgery out of playing with your kitty and reduced the risk of breaking your hip.
drugs	If drugs kill one in several thousand per year, this would be a public health catastrophe.including some places where the use of certain drugs that are illegal here are not illegal
dual	Personal saving plays a dual role in bolstering retirement security for American workers.Dual color immunohistochemistry experiments were performed as described previously [ 47 ] .
dub	yeah yeah that's that's the ones where they dub in dub in the EnglishIn Britain, electronic music draws on Germanic disco, hip-hop, and dub , the stripped-down, heavily echoed instrumental variant of reggae.
dubious	The inanity of the experts and the dubious casting make these films about as erotic as ...They circulate-even to the President-practically every reported threat, however dubious.
duly	A scout obeys all to whom obedience is due and respects all duly constipated authorities .Inside are leather-bound regimental books with each serviceperson’s name duly inscribed.
dumb	(In Julien Donkey-Boy , she looks like a dumb actress stuck in an improv that won't end.)And I'd rather people ask a foolish question now than have them make a dumb mistake later."
duplicate	the extent to which programs duplicate, overlap, or conflict with other related programs;RNA preparations were run in duplicate and each sample was hybridized to triplicate arrays.
durable	Not all the way--he has not yet succeeded in building a durable majority on the court.White clay from a nearby mountain made possible the very thin, durable, translucent porcelain.
duties	It would yield much of the broader, strategic analytic duties and personnel to the NCTC.we didn't have any lawn and garden type duties so we're just learning the ropes here and
dwarf	A story reports from a dwarf convention that is the main courting ground for little people.Azaria's reluctance to marry stems from the fact that her earnings dwarf his--she is making $1.
dwell	But those who continue to dwell on these well-aired matters seldom exhibit much perspective.Its name means “sacred home of the dead” to the Kadazan who dwell on its lower slopes.
dwindle	In other words, the index effectively allows its winners to run and its losers to dwindle.The least innovative apparel suppliers are seeing their chances for survival dwindle every year.
easter	The Easter spirit is contagious: A week after Time 's heaven cover story, Newsweek and U.S.Most boutiques open only during the tourist season, starting at Easter and ending in November.
eccentric	In the beginning, he was dismissed as a crackpot--at best an eccentric, at worst a threat.Critics swoon over the eccentric 67-year-old Carmelite nun's survey of Western painting.
eclipse	One of the initial frustrations of Enduring Love is the eclipse of the balloon accident.The slides were examined under Nikon microscope Eclipse E600 (Nikon Instruments Inc., Melville, NY).
ecology	we're we're really on an ecology kick up here i guess like all the rest of the country andt is no accident that the words for economics and ecology have the same Greek root, “house.”
economical	The compounding process is a simple, economical system of word formation is modern English.oh yeah the economy uh what i was thinking about is an economical issue concerning it uh
eddy	Eddy, personal communication) was used to translate nucleotide consensus sequences for ORF analysis."People were calling it Year 2000, CDC [Century Date Change], Faddle [Faulty Date Logic]," Eddy says.
edible	Edinburgh produces a range of edible (and drinkable) souvenirs that can make great presents for folks back home.But Chengdu has other attractions as well, some of them historical, some of them spiritual, and some of them edible.
editorial	In a Weekly Standard lead editorial, Executive Editor Fred Barnes writes, "The accused ...The New York Times lead editorial calls the shuttered approach "an affront to the public."
effects	As noted above, we apply one adjustment by discounting lagged mortality incidence effects.Our goal was to examine the effects of PRWORA on hospital uncompensated care expenditures.
ego	But instead of achieving power and domination, I suffered a mammoth blow to my junkie ego.,’ just like the “Whirred ego’ quoted, with a little word-window-dressing, by Virginia Howard.
egyptian	Edfu was built in the classic Egyptian style and was little changed following its rebuilding.Egyptian: lion-headed goddess Sekhmet (1400 b.c. ) and the colossal Amenophis IV (1370 b.c. ).
eject	Despite protests, race officials have declined either to eject Haider or to reroute the event to keep him out of Williamsburg, a Hasidic neighborhood in Brooklyn.David Lubitz of D.C.'s Swidler Berlin Shereff Friedman, challenged an Annapolis, Md., ordinance allowing the police to eject people from designated "drug loitering-free zones."
eke	How do these radios eke such relatively big sounds out of such small boxes?yeah and it's just you know the whole idea of getting out there and uh making you know fine tuning the sails and trimming and and adjusting just to to eke out a little more speed from the wind
elaborate	Elaborate exchanges of respect imply a degree of entanglement Americans now wish to avoid.Dedicated to the rice goddess, this is the most elaborate and ornate temple in the north.
elapse	However, in no case should more than 72 h elapse between collection and first use of the sample.And do let us all know how many seconds elapse before your conversational companion makes a getaway.
elastic	The external diameter was calculated from the circumference of the external elastic lamella.um-hum or sand even some of them well no they're elastic so i guess it wouldn't be sand
elated	, over the moon `elated') are not much used in American English.And I'm not That I'm elated that I'm not, once again, The relative reaching over the butcherblock For the telephone, and in that lurch Having the notion common to us all-- Now's my time to pay for pleasure -- Prove true.
electrician	Lech Walesa, a shipyard electrician, led worker strikes in Gdansk.One studied to be a doctor, there was an electrician, a minister.
elements	However, the elements needed for a finding depend entirely on the objectives of the audit.in the case of Twin Peaks a little bit there's some elements of the supernatural in it too
elevate	News ). Once you're a finalist representing a theme, the trick is to elevate your theme.Or should the TAS groups take it upon themselves to "elevate" the TPS to their level?
elicit	To elicit a response, the perceived signal must be conveyed to the cellular machinery.The hotline staff can elicit information that would be difficult, if not impossible, in English.
eligible	you know the it was skewed by the eligible voters being less than the total population ofSome claims of eligible aliens may arise while the alien is temporarily out of the country.
eloquent	One of them, an old campaigner with the local Home Guard, was particularly eloquent.But by quoting Tucker's eloquent letter to him, he actually makes himself seem even more heartless.
email	For Clarke's awareness, see NSC email, Clarke to Cressey, "Considerations," Oct. 25, 2000.For CTC contact, see FBI email, Harry S. to Chuck F., "Please Pass To [desk officer],"Aug.
embargo	A big part of the stories is his condemnation of the U.S. embargo of the island.The sanctions 1) prevent Iraq from accessing billions held in foreign banks and 2) embargo all trade.
embark	(U.S. Army chaplain in Vicenza, Italy, addressing troops soon to embark for Bosnia.)This is not, however, the place to embark on a disputatious wrangle leading nowhere.
embarrass	When Jackson implied that Will's attempt to embarrass him was racist, Will took offense.However, if it was the friends' mistake, we have no desire to embarrass them with their error.
embed	The cells were further dehydrated with a graded series of ethanol and embedded in epoxy resin (Embed 812).Such projection techniques reduce the dimensionality of multivariate data to embed the variables and objects of the data in a visualizable (two- or three-dimensional) space.
embody	embody more optimistic assumptions about energy-efficiency demand and supply technologies.The Balearic Islands don’t have to work too hard to embody the perfect island vacation.
emergencies	Some recent examples of such "emergencies": medical services for veterans and the census.Many were diverted on the way to the scene by intervening emergencies related to the attack.
emigrate	Most young Serbs are plotting to emigrate because there are no opportunities at home.The majority of older Arab youths have expressed a desire to emigrate to other countries, particularly those in Europe.
eminent	Its Hall of Eminent Favors (Lingendian) is among the largest wooden buildings in China.Would not N. Vincent Peale have given the eminent positive-thinker a bit more class?
emit	But the torch does not emit a flame: instead a surprising little llama stands on its tip.Some of the light-hearted songs require the singer to emit a weird, guttural “ye-ye-ye” sound.
employees	[From Group Insurance for 1-14 Employees , Consolidated Group Trust, The Hartford, p. 70.]encouraging employees to combine their resources and talents by working together in teams,
enclosure	The enclosure includes a reference to the applicable proposed revised paragraph(s) of GAGAS.Enclosure 1 June 22, 2001 letter from the General Counsel of GAO to the Counsel for the
encyclopedia	Cobuild: a short article about someone or something in a dictionary or encyclopedia,.From there we follow the left column down and click Pop Encyclopedia in the Databases category.
endeavour	The goal of this endeavour is to improve existing methods and develop new ones to perform various facets of the genome/proteome modelling task in an automated fashion.For one thing, certain British spellings are retained, but those might have been left over from pre-Webster spelling reform: endeavour, moulding, humour; enamelling; fulfil .
ending	Um, I read at bedtime as a calming down for all of us, being together and ending our day.Ebert is beside himself: "It's not even clever enough to give us the right happy ending.
endow	Endow and Waligora [ 47] determined that the GN residues at the neck/motor core junction (Fig.How wise is it to endow the state with powers to force us into wellness even if we prefer risk?
endurance	Even the dashes, with their suspended, rising quality, suggest the vitality of endurance.His endurance is chalked up to his training as an architect and his embrace of bright colors.
energetic	During her absence, two of our earliest and most energetic "Fraygrants" have been filling in.My childhood was pastoral and energetic and rich in experiences which developed my character."
energies	The Van der Waals interaction energies were calculated separately, and are also presented.In all cases, the predicted binding energies are better than for nicotine or acetylcholine.
engineers	Engineers designed operations to take similar lengths of time to achieve line balancing.But overworked engineers and sleepy dispatchers aren't creative, they're simply destructive.
engrave	The coppersmith will also be happy to make items to order, or to engrave your purchase.Before we discuss paper price, she informs me that the name and address die to engrave the stationery will cost $130.
enlighten	It would not just entertain but also enlighten.Attacks on the current system, often based on misleading anecdotes, have failed to enlighten participants or improve services to the public; and
enrich	At its best it can enrich the American idiom with phrases, words, and even bound morphemes.Future studies are needed to verify and enrich the details of the illustrated molecular events.
enrollment	Applications for enrollment remain high and the quality of entering students is excellent.Consider the current enrollment picture at the school and the costs students bear today.
enrolment	2. Myocardial reinfarction (events with documentation of an infarction before or at enrolment):A MI present at enrolment was not considered an end-point MI and was not adjudicated by the CEC.
ensemble	Beyond this powerful defense line stands China’s supreme ensemble of ancient architecture.and we went to hear uh James Win ensemble concert they left this morning for England
ensue	The other warned against watching a parting guest out of sight: bad luick would ensue.The same result would ensue from excluding LSCfunded lawyers from welfare litigation entirely.
entail	I knew what it would entail, why they do it, and that everybody is treated the same way.Reno seems to entail the same conclusion about compulsory labeling on the Internet.)
entangle	.. We are now invited to entangle ourselves once more in the old meshes; which I decline to do.To confuse; deface; disfigure; disorganize; entangle; make a mess of; snarl; tie up; ruin: To fxxx up the detail.
envy	Americans mock the Frogs because we envy their intellectual arrogance, history, and glamour.They refrain from defacing Mercedes or Lexuses, these being objects of envy, not resentment.
enzyme	2000); and identified Dicer, the enzyme that chops dsRNA into short RNAs (Bernstein et al.After the gene encoding the enzyme was cloned [6], a recombinant product became available.
ephemeral	Photography, in other words, is an inherently compromised art form--populist, ephemeral, and easy.Their factories manufacture a steady supply of ephemeral pop groups.
epidemic	Countries in sub-Saharan Africa are faced with the most devastating epidemic of our times.Kentucky officials say there is a virtual epidemic of abusive relationships in the state.
epoch	There followed the epoch of leg warmers and other mutations into the aerobics class look.Thus began an 800-year epoch of Christian opposition to the newly arrived Muslims.
equator	what was interesting Malaysia is a tropical country just uh two degrees above the equatorBy now, the first cleavage groove reaches halfway between the equator and the vegetal pole.
equitable	(The study did show that in countries that adopted land reform growth was more equitable.)it should be i think a flat percentage and uh that percentage ought to be an equitable amount
equivocal	Furthermore, regarding G-protein-effector coupling for Smo, the results are also equivocal.Critics were equivocal; the Washington Post 's Rita Kempley called it "stale feminist fluff."
eradicate	Watching the sun's emergence from lunar shadow could damage or even eradicate their vision.2) If it turns out to be genetic, conservatives will just try to eradicate it with gene therapy.
erase	A less innocent error was an American attempt to erase four centuries of Spanish history., the ability to erase your mistakes), we have restored Dorothy to the arms of her husband.
erosion	In fact, the paper has run two stories reporting on the erosion of the man's credibility.Specifically, erosion requires that nuclease activities have access to the ends of the break.
errand	they never know for sure what time they're going to leave their job they never know when they want to run out and do an errand at noon you know they just feel they need their carGeorge Steiner has been writing his incandescent essays on high culture for nearly four decades now, steadily deepening his insights and widening his topical reach, but carrying on the same essential errand.
erratic	uh uh teaching kids uh it can cause erratic behavior it can cause all kinds of major problemsStill, the labeling in dictionaries is not only erratic but internally inconsistent.
erroneous	During the course of the morning, there were multiple erroneous reports of hijacked aircraft.Taking aim at military slang because it is “itinerant and erroneous” misses the mark completely.
erupt	Witnesses claim to have seen a fiery volcano erupt from beneath the sea just before the first jolt."The sex drive in a man is almost volcanic in its latent ability to erupt at the slightest provocation."
escalate	Human rights leaders fear that this could escalate into further, Taliban-esque repression.Brown also has a Clintonian streak that threatens to escalate pandering into a character issue.
escalator	Take the Mid-Levels Escalator to Hollywood road, known for its antiques and curio shopping.An escalator descends to the reception area, which comprises shops, cafés, and the ticket office.
escort	nothing but problems with it so he finally traded it in and actually bought a Ford EscortHe says he had mixed feelings about being asked to serve as Gore's "security escort."
esteem	yeah i hope they do something they need to or they're not going to have any esteem left at allAthens’ good fortune was that the Romans held Greek culture in such high esteem.
eternal	The argument only works if you believe that mathematics is eternal and precedes the universe.Of course, she never quite conceded defeat: hope springs eternal in the human breast.
etiquette	Miss Manners underrates the popularity of etiquette in the 1990s, and overrates its power.Newsweek discovers the latest trend among Silicon Valley millionerds: etiquette training.
evacuate	For officers deciding to evacuate, see PAPD interview 10, GW Bridge Command (Sept.For civilians not being instructed not to evacuate up, see Port Authority briefing (May 13, 2004).
evade	Not only do you evade the tough choice, you also evade responsibility for your decision.The LAT calls Iraq's statement "the boldest move yet to evade international disarmament efforts."
evaporate	Personal History's false modesty begins to evaporate after Phil's suicide in 1963.Gingrich resigns, and the practical chances of Clinton's removal evaporate.
everlasting	The Everlasting Story of Nory , by Nicholson Baker (Random House).Book -- The Everlasting Story of Nory , by Nicholson Baker;
evict	However, even these revisionists agree that the Jews had not intended to evict Muslims from Palestine.The notion that the Republican Party should evict Pat Buchanan--first advanced in this space last week--is gaining momentum.
evoke	They are less chic now, but their majestic sweep can still evoke former glories.But the bloodshed by speeders doesn't evoke the same emotional revulsion as the bloodshed by drunks.
exacerbate	As the boomers age, the Journal notes, the need for more drugs will exacerbate the cost problem.Studies in both humans and animals suggest that high glucose levels might exacerbate ischemic brain damage [3].
exaggerate	One answer is that psychic costs shouldn't count because they're too easy to exaggerate.Goldberg says he relies on discredited studies in order to exaggerate the "crisis."
examples	Churches, trade unions, philanthropic bodies, and clubs are examples of such institutions.Here we focus on examples that illustrate the utility of the probability mapping approach.
exams	Variables measured longitudinally in Exams 1-4 in the Framingham Offspring public-use filesThe exams really gave me an opportunity to show how I could work through real problems.
excavate	Iowe Burn Rate a better synopsis, if only to excavate the psychopathology that runs through it like a sewer.Equally interesting are the displays that examine the methods of marine archaeology used to excavate the city.
exceedingly	In an exposed, windy location this looks, considering the damage it did, exceedingly benign.The risk is exceedingly small but the probability of something unusual happening is not zero."
excel	Data generated by Microarray Suite were exported to Microsoft Excel for further analysis.Data was tabulated in Microsoft Excel ®and analyzed using SigmaStat ®(SPSS, Chicago, IL).
excerpt	(Click here for Jonathan Rieder's review in Slate and here for an excerpt from the book.)A book excerpt condemns Pius XII, "Hitler's Pope," for his complicity in the Final Solution.
excess	IVT protocols are reportedly sensitive to excess starting concentrations of the T7 primer.Then there's excess salt, another component of the average diet and a bone-killer as well.
exclaim	People now exclaim whew! after a close call, or humph or harrumph when impatient.My graduate adviser, Sydney Brenner, used to exclaim ‘Revenons à nos mutants!
excrement	Friends of mine, especially women, found sitting through the film akin to being smeared with excrement.Vollmer-Heurer proposes mixing the old bills with rotting garbage and animal excrement to produce compost.
excursion	If you are on a short visit to Japan, your excursion time might be better spent elsewhere.This excursion into beer science mainly raises the question: What kind of people are we?
exemplify	Cobuild and CED are far from being such polar opposites, but they exemplify this general point.Also, a story says the Promise Keepers exemplify the right's new strategy: Out-emote Bill Clinton.
exempt	those are what i carry beyond just that piece of paper that allows me to be an exempt at TIand if this guy is exempt from paying it we have to pay more that's exactly right so it's just
exert	Thus, CSN may exert negative control on Pcu1p and Pcu3p by promoting their deneddylation.Firstly, it is evident that individual polymorphisms exert extremely weak main effects.
exhaust	AC is assumed to be the principal reagent used to absorb the mercury in the exhaust gases.yeah the smokestacks or the exhaust pipes um i guess there's been a lot of pressure to um
exhort	They encourage us to indulge ourselves, and they exhort us to worry about our competence at work.I insist on the need to repeat, to emphasize, even to exhort.
exile	Jerusalem was razed, the Temple destroyed, and its people forced into exile and slavery.In his self-imposed exile in Tunisia, Arafat was joined by thousands of Palestinians.
existent	And it had to do with the description of all the cowboy paraphernalia that was, ah, existent at the time.in the past thirty years that weren't existent uh you must see kids with real significant problems um in some cases
exorbitant	and one of the ways that they're financing it is they have an exorbitant tax on their cigarettesPlaying away from your hotel will probably be very expensive during the day and exorbitant under lights.
expectancy	yeah i i i know my cat she's reaching her life expectancy and i'm already thinking oh noUnfortunately there really is no satisfactory measure of actual life expectancy among gay men.
expedient	expedient yeah that's exactly it yeah where the most dollar what it where it you know cuts back the most(Click here for Finkelstein's explanation of why this logic is "expedient."
expel	Ambassador Carney had instructions only to push the Sudanese to expel Bin Ladin.The Constitution requires a vote of at least two-thirds of the Senate to convict and expel a president.
expend	In rich countries we have quite happily eradicated them from our inner ecosystems with none of the handwringing we expend on rhinos.it's okay for us to go expend our youth's
expenses	According to KSM, he received a total of $10,000 from Bin Ladin for 9/11-related expenses.He pays me $40 a week room and board, which of course doesn't begin to cover his expenses.
experiments	Experiments are currently underway in our laboratory to develop such packaging cell lines.For these experiments, proteins from 800 zona-free biotinylated mouse eggs were extracted.
expire	US drugs frequently fall to about one-third their original price when patents expire [12].The Star Wars toy contracts were scheduled to expire next year, which sparked a bidding war this fall.
explosive	Chatting has restraints, of course, in a network of burgeoning traffic and explosive costs.Another note of authenticity: The explosive sound effects come from the show's old episodes.
exposition	Barcelona used the 1888 Universal Exposition as an open house to show the world its new face.I have seldom seen so clear an exposition of any complex subject as that presented by Coulmas.
expulsion	Expulsion time was significantly decreased by clozapine at 5.0 and 50 nmoles either i.t.Polls suggest that Clinton's expulsion would shock and infuriate much of the electorate.
exquisite	Another way to see Furby's innards is to check out the exquisite Furby Autopsy Home Page .The first is whether RNAi's exquisite specificity is really an advantage beyond the bench.
exterior	MoMA’s entrance was not up a broad flight of exterior steps but through a revolving door.The exterior is a low-key International Style white box, but the interior is astonishing.
exterminate	For what it is worth, there has been no rush to exterminate a lot of unwanted Oregon Health Plan recipients.Note 1: Holocaust historians have traditionally offered a variety of reasons why Germans followed orders to exterminate the Jews.
extinct	As love genes spread at the expense of indifference genes, Loveless Bobs slowly become extinct.But if it lasts in its niche, it may be well adapted, hence, resistant to being driven extinct.
extinguish	To assert Spain’s authority and extinguish dissent, he ordered the execution of five Creole rebels.He doesn't need a censure deal to extinguish the threat of conviction.
extort	He also had orang laut pirates patrolling the seas to extort tribute from passing ships.China will let the triads extort, smuggle drugs and arms, pander, and counterfeit.
extravagant	and so we budgeted and we said well we'll be extravagant we budgeted ten dollars a dayCommerce thrived, partly in response to the extravagant demands of the Tokugawa court.
exuberant	Forget about defeating Dr. Evil: Austin Powers represents the exuberant conquest of shame.The latter is a fine example of the exuberant style of Manueline architecture.
eyesight	Sixpence's eyesight was failing badly when we first met, and he was disaster-prone.Java, although this has clearly escaped Shuman's keen eyesight, is not a programming language at all.
fabricate	2 Large-sized sheets are used to fabricate the absorber vessel, the ductwork, and supports.Feel free to substitute your favorite dessert or to embroider and fabricate generally.
fabulous	and yeah yeah and and the dental plan is fabulous the dental plan i pay absolutely nothingLouisville, St. Louis, Kansas City--all now have a fabulous, turreted, Oz-like appearance.
facet	The trip back to Guilin by bus provides yet another facet to the soaring scenery.The first facet of the problem exists within the normalization procedure.
facilities	Each room is equipped with refrigerator, kettle, hair dryer, and coffee-making facilities.However, most facilities are currently equipped with ESPs, and some are equipped with FFs.
factories	THE GAP "does not tolerate this type of conduct in the factories where we do business."A few families still fish for eels, and process them in small “factories” along the quayside.
factors	An injury to white matter could presumably expose these factors by disrupting the sheaths.The ternary complex factors (TCFs) are members of the ets family of transcription factors.
fahrenheit	Tradition has dictated to lay and professional caregivers the one degree Fahrenheit rule.To raise the temperature of one gallon of water by one degree Fahrenheit requires 2,100 calories.
fake	It's a story , which he needs to smother with a bigger story--a fake war with Albania.A fake smile is seldom persuasive--it lasts too long, it looks wrong around the eyes.
falcons	3) The Falcons, who have stunk perennially, are football's best Cinderella story in years.The Denver Broncos won their second straight Super Bowl, beating the Atlanta Falcons 34-19.
fallacy	Still, I'm not inventing the idea that the "National Review fallacy" is indeed a fallacy.Ecologic fallacy, location uncertainty and the use of residence as an exposure surrogate
fallible	That King was fallible was almost forgotten in the mad rush to immortalize him during his own lifetime.Calvin Butts: Leaders will always be fallible, so structural reforms are needed to make them more accountable.
falter	The Los Angeles Times lead predicts the U.S. economy will falter in 1999.This is why his ambition to be a public intellectual may falter.
fame	The Wall Street Journal front page presents a new candidate for the Chutzpah Hall of Fame.He's lied frequently about his education and military service, and he has a yen for fame.
families	and you can't deny people the right to supply their families better through whatever meansMany families would undoubtedly find it objectionable and would choose not to participate.
famine	And the treasury was empty after earthquake, famine, and plague had crippled the economy.The Great Famine struck in 1845 with a blight on the staple food of the poor, the potato.
fanatic	If You Can't Harass From 8 Feet You Don't Deserve To Be Called a Religious Fanatic AnswerKopp began as a "prayerful defender of life" but became an "any means necessary" fanatic.
fantastic	And in the same caves stand more than 2,000 painted sculptures, realistic or fantastic.um now oh have you have you been on the Blue Ridge Parkway oh wow now that's fantastic
farewell	The WP admits that it was mistaken when it said previously that the farewell parties the U.S.They bid farewell to one another and then leave the homestead under the escort of their relatives.
farmers	Abolish the IMF and end American taxpayer bailouts of foreign competitors of U.S. farmers.They developed into farmers with settlements and pastureland on the fertile Messará Plain.
farms	uh it's mainly farms and uh no heavy industry uh Attleboro itself i live in Rhode Islandand um hung out with them worked a bit on one of their farms and i also went to a youth camp
fascinate	The WP runs 100 biographical sketches solicited from readers and many of them fascinate.Here, the very arrival of the product is enough to fascinate and move us; it is almost as if the future had just happened.
fastidious	People who are legally fastidious say it's not the sex, it's the perjury.Schmidt's codes of belonging, his fastidious prejudices, are laid bare.
fatigue	, escape from predators) but fatigue when sustained periods of activity are required (e.g.Dyspnea is often associated with other common symptoms: fatigue, cough, anxiety, and pain.
fatuous	(To cynical Gen Xers such as myself, this marketing talk seems both contradictory and fatuous.Aniston can pout, and let her eyes crinkle up in fatuous happiness, and look moistly maternal.
feasible	7 mpg standard might exceed the "maximum feasible" level for 1998 indicated under 49 U.S.C.Establishing a set of logical rules for the precancers is, at this time, not feasible.
feast	People flock here on 23 April, the feast day of Barcelona’s patron saint, Sant Jordi (St.Columbus named the island after St. Martin on that saint’s feast day in 1493, or did he?
feat	He's an aikido black belt who once ran a dojo in Japan (no mean feat for an Occidental).As someone who has written Feydeauesque farce, I can tell you that it's no easy feat.
features	Each object comes with its own characteristic set of “is a,” “has a,” “does a,” features.Furthermore, a quality control (QC) filter is used to remove questionable array features.
feeble	Woodward doesn't know from context, though in recent books he has made feeble efforts to stipulate some.It is easy to reuse, and more important, each new usage reflects an attempt at creativity, however feeble.
fees	In a presidential campaign, with tens of millions being spent, these fees can be enormous.save the fees we've decided we just save the fees and and buy some of our own equipment so
feet	Barshefsky for failing to be 6 feet tall, like some specimen in his own private human zoo.It was the visual evidence of feet of clay, a heart of sloth, a general moral degradation.
fellowship	When the Ford Foundation does the same thing, they call it a prestigious fellowship! ...And the Coffin Fellowship Program provides money for attorneys who do domestic relations work.
fend	If they can fend off the Klingons, it will demonstrate a majority for genuine reform.Less well appreciated is the deep American sense of concern for those who are not able to fend for themselves.
ferocious	On that occasion, Lisa had seen a ferocious dog barking behind the chain-linked fence.As an adolescent, he was afflicted by cryptorchidism, an especially ferocious hernia.
ferries	At rush hour, the waterfront becomes a bedlam of bodies as commuters pour off the ferries.The port is busy with boats from the Royal Yacht Club, cruise ships, and ferries to Mallorca.
ferry	and you uh everyday they drive on the ferry they go upstairs and have their morning coffeeThe ferry timetable runs on a winter (read curtailed) service until the first week in May.
fertile	That, of course, is precisely why Java has become such fertile ground for cyberevangelism.They developed into farmers with settlements and pastureland on the fertile Messará Plain.
fervent	And in Othello (Act II, Scene I, line 80) Cassio utters the fervent prayer that Othello mightThe film portrays the fervent opponent of the civil rights movement as a thoroughgoing bigot.
fester	Sewage and dirty water were thrown from upper floors to the streets below and left to fester.Spilhaus designed the weather balloon that crashed in Roswell, N.M., in 1947, sparking UFO conspiracy theories that still fester.
fetter	Care Corporation and the Franklin C. Fetter FamilyTo read the Reconstruction Amendments in this way would “fetter and degrade the State governments by subjecting them to the control of Congress.”
feud	Midlife hits Lincoln Center Hamptons feud and fret and playing with pain walk in clients' shoesThe piece retreads his feud with his former company, Creative Artists Agency.
fickle	Intent on pleasing everybody, [ESFPs] can appear fickle, even promiscuous, to other types."At best, this soi-disant queen bee is fickle, so what is there about the friendship that is of value?
fidelity	Even devotees of the "Living Constitution" like Tribe now declare their fidelity to text.A survey on mutual funds warns that Fidelity, once a powerhouse, is now merely average.
figures	assisted with the interpretation of the data and drafted the manuscript and final Figures.Today's TV parents are wisdom figures, not the adult buffoons we have grown accustomed to.
filmed	Tell begins with shots of the "Old Dole" filmed in the "attack colors" of black and white.WRTV-6 produced this program filmed on location at the Indianapolis Zoo and Kenya, Africa.
filth	Dwell among them and let their purity wash away the filth of politics with which you are encrusted after lo!More frightening, he's turned Times Square and its menagerie of wonderful filth and decadence into Disney World North.
fingers	There are two new ways to enjoy Slate without soiling your fingers in the World Wide Web.(Imagine me snapping my fingers, but in an attractive Italian suit and a better apartment.)
finite	For example, will the algorithm based on those primitives halt or not halt in finite time?In addition, of course, rapid reproduction requires finite displacement from equilibrium.
firms	As the city's need for services grows, area's firms urge partners to volunteer their time.An LAT front page article reveals a "serious slump" among dozens of Silicon Valley firms.
first-aid	People lived here until 1962; now there’s only a warden’s post and first-aid station.There is a jaw-dropping list of Jordan-endorsed products, including potholders and first-aid kits.
fitting	Fitting a power law model (AD = k F n ) to the data in Figure 2yields the exponent n = 0.93.Loess is a nonparametric curve fitting technique that fits the data in a local fashion.
fixture	We inserted two types of screens beneath the UV fixture to adjust the level of irradiance.The Internet is quickly becoming a fixture—however mobile it might seem—of modern life.
flabby	Marketing-driven decisions and programming shortcuts are the road signs to Flabby Software City.The movie is psychologically thin, artistically flabby, and symbolically opaque.
flake	Flake Food -- TETRAMIN® and BIORIL® or equivalent are available at most pet supply shops.Flake Fish Food The flake foods, TETRAMIN® and BIORIL®, are available at most pet supply shops.
flank	These primers contain sequences that are homologous to those that flank both sides of theThe nucleotide sequence is strikingly similar to that of the 5' flank of the FGFR1 gene.
flap	If the flap valve is opened, a wind will pass transiently from the left to the right box.The opercular flap, which is as wide as the eye, obscures the branchial arches in side view.
flare	The margin of the operculum is thickened but does not yet flare.The Washington Post photo department, says Quinn, thinks that the "brilliant shaft of multicolored light" is lens flare.
flask	RNA (10 μg) extracted from each individual flask was hybridized to a single gene chip (i.e.Add 1.20 g of CaSO4•2H20 to 1 L of MILLI-Q® or equivalent deionized water in a separate flask.
flats	6) During high-speed, mechanized processing, some flats with open edges become aerodynamic.As noted, the REIMS II data was separated by shape: letters, flats, and small packets.
flatter	" 'It should flatter us,' wrote the French novelist Fougeret de Montbron in 1757.Murdoch has chosen to flatter an odious regime in the hope of making a fortune from the Chinese market.
flaunt	As CNN pundit Mona Charen put it, "We won't ask about your private life, but don't flaunt it."In the US, publishers do not generally advertise the number of definitions in their dictionaries but flaunt their entry counts.
flaw	But TWA 800 appears to have suffered from a design flaw, a fatal crack in its technology.If you do happen to discover a flaw in Slate Explorer, just keep it to yourself, OK?
fleeting	So to judge America's fleeting architecture by Europe's canonical standards is preposterous.7 This puts fashion in the right light: it may be fleeting, but it is not frivolous.
flicker	My eyes flicker between screens close and far, making me wonder whether I'll need bifocals.Finally, there is a flicker of hope that celebrities can find enduring love if they work at it.
fling	I grant teenagers their last fling of childish freedom before adulthood begins to descend.Let's get one thing straight: Hollywood loves big grosses, everything else is just a passing fling.
flirt	It may be that grandiose schemes for redesigning society inevitably flirt with repressive politics.He's also, in Cook's nice phrase "a flirt, a bottom-pincher, and a knee-holder."
flock	People flock here on 23 April, the feast day of Barcelona’s patron saint, Sant Jordi (St.Gardner wrote in a 1775 letter, “I have often wished for a good flock of Priory sheep.”
floors	However, a number of civilians remained in at least stairwell C, approaching lower floors.On the upper floors are the royal collections of furniture, ceramics, and carved ivories.
flourish	"Governments create an environment in which entrepreneurship and producers can flourish.No relationship can flourish without shared interests, and the president's are no exception.
flowers	As I write, the house is alive with flowers and foliage, and it is starting to snow again.that's what i think but with all this rain all the all the flowers ought to be real pretty
flu	Some hospitals are delaying elective procedures to deal with the influx of flu patients.If you totally chicken out about stating your reservations, there is always the 24-hour flu.
fluctuate	Thus, the number of passive vs. active investors will always fluctuate around an equilibrium.Your expectations about the future, and the behavior that stems from them, could fluctuate wildly.
fluent	Although he doesn't know much Chinese or Urdu, he is fluent in French, German, and Italian.So I guessed that the old gentleman was Jewish, and I would bet that he was fluent only in Russian.
fluff	If you choose to continue with him, you might try to fluff up his social skills by example.Critics were equivocal; the Washington Post 's Rita Kempley called it "stale feminist fluff."
flush	And the actors constitute a royal flush--OK, OK, enough with the poker metaphors.(iv) adding to the flush language at the end a sentence to read as follows:".
flutter	A curve at the top of the stem causes the Hawera to flutter, giving it a disarming nervousness.She reaches out to touch the wall of the machine and it ripples, the way the highway seems to flutter on a hot day.
flux	When a metabolite was not available in the medium, the transport flux was constrained to zero., COP) that allow the flux of ethidium and propidium-based vital dyes into the cell.
flyover	Farther north, beneath the Flórián tér ﬂyover on the Buda side of the Arpád Bridge, stand the ruins of baths built for the Roman legions.But on the evidence of the most recent cases, the folks in flyover country have grown more worldly than big-city journalists give them credit for.
foam	(Along with magnets and Swedish foam, ions make up the holy trinity of self-improvement.)First it cheaped out on maintenance, letting birds peck away the roof's foam covering.
foil	Kathie Lee, endlessly chipper and extra-perfect, serves as superb foil for Regis' peevishness.The crackly foil wrappers, the tempting names like Chocolate Chip Peanut Crunch and Wild Berry.
folder	He made a mental note to write down Lattimore's characterization and slip it into his folder.Day after day, week after week, month after month, the folder grew in size.
forbes	"In an unscripted campaign moment yesterday, Steve Forbes was seen taking a sip of water."Forbes periodically slaps Republicans in Congress for compromising: "Get real or get out!"
foremost	Consistency: This is determined foremost by whether the toothpaste is a "gel" or a "paste."Still farther south is Kenchoji, founded in 1249, the foremost of the “Five Mountains. ”
forerunner	The Shrine, completed in 1953, is also the tomb of the Bab, the forerunner of Baha’u’llah.till ( prep .) The forerunner of until . From Saxon tille to reach or come to the time of.
foresee	but then i i foresee that being just a babysitting thing not much learning but you knowi don't foresee them uh building a new one for a long time because they can't afford it
forestry	The Forestry Commission, set up in 1919, is responsible for areas like Grizedale Forest.Now under the control of the Forestry Commission, the forest has many kilometers of footpaths and cycle-ways to enjoy.
forfeit	Let me out of the cursed scam now, and I'll forfeit every penny I've contributed thus far.you can be reduced in rank forfeit your pay or if it's a repeat repeat offense uh offense
forge	With those authors, they can forge highly varied and vastly expanded “zones” for learning.The operational mission training course taught operatives how to forge documents.
formidable	Despite these formidable challenges, Japan will probably end up confounding the pessimists.And Bin Ladin's security precautions and defenses became more elaborate and formidable.
forms	AQP1 forms tetramers [ 16, 17, 19] but monomers alone can facilitate water flow [ 20, 21].Chang’an Avenue bisects these two sites and forms the capital’s long, wide east–west axis.
fort	On August 7, Atta flew from Fort Lauderdale to Newark, probably to coordinate with Hazmi.(Or you can take a minibus, which runs from King’s Square to the fort every 15 minutes.)
forte	It was built to commemorate the legendary warrior Monsopiad, whose forte was beheading his enemies.Sinite modicum et sustinete, si forte mulier prae dolore in exstasi posita adhuc valeat respirare."
fortify	And McCain will fortify his war chest while his rivals battle and bleed.From miles around, you can see the powerful castle walls and strong keep built by Dom Dinis to fortify the border against Spain.
fossil	The first theory is flexible enough to withstand fossil evidence, but the second isn't.so we really don't know whether there's enough fossil fuel left or there isn't and uh and uh i
fossils	The museum has collections ranging from minerals and fossils, to medals and coins.Fossils of manatees found in Florida's springs have been estimated to be about 45 million years old.
foul	'When ripe the fruit pulp exceeds in foul odour all that is abominable in nature' [ 76 ] .Both my mother and I have tried speaking with her, but that just unleashed foul behavior.
fountain	A copy of Verrocchio’s delightful bronze cherub tops the porphyry fountain in the center.Islamic homes centered around a large central hall called a qa’awith a fountain in the middle.
foyer	Another ostentatious marble atrium foyer marks number 75.She walked in the front door and there was this great big tile floor, the foyer had a huge ceiling and a spiral stairsc, staircase.
fracture	Femoral radiographs were made at fracture, at one week after fracture, and at euthanasia.One often hears the claim that resin cements decrease the fracture frequency of ceramics.
fragile	The cover essay defends Israel as the last hope for Judaism (and a fragile hope at that).Barak's fragile coalition is equally vulnerable if terrorism or settler violence surges.
fragrance	This season there are two books about zero, and Fendi is peddling a fragrance called Theorema.It has a sweet, delicate fragrance, unlike the heady odor some narcissuses give off.
frail	But his grip on power, the paper reports, may be fragile: Wahid is frail and almost totally blind.Retirement benefits are for frail people, and there won't be any frail people.
frantic	In spite of the frantic bed-shifting, they were delighted to have an English guest to display.With queasy, frantic haste as one might inventory his burgled residence, I looked up corrupt .
fraught	And until we recognize that, U.S.-China policy will be more fraught than it should be.According to the WP , the program is fraught with technical challenges and political pressures.
freak	Doomsayers warned it would freak out the Russians, who might resort to nuclear weapons.I myself am a cell phone freak, who cannot imagine being without my little Nokia 6160.
freight	With horses, wagons carry freight and have four wheels; carts may carry anything but have two wheels.But if government can't reroute the freight train in a better direction, it's hard to see how it can derail it.
fret	So all the victims of the fears of August just had to find something new to fret about.Midlife hits Lincoln Center Hamptons feud and fret and playing with pain walk in clients' shoes
friction	But everybody agrees that there is now considerable friction between Congress and Clinton.The friction between the second ply and the first can create a wrinkle in the first ply.
fridge	If it had been a Bud or two from the fridge we wouldn't have given it a second thought.Sometimes a magnet's fridge magnet, (again not a possessive) might be given away.
fringe	I once observed a photographer’s assistant during a photo shoot comb out the fringe of a rug.For nearly five decades after that, the IRA existed only as a shadowy fringe group.
frost	but uh up until Thanksgiving really uh well we usually get our first frost middle of NovemberSo why don't we leave poor Morris behind to enjoy his Robert Frost and Edna Millay?
frugal	Um I guess the thing I remember most about my grandmother's personality is that she was extremely frugal.-- Has the Frugal Gourmet struck you as just a little paranoid lately?
fruition	The Tractatus sought to bring that program to fruition .One way to judge a grant program is to count the number of projects that but for that grant would not have come to fruition.
frustrate	You're absolutely right about companies' trying to frustrate and annoy their customers.Gradually, spike one's guns came to mean `frustrate the enemy by blocking his intended plan of action.
fry	8. Phony-Baloney Bipartisan Pledge of Campaign Finance Reform Press Conference and Fish FryThe resulting unidirectional charge transfer, Fry speculated, could stimulate neural tissue.
full-time	Consequently, their cost to the Postal Service is far less than for full-time employees.well it seems like i don't have time for them but i'm i don't work full-time or anything
fume	Fume and canopy hoods over the toxicity test areas must be used whenever possible.These were allowed to air dry in a fume hood before mounting and sputter coating.
fund-raising	Gore countered that in any other year his fund-raising performance would have set records.On Nov. 8, President Clinton spoke at a fund-raising dinner for the Human Rights Campaign.
funnel	Huguenot merchant Peter Faneuil (pronounced fannel, fan’l or funnel), gave it to the city in 1742.Weirdest detail: Mobsters are bribing Y2K debuggers to rig computers to funnel money into their accounts.
fur	To this, I offer only the standard fur-industry reply: Fur farming doesn't have to be cruel.Fur is back, too, as are delicious pile fabrics, so that luxury can be combined with utility.
furious	Clinton reportedly was furious but told Netanyahu they should put past snubs behind them.Every article also interprets the furious GOP-Democratic sparring as a depressing harbinger.
furnace	Far from being the perfect furnace of heaven, it has a face covered with celestial zits.The ﬁrst record of Pest, meaning “lime furnace” or “ovens” in Slavic, comes from 1061.
furnish	uh lately i've been on the whole very practical and uh i'm trying uh to to uh furnish a homeOnce you have created such a garden "room," you can furnish it with any seasonal delights you like.
fury	We all become cavemen and cavewomen, and the Hobbesian world erupts in all its grim fury.These hills have a cascading fury to them, and the dwelling seems to be under siege.
fuse	His skepticism and short fuse, which once seemed so radical, are taught at the Actors Studio.Stay where you are, you lit fuse,you dull spark of saltpeter and sulfur.
fusion	All enteric bacteria and their nearest phylogenetic neighbors possess an aroQ•tyrA fusion.All of the GFP-BLM fusion proteins were produced at a low level in the absence of inducer.
fuss	In a low-scoring game dominated by the pitchers, you might wonder what the fuss is about."This time," however, says the New York Times ' Janet Maslin, "the film is worth the fuss."
gaily	It has fireworks, flaming torches, and gaily decorated floats on the central Okawa River.Baronial mansions with gaily painted balconies overlooking the river line the streets.
gale	But first, the Shopping Avenger will let Gale Hogsten tell the story.You possibly saw Cartlidge in supporting roles in Naked and Breaking the Waves . You haven't seen her in full gale force.
gamble	He told us he knew of no one at the Pentagon or the CIA who thought it was a bad gamble.It's a word that seldom appears in public unaccompanied by the Procter & Gamble logo.
gaol	Hartley is also aware of the issue, and he includes imbecile with the comment: “A common term of contempt in gaol, used particularly of the warders.”Muscle, muscular, gaol, iron,
gape	A. "A chance to gape at a naked old man on a motorcycle lured millions of Americans to movie theaters this weekend for Waking Ned Devine ."When tractors haul the fishing fleet ashore, sunbathers jump from their towels to gape at the catch — 1-meter (3-foot) eels, still flapping; foot-long, spiny lobsters still snapping; and bucketloads of flat and silver fish.
garment	A computer pen is used to outline a panel of the garment with a sequence of contact points.3. Believes that Ronald Reagan's critics "weren't qualified to kiss the hem of his garment."
gasp	We would no longer need to debate dada legal technicalities and gasp over sordid details.Is it the last gasp of a former culture that wants to hold back the new one?
gaudy	It is gaudy testimony that consumers, at least, have no problem with this business.Long dismissed as a gaudy playground of excess, Las Vegas has seen recent spurts of cultural growth.
gauge	so but i i don't knit my something goes wrong with my knitting the the gauge doesn't workThe heart was removed from the chest and the aorta was cannulated with a 23 gauge needle.
gaunt	Ni, by contrast, paints six gaunt trees by the riverside and calls the picture Six Gentlemen (1345).He looks a mite gaunt, and has been prone to fits of rage lately.
generalize	Another "push" technology to watch is Marimba's Castanet, which attempts to generalize the technique.Here we generalize gene shaving to incorporate full or partial supervision.
generic	Our generic name, Homo , is akin to another Latin name, humanus human and to humus earth.The New Republic 's Stanley Kauffmann calls Francis Ford Coppola's The Rainmaker generic.
genial	To a crowd of genial, upbeat seniors, Schumer serves vicious attacks on D'Amato.Henry Hyde, R-Ill., Capitol Hill's genial uncle, the committee reverts to type.
geographic	One deals with more than 100 proverbs and sayings containing personal and geographic names.Southern Living Texas Highways and National Geographic i think i think i've got them all
geology	For such a small tract of land, the geology of the Lake District is actually very complex.Whatever you can contribute, you will be helping to support a geology student at IUPUI.
geometry	In other words joining and positioning also require cell growth of a particular geometry.The geometry of individual cell growth is ultimately responsible for the observed patterns.
germ	The results suggest that Dazap1 is expressed in both somatic and germ cells in the testis.The expression of DAZAP1 during germ cell development paralleled that of DAZL (Figure 5).
ghastly	Her dimpled cellulite was blown up to ghastly proportions and plastered on newsstands.I do not think we can do anything in Chechnya, ghastly as is the Russian behavior.
gigantic	At this moment, Jupiter should be on the receiving end of the first gigantic comet MASS.i was firmly convinced the entire front yard was nothing but one gigantic ant mound
giggle	and i just here's my chance to giggle boy it's a good thing we didn't elect that Dukakis guy because i meanWhen you rub Gary's belly, he says, "Welcome the unborn into the world" and then emits a cute little giggle.
gist	(See Slate's "Gist" on Mossad for more about the group that botched the assassination.)Why, exactly, is Slate publishing a primer on pop music (see Mark Jenkins' "The Gist")?
glacier	This request reflected a senator's special interest in the Glacier National Park in Montana.Either way, this clash of the titans has been about as exciting to watch as a melting glacier.
glamour	Americans mock the Frogs because we envy their intellectual arrogance, history, and glamour.Vanity Fair 's massive Hollywood 1998 issue has all the glamour and sycophancy you'd expect.
gland	A small portion of luteal tissue was excised from each gland and frozen in liquid nitrogen.Of the 73 patients, a 54% of them (40 patients) have had a salivary gland biopsy performed.
glare	George W. doesn't glare much, as far as Chatterbox can tell, but his smirk may be an expression of disgust.Sweat popped out on his head in the close-up glare of television lights.
gleam	gallium - galling, gleam, galleon, gulling, gallon, gelling, gullying, gamilyFor half a second--strange--it felt permanent, indestructible as the tiny gleam that pearled in the dark pupil of her eye.
glide	Exotic trees and flowers are mingled with statuary, and black swans glide across a small pond.This is true even when they glide along country roads with large bundles balanced on their heads.
glimmer	A non-redundant set of all GLIMMER ORFs plus syntactic ORFs between GLIMMER ORFs was generated.Tony Blankley described it as the "one glimmer of light coming out of the Middle East for America."
glimpse	But as a glimpse into the world of conservative journalism, Brock's article is revealing.With some careful timing, modern visitors can capture a glimpse of that miracle of light.
glitter	Hidden beneath the glitter are veins of the old royal and romantic Waikiki (see page 28).Their showbiziness isn't just in the dramatic fabrics, bold cut, and applied glitter.
gloomy	The rosy spin: The computer method is working . The gloomy spin: Playoffs would be better.Who needs some gloomy Gus who harangues you about torture, rape, and murder all the time?
glorious	The roguish image of the city’s present might make it easy to forget the city’s glorious past.The ardent, pious wife, taming the young prince, guiding him to his glorious destiny.
gloss	The "courage" spin puts an equally simplistic gloss of nobility on the family's escapades.Friedman's gloss on the episode: "Good news: In today's global market you can buy anything.
glossary	Concerned with the revival of learning, he wrote a Latin grammar and Latin-English glossary.For easy access to definitions of key terms, we include a glossary at the end of this report.
glow	This morning's reference to McCarthy by Drew Pearson in his column had caused him to glow.The Bushes are positioned in such a way that the fading light infuses them with a honeyed glow.
glue	Official-English supporters maintain that language is the glue that holds us together.The Yankees can actually be referred to as the glue that held the century together.
goad	The only hope now is that this item itself will somehow goad Kaufman into bringing his suit ...She has always been his goad and his source of fire, but the Lewinsky affair may have changed that.
goals	At the time of our review, the Logistics Center was on track to meet or exceed its goals.For the youngest children, play goals were often as simple as getting a cap off a bottle.
gorgeous	West Lake Hills is a pretty place, lots of wood, stone, and gorgeous views of Lake Austin."'Sleepy Hollow' has got to be the most gorgeous, sumptuous, painterly movie ever made ..."
gossip	I guess my question is: How do I distinguish "sanctioned" gossip from regular old slander?Others dismiss the book for its dearth of sources and persistent focus on malicious gossip.
governments	The spins: 1) Did the U.S. and British governments adequately warn the tourists of danger?City governments helped rig government contracts and turned a blind eye to other rackets.
gown	She is always described as having long hair, down below her waist, and is seen wearing a white gown.In other respects, the image is that of an Asian kewpie doll--powdered face, braids, tassels, and a silk gown.
gracious	His father's gracious acceptance of death is a braver act than any macho journey could be.The western shores of the lake are lined with gracious villas nestling in perfumed gardens.
gradual	The PEA identified a gradual increase in the proportion of resistant virus from 14-P2 (0.Gradual bleeding up to 15 ml/kg in these three rats led to a 30-40% reduction in MABP.
graduates	they had four thousand graduates this spring and boy that was quite an event i'll tell youThe 456 graduates of '39 played a vital role in three major wars, and 72 became generals.
granary	It stands next to the plain brick 15th-century Megio wheat granary, decorated only by battlements and the republic’s seal of St. Mark’s lion.Heron, granary, canary,
grants	But, with increasing frequency, Safire has been abusing the privileges he grants himself.Three grants in Texas helped with merger issues through integration of disparate systems.
granular	The antibody also identified granular cytoplasmic LHR immunoreactivity in immature granulosa cells (ig, Fig.In CL of pregnancy (CLP; 3 months), less or more distinct granular cytoplasmic LHR immunoreactivity (arrowhead, Fig.
graph	A week or two ago, I heard Lord Carrington pronounce graph as “GRAFF,” with a sharp “a.”Simultaneously percentage cytotoxicity (line graph) also rises from a basal value of 12.
graphic	As a satisfactory graphic is developed for one site, the evaluators turn to the next site.Portable Network Graphic (PNG) File showing that mature TGFβ 1 binds to α V β 6 integrin.
grate	Many translations into English of the nouns le con and la queue, for example, grate.Index finger proudly raised, the hand's relentless bobbing is meant to grate and does a fine job of it.
gratitude	It is simple, dog-like gratitude for a reason to declare the presidential race more interesting.You made an "oral" expression of gratitude, which was, of course, also "verbal."
gratuity	Is a gratuity appropriate when dining at a restaurant buffet?Fishbein refused to pay its idea of a gratuity because he found the management "rude and obnoxious" to his party of 17.
gravel	Speaking as though his mouth is full of aquarium gravel, he paints everything larger than it is.Its flat-topped hillock of white gravel, despite the inevitable comparison to Mt.
graze	Sheep graze alongside a rusty, disused cannon, standard armament of FWI forts.Sheep graze the courtyard lawns, bread is still made in the bakery, and the cookhouse provides lusty country fare.
grease	Several weekend warriors were ready to fly to Baghdad and grease the dictator themselves.Today, I am sorry to report, this Jew is doing a terrible job of resisting the grease.
greedy	Bloated, sloppy, and greedy, the band regurgitated a medley of '70s hits to vast applause.Ian Holm's portrayal of a guilt-wracked yet greedy lawyer is said to be especially skillful.
grid	His plan was a simple grid: a symmetrical design with straight streets and grand squares.In the first step, a grid consisting of square cells is drawn around each array element.
grieve	If she conceives a conception and receives at a reception , why didn't she grieve a “greption” and believe a “beleption”?Rather than grieve for the homes they had left behind, the industrious Moors set about making Granada the grandest city of Al Andalus.
grill	fourteen fifteen pound catfish and sometimes those are good to uh do on a barbecue grillThis year Jameson Camp is planning an Inaugural fund-raising event: The Jameson Grill!
grim	and suggests that a vote for Dole would return us to the grim black and white of the past.A grim piece profiles Chevron's superintendent of operations along Nigeria's Niger River.
grind	And some economists with no particular ax to grind simply have doubts about the methodology.It was once used to grind paint from pigments, and was put here in 1737 as a distance marker.
grit	The city sites are untouched by the grit and idiosyncrasy that define urban living.yeah me too oh yeah yeah i like almost everything he yeah i really love rue Grit
groan	An article on the California governor's race notes the emergence of--groan--"socket moms."Finally, turning to her toilet, she rested her face in her hands, and gave a sort of groan.”
grope	And as the century ends, let us grope our way toward a new liberalism.Clearly most of them are; we are expected to read them without recoiling, though we may grope for a dictionary.
groups	2) I do not want to be put on mailing lists that are shared among other charitable groups.No alteration in IL-10 and TGF-β production could be detected in two transfer groups (Fig.
growl	"Well, Monica honey, I think it's snack time," the president said with a sexy growl in his voice."Do not be surprised if, someday soon, you hear Gore growl.
grudge	This scandal makes blatant the degree to which the mainstream media holds a Drudge Grudge.Reporters looking to reprise the old conflict had a hard time finding anyone who still bears him a grudge.
grumble	But though I may grumble under my breath, I know my duty to the Revolution.Many grumble that the curators weren't more discriminating.
guests	Lewis went on to explain that one of the guests was an old friend who was dying of cancer.If scheduling allows, guests are permitted to watch rehearsals and the filming of TV shows.
guild	He is troubled over whether to accept donations from the professional kirkbuzzers'* guild."Writers Do," a panel discussion sponsored by the Writers Guild of America earlier this month.
gush	Critics gush over the Met's exhibit of Renaissance paintings from the Netherlands.But in the WP 's Cohen coverage, we see another side: there, she is said to gush that her prediction's come true.
gust	Sometimes the author himself seems to float upward on a gust of wind, into the airy zones of fable, which seem to have been his instinctive home.if i have it do over again i will go with a major corporation because well gust because the guy retires and there goes your warranty when he retires
gymnasium	If that is not enough, there are also swimming pool, jacuzzi, sauna, and gymnasium.The USAir Arena sits on the edge of the Beltway, old and dim, not much more than a big gymnasium.
habits	And in truth, I don't much care what is discovered about my "habits" through my Web use.)She even found fault with my studious habits: All work and no play makes Jack a dull boy.
hail	Across the street, Catholic protestors in white berets recite Hail Marys into a megaphone.you know there's there's always at least one or two good hail storms before the season ends
hamper	Is he actually suggesting that having a bazoomba fetish might hamper his career?Scientists at the University of Turku in Finland have established that air pollution can hamper the sex drive of birds.
handball	i've never tried the handball do you find that helps you a lotum-hum i used to uh years ago play tennis but again uh as you get older tennis is pretty rough on the knees i'm sure handball would be also
handbook	1, 2003); FAA report, "Crisis Management Handbook for Significant Events," Feb. 15, 2000.References Flores 1992; Meed 1992; New Handbook of Texas 1996; Paredes 1958; Samora 1979
handout	But many are undoubtedly people who are simply proud that they don't depend on a handout.This handout for the rich is perhaps the purest example of corporate welfare in the federal budget.
handy	um-hum yeah and yeah that's handy and they're just there you know when you want to use themHandy or Ellington or Stevie Wonder in rap; it's a negation of a century of black music.
haphazard	The spins: 1) It's amazing, considering she was President Clinton's haphazard third choice.The building may appear offhanded, but there is nothing haphazard about the way it is organized.
harass	If You Can't Harass From 8 Feet You Don't Deserve To Be Called a Religious Fanatic AnswerRobert the Bruce continued to harass the English until they were forced to sue for peace.
harassment	Even if completely true, the Monica Lewinsky tale is one of consensual sex, not harassment.Even consensual sex between workers of different levels can be considered sexual harassment.
harbor	A big lift (sea, wave) came in the harbor and all the boats made a run on their rope ends.Its natural harbor, surrounded by green hills, is one of the most attractive in the world.
hard-working	They're good, hard-working, taxpaying citizens, and they have not caused this problem."Leadership is about being clever, hard-working, and drawing the best work from a team.
hardy	The frequency of each genotype in each group conformed to the Hardy -Weinberg equilibrium.Chardonnay is a hardy grape, which is why it is so widely produced all over the world.
harmful	It's weaker: it's doing something in disregard of the fact that it's likely to be harmful.Adultery by one's parents, even über parents like Bill and Hillary, is harmful to the child.
harmony	Purchasing information: I ordered the Tush-Cush from the Harmony catalog for $40, plus $6.But the chief reason for relative harmony is the object lesson of the last few elections.
harness	So if computers are getting more powerful, shouldn't we developers harness that capacity?The cover story urges government action to harness the talents of retiring baby boomers.
haste	For their failure, haste, and return to Huffman, see FBI report,"Hijackers Timeline,"Dec.Naturally, there is less need to acknowledge service when one is enjoying haste cuisine.
hasty	If it looks clear, beat a hasty path up to Pico do Arieiro first thing in the morning.A guide demonstrates this by pouring water down a tube into the earth, then beating a hasty retreat.
hatch	cc: The Honorable Orrin G. Hatch Chairman, Committee on the Judiciary United States SenateOrrin Hatch is considering holding hearings on Reno's conduct of the fund-raising inquiry.
hats	You’ll find thick knitwear — pullovers, hats, and gloves — at many shops in the mountains.The woman wore crazy hats--often sporting fruit--so "Carmen Miranda" seemed a useful aid ...
haunt	The use of the Freikorps to suppress the Spartacists was to haunt the Weimar Republic.In the 19th century it was a favorite haunt of Coleridge and other English Romantics.
haven	Their disagreeable behavior often causes parents to retreat further into the haven of work.This part of the island is a haven for birds and wildlife, because few people venture here.
havoc	… An editorial claims that a tentative "red-green alliance" emerged from the Seattle havoc.The new euro, based on nine different currencies, could wreak havoc with financial computing.
hawk	Bird-watchers can spot, among many species, red-tailed hawk and the occasional bald eagle.A hawk is, in fact, simply another kind of tool, used to this day by plasterers and masons.
hazardous	Guidelines for the handling and disposal of hazardous materials must be strictly followed.The phrase "alcohol problems" includes all those problems as well as the hazardous drinking.
headache	Common complaints are fatigue, joint pain, headache, difficulty sleeping, diarrhea, or nausea.Or should I just assume he'll find the bottle in the medicine cabinet when he gets a headache?
headmaster	(In the novel, a headmaster actually refers to the hero and his friend as "Dumb and Dumber."In a recent letter in Sunday Times Books [18 October 1992], a West Sussex headmaster wrote as follows:
headstrong	"His headstrong Sagittarian nature refused to bow to the laws of the universe," laments astrologer Lynne Palmer.She was kind of headstrong and she was, um, kind of artistic maybe, and, uh, uh, liked to have a good sense of humor.
healthcare	4% of all healthcare worker claims citing skin disorder as nature of condition experienced.Payment issues, rather than clinical needs, have driven most investment in IT in healthcare.
heap	It will not do to heap scorn on -athon and denounce athoninators as licentious with language.But like Sherman McCoy, Croker is a Master of the Universe who has run into a heap o' trouble.
heartbeat	Empirically, in analysis of heartbeat rhythms, the 3 rdpeak proved the most reliable.Synchronization between heartbeat and respiration has been intensively studied during the last century.
heater	stinger an electric water heater sold by the prison commissary for making coffee, tea, or soup.this is your little water uh heater in there for the uh the heat inside
heave	Like Shakespeare, he loved the heave and ho of a line in which each beat has its own word.Hyde, who's trying desperately to be patient, is fingering his gavel like he wants to heave it at Frank.
hectic	Go spend every waking hour with your kids, and bitch about your hectic life in eighteen years.I also worked with The Roots while I was there and their sessions were just hectic.
heighten	Most patients completely lose their appetite and stop drinking [ 79 80 ] . This may heighten onlookers' distress.It also noted that the July 4 holiday might heighten the threats.
heir	When Robert the Bruce died in 1329, his son and heir, David II, was only five years old.The two groups squabble over the legitimacy of Farrakhan's claim to be Muhammad's true heir.
helpline	Our helpline (800-669-1603) provides factual and unbiased information.It is also not a population based study as women who call our helpline do differ in some ways from the general population.
hemisphere	An article notes the resurgence in the Western Hemisphere of disease-bearing mosquitoes.Brain/optic lobe consisted of one brain hemisphere including the optic lobe primordium.
henceforth	Paths produced using these interaction maps are henceforth referred to as "random pathways").In our view, between, within, and total levels of health inequality should be reported henceforth.
hens	Along a similar vane, a hardware clerk once told me that the brackets I needed were scarce as hens .He always reminds me of Rock Cornish game hens, which, as I recall, he raised and sold and made famous.
herd	For example, border collies instinctively herd anything that moves--without any training.' A cutting horse is a mount trained to separate certain cattle out from the herd or bunch.
hereditary	Conant was alarmed by the thought that America might be developing a hereditary aristocracy.It belongs to the Hamilton family, who have served as hereditary keepers of the palace.
heroine	In A Regular Guy , her latest novel, Simpson has yet another heroine looking for her father.[S]he established herself as a mythical heroine, questing but always true to herself.
high-rise	For radios not working in high-rise environments, see FDNY interview 9, Battalion 8 (Jan.For standard operating procedures for a high-rise fire, see FDNY interview 28, Dispatch (Jan.
higher	987) was higher than those observed with multiple cRNAs from the same total RNA source (0.Following his career as a diplomat, John Quincy went on to ascend ever higher in politics.
hijack	They play host to terrorist groups, yet wax indignant when terrorists hijack an aircraft."'" FAA report,"Summary of Air Traffic Hijack Events September 11, 2001," Sept. 17, 2001.
hilarious	A hilarious section lets celebrities describe the TV shows they would most want to produce.I'm jealous of the ideas that guy comes up with--always topical, hilarious, sardonic, smart.
hinder	Heritage exists to aid and hinder legislation before Congress and often boasts about doing so.yeah yeah i can see where that would definitely hinder the problem definitely well
hinge	It would hinge on the question of when the fetus first becomes a perceiving being.Many of the policy issues confronting us hinge on quantities--on how much.
hints	An even older source reminds me of an investment for old age at which Cicero only hints.Like its title, Outside Providence hints at a godless universe--as well as a motherless one.
hiring	uh uh-huh it seems like a lot of churches are hiring more musicians now than they used toThe agency reduced the number of voucher clerks in its employ and began hiring accountants.
hits	Bloated, sloppy, and greedy, the band regurgitated a medley of '70s hits to vast applause.In the movie, Larry hits Althea once; she tells him never to do it again, and he doesn't.
hobbies	okay what are your hobbies i hear you have kids right that's your full time uh hobby rightuh um i usually try to stay out of kitchen i don't know not one of my favorite hobbies but
hobby	okay what are your hobbies i hear you have kids right that's your full time uh hobby rightwell now it's kind of a hobby more than anything else but we're going to have uh wild boar
hoist	The word hawser has nothing whatever to do with the verb to hoist; neither does the `N.E.D.(To go all the way, Hitler had even planned to hoist the gate onto an artificial hill, in an attempt to create a mini-Acropolis.)
holocaust	They identified with the displaced Kosovars, comparing them to the Jews of the Holocaust.His book (his first) had been instantly promoted to the first ranks of the Holocaust canon.
homework	and she seems to be studying and has just about the right amount of homework i would expectBut they won't be able to say they weren't helped with their math homework by the very best.
homogeneous	Our data from RA SM revealed almost homogeneous CDR3 lengths of intermediate size [ 13].Unless the program is small and homogeneous, the evaluator faces two possibilities.
hop	Hence, in this limit, the entire species can be said to hop between points on the landscape.Is our Book Club a sock hop, and you and I like the columns on Celebration's city hall?
horses	The monks transported the first Buddhist scriptures to China on the backs of white horses.A great way to see all the sights of Nassau; the horses are trained and the pace is slow.
hose	Um, I'm becoming consumed by bile here, so I think I'd better go hose myself down or something.i mean socks um that you have to wear hose you know hose but i know of other schools
hospitality	Pat Robertson has blamed Orlando's nasty weather on Disney World's hospitality to gays.Traditional hospitality means of course that every tour ends with a tasting session.
hound	Perot and his followers continued to blame and hound Dole for keeping Perot out the debates.pet to grow up with so on my uh kid's fourth birthday his birthday present was a Basset Hound
households	The proportion of households falling within the high, medium, and low-income group was 13.U.S. households receive far more advertising than letters, bills or other similar matter.
housekeeping	Vacuolar type ATPases are housekeeping enzymes probably needed in all living plant cells.Vacuolar type ATPases are housekeeping enzymes critical for the maintenance of homeostasis.
hover	Rugged mountains peek through the clouds, and microclimates hover over isolated villages.The two children hold hands fearfully as storm clouds hover ominously above them.
howl	Howl to the heavens that our earlier Russian policy was a failure.Imagine how Republicans would howl if a Democratic independent counsel let a Democratic administration off the hook.)
hubbub	According to Time 's Richard Schickel, "The main things lost in the hubbub are wit and logic."The hubbub of New Orleans was too much for them and they settled into the surrounding countryside.
huddle	One of my favorite things about New York City is the way businesses huddle together.Her parents, anxious for their daughter who has only just resigned herself to undergo this procedure, huddle in a corner, dressed in sterile scrubs.
hum	hum well we um we just moved to our first home and we had lived in a condominium before sohum yeah that's interesting no ours you know wouldn't they were just regular plaster walls
humans	Here comes a tyrannosaurus rex, charging down a stream bed after a mob of panicky humans.And the main things that humans eat are also quasi-chimeras: the seeds of flowering plants.
humble	In contrast, Al Gore's contributions come more often from humble folks like my own family.Don't mind telling you, In my humble fash, That you thrill me through With a tender pash.
humdrum	I used not some humdrum portable but the Discovery/Pentagon CD-70, a top-of-the-line machine that retails for $5,000.This curiously curt coinage, based on cathartic, at least has the merit of getting out of the usual humdrum -ize rut.
humidity	course you know you only remember the good stuff but um i just don't remember the humidityMany will let you monitor earthquake activity, ozone levels, humidity, and flood threats.
humiliate	Everyone agrees DeLay is determined to beat and humiliate Clinton at any cost.The guy who seems determined to beat and humiliate his opponent at any cost.
hurl	It's like the sideshow bozo above the tank of water; if they don't hurl the balls, we don't have a show.The Balinese and Sasaks hurl packets of cooked rice at each other in the October perang ketupet festival.
hurricane	well i don't know do the nice thing i'm looking forward to is uh not having a hurricane seasonIt credited the improvement to its installation in June 1995 of a new hurricane tracking model.
hydrogen	Abundant catalase enzyme then converts the hydrogen peroxide into molecular oxygen and water.Energy terms included Van der Waals, electrostatic, hydrogen bond, and torsion terms [ 10 ] .
hygiene	The A. Rebekah Fisk Memorial Scholarship fund is a priority for the dental hygiene program.Thank you in advance for your contribution and interest in dental hygiene education.
hysterical	(Bramwell Fletcher's hysterical laughter in the creature's wake--"He went for a little walk!"Markets get caught in self-perpetuating cycles of undue optimism and hysterical panic.
ideas	His ideas may be terrible--some of them certainly are terrible--but at least they are new.ideas and i it's curious i don't know why don't know if it's do you does California have a
identities	Popular attitudes even go beyond tolerance for the intrusion into our personal identities.A matrix comparing the levels of sequence identities among these sequences is shown in Fig.
idiom	At its best it can enrich the American idiom with phrases, words, and even bound morphemes.Some of the most striking pictures are by Indonesians working in a purely Western idiom.
idiot	Insisting otherwise makes him into a kind of idiot savant who could create but not choose.This is a man who was told on a daily basis that he was an idiot and he kept going anyway.
idle	Or are all these vivid specters really just idle speculations that will never come to pass?We asked if we could rent one of the many trucks sitting idle in the parking lot.
ignite	… An editorial warns that the bombardment of Chechnya could ignite a war in the Caucasus.Later, Tinkerbell soars above the castle to ignite a splendid fireworks display.
ignorance	Of my own limitations, the one I had to compensate for most was my ignorance of city life.--You'd think at that point, mortified by his own ignorance, Largent would have resigned.
illiterate	And the film community is so technically uninterested and illiterate that there is no outcry.The last thing an illiterate person wants to advertise is the fact that he can't read.
illuminate	So far, its main contribution is to illuminate not epic enmity, but the everyday, subtle kind.The details of this case illuminate real management challenges, past and future.
imaginative	But she was very imaginative and creative and she made up lots of little stories for us.But none of this imaginative freedom seems to have reached the ice, except on Russians.
imitate	Its scientists have made computers that imitate touch and sense emotion in human voices.22 Their responsiveness encourages parents to look at, talk to, and imitate in return.
imitation	The Boneless Pork Rib Shaped Patty is a shoddy imitation of McDonald's much beloved McRib.Even the Dalai Lama seems to have abandoned real Buddhism for the flaccid Western imitation.
immense	L.A. covers such an immense area that the first-time visitor can easily feel overwhelmed.The change in my ability to focus on my courses and the personal rewards have been immense.
immerse	At their best, these films immerse you once again in all the joys and anxieties of adolescence.In 1961, at the height of his career, he quit to immerse himself in Croat history.
imminent	A protest by gardeners over the city's imminent ban against gasoline-powered leaf blowers.John McCain for insinuating that France tipped Saddam Hussein off to the imminent attack.
impair	HSV with TK mutations may impair activation of these drugs and confer a drug-resistant phenotype.However, colonies remaining white contain mutations to impair LacZ expression.
impart	Wild herbs and flowers on the hills impart a wonderful flavor, and you can buy it plain or with nuts added.A rifle is a `long-barreled firearm with spiral grooves [rifling] cut into the bore to impart a spin to the projectile.
impede	The papers have shed little light on how poor weather can impede various missions."5) Dueling spins : The New York Times says the scandal will dog and impede Clinton's foreign policy.
imperative	Paul Kailor says that reproduction is not guided by a moral imperative toward humanity.1) The imperative that each state must have a vision that encompasses a full range of services;
impetus	Indeed, violations of our folk psychology are a major impetus for engaging in narrative.yeah it will be interesting to see if we have any any impetus to go on to the national
implicit	Each subject was making an implicit comparison, but the reference was never made explicit.) The implicit therapeutic element to consulting a psychic has thus been made more explicit.
imports	yeah and maybe even reduce along along the same lines maybe reduce imports as well i thinkTrade data already suggest a major restructuring in the sources of U.S. apparel imports.
imposing	Any attempt at imposing English on children, however, is met with very strong resistance.High in the hills of the north side is an imposing pinkish-colored mansion, Sant Antoní.
impromptu	Often the songs have witty, ri­bald lyrics likely to suffer fatally in impromptu translation.Each impromptu session ends with the patient's exclamations of relief--"You got a gift, my friend!
improvise	But I told them, I said, "Tony is one of those people who could improvise."The most adventurous traveler who loves to improvise will still need a certain amount of advance planning.
impulse	And in hiding, it left itself with no real protection against the prohibitionist impulse.4 Corpse Fetish: Some anthropologists say the technology is new but the impulse is old.
inability	Inability to put up at least one hind foot constituted failure to the traction [ 28 ] ."Dole had an inability to reach out fully or lay out completely what was on his mind.
inaccurate	Sequences of transposable elements remained inaccurate, being based on composite sequences.In fact, the inaccurate headline was necessary to prevent the story from seeming absurd.
inapt	Believing a firm response was demanded, I've relegated such inapt answers to Page 2. (Click for some quite amusing if not entirely germane replies.)
inaugurate	We inaugurate a new feature this week called "Today's Papers."This week we inaugurate no fewer than three new features:
incidentally	(None of the above, incidentally, has any bearing on Lee's usage of the word "bumfuzzled."(Today's Papers, incidentally, approves the concept of voting oneself deadline extensions.)
incipient	Ngoma insisted that the fighting was not an incipient attempt by the Rwandans to colonize Congo.As the OED2e delicately puts it, of timber or fruit in a state of incipient decay.
incite	Mossad has tried to incite conflict within Arab countries to mixed effect.The piece has an unidentified person in black saying that anarchists had planned all along to incite the rampage.
inclination	He acts therefore like a slave, not animated by inclination but goaded by fear.The inclination is to consider the implementation of this model prospectively.
incline	The absence of religious faith and norms, on the other hand, might incline someone toward homicide.yeah it is and it this has an you know my treadmill has an incline and you know you can get a really good workout on it
inclusive	The term "injury" is more inclusive and should be used, as "trauma" is a subset of injury.2.8 percent of the allocation of allowances for each year from 1995 through 1999 inclusive;and
incoming	Water should be collected on an incoming tide to minimize the possibility of contamination.I have found that when the incoming music is routed through my stereo, I get excellent sound.
incongruous	Iwatched those episodes, and, incongruous as it may sound, I thought of Kenneth Tynan.Atop the whole site is the incongruous Ágios Geórgios, a pretty whitewashed 14th-century church.
increment	We found that for each ten-year increment in age, the chances of having BCS increased by 1%.The systemic corticosteroid score (OR, 1.7 per 5-point score increment; 95% CI, 1.3-2.
indefinite	For a start, there appears to be an indefinite hierarchy of autonomous agents.Both German and English employ the definite article where the indefinite would be equally appropriate.
indelible	But the Romans, who conquered all of Iberia, left the most indelible marks on Barcelona.The subjectivity of the author is indelible--at least Morris has the guts to expose it.
indemnity	Barbara Stanwyck in Double Indemnity (1944) is a lonely, worldly wise woman on the list.China was saddled with payment of a humiliating indemnity and a further loss of respect.
indicative	This is indicative of overutilization of resources through unjustifiable hospitalizations.Auditors should be alert to situations or transactions that could be indicative of abuse.
indifferent	But first there would have to be seizure of control by some group that was not indifferent.Shields: No, politicians are impervious and indifferent to large [amounts of money]--
indignant	"Let's laugh, if we want to, or let's wax indignant; but let us not forget to understand."But then Miss Manners' "peculiar profession" depends on "sensitive but indignant souls ...
indispensable	The large-scale electronic corpus is indispensable for any sort of dictionary work today.Ajami's book is an indispensable guide to why anyone in the Arab world still listens to it.
indulge	He is restrained on Millionaire , forbidden to indulge in his stories, ad-libs, and insults.The papers indulge in much speculation about whether or not this means the end of Tyson's career.
inept	On the contrary, it reveals that the Commies were even more inept than previously thought.The rap on nerds has always been that they're technically brilliant but socially inept.
inert	‘They have a uniform nanoscale pore structure and are chemically inert and biocompatible’.He had been carrying an inert hand grenade, which was detected by a checkpoint screener.
inertia	Rice told us she took Clarke's memo as a warning not to get dragged down by bureaucratic inertia."But again inertia is the name of the game and again tragedy is the outcome."
infect	A second question concerns whether both viruses can simultaneously infect a single neuron.They may even infect otherwise straightforward VERBATIM prose, as alert readers will have spotted.
infectious	Contact tracing should be instituted for HIV just as it is for other infectious diseases.Prions are infectious agents which (almost certainly) do not have a nucleic acid genome.
inference	By inference, the multidimensional likelihood surfaces are expected to be fairly simple.The gametic phase of the remaining sites was determined by statistical inference.
inferior	Exact pressures were measured via a pressure transducer attached to the inferior catheter.Extraocular muscle (inferior rectus) from patient AVI1 was obtained during a diagnostic biopsy.
infinite	John Updike remarked that language has bloomed from the infinite fumblings of anonymous men.DOD briefing materials, Joint Chiefs of Staff, "Operation Infinite Resolve Brief," June 2000.
infirmary	South of the museum, a short walk down Forest Road brings you to the Edinburgh Royal Infirmary.Opposite the infirmary, with an entrance on Lauriston Place, is the ornate George Heriot School.
inflict	The ultimate goal of the Filegate suit appears to be to inflict this treatment on Hillary Clinton.vulcanize to inflict severe burns on a victim, causing him to become a stoon.
influx	Some hospitals are delaying elective procedures to deal with the influx of flu patients.The client population will be multinational due to the continuing influx of immigrants.
informative	They selected 13 genes as most informative and achieved the best result with SVM modeling.I just read Michael Dolan's "Sign o' the Times," which was very informative and accurate.
infringe	"The company would never knowingly infringe anyone's copyright," said Wal-Mart spokesman Michael Maher.Opponents had held that the measures would infringe on free speech.
ingenious	Chekhov was an ingenious phrase maker, with many of the phrases scattered in his letters.Funny are the ingenious hybrids, elaborate euphemisms and novel insult-categories.
inhabit	Bats inhabit the darker recesses, but the eerie waters that flow through the cave have no fish.The people who inhabit the new regime are the same as those who dominated the old detested order.
inherent	To see how The Bell Curve tries and fails to get around these inherent problems, see and .The inherent array error rate (determined by the significant difference rate in the N vs.
inhibit	Zebrafish primary motor neurons may inhibit primary motor neuron fate in neighboring cellsIt is possible that TGFβ does not require Smad3/4 or p38 to inhibit Ese-1/Esx-expression.
inject	Biotech companies now inject potato species with genes that make the potato itself pesticidal.Nevertheless, all of the sorbent-based approaches use similar hardware to inject sorbent as ACI.
injection	To circumvent this problem, we added a stopcock valve to allow for reagent injection (Fig.Within hours, Clinton administration officials rejected any early injection of U.S. funds.
inland	Here you will discover a commanding view of Kobe, Osaka, Awaji Island, and the Inland Sea.Inland from Almería lies one of the most un-European landscapes on the European continent.
innumerable	The New York Times has published innumerable editorial riffs on these themes.Resort hotels and innumerable bars and restaurants are camouflaged and shaded by the cooling vegetation.
inquire	Inquire at the tourism office or check local publications (see page 116) for schedules.The interested reader should inquire about the possibility of additional papers in the series.
inquiries	GAO will refer inquiries for any additional information to the congressional requester(s).A leader in the Times said that even if media inquiries into Republican front-runner Gov.
insane	Time calls Bill Bradley's nascent presidential campaign strategy "charming" and "insane."i i know and isn't that insane i mean how does that happen it just doesn't make since to me
insects	a cell wall, small size, etc.) that make them different from flowers, insects and people.Princes and princesses judged the merits of birds, insects, flowers, roots, or seashells.
insipid	I suppose it's an accomplishment, in a way, to have achieved a tone so utterly insipid.One Gordon contribution is a piece of insipid text titled , lettered in white on a blue wall.
insolent	But Fam became insolent, abusing the animals and neglecting to worship Nzame.In Madrid, on the other hand, El País said in an editorial Sunday that the West would be wrong to ignore Yeltsin's warnings, however "insolent and demagogic" they might be.
insolvent	Khodorkovsky is the chairman of one of Russia's largest oil companies, and former chairman of Menatep, an insolvent Russian bank.
insomnia	The country is seeing a big rise in suicide, depression, insomnia, over-drinking, over-smoking and ulcers.As a final example of a spur to insomnia, unsupervised learners worry that Damasio (1994) might be somewhat right.
inspiring	um for the i think i find the our door atmosphere more inspiring for my exercise reallyAround Guilin, you’ll find caves of every size and mood — gloomy, inspiring, immense, or coy.
instalment	Wilson sent a copy of the book to Shaw as “an instalment of interest on an old debt.”
instantaneous	At posh hotels with posh connections, supplies would be high-level and instantaneous.The peak instantaneous frequency also increased with increasing velocity of stretch.
institutes	, clinics, research institutes, new journals), from changing pedagogical techniques (e.g.The National Institutes of Health are now reviewing the safety of gene therapy trials.
institutions	Churches, trade unions, philanthropic bodies, and clubs are examples of such institutions.Reports by GAO or other auditing institutions can provide valuable background information.
instructors	For other instructors' views, see FBI electronic communication, Penttbomb investigation, Apr.Four of the five say they had sex with their instructors, but that it was consensual.
instrumental	Hackworth was instrumental in Newsweek 's story a year ago that Navy Chief of Staff Adm.well actually most of the music that i listen to there's no theme it's instrumental
instruments	because my husband used to work out three days a week with uh at the Texas Instruments gymThe instruments that will make this analysis must be designed in the next couple of years.
insulate	There may not be anyone else involved to insulate them."The attempted restriction is designed to insulate the Government's interpretation of the Constitution from judicial challenge.
insult	("Putz" is a Yiddish insult that literally means "penis" but in common usage means "fool."His books read like good journalism--and that's no insult--but they are not great history.
insure	One of the best ways to insure independence is to properly follow rigorous randomization procedures.When Professor Wright found out how much Philadelphians pay to insure their cars, he gave up driving.
intact	The Ponte Vecchio, intact since 1345, was Florence’s first, and for centuries only, bridge.Individual cells were motile and often left the field, but the clusters remained intact.
integral	The A6L subunit is also an integral membrane protein associated with the F 0 sector [ 29].Funding charitable works is an integral function of the governments in the Islamic world.
intellect	1917, 9th ed.: Insanity characterized by loss or impairment of intellect, will, and memory.Global , meaning all aspects of intellect, is used by many medical authors, but is incorrect.
intelligible	But in the process, the sentence would become less colloquial and less intelligible.When and where humankind made its first intelligible utterance will never be known.
intensify	Indeed, the very act of staring at her nakedness seems to only intensify her humiliation.Lincoln’s purpose on November 19, 1863, was not to intensify but to transcend the war effort.
intermediate	Transposable elements mobilize either directly through DNA or through an RNA intermediate.5 percent, according to the Social Security Trustees' intermediate actuarial projections.
intermittent	The least defensible of Safire's columns are his intermittent efforts at "Reading Bill's Mind."48 patients had continuous sedation (mean duration 53 hrs), 32 intermittent (mean duration 77 hrs).
interrogate	This child may be the victim of parental abuse, and we must interrogate her mother."So Pound has to interrogate Coles to find out what he did and, ultimately, whether he stays or goes.
intersection	Back at Calle Fortaleza, take a right and continue to the intersection of Calle San José.Our analyses were conducted using the Bonferroni correction for the intersection test.
interviewee	Chris O'Connor (Interviewee) START OF TAPE 1, SIDE A(How any interviewee who isn't also guaranteed that the story will be a puff piece could possibly be induced to sign such an agreement remains to be seen.
interviewer	As the interview progressed, the interviewer entered the responses into a personal computer.In case-control studies, the possibilities for recall and interviewer bias are a major concern.
interviews	624); FBI report of investigation, interviews of Ahmed Ressam, May 10, 2001; May 24, 2001.Beatty can forbid interviews, decline to answer questions, and refuse to appear in public.
intimidate	3. In 1992, the Clinton campaign hired another private detective to intimidate bimbos.At its best, there is a certain nobility to the Kennedys' refusal to let life intimidate them."
intricate	um it depends on how intricate the the the design is and whether or not you're going to uhBeleke, east of the market town of Praya, specializes in the craft of intricate basketry.
intrigue	(The Washington Post , which usually plays up Capitol Hill intrigue, reefers this story.)I can't think of the writer's name, but the writer does so well with, um, with intrigue and irony.
intrinsic	I deliberately picked systems that purport to pinpoint something intrinsic in our natures.Asymmetric division may involve extrinsic (influence of adjacent cells) or intrinsic factors.
intuition	Well, one question: If the rankings just confirm intuition, then why buy them in the first place?And the truth is that the rankings' success actually depends on confounding most people's intuition.
inundate	They burrow into the arcana of their topics and inundate potential acolytes with a barrage of pedantic details.5 billion, while issue advocacy ads will inundate the airwaves.
invade	These phenoms invade from Japan--or, in the case of the Ninja Turtles, might as well have.yeah well there's there's all sorts of scare tactics i guess to to invade our privacy and
invalid	One can certainly construct special cases where the constant-mean assumption is invalid.If this assumption is invalid, then use of this definition can return very misleading results.
invaluable	Finally, mouse models have been invaluable to screen disease-specific therapeutic agents.Explainer thanks Yale contracts professor Ian Ayres for his invaluable assistance.
invert	A new technique is used to invert the model equations in order to obtain an accurate solution for the PO absorption.We can use Q to construct fixed-level tests and to invert them to obtain confidence intervals (CI) for fold changes [ 5].
investigators	"My investigators work very hard and diligently to find relevant evidence," Starr offered.Study selection and data abstraction was conducted independently by the two investigators.
invincible	um they didn't try to make him super human or you know invincible they just he worked hard at itbut they got four in their half of the first and then Nolan was invincible
invoice	If necessary, the invoice was adjusted to reflect the items actually received and accepted.They had staff assisting them in reviewing each invoice prior to payment authorization.
irregular	At irregular intervals, vegetation-covered mounds indicate other pyramids yet to be freed.The pay is bad, the hours are irregular, and there's that nettlesome FBI background check.
irrespective	In nine studies, the biopsy was performed irrespective of the findings on clinical examination.Under the Republican plan, irrespective of the numbers, it will grow at 7 or even more percent."
irrigation	Last month, Alpaugh Irrigation customers approved a monthly fee increase from $20 to $68.Cactus plants are as common as palm trees and the small area of rice depends on irrigation.
irritable	I have to admit, I began the first Harry Potter book in a mood of irritable skepticism.Congested due to spring allergies, Traci was particularly irritable one morning.
irritate	But it's not Dowd's views that irritate her critics so much as her style and her attitude.Which is fine, because wipes that are too wet must then be followed up with several dry-cloth swipes, which can irritate the skin.
issues	(The Clinton campaign has run plenty of negatives, but almost entirely focused on issues.)but yet they're taking your tax money or they would if if some of these bond issues passed
items	Since many children could not yet spell, they used ﬁrst letters or drew pictures of items.Some items, such as tissue samples or animals, are virtually impossible to import legally.
itinerary	An itinerary can be mapped out over coffee at one of the many pleasant sidewalk cafés.But President Clinton insisted on including Pakistan in the itinerary for his trip to South Asia.
ivory	The papers describe the Ivory Coast as a former oasis of stability in war-torn West Africa.But there is "libertarianism" in the Ivory Tower and there is "libertarianism" on the ground.
jagged	Several of his '80s movies, including Flashdance (1983) and Jagged Edge , were moneymakers.that kinds of reminds me like uh did you ever see this is going way back uh Jagged Edge
jam	It was as though Jordan was funneling all his frustration into a single thermonuclear jam.That is the feeling that makes the children take out the broken tea pot and empty jam tin."
janitor	you never realize because that janitor comes around and empties your garbage can every nightwell they they get Oshmid Yakomo you know the janitor for the US Embassy and you know
jealous	The characters squabble like siblings, jealous regardless of whether they have cause to be.I'm jealous of the ideas that guy comes up with--always topical, hilarious, sardonic, smart.
jeer	Sure, we had stinkers, but even Godzilla was fun to jeer at.Conservatives would jeer from the sidelines, demanding big tax cuts and no longer spelling out--as they admirably did last year--how such cuts would be paid for.
jerk	Conley, who'd worked with Gerry since they were in medical school, thought he was a jerk.Of course, as soon as they pick it up my dad and his friend just would jerk that pocketbook.
jobs	15 in 1996) had little effect: No jobs were lost, and the poverty rate remained unchanged.The shrinking manufacturing sector added 31,000 jobs, its biggest gain in a year and half.
jog	yeah so i've just gotten up to um being able to jog one and a half to two miles and thenWe also tried the Jog Mate Protein Tube (the one you thought smelled like meat, Eliza).
jolt	•Local fruit is delicious, and the fresh produce of Ibiza will jolt your palate awake.Witnesses claim to have seen a fiery volcano erupt from beneath the sea just before the first jolt.
jumble	As you reach the outer harbor, the urban scenery fades, and a jumble of indecipherable green lumps appear.The embryonic shield is long, intruding anteriad on the evacuation zone, which has a jumble of floor cells.
jungle	Beginning with the Johnny Weissmuller films, the jungle began eclipsing the English manor.Besides fishing, jet skiing, windsurfing, canoeing, and jungle trekking are all available.
junk	(Requisite statistic: On average, each American receives 553 pieces of junk mail a year.)and then you're you're if you're not informed as a consumer you end up with absolute junk
juvenile	. This foursome of female juvenile garage rockers gets solid reviews for its third album.This puts him squarely in two time-honored juvenile genres--magic books and school stories.
kangaroo	, Captain Kangaroo ) on 54 th Street--254 W. 54 th St., to be exact.Complaints abound that Nuremberg was a kangaroo court . Sen.
kelp	There is marvelous scuba diving among the kelp forests of the coastline.The centerpiece is the stunning 30-ft- (10-m-) deep Kelp Forest Tank, a window on California’s most important marine habitat.
kernel	There are several considerations that support this approach to selection of kernel documents:Kernel documents need to be selected more carefully, and a higher cut-off score might be used.
keys	Keys to success: Sit in a front seat on the shuttle and dictate an optimum route to cabbies.Nearly 200 people are dead, and the powerful storm is now headed for the Florida Keys.
keywords	In Web of Science, Author Keywords have only been available for search since 1991.Web of Science indexed Motion twice as Keywords Plus and once as Author Keywords.
kidnap	"I could drive into that community and kidnap a little girl and no one would see."Latin American gangs routinely kidnap rich foreign executives and demand multimillion-dollar ransoms.
kidney	It appears to be expressed at the highest levels in liver, then testis, kidney and retina.Perhaps it would be better, as Fraser seems to suggest, to use the phrase of that kidney.
kids	and and did your kids have any reaction to it what were the kind of comments that they hadand uh you know that's really that's really a crime to give it to the young kids like that
kilograms	Body mass index was measured as weight (in kilograms) divided by standing height (in meters squared).BMI was calculated as measured weight in kilograms divided by the square of measured height in meters.
kin	"Kin selection" accounts for the evolution of altruistic impulses toward close relatives.of uh of casual speech uh in an attempt to get some kin d of a model of what speech is like
kindergarten	If he doesn’t do well in kindergarten, should he repeat it or go into a “transition” class?well i've even noticed that with my five year old she started kindergarten this year and
kindle	He was, after all, recently handed $2 billion to kindle his own covert brush war in Colombia.I felt it kindle heavenly fires within me right down to the soles of my boots.
kits	DNA was extracted from lymphocytes using PureGene DNA isolation kits (Gentra Systems Inc.).Who could have foreseen several-hundred-percent increases in sales of pumpkin-carving kits?
knob	we had uh Pine Knob you know to go skiing and stuff so there were things around there really was pretty niceThe top looks somewhat like a discus, made of hardwood with a steel knob of spike in the center and a lead rim.
knot	The L5 and L6 spinal nerves were tightly ligated by a square knot with 6-0 silk thread.I'm going to cut it with the, a knife, the knot, so the cow can go and she won't die."
laborious	Indeed, art had to strive to achieve an instantaneity that bypasses laborious storytelling.However, the isolation of ß-cells is laborious and limited by donor availability.
lace	Loulé, north of Almancil, is a prosperous town known for its leather, lace, and copper goods.I have a tawny silk blouse printed with a clever blend of black lace and leopard skin.
laden	Bin Laden is a fearsome enemy of the United States, and the sooner he's killed the better.Trial testimony of Fadl, United States v. bin Laden, Feb. 6, 2001 (transcript pp. 220-224).
lag	There is no specific scientific evidence of the existence or structure of a PM effects lag.The Distributed Lag Between Air Pollution and Daily Deaths" Epidemiology 11:320-326.
lakes	and uh uh tend to be uh wooded areas around those lakes i'm in i'm in Dallas northeast uhBehind its peaks is a version of Beijing’s Back Lakes, created during the Qing Dynasty.
lame	In Egypt, the semi-official press was determined not to write off Clinton as a lame duck.Next to these challenges, the official U.S. explanations for military inaction seem lame.
lament	After hyping then panning the Seinfeld finale, critics now lament the end of TheEvery year around this time, Americans lament our low voter turnout rate--44.
landlady	Not all my experiments were successful, and as I mop up the spills I can only hope that my landlady doesn't read Slate .8 White Sheet --A self-taught nightrider (James Cagney) seeks increased stature by literally dancing on the shoulders of his Jewish landlady (Judy Garland).
languid	"I think we've got a better audience worldwide," said Nazar Hamdoon, the languid Iraqi U.N. ambassador.The paper is both languid and luminous, and it feels denser than Crane's.
lapse	yeah well i um you know i had as a matter of fact the the Vanity Fair whenever i let it lapseBut it makes the latest characters seem like a lapse in taste rather than morals.
lash	This project is used to connect offices in the other islands to the main LASH office in Honolulu.Lash and Johnson are co-chairs of the California Commission on Access to Justice.
latent	ik ) tend to have higher expression levels than those with smaller estimated latent factor.These latent factors are then used in a regression analysis of the observed phenotypes.
lateral	The position for lateral initiation in pk and Vang was clearly different from that of fz .The ratio of these two values is used as a measure of the location for lateral initiation.
latest	The result is that the debates are turning into press conferences on the latest headlines.It's just that Vogue 's latest scheme strikes us as an unusually innocuous way to pander.
latitude	Bible writers have, presumably, a latitude of interpretation denied mere translators.The words in the Constitution, "high crimes and misdemeanors," give us much latitude.
laudable	Among other laudable qualities, the "anti-Semitism is well-done," opines Krauthammer.Not laudable, but definitely irrelevant to his argument.
laundry	And what a stroke, making the feminine ideal a mute (who does laundry--always a big plus)!my daughter's like mommy can i help you with the laundry of course you can absolutely yeah
lava	There are over 500 cones on the surface, with an additional 300 covered by lava flows.Three-dimensional models of exploding mountains and molten lava flows from all over the world are shown.
lavish	They have rooms and houses to fit many tastes and budgets, from the lavish to the thrifty.Guided tours take you round the lavish interior; you can wander the grounds at will.
lax	meaning that uh they're they seem to be pretty lax in in who comes in and who watches themThe Washington Post goes with a State Department internal audit showing rampant lax security.
layman	Interestingly, in spite of their obscure origins, these are the only three racquet sports whose names communicate something specific to the layman.In this writing, legal means `pertaining to the law,' rather than `lawful'; layman means `non-lawyer' (including the feminine); he, him and his include the feminine; and Anglo-Saxon means `Old English.
layoff	that's why they can say you know there's no layoff policy1. Tonya Harding is back on ice, this time as a pro, after a five-and-a-half year layoff for that whole clubbing Nancy Kerrigan thing.
layout	The complete layout of this figure (axes, labels, etc.) is determined without any user input.It has retained the grid-like layout of its origins as Taurinorum, a Roman castrum.
leak	2) The story quoted a White House spokesman saying point-blank that the leak was "false."Her announcement, prompted by the untimely leak of her book proposal, came as a surprise.
legislate	Congress would have exercised its authority to legislate under the Thirteenth Amendment.lakeside - lattice, legislate, legalized, localized, leakiest, ladyship, regicide
lender	In October 1999 they refinanced again with New Century Mortgage, another subprime lender.The term includes the purchase of, or participation in, a loan made by another lender.
lenient	An aggressive prosecutor offers to purchase that information with a lenient sentencing recommendation.If Prudie sounds lenient regarding divorcing, it is because she herself has lost more than one husband ...
leprosy	The Food and Drug Administration approved thalidomide as a treatment for leprosy complications.Thalidomide relieves symptoms of AIDS and leprosy.
lessons	To economize, he had to cancel his family's annual vacation and his son's guitar lessons.By the fall of 2000, Hazmi no longer even pretended to study English or take flying lessons.
lethal	that's that's death right and uh let's see Texas uses death by lethal injection now rightPunches and needles carry a lethal threat; an injury that rips the flesh is real injury.
levels	It appears to be expressed at the highest levels in liver, then testis, kidney and retina.It is clear that by discretizing the measured expression levels we are losing information.
lever	well they made a couple trades this this year that uh well Fat Lever was hurt most of the year[ 1 ] assessed laterality using a left/right lever choice on a continuous reinforcement schedule.
levy	"The results looked like Versace melded with Blade Runner ," says Newsweek 's Steven Levy.(A lien claims property only as security against a debt, while a levy actually takes it.)
liaison	The investigators could find no evidence of a liaison, and the Enquirer dropped the inquiry.A variety of approaches to the liaison between the quantum and classical realms exist.
libraries	The most cost-effective way to deliver this service to our libraries is via the Internet.What other options exist for dereplicating large libraries of 16S rDNA besides FastGroup?
lick	and uh huh yeah and he's um he's discovered pens and that you lick the backs of stampsBucks also lick soil on which does have urinated to ascertain their mating status.
lights	In autumn, the magical northern lights of the aurora borealis are at their most brilliant.All dark period measurements were made between 1 and 3 hours after the lights turned off.
likelihood	Parsimony, likelihood, and distance methods all resulted in trees with the same topology.The lines further from the trend line indicate the range with a likelihood of 90 percent.
likewise	Likewise, C. pneumoniae, but not C. psittaci, has been described as a tryptophan auxotroph.Likewise, Clinton benefited because he engaged Jiang and didn't really give up anything.
limp	Um, you know, one boy, in particular, I remember, had a, always had a limp after that.Dole's limp response was that he would honor his mother's word not to cut Medicare.
linear	Anti-CCP were detected using ELISA as previously described with the linear peptides [ 17].The linear B-cell epitope regions recognized by both polyclonal serum samples are similar.
linen	High on the Hill, the Jocks and the Poms are eating in style, elbows up on linen tablecloths.yeah i wonder i did i literally went in one day in my linen skirt and a sweatshirt
liner	Working with the distance and height, the estimator would assess the ball's trajectory--was it a liner?The only reference you'll find on the album to Mak's previous identity is in the small print on the liner notes: "Exit--2Pac.
linger	Last call at pubs is at 11 sharp, to ensure that guests don’t linger much beyond 11:15.Peck says bad feelings still linger among allies of the old program who feel left out.
linguistics	426 of Robert A. Hall, Jr.'s Introductory Linguistics , Philadelphia, Chilton, 1964).The author, Professor of English and Linguistics at the University of Nevada (Las Vegas--where else?)
lions	Children especially will enjoy the antics of the trained dolphins, sea lions, and otters.Just outside the Lions’ Gate, look back at the city walls and note the two bas-relief lions.
liquor	But pork or liquor, to which the Shariat (Muslim religious law) police objects, are not.1) Pleasant Taste : Many young people do not like the taste of liquor in its raw state.
literacy	But this is not a crucial distinction for people concerned about literacy in this country.What does research say about the role of make-believe in children’s literacy development?
litter	Another difference is that the fuel is mostly leaf litter, not conifer needles or sticks.For analysis vertebral arch distance was averaged for each fetus and then for the litter.
livestock	1921: Humane Loophole in Immigration Quotas Lets Some Foreigners Enter U.S. as LivestockFarmers bring their livestock to trade, and artisans and itinerant vendors sell their wares.
loaf	But then, half a loaf to the Anglo-Saxons was only half , while a whole one was a half .let's see what did we have the last time we had guests over ah yeah we had a uh a turkey loaf
loans	Elderly and minority homeowners hold a disproportionate share of these higher-cost loans.oh yeah i mean just the you know the cost of living and loans don't pay for groceries and
loath	Other Republicans, loath to abandon their image of a manipulated young lady, echoed his spin.Despite many lucrative offers, Rattle has been loath to even spend much time visiting elsewhere.
locality	39 Textile mills at their outset often provided the principal employment in the locality.uh we just about had to get it because the reception in our particular locality was so poor
locations	so but unfortunately there aren't i think IBM has started having that in certain locationsThe Friendship Stores, found in all significant tourist locations, make for easy shopping.
locker	As the USAir Arena emptied out, the sportswriters gathered outside the Bulls' locker room.The real action was over in the corner, outside the locker room of the Chicago Bulls.
locomotive	so i understand that that locomotive is worth around seven hundred and fifty dollars nowSubject: Environmental Protection Agency: Emission Standards for Locomotives and Locomotive Engines
lodge	bru, Chongong, and Langtang Village, you reach the Langtang Valley, where there are lodgeThe Andros Island Bonefishing Lodge is a prime center for bonefishing expeditions (Tel.
lodging	The funding covers transportation, lodging and lecture fees for the artists and publicity.The ice around the house goes to water which finds its own level in my basement lodging.
lofty	"We use lofty phrases such as 'with justice for all,' when we talk about our legal system.Next door is the narrow, lofty Neoclassical façade of Catholic St. Audoen’s, built in 1847.
loll	16, "Do not Puff up the Cheeks, Loll not out the tongue, rub the Hands, or beard, thrust out the lips, or bite them or keep the Lips too open or too Close."The Italians took hold in the 1920s and made the area the lovable, close-knit community it is today, where ladies in aprons still feel free to loll outside in the evenings.
longitude	34" E longitude) lies in the Chandrapur district of Vidarbha Region of Maharashtra and is spread over 625.Unaware that the aircraft had already crashed, Cleveland passed to NEADS the aircraft's last known latitude and longitude.
loom	did did you need a loom or were you able was it small enough that you could just hold itOf course the proprietary systems will loom larger on the Internet with the rise of commerce.
loth	Dost, lost, post, and doth, cloth, loth,According to Peter Walker, writing in the Independent on Sunday [1] December 1994, p. 12], OSCE means something so extremely vulgar in the dialect of one of the members, Malta, that we are almost loth to print it.
lottery	It'll be just like when my grandmother used to give us lottery tickets for our birthdays.At $120,000 a year for Norquist and $160,000 a year for Downey, it's a cheap lottery ticket.
low-risk	5 days) is hardly justifiable for low-risk patients.3% to 2.8%) for low-risk patient visits (Figure 3).
lubricate	Yet it is perfectly legal for them to lubricate such lobbying with big campaign donations.Come in and see me; I can lubricate and be ready in a minute.
lucid	Yet Tanenhaus' book, while well-researched and lucid, hardly does justice to its subject.A Tale of Two Utopias is a lucid, three-pronged attempt to answer that question.
lucrative	And Fox has the right to distribute George Lucas's inevitably lucrative Star Wars prequels.The viciously addictive, lucrative drug fueled violence in ways that other drugs don't.
ludicrous	There are many examples of how sentences with improper punctuation marks sound ludicrous.Lehrman's view of feminism, but it is ludicrous to apply that description to liberalism.
lull	she yells at a priest during a lull in these proceedings, "I have fucking holes through my wrists!"For many generations mothers have sung this little verse to their babies as they lull them to sleep.
luminous	Star-Spangled Bonds strings a series of luminous limnings aimed straight at the heart.The bed itself, with its red, patterned skirt and luminous china knobs, dominates the picture.
lunar	Watching the sun's emergence from lunar shadow could damage or even eradicate their vision.Festivals on the first and fifteenth of the lunar month are especially lively times to visit.
lure	An added lure was Francis Light’s decision to import large quantities of opium from India.The basic explanation: the powerful lure of what Wendy Kaminer calls the Recovery Movement.
lurk	Sharks and rays patrol the waterways, eels and lobsters lurk in the crevices and fissures.You must register in order to post a message (it's easy and free), but you can "lurk"--i.e.
luxury	Both New Providence and Grand Bahama have a good range of luxury duty-free goods for sale.2. "Gucci announced that it won a quiet bidding war for luxury retailer Yves Saint Laurent.
machines	People with the machines will copy if they please, and lawyers shouldn't try to stop them.The margins are higher, not lower, than they will be after the knitting machines are sold.
madden	"We were willing to explore possibilities and maybe even lend assistance," says Madden.Is it Madden who's attacking Varga's Hungarian maid Iris (Elina Lowensohn), or is Madden a stand-in for Harry?
magnanimous	The ultimate perverse consequence of Livingston's resignation is that it has allowed Clinton to appear magnanimous.a) Magnanimous toward the president.
magnate	Real estate magnate Abe Hirschfeld's flamboyant offer to pay Jones $1 million is not part of the settlement.1912: Shipping Magnate Declares Titanic -Iceberg Merger Successful
magnify	Apollo allows the view to be scaled using zoom buttons that magnify by 10×, 2×, 0.5×, and 0.1×.The ADGE technique is a method designed to magnify the ratios of gene expression before detection.
maid	We suggest that the Septuagint sees the maid as Jerusalem, the virgin spouse of the Lord.That way, my maid of honor could catch the bouquet without my 6-year-old cousin tripping her.
maiden	It was reprinted in 1984 by Bibliophile Books, 33 Maiden Lane, Covent Garden, London WC2E 7JS.Its sculptures include a flute-playing maiden and a small nymph pulling a thorn from her foot.
mails	Fifth, there might be changes in the role the Postal Service plays in policing the fraudulent use of the mails.In addition, it carries mail that is sealed against inspection and acts as a watchdog over fraudulent use of the mails.
maim	The International Committee of the Red Cross estimates that mines kill 800 people and maim another 1,200 every month.After all, what can one do with a language like English except come up with things like A SLUT NIXES SEX IN TULSA or I MAIM MAIMI?
maize	Lombardy’s rice, wheat, and maize are the basis of the nation’s risotto, pasta, and polenta.Maize has undergone an allo-tetraploid chromosome duplication event within the past 11.
majestic	Inside, the cathedral’s majestic columns and arches are lit by fine stained-glass windows.Here you’ll find both the Museu Picasso and the majestic church of Santa María del Mar.
majors	All the majors save the WSJ omit mention of "Wag the Dog" in their airstrike news stories.We'll insist even more on the vital importance of the liberal arts for journalism majors.
malaria	Mefloquine is a prophylactic antimalarial drug that is also used for malaria chemotherapy.During the evaluation the supervisors administered a ten-question malaria knowledge quiz.
malaysia	Born and educated in Indonesia, Hambali moved to Malaysia in the early 1980s to find work.For KSM sending Moussaoui to Malaysia, see Intelligence Report, interrogation of KSM, Mar.
malice	Tim, let me just say this: In this heart, there is no malice or hatred of any individual.The Gore jokes, like the Quayle jokes, poisoned their target without projecting malice.
malignant	Their chance of becoming malignant usually increases as the size of the lesion increases.However, TSP-1 levels were significantly raised in malignant tissue epithelial sources (Fig.
malleable	Gabler combined a squishier communitarian criticism ("it may be too simple to say that rootless malleable communities ...Gold is a yellow, malleable metal familiar to all of us.
malnutrition	Now you are facing the prospects of homelessness, malnutrition and worse," said Dubin.And the United Nations estimates that 5,000 children die each month from malnutrition and disease.
mammal	The human brain is not just a scaled-up version of a mammal brain or even of an ape brain.For example, a reptile has a slower metabolic rate than a mammal of the same size.
mandatory	Mandatory controls are not the only way to solve public health and environmental problems.Guidelines, while encouraged, were not considered to be mandatory for all business units.
maneuver	The pit is a formation of maneuver, a temporary structure resulting from cell migration.It carries a pair of 2,000-pound bombs into combat, but it's slow and hard to maneuver.
mania	The Los Angeles Times quotes one Wall Streeter saying, "This is the end of equity mania."De Hooch is at his most appealing when he is poking fun at the Dutch mania for cleanliness.
maniac	1938: Chamberlain Calls Hitler "The Nicest Totalitarian Maniac I've Ever Appeased"One is a sex maniac, the other a genetic researcher who seeks through cloning to make sex obsolete.
manifest	A cut point with a high sensitivity and specificity should be manifest in an ideal test.Even opposition leaders agree that it is Serbia's manifest destiny to control Kosovo.
manifold	Following incubation, cells were filtered and washed using a Millipore vacuum manifold (France).The battles between men and aliens have featured manifold armament.
mannerism	Tintoretto (1518–1594) brought mannerism to Venice.His distinctive dress, demeanor, mannerism, and language not only express his manhood but set him off culturally from the dominant society.
mansion	This interesting museum and cultural center is in a lovely Georgian mansion built in 1784.Six weeks later the CEO attended a dinner for contributors at the vice president's mansion.
mantle	On the mantle, an old iron urn holds cascading ivy and some fragrant winter honeysuckle.This spot doesn't overtly link Rodriguez with the man whose mantle he is trying to win.
manufacture	Some will have been used to manufacture parts or components for other systems or products.Process development, cGMP manufacture and control, and pre-clinical testing of Na -ASP-2 from
manure	i worked for the uh Smith Douglas Division of Borden Chemical and i sold uh you know manureManure, for instance, was shipped downriver by heaping it on ice floes during the spring thaw.
manuscript	AN conceived the study, performed the bioinformatical analysis and drafted the manuscript.assisted with the interpretation of the data and drafted the manuscript and final Figures.
mar	For KSM sending Moussaoui to Malaysia, see Intelligence Report, interrogation of KSM, Mar.On Hambali's role as coordinator, see Intelligence report, interrogation of detainee, Mar.
marital	All these gents are unavailable for reasons of geography, marital status, and/or neuroses."Young people grow up listening to country music lyrics that mock the sanctity of marital vows.
maritime	The decision was made by a federal maritime commission and could be overturned by Clinton., and New Brunswick make up the Maritime Provinces, more commonly known as the Maritimes.
marks	Missing or misplaced punctuation marks naturally fall within the net of the E.T. gremlins.The spins: 1) Bush's declaration marks the earliest start ever to a presidential campaign.
marrow	Flow cytometry of the bone marrow and peripheral blood revealed no evidence of malignancy.Specimens from estradiol-treated mice contained only small regions of bone marrow (Fig.
marsh	Marsh Harbour, in the center of Great Abaco Island, is the proverbial heart of the Abacos.The newest championship golf course, designed by Graham Marsh, is the Huatang International Golf.
martial	Reputation: What those slow-moving people in the park are doing; martial arts for seniors.Chan, more acrobat than martial artist, is quicker and more innovative than anyone but Lee.
martyr	3) China has thereby rid itself of an irksome "martyr" and his influence on the country.if they went in and got him he wouldn't be a martyr what's the word martyr martyr martyr
marvel	I marvel How the body we're wired to adore Disgusts us when we cast it Out into the world.The poor dear must have been reading Marvel comics in school when they talked about this.
marvelous	Marvelous as these actors are, they never transcend the limited conception of their roles.that's when we camped the most when i thinks it's a marvelous activity for younger families
masculine	Men have already recovered the masculine long hair, jewelry, and purses of medieval times.His voice was growlier, his temper quicker, and his shaky masculine pride always on the line.
massacre	Their crisis came on 24 August 1572 with the infamous Saint Bar­thol­o­mew’s Day Massacre.Mounting evidence suggests that the massacre was premeditated and centrally orchestrated.
masterpiece	His latest masterpiece, Prisoners Out of Control , was deemed too graphic by Fox execs.Ickey Woods, fullback for the Cincinnati Bengals, debuted this masterpiece in the fall of 1988.
matching	They argue that any party qualifying for federal matching funds should get to participate.Ancient Minoan patterns are common with necklaces, bracelets, and rings in matching sets.
materials	Bigger plants and animals take longer to transport materials, and so use them more slowly.Guidelines for the handling and disposal of hazardous materials must be strictly followed.
maternal	My maternal grandmother had two childhood friends, Dovey and Lena, who fibbed continually.Our data suggest that maternal exposure to PCBs may decrease the sex ratio of offspring.
mathematic	The derivations and mathematic details of the modeling program are described in the Appendix.If this were the case, a mathematic analysis of the H 2 O 2 molecules per cell should be able to estimate the cytotoxicity in this experimental system.
matrimony	Matrimony was also very much a part of the tabs' coverage of the death of country singer Wynette.As a teen-ager, Clare herself was given to pronouncements like: "Matrimony!
meadow	I think you're right, though: If Meadow heard the unadorned truth, she would be miserable.The image it suggests to your steadfast adviser is of two children dancing in a meadow ...
meagre	Count your blessings, however meagre, as, a toad is a diamond in a duck's eye.The greatest cost we encounter is that of advertising, which is not only expensive but yields meagre results in comparison to the money spent.
meals	For those who made ends meet by sponging meals, Mangiapane ( pane bread) filled the bill.The seafood and fish of the Mediterranean provide some of the coast’s most memorable meals.
measurements	This indicates that expression measurements within one generation are highly reproducible.All dark period measurements were made between 1 and 3 hours after the lights turned off.
meddle	Now representatives of both realms mix, mingle, and meddle in each other's business at will.With the economy swimming along so nicely, why meddle?
mediate	This suggests that the SWIRM domain is most likely to mediate protein-protein interactions.Several HDAC inhibitors mediate cell growth arrest and/or differentiation [ 15, 16, 17].
mediocre	Others complain that the superstars are over the hill, and are trotting out mediocre work.After weeks of hype and raves, Mike Nichols' political satire opens to mediocre reviews.
meditate	He bought a number of farms and apparently loved to sit in the pasture and meditate on his cows.The monks were supposed to meditate on these paintings all day.
meek	'The meek of the earth won't inherit nothin'--they're a bunch of chumps,' He was quoted as saying."cell warrior a prisoner who talks tough when he is safely in his cell but who is meek when out of it.
melancholy	Melancholy reflections on European weakness and division also dominated the Italian press.oran-kori `without a date': oran `no one's there' + kori, the “-choly” part of melancholy
melbourne	The one omission I note in the Autralian material is Marcus Clarke's “Sketches of Melbourne Low Life.For example, the Age of Melbourne, Australia, has published a very long feature called "Another Year Down the Drain."
melodious	..“the air of the whole world with melodious joy greater than the heart can conceive.”(I think Tim Russert of Meet the Press has notably round, melodious tones.)
melody	Or simply an abstract rhythm, cadence, or melody to which you must give voice?Coming from a staunchly conservative, two-syllable past, I longed desperately for such melody in my life.
memento	It is a gift given as a sharing, a memento, a remembrance, rather than as a Christmas present.Her Memento Mori is one of my all-time favorites (short, mean, and funny--three priceless qualities).
memorise	As its name suggests, the role of the adaptive immune response is to stimulate and ‘memorise’ immunity to specific pathogens.
menace	Infections with resistant organisms represent a serious menace in critically ill patients.I liked James Surowiecki's in the imaginary universe of The Phantom Menace ("Moneybox").
mentality	Because of its combat mentality, Heritage has never been a place with very high standards.right it's the it's the television mentality all problems are created and solved in a half hour
mercantile	Hamilton championed the mercantile and the urban, what would one day be the New York City we know.The NASDAQ exchange, the American Stock Exchange, and the Chicago Mercantile Exchange now stop trading whenever the NYSE stops.
mercenary	patel `village headman' and pindari `18th-century mercenary,' from Hindi or Marathi.I can't take No for an answer, as we all seem to be wanted by that dreadful mercenary, Ollie South.
mercy	The carved portico is especially fine, with a statue of Our Lady of Mercy under a canopy."There is no mercy for the dead," commented the Italian newspaper La Stampa about this story.
merge	Double-label images were created using Photoshop to merge individual red and green images.But Druids have other reasons for averting their eyes when the sun and the moon merge.
mesh	The thesaurus of MANTIS and CINAHL are based on MeSH with supplements for certain subject areas.It was only in 1994 that the term Alternative Medicine was implemented in the NLM MeSH thesaurus.
metabolism	It is well recognized that fatty acid metabolism is linked to insulin resistance [ 6, 7].Both of these halothane studies were incomplete because they did not account for metabolism.
metallic	(In the latter, his deep voice sounded great with a German accent, at once oily and metallic.)The Finnish chemist Gadolin isolated a new earth (metallic oxide) there in 1794 and called it yttria .
meteoric	Much has been written regarding the meteoric rise of executive compensation in the United States.It's only in the last 10 years, in fact, that we've seen a meteoric rise in the costs of both production and marketing.
meteorology	Commercial sites comprise only a fraction of online meteorology.yeah that that doesn't uh fit my picture of uh of uh meteorology i can understand the Poles because they're uh a permanent high pressure area
methods	: Abt Books, 1982), pp. 138-39, and Robert K. Yin, Case Study Research: Design and MethodsFleiss [ 30 ] also includes these methods as alternative methods of analysis in his paper.
meticulous	(The other is Vija Celmins, who paints numbing, meticulous copies of nature photographs.)The treatment, known as DOTS, consists of four drugs taken daily under meticulous supervision.
metric	The computation of the distance metric in the original approach employs a base-2 logarithm.The year's marquee event, "Metric Week," begins this Sunday--the 10th day of the 10th month.
microbe	In fact, to get a permanent record of what microbe each band on the DGGE represents it is necessary to clone and sequence the band.They used NASA's HZETRN transport code to calculate probabilities, examining many variables potentially affecting microbe survival.
microbiology	These data were presented at the American Society for Microbiology Meeting, Salt Lake City, May 2002A number of investigators have examined the microbiology of CRIs.
microcosm	Canada's economy, a microcosm of America's, makes it a good "test-bed" for execs.The open surface of the microcosm was placed approximately 50 cm from the 15-watt mercury vapor light source.
microfilm	For example, we have found that microfilm and similar technologies are acceptable methods for storing data originally on paper.His whirling system of motors, levers, and microfilm is to the Web what Leonardo da Vinci's helicopters are to the Chinook CH-47.
microphone	Movement old-timers resent having to share the microphone and money with so many upstarts.Onstage she'd prop her leg up on the monitor and wail into the microphone like any guy.
midmorning	He is waking his employer, Siegfried Rheinfahrt, from his midmorning nap.Sometime midmorning last Tuesday, the Net stocks peaked, then tumbled even more quickly than they had ascended.
mighty	Re Seth Stevenson's "High and Mighty": I have one comment in regard to drugs--they kill!Which means, just like our grunting action heroes, the mighty Misha still has buns of steel.
migrate	TU2562 was chosen because it expresses GFP in its ALMs and these neurons migrate normally.This ALM/BDU cell might migrate anteriorly, like a BDU, and express mec-3gfp , like an ALM.
migration	Plasmids pJC10 and pJC11 appeared to be equally capable of inducing ALM migration defects.Therefore, migration into tissue per se does not induce downregulation of IL-2 production.
migratory	yeah i think they have too seems like that uh the country's might been more uh migratoryObtaining accurate information on highly migratory species is challenging, to say the least.
mildew	The smell is sort of a cross between mildew and a petrochemical plant.In 1852 the island’s precious vines were blighted by mildew, wiping out an estimated 90 percent of the total crop.
mileage	so um that was the only time we really needed it other than that it got terrible mileage andall in all if you if you take it mileage uh based on what you spent over that life of the car
miles	Bassenthwaite Lake, just under 6 km (4 miles) in length, lies to the northwest of Keswick.Cobá sits surrounded by jungle some 42 km (26 miles) from Tulum on the banks of Lake Cobá.
militant	Ahmed Rashid, Taliban: Militant Islam, Oil and Fundamentalism in Central Asia (Yale Univ.The NYT quotes his direct pitch to militant Israeli settlers: "You are us and we are you.
millennium	As pointed out in chapter 6, Abu Zubaydah had been a major figure in the millennium plots.Prosperous and colorful, it is well prepared to take the country into the next millennium.
mills	, ball mills) equipment ■ Slurry preparation tank and reagent feed equipment SO 2 Removal39 Textile mills at their outset often provided the principal employment in the locality.
mimic	For instance, the HPV 16 signal probe hybridized with both the HPV 16 target mimic (Fig.Through the first four rooms, we see him find and mimic mentors, some living, some dead.
mingle	Now representatives of both realms mix, mingle, and meddle in each other's business at will.Tweedy professors and porn starlets mingle at presentations such as "Cum Shots: History, Theory, and Research."
mint	The Mint is situated on the west bank of the Dojima River (opposite Sakuranomiya Park).Mint1 and Mint2 can bind directly to neurexins via a PDZ domain-mediated interaction.
minus	On the minus side: Heather Graham doesn't match up to Elizabeth Hurley as Myers' ladylove.Special diligence was taken to measure the radiated power (forward minus reflected power).
minutes	05% Tween 20 and incubated at room temperature with the chromosome spreads for 30 minutes.A link that promises "Monica Lewinsky News Updated every 14 Minutes" delivers SexKing.com.
mirage	But the Sports Network posts Vegas odds, from the Stardust and Mirage casinos, no less.As Wolff's dreams of undeserved riches fade into a mirage, Burn Rate becomes the journal of a loser.
mire	I picture muskrats wallowing about in the mire and paddling sluggishly through the water, but I wouldn't call that rambling.Sherry learned through our Future Works class that she could rise out of the mire of the welfare system and support her family.
miscarriage	Then she had her friend tell him she'd had a miscarriage!2) In 1995, Willey took revenge on a lover named Shaun Docking by faking a pregnancy and miscarriage and asking Steele to lie about it.
mischief	to that criminal mischief element they're always going to create and find something to doWaugh's 1930s novels, such as Vile Bodies and Black Mischief , are wicked fun in the strict sense.
misconceive	It's that Clinton, who has been showily contemplating his presidency for the past two months, will misconceive his second term.
misdeed	When children realize that adults regard their misdeed as very important, they listen more closely.' " Whether the "situation" was a misdeed or a perception was left unexplained.
miserable	I think you're right, though: If Meadow heard the unadorned truth, she would be miserable.Snakes, killing our kids, you know, two hours, it's hot; it was the most miserable time.
misery	He has been guiltily preoccupied with the mystery of female misery ever since.um actually have been to the movies um i think the last movie i saw was Misery
misfortune	Dark explanations may be given for misfortune in Cornwall such as, He bin awverlooked [ill wished].I had the misfortune of watching one of the Barnes-Perdue debates on C-SPAN.
mishap	Outsiders said the mishap was predictable and the tradition should be scrapped.Whichever is true, the chapel now stands as a barrier to any other such mishap.
misrepresent	The second challenge was to misrepresent (or "spin," to use the vernacular) his remarks to the general public.But he certainly could have been instilled with a tendency to misrepresent in order to please a possible employer.
mist	& as she spoke the room filled with a lightAs thick as the mist outside & softly lavenderBut I couldn't open my eyelids for a second& when I did the mist had cleared although a faint
misuse	For him, the O.J. case was as much about the misuse of medical evidence as about murder.Those applications, however, tend not to constitute “misuse” in many authors' eyes.
mitigate	We have shown that parkin can mitigate the toxicity of mutant α-synuclein (Petrucelli et al.Mitigate is a voracious and incestuous cannibal, eating militate at every chance.
mobilize	Transposable elements mobilize either directly through DNA or through an RNA intermediate.Opposition Social Democrats may use Klaus' austerity program to mobilize growing discontent.
mock	The 6-Fam-AR1 and the TET-AR1 were used for mock and HpaII-digested samples, respectively.Mock infections were carried out in parallel, omitting bacteria at the time of inoculation.
moist	and they don't they don't seem to melt obviously but uh they keep it uh warm moist and tenderSlides were placed into a moist covered chamber and incubated for 30 minutes at room temperature.
molest	We can't--molesters are monsters, and they'll continue to molest, no matter what the penalty.But I was afraid that she would think I was trying to kidnap or molest her.
momentous	On 15 May 1905, the railroad held a land sale — a momentous step in Las Vegas history.An acupuncturist was hired to alleviate the stress of this momentous decision.
monarchy	"The British monarchy has become irrelevant to this generation of Australians," he said.Liberal reformers wanted a constitutional monarchy similar to England’s, not a republic.
monologue	The 10,000 alleged improvements include punctuating Molly Bloom's famous monologue and rewriting knotty sentences.If he had a big band and a chubby sidekick, you would have mistaken his speech for the opening monologue of a late-night talk show.
monotonous	The International Style makes striking small buildings but monotonous large ones.But now they seem "bent upon repeating the cruel and monotonous rites of the religion of totalitarianism."
monsoon	There are pretty arbors and a monsoon pavilion, but it is in fact pleasant all year round.I didn't have any problems except uh, when I was getting ready to leave it was in the monsoon season.
monstrous	Where swamp gives way to dry land, you will see the fascinating, monstrous strangler-figs.This story was published in Granma this week under the headline "Monstrous Experiment."
morality	Perversely, Weld lost the ideology/competence battle by winning the drugs/morality battle.This message changed the focus of the abortion debate from the morality of the choice (e.g.
morbid	Then let us smile a little space Upon fond nature's morbid grace, Oh, woe, woe, woe, etcetera.The American obsession with truth and purity has turned morbid and demanding of psychoanalysis.
mortal	" 'What I try to write about are the darkest things in the soul, the mortal dreads.While not in mortal danger, many celebrities seem to be having trouble staying conscious this month.
mosaic	The inner courtyard has a lovely green and blue mosaic of Neptune with his wife Amphitrite.Two glass mosaic murals flanking the entrance depict themes of Malaysia’s culture and history.
mosquito	In general, bednets and mosquito coils were the most reported mosquito-prevention activity.Mosquito infection status was noted as well as the corresponding location of the parasites.
motel	King was assassinated on April 4, 1968, while standing on the balcony of his Memphis motel.The thing works on the Roach Motel principle--your blood gets in but it can't get out.
motif	Four other proteins in the MatDB are similar to AtFIM1 but only one has an EF-hand motif.Query: Consensus motif alone and varying combinations of sequence at N- and C-terminal ends
motorcycle	The Guggenheim has been busy rationalizing its decision to mount the motorcycle exhibition.All but the NYT note that it was a motorcycle accident when the boy was four years old.
motto	Alas, the '90s motto, "Let it all hang out," has moved from emotions to body parts.''It's a perfect fit for the school's motto: law in the service of human needs.
mould	Nor is mould like should and would.What had other translators done with this “sunny little psalm” that “has dried many tears and supplied the mould into which many hearts have poured their peaceful faith”?
mourn	Arthur Schlesinger went on television to mourn the death of President John Kennedy.Douglas Brinkley goes on television to mourn the death of celebrity magazine editor John Kennedy Jr.
moustache	Each warrior is an individual, with his own headdress, moustache or beard, and unique expression.But then, again, Hitler wasn't taken very seriously at the start, either, with his preposterous rhetoric and silly little moustache.
movies	(Note: This is the first in an occasional series assessing the narrative logic of movies.)and uh what a coincidence we got a baby sitter and we went to the movies this past weekend
mucous	There was no abnormal flatus or bloating, but there had been intermittent blood in the stool with some mucous.Chemical contaminants in sludges, which irritate the skin and mucous membranes, may be responsible for an increased host susceptibility.
muddle	Her wizard world exists in the interstices of everyday Britain, with its denizens wandering around in a bit of a muddle.When they project their particular self-consciousness onto society as a whole, the upshot is a sour, self-congratulatory muddle.
multilateral	There are several multilateral institutions in which such issues should be addressed.Fast track exists only for trade --not for arms-control treaties or other multilateral agreements.
multiply	Unless the country's habits change, this rate is forecast to multiply fourfold within fifty years.SLC4A9as a part of an ancient, multiply duplicated EGF-SLC4A-ANK-FGF gene cluster
multitude	Executive branch agencies have searched records and produced a multitude of documents for us.These various types of geological formations and activities have created a multitude of environments.
mundane	This was one of his unfortunate talents: He could make the extraordinary seem mundane.)In fact, Heston embodies a very different, more mundane, but still admirable ethos.
municipal	•The municipal bus station is next to the bayfront promenade, virtually on the sea itself.An exchange occurred not long ago in California's Sacramento Superior and Municipal Courts.
muscles	I finally said to Dr. Dread that he was a sleazy old fairy buying muscles instead of love.Muscles composed primarily of fast glycolytic fibers are needed for rapid movements (e.g.
muscular	Behind them is a chorus line of muscular women in babushkas; behind them, in turn, a rising sun.These mutants can be used to identify small molecules that push the fish into muscular dystrophy.
muster	On the sex front, nonpresidential illicit encounters are all the tabs can muster this month.Context, I replied with all the adult stiffness I could muster, and that seemed to convince her.
mutation	The TAR has a point mutation at (C37 -> T), which no longer responds (efficiently) to Tat.Thus, we have quantified how the cry b mutation affects molecular rhythmicity in two ways.
myriad	The enormous bay offers sheltered waters that are inhabited by myriad marine creatures.Today's concessions open the door to myriad partnerships--how far off can AOL China be?
mythology	He wrote kind reviews of books on Irish history and mythology by his friend Lady Gregory.The actual history of the city-state of Athens is just as fascinating as its mythology.
nap	Companies offer dark, quiet nap rooms, reasoning that midday naps help workers maintain focus.And when both news and coloring are avoided, you get the Kuwait Times and a nice afternoon nap.
narcotic	An alpha-2 adrenoreceptor agonist is capable of potentiating narcotic actions.American officials were trying to put narcotic agents in the Army, even though amphetamines were widely distributed as stimulants to G.I.s.
narrator	Every detail is in place, although the childish narrator professes not to understand them., the narrator praises the senator for serving South Carolina for "most of this century."
natal	The OEAS of ARVs in KwaZulu–Natal that we determined is complex (see Figure 3A and 3B).Given their mobility, the males themselves are unlikely transmitters of social traditions within their natal troop.
nationalities	The city’s leading university, the Institute for Nationalities, enrolls over 20,000 minority students.Entry procedures are similar to those in Hong Kong — most nationalities need only a passport to enter Macau.
nationality	6 "Lawful permanent resident" is a term of art under the Immigration and Nationality ActIts population is mostly of the Dai nationality (closely related to the people of Thailand).
nausea	They may do "double duty" as a single agent and cover both etiologies of nausea [ 56 ] .If this all sounds like the recipe for nausea, you simply have to see it to believe it.
nautical	These flagships are preserved in the Sailor’s House, along with related nautical mementoes.•Less than four nautical miles separate Formentera, with its long sandy beaches, from Ibiza.
navigable	In both situations, disruption of tissue geometry would result in a substrate that is less navigable by growing axons.One of the marvelous things about our books is the way they organize a major metropolis and its millions of component parts into a digestible, unintimidating, navigable package.
navigation	The "Navigation Banner," that maroon stripe that says " Slate " at the top and bottom of everyI promised to teach you how to use the Navigation Banner, didn't I? So, here goes.
necessitate	These noteworthy limitations necessitate the need for cautious interpretation in the context of previous work.Delaying reform until Social Security's insolvency is imminent would necessitate drastic changes over a shorter period.
negation	In both cases, it exists mainly by negation; it nourishes itself upon all that it excludes.Handy or Ellington or Stevie Wonder in rap; it's a negation of a century of black music.
negligence	The indictment blamed the deaths of the plane's 110 passengers on the company's negligence.One reason France has the highest number of transfusion-borne AIDS cases in Europe is negligence.
negligible	Eappen remains convinced of Woodward's guilt, and is stunned at her negligible punishment.The second bee in Lang's bonnet was the negligible position of culture in day-to-day life.
negotiable	Prices for crafts and knick-knacks are negotiable, and generally cheaper than in the malls.Although most people take the ropeway, the easily negotiable trail leading to the top of 530-m (1,739-ft) Mt.
neighboring	The neighboring public beach, perfectly acceptable, has, unfortunately, very little shade.Zebrafish primary motor neurons may inhibit primary motor neuron fate in neighboring cells
nets	and there's our shrimp nets are suppose to be turtle proof so the turtles can swim throughThese included questions about what methods the household used, and who slept under nets.
neurosis	Peanuts, with its neurosis, unrequited love, and melancholy was newsprint Woody Allen.Just know that her neurosis has nothing to do with the love you and the beloved have for each other ...
neurotic	you know that i i think but the idea is to is the the compulsive neurotic by gun killerHe is either masochistically neurotic or is figuring out how to extricate himself.
neutralize	• ANC represents the ability of a lake or stream to neutralize, or buffer, acid.THEY MAY have finally found a way to neutralize Matt Drudge--make him famous!
newspapers	It now runs in 2,600 newspapers, reaching about 355 million readers daily in 75 countries.The comic strip is nearly 50 years old and is carried by 2,600 newspapers in 75 countries.
nibble	This is Bradley's inspiration and message: He's tired of "timid" Democrats who "nibble around the edges."Those who feel no sense of crisis about late-modern life will nibble and scowl and drop the book with an impatient thump.
nicety	A more emphatic adjective is perjinkety ; and it has the noun perjinkity , defined as “a nicety.”
nickel	The sections were reacted with diaminobenzidine intensified with nickel ammonium sulfate.Maybe it was, no, I think it was a nickel picking these beans and they got a nickel for it.
nil	White's impression from the New York briefing was that the chances of capturing Bin Ladin alive were nil.Nil by Mouth (Sony Pictures Classics).
nitrogen	nitrogen oxides for all affected units subject to subpart 2 of part C at the facility, andA small portion of luteal tissue was excised from each gland and frozen in liquid nitrogen.
nobility	The "courage" spin puts an equally simplistic gloss of nobility on the family's escapades.At its best, there is a certain nobility to the Kennedys' refusal to let life intimidate them."
noble	After getting lost on a few Web sites, I completely wimped out and went to Barnes & Noble.They take their independence seriously, and--to be less noble about it--they love trouble.
noisy	so mostly it's just kind of one of those things that goes away ah they've got a noisy lineDs knock on tree trunks; Rs hold a leaf in their mouth and clip bits off in a noisy way.
nominal	We were unable to detect even nominal evidence for linkage at any of the loci investigated.That would account for about a third of nominal GDP growth over the past five years.
nominate	3) They worried that if they rejected Stepashin, Yeltsin would nominate someone worse.Readers are invited to nominate religious doctrines they'd like to see jettisoned in the new year.
nostalgia	Rather, there's a soft-focus decorum, and a powerful nostalgia for a simpler, "good" war.While Miller can't write like Larkin, his nostalgia project is a more responsible one.
notary	The notary at the bank looked at it.I have a letter from the Steward and Notary to the Barony of Dunham Massey (constituted by the Baron Hamon de Massey after the Norman Conquest), giving me the script which is read at the start of the Beating the Bounds.
notation	She reads from her commonplace book, makes a notation in her crabbed half-Cyrillic hand.Most point out that McCartney can't read musical notation and was aided by professional composers.
notch	If it's the latter, then his comedy seemed just a notch less cruel than the Elephant Man.There are, however, a number of top- notch movie options: Driving Miss Daisy (UPN, Sun.
notes	An article on the California governor's race notes the emergence of--groan--"socket moms."Gabler notes that Columbine's closed-circuit TV system played sports highlights regularly.
notify	McCain-Feingold would "codify" Beck , by requiring unions to notify their members of this right.In addition, we found that the CIA did not notify the FBI of this identification.
notorious	Crime-scene photos of Nicole Brown Simpson, notorious as her death was, caused little stir.Across from Shamian Island is China’s most notorious and colorful marketplace, Qingping.
nought	Nought, empty, state of utter bankruptcy, total disappointment, zero: The desert is nothing but miles and miles of fxxx-all.Nought heeding that our friendship was betrayed,
nourish	America in Black and White will nourish such fears through its own embrace of laissez faire optimism.This helps to nourish and maintain auditory structures and might also contribute to healing processes when possible.
nourishment	um-hum well anything though to get some nourishment nourishment down you.. no child goes without nourishment ...
novelty	But, in the early '50s, novelties weren't so much a novelty as terrifyingly ubiquitous.Could this be the backlash to the never-ending search for novelty and virgin territory?
novice	After proving herself as a loyal novice with impressive lungs, she is sent to Manistique.Cancún is a great beginner’s resort; it has many shallow dive sites suitable for the novice.
noxious	I suppose the only hazard is the noxious chemicals they use to make the blade rubbery, but if you post this inCats crawl all over you, and the noxious fumes of the litter box are enough to make you lose your appetite--or worse.
nuance	But the author's understanding of psychology has developed a greater degree of nuance.So perhaps children will do here, though arguably boys might be a nuance better.
nucleus	6B, panels 1 & 2) and co-localization of Smad1 and HsN3 was detected in the nucleus (Fig.GFP-BLM accumulates in the nucleus of infected Sf9 cells as large aggregates (Figure 1A).
nuisance	But some consider blast voice mail a nuisance and, when unsolicited, an invasion of privacy.' Isn't it something stronger: `senseless chatter, needless noise, committing oral nuisance'?
null	Under the null hypothesis the probability of death from all causes is p + k in each group.k . We test z as a standard normal under the null hypothesis of no expression difference.
nullify	They were quite powerful, and in order to nullify any threat they might pose to the gods, Zeus cut them in two.The program teaches the value of "secular, democratic government"; Iran wants to nullify these teachings, and gain a foothold in Europe through the Muslims.
numb	numb people to Picasso's art, making obeisance routine, like genuflecting in church."Taking in too much Stein too fast can provoke a numb panic, a clog in the head.
numerical	, there is no analytic solution available, and we have to resort to numerical simulations.These equations can be solved using numerical packages such as Mathematica or Maple.
nursing	GAO's reports have also convinced some states to improve their oversight of nursing homes.i've always wanted to fly so with my nursing background i'm hoping that i will be able to
nurture	We know that children do better when they have a network of caring adults to nurture and motivate them.It will nurture a cadre of multiculturally competent and innovative leaders.
nutrition	I completely agree with your assessment of the Ironman Nutrition Bar in Cookies 'N Crème.Nonetheless, National Health and Nutrition Examination Survey III data showed that 60% of 38.
nuts	The spins on Kevorkian's courtroom performance, in order of ascending irony: 1) He's nuts.What if he goes nuts one day and slaps the hell out an orphan, or even better, Trent Lott?
nylon	Nylon . Supermodel Helena Christensen starts her own magazine; critics are mildly interested.4 M formaldehyde RNA gel and transferred to Hybond N +nylon membrane (Amersham-Pharmacia, UK).
oar	ramener sa fraise, Lit. to declare one's strawberry: to put one's oar inSenf dazugeben, Lit. to add mustard: to put one's oar in
oasis	Whispered Vyvyan, shooing Timmy toward Akbar and Jeff's Majoun and Date Oasis next door. "The papers describe the Ivory Coast as a former oasis of stability in war-torn West Africa.
oath	Does anyone doubt that if Clinton lied under oath about sex he also lied about Whitewater?The president taking the oath of office has historically spoken the words "so help me God."
obedient	2. the conditioning by torture of a victim over an extended period to make him obedient.But she had to, so, the obedient little person that she was, she did it anyway.
objectives	(Appendix II provides more details on the objectives, scope, and methodology of our work.)However, the elements needed for a finding depend entirely on the objectives of the audit.
obligatory	Fool is entirely defensive, despite the obligatory knock on the other side's accuracy.It offers good opportunities for sailing and windsurfing (again, wetsuits obligatory).
oblige	But what began as noblesse oblige has morphed into something different during this generation.and uh and they uh their they oblige us by falling asleep so least that's pretty good
obliging	As Sudanese authorities became less obliging, normal costs of doing business increased.It raised the threshold for inquiring into Clinton's personal behavior and for obliging him to answer questions.
oblique	But to deny that the oblique senses of man are still very much with us is mere optimistic folly.Others infer that he's already mounting a brilliantly oblique attack on Gore.
oblivious	Oblivious to Archie's rage, Wallace prattles on about a favorite black handyman of his youth.Just off the square, the old town around the Puerto Pesquero is remarkably oblivious to change.
oblong	The hair on the back was cut and full-thickness 25 mm oblong or 30 mm circular wounds, including panniculus carnosus, were made.Buildings as pleasing as the 17th-century town hall face the large oblong plaza where shoppers, businessmen, and tourists take time out for coffee in the fresh air.
obnoxious	20 Dates , which gives obnoxious heterosexual Jewish males a worse name than we deserve.His obnoxious behavior got him barred from Judge William Keller's courtroom for life.
obscene	In that year, the Obscene Publications Act first introduced a defense of artistic merit.Election slogans, insults, obscene drawings — the tradition continued today is millennia old.
obscure	Nevertheless, while Adams's source remains obscure, his application of it does no longer.(a) Averages obscure the fact that most of Clinton's tax increase did fall on the affluent.
observance	Until recently, this observance paled next to the High Holy Days, Passover, even Purim.With due observance of thy god-like seat, Great Agamemnon, Nestor shall apply Thy latest words.
observatory	Beijing’s Ancient Observatory (Guguan Xiang Tai) was built in 1442 under the Ming Dynasty.B.O.B. stands for Breathing Observatory Bubble, and these are said to be the first in Europe.
obsess	They obsess over how Tipton duped her wives into believing she was male.Why do these 50ish writers obsess like this about lost Dylan recordings?
obsession	But they don't change the obsession idea-mongers and contemporary media have with polling.Would John feel I was betraying his trust, given his Kennedyesque obsession with privacy?
obsolete	The words in this list are obsolete in contemporary Italian, but the street names survive.Some postulate that the “new genetics” will render conventional notions of race obsolete.
obstinate	i i i just don't see any problems with it i think it's just uh obstinate AmericanismA typical county boast still often expressed is Sussex won't be druv and anyone contrairy is reckoned to be obstinate.
obstruct	Fred Thompson calls this episode a deliberate effort to "delay and obstruct."Jesse Ventura to obstruct Pat Buchanan's run for the Reform Party nomination.
occupants	He or she would be responsible for communicating with building occupants during an emergency.The general evacuation of the towers' occupants via the stairwells took more than four hours.
occurrence	We have developed Perl scripts to scan the promoters for consensus binding site occurrence.However, as mentioned, the occurrence of even one behavioral problem can be disruptive.
odour	'When ripe the fruit pulp exceeds in foul odour all that is abominable in nature' [ 76 ] .For this purpose the odour and other physical characteristics of the plant are very important.
odyssey	And so, at the end of his odyssey, Berman finds a bit of meaning, but little reassurance.Philip Wheelwright, in The Presocratics , BobbsMerrill/Odyssey: 1966, page 481, note 8.
offend	Subsequent issues of VERBATIM will consist entirely of blank pages, lest we offend somebody.Arab papers have even adopted an "expletives deleted" policy so as not to offend their readers.
offset	The 15-mer peptides were offset by 5 amino acids, and described the sequence of BPN' Y217L.Like other revolving funds, it earns exchange revenue, which is an offset to its gross cost.
offshore	The most famous is Crash Boat Beach, named after a shipwreck that happened just offshore.now the only offshore fishing i've done is from the Bahamas and caught a nice big barracuda
offspring	Variables measured longitudinally in Exams 1-4 in the Framingham Offspring public-use filesHowever, within the Amish family offspring high IgG responders were significantly older.
omen	Russert offered the clip as an omen of the "curse" that would strike John Kennedy 30 years later.The hoot of an owl is an evil omen, so one must be careful to stay away from owls.
ominous	That he made a few ominous "in case anything might happen to me" remarks to family members.A Los Angeles Times analysis said the Senate was "signaling an ominous retreat from the world."
onlooker	Changes in breathing patterns are frequent and can be distressing to the onlooker.
onset	In all cases, the diagnosis of 1°SS antedated the onset of liver disease or its diagnosis.The patients' age at symptomatic onset of their disease ranged from 3 months to 25 years.
opaque	The cups were red opaque plastic, so tasters could judge the beer's color only from above.You can't always tell what Crowe is doing--his opacity is sometimes a little too opaque.
opportunities	The confidence of the city brought opportunities for the arts and the burgeoning sciences.The opportunities that the island had to offer were never really exploited by the Spanish.
oppress	Keep up means to stay with the pace, whereas keep down is to oppress, or not to disgorge.2 delivers snoozy tirades against the Beauty Myth, "designed to oppress and exploit us all ...
optic	Brain/optic lobe consisted of one brain hemisphere including the optic lobe primordium.Expansion of the optic vesicles is obvious; they enlarge to hemispherical proportions.
optical	8Atop panel are quantified and plotted as Integrated Optical Density (IOD) of SNIP1 (Fig.The Journal of the Optical Society of America published Bela's second paper [Julesz 1963].)
optimism	The EDF hoped, for fund-raising reasons, to stamp out optimism before it gained a foothold.Even the bland goofiness of the Grace Building recalls the naïve optimism of an earlier era.
optimum	Involve the entire team in creating the strategies for patients to accept optimum care."Keys to success: Sit in a front seat on the shuttle and dictate an optimum route to cabbies.
optional	The global standard for identification is a digital photograph; fingerprints are optional.Alternative Allowance Allocation for Units in Certain Utility Systems With Optional Baseline.
options	CIA managers were reluctant to go ahead with either the telescope or the Predator options.The Predator would be available for the military to consider along with its other options.
orchard	James Orchard Halliwell's Dictionary of Archaic Words (1850) gives GOTTED as a form of gotten .“Why, Grace, look across the lawn to the orchard.
ordeal	and that was a major ordeal to get him to buy it but once he bought it he has been so pleasedThis lets us know how epic the designer's personal ordeal has been, how heroic his endurance.
orderly	We also don't know how life originates and to what extent it evolves in an orderly pattern.They advocate an orderly weeding, assembling, and categorizing of digital records.
ore	The German word for gremlin is Kobold , an underground sprite believed to put curses on ore.; Edinboro, Pa.; and Springfield, Ore., are not exactly Madalyn Murray O'Hair country.
organizer	S. Eliot, as quoted by the conference organizer, Semir Zeki [University College London]).The New York organizer is probably correct: The march on Detroit won't do much to help win a contract.
oriental	yeah yeah i understand that i like oriental cooking and uh pasta and i have the same problem uhone day we were out just driving and they are always uh oriental people with their little stands
ornament	Long-range shots of the classic hood ornament, and of the car in profile--the stately rhythms hold.The International Style, in its effort to do away with ornament, outlawed trim.
orthodox	Icons lie at the heart of Byzantine or Orthodox worship and they form a focus for prayer.Orthodox Israeli Jews are alienating American Jews by refusing to recognize them as Jews.
oscillate	Both the film and the record oscillate on this question.Cloth is cut by having the knife oscillate up and down while it moves along the silhouette of the apparel pieces in the marker.
ostensible	Yes, the ostensible reason for the mission--aging research--is dubious.The ostensible reason for consolidating these activities was “to protect the health of the city of New Orleans.”
ostentation	Across the square, the Hôtel de Paris is another monument of unabashed ostentation.The ostentation of the exterior hints at what might lie within.
oust	Iraq also wants to oust Richard Butler, the head of the U.N. weapons monitoring mission to Iraq.Impeachment hearings would never oust Gore, but they would reveal the truth.
outbreak	Within days of the war's outbreak, politicians and talking heads pronounced it a failure.The media have been in an uproar this month over the latest putative outbreak of creationism.
outcast	The Times adds to the picture of Kim as the ultimate outcast by relating how, as recently as the mid-80s, the U.S.If you're not pulling your weight, you're an outcast.
outcry	Across the Arab world, papers continued their outcry against America's policy toward Iraq.(The endorsement vote, which was narrow to begin with, was later rescinded after an outcry.
outdated	He said, "To use outdated street maps for an operation of this kind beggars belief."In fact, it’s a somewhat seedy area still surviving on its outdated reputation.
outdo	and uh they try to tend to try to do outdo each other with raciness i think andEach candidate has sought to outdo his competitors in claiming closeness to Frank Tejeda and his family.
outlaw	and they're illegal so i don't think it would do us any good to outlaw them all togetherBills are afoot in the House and Senate to outlaw online gambling before it really takes root.
outlet	yes i know i think one of the places i always hit in Colorado is that current outlet storeA piece describes how an outlet mall has transformed the sleepy town of Manchester, Vt.
outlying	In the eradication zone, it was 6%–7%, although in the outlying region it was only 1%–2%.The SROC curve for this data was greatly influenced by the presence of this outlying point.
outrageous	oh yeah oh i've got some Chinese Hollies that are just outrageous they they are very sharpRetailers seem to turn round wholesale on their hapless customers with outrageous demands.
outright	What Chatterbox doesn't understand is why Britons don't kill the House of Lords outright.Outright rebellion erupted in Milan on 18 March 1848, a year of revolution all over Europe.
outset	39 Textile mills at their outset often provided the principal employment in the locality.Perhaps I can point again at the outset to the central question of an autonomous agent.
outskirts	are you really wow this is i'm in from this is Dallas where i'm at the outskirts of DallasNow make for the Plaza de Caturla, a small square on the western outskirts of Orihuela.
outspoken	Unlike Borges, Saramago is an outspoken political activist of a decidedly left-wing slant.The most outspoken opponent of renewed bombing has been Syria, Iraq's arch-rival.
outstrip	The proliferation of cell phones, digital television, etc., has caused the demand for launches to outstrip the supply of rockets.However, when they begin to withdraw from the market en masse, a parallel fall in prices will occur as the supply of people who must sell begins to outstrip the number of people wishing to buy at a historically high cost.
outweigh	Nevertheless, the advantages of the chain-stitch machine far outweigh its disadvantages.well maybe that'll allow me to outweigh some of the things i have to pick up on occasion
oval	When Reagan entered the Oval Office, the landscape looked dismal, both at home and abroad."I would take an expression in the Oval Office of 'Dear God, Help Me,' " Bush responded.
ovation	Only the LAT and Journal report that Gore nonetheless received a standing ovation when he left.Do the programmers of Deep Blue deserve an ovation?
overdue	"Overrated, overlong and overdue for oblivion," says the Washington Post 's Stephen Hunter.The IRS has special weapons for collecting taxes that are overdue (plus penalties and interest).
overflow	This paper demonstrates the identity and presence of all three enzymes constituting the overflow pathway in a single organism.Housing the Museo Colonial, its rooms overflow with fine period furniture and carved woodwork and encircle two lovely courtyards.
overhaul	All this seems a far cry from the uncompromising overhaul Etiemble must have hoped for.Say you want information on Bill Bradley's proposed overhaul of the health-care system.
overhead	Mintie said that all of the money has gone to her recipients -- none was spent on overhead.nExpenses of administration include an appropriate allocation of agency overhead costs.
overhear	At least, that's the only one the New York Times reporter didn't overhear.Why do the Italians almost choke with mirth when they overhear an American calling his girl friend “My pet”?
overlap	There is very little overlap of the two distributions and very few double-labeled neurons.For instance, there's very little overlap between the product lines of the two companies.
override	(The user can override the default values and input an arbitrary value for any parameter.)If he is a super boor and tries to override you, request that he stop the car and let you out.
overrule	"Regular jurors cannot overrule the judge," Harkin told Chief Justice William Rehnquist.If the pols overrule and the mission succeeds, the generals still harvest the credit.
overrun	In 1070 b.c. the country was split again and foreign powers began to overrun the borders.This left the country to be overrun by various barbarian tribes, especially the Vandals.
overt	A review of the tapes indicates that the president did not make any overt mention of Ms.Hill did not accuse Thomas of a single overt request for sex or a single unwelcome touching.
overtake	but when you anytime you see a nation go in and just overtake it and it's take it take authority take control it's a i believe it's a spiritualThe Wall Street Journal reports that the chief economist of the Conference Board says next year, Europe could overtake the U.S. as the world's strongest economy.
overthrow	does not at all mean that Egypt is inciting the Iraqi people to overthrow Saddam Hussein."The West knows bombs will not lead to his overthrow, but feels it has to do something.
overture	In calling in the CIA to help on Flight 800, the FBI was making a peace overture in a bitter, age-old rivalry.For Berger's authorization, see NSC memo, TNT to Berger, responding to Taliban's September overture, Oct.20,2000.
overwhelm	Global market conflicts overwhelm any national power: look at Sudan, Russia, Indonesia.Don't expect the path forward to be smooth but don't let the obstacles overwhelm you.
overwrought	Her partner looked past tense, indeed, completely overwrought, and gratefully stood aside.Most mock Mehta for his overwrought prose and depictions of Shawn's impeccable editing.
oxide	Chinoike Jigoku (“Blood Pool Hell”) is a steaming pond turned blood-red by its iron oxide.Additionally, a positive correlation was found between the level of nitric oxide and CI.
pacify	Neither Kerry nor Bush, neither good cop nor bad cop, can pacify, let alone rectify, this mess.The emperors distributed their largess to too many warlords, hoping to pacify them.
paddle	In summer, kids and lovers rent rowboats and paddle about the small lake in the center of the park.Not like when we spank their delicious bare bottoms with that nasty paddle ...
pageant	A story praises the Miss America pageant for having "tilted the tiara from left to right."Later the custom of celebrating many Christmas Masses evolved into Las Posadas (Christmas pageant).
pages	A site is a collection of pages, linked together as well as to other pages on other sites.And a few pages later, he's telling the president to bomb the Serbs back to the Stone Age.
painstaking	But the painstaking build to this payoff has people fleeing the theater in a blind rage.Enchanted Evenings is less concerned with enchantment than with the painstaking artistic judgments that lead to it.
pal	Dole pal Tom Korologos explained that by "sitting on the beach," Dole "shows confidence.So before I wax too maudlin, let me just say, Jodi, that you've been a great morning pen pal.
palatable	It's to Steve McMahon's credit that Take A Stand 's populism is entirely palatable.EAT WELL FOR 99¢ A MEAL , by Bill Kaysing: "This book could make your Y2K experience a lot more palatable."
pamper	Tim moves erratically around the casino, finding no trace except a used Pamper and a Minnie bag.Lying on her back on the floor, she pulls off her used Pamper and replaces it with the fresh one.
pamphlet	The WP 's Al Kamen points to an odd passage in an anti-drug pamphlet with a foreword by Sen.Achmed-Oedipa for now-put down the illustrated pamphlet she was memorizing with little enthusiasm. "
panorama	The lookout point at the windswept, lunar-like summit provides a 360-degree panorama.To appreciate the unique panorama of St. Peter’s Basilica and its 1 sq km piazza (0.
pants	The other moral: Superheroes should never travel without their codpiece under their pants.and not so much our pants but you wear a sweater and a short sleeve shirt underneath that
papers	, Today's Papers wrote that Bill Bradley joined the National Guard during the Vietnam War.Across the Arab world, papers continued their outcry against America's policy toward Iraq.
parachute	[It] served to secure--open as well as closed--a variety of things, parachute packs and hatches among them.”right they go around in their little coaching shorts or parachute pants
paradise	Charmed by the tropical paradise, they quickly spread the word about the beauty of Jamaica.Her new novel, Paradise , follows black families venturing westward after the Civil War.
paradox	Accordingly, they display cynicism, or alas, lead the reader into ambiguity and paradox.Consumption of fish from fresh and marine bodies of waters poses an interesting paradox.
paralysis	I think they all recovered, but a couple of them had a, a recur, recurring touch of paralysis.Musculoskeletal paralysis does not attenuate the effects of catecholamine release.
paramount	In a city with a dysfunctional political culture, the role of newspapers becomes paramount.Viacom got S & S when it bought Paramount, but it wanted Paramount, not a book company.
paranoia	Consider this passage from In the Belly of the Beast , a farrago of paranoia and violence:After a crash, the crowd's silence feeds an athlete's paranoia, depression, and despair.
paraphernalia	And it had to do with the description of all the cowboy paraphernalia that was, ah, existent at the time.It has been restored as a museum for turn-of-the-century paraphernalia.
paraphrase	To paraphrase Dr. Johnson, there is nothing like the loss of money to concentrate the mind.He acquired a skate from the fishmonger and painted a loose paraphrase of a Chardin still life.
parasite	The prevalence was defined as the proportion of samples showing the presence of parasite.He has always been a parasite on her political acumen, her intelligence, and her income.
parcel	Speaking of delivery confirmation, it is currently available for Priority and Parcel Post.The Russians have been part and parcel of our effort to try to find a peaceful solution."
parents	and um kids are i i suppose have been raised by single parents more than they ever used toand we got uh the one that my parents have is an Apple II E and i have a sister-in-law who
parody	), their relationship becomes a bleak, absurdist parody of all artists and their moneymen."Christ Whitens Hearts, Freshens Lives"-- A skillful parody of the Crest toothpaste logo.
part-time	According to the New York Times , before Tripp took the job, this position was part-time.Has every American male teen had his allowance suspended or his part-time job taken away?
participants	News Quiz participants are still encouraged to attempt this far more demanding verse form:Participants are invited to submit similar authentic examples of rigorous self-assessment.
parties	Pro-democracy parties won the first legislative elections in Hong Kong under Chinese rule.Yet we are still invited to Grover Norquist's Wednesday meetings and his frequent parties.
partisan	What, if anything, can be done that doesn't come across as overtly partisan or anti-Kennedy?The paper describes the atmosphere around the scandal as "escalating partisan tension."
partition	k,B ) denote the observed similarity statistic for the k -cluster partition of the data.(b) Apply a clustering procedure to the learning set b to obtain a partition (·; b ).
passengers	Several passengers had terminated phone calls with loved ones in order to join the revolt.The aircraft had witnessed the hijackers' efforts to defeat the passengers' counterattack.
passive	Thus, the number of passive vs. active investors will always fluctuate around an equilibrium.In his speech last August, Clinton used weasel words and passive verbs to minimize his deceit.
passport	well i personally uh you know uh i just went in limbo i had a passport and was ready to goMohamed Atta and Zakariya Essabar were reported to have been trained in passport alteration.
pastime	Pursuing a favorite pastime was known as riding one's hobby horse , the origin of hobbies .Bowling is also a popular pastime, and both Puerto Vallarta and Acapulco have good facilities.
pasture	He bought a number of farms and apparently loved to sit in the pasture and meditate on his cows.Throughout the entire region, high ground breaks up areas of rolling meadows and verdant pasture.
paternity	Since paternity cannot be established unless Jackson is also tested, Schmitt challenged Jackson to comply.In 1884, a Victorian electorate shrugged off Grover Cleveland's confessed paternity of an out-of-wedlock son.
pathetic	It's this futile whoring after primary votes that has made Forbes such a pathetic figure.you know but gosh it's uh it's getting pathetic now if i get through a magazine i've been
pathos	"Comedy and pathos keep getting in each other's way," says the Boston Globe 's Jay Carr.Carey is, deservedly, a great hero of New Labor, yet a certain pathos clouds his achievements.
patients	6 pcg/L, although lower was not statistically different from patients with causes of ESRD.A host of physical symptoms are common in patients with advanced life-threatening illness.
patriotism	Newspapers across the Great White North celebrate Canada Day with pride and patriotism.Since the Civil War, the United States has hardly lacked a strong sense of national patriotism.
patron	People flock here on 23 April, the feast day of Barcelona’s patron saint, Sant Jordi (St.Sint Nicolaas is an important saint for Amsterdam, being patron of the city and of seafarers.
patterns	7%) worsened at least one category, and sleep patterns of the remaining 113 patients (59.Ancient Minoan patterns are common with necklaces, bracelets, and rings in matching sets.
pave	U.S. strategists hope that killing these loyal soldiers will pave the way for a coup d'etat from within the ordinary army.(Even so, the LAT says in its lead's subheader that yesterday's votes "could pave way for public broadcast" of witness tapes.)
peasants	"Develop a magazine to be written and published by Guatemalan peasants for 9 cents a day."Then come the hard men, often masked, who separate the important ones from the peasants.
pedal	You can take a pedal boat, a stable two-seater propelled by a bicycle-like waterwheel.You’ll quickly learn to listen for the warning bells and stand clear as their riders pedal by.
pedestrian	The economics articles, while a good idea, have proven fairly trivial and even pedestrian.The street is now a pedestrian precinct, and boasts some of the city’s most stylish cafés.
pence	Old English church burial records often contain entries as paid to John Stokeley's love two pence.Take care of the pence, and the pounds will take care of themselves.
pendulum	Although the pendulum swung back after Angleton's forced retirement, it did not go very far.Exhibits include the Hall of Science, with a Foucault Pendulum and a Cosmic Ray Cloud Chamber.
penetrate	The needle must penetrate to the corpora cavernosa--the rods of spongy tissue in the penis core.The Moors failed to penetrate much further north than Aveiro about halfway up the Atlantic Coast.
penicillin	gentamicin (57 μg/ml), penicillin (50 U/ml), streptomycin (50 μg/ml), and amphotericin (2.Hank's balanced salt solution (HBSS), penicillin (P), streptomycin (S), trypsin (0.
pennies	It's Steve Martin in Pennies From Heaven . Our guy is being transported to a different astral plane.3) The new regimens are themselves feasible (at costs from pennies to $60 per patient, they seem to be).
perceptible	Sisler characterized a change in light extinction of one deciview as "a small but perceptible scenic change under many circumstances."One can, even if there is a perceptible difference between the benign OED definition a mischievous or frolicsome youth and the Australian a young urban rough.
percussion	Williams is the busiest of the musicians, dusting every corner with percussion confetti.and so he let us into the percussion room and we got to play on every single instrument
perennial	But the notion that Dole is just now exiting the Wound cocoon is a perennial press fantasy.yeah i i find that i've been doing a lot of perennial planting which i never did before and
perfume	that's right and my number one pet peeve in a magazine is when they put the perfume in itI cannot wait to see a new perfume marketed under the name Mephitis, Osmatique, or Puanteur.
peril	"You turn down the president of the United States at your own peril," says one movie producer.A weaker America will result from the idea that we can triumph without peril to our armed forces.
perimeter	These new arrivals have created a series of shanty-towns around the perimeter of the city.Take a walk around the perimeter for breathtaking views of the valley below.
periodical	Almost all Periodical mail rates will be lower than those proposed by the Postal Service.The third ranked medical education periodical was Medical Teacher with an IF of 0.574.
periodically	Forbes periodically slaps Republicans in Congress for compromising: "Get real or get out!"With a willing little group of helpers he periodically put out the prison “newspaper.”
periphery	On the periphery, there’s the Valley’s Sherman Oaks Galleria and nearby Fashion Square.Scheck began the case on the periphery of the defense team and ended it in the center.
periscope	As they prance out of their bunker and around the strange, apocalyptic landscape where they live, periscope speakers pop out of the ground and feed them orders.If he lacked imagination, he'd need an older sister whose friends slept over, plus a homemade periscope, assembled at a scout meeting during those interludes when he wasn't being fondled by the scout master, Father O'Finian.
perish	Government of the people, by the people, for the people shall not perish from the earth.The nation shall defeat “death:” it shall have “a new birth” and it “shall not perish.”
perishable	What Rochester Top 100 firm faced charges in a suit filed under the Perishable Agricultural Commodities Act?In addition, costly and perishable reagents, equipment, and supplies are required for sensitive and specific detection.
perks	yeah yeah i have friends that are in the military and they do get quite a lot of perks… A piece describes cost-effective office perks designed to retain employees.
permeate	That is appropriate, too, for naturalism and artlessness permeate this charming scene.Recently the ashtray smell has begun to permeate our apartment--I presume through the wooden floors.
permissible	but uh apparently for some some crimes it's permissible to have six people sit in judgmentI mean to say only that if we ever did want to trash Earth, it would be morally permissible.)
perpendicular	Partitions are perpendicular to the direction of branches in the tree (Figure 1).In fact, neurite growth often occurred in directions perpendicular to the tract.
perpetual	Pope John Paul II envisions hell as a state of perpetual angst rather than as a fiery pit.At the New York Philharmonic and elsewhere, labor and administrative conflict seems perpetual.
perplex	•On the Spanish mainland, late dining hours perplex visitors.
perplexity	However, because of our oldness, we all agree that the perplexity should soon resolve itself.Finally seeing the movie, I find it hard not to share Smith's perplexity.
persecute	Awed by his authority, the political leaders of his day embrace his legacy, distort his words, and persecute their enemies in his name.5) Analysts worry that Kabila is too beholden to foreign-backed Tutsi military commanders, who may persecute Hutus and inflame ethnic tensions.
persevere	But if you persevere, you will begin to understand what the Chinese see in this age-old art form.The alternative perspective goes overlooked: that the question is what NATO must do, that atrocities are a challenge rather than a verdict, and that NATO should persevere precisely because they continue.
perspire	yeah with the type of job that you have you might be getting dirty either either manual label labor where you'll perspire heavily or uh or where you'll come in contact with uh oil and things
pertain	The songs rendered by the relatives and friends round the foot of the tree generally pertain to sexual knowledge.Secondly, and more importantly, there are stability and power concerns that pertain in small sample settings [ 17 ] .
pertinent	)? That is not, strictly speaking, a subject pertinent to the title of the book.Below, pertinent details of stories in today's New York Times , each followed by a pair of headlines.
perturb	Instead, when over-expressed in frog or fish embryos, these Wnts perturb the movements of gastrulation.We predicted this sensitized background might further bias the screen toward mutations that perturb NPC structure.
pervade	Human society functions through the confusion of our connections and disconnections with others and ourselves, pretending we are individual identities and creating power networks that pervade every distinction.
perverse	But it would be seriously perverse to maintain that mainstream film is a robust popular art form."OK," replied Marcel, but I warn you I have a perverse outlook on these topics."
pervert	Senators who oppose the bombing warn that it would pervert NATO into an "aggressive" organization.didn't [your girlfriend] tell you people were calling you a pervert?
pessimism	And so, as I said, the co-op's story helps me to resist the pull of fatalism and pessimism.no i like your pessimism yeah hey have have you watched the the the the the Next Generation
pester	The romance developed steadily until Hinckley began to pester a hospital pharmacist who resembled Jodie Foster.Well, actually it could, in which case you are within your rights to pester the proper authorities for a change.
pesticide	Sometimes, the paper reports, test subjects are told that they are ingesting a "drug" not a pesticide.Pesticide concentrations should not exceed USEPA's Ambient Water Quality chronic criteria values where available.
petal	I craved strong sweets, but thoseSeemed strong when I was young;The petal of the roseIt was that stung.The Arabidopsis homolog AP1 is also expressed in non-reproductive organs such as sepal and petal primordia [ 34].
petroleum	The center of Terengganu’s petroleum industry is Kerteh, with its refineries and gasworks.the petroleum pretty much i mean those petroleum products i think are the big uh you know
pets	Some studies have suggested that keeping pets actually protects against later allergy—i.e.yeah it's it's it's hard for me i like pets a lot but i just don't like them in the house
petty	How wonderful that you are not beset by stupid everyday concerns and petty moral dilemmas.uh any need that's going to drive them to to petty theft or or to that type of crime
pharmaceutical	At most he presents an argument for keeping the pharmaceutical industry out of enhancement.Diazepam was from Daru Pakhsh Pharmaceutical Co., Iran in the form of ampoule (2 mg/10 ml).
pharmacy	Across the street, Hughes Drug Store is said to be the oldest operating pharmacy in Canada.Inpatient pharmacy costs are included in the aggregate hospital charges, and cannot be separated out.
phd	yeah so that that's that that's always i'm i'm actually i'm a PhD student at the momentA phd file generated from the assembly of the plasmid clone was used to direct the BAC assembly.
phenomenal	yes right and um uh it it it really was a fantastic movie the acting was phenomenaluh their ability to to eavesdrop or to to photograph or to uh is just phenomenal
phobia	On CNN yesterday, Wolf Blitzer asked Trump about a million questions--have you overcome your hand-shaking phobia?It has occurred to Prudie that maybe she's the secret love child of Howard Hughes because of her own slight phobia about germs.
phone-in	The phone-in programs have created a culture language of their own, one that is, curiously, common to both the US and the UK.Listeners, like presenters, are aware of the linguistic and social norms which structure acceptable phone-in talk; yet they are capable of ignoring or subverting these and of attempting to renegotiate the rules of the game.
phonetic	But slips of the tongue, phonetic and spelling errors are the least of our word woes.Are we to be shamed into speaking of “phonetic decay” because it pleases Prof.
photocopies	The original volumes are in my possession; photocopies are archived at the DARE office.Photocopies of letters and other writings by the Unabomber himself will also join the archive (all slightly abridged for the protection of privacy, that is).
photocopy	And many of you are reading this on a printout, or (our spies tell us) on a photocopy or a hand-me-down of a printout.At the end, the presenter handed Mr Rivers a photocopy from a 1937 issue of The Dandy , a British weekly children's comic.
photographs	Photographs of normal maculae from the files of the first author (RTS) were also analyzed.uh they have wonderful pictures photographs and just amazing photographs that they've done
photojournalism	Is it photojournalism?The endlessly reproduced images of that decade tend to come from television or photojournalism: marchers on the Edmund Pettis Bridge, children fleeing burning villages, police clubbing demonstrators in the streets of Chicago.
photos	You’ll also find evocative posters and black-and-white photos of Fidel, Che, and company.Crime-scene photos of Nicole Brown Simpson, notorious as her death was, caused little stir.
physiological	Effect of protein kinase inhibitors on physiological and PMA-potentiated response to IFNgBecause we attempted to determine physiological changes, a short study period was required.
physique	Her scenes with Weaver are sad: She doesn't have the older actress's histrionic resources, plastic physique, or energy.It took months of labor with a personal trainer to develop both a beefcake physique and that distinctive deadness-behind-the-eyes of the practiced bodybuilder.
pianist	Hancock, a favored pianist in Blue Note's stable, was the most versatile of keyboardists."Barak the pianist has already started playing out of tune," it said.
picnic	we go out to the my dad's farm and uh and you know it is just a picnic and spend the nightAll 15 of us have been invited to a picnic/hot tub grand opening party, to use her words.
pictures	and those are really neat and we learned to do the um transfer pictures on the sweatshirtsIt runs several new pictures of Lewinsky, including two that are embarrassingly revealing.
picturesque	In addition, the Naval Base is what now dominates the once picturesque central town beach.Originally this was merely a hamlet on a hilltop crowned by a picturesque fortress-church.
piecemeal	Jewish settlement in Palestine, then part of the decaying Ottoman Empire, only proceeded piecemeal.Unfortunately, this signal is complicated by subsequent piecemeal loss and gain of gene family members.
pier	And I mean hundreds and hundreds and hundreds of seals just started coming to this pier.At Eloúnda you can explore the remains of Ólous, and Mátala has a port and harbor pier.
pierce	Protein concentrations were determined using the BCA Protein Assay (Pierce, Rockford, IL).Protein amounts were measured using a BCA assay kit (Pierce, #23227) and spectrophotometry.
piety	Most GOP politicians are, of course, in the forefront of public manifestations of piety.’” She makes plain that science, like all ideologies, demands consummate faith and unwavering piety.
pigment	A major factor in these centrally darker patterns is absorbance by luteal pigment.Expression was found in iris, ciliary body, and retinal pigment epithelium at E14.
pilgrim	There’s an even better view from the top of the 253-ft (77-m) Pilgrim Monument in Provincetown.The take-charge British prisoners dazzled us, as they had Vonnegut's Billy Pilgrim.
pillar	Pillar of Fire: America in the King Years, 1963-65 , by Taylor Branch (Simon & Schuster).His architect, Deepa, is also here, in the third row of pillars, first pillar on the right.
pills	Unlike the pills, immunotherapy shots attack the underlying problem, not just the symptoms.Missed pills lower the potency of the treatment, opening the way to drug-resistant HIV mutants.
pimple	But pimple poppers (dermatologists)?Wen (1000), boil (1000), and kernels (1000) as currently in “kernels in my grine,” are the oldest, but pimple (1400), rising (1563), bealing (1605), and gland (1692) are also still used to designate small nonvenereal masses.
pinch	Adequate anesthesia was demonstrated by little or no withdrawal reflex to a toe pinch.In a pinch, the stage manager, who had seen Charlie at play, led the little boy onstage in her place.
pinnacle	The Daily News is a robust pinnacle, with alternating vertical strips of masonry and glass.” Obscene spoonerisms represent the pinnacle of spooner-type wit (or is that wooner-type spit?
pinpoint	I deliberately picked systems that purport to pinpoint something intrinsic in our natures.Few people are fortunate enough to be able to pinpoint life-changing events.
piracy	These examples leave out China, where piracy exists on an entirely different scale.That blessing didn’t keep him from being hanged in London, convicted of murder and acts of piracy.
piston	Then more work was done to compress and heat the gas by pushing on the piston from the outside.There are exceptions, yes, such as Detroit Piston Grant Hill, who wears Fila shoes.
pivot	The commercial pivot of New Delhi is the circular arcade and bustling roundabout of Connaught Place.but it's hard to raise one child without them thinking they're the they're the pivot point of the universe
placard	The placard doesn't mention who edited the footage--the ghost of Hitchcock?and holds a Sierra Club placard: "Protect our Kids' Health and Heritage."
places	(In fact, Internet chat rooms and newsgroups are excellent places for social interaction.)and yeah and then there's places um do you live in Dallas okay there's places here that um
placid	Microcystin-coupled sepharose was purchased from Upstate Biotechnology, Inc. (Lake Placid, NY).Among Tibetans, frustration with the Dalai Lama's placid pacifism is growing.
plagiarize	"I did not plagiarize.Chatterbox remembers writing this before ("Why Clinton Was Better Off Lying"), but the archival link doesn't seem to be working just now, so he'll just plagiarize himself.
plague	Never mind that she thinks AIDS is a man-made plague to kill Africans," sneered Caprice. "And the treasury was empty after earthquake, famine, and plague had crippled the economy.
plaintive	Not exactly the strongest or most plaintive objection she might have lodged.Time has fresh shots of an anguished Ethel and a plaintive Rory Kennedy.
planetarium	At the Artis complex there is the chance to explore the aquarium, zoo, and planetarium.Within the bounds of the Gardens is a Planetarium and exhibition as well as space theme park.
plank	at his friend stuck on the raised end of the plank hops off--his glee to watch that boy drop:4 billion to teacher hiring--a central plank of President Clinton's education policy.
plankton	These nets are commercially available or can be made from small-mesh nylon netting, silk batting cloth, plankton netting, or similar material.These nets are commercially available or can be made from small-mesh nylon netting, silk bolting cloth, plankton netting, or similar material.
planner	Then, the social planner initiates the first-period plan, making the first set of objects.you said you're are financial uh financial planner so do you work with individual um
planners	For assumptions of exercise planners, see Paul Goddard and Ken Merchant interview (Mar.Military planners did not include contingency planning for an invasion of Afghanistan.
plantation	The hillsides that surround the monastery are the site of Hong Kong’s only tea plantation.It has a couple of sites worth visiting — the Sandwich Glass Museum and the Heritage Plantation.
planting	yeah i i find that i've been doing a lot of perennial planting which i never did before andThese were the Arawaks, who lived from fishing and planting, and produced beautiful pottery.
plants	Bigger plants and animals take longer to transport materials, and so use them more slowly.Folk remedies often involving the use of homeopathic methods, herbs, and medicinal plants.
plaster	hum yeah that's interesting no ours you know wouldn't they were just regular plaster wallsSlowly, I entered each battered room And saw the cracked plaster, the discolored walls.
plateau	At a window size of about ten genes, the net number of genes begins to plateau (Figure 1).The first plateau gives us 31 clusters, which is unrealistically large for the study area.
platitude	About the Swede, Roth's Zuckerman writes, "Something had turned him into a human platitude."Elizabeth Dole Miss Perfect Platitude.
plausible	But it's plausible that in reality, that's not an upside and a downside--it's two upsides.A plausible estimate of the number of genes per cell is now available for many organisms.
playground	um we we spend a lot of time at the playground and we go to the zoo and we go and we watchAnother is withdrawal of privileges, such as a visit to the playground or a weekly allowance.
pledge	Bradley, more cautious by nature, has declined to take a pledge of unilateral disarmament.Soon, a representative of the IRT will be calling you to take your pledge over the phone.
pliable	This is the methodology not of the pliable politician but of the monomaniacal artist.But, in fact, they're quite pliable, lending themselves to dramatic shifts in tempo and voicing.
plight	Additional pressures from arriving miners pushed the missionaries’ plight beyond recovery.and i don't think a lot of people you know realize a lot the plight of a lot of people
plough	"The term comes from Greek words that describe the way an ox-drawn plough turns in a field."From here he would plough furlongs (i.e., a furrow long), of 10 chains or 220 yards.
plug	NOTE: This article includes two live spreadsheets where you can plug in your own numbers.Salesmen will visit your home, plug you in, and explain all the machine's wonders to you.
plumb	This pair falls plumb in the middle of the Jooky target group: no dates, no sun, no sand.Sketchbook in hand, they plumb the secrets of the master builders of the past.
plummet	Two things would happen: Stock prices would plummet and the price of "real stuff" would rise.[Brooke Shields] knows what it is to have a career in Hollywood rise and fall and then plummet again.
plunder	The Los Angeles Times front goes with looters carrying their plunder by a blazing overturned car.It requires an entrance fee, as does the Tesoro (Treasury), a collection of the Crusaders’ plunder.
plunge	As you plunge into this fascinating city, you’ll find that planning your day is not easy.Sheer cliffs plunge dramatically to the Mediterranean, and the cape juts out to sea.
pointed	As pointed out in chapter 6, Abu Zubaydah had been a major figure in the millennium plots.Apparently, my questions at past forums have been too "pointed" for their guest speakers.
pointless	Anyway, for the religious right, this battle is pointless because the war is already lost.Perhaps all this communication will only result in pointless cacophony, but I like the noise.
poise	03 poise), Q is blood flow rate (mL/s), and r is arterial lumen radius (centimeter) [ 2 ] ." Then she breathes, regains her go-get-'em poise, replaces her mask.
poke	Still, the tip of political e-commerce is beginning to poke up through the Web's surface.And if you need more, there's two years' worth of our archive, "The Compost," to poke around in.
polar	c • (1/ratio of furrow cortex to cytoplasm), and the concentration in the polar cortex wasOn Mars, there is ice-rich ground in the cratered southern polar regions (Feldmann et al.
politic	There is a "cancer in the body politic," e pluribus unum , Teddy Roosevelt, etc.The women had big hair, bigger times, truckstop/trailer park chic, and no problem singing songs about the real sexual politic."
pollinate	Farmers rely heavily on honeybees to pollinate crops, but new, specialized bees are quicker, more effective fertilizers.but i don't think the vines they don't really they don't have to be touching or anything like you say they cross pollinate just by bees
pompous	George also had a triple-record set called All Things Must Pass which was pretty pompous.Economic theory is not a collection of dictums laid down by pompous authority figures.
ponder	(And everyone should now take a few minutes to ponder the meaning of it in the preceding sentence.)Without a blush I eyed ground-hugging plants and reeled off their names: Hex, Ponder, Explicit, and Envy.
ponderous	They can be ponderous, conventional, and gimmicky--and miraculously, sometimes all three at once.The first episode of the new Sopranos is a real drag: flat, sour, and ponderous.
porcelain	One turn of the ramp and you can get a pretty good education in the origins of porcelain.There is also some astonishing Rococo porcelain from Meissen, Vienna, Berlin, and Sèvres.
pore	‘They have a uniform nanoscale pore structure and are chemically inert and biocompatible’.He oozed empathy from every pore, getting all over every questioner like a cheap suit.
porous	TY particles are naturally porous and do not require permeabilization for access of substrate.Everywhere, the border between the museum and its gift shop is growing more porous.
portable	Portable Network Graphic (PNG) File showing that mature TGFβ 1 binds to α V β 6 integrin.um i have one uh a Wang or um sorry a Compaq portable that my son picked up at one point
positions	2) nucleotide and base pair frequency tables for all positions in the reference structure;For example, we observe 12-RSS with A at positions 8 and 19 at a much higher frequency (0.
postage	8 million) and if the terminal dues in FY 2000 had been based on domestic postage (-$172.Source for householdlevel postage expenditures and other non-durable goods expenditures.
postcode	A delivery area represents a postcode (or several postcodes in some cases).
posterity	Some of us are not always photogenic, and who needs to have rotten pictures recorded for posterity?Jones The Meat, Dai Scab and Evans Above should be preserved for posterity, says a leading sociologist.
postgraduate	no no i go to the it's the Naval Postgraduate school out hereAlong the way she told me that she had just graduated from Smith College and was doing postgraduate work in international relations.
posthumous	The popular historical novelist doesn't get the usual posthumous reputation-inflation.He may be trying to protect himself against posthumous revelations by Seymour Hersh.
postpone	Andy and some of the SNL people took this to mean you could postpone the laugh forever.There, endless calls for more study postpone necessary but unpopular changes in policy.
postscript	POSTSCRIPT: Two more weeks with my cute TV satellite dish have increased my appreciation of it.POSTSCRIPT: To read Herbert Stein's analysis of President Clinton's second Inaugural Address, click .
posture	He is sitting in a relaxed posture, wearing a riding-coat and boots, accompanied by his dog.By projecting this kind of humility, PK puts its critics in the posture of aggressors.
potent	Imatinib is also a potent inhibitor of the ARG, KIT, PDGFRA, and PDGFRB tyrosine kinases.That's the theme here, too, and it's extraordinarily potent, at times even heartbreaking.
potion	He is not a magical potion that you can sprinkle on your problems to make them go away.It seemed magical when maladies were cured, and from tiens, bois derived the word quimbois, for magic potion or spell.
pottery	yeah well pottery sounds interesting have you made a lot of uh a lot of vases and things orOther museums with tours and shops are devoted to traditional Chinese medicines and pottery.
poultry	Here fresh fish, poultry, and vegetables are sold, as well as clothes, newspapers, and CDs.Animal product consumption was very low, especially intakes of meat, poultry, and fish.
pounce	The bullies in his class sense this and pounce, like hyenas on a limping gazelle.We swim, scramble, twist, build, hide, snuZe, pounce.
pounds	but um um is it based on the total pounds of fish that you can catch or how do they do itoh well the channel catfish get up to uh i think the world record is fifty something pounds
practicable	Here, unlike the situation in Kosovo, military intervention is neither necessary nor practicable.Therefore despite the inherent limitations, fecal examination is the only practicable way of collecting data on parasites.
pragmatic	they don't make pragmatic decisions they make a decision based on constituency constituencyMost cinemaland murders are committed by bad guys whose motives are pragmatic, not symbolic.
preach	Idealists preach responsibility and courage, which realists dismiss as hubris and folly.He chose not to attack Church corruption but instead to preach the values of a Christly life.
precarious	tiff over Iraq has made it a particularly precarious time for the ambassadorial seat to be empty.Portugal’s very precarious foothold on the Asian coast ended in 1999 with a formal handover to China.
precaution	A negative control without DNA was run with each PCR as a precaution: no contamination was detected.The lysis buffer was used as a safety precaution to minimize work with potentially infectious virus.
precautions	Actually, your sister's routine with the paper towels is merely one of taking precautions.And Bin Ladin's security precautions and defenses became more elaborate and formidable.
precedence	As in Russia, the farms were collectivized and heavy industry took economic precedence.There is precedence for a distributive MI segregation system in several organisms.
precedent	The precedent exists at a primary research level for adopting remedication as an outcome.A precedent has been established by our sister school, IU School of Law - Bloomington.
preceding	And this $125 is divided between them exactly as we prescribed in the preceding paragraph.We began by deleting a portion of the loop-8 insert, described in the preceding section.
precipice	Take the exhilarating walk round the ramparts — there’s nothing between you and a dizzying precipice.He united the Western coalition, and he led Gorbachev over the precipice.
precipitate	The anti-Id mAb was also able to precipitate a 52,500 Da molecule in the NG 108-15 cells.Therefore, CAP would be expected to precipitate in a normal acidic vaginal environment.
precision	, those that met test acceptability criteria) that were used in the analysis of precision.Most of these are crisp and pithy in the extreme, with an admirable precision of thought.
predictable	The future of a scientific field is probably less predictable than the future in general.He feels that, as a type of mechanism, any language ought to have a predictable regularity.
predisposition	This low frequency of end-organ renal damage suggests a potential predisposition to this complication.Most courts also allow a defendant's predisposition to be demonstrated through prior conduct or reputation.
predominant	2-kb predominant transcript is larger than the longest available mRNA sequence of 3,647 bp.Anti-Sa antibodies identify a male predominant subset of RA patients with severe disease
preface	As Whitcut carefully indicates in her Preface, chapters 3-14 and 18 are “almost pure Gowers.Rayfield says in his preface, "Biography is not criticism," and he assuredly keeps his word.
prelude	After an Edenic prelude, in which a boyishly idealistic absent without leave soldier, Pvt.Since we have to do that anyway--even as a prelude to privatization--why don't we do it first?
preposition	Is it just because I am English that I resent the dropping of a small preposition?"Can you give an example of a sentence that does not contain a preposition?"
prerogative	should it be our uh prerogative to see into the private lives of these people you know umBowing to Congress' prerogative to shape the news, the shows feigned interest in Sen.
prescribe	The computer won't accept my drug orders if I prescribe the wrong dose or ignore an allergy.But doctors are afraid to prescribe high doses for fear of lawsuits and licensing investigations.
prestige	It's hard to believe that bohemian black is gone for good, because its prestige is so great.He believes he cannot afford the loss of prestige that would accompany a compromise on Kosovo.
prestigious	It's the most prestigious, appearing as it does in the premier book review in the country.The Robert W. Carey Quality Award is VA's most prestigious award for quality achievement.
presumption	The presumption is that cases surfacing after t catch-up only dilute the estimated effect.The judge starts with a presumption of fairness, and you have to tear that presumption down.
pretentious	yeah i i heard that uh it was a little pretentious that the family was very wealthy andMontreal is quite acceptable; Montréal would be pretentious except perhaps in Canada.
pretext	Hitler used the fire as a pretext to eliminate Communist and all left-wing opposition from German political life.Conservative judges, Schultz argues, have used sexual harassment law as a pretext for preserving "women's virtue."
prevail	Only such efforts will prevail in mitigating the effects of both HIV and conflict in Nepal.Yet understanding and tolerance among people of different faiths can and must prevail.
prevalent	Former smokers were most likely to have prevalent atherosclerotic cardiovascular disease.At inter-atomic distances greater than 6Å, SS and SB interactions are just as prevalent.
printed	Second, it very cleverly reformats the pages to look good and save paper when printed out.Unsigned e-mail describing an agency's comments will not be printed in the issued report.
printing	[Too many replies were received in response to Mr Bayliss's EPISTOLA for printing here.You can print out the e-mail using fewer pages than printing out directly from the Web.
priorities	Individual field offices made choices to serve local priorities, not national priorities.The priorities would be based on which genes were most likely to prove broadly informative.
prizes	People win Nobel Prizes for figuring out how to minimize the risk of investing in stocks.Weather games, weather videos, weather prizes--they have all found their way to the Web.
probation	The prudent response, however, is not to abolish probation and parole, but to reinvent them.First, let's get crystal clear on the grim facts about crime, prisons, probation, and parole.
probe	Each probe pair consists of two probe cells, the perfect match (PM) and the mismatch (MM).The T m for the 3' arm of the probe annealed to target was designed to be between 60-65°C.
problems	i see some of the problems the kids have when they don't have a real good family structureMandatory controls are not the only way to solve public health and environmental problems.
procure	At the same time, the government does not always effectively plan, procure, and implement major technology investments.Eventually, however, Chatterbox was able to procure a copy of the summary volume that was reissued by Seven Locks Press in 1991.
prodigious	No matter how prodigious your joie de vivre, partir c'est mourir un peu, don't you think?the plant but the plants are just incredibly prodigious they just produce zillions of them um
products	Some will have been used to manufacture parts or components for other systems or products.Sure, you can buy many of the products that Staples and Office Depot sell in other places.
profane	Today we use billingsgate to mean any kind of profane and abusive talk or language.there's an old profane expression about Texas weather it's always too damn cold too damn hot too damn windy
professions	Mintie said she hopes her organization can be a national model for other professions.the sensitiveness of either one of other professions requires complete ability to think properly
proficiency	To do it yourself, or charter “bareboat,” you’ll need to demonstrate proficiency.WORD PROCESSORS - TEMPORARY - several positions open proficiency with at least 1 language necessary.
profits	The UAW had argued that workers deserved to share in automakers' record-breaking profits.Since the game never favored the players, the "bankers" naturally amassed large profits.
profuse	You will find it hard to believe that any single magazine, let alone a Webzine, could be so profuse in its offerings and so loving toward its readers.
projector	A superb Runco quadrupling projector, DVD as source, THX surround, 10-foot-wide screen, etc.well the you buy this little little piece of equipment and you use your video camera of course and uh your projector
prolific	His prolific, ever savvier apologies are selfish: They are designed to make him look better.Abundant fruit trees in the fertile alluvium of river plains attract prolific wildlife.
prologue	Prologue: A case of five Stingers disappears from the back of a U.S. military transport.In the prologue we see Tarzan's parents, but we do not learn they are titled.
prolong	Maybe those who want to prolong oh by more than a breath should learn to write ohhhhhh .1B, DBD), which still targeted to peri-centromeric chromatin, did not prolong G1 (Fig.
prone	They are also alarmingly prone to say things like "I'm a stickler for the Constitution."and i do uh twenty uh leg lifters on each side you know when you're prone laying on the floor
propaganda	But the worst of it isn't the propaganda that passes for conservative thought these days.This is Orwellian logic at its best; it is reminiscent of communist propaganda at its worst.
propagate	The trouble is that Stephanopoulos himself helped propagate those lies in the first place.To propagate successfully, they must exploit numerous machineries of the infected cell.
propel	(Gorney introduces us to hundreds of other activists, but it is Widdicombe and Lee who propel the narrative.)We claim nostalgia for 19 th -century moral standards and propel the Book of Virtues to the top of the best-seller list.
prophecy	William Strauss and Neil Howe are co-authors of The Fourth Turning: An American Prophecy.As it turns out, Fleance escapes to fulfill the prophecy of Banquo begetting a line of kings.
propriety	And in some cases they seem to be skating close to the edge of propriety, if not the law.Nickles questioned the propriety of "NATO's objectives," calling its goal of "access to all of Serbia ...
propulsion	International Space Station Propulsion Module Procurement Process, GAO-01-576R, April 26, 2001.a new version of propulsion that they're looking at um are you familiar with uh the solar sail idea
prosecute	The court will prosecute perpetrators of war crimes, genocide, and crimes against humanity.But the general staff insisted that Putin grant them total freedom to prosecute the war.
prospective	luncheon appointment with a prospective client to do um marketing communications for them1.9, formerly methodology transfer paper 9. Prospective Evaluation Methods: The Prospective
prospectus	The details of junior membership are discussed in the Inner Circle Membership Prospectus.And yet Salon 's 1999 prospectus refers to "Salon 's average CPM [cost per-thousand] of $23"!
prototype	The remaining eigen vectors were used as prototype centroids for that clustering cycle.This suggested that ERF was the prototype of a family of conserved bacterial domains.
protrude	In dynein, this has included the acquisition of two substantial accessory structures that protrude asymmetrically from the hexameric AAA ring.Fibrils protrude from both the cytoplasmic and nuclear rings, with the nuclear fibrils gathered into a basket-like structure by a terminal ring.
provisional	Executives could also receive a summary rating of "provisional" or Summary Ratings "fail."A provisional military government lasted to 1902, when Cuba became an independent republic.
proximity	Other methods include the chromosomal proximity method and the phylogenetic profile method.Human OCs arise from HSCs in close proximity to stromal cells or from blood monocytes.
proxy	Our use of REIMS II data as a proxy for this distribution appears plausible, but no more.Our use of REIMS II data as a proxy for this distribution was necessary, but not realistic.
pry	Annan has been trying to pry the cash out of Washington since he took office.His self-effacing devotion to his art, and especially to landscape, helped to pry open the jaws of academic convention.
pseudonym	They can take on a pseudonym and express parts of themselves that they have to repress in their ordinary lives.We leaked the pseudonym Salinger uses when he plays the quiz.
psychiatric	There are no requirements that a patient be dangerous or in need of psychiatric treatment.Let's hope Rupert doesn't connect the dots and pitch his show as psychiatric social work.
psychiatry	Paid volunteers traveled to the Department of Psychiatry to undergo a pre-test interview.Densen-Gerber is obviously a disciple of the One-Hour Martinizing school of psychiatry.
psycholinguistics	oh okay i'm in uh i i work in psycholinguistics actuallyDrawing on insights from social anthropology and psycholinguistics and using examples from a great many languages and cultures, she builds up a model which includes communications within the overall framework of cultural competence.
pulp	'When ripe the fruit pulp exceeds in foul odour all that is abominable in nature' [ 76 ] .The stars make this "medium-grade pulp" (Joe Morgenstern, the Wall Street Journal ) worth watching.
puncture	Blood samples were collected by cardiac puncture at necropsy and the plasma stored at -20°C.A side-to-side ACF was constructed by a needle puncture method using a 19-guage needle.
pungent	There is, as has been widely noted, one pungent irony about Clinton's policies.(Today it is but a historical footnote; local cooks use nothing more pungent than a hint of garlic. )
purest	This handout for the rich is perhaps the purest example of corporate welfare in the federal budget.I sneaked a sidelong look at my companion and a glow of the purest contentment spread slowly through me.
purge	Typically, purge streams are used if the wastewater contains high levels of chlorides.2) Salinger's New Agey wellness mania led him to purge after eating unhealthy foods.
purity	The Phenylsepharose column increases the purity level to 24%, with approximately 5% loss.Having hit 90 percent 15 years ago, you wouldn't think that heroin purity could keep rising.
qualifications	Determine if the agency trains project staff tomaintain their skills and qualifications."His qualifications [for the presidency] outweigh anything that happened between us," he says.
qualitative	Definition of "sequence signatures" is qualitative and has not been tested statistically.Surely there is a qualitative difference between a police state and a sclerotic republic.
quantitative	Quantitative analysis of ERα expression in western blots and extent of syncytium formationAnother advantage is that carotid atherosclerosis can be treated as a quantitative trait.
quarry	usually called homographs: quarry, row, well, quail, down, truck, cleave, let , list.Our forebears used to hunt it with hawks, and they could easily distinguish hunter from quarry.
quarterly	Your gift can be made in one payment, in two semi-annual payments, or on a quarterly basis.Your gift can be made in one payment, two semi-annual payments, or on a quarterly basis.
queer	"And," added my addled friend, "I have a whole idea about the history of queer culture.The too-long but hilarious cover essay exposes the ridiculous academic shenanigans of "queer theorists."
quench	Because an excess of unlabeled calmodulin was able to reverse 70-95% of the quench (Fig.Supplemental vitamin E was added to quench in vivo lipid peroxidation due to the diet.
questions	Beatty can forbid interviews, decline to answer questions, and refuse to appear in public.For 2- and 3-year-olds, questions focus mostly on describing events, actions, and objects.
quiver	Did Morris have documentation for a snake-like quiver rushing through the crowd, or for its foot-shuffling?I miss the translator's search for the quiver and the nightingale!
quota	He supplies the requisite glut of cockroaches and the necessary quota of vicious guards.1 turned in a sheet with three Best selections, or two more than his theoretical quota.
racket	Most tennis courts and many hotels offer racket rentals ranging between US$3 and US$6 per day.(The Development and Foreign Aid section includes a piece by Maren titled "The Food-Aid Racket".)
radar	The next scene is a closer rear view of the truck, the radar antenna relentlessly turning.The babes with radar for difficult men have the idea that they can "fix" a guy or tame him.
radiate	Dear Prudence, by contrast, must radiate moral absolutism and be judgmental in the extreme.For Subtribe Artemisiinae, the Artemisia -group of species, are sister to the radiate genera.
radius	03 poise), Q is blood flow rate (mL/s), and r is arterial lumen radius (centimeter) [ 2 ] .To obtain an acceptable lower bound, we calculate the spectral radius at each frequency.
raft	no i don't i have a friend who has a little inflatable inflatable raft and we use that sometimesThe cysteine-string mutant demonstrated marked reduction in RAFT association (Fig.
ragged	(San needs a more ragged voice--I'd be interested to hear the original Japanese actress.)“Mereu stayed with 50 of Angius' 400 sheep, dressed in dirty and ragged canvas clothing and shoes with holes.”
raincoat	Currie wears a raincoat and stares uncomprehendingly at her companion over a cup of coffee.In any case, don’t forget a raincoat, especially for British Columbia.
rainfall	our normal rainfall is twenty nine inches and we're already up to over fifty inchesRainfall is much lighter here than in the east, and the forests are more temperate than tropical.
rainwater	Rainwater began feeding Bush opportunities in oil and gas, real estate, and a loan company.Notice how the sloping roof funneled rainwater into the castle’s cisterns.
ramble	I made up my mind that Muscat Ramble was almost certainly the original name of the tune.So, uh, thank you, thank you for this time for listening to me ramble about my stories.
rampant	The LAT slugs a story about corruption in Russia thusly: GREASY PALMS ARE RAMPANT IN RUSSIA.The Washington Post leads with rampant abuses of the D.C. employment disability system.
ransom	Happier experiences were recorded by Arthur Ransom in his book Swallows and Amazons (1930).Taking hostages could be aimed at getting a ransom as well as weapons, water and food."
ravage	Hot and cold air masses "clash," storms "strike," and sweeping "fronts" ravage the nation.. . We delve and ravage 'the self' by hand because 'the self is a new strategic possibility.
rave	Also, a rave for Primary Colors , "the smartest movie ever made about American politics."There are art lovers who rave about paintings locked in the basement of the Hermitage.
readers	(Readers can find a list of them at the Association of Alternative Newsweeklies Web site.)August is the cruelest month for readers of the New York Times op-ed page not on vacation.
reap	"Sow according to your charity, but reap according to your lovingkindness" (Hosea 10:12).Those who hold capital reap profits off the backs of those whom they hire as their laborers.
reasons	All these gents are unavailable for reasons of geography, marital status, and/or neuroses.Each day, after all, there are lots of different reasons why the market does what it does.
reassure	We don't need Greenspan to reassure us that the world isn't going to fall apart anymore.Well, Congressman, just to reassure the nation, you wouldn't mind doing that now, would you?
recede	29 Soon the child utters words along with gestures, the gestures recede, and language is under way.Yet this phenomenon mysteriously rights itself the further we recede in time.
receptionist	After giving an American telephone receptionist my phone number, I added, My local is 222.But the receptionist who answered announced the office as that of another orthodontist named Joseph Cannon.
reciprocal	What's really showcased is the reciprocal exploitation at the heart of the antiques trade.Equality flourishes in an environment of mutual sympathy and reciprocal identification.
recital	Accordingly, a brief recital of unmet needs is given below with a request for contributions.An opera is a symphony concert, a choral recital, a play, a ballet, a mural, and a fashion show all at once.
recite	Across the street, Catholic protestors in white berets recite Hail Marys into a megaphone.Every day thousands of children in our state recite the Pledge of Allegiance.
reckless	Discharge of a firearm on school property, with a reckless disregard for another's safety.The Journal reports that Nick Leeson, whose reckless derivatives trades sunk Barings P.L.C.
reclaim	It was only with the aid of his brother, the eventual Richard III, that Edward was able to reclaim it.NOW doesn't like the way Promise Keepers urges men to "reclaim" their "role" as the head of the family.
recline	They emerge naked from golden waters into a yellowish African landscape, explore each other's orifices, and recline beside a white stallion and in range of a (disappointingly ordinary) snake.
reconcile	Reality hit when he was unable to reconcile with his wife and ended up on the street.He is quite wonderful, but it is impossible to reconcile this with the exclusive club business.
recorder	22, 2003); NEADS audio file, Identification Technician position, recorder 1, channel 7, 9:41.2) If Brill used a tape recorder, we'd know whether he misquoted Susan Schmidt or not.
records	Gore countered that in any other year his fund-raising performance would have set records.Study personnel obtained demographic and medical information from infants medical records.
recreation	There were generous kid recreation grounds, the unfenced backyards through which we swarmed.piddling room a craft shop for prisoner recreation, supervised by prison employees.
rectangle	Another large rectangle, a reflecting pool, is set into the lawn, level with the grass.The right edge of the rectangle was drawn to coincide with the left edge of the crush.
rectify	Neither Kerry nor Bush, neither good cop nor bad cop, can pacify, let alone rectify, this mess.Adjusting "preference" settings on the local web browser may rectify this problem.
recycle	i feel guilty we don't recycle our our milk containers because they seem like a big wastewell i'm not sure of anything i can't really think of anything else that we could recycle
recycled	The recycled ingredients include rough stuff like cardboard boxes as well as office paper.um-hum well the thing about newspapers and paper recycled paper is actually very expensive
recycling	we're recycling uh all the cans the glass bottles all the plastic and the newspapers whichnow do the grocery stores in Houston have recycling for their paper bags and plastic bags
redeem	Scheck was too busy being a lawyer, too busy trying to redeem a (possibly) innocent client, to join him.Pundits doubt her get-tough attitude will redeem her reputation as "."
redundant	Except for the elimination of several redundant items, this is the lexicon produced in 1945.Current transcript information still largely consists of anonymous and highly redundant ESTs.
reel	Lewinsky, appearing far more sophisticated than in the previous head shot or the CNN reel.Nauseated, I fixed on Hanks because I knew the star would survive until at least the last reel.
referee	This is exactly the kind of messy dispute that calls out for a referee--like the WTO.He will be a referee at the World Wrestling Federation's Aug. 22 "SummerSlam" event.
referees	Referees ruled that Hull had possession of the puck both inside and outside the crease.Through multiple rounds of correspondence, referees demand satisfaction regarding every important detail.
refine	Excite's site uses some of that artificial intelligence to help you refine your searches.We welcome challenges to our methodology and use them to refine and improve our rankings.
reflectance	Indeed, typical bird flowers with no UV reflectance, such as the scarlet gilia (In this case t N is nearly unity, hence RNFL reflectance is additive to underlying structures such as drusen.
refrain	Can David Plotz (and everyone at Slate ) please refrain from speaking on behalf of History?It is haunting its recurring refrain, and keeps pulsing through my mind, now, every day.
refreshing	um well it's refreshing to pick up something that you would never go to a rack for i thinkAs one Web surfer noted: "The outrage of the freshly exposed readers is refreshing to see."
refreshment	Finally you can allow yourself to head into Kritsá, perhaps to take some well-earned refreshment.For some this may sound like hard work, but don’t despair: beach-bar refreshment is never far away.
refreshments	There’s a reference library upstairs, and you can relax with refreshments at the small café.On these walks you’ll never be far from a café or pub, so it’s always possible to break for lunch or refreshments.
refund	If you're not satisfied with it, we will happily refund the balance of your subscription.There would probably be little chance of a refund if the place were run by a feminist.
regeneration	Muscle regeneration is a dynamic process necessary in the maintenance of muscle integrity.Axonal regeneration is limited in the central nervous system (CNS) following injury [ 1].
regulations	For the number of officers, see NYPD regulations, "Patrol Guide: Rapid Mobilization," Jan.I see the Labor Department took back the OSHA regulations about safety standards at home.
rehabilitate	because after a while you just learn how to to rehabilitate yourself to play that wayoh what human life is worth and whether or not you can rehabilitate somebody
rehearsal	The CIA planners conducted their third complete rehearsal in March, and they again briefed the CSG.Another theory: The burial is a " 'dress rehearsal' for the eventual burial of Boris Yeltsin himself."
reimburse	Mark Sanford, R-S.C., makes staffers buy him lunch but doesn't reimburse them; and Sen.as a after she works there a year as long as she takes business courses they'll reimburse her
reinforced	Soon, huge slabs of reinforced concrete and tank-traps formed a more impenetrable barrier.The similarity with America’s southwest is reinforced by the ranches around Kamloops Lake.
rejoice	Still others rejoice that the narcissistic characters finally got their comeuppance.In towns around Cuba you’ll meet tourists who — like jailbird escapees — rejoice at having gotten out of Varadero.
relapse	Although the remission rate is higher in previously untreated patients, relapse occurs soon.Over the next 30 mo of follow-up, she had no relapse of her aplastic anemia.
relations	' " Weed shares Kennedy's tart views about his relatives' relations with the baby sitter.The administration was not ready to confront Islamabad and threaten to rupture relations.
relaxation	LH/CG causes a relaxation of smooth muscle cells, which express LHR [ 36 37 38 ] (Fig.The 30 kD C-terminal ZD domain also had no relaxation activity by itself, as expected.
relay	Imprinting relay: Do trans-silenced E82 and L91 loci acquire trans-silencing ability?The second comparison relates to the relay of epigenetic activity.
relentless	"Relentless" is how our staff (and perhaps even a few readers) might prefer to describe it.But again, the relentless search for with-it political relevance slows the film down.
relinquish	Israel's Cabinet approved a plan to relinquish more of the West Bank to the Palestinians.Indonesia elected new leaders and voted to relinquish control of East Timor.
remittance	Receivables Remittance $0.2002; Treasury report,"Hawala: The Hawala Alternate Remittance System and its Role in Money Laundering," undated (prepared by the Financial Crimes Enforcement Network in cooperation with INTERPOL, probably in 1996).
remnant	Rather than being an evolutionary remnant, it is a dynamic and continually adapting system.It's sad to see a great institution reduced to a tattered geriatric remnant of its former self.
remorse	Literature might be better served if rage or remorse were diverted into parlor comedy.A year ago she wore an orange jumpsuit and brandished a torch, now she wears a look of remorse.
renaissance	Looking at them was like looking at ancient Etruscan bronzes or Renaissance enameled boxes.The nearby Eglise Notre Dame also combines Flemish archi­tec­ture with a Renaissance porch.
rendezvous	In the New Town, chic wine bars welcome the banking and insurance set for after-office rendezvous.The NYT , in its lead, says that administration officials were "furious" about the Falwell rendezvous.
renewal	Tests recommended for use in this methods manual may be static non-renewal or static renewal.Eighteen were website renewal grants to statewide websites begun in previous years.
renovation	Although these are now completed, further renovation and work on an extension are underway.Jaye explained how much of the renovation had been merely uncovering what was already there.
renowned	Dutch Schultz and Lucky Luciano are renowned figures, staples of crime books and studies.Renowned Mallorcan glassware has been manufactured on the island since the 14th century.
rental	This may lengthen the installation time slightly, but it will reduce crane rental fees.Prices vary, but a full day’s rental of boat and crew would be between $400 and $500.
repatriate	But a separate editorial says that partial defeat (concessions to the Serbs, failure to repatriate Kosovars) will be NATO's "price of going to war without the will to do the job properly."
repel	But to exchange public greetings with a mass murderer accords him a legitimacy which should repel most people."Remarkably, Poland retained enough military might to repel the Ottoman Turks in their advance through the Balkans.
repent	The hardhearted spin: Sharpton continues to rationalize rather than recant or repent.Critics assume that Clinton has to explain or repent his sexual sins.
repertoire	An over-representation of VH4 genes in the autoimmune repertoire has been described [ 7, 8].Our goal was to identify the complete repertoire of hOR genes encoding full-length receptors.
repetition	Once something is published by anyone, it becomes fair game for analysis and repetition.Codes were added to the scheme as there was repetition (approximately 5 or more times).
reports	"All Dudley ever wanted to do was go to bed with women," the publication reports she said.1300-1600 hours: Shuffled paperwork; reviewed reports and signed the ship's official logs.
reproach	' I know with absolute certainty that Lamar Alexander is without reproach."It wasn't necessary to disclose that the "information" had come from Starr's office, since his office was above reproach.
reptile	For example, a reptile has a slower metabolic rate than a mammal of the same size.I lit a match in an endeavor to locate the reptile.
resemblance	However, adhesive contacts with significant resemblance with zonula adherens were observed.It was designed by a Mr. Bird, although it also has a resemblance to “Tweetie Bird’s” cage.
resent	Movement old-timers resent having to share the microphone and money with so many upstarts.The child who feels less valued is likely to resent a sibling whom parents seem to prefer.
reservoir	Soaks are shallow wells sunk near the base of an outcrop to tap an underground reservoir.and now it's just uh it's just a reservoir that you tend to regularly i'm sure
residents	Pro-bono road show; Community Court at Carver Academy is for Bexar Residents Who Can't PayThe field was located at the end of a paved road with eight houses (A-H) and 28 residents.
resilience	But unlike Roosevelt, Rockefeller never developed the resilience to stay in power.An additional concern to scientists is that of biomass resilience in the face of environmental changes.
resistant	Bacterial endospores that are particularly resistant to agents such as disinfectants (e.g.Infections with resistant organisms represent a serious menace in critically ill patients.
resonant	Her pass-the-baton shifts in point of view come off as fancy but not especially resonant.The human heart not only makes heart sounds, but it also is a set of resonant chambers.
resources	A good or service is the product of a process resulting from the consumption of resources.encouraging employees to combine their resources and talents by working together in teams,
respiration	Also, all six of the proteins involved in cellular respiration are in the BK-m group.In endotoxic or septic shock models, respiration pathway changes occur in the lungs.
respondents	As summarized in Table 1, the suburban and urban respondents were more likely to be female.In addition, the order in which questions are given can affect the respondents' answers.
responsive	Making the court system more responsive and accessible to low-income and pro se litigants;Michel P. Richard's article, “A Taxonomy of Epigrams’ [XV,2], strummed a responsive chord.
restaurants	Aberdeen’s theatrical floating restaurants have been a tourist attraction for many years.Event: One hundred restaurants including Four Seasons and Nobu, hold Sunday Night Supper.
restless	okay you work then okay well we get the channel with Young and the Restless on itBoth actresses chronicle restless, unstable childhoods, capped, in each case, by a quick rise to fame.
restrain	Or, if it didn't exactly pull the trigger, it sure didn't tackle the gunman and restrain him.Love your mag, but can you do something to restrain the egomania of your diarists?
results	"The results looked like Versace melded with Blade Runner ," says Newsweek 's Steven Levy.15Managing for Results: Critical Actions for Measuring Performance (GAO/T-GGD/AIMD-95-187,
retails	Found only in certain Indonesian rivers, red arowana retails for more than $5,000 per fish.He retails various "suspicions," then assures us that they are "contemptuous."
reticent	He claimed he was too busy, and by the end of our conversation, he had grown reticent.Dole is "reluctant," "reticent," and "loath" to discuss it, claims the press corps.
retort	The Wall Street Journal 's retort: "Earth to Howard Schultz: Return from cyberspace.To this, I would attach my own definition: To qualify as wit, a retort must be no more than five words.
retreat	Disaster was inevitable: invaders from Manchuria forced the Song to retreat to the south.It is possible to retreat into the shopping mall next door for up-market fashions and food.
retrieve	Agency users send information to the database and then can retrieve it from the database.A Rolodex she crossed barricades to retrieve in the days after Sept. 11 is headed for the trash.
retrospect	One of the last transmissions from United Airlines Flight 175 is, in retrospect, chilling.Anyway, in retrospect, hasn't Kelly's "obsessive" anti-Clintonism been a wee bit vindicated?
revenge	But General de Gaulle gained his revenge by starting his march of Liberation here in 1944.I liked Cook for giving Eleanor's Revenge a nice fat chapter near the start of this volume.
reverent	Lincoln’s posture toward the 1787 Constitution was less than reverent.The cover excerpt provides a reverent portrait of Pope John Paul II.
revise	After contacting attorneys about Take 2, Wagonheim is beginning to revise his projections.Does Kuttner therefore revise his view that more regulation is usually better than less?
revision	A Preview of the 1999 Comprehensive Revision of the National Income and Product Accounts."Only now are the Times and the rest of the press belatedly offering a corrective revision.
revive	It can also revive its mummified fellow priests and send them into battle against our heroes.Avedon has done much to revive the portrait as a central genre of photographic art.
revolt	Several passengers had terminated phone calls with loved ones in order to join the revolt.Nat Turner thought he was recreating the biblical story when he led a slave revolt in 1831.
revolve	A number of scenes actually revolve around the astoundingly dull theme of cellular communication.you know any you much as uh other cultures might disagree our lives don't revolve around our children
ribbon	yeah i have a friend that goes frequents she frequents and Indian place over there by The Blue Ribbon CafeWhite shirts with ribbon ties made into bows, and the traditional wide-brimmed sombrero complete the ensemble.
riders	Industrious CW-armed terrorists could kill thousands of New York subway riders in a day.You’ll quickly learn to listen for the warning bells and stand clear as their riders pedal by.
rig	City governments helped rig government contracts and turned a blind eye to other rackets.but as far as on the continent i don't think that anyone drilled a rig on the continent yet
righteous	The face of a Japanese soldier encased in earth speaks from the dead, "Are you righteous?Righteous Violence: The Aristotelian opposite of the pity and fear is righteous indignation.
rigorous	Participants are invited to submit similar authentic examples of rigorous self-assessment.But I fear that they have not been rigorous enough in exposing the press's hidden interests.
rim	Well, I have a close friend, Pat, who is bald and wears a full beard and horn rim glasses.I broke imaginary eggs on the rim of a non-existent frying pan and made sizzling noises.
ripple	One is the slight ripple on the surface of an otherwise flat sea, interpreted by sailors as portending a breeze.Dwelly gives a `ripple on the surface of water'; and MacLennan says, `bristles, anger, a girning expression of countenance.
rising	College tuition is rising two to three times faster than inflation, another piece reports.Even the dashes, with their suspended, rising quality, suggest the vitality of endurance.
risks	In a sense, Monet had been torn between pleasing the crowds and taking risks all his life.The better answer is to reframe the status quo as a parallel option with risks of its own.
rivers	Found only in certain Indonesian rivers, red arowana retails for more than $5,000 per fish.In rivers, samples should be collected from mid-stream and at mid-depth, if accessible.
rivet	Pop a rivet on your 747, and you're still likely to make your destination.
roam	yeah yeah well you know that animals are like that they like to roam and investigate andHe said that he did not think that any president would roam around looking for something to do.
roar	Today its sidewalk cafés shaded by plane trees are a world away from the roar of the city.They may be slowing down in some more developed societies, but they roar along in others.
roast	"It's one of the great British foods like roast beef and pork crackling," he explained.roast chicken oh gosh yeah how do you usually cook your deer how do you usually cook your deer
robber	He became a bandit and robber after many wrongs were committed against him by Americans.“I have to hear people talk behind one's back,” as the robber said when the constable called, “Stop thief!”
robots	(for “Rossum's Universal Robots,” 1920); the word is from the Czech robota `forced labor.Don't pretend not to understand me, the way those robots do when they follow me around.
robust	K-S tests provide a nonparametric, sensitive and robust way to compare two distributions.The more specific you make it, the less robust the therapeutic activity is likely to be.”
rocks	6. In the United States, Broncos fans in Greeley, Colo., pelt cops with rocks and bottles.Sandstone cliffs and rocks have been weathered into interesting shapes and small caves.
roommate	i really did uh because i was pretty interested in that and i have a a an Iranian roommateIt was my roommate (semi-starving artist as well) who had set the wineglass on the floor.
rot	Most non-McLarian ROT members publicly disavow violence, but the possibility always lurks.Tommyrot compounds tommy, `simpleton, fool' (as in tomfoolery ) and rot, `worthless matter.
rotate	In turn, the wind does work on the blades, causing the windmill to rotate.or you're on your way up from regular size and they're all in boxes or bags and they all rotate all the time
rouse	Hunt , hopes its makers, will give its viewers those facts and rouse them to action.To rouse the conscience of the world about perceived threats to "the Jews Hitler missed" in Israel.
rows	uh-huh she seems to like them because they stretch a lot and and give a lot when she rowsArrange the rows, numbered to to correspond to blue bacteria secreting to molecules a second.
rubber	More recently we built a chamber using rubber spacers, double stick tape and a cover-slip.I'm not just endorsing retro-chic when I say that the guy in the rubber suit is more fun.
ruffle	A variation is a light breeze, just strong enough to ruffle the water surface.and that just that really does ruffle my feathers at times i mean i can just get so aggravated about it
ruinous	Of course, this "disaggregation of content" may be ruinous for magazines like Slate.But Genoa’s 1381 participation in the ruinous Chioggia War on the Venetian lagoon exhausted its resources.
rules	and and maybe arriving late or something like that you know how how they enforce the rulesAnd Viacom wouldn't have to worry about what happens when that next Road Rules book tanks.
rupture	The administration was not ready to confront Islamabad and threaten to rupture relations.We report two cases of spontaneous rupture of malarial spleen treated with splenectomy.
rust	right or or they they die of rust years before their major systems would otherwise go outEven respondents agree that "the true speaker in Rust was not the government, but a doctor."
ruthless	Beatty has shown a ruthless, brilliant talent for manipulating the politics of his industry.In 538 b.c. , power fell into the hands of Polycrates, a ruthless but brilliant leader.
sabotage	The New York Times warned Congress not to sabotage the Fed's actions by passing tax cuts."If we didn't work out a compromise with the chiefs, they would sabotage us on the Hill.
saddle	and uh it had the gray leather package in it and my Allante has um i guess saddle saddle coloredCortada, James W., Best Practices in Information Technology (Prentice Hall PTR, Upper Saddle River, New Jersey, 1998).
safari	But Timmy and Joseph, we're so sorry, but you will have to miss the safari, I think.She was standing in khaki safari slacks and a lime-green tennis visor on Level II...
safeguard	The conventional wisdom says Clinton must avert conviction in order to safeguard his legacy.An agency must establish physical control to secure and safeguard vulnerable assets.
sailing	This wide boulevard was formerly a major docking area for sailing boats from the colonies.The exhibit also details the role Bermuda has played in the world of competitive sailing.
saline	Eleven control animals were instilled with an equal volume of saline without a mortality.Final booster was given in normal saline, intraperitonealy, just four days before fusion.
salute	In 1981 he was assassinated by an army officer while taking the salute at a military parade.Creators: the Denver Broncos' running backs, who unveiled the salute at preseason games this summer.
salvage	Bell wants to salvage the theory by introducing distinctions and complications.Entrepreneurs now use cheap new technology, such as remote-operated vehicles, to salvage artifacts from ancient wrecks.
sanitary	Crapper & Co., Sanitary Engineers, Marlborough Works, Chelsea."The bigger profits are in sanitary napkin dispensers.
sanity	A sudden interruption in electric service, sanity, continuity, or program function.Some, including the critic at Time , have questioned Soderbergh's sanity.
sarcasm	The Redcliff Ascent Outdoor Therapy Program provides group counseling and forbids sarcasm.These are examples in which the wording undercuts itself, yet without any apparent sarcasm.
saturate	For the limiting case where binding does not saturate (kc i << 1), γ i in eq.It will be assumed in this section that solute binding is linear and does not saturate (fw i = constant).
savage	If the process of slaughter becomes a savage yahoo spectacle, then we are indeed barbaric.The Sheikh emitted a low musical laugh and replied, "I am always gentle and always savage.
savings	A 1 percent savings in fabric over the entire production goes directly to the bottom line.Most of the savings from Medicare were to be plowed back into new federal health programs.
scalpel	A change in ethnic identity is another danger of an overzealous scalpel.But for the most part the coverage makes it clear that the weapon of the day was nonetheless not the scalpel but the broad brush.
scant	But a scant 14 percent think that the information offered online by candidates is reliable.Even the scant remains of the Sea Venture (which sank in 1609) can be located and identified.
scapegoat	Whatever happened to the military's traditional heartless approach of finding a scapegoat?Hardened and bitter, in search of a scapegoat, they occasionally lashed out at the weak."
scar	If the wound to Eappen's skull was new, asked Scheck, why had scar tissue formed around it?The next morning he woke up in a bathtub full of ice with a crude surgical scar in his side.
scarce	Inoculating every child at $30 a dose would divert scarce resources from even better uses.It is disingenuous to say we should do both: Money is scarce and so is political capital.
scenery	The scenery is not varied enough to make the bumpy two-hour ride to Amed worth the effort.For a complete change of scenery, take a drive northwest towards the hills and Bensafrim.
sceptical	When sceptical researchers took a look at the sequence, it turned out to be of human rather than dinosaur origin.She went on, "Perhaps we are more sceptical.
scientists	The two scientists, who are married to each other, performed the experiment on themselves.This spring, scientists will thaw the block and examine the animal and surrounding plants.
scissors	The scissors snip China, India, Algeria, and Mexico out of the map to reinforce the point.scenery is is very entertaining uh and what he does with the with the scissors and uh
scold	Many scold Ross for publishing her memoir while Shawn's 92-year-old widow is still alive.At the top of his short hate list resides popular scold William Bennett.
scoop	Everybody wants the inside scoop, the shoddy truth that lies at the core of all decisions.Seems he had to go in for sinus surgery the day the Wall Street Journal picked up his scoop.
scorch	um we've tried them but again it's just like the sun scorch we've tried them in kind of halfway in the shade and halfway in the sun i mean it's justWhat Jonathan Pollard did do is warn Israel that Saddam Hussein had amassed American-approved and American-financed weapons of mass destruction, which he intended to use to scorch the Jewish state.
scorn	The Sex Pistols' Sid Vicious recorded "My Way," a bizarre combination of homage and scorn.No one could scorn them if they were meaningless; then they would simply be empty oddities.
scotsman	(Ian Willmut, the Scotsman who cloned Dolly, would seem to be a guy whose work has really come alive.)A zealous Scotsman would have wished Mr. Johnson to be without one of his five senses upon this occasion.
scout	A scout obeys all to whom obedience is due and respects all duly constipated authorities .but yeah that's we uh my my wife and i took the uh the scout leadership training program
scrap	After it was used at the exhibition in St. Louis in 1904, the wheel was sold for scrap metal.The cover story endorses the state Legislature's plan to scrap New York City's rent-control law.
scrape	and what a lot of work that was and they had to scrape it and thenIsolation and introspection, those staples of the Bildungsroman , scrape at young Coetzee's sensibilities, refining them raw.
scratch	I swabbed, I purged, I itched The way I'm itching now to get this right So you'll scratch too.On the foreshore near the Bat Cave, a few people scratch a living by harvesting salt.
screw	In eect, the chair object extends a line to the screw object as it says, “I need a lean-on!Both polymers contain SAM subunits arranged as a left-handed helix with a 6 5 screw symmetry.
scroll	(If you want to see the crash photo that appeared in Bild , click here and scroll down.)3 conference call (scroll down to the pink area and click on "Millennium Meltup or Meltdown?"
scrupulous	Again, scrupulous reporters eschew this question, focusing instead on public perception.But Ajami, a scrupulous commentator with a rich sense of irony, is using Lawrence to make a subtler point.
scrutiny	Now that Bradley is deemed viable by the press, he's beginning to receive harsher scrutiny.The mechanism of translation of the fs-α 1S clearly deserves closer scrutiny in the future.
scum	It is a truth universally acknowledged that Rupert Murdoch is scum.Nobody will believe you and people will think you're scum."
seafood	The seafood and fish of the Mediterranean provide some of the coast’s most memorable meals.down in the Gulf i've eaten a bunch of those little oh seafood shacks we've called them
seam	i mean it seam like they don't they don't want want you know hire me they want to own meA chain-stitch seam is strong and can be produced more quickly than a lockstitch seam.
seasoned	A place where the sports cars are bigger, the breasts are seasoned, and the beer is wine.a little soy sauce and uh some uh seasoned salt mix all that up together and put it on the steak
seats	He knows that if all this helps get Bush elected, he'll save congressional seats as well.Many responses raged against aviation--the cramped seats, the awful food, the plummeting.
second-hand	Many Japanese are highly superstitious about acquiring second-hand goods, especially clothing.Then and only then was her new wooer free to marry this second-hand wife sans debts.
secretion	An association between the Apa I polymorphism and insulin secretion index was noted [ 25].However, the calcium ionphore stimulated LH secretion in RGS3-expressing gonadotropes (Fig.
sectional	This program can calculate mean grey-scale value within the cross sectional area of a single muscle fiber.Peak systolic blood flow was calculated as the product of the vessel cross sectional area and time average maximal velocity.
sediment	They resisted the great power of the ice and caused a long stream of sediment to collect.68,000) indicates that fine colloids composed of 100 UCB molecules would be too small to sediment.
seep	Seep vestimentifera have specific adaptations to their habitat.In some seep sediments, sulfide concentrations can reach 25 mM in subsurface sediments (5–10 cm below the sediment surface).
segregate	Artemisia . Additionally, three segregate genera are placed outside of the Artemisia -clade.Artemisia , with the segregate genera and subgenera of Artemisia embedded within subg.
seismic	Three-dimensional seismic computer modeling now allows engineers to discern previously undiscoverable oil and gas deposits.Furthermore, one of the study's principal authors now concedes that "seismic data is not definitive for the impact of UA 93."
self-defense	The Shaolin monks do seem to have been well-versed in self-defense over the centuries.Furthermore, he can always moot the allies' self-defense argument by ceasing his provocations.
self-discipline	For others, the climb is an exercise in self-discipline and physical purification.Out on stone platforms, young men perform gymnastics, part of a devout self-discipline known as danda.
self-sufficient	Or who helps David learn important job skills that will enable him to become self-sufficient?The world of buildings depicted in books and magazines is a scaleless, self-sufficient place.
semblance	Moreover, LSC wanted to encourage all programs to pursue some semblance of planning.Under Milosevic, Albanians lost all semblance of autonomy . They were removed from jobs in the party and government.
semester	i took one semester off and and i've been taking a class at least one class every semestera few years ago i was a student there and spent um a semester studying abroad in London
sentences	Jeez, just typing all those sentences makes Today's Papers want to escape into phone sex.There are many examples of how sentences with improper punctuation marks sound ludicrous.
septic	Patients with traumatic, septic, and crystal induced arthritis were specifically excluded.In our experiments we noted that total iCT levels peaked at 12h following the septic insult.
serial	[ 18 ] introduced another digital method called serial analysis of gene expression (SAGE).Another approach to increase throughput is the serial analysis of gene expression (SAGE).
setback	The NYT 's sampling editorial says the decision is "a setback for the democratic process."The NYT WTO story's angle: The lack of a trade deal is a major setback for Clinton.
sewage	Sewage and dirty water were thrown from upper floors to the streets below and left to fester.Sewage was thrown into the streets from upstairs windows, accompanied by shouts of “Gardeyloo! ”
sewer	Iowe Burn Rate a better synopsis, if only to excavate the psychopathology that runs through it like a sewer.and just putting it down the drain you know the sewer the drain sewer
shabby	James and Hemingway give way to the shabby backdrops of John Le Carré's novels.In his shabby house, he listens to the blue-collar wail of Bruce Springsteen.
shaft	Vermeer's single shaft of luminosity from window or door evokes an otherworldly reality.Masons dug a shaft 10 m (33 ft) into the bedrock for Ramses III’s tomb (11) c.1151.
shamble	Our guide said that only the leopard walks like that--the lions just shamble and clump along.
shanty	so you know it's like great we go to the Crab Shanty and i'm going to have veal you knowTragically, capital emiseration in favela and shanty
shatter	The flavor names are ridiculous: Powerade has Mountain Blast, Jagged Ice, and Arctic Shatter.largely designed to illustrate how a powerful woman can shatter glass ceilings."
shave	I was standing on the edge, trying to see my ass to shave it, when I slipped and cracked a disc.yeah they do and i told him i said well if you do it you can't shave your hair
shear	In recent weeks the SCMP has warned about wind shear at the airport, which opened last July.Thus resveratrol may act by a mechanism(s) closely resembling that triggered by shear stress.
shepherd	but our Shepherd was almost thirteen years old and it just you know it was almost cruelPresident Clinton must now shepherd the pact through Congress; passage is likely but not certain.
shimmer	Something tells me that it won't shimmer anything like Willie Morris' Harper's .It is especially beautiful at night, when the lights of the city shimmer below.
shiver	The shiver is accompanied by a murmur: "The President's on his way downstairs."A staircase creak in a dark old house makes him shiver.
shoes	I live in Pennsylvania, and during the warmer months I have a habit of not wearing shoes.So he put me in his car and we went to the nearest Omega Sports and bought me some shoes.
shovel	and i would get up at five o'clock in the morning just to shovel out drivewayAnd nobody's worked them to death or bashed their heads in with a shovel.
shred	Check for digital positioning and, of course, explosives-- and shred these papers."could be yeah um if it's vinyl it should be easier to strip too if it's paper it will probably shred
shrewd	It does contain some elegantly rendered anecdotes, and several small but shrewd insights.If Microsoft is so shrewd and powerful, why isn't it winning this public-relations game?
shrub	First Son , Fortunate Son , and Shrub are being written by independent authors.Far more interesting, though, was the idea of conservative activist government that the shrub articulated.
shutter	Every shutter on his house had blown away!During each experiment, phase and fluorescence image pairs were collected at 30 second intervals with shutter controllers switching between light and fluorescent illumination.
sicken	The virus does not sicken the chimps but apparently, after jumping to humans through the blood exposure involved in chimpanzee hunting and slaughtering, transmutes into the HIV virus.
sickness	yeah they do i mean it's amazing it's like a an an illness or a sickness or somethingand it was like every weekend i would just it's it was like sickness to me and i just got and just
siege	It said that a president under siege couldn't give the world the leadership it needed.These hills have a cascading fury to them, and the dwelling seems to be under siege.
sieve	Cages were changed daily and a sieve was used to measure spilt food.200 sieve to remove root and soil fragments, and a No.
sightseeing	The weather can be a critical factor in the pleasure of mountain rambles and sightseeing.The entire area makes for a great afternoon’s break from the pressures of Osaka sightseeing.
signify	There is general agreement that the Dylan honors signify Something Very Important about the '60s.Such a threshold is useful for defining a fluorescence ratio that would signify the presence of an antigen.
simplify	Both changes signal a stripping down, an old man's effort to simplify, relearn, restart.The smaller pilot data set was used to simplify the interpretation of the results.
simulate	Maybe not--but if there's a way to simulate a digital equivalent, George Lucas will finance it.For instance, in one mock attack, an agency team was able to simulate bringing about a core meltdown.
simultaneous	In the present study, simultaneous amplification of both oncogenes was observed in 12.The simultaneous release of albums from '60s rock stars occasions studies in contrast.
sincere	I guess my question really is: How can you tell whether a letter is sincere or fraudulent?Our sincere thanks to all of you and to Kate & Jon Sage for another successful fish drive.
singular	They are singular and powerful works; gathered together, they possess a clobbering force.Then there is the question, Why are both singular and plural forms shown for the headwords?
sites	5-methyl dCTP was used during first-strand cDNA synthesis to protect internal Xho I sites.A site is a collection of pages, linked together as well as to other pages on other sites.
situated	It is situated in the diplomatic neighborhood of Chanakyapuri (behind the Bhutan Embassy).Many shops are situated along a stretch of Colorado Avenue between 9th and 10th streets.
sizes	Nevertheless, diatom shells come in a dazzling array of forms and sizes (Figure 1; Box 1).YHL and YOL have similar effect sizes for women, and are significantly different from zero.
skating	And in some cases they seem to be skating close to the edge of propriety, if not the law.Friday at 8:00 p.m. marks the inaugural telecast of the World Skating League's RollerJam.
skeleton	eine Leiche im Keller, Lit. a corpse in the cellar: a skeleton in the cupboard (or closet)Last July, a couple of locals found a skeleton along the Columbia River in Kennewick, Wash.
sketch	If the fabric was to have a pattern, there might also be a close-up colored sketch of it.They could sketch or describe new fashions as accurately as their spying talents permitted.
skiing	Besides fishing, jet skiing, windsurfing, canoeing, and jungle trekking are all available.do they exercise much or i mean for skiing i know when i went you can get sore easily but
skills	Physicians' and other providers' knowledge, skills, and attitudes can all create barriers.This, along with his leadership skills, had a lot to do with my support for his candidacy.
skim	46 Efficient classification discourages cream skimmers because it leaves less cream to skim.but uh uh skim milk is what we drink now and that took a little getting use to
skip	I used to skip school during junior high and steal a pony and return it and go back home.So, uh, I skip a lot of things here that I could say, but they chose me and one more guy.
slab	The more money you give to the church, the bigger your slab, and the better your location.by myself and saved a lot of money that i couldn't have done if the house was on a slab
slack	The last few chapters are truly disappointing--slack, dated, and filled with tired ideas.But Dalí rapidly became slack, repetitious, corrupt, and in the end completely pathetic.
slag	Youth slag, soldier slang, actor slang, gay slang, CB slang — the list is endless.Wrongly accused of being a lazy language, youth slag is, in fact, as complex and rhythmic as any dialect.
slander	I guess my question is: How do I distinguish "sanctioned" gossip from regular old slander?sophisticated newspaper people, are allowed to slander--Southern white males.
slang	All the slang words collected here reveal aspects of prison life, which is never pleasant.hard dog US police slang of the 1980s for a dog owned by a criminal and trained to attack.
slate	(Click here to watch the trailer; click to read the rest of Edelstein's review in Slate .)(For an example of the concern, see Peter Edelman's "Dialogue" in Slate with Mickey Kaus.)
slaughter	If the process of slaughter becomes a savage yahoo spectacle, then we are indeed barbaric.Consequently, the cause of the contamination must occur at slaughter time, not on the farm.
sleeping	i was just thinking another good one i saw not too long ago was um Sleeping with the Enemyand sleeping bags and air mattresses you can camp on the floor you got a roof over your head
sleepy	Sleepy Hollow is Tim Burton's first full-gallop, Grand Guignol, gutbucket horror picture."'Sleepy Hollow' has got to be the most gorgeous, sumptuous, painterly movie ever made ..."
slender	[t]he entire evening is not unlike Kidman's much-discussed body: smooth, pale, and slender."Slender cells with a small, centrally localized nucleus were scored as fibroblast-like.
slim	Behind the inflated rhetoric, the Franklin panel has only a slim mandate and little power.If it's Fatboy Slim, and the others, and confined to that, I don't see the counterculture.
slippery	3) It's a slippery slope to leaving consumers unprotected in product liability cases.It had been raining so he had to avoid un aquaplaning skid on the slippery surface.
slit	The base plate is a smooth cap with a slit to contain the moving end of the knife.Anterior chambers were examined with a slit lamp and photographs were taken using a 40X objective lens.
slogan	(Suggested slogan: "We do more surrendering before 9 o'clock than most soldiers do all day."Is that the subliminal message of the slogan: "The Right Warner for Virginia's Future"?
slot	2 slot, behind New Jersey's Passaic River, signs went up along its banks reading: "Peligro!Racetracks are getting clocked by casinos, lotteries, riverboat gambling, and slot machines.
sluggish	The NYT focuses on the Turkish army's sluggish mobilization in the days following the quake.But while the regulations may have made banks fat and sluggish, it also made them safe.
slum	All of us agreed that the 1970s were a slum of a decade.The Liberties area, once a slum, is rapidly gentrifying, with new housing and restoration of the original small red-brick houses.
smelly	it got warm it was pretty smelly by the time we got there which is not too far a drive butJack Maggs is arching its brow at Dickens' vaunted causes, making them potentially smelly.
smokers	yeah i have uh my in-laws are both smokers and uh they've tried to quit numerous times andBut the majority of underage smokers don't smoke Camels--they reportedly smoke Marlboros.
smoking	This would cause millionaires to eat less cake (and to quit smoking and to exercise more).yeah well you just have to ban the smoking to their to their little room that they want to
smother	It's a story , which he needs to smother with a bigger story--a fake war with Albania.One of the young Bullets, Jaren Jackson, tried to smother Jordan and prevent him from getting the ball.
smuggle	In 1993 he was caught trying to smuggle classified information out in his prison letters.China will let the triads extort, smuggle drugs and arms, pander, and counterfeit.
snack	In other words, we snack when snacking is, on net and in our best judgment, a good thing."The snack bar, the gift shop, the new roller coaster--the entire place is just Annetastic!"
snacks	•For drinks and snacks at the water’s edge, there’s nothing like a beach restaurant.After all that surfing, it's time for snacks, namely, some Shanghai specialties.
snatch	They have flashy tastes, preferring to snatch at bright objects rather than dull ones.Now they're going to snatch them away from me and replace them with aliens or Arabs?
soak	Soak 15 minutes in tap water and scrub with detergent, or clean in an automatic dishwasher.Soak 15 min in tap water, and scrub with detergent, or clean in an automatic dishwasher.
soar	Who cares if the Apostle E.F. is a madman if he can make people's spirits soar this high?We are not richer because of money printing, but it does cause stock market valuations to soar.
sober	The relatively sober Japanische Kammer contains some prized lacquered cabinets and tables.The soaring vaults of the sober interior have the monumentality of French or German Gothic.
sociable	How can you get an inactive child who loves quiet play to be more active and sociable?Bermudians are a particularly sociable yet competitive people who take enthusiastically to sports.
solemn	You're no longer enticingly innocent and desirable but boringly earnest, naive, and solemn.“The land law was on the move--in a solemn progression of rules and technical evasions.
solidarity	The move, which the WP calls "unusual solidarity," is expected to send oil prices up.To show solidarity with you, I watched the whole encounter, larded up as it was with odd rules.
solitary	Vice is rarely a solitary invader; it usually brings with it a frightful train of followers.Sirenians are solitary, travel in pairs, or associate in groups of three to about six individuals.
solo	4% of solo practitioners agreeing with three or more of the four breast screening questions.but uh that gets old too in a very short order i'm i'm hoping that this uh solo flex will uh
soluble	A smaller fraction of the tested antibodies gave accurate quantitation of soluble antigen.We also found that inducing at an A 600of 1.0 rather than 0.5 gave more soluble protein.
solvent	This solvent was methylene chloride; the company introduced dibasic esters as a substitute.Solvent A was 5 mM tetrabutylammonium phosphate, 30 mM KH 2 PO 4 , and 4% acetonitrile (V/V).
sore	do they exercise much or i mean for skiing i know when i went you can get sore easily butSpecter has a reputation for being a sore winner that he bolstered during the Hackathlon.
sour	Oxy comes from Greek oxus sharp < IE * ak , sharp and sour both being descriptive of acid.' Tory killjoys struck a sour note by calling the timing of the announcement a Labour stunt."
sources	TABLE A.- AFFECTED SOURCES AND UNITS IN PHASE I AND THEIR SULFUR DIOXIDE ALLOWANCES (TONS)The logical objection is that sources and methods may vary greatly in different locations.
souvenir	A number of souvenir shops in the houses have some interesting Bahamian and European gifts.But, the collector adds, "There is a difference between taking a trophy and a souvenir."
souvenirs	Specialty goods and souvenirs, often handmade, come from Hong Kong and elsewhere in China.This is the place to come to check out the full range of local handicrafts and souvenirs.
sovereign	An important part of U.S. diplomacy is getting sovereign states to work together voluntarily."White, padded, and one biblical quote away from declaring itself a sovereign nation."
sow	"Sow according to your charity, but reap according to your lovingkindness" (Hosea 10:12).Randy, I'm always true to you, darling, in my fashion, but sometimes a girl needs to sow some wild oats.
spacious	Just ahead is the spacious, serious Plaça de Sant Jaume, the heart of the Barri Gòtic.Rooms are comfortably large, with a small sitting area, and bathrooms are surprisingly spacious.
span	HGSC's initial approach to gap closure of 3L was to design primer pairs to span each gap.the hundred-plus-year life span of modern art are on every museum's agenda these days ...
spark	Conley had hoped to spark a general discussion of sexism in the medical academic profession.In the 1990s, after being sold and resold, Ms. lost its spark, but it still carries on.
sparkle	Just to free associate, Prudie, herself, loves jewelry and is known to intimates as Sparkle Plenty.Rent a canoe or kayak to explore some of the 500 lakes and rivers that sparkle across an area of 1,500 sq.
sparse	... Lewis's sparse prose gives her tale the mysterious inexorability of an ancient saga.Mutant offspring that were best able to utilize the sparse nutritional residues would survive.
spatial	At least eight residues form a spatial cluster in the vicinity of the conserved arginines.First, there is an inherent loss of spatial information with the construction of a DVH plot.
speaking	Because the barbarians are coming today and they're bored by rhetoric and public speaking.Deborah Harry is no actress--her speaking voice is as dead as her singing voice is glassy.
speciality	International cuisine with many interesting dishes; the pies are a house speciality.Ensaimadas — sweet rolls made with lard — are a Balearic speciality generally available on the island.
spectacle	If the process of slaughter becomes a savage yahoo spectacle, then we are indeed barbaric.Five times a day, scuba divers go in to feed the fish, a fascinating spectacle to watch.
spectator	For two years, Salon says, Dozhier used Spectator money to support Hale--an old friend.And I'm also sorry I wrote in the American Spectator that Vince Foster fondled you in public.
speculate	Using this diagram, we can speculate about how life might be different on Mars or Europa.But if she could write about fiscal policy, perhaps I can speculate a little about her.
spider	The paintings became sinuous lattices, like the web of a deranged and brilliant spider.WWW : Will Smith gets attacked by some kind of mechanical spider, probably not affiliated with the NYPD.
spiral	Inside, eight spiral columns support the canopy of the 17th-century carved oak baptistry.So she climbed the spiral staircase with him to her bedroom and just couldn't believe it.
spit	” Obscene spoonerisms represent the pinnacle of spooner-type wit (or is that wooner-type spit?A spit of land reaches out south of the city across Kingston Bay, sheltering the famous harbor.
splash	If the beach or pool begins to pall, kids can make a bigger splash on a giant waterslide.The capital, Pothia, is a splash of bright color climbing a hillside on the south coast.
sponge	He wants to know if Victoria sponge with a Bath bun and Malvern water is of interest.and this is an old older house and it's kind of a sponge is what it looks like to me
spontaneous	"Temperate and spontaneous fun" sounds like something one might have to do in a work camp.All spontaneous chemical reactions, if coupled to no other source of energy, are exergonic.
spoons	Alison: (while stacking multicolored plastic spoons) I don’t need my house painted.That is, if you can stand the noise produced by wooden spoons hitting Tupperware.
sporadic	Low BRCA1 levels found in sporadic cancers may be an important factor in tumorigenesis.Low BRCA1 levels found in sporadic cancers may play an important role in tumorigenesis.
sports	Gabler notes that Columbine's closed-circuit TV system played sports highlights regularly.On the other hand, his recent proposed revival of the "Z" sports car was a shapeless blob.
sportsman	yeah right more because of their personalities than their sportsmanNotice an unusual feature of the giant statue in Cave No. 13: the Buddha’s right wrist is supported by the small figure of a four-armed sportsman.
sportswear	The china department is huge, and the cosmetics, sportswear, and luggage sections are excellent.For generations, they had to look tough, modest, honest, and restrained under plain suits or plain sportswear.
spotlight	Take the spotlight off of them until the Christmas tree lights come down in January 2000.Also: The queen's recent visit to India put the spotlight back on the issue of colonial guilt.
sprawl	May I point out that sprawl is to a large extent the fault of our current local tax system?After the Second World War new highways led to broader horizons, and suburbs began to sprawl.
sprint	USA Today leads with BellSouth's offer of $100 billion in the Sprint Corp. takeover battle.He fought the bill; Sprint PCS fought back, by phone and fax, wasting a good amount of time.
sprout	Jennifer was a sprout of the local cop dynasty, the only one not to wear the blue herself.I started picking up The New Yorker , back when I was a sprout, in order to read Donald Barthelme.
spur	She did it not on the spur of the moment; she did it over a considerable period of time.While the strikes were ethically justified, they may spur further terrorism in revenge.
stabilize	Riggs says legal-aid agencies help stabilize society; they're a safety net for those in need.The US extended 40 billion dollars in loans to stabilize the monetary system.
stagger	yeah but but you did stagger stagger back and say oh doesn't this look niceSiegfried can only stagger to the greasy Biedermeyer sofa and collapse. "
stagnant	The Post says it's because of a stagnant state economy and a welfare system still needing an overhaul.Gore has suffered from being perceived as the spoiled, stagnant front-runner.
stain	Consistent with the binding data, this SP analog did not stain rSPR-transfected CHO cells.Kill video poker in South Carolina, and you erase the biggest stain on gambling's image.
stale	Before long, however, the buck-stops-here cliché grew stale, and the story line changed.Critics were equivocal; the Washington Post 's Rita Kempley called it "stale feminist fluff."
stall	People such as myself cannot get up from the seat in a conventional stall without handrails.Prudie often sees women take the handicapped stall simply because it becomes available first.
standards	3 GAGAS incorporate only one of the AICPA's general standards for attestation engagements.5. What are the Implications of Current Fiscal Policy Choices for Future Living Standards?
staple	The Great Famine struck in 1845 with a blight on the staple food of the poor, the potato.yeah spaghetti's a pretty staple every other week or so so and it goes a long ways too so
starch	low in any substance, as sugar, starch, or tars, that is considered harmful or undesirable: light cigarettes .”During the filling phase all plant resources contribute toward a steady rate of starch accumulation in the starch storage unit.
startle	In contrast, the DNT includes tests of locomotor activity, acoustic startle, learning, and memory.He goes on to say, “Hispanic graveyards are places of color, where paints, flowers, and tiles combine to comfort the bereaved and startle the gringo” (88).
starve	you know gee Holly would starve to death if we you know we took her to another country soA mouse must eat about half its body weight every day not to starve; a human gets by on only 2%.
statesman	something and and if we could it's not wise that i guess i'm still looking for a statesmanToday, the elder statesman advises Cambodia's leaders to seek rapprochement with the West.
static	The range of static displacement discharge frequency for 1° afferents was found to be 18.Golgi tendon organs mean L init static discharge frequencies was 16 ± 2 spikes/sec (Fig.
stationary	i see um-hum um-hum and what kind of a bike do you have what kind of stationary bike do you useyou think so i bought a stationary bike but i find that if i sit on that seat too long it hurts
stationery	The town also specializes in bookbinding and beautiful stationery and paper products.It's true that if the programs aren't winnowed down, not much changes apart from the stationery.
stations	Much of the data came from a network of hundreds of seismographic stations called Tri-Net.what about your uh radio stations do they uh provide much in the way of current event stuff
steadfast	The image it suggests to your steadfast adviser is of two children dancing in a meadow ..."I heard Secretary Cohen say, 'Well, Milosevic miscalculated how, you know, steadfast we would be in the bombing campaign.
steak	This is like being asked how you want your steak cooked: Most people take the middle option.one of my favorite restaurants is Steak and Ale now that's a chain sort of a chain restaurant
steamer	Instead of flying down, many people prefer to take the more leisurely steamer from Mumbai.A pleasant way to enjoy the lake is to take a trip on the Victorian steamer Gondola.
steer	The damage is cumulative, and eventually the boat takes on so much water it is impossible to steer."I want mine to include a few well-chosen pans, to steer me away from the overrated and the overpriced.
steering	now it lands on the steering wheel and faces me: What do I look like in the eyes of a fly?Do not look at it as "putting him out," but rather steering him to an independent life.
steps	For admission to its two great mosques buy a ticket at the booth by the foot of the steps.For this reason, two additional steps were added to the ortholog identification procedure.
stereo	Sweet and Lowdown is a "small" comedy--it's monaural, not stereo, and purposefully distant.I have found that when the incoming music is routed through my stereo, I get excellent sound.
stereotype	It may be the last publicly acceptable stereotype in American journalism: the Appalachian.One of the greatest achievements of each is that he destroyed the stereotype about himself.
sterilize	Nobody is proposing to sterilize women or forbid them from having children.The same technology is already used safely in hospital radiation-therapy units and plants that sterilize medical products.
stern	In his memoir, however, Stern writes: "I find nothing attractive about the pregnant form.Shock jock Howard Stern successfully transforms himself into a likable American Everyman.
steward	Asano’s clan steward, Oishi Kuranosuke, and forty-seven of his loyal retainers vowed revenge.J. Barrie Shepherd, First Presbyterian)--Would you ask the divine wine steward what goes with rats?
sting	When we meet them at a certain distance, we can usually manage to take the sting out of them.Third parties, as the saying goes, are like bees: They sting and then they die.
stipulate	The annual blanket contracts should stipulate discount terms and late payment dates.So let us stipulate that everyone involved in the Volunteer Summit means well.
stones	Music -- Time Out of Mind , by Bob Dylan, and Bridges to Babylon , by the Rolling Stones;One of the hardest of stones, jade has intrigued the Chinese for at least 3,000 years.
stoop	No more so than when they stoop to cleaning bathrooms for minimum wage, he says.The movie opens with a spaceship depositing an infant Oscar Wilde on the stoop of a Dublin townhouse.
storehouse	Of the original buildings, only a powder house in the southwest bastion and a storehouse in the northwest survive.Others insist that it was just a storehouse for jewels.
stores	and they actually had lentils which some stores don't have things like that you know whichThe Friendship Stores, found in all significant tourist locations, make for easy shopping.
storey	Going via results for the FDR in Storey [ 12 ] (see also [ 13 14 ] ) it is possible to derive the estimateSee also NSC email, Storey to Berger and Clarke, June 24, 1999.
strait	In a.d. 711 a great Muslim invasion fleet from North Africa crossed the Strait of Gibraltar.And the Strait of Juan de Fuca is named for a Greek navigator who likely never existed at all.
strap	Ninety-four degrees outside I got nothing on but a jock strap, I'm still dying it's so hot.No it didn't have flowers, just the swim caps with the, the strap that hooked all the way under.
strenuous	The study protocol forbade 'strenuous physical activity' and any prescribed medications.None of them was involved in any type of regular exercise program involving strenuous activity.
stressful	oh a little stressful you know just looking all the time and that sort of thing that's allThis would usually be impractical or, at the least, very stressful to the organisms.
stride	Lions sculpted in relief stride along the street’s blue-and- ochre tiled walls towards the Ishtar Gate.In The Crossing McCarthy hits his stride in dialogue in colloquial Mexican Spanish and does himself proud.
stripe	Five modules driving individual stripes and stripe pairs have been identified experimentally.Ahab predicts four of them (stripes 1, 5, 6, 7), only the stripe 3+4 element is not recovered.
strive	Indeed, art had to strive to achieve an instantaneity that bypasses laborious storytelling.Investigative reporters strive for truth, but political reporters strive for balance.
stronger	3; r 2= 0.392), indicating that they are undergoing stronger selective pressure than LTGs.However, the results would certainly be stronger if an active control group was included.
stubborn	The energies he had previously invested in stubborn rebellion were channeled constructively.What suggestions do you have for disciplining a strong-willed, stubborn child?
studies	Although it is specifically aimed at RCT's, it could be adapted to other types of studies.As the criterion for differential expression in the microarray studies analyzed was 1.5-2.
sturdy	A special place is reserved for the sturdy little bushplanes used to cover the wilderness.but uh he is uh he's pretty sturdy but he's got to learn to get rid of it pretty quick
styles	Local handicrafts reflect a mix of traditional Spanish and African techniques and styles.Women’s clothing is characterized by great diversity in styles and short production runs.
subcommittee	The Honorable George V. Voinovich Ranking Member Subcommittee on Oversight of GovernmentReport to the Subcommittee on Readiness and Management Support, Committee on Armed Services,
subdue	He sent thousands of troops across the Pyrenees to subdue the Spaniards, who then revolted.Henry VIII and Elizabeth I were determined to subdue Ireland, and sent in massive military expeditions.
subjective	Of course, numbers can never resolve the inherently subjective question of cultural health.Intimacy has two aspects--actual size and the subjective perception of size and scale.
subjects	A significant number of study subjects reported that their symptoms improved with writing.On average, 24% of the subjects reported consumption of both citrus peel and iced tea (20.
submarine	You will also find the ticket office for Atlantis Submarine in the Havensight Mall.Hence the (quite enthralling) cover story on life aboard a nuclear submarine.
submerge	Nautibus, Sub See Explorer, and Atlantis XII all submerge to 50 m (150 ft) to explore the reef eco-system.These attempts to stamp out free thinking suggest what is really going on inside the GOP: an effort to submerge the battle of ideas.
subordinate	For instance, she would prohibit men from having sex with subordinate female co-workers.Indeed, Mullah Omar had executed at least one subordinate who opposed his pro-Bin Ladin policy.
subscribe	but other than that i don't really read i don't i don't really subscribe to anything elseno i i think that's an extremist position and i and i don't really subscribe to it either
subside	Complaints about Cannes' overwrought glitz subside during the festival's second week.Technological advances generally come in waves that crest and eventually subside.
substantiate	To substantiate the results observed by co-immunoprecipitation, an in vitro protease protection assay was employed.To substantiate the generality of these findings, we analyzed four additional patients with vaccine-elicited responses.
substitute	A true need exists to compare this mercury substitute thermometer with the mercury device.The company began purchasing this chemical as a drop-in substitute for methylene chloride.
subtitle	The subtitle to Filles de Kilimanjaro was telling: "Directions in Music by Miles Davis."The subtitle of the DD is, Over 5,500 Clinical, Legal, Litterary and Vernacular Terms.
subtitles	There are several cinemas, showing films in their original language with subtitles in Hebrew.For undubbed versions with French subtitles, look out for the letters VO (version originale) in listings or posters.
subtract	T value as an arbitrary constant to subtract from all other ΔC T sample values (Table 4).Subtract the shock value, and what you have here is the salon painting of the 1990s.
succinct	He never finds out, but the notes are succinct, lyrical, and uniformly devastating.The lengthy subtitle is given above because it is the most succinct way to describe the contents.
succumb	Banks does not, in the end, succumb to the desire to include everyone who ever had an idea.Trained scientists such as myself, however, do not succumb easily to superstition.
suggestions	9 ± 0.4 years for controls) and no suggestions of trends with numbers of births (Table 2).We believed the two criteria were met; however, we offered four suggestions to the agency.
suitcase	(If a character buries a suitcase full of money, we should find out what happens to it.)oh i forgot my i i had to dig through my suitcase and find my personal identification number
sulphur	The springs, with their soothing sulphur baths, were developed by the Japanese during World War II.Rhodanese extracts a sulfur from sulphane sulphur containing anions (e.g.
summon	Before the answer could be given, he had to summon up a variation on the venerable theme--But she can't summon up much curiosity about Owens, who rarely rises above portentously ironic clichés.
sundial	If usage is a sundial, the shade of meaning alters its angle slightly here.by Leisuretime Products Ltd, Sundial House, 89-93 Goldsworth Road, Woking, Surrey GU21 1LT, in The Sunday Times, 29 May 1988, B2.
superficial	P53 and VEGF immunostaining was similar in GC patients with superficial and deep invasion.In the superficial layers most prominent staining was found at the epithelium surface (#3).
superfluous	I am glad with the gladness of the lover of truth: the man has always been superfluous."i think we can also do a lot to eliminate an awful lot of paper work and superfluous regulation
supersede	Everybody also notes that if approved, the national settlement would supersede this deal.This section would supersede the Clinton-era documents.
supersonic	Tucker can be trying when the script isn't good, but he's a great foil for Chan--physically gung-ho and with supersonic timing.The advent of jet travel--and supersonic jet travel--has made it possible for them to work virtually simultaneously not just in several cities but on several continents.
superstition	Trained scientists such as myself, however, do not succumb easily to superstition.It's a metaphor for our vainly putting our faith in modern technology instead of centuries-old superstition.
superstructure	The ground floor dates from 1467, and the beautifully sculpted wooden façade of the superstructure from 1589.The most fanciful and photogenic parts of the castle’s superstructure — its feast of turrets and towers — are the work of restoration after a disastrous fire in 1862.
supervise	The law, however, requires that Defense Department officials supervise these procedures.leaders able to evaluate, approve, and supervise the planning and direction of the operation;
supplementary	Amphotropic viral producers were established in PA317 cells (see Supplementary Material).Federal Mission PP&E shall be reported as required supplementary stewardship information.
supposedly	Supposedly they were very streetwise and liked to hang out with their pachuco boyfriends.Patrick Buchanan supposedly was thinking of running against Bush or he just announced today
supposition	Unfortunately, the movie rests upon the supposition that Americans have such a reservoir of affection for the U.S.Your first supposition was right: Prudie was punning.
suppress	Communist leaders can't decide whether to suppress Li or co-opt him for their own agenda.But that's what happens when you suppress the powerful erotic and aggressive urges of youth.
surcharge	The 7.5 percent surcharge would have added $ million to the FY 2000 terminal dues cost (7.Maryland has a surcharge on court filing fees that goes to legal services for the needy.
surge	Newsweek 's says the aging of baby boomers has prompted a surge in research about memory.A piece likens the recent surge in multiple personality disorder to 19 th century hysteria.
surmount	However, experience has indicated that project planning can surmount even difficult situations (e.g.The nation will surmount death with its new dedication—to freedom for all.
surname	Years later, Rotcod became a doctor to realize the unfulfilled potential of his surname.Originally a Yorkshire place and surname, it had mainly masculine associations for centuries.
surpass	So, as computers get faster, they will surpass human capabilities in these limited domains.The "best wines of the new world can match or even surpass the great wines of the old world."
surplus	State and local government net saving has been relatively small, ranging from a surplus ofSo far, the federal government has used surplus funds to reduce its debt held by the public.
surrender	and who refused to surrender to the bullying of Mr. Starr's witchfinder-general"; the U.S.on Late Edition , citing the Serb surrender to the Dayton peace conference as an example.
surroundings	In its Greek form, Judea, it was applied to just Jerusalem and its immediate surroundings.Its Italianate style and restrained proportions ﬁt in exquisitely with its surroundings.
susceptible	and it seems like those countries are so easily susceptible to that kind of thing it justIsolated bacilli were considered susceptible if the inhibition zone was 11 mm or greater.
suspense	The point has been that the suspense is endless, that there is finally no meaningful plot.i think suspense is the right word um and and but but little bit strange and esoteric and um
sustenance	It continues for just over 10 km (6 miles) until it reaches Portela, where a good restaurant offers sustenance to weary hikers.If Ireland got hit hardest by the famine, it was because it depended more heavily on the potato for sustenance than other countries.
swamp	Where swamp gives way to dry land, you will see the fascinating, monstrous strangler-figs.From the woods I gathered crab apple, winterberry, and swamp maple that looked promising.
swarm	He is nearly blind in the left eye, and he can't stand the mosquitoes that swarm around his hut.A swarm of government enforcers peering over a company's shoulder is a strong incentive for it to behave.
sway	He was a member of the Hohenzollern dynasty that was to hold sway here for over 450 years.But some skeptics disagree that any Internet issues will sway the electorate at large.
sweater	and not so much our pants but you wear a sweater and a short sleeve shirt underneath thatCool means it is pleasantly warm by day, and fresh enough for a sweater in the evening.
swell	As with Social Security, Medicare spending will swell as the elderly population increases.As Columbus announced When he knew he was bounced, “It was swell, Isabel, swell.”
swerve	Here's a headline from this weekend's New York Times : "Swerve and Sharp Elbow Cost a Hotfoot the Stage.""The elbows could be pardoned as a common offense, but the swerve was too blatant a piece of interference."
swift	You weren't vamping him, after all, and both of you made a swift effort to end the scene.Speakers called for the president's swift exit but disagreed on how best to approach it.
swirl	I had the swirl and ache From sprays of honeysuckleThat when they're gathered shakeDew on the knuckle.vacuum things that are thrown from ships swirl in and swirl in to our beaches
sydney	Sydney: (Places the piece in the correct space, using both color and shape as a guide.)"My view was it might encourage them to consider their votes for Sydney," Coates said.
syllabus	An even more idiosyncratic trend has been to spawn new blends by using syllabus of Japanese words with English syllabus:But the Times editorial concluded with a sentence so pompous and so non-committal that it should be immediately be added to the syllabus in journalism schools.
symbolize	Each of the holiday's seven days is meant to symbolize one of these principles.An anthill and serpents at his feet symbolize the mental agony that his smile shows he had conquered.
symmetry	We cannot deduce from the symmetry of the initial state how that symmetry will be broken.Both polymers contain SAM subunits arranged as a left-handed helix with a 6 5 screw symmetry.
symphony	did yeah have you ever been to the to to the Dallas Symphony have you is it are they good80, a hastily written occasional composition with amusing premonitions of Symphony No.
symposium	This is no coincidence, since the Symposium portrays homosexuality as useful and ennobling.Ask any nonclassicist who has read the Symposium , and you will get this basic recollection.
synchronize	In order to synchronize the onset of arthritis, 40 μ g lipopolysaccharide (Sigma) was injected intraperitoneally on day 28.The NYT and the LAT front the agreement between Russia and Belarus to merge their currencies, synchronize trade, and relax political barriers.
syndicate	Consider the memorable statement made by the head of a ¥1.5 million winning pools syndicate.Ianni writes, "Johnson essentially worked as a middleman for the Italian syndicate.
synonym	Speaking of the one right word: three of 42 words of text, evidently zawn has no synonym?<synonym> <term> PTLD - Post-transplant lymphoproliferative disorder </term> </synonym>
synthesis	5-methyl dCTP was used during first-strand cDNA synthesis to protect internal Xho I sites.RT-PCR was performed using the RETROscript first strand synthesis kit for RT-PCR (Ambion).
synthetic	Fentanyl is a synthetic opioid ligand belonging to the phenylpiperidine family of ligands.For the completely synthetic data shown in Figure 1a,1bthe signal-to-noise ratios are 14.
systems	access to government and scientific data originating from diverse systems and disciplines.An analysis of separate postal systems for bulk mailers is beyond the scope of this paper.
tables	2) nucleotide and base pair frequency tables for all positions in the reference structure;The relatively sober Japanische Kammer contains some prized lacquered cabinets and tables.
tablet	For example, one tablet of Malaratab (the most popular AQ) ranged from $.07 to $.21.One hour after taking his fifth mefloquine tablet he experienced acute amnesia lasting approximately one hour.
tablets	Stone tablets recording the history of Jews in Kaifeng are stored in the Kaifeng Museum.Ecstasy tablets featuring the faces of Teletubbies have been spotted in London raves.
taboo	Impeachment, once taboo, now seems like a legitimate weapon, a way to settle the score.The system of taboo (kapu) gave society its laws and the people a complex moral code.
tacit	Unfortunately, the commentary, being tacit, is a bit too subtle for many of the people who are likely to refer to the Grammar .In 1900 the Legation Quarter was attacked by the Boxers, a radical nationalist group that had the tacit support of the Qing court.
tame	The babes with radar for difficult men have the idea that they can "fix" a guy or tame him.The birds in this Old San Juan park are almost tame and are sure to feed from the hand.
tamper	In Gattaca , the victim is Vincent Freeman (played by Ethan Hawke), a "faith birth" whose parents didn't tamper with his embryonic DNA."Don't tamper with this jury," Sen.
tangible	99) "offers peace of mind" and a tangible way to say, "Dad, you've got something to hide."In recent years, the Dalai Lama's roster of tangible accomplishments has been negligible.
tangle	Yet Don't bite the man that feeds you makes satisfactory sense; so does It takes two to tangle .The title of The Bounty , Walcott's first book of poems since Omeros , is a tangle of associations.
tar	The TAR has a point mutation at (C37 -> T), which no longer responds (efficiently) to Tat.Figure 1summarizes the results of radial TAR cloning of the transgene with those vectors.
tariff	Up until the mid-1960s, presidents negotiated many bilateral tariff reductions, attracting little attention.In the 1890s, Mugwumps such as Godkin crusaded for free trade and against tariff protection for corrupt manufacturers.
tarnish	It must be dignified: It cannot tarnish the presidency, and it must be acceptable to Clinton.Surely he's willing to tarnish the legacy he cares so much about in order to save his presidency.
teams	encouraging employees to combine their resources and talents by working together in teams,uh i haven't really gotten serious about it like the resurgence i played it in uh teams but
tease	Sophisticated research is required to tease apart the complex interactions between these variables.These may seem like imponderables, but we can tease out a few differences.
technician	22, 2003); NEADS audio file, Identification Technician position, recorder 1, channel 7, 9:41.NEADS audio file, Identification Technician position, recorder 1, channel 4, 10:02:22.
techniques	These techniques have already been used in a number of Senate and congressional campaigns.When frustrated, they haven’t yet developed many techniques for regulating their emotions.
tedious	As for The Hand , by California neurologist Frank R. Wilson, even the epigraphs are tedious.When I worked at Late Night (oh, no, not another of his tedious stories about the old days!)
teem	The deeper waters offshore teem with tunny (tuna), swordfish, and shark.The waters around the islands and cays teem with fish, and the Bahamas also happen to be on the migration routes of many species.
teeth	They were pretty beat up and the tops well covered with carvings of teeth, initials, etc.This may be the effect of the teeth in these rectangular cages engaging into the endplates.
telex	Olympic games participants must identify symbols in order to find everything from locker rooms to Telex machines.The company profiles section gives the addresses, telephone, facsimile, and telex numbers of all manufacturers and publishers, with their international affiliates and dealers.
telling	And a few pages later, he's telling the president to bomb the Serbs back to the Stone Age.i was telling a friend i i said i only cried twice but each was about half an hour long so
temper	The heat is year-round (average 25º C/77º F), but so are the trade winds that temper it.That might begin to cure, or at least temper, his wicked and dangerous sense of entitlement.
temperament	Burne-Jones hated it no less, but there's little of the social critic in his temperament.Already isolated by temperament, he seems more vulnerable than a conventionally nice martyr.
temperate	"Temperate and spontaneous fun" sounds like something one might have to do in a work camp.Tuesday, September 11, 2001, dawned temperate and nearly cloudless in the eastern United States.
temples	Along Jalan Tokong and Jalan Tukang Emas are Chinese and Hindu temples and a Muslim mosque.However, it stands on the site of one of Japan’s earliest Buddhist temples, which he built.
tempo	okay they're progressive in that it's just the same up beat tempo type or instruments they useBut, in fact, they're quite pliable, lending themselves to dramatic shifts in tempo and voicing.
temptation	I think he's more likely to be caught by that kind of temptation than by a hunger for power.We don't have to resist temptation nearly as often as employees of traditional media companies.
tenable	But anti-Clintonism is not a tenable national strategy.In this era of comparative genomics, it is no longer tenable to use acronyms for genes and their gene products that differ from organism to organism.
tenacious	The Maroon community, descendants of proud and tenacious slaves, still live in two isolated pockets on Jamaica.The island is well covered with tenacious pines, a delightful variety of wild flowers, and crowds of friendly lizards.
tenancy	Since the 13th century, the castle has been owned by the Pennington family, who feel that their tenancy is protected by the terms of an ancient royal gift.
tentacle	Also the freeze-frame on her in the classroom, her hand waving in the air like a tentacle, her eye-lid half closed, her lips moving into position for that grin that wants to ingratiate but looks like a grimace.
tentative	It will require most of this book to unfold the implications of this tentative definition.The column reports that a tentative settlement between Nicks and the feds is in the works.
terminate	so if you terminate him that's a loss of value so you know if you weight everyone equallyAt the occurrence of a component with nonsignificant F-statistics, we terminate the selection.
terrestrial	British terrestrial broadcasters had limited viewers to only a handful of channels.There would still be a New Jerusalem, although a purely terrestrial one.
terrify	but a lot of kids i mean if a child has uh claustrophobia i mean that's just going to terrify him you know andMay such terror terrify those in thrall to earthly error, for the horror of these images tells what awaits them. ”
territorial	condemning America's violations of the territorial integrity and sovereignty of Pakistan."He reportedly said that recent developments have made territorial compromise inevitable.
terse	He glanced up as we passed, shook his head and uttered a terse greeting.Greed, too, was discouraged with a terse reminder, You don't need that any more than a toad needs side pockets.
tertiary	This difference in tertiary structures between the two subunits makes the dimer asymmetric.King Fahad National Guard Hospital is a 550-bed tertiary care center in Riyadh, Saudi Arabia.
textile	39 Textile mills at their outset often provided the principal employment in the locality.Currently, no more than approximately 35 percent of textile shipments are for apparel items.
thaw	This spring, scientists will thaw the block and examine the animal and surrounding plants.she said at least before she could use them she'd have to thaw them out i mean that's funny
thermal	Dispatched to do a thermal analysis, a general reports, "The thermal analyzers have jammed."because it will only take a minute to print one of those out and then run a thermal copy of it
thermometer	A true need exists to compare this mercury substitute thermometer with the mercury device.An ambient temperature thermometer with NIST traceable certificate of compliance was also used.
thesaurus	A Dictionary of Surnames is thus more like a thesaurus than an alphabetical dictionary.on your editor do you do uh does it do spell correcting or any kind of thesaurus work
thirst	An essay says Washington's thirst for impeachment stems partly from a yen for parliamentary politics.Meticulous oral, nasal, and conjunctival hygiene help to allay concerns overt patient thirst [ 84 ] .
thorn	Its sculptures include a flute-playing maiden and a small nymph pulling a thorn from her foot.Thorn and wynn are borrowings from the Runic alphabet, once widely used in England and Scandinavia.
thorough	The 24-part series, a pet project of Ted Turner, is evenhanded, thorough, and captivating.H: "Oh, our expert veterinary staff will of course be on available to you for a thorough
thoughtful	(Disclosure: Today's Papers was once--it likes to think--one of those thoughtful voices.)On the left you will find a bronze statue of David Hume, depicted in calm, thoughtful pose.
thoughts	Magazines now wanted to know his thoughts about the future of computing and the Internet.This heedless yammering adds to the clamor and prevents me from thinking my own thoughts?
threats	Many will let you monitor earthquake activity, ozone levels, humidity, and flood threats.There was a clear disparity in the levels of response to foreign versus domestic threats.
threshold	Changes in expression above a certain fold-change threshold are deemed to be significant.P -values according to several different methods: (i) The normal P < 0.05 threshold (i.e.
thrill	Don't mind telling you, In my humble fash, That you thrill me through With a tender pash.The cover story claims that Americans have embarked on "a national orgy of thrill seeking."
thriller	Real politics is messy and morally ambiguous and doesn't make for a compelling thriller.and that was kind of another suspense type Alfred Hitchcock type thriller that was good
thrive	Those that adapt and change (and yes, get “corrupted” once in a while) survive and thrive."Stock Hucksters Thrive on the Web," said the front page of the New York Times yesterday.
throng	On Saturday afternoons and evenings, the place is a teeming throng of humanity.The Los Angeles Times told readers that "the real news was the wall-to-wall press throng" at the news conference.
thrust	The assault was a failure, but it thrust into the limelight its young leader, Fidel Castro."Otherwise, the thrust to Pristina will have been a spectacular but ineffective action."
thunder	But The Heiress , for all its un-Jamesian blood and thunder, remains the truer adaptation.“That thunder is way up in the sky, far away,” Deb explains, pointing o in the distance.
tick	2 million Americans reported having used an illegal drug during the previous year, up a tick from 11.yeah i yeah my my very favorite one that the top of the tick for me is uh Excalibur i i loved that film um
tickets	but yeah like you said if you really if you need that extra for charging tickets and stuffIt'll be just like when my grandmother used to give us lottery tickets for our birthdays.
tidy	They are kept neat and tidy, with water-sports facilities and areas for changing and showering.But if the writing is tidy, it's never glib--it has too much texture for glibness.
tiles	Despite this the interior is still breathtakingly beautiful, decorated with the best tiles.decisionmaking on whether or not to go, in relation to other components, such as tiles;
tilt	To confirm the proper viewing angle, tilt series and stereo imaging were utilized.The whole idea is to produce a pelvic tilt for better access to the G spot.
timely	gun control seems to be a rather um timely topic with all that's going on legislation wiseIt is also recommended that the report be made available to the public in a timely manner.
timetable	The ferry timetable runs on a winter (read curtailed) service until the first week in May.You can say timetable (horario) , and you can proyectar something, or programar it.
timidity	Patient driving is always a good idea, but timidity is not helpful in the Paris rush hour."The Prime Minister has, through timidity and ineptness, helped to make this monster.
tinge	he does i i i from just his speaking i i i hear a a very a strong tinge of integrityMalcolm's objections come not only in matters of logic--there is a moral tinge to them sometimes.
toast	so it wasn't too bad it really wasn't but i was more in the mood for French toast anyway so1919: Congress Votes for Prohibition, Celebrates With First Toast in Congressional Speakeasy
toddle	It was in critiquing Play-dough that Toddle developed the Syllogism in Barbara, but this was where we started.The principal figure in this development was Dr. `Arris Toddle, who invented the Syllogism in Barbara, as well as those in Betsy, Patricia, and Harriet.
toil	The fishermen toil at this job, working the poles in and out, in and out, endlessly.Q: Are you trying to insult persons who toil in workstations?
token	(The movie would have been more fun, though, if DiPego had left in a token telepathic ape.Just lift the token on your enclosed membership invitation from the top right of the page.
tolerable	Highly efficient air-conditioning makes life tolerable for mere humans.right well you make a habit out of it and it's a tolerable situation
tolerance	In fact, Americans seem to possess a tolerance and perhaps even a relish for gobbledygook.Popular attitudes even go beyond tolerance for the intrusion into our personal identities.
toll	"Express lanes at highway toll plazas for those who know Jesus as their personal savior."The U.S. doesn't dispute the death toll but dismisses the shootdown claim as groundless.
tones	His doleful low tones and operatic mouth-breathing give even his vilest lines a dopey sweetness.In flat tones, Raskolnikov quickly explains to my wife the perils of our new home.
tonic	Here Kern harmonizes the tonic or central key, D, with a conventional tonic D-major triad.1), IMP gave significantly larger both phasic and tonic responses in the CT than in the NG.
tools	Fortunately, several easy to use and accurate CHD risk prediction tools are now available.providing a high-tech environment of tools and methodologies for skilled IT professionals.
topics	oh well we wonder how these topics get chosen where was the last place you went out to eatThe other, Alan Keyes, ranted and raved about a variety of topics but was allowed to remain.
torch	But the torch does not emit a flame: instead a surprising little llama stands on its tip.A year ago she wore an orange jumpsuit and brandished a torch, now she wears a look of remorse.
torment	His piercing blue eyes signal anger or torment while his manner stays glassy and querulous.saluggi (spelled in various other ways as well) a game intended to torment its victim
tornado	no yeah i know we had a tornado watch watch a couple of days ago but nothing really happenedThen the victims bank the cash and return to their flood plain or tornado alley.
torrent	James Hewitt, received an astonishing torrent of abuse from the British tabloid press.Watch for Pagla Jhora, the Mad Torrent, just after Gladstone’s Rock (shaped like the statesman’s head).
torture	Who needs some gloomy Gus who harangues you about torture, rape, and murder all the time?No one else would criticize him for caving to torture--why did he beat himself up about it?
touching	Hill did not accuse Thomas of a single overt request for sex or a single unwelcome touching.Touching and caring for these magical creatures are activities that every child will relish.
touchy	So if grannies are so touchy about noise, why are they always depicted as hard of hearing?and even at that it's you know it was a real touchy situation as to what you know as to
touring	When touring the islands you may still see old disused wine presses (lagares) on hillsides.50-$35 for an adult evening performance vs. $48-$65 for a Broadway touring production.
tourists	The fisherman uses his boat to ferry tourists to nearby beaches rather than to catch fish.The spins: 1) Did the U.S. and British governments adequately warn the tourists of danger?
tours	Tours and booklets are available in a number of languages, and the staff is very friendly.Bus tours take you to the big attractions, but inevitably at times when they are busiest.
tow	If you dive or snorkel any distance from the shore, you are legally required to tow a marker buoy.One hears expressions like le snack bar, chequer (instead of verifier ), and un towing a tow truck.
toys	But it took years to collect all of the squishy, bendable toys she used to relieve stress.Children sometimes choose toys with very limited play possibilities and soon ignore them.
tract	For such a small tract of land, the geology of the Lake District is actually very complex.Alternately used exon 10d contains an almost perfect 41 nucleotide polypyrimidine tract.
traction	Inability to put up at least one hind foot constituted failure to the traction [ 28 ] .well uh you wear uh shoes with good traction and and and try to remember where you are at all times
tractor	I was out there and my dad said I could drive the tractor while we were waiting on dinner.Another thing, uh, that I learned to, how to do very early on was drive a tractor.
trains	Dunhuang has come a long way since the days when the Silk Road camel trains stopped here.Determine if the agency trains project staff tomaintain their skills and qualifications.
traitor	"I would do the same thing again," she said, as people outside her house shouted "Traitor!"My, my, how you have fallen down, you euro-communist, you revisionist traitor.
tramp	The director, John Avildsen, keeps Stallone small in the frame, as dwarfed by his desolate environment as Chaplin's Little Tramp.Of unknown origin, doxy is variously the low term for sweetheart or mistress, female tramp or beggar, plaything or paramour [toy boy?], even a baby.
trample	Feet can kick and stomp and trample, or receive and give refined caresses; they can make us dance like angels or march like brutes.Xiong Guangkai insisted that the embassy strike had been a deliberate attempt by the United States to trample on Chinese sovereignty.
tranquility	This is a tranquil era, and considered in tranquility, Thompson is indeed a horror.The peace and tranquility found here has attracted numerous famous personalities.
transcend	It is hardly necessary to add that syllothetics possesses the capacity to transcend logic.Marvelous as these actors are, they never transcend the limited conception of their roles.
transcript	2. Transcripts containing more than one change per single transcript were also identified.One-to-many associations between genes and transcripts are related to transcript diversity
transfuse	About half the country has only a day's supply of blood to transfuse, whereas three days is the norm.This SR included non-randomized studies and performed a meta-analysis (MA) of 12 RCTs showing a significant effect of EPO in reducing the need to transfuse patients who are receiving chemotherapy.
transgress	always keep[s] the world warm and comfortable for those who obey the rules, but [is] ruthless in her destruction of those who transgress.Indeed, the hypothesis that living entities must eventually abut and even transgress the Heisenberg uncertainty limit and abide partially in the quantum realm leads to an intriguing hypothesis.
transistor	you know the T I came out with the with the transistor they didn't make beans off of itAnd falling asleep to baseball games that I listened to on a transistor radio I smuggled to bed.
transit	yeah on the other hand most people don't use rapid transit because it's so inconvenient5. "The New York Transit Authority is running an ad campaign pushing courtesy on its subways.
translucent	This mu­seum displays Karagöz shadow puppets, made from coloured, translucent camelskin.White clay from a nearby mountain made possible the very thin, durable, translucent porcelain.
transparent	Appending the coloring to the underlying data can allow transparent annotation by color.Most people would agree that in a well-run democracy, political power ought to be transparent.
transplant	After all, the Post notes, the U.S. suffers from an acute shortage of organs for transplant.When he was fired, Turner's son lost his insurance and his place in line for the transplant.
trauma	The term "injury" is more inclusive and should be used, as "trauma" is a subset of injury.you're talking about real trauma i mean trauma that extends beyond the counting of bodies
travelers	For adventurous travelers looking for an introduction to the South, the rewards are rich.But more adventurous travelers might stumble across the same items in a neighborhood store.
traveling	Since my wife is now traveling, I will have another cup of coffee and get set for the day.… An actress who has played in the traveling cast of Cats for 10 years (!) is interviewed.
traverse	Among the amazing sea life are the giant mantas and eagle mantas that traverse the bay.Most transmembrane proteins are formed from bundles of helices that traverse the membrane lipid bilayer.
treatise	: it ought to have a cross reference under Treatise , where I had sought it in vain.)Shaw's preface ought not to blind the reader to the excellence of Professor Wilson's treatise.”
treble	As a result, this year the Justice Department expects to double or treble its estimate of Colombian coca production.However, tamoxifen is also known, says the paper, to treble the risk for uterine cancer, and to increase one's chance of developing blood clots.
trees	2. In Kenya, students protesting unrestrained development plant trees in the Kauru forest.Look for beautiful Columbus Boulevard, with its arched canopy of spectacular banyan trees.
trek	so but uh let's see what else oh we watch like for example uh okay do you watch Star TrekIf you were 14 when Star Trek was on television, you are (God help you) probably a Trekkie.
trench	Although we associate trench warfare with World War I, trenches were characteristic also of the Civil War.One compares Flytrap to World War I trench battles: "No one is getting overrun, but steady progress is being made."
trends	9 ± 0.4 years for controls) and no suggestions of trends with numbers of births (Table 2).The same trends were observed for the four channels of the dye-swap replicate cDNA arrays.
trespass	That's because of the law of trespass, not a law giving you a property right to personal data.Once conjured, it throws its looming shadow over the unworthy and undeserving who dare trespass.
triangle	For a good look at Downtown’s architecture, go to the green triangle of Post Office Square.It does indeed have virtuosic moments, but the central love triangle is entirely inert.
tributary	I'm also amazed at the things he knows, like of what river the Zambezi is a tributary.This is the Dão wine region, whose oaky red wines are named after the River Dão, a tributary of the Mondego.
tributes	No sooner had the tributes subsided than an equally vociferous chorus spoke up to denounce the media's kid-gloves treatment.He was buried with his dog and 21 female sacrifices, as well as tributes ranging from bronze wine vessels to enough musical instruments for an orchestra.
trickle	Our successes and failures trickle, tumble, and torrentially build the future of our biosphere.A trickle of praise for The Phantom Menace after the first wave of negative reviews.
trifle	Director/co-writer Nora Ephron's pleasant trifle works because Tom Hanks and Meg Ryan star in it.lang's great quality is that she can pull off even the most anachronistic trifle without patronizing it.
trim	3. Keep your eye on the screen at all times, even when you are trying to trim a child's toenails.And, if the inflation-adjustment rules are changed, that will raise taxes as well as trim spending.
trinity	(Along with magnets and Swedish foam, ions make up the holy trinity of self-improvement.)Devise a trinity of people or phenomena that trump one another rock-paper-scissors style.
triple	Some meat producers in Sweden do, but their meat is double or even triple the usual price.The double and triple mutants had stronger phenotypes than the single mutants (Figure 2).
trivial	The economics articles, while a good idea, have proven fairly trivial and even pedestrian.Trivia allows the junkie to master a small (by definition trivial) corner of the universe.
trolley	She had neighbors and a church close by and the trolley stopped not far from her home.Leave the car behind and experience being crushed by fans in a trolley on the MBTA Green Line to Kenmore.
tropic	and i remember hearing an interview with uh who was it the man who invented Hawaiian Tropic
troupe	In summer the whole troupe moves to Alexandria to escape the heat and humidity of the capital.Strauss is a generational historian and co-founder and director of the , a political satire troupe.
truant	Truant McWeeny I. Fatt S.M.yeah yeah i mean you can't you can't ever really determine that i mean you can sell it to a straight person and and then he becomes a truant yeah yeah that's like shit
truce	A truce was declared, and the Treaty of Northampton was negotiated at Edinburgh in 1328.The truce was shattered when Bush ran an ad that assailed McCain's proposed tax plan.
trumpet	You said that you remembered the story of Trumpet the Dog and your cousins reading to you.most of the trumpet music's um um Baroque and um um um Romantic Baroque and Romantic
trustworthy	Either obtain your programs from trustworthy sources, or ensure that the programs behave.He is that rarest of travel writers, one whom his readers feel is completely trustworthy.
tug	Bog iron has found its way into the dictionary (viz. Webster ), and so, too, should tug .Hence it comes as no surprise to find in the town of Exeter a lowland called Tug Hollow .
tuition	College tuition is rising two to three times faster than inflation, another piece reports.HOPE scholarship tax credits for tuition payments for the first 2 years of college $4,210
tumble	Our successes and failures trickle, tumble, and torrentially build the future of our biosphere.Science, technology, and art tumble into the adjacent possible in roughly equal and yoked pace.
tumult	News says the market tumult may do for CNBC what the Gulf War did for CNN.The current tumult in Kosovo completes a circle for Milosevic.
tunnels	Steep, narrow tunnels lead to a tiny funerary chamber furnished by a simple granite sarcophagus.Down below, the Table Rock Scenic Tunnels take you behind the mighty wall of water.
turbulent	The strategic importance of its location has given rise to a long and turbulent history.The turbulent twenties gave Berlin a special place in the world’s popular imagination.
turf	Nevada casinos fearing encroachment on Las Vegas' turf bankrolled an opposition campaign.3) The bodyguards got into a deadly turf skirmish this week, which bodes ill for the elections.
turmoil	It's now nearly impossible to find a conservative institution not in some sort of turmoil.In the middle of the 16th century, the whole of England underwent a period of great turmoil.
turning	But these potted wonders changed daily, stretching and budding and turning toward the sun.But turning to McKinsey was a bit odd since the company draws heavily on HLS for recruits.
tutorial	The section--which debuted just after the boom really started to boom--is a weekly tutorial on how to blow surplus cash.The LAT sees a "heated session," but one that was "filled with history lessons" and at times resembled a "law school tutorial."
tweezers	Heads were dried at room temperature, and brains were removed using fine dissecting tweezers.
twig	The imperial tradition, going back thousands of years, was snapped like a twig.Seagal's 6 feet 4 inches and full of muscle: He'd snap Chan like a twig.
twilight	This "ornamental culture" is like a perpetual twilight of adolescence; it is a thwarted adulthood.The other remembers his twilight in Las Vegas, where female fans mobbed the auditorium every night.
twinkle	The owlish Bannen can twinkle without looking dear--there's something saturnine in that face.“Twinkle Twinkle Little Star” sung by a North Indian could have the le in twinkle pronounced “lay.”
types	Although it is specifically aimed at RCT's, it could be adapted to other types of studies.It is possible that samples are composed of different amounts of heterogeneous cell types.
typhoon	Her fervent Republican followers would go to the polls in a typhoon.Chinese has made many contributions to English, among them typhoon, sampan, taipan, tea, silk, tong, Shanghai as a verb, and tofu .
tyrannical	Some of Brown's opponents have gone negative, calling her "ruthless" and tyrannical."Tyrannical" and "Gestapo-like," declared the nation's editorial writers.
ultimatum	They sailed into what is now Kingston Bay in May 1655 and sent an ultimatum to the capital.uh yes i like uh um oh i'm drawing a blank uh he wrote the uh Bourne Ultimatum
ultraviolet	After the run, the gel was stained with ethidium bromide, and photographed under ultraviolet illumination.Following transfer, RNA was cross-linked to the membrane by ultraviolet irradiation for 1 min and stored at 4°C.
unanimous	With the Senate shading toward a unanimous impeachment, in August 1974, the president resigned.unless i guess if you request one you can but i think yeah making it unanimous sometimes might um
unconditional	Would Smith ever accept an unconditional release of money for birth-control aid?An unconditional defender is Capital Gang's Robert Novak, who thinks "it is a brilliant book in many ways.
unconscious	and i you know we felt really bad for putting her there and stuff she was unconscious and soWhen belief systems are unconscious, they may prove particularly resilient to change.
unconvincing	I found Steven E. Landsburg's piece "Pay Scales in Black and White" extremely unconvincing.But as disastrous an event as that must have been, I find it unconvincing as an explanation.
underestimate	Critics worry that the kids underestimate the importance of blue-chip college credentials.38 One reason for this mistaken notion is that most Americans dramatically underestimate
undergraduate	President Routh, we read, advised an undergraduate, “Always verify your references, sir!”As an undergraduate in the early '80s, he became the College Republicans' master strategist.
underground	Underground describes a nation bored and isolated by its successes and its failures alike.Soaks are shallow wells sunk near the base of an outcrop to tap an underground reservoir.
underline	These observations underline the need for meticulous quality control during the production of cRNA samples and accurate quantitation of the resulting material.We have to underline, however, that the conclusions drawn on the right ventricular oxygen supply/demand ratio in the two loading conditions are mainly speculative.
underneath	everything all over the place and he had tried to dig his way out from underneath the doorSo, I have my sister's kid here and I'm going to kill him underneath this vehicle shortly.
underwrite	Assistance is needed to underwrite the costs of these special and exciting exhibitions.Al Qaeda would underwrite operations, provide bomb-making expertise, and deliver suicide operatives.
undo	And they can't undo whatever quick-tongued network-TV guests like Bill Kristol say in 10 seconds.1) If the political chasm is legitimate, and as wide as you describe, yes, undo from the girlfriend.
undue	A WP "Outlook" piece attributes the undue unease to good old-fashion fear of technology.In Gore's case, the rationale is economic progress, and the weakness is taking undue credit.
uneasy	Since you raise the question, you obviously feel uneasy about your frivolous use of the Web.But Beatty has always been, in the words of film critic David Thomson, "a very uneasy actor."
uneven	The moon is an uneven and pockmarked rock, and Jupiter upstages Earth by having multiple moons.In fact many people use dictionaries to press flowers, hide money, or prop up uneven table legs.
unfold	It will require most of this book to unfold the implications of this tentative definition.To see the day unfold at the Ghats, you must rise before dawn to join the pilgrims.
ungainly	McCain's somewhat ungainly slogan, "The New Patriotic Challenge," owes a debt to this.Six feet five and thin, Bin Ladin appeared to be ungainly but was in fact quite athletic, skilled as a horseman, runner, climber, and soccer player.
unhealthy	His quest to defeat Microsoft (see Time below) is portrayed as an unhealthy obsession.Of the 22% who were unhealthy (fair or poor) at baseline, about 24% were healthy 7 years later.
unify	An effective design review process helps to unify and align all Design Review Processes?"They don't want to give us any chance to recover and distract from the Starr report and unify us.
unilateral	Bradley, more cautious by nature, has declined to take a pledge of unilateral disarmament.[ 9], obesity is associated more strongly with bilateral than with unilateral hip OA [ 14].
universities	A few schools, including Harvard, New York and Georgetown universities, already have them.Most universities and federal agencies must compete aggressively over a much smaller pool.
unravel	Only then will we be able to fully unravel the factors that solve this fascinating mystery.Salazar’s New State began to unravel when Portugal’s former colonies demanded independence.
unreliable	Insert usual caveats here: "till Aug. 17," "DNA testing by the FBI," "unreliable witness," etc.)However, variations between studies in the methodology employed make such comparisons unreliable.
unrest	A 30,000-man unit called Saddam's Commandos , led by one of his sons, also snuffs out unrest.As a result, Gradualist reform became discredited and civil unrest a feature of everyday life.
untold	KKR has not succeeded because of the discipline of debt or even the promise of untold riches.no and when they and you bury it and it's not gone either because it has untold ramifications
up-to-date	There are not a lot of such works available, especially ones as up-to-date as this one.One of the most essential elements of successful research is access to up-to-date information.
uphold	To uphold that image, magazine editors need to circulate at the top of New York society.Five justices voted to uphold the 1869 Act granting a monopoly to the Crescent City Company.
upkeep	who never moved into it who sold it to a couple who had no idea that homes ever needed upkeepThe apparel and upkeep share of household expenditures in the Consumer Price Index fell from 10.
upright	Reagan's Alzheimer's shows in his slightly vacant expression but not in his upright, presidential bearing.Patients who are not able to be upright do not get light-headed or dizzy.
uprising	There was also a growing Maoist uprising taking place in the central hills of the kingdom.China suppressed commemoration of the 10 th anniversary of the Tiananmen Square uprising.
urchin	PDI has been identified in sea urchin eggs [ 45 ] , though localized only to the ER.The sea urchin, Arbacia punctulata, test requires control egg fertilization equal to or exceeding 70%.
usage	("Putz" is a Yiddish insult that literally means "penis" but in common usage means "fool."(None of the above, incidentally, has any bearing on Lee's usage of the word "bumfuzzled."
useless	"Those old 4-inch magic elves were completely useless for anything except making shoes."Many of these new items came from suggestions, but most suggestions were ultimately useless.
utensils	In the Golden Age, it was used to make everyday utensils such as mugs, plates, and kettles.Greek and Roman statuary, jewelry, and daily utensils are all thoughtfully arranged.
utmost	As for me, I do my utmost to avoid language that may offend people, including men.As a result, even infinitesimal details are treated with the utmost seriousness.
utterly	Someone utterly unmagical who nevertheless enters the wizard world and makes a difference.I also want to say, with Phil Anderson, that emergence is real and utterly nonmysterious.
vacancies	Needing to fill vacancies at a time of low unemployment, the armed forces are letting in more candidates who score unacceptably low on the military's intelligence tests.Turnover and vacancies make the formation and function of quality improvement teams more difficult, resulting in a low likelihood that any improvement will be adequately monitored or fully implemented.
vacancy	Even in the short duration of the pilot, QIO staff witnessed turnover and vacancy in all positions.The other essential reform is "vacancy decontrol," which would allow landlords to charge market rent when apartments empty.
vacuum	When the vacuum pump comes on, five pounds of force per square foot push down on the fabric.yeah well uh Craftsman put out a uh leaf vacuum a few years back craftsman Sears and Roebuck
vain	[T]he historian warms to this vain, chippy, wild-eyed, paranoid, and fiercely patriotic seer.3) Loral's lawyers tried in vain to block the transmission just after it had occurred.
validity	However, research is needed to assess the validity of the content of systematic textbooks.Validity of this instrument was assessed comparing the PPS score with length of survival.
valuation	All those eyeballs have given unprofitable iVillage a stock valuation of nearly $2 billion.One is his valuation of rock's lesser-known collaborators (Glenn Matlock, John Cale, etc.).
valve	To circumvent this problem, we added a stopcock valve to allow for reagent injection (Fig.USAT says that 92 of the 291 patients in the group evaluated exhibited the valve problems.
vanity	Vanity in young girls is checked by, Nobody will stop their horse galloping to look at you.Since moving to Los Angeles, I've noticed that about every tenth car has a vanity plate.
vanquish	But the play does not exist for one character's worldview to vanquish the other's.But all were poor substitutes for true love and didn't vanquish his feelings of inadequacy and guilt.
variant	Both evidence a third form, pomegranate , with its tell-tale variant spelling pommy grant .ERβ might bind to yet more cofactors that contain variant NR boxes that resemble the β-box.
varied	Every year the top 15 have varied from the previous year's top 15 by one or fewer schools.The scenery is not varied enough to make the bumpy two-hour ride to Amed worth the effort.
vegetarian	A creative mix of international and local cuisine that includes a good vegetarian selection.i i was about to say i didn't think so but most of the most of the the vegetarian Indian meals
vegetation	As at Garda, a mild climate nurtures luxuriant vegetation in the villa gardens and parks.It is wild and windswept, and its limited vegetation a far cry from the lush green interior.
vehement	The most vehement accusations have been surfacing in Belgium.In 1927 Chiang turned on the Communists as well as on leftists within his own party, unleashing a vehement, bloody purge.
veil	Oh, by the way, I happily and quite comfortably wear my veil when I go shopping downtown.This quasimodern Islamic "veil" makes a self-conscious religious point in a secular society.
velocity	The displacement was maintained for 3 seconds after the completion of the velocity ramp.the sheer velocity of a style that allowed no room for refinement and contemplation."
velvet	Perhaps, I thought, the army yielded power harshly while wielding a no-iron velvet fist?are the dashboard statuettes and the black velvet portraits," says Time 's Walter Kirn.
venerate	In Laredo, Texas, the Matachines from the Ladrillera barrio venerate the Holy Cross and La Virgen de Guadalupe as their patron saint.
vengeance	Killing even the boys and old men doesn't sound much like the vengeance of honorable men.Going back to Sankt-Peterburg from Leningrad was reversion with a vengeance, literally.
vent	Vent polymerase lacking nuclease activity [ 15 ] is also expected to give a low noise level.whose home is in the strawand bailing twine threadedin the slots of a roof vent
verge	I am on the verge of suggesting another restaurant, lest I "collide" with the other man.You may also be right that Meadow is on the verge of becoming the next great female character.
versatile	Hancock, a favored pianist in Blue Note's stable, was the most versatile of keyboardists.The examples mentioned here illustrate the versatile potential of thiol modifications.
versed	Zach Arnold is fully versed in the theory and practice of punning, and clearly has it in his bones.In particular, New Pru is--as s/he admits--not as well versed in macroeconomics as his/her predecessor.
veterinarian	and she used to work for a veterinarian veterinarian so she would spay uh neuter themMice were deeply anesthetized using a ketamine/rompun solution prepared by the UTHSCSA veterinarian.
veto	Democrats gloated over the findings, and President Clinton threatened to veto the measure.The Washington Post leads with yet another use by President Clinton of the line-item veto.
vex	The coding region of Vex1 GFP [ 15 ] was subcloned into pDXA-3C [ 34 ] as described [ 8 ] , and the NLS-GFP expression cassette subcloned into p102.Further, the intensity of the Vex1 signal using a Bex1 excitation filter was 0.027 ± 0.00057 (n = 50) of the Vex1 signal using a Vex1 excitation filter.
viable	GshA-deficient strains of A. thaliana are viable, but are hypersensitive to cadmium [ 39].Heterozygous Isl1-Cre mice were viable and fertile, while homozygous mice died at E9-E10.
vibrate	Most notably, string theory posits a background space-time in which strings and M-branes vibrate.Christian Soldiers Inc. "Baby Jesus" is the Nativity set that children can play with--Yes, but does he vibrate when he speaks?
vice	' There is no way around it," said American Cancer Society Vice President Steve Dickinson.Keene, N.H., Sept. 14, Mayor Pat Russell endorsed Vice President Gore for president today.
vicinity	At least eight residues form a spatial cluster in the vicinity of the conserved arginines.Subjects were recruited in the vicinity of New York Hospital via newspaper advertisement.
vicious	The Sex Pistols' Sid Vicious recorded "My Way," a bizarre combination of homage and scorn.He supplies the requisite glut of cockroaches and the necessary quota of vicious guards.
videos	How did it change once music videos made a band's appearance more important than its sound?Weather games, weather videos, weather prizes--they have all found their way to the Web.
videotape	However, it had to have taken place by 7:35, when he appears on the checkpoint videotape.This is a movie that, although it had been available on videotape for years, grossed $36.
vigilant	To prevent this reoccurrence, the federal government would have to be strong and vigilant.Boards and auditors need to be vigilant to ensure that any inappropriate actions are avoided.
vigorous	Calcutta became the center of a vigorous free press and the intellectual capital of India.Anti-Giuliani sentiment was particularly vigorous among Hispanic and African-American gays.
vindicate	The basic press take is that Starr is pursuing Steele to vindicate Willey.I think history will vindicate that judgment.
virtuous	Name one of these "Common Precepts to Promote a Virtuous and Civil School Community."Name one of these "Common Precepts To Promote a Virtuous and Civil School Community."
visa	As a French national who had overstayed his visa, Moussaoui could be detained immediately.I am not a lawyer but I can understand why Visa won't accept tax payments by credit card.
visas	So far, however, only visitors who acquire visas to travel to the United States are covered.Not to mention making sure they have proper visas and legitimate Social Security withholdings.
visitors	Lack of a sandy beach has kept the big hotels away, which is just fine with most visitors.One of my visitors, however, listened solemnly to my spiel, then presented me with a card.
visualize	This enables one to extract and visualize the dominant effects on variance from the data.Rhodamine phalloidin was used to stain and visualize actin structures in the cell [ 61].
vivid	Or are all these vivid specters really just idle speculations that will never come to pass?The absence of any reinforcing visual actually makes the simple message all the more vivid.
vocabulary	(3): HEADWORD (4): a headword with its definition or identification (5): VOCABULARY ENTRY”Expressions and vocabulary used by Chicanos today come from the pachuco argot of the 1940s.
vocation	A "binge reader," he makes it his hidden vocation to amass clues to the secret of anorexia.She asks Merle, her Maltese, "Why must man's vocation always be to distinguish himself from animals?
vocational	Such fund are often used for college tuition, vocational training or a deposit on an apartment.70 provides 10 hours of vocational evaluation & training for an unemployed person aged 16 or over.
vogue	Also, in what way is the Vogue deal corrupt if it doesn't directly affect editorial copy?It's just that Vogue 's latest scheme strikes us as an unusually innocuous way to pander.
void	The DPs, who have inoculated themselves by attacking the president, have filled that void.To strike the restriction on welfare benefits suits is to void §504(a)(16) altogether.
volatile	Take this October story on the volatile marriage of John F. Kennedy Jr. and his wife, Carolyn.such a volatile uh area i mean there's just no stability there period that's what's
volcano	Brian and Lisha Crawford are the kings of bed & breakfast accommodations in the Volcano area.Scientists found three 500-year-old Inca mummies on top of a volcano in Argentina.
voltage	Two-electrode voltage clamp recordings were performed at room temperature with electrodes (0.The voltage dependence of ΔF/Fo measured at the peak of the transient is shown in Fig.
volunteers	As a control, the cytokine profiles of Tm from normal adult volunteers were examined (Fig.The will-be candidates are competing fiercely for donors, staff, volunteers, endorsements.
vomit	bletch [from Yiddish/German brechen to vomit, poss. via comic-strip exclamation blech]They self-destructed, they choked to death on their own vomit, they hoped to die before they got old.
voucher	If the edits did not uncover any discrepancies, the voucher would be approved for payment.This means that parents would receive a voucher worth not $1,500 per student, but $313.33.
vow	And so I made a solemn vow: I would teach my wife and kids to watch sports with me.The Globe reports that Hillary pledged to the president a "vow of love" that "moved Bill to tears."
vulgar	In it he refers to the 1785 edition of Captain Francis Grose's Dictionary of the Vulgar Tongue .Maledicta is instructive, funny, gross, informative, vulgar, impolite, and sometimes well written.
wager	And, unless the dress is a red (navy blue) herring, I would wager that Clinton will listen.I'd wager that Sacco and Vanzetti would be disgusted to be included in the company of McVeigh.
wail	Onstage she'd prop her leg up on the monitor and wail into the microphone like any guy.The Shehri brothers had adjacent seats in row 2 (Wail in 2A, Waleed in 2B), in the firstclass cabin.
waiter	(Waiter to diners: "Might I suggest the most expensive wine and the most expensive dinner."How often should one thank a waiter for service rendered during the course of a meal?
waitress	The waitress, who spoke a little English, recommended a dish which happened to be in season.a waitress wailed as one camera crew dragged its cable over a tray of cheeseburger.
walls	hum yeah that's interesting no ours you know wouldn't they were just regular plaster wallsInside the club, huge holes had been punched in the walls--some back-size, some fist-size.
wane	But Congress' military influence began to wane as presidents grabbed more and more power.He recalls predicting that lay interest in BSE would wane after five years.
warden	At the end of a string of them, he quotes Warden as pronouncing modems "mode ums."White's final words were: "Send me to my maker, warden."
wardrobe	but it is this strange feeling to really realize that i really don't need a large wardrobeCuyler, send your order in quickly, for she appears to be in sad need of a wardrobe.
warming	USA Today leads with President Clinton's announcement of a plan to combat global warming.Would we want to have, say, a carbon tax even if we weren't worried about global warming?
warranty	yeah i know the guy at Wolfe told us they cut back on the tree warranty like six months or lessso well i didn't get the extended warranty it was out of warranty just barely so uh
wary	House Republicans, says the LAT , may now be wary of moving aggressively against Clinton.and sound their sirens pretty much telling people be wary you know and get off the beach
watchdog	oh yeah he's just a pet and he he actually has turned out to be a great watchdog too soSlate , formerly the new bastion of journalistic integrity, the watchdog of all media, has blown it.
water-skiing	Boats are available for rent, and water-skiing and powerboat racing are very popular pastimes.Some lake resorts also offer water-skiing to guests for a fee.
waterfall	One is an easy, flat, and short (about 30 minutes roundtrip) trip to the Risco waterfall.The 96-m (315-ft) Kegon-no-taki at the south end is the country’s most famous waterfall.
waver	i guess i kind of waver i guess sometimes it's like someone like Jeffrey Dahmer you kind of wantBy contrast, the CDs you waver over, though sometimes surprisingly good, are often unsurprisingly forgettable--and on average unlikely to be cherished.
wax	"Let's laugh, if we want to, or let's wax indignant; but let us not forget to understand."They play host to terrorist groups, yet wax indignant when terrorists hijack an aircraft."
weary	Reviewers claim to be weary of Northern Ireland political dramas but admire this one anyway.Gore dispensed with the vocalized sighs and weary head-shakings of the Meet the Press debate.
weave	Bush isn't the first guy to dodge and weave around awkward questions from reporters.Oh what a tangled web we weave when first we fib to act out against old boyfriends.
website	Polylysine coated slides were prepared as described in the Brown lab website (see above).My 20-month-old daughter and husband enjoy going to the Public Broadcasting System website.
wedge	This drives a wedge between communitarian and rights-based liberals, isolating NOW from its usual allies.Any one of the following: pulmonary artery pressure > 40 systolic, wedge pressure > 18, cardiac index < 2.
weed	(Now that he's leaving, the full drama can be revealed: It's actually Alonzo Rogers Weed.)' " Weed shares Kennedy's tart views about his relatives' relations with the baby sitter.
weeds	i thought you were going to say there i thought you gonna say there was a snake in the weedsIt sounds as if your friends are keeping you in widow's weeds longer than is necessary.
weekdays	"Most shops closed at 6 p.m. weekdays and on Saturday were not open or were open only until noon.You can climb to the top for a small donation to church funds; the tower is open on weekdays only.
weekends	um we've had sort of weekends like that too but i never thought of it really as a reunionYou can go out on the weekends but during the week it, you know, it should be study time.
weld	Perversely, Weld lost the ideology/competence battle by winning the drugs/morality battle.Unlike Forbes and Perot, Weld never seems to be straining to garner the public's approval.
westerner	The vaquero or buckaroo is a westerner and the cowboy is a southerner.The first Westerner to reach Hawaii was Captain James Cook, the British commander whose mission was to dis­cover the mythic Northwest Passage linking the Atlantic and Pacific oceans.
wetland	This is the wetland celebrated by Gene Stratton-Porter in her books, poems and photographs.This wetland area covers a vast amount of mangrove swamp and has been turned into a nature theme park.
whales	A lost flotilla, the hemisphere tapped in my ear, the ticking of whales the warnings of sand.A major food source for Antarctic fish, penguins, pelagic seabirds, seals, and whales, krill (
wheels	(The title, which means "wheels" in Hebrew, refers to an apocalyptic vision in Ezekiel.)Pork represents a tiny portion of the federal budget, and it greases the wheels of politics.
whirl	The current whirl of diplomatic activity calls for especial vigilance on the West's part."Another plug: If you haven't tried our Web linking game, "Six Degrees of Francis Bacon," give it a whirl.
whistle	They have a spout-like whistle, and rather phallic versions are grounded in fertility lore.’ [The policeman held up his hand and blew his whistle and the driver then stopped the car.
wholesale	Retailers seem to turn round wholesale on their hapless customers with outrageous demands.The cover editorial and article on China's economic future recommend wholesale privatization.
wholesome	The atmosphere is supportive, even wholesome, until Anderson finally stirs in some sicko stuff.but it is a good healthy wholesome lifestyle and uh anything can be warped
wicked	for for doing all these wicked things you know but the government does it and it's all rightThat might begin to cure, or at least temper, his wicked and dangerous sense of entitlement.
width	The Shoden itself is just 6 m (20 ft) high, a little less in width, and 10 m (33 ft) long.To test this hypothesis, a pass of MEME was performed with a fixed width of 5 nucleotides.
wield	Power corrupts not only those who wield it, but also those who are subservient to it.Special prosecutors wield unchecked power, settle political scores, and waste money.
willow	The creek has been dammed to form a lake, with a bird sanctuary out on Willow Island.A strange human skull seems entangled in the reflected weeping willow branches scrawled at the lower left.
wit	According to Time 's Richard Schickel, "The main things lost in the hubbub are wit and logic."Another drawing given to Cavalieri takes Michelangelo's transforming wit to a whole new level.
wither	Clinton twice said that Medicare would "wither on the vine" under Republican reforms.Last time the deflation was funny and it worked; this time the bad vibes make the whole picture wither.
withhold	Should the TAS withhold medical technology from the TPS to preserve their balanced ecosystem?The bill would withhold this particular piece of poetic license from everybody but ...
withstand	The first theory is flexible enough to withstand fossil evidence, but the second isn't.Newspapers' spin: They'll never get that far , since gun-makers can't withstand the federal onslaught.
woods	From the woods I gathered crab apple, winterberry, and swamp maple that looked promising.In the meantime, Caldas de Monchique is a good place for a picnic and a stroll in the woods.
wording	These are examples in which the wording undercuts itself, yet without any apparent sarcasm.Thomas Babor supported technical research on screening and the wording of this recommendation.
words	"The question is," said Alice, "whether you CAN make words mean so many different things."All the slang words collected here reveal aspects of prison life, which is never pleasant.
workload	They've told the Chronicle that they're grateful to have their workload lightened by a computer.focus on management First financial laws created: Workload Yellowbook_ management,
workshops	Dr. Friedman helped plan, organize and arrange funding for the TMA informatics workshops.In courts such as Orange County's, the offices have offered workshops for litigants.
worship	Icons lie at the heart of Byzantine or Orthodox worship and they form a focus for prayer.Tinos is a surprise because it is a center of Roman Catholic worship in an Orthodox land.
wreck	and hey i know at times when he's had emergency problems we're just a nervous wreckThe last part diminishes the movie, but not enough to wreck it: It's still an amazing piece of work.
wrench	you know you go in there with a wrench and you know oh golly it's not a metric it's a standardbut when one tried to lift the other one up with a pipe wrench i decided that wasn't funny anymore
wrestle	"These are issues that we wrestle with in practice groups of law firms," she said. "Interestingly, Prudie had to wrestle with this same problem with one of her ...
wretched	It's true that in The Hunchback of Notre Dame Disney has done a wretched job, though.His books are still, astonishingly, best sellers (even his wretched new ones).
wrinkle	And eye jobs, tummy tucks, tooth whitening, wrinkle removal, and other cosmetic procedures.The friction between the second ply and the first can create a wrinkle in the first ply.
wrought	The French at Louisbourg wrought just as much mayhem among them through smallpox and typhus.Have the changes she has wrought enlivened a stodgy magazine or vulgarized a dignified one--or both?
x-ray	X-ray and bone densitometry were done to rule out any metastatic or metabolic bone disease.It costs only $20 and is not detected by some metal detectors or airport X-ray machines.
yarn	so you sew you just sew everything up huh oh uh-huh what kind do they have yarn hair orIf not, you still get a good yarn" (Lakshmi Gopalkrishnan, Slate ). (Click here for an excerpt.)
yawn	Can't bend, can't yawn, can't make a face Without my nostril-wad of Kleenex reddening.But you could use a bloodhound's tail as a jump rope and the worst you'd get is a fierce yawn.
yearn	The millionaire's daughter doesn't yearn for the violin virtuoso; she wants the rocker.Now they don't trust him at all, and they yearn to nail him once and for all.
yen	He's lied frequently about his education and military service, and he has a yen for fame.Over the past five years, the dollar has been worth as much as 120 yen and as little as 80.
yoga	Many of these hotels also have a health club with a gym or yoga class — the real thing.Sages developed the strict disciplines of yoga and profound metaphysical speculations of Vedanta.
yoke	Later an acre was a strip of open field, large enough to be ploughed by a yoke of oxen in one day.Under the yoke of another foreign power, and with trade at an all time low, the Golden Age was truly dead.
zest	He gives extra humor and zest to the erstwhile lover's goodbye by wrapping it in a familiar set phrase.After Jane died Cassandra burned several years' worth of letters, and edited all the zest out of what remained.
zoo	Barshefsky for failing to be 6 feet tall, like some specimen in his own private human zoo.um we we spend a lot of time at the playground and we go to the zoo and we go and we watch
zoology	• From architecture to zoology, Ibiza — laid back, yet lively — offers things seen nowhere else on earth.This Victorian museum, opened in 1857, holds a comprehensive collection of Ireland’s and the world’s zoology.
