# OANC GrAF | sha256 5a26559a1becba41a527cb674fff4fb9c4fb70b276f60422c4f07a0ef23fd867 | pack ky | entries 1863
abdomen	Ultrasound showed an enlarged, ruptured spleen and free blood in the abdomen.Significant findings on her physical exam included a distended abdomen with hepatomegaly and hypotonia.
abide	and they never had to attend but if if they missed it they had to abide by the rulesOne difference: Schröder hates emotional displays, claiming he "can't abide pathos."
abnormal	Her mother reported fatigue and was also noted to have an abnormal skeletal muscle biopsy.The abnormal factor V that causes APC resistance was subsequently termed factor V Leiden.
aboard	was the occasion of larger gatherings, several of them aboard a chartered Circle Line boat."Life aboard ship is tough; no wonder Navy recruiters have trouble meeting their staffing goals.
abound	So now that I'm clearing up those pesky little mood swings, prospective partners abound!Not surprisingly, examples abound of disaster-aid abuses and misuses over the last few years.
abrupt	Maybe so, but there's something opportunistic about Léger's abrupt embrace of urban life.[Click for Isikoff's explanation of his abrupt departure that evening on Pages 205-06.
absurd	And make no mistake, a winery need not cram a label with absurd adjectives to sell a wine.There is, of course, much more about Ruddy's book that is equally absurd--or simply wrong.
abundance	The assessment of bias in dinucleotide relative abundance begins with the "odds ratios" rBoth are notable for the variety of species and the abundance of herons and white pelicans.
abundant	Life is so abundant that in some places all the oxygen in the water is completely used up.Twenty-six transcripts were comparatively abundant only in leaf blades (Figure 2, node a).
accelerate	However, PN-1 application did accelerate the biochemical differentiation of the axons.Later, new managerial and tactical innovations seemed to accelerate declines in crime.
accessory	It is not enough to specify that certain data and accessory information be provided.One possibility is that they could provide the binding sites for accessory proteins.
accidental	The Accidental Asian , by Slate Contributor Eric Liu, has been published by Random House.So maybe there is an accidental, pleiotropic connection between madness and mathematics.
acclaim	All opened to acclaim at the National Theatre and provoked national debate in Britain.And don't you think Warren Beatty expected to be nominated by popular acclaim by now?
accord	We're probably more in accord on Africana than not, but I think you were too easy on Gates.Accord yes and uh so the the things that personally if i ever if i had to buy another car uh
accordance	generally publicized in the Commerce Business Daily in accordance with federal regulations.the owner or operator offsets the excess emissions in accordance with paragraph (b)(1); and
accumulate	and apartments you can't accumulate a whole lot because you just don't have room to put itOur finding that hyperneddylated Pcu3p and Pcu1p accumulate in all csn mutants tested (Fig.
accustom	so that's probably you know the best thing i can think of the the bad thing is you get accustom to themit doesn't um accustom your your legs to the kind of strength that you have like when you're running for a long time they they tend to tighten up whenever you whenever you have to do something at a at a great length of time
accustomed	Today's TV parents are wisdom figures, not the adult buffoons we have grown accustomed to.Tae kwon do emphasizes sparring and gets students accustomed to dealing with an assault.
ache	And just looking at the coal dust in the air made my lungs ache and an old cough come back.I had the swirl and ache From sprays of honeysuckleThat when they're gathered shakeDew on the knuckle.
acquaint	To understand a people, acquaint yourself with their proverbs , or as another proverb puts it, Customs are the fifth element of the world .
acquaintance	An Austrian lady of my acquaintance was interned in Yorkshire during the Second World War.Why then do you let someone who has not the barest acquaintance with economics spout nonsense?
acrobat	Chan, more acrobat than martial artist, is quicker and more innovative than anyone but Lee.You can also download all 26 existing chapters as a Microsoft Word or an Adobe Acrobat file.
activate	For example, IL-6 acting via its receptor has been shown to activate STAT3 in LNCaP cells.The results showed that Alexa 488-SP did not activate the SPR to produce a Ca ++response.
addict	The complaints have to do with the low limits on exchanges per addict, and poor timing.To these ends Levin has written a psychological profile of the president as sex addict.
adhere	The programs will need to adhere to the general XML structure described in this paper.Cells were seeded onto the coated wells and allowed to adhere for 30 min at 37°C.
adjacent	3a), we also tested ~100-bp deletions (double deletions of adjacent ~50-bp stretches, Fig.The biosphere’s advance into the adjacent possible is just exaptation over and over again.
adjective	When the term appears in the other opinions, it is always as the adjective “national.”We all thought she was looking for him at least; certainly not for a mere predicate adjective.
adjoin	it's but it's in the estates that adjoin it
administrate	and how much is spent to administrate administrate them
adore	I marvel How the body we're wired to adore Disgusts us when we cast it Out into the world.We should still adore the child as the angelic innocent Blake and Wordsworth wrote about.
advent	In the West, a comparable moment occurs with the advent of modernism early in this century.The advent of rapid tests for diagnosing HIV infection represents one part of the solution.
adverb	In the last two examples an adjective switches to an adverb.Although it is standard to use the adverb directly for right away, it is not used as much now in American English as formerly.
adverse	Their dosing is limited by a ceiling effect, and they have a high risk of adverse effects.Certainly, large-scale treatment efforts will demand close monitoring of adverse effects.
advisable	It is not advisable to swim within 8 km (5 miles) of the city center because of pollution.As great as the views are, on a crowded day it may be advisable to turn off after 2.5 km (1.
aerial	The dense undergrowth of their aerial prop roots perform natural land reclamation.um-hum i didn't know how far of a of a distance i guess depending on what kind of aerial that you use
aeroplane	4. He said at a World Wildlife Fund function: "If it has got four legs and it's not a chair, if it has got two wings and it is not an aeroplane, and if it swims and it's not a submarine, the Cantonese will eat it."
affiliate	[From Heartlines , a Washington affiliate newsletter of the American Heart Association, Vol.[From Heartlines , a Washington affiliate newsletter of the American Heart Association, Vol. VI, No. 2, .]
affiliation	Include your name, law enforcement affiliation, and office telephone number in the request.If more than one country was listed in the affiliation, each of them was rewarded with a count.
affirm	These data affirm a technically good separation of the periplasmic and cytoplasmic fractions.Clinton could have used his news conference to affirm this soothing message, as Sen.
affluent	You can deliver Lexus ads to affluent customers pulling down more than $100,000 per year.(a) Averages obscure the fact that most of Clinton's tax increase did fall on the affluent.
aggravate	These peculiar traits, Pye noted, aggravate another disturbing feature of modern China.This woman's demands suggest an underlying jealousy and immaturity that time will most likely aggravate.
agitate	We're human beings, and we have a right to agitate for our rights.Some white parents withdrew and sent their children to private schools, while others formed citizens' groups to agitate against busing.
agony	Henley endured years of agony, and his poem, Invictus, was truly written from experience.know this, this anguish, this agony for a departing self wishing only to stay, to endure,
agreeable	Russo has never been less than agreeable, but here's she's something else: a movie star.agreeable, delightful, respectable (often used in vague commendation by those who are not nice...)
alert	As its author told investigators, the Phoenix memo was not an alert about suicide pilots.Auditors should be alert to situations or transactions that could be indicative of abuse.
alleviate	The rosy spin: A decadeslong La Niña cycle will cool the Earth and alleviate global warming.enactment of a law to alleviate the Alternative Minimum Tax for middleincome taxpayers.
allied	"Allied Action Fails to Stop Serb Brutality," says Wednesday's Washington Post front page.Allied with men who prefer their women dutiful and demure, she herself has a macho side.
alloy	It is actually 95% tin, hardened with a 5% alloy of antimony and copper.Prince's metal A copper-brass or copper-arsenic alloy resembling brass.
aloud	To which most readers, no doubt, will respond aloud, "No, you get used to it, you puss.Preference will be given to poetry of the past that is especially suitable for reading aloud.
alphabet	I am having difficulty remembering the alphabet, and I would appreciate help from a reader.In fact, Azusa was made from the first and last letters of the alphabet, followed by “USA.”
alternate	Well, one alternate juror hinted that one factor in the verdict might be an O.J. backlash.Fertile fields alternate with stony hills, miraculously sprouting trees, and wildflowers.
altitude	As the road gains altitude and temperatures fall, the views become ever more spectacular.Variations in soil, slope, and altitude give rise to five different types of forest:
amateur	Is there another amateur among Slate 's readers who would like to pick up the challenge?"I figure you've got to put in 20 years before you get past amateur status," she said.
amaze	), I was so exhilarated to see films that gave themselves the liberty to surprise and amaze me.well see of not being particularly interested i don't keep track of prices on them but i'm i'm that does amaze amaze me
ambassador	USA Today leads with the defection to the U.S. of the North Korean ambassador to Egypt.Ambassador to Macedonia Christopher Hill likewise told CNN: "We're not negotiating right now.
ambiguous	How Bauer could refute such perceptions, questions, and discomfort was equally ambiguous.Thernstrom's anecdote about how Powell became brigadier general is ambiguous on its face.
amend	Several indicated that they would have supported it if Clinton had worked with them to amend it.Joe Biden, D-Del., wants to amend the War Powers Resolution to give it more teeth.
amiable	It is impressive that such a warm and amiable fellow--and he was--could be so profoundly wrong at least twice.Prudie thinks it's marvelous that you and your spouse of two decades are able to unhitch in a civilized, amiable manner.
ample	You will rarely get out of the lower gears, but the wonderful panoramas are ample reward.There is ample evidence that Lincoln regarded blacks as morally and socially inferior to whites.
amplifier	Data were recorded using an Axopatch 200A patch clamp amplifier from Axon Instruments (Foster City, CA).Series resistance, Rs, was compensated up to the point of amplifier oscillation with the Axopatch circuit.
amplify	As expected, the F1-BGH037 primer set failed to amplify from T +/+ embryo RNA (Figure 1B).Primer pairs were designed (Table 1) that would only amplify one of the four transcripts.
amuse	Useless spoonerisms produce correct words which, unfortunately, neither amuse not have current meaning.Prudie has a hunch that girls jumping out of cakes would amuse anyone ...
analogue	About one in ten antibodies that bind the transition state analogue act as catalysts.Unbiased MP decompositions can be obtained by an analogue of Monte Carlo methods.
analogy	Consider as an analogy a long thin tube with two ends and a one-hole torus, like a donut.This similarity suggests an analogy between plant apoplasts and mammalian digestive tracts.
analytic	, there is no analytic solution available, and we have to resort to numerical simulations.See CIA analytic report, "Clandestine Travel Facilitators: Key Enablers of Terrorism,"Dec.
anchor	This procedure, before the days of the stockless anchor, was known as catting the anchor .Anchor tenants in the local arts scene include the long-lived Nevada Ballet Theatre (Tel.
anecdote	(Best anecdote: One Wall Street firm has built a shrine to Greenspan in an empty office.)Thernstrom's anecdote about how Powell became brigadier general is ambiguous on its face.
anemia	We considered and rejected the possibility of Down syndrome–associated aplastic anemia.Therefore, we included 19 trials from 19 articles with 1896 patients in cancer related anemia.
anguish	know this, this anguish, this agony for a departing self wishing only to stay, to endure,well you probably sue him for mental anguish or something right and try to get money from him and
ant	The ant colonies that Parker suggests have three parents are a hybrid of the speciesi was firmly convinced the entire front yard was nothing but one gigantic ant mound
antenna	The next scene is a closer rear view of the truck, the radar antenna relentlessly turning.Like Williams, Barthelme was a master ventriloquist with a dish antenna in his subconscious.
antique	It is as if, by this deliberate smudging, Bartoli were giving old songs an antique timbre.But even if your purchase only looks “antique,” it may still arouse suspicion at customs.
anyhow	it's um over there's one over there in Addison i can't remember his name anyhow it's someWhen the technology did work as intended, it merely made you wonder what good it is anyhow.
apology	man can we trust them have they repented for what they did have they made a world apologyIf Plotz did not get the senator's permission to use the quote, an apology may be in order.
appall	The challenge for Wilde lovers at the end of the 20 th century is this: Find a way to appall.But the by-now routine procedure of making public the tape of a frantic, teary cry for help has never failed to shock and appall.
apparatus	The apparatus was made up of three contiguous plastic cubicles, each of which measured 24.The nation as a prepolitical reality finds its embodiment in the apparatus of state power.
appetite	The WSJ says the Republican leadership of the Senate has little appetite for Dole's deal.You can build an appetite for dinner by making your way from the beach to the restaurant.
applaud	Critics mostly applaud this movie about a female necrophiliac who works in a funeral home.Critics applaud Richard Gere's China-bashing activism but sneer at his China-bashing movie.
applause	Bloated, sloppy, and greedy, the band regurgitated a medley of '70s hits to vast applause.The paper notes that the non-media types in the audience responded to this with applause.
appliance	It uproots and homogenizes as it enriches--like a Ronco appliance, as Friedman might say.appliances and things like that and they're real good with their appliance and stuff like that so
applicable	Part III of this report analyzes applicable law and applies it to the findings in Part II.The rule and the procedures therein are applicable to the FCC's spectrum auction program.
appraisal	Agencies were to implement the new policies for the SES appraisal cycles that began in 2001.To encourage evidence-seeking, students have been taught critical appraisal of medical research.
appraise	There are a few material, tangible items that an assessor will have to come in to appraise.During the medicine clerkship, we taught the students how to find and appraise medical evidence.
apprehend	Like police officers, bounty hunters are authorized to use "all reasonable force " to apprehend skips.Natural selection did not, in fact, design our brains to apprehend Truth.
apprehensive	Her suitor, Neigh, who had proposed marriage in a previous chapter, appears somewhat apprehensive at Ethelberta's suggestion.On the eve of the World Trade Organization conference in Seattle, papers around the world were apprehensive about its outcome.
approximate	Approximate molecular weights were estimated using prestained standards (NEN, Boston, MA).AMIGA was then modified to approximate the assumptions behind each of the four scenarios.
apt	Indeed, the bellybutton might be an apt metaphor for Avedon's intimate, unsettling work.more uh they're less apt to vote in programs that involve the government running things
arbitrary	(The user can override the default values and input an arbitrary value for any parameter.)All other outcomes, as John Rawls argues, would be “arbitrary from a moral point of view.”
arch	For analysis vertebral arch distance was averaged for each fetus and then for the litter.They're not buying records or movie tickets or novels or Levi's or Arch Deluxes or Nikes.
archive	The John Donald Robb Archive of Southwestern Music is located at the university’s library.All the files in the archive are hyperlinked and accessible through the index.html file.
arithmetic	This arithmetic error never would have happened had Aaron Donovan edited McFadden's story.If arithmetic is the measure, Gallant must be the quintessential New Yorker fiction writer.
arouse	But even if your purchase only looks “antique,” it may still arouse suspicion at customs.Hats arouse fully as much feeling as hairstyles--or they would if enough of them were being worn.
arrogant	"I don't know if the agency itself is aware of how arrogant and presumptuous it has become."Many of these players tend to be arrogant and believe that the end justifies the means.
artery	2shows the organization of endothelium, smooth muscle cells and nerves within the artery.Family history of premature coronary artery disease is a major but underused risk factor.
articulate	The representatives will be asked to articulate in writing their concerns and objections.They frame lopsided yes/no questions and squelch attempts to articulate a middle ground.
ascend	Following his career as a diplomat, John Quincy went on to ascend ever higher in politics.This is one of the most difficult passes to ascend, but also, arguably, the prettiest.
ascertain	All we can do is ascertain probabilities, which do not definitively prove anything is anywhere. "Future investigation of this complex regulatory region will be needed to ascertain such a matter.
ash	Dad was a Camel man, and his offer usually came as he filled the air with smoke and ash.how much ash would fall and and how it would essentially literally destroy the world you know
ashamed	Dol. Captain! thou abominable damned cheater, art thou not ashamed to be called captain!My husband says he was ashamed of his lie and that they had promised never to tell me.
ashore	Ashore, fields of sugarcane and banana plantations drape steep hills and rolling plains.In 1929, during Spanish naval manoeuvres just off Ibiza, King Alfonso XIII came ashore here.
aspire	The freedmen could aspire to power in the region where they previously had been slaves.They aspire to the rise in status and income that computer geeks benefited from in the 1980s.
assassinate	And yet U.S. policy forbids America from actually trying to assassinate the chosen villain.George Stephanopoulos (ABC's This Week ) still thinks we have no alternative but to assassinate Saddam.
assimilate	Did you seem to assimilate that into his descriptions and characters?Some even assimilate Buddhist and primitive, non-Hindu local deities.
astonish	The single-mindedness--OK, fanaticism--of the supply-siders who helped orchestrate the Reagan tax cuts of the 1980s never fails to astonish.But we gradually realize that this Nora, in fact, is playing the role that's expected of her--merely "playing tricks," as she says in the last act--and that there's another Nora beneath the childlike silliness that will astonish even her.
astronaut	Time 's exclusive: the tale of American astronaut Michael Foale's harrowing Mir expedition.Astronaut Alan Shepard's death spurs Newsweek to profile the 12 men who have walked on the moon.
astronomy	They were welcomed for their erudite ideas on medicine, astronomy, and astrology.) Also, an appreciation of planets: Thanks to the Mars rock, they're the hottest field in astronomy.
attain	5 volts for the two models with tissue perfusion to attain simulation data near 100°C.Haggling with dapper Gujaratis and the bright-eyed Kashmiris can attain the level of high art.
attendant	They stabbed members of the flight crew (reported by a flight attendant and one passenger).And when they got married I was her only attendant and, her son, Alvin, was daddy's best man.
attentive	Browsing is difficult as vendors are attentive and can be insistent, but you’ll have fun.Only rarely do Promise Keeper men become domineering; mostly they become more attentive.
audio	NEADS audio file, Mission Crew Commander, channel 2, 9:38:02; Dawne Deskins interview (Oct.Tye Comer, CMJ ). (Click here to buy the CD and to listen to audio samples from the album.)
auditorium	Visiting dance groups perform at the Shrine Auditorium and the UCLA Center for the Arts.Feel free to join us for any of the lectures which are held October April in our auditorium.
augment	MAPPFinder can incorporate any MAPP file into its analysis to augment the GO hierarchy.State and local law enforcement were not marshaled to augment the FBI's efforts.
aural	Strange to say, it is in the US that one of the really weird aural hiccups occurs.Languages, though glibly spoken and written, often present formidable problems of perception, both visual and aural.
authentic	Participants are invited to submit similar authentic examples of rigorous self-assessment.Even the worst work demands from you the admission that at least the artists are authentic.
automation	Additional billions have been invested in buildings, in part to house the automation.This is primarily a result of economies of scale, worksharing and the extensive use of automation.
auxiliary	and all the auxiliary personnel the school bureaucracy that exists mainly to perpetuate itselfauxiliary motor on there at least you can kind of drop the sails and putt on back in
avail	As Welsh's book has a list under PRONUNCIATION, I looked there, to no avail.But time spent on the phone to the utilities commission and the attorney general's office was to no avail.
avert	The West should admit that loans to Moscow are a naked effort to avert Russian implosion.The conventional wisdom says Clinton must avert conviction in order to safeguard his legacy.
aviation	The memo's references to aviation training were broad, including aeronautical engineering.For pilot's belief and the helicopter not hovering, see NYPD interview 12, Aviation (Mar.
awake	and you know i play with her most of the time she's awake and i think that is so importantI was asleep, but Luigi was awake, and he thought he detected a vague form nearing the bed.
awe	The most powerful charismatics are those who simultaneously invite identification and awe.Many civilians were in awe of the firefighters and found their mere presence to be calming.
axe	Richard Albert Wilson: The Canadian Scholar on Whom Bernard Shaw Tried to Grind His Alphabet Axefrom his fiberglass outbuilding shed, helving an axe, bright blade, pine handle,
axis	Chang’an Avenue bisects these two sites and forms the capital’s long, wide east–west axis.In Streptococcus , the A+T3/C+G3 separation appeared principally on the second axis.
bachelor	In the new movie The Bachelor , a character leaves his grandson $100 million in his will.ooh do you yes we snow ski we snow ski at Mount Bachelor mostly in Oregon have you ever been there
backward	The aim is to get you pumped, bellowing, pogoing backward up the aisle playing air guitar.Retronym derives from the combining form retro- (from the Latin retro meaning backward).
bacon	oh did well did does your wife ever make uh a bake in a hot bacon dressing like for salad.. and make himself a hostage to fortune (to mis-cite Bacon in my turn) when doing so.
bacterium	If only the bacterium could tell us: “Did you see that truck of a paramecium coming at me?Consider a bacterium swimming upstream in a glucose gradient, its flagellar motor rotating.
badge	To be sent away was a badge of honor, to undergo electroshock a glorious martyrdom.uh that's well i now maybe i'm not the uh typical nonexempt that you deal with the badge is silver
badminton	The national sport, badminton, and is played wherever a net, real or makeshift, can be set up for players to thwack the shuttlecock across to each other.With the huge successes of Boris Becker, Steffi Graf, and Michael Stich, tennis has now become a favorite national sport, with squash and badminton catching on fast, too.
baggage	He must know how lucky he is that Julia Roberts arrived with so much astounding baggage.And hope that the pilot is better at his job than the baggage handlers are at theirs.
bait	yeah my wife loved to fish she didn't like to uh she doesn't like to put the bait on butYes , he is saying, we'll use the roe as our next bait , and How about Saturday, early?
balcony	King was assassinated on April 4, 1968, while standing on the balcony of his Memphis motel.i think it's from the time he jumped off the balcony and lord knows what happened to him
bald	Bird-watchers can spot, among many species, red-tailed hawk and the occasional bald eagle.Well, I have a close friend, Pat, who is bald and wears a full beard and horn rim glasses.
balloon	"Raising a beaker with a balloon inside, Steven Jacquier peers at a wonder of the world.""Sure," the man yells back, "you're in a hot air balloon about 30 feet above this field."
bandage	50 μl vehicle or cCAF were deposited through the bandage onto the wound using a 30-gauge needle.The wounds were photographed immediately after wounding and then covered with Biocclusive bandage.
bang	So they take me to the hospital and I bang my head a couple of times on the way there.The universe, since the big bang, was and remains out of equilibrium, or vastly nonequilibrium.
bankrupt	To enemies, it refers to a legacy of bankrupt state government and failed social programs.okay well i've i have had some because i was working for P I E and they went bankrupt so
banner	A banner at the top of a Web page just isn't the same as a luxurious two-page color spread.Advertisers control the text in the banner and can target it by demographic or issue group.
banquet	In 1811 Mohamed organized a grand banquet and called all the notable mamelukes to attend.Each member would organize a fortnightly banquet of game and fish he had caught himself.
barbecue	fourteen fifteen pound catfish and sometimes those are good to uh do on a barbecue grillThey didn't have any property records, they said, but she was welcome to some barbecue.
barber	Here also are the betting shops, antique barber shops, and stores offering exotic medicines.References Barber 1993; Gosnell and Gott 1992; Griffith 1985; Jordan 1982; Sanborn 1989
bargain	Make me an offer" is hardly the best strategy if you're looking to drive a hard bargain.The accord may finally compel the Palestinians to live up to their part of the bargain.
bark	just a small patch of lawn and just flowers and bulch bark uh tree bark all over her lawnA sidebar examines a handful of less pressing scientific puzzles, such as why dogs bark.
barren	Barren Kahoolawe (kah-ho-oh-law-vay) is a tiny island just off the southwest coast of Maui.Kalymnos has a barren interior with dramatic cliffs and caves all around its coastline.
batch	The Jin capital was in turn completely razed by a fresh batch of northern nomadic usurpers.. One of the blots in each batch was probed for cyclophilin to act as a loading control.
bathe	Why did this translator feel he had to change “anoint his head” to “bathe his head”?The affidavits also attest that he watched friends stab a woman to death and bathe in her blood.
beard	Well, I have a close friend, Pat, who is bald and wears a full beard and horn rim glasses.Atta wore Western clothing, shaved his beard, and no longer attended extremist mosques.
bearing	(None of the above, incidentally, has any bearing on Lee's usage of the word "bumfuzzled.""But at Sinatra's funeral, the eternal Gregory Peck amazed us with his beauty and his bearing."
beforehand	This book will probably find no reader fully conversant beforehand with even half its contents.Participants were instructed beforehand to keep lips closed once oral thermometers were in place.
beloved	The Boneless Pork Rib Shaped Patty is a shoddy imitation of McDonald's much beloved McRib.Kids, after all, get plenty of lectures ("discipline," "limits") from their beloved parents.
beneficial	It is also beneficial if the previous position (3' -2) is a G or C with a frequency of ≥0.Achieving significant beneficial results for clients as determined by outcome measurements.
benign	Some time later they can go on some benign morning talk show together and talk about this."In an exposed, windy location this looks, considering the damage it did, exceedingly benign.
betray	While Nerve hasn't violated many taboos yet, the site does betray some expectations.Some of these products betray a rather comforting lack of geographical precision.
beverage	Then there are appetizers, salads, main courses, beverage refills, desserts, and coffee.But the flacks at the American Beverage Institute are doing their best to take up the slack.
beware	Just a few more words of warning: Beware of spiky sea urchins when swimming off rocks.It’s an awe-inspiring sight, but beware of the sheer drop, especially on a windy day.
bewilder	Another rhyming reduplication, mumbo jumbo, is probably borrowed from a word in African Mandingo: Mama Dyumbo was a deity who helped husbands to bewilder wives whom they suspected of talking too much.
bibliography	At the back is a bibliography of dozens of other Napoleonic era sea stories by other authors.By contrast, the bibliography for my historical nautical dictionary already numbers close to 285 works.
bin	According to KSM, he received a total of $10,000 from Bin Ladin for 9/11-related expenses.Although Bin Ladin listened to KSM's proposal, he was not convinced that it was practical.
biography	The magazine excerpts a new oral biography of the members of Monty Python's Flying Circus.Book -- Martha Stewart, Just Desserts: The Unauthorized Biography , by Jerry Oppenheimer;
bipedal	The evolution of humans involved lifting the nose away from the noxious ground environment as they adopted a bipedal posture (Aiello and Dean 1990).
bizarre	The Sex Pistols' Sid Vicious recorded "My Way," a bizarre combination of homage and scorn."Brilliant and bizarre" is how experts characterized the scheme in the New York Times .
blackmail	The second pedophilia scare has served a more pragmatic purpose: legislative blackmail.Unknown to the public, King was also hemmed in by blackmail threats from the FBI.
blast	Critics blast the sappy romance as well as the "dismayingly formulaic view of enchantment.This snarling munchkin gives the Dr. Evil scenes--which still run long--a blast of energy.
blaze	Help Blaze The Trail -- 1997 Jameson Camp Thank you for your last Annual Fund Gift!Derek's father was a fireman killed by a black drug dealer while battling a blaze in a crack den.
bleak	), their relationship becomes a bleak, absurdist parody of all artists and their moneymen.The bleak early '90s were defined by the allegedly darker and less materialistic Gen Xers.
bleed	The Times editorial board, I'm sure, would make this ethical boo-boo bleed with ink.A woman was gang-raped, butchered, and left to bleed to death, shorn of her limbs.
bloom	no they're they've they're died down i am sorry they are dead now they bloom in the SpringBut others--notably Harold Bloom and Helen Vendler--view the rise of the slam with alarm.
blossom	Yes, they count every blossom in town, and the figure regularly tops the 5 million mark.Arriaga is particularly pretty during late spring, when jacaranda trees are in full blossom.
blouse	I have a tawny silk blouse printed with a clever blend of black lace and leopard skin.Shen Chu, Sewing machine operator, Four Maples Ladies' Blouse Company, Chinatown, New York City.
blueprint	The German government believes it has obtained the written blueprint for the campaign.The South is also a cautionary blueprint for the nation when it comes to economic development.
blunder	Another military blunder made the front page of the South China Morning Post of Hong Kong.*ghost-word, a word that has originated in the blunder of a scribe or printer--common in dictionaries
blunt	Or the program could be restricted in various ways in order to blunt possible objections.And he had reason to believe he could change or blunt the impact of Tripp's testimony.
blur	These omissions blur the characters and allow them to operate at the level of myth.She thinks I will approve, imagines me the anti- climactic aging matron of her future: a beaming, wistful blur.
blush	I suspect Shawn did not blush at the "cunty fingers" remark out of prudery.Without a blush I eyed ground-hugging plants and reeled off their names: Hex, Ponder, Explicit, and Envy.
boast	Its proud boast in modern times is the building of the original Bluenose racing schooner.Most of the large resorts, and some smaller ones, boast of an array of cabaret attractions.
bolt	Incidentally, the cathedral was even taller until a lightning bolt lopped off the main tower in 1614.Sentences transmitted usually read something like Put bolt into L-shaped part.
bore	Portugal’s citizens, overburdened with taxes, bore the brunt of the king’s extravagances.Seated next to President Kennedy at a party, she panics that she'll bore him to death.
bosom	Others represent the tribes’ totemic animals, such as the bear, protecting a human being in his bosom.The first bras simply flattened the bosom with a band, to help create a radically immature-looking female form.
bowling	but uh i guess bowling and racquetball's about it for me walking every once in a while butSo it's hardly a surprise that soccer moms are somewhat more pro-Clinton than bowling moms.
boycott	It is always embarrassing, but certainly not worth the boycott of a good restaurant.Last month, "" reported the student boycott at Obafemi Awolow University in Nigeria.
brace	Richards, The Meaning of the Meaning of Meaning , New New York: Harharcourt Brace & Co.See C. Ogden and I. Richards, The Meaning of Meaning . New York: Harcourt Brace & Co.
bracket	These cases were chosen to bracket the extremes of an ideally performing MM probe and a poor MM.And in 1998, says the paper, General Motors managed to get itself in the 0.8 percent tax bracket.
brake	oh we just uh refilled refilled uh probably filled the the brake fluid up and that was itand there's some kind of a boot that had had come off the car so the emergency brake froze on
brandy	Sherry (jerez), a wine fortified with brandy, has been made in Spain for hundreds of years.Brandy is the sweetheart of black America--she's Whitney Houston before Bobby Brown.
breadth	Optimists said the survey revealed the breadth and robustness of the economic expansion.Bennett wants to believe that you can teach in depth and in breadth at the same time.
bribe	The rich get richer, not because they're more efficient but because their ability to bribe is greater.Hersh even pulls in Nixon, mentioning that the Kennedy-era CIA discovered he had taken a $100,000 bribe.
bride	Traditionally the town was given as a wedding gift from the King of Portugal to his bride.well you could buy an awful lot of Bride magazines for a hundred dollars i don't know it it
briefcase	Handing him a black briefcase, Cyril whispers to him, "We're leaving tonight, dear.The briefcase, by the way, was metaphoric; the money was to come from mysterious off-shore accounts.
brim	A primrose by a river's brim A yellow primrose was to him, And it was nothing more.She doesn't transcend the part, she fills it to the brim, anatomizes it.
brisk	Recently a brisk, chummy young woman whom I had just met asked me what my first name is.The shop does a brisk trade in kitchen towels, mugs, and, of course, packets of the precious leaves.
brittle	yeah but you you know as far as brittle as child abuse is these days you never knowDegas lived until 1917, when--blind, brittle, and beleaguered--he died at 82.
brochure	(For your convenience, we enclose a Second Century Society brochure and response card.)Please send your gift in the enclosed envelope with the response card attached to the brochure.
brook	The vice president has staked out doomsday as a favored issue, and will brook no optimists.Try telling that to Jessica's current favorite Cleveland Indian, third baseman Brook Jacoby.
broom	Maybe a session in the broom closet killed their passion because, according to the Enquirer , "the honeymoon is over."On the other hand, many lands see the world with a single eye: a new broom does sweep better than one with worn-out bristles.
brow	He favors a sort of Athenian approach: language bursts full-armored from the brow of Jove.Jack Maggs is arching its brow at Dickens' vaunted causes, making them potentially smelly.
browse	Much more entertaining is a slow browse through the pages, which reveals items like this:Browse through the Arab market behind the mosque and wander the alleyways towards the port.
bruise	McCain leaves a bruise without looking mean.It is one giant black bruise.
brutal	Consolidating control over the rest of the country, though, was a long and brutal business.I am not sure when a simple "No, thanks" fell out of a favor for more brutal solutions.
bud	As Detective Bud White, Crowe is a beefy thug with a compulsion to rough up wife-beaters."Argentine President Carlos Saúl Menem, drive down East 88 th Street holding a can of Bud."
buffet	Because of my healthy appetite, I am quite fond of all-you-can-eat, buffet style restaurants.You can probably manage at least a couple, and theaters often provide a good buffet between plays.
bulb	green spiky leaves now it looks almost like a hyacinth only a a lot higher and it is a bulbSo: Do not lean the pleated shade on the bedside lamp against the bulb while it is lighted.
bulletin	Lee (as quoted in the Bulletin 's profoundly politically incorrect account) the last word:and of course you know i also run a bulletin board from here and i'm involved in FidoNet
bully	Democrats pursue the Lowell strategy, trying to bully Starr into revealing embarrassments.And civic leaders, both political and religious, are using their bully pulpits for this?"
bump	But since his report helped bump Net stocks up yesterday, they probably didn't even notice.But, notes the Post , neither the Globe nor the National Enquirer is seeing much of a bump.
bundle	This being done, he can then print together and bundle all of the addresses for one ZIP Code.Micronized CAP induces gp41 six-helix bundle formation and is virucidal against HIV-1
burglar	a burglar comes in and uh finds a gun and ends up using it against the owners of the house soand since that time everybody's gotten some sort of burglar system or you know uh burglar alarms
butcher	And before you know it, the butcher knife came around and cut the little girl's head off.All of a sudden the butcher knife came out of the drawer and it began to roll around in the air.
butterfly	' Early pavilions were tents, which were shaped like the spread wings of the butterfly.A hundred species of butterfly have been identified here, and as many different birds.
bypass	Officials naively thought they could bypass the press and speak directly to the public.And a lack of perfusion fluid to prime the heart bypass machine had held up all his operations.
cabbage	uh i think they cook cabbage up north i think that's one of the things they want i'm not sure i'm notThe wonderful beaches, such as Cabbage Beach on the northern coast, were the focus of the development.
cafe	One of my persistent fantasies used to be of sitting at a sidewalk table at a cafe in Paris.You've allied yourself with the kind of man who will always opt for the Road Kill Cafe.
cafeteria	um-hum do you go like home cooking like Black-Eyed Pea and that kind of thing or cafeteriablood pressure yeah they sit there in the cafeteria sometimes and take that on your way out
calcium	COS-7 cell transfections were performed by the calcium phosphate (CaPO 4 ) technique [ 31].However, the calcium ionphore stimulated LH secretion in RGS3-expressing gonadotropes (Fig.
calendar	Both the news and calendar pages allow all users to submit their own articles and events.Some images, like Richard Kern's New York Girls , are as soft-porn as a Playboy calendar.
calorie	You add the dressing (I chose a low-fat, 30-calorie concoction) then shake vigorously.Investigators have undertaken studies of prolonged calorie restriction in humans
camel	Dunhuang has come a long way since the days when the Silk Road camel trains stopped here.Dad was a Camel man, and his offer usually came as he filled the air with smoke and ash.
cannon	The cannon sounded again for the 1918 Armistice and the funeral of Marshal Foch in 1929.Even as most of North Carolina's textile workers walked out, Cannon workers stayed put.
canoe	But when a movie nears production, that canoe is suddenly launched into Niagara Falls.and some of our longest trips went for about six days and covered about seventy miles where you you canoe
canteen	You can have a coal miner’s meal at the colliery canteen.(His Social Realist Construction Workers was displayed in the canteen of the Renault auto factory, to predictably tepid response.
cape	From Gloucester Routes 127 and 127A loop around Cape Ann to Rockport, a famous art colony.In summer, the traffic isn’t quite as appalling as on Cape Cod, but that’s not saying much.
capsule	With no means yet of safe re-entry, she was put to sleep inside the floating capsule.It is clear that the pneumococcal capsule interferes with various host clearance mechanisms [30].
captive	Sold to "husbands" for a few hundred dollars, the women spend years as captive breeders.(2) an “Anglo” woman kept captive in the U.S. by one or more persons of Latin-American origin.
cardinal	The cover piece celebrates St. Louis Cardinal Mark McGwire's remarkable home run prowess.The most celebrated local hero was the powerful yet benign Cardinal Belluga y Moncada.
caress	The lovers' tongues caress each other, dance about the teeth and inner cheeks, bathe in each other's oral fluids.caress ( v .) To treat with fondness, affection or kindness.
cargo	For the cargo planes operation, see Intelligence report, interrogation of detainee, Apr.Reached from the Sanur-Kuta road by a long causeway, the harbor is where cargo ships tie up.
carpenter	I favor Bath, Bolton, and Barton-le-Beans for a plumber, carpenter, and farmer, respectively.--Homeless Turkish carpenter Yusuf Okul, who often wields a hammer, reacts to recent aftershocks.
carrot	Several participants reported less consumption of carrot juice at 7 months than at 2 months."The administration has got only one carrot--that is permanent trade status ."
cassette	[Note: The publisher originally sent only the cassette, and that is what is reviewed here.]The pct1::kanMX cassette was PCR-amplified from the pPCT1Δ plasmid using primers LI and L4.
catastrophe	If drugs kill one in several thousand per year, this would be a public health catastrophe.the calm continuation of a national success story after the greatest imaginable catastrophe."
caution	Nevertheless, bias cannot be excluded, and the results should be interpreted with caution.Extrapolation of these findings to other patient populations should be made with caution.
cautious	Bradley, more cautious by nature, has declined to take a pledge of unilateral disarmament.The cautious spin: Black churches are losing their tolerance for leaders who exploit them.
cellar	eine Leiche im Keller, Lit. a corpse in the cellar: a skeleton in the cupboard (or closet)If you are keen to learn Israeli folk dancing, the Bicurei Ha’etim Cellar in Heftman Street (tel.
cement	All ceramic copings were made 0.6 mm thick and with a cement space corresponding to 60 μm.Hybridization mix was applied to sections and coverslips were sealed with rubber cement.
cemetery	A few miles from Gaochang is the royal Astana Cemetery, discovered by accident in 1972.Since a gruta is primarily outdoors it can be constructed as a yard or cemetery shrine.
census	Figure 1displays the percentage of immigrants for each state, according to US Census data.Some recent examples of such "emergencies": medical services for veterans and the census.
cent	A recent estimate put the cost at less than one-millionth of one cent per transaction--i.e.Of course, one cannot be one hundred per cent certain about the exact meaning of every name.
centigrade	and we we sort of have to get accustomed to the fact that our body temperature is thirty seven degrees centigrade yesYeah i noticed my van has a uh a button on the temperature gauge that you can switch between centigrade and fahrenheit
centimetre	The number of knots per square centimetre ranges from 20 –30 for a coarse wool carpet to 100 –200 for the most expensive silk carpets, which can cost tens of thousands of pounds.
cereal	they think they have to have everything they have to have the latest cereal about you know justThe grain-filling process of cereal development typically has two processes: dilatory and filling.
certify	The remaining agencies now are required to certify the accuracy of financial information that feeds CAFR.Meanwhile, a federal election monitor is refusing to certify Carey's victory because of the investigations.
chalk	Profiles chalk up the brothers' success to 1) good looks and 2) on-screen intensity.yeah right and uh the things that uh Bart will write on the uh chalk board at school
chat	(In fact, Internet chat rooms and newsgroups are excellent places for social interaction.)Prudie hopes you will refocus, consider yourself lucky, and move on to another chat room.
cheer	The second selection's obscurity didn't cheer him up: "Ugh, can't do you the Washburn book."They are members of the major casino union, here to cheer on their employers and their union.
chemist	Nonetheless, Kovner procured some poison from a chemist in the future state of Israel.The Finnish chemist Gadolin isolated a new earth (metallic oxide) there in 1794 and called it yttria .
cherish	If he does renounce it he'll infuriate those who cherish it as a part of Southern history.The howlers in my collection that I most cherish, however, depend for their charm on skewed syntax.
cherry	Maybe A Taste of Cherry --although I was scratching my head over that one for a long time.Cherry Hill, NJ, USA), and incubated with amphotropic PA317 packaging cells for 24 hours.
chess	Before we started it was always filmed from the top, and it looked like a little chess set."And not one of the programmers could have beaten Kasparov in chess--not even close.
chew	Hand down the edict that the newly braces-free child may chew gum only when she is alone.JBM: -and they'd chew it, come back, and he have me, want me to chew it, I mean smoke it.
chill	they said it could be like six degrees outside and like negative forty one wind chill"You're Philip Roth, and you should probably chill before your next lover moves in."
chimney	uh-huh well the white but i have a problem i can't get up high and we can't paint the chimneyAh, perhaps there are thousands of ways to complete the house and to complete the house with the chimney.
choke	Should we be boycotting multimedia sites that make even my fractional T3 connection choke?His defenders argued that the award was what had caused him to choke in the first place.
chorus	The cover editorial joins the chorus proclaiming the Clinton presidency is on the brink.By the weekend, liberal pundits and conservative pols were joined in messageful chorus.
chromosome	05% Tween 20 and incubated at room temperature with the chromosome spreads for 30 minutes.Dr. Collins was reacting to an account of the first sequencing of a human chromosome, No.
cigar	I've still never smoked a cigarette, although I'll enjoy a Cuban cigar if you're buying.They also have a smoking café if you want to sit and enjoy your cigar on the premises.
circular	(circular intron + spliced intron) / (unreacted intron + circular intron + spliced intron)All gene-positive clones contained circular YACs with ~ 40 kb DNA inserts (data not shown).
circumference	The external diameter was calculated from the circumference of the external elastic lamella.The smaller the circumference of the circle created, the stronger the transitive power.
circus	The magazine excerpts a new oral biography of the members of Monty Python's Flying Circus.The media sulked that the trial was over before it could become another O.J.-style circus.
civility	Civility may be the first casualty of any election, but subtlety is always the last.Instead, Tannen has written something less: a book about other books about civility.
clap	Rule 37, incidentally, states, "When a customer sings karaoke, please, everyone clap."OK, abracadabra: Clap your hands together three times and say, "All right, I'm out of this game."
clarify	If this debate is to yield fruit, we must therefore clarify what we mean when we speak of EBM.However, it is important to clarify what type of problem interveners are attempting to address.
clarity	This light scattering and absorption reduces atmospheric clarity and is perceived as haze.We chose here binary fitness values for mathematical simplicity and clarity in our analysis.
clasp	1991), whereas a particular disease mutation may only impair the clasp and partially activate the receptor (Peyruchaud et al.For example, deletion of aIIb cytoplasmic tail completely removes the clasp and permanently activates the receptor (O'Toole et al.
classmate	An encounter in the school bathroom leads to an affair with a sinister classmate named Judas.So we learn from the Globe that as a 14-year-old he took classmate Cecilia Garcia out on a date.
claw	He doesn't need the power and prestige of Washington and feels no compulsion to claw his way up.The cover story tracks four narcissistic young actors as they claw through Hollywood's casting maw.
clergy	A special low rate is listed for priests but not for the clergy of any other faith.Military dictatorships generally are less efficient than those run by lone despots or the clergy.
climax	I figure there's no better place to watch the climax of Flytrap than the place where it began.The violence reached a climax in 1951, with the assassination of High Commissioner Henry Gurney.
cloak	As has become common in merger reporting, some of the papers attempt to cloak the event in intrigue and drama.Unlike earlier black comedians, Pryor never tried to ingratiate himself with white audiences or cloak his rage.
clockwise	Let's consider each of these, beginning in the northeast corner and moving clockwise.Here is a list of some of the better courses, working clockwise around the island from San Juan:
clone	Subsequent processing was used to determine a more detailed analysis of the clone quality.There was a single clone in ctg16024, 463J22 that our data place in ctg16021, near 228I15.
clothe	Here, too, you’ll find all the boutiques that clothe Ibiza’s trendier visitors.People have to cut their hair, eat, clothe themselves, decorate their homes—fashion affects how they do these things.
clumsy	There are other ways in which diatoms could help us clumsy humans build nanoscale ‘widgets’.Though Bush's performance was otherwise clumsy and lackluster, he won by playing rope-a-dope.
clutch	Ornery is one of a clutch of bristly words with odd and often controversial etymologies.I honestly think I'm dependable in clutch situations, even after 36 hours on the job.
coarse	The beaches towards the south can be pebbly, while the sand is usually coarse.2. something vulgar, as an act or expression”; vulgarize “ 1. to make vulgar or coarse; lower; debase.
cock	Second, a clue may name a class of objects which includes the answer, like bird for COCK.Half cock does not give enough power to generate sparks and fire the pistol, so it is a futile gesture.
coherent	And while this kind of movie doesn't cry out for a coherent plot, it does need surprises.Not necessarily a correct answer--or honest or heartfelt or logically coherent--but easy.
cohesive	Their verbal narratives are more cohesive than those of agemates who prefer other forms of play.“The church remained the most powerful center and cohesive force in the Mexican American colony.
coil	The heart begins to coil and blood flows on to the dorsal face of the yolk sac.However, the binding domain is a coiled coil and the tail of AtMAA21.
coincidence	and uh what a coincidence we got a baby sitter and we went to the movies this past weekendThis is no coincidence, since the Symposium portrays homosexuality as useful and ennobling.
collaborate	We not only get to explore a cool new technology; we get to collaborate with the composer.Sydney and her father collaborate in overcoming obstacles that Sydney encounters.
collide	"Exoatmospheric Kill Vehicles" orbiting Earth would be programmed to collide with warheads.Which brings us to Waco, where the symbolism and substance of Reno collide most alarmingly.
collision	This sounds like an important story--Zeitgeist and president on collision course over taxes.Then the Left won the 1936 elections and was immediately in violent collision with the Right.
comb	I once observed a photographer’s assistant during a photo shoot comb out the fringe of a rug.For example, if a food source is found in the direction of the sun, the dancer will waggle ‘straight up’ the vertical comb.
comic	The animals' decadelong attempt to mate was played as comic opera, but it was much darker.The comic strip is nearly 50 years old and is carried by 2,600 newspapers in 75 countries.
commemorate	Members of his task force were given T-shirts that say "142" in order to commemorate the event.It was built to commemorate the legendary warrior Monsopiad, whose forte was beheading his enemies.
commend	it is yeah i i commend Israel for their restraint in not responding to the Scud attacksRepublicans and Democrats commend Helms for his good sense, flexibility, and bipartisanship (?!)
commonplace	She reads from her commonplace book, makes a notation in her crabbed half-Cyrillic hand.The paper reports these commonplace troubles cost $100 billion annually in lost productivity.
communism	The difference: Catholicism will outlast Pope John Paul II; communism won't outlast Castro.For Reagan, Soviet communism was only the most grotesque version of the collectivist impulse.
commute	to commute back and forth to work and it has been it almost has two hundred thousand milesand i just you know i just drive it to work so it's just a ten minute commute everyday
comparative	The comparative advantage in QoL for AT III was also maintained from 28 to 56, and 90 days.Our strategy for microsynteny-based comparative mapping was straightforward and simple.
compartment	Levitt and Levitt [ 2 ] described an approach to estimate PA using a two compartment model.well the there's a trick i use they used to leave my cigarettes in the glove compartment
compass	Maybe I'll continue to breeze through Fodor's, Compass, and Frommer's in airport bookstores.Compass America, a Fodor's associate, is stylistically a synthesis of these two models.
compassion	I think the tradition for compassion for the poor encouraged that gift in me," she said. "Jim Leach, R-Iowa, introduced Bush as "a conservative with a conscience, with compassion."
compatible	Metrozoo, a cageless facility, displays animals compatible with the south Florida climate.well i don't i yeah i didn't mean compatible i meant comparable my brain is going to mush
compelling	At some level that is hard to define, we believe the threat had not yet become compelling.But some find the bleakness compelling and praise the dialogue and flashes of black humor.
competent	Ostensibly, this is a safety measure to ensure that only competent drivers are on the road.And it is very difficult to have technically competent contractors in specialty areas."
compile	Like you, I wish Gates and Appiah had taken the time to compile a truly comprehensive encyclopedia.To compile a truly unique exonic index, redundancies must also be resolved across transcript databases.
complement	Thus we consider the template-match method a useful complement to standard post hoc tests.xy is computed from frequencies of the sequence concatenated with its inverted complement.
compliance	All of the organizations monitored compliance with organizational policies to some extent.In addition, compliance testing of the control technology is also completed in this phase.
complicate	What's more, kin selection itself may complicate race relations in various subtle ways.To complicate matters, they also used the plural of eyebrow ( supercilia ) to mean eyelashes.
complication	6°F, is the most severe neutropenic complication and can cause prolonged hospitalization.There is no state cost calculated for this complication as it is considered to be episodic.
compliment	Prudie is betting that's the only compliment he's received on his manners since, oh, January.In the meantime, compliment your own parents on their wish to promote the larger family circle.
composite	David Plotz's "Assessment" this week is a composite portrait of Bill Clinton's dream date.I don't think it will ever be resolved whether it was an actual person or a composite ...
comprehend	The position we settled on was "The Butterfly," which we had to read three times to comprehend.The ethicists who advise politicians and biotech firms can't comprehend the gravity of this step.
comprehension	By the time the light of comprehension flashes, the listener might have lost the thread completely.One prominent macro-economist calls today's globalized economy "almost beyond human comprehension."
compress	Then more work was done to compress and heat the gas by pushing on the piston from the outside.no there um a lot of them are recycling by trying to compress their trash into the bags as much as they can
compute	Because there are no data on subjects first screened after a one year delay, we compute qNow, given Newton’s calculus, let us compute the forward trajectory of the balls on the table.
comrade	But tonight, for the first time in way too long, Lemmy is to meet his closest comrade.I came to Frankfurt to see my old comrade, (see Chap 46) but she made me leave after two days.
concise	USAT provides the most concise explanation: "The companies will share all patent rights.The struggle between concise code and bloated code plays out under the threat of a deadline.
conclusive	The British authorities were horrified but could find no conclusive proof of guilt.Often, too, its intercepts are conclusive elements in the analyst's jigsaw puzzle.
condense	There is a time course therefore when fibers are formed, mature, condense to ball-like forms and ultimately decay.To condense from (but not otherwise alter) the 1960 edition of the World Book Encyclopedia: "About two thirds of the people of Colorado live no more.
conductor	but i think the conductor i don't know or one of the conductors is is from another country10/79), Kölner Runfunkchor, Kölner Rundfunk Sinfonie Orchester, Luciano Berio, conductor, DGG.
confer	By day 71, the matrigel would no longer confer an optimal growth environment for BG-1 cells.Regular physical activity has been recognized to confer health benefits since antiquity [1].
confidential	Such information will hereafter be referred to as privileged or confidential information.Confidential . Last week Alec's new action movie, Mercury Rising , opened to tepid reviews.
conform	Effective immediately, all media and editorial folks will conform to the following dress code:Like WTO critics, the McChesneyites hate anything that doesn't conform to their idea of democracy.
conformity	A Washington cliché even emerged to praise mindless conformity: "singing from the same songsheet."Ironically, those who spout off the most about Greek life and conformity are just as guilty of it.
congratulate	But Neil Simon doesn't congratulate his audience for being brave enough to laugh at his jokes.Senators congratulate themselves for conscience, bipartisanship, and fidelity to the Constitution.
conjunction	These other services may be performed in conjunction with an audit of financial statements.(Britain's Royal Mail is conducting a similar experiment in conjunction with Microsoft.)
connotation	The single word up , for instance, was so loaded with connotation that it too had to be avoided.If not rhetorical, the same question would have no such conspiratorial connotation.
conquer	Turkish corsairs, notably the infamous Barbarossa, helped to conquer Algiers and Tunis.INSIDE τ(1,M; 1,L)); and (3) the divide and conquer algorithm to recover an optimal alignment (e.g.
conquest	At least irony is unlikely to be used to justify programmes of conquest or extermination."Forget about defeating Dr. Evil: Austin Powers represents the exuberant conquest of shame.
conscientious	so maybe you know the next generation will be a little bit more uh conscientious than we areThis is an elite that practices conscientious consumption instead of conspicuous consumption.
consecutive	The maximum number of consecutive days also was calculated for the same three parameters."For the fifth consecutive year, it's going to let pretty girls ship everything book rate."
conserve	Your contribution helps to conserve and protect these artists' great masterworks.Like was done on the open range, shall we conserve or farm the sea—or both?
considerate	Your petty antics of coal-raking put those of us who are sincere and considerate SUV owners at risk.. A reporter goes undercover as a PAC lobbyist, and finds that congressional staffers are incredibly considerate.
console	In Linux, it's a kernel with enough support to maintain a command console, something around 120k.The classic EEG is usually recorded on a ponderous console with 8 to 32 channels to improve sensitivity.
consolidate	The cynical spin: Hun Sen is protecting them to consolidate the power he won through a coup.For example, GAO has taken significant steps to consolidate its field office structure.
conspicuous	To that end, you might say that the conspicuous absence of Jewish issues is the problem.This is an elite that practices conscientious consumption instead of conspicuous consumption.
conspire	The extreme argument, dredged up by Bennett, is that gays conspire to recruit kids.As testers hunt bugs, developers conspire with the marketing department to add features to the product, which breeds more potential bugs.
constrain	Neither country, the papers note, has signed the treaties that constrain nuclear tests.However, the extent to which energy and water availability constrain species richness varies.
contaminate	Some reports hint that unburied corpses could contaminate Turkey's water supply.that one pint of brake fluid can contaminate so many gallons of water you know like hundreds of gallons of water
contempt	Ruling that the order was mutually binding, Judge Thornton also cited the men for contempt.The contempt scheme is such a stupid, vicious, wrongheaded idea that it is a joy to watch Rep.
contention	The author's contention: Maybe 10 or 20 great books have been written in that time.(Herrnstein and Murray mostly leave the evidence for this, their central contention, to footnotes.
continual	LSC and our grantees live and work in a world that is marked by continual challenges and crises.This creates an incentive for continual improvement in environmental performance.
contradict	This doesn't contradict what Bush said--another wild swing by McCain--but never mind.When the data contradict his theory, a pollster knows what he must do: Dump the data.
contrary	On the contrary, it reveals that the Commies were even more inept than previously thought.The number of words in a language is irrelevant, contrary to what one respondent suggests.
convenience	For your convenience, there is a list of all 54 neighborhood branches on the opposite side.it's just kind of convenient and she's the kind that goes for convenience over anything else
conversely	Conversely, I don't think the current music scene is half as bad as you make it out to be.Conversely, if perfectly error-free measurement of the target could be assumed, i.e., if σ
coordinate	The tasks coordinate the flow of atoms among the molecules whereby the set reforms itself.On August 7, Atta flew from Fort Lauderdale to Newark, probably to coordinate with Hazmi.
copyright	Dexter does have copyright law on his side, a point that he makes with numbing regularity.The first point to recognize is that copyright is just a commercial form of privacy law.
cordial	Pundits were impressed by the cordial atmosphere, which was in contrast to last year's.Elizabeth Dole's campaign, though very cordial when we phoned, never got back to us with answers.
correlate	This might correlate with the increased complexity of animal-specific secretory functions.The calculated energy and relative intensity of hybridization correlate at | r | = 0.91.
corresponding	.., n ), we estimate the coefficients at a point u (not necessarily corresponding to any uAll ceramic copings were made 0.6 mm thick and with a cement space corresponding to 60 μm.
corrode	Unfortunately, the cement used for its construction contained sea sand, which caused the iron reinforcing rods to corrode.If a heater is immersed directly into the seawater, ensure that the heater materials do not corrode or leach any substances that would contaminate the brine.
corrupt	Also, in what way is the Vogue deal corrupt if it doesn't directly affect editorial copy?But Dalí rapidly became slack, repetitious, corrupt, and in the end completely pathetic.
cosmic	It's a cosmic joke that someone so talented is so utterly clueless about the real world.Your letter comes at a cosmic time for Prudie, who recently made the mistake you write about.
cosy	This cosy patisserie has been resident here since 1827; its cakes compete favourably with the best the city has to offer.There is a cosy fire in the study.
cough	Dyspnea is often associated with other common symptoms: fatigue, cough, anxiety, and pain.And just looking at the coal dust in the air made my lungs ache and an old cough come back.
coupon	you know i've i've noticed that's a big deal i i have i save every coupon i get my hands onso i mean if you use the coupon you're just falling for the gimmick and there you are
courtesy	It was a courtesy call, but tensions between Kennedy and Johnson were at an all-time high.(Read the first chapter here, courtesy of the New York Times [free registration required].)
courtyard	Don’t miss the graceful, 19th-century statue of Leda and the Swan in the inner courtyard.The inner courtyard has a lovely green and blue mosaic of Neptune with his wife Amphitrite.
coward	Coward died in 1973 and is buried in the garden, at his favorite spot overlooking the coastline.OK, it's not Noel Coward, but it makes me as blissful as anything has since I was toilet-trained.
crab	From the woods I gathered crab apple, winterberry, and swamp maple that looked promising.Don't give me this crap about how the crab claws wouldn't fit on the smorgasbord table."
cradle	Annually 14 million visitors come to Faneuil Hall, the great “Cradle of Liberty” and marketplace.A priest will explain the faith and show you, among the guru’s relics, his cradle, shoes, and weapons.
crane	To compare Crane and Frazier is to compare a genuine, fibrous style with academic tissue.Those new 20s in your wallet with the Andrew Jackson watermark are Crane & Co.'s handiwork.
credential	Rabbi Schonfeld's most impressive credential: "taught playwriting with the New York Shakespeare Festival."“I didn't want to be just another MBA,” says Pascal Herzer, one of the first recipients of a new graduate credential known as the professional science master's, or PSM.
credentials	Critics worry that the kids underestimate the importance of blue-chip college credentials.Maureen Dowd's Liberties column provides a list of George W. Bush's regular guy credentials.
cripple	The finish would be nauseating: Lee might cripple Seagal by kicking him in the throat or gouging out an eye.Just one lawsuit can empty a firm's coffers and cripple its reputation.
crisp	Most of these are crisp and pithy in the extreme, with an admirable precision of thought.The cinematography is surgically precise, the editing crisp, the music moody and unobtrusive.
crow	The jackdaw also belongs to the crow family (Corvidae ), and daw represents its chak .Some names ( Beaver, Blackfoot, Crow, Dog-Rib, Hare, Stone ) are English translations of Indian ones.
crude	Difference feminists reject "the big time" as a crude, ugly, and destructive male pursuit.Bicha in Portugal means a `queue'; in Brazil, it is very crude slang for a `homosexual man.
cruise	Night owls overcome their hangover with a stroll or boat cruise around the Lac des Sables.The cruise port, or Montego Bay Freeport, sits on an outcrop on the west side of the bay.
crust	uh-huh um-hum yeah um what is it about the uh the vinegar that uh makes the crust betteryeah that's it's a different kind of bread and it's somewhat of a harder crust it's not the soft
cube	And when Chatterbox was a wee cube, Pappy Chatterbox had an office in the Seagram Building.If the cubes are small enough, then each cube corresponds to a quite similar set of states.
cucumber	I loved Au Naturel , that bare mattress piece with the melon breasts and erect cucumber.They are sure to rise to the occasion of cucumber sandwiches, cakes, and scones served on fine bone china.
cue	The second is an endogenous circannual rhythm entrained by an environmental cue(s).There is a beat, as if to cue audience laughter, and then Shakespeare walks away.
cultivate	Under Deng Xiaoping, Beijing actively sought to cultivate a good bilateral relationship.Cultivate listening, laughing at the right points, and occasionally saying: "Right on!"
cunning	A piece calls Hillary Clinton's campaign kickoff "cunning" and "brilliantly staged."Like the pioneers of the Old West, Pooh is endlessly greedy, and he is cunning in pursuit of that greed.
curb	So my sisters are sitting on the curb thinking, "Oh, my God, we're going to die, right?"City Residential, Business All Businessb and Mixed Rural Park & Total All Foot Curb Loop Total
cure	To find out that it meant `able to cure flatulence' was the death of youth and innoncence.A more cynical view is that the sands provide a cure for which there is no known disease.
curiosity	At the same time, the old acquires the status of a curiosity, deserving of its own label.Curiosity led me to consult an Italian dictionary, where I found for egg yolk , `rosso d'uovo.
curl	Jackson, says Entertainment Weekly 's Tom Sinclair, has "gone the way of the Jheri Curl ...Could the decoherence of geometry aord a parallel way that extra dimensions can curl up?
curse	Jeepers creepers is nothing other than a euphemistic cover-up for the curse Jesus Christ.Unfortunately, with this famous Lipschitz diamond comes also the famous Lipschitz curse.”
cushion	Polysomal RNA was isolated from a detergent-generated supernatant on a 2 M sucrose cushion.The supernatant was layered on a 30% sucrose cushion and centrifuged at 245,000×g for 2 h at 4°C.
customary	In Canada, where I'm from, "You're welcome" is still the customary follow up to "Thank you."Upon entry, Atta received the customary authorization to stay six months as a tourist.
cyberspace	The piece titled Cyberspace and Khyber Pass [XXIII,1,11] is unfortunate, to say the least.SLATE is proud to be launching this hoary custom of summer editorial sloth into cyberspace.
cylinder	Before transferring seedlings to 2°C, the wick exterior to each cylinder was removed.Seedlings were transplanted to soil 5 d after starting germination, one per cylinder.
dairy	Pleasant, informal dairy restaurant in an old building with a lovely large summer patio.Our national nutrition policies are corrupted by the influence of the dairy industry."
dash	Mejillones (mussels) can be remarkably good steamed with a dash of white wine and garlic.As for Clinton, it's not too late to quit--dash off that letter to Albright now, for Chrissake!
datum	That is, six networks in agreement on a particular input datum would determine the classification of that input.An added datum weighs far less than does a novel accusation against someone previously considered a good family man.
daylight	Ramadan Bairam is a month long celebration when Moslems fast during the hours of daylight.The secret rooms upstairs, where the family spent the daylight hours, are stark and bleak.
daytime	All writers must include their address and daytime phone number (for confirmation only).The other four tissues all exhibit a higher level of daytime expression than in LD (Fig.
dazzle	Because the barbarians are coming today and things like that dazzle the barbarians.Charisma now means little more than dazzle , says Allan Bloom, and he is correct.
decay	We ran these analyses with different decay constants for PCB content in GLSCF over time.Thus, detecting "adaptive decay" may require more dramatic modifications to the environment.
deceit	For more than a month, Clinton's debauchery and deceit have consumed journalists' attention.I had embarked on a life of deceit involving the names of nature's own flora and fauna.
deceive	"It seemed designed to deceive people," a representative for the company said.Nor are all lies deceptions--some lies are told without any intention to deceive ("You've lost weight!"
decimal	This had previously happened in Australia, which went over to decimal currency in 1966.It was also easier to remember than other systems because it was based on the decimal system.
decisive	But the decisive factor in the explosion of the Shepard story is the manner of his death.This consideration may not affect single men, but it can be a decisive turnoff for couples.
decompose	A cubist painter tried to decompose an object into the atoms that were its real essence.put them in a mulching not a mulching but uh to let them decompose
deduce	We cannot deduce from the symmetry of the initial state how that symmetry will be broken.Hume told us long ago about the “naturalistic fallacy”: One cannot deduce “ought” from “is.”
deduct	okay so so you couldn't deduct state income uh state sales tax when you lived in Texasyeah about only the only interest you can deduct now are is a house payment mortgage interest and uh
deed	She declares that "Bill was incapable of engendering a cliché, in deed as well as in word."The beneficiary family seems to be proving the old adage: No good deed goes unpunished.
deficiency	In CVID, the most frequent pattern of IgG deficiency was that of IgG 1 + IgG 3 subclasses.In addition, infants with SI deficiency should have careful monitoring of serum calcium.
deform	Hence, the laws, forces, and particles can deform into one another in a space of laws, forces, and particles.Plate tectonics can deform the mountainous landscape.
defy	Meanwhile, Arafat continued to defy Israel's demands that he round up Islamic militants.However, classifications may contain a subset of cases that defy facile classification.
degenerate	As soon as one of them reaches the target, it is stabilised, while the others degenerate."Heroic" and civic journalism do often degenerate into idiotic rah-rah cheerleading.
delete	The targeting plasmid used to delete hprt exon1 was called pΔHprt to indicate this deletion.Delete the standard that requiring auditors to refer significant issues needing further study
deliberate	It is as if, by this deliberate smudging, Bartoli were giving old songs an antique timbre.The word carries the impression of firmness, even of deliberate effort in its production.
delicious	Havana’s delicious Cathedral Square, the focus of Habana Vieja life, could be a stage set.Sometimes pine kernels are sugar-coated, too, and the delicious result is called pinyonets.
denial	And all but USAT have Clinton's renewed denial that he committed Lewinsky-related perjury.The San Francisco Chronicle asked Bauer about the rumors and published his denial Tuesday.
denote	Let k denote the probability of death from causes unrelated to either cancer or screening.Soon it came to denote `communion between persons' and `that which is spiritual or unseen.
denounce	It will not do to heap scorn on -athon and denounce athoninators as licentious with language.Liberals and conservatives do tend to mean different things when they denounce corporate welfare.
dense	Consider a sequence that lies near the center of a dense cluster of high-fitness sequences.Either I am dense and missing some subtlety, or you don't understand the origin of the quip.
dental	and my wife who works at the same company was able to add me to to the uh dental insuranceand yeah yeah and and the dental plan is fabulous the dental plan i pay absolutely nothing
dentist	come here to feel better about themselves," says Dr. Stephen Friedman, a Maryland dentist.One dentist I spoke with called Total "the first revolutionary toothpaste in a long time."
depart	The H-2A worker must depart the country and is subject to deportation for failing to do so.Would he depart on a negative note about his opponent or a positive one about himself?
depress	This is a bad thing because the exuberance may end in a crash , and the crash may depress the general economy.Higher payroll taxes may depress personal saving to the extent that households have less disposable income to save.
deride	Sounds like the usual liberal tactic of attempting (desperately) to deride what you can't really disprove.Yet it is fashionable to deride this nation-builder as a drunk autocrat.
descendant	Finally, he is devoted to his maternal grandmother, a descendant of a dishworship of Scots .So too are descendant mutant molecules that might have arisen from further speciation from Tomasina’s tribe.
descent	Did you notice any differences between an American writer and someone of foreign descent?The DNA and RNA software of life is also common, indicating shared descent (Woese 1987).
designate	The report states that Congress should either create or designate an agency to take over.Indeed, the site doesn't allow you to designate which issues are most important to you.
desolate	Head north, however, and the desolate nature of the landscape is inescapable.Here, as far south as you can go on Martinique, the landscape is desolate.
despair	His private pictures from the time include some classics, but they are classics of despair.After a crash, the crowd's silence feeds an athlete's paranoia, depression, and despair.
despatch	His listing computer printout list helps him keep track of his customers and is used by his secretary for un mailing despatch of letters; mail drop.
despise	The archaeologists despise the New Agers, but need their money to fund research and preservation.But that's no reason to despise a candidate who tried hard, played fair, and will surely make a gracious exit.
destiny	"From the time he was a boy," she confides, "I knew that destiny had reserved him a seat."The proposed initiative equals an attempt to "buy people out" of their biological destiny.
destructive	Difference feminists reject "the big time" as a crude, ugly, and destructive male pursuit.But overworked engineers and sleepy dispatchers aren't creative, they're simply destructive.
detach	Here's how it works: Simply detach the Care Card from the top of this letter and keep it handy.Then detach the lower portion and return to us as soon as possible in the postage-paid envelope.
detain	New golf courses are being built in the area, but there’s little else to detain visitors.The village is neat and tidy, but there’s nothing to detain you for very long.
detector	ERCA reactions were performed in the Real-Time ABI 7700 Sequence Detector (Perkin Elmer).The resolution of the detector was 15,000, and the source temperature was kept constant at 80°C.
deteriorate	The economic situation continued to deteriorate and, as I now see, so did the political one.Chronic thoughtlessness on such matters can cause a marriage to deteriorate.
deviate	Those fold change numbers that deviate largely from 1.0 are considered to be false positives.Access time" is the time it takes a carrier to deviate from the route in order to make a delivery.
dew	: "Oh, that this too too solid flesh would melt,/ Thaw, and resolve itself into a dew!"Nor swifter greyhound follow, Whose foot ne'er tainted, morning dew,
dial	Before, many offices had to dial long distance numbers to connect at very slow speeds.if if it's a what kind of phone do they talk it's not a dial but if it's a touchtone it's okay
dialect	In my dialect of English, however, the plural of post is pronounced something like [poss].But now the student of Dialect C sees the word written posts and pronounces it [pos\?\s].
dialog	It provides the DataAdapter with any user information that is entered into the dialog window.The dialog box allows the user to tell the system what sequence they wish to examine.
diameter	Analysis of Variance was then performed on distensibility and 100 mmHg external diameter.Starting in infancy, her aortic root dilated rapidly to a diameter of 4.5 cm at age 6 yr.
dictate	An article worries that Ted Turner's $1-billion donation will let him dictate U.N. policy.Keys to success: Sit in a front seat on the shuttle and dictate an optimum route to cabbies.
dictation	This is not a mistake that a practicing lawyer would make, though it could be a mistake made in dictation.Conason, echoing Brill, argues that the Washington Post and the New York Times have been "taking dictation from the independent counsel."
differentiate	However, it is quite uncommon for competitive carriers to differentiate based on content.The 292 bp amplicon does not differentiate between rhinovirus and enterovirus [ 34 ] .
diffuse	Without H 2 O 2 treatment, stress fibers appeared thin and diffuse in control cells (Fig.The additional diffuse staining appeared to be in the pharyngeal mesenchyme (figure 2B).
digest	4. "Reader's Digest announced that it had doubled its earnings in its most recent quarter.Other than that, I get more out of reading Reader's Digest or Guide, Guideposts stories.
diligent	A diligent search for embarrassing quotes found nothing better than a remark by SlateThat debate needs to be guided by a thorough understanding and diligent application of sound health policy science.
dilute	The presumption is that cases surfacing after t catch-up only dilute the estimated effect.Were our autonomous agent in a dilute solution, the rates of reaction would be very slow.
dim	The value of Nlung is determined by the user input parameter N1dim (Nlung = (2*N1dim) 2).By the dim light of their lanterns, a dingy rock surface, braced by rotting props, is visible.
dine	One is cautioned about eating food openly, as the monkeys are likely to view this as an invitation to dine.She'd rather raise a stein with Dan Than venture out and dine with Stan.
dip	America doesn't have to have a dip in the GDP to consider flaky presidential candidates.(This had a long dip in the middle, with a short ending: That's right, very lucky to get out.
diploma	would look good on her on her uh diploma etcetera and so forth and and i kept pushing her towardsthey have more of these um sort of mandatory mandatory tests you have to take before you get a diploma but uh
diplomat	Following his career as a diplomat, John Quincy went on to ascend ever higher in politics.It was while working as a diplomat in Paris that he wrote the book he'll be remembered by.
disable	!," or smuggle a stun-gun into Toys-R-Us to disable the competition.have responded by secreting protease inhibitors to disable them is important if long-lasting solutions are to be found.
disappoint	Early reviews of Danticat's latest novel suggest that, miraculously, she doesn't disappoint.This would seem to be kd's view of love: an addiction that must inevitably disappoint.
disastrous	A few such painful choices rescued what might otherwise have been a disastrous first term.Adventures abroad, however, proved disastrous during the second half of the 16th century.
discard	Therefore, relatively small variations may be enough to discard PD as a useful model to apply."Items that members of the Blair Cabinet have officially been 'urged to discard.
discern	After a few of these futile interviews, I begin to discern three distinct genres of nonanswer:The whole site is faded and aging, yet it is still possible to discern vestiges of its glory days.
discreet	This state conducts its planning activities through ad hoc groups addressing discreet issues.I have been a waiter and preferred the artistry of being both attentive and discreet.
discrepancy	This discrepancy for methoxyflurane had been noted previously in the older literature.We do not know whether the discrepancy is more frequent in case studies than in other methods.
discriminate	But defending the right to discriminate against gays is no longer a sure winner for them.Thus, it may not be easy to discriminate between SIRS and sepsis, even with the use of PCT.
disdain	Worst of all, he has total disdain for everything about politics, down to and including voters.Rist, Ray C. "On the Relations Between Educational Research Paradigms: From Disdain to Detente."
disgrace	The movie merrily relates the ways in which he compensates for poverty and academic disgrace.I've had nightmares of our Fray reviews--"worst Breakfast Table ever," "a disgrace," "is this for real?
disguise	The Catholic chapel dates from 1680 when it was built in a style to disguise its purpose.For example, say a drug dealer wants to disguise $10,000 in monthly profits from cocaine sales.
disgust	* * This prompted widespread disgust among journalists, who viewed ABC's move as a sellout.The motives behind these outpourings of popular disgust, to be sure, were not unalloyed.
dislike	I, for one, can barely tell you which of the colors I dislike is mauve and which is fuchsia.okay this subject is magazines what do you like and what do you dislike about magazines
dismay	Imagine her dismay when she discovered that the library did not own most of the journals.Much to dad's dismay, we got the giggles as a guide provided highlights of Custer's Last Stand.
disperse	MC 57 cells are fibroblastic in appearance and disperse across the surface of a tissue culture dish in a uniform manner.The larger size of many of these fruits results in their toppling over and thus in an inability to properly disperse the spores.
displace	Thus as outside pressures mounted, Bashir's supporters began to displace those of Turabi.Chemical libraries can be screened for the ability to displace ButaIT leading to the discovery of better pesticides.
disposition	For patient care and victim disposition, see Arlington County, "After-Action Report," pp.Very useful in its way no doubt, but rather limiting to someone of scholarly disposition.
disregard	Discharge of a firearm on school property, with a reckless disregard for another's safety.It's weaker: it's doing something in disregard of the fact that it's likely to be harmful.
disrupt	This would disrupt the negative control of the receptor and potentiate the Ca 2+response.To examine the function of the ifk genes, we attempted to disrupt each gene individually.
dissipate	Any local fluctuations in ink concentration soon dissipate back to equilibrium.The White House may be floating the idea simply to dissipate the last whiffs of the impeachment scandal.
distill	Two of these cartoons distill several generations of changes in business mores particularly well.Your job as law student is to distill all this down to a two-paragraph summary in case you are called upon in class.
distort	MacKinnon argues that many journalists distort her work, by caricaturing her as a neopuritan.His newspapers and TV shows exaggerate and distort for the sake of sensationalism.
distract	The Washington Post says Clinton's foreign travels will distract attention from the scandal.He's engaging in military action to distract himself from his lack of sexual activity.
ditch	So in starting afresh, what should a new medical journal retain, and what should it ditch?How, for example, do we judge Ann Lewis compared to other last ditch Clinton defenders?
dive	Dozens of dive sites can be reached from resorts, typically a half-hour boat journey away.On completion, you will be allowed to dive with an instructor to a depth of 18 m (60 ft).
diversion	16,17 Moreover highly profitable non-delivered mail is much less vulnerable to diversion.Politics is diversion, not serious business, and the president is "Entertainer-in-Chief."
divert	Inoculating every child at $30 a dose would divert scarce resources from even better uses.China's spin: The findings were fabricated to divert attention from the embassy bombing.
dizzy	Carr explained that farm-bred dizzy pheasants mean more kids get to kill a bird.I turned my head and saw the woman next to me wearing a leopard-print scarf, and I felt a little dizzy.
doctorate	yeah my husband got his doctorate at BYU so that's and so he just graduated this past yearoh okay because um i was looking at at the doctorate degree in Computer Science center at Berkeley
dome	Down the road from the Russian church, the chapel’s dome is now in the grounds of a mosque.The characteristic snow-block dome measures 4 to 5 m (13 to 15 ft) in diameter at the base.
donkey	2% triton X-100, 1% normal donkey serum, 1% cold-water fish gelatin and 1% BSA in PBS-glycine).Visitors today usually hire a Uighur donkey cart for a tour of the earthen remains.
doom	But even among the good guys, a marginal physiognomy or a receding hairline can spell doom.The NYT , by contrast, implies that the co-pilot cut the engines in order to doom the plane.
dorm	well not really because you know i live i live here in a dorm i i still go to college butThe site promises that the women will "romp for your enjoyment in their own dorm room."
dormant	that's true that's true ours are well they're they're kind of dormant they're pretty mellow right nowbecause the the credit card was zero it was you know don't and it was dormant
dove	During a signing ceremony for a bill, he dove headfirst fully clothed into the Charles River.The hijacker pilot then advanced the throttles to maximum power and dove toward the Pentagon.
downward	In addition, the single rabbit myocilin band shifted downward slightly with deglycosylation.This effort is largely the responsibility of the CIO, and the focus is lateral and downward.
doze	It is possible to see today's louse egg, or nit in OE hnitu , but better by far to illustrate the hn start with the felicitous verb hnappian doze or nap.
dragon	Pavilion Restaurant ❁❁❁ at Dragon Bay Beach Resort, Port Antonio; Tel. 993-8751, 993-8753.Careful geometric designs as well as dragon and bird motifs adorned bowls and implements.
dramatize	Of course, Carey isn't the first author to use castaways to dramatize a world gone wrong.Lukas' mastery of historical events and contexts, and his ability to dramatize them, was acute.
drastic	These findings are in contrast with the drastic down-regulation of CD8 transcript levels exerted by cAMP.However, there was a drastic difference in %S between the two groups (p=0.
drawback	The drawback of ignoring phylogeny is a potentially high false positive rate (see below).One possible drawback to the study is that both healthy and sick infants were included.
dread	I finally said to Dr. Dread that he was a sleazy old fairy buying muscles instead of love.So now bond traders have as much reason to dread the end of summer as little children do."
drill	A drill hole is visible in the cranium, evidence that this was once a hanging skull-candle.This allows a campaign based on four key issues to "drill down" on each of them in great detail.
drip	If a thousand tears soak your final resting place, one will drip from my eyes.it's nice to not have a drip through from the ceiling from the roof isn't it
drought	All too frequently a cycle of drought, famine, and plague would decimate the population.The sacred relic was first worshipped in the Alicante region during a drought in 1489.
dubious	The inanity of the experts and the dubious casting make these films about as erotic as ...They circulate-even to the President-practically every reported threat, however dubious.
dumb	(In Julien Donkey-Boy , she looks like a dumb actress stuck in an improv that won't end.)And I'd rather people ask a foolish question now than have them make a dumb mistake later."
duplicate	the extent to which programs duplicate, overlap, or conflict with other related programs;RNA preparations were run in duplicate and each sample was hybridized to triplicate arrays.
durable	Not all the way--he has not yet succeeded in building a durable majority on the court.White clay from a nearby mountain made possible the very thin, durable, translucent porcelain.
dusk	And so on, as lunch turns into drinks, then dinner, and dusk slowly darkens the summer sky.If you are staying anywhere near, perhaps at Candi Dasa, you might time a visit here for dusk.
dwarf	A story reports from a dwarf convention that is the main courting ground for little people.Azaria's reluctance to marry stems from the fact that her earnings dwarf his--she is making $1.
dwell	But those who continue to dwell on these well-aired matters seldom exhibit much perspective.Its name means “sacred home of the dead” to the Kadazan who dwell on its lower slopes.
dwelling	A French carrier must, however, turn into the farmer's driveway and proceed to the dwelling.hogan A Navajo dwelling, usually earth-covered and built with the entrance facing east.
dye	Monofunctional Cy5 or Cy3 dye (Amersham) was subsequently coupled to the reactive residues.The reaction was incubated at 37°C for 30 minutes and then terminated with stop dye (5 μl).
dynasty	Beijing’s Ancient Observatory (Guguan Xiang Tai) was built in 1442 under the Ming Dynasty.He was a member of the Hohenzollern dynasty that was to hold sway here for over 450 years.
earnest	At this point, late 1998 to early 1999, planning for the 9/11 operation began in earnest.You're no longer enticingly innocent and desirable but boringly earnest, naive, and solemn.
easter	The Easter spirit is contagious: A week after Time 's heaven cover story, Newsweek and U.S.Most boutiques open only during the tourist season, starting at Easter and ending in November.
ebb	So it's not surprising that, at this moment of low ebb, Republicans are again evoking the Gipper.This was after the debacle in Somalia, remember, and at a time when his popularity was at low ebb.
eccentric	In the beginning, he was dismissed as a crackpot--at best an eccentric, at worst a threat.Critics swoon over the eccentric 67-year-old Carmelite nun's survey of Western painting.
eclipse	One of the initial frustrations of Enduring Love is the eclipse of the balloon accident.The slides were examined under Nikon microscope Eclipse E600 (Nikon Instruments Inc., Melville, NY).
ecology	we're we're really on an ecology kick up here i guess like all the rest of the country andt is no accident that the words for economics and ecology have the same Greek root, “house.”
economical	The compounding process is a simple, economical system of word formation is modern English.oh yeah the economy uh what i was thinking about is an economical issue concerning it uh
edible	Edinburgh produces a range of edible (and drinkable) souvenirs that can make great presents for folks back home.But Chengdu has other attractions as well, some of them historical, some of them spiritual, and some of them edible.
editorial	In a Weekly Standard lead editorial, Executive Editor Fred Barnes writes, "The accused ...The New York Times lead editorial calls the shuttered approach "an affront to the public."
ego	But instead of achieving power and domination, I suffered a mammoth blow to my junkie ego.,’ just like the “Whirred ego’ quoted, with a little word-window-dressing, by Virginia Howard.
eject	Despite protests, race officials have declined either to eject Haider or to reroute the event to keep him out of Williamsburg, a Hasidic neighborhood in Brooklyn.David Lubitz of D.C.'s Swidler Berlin Shereff Friedman, challenged an Annapolis, Md., ordinance allowing the police to eject people from designated "drug loitering-free zones."
elaborate	Elaborate exchanges of respect imply a degree of entanglement Americans now wish to avoid.Dedicated to the rice goddess, this is the most elaborate and ornate temple in the north.
elapse	However, in no case should more than 72 h elapse between collection and first use of the sample.And do let us all know how many seconds elapse before your conversational companion makes a getaway.
elastic	The external diameter was calculated from the circumference of the external elastic lamella.um-hum or sand even some of them well no they're elastic so i guess it wouldn't be sand
electrician	Lech Walesa, a shipyard electrician, led worker strikes in Gdansk.One studied to be a doctor, there was an electrician, a minister.
elevate	News ). Once you're a finalist representing a theme, the trick is to elevate your theme.Or should the TAS groups take it upon themselves to "elevate" the TPS to their level?
eligible	you know the it was skewed by the eligible voters being less than the total population ofSome claims of eligible aliens may arise while the alien is temporarily out of the country.
eloquent	One of them, an old campaigner with the local Home Guard, was particularly eloquent.But by quoting Tucker's eloquent letter to him, he actually makes himself seem even more heartless.
embark	(U.S. Army chaplain in Vicenza, Italy, addressing troops soon to embark for Bosnia.)This is not, however, the place to embark on a disputatious wrangle leading nowhere.
embarrass	When Jackson implied that Will's attempt to embarrass him was racist, Will took offense.However, if it was the friends' mistake, we have no desire to embarrass them with their error.
embed	The cells were further dehydrated with a graded series of ethanol and embedded in epoxy resin (Embed 812).Such projection techniques reduce the dimensionality of multivariate data to embed the variables and objects of the data in a visualizable (two- or three-dimensional) space.
embody	embody more optimistic assumptions about energy-efficiency demand and supply technologies.The Balearic Islands don’t have to work too hard to embody the perfect island vacation.
emigrate	Most young Serbs are plotting to emigrate because there are no opportunities at home.The majority of older Arab youths have expressed a desire to emigrate to other countries, particularly those in Europe.
eminent	Its Hall of Eminent Favors (Lingendian) is among the largest wooden buildings in China.Would not N. Vincent Peale have given the eminent positive-thinker a bit more class?
emit	But the torch does not emit a flame: instead a surprising little llama stands on its tip.Some of the light-hearted songs require the singer to emit a weird, guttural “ye-ye-ye” sound.
enclosure	The enclosure includes a reference to the applicable proposed revised paragraph(s) of GAGAS.Enclosure 1 June 22, 2001 letter from the General Counsel of GAO to the Counsel for the
encyclopedia	Cobuild: a short article about someone or something in a dictionary or encyclopedia,.From there we follow the left column down and click Pop Encyclopedia in the Databases category.
endeavor	Through it all, he prescribed spontaneity, an oxymoronic endeavor if ever there was one.Funding agencies need to recognize the importance of the surgical endeavor to modern medicine.
ending	Um, I read at bedtime as a calming down for all of us, being together and ending our day.Ebert is beside himself: "It's not even clever enough to give us the right happy ending.
endow	Endow and Waligora [ 47] determined that the GN residues at the neck/motor core junction (Fig.How wise is it to endow the state with powers to force us into wellness even if we prefer risk?
endurance	Even the dashes, with their suspended, rising quality, suggest the vitality of endurance.His endurance is chalked up to his training as an architect and his embrace of bright colors.
energetic	During her absence, two of our earliest and most energetic "Fraygrants" have been filling in.My childhood was pastoral and energetic and rich in experiences which developed my character."
enlarge	Expansion of the optic vesicles is obvious; they enlarge to hemispherical proportions.In Stock Market Miracles , Cook writes that "the way to wealth is to enlarge the pie."
enlighten	It would not just entertain but also enlighten.Attacks on the current system, often based on misleading anecdotes, have failed to enlighten participants or improve services to the public; and
enlist	The site makes a weak attempt to enlist new members for the voyage to the Kingdom of Heaven.Which is why she suggests you enlist a straight friend of the groom to help you plan the party.
enrich	At its best it can enrich the American idiom with phrases, words, and even bound morphemes.Future studies are needed to verify and enrich the details of the illustrated molecular events.
entail	I knew what it would entail, why they do it, and that everybody is treated the same way.Reno seems to entail the same conclusion about compulsory labeling on the Internet.)
envy	Americans mock the Frogs because we envy their intellectual arrogance, history, and glamour.They refrain from defacing Mercedes or Lexuses, these being objects of envy, not resentment.
epidemic	Countries in sub-Saharan Africa are faced with the most devastating epidemic of our times.Kentucky officials say there is a virtual epidemic of abusive relationships in the state.
epoch	There followed the epoch of leg warmers and other mutations into the aerobics class look.Thus began an 800-year epoch of Christian opposition to the newly arrived Muslims.
equator	what was interesting Malaysia is a tropical country just uh two degrees above the equatorBy now, the first cleavage groove reaches halfway between the equator and the vegetal pole.
erase	A less innocent error was an American attempt to erase four centuries of Spanish history., the ability to erase your mistakes), we have restored Dorothy to the arms of her husband.
erosion	In fact, the paper has run two stories reporting on the erosion of the man's credibility.Specifically, erosion requires that nuclease activities have access to the ends of the break.
erroneous	During the course of the morning, there were multiple erroneous reports of hijacked aircraft.Taking aim at military slang because it is “itinerant and erroneous” misses the mark completely.
erupt	Witnesses claim to have seen a fiery volcano erupt from beneath the sea just before the first jolt."The sex drive in a man is almost volcanic in its latent ability to erupt at the slightest provocation."
escalate	Human rights leaders fear that this could escalate into further, Taliban-esque repression.Brown also has a Clintonian streak that threatens to escalate pandering into a character issue.
escort	nothing but problems with it so he finally traded it in and actually bought a Ford EscortHe says he had mixed feelings about being asked to serve as Gore's "security escort."
esteem	yeah i hope they do something they need to or they're not going to have any esteem left at allAthens’ good fortune was that the Romans held Greek culture in such high esteem.
eternal	The argument only works if you believe that mathematics is eternal and precedes the universe.Of course, she never quite conceded defeat: hope springs eternal in the human breast.
evacuate	For officers deciding to evacuate, see PAPD interview 10, GW Bridge Command (Sept.For civilians not being instructed not to evacuate up, see Port Authority briefing (May 13, 2004).
evade	Not only do you evade the tough choice, you also evade responsibility for your decision.The LAT calls Iraq's statement "the boldest move yet to evade international disarmament efforts."
evaporate	Personal History's false modesty begins to evaporate after Phil's suicide in 1963.Gingrich resigns, and the practical chances of Clinton's removal evaporate.
eve	It must be the eve of the millennium if I'm thinking back fondly on The Breakfast Club .New Year's Eve is the moment this personal temporal marker arrives, for what it's worth.
evoke	They are less chic now, but their majestic sweep can still evoke former glories.But the bloodshed by speeders doesn't evoke the same emotional revulsion as the bloodshed by drunks.
exaggerate	One answer is that psychic costs shouldn't count because they're too easy to exaggerate.Goldberg says he relies on discredited studies in order to exaggerate the "crisis."
exceedingly	In an exposed, windy location this looks, considering the damage it did, exceedingly benign.The risk is exceedingly small but the probability of something unusual happening is not zero."
excel	Data generated by Microarray Suite were exported to Microsoft Excel for further analysis.Data was tabulated in Microsoft Excel ®and analyzed using SigmaStat ®(SPSS, Chicago, IL).
excerpt	(Click here for Jonathan Rieder's review in Slate and here for an excerpt from the book.)A book excerpt condemns Pius XII, "Hitler's Pope," for his complicity in the Final Solution.
excess	IVT protocols are reportedly sensitive to excess starting concentrations of the T7 primer.Then there's excess salt, another component of the average diet and a bone-killer as well.
excite	Excite will return a list of pages which "look like" the page you clicked on.If looking at the solar system doesn’t excite your child then getting close to tigers and elephants might.
exclaim	People now exclaim whew! after a close call, or humph or harrumph when impatient.My graduate adviser, Sydney Brenner, used to exclaim ‘Revenons à nos mutants!
excursion	If you are on a short visit to Japan, your excursion time might be better spent elsewhere.This excursion into beer science mainly raises the question: What kind of people are we?
exemplify	Cobuild and CED are far from being such polar opposites, but they exemplify this general point.Also, a story says the Promise Keepers exemplify the right's new strategy: Out-emote Bill Clinton.
exempt	those are what i carry beyond just that piece of paper that allows me to be an exempt at TIand if this guy is exempt from paying it we have to pay more that's exactly right so it's just
exert	Thus, CSN may exert negative control on Pcu1p and Pcu3p by promoting their deneddylation.Firstly, it is evident that individual polymorphisms exert extremely weak main effects.
exhaust	AC is assumed to be the principal reagent used to absorb the mercury in the exhaust gases.yeah the smokestacks or the exhaust pipes um i guess there's been a lot of pressure to um
exile	Jerusalem was razed, the Temple destroyed, and its people forced into exile and slavery.In his self-imposed exile in Tunisia, Arafat was joined by thousands of Palestinians.
expel	Ambassador Carney had instructions only to push the Sudanese to expel Bin Ladin.The Constitution requires a vote of at least two-thirds of the Senate to convict and expel a president.
expend	In rich countries we have quite happily eradicated them from our inner ecosystems with none of the handwringing we expend on rhinos.it's okay for us to go expend our youth's
expire	US drugs frequently fall to about one-third their original price when patents expire [12].The Star Wars toy contracts were scheduled to expire next year, which sparked a bidding war this fall.
exploitation	What's really showcased is the reciprocal exploitation at the heart of the antiques trade.The problem of exploitation in apparently voluntary sexual relations has long been with us.
explosive	Chatting has restraints, of course, in a network of burgeoning traffic and explosive costs.Another note of authenticity: The explosive sound effects come from the show's old episodes.
exquisite	Another way to see Furby's innards is to check out the exquisite Furby Autopsy Home Page .The first is whether RNAi's exquisite specificity is really an advantage beyond the bench.
exterior	MoMA’s entrance was not up a broad flight of exterior steps but through a revolving door.The exterior is a low-key International Style white box, but the interior is astonishing.
extinct	As love genes spread at the expense of indifference genes, Loveless Bobs slowly become extinct.But if it lasts in its niche, it may be well adapted, hence, resistant to being driven extinct.
extinguish	To assert Spain’s authority and extinguish dissent, he ordered the execution of five Creole rebels.He doesn't need a censure deal to extinguish the threat of conviction.
extravagant	and so we budgeted and we said well we'll be extravagant we budgeted ten dollars a dayCommerce thrived, partly in response to the extravagant demands of the Tokugawa court.
eyesight	Sixpence's eyesight was failing badly when we first met, and he was disaster-prone.Java, although this has clearly escaped Shuman's keen eyesight, is not a programming language at all.
fable	This version came from the fable of the monkey which used a cat's paw to draw hot chestnuts from a fire.Compare that pale fable with the force of the words of Marcus, a student of the gnostic teacher Valentinus (c.
fabricate	2 Large-sized sheets are used to fabricate the absorber vessel, the ductwork, and supports.Feel free to substitute your favorite dessert or to embroider and fabricate generally.
fabulous	and yeah yeah and and the dental plan is fabulous the dental plan i pay absolutely nothingLouisville, St. Louis, Kansas City--all now have a fabulous, turreted, Oz-like appearance.
fairy	but uh uh i had practically all the fairy stories read to me before i started to school soI finally said to Dr. Dread that he was a sleazy old fairy buying muscles instead of love.
faithful	On-screen, Stern says he's remained faithful to his wife--and by all accounts, that is true.The structures are broken up into small pieces and distributed to the faithful as talismans.
fake	It's a story , which he needs to smother with a bigger story--a fake war with Albania.A fake smile is seldom persuasive--it lasts too long, it looks wrong around the eyes.
falter	The Los Angeles Times lead predicts the U.S. economy will falter in 1999.This is why his ambition to be a public intellectual may falter.
fame	The Wall Street Journal front page presents a new candidate for the Chutzpah Hall of Fame.He's lied frequently about his education and military service, and he has a yen for fame.
famine	And the treasury was empty after earthquake, famine, and plague had crippled the economy.The Great Famine struck in 1845 with a blight on the staple food of the poor, the potato.
fantastic	And in the same caves stand more than 2,000 painted sculptures, realistic or fantastic.um now oh have you have you been on the Blue Ridge Parkway oh wow now that's fantastic
farewell	The WP admits that it was mistaken when it said previously that the farewell parties the U.S.They bid farewell to one another and then leave the homestead under the escort of their relatives.
farther	Back on the main road, a little farther west, keep an eye on the fields on the north side.Each day I've tested it, my Access Guide has lagged farther and farther behind the others.
fascinate	The WP runs 100 biographical sketches solicited from readers and many of them fascinate.Here, the very arrival of the product is enough to fascinate and move us; it is almost as if the future had just happened.
fashionable	At least one historically fashionable establishment still resides here in all its glory.This perennially fashionable resort is particularly popular for family skiing holidays.
fasten	[Lit. to fasten one's nail to somebody]What all appearances neglected to consider, but the Brookings study did not, was the 2.97 seconds that it takes, on average, to fasten a seat belt.
fatigue	, escape from predators) but fatigue when sustained periods of activity are required (e.g.Dyspnea is often associated with other common symptoms: fatigue, cough, anxiety, and pain.
faulty	faulty accessing: a funfair of trumpets; a prawn in the game; I know you like the back of my head.In come the battle droids and out come the light sabers, which still hum like faulty fluorescents.
favorable	The Wall Street Journal reports that 71 percent of voters hold a favorable view of Glenn.Each spring, provided that weather conditions are favorable, it becomes a home to flamingos.
fax	To receive a copy of the brick form, you may call, fax, e-mail or simply send in your $25.He's entirely dependent on Bergman, with whom he mostly communicates by cell phone and fax.
fearful	Their churches were violated and they were forced to convert, or to worship in fearful secrecy.Mitch, in contrast, scores low on fearful distress and high on positive mood.
feasible	7 mpg standard might exceed the "maximum feasible" level for 1998 indicated under 49 U.S.C.Establishing a set of logical rules for the precancers is, at this time, not feasible.
feast	People flock here on 23 April, the feast day of Barcelona’s patron saint, Sant Jordi (St.Columbus named the island after St. Martin on that saint’s feast day in 1493, or did he?
feat	He's an aikido black belt who once ran a dojo in Japan (no mean feat for an Occidental).As someone who has written Feydeauesque farce, I can tell you that it's no easy feat.
feather	Birds of a feather flock together Better proceed with caution here, could be tricky.A similar little/ great, low/high distinction--that is, birds that are not exactly of a feather.
feeble	Woodward doesn't know from context, though in recent books he has made feeble efforts to stipulate some.It is easy to reuse, and more important, each new usage reflects an attempt at creativity, however feeble.
fell	--it took me back to fifth grade because that's when I fell in love with my favorite book.As it fell out of favor as an international darling, its prices adjusted out of necessity.
fellowship	When the Ford Foundation does the same thing, they call it a prestigious fellowship! ...And the Coffin Fellowship Program provides money for attorneys who do domestic relations work.
feminine	And what a stroke, making the feminine ideal a mute (who does laundry--always a big plus)!The mythology of the feminine had a lot to do with the veiling of a woman's lower half.
ferry	and you uh everyday they drive on the ferry they go upstairs and have their morning coffeeThe ferry timetable runs on a winter (read curtailed) service until the first week in May.
fertile	That, of course, is precisely why Java has become such fertile ground for cyberevangelism.They developed into farmers with settlements and pastureland on the fertile Messará Plain.
fertilizer	Prudie also thinks the name unfortunate, sounding, as it does, like the well-known fertilizer.In exchange for 200,000 tons of fertilizer from South Korea, North Korea will discuss family reunions.
feudal	Many scholars have figured out how to turn this somewhat feudal tradition into an industry.The Palais des Papes is the resulting combination of feudal fortress and opulent palace.
finite	For example, will the algorithm based on those primitives halt or not halt in finite time?In addition, of course, rapid reproduction requires finite displacement from equilibrium.
fireman	Derek's father was a fireman killed by a black drug dealer while battling a blaze in a crack den.let's see and we we found a part time fireman and policeman and in their so so called spare time they moonlight
fireplace	I noticed there were only a couple of beads of the carving left when I cleaned the fireplace.)The fireplace looks like an abstract sculpture, but it has a traditional mantelpiece.
fishery	“If the goal is a productive fishery, we're automatically talking about up to a 70% decline in population across the board,” says Deriso.
fitting	Fitting a power law model (AD = k F n ) to the data in Figure 2yields the exponent n = 0.93.Loess is a nonparametric curve fitting technique that fits the data in a local fashion.
fixture	We inserted two types of screens beneath the UV fixture to adjust the level of irradiance.The Internet is quickly becoming a fixture—however mobile it might seem—of modern life.
flap	If the flap valve is opened, a wind will pass transiently from the left to the right box.The opercular flap, which is as wide as the eye, obscures the branchial arches in side view.
flare	The margin of the operculum is thickened but does not yet flare.The Washington Post photo department, says Quinn, thinks that the "brilliant shaft of multicolored light" is lens flare.
flatter	" 'It should flatter us,' wrote the French novelist Fougeret de Montbron in 1757.Murdoch has chosen to flatter an odious regime in the hope of making a fortune from the Chinese market.
flaw	But TWA 800 appears to have suffered from a design flaw, a fatal crack in its technology.If you do happen to discover a flaw in Slate Explorer, just keep it to yourself, OK?
fling	I grant teenagers their last fling of childish freedom before adulthood begins to descend.Let's get one thing straight: Hollywood loves big grosses, everything else is just a passing fling.
flock	People flock here on 23 April, the feast day of Barcelona’s patron saint, Sant Jordi (St.Gardner wrote in a 1775 letter, “I have often wished for a good flock of Priory sheep.”
flourish	"Governments create an environment in which entrepreneurship and producers can flourish.No relationship can flourish without shared interests, and the president's are no exception.
flu	Some hospitals are delaying elective procedures to deal with the influx of flu patients.If you totally chicken out about stating your reservations, there is always the 24-hour flu.
fluctuate	Thus, the number of passive vs. active investors will always fluctuate around an equilibrium.Your expectations about the future, and the behavior that stems from them, could fluctuate wildly.
fluent	Although he doesn't know much Chinese or Urdu, he is fluent in French, German, and Italian.So I guessed that the old gentleman was Jewish, and I would bet that he was fluent only in Russian.
flush	And the actors constitute a royal flush--OK, OK, enough with the poker metaphors.(iv) adding to the flush language at the end a sentence to read as follows:".
foam	(Along with magnets and Swedish foam, ions make up the holy trinity of self-improvement.)First it cheaped out on maintenance, letting birds peck away the roof's foam covering.
fog	[19] cloned fog-2 , a gene required for spermatogenesis in hermaphrodites but not in males.(War, curiously, is full of meteorological metaphors: a "hail" of bullets, the "fog" of battle.)
fond	Prudie, for no particular reason, is quite fond of Microsoft and, perforce, their browser.GE's Jack Welch is fond of saying that the key to success is changing before you have to.
foolish	And I'd rather people ask a foolish question now than have them make a dumb mistake later."Any sure thing attracts too many hackneyed ideas, like Wolff's, and too much foolish money.
forbid	Beatty can forbid interviews, decline to answer questions, and refuse to appear in public.Did he have to settle for UCLA, Santa Cruz or, God forbid, one of the Cal State campuses?
fore	So I was like well, I'll let my dad handle that over Christmas, I'll be home `fore I know it, you know.wolf origins uh came to the fore particularly during the full moon and but i always had uh dogs i had a terrier
foreigner	On and off the beach, every foreigner was plagued by hawkers as adhesive as bush flies.It has been suggested that it’s impossible for any foreigner to understand the Israeli psyche.
foremost	Consistency: This is determined foremost by whether the toothpaste is a "gel" or a "paste."Still farther south is Kenchoji, founded in 1249, the foremost of the “Five Mountains. ”
foresee	but then i i foresee that being just a babysitting thing not much learning but you knowi don't foresee them uh building a new one for a long time because they can't afford it
foreseeable	31 Under any foreseeable circumstances, universal delivery would not cease.) Expect industrywide numbers to remain fuzzy in the foreseeable future.
forfeit	Let me out of the cursed scam now, and I'll forfeit every penny I've contributed thus far.you can be reduced in rank forfeit your pay or if it's a repeat repeat offense uh offense
forge	With those authors, they can forge highly varied and vastly expanded “zones” for learning.The operational mission training course taught operatives how to forge documents.
formidable	Despite these formidable challenges, Japan will probably end up confounding the pessimists.And Bin Ladin's security precautions and defenses became more elaborate and formidable.
formulation	A database schema is available on the SQL search page as an aid in SQL query formulation.The random effects decomposition in equation (2) was a special case of this formulation.
fortunate	but anyway i haven't uh haven't got so fortunate as to get into any of those companies yetwell we're kind of fortunate we're right about halfway between National Airport and Dallas
fossil	The first theory is flexible enough to withstand fossil evidence, but the second isn't.so we really don't know whether there's enough fossil fuel left or there isn't and uh and uh i
foul	'When ripe the fruit pulp exceeds in foul odour all that is abominable in nature' [ 76 ] .Both my mother and I have tried speaking with her, but that just unleashed foul behavior.
fountain	A copy of Verrocchio’s delightful bronze cherub tops the porphyry fountain in the center.Islamic homes centered around a large central hall called a qa’awith a fountain in the middle.
fox	On the other hand, the U.S. is emerging from Desert Fox as committed as ever to sanctions.Some of the questions Tony Snow and Brit Hume asked Starr on Fox News Sunday last weekend:
fracture	Femoral radiographs were made at fracture, at one week after fracture, and at euthanasia.One often hears the claim that resin cements decrease the fracture frequency of ceramics.
fragile	The cover essay defends Israel as the last hope for Judaism (and a fragile hope at that).Barak's fragile coalition is equally vulnerable if terrorism or settler violence surges.
fragrant	On the mantle, an old iron urn holds cascading ivy and some fragrant winter honeysuckle.The other, Narcissus Diskcissal , was said to be fragrant, and it was--too fragrant.
freight	With horses, wagons carry freight and have four wheels; carts may carry anything but have two wheels.But if government can't reroute the freight train in a better direction, it's hard to see how it can derail it.
friction	But everybody agrees that there is now considerable friction between Congress and Clinton.The friction between the second ply and the first can create a wrinkle in the first ply.
fridge	If it had been a Bud or two from the fridge we wouldn't have given it a second thought.Sometimes a magnet's fridge magnet, (again not a possessive) might be given away.
fright	It also gives just the slightest salutary fright to colleagues and students.The men faint, run away, or become deathly ill of susto (fright).
frighten	Even the mere mention of the Buddha's virtues is enough to frighten them.i don't know it it kind of frighten me in in one way because it it seems like it's um it's kind of a personal you know your
fringe	I once observed a photographer’s assistant during a photo shoot comb out the fringe of a rug.For nearly five decades after that, the IRA existed only as a shadowy fringe group.
frog	Figure . shows a frog and fly, each characterized by an NK landscape, coupled together.The latest collection of witty stories by Moore ( Self-Help , Who Will Run the Frog Hospital?
frost	but uh up until Thanksgiving really uh well we usually get our first frost middle of NovemberSo why don't we leave poor Morris behind to enjoy his Robert Frost and Edna Millay?
fruitful	Experimental screens for novel ncRNAs may prove more fruitful for unstructured ncRNAs.Future genetic studies may be more fruitful when the validity manipulation is included in the ANT.
frustrate	You're absolutely right about companies' trying to frustrate and annoy their customers.Gradually, spike one's guns came to mean `frustrate the enemy by blocking his intended plan of action.
fry	8. Phony-Baloney Bipartisan Pledge of Campaign Finance Reform Press Conference and Fish FryThe resulting unidirectional charge transfer, Fry speculated, could stimulate neural tissue.
fulfill	Even when make-believe does fulﬁll a child’s wishes, such pleasure is not unique to play.On the Internet, more of us will exercise our right and fulfill our civic responsibilities.
fume	Fume and canopy hoods over the toxicity test areas must be used whenever possible.These were allowed to air dry in a fume hood before mounting and sputter coating.
fur	To this, I offer only the standard fur-industry reply: Fur farming doesn't have to be cruel.Fur is back, too, as are delicious pile fabrics, so that luxury can be combined with utility.
furious	Clinton reportedly was furious but told Netanyahu they should put past snubs behind them.Every article also interprets the furious GOP-Democratic sparring as a depressing harbinger.
furnace	Far from being the perfect furnace of heaven, it has a face covered with celestial zits.The ﬁrst record of Pest, meaning “lime furnace” or “ovens” in Slavic, comes from 1061.
furnish	uh lately i've been on the whole very practical and uh i'm trying uh to to uh furnish a homeOnce you have created such a garden "room," you can furnish it with any seasonal delights you like.
fury	We all become cavemen and cavewomen, and the Hobbesian world erupts in all its grim fury.These hills have a cascading fury to them, and the dwelling seems to be under siege.
fuse	His skepticism and short fuse, which once seemed so radical, are taught at the Actors Studio.Stay where you are, you lit fuse,you dull spark of saltpeter and sulfur.
fuss	In a low-scoring game dominated by the pitchers, you might wonder what the fuss is about."This time," however, says the New York Times ' Janet Maslin, "the film is worth the fuss."
futile	It's as futile as a restaurant publicly refusing to allow a health department inspection.It's this futile whoring after primary votes that has made Forbes such a pathetic figure.
futility	Students of human misery can savor its underlying sadness and futility.It's Flek who gives Joseph his reading list, even as he warns him of the futility of his quest in oracular tones:
gallon	but for uh just shrubs say five gallon or one gallon shrubs any time of the year is fineand uh you know V-8s seem to be a return of the days of you know ten or twelve miles a gallon
gallop	Real Quiet lost the Belmont Stakes to Victory Gallop by a nose.The backstage spins: 1) How sweet for jockey Gary Stevens, who rode Victory Gallop this year after having lost on board Silver Charm last year.
gamble	He told us he knew of no one at the Pentagon or the CIA who thought it was a bad gamble.It's a word that seldom appears in public unaccompanied by the Procter & Gamble logo.
gaol	Hartley is also aware of the issue, and he includes imbecile with the comment: “A common term of contempt in gaol, used particularly of the warders.”Muscle, muscular, gaol, iron,
garment	A computer pen is used to outline a panel of the garment with a sequence of contact points.3. Believes that Ronald Reagan's critics "weren't qualified to kiss the hem of his garment."
gasp	We would no longer need to debate dada legal technicalities and gasp over sordid details.Is it the last gasp of a former culture that wants to hold back the new one?
gauge	so but i i don't knit my something goes wrong with my knitting the the gauge doesn't workThe heart was removed from the chest and the aorta was cannulated with a 23 gauge needle.
generalize	Another "push" technology to watch is Marimba's Castanet, which attempts to generalize the technique.Here we generalize gene shaving to incorporate full or partial supervision.
generator	“The plan is the generator” preached Le Corbusier, but with Gehry, the plan is the result.a unit that, during 1985, served a generator in any State that producedelectricity for sale.
geology	For such a small tract of land, the geology of the Lake District is actually very complex.Whatever you can contribute, you will be helping to support a geology student at IUPUI.
geometry	In other words joining and positioning also require cell growth of a particular geometry.The geometry of individual cell growth is ultimately responsible for the observed patterns.
germ	The results suggest that Dazap1 is expressed in both somatic and germ cells in the testis.The expression of DAZAP1 during germ cell development paralleled that of DAZL (Figure 5).
gigantic	At this moment, Jupiter should be on the receiving end of the first gigantic comet MASS.i was firmly convinced the entire front yard was nothing but one gigantic ant mound
giggle	and i just here's my chance to giggle boy it's a good thing we didn't elect that Dukakis guy because i meanWhen you rub Gary's belly, he says, "Welcome the unborn into the world" and then emits a cute little giggle.
glamor	it was really it was really a glamor and of things that were fresh sprigs you know he liked that
glamour	Americans mock the Frogs because we envy their intellectual arrogance, history, and glamour.Vanity Fair 's massive Hollywood 1998 issue has all the glamour and sycophancy you'd expect.
glare	George W. doesn't glare much, as far as Chatterbox can tell, but his smirk may be an expression of disgust.Sweat popped out on his head in the close-up glare of television lights.
glide	Exotic trees and flowers are mingled with statuary, and black swans glide across a small pond.This is true even when they glide along country roads with large bundles balanced on their heads.
glimpse	But as a glimpse into the world of conservative journalism, Brock's article is revealing.With some careful timing, modern visitors can capture a glimpse of that miracle of light.
glitter	Hidden beneath the glitter are veins of the old royal and romantic Waikiki (see page 28).Their showbiziness isn't just in the dramatic fabrics, bold cut, and applied glitter.
globe	But the Globe also alleges he has been distraught over rumors that he's a child molester.According to the Globe , however, things aren't quite so hopeless at 1600 Pennsylvania Ave.
gloomy	The rosy spin: The computer method is working . The gloomy spin: Playoffs would be better.Who needs some gloomy Gus who harangues you about torture, rape, and murder all the time?
glorious	The roguish image of the city’s present might make it easy to forget the city’s glorious past.The ardent, pious wife, taming the young prince, guiding him to his glorious destiny.
glow	This morning's reference to McCarthy by Drew Pearson in his column had caused him to glow.The Bushes are positioned in such a way that the fading light infuses them with a honeyed glow.
glue	Official-English supporters maintain that language is the glue that holds us together.The Yankees can actually be referred to as the glue that held the century together.
goat	Most of our goats were just regular farm goats, but this particular goat was registered.01% NaN 3 ). Cells were blocked by incubation on ice in goat Ig (Sigma), 2 mg/ml, for 45 min.
goodby	The time has come, as it does to all entities, animate and inanimate, to say goodby.Babysitter , produced by Goodby, Silverstein & Partners for Hewlett Packard.
goose	Now replace "a duck" with "$1 million" and replace "a goose" with "a 10/11 shot at $5 million."and good food in the Blue Goose yeah that is a good place where do you like to eat
gorgeous	West Lake Hills is a pretty place, lots of wood, stone, and gorgeous views of Lake Austin."'Sleepy Hollow' has got to be the most gorgeous, sumptuous, painterly movie ever made ..."
gossip	I guess my question is: How do I distinguish "sanctioned" gossip from regular old slander?Others dismiss the book for its dearth of sources and persistent focus on malicious gossip.
gown	She is always described as having long hair, down below her waist, and is seen wearing a white gown.In other respects, the image is that of an Asian kewpie doll--powdered face, braids, tassels, and a silk gown.
graceful	Don’t miss the graceful, 19th-century statue of Leda and the Swan in the inner courtyard.The graceful open­work spire was added in the 15th century by Johannes Hültz of Cologne.
gracious	His father's gracious acceptance of death is a braver act than any macho journey could be.The western shores of the lake are lined with gracious villas nestling in perfumed gardens.
gradual	The PEA identified a gradual increase in the proportion of resistant virus from 14-P2 (0.Gradual bleeding up to 15 ml/kg in these three rats led to a 30-40% reduction in MABP.
grape	It’s perfect with dessert and preserves all the sweet, distinctive flavour of a Muscat grape.They had a grape arbor, where the grapes grow, and my mother to this day hates having grapes.
graph	A week or two ago, I heard Lord Carrington pronounce graph as “GRAFF,” with a sharp “a.”Simultaneously percentage cytotoxicity (line graph) also rises from a basal value of 12.
graphic	As a satisfactory graphic is developed for one site, the evaluators turn to the next site.Portable Network Graphic (PNG) File showing that mature TGFβ 1 binds to α V β 6 integrin.
gratitude	It is simple, dog-like gratitude for a reason to declare the presidential race more interesting.You made an "oral" expression of gratitude, which was, of course, also "verbal."
graze	Sheep graze alongside a rusty, disused cannon, standard armament of FWI forts.Sheep graze the courtyard lawns, bread is still made in the bakery, and the cookhouse provides lusty country fare.
grease	Several weekend warriors were ready to fly to Baghdad and grease the dictator themselves.Today, I am sorry to report, this Jew is doing a terrible job of resisting the grease.
greedy	Bloated, sloppy, and greedy, the band regurgitated a medley of '70s hits to vast applause.Ian Holm's portrayal of a guilt-wracked yet greedy lawyer is said to be especially skillful.
greenhouse	Energy-related activities are the primary source of U.S. man-made greenhouse gas emissions.um so i don't know what's happening if it's you know we are the greenhouse is i don't really know
greeting	There'll be greeting cards filled with loving sentiments, and brightly wrapped gifts, too.We picked up pretty easily the, um, phrase for, you know, "Hello," or a greeting is "Hey!"
grieve	If she conceives a conception and receives at a reception , why didn't she grieve a “greption” and believe a “beleption”?Rather than grieve for the homes they had left behind, the industrious Moors set about making Granada the grandest city of Al Andalus.
grim	and suggests that a vote for Dole would return us to the grim black and white of the past.A grim piece profiles Chevron's superintendent of operations along Nigeria's Niger River.
grind	And some economists with no particular ax to grind simply have doubts about the methodology.It was once used to grind paint from pigments, and was put here in 1737 as a distance marker.
groan	An article on the California governor's race notes the emergence of--groan--"socket moms."Finally, turning to her toilet, she rested her face in her hands, and gave a sort of groan.”
grocer	My dad sold them to the grocer and I wouldn't ever eat another chicken that came from the grocery store.so both guys paid it because the grocer was in essence collecting it
grope	And as the century ends, let us grope our way toward a new liberalism.Clearly most of them are; we are expected to read them without recoiling, though we may grope for a dictionary.
gum	Hand down the edict that the newly braces-free child may chew gum only when she is alone.And Role feels that gum hasn't been adequately explored for its therapeutic potential.
gymnasium	If that is not enough, there are also swimming pool, jacuzzi, sauna, and gymnasium.The USAir Arena sits on the edge of the Beltway, old and dim, not much more than a big gymnasium.
hail	Across the street, Catholic protestors in white berets recite Hail Marys into a megaphone.you know there's there's always at least one or two good hail storms before the season ends
ham	Bonuresu hamu `boneless ham' is a school girl with a figure like a chunk of boneless ham.But we'd go out and get ham and, uh, beef and, you know all that kind of thing from them.
hamburger	i used to love hamburger joints and i don't go to them i don't eat hamburgers anymore butum-hum um-hum yeah we have we usually have most of it made into uh hamburger meat though
hammer	The only thing missing is the babe running up the aisle flinging a hammer at the screen.--Homeless Turkish carpenter Yusuf Okul, who often wields a hammer, reacts to recent aftershocks.
hamper	Is he actually suggesting that having a bazoomba fetish might hamper his career?Scientists at the University of Turku in Finland have established that air pollution can hamper the sex drive of birds.
handbook	1, 2003); FAA report, "Crisis Management Handbook for Significant Events," Feb. 15, 2000.References Flores 1992; Meed 1992; New Handbook of Texas 1996; Paredes 1958; Samora 1979
handkerchief	· To the guys who carried an extra white handkerchief in the back pocket of their chinos.You can tell the difference by wetting a corner of a white handkerchief and rubbing the carpet.
handwriting	The disabilities include such dubious afflictions as "dysgraphia"--that is, bad handwriting.you don't think Parcells saw the handwriting and thought he'd be better to go out as a winner
handy	um-hum yeah and yeah that's handy and they're just there you know when you want to use themHandy or Ellington or Stevie Wonder in rap; it's a negation of a century of black music.
harass	If You Can't Harass From 8 Feet You Don't Deserve To Be Called a Religious Fanatic AnswerRobert the Bruce continued to harass the English until they were forced to sue for peace.
harassment	Even if completely true, the Monica Lewinsky tale is one of consensual sex, not harassment.Even consensual sex between workers of different levels can be considered sexual harassment.
harbor	A big lift (sea, wave) came in the harbor and all the boats made a run on their rope ends.Its natural harbor, surrounded by green hills, is one of the most attractive in the world.
harden	First, these rules harden public attitudes toward everyone accused of a crime.In some ways they don't gel, in others they harden into cement.
hardship	But somehow the mode of travel--and the hardship of that travel--becomes the movie's message.Can we ask her to have her dad pay for a portion of the dresses so it's not a financial hardship for us?
harmony	Purchasing information: I ordered the Tush-Cush from the Harmony catalog for $40, plus $6.But the chief reason for relative harmony is the object lesson of the last few elections.
harness	So if computers are getting more powerful, shouldn't we developers harness that capacity?The cover story urges government action to harness the talents of retiring baby boomers.
harvest	Only a small proportion of the harvest goes into wine-making; they prefer beer and rakı.Avidin-coated beads were used to harvest the biotin-labeled DNA strand from 50 μl of product.
haste	For their failure, haste, and return to Huffman, see FBI report,"Hijackers Timeline,"Dec.Naturally, there is less need to acknowledge service when one is enjoying haste cuisine.
hasty	If it looks clear, beat a hasty path up to Pico do Arieiro first thing in the morning.A guide demonstrates this by pouring water down a tube into the earth, then beating a hasty retreat.
hatch	cc: The Honorable Orrin G. Hatch Chairman, Committee on the Judiciary United States SenateOrrin Hatch is considering holding hearings on Reno's conduct of the fund-raising inquiry.
hatred	Tim, let me just say this: In this heart, there is no malice or hatred of any individual.When Western troops cross the Yugoslav border, they will find nothing but graves and hatred.
hawk	Bird-watchers can spot, among many species, red-tailed hawk and the occasional bald eagle.A hawk is, in fact, simply another kind of tool, used to this day by plasterers and masons.
hay	Parents use her name to scare little children into obedience: “Hay viene La Llorona . .[And] if you're looking for a needle in a haystack, adding more hay doesn't help any."
headache	Common complaints are fatigue, joint pain, headache, difficulty sleeping, diarrhea, or nausea.Or should I just assume he'll find the bottle in the medicine cabinet when he gets a headache?
headmaster	(In the novel, a headmaster actually refers to the hero and his friend as "Dumb and Dumber."In a recent letter in Sunday Times Books [18 October 1992], a West Sussex headmaster wrote as follows:
heap	It will not do to heap scorn on -athon and denounce athoninators as licentious with language.But like Sherman McCoy, Croker is a Master of the Universe who has run into a heap o' trouble.
heave	Like Shakespeare, he loved the heave and ho of a line in which each beat has its own word.Hyde, who's trying desperately to be patient, is fingering his gavel like he wants to heave it at Frank.
heighten	Most patients completely lose their appetite and stop drinking [ 79 80 ] . This may heighten onlookers' distress.It also noted that the July 4 holiday might heighten the threats.
heir	When Robert the Bruce died in 1329, his son and heir, David II, was only five years old.The two groups squabble over the legitimacy of Farrakhan's claim to be Muhammad's true heir.
hemisphere	An article notes the resurgence in the Western Hemisphere of disease-bearing mosquitoes.Brain/optic lobe consisted of one brain hemisphere including the optic lobe primordium.
hen	[W]hen you're a star of her magnitude, fashion will always return to you, hanging its head.The hen, just for that, Laid an egg in his hat, And thus did the hen reward Beecher.
henceforth	Paths produced using these interaction maps are henceforth referred to as "random pathways").In our view, between, within, and total levels of health inequality should be reported henceforth.
herd	For example, border collies instinctively herd anything that moves--without any training.' A cutting horse is a mount trained to separate certain cattle out from the herd or bunch.
heroic	The steps of the tsamíko are slow and grand, reinforcing the status of these heroic figures.Bob Kerrey has the best organization and a heroic military background; former New Jersey Sen.
heroin	Having hit 90 percent 15 years ago, you wouldn't think that heroin purity could keep rising.Domestic drug use is severely punished, but heroin production for export is permitted.
heroine	In A Regular Guy , her latest novel, Simpson has yet another heroine looking for her father.[S]he established herself as a mythical heroine, questing but always true to herself.
highland	There is an exhibition of highland dress, showing how it developed through the centuries.have you the now that's down in uh Highland Park it's Highland Park Village did you like it
hijack	They play host to terrorist groups, yet wax indignant when terrorists hijack an aircraft."'" FAA report,"Summary of Air Traffic Hijack Events September 11, 2001," Sept. 17, 2001.
hinder	Heritage exists to aid and hinder legislation before Congress and often boasts about doing so.yeah yeah i can see where that would definitely hinder the problem definitely well
hinge	It would hinge on the question of when the fetus first becomes a perceiving being.Many of the policy issues confronting us hinge on quantities--on how much.
hoist	The word hawser has nothing whatever to do with the verb to hoist; neither does the `N.E.D.(To go all the way, Hitler had even planned to hoist the gate onto an artificial hill, in an attempt to create a mini-Acropolis.)
hollow	Hence it comes as no surprise to find in the town of Exeter a lowland called Tug Hollow .Sleepy Hollow is Tim Burton's first full-gallop, Grand Guignol, gutbucket horror picture.
homogeneous	Our data from RA SM revealed almost homogeneous CDR3 lengths of intermediate size [ 13].Unless the program is small and homogeneous, the evaluator faces two possibilities.
honorable	cc: The Honorable Orrin G. Hatch Chairman, Committee on the Judiciary United States SenateKelly Flinn agreed to a "general" rather than an "honorable" discharge from the Air Force.
hop	Hence, in this limit, the entire species can be said to hop between points on the landscape.Is our Book Club a sock hop, and you and I like the columns on Celebration's city hall?
hopeful	‘I am not very hopeful that we'll ever be able to find out where it comes from,’ he says.but i i'm hopeful well i enjoyed talking to you and i wish i wish you luck there in Charlotte
horizontal	, are generally regarded as having low horizontal transmission rates in human populations.These composite RE values are represented in Figure 5 as horizontal bars for each response.
horsepower	Or whether those less fortunate are envious of his horsepower.has the uh lean burn and all that stuff supposed to be very fuel efficient so it gives you about the same kind of horsepower
hose	Um, I'm becoming consumed by bile here, so I think I'd better go hose myself down or something.i mean socks um that you have to wear hose you know hose but i know of other schools
hospitality	Pat Robertson has blamed Orlando's nasty weather on Disney World's hospitality to gays.Traditional hospitality means of course that every tour ends with a tasting session.
hostess	The persona she cultivates--the warm, welcoming hostess with a close-knit family--is a fraud.Embarrassed, I gave my father-in-law money to give to the hostess to cover our meals.
hound	Perot and his followers continued to blame and hound Dole for keeping Perot out the debates.pet to grow up with so on my uh kid's fourth birthday his birthday present was a Basset Hound
housewife	no i just just a housewife i just heard about it and found it fun guess i like to talk that's allThe 17-year-old Jess Gupta (male student), for example, is listed as a "housewife" in another filing.
housework	that's a tough question we're now able to work full eight hours a day and still do our housework rightyou know a lot time is spent doing things as far as the yard work or housework or you know that type of thing
hover	Rugged mountains peek through the clouds, and microclimates hover over isolated villages.The two children hold hands fearfully as storm clouds hover ominously above them.
howl	Howl to the heavens that our earlier Russian policy was a failure.Imagine how Republicans would howl if a Democratic independent counsel let a Democratic administration off the hook.)
huddle	One of my favorite things about New York City is the way businesses huddle together.Her parents, anxious for their daughter who has only just resigned herself to undergo this procedure, huddle in a corner, dressed in sterile scrubs.
hum	hum well we um we just moved to our first home and we had lived in a condominium before sohum yeah that's interesting no ours you know wouldn't they were just regular plaster walls
humble	In contrast, Al Gore's contributions come more often from humble folks like my own family.Don't mind telling you, In my humble fash, That you thrill me through With a tender pash.
humid	They came to spend their weekends here, away from the hot and humid atmosphere of Kingston.all right and no and not the humidity i usually think of the South as being very humid
humidity	course you know you only remember the good stuff but um i just don't remember the humidityMany will let you monitor earthquake activity, ozone levels, humidity, and flood threats.
humiliate	Everyone agrees DeLay is determined to beat and humiliate Clinton at any cost.The guy who seems determined to beat and humiliate his opponent at any cost.
humorous	Fixed expressions that are open to humorous reshaping are, of course, not always reshaped.oh Lord right yeah i i saw the first one and i i thought that was you know pretty humorous
hunger	She struggles daily with a grossly distorted self-image and an unrequited hunger for love.There's the constant hunger for money, exacerbated by the decline in government funding.
hurl	It's like the sideshow bozo above the tank of water; if they don't hurl the balls, we don't have a show.The Balinese and Sasaks hurl packets of cooked rice at each other in the October perang ketupet festival.
hurricane	well i don't know do the nice thing i'm looking forward to is uh not having a hurricane seasonIt credited the improvement to its installation in June 1995 of a new hurricane tracking model.
hydrogen	Abundant catalase enzyme then converts the hydrogen peroxide into molecular oxygen and water.Energy terms included Van der Waals, electrostatic, hydrogen bond, and torsion terms [ 10 ] .
hypocrisy	Which made them less culpable, under the perfectly logical hypocrisy of Victorian standards.Also on the theme of lefty hypocrisy, a piece derides the "steep decline of liberal moralism."
hysterical	(Bramwell Fletcher's hysterical laughter in the creature's wake--"He went for a little walk!"Markets get caught in self-perpetuating cycles of undue optimism and hysterical panic.
idiom	At its best it can enrich the American idiom with phrases, words, and even bound morphemes.Some of the most striking pictures are by Indonesians working in a purely Western idiom.
idiot	Insisting otherwise makes him into a kind of idiot savant who could create but not choose.This is a man who was told on a daily basis that he was an idiot and he kept going anyway.
idle	Or are all these vivid specters really just idle speculations that will never come to pass?We asked if we could rent one of the many trucks sitting idle in the parking lot.
ignite	… An editorial warns that the bombardment of Chechnya could ignite a war in the Caucasus.Later, Tinkerbell soars above the castle to ignite a splendid fireworks display.
ignorance	Of my own limitations, the one I had to compensate for most was my ignorance of city life.--You'd think at that point, mortified by his own ignorance, Largent would have resigned.
ignorant	More egregious are errors committed because the writer or speaker is ignorant of the facts.Chile is the country, and even the most ignorant Mexican would not call one tamal a tamale .
illiterate	And the film community is so technically uninterested and illiterate that there is no outcry.The last thing an illiterate person wants to advertise is the fact that he can't read.
illuminate	So far, its main contribution is to illuminate not epic enmity, but the everyday, subtle kind.The details of this case illuminate real management challenges, past and future.
imaginary	I broke imaginary eggs on the rim of a non-existent frying pan and made sizzling noises.I liked James Surowiecki's in the imaginary universe of The Phantom Menace ("Moneybox").
imaginative	But she was very imaginative and creative and she made up lots of little stories for us.But none of this imaginative freedom seems to have reached the ice, except on Russians.
imitate	Its scientists have made computers that imitate touch and sense emotion in human voices.22 Their responsiveness encourages parents to look at, talk to, and imitate in return.
imitation	The Boneless Pork Rib Shaped Patty is a shoddy imitation of McDonald's much beloved McRib.Even the Dalai Lama seems to have abandoned real Buddhism for the flaccid Western imitation.
immense	L.A. covers such an immense area that the first-time visitor can easily feel overwhelmed.The change in my ability to focus on my courses and the personal rewards have been immense.
immerse	At their best, these films immerse you once again in all the joys and anxieties of adolescence.In 1961, at the height of his career, he quit to immerse himself in Croat history.
impair	HSV with TK mutations may impair activation of these drugs and confer a drug-resistant phenotype.However, colonies remaining white contain mutations to impair LacZ expression.
impart	Wild herbs and flowers on the hills impart a wonderful flavor, and you can buy it plain or with nuts added.A rifle is a `long-barreled firearm with spiral grooves [rifling] cut into the bore to impart a spin to the projectile.
impartial	As a host, you needn't pretend to be impartial or pretend to be all-knowing.We have sought to be independent, impartial, thorough, and nonpartisan.
impatient	I had never met anyone so certain, so intense, so observant, so impatient, so intelligent.Our whole society, not just drivers, has become increasingly impatient and always in a hurry.
imperative	Paul Kailor says that reproduction is not guided by a moral imperative toward humanity.1) The imperative that each state must have a vision that encompasses a full range of services;
impetus	Indeed, violations of our folk psychology are a major impetus for engaging in narrative.yeah it will be interesting to see if we have any any impetus to go on to the national
implicit	Each subject was making an implicit comparison, but the reference was never made explicit.) The implicit therapeutic element to consulting a psychic has thus been made more explicit.
impulse	And in hiding, it left itself with no real protection against the prohibitionist impulse.4 Corpse Fetish: Some anthropologists say the technology is new but the impulse is old.
inaccessible	Injury may also unmask inhibitors that are normally inaccessible to growing axons.Said is considered a prime offender when it comes to inaccessible communication.
incidentally	(None of the above, incidentally, has any bearing on Lee's usage of the word "bumfuzzled."(Today's Papers, incidentally, approves the concept of voting oneself deadline extensions.)
incline	The absence of religious faith and norms, on the other hand, might incline someone toward homicide.yeah it is and it this has an you know my treadmill has an incline and you know you can get a really good workout on it
inclusive	The term "injury" is more inclusive and should be used, as "trauma" is a subset of injury.2.8 percent of the allocation of allowances for each year from 1995 through 1999 inclusive;and
indicative	This is indicative of overutilization of resources through unjustifiable hospitalizations.Auditors should be alert to situations or transactions that could be indicative of abuse.
indifferent	But first there would have to be seizure of control by some group that was not indifferent.Shields: No, politicians are impervious and indifferent to large [amounts of money]--
indignant	"Let's laugh, if we want to, or let's wax indignant; but let us not forget to understand."But then Miss Manners' "peculiar profession" depends on "sensitive but indignant souls ...
indignation	Barr too may hope to ride right-wing indignation to national power, but don't count on it.Woolfe brings very little indignation to bear on the society that allows this to happen.
indispensable	The large-scale electronic corpus is indispensable for any sort of dictionary work today.Ajami's book is an indispensable guide to why anyone in the Arab world still listens to it.
indoor	uh-huh um so those are more or less indoor sports how's the weather out there in Georgiawell i would like to we shall see i want it to be a you know indoor outdoor animal next time
indulge	He is restrained on Millionaire , forbidden to indulge in his stories, ad-libs, and insults.The papers indulge in much speculation about whether or not this means the end of Tyson's career.
industrialize	Customs anticipated that trade issues would assume greater prominence in the coming years as developing countries continue to industrialize, corporations continue to expand internationally, and trade barriers continue to fall.
inertia	Rice told us she took Clarke's memo as a warning not to get dragged down by bureaucratic inertia."But again inertia is the name of the game and again tragedy is the outcome."
infancy	Starting in infancy, her aortic root dilated rapidly to a diameter of 4.5 cm at age 6 yr.Analysis of tidal breathing was used to predict wheezing illness during infancy [ 9, 10, 13].
infect	A second question concerns whether both viruses can simultaneously infect a single neuron.They may even infect otherwise straightforward VERBATIM prose, as alert readers will have spotted.
infectious	Contact tracing should be instituted for HIV just as it is for other infectious diseases.Prions are infectious agents which (almost certainly) do not have a nucleic acid genome.
infer	Reading between the lines, one can infer that poisoning a pigeon is not a federal offense.This enabled us to infer the most likely history of the cluster duplications (Figure 6d).
inference	By inference, the multidimensional likelihood surfaces are expected to be fairly simple.The gametic phase of the remaining sites was determined by statistical inference.
inferior	Exact pressures were measured via a pressure transducer attached to the inferior catheter.Extraocular muscle (inferior rectus) from patient AVI1 was obtained during a diagnostic biopsy.
infinite	John Updike remarked that language has bloomed from the infinite fumblings of anonymous men.DOD briefing materials, Joint Chiefs of Staff, "Operation Infinite Resolve Brief," June 2000.
infrared	Infrared cameras then use the temperature difference to find the buried explosives.ATIRCM/CMWS is a defensive countermeasure system for protection against infrared guided missiles.
ingenious	Chekhov was an ingenious phrase maker, with many of the phrases scattered in his letters.Funny are the ingenious hybrids, elaborate euphemisms and novel insult-categories.
inhabit	Bats inhabit the darker recesses, but the eerie waters that flow through the cave have no fish.The people who inhabit the new regime are the same as those who dominated the old detested order.
inhale	To say that one had smoked marijuana but did not inhale would be a Jesuitical distinction.The president has yet to utter a truly memorable line (if you don't count "I didn't inhale").
inherent	To see how The Bell Curve tries and fails to get around these inherent problems, see and .The inherent array error rate (determined by the significant difference rate in the N vs.
inhibit	Zebrafish primary motor neurons may inhibit primary motor neuron fate in neighboring cellsIt is possible that TGFβ does not require Smad3/4 or p38 to inhibit Ese-1/Esx-expression.
inject	Biotech companies now inject potato species with genes that make the potato itself pesticidal.Nevertheless, all of the sorbent-based approaches use similar hardware to inject sorbent as ACI.
ink	oh that sounds really neat did you do did you use like a stamp pad an ink okay so you justThe Times editorial board, I'm sure, would make this ethical boo-boo bleed with ink.
inland	Here you will discover a commanding view of Kobe, Osaka, Awaji Island, and the Inland Sea.Inland from Almería lies one of the most un-European landscapes on the European continent.
inlet	Nor was its use so overwhelming or constant, “inlet” or “bay” sometimes being substituted.However, one side of the inlet has been engulfed by an outburst of sleekly modern hotels.
innovate	Our nitpicking exegesis of ancient texts limits our ability to innovate.Five studies suggest that charter schools also stimulate conventional public schools to innovate and improve.
innumerable	The New York Times has published innumerable editorial riffs on these themes.Resort hotels and innumerable bars and restaurants are camouflaged and shaded by the cooling vegetation.
insightful	Let us conclude with an insightful statement made by Isaac Taylor in Words and Places :I'm skeptical--I think the film's ironies are more opportunistic than insightful.
installment	And I bet kids are turning to other great books while they wait for the next installment.The fourth installment of The Nation 's attack on the "National Entertainment State."
instantaneous	At posh hotels with posh connections, supplies would be high-level and instantaneous.The peak instantaneous frequency also increased with increasing velocity of stretch.
instrumental	Hackworth was instrumental in Newsweek 's story a year ago that Navy Chief of Staff Adm.well actually most of the music that i listen to there's no theme it's instrumental
insulate	There may not be anyone else involved to insulate them."The attempted restriction is designed to insulate the Government's interpretation of the Constitution from judicial challenge.
insult	("Putz" is a Yiddish insult that literally means "penis" but in common usage means "fool."His books read like good journalism--and that's no insult--but they are not great history.
insure	One of the best ways to insure independence is to properly follow rigorous randomization procedures.When Professor Wright found out how much Philadelphians pay to insure their cars, he gave up driving.
intact	The Ponte Vecchio, intact since 1345, was Florence’s first, and for centuries only, bridge.Individual cells were motile and often left the field, but the clusters remained intact.
integral	The A6L subunit is also an integral membrane protein associated with the F 0 sector [ 29].Funding charitable works is an integral function of the governments in the Islamic world.
intelligible	But in the process, the sentence would become less colloquial and less intelligible.When and where humankind made its first intelligible utterance will never be known.
intercourse	For whatever reason, she is glued to her house and not interested in social intercourse.In sum, the estimated probability of condom usage for a given act of sexual intercourse is 53.
interference	Particularly low interference levels were observed in the frequency range around 1500 MHz.The initiates are guarded the whole night by senior warriors against outside interference.
intermediate	Transposable elements mobilize either directly through DNA or through an RNA intermediate.5 percent, according to the Social Security Trustees' intermediate actuarial projections.
intermittent	The least defensible of Safire's columns are his intermittent efforts at "Reading Bill's Mind."48 patients had continuous sedation (mean duration 53 hrs), 32 intermittent (mean duration 77 hrs).
intersect	Those three streets all intersect somewhere where the cable cars are running.Thus, rural mail boxes tend to cluster where roads (not on the route) intersect with the carrier's route.
intersection	Back at Calle Fortaleza, take a right and continue to the intersection of Calle San José.Our analyses were conducted using the Bonferroni correction for the intersection test.
intimidate	3. In 1992, the Clinton campaign hired another private detective to intimidate bimbos.At its best, there is a certain nobility to the Kennedys' refusal to let life intimidate them."
intricate	um it depends on how intricate the the the design is and whether or not you're going to uhBeleke, east of the market town of Praya, specializes in the craft of intricate basketry.
intrigue	(The Washington Post , which usually plays up Capitol Hill intrigue, reefers this story.)I can't think of the writer's name, but the writer does so well with, um, with intrigue and irony.
intriguing	An intriguing detail is caught by the WP and NYT , but missed by all other early editions.that is an intriguing type of book to be reading and trying to keep up on things like that
intrinsic	I deliberately picked systems that purport to pinpoint something intrinsic in our natures.Asymmetric division may involve extrinsic (influence of adjacent cells) or intrinsic factors.
intrude	Disney's gorillas live in a jungle uninhabited by human beings, until Europeans intrude.A method adopted by demure advertisers who don't wish to intrude is to ask permission.
intrusive	One reason is that the EU meddles in national affairs with intrusive lefty regulation.Because Prudie harbors hostility toward intrusive telemarketers, she is most happy to pass the word.
intuition	Well, one question: If the rankings just confirm intuition, then why buy them in the first place?And the truth is that the rankings' success actually depends on confounding most people's intuition.
invade	These phenoms invade from Japan--or, in the case of the Ninja Turtles, might as well have.yeah well there's there's all sorts of scare tactics i guess to to invade our privacy and
invalid	One can certainly construct special cases where the constant-mean assumption is invalid.If this assumption is invalid, then use of this definition can return very misleading results.
invaluable	Finally, mouse models have been invaluable to screen disease-specific therapeutic agents.Explainer thanks Yale contracts professor Ian Ayres for his invaluable assistance.
invariable	My invariable reply is that the only genuine way to increase one's vocabulary is by reading, reading, reading.When Darwin first introduced the concept of evolution (Darwin 1859), he challenged the prevailing view that species were fixed entities with a single, invariable genetic identity.
invention	Within a month of the Bash's invention, the A's marketing department had cooked up a song.The invention of the telegraph reduced communication time from five days to five minutes.
inverse	Significant inverse associations were found between BMD, osteoporosis and hip fracture.Effects of rexinoids on CAR responses to agonist and inverse agonist ligands in cells
invert	A new technique is used to invert the model equations in order to obtain an accurate solution for the PO absorption.We can use Q to construct fixed-level tests and to invert them to obtain confidence intervals (CI) for fold changes [ 5].
inward	Dylan, the most inward looking of musicians, a selfish genius, gives that claim credence.Another family of two-transmembrane K +channels called inward rectifier K +channels exists as well.
ironic	"Stillman is the Balzac of the ironic class," says the Washington Post 's Stephen Hunter.Bring on the ironic one-liners and the slapstick ghoul-bashing kung fu--and let's party!
irrespective	In nine studies, the biopsy was performed irrespective of the findings on clinical examination.Under the Republican plan, irrespective of the numbers, it will grow at 7 or even more percent."
irrigate	The river is also used to irrigate the surrounding farmlands, which yield a cornucopia of rice, fruit, and vegetables.The longest river in the world brings abundant water from the heart of Africa to irrigate a narrow verdant valley snaking its way through the hundreds of thousands of square kilometers of parched desert that constitute the modern state.
irritate	But it's not Dowd's views that irritate her critics so much as her style and her attitude.Which is fine, because wipes that are too wet must then be followed up with several dry-cloth swipes, which can irritate the skin.
jam	It was as though Jordan was funneling all his frustration into a single thermonuclear jam.That is the feeling that makes the children take out the broken tea pot and empty jam tin."
jargon	The pachuco argot utilized several linguistic sources in developing a vocabulary or jargon.The word default is jargon for something automatically carried out unless you change it.
jealous	The characters squabble like siblings, jealous regardless of whether they have cause to be.I'm jealous of the ideas that guy comes up with--always topical, hilarious, sardonic, smart.
jewel	The jewel of the red stone courtyard, however, is the marble-clad Tomb of Shaikh Salim Chishti.The Kesava Temple, built in 1268, is a tiny, shining jewel in the crown of Indian architecture.
jog	yeah so i've just gotten up to um being able to jog one and a half to two miles and thenWe also tried the Jog Mate Protein Tube (the one you thought smelled like meat, Eliza).
jolly	Reno called off her flamethrowers as well, and it was the beginning of a jolly evening.Clay Pigeons gets off to a jolly start before petering out into hiply modernist irresolution.
jug	"Ja . . aah . . . In the jugness of the jug, sky and earth dwell.There are restaurants specializing in them, offering three good courses, bread, and a jug of very reasonable vino de la casa (house wine).
juggle	De Kooning continued to paint rapidly, but now he seemed to be able to juggle fewer elements.and uh i guess the most significant probably is that so many are working now and trying to juggle
jungle	Beginning with the Johnny Weissmuller films, the jungle began eclipsing the English manor.Besides fishing, jet skiing, windsurfing, canoeing, and jungle trekking are all available.
junk	(Requisite statistic: On average, each American receives 553 pieces of junk mail a year.)and then you're you're if you're not informed as a consumer you end up with absolute junk
juvenile	. This foursome of female juvenile garage rockers gets solid reviews for its third album.This puts him squarely in two time-honored juvenile genres--magic books and school stories.
kettle	Each room is equipped with refrigerator, kettle, hair dryer, and coffee-making facilities.The chirping-bird kettle seemed to prove that high design could also be cute.
keyboard	The perception of pitch, then, is arranged along one dimension, as on a piano keyboard.When will keyboard and word process do something to typewriter and type (if they haven't already).
kidnap	"I could drive into that community and kidnap a little girl and no one would see."Latin American gangs routinely kidnap rich foreign executives and demand multimillion-dollar ransoms.
kidney	It appears to be expressed at the highest levels in liver, then testis, kidney and retina.Perhaps it would be better, as Fraser seems to suggest, to use the phrase of that kidney.
kilo	The efficiency of the term is undeniable--"Y" for "year," the number "2," and "K" for "thousand" (from the Greek "kilo")--and it eventually caught on.But more lucrative than the guano are the swiftlets’ edible nests, for which Chinese merchants are prepared to pay hundreds of dollars per kilo (of about 100 nests), reselling them for thousands, to make bird’s-nest soup.
kilometre	It has taken on (over the pronunciation of kilometre) Australia's most loquacious Prime Minister, Gough Whitlam, and fearlessly determined an Australian pronunciation of words as divers as Jervis Bay, Chernobyl, and Quixote.
kin	"Kin selection" accounts for the evolution of altruistic impulses toward close relatives.of uh of casual speech uh in an attempt to get some kin d of a model of what speech is like
kindergarten	If he doesn’t do well in kindergarten, should he repeat it or go into a “transition” class?well i've even noticed that with my five year old she started kindergarten this year and
kindness	Pet is a name for a woman treated with special kindness, indulged as a favorite companion.In part, this is a form of kindness: It is terribly difficult to, say, write a novel.
kinship	Somehow she filtered out the avalanche of attention Jordan receives but felt a kinship with Hamm.In the other remaining kinship, one index patient and her sister had IgGSD but they were HLA-nonidentical.
kite	At hung higher than Gilderoy's kite the author glosses kite as `body'; it is actually a word for `belly.Thus, kite was aptly made from Old English cáta `hawk,' since a kit hovers in the air in the manner of a hawk.
kneel	Near it you’ll find relief for weary feet: several camel drivers often wait around the mosque entrance and will be glad to order their huge beasts to kneel so that you can climb aboard.The priest is surrounded by a circle of masked women, who, upon his command, doff their cloaks, kneel reverentially for a while longer in their G-strings, and then are sent off one by one.
knob	we had uh Pine Knob you know to go skiing and stuff so there were things around there really was pretty niceThe top looks somewhat like a discus, made of hardwood with a steel knob of spike in the center and a lead rim.
knot	The L5 and L6 spinal nerves were tightly ligated by a square knot with 6-0 silk thread.I'm going to cut it with the, a knife, the knot, so the cow can go and she won't die."
lace	Loulé, north of Almancil, is a prosperous town known for its leather, lace, and copper goods.I have a tawny silk blouse printed with a clever blend of black lace and leopard skin.
lag	There is no specific scientific evidence of the existence or structure of a PM effects lag.The Distributed Lag Between Air Pollution and Daily Deaths" Epidemiology 11:320-326.
lame	In Egypt, the semi-official press was determined not to write off Clinton as a lame duck.Next to these challenges, the official U.S. explanations for military inaction seem lame.
landlady	Not all my experiments were successful, and as I mop up the spills I can only hope that my landlady doesn't read Slate .8 White Sheet --A self-taught nightrider (James Cagney) seeks increased stature by literally dancing on the shoulders of his Jewish landlady (Judy Garland).
lantern	"There was not moonlight nor the prick of lantern light from some welcoming home.Great green cupolas, small spiky towers, a majolica lantern, and a bright green and gold roof top the ensemble.
lapse	yeah well i um you know i had as a matter of fact the the Vanity Fair whenever i let it lapseBut it makes the latest characters seem like a lapse in taste rather than morals.
laptop	The list includes cameras, laptop computers, canvas bags of tools, and 665 gallons of water.In my laptop here is enough to send Venison-and you, if you're not straight with me-to hell."
lash	This project is used to connect offices in the other islands to the main LASH office in Honolulu.Lash and Johnson are co-chairs of the California Commission on Access to Justice.
latent	ik ) tend to have higher expression levels than those with smaller estimated latent factor.These latent factors are then used in a regression analysis of the observed phenotypes.
lateral	The position for lateral initiation in pk and Vang was clearly different from that of fz .The ratio of these two values is used as a measure of the location for lateral initiation.
latitude	Bible writers have, presumably, a latitude of interpretation denied mere translators.The words in the Constitution, "high crimes and misdemeanors," give us much latitude.
laundry	And what a stroke, making the feminine ideal a mute (who does laundry--always a big plus)!my daughter's like mommy can i help you with the laundry of course you can absolutely yeah
lavatory	On another occasion, Zercher says, she pushed open an unlocked lavatory door to find Clinton standing there, unzipped.4. In our interviews of Shalawi and Qudhaieen, they both claimed that Qudhaieen was only looking for the lavatory on the plane.
layman	Interestingly, in spite of their obscure origins, these are the only three racquet sports whose names communicate something specific to the layman.In this writing, legal means `pertaining to the law,' rather than `lawful'; layman means `non-lawyer' (including the feminine); he, him and his include the feminine; and Anglo-Saxon means `Old English.
layoff	that's why they can say you know there's no layoff policy1. Tonya Harding is back on ice, this time as a pro, after a five-and-a-half year layoff for that whole clubbing Nancy Kerrigan thing.
layout	The complete layout of this figure (axes, labels, etc.) is determined without any user input.It has retained the grid-like layout of its origins as Taurinorum, a Roman castrum.
lazy	They are staggeringly lazy, so slothful they avoid climbing trees because it's too tiring.But when the sun goes down and the music starts up, there’s nothing lazy about the dancing.
leak	2) The story quoted a White House spokesman saying point-blank that the leak was "false."Her announcement, prompted by the untimely leak of her book proposal, came as a surprise.
learned	"What we've learned," declares Samuelson, "is that the little picture is the big picture."and those are really neat and we learned to do the um transfer pictures on the sweatshirts
lest	I am on the verge of suggesting another restaurant, lest I "collide" with the other man.Subsequent issues of VERBATIM will consist entirely of blank pages, lest we offend somebody.
lever	well they made a couple trades this this year that uh well Fat Lever was hurt most of the year[ 1 ] assessed laterality using a left/right lever choice on a continuous reinforcement schedule.
levy	"The results looked like Versace melded with Blade Runner ," says Newsweek 's Steven Levy.(A lien claims property only as security against a debt, while a levy actually takes it.)
liberate	Service, too, might be cathartic enough to liberate us from our Flytrap obsession.In fact, the seemingly farfetched act you suggest would liberate the movie.
librarian	University librarian Sally Haines told the Associated Press, "Librarians, we don't censor."Anything that costs more than 5 cents is prohibitive," says Head Librarian Rebecca Oliver.
lick	and uh huh yeah and he's um he's discovered pens and that you lick the backs of stampsBucks also lick soil on which does have urinated to ascertain their mating status.
lid	The revolution put the lid on the nightlife by banning gambling and deporting the Mafiosi.USAT refers to reporting "without fear of punishment," which suggests a pretty tight lid.
lightning	The Standard drools over the Starr report and calls for a lightning impeachment process.In his lightning trip through medicine, Blood and Guts: A Short History of Medicine (W.
likelihood	Parsimony, likelihood, and distance methods all resulted in trees with the same topology.The lines further from the trend line indicate the range with a likelihood of 90 percent.
likewise	Likewise, C. pneumoniae, but not C. psittaci, has been described as a tryptophan auxotroph.Likewise, Clinton benefited because he engaged Jiang and didn't really give up anything.
limp	Um, you know, one boy, in particular, I remember, had a, always had a limp after that.Dole's limp response was that he would honor his mother's word not to cut Medicare.
linear	Anti-CCP were detected using ELISA as previously described with the linear peptides [ 17].The linear B-cell epitope regions recognized by both polyclonal serum samples are similar.
linen	High on the Hill, the Jocks and the Poms are eating in style, elbows up on linen tablecloths.yeah i wonder i did i literally went in one day in my linen skirt and a sweatshirt
liner	Working with the distance and height, the estimator would assess the ball's trajectory--was it a liner?The only reference you'll find on the album to Mak's previous identity is in the small print on the liner notes: "Exit--2Pac.
linger	Last call at pubs is at 11 sharp, to ensure that guests don’t linger much beyond 11:15.Peck says bad feelings still linger among allies of the old program who feel left out.
liquor	But pork or liquor, to which the Shariat (Muslim religious law) police objects, are not.1) Pleasant Taste : Many young people do not like the taste of liquor in its raw state.
literacy	But this is not a crucial distinction for people concerned about literacy in this country.What does research say about the role of make-believe in children’s literacy development?
literate	Such errors—but not halve for have—are unlikely if the text was written by a literate person.Research suggests that individuals who are not financially literate tend to save less.
litre	Explorative laparotomy revealed approximately one litre of blood in the peritoneal cavity and an enlarged spleen, measuring almost double its normal size with a tear on the inferior surface (grade II).
litter	Another difference is that the fuel is mostly leaf litter, not conifer needles or sticks.For analysis vertebral arch distance was averaged for each fetus and then for the litter.
loaf	But then, half a loaf to the Anglo-Saxons was only half , while a whole one was a half .let's see what did we have the last time we had guests over ah yeah we had a uh a turkey loaf
locality	39 Textile mills at their outset often provided the principal employment in the locality.uh we just about had to get it because the reception in our particular locality was so poor
locker	As the USAir Arena emptied out, the sportswriters gathered outside the Bulls' locker room.The real action was over in the corner, outside the locker room of the Chicago Bulls.
locomotive	so i understand that that locomotive is worth around seven hundred and fifty dollars nowSubject: Environmental Protection Agency: Emission Standards for Locomotives and Locomotive Engines
lodge	bru, Chongong, and Langtang Village, you reach the Langtang Valley, where there are lodgeThe Andros Island Bonefishing Lodge is a prime center for bonefishing expeditions (Tel.
lofty	"We use lofty phrases such as 'with justice for all,' when we talk about our legal system.Next door is the narrow, lofty Neoclassical façade of Catholic St. Audoen’s, built in 1847.
longitude	34" E longitude) lies in the Chandrapur district of Vidarbha Region of Maharashtra and is spread over 625.Unaware that the aircraft had already crashed, Cleveland passed to NEADS the aircraft's last known latitude and longitude.
loom	did did you need a loom or were you able was it small enough that you could just hold itOf course the proprietary systems will loom larger on the Internet with the rise of commerce.
loosen	Brush the inside of flasks with a stiff-bristle brush to loosen any attached material.For example, Ablaqueate ( to loosen ground around roots ): `Absalom, come up from the lake and help me ablaqueate.”
lottery	It'll be just like when my grandmother used to give us lottery tickets for our birthdays.At $120,000 a year for Norquist and $160,000 a year for Downey, it's a cheap lottery ticket.
loudspeaker	But neon's cool heat alone did not make the OPEN sign the visual loudspeaker of American small business.Sammy broadcasts into a small wooden block, his pretend loudspeaker.
lubricate	Yet it is perfectly legal for them to lubricate such lobbying with big campaign donations.Come in and see me; I can lubricate and be ready in a minute.
luggage	Some editors prepare for trips by Federal Expressing their luggage to their destination.The high-rear form is also functional, improving both aerodynamics and luggage space.
lumber	I planted bomb disguised to look like scrap of lumber behind Rentech Compute store in Sacramento.is i make it up out of your regularly old forty CPI pressure treated lumber
lunar	Watching the sun's emergence from lunar shadow could damage or even eradicate their vision.Festivals on the first and fifteenth of the lunar month are especially lively times to visit.
lure	An added lure was Francis Light’s decision to import large quantities of opium from India.The basic explanation: the powerful lure of what Wendy Kaminer calls the Recovery Movement.
luxury	Both New Providence and Grand Bahama have a good range of luxury duty-free goods for sale.2. "Gucci announced that it won a quiet bidding war for luxury retailer Yves Saint Laurent.
madame	In the film, Madame Queen effectively drops out of the picture when she is sent to jail in 1934.Gustave Flaubert was born in Rouen and used the city as a setting in Madame Bovary.
magnet	The island is a magnet for fun seekers and serious shoppers, and it serves both very well.Also, an article notes scientists' inability to discover a magnet with only one pole.
magnify	Apollo allows the view to be scaled using zoom buttons that magnify by 10×, 2×, 0.5×, and 0.1×.The ADGE technique is a method designed to magnify the ratios of gene expression before detection.
maid	We suggest that the Septuagint sees the maid as Jerusalem, the virgin spouse of the Lord.That way, my maid of honor could catch the bouquet without my 6-year-old cousin tripping her.
maiden	It was reprinted in 1984 by Bibliophile Books, 33 Maiden Lane, Covent Garden, London WC2E 7JS.Its sculptures include a flute-playing maiden and a small nymph pulling a thorn from her foot.
mainland	At the same time, city-states began to grow in influence on the southern Greek mainland.However, Athenian involvement provoked the Persian king Darius to invade the Greek mainland.
majesty	"This is a must-see, high-tech show presented with majesty and beauty in the Town Square.""Australia bows to Her Majesty" was the Sydney Morning Herald 's contemptuous headline Monday.
malfunction	The Los Angeles Times leads with the malfunction of a Russian-launched satellite.Eighty percent of pagers in the United States were knocked out by a satellite malfunction in space.
malign	Veeps should never malign or crudely distance themselves from their presidents.In the absence of malign government intervention, there will emerge what he calls "spontaneous order."
malignant	Their chance of becoming malignant usually increases as the size of the lesion increases.However, TSP-1 levels were significantly raised in malignant tissue epithelial sources (Fig.
mammal	The human brain is not just a scaled-up version of a mammal brain or even of an ape brain.For example, a reptile has a slower metabolic rate than a mammal of the same size.
maneuver	The pit is a formation of maneuver, a temporary structure resulting from cell migration.It carries a pair of 2,000-pound bombs into combat, but it's slow and hard to maneuver.
mania	The Los Angeles Times quotes one Wall Streeter saying, "This is the end of equity mania."De Hooch is at his most appealing when he is poking fun at the Dutch mania for cleanliness.
manifest	A cut point with a high sensitivity and specificity should be manifest in an ideal test.Even opposition leaders agree that it is Serbia's manifest destiny to control Kosovo.
mankind	Aldous Huxley excerpted words from Shakespeare's The Tempest (“How beauteous mankind is!Official­ly, it is termed the “largest basilica ever built in the history of mankind. ”
manoeuvre	' he ejaculated, thrown quite off his guard by the beauty of the manoeuvre.”It would therefore not have been possible to predict from the coronarographic data the haemodynamic changes of the right ventricle that followed the passive leg raising manoeuvre.
manufacture	Some will have been used to manufacture parts or components for other systems or products.Process development, cGMP manufacture and control, and pre-clinical testing of Na -ASP-2 from
manuscript	AN conceived the study, performed the bioinformatical analysis and drafted the manuscript.assisted with the interpretation of the data and drafted the manuscript and final Figures.
marital	All these gents are unavailable for reasons of geography, marital status, and/or neuroses."Young people grow up listening to country music lyrics that mock the sanctity of marital vows.
marvelous	Marvelous as these actors are, they never transcend the limited conception of their roles.that's when we camped the most when i thinks it's a marvelous activity for younger families
marxist	They also cooperate with Colombia's Marxist insurgents, who control much of the country.Allende is the cousin of Salvador Allende, the Marxist president deposed by Pinochet in 1973.
masculine	Men have already recovered the masculine long hair, jewelry, and purses of medieval times.His voice was growlier, his temper quicker, and his shaky masculine pride always on the line.
massacre	Their crisis came on 24 August 1572 with the infamous Saint Bar­thol­o­mew’s Day Massacre.Mounting evidence suggests that the massacre was premeditated and centrally orchestrated.
masterpiece	His latest masterpiece, Prisoners Out of Control , was deemed too graphic by Fox execs.Ickey Woods, fullback for the Cincinnati Bengals, debuted this masterpiece in the fall of 1988.
mat	and these folks were you know about to go to the mat over TV stations that they had chosen orCodz-Pop means “rolled-up sleeping mat,” referring to the curled-up nose on the masks.
mathematical	We have shown that it is possible to obtain a mathematical solution to an equity problem.[ 1 ] describe a sophisticated mathematical approach using the fast fourier transform (FFT).
maths	“The jury is out—questions about the fundamental maths are worrying a few people.”
meadow	I think you're right, though: If Meadow heard the unadorned truth, she would be miserable.The image it suggests to your steadfast adviser is of two children dancing in a meadow ...
meditate	He bought a number of farms and apparently loved to sit in the pasture and meditate on his cows.The monks were supposed to meditate on these paintings all day.
meditation	But it's also sensational, a febrile meditation on the mathematics of existence.Perhaps it's all the Zen meditation, which has mellowed his showy Method edges.
melody	Or simply an abstract rhythm, cadence, or melody to which you must give voice?Coming from a staunchly conservative, two-syllable past, I longed desperately for such melody in my life.
melon	I loved Au Naturel , that bare mattress piece with the melon breasts and erect cucumber.R: I saw desserts; I'd no lemons, alas, no melon; distressed was I .
memo	14, 2004); CIA memo, "Khowst and the Meeting of Islamic Extremist Leaders on 20 Aug.,"Aug.FAA memo, "FullTranscript; Aircraft Accident; AAL11; New York, NY; September 11,2001,"Apr.
menace	Infections with resistant organisms represent a serious menace in critically ill patients.I liked James Surowiecki's in the imaginary universe of The Phantom Menace ("Moneybox").
merchandise	you you got Service Merchandise yeah it used to be Service Merchandise was the place to goSince the first film came out, Star Wars merchandise sales have totaled more than $2.
mercury	A true need exists to compare this mercury substitute thermometer with the mercury device.AC is assumed to be the principal reagent used to absorb the mercury in the exhaust gases.
mercy	The carved portico is especially fine, with a statue of Our Lady of Mercy under a canopy."There is no mercy for the dead," commented the Italian newspaper La Stampa about this story.
merge	Double-label images were created using Photoshop to merge individual red and green images.But Druids have other reasons for averting their eyes when the sun and the moon merge.
merry	But apparently it was all a merry mix-up, judging by the response of the companies involved.well oh well all you have to do is go in and give a specimen then go on your merry way
messenger	The signal-intensity ratio of different cytokine messenger RNA (mRNA) to GAPDH was determined.The transcription and translation of the DNA code to messenger RNA and protein is one example.
metric	The computation of the distance metric in the original approach employs a base-2 logarithm.The year's marquee event, "Metric Week," begins this Sunday--the 10th day of the 10th month.
microphone	Movement old-timers resent having to share the microphone and money with so many upstarts.Onstage she'd prop her leg up on the monitor and wail into the microphone like any guy.
microscope	Images were captured with an Olympus FVX-IHRT Fluoview Confocal Laser Scanning Microscope.Prepared slides containing adhered BPAEC were examined using a BioRad confocal microscope.
migrate	TU2562 was chosen because it expresses GFP in its ALMs and these neurons migrate normally.This ALM/BDU cell might migrate anteriorly, like a BDU, and express mec-3gfp , like an ALM.
militant	Ahmed Rashid, Taliban: Militant Islam, Oil and Fundamentalism in Central Asia (Yale Univ.The NYT quotes his direct pitch to militant Israeli settlers: "You are us and we are you.
millimeter	yeah these these the the nine millimeter the nine millimeter Glock to to top the chartsmetric number like uh six point two eight seven instead of six millimeter something like that
millionaire	He is restrained on Millionaire , forbidden to indulge in his stories, ad-libs, and insults.Nor does John Hurt's millionaire eccentric float around on "his own custom-made Mir."
mingle	Now representatives of both realms mix, mingle, and meddle in each other's business at will.Tweedy professors and porn starlets mingle at presentations such as "Cum Shots: History, Theory, and Research."
miniature	Fans of miniature golf gather for a round at Kaite Mini-Golf (north entrance, Ritan Park).yeah yeah i mean some people seem fairly well suited for for uh miniature poodles and such
minus	On the minus side: Heather Graham doesn't match up to Elizabeth Hurley as Myers' ladylove.Special diligence was taken to measure the radiated power (forward minus reflected power).
mischief	to that criminal mischief element they're always going to create and find something to doWaugh's 1930s novels, such as Vile Bodies and Black Mischief , are wicked fun in the strict sense.
miserable	I think you're right, though: If Meadow heard the unadorned truth, she would be miserable.Snakes, killing our kids, you know, two hours, it's hot; it was the most miserable time.
misery	He has been guiltily preoccupied with the mystery of female misery ever since.um actually have been to the movies um i think the last movie i saw was Misery
misfortune	Dark explanations may be given for misfortune in Cornwall such as, He bin awverlooked [ill wished].I had the misfortune of watching one of the Barnes-Perdue debates on C-SPAN.
mislead	Starr, by contrast, seems to think he can mislead us about truths that are right in front of our eyes."Spin" means the administration using the media to mislead the public.
missionary	A missionary in Africa and a fraygrant from India argued about the effects of missionary activity.Business was not everything: the Germans used Qingdao as a missionary base, too.
mist	& as she spoke the room filled with a lightAs thick as the mist outside & softly lavenderBut I couldn't open my eyelids for a second& when I did the mist had cleared although a faint
mistress	Few married sweethearts will consider they are loved illicitly as a paramour or mistress!In the midst of the 1996 presidential campaign, it revealed that Bob Dole had had a mistress.
misunderstand	When non-scientists misunderstand the science underpinning a business model, profits suffer.Regarding the Oct. 29 "Today's Papers," I'm afraid you misunderstand how the British legal system operates.
moan	According to Rubén Campos as quoted by Gradante, “it is a moan and a sigh .This general problem is why I get steamed when pundits moan about how candidates are ignoring "the issues."
mob	Here comes a tyrannosaurus rex, charging down a stream bed after a mob of panicky humans.Of course, writers like me are always saying the mob is dead, and we're always too early.
mobilize	Transposable elements mobilize either directly through DNA or through an RNA intermediate.Opposition Social Democrats may use Klaus' austerity program to mobilize growing discontent.
mock	The 6-Fam-AR1 and the TET-AR1 were used for mock and HpaII-digested samples, respectively.Mock infections were carried out in parallel, omitting bacteria at the time of inoculation.
modernization	Top priority was now assigned to the modernization of China’s underdeveloped economy.An article describes the modernization of the perfume and air freshener industries.
moist	and they don't they don't seem to melt obviously but uh they keep it uh warm moist and tenderSlides were placed into a moist covered chamber and incubated for 30 minutes at room temperature.
moisture	The premium wiping papers are also embossed, which creates pockets to hold more "moisture."and then i know with all that moisture a lot of the lawns get a lot of disease problems
momentary	You will attract momentary attention from the other diners, but it will be worth it.Now there is no limit to upward growth, only momentary breaks for the market to catch its breath.
monarch	The emperor’s role today is mainly symbolic, not unlike that of a modern European monarch.Since then, almost every reigning monarch has spent time (or held soirées) at Holyrood.
monkey	Wild elephants and a curious variety of primitive monkey are among the protected species.The extracellular domain of proHB-EGF interacts with monkey fibulin-1C (Additional file 1).
monotonous	The International Style makes striking small buildings but monotonous large ones.But now they seem "bent upon repeating the cruel and monotonous rites of the religion of totalitarianism."
morality	Perversely, Weld lost the ideology/competence battle by winning the drugs/morality battle.This message changed the focus of the abortion debate from the morality of the choice (e.g.
mortal	" 'What I try to write about are the darkest things in the soul, the mortal dreads.While not in mortal danger, many celebrities seem to be having trouble staying conscious this month.
mosaic	The inner courtyard has a lovely green and blue mosaic of Neptune with his wife Amphitrite.Two glass mosaic murals flanking the entrance depict themes of Malaysia’s culture and history.
mosquito	In general, bednets and mosquito coils were the most reported mosquito-prevention activity.Mosquito infection status was noted as well as the corresponding location of the parasites.
moss	Yeah, I mean it was just like moss or something grown on everybody's houses overnight.NSC memo, Berger to President Clinton, Dec. 24,1998; Randy Moss interview (Feb.
motel	King was assassinated on April 4, 1968, while standing on the balcony of his Memphis motel.The thing works on the Roach Motel principle--your blood gets in but it can't get out.
mould	Nor is mould like should and would.What had other translators done with this “sunny little psalm” that “has dried many tears and supplied the mould into which many hearts have poured their peaceful faith”?
mourn	Arthur Schlesinger went on television to mourn the death of President John Kennedy.Douglas Brinkley goes on television to mourn the death of celebrity magazine editor John Kennedy Jr.
mug	It consisted of a ladyfinger dipped between bites in a mug of hot chocolate, hence gedunk .Is it an accident that two of Close's favorite media are mug shots and fingerprints?
multiply	Unless the country's habits change, this rate is forecast to multiply fourfold within fifty years.SLC4A9as a part of an ancient, multiply duplicated EGF-SLC4A-ANK-FGF gene cluster
multitude	Executive branch agencies have searched records and produced a multitude of documents for us.These various types of geological formations and activities have created a multitude of environments.
municipal	•The municipal bus station is next to the bayfront promenade, virtually on the sea itself.An exchange occurred not long ago in California's Sacramento Superior and Municipal Courts.
muscular	Behind them is a chorus line of muscular women in babushkas; behind them, in turn, a rising sun.These mutants can be used to identify small molecules that push the fish into muscular dystrophy.
mute	And what a stroke, making the feminine ideal a mute (who does laundry--always a big plus)!The Senate is not a mute jury, maintained Harkin--it can set rules and make motions too.
muted	Golden angels hold up the bell tower, and the interior is decorated with a few muted murals.Muted objections to what the Slaughterhouse Five author has called his "last" work.
mutton	The "Maharaja Mac" is made from mutton, and customers can top it with sauces like "McMasala" and "McImli."In the 19th century totally different was cat's-head , it being a non-nautical term for the end of shoulder of mutton.
naive	For comparison, the naive E82 locus as well as C73 alone were silenced in the leaves (Fig.I may be naive, but I think that even if this deal does go through, GM will not disappear.
nap	Companies offer dark, quiet nap rooms, reasoning that midday naps help workers maintain focus.And when both news and coloring are avoided, you get the Kuwait Times and a nice afternoon nap.
napkin	If one was to filch a cloth napkin, that would be stealing."The bigger profits are in sanitary napkin dispensers.
narrate	Audio tapes in each room narrate the house’s history.Stories of Mexican California narrate the singing of alabados first thing in the morning by a family, each member in his/her own room, but all together at the same time.
nationality	6 "Lawful permanent resident" is a term of art under the Immigration and Nationality ActIts population is mostly of the Dai nationality (closely related to the people of Thailand).
naughty	(Although for the most part ignoramuses, these did know where to look for the naughty words.)Everybody has to know all of it, whether it's good or bad and sometimes it is bad, or naughty.
navigation	The "Navigation Banner," that maroon stripe that says " Slate " at the top and bottom of everyI promised to teach you how to use the Navigation Banner, didn't I? So, here goes.
necessitate	These noteworthy limitations necessitate the need for cautious interpretation in the context of previous work.Delaying reform until Social Security's insolvency is imminent would necessitate drastic changes over a shorter period.
necklace	Much of this adornment is gold filigree, like an emprendad, a necklace of Moorish design.Mom’s necklace is made out of a kind of abalone with a very colorful shell—pinks, purples, blues.
negligent	Crew members are charged with involuntary manslaughter, negligent homicide, and other offenses.None of this proves that Loral wasn't disloyal or criminally negligent in its dealings with China.
negligible	Eappen remains convinced of Woodward's guilt, and is stunned at her negligible punishment.The second bee in Lang's bonnet was the negligible position of culture in day-to-day life.
negro	“Burned through several pages was the scorched imprint of the padre’s hand, La Mano Negro.”I can sympathize, therefore, with their rejection of the term Negro as a racist term.
nephew	I tolerated my aunt and her proverbial wisdom until she began applying it to her nephew.Kazimierz’s death in 1370 left the crown to his nephew, Louis of Anjou, the King of Hungary.
neurology	of Research Neurology, Children's Hospital, Philadelphia, PA) were used (age = 21 days).77) and his best new ideas of a theoretical neurology to the brain (Marr 1969, 1970).
nickel	The sections were reacted with diaminobenzidine intensified with nickel ammonium sulfate.Maybe it was, no, I think it was a nickel picking these beans and they got a nickel for it.
nickname	I chose "Bojangles," the nickname of Bill Robinson, the famous movie and stage tap dancer.Elmers, the nickname for homicidal maniacs similar to the well-publicized one named Elmer .
niece	But it's Dinsmoor's niece, Estella, who becomes the focus of Finn's fantasy life--and art.well yeah but have you bought a place setting lately i have a niece that's getting married
nitrogen	nitrogen oxides for all affected units subject to subpart 2 of part C at the facility, andA small portion of luteal tissue was excised from each gland and frozen in liquid nitrogen.
noble	After getting lost on a few Web sites, I completely wimped out and went to Barnes & Noble.They take their independence seriously, and--to be less noble about it--they love trouble.
noisy	so mostly it's just kind of one of those things that goes away ah they've got a noisy lineDs knock on tree trunks; Rs hold a leaf in their mouth and clip bits off in a noisy way.
nominal	We were unable to detect even nominal evidence for linkage at any of the loci investigated.That would account for about a third of nominal GDP growth over the past five years.
nominate	3) They worried that if they rejected Stepashin, Yeltsin would nominate someone worse.Readers are invited to nominate religious doctrines they'd like to see jettisoned in the new year.
noodle	Browsing is a real pleasure in Macau’s main streets and byways, where shops aimed at the tourist market are interspersed with the more workaday ironmongers, herbalists, and noodle stalls.A cornucopia of bizarre creatures adorn the buildings flanking this pedestrian mall: giant monsters slither down the buildings, restaurants, cinemas, theaters, games centers, and steamy noodle bars.
normalization	MAS4 introduces a normalization factor (a scaling factor in MAS4 serves the same purpose).Figure 10shows another pair of arrays where the normalization relationship is non-linear.
noteworthy	It is also noteworthy that there may be individual variations in pH i in response to PEEP.The expression profile of the cyclin-dependent kinase 1 ( Cdk-1/cdc2 ), is also noteworthy.
noticeable	One noticeable fact is that rich women, unlike beautiful models, are not all tall and thin.The second point may well be valid, but the question is, would it be a noticeable difference?
notify	McCain-Feingold would "codify" Beck , by requiring unions to notify their members of this right.In addition, we found that the CIA did not notify the FBI of this identification.
notorious	Crime-scene photos of Nicole Brown Simpson, notorious as her death was, caused little stir.Across from Shamian Island is China’s most notorious and colorful marketplace, Qingping.
notwithstanding	2 Notwithstanding, we use this restrictive definition of universal service for this paper.Fargo 's Oscar success notwithstanding, Miller's Crossing remains the Coen's best offering.
noun	—noun, lealty Land o' the Leal, the home of the blessed after death; heaven, not Scotland.The Pidgin word tok by itself means “talk” and its synonyms, in both verb and noun forms.
nourish	America in Black and White will nourish such fears through its own embrace of laissez faire optimism.This helps to nourish and maintain auditory structures and might also contribute to healing processes when possible.
novelty	But, in the early '50s, novelties weren't so much a novelty as terrifyingly ubiquitous.Could this be the backlash to the never-ending search for novelty and virgin territory?
nucleus	6B, panels 1 & 2) and co-localization of Smad1 and HsN3 was detected in the nucleus (Fig.GFP-BLM accumulates in the nucleus of infected Sf9 cells as large aggregates (Figure 1A).
nuisance	But some consider blast voice mail a nuisance and, when unsolicited, an invasion of privacy.' Isn't it something stronger: `senseless chatter, needless noise, committing oral nuisance'?
numb	numb people to Picasso's art, making obeisance routine, like genuflecting in church."Taking in too much Stein too fast can provoke a numb panic, a clog in the head.
numerical	, there is no analytic solution available, and we have to resort to numerical simulations.These equations can be solved using numerical packages such as Mathematica or Maple.
nurture	We know that children do better when they have a network of caring adults to nurture and motivate them.It will nurture a cadre of multiculturally competent and innovative leaders.
nutrition	I completely agree with your assessment of the Ironman Nutrition Bar in Cookies 'N Crème.Nonetheless, National Health and Nutrition Examination Survey III data showed that 60% of 38.
nylon	Nylon . Supermodel Helena Christensen starts her own magazine; critics are mildly interested.4 M formaldehyde RNA gel and transferred to Hybond N +nylon membrane (Amersham-Pharmacia, UK).
oar	ramener sa fraise, Lit. to declare one's strawberry: to put one's oar inSenf dazugeben, Lit. to add mustard: to put one's oar in
oath	Does anyone doubt that if Clinton lied under oath about sex he also lied about Whitewater?The president taking the oath of office has historically spoken the words "so help me God."
obedience	A scout obeys all to whom obedience is due and respects all duly constipated authorities .Parents use her name to scare little children into obedience: “Hay viene La Llorona . .
obedient	2. the conditioning by torture of a victim over an extended period to make him obedient.But she had to, so, the obedient little person that she was, she did it anyway.
obey	TV and radio announcers seem to obey changes in pronunciation rather than initiating them.Women's legs obey mechanical laws, of course, and move apart while they are being used.
oblige	But what began as noblesse oblige has morphed into something different during this generation.and uh and they uh their they oblige us by falling asleep so least that's pretty good
obscure	Nevertheless, while Adams's source remains obscure, his application of it does no longer.(a) Averages obscure the fact that most of Clinton's tax increase did fall on the affluent.
obsess	They obsess over how Tipton duped her wives into believing she was male.Why do these 50ish writers obsess like this about lost Dylan recordings?
obsession	But they don't change the obsession idea-mongers and contemporary media have with polling.Would John feel I was betraying his trust, given his Kennedyesque obsession with privacy?
obsolete	The words in this list are obsolete in contemporary Italian, but the street names survive.Some postulate that the “new genetics” will render conventional notions of race obsolete.
obstinate	i i i just don't see any problems with it i think it's just uh obstinate AmericanismA typical county boast still often expressed is Sussex won't be druv and anyone contrairy is reckoned to be obstinate.
obstruct	Fred Thompson calls this episode a deliberate effort to "delay and obstruct."Jesse Ventura to obstruct Pat Buchanan's run for the Reform Party nomination.
obstruction	2) Lewinsky's testimony goes beyond perjury to witness tampering and obstruction of justice.A panel of the 9 th Circuit Court of Appeals ruled that a lower judge's obstruction of Prop.
occurrence	We have developed Perl scripts to scan the promoters for consensus binding site occurrence.However, as mentioned, the occurrence of even one behavioral problem can be disruptive.
odor	Many of you wallowed in the olfactory, particularly in the odor of corruption and fish.It has a sweet, delicate fragrance, unlike the heady odor some narcissuses give off.
offend	Subsequent issues of VERBATIM will consist entirely of blank pages, lest we offend somebody.Arab papers have even adopted an "expletives deleted" policy so as not to offend their readers.
offset	The 15-mer peptides were offset by 5 amino acids, and described the sequence of BPN' Y217L.Like other revolving funds, it earns exchange revenue, which is an offset to its gross cost.
offspring	Variables measured longitudinally in Exams 1-4 in the Framingham Offspring public-use filesHowever, within the Amish family offspring high IgG responders were significantly older.
oneself	Ray Blanchard's theory of autogynephilia, a term described as love of oneself as a woman.(Today's Papers, incidentally, approves the concept of voting oneself deadline extensions.)
opaque	The cups were red opaque plastic, so tasters could judge the beer's color only from above.You can't always tell what Crowe is doing--his opacity is sometimes a little too opaque.
oppress	Keep up means to stay with the pace, whereas keep down is to oppress, or not to disgorge.2 delivers snoozy tirades against the Beauty Myth, "designed to oppress and exploit us all ...
optical	8Atop panel are quantified and plotted as Integrated Optical Density (IOD) of SNIP1 (Fig.The Journal of the Optical Society of America published Bela's second paper [Julesz 1963].)
optimize	It is more relevant to optimize with respect to false-positive and false-negative rates.No attempt was made to optimize either implementation (beyond that performed by the compiler).
optimum	Involve the entire team in creating the strategies for patients to accept optimum care."Keys to success: Sit in a front seat on the shuttle and dictate an optimum route to cabbies.
optional	The global standard for identification is a digital photograph; fingerprints are optional.Alternative Allowance Allocation for Units in Certain Utility Systems With Optional Baseline.
orchard	James Orchard Halliwell's Dictionary of Archaic Words (1850) gives GOTTED as a form of gotten .“Why, Grace, look across the lawn to the orchard.
orderly	We also don't know how life originates and to what extent it evolves in an orderly pattern.They advocate an orderly weeding, assembling, and categorizing of digital records.
ore	The German word for gremlin is Kobold , an underground sprite believed to put curses on ore.; Edinboro, Pa.; and Springfield, Ore., are not exactly Madalyn Murray O'Hair country.
orient	You can orient the text horizontally or vertically and position the grip for left- or right-handed use.I wondered how he had scraped together the fare for the Orient Express.
oriental	yeah yeah i understand that i like oriental cooking and uh pasta and i have the same problem uhone day we were out just driving and they are always uh oriental people with their little stands
ornament	Long-range shots of the classic hood ornament, and of the car in profile--the stately rhythms hold.The International Style, in its effort to do away with ornament, outlawed trim.
orphan	orphan" G-protein coupled receptors), because every sequence is most similar to something.What if he goes nuts one day and slaps the hell out an orphan, or even better, Trent Lott?
orthodox	Icons lie at the heart of Byzantine or Orthodox worship and they form a focus for prayer.Orthodox Israeli Jews are alienating American Jews by refusing to recognize them as Jews.
ounce	Editorial writers love to note that, ounce for ounce, the B-2 is five times pricier than gold.Further, the rate for additional ounces is considerably less than the rate for the first ounce.
outbreak	Within days of the war's outbreak, politicians and talking heads pronounced it a failure.The media have been in an uproar this month over the latest putative outbreak of creationism.
outing	Later, this was the waterway employed by imperial barges when the emperor desired an outing.Jerry Falwell's outing of Tinky Winky, the purple Teletubby, was widespread scorn and hilarity.
outlet	yes i know i think one of the places i always hit in Colorado is that current outlet storeA piece describes how an outlet mall has transformed the sleepy town of Manchester, Vt.
outlook	The two men became close friends and became identified with their shared extremist outlook.The WSJ's "The Outlook" documents the country's extraordinary residential real estate boom.
outrage	The difference is that Richardson pleads for understanding while Gopnik brays for outrage.As one Web surfer noted: "The outrage of the freshly exposed readers is refreshing to see."
outset	39 Textile mills at their outset often provided the principal employment in the locality.Perhaps I can point again at the outset to the central question of an autonomous agent.
outskirts	are you really wow this is i'm in from this is Dallas where i'm at the outskirts of DallasNow make for the Plaza de Caturla, a small square on the western outskirts of Orihuela.
outward	But within metropolitan areas the movement has been outward, from the cities to the suburbs.To all outward appearances, Disney remains among the strongest companies on the planet.
oval	When Reagan entered the Oval Office, the landscape looked dismal, both at home and abroad."I would take an expression in the Oval Office of 'Dear God, Help Me,' " Bush responded.
overcoat	Hotel residents can spend a whole night out on the town in the winter months without overcoat or galoshes.Lit. enveloping shirt: overcoat
overflow	This paper demonstrates the identity and presence of all three enzymes constituting the overflow pathway in a single organism.Housing the Museo Colonial, its rooms overflow with fine period furniture and carved woodwork and encircle two lovely courtyards.
overhaul	All this seems a far cry from the uncompromising overhaul Etiemble must have hoped for.Say you want information on Bill Bradley's proposed overhaul of the health-care system.
overhead	Mintie said that all of the money has gone to her recipients -- none was spent on overhead.nExpenses of administration include an appropriate allocation of agency overhead costs.
overhear	At least, that's the only one the New York Times reporter didn't overhear.Why do the Italians almost choke with mirth when they overhear an American calling his girl friend “My pet”?
overlap	There is very little overlap of the two distributions and very few double-labeled neurons.For instance, there's very little overlap between the product lines of the two companies.
overnight	Single colonies were selected and grown overnight in LB/amp media (200 ml, 37°C, 300 rpm)."The contents of an overnight bag tossed on a bed which you roll in screaming, 'I'm rich!
overpass	Turn off Nathan and walk down Kansu Street to find the Jade Market (open 10am–3pm; see page 80), with more than 100 stalls spread out in a large tent, just before you reach the overpass.um-hum um there's a place on Parker Road um it's just over the overpass before you get like to KMart i think there's a a service station there there's usually a semi truck that has a a person there that will weigh them and
overtake	but when you anytime you see a nation go in and just overtake it and it's take it take authority take control it's a i believe it's a spiritualThe Wall Street Journal reports that the chief economist of the Conference Board says next year, Europe could overtake the U.S. as the world's strongest economy.
overthrow	does not at all mean that Egypt is inciting the Iraqi people to overthrow Saddam Hussein."The West knows bombs will not lead to his overthrow, but feels it has to do something.
overtime	This analysis also neglects overtime, which would reduce the demand for workers somewhat.But when I asked my boss about the overtime, he told me I could walk out the door anytime."
overturn	But the question is, this alone, does it rise to that level where you overturn an election?"Not so the New York Times , which editorially called for legislation to overturn the ruling.
overwhelm	Global market conflicts overwhelm any national power: look at Sudan, Russia, Indonesia.Don't expect the path forward to be smooth but don't let the obstacles overwhelm you.
owing	yeah yeah i always maintain a zero balance uh i don't like owing anybody anythingright but that's the problem see as our system shouldn't be based on owing and borrowing and all that
ox	' To play a bugle is to blow on the horn of a wild ox, through Old French bugle , from Latin bōs `ox.broad and narrow oxgang the amount of land that could be cultivated by an ox, between eight and ten acres
oxide	Chinoike Jigoku (“Blood Pool Hell”) is a steaming pond turned blood-red by its iron oxide.Additionally, a positive correlation was found between the level of nitric oxide and CI.
ozone	Many will let you monitor earthquake activity, ozone levels, humidity, and flood threats.Note that we do not use the modeling data directly to estimate future-year ozone levels.
pact	It's meaning-of-it-all piece is headlined "UPS Pact Fails to Shift Power Back Toward U.S.pJM110 was constructed by cloning a Bam HI- and Nco I-cleaved PCR product of pcrG into pACT2.
paddle	In summer, kids and lovers rent rowboats and paddle about the small lake in the center of the park.Not like when we spank their delicious bare bottoms with that nasty paddle ...
pail	you know where gasoline if you leave a little pail of gasoline out before long it's goneThis was Mr. Mug the Milkman, depicted with slopping-over pail and hand-bell, who maintained the alliterative pattern.
pamphlet	The WP 's Al Kamen points to an odd passage in an anti-drug pamphlet with a foreword by Sen.Achmed-Oedipa for now-put down the illustrated pamphlet she was memorizing with little enthusiasm. "
panda	It’s the climate in which bamboo thrives, and bamboo is the staple of the giant panda.George Schaller, a leading panda biologist, describes giant pandas as perfectly symbolic animals.
panorama	The lookout point at the windswept, lunar-like summit provides a 360-degree panorama.To appreciate the unique panorama of St. Peter’s Basilica and its 1 sq km piazza (0.
pants	The other moral: Superheroes should never travel without their codpiece under their pants.and not so much our pants but you wear a sweater and a short sleeve shirt underneath that
paperback	Yet conveniently, my book made it into paperback and can be purchased by clicking here."you know because they go from hardback to paperback and she has millions of them um-hum
parachute	[It] served to secure--open as well as closed--a variety of things, parachute packs and hatches among them.”right they go around in their little coaching shorts or parachute pants
paradigm	If so, this would represent a novel twist on the traditional MAP kinase signaling paradigm.We believe the economics of a change in the paradigm for funding R&D are highly favourable.
paradox	Accordingly, they display cynicism, or alas, lead the reader into ambiguity and paradox.Consumption of fish from fresh and marine bodies of waters poses an interesting paradox.
paradoxical	Other altered response of mutated AR is the paradoxical agonistic effect of antiandrogens.I didn't find it paradoxical that Cook insists on the centrality of Eleanor's lesbianism.
paralyze	11) A trial would be too awful because it would paralyze the government and force the Senate to delve into sexual details.An impasse on disarmament could paralyze the two-month-old power-sharing government in Belfast and may ultimately spur the UK to re-impose direct rule.
parasite	The prevalence was defined as the proportion of samples showing the presence of parasite.He has always been a parasite on her political acumen, her intelligence, and her income.
parcel	Speaking of delivery confirmation, it is currently available for Priority and Parcel Post.The Russians have been part and parcel of our effort to try to find a peaceful solution."
passerby	He couldn't understand why no one showed any interest, until a passerby told him any car that cheap had to be a lemon.At times a typographical error is made on purpose, as in advertisements or signs, to catch the eye of the reader or passerby.
passive	Thus, the number of passive vs. active investors will always fluctuate around an equilibrium.In his speech last August, Clinton used weasel words and passive verbs to minimize his deceit.
paste	Consistency: This is determined foremost by whether the toothpaste is a "gel" or a "paste."The statue’s face is entirely obscured by red paste that is smeared on by worshippers.
pastime	Pursuing a favorite pastime was known as riding one's hobby horse , the origin of hobbies .Bowling is also a popular pastime, and both Puerto Vallarta and Acapulco have good facilities.
pasture	He bought a number of farms and apparently loved to sit in the pasture and meditate on his cows.Throughout the entire region, high ground breaks up areas of rolling meadows and verdant pasture.
paternal	Slightly advanced paternal age (36 yr and 34 yr, respectively) may be a factor in both cases.We saw no effect of paternal serum PCB concentration on the odds of a male child (Figure 3b).
pathetic	It's this futile whoring after primary votes that has made Forbes such a pathetic figure.you know but gosh it's uh it's getting pathetic now if i get through a magazine i've been
patriotic	[T]he historian warms to this vain, chippy, wild-eyed, paranoid, and fiercely patriotic seer.McCain's somewhat ungainly slogan, "The New Patriotic Challenge," owes a debt to this.
patron	People flock here on 23 April, the feast day of Barcelona’s patron saint, Sant Jordi (St.Sint Nicolaas is an important saint for Amsterdam, being patron of the city and of seafarers.
pave	U.S. strategists hope that killing these loyal soldiers will pave the way for a coup d'etat from within the ordinary army.(Even so, the LAT says in its lead's subheader that yesterday's votes "could pave way for public broadcast" of witness tapes.)
paw	puppy toes a plant of the genus Euonymous, also called cat's paw and burning bushThe paw swelling for each mouse was calculated by adding the four thicknesses of the individual paws.
pea	um-hum do you go like home cooking like Black-Eyed Pea and that kind of thing or cafeteriaThe PEA identified a gradual increase in the proportion of resistant virus from 14-P2 (0.
peach	Um, and then she would read us, you know, chapter at a time of James and the Giant Peach.If you can afford it, we'll happily suck the fat out of a poodle or a peach cobbler.
peanut	This problem has hindered the improvement of cultivated peanut by molecular techniques.From 56 primer pairs, 19 could detect a polymorphism among 24 peanut genotypes (see Table 1).
pear	The retroviral vectors and ecotropic packaging cell line, BOSC23, used were obtained from W. Pear (U.yeah um i i don't i'm not familiar with that pear tree uh but it's a non bearing pear is that right yeah
pearl	Traders followed in his wake, setting up bases in several parts of the Pearl River estuary.If the audience could have half as much fun as Pearl is having, Payback would be a kick.
pebble	The tempting shops and first-class restaurants more than make up for the crowded pebble beach.All others are discarded and the collector can be seen caressing the pebble, rubbing all worries away.
pedal	You can take a pedal boat, a stable two-seater propelled by a bicycle-like waterwheel.You’ll quickly learn to listen for the warning bells and stand clear as their riders pedal by.
pedestrian	The economics articles, while a good idea, have proven fairly trivial and even pedestrian.The street is now a pedestrian precinct, and boasts some of the city’s most stylish cafés.
peep	5%) at PEEP opt as compared with PEEP baseline . The pH i at PEEP max was lower in 12 (70.It is also noteworthy that there may be individual variations in pH i in response to PEEP.
pendulum	Although the pendulum swung back after Angleton's forced retirement, it did not go very far.Exhibits include the Hall of Science, with a Foucault Pendulum and a Cosmic Ray Cloud Chamber.
penetrate	The needle must penetrate to the corpora cavernosa--the rods of spongy tissue in the penis core.The Moors failed to penetrate much further north than Aveiro about halfway up the Atlantic Coast.
peninsula	T he early history of Portugal is closely related to that of the entire Iberian peninsula.There are about 1,000 elephants on the peninsula, and twice that number in eastern Sabah.
perceptual	But does this neuronal activity map indeed correspond to the olfactory perceptual space?But what exactly is the structure of the perceptual worlds proposed by von Uexküll?
perfection	As Salvadore Dali famously pointed out, “Have no fear of perfection—you'll never reach it.”I say surprising because their first movie, Blood Simple , came so close to perfection.
perfume	that's right and my number one pet peeve in a magazine is when they put the perfume in itI cannot wait to see a new perfume marketed under the name Mephitis, Osmatique, or Puanteur.
periodical	Almost all Periodical mail rates will be lower than those proposed by the Postal Service.The third ranked medical education periodical was Medical Teacher with an IF of 0.574.
perish	Government of the people, by the people, for the people shall not perish from the earth.The nation shall defeat “death:” it shall have “a new birth” and it “shall not perish.”
permeate	That is appropriate, too, for naturalism and artlessness permeate this charming scene.Recently the ashtray smell has begun to permeate our apartment--I presume through the wooden floors.
perpetual	Pope John Paul II envisions hell as a state of perpetual angst rather than as a fiery pit.At the New York Philharmonic and elsewhere, labor and administrative conflict seems perpetual.
perplex	•On the Spanish mainland, late dining hours perplex visitors.
persecute	Awed by his authority, the political leaders of his day embrace his legacy, distort his words, and persecute their enemies in his name.5) Analysts worry that Kabila is too beholden to foreign-backed Tutsi military commanders, who may persecute Hutus and inflame ethnic tensions.
perseverance	However, perseverance will be well rewarded once you get used to the conventions.October Sky isn't a paean to fancifulness but to trial-and-error perseverance, to a process and not an end.
persevere	But if you persevere, you will begin to understand what the Chinese see in this age-old art form.The alternative perspective goes overlooked: that the question is what NATO must do, that atrocities are a challenge rather than a verdict, and that NATO should persevere precisely because they continue.
persuasion	Though it may not be apparent to everyone, my close friends are fully aware of my "persuasion."84 Rather than just asserting their own desires, they try friendly persuasion.
pessimistic	Our less pessimistic view of the future of these industries should not be misinterpreted.The pessimistic fine print: drug abuse among young adults and minority groups is rising steadily.
pest	They called the place Contra-Aquincum; it is still at the core of the inner city of Pest.The ﬁrst record of Pest, meaning “lime furnace” or “ovens” in Slavic, comes from 1061.
petroleum	The center of Terengganu’s petroleum industry is Kerteh, with its refineries and gasworks.the petroleum pretty much i mean those petroleum products i think are the big uh you know
petty	How wonderful that you are not beset by stupid everyday concerns and petty moral dilemmas.uh any need that's going to drive them to to petty theft or or to that type of crime
pharmacy	Across the street, Hughes Drug Store is said to be the oldest operating pharmacy in Canada.Inpatient pharmacy costs are included in the aggregate hospital charges, and cannot be separated out.
philharmonic	At the New York Philharmonic and elsewhere, labor and administrative conflict seems perpetual.The Vienna Philharmonic and, with "an exhibition of glass-blowing art," Dale Chihuly.
philosopher	But it's all connected, as some famous philosopher once said, or maybe that was my mother.Neuharth, it turns out, is a more important 20th-century philosopher than anyone expected.
physicist	The physicist studies redundancy in the context of order and disorder of physical systems.But abundant caution: I am not a physicist, the problems are profound, and we risk nonsense.
physiological	Effect of protein kinase inhibitors on physiological and PMA-potentiated response to IFNgBecause we attempted to determine physiological changes, a short study period was required.
picnic	we go out to the my dad's farm and uh and you know it is just a picnic and spend the nightAll 15 of us have been invited to a picnic/hot tub grand opening party, to use her words.
pierce	Protein concentrations were determined using the BCA Protein Assay (Pierce, Rockford, IL).Protein amounts were measured using a BCA assay kit (Pierce, #23227) and spectrophotometry.
pigeon	Reading between the lines, one can infer that poisoning a pigeon is not a federal offense.My only regret is that I passed up a chance to order roasted pigeon in Florence.
pilgrim	There’s an even better view from the top of the 253-ft (77-m) Pilgrim Monument in Provincetown.The take-charge British prisoners dazzled us, as they had Vonnegut's Billy Pilgrim.
pillar	Pillar of Fire: America in the King Years, 1963-65 , by Taylor Branch (Simon & Schuster).His architect, Deepa, is also here, in the third row of pillars, first pillar on the right.
pinch	Adequate anesthesia was demonstrated by little or no withdrawal reflex to a toe pinch.In a pinch, the stage manager, who had seen Charlie at play, led the little boy onstage in her place.
pirate	And he went and he put on his roller skates and he beat everybody back to the pirate ship.If you're enough of a pirate to be worth bothering about, Spielberg's lawyers will get you.
pistol	was recording what was before it or more likely he didn't care, opening up with his pistol,or a UB forty i mean a a pistol would be fine it's more for a scare tactic than anything else
piston	Then more work was done to compress and heat the gas by pushing on the piston from the outside.There are exceptions, yes, such as Detroit Piston Grant Hill, who wears Fila shoes.
plague	Never mind that she thinks AIDS is a man-made plague to kill Africans," sneered Caprice. "And the treasury was empty after earthquake, famine, and plague had crippled the economy.
plantation	The hillsides that surround the monastery are the site of Hong Kong’s only tea plantation.It has a couple of sites worth visiting — the Sandwich Glass Museum and the Heritage Plantation.
plaster	hum yeah that's interesting no ours you know wouldn't they were just regular plaster wallsSlowly, I entered each battered room And saw the cracked plaster, the discolored walls.
plateau	At a window size of about ten genes, the net number of genes begins to plateau (Figure 1).The first plateau gives us 31 clusters, which is unrealistically large for the study area.
plausible	But it's plausible that in reality, that's not an upside and a downside--it's two upsides.A plausible estimate of the number of genes per cell is now available for many organisms.
playground	um we we spend a lot of time at the playground and we go to the zoo and we go and we watchAnother is withdrawal of privileges, such as a visit to the playground or a weekly allowance.
pledge	Bradley, more cautious by nature, has declined to take a pledge of unilateral disarmament.Soon, a representative of the IRT will be calling you to take your pledge over the phone.
plentiful	As befits the City of Plentiful Water, ponds make up the better part of the terrain.Weekly free time for privileged Americans with demanding careers is still plentiful.
plight	Additional pressures from arriving miners pushed the missionaries’ plight beyond recovery.and i don't think a lot of people you know realize a lot the plight of a lot of people
plough	"The term comes from Greek words that describe the way an ox-drawn plough turns in a field."From here he would plough furlongs (i.e., a furrow long), of 10 chains or 220 yards.
plug	NOTE: This article includes two live spreadsheets where you can plug in your own numbers.Salesmen will visit your home, plug you in, and explain all the machine's wonders to you.
plumber	I favor Bath, Bolton, and Barton-le-Beans for a plumber, carpenter, and farmer, respectively.Ben and Nicolette split, and Nicolette began seeing a married plumber who was doing work on Clark's house.
plunge	As you plunge into this fascinating city, you’ll find that planning your day is not easy.Sheer cliffs plunge dramatically to the Mediterranean, and the cape juts out to sea.
plural	In my dialect of English, however, the plural of post is pronounced something like [poss].It may not even represent the plural of Old English hlyw burial mound as usually explained.
pneumonia	There were no significant differences in the incidence of pneumonia (OR 1.44, 95% CI 0.84-2.2), pneumonia not otherwise specified (ICD9CM 486), and acute bronchitis (ICD9CM 466.
poison	we had to put so much poison out on everything that we thought who'd want to eat that stuffChoose your poison: Slate attracts about 6,000 unique browsers a day and 80,000 a month.
poisonous	Other highlight: A visit to the "most poisonous place on earth," a Nevada nuclear-test site.Reassuring note: Unlike Martinique, Guadeloupe has no poisonous snakes or other harmful animals.
poke	Still, the tip of political e-commerce is beginning to poke up through the Web's surface.And if you need more, there's two years' worth of our archive, "The Compost," to poke around in.
polar	c • (1/ratio of furrow cortex to cytoplasm), and the concentration in the polar cortex wasOn Mars, there is ice-rich ground in the cratered southern polar regions (Feldmann et al.
polarize	Finally, segregational laws in the country have tended to polarize the dialects of English along partially ethnic lines.4 cm diameter), and allowed to polarize for 2 weeks.
pollute	The radioactive fuel is safely encased, and will not pollute the atmosphere if the spacecraft explodes.and they do all these studies on which ones pollute more and then there's the paper and plastic bag question
ponder	(And everyone should now take a few minutes to ponder the meaning of it in the preceding sentence.)Without a blush I eyed ground-hugging plants and reeled off their names: Hex, Ponder, Explicit, and Envy.
porcelain	One turn of the ramp and you can get a pretty good education in the origins of porcelain.There is also some astonishing Rococo porcelain from Meissen, Vienna, Berlin, and Sèvres.
portable	Portable Network Graphic (PNG) File showing that mature TGFβ 1 binds to α V β 6 integrin.um i have one uh a Wang or um sorry a Compaq portable that my son picked up at one point
porter	[I]n "You're the Top" Porter does not capitalize on the text's potential for realism.nd strike out with a good trekking guidebook but no Nepali guide or porter. Most pe
postage	8 million) and if the terminal dues in FY 2000 had been based on domestic postage (-$172.Source for householdlevel postage expenditures and other non-durable goods expenditures.
postcard	And filing your return on a postcard--or not having to file one at all--is a pretty appealing notion.The third mailing was a postcard reminding clinicians to return their surveys.
postman	We no longer are in the position evoked by Auden, passively awaiting a connection with the outside world through the postman.If we allow Tomorrow Never Dies the traditional James Bond logic waiver, only The Postman , of all the major releases, had true lunacy at its heart.
postpone	Andy and some of the SNL people took this to mean you could postpone the laugh forever.There, endless calls for more study postpone necessary but unpopular changes in policy.
posture	He is sitting in a relaxed posture, wearing a riding-coat and boots, accompanied by his dog.By projecting this kind of humility, PK puts its critics in the posture of aggressors.
poultry	Here fresh fish, poultry, and vegetables are sold, as well as clothes, newspapers, and CDs.Animal product consumption was very low, especially intakes of meat, poultry, and fish.
preach	Idealists preach responsibility and courage, which realists dismiss as hubris and folly.He chose not to attack Church corruption but instead to preach the values of a Christly life.
precaution	A negative control without DNA was run with each PCR as a precaution: no contamination was detected.The lysis buffer was used as a safety precaution to minimize work with potentially infectious virus.
precedent	The precedent exists at a primary research level for adopting remedication as an outcome.A precedent has been established by our sister school, IU School of Law - Bloomington.
preceding	And this $125 is divided between them exactly as we prescribed in the preceding paragraph.We began by deleting a portion of the loop-8 insert, described in the preceding section.
precision	, those that met test acceptability criteria) that were used in the analysis of precision.Most of these are crisp and pithy in the extreme, with an admirable precision of thought.
preclude	A negative result from a chronic toxicity test does not preclude the presence of toxicity.This restriction does not preclude the requester from sharing the product with other Members.
predominant	2-kb predominant transcript is larger than the longest available mRNA sequence of 3,647 bp.Anti-Sa antibodies identify a male predominant subset of RA patients with severe disease
preface	As Whitcut carefully indicates in her Preface, chapters 3-14 and 18 are “almost pure Gowers.Rayfield says in his preface, "Biography is not criticism," and he assuredly keeps his word.
preferable	A much-less preferable bus service also operates from Barcelona by Transportes Julià (Tel.For most applications of genome polymorphism scans, higher STRP densities are preferable.
preoccupation	Some criticize her "preoccupation with image," but others call image-control essential to the job.And while we're at it, isn't it time to jettison all this anal-retentive preoccupation with a balanced budget?
preposition	Is it just because I am English that I resent the dropping of a small preposition?"Can you give an example of a sentence that does not contain a preposition?"
prescribe	The computer won't accept my drug orders if I prescribe the wrong dose or ignore an allergy.But doctors are afraid to prescribe high doses for fear of lawsuits and licensing investigations.
presently	Inspecting the Arab-looking beauty through a flat green lens, South presently says, "OK.The Board presently has an active project to address standards for natural resources.
preside	Still "poor Henry" must sit up on the dais, ashen-faced, and preside over this sorry, sorry Starr spectacle.Yes, the Constitution requires him only to preside over the Senate and to break any tied vote on verdict or procedure.
prestige	It's hard to believe that bohemian black is gone for good, because its prestige is so great.He believes he cannot afford the loss of prestige that would accompany a compromise on Kosovo.
prestigious	It's the most prestigious, appearing as it does in the premier book review in the country.The Robert W. Carey Quality Award is VA's most prestigious award for quality achievement.
presume	Stevenson's eagerness for violence is his own business; he should not presume the same of others.Recently the ashtray smell has begun to permeate our apartment--I presume through the wooden floors.
pretext	Hitler used the fire as a pretext to eliminate Communist and all left-wing opposition from German political life.Conservative judges, Schultz argues, have used sexual harassment law as a pretext for preserving "women's virtue."
prevail	Only such efforts will prevail in mitigating the effects of both HIV and conflict in Nepal.Yet understanding and tolerance among people of different faiths can and must prevail.
prevalent	Former smokers were most likely to have prevalent atherosclerotic cardiovascular disease.At inter-atomic distances greater than 6Å, SS and SB interactions are just as prevalent.
prick	"Listen you little prick, handgun registration is fine but licensing is a step too far."There was not moonlight nor the prick of lantern light from some welcoming home.
probable	He believed that there was sufficient probable cause for a criminal warrant at that time.It is probable that many CSEs located in promoter regions contain cis -regulatory elements.
probe	Each probe pair consists of two probe cells, the perfect match (PM) and the mismatch (MM).The T m for the 3' arm of the probe annealed to target was designed to be between 60-65°C.
procession	In late spring, the streets are carpeted with flowers for the procession of Corpus Christi.Every year the school organized a Las Posadas procession through the streets of Tucson.
proficiency	To do it yourself, or charter “bareboat,” you’ll need to demonstrate proficiency.WORD PROCESSORS - TEMPORARY - several positions open proficiency with at least 1 language necessary.
projector	A superb Runco quadrupling projector, DVD as source, THX surround, 10-foot-wide screen, etc.well the you buy this little little piece of equipment and you use your video camera of course and uh your projector
prolong	Maybe those who want to prolong oh by more than a breath should learn to write ohhhhhh .1B, DBD), which still targeted to peri-centromeric chromatin, did not prolong G1 (Fig.
prone	They are also alarmingly prone to say things like "I'm a stickler for the Constitution."and i do uh twenty uh leg lifters on each side you know when you're prone laying on the floor
pronoun	so if you run for office, by all means use the first-person pronoun so that people won't make fun of you.Sometimes it is not the case that is wrong but the pronoun itself: the organization who; the people which .
pronounce	Critics pronounce Martin Scorsese's biopic about the young Dalai Lama beautiful but dull.), and run into the back room for her textbook in order to ask how to pronounce “banal.”
pronunciation	TV and radio announcers seem to obey changes in pronunciation rather than initiating them.Everyone has a pet peeve, be it a misused word, an unusual pronunciation, or what have you.
propaganda	But the worst of it isn't the propaganda that passes for conservative thought these days.This is Orwellian logic at its best; it is reminiscent of communist propaganda at its worst.
propel	(Gorney introduces us to hundreds of other activists, but it is Widdicombe and Lee who propel the narrative.)We claim nostalgia for 19 th -century moral standards and propel the Book of Virtues to the top of the best-seller list.
prophet	Such is the fate of Washington's reigning prophet, Federal Reserve Chairman Alan Greenspan.Prophet Mohammed’s Birthday is commemorated by processions and public readings from the Koran.
prose	... Lewis's sparse prose gives her tale the mysterious inexorability of an ancient saga.Being able to anticipate story organization eases the task of making sense of written prose.
prosecute	The court will prosecute perpetrators of war crimes, genocide, and crimes against humanity.But the general staff insisted that Putin grant them total freedom to prosecute the war.
prospective	luncheon appointment with a prospective client to do um marketing communications for them1.9, formerly methodology transfer paper 9. Prospective Evaluation Methods: The Prospective
prosper	So any gene that builds a man with a strong young body at the cost of a weak old body will prosper.After this they settled in southern Palestine and for more than four centuries continued to prosper.
prosperity	Commentators opine that their childhood prosperity will make them generous and idealistic.Beijing’s announced policy of maintaining Hong Kong’s prosperity and stability makes sense.
prosperous	Prosperous and colorful, it is well prepared to take the country into the next millennium.Under the Moors, it was one of the many prosperous villages within the Kingdom of Granada.
prototype	The remaining eigen vectors were used as prototype centroids for that clustering cycle.This suggested that ERF was the prototype of a family of conserved bacterial domains.
provocation	One physical therapist was the examiner in the cervical spine pain provocation study.It asked, "Then what is the reason that can convincingly explain Nato's provocation?
provocative	Refreshingly provocative" Reversing these duos would have given a whole other impression.I began this column with the provocative thesis that software isn't anywhere near bloated enough.
prudence	"And 'Dear Prudence,' and Edelstein's movie reviews, and all those e-mail back-and-forths?"Dear Prudence, by contrast, must radiate moral absolutism and be judgmental in the extreme.
prudent	The prudent response, however, is not to abolish probation and parole, but to reinvent them.In the world's current parlous condition, "US leadership and prudent US policies are vital," it said.
psychiatry	Paid volunteers traveled to the Department of Psychiatry to undergo a pre-test interview.Densen-Gerber is obviously a disciple of the One-Hour Martinizing school of psychiatry.
publicize	Tight immigrant networks (the personal kind) help publicize the most effective attorneys.Staff members have appeared on Vietnamese radio and Mandarin television to publicize the program.
puff	As for Puff Daddy, isn't he the one who dates the girl with the much discussed big behind?His work ranges from routine commentaries on the day's political news to celebrity puff profiles.
puppet	The Los Angeles Times dismissed Sinn Fein boss Gerry Adams as "a puppet of the IRA's hard men."Barzani insists that he's not Hussein's puppet, and that Iraqi troops have withdrawn to the south.
purify	The rabbit serum was applied to an affinity column to purify the anti-III 1-C antibodies.The Muslims tried to purify the Islamic practice of the Hindu rituals which had accrued over the years.
pyramid	The main entrance is through an inverted glass pyramid designed by American architect I.M.He never gave up this ideal of marginality, even as he climbed to the top of the pyramid.
qualitative	Definition of "sequence signatures" is qualitative and has not been tested statistically.Surely there is a qualitative difference between a police state and a sclerotic republic.
quantify	Indirect, competitive ELISAs were used to quantify the tubulin isotypes in tissue samples.3 μl Quantum mRNA classic 18S primers from Ambion were used to quantify total RNA levels.
quantitative	Quantitative analysis of ERα expression in western blots and extent of syncytium formationAnother advantage is that carotid atherosclerosis can be treated as a quantitative trait.
quarrel	That herethe essence of a colony's defencewas the substance of the quarrel with its purpose:But he does concede that it is OK, intellectually speaking, to quarrel with Alan Greenspan's judgment.
quart	Simmons American Cookery tells us to use “a quart of emptins” when making plain cake.take about a quarter and a half of milk and i put it in a two quart saucepan and you put it on a really low heat
quarterly	Your gift can be made in one payment, in two semi-annual payments, or on a quarterly basis.Your gift can be made in one payment, two semi-annual payments, or on a quarterly basis.
quartz	His 1990 jeremiad, City of Quartz , was a classic of well-directed rage.At its best, it's a sequel to City of Quartz , using the environment as a window onto Los Angeles' social problems.
queer	"And," added my addled friend, "I have a whole idea about the history of queer culture.The too-long but hilarious cover essay exposes the ridiculous academic shenanigans of "queer theorists."
quench	Because an excess of unlabeled calmodulin was able to reverse 70-95% of the quench (Fig.Supplemental vitamin E was added to quench in vivo lipid peroxidation due to the diet.
questionable	Apparently, other members of the clown's family have also received questionable payments.Furthermore, a quality control (QC) filter is used to remove questionable array features.
queue	Newly arrived, I taxied to my office and found what seemed to be a queue by the elevators.Bicha in Portugal means a `queue'; in Brazil, it is very crude slang for a `homosexual man.
quilt	yeah we get help with the quilt so we enjoy that and then i do a lot of quilting on the sideit's very tedious if you don't have a whole group you're not finishing a quilt in a long time
quirk	Finally, a modern quirk, is the rare AB, people who are somewhat confused, edgy, sensitive, yet charismatic.Macau, the final bastion of Portugal’s great 16th-century empire, is much more than just a quirk of history.
quiver	Did Morris have documentation for a snake-like quiver rushing through the crowd, or for its foot-shuffling?I miss the translator's search for the quiver and the nightingale!
quiz	News Quiz participants are still encouraged to attempt this far more demanding verse form:During the evaluation the supervisors administered a ten-question malaria knowledge quiz.
quota	He supplies the requisite glut of cockroaches and the necessary quota of vicious guards.1 turned in a sheet with three Best selections, or two more than his theoretical quota.
racket	Most tennis courts and many hotels offer racket rentals ranging between US$3 and US$6 per day.(The Development and Foreign Aid section includes a piece by Maren titled "The Food-Aid Racket".)
radar	The next scene is a closer rear view of the truck, the radar antenna relentlessly turning.The babes with radar for difficult men have the idea that they can "fix" a guy or tame him.
radiant	The Chenna Kesava Temple in Belur is also dedicated to Vishnu the Radiant, but it was built in 1117, 150 years before the Kesava.Plants were discarded when they received less than 0.80 relative units of radiant energy during the final 3 d prior to 2°C treatment.
radiate	Dear Prudence, by contrast, must radiate moral absolutism and be judgmental in the extreme.For Subtribe Artemisiinae, the Artemisia -group of species, are sister to the radiate genera.
radically	Microarray technology has radically changed the way researchers address many biological questions.A design that departs radically from the ordinary may look great in a museum but fail in the kitchen.
radioactive	The specific activity of the radioactive thiamine was the same for each concentration used.And Buchanan is "on the cusp of becoming radioactive politically," says Mark Shields ( NewsHour ).
radius	03 poise), Q is blood flow rate (mL/s), and r is arterial lumen radius (centimeter) [ 2 ] .To obtain an acceptable lower bound, we calculate the spectral radius at each frequency.
rag	, about $100 if I use Strathmore, a competing paper, which is only 25 percent cotton rag.The island’s homecrafts include weaving the rough Québécois rag rugs known as catalognes.
rainbow	Oncorhynchus mykiss (rainbow trout) and Salvelinus fontinalis (brook trout) (Table 15).For the last two years, Latvia has been governed by a six-party "rainbow coalition."
rake	4) The main characters will get out of jail and launch new shows to rake in new jackpots.and she's good she'd think about bringing a rake so you can rake your area out and you know
rap	yeah yeah yeah i don't enjoy rap too much either that that doesn't appeal to uh uh my earsBoth magazines cover the Biggie Smalls murder and assert that gangsta rap has gone too far.
rash	Still, it would be rash to consider Culeman-Beckman's paper (and Daley's story) dispositive.The new rash of teen movies seems heavily skewed toward quasi-remakes of the classics.
razor	Suddenly, they attack you with razor blades, shanks, picks, shivs, or sharpened rebar.The plastic package is also embossed with parabolas, and the razor itself is festooned with them.
reap	"Sow according to your charity, but reap according to your lovingkindness" (Hosea 10:12).Those who hold capital reap profits off the backs of those whom they hire as their laborers.
reasoning	As K was thinking this through, though, the line of reasoning started to seem familiar.On this line of reasoning, Clinton has little left to lose in a trial and much to gain.
reassurance	And so, at the end of his odyssey, Berman finds a bit of meaning, but little reassurance.And its marketing appeal is similar--people will pay for reassurance about the unknown.
reassure	We don't need Greenspan to reassure us that the world isn't going to fall apart anymore.Well, Congressman, just to reassure the nation, you wouldn't mind doing that now, would you?
rebellion	He is buried with 2,023 of his warriors, who died in the ill-fated 1877 Satsuma Rebellion.In 1803 there was yet another failed rebellion, led by the great Irish hero Robert Emmet.
recede	29 Soon the child utters words along with gestures, the gestures recede, and language is under way.Yet this phenomenon mysteriously rights itself the further we recede in time.
reciprocal	What's really showcased is the reciprocal exploitation at the heart of the antiques trade.Equality flourishes in an environment of mutual sympathy and reciprocal identification.
recite	Across the street, Catholic protestors in white berets recite Hail Marys into a megaphone.Every day thousands of children in our state recite the Pledge of Allegiance.
reckless	Discharge of a firearm on school property, with a reckless disregard for another's safety.The Journal reports that Nick Leeson, whose reckless derivatives trades sunk Barings P.L.C.
reclaim	It was only with the aid of his brother, the eventual Richard III, that Edward was able to reclaim it.NOW doesn't like the way Promise Keepers urges men to "reclaim" their "role" as the head of the family.
recollect	do they like to listen to other people recollect thoughand they love to recollect i mean they just you know and they will just go on and on with these stories and they have such a memory
reconcile	Reality hit when he was unable to reconcile with his wife and ended up on the street.He is quite wonderful, but it is impossible to reconcile this with the exclusive club business.
recorder	22, 2003); NEADS audio file, Identification Technician position, recorder 1, channel 7, 9:41.2) If Brill used a tape recorder, we'd know whether he misquoted Susan Schmidt or not.
recreation	There were generous kid recreation grounds, the unfenced backyards through which we swarmed.piddling room a craft shop for prisoner recreation, supervised by prison employees.
rectangle	Another large rectangle, a reflecting pool, is set into the lawn, level with the grass.The right edge of the rectangle was drawn to coincide with the left edge of the crush.
rectify	Neither Kerry nor Bush, neither good cop nor bad cop, can pacify, let alone rectify, this mess.Adjusting "preference" settings on the local web browser may rectify this problem.
recur	I think they all recovered, but a couple of them had a, a recur, recurring touch of paralysis.Those amniotic reds recur in the wrenched body of the nude figure in After the Bath, Woman Drying Herself (c.
recurrence	=.022) in the probability of adenoma recurrence between the intervention and control groups.Figure . is a recurrence map, with Dt shown on the x-axis, D(t + ) shown on the y-axis.
recurrent	Children with recurrent otitis media bouts have trouble making out what others are saying.They claimed that there were at least 731,000 first-ever or recurrent strokes during 1996.
recycle	i feel guilty we don't recycle our our milk containers because they seem like a big wastewell i'm not sure of anything i can't really think of anything else that we could recycle
redundant	Except for the elimination of several redundant items, this is the lexicon produced in 1945.Current transcript information still largely consists of anonymous and highly redundant ESTs.
reed	Jack Reed, D-R.I., said the United States should tie its Indonesian aid to the referendum.Reed called for racial "enlightenment" and predicted, "Bill will try to make that happen."
reel	Lewinsky, appearing far more sophisticated than in the previous head shot or the CNN reel.Nauseated, I fixed on Hanks because I knew the star would survive until at least the last reel.
referee	This is exactly the kind of messy dispute that calls out for a referee--like the WTO.He will be a referee at the World Wrestling Federation's Aug. 22 "SummerSlam" event.
refine	Excite's site uses some of that artificial intelligence to help you refine your searches.We welcome challenges to our methodology and use them to refine and improve our rankings.
refrain	Can David Plotz (and everyone at Slate ) please refrain from speaking on behalf of History?It is haunting its recurring refrain, and keeps pulsing through my mind, now, every day.
refresh	Why don't you refresh your recollection for a while, and we'll talk when I'm back.It might indicate only that Clinton was trying to refresh his recollection.
refreshment	Finally you can allow yourself to head into Kritsá, perhaps to take some well-earned refreshment.For some this may sound like hard work, but don’t despair: beach-bar refreshment is never far away.
refuge	Blessed with their own microclimate, the mountains are a blessedly cool refuge from Trinidad.In addition, continental skeptics about the euro have been buying pounds as a refuge.
refund	If you're not satisfied with it, we will happily refund the balance of your subscription.There would probably be little chance of a refund if the place were run by a feminist.
refute	How Bauer could refute such perceptions, questions, and discomfort was equally ambiguous.Someone who writes book after book to refute what he doesn't understand is just a crank.
regenerate	As every gardener knows, you can regenerate entire plants from the smallest cutting.The only way to regenerate a flagging faith was to allow people to read The Word in their own language.
rehearsal	The CIA planners conducted their third complete rehearsal in March, and they again briefed the CSG.Another theory: The burial is a " 'dress rehearsal' for the eventual burial of Boris Yeltsin himself."
rein	What rein can hold licentious wickedness When down the hill he holds his fierce career?Dole has promised to rein in auditors , calling their methods "crass and callous."
rejoice	Still others rejoice that the narcissistic characters finally got their comeuppance.In towns around Cuba you’ll meet tourists who — like jailbird escapees — rejoice at having gotten out of Varadero.
relativity	...Einstein's Special Theory of Relativity does not say that E = MC² and in leap year MC³.The set of possible solutions is the configuration space allowed by general relativity.
relay	Imprinting relay: Do trans-silenced E82 and L91 loci acquire trans-silencing ability?The second comparison relates to the relay of epigenetic activity.
reliance	Thom touts her reliance on "oral histories of many founders and long-time staff members."It's not just the increasing complexity of technology, but our increased reliance on it.
relish	In fact, Americans seem to possess a tolerance and perhaps even a relish for gobbledygook.Touching and caring for these magical creatures are activities that every child will relish.
remnant	Rather than being an evolutionary remnant, it is a dynamic and continually adapting system.It's sad to see a great institution reduced to a tattered geriatric remnant of its former self.
renaissance	Looking at them was like looking at ancient Etruscan bronzes or Renaissance enameled boxes.The nearby Eglise Notre Dame also combines Flemish archi­tec­ture with a Renaissance porch.
renew	Please renew your support today for the opportunities and experiences your gift provides.For two decades, Congress repeatedly voted to renew fast track, and by large margins.
renovate	The owner intends to preserve but not renovate the buildings, allowing the past to tell its story.Clinton uses it to renovate or even reverse those principles.
repay	Curiously, these paintings don't repay prolonged viewing--or at least they didn't for me.And they thought, well once they got on their feet if they could repay people somehow.
repel	But to exchange public greetings with a mass murderer accords him a legitimacy which should repel most people."Remarkably, Poland retained enough military might to repel the Ottoman Turks in their advance through the Balkans.
repent	The hardhearted spin: Sharpton continues to rationalize rather than recant or repent.Critics assume that Clinton has to explain or repent his sexual sins.
repertoire	An over-representation of VH4 genes in the autoimmune repertoire has been described [ 7, 8].Our goal was to identify the complete repertoire of hOR genes encoding full-length receptors.
repetition	Once something is published by anyone, it becomes fair game for analysis and repetition.Codes were added to the scheme as there was repetition (approximately 5 or more times).
repress	Additionally, the sar1Δ crosses were grown on glucose to repress the plasmid borne copy of GAL-SAR1 .They can take on a pseudonym and express parts of themselves that they have to repress in their ordinary lives.
repression	Human rights leaders fear that this could escalate into further, Taliban-esque repression.Other defense mechanisms, such as repression and selective forgetting, may also take part.
repressive	It may be that grandiose schemes for redesigning society inevitably flirt with repressive politics."A lot of these people come from an inherently repressive regime," Luu said. "
reproach	' I know with absolute certainty that Lamar Alexander is without reproach."It wasn't necessary to disclose that the "information" had come from Starr's office, since his office was above reproach.
reptile	For example, a reptile has a slower metabolic rate than a mammal of the same size.I lit a match in an endeavor to locate the reptile.
resemblance	However, adhesive contacts with significant resemblance with zonula adherens were observed.It was designed by a Mr. Bird, although it also has a resemblance to “Tweetie Bird’s” cage.
resent	Movement old-timers resent having to share the microphone and money with so many upstarts.The child who feels less valued is likely to resent a sibling whom parents seem to prefer.
reservoir	Soaks are shallow wells sunk near the base of an outcrop to tap an underground reservoir.and now it's just uh it's just a reservoir that you tend to regularly i'm sure
resistant	Bacterial endospores that are particularly resistant to agents such as disinfectants (e.g.Infections with resistant organisms represent a serious menace in critically ill patients.
resolute	She, fearing for her life but resolute, rose and turned to face the crowd of swarthy men.They were always moving about, depriving him of a proper home--and always resolute.
respective	identified common components in the respective silencing pathways (Denli and Hannon 2003).These antigens have detection limits of less than 1 ng/ml for their respective antibodies.
restless	okay you work then okay well we get the channel with Young and the Restless on itBoth actresses chronicle restless, unstable childhoods, capped, in each case, by a quick rise to fame.
restrain	Or, if it didn't exactly pull the trigger, it sure didn't tackle the gunman and restrain him.Love your mag, but can you do something to restrain the egomania of your diarists?
resultant	Integration of the resultant cDNA occurs via the host's recombination or repair mechanisms.The resultant assay correctly identified nearly all HPV type in the clinical samples.
retention	ratings they received for their responsibilities, commitments, and retention standard.Threats to habitat retention, not least of which is wildfire, endanger every species.
retort	The Wall Street Journal 's retort: "Earth to Howard Schultz: Return from cyberspace.To this, I would attach my own definition: To qualify as wit, a retort must be no more than five words.
retreat	Disaster was inevitable: invaders from Manchuria forced the Song to retreat to the south.It is possible to retreat into the shopping mall next door for up-market fashions and food.
retrieve	Agency users send information to the database and then can retrieve it from the database.A Rolodex she crossed barricades to retrieve in the days after Sept. 11 is headed for the trash.
retrospect	One of the last transmissions from United Airlines Flight 175 is, in retrospect, chilling.Anyway, in retrospect, hasn't Kelly's "obsessive" anti-Clintonism been a wee bit vindicated?
retrospective	[ 25 ] This study is limited by its retrospective nature and relatively small sample size.Reviewers are split on this retrospective of the work of Broadway choreographer Bob Fosse.
revenge	But General de Gaulle gained his revenge by starting his march of Liberation here in 1944.I liked Cook for giving Eleanor's Revenge a nice fat chapter near the start of this volume.
revise	After contacting attorneys about Take 2, Wagonheim is beginning to revise his projections.Does Kuttner therefore revise his view that more regulation is usually better than less?
revive	It can also revive its mummified fellow priests and send them into battle against our heroes.Avedon has done much to revive the portrait as a central genre of photographic art.
revolt	Several passengers had terminated phone calls with loved ones in order to join the revolt.Nat Turner thought he was recreating the biblical story when he led a slave revolt in 1831.
revolve	A number of scenes actually revolve around the astoundingly dull theme of cellular communication.you know any you much as uh other cultures might disagree our lives don't revolve around our children
rib	as long as you know that it's okay but they have i think one just about the best prime ribThe Boneless Pork Rib Shaped Patty is a shoddy imitation of McDonald's much beloved McRib.
ribbon	yeah i have a friend that goes frequents she frequents and Indian place over there by The Blue Ribbon CafeWhite shirts with ribbon ties made into bows, and the traditional wide-brimmed sombrero complete the ensemble.
riddle	To answer this riddle, I went to the folks who know: the people who are funding his campaign.Another type of riddle is the riddling question, such as “Qué le dijo la luna al sol?”
rigorous	Participants are invited to submit similar authentic examples of rigorous self-assessment.But I fear that they have not been rigorous enough in exposing the press's hidden interests.
rim	Well, I have a close friend, Pat, who is bald and wears a full beard and horn rim glasses.I broke imaginary eggs on the rim of a non-existent frying pan and made sizzling noises.
ripe	'When ripe the fruit pulp exceeds in foul odour all that is abominable in nature' [ 76 ] .Today's WP features a particularly ripe target for the genre--a philosophers' convention.
roar	Today its sidewalk cafés shaded by plane trees are a world away from the roar of the city.They may be slowing down in some more developed societies, but they roar along in others.
roast	"It's one of the great British foods like roast beef and pork crackling," he explained.roast chicken oh gosh yeah how do you usually cook your deer how do you usually cook your deer
rob	The next time you burn, call Rob and he'll say, "How old are you and what's your birthday?"Shore Revised , produced by David Axelrod and Associates for Rob Andrews for Governor.
robe	The Virgen is on the second floor, encased in glass and cloaked in a glittering gold robe.He wears a white robe and hovers over the thieves who have just dug up his grave.
robot	I Robot yeah that's pretty light reading for science fiction those kind of thingsThe robot system is safer than dispatching human rescuers and, when space is tight, more effective.
robust	K-S tests provide a nonparametric, sensitive and robust way to compare two distributions.The more specific you make it, the less robust the therapeutic activity is likely to be.”
rot	Most non-McLarian ROT members publicly disavow violence, but the possibility always lurks.Tommyrot compounds tommy, `simpleton, fool' (as in tomfoolery ) and rot, `worthless matter.
rotary	Rotary phones have the familiar dial, with a circular motion and finger holes.just a straight table saw or to get one of these uh rotary arm saws radial arm saws i guess what they're called
rotate	In turn, the wind does work on the blades, causing the windmill to rotate.or you're on your way up from regular size and they're all in boxes or bags and they all rotate all the time
rotten	It may be legal, admits Mara Liasson ( Fox News Sunday ), but it's a rotten thing to do.Not that any of this justifies the truly rotten choices both Bloom and Farrow have made.
roundabout	Traditional country is a sidestepping, roundabout art, fond of coy and cagey divagations.A traffic circle (roundabout) past the airport leads left to St. George’s and right to St. David’s.
rouse	Hunt , hopes its makers, will give its viewers those facts and rouse them to action.To rouse the conscience of the world about perceived threats to "the Jews Hitler missed" in Israel.
royalty	And he still takes grand foreign tours on which he behaves as if he is visiting royalty.um-hum well when you use real people like that i think you know and royalty especially you know
rubber	More recently we built a chamber using rubber spacers, double stick tape and a cover-slip.I'm not just endorsing retro-chic when I say that the guy in the rubber suit is more fun.
ruby	(The Witch self-deprecatingly, after she touched the ruby slippers and burned herself.)In Ruby, founding families control the local bank and mete out justice as they see fit.
rude	These rude and unappreciated remarks just slip out; the verbal equivalent of being a klutz.uh-huh yeah yeah i i hardly ever give the people a second try if if somebody's rude to me or
rug	Our last friend, with the Persian rug, was alas trying for a remedy days after the spill.But pulling the rug out from under people who may have no practical recourse is unfair.
rust	right or or they they die of rust years before their major systems would otherwise go outEven respondents agree that "the true speaker in Rust was not the government, but a doctor."
rut	Look for prostaglandin to become a sacrament that allows boomers to rut until death.and we built some good friends over there now with uh time when we can use them you know little rut
ruthless	Beatty has shown a ruthless, brilliant talent for manipulating the politics of his industry.In 538 b.c. , power fell into the hands of Polycrates, a ruthless but brilliant leader.
saddle	and uh it had the gray leather package in it and my Allante has um i guess saddle saddle coloredCortada, James W., Best Practices in Information Technology (Prentice Hall PTR, Upper Saddle River, New Jersey, 1998).
safeguard	The conventional wisdom says Clinton must avert conviction in order to safeguard his legacy.An agency must establish physical control to secure and safeguard vulnerable assets.
sailor	Invigorated à la Popeye the Sailor Man, he proceeded to capture the enemy regiment single-handedly.The RNC says Gore "spends money" on Wolf "like a drunken sailor in port."
saint	The province’s largest town (where it is the custom never to abbreviate “Saint” to ���St.”Their crisis came on 24 August 1572 with the infamous Saint Bar­thol­o­mew’s Day Massacre.
salesman	No one in America today believes that John Gotti was a simple plumbing-supply salesman.The humorless, stilted quality of Miller's writing makes Salesman feel like a dental extraction.
saliva	The alcohol concentration can be determined by saliva testing, breath analysis, or blood test.During a one-year storage time in water or artificial saliva, the retentiveness did not decrease.
salute	In 1981 he was assassinated by an army officer while taking the salute at a military parade.Creators: the Denver Broncos' running backs, who unveiled the salute at preseason games this summer.
salvation	Does he think that it's possible for others to achieve salvation without accepting Christ?But the PDFA model offers only the salvation of abstinence or the perdition of addiction.
sane	Or, alternatively, the market's current P/E ratio makes all those that came before it look sane.yeah i know how that goes i think country music's the only thing keeping me sane with these kids
sarcasm	The Redcliff Ascent Outdoor Therapy Program provides group counseling and forbids sarcasm.These are examples in which the wording undercuts itself, yet without any apparent sarcasm.
sarcastic	Angry, sarcastic, or tongue-in-cheek responses are most likely to be struck from the record.oh he just like totally sarcastic and hilarious and i don't know i'm a lot like him in a way so
satire	After weeks of hype and raves, Mike Nichols' political satire opens to mediocre reviews.Episodes reviewed so far are dismissed as failed attempts at Hollywood and Washington satire.
saturate	For the limiting case where binding does not saturate (kc i << 1), γ i in eq.It will be assumed in this section that solute binding is linear and does not saturate (fw i = constant).
saucer	It's too bad Ricci's dry, flat voice--so wonderful in modern comedies, when it plays against those saucer eyes and angel-baby features--sounds amateurish amid all these declamatory Brits.The word itself, tapa, is translated as “lid” and derives from the old custom of offering a bite of food along with a drink, the food being served on a saucer sitting on top of the glass like a lid.
sausage	We believed they locked their boys in the sausage shed as punishment for missing shots.sausage oh like a a Owens mild you can i guess you could use the hot if you wanted to yeah and uh you
savage	If the process of slaughter becomes a savage yahoo spectacle, then we are indeed barbaric.The Sheikh emitted a low musical laugh and replied, "I am always gentle and always savage.
saw	A few days ago I saw him for the first time since his brother died, and he still likes me.i was just thinking another good one i saw not too long ago was um Sleeping with the Enemy
scar	If the wound to Eappen's skull was new, asked Scheck, why had scar tissue formed around it?The next morning he woke up in a bathtub full of ice with a crude surgical scar in his side.
scarce	Inoculating every child at $30 a dose would divert scarce resources from even better uses.It is disingenuous to say we should do both: Money is scarce and so is political capital.
scarf	Often local Celtic patterns appear in bracelets, brooches (pins), and scarf rings.Unlike the yarmulke, which is strictly symbolic, the folded scarf is functional.
scenery	The scenery is not varied enough to make the bumpy two-hour ride to Amed worth the effort.For a complete change of scenery, take a drive northwest towards the hills and Bensafrim.
sceptical	When sceptical researchers took a look at the sequence, it turned out to be of human rather than dinosaur origin.She went on, "Perhaps we are more sceptical.
scissors	The scissors snip China, India, Algeria, and Mexico out of the map to reinforce the point.scenery is is very entertaining uh and what he does with the with the scissors and uh
scold	Many scold Ross for publishing her memoir while Shawn's 92-year-old widow is still alive.At the top of his short hate list resides popular scold William Bennett.
scorn	The Sex Pistols' Sid Vicious recorded "My Way," a bizarre combination of homage and scorn.No one could scorn them if they were meaningless; then they would simply be empty oddities.
scout	A scout obeys all to whom obedience is due and respects all duly constipated authorities .but yeah that's we uh my my wife and i took the uh the scout leadership training program
scrap	After it was used at the exhibition in St. Louis in 1904, the wheel was sold for scrap metal.The cover story endorses the state Legislature's plan to scrap New York City's rent-control law.
scrape	and what a lot of work that was and they had to scrape it and thenIsolation and introspection, those staples of the Bildungsroman , scrape at young Coetzee's sensibilities, refining them raw.
scratch	I swabbed, I purged, I itched The way I'm itching now to get this right So you'll scratch too.On the foreshore near the Bat Cave, a few people scratch a living by harvesting salt.
screw	In eect, the chair object extends a line to the screw object as it says, “I need a lean-on!Both polymers contain SAM subunits arranged as a left-handed helix with a 6 5 screw symmetry.
scrutinize	a layer that it makes it even more difficult to scrutinize where the eggs are coming from."But when people scrutinize and see what those front-runners are really about ..."
scrutiny	Now that Bradley is deemed viable by the press, he's beginning to receive harsher scrutiny.The mechanism of translation of the fs-α 1S clearly deserves closer scrutiny in the future.
seam	i mean it seam like they don't they don't want want you know hire me they want to own meA chain-stitch seam is strong and can be produced more quickly than a lockstitch seam.
seaside	We are now by the seaside, where the gull has a name representing its repeated kyow, kyow .At Sóller and its seaside twin Port de Sóller, the cliffs and mountains at last relent.
segregate	Artemisia . Additionally, three segregate genera are placed outside of the Artemisia -clade.Artemisia , with the segregate genera and subgenera of Artemisia embedded within subg.
selfish	Dylan, the most inward looking of musicians, a selfish genius, gives that claim credence.Contrary to popular belief, only children are not destined to become spoiled and selﬁsh.
semester	i took one semester off and and i've been taking a class at least one class every semestera few years ago i was a student there and spent um a semester studying abroad in London
semiconductor	but uh in the manufacturing sectors and over in semiconductor and down in some of those labs and stuffSuch tedious techniques are currently used in the semiconductor industry.
sentimental	Jarrah alone appears to have left a written farewell-a sentimental letter to Aysel Senguen.And even Hoffman's sentimental interpolations can't strangle the comic spirit of Kevin Kline.
serial	[ 18 ] introduced another digital method called serial analysis of gene expression (SAGE).Another approach to increase throughput is the serial analysis of gene expression (SAGE).
sermon	There are moments (like Flek's sermon) when this novel can make you wince.Can any TV watcher endure another Jonathan Turley sermon or Lanny Davis "wait and see" or Laura Ingraham huff?
setback	The NYT 's sampling editorial says the decision is "a setback for the democratic process."The NYT WTO story's angle: The lack of a trade deal is a major setback for Clinton.
sew	uh-huh do you actually sew some clothes for them and that sort of stuff or have you beforeokay well some of the things i like to do are i like to knit i knit sometimes and i sew
shabby	James and Hemingway give way to the shabby backdrops of John Le Carré's novels.In his shabby house, he listens to the blue-collar wail of Bruce Springsteen.
shady	This traditional village has a small central square with shady trees and a couple of tavernas.As for your age, you are on the shady side of the actuarial table for new employment.
shaft	Vermeer's single shaft of luminosity from window or door evokes an otherworldly reality.Masons dug a shaft 10 m (33 ft) into the bedrock for Ramses III’s tomb (11) c.1151.
sham	A Palestinian state is a certainty, according to an article, but sovereignty will be a sham.A report from Iowa repeats the conventional wisdom that the Ames straw poll is a sham.
shampoo	You’ll see plenty of soap and shampoo and, on the Dhobi Ghat, laundry-washing, too.In the '70s, he bullied screenwriters and directors into making Shampoo and Heaven Can Wait his way.
shatter	The flavor names are ridiculous: Powerade has Mountain Blast, Jagged Ice, and Arctic Shatter.largely designed to illustrate how a powerful woman can shatter glass ceilings."
shave	I was standing on the edge, trying to see my ass to shave it, when I slipped and cracked a disc.yeah they do and i told him i said well if you do it you can't shave your hair
shear	In recent weeks the SCMP has warned about wind shear at the airport, which opened last July.Thus resveratrol may act by a mechanism(s) closely resembling that triggered by shear stress.
shepherd	but our Shepherd was almost thirteen years old and it just you know it was almost cruelPresident Clinton must now shepherd the pact through Congress; passage is likely but not certain.
shilling	Last week, the Wall Street Journal editorial page accused Salon of shilling for President Clinton.In 1941 Dent re-issued the book as a Guild paperback at one shilling.
shipment	After final inspection, the cloth is wound “without tension” on a roll for shipment.Once a week, this retailer places a replenishment order with its supplier and receives a shipment.
shiver	The shiver is accompanied by a murmur: "The President's on his way downstairs."A staircase creak in a dark old house makes him shiver.
shopkeeper	• The shopkeeper job aid was for a retailer to consult when selling anti-malarial drugs.The majority of the shopkeeper job aids were displayed in a visible location, such as on a wall.
shortcoming	Acting on that truth and playing around with form is anything but a moral shortcoming.Surprisingly, only a few groups have previously addressed this shortcoming [ 3, 4, 5].
shorthand	There was once in this country--let's say the 60's for shorthand--a thriving Highish Midbrow Culture.Directed by the veteran John Frankenheimer, Ronin doesn't have the shorthand syntax of a '90s thriller.
shrewd	It does contain some elegantly rendered anecdotes, and several small but shrewd insights.If Microsoft is so shrewd and powerful, why isn't it winning this public-relations game?
shutter	Every shutter on his house had blown away!During each experiment, phase and fluorescence image pairs were collected at 30 second intervals with shutter controllers switching between light and fluorescent illumination.
sideways	Large-circulation American newspapers, to be sure, don't market philosophy, except sideways.From Thursday's London Evening Standard : "Blow to Singer With No Sideways."
siege	It said that a president under siege couldn't give the world the leadership it needed.These hills have a cascading fury to them, and the dwelling seems to be under siege.
sightseeing	The weather can be a critical factor in the pleasure of mountain rambles and sightseeing.The entire area makes for a great afternoon’s break from the pressures of Osaka sightseeing.
signify	There is general agreement that the Dylan honors signify Something Very Important about the '60s.Such a threshold is useful for defining a fluorescence ratio that would signify the presence of an antigen.
silicon	So the next time I'm in Silicon Valley, I'll give you a call and maybe we can have a beer.An LAT front page article reveals a "serious slump" among dozens of Silicon Valley firms.
simplicity	The mystery surrounding its origins does nothing to undermine the power of its simplicity.In this, too, the stunning simplicity of Tyndale's words caught the public's imagination.
simplify	Both changes signal a stripping down, an old man's effort to simplify, relearn, restart.The smaller pilot data set was used to simplify the interpretation of the results.
simulate	Maybe not--but if there's a way to simulate a digital equivalent, George Lucas will finance it.For instance, in one mock attack, an agency team was able to simulate bringing about a core meltdown.
simultaneous	In the present study, simultaneous amplification of both oncogenes was observed in 12.The simultaneous release of albums from '60s rock stars occasions studies in contrast.
sincere	I guess my question really is: How can you tell whether a letter is sincere or fraudulent?Our sincere thanks to all of you and to Kate & Jon Sage for another successful fish drive.
singular	They are singular and powerful works; gathered together, they possess a clobbering force.Then there is the question, Why are both singular and plural forms shown for the headwords?
sip	"In an unscripted campaign moment yesterday, Steve Forbes was seen taking a sip of water."Yet another duplication, on chromosomes 3 and 5, harbors SIP1;2 and SIP1;1, respectively.
siren	But the siren song that beckons me is not just the ring of a thousand cash registers opening.i could they could bring them in with my dogs and set a siren off and that's all they'd have to do
situated	It is situated in the diplomatic neighborhood of Chanakyapuri (behind the Bhutan Embassy).Many shops are situated along a stretch of Colorado Avenue between 9th and 10th streets.
skate	He acquired a skate from the fishmonger and painted a loose paraphrase of a Chardin still life.And we could skate to the movie or ride a bicycle to the movie and we would do that.
skeleton	eine Leiche im Keller, Lit. a corpse in the cellar: a skeleton in the cupboard (or closet)Last July, a couple of locals found a skeleton along the Columbia River in Kennewick, Wash.
skeptic	Its effect is to make the skeptic want to throw himself out of a 10 th -floor window.It's a form of self-aggrandizement whose effect is to make the skeptic feel knowing.
skeptical	That's why economists are generally skeptical about allegations of "planned obsolescence."What I am skeptical of is turning one's back on so many aspects of everyday American life.
sketch	If the fabric was to have a pattern, there might also be a close-up colored sketch of it.They could sketch or describe new fashions as accurately as their spying talents permitted.
skillful	And they are much more skillful at their business than Disney proved to be in Celebration."Christ Whitens Hearts, Freshens Lives"-- A skillful parody of the Crest toothpaste logo.
skim	46 Efficient classification discourages cream skimmers because it leaves less cream to skim.but uh uh skim milk is what we drink now and that took a little getting use to
skip	I used to skip school during junior high and steal a pony and return it and go back home.So, uh, I skip a lot of things here that I could say, but they chose me and one more guy.
skyscraper	In fact, the architects of the skyscraper considered themselves traditionalists.He was moderately successful, achieving local renown for the Tribune Building, an early New York skyscraper.
slack	The last few chapters are truly disappointing--slack, dated, and filled with tired ideas.But Dalí rapidly became slack, repetitious, corrupt, and in the end completely pathetic.
slaughter	If the process of slaughter becomes a savage yahoo spectacle, then we are indeed barbaric.Consequently, the cause of the contamination must occur at slaughter time, not on the farm.
slender	[t]he entire evening is not unlike Kidman's much-discussed body: smooth, pale, and slender."Slender cells with a small, centrally localized nucleus were scored as fibroblast-like.
slim	Behind the inflated rhetoric, the Franklin panel has only a slim mandate and little power.If it's Fatboy Slim, and the others, and confined to that, I don't see the counterculture.
slipper	Or an archaeologist in the Yucatan who flies her own plane and owns a supper club called The Fuzzy Slipper."Another group of metaphors excluded is the names of natural species such as footman and emperor moths, lady's slipper, shepherd's purse, porpoise, etc.
slippery	3) It's a slippery slope to leaving consumers unprotected in product liability cases.It had been raining so he had to avoid un aquaplaning skid on the slippery surface.
slit	The base plate is a smooth cap with a slit to contain the moving end of the knife.Anterior chambers were examined with a slit lamp and photographs were taken using a 40X objective lens.
slogan	(Suggested slogan: "We do more surrendering before 9 o'clock than most soldiers do all day."Is that the subliminal message of the slogan: "The Right Warner for Virginia's Future"?
slot	2 slot, behind New Jersey's Passaic River, signs went up along its banks reading: "Peligro!Racetracks are getting clocked by casinos, lotteries, riverboat gambling, and slot machines.
slum	All of us agreed that the 1970s were a slum of a decade.The Liberties area, once a slum, is rapidly gentrifying, with new housing and restoration of the original small red-brick houses.
sly	It's also given me the sly sense that I know why other people are acting their way.An article claims that sly telecom firms have figured out how to collude in U.S. spectrum auctions.
smog	well not always depends if you don't there if there's a brief stop then you get the uh smogAnd the Los Angeles Times goes with smog--the EPA rejects California's smog control strategy as being too lax.
smuggle	In 1993 he was caught trying to smuggle classified information out in his prison letters.China will let the triads extort, smuggle drugs and arms, pander, and counterfeit.
snack	In other words, we snack when snacking is, on net and in our best judgment, a good thing."The snack bar, the gift shop, the new roller coaster--the entire place is just Annetastic!"
snatch	They have flashy tastes, preferring to snatch at bright objects rather than dull ones.Now they're going to snatch them away from me and replace them with aliens or Arabs?
sneak	i love it when my husband decides to say fudge with the budget and uh sneak a big gift inSiskel gave Armageddon a "thumbs up" and named it his "flick of the week" on Sneak Previews .
sneeze	Where everybody sneezes once or twice, I always sneeze at least five or six times--sometimes more.Using a squirt bottle, I simulated a big, soggy sneeze to test their absorbency.
sniff	"Few realize that just one sniff can cause death," asserts the Partnership for a Drug-Free America.And the wife of Aetna's CEO had to, sniff, go on a South America jaunt alone .
snob	McGreevey here is the un-Whitman: He doesn't reek of old money, and he isn't a snob.The best way to prove you're not a snob is by not letting your museum seem empty.
snowstorm	we might get one more little snowstorm in April but i don't think it will amount to muchHow it takes a three-foot snowstorm to shut it down, and even then the subways work.
soak	Soak 15 minutes in tap water and scrub with detergent, or clean in an automatic dishwasher.Soak 15 min in tap water, and scrub with detergent, or clean in an automatic dishwasher.
soar	Who cares if the Apostle E.F. is a madman if he can make people's spirits soar this high?We are not richer because of money printing, but it does cause stock market valuations to soar.
soaring	The soaring vaults of the sober interior have the monumentality of French or German Gothic.The trade deficit is soaring, the dollar is weakening against the yen, oil prices are high.
sob	Jack and Bob subscribe to a new form of male bonding: They cling to each other and sob.Altman exploits Downey's image like the cold SOB he probably is.
sober	The relatively sober Japanische Kammer contains some prized lacquered cabinets and tables.The soaring vaults of the sober interior have the monumentality of French or German Gothic.
sociable	How can you get an inactive child who loves quiet play to be more active and sociable?Bermudians are a particularly sociable yet competitive people who take enthusiastically to sports.
soda	A lifespent thinking in the theaters, drinking inlike cherry soda with mind-numbing fizzThe baking soda is a mild respiratory irritant and for that reason, the workers wear dust masks.
sofa	The sofa you see there now is a replica, the original having been stolen during the Revolution.being the sofa and the blanket on the sofa nobody came near it when he was there
solemn	You're no longer enticingly innocent and desirable but boringly earnest, naive, and solemn.“The land law was on the move--in a solemn progression of rules and technical evasions.
solidarity	The move, which the WP calls "unusual solidarity," is expected to send oil prices up.To show solidarity with you, I watched the whole encounter, larded up as it was with odd rules.
solitary	Vice is rarely a solitary invader; it usually brings with it a frightful train of followers.Sirenians are solitary, travel in pairs, or associate in groups of three to about six individuals.
solitude	Solitude is all well and good, but no one comes to New York to get off the beaten path.For those who look for solitude, there are still quiet islands to be explored, off the beaten track.
solo	4% of solo practitioners agreeing with three or more of the four breast screening questions.but uh that gets old too in a very short order i'm i'm hoping that this uh solo flex will uh
soluble	A smaller fraction of the tested antibodies gave accurate quantitation of soluble antigen.We also found that inducing at an A 600of 1.0 rather than 0.5 gave more soluble protein.
sometime	i know uh here sometime back you know they had had had given him a printout you know of uhwell it's oh it's nice to have the noise sometime it's nice that you don't need that noise
sophomore	As a sophomore, the 6-foot-1, 160-pound quarterback joined the freshman football team.a sophomore this year and uh my wife teaches kindergarten here in Richardson ah but
sore	do they exercise much or i mean for skiing i know when i went you can get sore easily butSpecter has a reputation for being a sore winner that he bolstered during the Hackathlon.
sorrow	"It looks terrible," the Fox Washington bureau chief observed, more in anger than in sorrow.Hers is the face of a patient, drugged out of pain and sorrow, drifting on Demerol.
sour	Oxy comes from Greek oxus sharp < IE * ak , sharp and sour both being descriptive of acid.' Tory killjoys struck a sour note by calling the timing of the announcement a Labour stunt."
sovereign	An important part of U.S. diplomacy is getting sovereign states to work together voluntarily."White, padded, and one biblical quote away from declaring itself a sovereign nation."
sow	"Sow according to your charity, but reap according to your lovingkindness" (Hosea 10:12).Randy, I'm always true to you, darling, in my fashion, but sometimes a girl needs to sow some wild oats.
spacecraft	What's involved is launching a spacecraft that can be stationed 1 million miles from Earth.They and their "crew of students" arrived on earth "in staged spacecraft (UFO) crashes."
spaceship	The spaceship comes down in your backyard, crushing a bed of petunias, and out steps the alien.The name SCOTTY would be iced in in green as if it were the name of the spaceship.
spacious	Just ahead is the spacious, serious Plaça de Sant Jaume, the heart of the Barri Gòtic.Rooms are comfortably large, with a small sitting area, and bathrooms are surprisingly spacious.
spade	Last year, when I finally got my own piece of dirt and took a spade to it, it landed with a thud.So I only wish that while delegitimizing Reed's Christian décor, the author could have called a spade a spade.
span	HGSC's initial approach to gap closure of 3L was to design primer pairs to span each gap.the hundred-plus-year life span of modern art are on every museum's agenda these days ...
spark	Conley had hoped to spark a general discussion of sexism in the medical academic profession.In the 1990s, after being sold and resold, Ms. lost its spark, but it still carries on.
sparkle	Just to free associate, Prudie, herself, loves jewelry and is known to intimates as Sparkle Plenty.Rent a canoe or kayak to explore some of the 500 lakes and rivers that sparkle across an area of 1,500 sq.
spear	St. George’s cross and a shaft suggest a spear being thrust into the dragon’s back.Another school saw al Qaeda as the "point of the spear of radical Islam."
speciality	International cuisine with many interesting dishes; the pies are a house speciality.Ensaimadas — sweet rolls made with lard — are a Balearic speciality generally available on the island.
spectacle	If the process of slaughter becomes a savage yahoo spectacle, then we are indeed barbaric.Five times a day, scuba divers go in to feed the fish, a fascinating spectacle to watch.
spectator	For two years, Salon says, Dozhier used Spectator money to support Hale--an old friend.And I'm also sorry I wrote in the American Spectator that Vince Foster fondled you in public.
speculate	Using this diagram, we can speculate about how life might be different on Mars or Europa.But if she could write about fiscal policy, perhaps I can speculate a little about her.
spelling	"Yadda yadda yadda ," whose spelling he was uncertain of, "simply seemed funnier than blahIn the map of France it gives the proper spelling, with the English in parentheses below.
spicy	Traditional French dishes are as highly esteemed as the spicy specialties of Creole cuisine.Worst of all, the toxic underwear from the barbecue sauce ordeal still smelled spicy.
spider	The paintings became sinuous lattices, like the web of a deranged and brilliant spider.WWW : Will Smith gets attacked by some kind of mechanical spider, probably not affiliated with the NYPD.
spiral	Inside, eight spiral columns support the canopy of the 17th-century carved oak baptistry.So she climbed the spiral staircase with him to her bedroom and just couldn't believe it.
spit	” Obscene spoonerisms represent the pinnacle of spooner-type wit (or is that wooner-type spit?A spit of land reaches out south of the city across Kingston Bay, sheltering the famous harbor.
splash	If the beach or pool begins to pall, kids can make a bigger splash on a giant waterslide.The capital, Pothia, is a splash of bright color climbing a hillside on the south coast.
sponge	He wants to know if Victoria sponge with a Bath bun and Malvern water is of interest.and this is an old older house and it's kind of a sponge is what it looks like to me
spontaneous	"Temperate and spontaneous fun" sounds like something one might have to do in a work camp.All spontaneous chemical reactions, if coupled to no other source of energy, are exergonic.
sportsman	yeah right more because of their personalities than their sportsmanNotice an unusual feature of the giant statue in Cave No. 13: the Buddha’s right wrist is supported by the small figure of a four-armed sportsman.
sprinkle	if you uh sprinkle lime on your young plants before they get too big that should help thatHe is not a magical potion that you can sprinkle on your problems to make them go away.
sprout	Jennifer was a sprout of the local cop dynasty, the only one not to wear the blue herself.I started picking up The New Yorker , back when I was a sprout, in order to read Donald Barthelme.
spur	She did it not on the spur of the moment; she did it over a considerable period of time.While the strikes were ethically justified, they may spur further terrorism in revenge.
spy	An article details how the New York Times muffed its coverage of the Chinese spy "scandal.") Newsweek speculates about whether Democratic fund-raiser John Huang was a Chinese spy.
squirrel	A particularly ugly squirrel named Gertrude was atop a tree 65,433,872 years ago.Human brains weigh on average 1,300 grams; a squirrel brain weighs six grams.
stab	Presidential aides used to fall on their swords for their boss; now they stab him in the back.The affidavits also attest that he watched friends stab a woman to death and bathe in her blood.
stagger	yeah but but you did stagger stagger back and say oh doesn't this look niceSiegfried can only stagger to the greasy Biedermeyer sofa and collapse. "
staggering	SBC's profit and revenue growth weren't staggering, but they weren't disappointing, either.In Spain, where homeownership is three times as common, unemployment is a staggering 18.
stain	Consistent with the binding data, this SP analog did not stain rSPR-transfected CHO cells.Kill video poker in South Carolina, and you erase the biggest stain on gambling's image.
staircase	So she climbed the spiral staircase with him to her bedroom and just couldn't believe it.When staircase was induced, sarcomere length was set, and then the stimulation was applied.
stale	Before long, however, the buck-stops-here cliché grew stale, and the story line changed.Critics were equivocal; the Washington Post 's Rita Kempley called it "stale feminist fluff."
stalk	This is followed by a 22 amino acid stalk on which sit the 2 globular catalytic domains.Many of them show broad connections with the yolk cell, and many join it via a narrow stalk.
stall	People such as myself cannot get up from the seat in a conventional stall without handrails.Prudie often sees women take the handicapped stall simply because it becomes available first.
standpoint	I think we're nationally recognized, uh, for what we do from just a managing standpoint.From the national standpoint, lower taxes are not necessarily better than higher ones.
staple	The Great Famine struck in 1845 with a blight on the staple food of the poor, the potato.yeah spaghetti's a pretty staple every other week or so so and it goes a long ways too so
startle	In contrast, the DNT includes tests of locomotor activity, acoustic startle, learning, and memory.He goes on to say, “Hispanic graveyards are places of color, where paints, flowers, and tiles combine to comfort the bereaved and startle the gringo” (88).
starve	you know gee Holly would starve to death if we you know we took her to another country soA mouse must eat about half its body weight every day not to starve; a human gets by on only 2%.
statesman	something and and if we could it's not wise that i guess i'm still looking for a statesmanToday, the elder statesman advises Cambodia's leaders to seek rapprochement with the West.
static	The range of static displacement discharge frequency for 1° afferents was found to be 18.Golgi tendon organs mean L init static discharge frequencies was 16 ± 2 spikes/sec (Fig.
stationary	i see um-hum um-hum and what kind of a bike do you have what kind of stationary bike do you useyou think so i bought a stationary bike but i find that if i sit on that seat too long it hurts
stationery	The town also specializes in bookbinding and beautiful stationery and paper products.It's true that if the programs aren't winnowed down, not much changes apart from the stationery.
steak	This is like being asked how you want your steak cooked: Most people take the middle option.one of my favorite restaurants is Steak and Ale now that's a chain sort of a chain restaurant
steamer	Instead of flying down, many people prefer to take the more leisurely steamer from Mumbai.A pleasant way to enjoy the lake is to take a trip on the Victorian steamer Gondola.
steer	The damage is cumulative, and eventually the boat takes on so much water it is impossible to steer."I want mine to include a few well-chosen pans, to steer me away from the overrated and the overpriced.
stereo	Sweet and Lowdown is a "small" comedy--it's monaural, not stereo, and purposefully distant.I have found that when the incoming music is routed through my stereo, I get excellent sound.
stereotype	It may be the last publicly acceptable stereotype in American journalism: the Appalachian.One of the greatest achievements of each is that he destroyed the stereotype about himself.
stereotyped	88 While the shelves were in place, play was highly gender stereotyped.Equally pallid is McNally's stereotyped portrayal of gay people.
stern	In his memoir, however, Stern writes: "I find nothing attractive about the pregnant form.Shock jock Howard Stern successfully transforms himself into a likable American Everyman.
steward	Asano’s clan steward, Oishi Kuranosuke, and forty-seven of his loyal retainers vowed revenge.J. Barrie Shepherd, First Presbyterian)--Would you ask the divine wine steward what goes with rats?
sticky	and um the sticky buns of course would last you know three or four days and that would be itbut um she used to have you know two dozen sticky buns three bread rolls you know every week
sting	When we meet them at a certain distance, we can usually manage to take the sting out of them.Third parties, as the saying goes, are like bees: They sting and then they die.
stocking	Drug stocking and source of drugs were found to differ significantly by type of outlet.There stands a young man wearing a black stocking cap, a navy pea coat, and a grim expression.
stool	Horsinek B. Miedema J. Noseworthy (vet) Dr. Saltpeter Sylvan Stool E. Rump D. Purpura L.J.M. avium was also detected in other clinical samples: urine, stool and sputum (Table 4).
stoop	No more so than when they stoop to cleaning bathrooms for minimum wage, he says.The movie opens with a spaceship depositing an infant Oscar Wilde on the stoop of a Dublin townhouse.
storey	Going via results for the FDR in Storey [ 12 ] (see also [ 13 14 ] ) it is possible to derive the estimateSee also NSC email, Storey to Berger and Clarke, June 24, 1999.
strap	Ninety-four degrees outside I got nothing on but a jock strap, I'm still dying it's so hot.No it didn't have flowers, just the swim caps with the, the strap that hooked all the way under.
strawberry	Making plain a mystery, "is three-flavor ice-cream: strawberry, chocolate and vanilla."In the 1750s, he had begun a project to enlarge Strawberry Hill, his Thames-side villa near London.
streamline	Agencies also took steps to streamline their processes by using a team approach.Organizational Alignment to Streamline Operations and Clarify Accountability
strenuous	The study protocol forbade 'strenuous physical activity' and any prescribed medications.None of them was involved in any type of regular exercise program involving strenuous activity.
stride	Lions sculpted in relief stride along the street’s blue-and- ochre tiled walls towards the Ishtar Gate.In The Crossing McCarthy hits his stride in dialogue in colloquial Mexican Spanish and does himself proud.
strife	The film mixes father-daughter strife and cop romance and the search for a serial killer.Hungarians say that when Mátyás died so did justice, resulting in internal strife.
stripe	Five modules driving individual stripes and stripe pairs have been identified experimentally.Ahab predicts four of them (stripes 1, 5, 6, 7), only the stripe 3+4 element is not recovered.
strive	Indeed, art had to strive to achieve an instantaneity that bypasses laborious storytelling.Investigative reporters strive for truth, but political reporters strive for balance.
stroll	Night owls overcome their hangover with a stroll or boat cruise around the Lac des Sables.As you stroll along its various shopping streets look for significant Islamic monuments.
stubborn	The energies he had previously invested in stubborn rebellion were channeled constructively.What suggestions do you have for disciplining a strong-willed, stubborn child?
stun	Where are the stun pistols and blast rays we were supposed to be using by the year 2000?The ossified state of European telecom monopolies would stun American Webheads.
stunning	In this, too, the stunning simplicity of Tyndale's words caught the public's imagination.A restaurant in the villa of Castillo de las Nubes on a nearby mountain has stunning views.
sturdy	A special place is reserved for the sturdy little bushplanes used to cover the wilderness.but uh he is uh he's pretty sturdy but he's got to learn to get rid of it pretty quick
subjective	Of course, numbers can never resolve the inherently subjective question of cultural health.Intimacy has two aspects--actual size and the subjective perception of size and scale.
submarine	You will also find the ticket office for Atlantis Submarine in the Havensight Mall.Hence the (quite enthralling) cover story on life aboard a nuclear submarine.
submerge	Nautibus, Sub See Explorer, and Atlantis XII all submerge to 50 m (150 ft) to explore the reef eco-system.These attempts to stamp out free thinking suggest what is really going on inside the GOP: an effort to submerge the battle of ideas.
subordinate	For instance, she would prohibit men from having sex with subordinate female co-workers.Indeed, Mullah Omar had executed at least one subordinate who opposed his pro-Bin Ladin policy.
subscribe	but other than that i don't really read i don't i don't really subscribe to anything elseno i i think that's an extremist position and i and i don't really subscribe to it either
subsidize	As it happens, there is another reason to subsidize condoms: Condom use itself is under-rewarded.No one but McLaughlin seemed convinced that Congress will subsidize Viagra for the needy, either.
substitute	A true need exists to compare this mercury substitute thermometer with the mercury device.The company began purchasing this chemical as a drop-in substitute for methylene chloride.
subtract	T value as an arbitrary constant to subtract from all other ΔC T sample values (Table 4).Subtract the shock value, and what you have here is the salon painting of the 1990s.
subway	You mentioned that you were asked to help reduce subway crime in New York during the 1980s.Industrious CW-armed terrorists could kill thousands of New York subway riders in a day.
suffice	and i think uh the thing that makes a lot of noise would would suffice i really doThe given complexity of desires and adaptations that make up the ego suffice.
sufficiency	You are only determining the sufficiency of the reliability of the data for your intended use.The word bait used as a noun meaning sufficiency is given in few language references.
sulfur	TABLE A.- AFFECTED SOURCES AND UNITS IN PHASE I AND THEIR SULFUR DIOXIDE ALLOWANCES (TONS)MEL sorbent consumption for a 4 percent sulfur coal is approximately 17-18 tons per hour.
summarize	Taken together the two Times summarize the to-the-moment budget state of play: IN: the $1.These seven propositions summarize the enduring content of the Reconstruction Amendments.
summon	Before the answer could be given, he had to summon up a variation on the venerable theme--But she can't summon up much curiosity about Owens, who rarely rises above portentously ironic clichés.
sunrise	One of his early pictures, his Impression, Sunrise of 1874, gave the movement its name.It is an almost spiritual experience at sunrise when the sun’s rays break over a silent world.
sunset	Find a spot for a drink at sunset (which has to be one of the most spectacular on earth).At dawn, its color changes from milk to silver to rose-pink, and at sunset it is golden.
sunshine	oh well we're having sunshine i think it's gonna be up in the seventies today soHRC: If I had any voice, I'd break into "You Are the Sunshine of My Life" and dedicate it to Tipper.
superficial	P53 and VEGF immunostaining was similar in GC patients with superficial and deep invasion.In the superficial layers most prominent staining was found at the epithelium surface (#3).
superfluous	I am glad with the gladness of the lover of truth: the man has always been superfluous."i think we can also do a lot to eliminate an awful lot of paper work and superfluous regulation
superiority	The relative superiority of YHL to YOL would probably hold in trials with shorter follow-up.I'm a little uncomfortable with the way the question invites a sense of cultural superiority.
supersonic	Tucker can be trying when the script isn't good, but he's a great foil for Chan--physically gung-ho and with supersonic timing.The advent of jet travel--and supersonic jet travel--has made it possible for them to work virtually simultaneously not just in several cities but on several continents.
superstition	Trained scientists such as myself, however, do not succumb easily to superstition.It's a metaphor for our vainly putting our faith in modern technology instead of centuries-old superstition.
superstitious	Many Japanese are highly superstitious about acquiring second-hand goods, especially clothing.Available only in Size XXL, showing the Birch Society's commitment to big, fat, superstitious guys.
supervise	The law, however, requires that Defense Department officials supervise these procedures.leaders able to evaluate, approve, and supervise the planning and direction of the operation;
suppress	Communist leaders can't decide whether to suppress Li or co-opt him for their own agenda.But that's what happens when you suppress the powerful erotic and aggressive urges of youth.
surge	Newsweek 's says the aging of baby boomers has prompted a surge in research about memory.A piece likens the recent surge in multiple personality disorder to 19 th century hysteria.
surname	Years later, Rotcod became a doctor to realize the unfulfilled potential of his surname.Originally a Yorkshire place and surname, it had mainly masculine associations for centuries.
surpass	So, as computers get faster, they will surpass human capabilities in these limited domains.The "best wines of the new world can match or even surpass the great wines of the old world."
surplus	State and local government net saving has been relatively small, ranging from a surplus ofSo far, the federal government has used surplus funds to reduce its debt held by the public.
surrender	and who refused to surrender to the bullying of Mr. Starr's witchfinder-general"; the U.S.on Late Edition , citing the Serb surrender to the Dayton peace conference as an example.
surroundings	In its Greek form, Judea, it was applied to just Jerusalem and its immediate surroundings.Its Italianate style and restrained proportions ﬁt in exquisitely with its surroundings.
susceptible	and it seems like those countries are so easily susceptible to that kind of thing it justIsolated bacilli were considered susceptible if the inhibition zone was 11 mm or greater.
swamp	Where swamp gives way to dry land, you will see the fascinating, monstrous strangler-figs.From the woods I gathered crab apple, winterberry, and swamp maple that looked promising.
swan	2. cardiovascular instability - invasive hemodynamic monitoring with a Swan Ganz catheter;Don’t miss the graceful, 19th-century statue of Leda and the Swan in the inner courtyard.
swarm	He is nearly blind in the left eye, and he can't stand the mosquitoes that swarm around his hut.A swarm of government enforcers peering over a company's shoulder is a strong incentive for it to behave.
sway	He was a member of the Hohenzollern dynasty that was to hold sway here for over 450 years.But some skeptics disagree that any Internet issues will sway the electorate at large.
sweater	and not so much our pants but you wear a sweater and a short sleeve shirt underneath thatCool means it is pleasantly warm by day, and fresh enough for a sweater in the evening.
swell	As with Social Security, Medicare spending will swell as the elderly population increases.As Columbus announced When he knew he was bounced, “It was swell, Isabel, swell.”
swift	You weren't vamping him, after all, and both of you made a swift effort to end the scene.Speakers called for the president's swift exit but disagreed on how best to approach it.
symmetry	We cannot deduce from the symmetry of the initial state how that symmetry will be broken.Both polymers contain SAM subunits arranged as a left-handed helix with a 6 5 screw symmetry.
sympathize	I can sympathize, therefore, with their rejection of the term Negro as a racist term.I sympathize with both Buchanan and Warren Beatty viscerally, if not ideologically.
symphony	did yeah have you ever been to the to to the Dallas Symphony have you is it are they good80, a hastily written occasional composition with amusing premonitions of Symphony No.
symposium	This is no coincidence, since the Symposium portrays homosexuality as useful and ennobling.Ask any nonclassicist who has read the Symposium , and you will get this basic recollection.
synchronize	In order to synchronize the onset of arthritis, 40 μ g lipopolysaccharide (Sigma) was injected intraperitoneally on day 28.The NYT and the LAT front the agreement between Russia and Belarus to merge their currencies, synchronize trade, and relax political barriers.
synthesis	5-methyl dCTP was used during first-strand cDNA synthesis to protect internal Xho I sites.RT-PCR was performed using the RETROscript first strand synthesis kit for RT-PCR (Ambion).
synthetic	Fentanyl is a synthetic opioid ligand belonging to the phenylpiperidine family of ligands.For the completely synthetic data shown in Figure 1a,1bthe signal-to-noise ratios are 14.
tablet	For example, one tablet of Malaratab (the most popular AQ) ranged from $.07 to $.21.One hour after taking his fifth mefloquine tablet he experienced acute amnesia lasting approximately one hour.
taboo	Impeachment, once taboo, now seems like a legitimate weapon, a way to settle the score.The system of taboo (kapu) gave society its laws and the people a complex moral code.
tailor	And, second, can we tailor these “nanoscale assembly lines” to perform new and unique tasks?At the very least, they say, schools are forced to tailor curricula to the test.
tame	The babes with radar for difficult men have the idea that they can "fix" a guy or tame him.The birds in this Old San Juan park are almost tame and are sure to feed from the hand.
tan	I mean, they could have gone with the fashionably neutral colors--white, gray, maybe tan.Wolf had the guts to support the vice president's shift to brown, olive-green, and tan shades.
tangle	Yet Don't bite the man that feeds you makes satisfactory sense; so does It takes two to tangle .The title of The Bounty , Walcott's first book of poems since Omeros , is a tangle of associations.
tanker	NEADS controllers were simultaneously working with a tanker to relocate close to the Otis fighters.The October 6, 2002, bombing of the French tanker Limburg in the Gulf of Aden also was Nashiri's handiwork.
tar	The TAR has a point mutation at (C37 -> T), which no longer responds (efficiently) to Tat.Figure 1summarizes the results of radial TAR cloning of the transgene with those vectors.
tariff	Up until the mid-1960s, presidents negotiated many bilateral tariff reductions, attracting little attention.In the 1890s, Mugwumps such as Godkin crusaded for free trade and against tariff protection for corrupt manufacturers.
tease	Sophisticated research is required to tease apart the complex interactions between these variables.These may seem like imponderables, but we can tease out a few differences.
technician	22, 2003); NEADS audio file, Identification Technician position, recorder 1, channel 7, 9:41.NEADS audio file, Identification Technician position, recorder 1, channel 4, 10:02:22.
tedious	As for The Hand , by California neurologist Frank R. Wilson, even the epigraphs are tedious.When I worked at Late Night (oh, no, not another of his tedious stories about the old days!)
telegram	Spelwire and wire-spel for telegraph and telegram have already been suggested by the late Rev.That telegram is omitted from the script, which has Schultz dying immediately after being shot.
telegraph	The invention of the telegraph reduced communication time from five days to five minutes.In the North, the Protestant Belfast Telegraph said that "the mere fact of his presence ...
temper	The heat is year-round (average 25º C/77º F), but so are the trade winds that temper it.That might begin to cure, or at least temper, his wicked and dangerous sense of entitlement.
temperament	Burne-Jones hated it no less, but there's little of the social critic in his temperament.Already isolated by temperament, he seems more vulnerable than a conventionally nice martyr.
temperamental	Other distinctions visible today point up temperamental differences between the two men.Do Picasso's "blue period" paintings really strike one as "hot" and "temperamental"?
tempo	okay they're progressive in that it's just the same up beat tempo type or instruments they useBut, in fact, they're quite pliable, lending themselves to dramatic shifts in tempo and voicing.
temptation	I think he's more likely to be caught by that kind of temptation than by a hunger for power.We don't have to resist temptation nearly as often as employees of traditional media companies.
tense	Her partner looked past tense, indeed, completely overwrought, and gratefully stood aside.Bob Barr, R-Ga., is the id of the Republican Congress, the rage beneath its tense smiles.
tentative	It will require most of this book to unfold the implications of this tentative definition.The column reports that a tentative settlement between Nicks and the feds is in the works.
terminate	so if you terminate him that's a loss of value so you know if you weight everyone equallyAt the occurrence of a component with nonsignificant F-statistics, we terminate the selection.
terrify	but a lot of kids i mean if a child has uh claustrophobia i mean that's just going to terrify him you know andMay such terror terrify those in thrall to earthly error, for the horror of these images tells what awaits them. ”
textile	39 Textile mills at their outset often provided the principal employment in the locality.Currently, no more than approximately 35 percent of textile shipments are for apparel items.
theological	It was also a war understood by many, Lincoln included, to have theological significance.Or they may skew theological, and ask if there's a God and what exactly he's got on his mind.
thereafter	British and Israeli agents independently became aware of his presence shortly thereafter.Primary cultures were passaged when 40% confluent and maintained in GEC media thereafter.
thermal	Dispatched to do a thermal analysis, a general reports, "The thermal analyzers have jammed."because it will only take a minute to print one of those out and then run a thermal copy of it
thermometer	A true need exists to compare this mercury substitute thermometer with the mercury device.An ambient temperature thermometer with NIST traceable certificate of compliance was also used.
thirst	An essay says Washington's thirst for impeachment stems partly from a yen for parliamentary politics.Meticulous oral, nasal, and conjunctival hygiene help to allay concerns overt patient thirst [ 84 ] .
thorn	Its sculptures include a flute-playing maiden and a small nymph pulling a thorn from her foot.Thorn and wynn are borrowings from the Runic alphabet, once widely used in England and Scandinavia.
thorough	The 24-part series, a pet project of Ted Turner, is evenhanded, thorough, and captivating.H: "Oh, our expert veterinary staff will of course be on available to you for a thorough
thoughtful	(Disclosure: Today's Papers was once--it likes to think--one of those thoughtful voices.)On the left you will find a bronze statue of David Hume, depicted in calm, thoughtful pose.
thread	The L5 and L6 spinal nerves were tightly ligated by a square knot with 6-0 silk thread.but i had the wrong side out i didn't know there was a right and wrong side the thread worked
threshold	Changes in expression above a certain fold-change threshold are deemed to be significant.P -values according to several different methods: (i) The normal P < 0.05 threshold (i.e.
thrift	I pulled my ultra-cool thrift store fedoraDown low over my eyes & just kept on walkingThis thrift of tongues sometimes gets sabras into trouble when they venture abroad.
thrifty	They have rooms and houses to fit many tastes and budgets, from the lavish to the thrifty.And the American left's infatuation with thrifty socialized medicine is made possible by their never having to deal with it.
thrill	Don't mind telling you, In my humble fash, That you thrill me through With a tender pash.The cover story claims that Americans have embarked on "a national orgy of thrill seeking."
thrive	Those that adapt and change (and yes, get “corrupted” once in a while) survive and thrive."Stock Hucksters Thrive on the Web," said the front page of the New York Times yesterday.
throne	France seized the chance to install the young grandson of Louis XIV on the Spanish throne.Philip finally gained the Spanish throne under the terms of the Treaty of Utrecht in 1713.
thrust	The assault was a failure, but it thrust into the limelight its young leader, Fidel Castro."Otherwise, the thrust to Pristina will have been a spectacular but ineffective action."
thunder	But The Heiress , for all its un-Jamesian blood and thunder, remains the truer adaptation.“That thunder is way up in the sky, far away,” Deb explains, pointing o in the distance.
tick	2 million Americans reported having used an illegal drug during the previous year, up a tick from 11.yeah i yeah my my very favorite one that the top of the tick for me is uh Excalibur i i loved that film um
tidy	They are kept neat and tidy, with water-sports facilities and areas for changing and showering.But if the writing is tidy, it's never glib--it has too much texture for glibness.
tiger	Here you can see tiger moths clinging to the leaves of trees, sometimes in vast numbers.Tiger Woods won the Masters golf tournament and was anointed a Transcendent Sports Phenomenon.
tilt	To confirm the proper viewing angle, tilt series and stereo imaging were utilized.The whole idea is to produce a pelvic tilt for better access to the G spot.
timely	gun control seems to be a rather um timely topic with all that's going on legislation wiseIt is also recommended that the report be made available to the public in a timely manner.
timid	Bradley has played along, calling Gore "timid" and associating him with "entrenched power."And I once heard a Segovian graduate of Salamanca University say Venga to a small, timid dog.
tiresome	We thereby avoid the tiresome issue of whether anything improper actually has occurred.It is a clinical document, an anthology of unexamined prejudices, a tiresome Manhattan whine."
toast	so it wasn't too bad it really wasn't but i was more in the mood for French toast anyway so1919: Congress Votes for Prohibition, Celebrates With First Toast in Congressional Speakeasy
token	(The movie would have been more fun, though, if DiPego had left in a token telepathic ape.Just lift the token on your enclosed membership invitation from the top right of the page.
tolerance	In fact, Americans seem to possess a tolerance and perhaps even a relish for gobbledygook.Popular attitudes even go beyond tolerance for the intrusion into our personal identities.
tolerant	("At the same time, we may all become more tolerant if everyone's flaws are more visible."They were glucose tolerant (fasting plasma glucose < 6.1 mM, interval plasma glucose < 11.
toll	"Express lanes at highway toll plazas for those who know Jesus as their personal savior."The U.S. doesn't dispute the death toll but dismisses the shootdown claim as groundless.
tomb	The Shrine, completed in 1953, is also the tomb of the Bab, the forerunner of Baha’u’llah.The third tomb, which belongs to the Bene Hezir, is the only one to have been authenticated.
torch	But the torch does not emit a flame: instead a surprising little llama stands on its tip.A year ago she wore an orange jumpsuit and brandished a torch, now she wears a look of remorse.
torment	His piercing blue eyes signal anger or torment while his manner stays glassy and querulous.saluggi (spelled in various other ways as well) a game intended to torment its victim
torrent	James Hewitt, received an astonishing torrent of abuse from the British tabloid press.Watch for Pagla Jhora, the Mad Torrent, just after Gladstone’s Rock (shaped like the statesman’s head).
torture	Who needs some gloomy Gus who harangues you about torture, rape, and murder all the time?No one else would criticize him for caving to torture--why did he beat himself up about it?
tow	If you dive or snorkel any distance from the shore, you are legally required to tow a marker buoy.One hears expressions like le snack bar, chequer (instead of verifier ), and un towing a tow truck.
tractor	I was out there and my dad said I could drive the tractor while we were waiting on dinner.Another thing, uh, that I learned to, how to do very early on was drive a tractor.
trademark	Celluloid remained a trademark much longer, though it too has now become a generic term.If you stop selling a product for two or more years, you may lose the right to its trademark.
traitor	"I would do the same thing again," she said, as people outside her house shouted "Traitor!"My, my, how you have fallen down, you euro-communist, you revisionist traitor.
tram	He probably didn’t expect to be run over by a tram while working feverishly on it, either.If you leave the park and walk up Cotton Tree Drive, you will find the Peak Tram terminal.
tramp	The director, John Avildsen, keeps Stallone small in the frame, as dwarfed by his desolate environment as Chaplin's Little Tramp.Of unknown origin, doxy is variously the low term for sweetheart or mistress, female tramp or beggar, plaything or paramour [toy boy?], even a baby.
transcend	It is hardly necessary to add that syllothetics possesses the capacity to transcend logic.Marvelous as these actors are, they never transcend the limited conception of their roles.
transcendent	Tiger Woods won the Masters golf tournament and was anointed a Transcendent Sports Phenomenon.OK, so the universe had a beginning, and hence a First Cause, which is, moreover, transcendent.
transcendental	Music may have a more transcendental, spiritual quality.Wilson makes the case that human morality is "empirical" law that evolved biologically, not "transcendental" law that exists separate from human history.
transient	However, we observed a transient 400-nm absorbance increase at an elevated pH of 9.5 (fig.The resulting β-galactosidase activity was used to normalize transient transfection results.
transistor	you know the T I came out with the with the transistor they didn't make beans off of itAnd falling asleep to baseball games that I listened to on a transistor radio I smuggled to bed.
transmit	Rats do host fleas, which can transmit typhus, typhoid fever, plague, and other diseases.In brief, participating hospitals transmit electronic files to the DOHMH seven days per week.
transparent	Appending the coloring to the underlying data can allow transparent annotation by color.Most people would agree that in a well-run democracy, political power ought to be transparent.
transplant	After all, the Post notes, the U.S. suffers from an acute shortage of organs for transplant.When he was fired, Turner's son lost his insurance and his place in line for the transplant.
treason	A Turkish court found him guilty of treason for waging a bloody drive for Kurdish self-rule.Of the 76 doges portrayed here, one is blackened out, Marino Faliero, beheaded for treason in 1355.
trench	Although we associate trench warfare with World War I, trenches were characteristic also of the Civil War.One compares Flytrap to World War I trench battles: "No one is getting overrun, but steady progress is being made."
triangle	For a good look at Downtown’s architecture, go to the green triangle of Post Office Square.It does indeed have virtuosic moments, but the central love triangle is entirely inert.
trifle	Director/co-writer Nora Ephron's pleasant trifle works because Tom Hanks and Meg Ryan star in it.lang's great quality is that she can pull off even the most anachronistic trifle without patronizing it.
trim	3. Keep your eye on the screen at all times, even when you are trying to trim a child's toenails.And, if the inflation-adjustment rules are changed, that will raise taxes as well as trim spending.
triple	Some meat producers in Sweden do, but their meat is double or even triple the usual price.The double and triple mutants had stronger phenotypes than the single mutants (Figure 2).
trivial	The economics articles, while a good idea, have proven fairly trivial and even pedestrian.Trivia allows the junkie to master a small (by definition trivial) corner of the universe.
trolley	She had neighbors and a church close by and the trolley stopped not far from her home.Leave the car behind and experience being crushed by fans in a trolley on the MBTA Green Line to Kenmore.
tropic	and i remember hearing an interview with uh who was it the man who invented Hawaiian Tropic
troublesome	More troublesome is the CIA's unprecedented role as purveyor of the official government line.Such children as there are grow troublesome during the '60s, when they rebel against tradition.
troupe	In summer the whole troupe moves to Alexandria to escape the heat and humidity of the capital.Strauss is a generational historian and co-founder and director of the , a political satire troupe.
trumpet	You said that you remembered the story of Trumpet the Dog and your cousins reading to you.most of the trumpet music's um um Baroque and um um um Romantic Baroque and Romantic
tub	All 15 of us have been invited to a picnic/hot tub grand opening party, to use her words.We feel pressured to attend and partake in the nude socializing in and outside the tub.
tug	Bog iron has found its way into the dictionary (viz. Webster ), and so, too, should tug .Hence it comes as no surprise to find in the town of Exeter a lowland called Tug Hollow .
tuition	College tuition is rising two to three times faster than inflation, another piece reports.HOPE scholarship tax credits for tuition payments for the first 2 years of college $4,210
tumble	Our successes and failures trickle, tumble, and torrentially build the future of our biosphere.Science, technology, and art tumble into the adjacent possible in roughly equal and yoked pace.
turbine	The OH-58D Helicopter is equipped with a Model 250 485kW turbine engine from Rolls-Royce.0.56 lb/MWh (15 ppm at 15 percent oxygen), if the unit is a simple cyclecombustion turbine;
turbulent	The strategic importance of its location has given rise to a long and turbulent history.The turbulent twenties gave Berlin a special place in the world’s popular imagination.
twinkle	The owlish Bannen can twinkle without looking dear--there's something saturnine in that face.“Twinkle Twinkle Little Star” sung by a North Indian could have the le in twinkle pronounced “lay.”
typewriter	i typed his Master's papers and things on a typewriter oh boy to have a computer back thensure yeah any more i don't even know if they have if a college kid would have a typewriter
typhoon	Her fervent Republican followers would go to the polls in a typhoon.Chinese has made many contributions to English, among them typhoon, sampan, taipan, tea, silk, tong, Shanghai as a verb, and tofu .
typist	uh you look at uh Frito Lay my wife used to work for Frito Lay as a typist you know transcribing stuff into the computerOf course, not every typographical error should be ascribed to a hidden unconscious motive on the part of the typesetter (or typist).
ultraviolet	After the run, the gel was stained with ethidium bromide, and photographed under ultraviolet illumination.Following transfer, RNA was cross-linked to the membrane by ultraviolet irradiation for 1 min and stored at 4°C.
unanimous	With the Senate shading toward a unanimous impeachment, in August 1974, the president resigned.unless i guess if you request one you can but i think yeah making it unanimous sometimes might um
underestimate	Critics worry that the kids underestimate the importance of blue-chip college credentials.38 One reason for this mistaken notion is that most Americans dramatically underestimate
undergraduate	President Routh, we read, advised an undergraduate, “Always verify your references, sir!”As an undergraduate in the early '80s, he became the College Republicans' master strategist.
underlie	I tried hard to give him insight into the concepts that underlie addition and subtraction.(Incidence studies can suggest risk factors that may underlie variations in the disease.
underline	These observations underline the need for meticulous quality control during the production of cRNA samples and accurate quantitation of the resulting material.We have to underline, however, that the conclusions drawn on the right ventricular oxygen supply/demand ratio in the two loading conditions are mainly speculative.
underneath	everything all over the place and he had tried to dig his way out from underneath the doorSo, I have my sister's kid here and I'm going to kill him underneath this vehicle shortly.
undesirable	Other toys should not be given to children because they encourage undesirable play behaviors.Courts consider it undesirable for someone to control property or land for hundreds of years after his death.
undo	And they can't undo whatever quick-tongued network-TV guests like Bill Kristol say in 10 seconds.1) If the political chasm is legitimate, and as wide as you describe, yes, undo from the girlfriend.
uneasy	Since you raise the question, you obviously feel uneasy about your frivolous use of the Web.But Beatty has always been, in the words of film critic David Thomson, "a very uneasy actor."
unfold	It will require most of this book to unfold the implications of this tentative definition.To see the day unfold at the Ghats, you must rise before dawn to join the pilgrims.
unify	An effective design review process helps to unify and align all Design Review Processes?"They don't want to give us any chance to recover and distract from the Starr report and unify us.
unload	and then they say well if we unload them then how are we gonna have time to load themI don't want to unload on her if her behavior is normal, but I have my doubts.
upgrade	Prudie heartily approves of your suggestions for the relationship upgrade nomenclature.Additionally, there is a tremendous need to upgrade the technological infrastructure of the school.
uphold	To uphold that image, magazine editors need to circulate at the top of New York society.Five justices voted to uphold the 1869 Act granting a monopoly to the Crescent City Company.
upright	Reagan's Alzheimer's shows in his slightly vacant expression but not in his upright, presidential bearing.Patients who are not able to be upright do not get light-headed or dizzy.
uproar	The media have been in an uproar this month over the latest putative outbreak of creationism.On the air, he encouraged police to shoot at rioters during the uproar in Los Angeles.
upward	As a result, some manic Beanie speculators value their collections at upward of $100,000.Now, as we gain weight and push our setpoints upward, we are reprogrammed to eat even more.
usage	("Putz" is a Yiddish insult that literally means "penis" but in common usage means "fool."(None of the above, incidentally, has any bearing on Lee's usage of the word "bumfuzzled."
utmost	As for me, I do my utmost to avoid language that may offend people, including men.As a result, even infinitesimal details are treated with the utmost seriousness.
utter	"I have imprisoned the most utter violence in every inch of their surface," he claimed.The president has yet to utter a truly memorable line (if you don't count "I didn't inhale").
vacant	Meanwhile, a four-member McKinsey "engagement team" set up shop in a vacant law school office.all around these vacant buildings there's a lot of vacant buildings and they're just being demolished
vacuum	When the vacuum pump comes on, five pounds of force per square foot push down on the fabric.yeah well uh Craftsman put out a uh leaf vacuum a few years back craftsman Sears and Roebuck
vain	[T]he historian warms to this vain, chippy, wild-eyed, paranoid, and fiercely patriotic seer.3) Loral's lawyers tried in vain to block the transmission just after it had occurred.
valve	To circumvent this problem, we added a stopcock valve to allow for reagent injection (Fig.USAT says that 92 of the 291 patients in the group evaluated exhibited the valve problems.
vanity	Vanity in young girls is checked by, Nobody will stop their horse galloping to look at you.Since moving to Los Angeles, I've noticed that about every tenth car has a vanity plate.
vapour	] borrowing esprit d'escalier estuary, an arm of the sea; a only to translate it into the vapour bath.There is a cloud as far as he can perceive, and he supposes it will be charged with thicker vapour the longer it continues.
vase	Balusters—little columns—can have a single or a double swelling curve, or a vase shape.His simple gravestone is decorated daily with a small vase of fresh flowers.
vegetarian	A creative mix of international and local cuisine that includes a good vegetarian selection.i i was about to say i didn't think so but most of the most of the the vegetarian Indian meals
vegetation	As at Garda, a mild climate nurtures luxuriant vegetation in the villa gardens and parks.It is wild and windswept, and its limited vegetation a far cry from the lush green interior.
veil	Oh, by the way, I happily and quite comfortably wear my veil when I go shopping downtown.This quasimodern Islamic "veil" makes a self-conscious religious point in a secular society.
velocity	The displacement was maintained for 3 seconds after the completion of the velocity ramp.the sheer velocity of a style that allowed no room for refinement and contemplation."
velvet	Perhaps, I thought, the army yielded power harshly while wielding a no-iron velvet fist?are the dashboard statuettes and the black velvet portraits," says Time 's Walter Kirn.
verb	The Pidgin word tok by itself means “talk” and its synonyms, in both verb and noun forms.The word piñata derives from the verb apiñar, which means to cram, tie, or join together.
verge	I am on the verge of suggesting another restaurant, lest I "collide" with the other man.You may also be right that Meadow is on the verge of becoming the next great female character.
verify	Further studies are needed to verify the Ca 2+-binding ability of these putative EF-hands.A set of Bam HI, Eco RI and Hind III digests was used to verify the assembly of 618 BACs.
versatile	Hancock, a favored pianist in Blue Note's stable, was the most versatile of keyboardists.The examples mentioned here illustrate the versatile potential of thiol modifications.
vest	Here it's Bono (a bland Jay Underwood), dressed in a fur vest, plucking out "I Got You, Babe."“Laugh that off,” said the fat man's wife, as she sewed his vest button on with wire.
veto	Democrats gloated over the findings, and President Clinton threatened to veto the measure.The Washington Post leads with yet another use by President Clinton of the line-item veto.
vibrate	Most notably, string theory posits a background space-time in which strings and M-branes vibrate.Christian Soldiers Inc. "Baby Jesus" is the Nativity set that children can play with--Yes, but does he vibrate when he speaks?
vice	' There is no way around it," said American Cancer Society Vice President Steve Dickinson.Keene, N.H., Sept. 14, Mayor Pat Russell endorsed Vice President Gore for president today.
vicinity	At least eight residues form a spatial cluster in the vicinity of the conserved arginines.Subjects were recruited in the vicinity of New York Hospital via newspaper advertisement.
vicious	The Sex Pistols' Sid Vicious recorded "My Way," a bizarre combination of homage and scorn.He supplies the requisite glut of cockroaches and the necessary quota of vicious guards.
viewpoint	Thus, from a therapeutic viewpoint, this permeability limitation is probably not important.From a public health viewpoint, it is vital to identify those influences that are modifiable.
vigor	Yet his parents regarded his emotional intensity as a sign of inner strength and vigor.Inbred variety seed can be saved from year to year without noticeable loss of vigor.
vigorous	Calcutta became the center of a vigorous free press and the intellectual capital of India.Anti-Giuliani sentiment was particularly vigorous among Hispanic and African-American gays.
vinegar	pour you know put that stuff over fresh pork chops and if you've got balsamic vinegar thereuh-huh um-hum yeah um what is it about the uh the vinegar that uh makes the crust better
violet	About noon, a frenzied mob of Glandelinians came swarming for the prison of Violet and her sisters.Although it seems to them that they would die of horror, [Violet and her sisters] thought it best to obey.
violin	well actually i play i play the violin in in a string quartet that often plays at weddingsThe millionaire's daughter doesn't yearn for the violin virtuoso; she wants the rocker.
virtuosity	But like a docent at his own retrospective, he's ever insistent that we notice that virtuosity.Without that final flourish of virtuosity, the shtick would have been just weird.
visa	As a French national who had overstayed his visa, Moussaoui could be detained immediately.I am not a lawyer but I can understand why Visa won't accept tax payments by credit card.
vivid	Or are all these vivid specters really just idle speculations that will never come to pass?The absence of any reinforcing visual actually makes the simple message all the more vivid.
vocabulary	(3): HEADWORD (4): a headword with its definition or identification (5): VOCABULARY ENTRY”Expressions and vocabulary used by Chicanos today come from the pachuco argot of the 1940s.
vocation	A "binge reader," he makes it his hidden vocation to amass clues to the secret of anorexia.She asks Merle, her Maltese, "Why must man's vocation always be to distinguish himself from animals?
void	The DPs, who have inoculated themselves by attacking the president, have filled that void.To strike the restriction on welfare benefits suits is to void §504(a)(16) altogether.
volcano	Brian and Lisha Crawford are the kings of bed & breakfast accommodations in the Volcano area.Scientists found three 500-year-old Inca mummies on top of a volcano in Argentina.
volleyball	i haven't worked out in quite awhile i play volleyball i guess that's good enough workoutHard bodies dance toward the volleyball net: "Jooky is fun and fruity"--it "make you really kooky."
volt	Inside, it’s one thing to remember what your teacher told you about static electricity, and quite another to touch (without risk) the Centre’s 500,000-volt sphere and see your hair stand on end.Next there are the semilegit crossovers between country and rock or folk--Wilco, the Old 97's, Son Volt, Iris DeMent--who adorn themselves in the trappings of country but use a studied, shambling rawness to appeal to rock fans.
voltage	Two-electrode voltage clamp recordings were performed at room temperature with electrodes (0.The voltage dependence of ΔF/Fo measured at the peak of the transient is shown in Fig.
vowel	\/); in others, it is reduced to coloring the preceding vowel or diphthong ( card /kä\?I realized eventually that the W is the Welsh vowel and that FWY should be pronounced PHOOey.
voyage	But now, if the voyage goes ahead at all, the ship will sail only to Halifax, Nova Scotia.The site makes a weak attempt to enlist new members for the voyage to the Kingdom of Heaven.
vulgar	In it he refers to the 1785 edition of Captain Francis Grose's Dictionary of the Vulgar Tongue .Maledicta is instructive, funny, gross, informative, vulgar, impolite, and sometimes well written.
waiter	(Waiter to diners: "Might I suggest the most expensive wine and the most expensive dinner."How often should one thank a waiter for service rendered during the course of a meal?
waitress	The waitress, who spoke a little English, recommended a dish which happened to be in season.a waitress wailed as one camera crew dragged its cable over a tray of cheeseburger.
waken	i've seen uh you know Apocalypse Now and um uh what was the one with um Christopher Waken and um
wallet	Those new 20s in your wallet with the Andrew Jackson watermark are Crane & Co.'s handiwork.Then we would laugh and laugh and laugh, until he passed out, and I would steal his wallet."
wardrobe	but it is this strange feeling to really realize that i really don't need a large wardrobeCuyler, send your order in quickly, for she appears to be in sad need of a wardrobe.
warfare	The peninsula is best known, however, for its bloody role in clandestine political warfare.In the words of Heritage's president, Ed Feulner, "We conduct warfare in the battle of ideas."
warrant	He believed that there was sufficient probable cause for a criminal warrant at that time.Notwithstanding, I should not think it common enough to warrant occupying space in this book.
waterfall	One is an easy, flat, and short (about 30 minutes roundtrip) trip to the Risco waterfall.The 96-m (315-ft) Kegon-no-taki at the south end is the country’s most famous waterfall.
waterproof	A waterproof suit under his uniform holds in the embalming fluid.With the price of the ticket, you borrow some protective clothing, but nothing is totally waterproof against Niagara.
watt	That, and replacing all the hall lighting with 40-watt bulbs and MIRV missiles?The open surface of the microcosm was placed approximately 50 cm from the 15-watt mercury vapor light source.
wax	"Let's laugh, if we want to, or let's wax indignant; but let us not forget to understand."They play host to terrorist groups, yet wax indignant when terrorists hijack an aircraft."
weary	Reviewers claim to be weary of Northern Ireland political dramas but admire this one anyway.Gore dispensed with the vocalized sighs and weary head-shakings of the Meet the Press debate.
weave	Bush isn't the first guy to dodge and weave around awkward questions from reporters.Oh what a tangled web we weave when first we fib to act out against old boyfriends.
wedge	This drives a wedge between communitarian and rights-based liberals, isolating NOW from its usual allies.Any one of the following: pulmonary artery pressure > 40 systolic, wedge pressure > 18, cardiac index < 2.
weed	(Now that he's leaving, the full drama can be revealed: It's actually Alonzo Rogers Weed.)' " Weed shares Kennedy's tart views about his relatives' relations with the baby sitter.
weekday	On a typical weekday, 15,000 people (one tenth of Guam's population) visit the store.I must hate my job because I dread getting up every weekday morning.
weep	(In the privacy of night, I still weep for Che Guevara and the IWW.)If you watch the action closely, you can learn a lot about Indian people by what makes them cheer, laugh, or weep.
weld	Perversely, Weld lost the ideology/competence battle by winning the drugs/morality battle.Unlike Forbes and Perot, Weld never seems to be straining to garner the public's approval.
whatsoever	at at the point i don't think there was any kind of uh you know gravity control whatsoeverIf the proposal fails, thereby sparing Clinton any penalty whatsoever, so much the better.
whichever	It is tempting to apply this analysis only to whichever side you happen to disagree with.Whichever is true, the YS Falls make a beautiful attraction for an hour or a whole day of fun.
whirl	The current whirl of diplomatic activity calls for especial vigilance on the West's part."Another plug: If you haven't tried our Web linking game, "Six Degrees of Francis Bacon," give it a whirl.
whistle	They have a spout-like whistle, and rather phallic versions are grounded in fertility lore.’ [The policeman held up his hand and blew his whistle and the driver then stopped the car.
whitewash	One prominent critic called the story a "whitewash."Lorenz's thesis was greeted with accusations about attempts to whitewash human atrocities, all the more so given the Nobel Prize winner's native tongue, which was German.
wholesome	The atmosphere is supportive, even wholesome, until Anderson finally stirs in some sicko stuff.but it is a good healthy wholesome lifestyle and uh anything can be warped
wicked	for for doing all these wicked things you know but the government does it and it's all rightThat might begin to cure, or at least temper, his wicked and dangerous sense of entitlement.
width	The Shoden itself is just 6 m (20 ft) high, a little less in width, and 10 m (33 ft) long.To test this hypothesis, a pass of MEME was performed with a fixed width of 5 nucleotides.
wink	He refused to wink at the audience so as to let them know that his nonsense was a put-on.4. Rub the customer on the thigh and wink when asking, "Anything else?"
wit	According to Time 's Richard Schickel, "The main things lost in the hubbub are wit and logic."Another drawing given to Cavalieri takes Michelangelo's transforming wit to a whole new level.
witch	Is it that we're supposed to think the movie was made by the people who made Blair Witch ?--Floyd "My News Quiz Responses Cost Way Less To Make Than The Blair Witch Project " Elliot
withhold	Should the TAS withhold medical technology from the TPS to preserve their balanced ecosystem?The bill would withhold this particular piece of poetic license from everybody but ...
withstand	The first theory is flexible enough to withstand fossil evidence, but the second isn't.Newspapers' spin: They'll never get that far , since gun-makers can't withstand the federal onslaught.
worm	Particularly important in this regard is that some wellstudied organisms (notably the wormSkorping et al [ 24 ] showed a positive correlation between worm biomass and egg output.
worse	i had uh Mazda RX seven before that and that was the worse car i've ever driven in my lifei think it's going to have to get worse before it gets better you know the same old cliche
worship	Icons lie at the heart of Byzantine or Orthodox worship and they form a focus for prayer.Tinos is a surprise because it is a center of Roman Catholic worship in an Orthodox land.
worst	Arnold proudly described the pair as: "America's worst nightmare--white trash with money."In the beginning, he was dismissed as a crackpot--at best an eccentric, at worst a threat.
worthy	Kennedy's worthy democratic instincts inspired him to use entertainment to teach politics.Retiring MPAA head Jack Valenti thinks the former president would make a worthy successor.
wreath	Hoge: A wreath on the casket had a "white card stuck in it with the word 'Mummy' written on it."Do we want him laying the wreath at the Tomb of the Unknown Soldier, comforting our mourners, saluting our heroes?
wreck	and hey i know at times when he's had emergency problems we're just a nervous wreckThe last part diminishes the movie, but not enough to wreck it: It's still an amazing piece of work.
wrench	you know you go in there with a wrench and you know oh golly it's not a metric it's a standardbut when one tried to lift the other one up with a pipe wrench i decided that wasn't funny anymore
wretched	It's true that in The Hunchback of Notre Dame Disney has done a wretched job, though.His books are still, astonishingly, best sellers (even his wretched new ones).
wrinkle	And eye jobs, tummy tucks, tooth whitening, wrinkle removal, and other cosmetic procedures.The friction between the second ply and the first can create a wrinkle in the first ply.
xerox	Xerox persists because unregulated use by others may cause a trademark to be deemed abandoned.Patricia M. Wallington Vice President & Chief Information Officer Xerox Corporation
yawn	Can't bend, can't yawn, can't make a face Without my nostril-wad of Kleenex reddening.But you could use a bloodhound's tail as a jump rope and the worst you'd get is a fierce yawn.
yearly	For the Ancient Egyptians, Aswan was the place where the yearly flood of the Nile began.right uh we used to have American Express and uh Visa that of course there's a yearly fee on
zeal	b) Has pursued investigation into Clinton's private life with more zeal than seems appropriate.with a religiouslike zeal, denouncing all doubters as either heretics or ill-educated bumpkins."
zebra	But the right wing says 'No, no, we'll paint stripes on it and call it a zebra.I asked him which animals we saw at the zoo, and he mentioned girae and zebra.
zigzag	The oncoming zigzag crows, swarming like the black choppers in Apocalypse Now , are for Schapiro "figures of death."There’s a fine view from the top of the zigzag staircase.
zinc	856 nm is the most intense for zinc and was used to determine the Zn content in the samples.The files are entitled 'EtOH.txt', 'SwiSnfMin.txt'and 'SwiSnfRich.txt', and 'Zinc.txt'.
zip	This would happen if two routes from the same 5-Digit ZIP Code were in separate quartiles.Suppose mailers can sort addresses on a computer and then print them in ZIP Code order.
zoom	Each of these books seemed to zoom us straight back in time to all the anger of that era.Apollo allows the view to be scaled using zoom buttons that magnify by 10×, 2×, 0.5×, and 0.1×.
