# OANC GrAF | sha256 5a26559a1becba41a527cb674fff4fb9c4fb70b276f60422c4f07a0ef23fd867 | pack cet4 | entries 1118
abnormal	Her mother reported fatigue and was also noted to have an abnormal skeletal muscle biopsy.The abnormal factor V that causes APC resistance was subsequently termed factor V Leiden.
aboard	was the occasion of larger gatherings, several of them aboard a chartered Circle Line boat."Life aboard ship is tough; no wonder Navy recruiters have trouble meeting their staffing goals.
abundant	Life is so abundant that in some places all the oxygen in the water is completely used up.Twenty-six transcripts were comparatively abundant only in leaf blades (Figure 2, node a).
accelerate	However, PN-1 application did accelerate the biochemical differentiation of the axons.Later, new managerial and tactical innovations seemed to accelerate declines in crime.
acceleration	Consider Isaac Newton and his famous F = MA, force is equal to mass times acceleration.One of the most successful programs is the Change Acceleration Process (CAP) workshop.
accessory	It is not enough to specify that certain data and accessory information be provided.One possibility is that they could provide the binding sites for accessory proteins.
accidental	The Accidental Asian , by Slate Contributor Eric Liu, has been published by Random House.So maybe there is an accidental, pleiotropic connection between madness and mathematics.
accord	We're probably more in accord on Africana than not, but I think you were too easy on Gates.Accord yes and uh so the the things that personally if i ever if i had to buy another car uh
accordance	generally publicized in the Commerce Business Daily in accordance with federal regulations.the owner or operator offsets the excess emissions in accordance with paragraph (b)(1); and
accumulate	and apartments you can't accumulate a whole lot because you just don't have room to put itOur finding that hyperneddylated Pcu3p and Pcu1p accumulate in all csn mutants tested (Fig.
accustom	so that's probably you know the best thing i can think of the the bad thing is you get accustom to themit doesn't um accustom your your legs to the kind of strength that you have like when you're running for a long time they they tend to tighten up whenever you whenever you have to do something at a at a great length of time
accustomed	Today's TV parents are wisdom figures, not the adult buffoons we have grown accustomed to.Tae kwon do emphasizes sparring and gets students accustomed to dealing with an assault.
ache	And just looking at the coal dust in the air made my lungs ache and an old cough come back.I had the swirl and ache From sprays of honeysuckleThat when they're gathered shakeDew on the knuckle.
acquaintance	An Austrian lady of my acquaintance was interned in Yorkshire during the Second World War.Why then do you let someone who has not the barest acquaintance with economics spout nonsense?
adhere	The programs will need to adhere to the general XML structure described in this paper.Cells were seeded onto the coated wells and allowed to adhere for 30 min at 37°C.
adjective	When the term appears in the other opinions, it is always as the adjective “national.”We all thought she was looking for him at least; certainly not for a mere predicate adjective.
adverb	In the last two examples an adjective switches to an adverb.Although it is standard to use the adverb directly for right away, it is not used as much now in American English as formerly.
advisable	It is not advisable to swim within 8 km (5 miles) of the city center because of pollution.As great as the views are, on a crowded day it may be advisable to turn off after 2.5 km (1.
aeroplane	4. He said at a World Wildlife Fund function: "If it has got four legs and it's not a chair, if it has got two wings and it is not an aeroplane, and if it swims and it's not a submarine, the Cantonese will eat it."
affluent	You can deliver Lexus ads to affluent customers pulling down more than $100,000 per year.(a) Averages obscure the fact that most of Clinton's tax increase did fall on the affluent.
agony	Henley endured years of agony, and his poem, Invictus, was truly written from experience.know this, this anguish, this agony for a departing self wishing only to stay, to endure,
alert	As its author told investigators, the Phoenix memo was not an alert about suicide pilots.Auditors should be alert to situations or transactions that could be indicative of abuse.
algebra	But many intellectuals who can't stand algebra are not willing to stay away from the subject.One of the most powerful ideas in linear algebra is the notion of basis vectors.
alloy	It is actually 95% tin, hardened with a 5% alloy of antimony and copper.Prince's metal A copper-brass or copper-arsenic alloy resembling brass.
aloud	To which most readers, no doubt, will respond aloud, "No, you get used to it, you puss.Preference will be given to poetry of the past that is especially suitable for reading aloud.
alphabet	I am having difficulty remembering the alphabet, and I would appreciate help from a reader.In fact, Azusa was made from the first and last letters of the alphabet, followed by “USA.”
altitude	As the road gains altitude and temperatures fall, the views become ever more spectacular.Variations in soil, slope, and altitude give rise to five different types of forest:
aluminium	Specimens were then potted with plaster of Paris in aluminium pots of the loading jig.The word was transformed in aluminium in Britain because it seemed more classically consistent.
amaze	), I was so exhilarated to see films that gave themselves the liberty to surprise and amaze me.well see of not being particularly interested i don't keep track of prices on them but i'm i'm that does amaze amaze me
amplify	As expected, the F1-BGH037 primer set failed to amplify from T +/+ embryo RNA (Figure 1B).Primer pairs were designed (Table 1) that would only amplify one of the four transcripts.
amuse	Useless spoonerisms produce correct words which, unfortunately, neither amuse not have current meaning.Prudie has a hunch that girls jumping out of cakes would amuse anyone ...
anchor	This procedure, before the days of the stockless anchor, was known as catting the anchor .Anchor tenants in the local arts scene include the long-lived Nevada Ballet Theatre (Tel.
announcer	(He's been a chicken farmer, horse-racing announcer, and handwriting analyst.)Little's disease--spastic palsy (Little disease would pose a nice problem for the TV or radio announcer)
ant	The ant colonies that Parker suggests have three parents are a hybrid of the speciesi was firmly convinced the entire front yard was nothing but one gigantic ant mound
anyhow	it's um over there's one over there in Addison i can't remember his name anyhow it's someWhen the technology did work as intended, it merely made you wonder what good it is anyhow.
apology	man can we trust them have they repented for what they did have they made a world apologyIf Plotz did not get the senator's permission to use the quote, an apology may be in order.
apparatus	The apparatus was made up of three contiguous plastic cubicles, each of which measured 24.The nation as a prepolitical reality finds its embodiment in the apparatus of state power.
appetite	The WSJ says the Republican leadership of the Senate has little appetite for Dole's deal.You can build an appetite for dinner by making your way from the beach to the restaurant.
applause	Bloated, sloppy, and greedy, the band regurgitated a medley of '70s hits to vast applause.The paper notes that the non-media types in the audience responded to this with applause.
appliance	It uproots and homogenizes as it enriches--like a Ronco appliance, as Friedman might say.appliances and things like that and they're real good with their appliance and stuff like that so
applicable	Part III of this report analyzes applicable law and applies it to the findings in Part II.The rule and the procedures therein are applicable to the FCC's spectrum auction program.
approximate	Approximate molecular weights were estimated using prestained standards (NEN, Boston, MA).AMIGA was then modified to approximate the assumptions behind each of the four scenarios.
arabian	For difficulties traveling to Chechnya, see also Saudi Arabian Mabahith briefing (Oct.He later was recognized as the chief of al Qaeda operations in and around the Arabian Peninsula.
arbitrary	(The user can override the default values and input an arbitrary value for any parameter.)All other outcomes, as John Rawls argues, would be “arbitrary from a moral point of view.”
arithmetic	This arithmetic error never would have happened had Aaron Donovan edited McFadden's story.If arithmetic is the measure, Gallant must be the quintessential New Yorker fiction writer.
arouse	But even if your purchase only looks “antique,” it may still arouse suspicion at customs.Hats arouse fully as much feeling as hairstyles--or they would if enough of them were being worn.
ascribe	Humans have the most annoying tendency to ascribe cutesy attributes to wild creatures.Others ascribe it to a high-school basketball player in a McDonald's All-America game.
ash	Dad was a Camel man, and his offer usually came as he filled the air with smoke and ash.how much ash would fall and and how it would essentially literally destroy the world you know
ashamed	Dol. Captain! thou abominable damned cheater, art thou not ashamed to be called captain!My husband says he was ashamed of his lie and that they had promised never to tell me.
astonish	The single-mindedness--OK, fanaticism--of the supply-siders who helped orchestrate the Reagan tax cuts of the 1980s never fails to astonish.But we gradually realize that this Nora, in fact, is playing the role that's expected of her--merely "playing tricks," as she says in the last act--and that there's another Nora beneath the childlike silliness that will astonish even her.
astronaut	Time 's exclusive: the tale of American astronaut Michael Foale's harrowing Mir expedition.Astronaut Alan Shepard's death spurs Newsweek to profile the 12 men who have walked on the moon.
atmospheric	Environmental Protection Agency Office of Air and Radiation Office of Atmospheric ProgramsThis light scattering and absorption reduces atmospheric clarity and is perceived as haze.
atomic	Star Wars is stuffed with "mythemes"--the atomic elements, so to speak, of mythic material.Additional Indian atomic tests on Wednesday and U.S. sanctions against India lead all around.
attain	5 volts for the two models with tissue perfusion to attain simulation data near 100°C.Haggling with dapper Gujaratis and the bright-eyed Kashmiris can attain the level of high art.
attentive	Browsing is difficult as vendors are attentive and can be insistent, but you’ll have fun.Only rarely do Promise Keeper men become domineering; mostly they become more attentive.
audio	NEADS audio file, Mission Crew Commander, channel 2, 9:38:02; Dawne Deskins interview (Oct.Tye Comer, CMJ ). (Click here to buy the CD and to listen to audio samples from the album.)
aural	Strange to say, it is in the US that one of the really weird aural hiccups occurs.Languages, though glibly spoken and written, often present formidable problems of perception, both visual and aural.
autobiography	His summer printed matter was a celebrity autobiography, Christopher Reeve's Still Me .In his fascinating autobiography, published in 1988, Kazan expresses a range of justifications.
automation	Additional billions have been invested in buildings, in part to house the automation.This is primarily a result of economies of scale, worksharing and the extensive use of automation.
auxiliary	and all the auxiliary personnel the school bureaucracy that exists mainly to perpetuate itselfauxiliary motor on there at least you can kind of drop the sails and putt on back in
aviation	The memo's references to aviation training were broad, including aeronautical engineering.For pilot's belief and the helicopter not hovering, see NYPD interview 12, Aviation (Mar.
awake	and you know i play with her most of the time she's awake and i think that is so importantI was asleep, but Luigi was awake, and he thought he detected a vague form nearing the bed.
awfully	That said, I think you're being awfully sanguine about the state of American media.okay um well i like to cook um but i don't like getting too awfully fancy about it just because um
ax	And some economists with no particular ax to grind simply have doubts about the methodology.Ax comparison, 223 (60%) and 84 (57%) respectively were not significant (Figure 1E, P < 0.05).
axis	Chang’an Avenue bisects these two sites and forms the capital’s long, wide east–west axis.In Streptococcus , the A+T3/C+G3 separation appeared principally on the second axis.
b.c.	The 60-year rule of Ramses II (1279–1212 b.c. ) was a great finale to the New Kingdom era.He wrote in the voice of Cato the Elder in the year 150 B.C., when Cato was 84 years old.
bachelor	In the new movie The Bachelor , a character leaves his grandson $100 million in his will.ooh do you yes we snow ski we snow ski at Mount Bachelor mostly in Oregon have you ever been there
backward	The aim is to get you pumped, bellowing, pogoing backward up the aisle playing air guitar.Retronym derives from the combining form retro- (from the Latin retro meaning backward).
badminton	The national sport, badminton, and is played wherever a net, real or makeshift, can be set up for players to thwack the shuttlecock across to each other.With the huge successes of Boris Becker, Steffi Graf, and Michael Stich, tennis has now become a favorite national sport, with squash and badminton catching on fast, too.
baggage	He must know how lucky he is that Julia Roberts arrived with so much astounding baggage.And hope that the pilot is better at his job than the baggage handlers are at theirs.
balcony	King was assassinated on April 4, 1968, while standing on the balcony of his Memphis motel.i think it's from the time he jumped off the balcony and lord knows what happened to him
balloon	"Raising a beaker with a balloon inside, Steven Jacquier peers at a wonder of the world.""Sure," the man yells back, "you're in a hot air balloon about 30 feet above this field."
bang	So they take me to the hospital and I bang my head a couple of times on the way there.The universe, since the big bang, was and remains out of equilibrium, or vastly nonequilibrium.
banner	A banner at the top of a Web page just isn't the same as a luxurious two-page color spread.Advertisers control the text in the banner and can target it by demographic or issue group.
barber	Here also are the betting shops, antique barber shops, and stores offering exotic medicines.References Barber 1993; Gosnell and Gott 1992; Griffith 1985; Jordan 1982; Sanborn 1989
bargain	Make me an offer" is hardly the best strategy if you're looking to drive a hard bargain.The accord may finally compel the Palestinians to live up to their part of the bargain.
bark	just a small patch of lawn and just flowers and bulch bark uh tree bark all over her lawnA sidebar examines a handful of less pressing scientific puzzles, such as why dogs bark.
bathe	Why did this translator feel he had to change “anoint his head” to “bathe his head”?The affidavits also attest that he watched friends stab a woman to death and bathe in her blood.
beard	Well, I have a close friend, Pat, who is bald and wears a full beard and horn rim glasses.Atta wore Western clothing, shaved his beard, and no longer attended extremist mosques.
beforehand	This book will probably find no reader fully conversant beforehand with even half its contents.Participants were instructed beforehand to keep lips closed once oral thermometers were in place.
beggar	In fact, they could do more, since the beggar is closer to perishing than your relatives are.Then he saw a religious beggar who seemed serene, and he realized the path his life must take.
beginner	well good because i thought my goodness i'm i'm a definitely a beginner at golfFor the beginner — and for most others, too — Beaune is the place to buy.
beloved	The Boneless Pork Rib Shaped Patty is a shoddy imitation of McDonald's much beloved McRib.Kids, after all, get plenty of lectures ("discipline," "limits") from their beloved parents.
beneficial	It is also beneficial if the previous position (3' -2) is a G or C with a frequency of ≥0.Achieving significant beneficial results for clients as determined by outcome measurements.
berry	I listened to Chuck Berry, Fats Domino, Little Richard, uh, Elvis Presley, The Platters.My clearcut taste winner among the new bars was the Grabber Energy Bar in Wild Mountain Berry.
betray	While Nerve hasn't violated many taboos yet, the site does betray some expectations.Some of these products betray a rather comforting lack of geographical precision.
bitterly	There can, admittedly, be a bitterly Schadenfreude quality to some of it, for theirs is a hard life.Colombia's leading daily, El Espectador , bitterly lamented the country's unreadiness for Monday's earthquake disaster.
blast	Critics blast the sappy romance as well as the "dismayingly formulaic view of enchantment.This snarling munchkin gives the Dr. Evil scenes--which still run long--a blast of energy.
blaze	Help Blaze The Trail -- 1997 Jameson Camp Thank you for your last Annual Fund Gift!Derek's father was a fireman killed by a black drug dealer while battling a blaze in a crack den.
bleed	The Times editorial board, I'm sure, would make this ethical boo-boo bleed with ink.A woman was gang-raped, butchered, and left to bleed to death, shorn of her limbs.
bloom	no they're they've they're died down i am sorry they are dead now they bloom in the SpringBut others--notably Harold Bloom and Helen Vendler--view the rise of the slam with alarm.
blossom	Yes, they count every blossom in town, and the figure regularly tops the 5 million mark.Arriaga is particularly pretty during late spring, when jacaranda trees are in full blossom.
boast	Its proud boast in modern times is the building of the original Bluenose racing schooner.Most of the large resorts, and some smaller ones, boast of an array of cabaret attractions.
bolt	Incidentally, the cathedral was even taller until a lightning bolt lopped off the main tower in 1614.Sentences transmitted usually read something like Put bolt into L-shaped part.
bore	Portugal’s citizens, overburdened with taxes, bore the brunt of the king’s extravagances.Seated next to President Kennedy at a party, she panics that she'll bore him to death.
bosom	Others represent the tribes’ totemic animals, such as the bear, protecting a human being in his bosom.The first bras simply flattened the bosom with a band, to help create a radically immature-looking female form.
bough	But most of the elements didn't come out of The Golden Bough . They came out of all the other successful pseudo-mythical contrivances of American popular culture--Westerns, Flash Gordon , The Godfather , and so on.
brake	oh we just uh refilled refilled uh probably filled the the brake fluid up and that was itand there's some kind of a boot that had had come off the car so the emergency brake froze on
brandy	Sherry (jerez), a wine fortified with brandy, has been made in Spain for hundreds of years.Brandy is the sweetheart of black America--she's Whitney Houston before Bobby Brown.
breadth	Optimists said the survey revealed the breadth and robustness of the economic expansion.Bennett wants to believe that you can teach in depth and in breadth at the same time.
brighten	(The official site has a variety of screensavers you can download to brighten up your own cubicle.)"Then absolute stillness, fires brighten, the world disappears into light" M, 29
brim	A primrose by a river's brim A yellow primrose was to him, And it was nothing more.She doesn't transcend the part, she fills it to the brim, anatomizes it.
brisk	Recently a brisk, chummy young woman whom I had just met asked me what my first name is.The shop does a brisk trade in kitchen towels, mugs, and, of course, packets of the precious leaves.
bristle	It's to the point where at least two of us bristle when we hear him come through the door.In Drosophila, many mutants make small modifications in bristle number, color, shape.
brittle	yeah but you you know as far as brittle as child abuse is these days you never knowDegas lived until 1917, when--blind, brittle, and beleaguered--he died at 82.
brood	In recent years, the term value-added has dallied with marketing to produce a new brood of connotations.Still, her stereotypes (in that play) brood engagingly over whether their behavior is too stereotypical.
brook	The vice president has staked out doomsday as a favored issue, and will brook no optimists.Try telling that to Jessica's current favorite Cleveland Indian, third baseman Brook Jacoby.
broom	Maybe a session in the broom closet killed their passion because, according to the Enquirer , "the honeymoon is over."On the other hand, many lands see the world with a single eye: a new broom does sweep better than one with worn-out bristles.
brow	He favors a sort of Athenian approach: language bursts full-armored from the brow of Jove.Jack Maggs is arching its brow at Dickens' vaunted causes, making them potentially smelly.
bruise	McCain leaves a bruise without looking mean.It is one giant black bruise.
brute	(This brute fact is reminiscent of the paper's recent story about how you can't sue your HMO.)They never forgave Arafat for bowing to what Ajami calls "the logic of brute, irreversible facts."
bud	As Detective Bud White, Crowe is a beefy thug with a compulsion to rough up wife-beaters."Argentine President Carlos Saúl Menem, drive down East 88 th Street holding a can of Bud."
bulb	green spiky leaves now it looks almost like a hyacinth only a a lot higher and it is a bulbSo: Do not lean the pleated shade on the bedside lamp against the bulb while it is lighted.
bundle	This being done, he can then print together and bundle all of the addresses for one ZIP Code.Micronized CAP induces gp41 six-helix bundle formation and is virucidal against HIV-1
butcher	And before you know it, the butcher knife came around and cut the little girl's head off.All of a sudden the butcher knife came out of the drawer and it began to roll around in the air.
butterfly	' Early pavilions were tents, which were shaped like the spread wings of the butterfly.A hundred species of butterfly have been identified here, and as many different birds.
cabbage	uh i think they cook cabbage up north i think that's one of the things they want i'm not sure i'm notThe wonderful beaches, such as Cabbage Beach on the northern coast, were the focus of the development.
cafe	One of my persistent fantasies used to be of sitting at a sidewalk table at a cafe in Paris.You've allied yourself with the kind of man who will always opt for the Road Kill Cafe.
cafeteria	um-hum do you go like home cooking like Black-Eyed Pea and that kind of thing or cafeteriablood pressure yeah they sit there in the cafeteria sometimes and take that on your way out
calculator	you know sure yeah now the last time i bought a calculator i bought one from Texas Instrumentsand then provide an interactive tax calculator to let the surfer answer the question.
calendar	Both the news and calendar pages allow all users to submit their own articles and events.Some images, like Richard Kern's New York Girls , are as soft-porn as a Playboy calendar.
camel	Dunhuang has come a long way since the days when the Silk Road camel trains stopped here.Dad was a Camel man, and his offer usually came as he filled the air with smoke and ash.
cannon	The cannon sounded again for the 1918 Armistice and the funeral of Marshal Foch in 1929.Even as most of North Carolina's textile workers walked out, Cannon workers stayed put.
canoe	But when a movie nears production, that canoe is suddenly launched into Niagara Falls.and some of our longest trips went for about six days and covered about seventy miles where you you canoe
canteen	You can have a coal miner’s meal at the colliery canteen.(His Social Realist Construction Workers was displayed in the canteen of the Renault auto factory, to predictably tepid response.
captive	Sold to "husbands" for a few hundred dollars, the women spend years as captive breeders.(2) an “Anglo” woman kept captive in the U.S. by one or more persons of Latin-American origin.
careless	Careless Love: The Unmaking of Elvis Presley , by Peter Guralnick (Little, Brown & Co.).Whether he has the right to be needlessly careless in his statements is perhaps another matter.
cargo	For the cargo planes operation, see Intelligence report, interrogation of detainee, Apr.Reached from the Sanur-Kuta road by a long causeway, the harbor is where cargo ships tie up.
carpenter	I favor Bath, Bolton, and Barton-le-Beans for a plumber, carpenter, and farmer, respectively.--Homeless Turkish carpenter Yusuf Okul, who often wields a hammer, reacts to recent aftershocks.
carrot	Several participants reported less consumption of carrot juice at 7 months than at 2 months."The administration has got only one carrot--that is permanent trade status ."
cassette	[Note: The publisher originally sent only the cassette, and that is what is reviewed here.]The pct1::kanMX cassette was PCR-amplified from the pPCT1Δ plasmid using primers LI and L4.
cautious	Bradley, more cautious by nature, has declined to take a pledge of unilateral disarmament.The cautious spin: Black churches are losing their tolerance for leaders who exploit them.
cellar	eine Leiche im Keller, Lit. a corpse in the cellar: a skeleton in the cupboard (or closet)If you are keen to learn Israeli folk dancing, the Bicurei Ha’etim Cellar in Heftman Street (tel.
cement	All ceramic copings were made 0.6 mm thick and with a cement space corresponding to 60 μm.Hybridization mix was applied to sections and coverslips were sealed with rubber cement.
cent	A recent estimate put the cost at less than one-millionth of one cent per transaction--i.e.Of course, one cannot be one hundred per cent certain about the exact meaning of every name.
centigrade	and we we sort of have to get accustomed to the fact that our body temperature is thirty seven degrees centigrade yesYeah i noticed my van has a uh a button on the temperature gauge that you can switch between centigrade and fahrenheit
centimetre	The number of knots per square centimetre ranges from 20 –30 for a coarse wool carpet to 100 –200 for the most expensive silk carpets, which can cost tens of thousands of pounds.
chalk	Profiles chalk up the brothers' success to 1) good looks and 2) on-screen intensity.yeah right and uh the things that uh Bart will write on the uh chalk board at school
charming	Moreover, it boasts two charming old quarters as full of character as any place in Europe.Most of the usual facilities, including a charming garden, swimming pool, and health club.
cheer	The second selection's obscurity didn't cheer him up: "Ugh, can't do you the Washburn book."They are members of the major casino union, here to cheer on their employers and their union.
cheerful	By day it becomes a continuous market, with some unusually chatty, cheerful shopkeepers.I can't walk down the beach in my thong without somebody yelling a cheerful "Thai boy here!"
chemist	Nonetheless, Kovner procured some poison from a chemist in the future state of Israel.The Finnish chemist Gadolin isolated a new earth (metallic oxide) there in 1794 and called it yttria .
cherry	Maybe A Taste of Cherry --although I was scratching my head over that one for a long time.Cherry Hill, NJ, USA), and incubated with amphotropic PA317 packaging cells for 24 hours.
chess	Before we started it was always filmed from the top, and it looked like a little chess set."And not one of the programmers could have beaten Kasparov in chess--not even close.
chew	Hand down the edict that the newly braces-free child may chew gum only when she is alone.JBM: -and they'd chew it, come back, and he have me, want me to chew it, I mean smoke it.
childish	Every detail is in place, although the childish narrator professes not to understand them.I grant teenagers their last fling of childish freedom before adulthood begins to descend.
chill	they said it could be like six degrees outside and like negative forty one wind chill"You're Philip Roth, and you should probably chill before your next lover moves in."
chimney	uh-huh well the white but i have a problem i can't get up high and we can't paint the chimneyAh, perhaps there are thousands of ways to complete the house and to complete the house with the chimney.
choke	Should we be boycotting multimedia sites that make even my fractional T3 connection choke?His defenders argued that the award was what had caused him to choke in the first place.
circular	(circular intron + spliced intron) / (unreacted intron + circular intron + spliced intron)All gene-positive clones contained circular YACs with ~ 40 kb DNA inserts (data not shown).
circumference	The external diameter was calculated from the circumference of the external elastic lamella.The smaller the circumference of the circle created, the stronger the transitive power.
clap	Rule 37, incidentally, states, "When a customer sings karaoke, please, everyone clap."OK, abracadabra: Clap your hands together three times and say, "All right, I'm out of this game."
clarify	If this debate is to yield fruit, we must therefore clarify what we mean when we speak of EBM.However, it is important to clarify what type of problem interveners are attempting to address.
clasp	1991), whereas a particular disease mutation may only impair the clasp and partially activate the receptor (Peyruchaud et al.For example, deletion of aIIb cytoplasmic tail completely removes the clasp and permanently activates the receptor (O'Toole et al.
classmate	An encounter in the school bathroom leads to an affair with a sinister classmate named Judas.So we learn from the Globe that as a 14-year-old he took classmate Cecilia Garcia out on a date.
claw	He doesn't need the power and prestige of Washington and feels no compulsion to claw his way up.The cover story tracks four narcissistic young actors as they claw through Hollywood's casting maw.
cloak	As has become common in merger reporting, some of the papers attempt to cloak the event in intrigue and drama.Unlike earlier black comedians, Pryor never tried to ingratiate himself with white audiences or cloak his rage.
clothe	Here, too, you’ll find all the boutiques that clothe Ibiza’s trendier visitors.People have to cut their hair, eat, clothe themselves, decorate their homes—fashion affects how they do these things.
clumsy	There are other ways in which diatoms could help us clumsy humans build nanoscale ‘widgets’.Though Bush's performance was otherwise clumsy and lackluster, he won by playing rope-a-dope.
coarse	The beaches towards the south can be pebbly, while the sand is usually coarse.2. something vulgar, as an act or expression”; vulgarize “ 1. to make vulgar or coarse; lower; debase.
cock	Second, a clue may name a class of objects which includes the answer, like bird for COCK.Half cock does not give enough power to generate sparks and fire the pistol, so it is a futile gesture.
coil	The heart begins to coil and blood flows on to the dorsal face of the yolk sac.However, the binding domain is a coiled coil and the tail of AtMAA21.
collaborate	We not only get to explore a cool new technology; we get to collaborate with the composer.Sydney and her father collaborate in overcoming obstacles that Sydney encounters.
collision	This sounds like an important story--Zeitgeist and president on collision course over taxes.Then the Left won the 1936 elections and was immediately in violent collision with the Right.
comb	I once observed a photographer’s assistant during a photo shoot comb out the fringe of a rug.For example, if a food source is found in the direction of the sun, the dancer will waggle ‘straight up’ the vertical comb.
communism	The difference: Catholicism will outlast Pope John Paul II; communism won't outlast Castro.For Reagan, Soviet communism was only the most grotesque version of the collectivist impulse.
comparative	The comparative advantage in QoL for AT III was also maintained from 28 to 56, and 90 days.Our strategy for microsynteny-based comparative mapping was straightforward and simple.
comparatively	Twenty-six transcripts were comparatively abundant only in leaf blades (Figure 2, node a).These differing frameworks also complicate our ability to comparatively evaluate these systems.
compass	Maybe I'll continue to breeze through Fodor's, Compass, and Frommer's in airport bookstores.Compass America, a Fodor's associate, is stylistically a synthesis of these two models.
competent	Ostensibly, this is a safety measure to ensure that only competent drivers are on the road.And it is very difficult to have technically competent contractors in specialty areas."
compile	Like you, I wish Gates and Appiah had taken the time to compile a truly comprehensive encyclopedia.To compile a truly unique exonic index, redundancies must also be resolved across transcript databases.
complicate	What's more, kin selection itself may complicate race relations in various subtle ways.To complicate matters, they also used the plural of eyebrow ( supercilia ) to mean eyelashes.
comprehension	By the time the light of comprehension flashes, the listener might have lost the thread completely.One prominent macro-economist calls today's globalized economy "almost beyond human comprehension."
compress	Then more work was done to compress and heat the gas by pushing on the piston from the outside.no there um a lot of them are recycling by trying to compress their trash into the bags as much as they can
compute	Because there are no data on subjects first screened after a one year delay, we compute qNow, given Newton’s calculus, let us compute the forward trajectory of the balls on the table.
comrade	But tonight, for the first time in way too long, Lemmy is to meet his closest comrade.I came to Frankfurt to see my old comrade, (see Chap 46) but she made me leave after two days.
condense	There is a time course therefore when fibers are formed, mature, condense to ball-like forms and ultimately decay.To condense from (but not otherwise alter) the 1960 edition of the World Book Encyclopedia: "About two thirds of the people of Colorado live no more.
conductor	but i think the conductor i don't know or one of the conductors is is from another country10/79), Kölner Runfunkchor, Kölner Rundfunk Sinfonie Orchester, Luciano Berio, conductor, DGG.
congratulate	But Neil Simon doesn't congratulate his audience for being brave enough to laugh at his jokes.Senators congratulate themselves for conscience, bipartisanship, and fidelity to the Constitution.
conjunction	These other services may be performed in conjunction with an audit of financial statements.(Britain's Royal Mail is conducting a similar experiment in conjunction with Microsoft.)
conquer	Turkish corsairs, notably the infamous Barbarossa, helped to conquer Algiers and Tunis.INSIDE τ(1,M; 1,L)); and (3) the divide and conquer algorithm to recover an optimal alignment (e.g.
conquest	At least irony is unlikely to be used to justify programmes of conquest or extermination."Forget about defeating Dr. Evil: Austin Powers represents the exuberant conquest of shame.
conserve	Your contribution helps to conserve and protect these artists' great masterworks.Like was done on the open range, shall we conserve or farm the sea—or both?
considerate	Your petty antics of coal-raking put those of us who are sincere and considerate SUV owners at risk.. A reporter goes undercover as a PAC lobbyist, and finds that congressional staffers are incredibly considerate.
contempt	Ruling that the order was mutually binding, Judge Thornton also cited the men for contempt.The contempt scheme is such a stupid, vicious, wrongheaded idea that it is a joy to watch Rep.
continual	LSC and our grantees live and work in a world that is marked by continual challenges and crises.This creates an incentive for continual improvement in environmental performance.
contrary	On the contrary, it reveals that the Commies were even more inept than previously thought.The number of words in a language is irrelevant, contrary to what one respondent suggests.
convenience	For your convenience, there is a list of all 54 neighborhood branches on the opposite side.it's just kind of convenient and she's the kind that goes for convenience over anything else
conversely	Conversely, I don't think the current music scene is half as bad as you make it out to be.Conversely, if perfectly error-free measurement of the target could be assumed, i.e., if σ
coordinate	The tasks coordinate the flow of atoms among the molecules whereby the set reforms itself.On August 7, Atta flew from Fort Lauderdale to Newark, probably to coordinate with Hazmi.
cordial	Pundits were impressed by the cordial atmosphere, which was in contrast to last year's.Elizabeth Dole's campaign, though very cordial when we phoned, never got back to us with answers.
correction	(A 10 percent drop is termed a "correction," while a 20 percent drop means a bear market.)Individual conditions were compared using Student's t-test after the Bonferroni correction.
corresponding	.., n ), we estimate the coefficients at a point u (not necessarily corresponding to any uAll ceramic copings were made 0.6 mm thick and with a cement space corresponding to 60 μm.
cough	Dyspnea is often associated with other common symptoms: fatigue, cough, anxiety, and pain.And just looking at the coal dust in the air made my lungs ache and an old cough come back.
coward	Coward died in 1973 and is buried in the garden, at his favorite spot overlooking the coastline.OK, it's not Noel Coward, but it makes me as blissful as anything has since I was toilet-trained.
crane	To compare Crane and Frazier is to compare a genuine, fibrous style with academic tissue.Those new 20s in your wallet with the Andrew Jackson watermark are Crane & Co.'s handiwork.
cripple	The finish would be nauseating: Lee might cripple Seagal by kicking him in the throat or gouging out an eye.Just one lawsuit can empty a firm's coffers and cripple its reputation.
crow	The jackdaw also belongs to the crow family (Corvidae ), and daw represents its chak .Some names ( Beaver, Blackfoot, Crow, Dog-Rib, Hare, Stone ) are English translations of Indian ones.
crude	Difference feminists reject "the big time" as a crude, ugly, and destructive male pursuit.Bicha in Portugal means a `queue'; in Brazil, it is very crude slang for a `homosexual man.
crust	uh-huh um-hum yeah um what is it about the uh the vinegar that uh makes the crust betteryeah that's it's a different kind of bread and it's somewhat of a harder crust it's not the soft
cube	And when Chatterbox was a wee cube, Pappy Chatterbox had an office in the Seagram Building.If the cubes are small enough, then each cube corresponds to a quite similar set of states.
cubic	However, quadratic and cubic polynomials fit the Incyte data reasonably well (R 2> 0.9).ij estimated in the above data analysis (Figure 4) and completed by cubic spline interpolation.
cucumber	I loved Au Naturel , that bare mattress piece with the melon breasts and erect cucumber.They are sure to rise to the occasion of cucumber sandwiches, cakes, and scones served on fine bone china.
cue	The second is an endogenous circannual rhythm entrained by an environmental cue(s).There is a beat, as if to cue audience laughter, and then Shakespeare walks away.
cultivate	Under Deng Xiaoping, Beijing actively sought to cultivate a good bilateral relationship.Cultivate listening, laughing at the right points, and occasionally saying: "Right on!"
cunning	A piece calls Hillary Clinton's campaign kickoff "cunning" and "brilliantly staged."Like the pioneers of the Old West, Pooh is endlessly greedy, and he is cunning in pursuit of that greed.
cure	To find out that it meant `able to cure flatulence' was the death of youth and innoncence.A more cynical view is that the sands provide a cure for which there is no known disease.
curiosity	At the same time, the old acquires the status of a curiosity, deserving of its own label.Curiosity led me to consult an Italian dictionary, where I found for egg yolk , `rosso d'uovo.
curl	Jackson, says Entertainment Weekly 's Tom Sinclair, has "gone the way of the Jheri Curl ...Could the decoherence of geometry aord a parallel way that extra dimensions can curl up?
curse	Jeepers creepers is nothing other than a euphemistic cover-up for the curse Jesus Christ.Unfortunately, with this famous Lipschitz diamond comes also the famous Lipschitz curse.”
cushion	Polysomal RNA was isolated from a detergent-generated supernatant on a 2 M sucrose cushion.The supernatant was layered on a 30% sucrose cushion and centrifuged at 245,000×g for 2 h at 4°C.
dairy	Pleasant, informal dairy restaurant in an old building with a lovely large summer patio.Our national nutrition policies are corrupted by the influence of the dairy industry."
daring	He remembers that one must be daring as an artist, but has forgotten to what end."Some are designed for the daring, others for the cocktails-on-the-poop-deck crowd.
dash	Mejillones (mussels) can be remarkably good steamed with a dash of white wine and garlic.As for Clinton, it's not too late to quit--dash off that letter to Albright now, for Chrissake!
daylight	Ramadan Bairam is a month long celebration when Moslems fast during the hours of daylight.The secret rooms upstairs, where the family spent the daylight hours, are stark and bleak.
decay	We ran these analyses with different decay constants for PCB content in GLSCF over time.Thus, detecting "adaptive decay" may require more dramatic modifications to the environment.
deceit	For more than a month, Clinton's debauchery and deceit have consumed journalists' attention.I had embarked on a life of deceit involving the names of nature's own flora and fauna.
deceive	"It seemed designed to deceive people," a representative for the company said.Nor are all lies deceptions--some lies are told without any intention to deceive ("You've lost weight!"
deduce	We cannot deduce from the symmetry of the initial state how that symmetry will be broken.Hume told us long ago about the “naturalistic fallacy”: One cannot deduce “ought” from “is.”
deed	She declares that "Bill was incapable of engendering a cliché, in deed as well as in word."The beneficiary family seems to be proving the old adage: No good deed goes unpunished.
deepen	Then it will try to deepen Russia's economic crisis with a view to destroying its nuclear capability.And in negotiating rules in peer-organized games, children deepen their understanding of why rules are necessary and which ones work well.
delete	The targeting plasmid used to delete hprt exon1 was called pΔHprt to indicate this deletion.Delete the standard that requiring auditors to refer significant issues needing further study
deliberate	It is as if, by this deliberate smudging, Bartoli were giving old songs an antique timbre.The word carries the impression of firmness, even of deliberate effort in its production.
delicious	Havana’s delicious Cathedral Square, the focus of Habana Vieja life, could be a stage set.Sometimes pine kernels are sugar-coated, too, and the delicious result is called pinyonets.
dense	Consider a sequence that lies near the center of a dense cluster of high-fitness sequences.Either I am dense and missing some subtlety, or you don't understand the origin of the quip.
depart	The H-2A worker must depart the country and is subject to deportation for failing to do so.Would he depart on a negative note about his opponent or a positive one about himself?
depress	This is a bad thing because the exuberance may end in a crash , and the crash may depress the general economy.Higher payroll taxes may depress personal saving to the extent that households have less disposable income to save.
despair	His private pictures from the time include some classics, but they are classics of despair.After a crash, the crowd's silence feeds an athlete's paranoia, depression, and despair.
despise	The archaeologists despise the New Agers, but need their money to fund research and preservation.But that's no reason to despise a candidate who tried hard, played fair, and will surely make a gracious exit.
destructive	Difference feminists reject "the big time" as a crude, ugly, and destructive male pursuit.But overworked engineers and sleepy dispatchers aren't creative, they're simply destructive.
detection	Antigens were detected with a chemiluminescence detection system (femtoLUCENT, GENO TECH).PCR is widely used for the detection of HCV specific nucleic acids due to its sensitivity.
dew	: "Oh, that this too too solid flesh would melt,/ Thaw, and resolve itself into a dew!"Nor swifter greyhound follow, Whose foot ne'er tainted, morning dew,
dial	Before, many offices had to dial long distance numbers to connect at very slow speeds.if if it's a what kind of phone do they talk it's not a dial but if it's a touchtone it's okay
dialect	In my dialect of English, however, the plural of post is pronounced something like [poss].But now the student of Dialect C sees the word written posts and pronounces it [pos\?\s].
dialog	It provides the DataAdapter with any user information that is entered into the dialog window.The dialog box allows the user to tell the system what sequence they wish to examine.
diameter	Analysis of Variance was then performed on distensibility and 100 mmHg external diameter.Starting in infancy, her aortic root dilated rapidly to a diameter of 4.5 cm at age 6 yr.
dictate	An article worries that Ted Turner's $1-billion donation will let him dictate U.N. policy.Keys to success: Sit in a front seat on the shuttle and dictate an optimum route to cabbies.
dictation	This is not a mistake that a practicing lawyer would make, though it could be a mistake made in dictation.Conason, echoing Brill, argues that the Washington Post and the New York Times have been "taking dictation from the independent counsel."
digest	4. "Reader's Digest announced that it had doubled its earnings in its most recent quarter.Other than that, I get more out of reading Reader's Digest or Guide, Guideposts stories.
diligent	A diligent search for embarrassing quotes found nothing better than a remark by SlateThat debate needs to be guided by a thorough understanding and diligent application of sound health policy science.
dim	The value of Nlung is determined by the user input parameter N1dim (Nlung = (2*N1dim) 2).By the dim light of their lanterns, a dingy rock surface, braced by rotting props, is visible.
dip	America doesn't have to have a dip in the GDP to consider flaky presidential candidates.(This had a long dip in the middle, with a short ending: That's right, very lucky to get out.
disable	!," or smuggle a stun-gun into Toys-R-Us to disable the competition.have responded by secreting protease inhibitors to disable them is important if long-lasting solutions are to be found.
disappoint	Early reviews of Danticat's latest novel suggest that, miraculously, she doesn't disappoint.This would seem to be kd's view of love: an addiction that must inevitably disappoint.
disapprove	If a proposal does not meet the requirements of subsection(b), the Administrator shall disapprove it.C'est la vie , one might say, and those who disapprove are free to leave.
discard	Therefore, relatively small variations may be enough to discard PD as a useful model to apply."Items that members of the Blair Cabinet have officially been 'urged to discard.
disguise	The Catholic chapel dates from 1680 when it was built in a style to disguise its purpose.For example, say a drug dealer wants to disguise $10,000 in monthly profits from cocaine sales.
disgust	* * This prompted widespread disgust among journalists, who viewed ABC's move as a sellout.The motives behind these outpourings of popular disgust, to be sure, were not unalloyed.
dishonour	The Telegraph said the indictment would put muscle into the United States because "though Bill Clinton might be happy to compromise with a fugitive from justice, the American people could not stomach such a peace with dishonour."
dislike	I, for one, can barely tell you which of the colors I dislike is mauve and which is fuchsia.okay this subject is magazines what do you like and what do you dislike about magazines
displease	Such a policy would displease many black politicians, since it stands to diminish black political representation in the short run.The jokes in Phantom Menace are broad and childish in a way that may displease sophisticates but will be endearing to everyone else."
ditch	So in starting afresh, what should a new medical journal retain, and what should it ditch?How, for example, do we judge Ann Lewis compared to other last ditch Clinton defenders?
dive	Dozens of dive sites can be reached from resorts, typically a half-hour boat journey away.On completion, you will be allowed to dive with an instructor to a depth of 18 m (60 ft).
donkey	2% triton X-100, 1% normal donkey serum, 1% cold-water fish gelatin and 1% BSA in PBS-glycine).Visitors today usually hire a Uighur donkey cart for a tour of the earthen remains.
dorm	well not really because you know i live i live here in a dorm i i still go to college butThe site promises that the women will "romp for your enjoyment in their own dorm room."
dormitory	The station is a home for many: its entrance hall and platforms are dormitory and kitchen.Yet my classmates and I did not pay any attention to the dormitory when we visited Philadelphia years ago.
doubtful	It is doubtful that using adjusted costs would change the nature of the results obtained.It's not clear when the fetus can perceive, but it is doubtful that it can before 22 weeks.
doubtless	Doubtless, the most important unanswered question about reinforcement is how often it occurs.He doubtless had to fight the urge to make Summer of Sam a whole-hog whitesploitation picture.
downward	In addition, the single rabbit myocilin band shifted downward slightly with deglycosylation.This effort is largely the responsibility of the CIO, and the focus is lateral and downward.
dragon	Pavilion Restaurant ❁❁❁ at Dragon Bay Beach Resort, Port Antonio; Tel. 993-8751, 993-8753.Careful geometric designs as well as dragon and bird motifs adorned bowls and implements.
dread	I finally said to Dr. Dread that he was a sleazy old fairy buying muscles instead of love.So now bond traders have as much reason to dread the end of summer as little children do."
drill	A drill hole is visible in the cranium, evidence that this was once a hanging skull-candle.This allows a campaign based on four key issues to "drill down" on each of them in great detail.
drip	If a thousand tears soak your final resting place, one will drip from my eyes.it's nice to not have a drip through from the ceiling from the roof isn't it
drought	All too frequently a cycle of drought, famine, and plague would decimate the population.The sacred relic was first worshipped in the Alicante region during a drought in 1489.
dumb	(In Julien Donkey-Boy , she looks like a dumb actress stuck in an improv that won't end.)And I'd rather people ask a foolish question now than have them make a dumb mistake later."
durable	Not all the way--he has not yet succeeded in building a durable majority on the court.White clay from a nearby mountain made possible the very thin, durable, translucent porcelain.
dusk	And so on, as lunch turns into drinks, then dinner, and dusk slowly darkens the summer sky.If you are staying anywhere near, perhaps at Candi Dasa, you might time a visit here for dusk.
dwelling	A French carrier must, however, turn into the farmer's driveway and proceed to the dwelling.hogan A Navajo dwelling, usually earth-covered and built with the entrance facing east.
dye	Monofunctional Cy5 or Cy3 dye (Amersham) was subsequently coupled to the reactive residues.The reaction was incubated at 37°C for 30 minutes and then terminated with stop dye (5 μl).
dying	It might be a prayer before dying, as Batouti deliberately plunged the plane into the sea.Lewis went on to explain that one of the guests was an old friend who was dying of cancer.
earnest	At this point, late 1998 to early 1999, planning for the 9/11 operation began in earnest.You're no longer enticingly innocent and desirable but boringly earnest, naive, and solemn.
economical	The compounding process is a simple, economical system of word formation is modern English.oh yeah the economy uh what i was thinking about is an economical issue concerning it uh
editorial	In a Weekly Standard lead editorial, Executive Editor Fred Barnes writes, "The accused ...The New York Times lead editorial calls the shuttered approach "an affront to the public."
elaborate	Elaborate exchanges of respect imply a degree of entanglement Americans now wish to avoid.Dedicated to the rice goddess, this is the most elaborate and ornate temple in the north.
elastic	The external diameter was calculated from the circumference of the external elastic lamella.um-hum or sand even some of them well no they're elastic so i guess it wouldn't be sand
elimination	3 M) concentrations of glucose results in almost complete elimination of lipid breakdown.Pleas of Jewish organizations asking for the elimination of the horns have not been heeded.
embarrass	When Jackson implied that Will's attempt to embarrass him was racist, Will took offense.However, if it was the friends' mistake, we have no desire to embarrass them with their error.
emit	But the torch does not emit a flame: instead a surprising little llama stands on its tip.Some of the light-hearted songs require the singer to emit a weird, guttural “ye-ye-ye” sound.
ending	Um, I read at bedtime as a calming down for all of us, being together and ending our day.Ebert is beside himself: "It's not even clever enough to give us the right happy ending.
englishman	Young republicans should suck a hatred of the name Englishman with their mother's milk.No Englishman, fifty years ago, would ever have been heard saying “It could rain.”
enlarge	Expansion of the optic vesicles is obvious; they enlarge to hemispherical proportions.In Stock Market Miracles , Cook writes that "the way to wealth is to enlarge the pie."
envy	Americans mock the Frogs because we envy their intellectual arrogance, history, and glamour.They refrain from defacing Mercedes or Lexuses, these being objects of envy, not resentment.
evacuate	For officers deciding to evacuate, see PAPD interview 10, GW Bridge Command (Sept.For civilians not being instructed not to evacuate up, see Port Authority briefing (May 13, 2004).
evaporate	Personal History's false modesty begins to evaporate after Phil's suicide in 1963.Gingrich resigns, and the practical chances of Clinton's removal evaporate.
eve	It must be the eve of the millennium if I'm thinking back fondly on The Breakfast Club .New Year's Eve is the moment this personal temporal marker arrives, for what it's worth.
exaggerate	One answer is that psychic costs shouldn't count because they're too easy to exaggerate.Goldberg says he relies on discredited studies in order to exaggerate the "crisis."
exceedingly	In an exposed, windy location this looks, considering the damage it did, exceedingly benign.The risk is exceedingly small but the probability of something unusual happening is not zero."
excess	IVT protocols are reportedly sensitive to excess starting concentrations of the T7 primer.Then there's excess salt, another component of the average diet and a bone-killer as well.
excite	Excite will return a list of pages which "look like" the page you clicked on.If looking at the solar system doesn’t excite your child then getting close to tigers and elephants might.
exclaim	People now exclaim whew! after a close call, or humph or harrumph when impatient.My graduate adviser, Sydney Brenner, used to exclaim ‘Revenons à nos mutants!
excursion	If you are on a short visit to Japan, your excursion time might be better spent elsewhere.This excursion into beer science mainly raises the question: What kind of people are we?
exert	Thus, CSN may exert negative control on Pcu1p and Pcu3p by promoting their deneddylation.Firstly, it is evident that individual polymorphisms exert extremely weak main effects.
exhaust	AC is assumed to be the principal reagent used to absorb the mercury in the exhaust gases.yeah the smokestacks or the exhaust pipes um i guess there's been a lot of pressure to um
exhaustion	Yes, the Tories had been in power too long and got kicked out for sleaze and exhaustion.cost and resources and um pay and exhaustion and human things like that rather than these um uh
expel	Ambassador Carney had instructions only to push the Sudanese to expel Bin Ladin.The Constitution requires a vote of at least two-thirds of the Senate to convict and expel a president.
expend	In rich countries we have quite happily eradicated them from our inner ecosystems with none of the handwringing we expend on rhinos.it's okay for us to go expend our youth's
explosive	Chatting has restraints, of course, in a network of burgeoning traffic and explosive costs.Another note of authenticity: The explosive sound effects come from the show's old episodes.
exterior	MoMA’s entrance was not up a broad flight of exterior steps but through a revolving door.The exterior is a low-key International Style white box, but the interior is astonishing.
extinct	As love genes spread at the expense of indifference genes, Loveless Bobs slowly become extinct.But if it lasts in its niche, it may be well adapted, hence, resistant to being driven extinct.
eyesight	Sixpence's eyesight was failing badly when we first met, and he was disaster-prone.Java, although this has clearly escaped Shuman's keen eyesight, is not a programming language at all.
fahrenheit	Tradition has dictated to lay and professional caregivers the one degree Fahrenheit rule.To raise the temperature of one gallon of water by one degree Fahrenheit requires 2,100 calories.
faithful	On-screen, Stern says he's remained faithful to his wife--and by all accounts, that is true.The structures are broken up into small pieces and distributed to the faithful as talismans.
fame	The Wall Street Journal front page presents a new candidate for the Chutzpah Hall of Fame.He's lied frequently about his education and military service, and he has a yen for fame.
famine	And the treasury was empty after earthquake, famine, and plague had crippled the economy.The Great Famine struck in 1845 with a blight on the staple food of the poor, the potato.
farewell	The WP admits that it was mistaken when it said previously that the farewell parties the U.S.They bid farewell to one another and then leave the homestead under the escort of their relatives.
farther	Back on the main road, a little farther west, keep an eye on the fields on the north side.Each day I've tested it, my Access Guide has lagged farther and farther behind the others.
fashionable	At least one historically fashionable establishment still resides here in all its glory.This perennially fashionable resort is particularly popular for family skiing holidays.
fasten	[Lit. to fasten one's nail to somebody]What all appearances neglected to consider, but the Brookings study did not, was the 2.97 seconds that it takes, on average, to fasten a seat belt.
father-in-law	Embarrassed, I gave my father-in-law money to give to the hostess to cover our meals.uh-huh well my my uh stepfather and them have my stepfather my father-in-law and them have that
fatigue	, escape from predators) but fatigue when sustained periods of activity are required (e.g.Dyspnea is often associated with other common symptoms: fatigue, cough, anxiety, and pain.
faulty	faulty accessing: a funfair of trumpets; a prawn in the game; I know you like the back of my head.In come the battle droids and out come the light sabers, which still hum like faulty fluorescents.
favorable	The Wall Street Journal reports that 71 percent of voters hold a favorable view of Glenn.Each spring, provided that weather conditions are favorable, it becomes a home to flamingos.
fax	To receive a copy of the brick form, you may call, fax, e-mail or simply send in your $25.He's entirely dependent on Bergman, with whom he mostly communicates by cell phone and fax.
fearful	Their churches were violated and they were forced to convert, or to worship in fearful secrecy.Mitch, in contrast, scores low on fearful distress and high on positive mood.
feasible	7 mpg standard might exceed the "maximum feasible" level for 1998 indicated under 49 U.S.C.Establishing a set of logical rules for the precancers is, at this time, not feasible.
feast	People flock here on 23 April, the feast day of Barcelona’s patron saint, Sant Jordi (St.Columbus named the island after St. Martin on that saint’s feast day in 1493, or did he?
feather	Birds of a feather flock together Better proceed with caution here, could be tricky.A similar little/ great, low/high distinction--that is, birds that are not exactly of a feather.
feeble	Woodward doesn't know from context, though in recent books he has made feeble efforts to stipulate some.It is easy to reuse, and more important, each new usage reflects an attempt at creativity, however feeble.
fertile	That, of course, is precisely why Java has become such fertile ground for cyberevangelism.They developed into farmers with settlements and pastureland on the fertile Messará Plain.
fertilizer	Prudie also thinks the name unfortunate, sounding, as it does, like the well-known fertilizer.In exchange for 200,000 tons of fertilizer from South Korea, North Korea will discuss family reunions.
fireman	Derek's father was a fireman killed by a black drug dealer while battling a blaze in a crack den.let's see and we we found a part time fireman and policeman and in their so so called spare time they moonlight
flare	The margin of the operculum is thickened but does not yet flare.The Washington Post photo department, says Quinn, thinks that the "brilliant shaft of multicolored light" is lens flare.
flock	People flock here on 23 April, the feast day of Barcelona’s patron saint, Sant Jordi (St.Gardner wrote in a 1775 letter, “I have often wished for a good flock of Priory sheep.”
flourish	"Governments create an environment in which entrepreneurship and producers can flourish.No relationship can flourish without shared interests, and the president's are no exception.
flu	Some hospitals are delaying elective procedures to deal with the influx of flu patients.If you totally chicken out about stating your reservations, there is always the 24-hour flu.
fluent	Although he doesn't know much Chinese or Urdu, he is fluent in French, German, and Italian.So I guessed that the old gentleman was Jewish, and I would bet that he was fluent only in Russian.
flush	And the actors constitute a royal flush--OK, OK, enough with the poker metaphors.(iv) adding to the flush language at the end a sentence to read as follows:".
fog	[19] cloned fog-2 , a gene required for spermatogenesis in hermaphrodites but not in males.(War, curiously, is full of meteorological metaphors: a "hail" of bullets, the "fog" of battle.)
fond	Prudie, for no particular reason, is quite fond of Microsoft and, perforce, their browser.GE's Jack Welch is fond of saying that the key to success is changing before you have to.
foolish	And I'd rather people ask a foolish question now than have them make a dumb mistake later."Any sure thing attracts too many hackneyed ideas, like Wolff's, and too much foolish money.
forbid	Beatty can forbid interviews, decline to answer questions, and refuse to appear in public.Did he have to settle for UCLA, Santa Cruz or, God forbid, one of the Cal State campuses?
foreigner	On and off the beach, every foreigner was plagued by hawkers as adhesive as bush flies.It has been suggested that it’s impossible for any foreigner to understand the Israeli psyche.
foremost	Consistency: This is determined foremost by whether the toothpaste is a "gel" or a "paste."Still farther south is Kenchoji, founded in 1249, the foremost of the “Five Mountains. ”
fortunate	but anyway i haven't uh haven't got so fortunate as to get into any of those companies yetwell we're kind of fortunate we're right about halfway between National Airport and Dallas
fountain	A copy of Verrocchio’s delightful bronze cherub tops the porphyry fountain in the center.Islamic homes centered around a large central hall called a qa’awith a fountain in the middle.
fox	On the other hand, the U.S. is emerging from Desert Fox as committed as ever to sanctions.Some of the questions Tony Snow and Brit Hume asked Starr on Fox News Sunday last weekend:
freight	With horses, wagons carry freight and have four wheels; carts may carry anything but have two wheels.But if government can't reroute the freight train in a better direction, it's hard to see how it can derail it.
friction	But everybody agrees that there is now considerable friction between Congress and Clinton.The friction between the second ply and the first can create a wrinkle in the first ply.
fridge	If it had been a Bud or two from the fridge we wouldn't have given it a second thought.Sometimes a magnet's fridge magnet, (again not a possessive) might be given away.
frighten	Even the mere mention of the Buddha's virtues is enough to frighten them.i don't know it it kind of frighten me in in one way because it it seems like it's um it's kind of a personal you know your
frog	Figure . shows a frog and fly, each characterized by an NK landscape, coupled together.The latest collection of witty stories by Moore ( Self-Help , Who Will Run the Frog Hospital?
frost	but uh up until Thanksgiving really uh well we usually get our first frost middle of NovemberSo why don't we leave poor Morris behind to enjoy his Robert Frost and Edna Millay?
fruitful	Experimental screens for novel ncRNAs may prove more fruitful for unstructured ncRNAs.Future genetic studies may be more fruitful when the validity manipulation is included in the ANT.
frustrate	You're absolutely right about companies' trying to frustrate and annoy their customers.Gradually, spike one's guns came to mean `frustrate the enemy by blocking his intended plan of action.
fry	8. Phony-Baloney Bipartisan Pledge of Campaign Finance Reform Press Conference and Fish FryThe resulting unidirectional charge transfer, Fry speculated, could stimulate neural tissue.
fur	To this, I offer only the standard fur-industry reply: Fur farming doesn't have to be cruel.Fur is back, too, as are delicious pile fabrics, so that luxury can be combined with utility.
furious	Clinton reportedly was furious but told Netanyahu they should put past snubs behind them.Every article also interprets the furious GOP-Democratic sparring as a depressing harbinger.
furnace	Far from being the perfect furnace of heaven, it has a face covered with celestial zits.The ﬁrst record of Pest, meaning “lime furnace” or “ovens” in Slavic, comes from 1061.
furnish	uh lately i've been on the whole very practical and uh i'm trying uh to to uh furnish a homeOnce you have created such a garden "room," you can furnish it with any seasonal delights you like.
gallon	but for uh just shrubs say five gallon or one gallon shrubs any time of the year is fineand uh you know V-8s seem to be a return of the days of you know ten or twelve miles a gallon
gardener	uh just about anything you would want in Texas as a gardener is here just around us you knowAs every gardener knows, you can regenerate entire plants from the smallest cutting.
gaseous	11360-070]; and 1 μg/ml FSH [NHPP, lot AFP-7028D]) and incubated at 37°C in a 5% CO 2 gaseous atmosphere.2) There can't be life on these planets, because they're too big, too gaseous, and too close to their star.
gasp	We would no longer need to debate dada legal technicalities and gasp over sordid details.Is it the last gasp of a former culture that wants to hold back the new one?
gauge	so but i i don't knit my something goes wrong with my knitting the the gauge doesn't workThe heart was removed from the chest and the aorta was cannulated with a 23 gauge needle.
generator	“The plan is the generator” preached Le Corbusier, but with Gehry, the plan is the result.a unit that, during 1985, served a generator in any State that producedelectricity for sale.
geology	For such a small tract of land, the geology of the Lake District is actually very complex.Whatever you can contribute, you will be helping to support a geology student at IUPUI.
geometry	In other words joining and positioning also require cell growth of a particular geometry.The geometry of individual cell growth is ultimately responsible for the observed patterns.
germ	The results suggest that Dazap1 is expressed in both somatic and germ cells in the testis.The expression of DAZAP1 during germ cell development paralleled that of DAZL (Figure 5).
glare	George W. doesn't glare much, as far as Chatterbox can tell, but his smirk may be an expression of disgust.Sweat popped out on his head in the close-up glare of television lights.
glide	Exotic trees and flowers are mingled with statuary, and black swans glide across a small pond.This is true even when they glide along country roads with large bundles balanced on their heads.
glimpse	But as a glimpse into the world of conservative journalism, Brock's article is revealing.With some careful timing, modern visitors can capture a glimpse of that miracle of light.
glitter	Hidden beneath the glitter are veins of the old royal and romantic Waikiki (see page 28).Their showbiziness isn't just in the dramatic fabrics, bold cut, and applied glitter.
globe	But the Globe also alleges he has been distraught over rumors that he's a child molester.According to the Globe , however, things aren't quite so hopeless at 1600 Pennsylvania Ave.
gloomy	The rosy spin: The computer method is working . The gloomy spin: Playoffs would be better.Who needs some gloomy Gus who harangues you about torture, rape, and murder all the time?
glorious	The roguish image of the city’s present might make it easy to forget the city’s glorious past.The ardent, pious wife, taming the young prince, guiding him to his glorious destiny.
glow	This morning's reference to McCarthy by Drew Pearson in his column had caused him to glow.The Bushes are positioned in such a way that the fading light infuses them with a honeyed glow.
glue	Official-English supporters maintain that language is the glue that holds us together.The Yankees can actually be referred to as the glue that held the century together.
goat	Most of our goats were just regular farm goats, but this particular goat was registered.01% NaN 3 ). Cells were blocked by incubation on ice in goat Ig (Sigma), 2 mg/ml, for 45 min.
goose	Now replace "a duck" with "$1 million" and replace "a goose" with "a 10/11 shot at $5 million."and good food in the Blue Goose yeah that is a good place where do you like to eat
gown	She is always described as having long hair, down below her waist, and is seen wearing a white gown.In other respects, the image is that of an Asian kewpie doll--powdered face, braids, tassels, and a silk gown.
graceful	Don’t miss the graceful, 19th-century statue of Leda and the Swan in the inner courtyard.The graceful open­work spire was added in the 15th century by Johannes Hültz of Cologne.
gracious	His father's gracious acceptance of death is a braver act than any macho journey could be.The western shores of the lake are lined with gracious villas nestling in perfumed gardens.
gradual	The PEA identified a gradual increase in the proportion of resistant virus from 14-P2 (0.Gradual bleeding up to 15 ml/kg in these three rats led to a 30-40% reduction in MABP.
grammatical	But we do get several complaints a week about misspellings, grammatical errors, and so on.I have been intentionally vague regarding the grammatical subject and object of these verbs.
granddaughter	Weld comes from wealthy, pure WASP stock and married a great granddaughter of Theodore Roosevelt.His son Bill was a professor in the Princeton math department, and his granddaughter Julie was my best friend.
grandson	Bradley, the son of sharecroppers and the grandson of slaves, was mayor from 1973 to 1993.France seized the chance to install the young grandson of Louis XIV on the Spanish throne.
grape	It’s perfect with dessert and preserves all the sweet, distinctive flavour of a Muscat grape.They had a grape arbor, where the grapes grow, and my mother to this day hates having grapes.
graph	A week or two ago, I heard Lord Carrington pronounce graph as “GRAFF,” with a sharp “a.”Simultaneously percentage cytotoxicity (line graph) also rises from a basal value of 12.
gratitude	It is simple, dog-like gratitude for a reason to declare the presidential race more interesting.You made an "oral" expression of gratitude, which was, of course, also "verbal."
greedy	Bloated, sloppy, and greedy, the band regurgitated a medley of '70s hits to vast applause.Ian Holm's portrayal of a guilt-wracked yet greedy lawyer is said to be especially skillful.
greenhouse	Energy-related activities are the primary source of U.S. man-made greenhouse gas emissions.um so i don't know what's happening if it's you know we are the greenhouse is i don't really know
greeting	There'll be greeting cards filled with loving sentiments, and brightly wrapped gifts, too.We picked up pretty easily the, um, phrase for, you know, "Hello," or a greeting is "Hey!"
grieve	If she conceives a conception and receives at a reception , why didn't she grieve a “greption” and believe a “beleption”?Rather than grieve for the homes they had left behind, the industrious Moors set about making Granada the grandest city of Al Andalus.
grind	And some economists with no particular ax to grind simply have doubts about the methodology.It was once used to grind paint from pigments, and was put here in 1737 as a distance marker.
groan	An article on the California governor's race notes the emergence of--groan--"socket moms."Finally, turning to her toilet, she rested her face in her hands, and gave a sort of groan.”
grocer	My dad sold them to the grocer and I wouldn't ever eat another chicken that came from the grocery store.so both guys paid it because the grocer was in essence collecting it
gum	Hand down the edict that the newly braces-free child may chew gum only when she is alone.And Role feels that gum hasn't been adequately explored for its therapeutic potential.
gunpowder	… The top 10 inventions include electrification, contraceptives, gunpowder, and calculus.The explosion of gunpowder is evidently the same, as is the flight of the cannonball.
gymnasium	If that is not enough, there are also swimming pool, jacuzzi, sauna, and gymnasium.The USAir Arena sits on the edge of the Beltway, old and dim, not much more than a big gymnasium.
habitual	In the largest studied sample, elevated BMI occurred for habitual sleep amounts below 7–8 h [2].2000; Hawley 2002; Flück and Hoppeler 2003), including habitual level of contractile activity (e.g.
haircut	"haircut" for spending on programs other than Social Security, Medicare, and Medicaid.and then but what i'm going to do tomorrow i'm going to get up and go get my haircut
hamburger	i used to love hamburger joints and i don't go to them i don't eat hamburgers anymore butum-hum um-hum yeah we have we usually have most of it made into uh hamburger meat though
hammer	The only thing missing is the babe running up the aisle flinging a hammer at the screen.--Homeless Turkish carpenter Yusuf Okul, who often wields a hammer, reacts to recent aftershocks.
handkerchief	· To the guys who carried an extra white handkerchief in the back pocket of their chinos.You can tell the difference by wetting a corner of a white handkerchief and rubbing the carpet.
handwriting	The disabilities include such dubious afflictions as "dysgraphia"--that is, bad handwriting.you don't think Parcells saw the handwriting and thought he'd be better to go out as a winner
handy	um-hum yeah and yeah that's handy and they're just there you know when you want to use themHandy or Ellington or Stevie Wonder in rap; it's a negation of a century of black music.
harden	First, these rules harden public attitudes toward everyone accused of a crime.In some ways they don't gel, in others they harden into cement.
hardship	But somehow the mode of travel--and the hardship of that travel--becomes the movie's message.Can we ask her to have her dad pay for a portion of the dresses so it's not a financial hardship for us?
hare	In following years, Hare became more interested in the soul of Britain under Thatcherism.An embittered Hare pledged not to bring another play to New York until Rich stopped reviewing.
harmful	It's weaker: it's doing something in disregard of the fact that it's likely to be harmful.Adultery by one's parents, even über parents like Bill and Hillary, is harmful to the child.
harmony	Purchasing information: I ordered the Tush-Cush from the Harmony catalog for $40, plus $6.But the chief reason for relative harmony is the object lesson of the last few elections.
harness	So if computers are getting more powerful, shouldn't we developers harness that capacity?The cover story urges government action to harness the talents of retiring baby boomers.
harvest	Only a small proportion of the harvest goes into wine-making; they prefer beer and rakı.Avidin-coated beads were used to harvest the biotin-labeled DNA strand from 50 μl of product.
haste	For their failure, haste, and return to Huffman, see FBI report,"Hijackers Timeline,"Dec.Naturally, there is less need to acknowledge service when one is enjoying haste cuisine.
hasten	I knew Govenot well, I hasten to say, but, from Morton's account, neither did anyone else.Of course, the Republicans hasten to make it clear that they don't actually advocate murdering Saddam.
hasty	If it looks clear, beat a hasty path up to Pico do Arieiro first thing in the morning.A guide demonstrates this by pouring water down a tube into the earth, then beating a hasty retreat.
hatch	cc: The Honorable Orrin G. Hatch Chairman, Committee on the Judiciary United States SenateOrrin Hatch is considering holding hearings on Reno's conduct of the fund-raising inquiry.
hateful	Doing the same thing to, let's say, blacks or Jews, is hateful and mean-spirited ...An excerpt of Oval Office recordings captures Richard Nixon's most hateful ravings.
hatred	Tim, let me just say this: In this heart, there is no malice or hatred of any individual.When Western troops cross the Yugoslav border, they will find nothing but graves and hatred.
hawk	Bird-watchers can spot, among many species, red-tailed hawk and the occasional bald eagle.A hawk is, in fact, simply another kind of tool, used to this day by plasterers and masons.
hay	Parents use her name to scare little children into obedience: “Hay viene La Llorona . .[And] if you're looking for a needle in a haystack, adding more hay doesn't help any."
headache	Common complaints are fatigue, joint pain, headache, difficulty sleeping, diarrhea, or nausea.Or should I just assume he'll find the bottle in the medicine cabinet when he gets a headache?
headmaster	(In the novel, a headmaster actually refers to the hero and his friend as "Dumb and Dumber."In a recent letter in Sunday Times Books [18 October 1992], a West Sussex headmaster wrote as follows:
heap	It will not do to heap scorn on -athon and denounce athoninators as licentious with language.But like Sherman McCoy, Croker is a Master of the Universe who has run into a heap o' trouble.
heir	When Robert the Bruce died in 1329, his son and heir, David II, was only five years old.The two groups squabble over the legitimacy of Farrakhan's claim to be Muhammad's true heir.
helpless	As he barked instructions--keep your hands in the air, spread your legs -- I felt helpless.The point is, I liked the Salter piece, even though it left me feeling absolutely helpless.
hen	[W]hen you're a star of her magnitude, fashion will always return to you, hanging its head.The hen, just for that, Laid an egg in his hat, And thus did the hen reward Beecher.
herd	For example, border collies instinctively herd anything that moves--without any training.' A cutting horse is a mount trained to separate certain cattle out from the herd or bunch.
heroic	The steps of the tsamíko are slow and grand, reinforcing the status of these heroic figures.Bob Kerrey has the best organization and a heroic military background; former New Jersey Sen.
heroine	In A Regular Guy , her latest novel, Simpson has yet another heroine looking for her father.[S]he established herself as a mythical heroine, questing but always true to herself.
hillside	Eight kilometers (5 miles) inland from Fuengirola and clinging to the hillside is Mijas.The capital, Pothia, is a splash of bright color climbing a hillside on the south coast.
hollow	Hence it comes as no surprise to find in the town of Exeter a lowland called Tug Hollow .Sleepy Hollow is Tim Burton's first full-gallop, Grand Guignol, gutbucket horror picture.
honesty	Alas, you are right that there are negatives to John McCain, his humor and honesty aside.In 1976, Jimmy Carter stressed his character, by which he meant his (alleged) honesty.
honeymoon	The companion story, a news analysis by Janet Hook, sees "the makings of a honeymoon" in D.C."America's honeymoon with Bush will begin to turn sour at the end of next spring," she predicted.
honourable	After mentioning these few, they conclude, “At this point the list of honourable exceptions begins to run out” (p.Moreover, the phrases embodied in these songs are to encourage the initiates to become worthy and honourable members of the adult community into which they are to be graduated.
hopeful	‘I am not very hopeful that we'll ever be able to find out where it comes from,’ he says.but i i'm hopeful well i enjoyed talking to you and i wish i wish you luck there in Charlotte
hopeless	such hopeless, astonished pleading, such overwhelmed, untempered pity for the self dying;According to the Globe , however, things aren't quite so hopeless at 1600 Pennsylvania Ave.
horizontal	, are generally regarded as having low horizontal transmission rates in human populations.These composite RE values are represented in Figure 5 as horizontal bars for each response.
horsepower	Or whether those less fortunate are envious of his horsepower.has the uh lean burn and all that stuff supposed to be very fuel efficient so it gives you about the same kind of horsepower
hostess	The persona she cultivates--the warm, welcoming hostess with a close-knit family--is a fraud.Embarrassed, I gave my father-in-law money to give to the hostess to cover our meals.
housewife	no i just just a housewife i just heard about it and found it fun guess i like to talk that's allThe 17-year-old Jess Gupta (male student), for example, is listed as a "housewife" in another filing.
humble	In contrast, Al Gore's contributions come more often from humble folks like my own family.Don't mind telling you, In my humble fash, That you thrill me through With a tender pash.
humid	They came to spend their weekends here, away from the hot and humid atmosphere of Kingston.all right and no and not the humidity i usually think of the South as being very humid
humorous	Fixed expressions that are open to humorous reshaping are, of course, not always reshaped.oh Lord right yeah i i saw the first one and i i thought that was you know pretty humorous
hunger	She struggles daily with a grossly distorted self-image and an unrequited hunger for love.There's the constant hunger for money, exacerbated by the decline in government funding.
hydrogen	Abundant catalase enzyme then converts the hydrogen peroxide into molecular oxygen and water.Energy terms included Van der Waals, electrostatic, hydrogen bond, and torsion terms [ 10 ] .
i.e.	Conversely, if perfectly error-free measurement of the target could be assumed, i.e., if σFor example, hospitals may screen and isolate patients who are likely to be carriers (i.e.
ice-cream	They drive it around the country in a dilapidated ice-cream truck trying to keep it cool.Q: Do you ask us to believe that the downfall of these women was due to ice-cream shops?
idiom	At its best it can enrich the American idiom with phrases, words, and even bound morphemes.Some of the most striking pictures are by Indonesians working in a purely Western idiom.
idle	Or are all these vivid specters really just idle speculations that will never come to pass?We asked if we could rent one of the many trucks sitting idle in the parking lot.
ignorant	More egregious are errors committed because the writer or speaker is ignorant of the facts.Chile is the country, and even the most ignorant Mexican would not call one tamal a tamale .
imaginary	I broke imaginary eggs on the rim of a non-existent frying pan and made sizzling noises.I liked James Surowiecki's in the imaginary universe of The Phantom Menace ("Moneybox").
imitate	Its scientists have made computers that imitate touch and sense emotion in human voices.22 Their responsiveness encourages parents to look at, talk to, and imitate in return.
immense	L.A. covers such an immense area that the first-time visitor can easily feel overwhelmed.The change in my ability to focus on my courses and the personal rewards have been immense.
immigrate	Concerns that Binalshibh intended to immigrate to the United States doomed his chances to participate firsthand in the 9/11 attacks.So You Want to Immigrate to the United States
impatient	I had never met anyone so certain, so intense, so observant, so impatient, so intelligent.Our whole society, not just drivers, has become increasingly impatient and always in a hurry.
imprison	He was sentenced to 7 years in imprison (sic) with hard labor and to indefinite restrictions thereafter.It appears, however, that if another country had been willing to imprison Bin Ladin, the CIA might have tried to work out a scenario for apprehending him.
incline	The absence of religious faith and norms, on the other hand, might incline someone toward homicide.yeah it is and it this has an you know my treadmill has an incline and you know you can get a really good workout on it
incorrect	Lee (as quoted in the Bulletin 's profoundly politically incorrect account) the last word:Employers may have an incorrect estimate of the relative productivities of men and women.
indefinite	For a start, there appears to be an indefinite hierarchy of autonomous agents.Both German and English employ the definite article where the indefinite would be equally appropriate.
indifferent	But first there would have to be seizure of control by some group that was not indifferent.Shields: No, politicians are impervious and indifferent to large [amounts of money]--
indignant	"Let's laugh, if we want to, or let's wax indignant; but let us not forget to understand."But then Miss Manners' "peculiar profession" depends on "sensitive but indignant souls ...
indispensable	The large-scale electronic corpus is indispensable for any sort of dictionary work today.Ajami's book is an indispensable guide to why anyone in the Arab world still listens to it.
indoor	uh-huh um so those are more or less indoor sports how's the weather out there in Georgiawell i would like to we shall see i want it to be a you know indoor outdoor animal next time
indoors	Three employees were hospitalized, and 300,000 residents were ordered to remain indoors.Ferret: "Ferrets pose a threat when confined indoors," said mayoral spokeswoman Sunny Mindel.
industrialize	Customs anticipated that trade issues would assume greater prominence in the coming years as developing countries continue to industrialize, corporations continue to expand internationally, and trade barriers continue to fall.
inefficient	This makes the book subclass very inefficient at serving those for whom it was established.And surely government in the United States today is too large, or at least inefficient.
inexpensive	(So you're saying if I want an inexpensive private dance on Thanksgiving, too bad for me?291/764 598), where the facilities are excellent (including floodlights) and inexpensive.
infamous	Their crisis came on 24 August 1572 with the infamous Saint Bar­thol­o­mew’s Day Massacre.Nazi doctor Josef Mengele, infamous for his work at Auschwitz, was fascinated by twins.
infect	A second question concerns whether both viruses can simultaneously infect a single neuron.They may even infect otherwise straightforward VERBATIM prose, as alert readers will have spotted.
infer	Reading between the lines, one can infer that poisoning a pigeon is not a federal offense.This enabled us to infer the most likely history of the cluster duplications (Figure 6d).
inferior	Exact pressures were measured via a pressure transducer attached to the inferior catheter.Extraocular muscle (inferior rectus) from patient AVI1 was obtained during a diagnostic biopsy.
infinite	John Updike remarked that language has bloomed from the infinite fumblings of anonymous men.DOD briefing materials, Joint Chiefs of Staff, "Operation Infinite Resolve Brief," June 2000.
inhabit	Bats inhabit the darker recesses, but the eerie waters that flow through the cave have no fish.The people who inhabit the new regime are the same as those who dominated the old detested order.
injection	To circumvent this problem, we added a stopcock valve to allow for reagent injection (Fig.Within hours, Clinton administration officials rejected any early injection of U.S. funds.
ink	oh that sounds really neat did you do did you use like a stamp pad an ink okay so you justThe Times editorial board, I'm sure, would make this ethical boo-boo bleed with ink.
inquire	Inquire at the tourism office or check local publications (see page 116) for schedules.The interested reader should inquire about the possibility of additional papers in the series.
insignificant	They either fail to find effects, or have produced statistically insignificant findings.This mail is insignificant, except for FY 1987, the first year the study was conducted.
insufficient	Thus "inequity" (or, more accurately, "insufficient redistributive power") is not a good .Ten women declined to participate, mainly because of insufficient ability to speak Spanish.
insult	("Putz" is a Yiddish insult that literally means "penis" but in common usage means "fool."His books read like good journalism--and that's no insult--but they are not great history.
insure	One of the best ways to insure independence is to properly follow rigorous randomization procedures.When Professor Wright found out how much Philadelphians pay to insure their cars, he gave up driving.
intentional	The study leaves us with the question of how intentional weight loss could lead to excess mortality.Sign atop a gas station near entrance to Holland Tunnel in Jersey City bears an intentional misspelling.”
interference	Particularly low interference levels were observed in the frequency range around 1500 MHz.The initiates are guarded the whole night by senior warriors against outside interference.
intermediate	Transposable elements mobilize either directly through DNA or through an RNA intermediate.5 percent, according to the Social Security Trustees' intermediate actuarial projections.
intern	By evening, the whole country was gossiping about the randy president and the nubile intern.Clinton is the one who screwed (or whatever) the 22-year-old intern and tried to cover it up.
interpreter	b) the portrayal of the interpreter as a person that speaks near-perfect English; andThe Times says the man later told an interpreter, "My roommates are going to follow up on Jerusalem."
interruption	A sudden interruption in electric service, sanity, continuity, or program function.“In almost every case, virus rebounded and no clinical benefit from the interruption could be determined.”
intimidate	3. In 1992, the Clinton campaign hired another private detective to intimidate bimbos.At its best, there is a certain nobility to the Kennedys' refusal to let life intimidate them."
invade	These phenoms invade from Japan--or, in the case of the Ninja Turtles, might as well have.yeah well there's there's all sorts of scare tactics i guess to to invade our privacy and
invention	Within a month of the Bash's invention, the A's marketing department had cooked up a song.The invention of the telegraph reduced communication time from five days to five minutes.
inventor	The obituary mourns the death, at 84, of Otto Wichterle, inventor of the soft contact lens.(This, of course, was a lie--Al Gore was the inventor of corporate voice-mail routing systems.)
inverse	Significant inverse associations were found between BMD, osteoporosis and hip fracture.Effects of rexinoids on CAR responses to agonist and inverse agonist ligands in cells
inward	Dylan, the most inward looking of musicians, a selfish genius, gives that claim credence.Another family of two-transmembrane K +channels called inward rectifier K +channels exists as well.
irregular	At irregular intervals, vegetation-covered mounds indicate other pyramids yet to be freed.The pay is bad, the hours are irregular, and there's that nettlesome FBI background check.
jam	It was as though Jordan was funneling all his frustration into a single thermonuclear jam.That is the feeling that makes the children take out the broken tea pot and empty jam tin."
jealous	The characters squabble like siblings, jealous regardless of whether they have cause to be.I'm jealous of the ideas that guy comes up with--always topical, hilarious, sardonic, smart.
jewel	The jewel of the red stone courtyard, however, is the marble-clad Tomb of Shaikh Salim Chishti.The Kesava Temple, built in 1268, is a tiny, shining jewel in the crown of Indian architecture.
jolly	Reno called off her flamethrowers as well, and it was the beginning of a jolly evening.Clay Pigeons gets off to a jolly start before petering out into hiply modernist irresolution.
joyful	Willey may have been "joyful" that she was going to get the job she desperately wanted.(Well, white churches; the black church is always shown as a scene of joyful noise.
jungle	Beginning with the Johnny Weissmuller films, the jungle began eclipsing the English manor.Besides fishing, jet skiing, windsurfing, canoeing, and jungle trekking are all available.
kettle	Each room is equipped with refrigerator, kettle, hair dryer, and coffee-making facilities.The chirping-bird kettle seemed to prove that high design could also be cute.
keyboard	The perception of pitch, then, is arranged along one dimension, as on a piano keyboard.When will keyboard and word process do something to typewriter and type (if they haven't already).
kilogram	2 to 2.4 mg/kg/min in a 70-kilogram subject) to provide sufficient basal energy requirement and prevent hypoglycemia during surgery.2 units of insulin per kilogram per 24 hours.
kilometer	It is nearly a kilometer (half-mile) long, and it rises to a height of 46 meters (150 feet).The gardens, laid out by Ruskin himself, cover nearly one square kilometer (250 acres).
kindness	Pet is a name for a woman treated with special kindness, indulged as a favorite companion.In part, this is a form of kindness: It is terribly difficult to, say, write a novel.
kite	At hung higher than Gilderoy's kite the author glosses kite as `body'; it is actually a word for `belly.Thus, kite was aptly made from Old English cáta `hawk,' since a kit hovers in the air in the manner of a hawk.
kneel	Near it you’ll find relief for weary feet: several camel drivers often wait around the mosque entrance and will be glad to order their huge beasts to kneel so that you can climb aboard.The priest is surrounded by a circle of masked women, who, upon his command, doff their cloaks, kneel reverentially for a while longer in their G-strings, and then are sent off one by one.
knob	we had uh Pine Knob you know to go skiing and stuff so there were things around there really was pretty niceThe top looks somewhat like a discus, made of hardwood with a steel knob of spike in the center and a lead rim.
knot	The L5 and L6 spinal nerves were tightly ligated by a square knot with 6-0 silk thread.I'm going to cut it with the, a knife, the knot, so the cow can go and she won't die."
lace	Loulé, north of Almancil, is a prosperous town known for its leather, lace, and copper goods.I have a tawny silk blouse printed with a clever blend of black lace and leopard skin.
lag	There is no specific scientific evidence of the existence or structure of a PM effects lag.The Distributed Lag Between Air Pollution and Daily Deaths" Epidemiology 11:320-326.
lame	In Egypt, the semi-official press was determined not to write off Clinton as a lame duck.Next to these challenges, the official U.S. explanations for military inaction seem lame.
landlady	Not all my experiments were successful, and as I mop up the spills I can only hope that my landlady doesn't read Slate .8 White Sheet --A self-taught nightrider (James Cagney) seeks increased stature by literally dancing on the shoulders of his Jewish landlady (Judy Garland).
lantern	"There was not moonlight nor the prick of lantern light from some welcoming home.Great green cupolas, small spiky towers, a majolica lantern, and a bright green and gold roof top the ensemble.
laundry	And what a stroke, making the feminine ideal a mute (who does laundry--always a big plus)!my daughter's like mommy can i help you with the laundry of course you can absolutely yeah
lavatory	On another occasion, Zercher says, she pushed open an unlocked lavatory door to find Clinton standing there, unzipped.4. In our interviews of Shalawi and Qudhaieen, they both claimed that Qudhaieen was only looking for the lavatory on the plane.
layout	The complete layout of this figure (axes, labels, etc.) is determined without any user input.It has retained the grid-like layout of its origins as Taurinorum, a Roman castrum.
lazy	They are staggeringly lazy, so slothful they avoid climbing trees because it's too tiring.But when the sun goes down and the music starts up, there’s nothing lazy about the dancing.
leak	2) The story quoted a White House spokesman saying point-blank that the leak was "false."Her announcement, prompted by the untimely leak of her book proposal, came as a surprise.
learned	"What we've learned," declares Samuelson, "is that the little picture is the big picture."and those are really neat and we learned to do the um transfer pictures on the sweatshirts
lessen	The real immorality, of course, is failing to do whatever is possible to lessen illness and disease.15 an hour says the boost would neither lessen poverty nor slow the economy.
lest	I am on the verge of suggesting another restaurant, lest I "collide" with the other man.Subsequent issues of VERBATIM will consist entirely of blank pages, lest we offend somebody.
lever	well they made a couple trades this this year that uh well Fat Lever was hurt most of the year[ 1 ] assessed laterality using a left/right lever choice on a continuous reinforcement schedule.
leverage	Once the election has passed, your leverage at the White House will be severely limited.Grantees must leverage additional resources to expand services to lowincome person; and
liar	' " (The Liar Liar page is good for some lawyer bashing, and serves up stills and clips.)He must, as the phrase goes, test his own character: Am I going to be a sleazy liar forever?
liberate	Service, too, might be cathartic enough to liberate us from our Flytrap obsession.In fact, the seemingly farfetched act you suggest would liberate the movie.
librarian	University librarian Sally Haines told the Associated Press, "Librarians, we don't censor."Anything that costs more than 5 cents is prohibitive," says Head Librarian Rebecca Oliver.
lick	and uh huh yeah and he's um he's discovered pens and that you lick the backs of stampsBucks also lick soil on which does have urinated to ascertain their mating status.
lid	The revolution put the lid on the nightlife by banning gambling and deporting the Mafiosi.USAT refers to reporting "without fear of punishment," which suggests a pretty tight lid.
lieutenant	yeah no no i'm i'm still in the i'm still a second lieutenant i just graduated in eighty nineReports that he was a lieutenant colonel in the Iraqi Fedayeen have turned out to be incorrect.
lighten	But in general we seem to lighten up meanings rather than darken them.It is a language of humor and it can lighten the darkest of moments.
lightning	The Standard drools over the Starr report and calls for a lightning impeachment process.In his lightning trip through medicine, Blood and Guts: A Short History of Medicine (W.
likelihood	Parsimony, likelihood, and distance methods all resulted in trees with the same topology.The lines further from the trend line indicate the range with a likelihood of 90 percent.
likewise	Likewise, C. pneumoniae, but not C. psittaci, has been described as a tryptophan auxotroph.Likewise, Clinton benefited because he engaged Jiang and didn't really give up anything.
lime	if you uh sprinkle lime on your young plants before they get too big that should help thatThe ﬁrst record of Pest, meaning “lime furnace” or “ovens” in Slavic, comes from 1061.
linen	High on the Hill, the Jocks and the Poms are eating in style, elbows up on linen tablecloths.yeah i wonder i did i literally went in one day in my linen skirt and a sweatshirt
liner	Working with the distance and height, the estimator would assess the ball's trajectory--was it a liner?The only reference you'll find on the album to Mak's previous identity is in the small print on the liner notes: "Exit--2Pac.
liquor	But pork or liquor, to which the Shariat (Muslim religious law) police objects, are not.1) Pleasant Taste : Many young people do not like the taste of liquor in its raw state.
listener	As a listener, one is both stimulated and frustrated, longing to get a word in edgewise.What everyone wants in a conversationalist is not a good talker but a good listener.
liter	The value of rclr of 0.1 liter/min corresponds to the value directly measured by Odeh et.you know two liter SI with the the sun roof and the moon roof and i i bought it loaded
livestock	1921: Humane Loophole in Immigration Quotas Lets Some Foreigners Enter U.S. as LivestockFarmers bring their livestock to trade, and artisans and itinerant vendors sell their wares.
living-room	My overall trade deficit was pretty high yesterday: I spent $600 on a living-room rug, and I earned $0.The medium's blend of fact and fiction is part of its very design; the tube creates a living-room world that sometimes seems as real as our own.
loaf	But then, half a loaf to the Anglo-Saxons was only half , while a whole one was a half .let's see what did we have the last time we had guests over ah yeah we had a uh a turkey loaf
locomotive	so i understand that that locomotive is worth around seven hundred and fifty dollars nowSubject: Environmental Protection Agency: Emission Standards for Locomotives and Locomotive Engines
lodge	bru, Chongong, and Langtang Village, you reach the Langtang Valley, where there are lodgeThe Andros Island Bonefishing Lodge is a prime center for bonefishing expeditions (Tel.
loosen	Brush the inside of flasks with a stiff-bristle brush to loosen any attached material.For example, Ablaqueate ( to loosen ground around roots ): `Absalom, come up from the lake and help me ablaqueate.”
loudspeaker	But neon's cool heat alone did not make the OPEN sign the visual loudspeaker of American small business.Sammy broadcasts into a small wooden block, his pretend loudspeaker.
lubricate	Yet it is perfectly legal for them to lubricate such lobbying with big campaign donations.Come in and see me; I can lubricate and be ready in a minute.
luggage	Some editors prepare for trips by Federal Expressing their luggage to their destination.The high-rear form is also functional, improving both aerodynamics and luggage space.
lumber	I planted bomb disguised to look like scrap of lumber behind Rentech Compute store in Sacramento.is i make it up out of your regularly old forty CPI pressure treated lumber
lunar	Watching the sun's emergence from lunar shadow could damage or even eradicate their vision.Festivals on the first and fifteenth of the lunar month are especially lively times to visit.
luxury	Both New Providence and Grand Bahama have a good range of luxury duty-free goods for sale.2. "Gucci announced that it won a quiet bidding war for luxury retailer Yves Saint Laurent.
madam	That is also true of famous Hoosiers such as James Whitcomb Riley, Eugene V. Debs and Madam C.J.The only women included are cosmetics mavens Estée Lauder and Madam C.J.
magnet	The island is a magnet for fun seekers and serious shoppers, and it serves both very well.Also, an article notes scientists' inability to discover a magnet with only one pole.
maid	We suggest that the Septuagint sees the maid as Jerusalem, the virgin spouse of the Lord.That way, my maid of honor could catch the bouquet without my 6-year-old cousin tripping her.
mainland	At the same time, city-states began to grow in influence on the southern Greek mainland.However, Athenian involvement provoked the Persian king Darius to invade the Greek mainland.
mankind	Aldous Huxley excerpted words from Shakespeare's The Tempest (“How beauteous mankind is!Official­ly, it is termed the “largest basilica ever built in the history of mankind. ”
manly	Bush is the manly governor of Texas, while Gore moderates Reinventing Government seminars.)She coached each to emphasize his manly strengths, relying on hoary, tired gender stereotypes.
manufacture	Some will have been used to manufacture parts or components for other systems or products.Process development, cGMP manufacture and control, and pre-clinical testing of Na -ASP-2 from
marvelous	Marvelous as these actors are, they never transcend the limited conception of their roles.that's when we camped the most when i thinks it's a marvelous activity for younger families
marxist	They also cooperate with Colombia's Marxist insurgents, who control much of the country.Allende is the cousin of Salvador Allende, the Marxist president deposed by Pinochet in 1973.
masterpiece	His latest masterpiece, Prisoners Out of Control , was deemed too graphic by Fox execs.Ickey Woods, fullback for the Cincinnati Bengals, debuted this masterpiece in the fall of 1988.
mat	and these folks were you know about to go to the mat over TV stations that they had chosen orCodz-Pop means “rolled-up sleeping mat,” referring to the curled-up nose on the masks.
materialism	Like greed, materialism is a vice that tends to afflict those with more money than oneself.But we should worry that our materialism is making us lose our reverence for nature.
mathematical	We have shown that it is possible to obtain a mathematical solution to an equity problem.[ 1 ] describe a sophisticated mathematical approach using the fast fourier transform (FFT).
maths	“The jury is out—questions about the fundamental maths are worrying a few people.”
meadow	I think you're right, though: If Meadow heard the unadorned truth, she would be miserable.The image it suggests to your steadfast adviser is of two children dancing in a meadow ...
measurable	PRODUCT - Any discrete, traceable, or measurable good or service provided to a customer.but attempt to correlate the findings of a palpatory procedure with another measurable outcome.
mechanically	um-hum yeah i'm not about the only thing i can do mechanically with a a car is put gas in itPride of place goes to SL Dolly, the oldest mechanically powered boat in the world (c.
mechanics	No more than any other does Feynman overcome the fundamental linearity of quantum mechanics.We face no more challenging issue than the mechanics of "turning," i.e., becoming a vampire.
mediterranean	At the same time, migrants from the Mediterranean countries were trickling into the south.Like resorts elsewhere in the Mediterranean, those on the Costa Blanca have no lifeguards.
melon	I loved Au Naturel , that bare mattress piece with the melon breasts and erect cucumber.R: I saw desserts; I'd no lemons, alas, no melon; distressed was I .
mercury	A true need exists to compare this mercury substitute thermometer with the mercury device.AC is assumed to be the principal reagent used to absorb the mercury in the exhaust gases.
mercy	The carved portico is especially fine, with a statue of Our Lady of Mercy under a canopy."There is no mercy for the dead," commented the Italian newspaper La Stampa about this story.
merry	But apparently it was all a merry mix-up, judging by the response of the companies involved.well oh well all you have to do is go in and give a specimen then go on your merry way
messenger	The signal-intensity ratio of different cytokine messenger RNA (mRNA) to GAPDH was determined.The transcription and translation of the DNA code to messenger RNA and protein is one example.
metric	The computation of the distance metric in the original approach employs a base-2 logarithm.The year's marquee event, "Metric Week," begins this Sunday--the 10th day of the 10th month.
microcomputer	Song was recorded directly through an AD converter into a microcomputer.And how did such a cold and unhuman thing like a telecommunications protocol for transferring files between a mainframe and a microcomputer get dubbed Kermit?
microphone	Movement old-timers resent having to share the microphone and money with so many upstarts.Onstage she'd prop her leg up on the monitor and wail into the microphone like any guy.
microscope	Images were captured with an Olympus FVX-IHRT Fluoview Confocal Laser Scanning Microscope.Prepared slides containing adhered BPAEC were examined using a BioRad confocal microscope.
midday	Meanwhile, the cave itself is a good place to seek temporary shelter from the midday sun.Spaniards only eat paella at midday — often, unbelievably, as part of a four-course meal.
minus	On the minus side: Heather Graham doesn't match up to Elizabeth Hurley as Myers' ladylove.Special diligence was taken to measure the radiated power (forward minus reflected power).
miserable	I think you're right, though: If Meadow heard the unadorned truth, she would be miserable.Snakes, killing our kids, you know, two hours, it's hot; it was the most miserable time.
mislead	Starr, by contrast, seems to think he can mislead us about truths that are right in front of our eyes."Spin" means the administration using the media to mislead the public.
mist	& as she spoke the room filled with a lightAs thick as the mist outside & softly lavenderBut I couldn't open my eyelids for a second& when I did the mist had cleared although a faint
mister	Messrs is now the accepted plural of mister, even for the unrelated and separately domiciled.oh well i suspect that Mister Yeltsin probably knows a lot more about it than he's ever let on
mistress	Few married sweethearts will consider they are loved illicitly as a paramour or mistress!In the midst of the 1996 presidential campaign, it revealed that Bob Dole had had a mistress.
misunderstand	When non-scientists misunderstand the science underpinning a business model, profits suffer.Regarding the Oct. 29 "Today's Papers," I'm afraid you misunderstand how the British legal system operates.
moan	According to Rubén Campos as quoted by Gradante, “it is a moan and a sigh .This general problem is why I get steamed when pundits moan about how candidates are ignoring "the issues."
moist	and they don't they don't seem to melt obviously but uh they keep it uh warm moist and tenderSlides were placed into a moist covered chamber and incubated for 30 minutes at room temperature.
moisture	The premium wiping papers are also embossed, which creates pockets to hold more "moisture."and then i know with all that moisture a lot of the lawns get a lot of disease problems
monkey	Wild elephants and a curious variety of primitive monkey are among the protected species.The extracellular domain of proHB-EGF interacts with monkey fibulin-1C (Additional file 1).
mortal	" 'What I try to write about are the darkest things in the soul, the mortal dreads.While not in mortal danger, many celebrities seem to be having trouble staying conscious this month.
mosquito	In general, bednets and mosquito coils were the most reported mosquito-prevention activity.Mosquito infection status was noted as well as the corresponding location of the parasites.
motel	King was assassinated on April 4, 1968, while standing on the balcony of his Memphis motel.The thing works on the Roach Motel principle--your blood gets in but it can't get out.
mould	Nor is mould like should and would.What had other translators done with this “sunny little psalm” that “has dried many tears and supplied the mould into which many hearts have poured their peaceful faith”?
mourn	Arthur Schlesinger went on television to mourn the death of President John Kennedy.Douglas Brinkley goes on television to mourn the death of celebrity magazine editor John Kennedy Jr.
mouthful	The water from the water-bottle is magically cool, but he pours no more than a mouthful at a time.A tapa is a mouthful of anything that tastes good and fits on a cocktail stick.
muddy	Boardwalk trails and muddy paths take visitors through the forest to the feeding centers.if you get them out of real muddy water then they got a muddy taste to them but if you
mug	It consisted of a ladyfinger dipped between bites in a mug of hot chocolate, hence gedunk .Is it an accident that two of Close's favorite media are mug shots and fingerprints?
multiply	Unless the country's habits change, this rate is forecast to multiply fourfold within fifty years.SLC4A9as a part of an ancient, multiply duplicated EGF-SLC4A-ANK-FGF gene cluster
murderer	The NYT says that he is probably the youngest murderer convicted as an adult this century.Working for Philip Morris isn't like defending an indigent murderer in a death penalty appeal.
mute	And what a stroke, making the feminine ideal a mute (who does laundry--always a big plus)!The Senate is not a mute jury, maintained Harkin--it can set rules and make motions too.
mutton	The "Maharaja Mac" is made from mutton, and customers can top it with sauces like "McMasala" and "McImli."In the 19th century totally different was cat's-head , it being a non-nautical term for the end of shoulder of mutton.
nap	Companies offer dark, quiet nap rooms, reasoning that midday naps help workers maintain focus.And when both news and coloring are avoided, you get the Kuwait Times and a nice afternoon nap.
nationality	6 "Lawful permanent resident" is a term of art under the Immigration and Nationality ActIts population is mostly of the Dai nationality (closely related to the people of Thailand).
naughty	(Although for the most part ignoramuses, these did know where to look for the naughty words.)Everybody has to know all of it, whether it's good or bad and sometimes it is bad, or naughty.
navigation	The "Navigation Banner," that maroon stripe that says " Slate " at the top and bottom of everyI promised to teach you how to use the Navigation Banner, didn't I? So, here goes.
necklace	Much of this adornment is gold filigree, like an emprendad, a necklace of Moorish design.Mom’s necklace is made out of a kind of abalone with a very colorful shell—pinks, purples, blues.
needless	Needless to say, these issues involve much more than just the fringes of postal activity.' Isn't it something stronger: `senseless chatter, needless noise, committing oral nuisance'?
negro	“Burned through several pages was the scorched imprint of the padre’s hand, La Mano Negro.”I can sympathize, therefore, with their rejection of the term Negro as a racist term.
nephew	I tolerated my aunt and her proverbial wisdom until she began applying it to her nephew.Kazimierz’s death in 1370 left the crown to his nephew, Louis of Anjou, the King of Hungary.
niece	But it's Dinsmoor's niece, Estella, who becomes the focus of Finn's fantasy life--and art.well yeah but have you bought a place setting lately i have a niece that's getting married
nitrogen	nitrogen oxides for all affected units subject to subpart 2 of part C at the facility, andA small portion of luteal tissue was excised from each gland and frozen in liquid nitrogen.
noble	After getting lost on a few Web sites, I completely wimped out and went to Barnes & Noble.They take their independence seriously, and--to be less noble about it--they love trouble.
noisy	so mostly it's just kind of one of those things that goes away ah they've got a noisy lineDs knock on tree trunks; Rs hold a leaf in their mouth and clip bits off in a noisy way.
noticeable	One noticeable fact is that rich women, unlike beautiful models, are not all tall and thin.The second point may well be valid, but the question is, would it be a noticeable difference?
notify	McCain-Feingold would "codify" Beck , by requiring unions to notify their members of this right.In addition, we found that the CIA did not notify the FBI of this identification.
noun	—noun, lealty Land o' the Leal, the home of the blessed after death; heaven, not Scotland.The Pidgin word tok by itself means “talk” and its synonyms, in both verb and noun forms.
nucleus	6B, panels 1 & 2) and co-localization of Smad1 and HsN3 was detected in the nucleus (Fig.GFP-BLM accumulates in the nucleus of infected Sf9 cells as large aggregates (Figure 1A).
nuisance	But some consider blast voice mail a nuisance and, when unsolicited, an invasion of privacy.' Isn't it something stronger: `senseless chatter, needless noise, committing oral nuisance'?
nylon	Nylon . Supermodel Helena Christensen starts her own magazine; critics are mildly interested.4 M formaldehyde RNA gel and transferred to Hybond N +nylon membrane (Amersham-Pharmacia, UK).
obey	TV and radio announcers seem to obey changes in pronunciation rather than initiating them.Women's legs obey mechanical laws, of course, and move apart while they are being used.
oblige	But what began as noblesse oblige has morphed into something different during this generation.and uh and they uh their they oblige us by falling asleep so least that's pretty good
obscure	Nevertheless, while Adams's source remains obscure, his application of it does no longer.(a) Averages obscure the fact that most of Clinton's tax increase did fall on the affluent.
occurrence	We have developed Perl scripts to scan the promoters for consensus binding site occurrence.However, as mentioned, the occurrence of even one behavioral problem can be disruptive.
oceania	Examples abound in the writings of authors from the Caribbean, West Africa, Oceania, and so on.
odour	'When ripe the fruit pulp exceeds in foul odour all that is abominable in nature' [ 76 ] .For this purpose the odour and other physical characteristics of the plant are very important.
offend	Subsequent issues of VERBATIM will consist entirely of blank pages, lest we offend somebody.Arab papers have even adopted an "expletives deleted" policy so as not to offend their readers.
oneself	Ray Blanchard's theory of autogynephilia, a term described as love of oneself as a woman.(Today's Papers, incidentally, approves the concept of voting oneself deadline extensions.)
oppress	Keep up means to stay with the pace, whereas keep down is to oppress, or not to disgorge.2 delivers snoozy tirades against the Beauty Myth, "designed to oppress and exploit us all ...
optical	8Atop panel are quantified and plotted as Integrated Optical Density (IOD) of SNIP1 (Fig.The Journal of the Optical Society of America published Bela's second paper [Julesz 1963].)
optics	Photomicrographs were taken by a Zeiss Axioskop microscope using dark-field optics.We're not taking a course in optics in these paintings; we're looking at a couple, and a mighty strange one.
optional	The global standard for identification is a digital photograph; fingerprints are optional.Alternative Allowance Allocation for Units in Certain Utility Systems With Optional Baseline.
orderly	We also don't know how life originates and to what extent it evolves in an orderly pattern.They advocate an orderly weeding, assembling, and categorizing of digital records.
ore	The German word for gremlin is Kobold , an underground sprite believed to put curses on ore.; Edinboro, Pa.; and Springfield, Ore., are not exactly Madalyn Murray O'Hair country.
orient	You can orient the text horizontally or vertically and position the grip for left- or right-handed use.I wondered how he had scraped together the fare for the Orient Express.
oriental	yeah yeah i understand that i like oriental cooking and uh pasta and i have the same problem uhone day we were out just driving and they are always uh oriental people with their little stands
ornament	Long-range shots of the classic hood ornament, and of the car in profile--the stately rhythms hold.The International Style, in its effort to do away with ornament, outlawed trim.
orphan	orphan" G-protein coupled receptors), because every sequence is most similar to something.What if he goes nuts one day and slaps the hell out an orphan, or even better, Trent Lott?
ounce	Editorial writers love to note that, ounce for ounce, the B-2 is five times pricier than gold.Further, the rate for additional ounces is considerably less than the rate for the first ounce.
outdoors	Since a gruta is primarily outdoors it can be constructed as a yard or cemetery shrine.There are so many things for children to do in the great outdoors of the Lake District.
outlet	yes i know i think one of the places i always hit in Colorado is that current outlet storeA piece describes how an outlet mall has transformed the sleepy town of Manchester, Vt.
outlook	The two men became close friends and became identified with their shared extremist outlook.The WSJ's "The Outlook" documents the country's extraordinary residential real estate boom.
outset	39 Textile mills at their outset often provided the principal employment in the locality.Perhaps I can point again at the outset to the central question of an autonomous agent.
outskirt	There is a large, bright, new casino in Schoelcher, the northern outskirt of Fort-de-France.
outward	But within metropolitan areas the movement has been outward, from the cities to the suburbs.To all outward appearances, Disney remains among the strongest companies on the planet.
outwards	From its beginnings more than two thousand years ago, Barcelona has grown outwards in rings, like concentric ripples on a pond.subgraphs rooted at E states, generating subsequences of length 0), and iterates outwards to progessively longer subsequences and larger CM subgraphs.
oval	When Reagan entered the Oval Office, the landscape looked dismal, both at home and abroad."I would take an expression in the Oval Office of 'Dear God, Help Me,' " Bush responded.
overcoat	Hotel residents can spend a whole night out on the town in the winter months without overcoat or galoshes.Lit. enveloping shirt: overcoat
overdue	"Overrated, overlong and overdue for oblivion," says the Washington Post 's Stephen Hunter.The IRS has special weapons for collecting taxes that are overdue (plus penalties and interest).
overhead	Mintie said that all of the money has gone to her recipients -- none was spent on overhead.nExpenses of administration include an appropriate allocation of agency overhead costs.
overnight	Single colonies were selected and grown overnight in LB/amp media (200 ml, 37°C, 300 rpm)."The contents of an overnight bag tossed on a bed which you roll in screaming, 'I'm rich!
overtake	but when you anytime you see a nation go in and just overtake it and it's take it take authority take control it's a i believe it's a spiritualThe Wall Street Journal reports that the chief economist of the Conference Board says next year, Europe could overtake the U.S. as the world's strongest economy.
overtime	This analysis also neglects overtime, which would reduce the demand for workers somewhat.But when I asked my boss about the overtime, he told me I could walk out the door anytime."
owing	yeah yeah i always maintain a zero balance uh i don't like owing anybody anythingright but that's the problem see as our system shouldn't be based on owing and borrowing and all that
ox	' To play a bugle is to blow on the horn of a wild ox, through Old French bugle , from Latin bōs `ox.broad and narrow oxgang the amount of land that could be cultivated by an ox, between eight and ten acres
p.m.	Shopping hours in Ibiza last from around 9:00 a.m. to 1:00 p.m. and from 4:00 to 8:00 p.m.Friday at 8:00 p.m. marks the inaugural telecast of the World Skating League's RollerJam.
pail	you know where gasoline if you leave a little pail of gasoline out before long it's goneThis was Mr. Mug the Milkman, depicted with slopping-over pail and hand-bell, who maintained the alliterative pattern.
panda	It’s the climate in which bamboo thrives, and bamboo is the staple of the giant panda.George Schaller, a leading panda biologist, describes giant pandas as perfectly symbolic animals.
pane	For those who made ends meet by sponging meals, Mangiapane ( pane bread) filled the bill.You'll also see a lot more cool features, such as HTML mail and Preview Pane, to name but two.)
pants	The other moral: Superheroes should never travel without their codpiece under their pants.and not so much our pants but you wear a sweater and a short sleeve shirt underneath that
paradise	Charmed by the tropical paradise, they quickly spread the word about the beauty of Jamaica.Her new novel, Paradise , follows black families venturing westward after the Civil War.
parcel	Speaking of delivery confirmation, it is currently available for Priority and Parcel Post.The Russians have been part and parcel of our effort to try to find a peaceful solution."
parlor	During the Cold War, pundits entertained themselves with a parlor game called Kremlinology.The odd Mullick still hangs around to play Chopin in the ballroom or billiards in the parlor.
passive	Thus, the number of passive vs. active investors will always fluctuate around an equilibrium.In his speech last August, Clinton used weasel words and passive verbs to minimize his deceit.
paste	Consistency: This is determined foremost by whether the toothpaste is a "gel" or a "paste."The statue’s face is entirely obscured by red paste that is smeared on by worshippers.
pastime	Pursuing a favorite pastime was known as riding one's hobby horse , the origin of hobbies .Bowling is also a popular pastime, and both Puerto Vallarta and Acapulco have good facilities.
pave	U.S. strategists hope that killing these loyal soldiers will pave the way for a coup d'etat from within the ordinary army.(Even so, the LAT says in its lead's subheader that yesterday's votes "could pave way for public broadcast" of witness tapes.)
paw	puppy toes a plant of the genus Euonymous, also called cat's paw and burning bushThe paw swelling for each mouse was calculated by adding the four thicknesses of the individual paws.
pea	um-hum do you go like home cooking like Black-Eyed Pea and that kind of thing or cafeteriaThe PEA identified a gradual increase in the proportion of resistant virus from 14-P2 (0.
peach	Um, and then she would read us, you know, chapter at a time of James and the Giant Peach.If you can afford it, we'll happily suck the fat out of a poodle or a peach cobbler.
pear	The retroviral vectors and ecotropic packaging cell line, BOSC23, used were obtained from W. Pear (U.yeah um i i don't i'm not familiar with that pear tree uh but it's a non bearing pear is that right yeah
pearl	Traders followed in his wake, setting up bases in several parts of the Pearl River estuary.If the audience could have half as much fun as Pearl is having, Payback would be a kick.
pebble	The tempting shops and first-class restaurants more than make up for the crowded pebble beach.All others are discarded and the collector can be seen caressing the pebble, rubbing all worries away.
peep	5%) at PEEP opt as compared with PEEP baseline . The pH i at PEEP max was lower in 12 (70.It is also noteworthy that there may be individual variations in pH i in response to PEEP.
penetrate	The needle must penetrate to the corpora cavernosa--the rods of spongy tissue in the penis core.The Moors failed to penetrate much further north than Aveiro about halfway up the Atlantic Coast.
peninsula	T he early history of Portugal is closely related to that of the entire Iberian peninsula.There are about 1,000 elephants on the peninsula, and twice that number in eastern Sabah.
perfume	that's right and my number one pet peeve in a magazine is when they put the perfume in itI cannot wait to see a new perfume marketed under the name Mephitis, Osmatique, or Puanteur.
permanently	Poor day care doesn't seem permanently to harm kids whose lives are otherwise in OK shape.Today the stalls still float on the water but are permanently attached to the canal wall.
pessimistic	Our less pessimistic view of the future of these industries should not be misinterpreted.The pessimistic fine print: drug abuse among young adults and minority groups is rising steadily.
petroleum	The center of Terengganu’s petroleum industry is Kerteh, with its refineries and gasworks.the petroleum pretty much i mean those petroleum products i think are the big uh you know
philosopher	But it's all connected, as some famous philosopher once said, or maybe that was my mother.Neuharth, it turns out, is a more important 20th-century philosopher than anyone expected.
photographic	Avedon has done much to revive the portrait as a central genre of photographic art.I mean, you basically just have, you know, it's not, like, um, photo, photographic.
physicist	The physicist studies redundancy in the context of order and disorder of physical systems.But abundant caution: I am not a physicist, the problems are profound, and we risk nonsense.
picnic	we go out to the my dad's farm and uh and you know it is just a picnic and spend the nightAll 15 of us have been invited to a picnic/hot tub grand opening party, to use her words.
pierce	Protein concentrations were determined using the BCA Protein Assay (Pierce, Rockford, IL).Protein amounts were measured using a BCA assay kit (Pierce, #23227) and spectrophotometry.
pigeon	Reading between the lines, one can infer that poisoning a pigeon is not a federal offense.My only regret is that I passed up a chance to order roasted pigeon in Florence.
pillar	Pillar of Fire: America in the King Years, 1963-65 , by Taylor Branch (Simon & Schuster).His architect, Deepa, is also here, in the third row of pillars, first pillar on the right.
pinch	Adequate anesthesia was demonstrated by little or no withdrawal reflex to a toe pinch.In a pinch, the stage manager, who had seen Charlie at play, led the little boy onstage in her place.
pipeline	This was to ensure that the pipeline could easily be tuned to the needs of the curators.We also needed to adapt the pipeline to different types and qualities of input sequence.
pistol	was recording what was before it or more likely he didn't care, opening up with his pistol,or a UB forty i mean a a pistol would be fine it's more for a scare tactic than anything else
plantation	The hillsides that surround the monastery are the site of Hong Kong’s only tea plantation.It has a couple of sites worth visiting — the Sandwich Glass Museum and the Heritage Plantation.
plaster	hum yeah that's interesting no ours you know wouldn't they were just regular plaster wallsSlowly, I entered each battered room And saw the cracked plaster, the discolored walls.
playground	um we we spend a lot of time at the playground and we go to the zoo and we go and we watchAnother is withdrawal of privileges, such as a visit to the playground or a weekly allowance.
plentiful	As befits the City of Plentiful Water, ponds make up the better part of the terrain.Weekly free time for privileged Americans with demanding careers is still plentiful.
plough	"The term comes from Greek words that describe the way an ox-drawn plough turns in a field."From here he would plough furlongs (i.e., a furrow long), of 10 chains or 220 yards.
pluck	by referring to the goings-on at a chicken-processing plant as a "gang pluck."Is it acceptable to pluck "Little Nut" Miller off St. Kitts?
plug	NOTE: This article includes two live spreadsheets where you can plug in your own numbers.Salesmen will visit your home, plug you in, and explain all the machine's wonders to you.
plunge	As you plunge into this fascinating city, you’ll find that planning your day is not easy.Sheer cliffs plunge dramatically to the Mediterranean, and the cape juts out to sea.
plural	In my dialect of English, however, the plural of post is pronounced something like [poss].It may not even represent the plural of Old English hlyw burial mound as usually explained.
poison	we had to put so much poison out on everything that we thought who'd want to eat that stuffChoose your poison: Slate attracts about 6,000 unique browsers a day and 80,000 a month.
poisonous	Other highlight: A visit to the "most poisonous place on earth," a Nevada nuclear-test site.Reassuring note: Unlike Martinique, Guadeloupe has no poisonous snakes or other harmful animals.
poke	Still, the tip of political e-commerce is beginning to poke up through the Web's surface.And if you need more, there's two years' worth of our archive, "The Compost," to poke around in.
pollute	The radioactive fuel is safely encased, and will not pollute the atmosphere if the spacecraft explodes.and they do all these studies on which ones pollute more and then there's the paper and plastic bag question
porridge	A more unusual dish is a«ure, a kind of sweet porridge made with cereals, nuts, and fruit sprinkled with rose water.English is reduced to a bland, verbal porridge.
portable	Portable Network Graphic (PNG) File showing that mature TGFβ 1 binds to α V β 6 integrin.um i have one uh a Wang or um sorry a Compaq portable that my son picked up at one point
porter	[I]n "You're the Top" Porter does not capitalize on the text's potential for realism.nd strike out with a good trekking guidebook but no Nepali guide or porter. Most pe
portuguese	Only the LAT front pages the award of a Nobel Prize to Portuguese novelist Jose Saramago.From the ramparts are superb views of the Portuguese plains and Spain across the border.
postage	8 million) and if the terminal dues in FY 2000 had been based on domestic postage (-$172.Source for householdlevel postage expenditures and other non-durable goods expenditures.
postman	We no longer are in the position evoked by Auden, passively awaiting a connection with the outside world through the postman.If we allow Tomorrow Never Dies the traditional James Bond logic waiver, only The Postman , of all the major releases, had true lunacy at its heart.
postpone	Andy and some of the SNL people took this to mean you could postpone the laugh forever.There, endless calls for more study postpone necessary but unpopular changes in policy.
practicable	Here, unlike the situation in Kosovo, military intervention is neither necessary nor practicable.Therefore despite the inherent limitations, fecal examination is the only practicable way of collecting data on parasites.
precaution	A negative control without DNA was run with each PCR as a precaution: no contamination was detected.The lysis buffer was used as a safety precaution to minimize work with potentially infectious virus.
preceding	And this $125 is divided between them exactly as we prescribed in the preceding paragraph.We began by deleting a portion of the loop-8 insert, described in the preceding section.
precision	, those that met test acceptability criteria) that were used in the analysis of precision.Most of these are crisp and pithy in the extreme, with an admirable precision of thought.
preface	As Whitcut carefully indicates in her Preface, chapters 3-14 and 18 are “almost pure Gowers.Rayfield says in his preface, "Biography is not criticism," and he assuredly keeps his word.
preferable	A much-less preferable bus service also operates from Barcelona by Transportes Julià (Tel.For most applications of genome polymorphism scans, higher STRP densities are preferable.
preposition	Is it just because I am English that I resent the dropping of a small preposition?"Can you give an example of a sentence that does not contain a preposition?"
prescribe	The computer won't accept my drug orders if I prescribe the wrong dose or ignore an allergy.But doctors are afraid to prescribe high doses for fear of lawsuits and licensing investigations.
presently	Inspecting the Arab-looking beauty through a flat green lens, South presently says, "OK.The Board presently has an active project to address standards for natural resources.
prevail	Only such efforts will prevail in mitigating the effects of both HIV and conflict in Nepal.Yet understanding and tolerance among people of different faiths can and must prevail.
probable	He believed that there was sufficient probable cause for a criminal warrant at that time.It is probable that many CSEs located in promoter regions contain cis -regulatory elements.
procession	In late spring, the streets are carpeted with flowers for the procession of Corpus Christi.Every year the school organized a Las Posadas procession through the streets of Tucson.
pronoun	so if you run for office, by all means use the first-person pronoun so that people won't make fun of you.Sometimes it is not the case that is wrong but the pronoun itself: the organization who; the people which .
pronounce	Critics pronounce Martin Scorsese's biopic about the young Dalai Lama beautiful but dull.), and run into the back room for her textbook in order to ask how to pronounce “banal.”
pronunciation	TV and radio announcers seem to obey changes in pronunciation rather than initiating them.Everyone has a pet peeve, be it a misused word, an unusual pronunciation, or what have you.
proportional	There was a proportional decline in the viral titer of the postcentrifugation supernatant.These scores are proportional to our confidence in the accuracy of the predicted base pair.
prosperity	Commentators opine that their childhood prosperity will make them generous and idealistic.Beijing’s announced policy of maintaining Hong Kong’s prosperity and stability makes sense.
prosperous	Prosperous and colorful, it is well prepared to take the country into the next millennium.Under the Moors, it was one of the many prosperous villages within the Kingdom of Granada.
pudding	Now it seems to be more like rice pudding," and finds this to mean "Voter excitement has dimmed."uh well i made a a um a bread pudding uh fancy style and it came out really good
puff	As for Puff Daddy, isn't he the one who dates the girl with the much discussed big behind?His work ranges from routine commentaries on the day's political news to celebrity puff profiles.
puppet	The Los Angeles Times dismissed Sinn Fein boss Gerry Adams as "a puppet of the IRA's hard men."Barzani insists that he's not Hussein's puppet, and that Iraqi troops have withdrawn to the south.
purify	The rabbit serum was applied to an affinity column to purify the anti-III 1-C antibodies.The Muslims tried to purify the Islamic practice of the Hindu rituals which had accrued over the years.
purity	The Phenylsepharose column increases the purity level to 24%, with approximately 5% loss.Having hit 90 percent 15 years ago, you wouldn't think that heroin purity could keep rising.
quarrel	That herethe essence of a colony's defencewas the substance of the quarrel with its purpose:But he does concede that it is OK, intellectually speaking, to quarrel with Alan Greenspan's judgment.
quart	Simmons American Cookery tells us to use “a quart of emptins” when making plain cake.take about a quarter and a half of milk and i put it in a two quart saucepan and you put it on a really low heat
quarterly	Your gift can be made in one payment, in two semi-annual payments, or on a quarterly basis.Your gift can be made in one payment, two semi-annual payments, or on a quarterly basis.
queer	"And," added my addled friend, "I have a whole idea about the history of queer culture.The too-long but hilarious cover essay exposes the ridiculous academic shenanigans of "queer theorists."
queue	Newly arrived, I taxied to my office and found what seemed to be a queue by the elevators.Bicha in Portugal means a `queue'; in Brazil, it is very crude slang for a `homosexual man.
quicken	yeah i've i've got i've got direct direct deposit i find what i helps a often lot is i have Quickena NYT front piece announces "Florida Passes Bill to Quicken Execution Pace."
quilt	yeah we get help with the quilt so we enjoy that and then i do a lot of quilting on the sideit's very tedious if you don't have a whole group you're not finishing a quilt in a long time
quiz	News Quiz participants are still encouraged to attempt this far more demanding verse form:During the evaluation the supervisors administered a ten-question malaria knowledge quiz.
quotation	For the quotation, see White House transcript, Libby interview with Newsweek, Nov. 2001.Randall, 357 U. S. 513, 519 (1958) (internal quotation marks omitted); see also Regan v.
racket	Most tennis courts and many hotels offer racket rentals ranging between US$3 and US$6 per day.(The Development and Foreign Aid section includes a piece by Maren titled "The Food-Aid Racket".)
radar	The next scene is a closer rear view of the truck, the radar antenna relentlessly turning.The babes with radar for difficult men have the idea that they can "fix" a guy or tame him.
radiate	Dear Prudence, by contrast, must radiate moral absolutism and be judgmental in the extreme.For Subtribe Artemisiinae, the Artemisia -group of species, are sister to the radiate genera.
radioactive	The specific activity of the radioactive thiamine was the same for each concentration used.And Buchanan is "on the cusp of becoming radioactive politically," says Mark Shields ( NewsHour ).
radioactivity	Radioactivity retained on the filters was measured using liquid scintillation counting.In these assays, RNAseH activity is measured as a reduction in TCA-precipitable radioactivity.
radish	raphanidoo thrust a radish up the fundament, a punishment of adulterers in Athens.The detection was brown precipitates as a result of the reaction of DAB with horse radish peroxidase.
radius	03 poise), Q is blood flow rate (mL/s), and r is arterial lumen radius (centimeter) [ 2 ] .To obtain an acceptable lower bound, we calculate the spectral radius at each frequency.
rag	, about $100 if I use Strathmore, a competing paper, which is only 25 percent cotton rag.The island’s homecrafts include weaving the rough Québécois rag rugs known as catalognes.
rainbow	Oncorhynchus mykiss (rainbow trout) and Salvelinus fontinalis (brook trout) (Table 15).For the last two years, Latvia has been governed by a six-party "rainbow coalition."
rainy	record what oh wow that's something we've had a really wonderful Spring it's been rainyDrunk, unable to move his tongue, desperately lonely, he fell into the rainy gutter.
rake	4) The main characters will get out of jail and launch new shows to rake in new jackpots.and she's good she'd think about bringing a rake so you can rake your area out and you know
razor	Suddenly, they attack you with razor blades, shanks, picks, shivs, or sharpened rebar.The plastic package is also embossed with parabolas, and the razor itself is festooned with them.
reap	"Sow according to your charity, but reap according to your lovingkindness" (Hosea 10:12).Those who hold capital reap profits off the backs of those whom they hire as their laborers.
rebellion	He is buried with 2,023 of his warriors, who died in the ill-fated 1877 Satsuma Rebellion.In 1803 there was yet another failed rebellion, led by the great Irish hero Robert Emmet.
recite	Across the street, Catholic protestors in white berets recite Hail Marys into a megaphone.Every day thousands of children in our state recite the Pledge of Allegiance.
recollect	do they like to listen to other people recollect thoughand they love to recollect i mean they just you know and they will just go on and on with these stories and they have such a memory
recorder	22, 2003); NEADS audio file, Identification Technician position, recorder 1, channel 7, 9:41.2) If Brill used a tape recorder, we'd know whether he misquoted Susan Schmidt or not.
recreation	There were generous kid recreation grounds, the unfenced backyards through which we swarmed.piddling room a craft shop for prisoner recreation, supervised by prison employees.
reed	Jack Reed, D-R.I., said the United States should tie its Indonesian aid to the referendum.Reed called for racial "enlightenment" and predicted, "Bill will try to make that happen."
reel	Lewinsky, appearing far more sophisticated than in the previous head shot or the CNN reel.Nauseated, I fixed on Hanks because I knew the star would survive until at least the last reel.
refine	Excite's site uses some of that artificial intelligence to help you refine your searches.We welcome challenges to our methodology and use them to refine and improve our rankings.
refresh	Why don't you refresh your recollection for a while, and we'll talk when I'm back.It might indicate only that Clinton was trying to refresh his recollection.
refreshment	Finally you can allow yourself to head into Kritsá, perhaps to take some well-earned refreshment.For some this may sound like hard work, but don’t despair: beach-bar refreshment is never far away.
refuge	Blessed with their own microclimate, the mountains are a blessedly cool refuge from Trinidad.In addition, continental skeptics about the euro have been buying pounds as a refuge.
refute	How Bauer could refute such perceptions, questions, and discomfort was equally ambiguous.Someone who writes book after book to refute what he doesn't understand is just a crank.
rehearsal	The CIA planners conducted their third complete rehearsal in March, and they again briefed the CSG.Another theory: The burial is a " 'dress rehearsal' for the eventual burial of Boris Yeltsin himself."
rein	What rein can hold licentious wickedness When down the hill he holds his fierce career?Dole has promised to rein in auditors , calling their methods "crass and callous."
rejoice	Still others rejoice that the narcissistic characters finally got their comeuppance.In towns around Cuba you’ll meet tourists who — like jailbird escapees — rejoice at having gotten out of Varadero.
relativity	...Einstein's Special Theory of Relativity does not say that E = MC² and in leap year MC³.The set of possible solutions is the configuration space allowed by general relativity.
reliance	Thom touts her reliance on "oral histories of many founders and long-time staff members."It's not just the increasing complexity of technology, but our increased reliance on it.
renew	Please renew your support today for the opportunities and experiences your gift provides.For two decades, Congress repeatedly voted to renew fast track, and by large margins.
repent	The hardhearted spin: Sharpton continues to rationalize rather than recant or repent.Critics assume that Clinton has to explain or repent his sexual sins.
repetition	Once something is published by anyone, it becomes fair game for analysis and repetition.Codes were added to the scheme as there was repetition (approximately 5 or more times).
reproach	' I know with absolute certainty that Lamar Alexander is without reproach."It wasn't necessary to disclose that the "information" had come from Starr's office, since his office was above reproach.
resistant	Bacterial endospores that are particularly resistant to agents such as disinfectants (e.g.Infections with resistant organisms represent a serious menace in critically ill patients.
respectful	Respectful praise for PBS's two-part documentary on the "real" Jesus, served up for Holy Week.Respectful doubts about this film about a British war reporter who saves an orphaned Bosnian girl.
respective	identified common components in the respective silencing pathways (Denli and Hannon 2003).These antigens have detection limits of less than 1 ng/ml for their respective antibodies.
restless	okay you work then okay well we get the channel with Young and the Restless on itBoth actresses chronicle restless, unstable childhoods, capped, in each case, by a quick rise to fame.
restrain	Or, if it didn't exactly pull the trigger, it sure didn't tackle the gunman and restrain him.Love your mag, but can you do something to restrain the egomania of your diarists?
retell	Do you remember any specific ones that you could retell?Can you retell the story?
retreat	Disaster was inevitable: invaders from Manchuria forced the Song to retreat to the south.It is possible to retreat into the shopping mall next door for up-market fashions and food.
retrieve	Agency users send information to the database and then can retrieve it from the database.A Rolodex she crossed barricades to retrieve in the days after Sept. 11 is headed for the trash.
revenge	But General de Gaulle gained his revenge by starting his march of Liberation here in 1944.I liked Cook for giving Eleanor's Revenge a nice fat chapter near the start of this volume.
revise	After contacting attorneys about Take 2, Wagonheim is beginning to revise his projections.Does Kuttner therefore revise his view that more regulation is usually better than less?
revolt	Several passengers had terminated phone calls with loved ones in order to join the revolt.Nat Turner thought he was recreating the biblical story when he led a slave revolt in 1831.
rib	as long as you know that it's okay but they have i think one just about the best prime ribThe Boneless Pork Rib Shaped Patty is a shoddy imitation of McDonald's much beloved McRib.
ribbon	yeah i have a friend that goes frequents she frequents and Indian place over there by The Blue Ribbon CafeWhite shirts with ribbon ties made into bows, and the traditional wide-brimmed sombrero complete the ensemble.
riddle	To answer this riddle, I went to the folks who know: the people who are funding his campaign.Another type of riddle is the riddling question, such as “Qué le dijo la luna al sol?”
ripe	'When ripe the fruit pulp exceeds in foul odour all that is abominable in nature' [ 76 ] .Today's WP features a particularly ripe target for the genre--a philosophers' convention.
ripen	When do the claims of seasonal agricultural workers generally ripen?A Florida court has ruled that the claims for the 3/4 guarantee do not ripen until after the end of the work period.
roar	Today its sidewalk cafés shaded by plane trees are a world away from the roar of the city.They may be slowing down in some more developed societies, but they roar along in others.
roast	"It's one of the great British foods like roast beef and pork crackling," he explained.roast chicken oh gosh yeah how do you usually cook your deer how do you usually cook your deer
rob	The next time you burn, call Rob and he'll say, "How old are you and what's your birthday?"Shore Revised , produced by David Axelrod and Associates for Rob Andrews for Governor.
robber	He became a bandit and robber after many wrongs were committed against him by Americans.“I have to hear people talk behind one's back,” as the robber said when the constable called, “Stop thief!”
robbery	The switch on ethanol, which you once called highway robbery, was this political for Iowa?An article investigates the $200-million Isabella Stewart Gardner Museum robbery of 1989.
robe	The Virgen is on the second floor, encased in glass and cloaked in a glittering gold robe.He wears a white robe and hovers over the thieves who have just dug up his grave.
robot	I Robot yeah that's pretty light reading for science fiction those kind of thingsThe robot system is safer than dispatching human rescuers and, when space is tight, more effective.
roller	And he went and he put on his roller skates and he beat everybody back to the pirate ship."The snack bar, the gift shop, the new roller coaster--the entire place is just Annetastic!"
rot	Most non-McLarian ROT members publicly disavow violence, but the possibility always lurks.Tommyrot compounds tommy, `simpleton, fool' (as in tomfoolery ) and rot, `worthless matter.
rotary	Rotary phones have the familiar dial, with a circular motion and finger holes.just a straight table saw or to get one of these uh rotary arm saws radial arm saws i guess what they're called
rotate	In turn, the wind does work on the blades, causing the windmill to rotate.or you're on your way up from regular size and they're all in boxes or bags and they all rotate all the time
rotation	The PCs are divided into reliefs , each working a rotation of early, late, and night shifts.During continuous rotation, patients were turned from left to right six times per hour.
rotten	It may be legal, admits Mara Liasson ( Fox News Sunday ), but it's a rotten thing to do.Not that any of this justifies the truly rotten choices both Bloom and Farrow have made.
rouse	Hunt , hopes its makers, will give its viewers those facts and rouse them to action.To rouse the conscience of the world about perceived threats to "the Jews Hitler missed" in Israel.
rubber	More recently we built a chamber using rubber spacers, double stick tape and a cover-slip.I'm not just endorsing retro-chic when I say that the guy in the rubber suit is more fun.
rude	These rude and unappreciated remarks just slip out; the verbal equivalent of being a klutz.uh-huh yeah yeah i i hardly ever give the people a second try if if somebody's rude to me or
rug	Our last friend, with the Persian rug, was alas trying for a remedy days after the spill.But pulling the rug out from under people who may have no practical recourse is unfair.
rust	right or or they they die of rust years before their major systems would otherwise go outEven respondents agree that "the true speaker in Rust was not the government, but a doctor."
rusty	9. Dangerous toy--but not nearly as dangerous as rusty flying propellers coated with broken glass.yeah yes a a lot of times the the bolts are all rusty and makes it hard to get it apart anyway but
saddle	and uh it had the gray leather package in it and my Allante has um i guess saddle saddle coloredCortada, James W., Best Practices in Information Technology (Prentice Hall PTR, Upper Saddle River, New Jersey, 1998).
sadness	Ben's dutiful recording of miniscule new shifts in foliage slips ever deeper into sadness.Students of human misery can savor its underlying sadness and futility.
sailor	Invigorated à la Popeye the Sailor Man, he proceeded to capture the enemy regiment single-handedly.The RNC says Gore "spends money" on Wolf "like a drunken sailor in port."
saint	The province’s largest town (where it is the custom never to abbreviate “Saint” to ���St.”Their crisis came on 24 August 1572 with the infamous Saint Bar­thol­o­mew’s Day Massacre.
salesman	No one in America today believes that John Gotti was a simple plumbing-supply salesman.The humorless, stilted quality of Miller's writing makes Salesman feel like a dental extraction.
salute	In 1981 he was assassinated by an army officer while taking the salute at a military parade.Creators: the Denver Broncos' running backs, who unveiled the salute at preseason games this summer.
sandy	Lack of a sandy beach has kept the big hotels away, which is just fine with most visitors.The Balearics’ fine sandy beaches and sunny weather make them an ideal family destination.
saucer	It's too bad Ricci's dry, flat voice--so wonderful in modern comedies, when it plays against those saucer eyes and angel-baby features--sounds amateurish amid all these declamatory Brits.The word itself, tapa, is translated as “lid” and derives from the old custom of offering a bite of food along with a drink, the food being served on a saucer sitting on top of the glass like a lid.
sausage	We believed they locked their boys in the sausage shed as punishment for missing shots.sausage oh like a a Owens mild you can i guess you could use the hot if you wanted to yeah and uh you
saw	A few days ago I saw him for the first time since his brother died, and he still likes me.i was just thinking another good one i saw not too long ago was um Sleeping with the Enemy
scar	If the wound to Eappen's skull was new, asked Scheck, why had scar tissue formed around it?The next morning he woke up in a bathtub full of ice with a crude surgical scar in his side.
scarce	Inoculating every child at $30 a dose would divert scarce resources from even better uses.It is disingenuous to say we should do both: Money is scarce and so is political capital.
scarf	Often local Celtic patterns appear in bracelets, brooches (pins), and scarf rings.Unlike the yarmulke, which is strictly symbolic, the folded scarf is functional.
scenery	The scenery is not varied enough to make the bumpy two-hour ride to Amed worth the effort.For a complete change of scenery, take a drive northwest towards the hills and Bensafrim.
scissors	The scissors snip China, India, Algeria, and Mexico out of the map to reinforce the point.scenery is is very entertaining uh and what he does with the with the scissors and uh
scold	Many scold Ross for publishing her memoir while Shawn's 92-year-old widow is still alive.At the top of his short hate list resides popular scold William Bennett.
scorn	The Sex Pistols' Sid Vicious recorded "My Way," a bizarre combination of homage and scorn.No one could scorn them if they were meaningless; then they would simply be empty oddities.
scout	A scout obeys all to whom obedience is due and respects all duly constipated authorities .but yeah that's we uh my my wife and i took the uh the scout leadership training program
scrape	and what a lot of work that was and they had to scrape it and thenIsolation and introspection, those staples of the Bildungsroman , scrape at young Coetzee's sensibilities, refining them raw.
scratch	I swabbed, I purged, I itched The way I'm itching now to get this right So you'll scratch too.On the foreshore near the Bat Cave, a few people scratch a living by harvesting salt.
screw	In eect, the chair object extends a line to the screw object as it says, “I need a lean-on!Both polymers contain SAM subunits arranged as a left-handed helix with a 6 5 screw symmetry.
seaman	Seaman et al has also reported that administration 15 mg estradiol in this model was capable of raising estradiol to 9 times the normal level [ 37, 38].The state seal shows a farmer and a seaman and a moose, who seems faintly disapproving of the lifestyle of the farmer and the seaman, which strikes me as impertinent coming from a ruminant.
seaport	On posters Law distributed in France, New Orleans was pictured as a prosperous seaport.It isn't a mill town or a railroad town, a seaport or fall-line entrepot.
selfish	Dylan, the most inward looking of musicians, a selfish genius, gives that claim credence.Contrary to popular belief, only children are not destined to become spoiled and selﬁsh.
semester	i took one semester off and and i've been taking a class at least one class every semestera few years ago i was a student there and spent um a semester studying abroad in London
semiconductor	but uh in the manufacturing sectors and over in semiconductor and down in some of those labs and stuffSuch tedious techniques are currently used in the semiconductor industry.
sew	uh-huh do you actually sew some clothes for them and that sort of stuff or have you beforeokay well some of the things i like to do are i like to knit i knit sometimes and i sew
shady	This traditional village has a small central square with shady trees and a couple of tavernas.As for your age, you are on the shady side of the actuarial table for new employment.
shampoo	You’ll see plenty of soap and shampoo and, on the Dhobi Ghat, laundry-washing, too.In the '70s, he bullied screenwriters and directors into making Shampoo and Heaven Can Wait his way.
sharpen	Flints are knapped (and not with a knife) to sharpen them.Perhaps Aman will sharpen his perspective and techniques and institute such interviews as a regular feature of Maledicta .
shave	I was standing on the edge, trying to see my ass to shave it, when I slipped and cracked a disc.yeah they do and i told him i said well if you do it you can't shave your hair
shear	In recent weeks the SCMP has warned about wind shear at the airport, which opened last July.Thus resveratrol may act by a mechanism(s) closely resembling that triggered by shear stress.
shepherd	but our Shepherd was almost thirteen years old and it just you know it was almost cruelPresident Clinton must now shepherd the pact through Congress; passage is likely but not certain.
shilling	Last week, the Wall Street Journal editorial page accused Salon of shilling for President Clinton.In 1941 Dent re-issued the book as a Guild paperback at one shilling.
shiver	The shiver is accompanied by a murmur: "The President's on his way downstairs."A staircase creak in a dark old house makes him shiver.
shopkeeper	• The shopkeeper job aid was for a retailer to consult when selling anti-malarial drugs.The majority of the shopkeeper job aids were displayed in a visible location, such as on a wall.
shortcoming	Acting on that truth and playing around with form is anything but a moral shortcoming.Surprisingly, only a few groups have previously addressed this shortcoming [ 3, 4, 5].
shriek	A harsher note is sounded by the shrike , whose name is related to screech and shriek .She looks at the magazines for a moment, then throws them to the floor with a shriek.
sickness	yeah they do i mean it's amazing it's like a an an illness or a sickness or somethingand it was like every weekend i would just it's it was like sickness to me and i just got and just
sideways	Large-circulation American newspapers, to be sure, don't market philosophy, except sideways.From Thursday's London Evening Standard : "Blow to Singer With No Sideways."
sightseeing	The weather can be a critical factor in the pleasure of mountain rambles and sightseeing.The entire area makes for a great afternoon’s break from the pressures of Osaka sightseeing.
simplicity	The mystery surrounding its origins does nothing to undermine the power of its simplicity.In this, too, the stunning simplicity of Tyndale's words caught the public's imagination.
simplify	Both changes signal a stripping down, an old man's effort to simplify, relearn, restart.The smaller pilot data set was used to simplify the interpretation of the results.
sincere	I guess my question really is: How can you tell whether a letter is sincere or fraudulent?Our sincere thanks to all of you and to Kate & Jon Sage for another successful fish drive.
singular	They are singular and powerful works; gathered together, they possess a clobbering force.Then there is the question, Why are both singular and plural forms shown for the headwords?
skate	He acquired a skate from the fishmonger and painted a loose paraphrase of a Chardin still life.And we could skate to the movie or ride a bicycle to the movie and we would do that.
sketch	If the fabric was to have a pattern, there might also be a close-up colored sketch of it.They could sketch or describe new fashions as accurately as their spying talents permitted.
skillful	And they are much more skillful at their business than Disney proved to be in Celebration."Christ Whitens Hearts, Freshens Lives"-- A skillful parody of the Crest toothpaste logo.
skim	46 Efficient classification discourages cream skimmers because it leaves less cream to skim.but uh uh skim milk is what we drink now and that took a little getting use to
slavery	"If undocumented workers didn't have rights, it would amount to slavery," Cervantes said. "Jerusalem was razed, the Temple destroyed, and its people forced into exile and slavery.
sleepy	Sleepy Hollow is Tim Burton's first full-gallop, Grand Guignol, gutbucket horror picture."'Sleepy Hollow' has got to be the most gorgeous, sumptuous, painterly movie ever made ..."
slender	[t]he entire evening is not unlike Kidman's much-discussed body: smooth, pale, and slender."Slender cells with a small, centrally localized nucleus were scored as fibroblast-like.
slipper	Or an archaeologist in the Yucatan who flies her own plane and owns a supper club called The Fuzzy Slipper."Another group of metaphors excluded is the names of natural species such as footman and emperor moths, lady's slipper, shepherd's purse, porpoise, etc.
slippery	3) It's a slippery slope to leaving consumers unprotected in product liability cases.It had been raining so he had to avoid un aquaplaning skid on the slippery surface.
slit	The base plate is a smooth cap with a slit to contain the moving end of the knife.Anterior chambers were examined with a slit lamp and photographs were taken using a 40X objective lens.
slogan	(Suggested slogan: "We do more surrendering before 9 o'clock than most soldiers do all day."Is that the subliminal message of the slogan: "The Right Warner for Virginia's Future"?
slum	All of us agreed that the 1970s were a slum of a decade.The Liberties area, once a slum, is rapidly gentrifying, with new housing and restoration of the original small red-brick houses.
sly	It's also given me the sly sense that I know why other people are acting their way.An article claims that sly telecom firms have figured out how to collude in U.S. spectrum auctions.
smog	well not always depends if you don't there if there's a brief stop then you get the uh smogAnd the Los Angeles Times goes with smog--the EPA rejects California's smog control strategy as being too lax.
smoothly	Many of these developments blend smoothly into their antecedents and later elaborations.The first section, in which Tripp receives legal-sounding advice, is smoothly and efficiently written.
snowstorm	we might get one more little snowstorm in April but i don't think it will amount to muchHow it takes a three-foot snowstorm to shut it down, and even then the subways work.
snowy	But, as in Washington, on snowy days like this, you take what you can get.It is surrounded by yurts, grazing sheep, and snowy peaks, capped by Mt.
so-called	Among the best studied examples of cullin/RING enzymes are the so-called SCF complexes.Robert Novak, the columnist, promptly denounced Ingraham as a "so-called conservative."
soak	Soak 15 minutes in tap water and scrub with detergent, or clean in an automatic dishwasher.Soak 15 min in tap water, and scrub with detergent, or clean in an automatic dishwasher.
sob	Jack and Bob subscribe to a new form of male bonding: They cling to each other and sob.Altman exploits Downey's image like the cold SOB he probably is.
sober	The relatively sober Japanische Kammer contains some prized lacquered cabinets and tables.The soaring vaults of the sober interior have the monumentality of French or German Gothic.
soda	A lifespent thinking in the theaters, drinking inlike cherry soda with mind-numbing fizzThe baking soda is a mild respiratory irritant and for that reason, the workers wear dust masks.
solemn	You're no longer enticingly innocent and desirable but boringly earnest, naive, and solemn.“The land law was on the move--in a solemn progression of rules and technical evasions.
soluble	A smaller fraction of the tested antibodies gave accurate quantitation of soluble antigen.We also found that inducing at an A 600of 1.0 rather than 0.5 gave more soluble protein.
sometime	i know uh here sometime back you know they had had had given him a printout you know of uhwell it's oh it's nice to have the noise sometime it's nice that you don't need that noise
sore	do they exercise much or i mean for skiing i know when i went you can get sore easily butSpecter has a reputation for being a sore winner that he bolstered during the Hackathlon.
sorrow	"It looks terrible," the Fox Washington bureau chief observed, more in anger than in sorrow.Hers is the face of a patient, drugged out of pain and sorrow, drifting on Demerol.
sour	Oxy comes from Greek oxus sharp < IE * ak , sharp and sour both being descriptive of acid.' Tory killjoys struck a sour note by calling the timing of the announcement a Labour stunt."
sow	"Sow according to your charity, but reap according to your lovingkindness" (Hosea 10:12).Randy, I'm always true to you, darling, in my fashion, but sometimes a girl needs to sow some wild oats.
spacecraft	What's involved is launching a spacecraft that can be stationed 1 million miles from Earth.They and their "crew of students" arrived on earth "in staged spacecraft (UFO) crashes."
spaceship	The spaceship comes down in your backyard, crushing a bed of petunias, and out steps the alien.The name SCOTTY would be iced in in green as if it were the name of the spaceship.
spade	Last year, when I finally got my own piece of dirt and took a spade to it, it landed with a thud.So I only wish that while delegitimizing Reed's Christian décor, the author could have called a spade a spade.
span	HGSC's initial approach to gap closure of 3L was to design primer pairs to span each gap.the hundred-plus-year life span of modern art are on every museum's agenda these days ...
spark	Conley had hoped to spark a general discussion of sexism in the medical academic profession.In the 1990s, after being sold and resold, Ms. lost its spark, but it still carries on.
sparkle	Just to free associate, Prudie, herself, loves jewelry and is known to intimates as Sparkle Plenty.Rent a canoe or kayak to explore some of the 500 lakes and rivers that sparkle across an area of 1,500 sq.
sparrow	Malcolm K. Sparrow, License to Steal; Why Fraud Plagues America's Health Care System, 1996At first I was prepared to offer “sparrow grass” (for asparagus ) as elevated Slurvian; I now retract the offer.
spear	St. George’s cross and a shaft suggest a spear being thrust into the dragon’s back.Another school saw al Qaeda as the "point of the spear of radical Islam."
speciality	International cuisine with many interesting dishes; the pies are a house speciality.Ensaimadas — sweet rolls made with lard — are a Balearic speciality generally available on the island.
spectacle	If the process of slaughter becomes a savage yahoo spectacle, then we are indeed barbaric.Five times a day, scuba divers go in to feed the fish, a fascinating spectacle to watch.
spelling	"Yadda yadda yadda ," whose spelling he was uncertain of, "simply seemed funnier than blahIn the map of France it gives the proper spelling, with the English in parentheses below.
spider	The paintings became sinuous lattices, like the web of a deranged and brilliant spider.WWW : Will Smith gets attacked by some kind of mechanical spider, probably not affiliated with the NYPD.
spit	” Obscene spoonerisms represent the pinnacle of spooner-type wit (or is that wooner-type spit?A spit of land reaches out south of the city across Kingston Bay, sheltering the famous harbor.
splash	If the beach or pool begins to pall, kids can make a bigger splash on a giant waterslide.The capital, Pothia, is a splash of bright color climbing a hillside on the south coast.
sponge	He wants to know if Victoria sponge with a Bath bun and Malvern water is of interest.and this is an old older house and it's kind of a sponge is what it looks like to me
spontaneous	"Temperate and spontaneous fun" sounds like something one might have to do in a work camp.All spontaneous chemical reactions, if coupled to no other source of energy, are exergonic.
sportsman	yeah right more because of their personalities than their sportsmanNotice an unusual feature of the giant statue in Cave No. 13: the Buddha’s right wrist is supported by the small figure of a four-armed sportsman.
springtime	yeah we um we usually do probably usually in the springtime or in the fall in the summerthat's what i meant could be the springtime or something like that the kids are still in school then huh
sprinkle	if you uh sprinkle lime on your young plants before they get too big that should help thatHe is not a magical potion that you can sprinkle on your problems to make them go away.
spur	She did it not on the spur of the moment; she did it over a considerable period of time.While the strikes were ethically justified, they may spur further terrorism in revenge.
spy	An article details how the New York Times muffed its coverage of the Chinese spy "scandal.") Newsweek speculates about whether Democratic fund-raiser John Huang was a Chinese spy.
squirrel	A particularly ugly squirrel named Gertrude was atop a tree 65,433,872 years ago.Human brains weigh on average 1,300 grams; a squirrel brain weighs six grams.
stab	Presidential aides used to fall on their swords for their boss; now they stab him in the back.The affidavits also attest that he watched friends stab a woman to death and bathe in her blood.
stain	Consistent with the binding data, this SP analog did not stain rSPR-transfected CHO cells.Kill video poker in South Carolina, and you erase the biggest stain on gambling's image.
staircase	So she climbed the spiral staircase with him to her bedroom and just couldn't believe it.When staircase was induced, sarcomere length was set, and then the stimulation was applied.
stale	Before long, however, the buck-stops-here cliché grew stale, and the story line changed.Critics were equivocal; the Washington Post 's Rita Kempley called it "stale feminist fluff."
standpoint	I think we're nationally recognized, uh, for what we do from just a managing standpoint.From the national standpoint, lower taxes are not necessarily better than higher ones.
startle	In contrast, the DNT includes tests of locomotor activity, acoustic startle, learning, and memory.He goes on to say, “Hispanic graveyards are places of color, where paints, flowers, and tiles combine to comfort the bereaved and startle the gringo” (88).
starvation	Now the mandate also covers "the mass starvation of the Irish between 1845 and 1850."To incur the wrath of the gods would result in drought, a loss of crops, and certain starvation.
starve	you know gee Holly would starve to death if we you know we took her to another country soA mouse must eat about half its body weight every day not to starve; a human gets by on only 2%.
statesman	something and and if we could it's not wise that i guess i'm still looking for a statesmanToday, the elder statesman advises Cambodia's leaders to seek rapprochement with the West.
static	The range of static displacement discharge frequency for 1° afferents was found to be 18.Golgi tendon organs mean L init static discharge frequencies was 16 ± 2 spikes/sec (Fig.
steamer	Instead of flying down, many people prefer to take the more leisurely steamer from Mumbai.A pleasant way to enjoy the lake is to take a trip on the Victorian steamer Gondola.
steer	The damage is cumulative, and eventually the boat takes on so much water it is impossible to steer."I want mine to include a few well-chosen pans, to steer me away from the overrated and the overpriced.
stern	In his memoir, however, Stern writes: "I find nothing attractive about the pregnant form.Shock jock Howard Stern successfully transforms himself into a likable American Everyman.
steward	Asano’s clan steward, Oishi Kuranosuke, and forty-seven of his loyal retainers vowed revenge.J. Barrie Shepherd, First Presbyterian)--Would you ask the divine wine steward what goes with rats?
stewardess	But for all the papers say, the finding makes as much sense as holding a stewardess responsible for a commercial pilot's flight violations.Prostitutes are playfully known as gerla girl-a, super-gerla, spermatorka, spermara, sperm-usha, stewardess, and, because they walk the pavements, granit.
sticky	and um the sticky buns of course would last you know three or four days and that would be itbut um she used to have you know two dozen sticky buns three bread rolls you know every week
stiffen	no the the only way they could do it i think would be to stiffen the penalties on anybody using a gun"It is up to his allies, in particular Tony Blair, to stiffen his resolve that NATO's demands be met in full.
sting	When we meet them at a certain distance, we can usually manage to take the sting out of them.Third parties, as the saying goes, are like bees: They sting and then they die.
stocking	Drug stocking and source of drugs were found to differ significantly by type of outlet.There stands a young man wearing a black stocking cap, a navy pea coat, and a grim expression.
stony	Fertile fields alternate with stony hills, miraculously sprouting trees, and wildflowers.They can look at those stony fields and think that members of their families lived and worked there.
stool	Horsinek B. Miedema J. Noseworthy (vet) Dr. Saltpeter Sylvan Stool E. Rump D. Purpura L.J.M. avium was also detected in other clinical samples: urine, stool and sputum (Table 4).
stoop	No more so than when they stoop to cleaning bathrooms for minimum wage, he says.The movie opens with a spaceship depositing an infant Oscar Wilde on the stoop of a Dublin townhouse.
storey	Going via results for the FDR in Storey [ 12 ] (see also [ 13 14 ] ) it is possible to derive the estimateSee also NSC email, Storey to Berger and Clarke, June 24, 1999.
stormy	He could have thought of: "Stormy weather, can't go on, everything I had is gone."During these stormy years, the castle of Edinburgh was occupied several times by English garrisons.
strap	Ninety-four degrees outside I got nothing on but a jock strap, I'm still dying it's so hot.No it didn't have flowers, just the swim caps with the, the strap that hooked all the way under.
strawberry	Making plain a mystery, "is three-flavor ice-cream: strawberry, chocolate and vanilla."In the 1750s, he had begun a project to enlarge Strawberry Hill, his Thames-side villa near London.
stripe	Five modules driving individual stripes and stripe pairs have been identified experimentally.Ahab predicts four of them (stripes 1, 5, 6, 7), only the stripe 3+4 element is not recovered.
submarine	You will also find the ticket office for Atlantis Submarine in the Havensight Mall.Hence the (quite enthralling) cover story on life aboard a nuclear submarine.
submerge	Nautibus, Sub See Explorer, and Atlantis XII all submerge to 50 m (150 ft) to explore the reef eco-system.These attempts to stamp out free thinking suggest what is really going on inside the GOP: an effort to submerge the battle of ideas.
substitute	A true need exists to compare this mercury substitute thermometer with the mercury device.The company began purchasing this chemical as a drop-in substitute for methylene chloride.
subtract	T value as an arbitrary constant to subtract from all other ΔC T sample values (Table 4).Subtract the shock value, and what you have here is the salon painting of the 1990s.
subway	You mentioned that you were asked to help reduce subway crime in New York during the 1980s.Industrious CW-armed terrorists could kill thousands of New York subway riders in a day.
sulphur	The springs, with their soothing sulphur baths, were developed by the Japanese during World War II.Rhodanese extracts a sulfur from sulphane sulphur containing anions (e.g.
summarize	Taken together the two Times summarize the to-the-moment budget state of play: IN: the $1.These seven propositions summarize the enduring content of the Reconstruction Amendments.
sunrise	One of his early pictures, his Impression, Sunrise of 1874, gave the movement its name.It is an almost spiritual experience at sunrise when the sun’s rays break over a silent world.
sunset	Find a spot for a drink at sunset (which has to be one of the most spectacular on earth).At dawn, its color changes from milk to silver to rose-pink, and at sunset it is golden.
sunshine	oh well we're having sunshine i think it's gonna be up in the seventies today soHRC: If I had any voice, I'd break into "You Are the Sunshine of My Life" and dedicate it to Tipper.
superficial	P53 and VEGF immunostaining was similar in GC patients with superficial and deep invasion.In the superficial layers most prominent staining was found at the epithelium surface (#3).
surname	Years later, Rotcod became a doctor to realize the unfulfilled potential of his surname.Originally a Yorkshire place and surname, it had mainly masculine associations for centuries.
surplus	State and local government net saving has been relatively small, ranging from a surplus ofSo far, the federal government has used surplus funds to reduce its debt held by the public.
surrender	and who refused to surrender to the bullying of Mr. Starr's witchfinder-general"; the U.S.on Late Edition , citing the Serb surrender to the Dayton peace conference as an example.
surroundings	In its Greek form, Judea, it was applied to just Jerusalem and its immediate surroundings.Its Italianate style and restrained proportions ﬁt in exquisitely with its surroundings.
swamp	Where swamp gives way to dry land, you will see the fascinating, monstrous strangler-figs.From the woods I gathered crab apple, winterberry, and swamp maple that looked promising.
swan	2. cardiovascular instability - invasive hemodynamic monitoring with a Swan Ganz catheter;Don’t miss the graceful, 19th-century statue of Leda and the Swan in the inner courtyard.
swarm	He is nearly blind in the left eye, and he can't stand the mosquitoes that swarm around his hut.A swarm of government enforcers peering over a company's shoulder is a strong incentive for it to behave.
sway	He was a member of the Hohenzollern dynasty that was to hold sway here for over 450 years.But some skeptics disagree that any Internet issues will sway the electorate at large.
sweater	and not so much our pants but you wear a sweater and a short sleeve shirt underneath thatCool means it is pleasantly warm by day, and fresh enough for a sweater in the evening.
swell	As with Social Security, Medicare spending will swell as the elderly population increases.As Columbus announced When he knew he was bounced, “It was swell, Isabel, swell.”
swift	You weren't vamping him, after all, and both of you made a swift effort to end the scene.Speakers called for the president's swift exit but disagreed on how best to approach it.
swiss	That was one factor in the recent electoral success of the right-wing Swiss People's Party.A proper language should click along like a Swiss watch, doing its job in a no-nonsense way.
sympathize	I can sympathize, therefore, with their rejection of the term Negro as a racist term.I sympathize with both Buchanan and Warren Beatty viscerally, if not ideologically.
synthetic	Fentanyl is a synthetic opioid ligand belonging to the phenylpiperidine family of ligands.For the completely synthetic data shown in Figure 1a,1bthe signal-to-noise ratios are 14.
tablet	For example, one tablet of Malaratab (the most popular AQ) ranged from $.07 to $.21.One hour after taking his fifth mefloquine tablet he experienced acute amnesia lasting approximately one hour.
tailor	And, second, can we tailor these “nanoscale assembly lines” to perform new and unique tasks?At the very least, they say, schools are forced to tailor curricula to the test.
tame	The babes with radar for difficult men have the idea that they can "fix" a guy or tame him.The birds in this Old San Juan park are almost tame and are sure to feed from the hand.
tan	I mean, they could have gone with the fashionably neutral colors--white, gray, maybe tan.Wolf had the guts to support the vice president's shift to brown, olive-green, and tan shades.
technician	22, 2003); NEADS audio file, Identification Technician position, recorder 1, channel 7, 9:41.NEADS audio file, Identification Technician position, recorder 1, channel 4, 10:02:22.
tedious	As for The Hand , by California neurologist Frank R. Wilson, even the epigraphs are tedious.When I worked at Late Night (oh, no, not another of his tedious stories about the old days!)
telegram	Spelwire and wire-spel for telegraph and telegram have already been suggested by the late Rev.That telegram is omitted from the script, which has Schultz dying immediately after being shot.
telegraph	The invention of the telegraph reduced communication time from five days to five minutes.In the North, the Protestant Belfast Telegraph said that "the mere fact of his presence ...
temper	The heat is year-round (average 25º C/77º F), but so are the trade winds that temper it.That might begin to cure, or at least temper, his wicked and dangerous sense of entitlement.
temptation	I think he's more likely to be caught by that kind of temptation than by a hunger for power.We don't have to resist temptation nearly as often as employees of traditional media companies.
tense	Her partner looked past tense, indeed, completely overwrought, and gratefully stood aside.Bob Barr, R-Ga., is the id of the Republican Congress, the rage beneath its tense smiles.
textile	39 Textile mills at their outset often provided the principal employment in the locality.Currently, no more than approximately 35 percent of textile shipments are for apparel items.
thermometer	A true need exists to compare this mercury substitute thermometer with the mercury device.An ambient temperature thermometer with NIST traceable certificate of compliance was also used.
thickness	It was then dehydrated in alcohol, embedded in fibrowax and sectioned at 5 μm thickness.The vacuum holds the cloth firmly and compresses the thickness of the lay, typically by half.
thirdly	Thirdly, it has been widely used as a model system of various therapeutic interventions in bladder cancer.Thirdly, the data obtained were insufficient to assess the effect of study location on diagnostic accuracy.
thirst	An essay says Washington's thirst for impeachment stems partly from a yen for parliamentary politics.Meticulous oral, nasal, and conjunctival hygiene help to allay concerns overt patient thirst [ 84 ] .
thorn	Its sculptures include a flute-playing maiden and a small nymph pulling a thorn from her foot.Thorn and wynn are borrowings from the Runic alphabet, once widely used in England and Scandinavia.
thorough	The 24-part series, a pet project of Ted Turner, is evenhanded, thorough, and captivating.H: "Oh, our expert veterinary staff will of course be on available to you for a thorough
thoughtful	(Disclosure: Today's Papers was once--it likes to think--one of those thoughtful voices.)On the left you will find a bronze statue of David Hume, depicted in calm, thoughtful pose.
thread	The L5 and L6 spinal nerves were tightly ligated by a square knot with 6-0 silk thread.but i had the wrong side out i didn't know there was a right and wrong side the thread worked
thrill	Don't mind telling you, In my humble fash, That you thrill me through With a tender pash.The cover story claims that Americans have embarked on "a national orgy of thrill seeking."
thrive	Those that adapt and change (and yes, get “corrupted” once in a while) survive and thrive."Stock Hucksters Thrive on the Web," said the front page of the New York Times yesterday.
throne	France seized the chance to install the young grandson of Louis XIV on the Spanish throne.Philip finally gained the Spanish throne under the terms of the Treaty of Utrecht in 1713.
throng	On Saturday afternoons and evenings, the place is a teeming throng of humanity.The Los Angeles Times told readers that "the real news was the wall-to-wall press throng" at the news conference.
thrust	The assault was a failure, but it thrust into the limelight its young leader, Fidel Castro."Otherwise, the thrust to Pristina will have been a spectacular but ineffective action."
thunder	But The Heiress , for all its un-Jamesian blood and thunder, remains the truer adaptation.“That thunder is way up in the sky, far away,” Deb explains, pointing o in the distance.
tick	2 million Americans reported having used an illegal drug during the previous year, up a tick from 11.yeah i yeah my my very favorite one that the top of the tick for me is uh Excalibur i i loved that film um
tidy	They are kept neat and tidy, with water-sports facilities and areas for changing and showering.But if the writing is tidy, it's never glib--it has too much texture for glibness.
tiger	Here you can see tiger moths clinging to the leaves of trees, sometimes in vast numbers.Tiger Woods won the Masters golf tournament and was anointed a Transcendent Sports Phenomenon.
timetable	The ferry timetable runs on a winter (read curtailed) service until the first week in May.You can say timetable (horario) , and you can proyectar something, or programar it.
timid	Bradley has played along, calling Gore "timid" and associating him with "entrenched power."And I once heard a Segovian graduate of Salamanca University say Venga to a small, timid dog.
toast	so it wasn't too bad it really wasn't but i was more in the mood for French toast anyway so1919: Congress Votes for Prohibition, Celebrates With First Toast in Congressional Speakeasy
tolerance	In fact, Americans seem to possess a tolerance and perhaps even a relish for gobbledygook.Popular attitudes even go beyond tolerance for the intrusion into our personal identities.
tomb	The Shrine, completed in 1953, is also the tomb of the Bab, the forerunner of Baha’u’llah.The third tomb, which belongs to the Bene Hezir, is the only one to have been authenticated.
torch	But the torch does not emit a flame: instead a surprising little llama stands on its tip.A year ago she wore an orange jumpsuit and brandished a torch, now she wears a look of remorse.
torrent	James Hewitt, received an astonishing torrent of abuse from the British tabloid press.Watch for Pagla Jhora, the Mad Torrent, just after Gladstone’s Rock (shaped like the statesman’s head).
tortoise	At the Tortoise Pond, visitors feed the creatures special vegetables and “tortoise biscuits. ”In a long accompanying profile, Starr says he is the "tortoise" to Clinton's "hare."
torture	Who needs some gloomy Gus who harangues you about torture, rape, and murder all the time?No one else would criticize him for caving to torture--why did he beat himself up about it?
tractor	I was out there and my dad said I could drive the tractor while we were waiting on dinner.Another thing, uh, that I learned to, how to do very early on was drive a tractor.
traitor	"I would do the same thing again," she said, as people outside her house shouted "Traitor!"My, my, how you have fallen down, you euro-communist, you revisionist traitor.
tram	He probably didn’t expect to be run over by a tram while working feverishly on it, either.If you leave the park and walk up Cotton Tree Drive, you will find the Peak Tram terminal.
tramp	The director, John Avildsen, keeps Stallone small in the frame, as dwarfed by his desolate environment as Chaplin's Little Tramp.Of unknown origin, doxy is variously the low term for sweetheart or mistress, female tramp or beggar, plaything or paramour [toy boy?], even a baby.
transformer	pCR3/syk was used as a template for introduction of the mutations described in the text using the Transformer Site-Directed Mutagenesis Kit (Clontech, Palo Alto, CA) according to manufacturers instructions.
transistor	you know the T I came out with the with the transistor they didn't make beans off of itAnd falling asleep to baseball games that I listened to on a transistor radio I smuggled to bed.
transmit	Rats do host fleas, which can transmit typhus, typhoid fever, plague, and other diseases.In brief, participating hospitals transmit electronic files to the DOHMH seven days per week.
transparent	Appending the coloring to the underlying data can allow transparent annotation by color.Most people would agree that in a well-run democracy, political power ought to be transparent.
transplant	After all, the Post notes, the U.S. suffers from an acute shortage of organs for transplant.When he was fired, Turner's son lost his insurance and his place in line for the transplant.
treason	A Turkish court found him guilty of treason for waging a bloody drive for Kurdish self-rule.Of the 76 doges portrayed here, one is blackened out, Marino Faliero, beheaded for treason in 1355.
triangle	For a good look at Downtown’s architecture, go to the green triangle of Post Office Square.It does indeed have virtuosic moments, but the central love triangle is entirely inert.
trifle	Director/co-writer Nora Ephron's pleasant trifle works because Tom Hanks and Meg Ryan star in it.lang's great quality is that she can pull off even the most anachronistic trifle without patronizing it.
trim	3. Keep your eye on the screen at all times, even when you are trying to trim a child's toenails.And, if the inflation-adjustment rules are changed, that will raise taxes as well as trim spending.
troublesome	More troublesome is the CIA's unprecedented role as purveyor of the official government line.Such children as there are grow troublesome during the '60s, when they rebel against tradition.
trumpet	You said that you remembered the story of Trumpet the Dog and your cousins reading to you.most of the trumpet music's um um Baroque and um um um Romantic Baroque and Romantic
tub	All 15 of us have been invited to a picnic/hot tub grand opening party, to use her words.We feel pressured to attend and partake in the nude socializing in and outside the tub.
tuition	College tuition is rising two to three times faster than inflation, another piece reports.HOPE scholarship tax credits for tuition payments for the first 2 years of college $4,210
tumble	Our successes and failures trickle, tumble, and torrentially build the future of our biosphere.Science, technology, and art tumble into the adjacent possible in roughly equal and yoked pace.
turbine	The OH-58D Helicopter is equipped with a Model 250 485kW turbine engine from Rolls-Royce.0.56 lb/MWh (15 ppm at 15 percent oxygen), if the unit is a simple cyclecombustion turbine;
turbulent	The strategic importance of its location has given rise to a long and turbulent history.The turbulent twenties gave Berlin a special place in the world’s popular imagination.
turning	But these potted wonders changed daily, stretching and budding and turning toward the sun.But turning to McKinsey was a bit odd since the company draws heavily on HLS for recruits.
turnip	yeah yeah i like to eat those green peppers just uh uh whole you know with turnip greensyeah actually just the with the greens not much of the turnips i don't like the turnip parts
twinkle	The owlish Bannen can twinkle without looking dear--there's something saturnine in that face.“Twinkle Twinkle Little Star” sung by a North Indian could have the le in twinkle pronounced “lay.”
typewriter	i typed his Master's papers and things on a typewriter oh boy to have a computer back thensure yeah any more i don't even know if they have if a college kid would have a typewriter
typhoon	Her fervent Republican followers would go to the polls in a typhoon.Chinese has made many contributions to English, among them typhoon, sampan, taipan, tea, silk, tong, Shanghai as a verb, and tofu .
typist	uh you look at uh Frito Lay my wife used to work for Frito Lay as a typist you know transcribing stuff into the computerOf course, not every typographical error should be ascribed to a hidden unconscious motive on the part of the typesetter (or typist).
unbearable	Truth be told, it was not all that hard to come to terms with the unbearable Slateness of being.(Mickey Kaus first noted Stephanopoulos' unbearable sanctimony in this "Chatterbox" item in January.)
unconscious	and i you know we felt really bad for putting her there and stuff she was unconscious and soWhen belief systems are unconscious, they may prove particularly resilient to change.
undergraduate	President Routh, we read, advised an undergraduate, “Always verify your references, sir!”As an undergraduate in the early '80s, he became the College Republicans' master strategist.
underline	These observations underline the need for meticulous quality control during the production of cRNA samples and accurate quantitation of the resulting material.We have to underline, however, that the conclusions drawn on the right ventricular oxygen supply/demand ratio in the two loading conditions are mainly speculative.
underneath	everything all over the place and he had tried to dig his way out from underneath the doorSo, I have my sister's kid here and I'm going to kill him underneath this vehicle shortly.
undo	And they can't undo whatever quick-tongued network-TV guests like Bill Kristol say in 10 seconds.1) If the political chasm is legitimate, and as wide as you describe, yes, undo from the girlfriend.
uneasy	Since you raise the question, you obviously feel uneasy about your frivolous use of the Web.But Beatty has always been, in the words of film critic David Thomson, "a very uneasy actor."
unjust	The Unjust War: Clinton's moral theory, point by point, as expressed in his testimony.Unjust private relationships do not cease existing just because one declares them not to exist.
unkind	Recently, my stepmother-in-law has taken to saying some unkind words about my mother-in-law.uh you know it's sort of somewhat unkind but producing graduates um you know as sort of
unload	and then they say well if we unload them then how are we gonna have time to load themI don't want to unload on her if her behavior is normal, but I have my doubts.
unlucky	In one case, police used a shoe print to link an unlucky Nike loyalist to 36 other crimes.Yet most people prefer B), because in case B) you never know whether you've been unlucky.
unpleasant	The buying experience is unpleasant because consumers suspect they're being fleeced.noisome Has nothing to do with sound or decibel level, but means simply unpleasant or disgusting.
unsatisfactory	Once in Almy and Brown’s Pawtucket plant, Slater found the existing machinery totally unsatisfactory.The summary rating levels include "achieved results," "minimally satisfactory," and "unsatisfactory."
unstable	And the guy was never charged with murder or anything because he was so mentally unstable.However, sedimentation analysis indicates that the insertion mutants form unstable dimer.
unsuitable	Michigan , a state law barred distribution of material that might be unsuitable for minors., not only will donors suffer (see above) but some recipients will receive unsuitable organs.
unusually	It's just that Vogue 's latest scheme strikes us as an unusually innocuous way to pander.By day it becomes a continuous market, with some unusually chatty, cheerful shopkeepers.
unwilling	Because you report that the owner is unwilling to support you, you have limited options.The career folks are unwilling and unable to impose the policy changes the president may want.
up-to-date	There are not a lot of such works available, especially ones as up-to-date as this one.One of the most essential elements of successful research is access to up-to-date information.
upright	Reagan's Alzheimer's shows in his slightly vacant expression but not in his upright, presidential bearing.Patients who are not able to be upright do not get light-headed or dizzy.
upside-down	As he flies around like George Jetson in his upside-down module, Gingrich is ever counting.It's "an upside-down argument to think that NATO or we have made this get worse," sputtered U.S.
uptodate	Dr. Badgett is compensated by UpToDate to coordinate peer review of UpToDate.As a result, Owens Corning's salesforce not only has access to uptodate information, but more efficient processes allow sales staff to respond immediately to customer inquiries, instead of handing the problem off to another department.
upward	As a result, some manic Beanie speculators value their collections at upward of $100,000.Now, as we gain weight and push our setpoints upward, we are reprogrammed to eat even more.
usage	("Putz" is a Yiddish insult that literally means "penis" but in common usage means "fool."(None of the above, incidentally, has any bearing on Lee's usage of the word "bumfuzzled."
useless	"Those old 4-inch magic elves were completely useless for anything except making shoes."Many of these new items came from suggestions, but most suggestions were ultimately useless.
utmost	As for me, I do my utmost to avoid language that may offend people, including men.As a result, even infinitesimal details are treated with the utmost seriousness.
utter	"I have imprisoned the most utter violence in every inch of their surface," he claimed.The president has yet to utter a truly memorable line (if you don't count "I didn't inhale").
vacant	Meanwhile, a four-member McKinsey "engagement team" set up shop in a vacant law school office.all around these vacant buildings there's a lot of vacant buildings and they're just being demolished
vacuum	When the vacuum pump comes on, five pounds of force per square foot push down on the fabric.yeah well uh Craftsman put out a uh leaf vacuum a few years back craftsman Sears and Roebuck
vain	[T]he historian warms to this vain, chippy, wild-eyed, paranoid, and fiercely patriotic seer.3) Loral's lawyers tried in vain to block the transmission just after it had occurred.
vanity	Vanity in young girls is checked by, Nobody will stop their horse galloping to look at you.Since moving to Los Angeles, I've noticed that about every tenth car has a vanity plate.
vapour	] borrowing esprit d'escalier estuary, an arm of the sea; a only to translate it into the vapour bath.There is a cloud as far as he can perceive, and he supposes it will be charged with thicker vapour the longer it continues.
vase	Balusters—little columns—can have a single or a double swelling curve, or a vase shape.His simple gravestone is decorated daily with a small vase of fresh flowers.
veil	Oh, by the way, I happily and quite comfortably wear my veil when I go shopping downtown.This quasimodern Islamic "veil" makes a self-conscious religious point in a secular society.
velocity	The displacement was maintained for 3 seconds after the completion of the velocity ramp.the sheer velocity of a style that allowed no room for refinement and contemplation."
velvet	Perhaps, I thought, the army yielded power harshly while wielding a no-iron velvet fist?are the dashboard statuettes and the black velvet portraits," says Time 's Walter Kirn.
verb	The Pidgin word tok by itself means “talk” and its synonyms, in both verb and noun forms.The word piñata derives from the verb apiñar, which means to cram, tie, or join together.
verify	Further studies are needed to verify the Ca 2+-binding ability of these putative EF-hands.A set of Bam HI, Eco RI and Hind III digests was used to verify the assembly of 618 BACs.
vest	Here it's Bono (a bland Jay Underwood), dressed in a fur vest, plucking out "I Got You, Babe."“Laugh that off,” said the fat man's wife, as she sewed his vest button on with wire.
vex	The coding region of Vex1 GFP [ 15 ] was subcloned into pDXA-3C [ 34 ] as described [ 8 ] , and the NLS-GFP expression cassette subcloned into p102.Further, the intensity of the Vex1 signal using a Bex1 excitation filter was 0.027 ± 0.00057 (n = 50) of the Vex1 signal using a Vex1 excitation filter.
vibrate	Most notably, string theory posits a background space-time in which strings and M-branes vibrate.Christian Soldiers Inc. "Baby Jesus" is the Nativity set that children can play with--Yes, but does he vibrate when he speaks?
vibration	This set up greatly reduces the effect of vibration and heat on the samples and the microscope.The sound of snoring is due to vibration of the soft palate and the vulva at the back of the throat.
vice	' There is no way around it," said American Cancer Society Vice President Steve Dickinson.Keene, N.H., Sept. 14, Mayor Pat Russell endorsed Vice President Gore for president today.
victorious	It is "a rather sad spectacle" from which nobody will emerge victorious, he replied.The English were victorious in the Picardy fields of Créc y (1346) and Azincourt (Agincourt, 1415).
videotape	However, it had to have taken place by 7:35, when he appears on the checkpoint videotape.This is a movie that, although it had been available on videotape for years, grossed $36.
viewpoint	Thus, from a therapeutic viewpoint, this permeability limitation is probably not important.From a public health viewpoint, it is vital to identify those influences that are modifiable.
vigorous	Calcutta became the center of a vigorous free press and the intellectual capital of India.Anti-Giuliani sentiment was particularly vigorous among Hispanic and African-American gays.
vine	A big piece of tape seems to hold up some vine, dead stems of which obscure his feet.Alternatively a tincture is made with a piece of the vine and kept in a snake bottle.
vinegar	pour you know put that stuff over fresh pork chops and if you've got balsamic vinegar thereuh-huh um-hum yeah um what is it about the uh the vinegar that uh makes the crust better
violet	About noon, a frenzied mob of Glandelinians came swarming for the prison of Violet and her sisters.Although it seems to them that they would die of horror, [Violet and her sisters] thought it best to obey.
violin	well actually i play i play the violin in in a string quartet that often plays at weddingsThe millionaire's daughter doesn't yearn for the violin virtuoso; she wants the rocker.
vitally	Sponging, another vitally important industry at the end of the 19th century, also had setbacks.Thus, your gift to Social Health is vitally important to our success and can accomplish the following:
vivid	Or are all these vivid specters really just idle speculations that will never come to pass?The absence of any reinforcing visual actually makes the simple message all the more vivid.
vocabulary	(3): HEADWORD (4): a headword with its definition or identification (5): VOCABULARY ENTRY”Expressions and vocabulary used by Chicanos today come from the pachuco argot of the 1940s.
volcano	Brian and Lisha Crawford are the kings of bed & breakfast accommodations in the Volcano area.Scientists found three 500-year-old Inca mummies on top of a volcano in Argentina.
volleyball	i haven't worked out in quite awhile i play volleyball i guess that's good enough workoutHard bodies dance toward the volleyball net: "Jooky is fun and fruity"--it "make you really kooky."
volt	Inside, it’s one thing to remember what your teacher told you about static electricity, and quite another to touch (without risk) the Centre’s 500,000-volt sphere and see your hair stand on end.Next there are the semilegit crossovers between country and rock or folk--Wilco, the Old 97's, Son Volt, Iris DeMent--who adorn themselves in the trappings of country but use a studied, shambling rawness to appeal to rock fans.
voltage	Two-electrode voltage clamp recordings were performed at room temperature with electrodes (0.The voltage dependence of ΔF/Fo measured at the peak of the transient is shown in Fig.
voyage	But now, if the voyage goes ahead at all, the ship will sail only to Halifax, Nova Scotia.The site makes a weak attempt to enlist new members for the voyage to the Kingdom of Heaven.
waiter	(Waiter to diners: "Might I suggest the most expensive wine and the most expensive dinner."How often should one thank a waiter for service rendered during the course of a meal?
waken	i've seen uh you know Apocalypse Now and um uh what was the one with um Christopher Waken and um
wallet	Those new 20s in your wallet with the Andrew Jackson watermark are Crane & Co.'s handiwork.Then we would laugh and laugh and laugh, until he passed out, and I would steal his wallet."
waterfall	One is an easy, flat, and short (about 30 minutes roundtrip) trip to the Risco waterfall.The 96-m (315-ft) Kegon-no-taki at the south end is the country’s most famous waterfall.
waterproof	A waterproof suit under his uniform holds in the embalming fluid.With the price of the ticket, you borrow some protective clothing, but nothing is totally waterproof against Niagara.
wavelength	Isolated RNA concentrations were estimated based on absorbance at the 260 nm wavelength.Humans perceive light with a wavelength above approximately 600 nm as red (Buser and Imbert 1968).
wax	"Let's laugh, if we want to, or let's wax indignant; but let us not forget to understand."They play host to terrorist groups, yet wax indignant when terrorists hijack an aircraft."
weary	Reviewers claim to be weary of Northern Ireland political dramas but admire this one anyway.Gore dispensed with the vocalized sighs and weary head-shakings of the Meet the Press debate.
weave	Bush isn't the first guy to dodge and weave around awkward questions from reporters.Oh what a tangled web we weave when first we fib to act out against old boyfriends.
weed	(Now that he's leaving, the full drama can be revealed: It's actually Alonzo Rogers Weed.)' " Weed shares Kennedy's tart views about his relatives' relations with the baby sitter.
weekday	On a typical weekday, 15,000 people (one tenth of Guam's population) visit the store.I must hate my job because I dread getting up every weekday morning.
weep	(In the privacy of night, I still weep for Che Guevara and the IWW.)If you watch the action closely, you can learn a lot about Indian people by what makes them cheer, laugh, or weep.
weld	Perversely, Weld lost the ideology/competence battle by winning the drugs/morality battle.Unlike Forbes and Perot, Weld never seems to be straining to garner the public's approval.
well-known	Microsoft execs in general are well-known for downplaying the company's future prospects... As a switch-blade knife it features in `Mac the knife,' a well-known song by Kurt Weill.
westward	Her new novel, Paradise , follows black families venturing westward after the Civil War.The city’s main shopping street, Calle San Rafael, traverses it from the Parque Central westward.
whatsoever	at at the point i don't think there was any kind of uh you know gravity control whatsoeverIf the proposal fails, thereby sparing Clinton any penalty whatsoever, so much the better.
whichever	It is tempting to apply this analysis only to whichever side you happen to disagree with.Whichever is true, the YS Falls make a beautiful attraction for an hour or a whole day of fun.
whirl	The current whirl of diplomatic activity calls for especial vigilance on the West's part."Another plug: If you haven't tried our Web linking game, "Six Degrees of Francis Bacon," give it a whirl.
whistle	They have a spout-like whistle, and rather phallic versions are grounded in fertility lore.’ [The policeman held up his hand and blew his whistle and the driver then stopped the car.
whitewash	One prominent critic called the story a "whitewash."Lorenz's thesis was greeted with accusations about attempts to whitewash human atrocities, all the more so given the Nobel Prize winner's native tongue, which was German.
wicked	for for doing all these wicked things you know but the government does it and it's all rightThat might begin to cure, or at least temper, his wicked and dangerous sense of entitlement.
widen	ledge, widen your alarmingbeak, but do not flee as others haveto the black walnut vaultingShouldn't the permission to widen have preceded the wire, which was in fact the widening?
width	The Shoden itself is just 6 m (20 ft) high, a little less in width, and 10 m (33 ft) long.To test this hypothesis, a pass of MEME was performed with a fixed width of 5 nucleotides.
wireless	I brought my own laptop and wireless modem, the better to read Slate in its full framed glory.Judging by WIRELESS , a catalog for fans and friends of public radio, Jesse Helms can quit worrying.
wit	According to Time 's Richard Schickel, "The main things lost in the hubbub are wit and logic."Another drawing given to Cavalieri takes Michelangelo's transforming wit to a whole new level.
withstand	The first theory is flexible enough to withstand fossil evidence, but the second isn't.Newspapers' spin: They'll never get that far , since gun-makers can't withstand the federal onslaught.
woollen	as does Webster's New World . According to Chambers , a plaid is “a long piece of woollen cloth, worn over the shoulder”—and it need not be of checked material, which is “plad,” as we generally think of it.
workman	yeah yeah i don't think i'll attempt that myself i i know i won't yeah i'll hire somebody to do that but in fact i had a workman here for a leak that he had to fix andJust inside the entrance is a remarkable sculpture (1673) in black stone of Vishnu as Narsimha, the man-lion, disembowelling the demon Haranyakashipu with the relish of a workman opening his lunchbox.
world-wide	The Wall Street Journal puts this same story at the top of its "World-Wide" news column.The Wall Street Journal runs the Russian election at the top of its world-wide news box.
worm	Particularly important in this regard is that some wellstudied organisms (notably the wormSkorping et al [ 24 ] showed a positive correlation between worm biomass and egg output.
worse	i had uh Mazda RX seven before that and that was the worse car i've ever driven in my lifei think it's going to have to get worse before it gets better you know the same old cliche
worship	Icons lie at the heart of Byzantine or Orthodox worship and they form a focus for prayer.Tinos is a surprise because it is a center of Roman Catholic worship in an Orthodox land.
worst	Arnold proudly described the pair as: "America's worst nightmare--white trash with money."In the beginning, he was dismissed as a crackpot--at best an eccentric, at worst a threat.
worthless	The word "floccinaucinihilipilification" means "the estimation of something as worthless."Tommyrot compounds tommy, `simpleton, fool' (as in tomfoolery ) and rot, `worthless matter.
worthy	Kennedy's worthy democratic instincts inspired him to use entertainment to teach politics.Retiring MPAA head Jack Valenti thinks the former president would make a worthy successor.
wreath	Hoge: A wreath on the casket had a "white card stuck in it with the word 'Mummy' written on it."Do we want him laying the wreath at the Tomb of the Unknown Soldier, comforting our mourners, saluting our heroes?
wreck	and hey i know at times when he's had emergency problems we're just a nervous wreckThe last part diminishes the movie, but not enough to wreck it: It's still an amazing piece of work.
wreckage	Even as the papers went to press, screams were still heard from people trapped under the wreckage.The body of the driver, believed to have been a faithful embassy employee, was found in the wreckage.
x-ray	X-ray and bone densitometry were done to rule out any metastatic or metabolic bone disease.It costs only $20 and is not detected by some metal detectors or airport X-ray machines.
yawn	Can't bend, can't yawn, can't make a face Without my nostril-wad of Kleenex reddening.But you could use a bloodhound's tail as a jump rope and the worst you'd get is a fierce yawn.
yearly	For the Ancient Egyptians, Aswan was the place where the yearly flood of the Nile began.right uh we used to have American Express and uh Visa that of course there's a yearly fee on
youthful	I had a youthful indiscretion and was married to a woman for six months almost 18 years ago.The context suggests that Sam, like Bradley, is admitting only youthful marijuana use .
zeal	b) Has pursued investigation into Clinton's private life with more zeal than seems appropriate.with a religiouslike zeal, denouncing all doubters as either heretics or ill-educated bumpkins."
zealous	A zealous Scotsman would have wished Mr. Johnson to be without one of his five senses upon this occasion.well that's pretty good my my sister is very over zealous too she's got
zebra	But the right wing says 'No, no, we'll paint stripes on it and call it a zebra.I asked him which animals we saw at the zoo, and he mentioned girae and zebra.
