# OANC GrAF | sha256 5a26559a1becba41a527cb674fff4fb9c4fb70b276f60422c4f07a0ef23fd867 | pack gk | entries 855
abnormal	Her mother reported fatigue and was also noted to have an abnormal skeletal muscle biopsy.The abnormal factor V that causes APC resistance was subsequently termed factor V Leiden.
aboard	was the occasion of larger gatherings, several of them aboard a chartered Circle Line boat."Life aboard ship is tough; no wonder Navy recruiters have trouble meeting their staffing goals.
abrupt	Maybe so, but there's something opportunistic about Léger's abrupt embrace of urban life.[Click for Isikoff's explanation of his abrupt departure that evening on Pages 205-06.
absurd	And make no mistake, a winery need not cram a label with absurd adjectives to sell a wine.There is, of course, much more about Ruddy's book that is equally absurd--or simply wrong.
abundant	Life is so abundant that in some places all the oxygen in the water is completely used up.Twenty-six transcripts were comparatively abundant only in leaf blades (Figure 2, node a).
accelerate	However, PN-1 application did accelerate the biochemical differentiation of the axons.Later, new managerial and tactical innovations seemed to accelerate declines in crime.
accumulate	and apartments you can't accumulate a whole lot because you just don't have room to put itOur finding that hyperneddylated Pcu3p and Pcu1p accumulate in all csn mutants tested (Fig.
accustomed	Today's TV parents are wisdom figures, not the adult buffoons we have grown accustomed to.Tae kwon do emphasizes sparring and gets students accustomed to dealing with an assault.
ache	And just looking at the coal dust in the air made my lungs ache and an old cough come back.I had the swirl and ache From sprays of honeysuckleThat when they're gathered shakeDew on the knuckle.
acquaintance	An Austrian lady of my acquaintance was interned in Yorkshire during the Second World War.Why then do you let someone who has not the barest acquaintance with economics spout nonsense?
adaptation	But The Heiress , for all its un-Jamesian blood and thunder, remains the truer adaptation.Krugman's dogmatism shuts out critical thinking, preventing adaptation to new eras and events.
addicted	PBS defenders countered that toddlers are already addicted to televised toy characters (e.g.yeah they had a program on the other day about people that were addicted to soap operas
admirable	Most of these are crisp and pithy in the extreme, with an admirable precision of thought.Yet, a "unified personality," whether admirable or despicable, is precisely what eluded him.
adolescence	Imagine a tropical island on which some of the girls, at adolescence, magically turn into men.At their best, these films immerse you once again in all the joys and anxieties of adolescence.
adore	I marvel How the body we're wired to adore Disgusts us when we cast it Out into the world.We should still adore the child as the angelic innocent Blake and Wordsworth wrote about.
aeroplane	4. He said at a World Wildlife Fund function: "If it has got four legs and it's not a chair, if it has got two wings and it is not an aeroplane, and if it swims and it's not a submarine, the Cantonese will eat it."
aggression	Unfortunately, children are riveted by a character’s aggression and miss the caring message.First, when parents spank, they often do so in response to children’s deﬁance and aggression.
airmail	Packages sent to the US or to Europe generally take six to eight weeks by surface mail, and one week by airmail.
airspace	He became even more concerned as its route changed, moving into another sector's airspace.Its mission was, and is, to defend the airspace of North America and protect the continent.
alcoholic	yeah i especially the the uh alcoholic alcohol part of it uh that's a that's a thing that uhWines and many other alcoholic drinks are still cheap by the standards of the rest of Europe.
algebra	But many intellectuals who can't stand algebra are not willing to stay away from the subject.One of the most powerful ideas in linear algebra is the notion of basis vectors.
allergic	Atopic history was defined by a reported history of allergic rhinitis or atopic dermatitis.yeah i've i've got my own set of war stories uh my daughter uh turns out she's allergic to gnats
aloud	To which most readers, no doubt, will respond aloud, "No, you get used to it, you puss.Preference will be given to poetry of the past that is especially suitable for reading aloud.
alphabet	I am having difficulty remembering the alphabet, and I would appreciate help from a reader.In fact, Azusa was made from the first and last letters of the alphabet, followed by “USA.”
altitude	As the road gains altitude and temperatures fall, the views become ever more spectacular.Variations in soil, slope, and altitude give rise to five different types of forest:
aluminium	Specimens were then potted with plaster of Paris in aluminium pots of the loading jig.The word was transformed in aluminium in Britain because it seemed more classically consistent.
amateur	Is there another amateur among Slate 's readers who would like to pick up the challenge?"I figure you've got to put in 20 years before you get past amateur status," she said.
amaze	), I was so exhilarated to see films that gave themselves the liberty to surprise and amaze me.well see of not being particularly interested i don't keep track of prices on them but i'm i'm that does amaze amaze me
ambassador	USA Today leads with the defection to the U.S. of the North Korean ambassador to Egypt.Ambassador to Macedonia Christopher Hill likewise told CNN: "We're not negotiating right now.
ambiguous	How Bauer could refute such perceptions, questions, and discomfort was equally ambiguous.Thernstrom's anecdote about how Powell became brigadier general is ambiguous on its face.
ample	You will rarely get out of the lower gears, but the wonderful panoramas are ample reward.There is ample evidence that Lincoln regarded blacks as morally and socially inferior to whites.
amuse	Useless spoonerisms produce correct words which, unfortunately, neither amuse not have current meaning.Prudie has a hunch that girls jumping out of cakes would amuse anyone ...
amusement	Next door to the amusement parks, a circus makes regular appearances throughout the year.The last stop on the DART is Bray, a seaside resort with a beach and amusement arcades.
anecdote	(Best anecdote: One Wall Street firm has built a shrine to Greenspan in an empty office.)Thernstrom's anecdote about how Powell became brigadier general is ambiguous on its face.
annoy	Chatterbox also likes "Incredible Sucking Sound," but doesn't want to annoy Ross Perot.You're absolutely right about companies' trying to frustrate and annoy their customers.
ant	The ant colonies that Parker suggests have three parents are a hybrid of the speciesi was firmly convinced the entire front yard was nothing but one gigantic ant mound
antarctic	In 1959, 12 nations including the U.S. and the Soviet Union signed the Antarctic Treaty.A major food source for Antarctic fish, penguins, pelagic seabirds, seals, and whales, krill (
antarctica	As a result, few researchers stay in Antarctica for more than one or two years at a time.Antarctica was unknown to humans until American sealer John Davis made landfall in 1821.
antique	It is as if, by this deliberate smudging, Bartoli were giving old songs an antique timbre.But even if your purchase only looks “antique,” it may still arouse suspicion at customs.
anyhow	it's um over there's one over there in Addison i can't remember his name anyhow it's someWhen the technology did work as intended, it merely made you wonder what good it is anyhow.
apology	man can we trust them have they repented for what they did have they made a world apologyIf Plotz did not get the senator's permission to use the quote, an apology may be in order.
appetite	The WSJ says the Republican leadership of the Senate has little appetite for Dole's deal.You can build an appetite for dinner by making your way from the beach to the restaurant.
applaud	Critics mostly applaud this movie about a female necrophiliac who works in a funeral home.Critics applaud Richard Gere's China-bashing activism but sneer at his China-bashing movie.
apron	"I wish all my life I could have been tied to my mother's apron strings," he confided."A crotchless barbecue apron with the words 'Fellate the Chef' printed on it."
arabic	The front of the prayer hall is adorned with Arabic inscriptions and ceramic abstractions.The region’s exotic name is derived from the Arabic,Al-Gharb, meaning “country of the west.”
arbitrary	(The user can override the default values and input an arbitrary value for any parameter.)All other outcomes, as John Rawls argues, would be “arbitrary from a moral point of view.”
arch	For analysis vertebral arch distance was averaged for each fetus and then for the litter.They're not buying records or movie tickets or novels or Levi's or Arch Deluxes or Nikes.
arctic	Along the way he's crashed in (and been rescued from) the Canadian Arctic and the Atlantic.The Northeast is thus spared the jet stream's Arctic blasts, and enjoys a lovely winter.
are	"Actors are trained not to focus too closely on their individual witnesses, or spectators."Do we want the world to be as frightened as so many of us are, and so many children are?"
arithmetic	This arithmetic error never would have happened had Aaron Donovan edited McFadden's story.If arithmetic is the measure, Gallant must be the quintessential New Yorker fiction writer.
armchair	He runs out of gas about two-thirds of the way through and turns into an armchair academic.Original reporting can't be evaluated by the lay reader sitting in his or her armchair.
ash	Dad was a Camel man, and his offer usually came as he filled the air with smoke and ash.how much ash would fall and and how it would essentially literally destroy the world you know
ashamed	Dol. Captain! thou abominable damned cheater, art thou not ashamed to be called captain!My husband says he was ashamed of his lie and that they had promised never to tell me.
astonish	The single-mindedness--OK, fanaticism--of the supply-siders who helped orchestrate the Reagan tax cuts of the 1980s never fails to astonish.But we gradually realize that this Nora, in fact, is playing the role that's expected of her--merely "playing tricks," as she says in the last act--and that there's another Nora beneath the childlike silliness that will astonish even her.
astronaut	Time 's exclusive: the tale of American astronaut Michael Foale's harrowing Mir expedition.Astronaut Alan Shepard's death spurs Newsweek to profile the 12 men who have walked on the moon.
astronomy	They were welcomed for their erudite ideas on medicine, astronomy, and astrology.) Also, an appreciation of planets: Thanks to the Mars rock, they're the hottest field in astronomy.
athletics	The injuries sustained in the accidents may not permit the person to do athletics forever.The injuries sustained in the accidents may not permit the person to do athletics forever.”
attain	5 volts for the two models with tissue perfusion to attain simulation data near 100°C.Haggling with dapper Gujaratis and the bright-eyed Kashmiris can attain the level of high art.
attentively	How regularly and how attentively you brush matters far more than what you brush with.The next fellow--his old boss--should read this new edition attentively.
authentic	Participants are invited to submit similar authentic examples of rigorous self-assessment.Even the worst work demands from you the admission that at least the artists are authentic.
autonomous	Mexico's National Autonomous University student strike is stretching into its fifth month.Once there is an autonomous agent, there is a semantics from its privileged point of view.
awake	and you know i play with her most of the time she's awake and i think that is so importantI was asleep, but Luigi was awake, and he thought he detected a vague form nearing the bed.
awesome	The cavernous interior is hardly less awesome but can only be visited during performances.Take the cable car to Tofana di Mezzo for an awesome view clear down to the Venetian lagoon.
bachelor	In the new movie The Bachelor , a character leaves his grandson $100 million in his will.ooh do you yes we snow ski we snow ski at Mount Bachelor mostly in Oregon have you ever been there
backward	The aim is to get you pumped, bellowing, pogoing backward up the aisle playing air guitar.Retronym derives from the combining form retro- (from the Latin retro meaning backward).
bacon	oh did well did does your wife ever make uh a bake in a hot bacon dressing like for salad.. and make himself a hostage to fortune (to mis-cite Bacon in my turn) when doing so.
bacterium	If only the bacterium could tell us: “Did you see that truck of a paramecium coming at me?Consider a bacterium swimming upstream in a glucose gradient, its flagellar motor rotating.
badminton	The national sport, badminton, and is played wherever a net, real or makeshift, can be set up for players to thwack the shuttlecock across to each other.With the huge successes of Boris Becker, Steffi Graf, and Michael Stich, tennis has now become a favorite national sport, with squash and badminton catching on fast, too.
baggage	He must know how lucky he is that Julia Roberts arrived with so much astounding baggage.And hope that the pilot is better at his job than the baggage handlers are at theirs.
bakery	The State of New York had enacted legislation designed to protect workers in the bakery trade.Try the fresh pies from Thompson’s Bakery on the top of a hill east of the harbor.
balcony	King was assassinated on April 4, 1968, while standing on the balcony of his Memphis motel.i think it's from the time he jumped off the balcony and lord knows what happened to him
balloon	"Raising a beaker with a balloon inside, Steven Jacquier peers at a wonder of the world.""Sure," the man yells back, "you're in a hot air balloon about 30 feet above this field."
ballpoint	Their swept-wing and delta-wing designs were sharp yet curvy--a quality that was abstracted into the parabolic, boomerang shapes that started to turn up on objects such as ballpoint pens and surfaces such as Formica.
bamboo	The main road descends by way of bamboo forest and banana plantations direct to Singaraja.The right-of-way travels past fancy apartment blocks, bamboo stands, and jungle flowers.
banana	The main road descends by way of bamboo forest and banana plantations direct to Singaraja.Ashore, fields of sugarcane and banana plantations drape steep hills and rolling plains.
bandage	50 μl vehicle or cCAF were deposited through the bandage onto the wound using a 30-gauge needle.The wounds were photographed immediately after wounding and then covered with Biocclusive bandage.
bang	So they take me to the hospital and I bang my head a couple of times on the way there.The universe, since the big bang, was and remains out of equilibrium, or vastly nonequilibrium.
barbecue	fourteen fifteen pound catfish and sometimes those are good to uh do on a barbecue grillThey didn't have any property records, they said, but she was welcome to some barbecue.
barber	Here also are the betting shops, antique barber shops, and stores offering exotic medicines.References Barber 1993; Gosnell and Gott 1992; Griffith 1985; Jordan 1982; Sanborn 1989
barbershop	A picture of him getting a haircut is on the wall of the Watergate barbershop.“An owner of a Greenwich Village barbershop survived being shot in the neck as he slept by a gunman who broke into his house.
bargain	Make me an offer" is hardly the best strategy if you're looking to drive a hard bargain.The accord may finally compel the Palestinians to live up to their part of the bargain.
bark	just a small patch of lawn and just flowers and bulch bark uh tree bark all over her lawnA sidebar examines a handful of less pressing scientific puzzles, such as why dogs bark.
bathe	Why did this translator feel he had to change “anoint his head” to “bathe his head”?The affidavits also attest that he watched friends stab a woman to death and bathe in her blood.
bathrobe	Loping around his overdecorated New Jersey manse in an open bathrobe, Gandolfini's Soprano is part muscle and part flab, with no connecting sinews.Sometimes in his bathrobe!
bathtub	The next morning he woke up in a bathtub full of ice with a crude surgical scar in his side.Toward the end, Shawn has him place a volume of John Donne in the bathtub and pee and shit on it.
battleground	The border between England and Scotland was disputed, and the area was a constant battleground.The form of address, you understand, is merely the battleground for the simmering war between them.
beancurd	One of the most famous dishes, mapo dofu, consists of beancurd infused with chili peppers in a manner that numbs the tongue upon impact.While popular local dishes are based on beancurd, together with mushrooms and bamboo shoots, the best-known Shanghai recipes capitalize on the city’s proximity to the sea.
beard	Well, I have a close friend, Pat, who is bald and wears a full beard and horn rim glasses.Atta wore Western clothing, shaved his beard, and no longer attended extremist mosques.
bedclothes	He slipped the knife out of the sheath and was ready, and unembarrassed by hampering bedclothes, for the weather was hot and we hadn't any.
beehive	He can't reach a beehive by climbing, so he jury-rigs a balloon to raid the hive from the air.Half a mile below the city is an immense Beehive tomb cut into the hillside and lined with stone blocks.
belgium	Observers consider Belgium the second-most corrupt European state, trailing only Italy.Southern Belgium, called Wallonia, is French; the northern portion, Flanders, is Dutch.
beneficial	It is also beneficial if the previous position (3' -2) is a G or C with a frequency of ≥0.Achieving significant beneficial results for clients as determined by outcome measurements.
bent	for a little while yeah my brother my brother was stationed at Bent Waters for a long timeLouis Armstrong started playing his bent, nickel-plated cornet in the dives of Storyville.
betray	While Nerve hasn't violated many taboos yet, the site does betray some expectations.Some of these products betray a rather comforting lack of geographical precision.
bingo	"Candor, gossiping about Stench at the recent Abstract Concepts Potluck and Bingo Night."The tribe's decision put it in direct conflict with Florida's rather restrictive bingo statute.
biochemistry	Control analyses were performed with rabbit IgG (Santa Cruz Biochemistry, Santa Cruz, CA).Electrophysiological recordings and/or biochemistry were performed 4-8 days after injection.
biography	The magazine excerpts a new oral biography of the members of Monty Python's Flying Circus.Book -- Martha Stewart, Just Desserts: The Unauthorized Biography , by Jerry Oppenheimer;
birdcage	This may be Bethlehem, but it's still The Birdcage .The birdcage above the contented mother's head may well symbolize, Sutton suggests, the "sweet slavery of marital love" (another proverb from Cats).
birthplace	-- Cindy and Eleanor ("Proud To Be From Eastern Kansas, Birthplace of Buster Keaton") RiveraPau is famous for its views of the Pyrénées and as the birthplace of Henri IV, in 1553.
blackboard	One day in 1970, three hard-working associate professors of finance scribbled down a few equations on a blackboard, and eureka!A high-school Latin teacher used to give us what he called language correlations, writing one or two of them on the blackboard each day.
bleed	The Times editorial board, I'm sure, would make this ethical boo-boo bleed with ink.A woman was gang-raped, butchered, and left to bleed to death, shorn of her limbs.
blouse	I have a tawny silk blouse printed with a clever blend of black lace and leopard skin.Shen Chu, Sewing machine operator, Four Maples Ladies' Blouse Company, Chinatown, New York City.
boating	you know there were a lot of accidents i guess but um i found the motor boating was real funCross the bridge over the boating lake, which doubles as an ice-skating rink in winter.
bookcase	a long time yes and they they take up a lot of you know good space you know kind of like a bookcaseso it's it's sitting on display on top of my bookcase
bookmark	Users can also bookmark genes of interest to find them easily again.In appreciation of your generosity, I've enclosed a special bookmark printed with John Newton's familiar hymn, "Amazing Grace."
bookshelf	“That can be our control tower,” he suggests to Vance, pointing to a corner by a bookshelf.uh-huh right no i i i have one of them sitting on my bookshelf and i just never picked it up
bookshop	With a good bookshop and the excellent Fitzer’s café you could easily spend a day here.The university bookshop — known locally as book rooms — on College Street is the best in town.
bookstore	This is exactly what any traditional bookstore does when it doesn't have a book in stock.You can't turn around in a bookstore without knocking over a pile of (unsold) RPH books.
bored	Because the barbarians are coming today and they're bored by rhetoric and public speaking.The problem is that you can only be made aware of that so many times before you get bored.
botanical	Like the Celts, this botanical family was well adapted for survival in rough places.Take this route to reach Castleton Botanical Gardens some 18 km (11 miles) inland.
botany	Reading Sheehy is like listening to a botany professor describe the inner life of plants.For him, botany was the road not taken, and here he indulges his continuing interest.
bowling	but uh i guess bowling and racquetball's about it for me walking every once in a while butSo it's hardly a surprise that soccer moms are somewhat more pro-Clinton than bowling moms.
boxing	He says, "We're in a boxing arena, John's the champ, and the crowd is loving every minute."McCain, a lifelong boxing fan, was horrified at the ground fighting, kicks, and head butts.
boycott	It is always embarrassing, but certainly not worth the boycott of a good restaurant.Last month, "" reported the student boycott at Obafemi Awolow University in Nigeria.
brake	oh we just uh refilled refilled uh probably filled the the brake fluid up and that was itand there's some kind of a boot that had had come off the car so the emergency brake froze on
bravery	As far as decorations are concerned, one Medal of Honor is conferred for one act of bravery.Governor James Murray sympathized with the Québécois, whose bravery he much admired.
breakthrough	The LAT 's "Column One" details an unheralded breakthrough in U.S. military equipment.The organization's director calls it "the biggest health breakthrough of this decade."
breathless	"You'll look marvelous with a sunburn," she tells him, sounding all airy and breathless.Some patients who are breathless and anxious may also need treatment for their anxiety.
brewery	yeah and go to uh Lone Star and uh you know make my annual pilgrimage to the Lone Star Brewery and, Labatt's Brewery, a major mining firm, and a major biotech company) are investing heavily in Cuba.
bride	Traditionally the town was given as a wedding gift from the King of Portugal to his bride.well you could buy an awful lot of Bride magazines for a hundred dollars i don't know it it
bridegroom	Primarily I was entranced at the entrance by the Royal Magna Carta appearance of Mr Bridegroom and the celestial and capital incorporated specifications of Mrs Bride.
brochure	(For your convenience, we enclose a Second Century Society brochure and response card.)Please send your gift in the enclosed envelope with the response card attached to the brochure.
broom	Maybe a session in the broom closet killed their passion because, according to the Enquirer , "the honeymoon is over."On the other hand, many lands see the world with a single eye: a new broom does sweep better than one with worn-out bristles.
brotherhood	Shit is made to stand for man's essential viciousness, his brotherhood with base animals.Army, n . a term for the Arian Brotherhood (neo-Nazis), sometimes used by its members.
brunch	Steinbrenner said his conversation with brunch partner Kissinger was "better than my four years at Williams.At the Holiday Inn in West Des Moines in February, Steve Forbes showed up for a campaign brunch with 43 camera crews.
buddhism	The Dalai Lama's pop Buddhism is appealingly self-centered: Happiness trumps everything.(Buddhism and Shinto get along quite peacefully in Japan, sharing ground and even deities. )
buddhist	The monks transported the first Buddhist scriptures to China on the backs of white horses.However, it stands on the site of one of Japan’s earliest Buddhist temples, which he built.
buffet	Because of my healthy appetite, I am quite fond of all-you-can-eat, buffet style restaurants.You can probably manage at least a couple, and theaters often provide a good buffet between plays.
bun	He wants to know if Victoria sponge with a Bath bun and Malvern water is of interest.Consumers in this economy insist that every hot dog come with a bun, and vice versa.
bungalow	Now imagine for a moment that you are seated on the verandah of a bungalow in India.Balian Beach is similar, with informal bungalow accommodations.
bureaucratic	i mean let's face it the military is probably one of the most bureaucratic agenciesRice told us she took Clarke's memo as a warning not to get dragged down by bureaucratic inertia.
burglar	a burglar comes in and uh finds a gun and ends up using it against the owners of the house soand since that time everybody's gotten some sort of burglar system or you know uh burglar alarms
burial	It may not even represent the plural of Old English hlyw burial mound as usually explained.The solvation energy represents the change in energy due to the burial of various residues.
businesswoman	In her later years, up until her death in 1965, she was a businesswoman in Santa Fe.Take an extreme example: a successful businesswoman earning $250,000 a year.
butcher	And before you know it, the butcher knife came around and cut the little girl's head off.All of a sudden the butcher knife came out of the drawer and it began to roll around in the air.
butterfly	' Early pavilions were tents, which were shaped like the spread wings of the butterfly.A hundred species of butterfly have been identified here, and as many different birds.
cabbage	uh i think they cook cabbage up north i think that's one of the things they want i'm not sure i'm notThe wonderful beaches, such as Cabbage Beach on the northern coast, were the focus of the development.
cafeteria	um-hum do you go like home cooking like Black-Eyed Pea and that kind of thing or cafeteriablood pressure yeah they sit there in the cafeteria sometimes and take that on your way out
camel	Dunhuang has come a long way since the days when the Silk Road camel trains stopped here.Dad was a Camel man, and his offer usually came as he filled the air with smoke and ash.
canteen	You can have a coal miner’s meal at the colliery canteen.(His Social Realist Construction Workers was displayed in the canteen of the Renault auto factory, to predictably tepid response.
capsule	With no means yet of safe re-entry, she was put to sleep inside the floating capsule.It is clear that the pneumococcal capsule interferes with various host clearance mechanisms [30].
caption	Indeed, the New York Times front-page picture caption reads, "Of Honors and Overruns."I don't care how much funnier your caption is, we're using Steve Martin's entry and that's final.
careless	Careless Love: The Unmaking of Elvis Presley , by Peter Guralnick (Little, Brown & Co.).Whether he has the right to be needlessly careless in his statements is perhaps another matter.
carpenter	I favor Bath, Bolton, and Barton-le-Beans for a plumber, carpenter, and farmer, respectively.--Homeless Turkish carpenter Yusuf Okul, who often wields a hammer, reacts to recent aftershocks.
carrot	Several participants reported less consumption of carrot juice at 7 months than at 2 months."The administration has got only one carrot--that is permanent trade status ."
catastrophe	If drugs kill one in several thousand per year, this would be a public health catastrophe.the calm continuation of a national success story after the greatest imaginable catastrophe."
caution	Nevertheless, bias cannot be excluded, and the results should be interpreted with caution.Extrapolation of these findings to other patient populations should be made with caution.
cautious	Bradley, more cautious by nature, has declined to take a pledge of unilateral disarmament.The cautious spin: Black churches are losing their tolerance for leaders who exploit them.
cd	CD8 +T cells were incubated for 3 hrs with PMA and anti-CD3 prior to total RNA extraction.Cotransfected cells were recognized by incubation with CD8 antibody beads (Dynal, Norway).
cellar	eine Leiche im Keller, Lit. a corpse in the cellar: a skeleton in the cupboard (or closet)If you are keen to learn Israeli folk dancing, the Bicurei Ha’etim Cellar in Heftman Street (tel.
cent	A recent estimate put the cost at less than one-millionth of one cent per transaction--i.e.Of course, one cannot be one hundred per cent certain about the exact meaning of every name.
centigrade	and we we sort of have to get accustomed to the fact that our body temperature is thirty seven degrees centigrade yesYeah i noticed my van has a uh a button on the temperature gauge that you can switch between centigrade and fahrenheit
centimetre	The number of knots per square centimetre ranges from 20 –30 for a coarse wool carpet to 100 –200 for the most expensive silk carpets, which can cost tens of thousands of pounds.
chairwoman	4. Quotes Charlotte Beers, new chairwoman of J. Walter Thompson advertising.World Cup Chairwoman Donna de Varona lauds the American players' "humility."
chalk	Profiles chalk up the brothers' success to 1) good looks and 2) on-screen intensity.yeah right and uh the things that uh Bart will write on the uh chalk board at school
challenging	But I had no idea that you get bonus points for correctly challenging someone at Scrabble.They emerge best when rich, challenging datasets are staring people in the face,” he says.
changeable	In reality, it was a milestone only for this group of 30 stocks (and a changeable group at that).The Maya viewed their gods not as benevolent guides but as changeable spirits in need of constant appeasement.
chant	Sometimes they would sing a song that sounded more like a prayer or a chant, called Oremos.But Shuman, the crowds chant, doesn't that mean you willingly shipped buggy software?
chat	(In fact, Internet chat rooms and newsgroups are excellent places for social interaction.)Prudie hopes you will refocus, consider yourself lucky, and move on to another chat room.
cheer	The second selection's obscurity didn't cheer him up: "Ugh, can't do you the Washburn book."They are members of the major casino union, here to cheer on their employers and their union.
cheerful	By day it becomes a continuous market, with some unusually chatty, cheerful shopkeepers.I can't walk down the beach in my thong without somebody yelling a cheerful "Thai boy here!"
cheers	A profile cheers Sherman Alexie, American Indian poet, essayist, novelist, and filmmaker.The cover editorial cheers the ascendancy of democracy and the free market in Latin America.
chemist	Nonetheless, Kovner procured some poison from a chemist in the future state of Israel.The Finnish chemist Gadolin isolated a new earth (metallic oxide) there in 1794 and called it yttria .
chess	Before we started it was always filmed from the top, and it looked like a little chess set."And not one of the programmers could have beaten Kasparov in chess--not even close.
chew	Hand down the edict that the newly braces-free child may chew gum only when she is alone.JBM: -and they'd chew it, come back, and he have me, want me to chew it, I mean smoke it.
chick	Chick J, Lloyd G, Crombie E. Counseling problem drinkers in medical wards: a controlled study.And they did a really great job of taking care of the chick and feeding it."
chimney	uh-huh well the white but i have a problem i can't get up high and we can't paint the chimneyAh, perhaps there are thousands of ways to complete the house and to complete the house with the chimney.
chips	3Bis that smaller gain values were used for ADGE microarray when scanning microarray chips.Both curve 6 and curve 7 reveal the power of pooling nine samples onto three chips each.
choir	To the right of the entrance to the choir there is a lovely statue of the Virgin and Child.but i guess the closest i've ever come to participating in music is singing in the choir
choke	Should we be boycotting multimedia sites that make even my fractional T3 connection choke?His defenders argued that the award was what had caused him to choke in the first place.
chopsticks	Elaborate chopsticks are sold in their own fitted carrying cases — handy for a picnic or an emergency.There are still shops from the old bazaar days selling chopsticks, medicines, bamboo fans, silk, and incense.
chorus	The cover editorial joins the chorus proclaiming the Clinton presidency is on the brink.By the weekend, liberal pundits and conservative pols were joined in messageful chorus.
cigar	I've still never smoked a cigarette, although I'll enjoy a Cuban cigar if you're buying.They also have a smoking café if you want to sit and enjoy your cigar on the premises.
circus	The magazine excerpts a new oral biography of the members of Monty Python's Flying Circus.The media sulked that the trial was over before it could become another O.J.-style circus.
clap	Rule 37, incidentally, states, "When a customer sings karaoke, please, everyone clap."OK, abracadabra: Clap your hands together three times and say, "All right, I'm out of this game."
clarify	If this debate is to yield fruit, we must therefore clarify what we mean when we speak of EBM.However, it is important to clarify what type of problem interveners are attempting to address.
classmate	An encounter in the school bathroom leads to an affair with a sinister classmate named Judas.So we learn from the Globe that as a 14-year-old he took classmate Cecilia Garcia out on a date.
claw	He doesn't need the power and prestige of Washington and feels no compulsion to claw his way up.The cover story tracks four narcissistic young actors as they claw through Hollywood's casting maw.
cleaner	Safer, cleaner, more fun--these are the attributes touted by an organization's new chairman.Yes, I'm nearly sure somebody answering to that name tried to flog me a vacuum cleaner once.
clone	Subsequent processing was used to determine a more detailed analysis of the clone quality.There was a single clone in ctg16024, 463J22 that our data place in ctg16021, near 228I15.
cloudy	According to USA Today , most of the country will experience cloudy but good weather Tuesday.Pine forests, almond groves, gnarled mountains, sheer cliffs, and cloudy mountaintops beckon.
clumsy	There are other ways in which diatoms could help us clumsy humans build nanoscale ‘widgets’.Though Bush's performance was otherwise clumsy and lackluster, he won by playing rope-a-dope.
cock	Second, a clue may name a class of objects which includes the answer, like bird for COCK.Half cock does not give enough power to generate sparks and fire the pistol, so it is a futile gesture.
cocoa	There are campsites on beaches fringed with cocoa palms down side roads all along the coast.mom went and yeah yeah it is well hopefully this one here Cocoa will live a full life
coincidence	and uh what a coincidence we got a baby sitter and we went to the movies this past weekendThis is no coincidence, since the Symposium portrays homosexuality as useful and ennobling.
coke	You're supposed to drink Diet Coke because you like it, not because you have to drink it.so there's there's just been a big Coke bust uh here because i think people pass through
collision	This sounds like an important story--Zeitgeist and president on collision course over taxes.Then the Left won the 1936 elections and was immediately in violent collision with the Right.
comb	I once observed a photographer’s assistant during a photo shoot comb out the fringe of a rug.For example, if a food source is found in the direction of the sun, the dancer will waggle ‘straight up’ the vertical comb.
comma	Read the sentence “Let's eat, children” without the comma and see the difference it makes.I wrote to him then and thereafter, giving examples from the Times of reading comprehension impeded by lack of the comma.
communism	The difference: Catholicism will outlast Pope John Paul II; communism won't outlast Castro.For Reagan, Soviet communism was only the most grotesque version of the collectivist impulse.
compass	Maybe I'll continue to breeze through Fodor's, Compass, and Frommer's in airport bookstores.Compass America, a Fodor's associate, is stylistically a synthesis of these two models.
comprehension	By the time the light of comprehension flashes, the listener might have lost the thread completely.One prominent macro-economist calls today's globalized economy "almost beyond human comprehension."
comrade	But tonight, for the first time in way too long, Lemmy is to meet his closest comrade.I came to Frankfurt to see my old comrade, (see Chap 46) but she made me leave after two days.
conductor	but i think the conductor i don't know or one of the conductors is is from another country10/79), Kölner Runfunkchor, Kölner Rundfunk Sinfonie Orchester, Luciano Berio, conductor, DGG.
confidential	Such information will hereafter be referred to as privileged or confidential information.Confidential . Last week Alec's new action movie, Mercury Rising , opened to tepid reviews.
congratulate	But Neil Simon doesn't congratulate his audience for being brave enough to laugh at his jokes.Senators congratulate themselves for conscience, bipartisanship, and fidelity to the Constitution.
considerate	Your petty antics of coal-raking put those of us who are sincere and considerate SUV owners at risk.. A reporter goes undercover as a PAC lobbyist, and finds that congressional staffers are incredibly considerate.
contradict	This doesn't contradict what Bush said--another wild swing by McCain--but never mind.When the data contradict his theory, a pollster knows what he must do: Dump the data.
contradictory	If I had to guess, I'd guess that this is the contradictory position she is actually in.(To cynical Gen Xers such as myself, this marketing talk seems both contradictory and fatuous.
contrary	On the contrary, it reveals that the Commies were even more inept than previously thought.The number of words in a language is irrelevant, contrary to what one respondent suggests.
convenience	For your convenience, there is a list of all 54 neighborhood branches on the opposite side.it's just kind of convenient and she's the kind that goes for convenience over anything else
cooker	Yes, I have a rice cooker, and I pretty much keep rice on all the time.yes and what's really neat about it is the shrimp is cooked in your uh like your rice steamer your rice cooker
coral	and uh we thought the beaches would be nice but uh uh well Key West was uh just coral rubbleEspecially good for viewing turtles (breeding grounds are nearby) and coral formations.
cordless	This device merges a Caller ID-ready, 900 MHz cordless phone with e-mail and calendar systems.wire Wire except the wire part of a cordless telephone transmission (State v.
correction	(A 10 percent drop is termed a "correction," while a 20 percent drop means a bear market.)Individual conditions were compared using Student's t-test after the Bonferroni correction.
corrupt	Also, in what way is the Vogue deal corrupt if it doesn't directly affect editorial copy?But Dalí rapidly became slack, repetitious, corrupt, and in the end completely pathetic.
cosy	This cosy patisserie has been resident here since 1827; its cakes compete favourably with the best the city has to offer.There is a cosy fire in the study.
cough	Dyspnea is often associated with other common symptoms: fatigue, cough, anxiety, and pain.And just looking at the coal dust in the air made my lungs ache and an old cough come back.
courtyard	Don’t miss the graceful, 19th-century statue of Leda and the Swan in the inner courtyard.The inner courtyard has a lovely green and blue mosaic of Neptune with his wife Amphitrite.
cowboy	And then we heard a dusty coot in a cowboy hat in the booth behind us talking about his IPO.The editors respond: William Saletan's piece "Cowboy Indians" first appeared in Slate May 18.
crayon	Great question, one that I'm asked frequently (usually by people who write in crayon on the outside of the envelope).The scene's punch line--the prison guards comb the parking lot for the crayon--might be the best, most irrationally moving moment in the movie.
crossing	Fargo 's Oscar success notwithstanding, Miller's Crossing remains the Coen's best offering.CEOs talk with great bravado about how their job is like crossing Niagara Falls on a high wire.
crossroads	Actually, it stands for National Economic Crossroads Transportation Efficiency Act.)Located at the crossroads between north and south, Lyon was the ideal choice as the Roman capital of Gaul.
crowded	when I meet my patients in a crowded psychotherapy office waiting room used by many of us.In some neighborhoods the pavements are crowded with “free market” peddlers and artisans.
cube	And when Chatterbox was a wee cube, Pappy Chatterbox had an office in the Seagram Building.If the cubes are small enough, then each cube corresponds to a quite similar set of states.
cubic	However, quadratic and cubic polynomials fit the Incyte data reasonably well (R 2> 0.9).ij estimated in the above data analysis (Figure 4) and completed by cubic spline interpolation.
cuisine	Caribbean and international cuisine set amid tropical folia ge and Jamaican architecture.Naturally, there is less need to acknowledge service when one is enjoying haste cuisine.
cure	To find out that it meant `able to cure flatulence' was the death of youth and innoncence.A more cynical view is that the sands provide a cure for which there is no known disease.
cushion	Polysomal RNA was isolated from a detergent-generated supernatant on a 2 M sucrose cushion.The supernatant was layered on a 30% sucrose cushion and centrifuged at 245,000×g for 2 h at 4°C.
customs	But even if your purchase only looks “antique,” it may still arouse suspicion at customs.But of course, what could matters like customs fraud possibly have to do with trade policy?
cyclist	No one deserved to beat Armstrong this year," said the second-place cyclist, Alex Zuelle.Jan Ullrich became the first German cyclist to win the Tour de France.
dash	Mejillones (mussels) can be remarkably good steamed with a dash of white wine and garlic.As for Clinton, it's not too late to quit--dash off that letter to Albright now, for Chrissake!
daylight	Ramadan Bairam is a month long celebration when Moslems fast during the hours of daylight.The secret rooms upstairs, where the family spent the daylight hours, are stark and bleak.
decoration	Unlike Judaism and Christianity, Islam has used script for sumptuous decoration of all kinds.Visitors in the 1900s found decoration on the building, which has since been worn away or lost.
deed	She declares that "Bill was incapable of engendering a cliché, in deed as well as in word."The beneficiary family seems to be proving the old adage: No good deed goes unpunished.
delete	The targeting plasmid used to delete hprt exon1 was called pΔHprt to indicate this deletion.Delete the standard that requiring auditors to refer significant issues needing further study
delicious	Havana’s delicious Cathedral Square, the focus of Habana Vieja life, could be a stage set.Sometimes pine kernels are sugar-coated, too, and the delicious result is called pinyonets.
dentist	come here to feel better about themselves," says Dr. Stephen Friedman, a Maryland dentist.One dentist I spoke with called Total "the first revolutionary toothpaste in a long time."
devotion	They wear their devotion on their shirts now, also on their baseball caps and their lapels.Kuttner tirelessly proclaims his devotion to the "mixed economy," as though this sets him apart.
dial	Before, many offices had to dial long distance numbers to connect at very slow speeds.if if it's a what kind of phone do they talk it's not a dial but if it's a touchtone it's okay
dictation	This is not a mistake that a practicing lawyer would make, though it could be a mistake made in dictation.Conason, echoing Brill, argues that the Washington Post and the New York Times have been "taking dictation from the independent counsel."
digest	4. "Reader's Digest announced that it had doubled its earnings in its most recent quarter.Other than that, I get more out of reading Reader's Digest or Guide, Guideposts stories.
dine	One is cautioned about eating food openly, as the monkeys are likely to view this as an invitation to dine.She'd rather raise a stein with Dan Than venture out and dine with Stan.
dinosaur	The Natural History Museum (Ziran Bowuguan) has China’s best display of dinosaur skeletons.OK, so then they sedate the dinosaur and put it on a ship and send it to San Diego.
dioxide	TABLE A.- AFFECTED SOURCES AND UNITS IN PHASE I AND THEIR SULFUR DIOXIDE ALLOWANCES (TONS)has decreased its sulfur dioxide emissions rate by 60 percent or greater since 1980,and
dip	America doesn't have to have a dip in the GDP to consider flaky presidential candidates.(This had a long dip in the middle, with a short ending: That's right, very lucky to get out.
diploma	would look good on her on her uh diploma etcetera and so forth and and i kept pushing her towardsthey have more of these um sort of mandatory mandatory tests you have to take before you get a diploma but uh
disagreement	The area of disagreement between methods concerned genes with low differential expression.Indeed, that one disagreement aside, we have a very high regard for Heilbrunn's writings.
disappoint	Early reviews of Danticat's latest novel suggest that, miraculously, she doesn't disappoint.This would seem to be kd's view of love: an addiction that must inevitably disappoint.
disgusting	well i have wallpaper in both of my bathrooms right now which is really pretty disgustingHe's poison, he's a disgusting self-hating Jew, he's something you find under a rock."
dislike	I, for one, can barely tell you which of the colors I dislike is mauve and which is fuchsia.okay this subject is magazines what do you like and what do you dislike about magazines
disobey	Command or suggestion to defy, disobey, disregard, reject the claims of--.The lesson learned is that one must not disobey one’s parents, for the handsome man is known to be the devil and the personification of evil.
disturbing	For Monday's most disturbing offering, turn to ABC for Celebrity Weddings: In Style (8 PM).A disturbing example of the restriction was discussed during oral argument before the Court.
dive	Dozens of dive sites can be reached from resorts, typically a half-hour boat journey away.On completion, you will be allowed to dive with an instructor to a depth of 18 m (60 ft).
dizzy	Carr explained that farm-bred dizzy pheasants mean more kids get to kill a bird.I turned my head and saw the woman next to me wearing a leopard-print scarf, and I felt a little dizzy.
does	(The exemption does not apply if the person behind the ad coordinated it with a campaign.)...Einstein's Special Theory of Relativity does not say that E = MC² and in leap year MC³.
dormitory	The station is a home for many: its entrance hall and platforms are dormitory and kitchen.Yet my classmates and I did not pay any attention to the dormitory when we visited Philadelphia years ago.
download	We all want Slate and ESPN Sportszone and Amazon.com to download faster to our computers.what what do you use to to download into the system can you put hook up a a floppy to it
downward	In addition, the single rabbit myocilin band shifted downward slightly with deglycosylation.This effort is largely the responsibility of the CIO, and the focus is lateral and downward.
drawback	The drawback of ignoring phylogeny is a potentially high false positive rate (see below).One possible drawback to the study is that both healthy and sick infants were included.
drier	It tends to be drier, less passionate, and less accurate than other forms of journalism.The phantom was then dried with a hair drier until its weight returned to the initial dry weight.
drill	A drill hole is visible in the cranium, evidence that this was once a hanging skull-candle.This allows a campaign based on four key issues to "drill down" on each of them in great detail.
dumpling	In the center of the square is Joachim Schmettau’s granite Weltkugelbrunnen (or Fountain of the World), which locals have gaily christened the “aquatic dumpling.”
dusk	And so on, as lunch turns into drinks, then dinner, and dusk slowly darkens the summer sky.If you are staying anywhere near, perhaps at Candi Dasa, you might time a visit here for dusk.
dustbin	A NYT Magazine story proclaims the end of England's slide into the dustbin of history.Why hasn't natural selection consigned this miserable condition to the dustbin of evolutionary history?
dusty	And then we heard a dusty coot in a cowboy hat in the booth behind us talking about his IPO.It would crunch under your feet, it got really dusty, you know, it wasn't like earth at all.
dvd	A superb Runco quadrupling projector, DVD as source, THX surround, 10-foot-wide screen, etc.Video: Tribute to Phyllis Schlafly in Song and Pictures . $5-- Oh, right, like I don't already have this on DVD.
dynasty	Beijing’s Ancient Observatory (Guguan Xiang Tai) was built in 1442 under the Ming Dynasty.He was a member of the Hohenzollern dynasty that was to hold sway here for over 450 years.
easter	The Easter spirit is contagious: A week after Time 's heaven cover story, Newsweek and U.S.Most boutiques open only during the tourist season, starting at Easter and ending in November.
eastwards	Continuing eastwards, just before the hotel zone, is the town centre, which has a small museum.A narrow road follows the cliffs eastwards to the geological curiosity of Algar Seco (“dry gully”).
ecology	we're we're really on an ecology kick up here i guess like all the rest of the country andt is no accident that the words for economics and ecology have the same Greek root, “house.”
eggplant	I, for example, use the words eggplant and kumquat more often in my writing than other words...boy it's been really great and right now we have tomatoes out there and we've got you know have eggplant we're growing corn corn grows great here so um we really enjoy that a lot
egyptian	Edfu was built in the classic Egyptian style and was little changed following its rebuilding.Egyptian: lion-headed goddess Sekhmet (1400 b.c. ) and the colossal Amenophis IV (1370 b.c. ).
embarrass	When Jackson implied that Will's attempt to embarrass him was racist, Will took offense.However, if it was the friends' mistake, we have no desire to embarrass them with their error.
ending	Um, I read at bedtime as a calming down for all of us, being together and ending our day.Ebert is beside himself: "It's not even clever enough to give us the right happy ending.
energetic	During her absence, two of our earliest and most energetic "Fraygrants" have been filling in.My childhood was pastoral and energetic and rich in experiences which developed my character."
enjoyable	and uh it was very enjoyable um i'm trying to think there's a lot of movies i want to seeBut there is much else of interest in this vast land to make the journey truly enjoyable.
enlarge	Expansion of the optic vesicles is obvious; they enlarge to hemispherical proportions.In Stock Market Miracles , Cook writes that "the way to wealth is to enlarge the pie."
envy	Americans mock the Frogs because we envy their intellectual arrogance, history, and glamour.They refrain from defacing Mercedes or Lexuses, these being objects of envy, not resentment.
eraser	I have before me a Japanese eraser that says, “Mr Friendly Quality Eraser.and it changes everything on the return and you don't have to go back and you know change every line with you know the eraser or the
erupt	Witnesses claim to have seen a fiery volcano erupt from beneath the sea just before the first jolt."The sex drive in a man is almost volcanic in its latent ability to erupt at the slightest provocation."
excite	Excite will return a list of pages which "look like" the page you clicked on.If looking at the solar system doesn’t excite your child then getting close to tigers and elephants might.
explorer	All column chromatography was carried out on an ÄKTA Explorer (Amersham Pharmacia Biotech).Slate Explorer is a free little program that makes it easier to find your way around Slate.
eyesight	Sixpence's eyesight was failing badly when we first met, and he was disaster-prone.Java, although this has clearly escaped Shuman's keen eyesight, is not a programming language at all.
eyewitness	As an eyewitness to some of the events, Blackard provides especially strong corroboration.Within minutes, New York City's 911 system was flooded with eyewitness accounts of the event.
facial	Lots of operations are gross--leg amputations, burn surgery, removal of facial tumors, etc.It became effortful, as indicated by eyes ﬁxed on the toys and a determined facial expression.
fairness	The judge starts with a presumption of fairness, and you have to tear that presumption down.Aumann and Maschler argue that consistency appeals to our intrinsic sense of fairness.
fantastic	And in the same caves stand more than 2,000 painted sculptures, realistic or fantastic.um now oh have you have you been on the Blue Ridge Parkway oh wow now that's fantastic
fasten	[Lit. to fasten one's nail to somebody]What all appearances neglected to consider, but the Brookings study did not, was the 2.97 seconds that it takes, on average, to fasten a seat belt.
fax	To receive a copy of the brick form, you may call, fax, e-mail or simply send in your $25.He's entirely dependent on Bergman, with whom he mostly communicates by cell phone and fax.
feast	People flock here on 23 April, the feast day of Barcelona’s patron saint, Sant Jordi (St.Columbus named the island after St. Martin on that saint’s feast day in 1493, or did he?
feather	Birds of a feather flock together Better proceed with caution here, could be tricky.A similar little/ great, low/high distinction--that is, birds that are not exactly of a feather.
ferry	and you uh everyday they drive on the ferry they go upstairs and have their morning coffeeThe ferry timetable runs on a winter (read curtailed) service until the first week in May.
fingernail	A cover slip was placed on the top of the blastocysts and the edge was sealed with fingernail polish.Lemmy takes the cup but refuses the powdered opium Mr. Hahathir offers to scoop into his cup with a repellently long fingernail on his pinky.
firefighter	For firefighter fatalities, see Terry Golway, So Others Might Live (Basic Books, 2002), p.For the firefighter directing those exiting, see FDNY interview 29, Battalion 1 (Jan.
fireplace	I noticed there were only a couple of beads of the carving left when I cleaned the fireplace.)The fireplace looks like an abstract sculpture, but it has a traditional mantelpiece.
firewood	beautiful yeah oh really yeah i was up i was up there cutting some firewood this weekend yeah pull little oak tree that was dead andi got taken on some firewood on firewood
firework	Firework displays are staged over her on Friday and Saturday nights during summer.The gardens also put on firework displays and open-air theater.
flaming	It has fireworks, flaming torches, and gaily decorated floats on the central Okawa River.Pride of place is taken by the painting Flaming June, by Frederick Lord Leighton (1830–1896).
flashlight	Be aware that the surface underfoot is very slippery, and take a flashlight for better visibility.The stone was mined rather than cut from the surface, and the tunnels can be explored with a flashlight.
flu	Some hospitals are delaying elective procedures to deal with the influx of flu patients.If you totally chicken out about stating your reservations, there is always the 24-hour flu.
fluency	The language genius exploits this flexibility and fluency--and makes the best of it.The programme was the more interesting because of the politician's admirable fluency in English.
fluent	Although he doesn't know much Chinese or Urdu, he is fluent in French, German, and Italian.So I guessed that the old gentleman was Jewish, and I would bet that he was fluent only in Russian.
fog	[19] cloned fog-2 , a gene required for spermatogenesis in hermaphrodites but not in males.(War, curiously, is full of meteorological metaphors: a "hail" of bullets, the "fog" of battle.)
foggy	It was so foggy you couldn't see three feet in front of you, no more that ten.it's kind of like it it just stays for a month it's quite foggy but uh
fond	Prudie, for no particular reason, is quite fond of Microsoft and, perforce, their browser.GE's Jack Welch is fond of saying that the key to success is changing before you have to.
foolish	And I'd rather people ask a foolish question now than have them make a dumb mistake later."Any sure thing attracts too many hackneyed ideas, like Wolff's, and too much foolish money.
forbid	Beatty can forbid interviews, decline to answer questions, and refuse to appear in public.Did he have to settle for UCLA, Santa Cruz or, God forbid, one of the Cal State campuses?
foreigner	On and off the beach, every foreigner was plagued by hawkers as adhesive as bush flies.It has been suggested that it’s impossible for any foreigner to understand the Israeli psyche.
foresee	but then i i foresee that being just a babysitting thing not much learning but you knowi don't foresee them uh building a new one for a long time because they can't afford it
forgetful	but uh you know in some of them some of them try so darn hard but caring for an elderly person who might be forgetful
fortunate	but anyway i haven't uh haven't got so fortunate as to get into any of those companies yetwell we're kind of fortunate we're right about halfway between National Airport and Dallas
founding	In Ruby, founding families control the local bank and mete out justice as they see fit.In a sense he started the economic life of the city and could be said to be its founding father.
fountain	A copy of Verrocchio’s delightful bronze cherub tops the porphyry fountain in the center.Islamic homes centered around a large central hall called a qa’awith a fountain in the middle.
fox	On the other hand, the U.S. is emerging from Desert Fox as committed as ever to sanctions.Some of the questions Tony Snow and Brit Hume asked Starr on Fox News Sunday last weekend:
fragile	The cover essay defends Israel as the last hope for Judaism (and a fragile hope at that).Barak's fragile coalition is equally vulnerable if terrorism or settler violence surges.
fragrant	On the mantle, an old iron urn holds cascading ivy and some fragrant winter honeysuckle.The other, Narcissus Diskcissal , was said to be fragrant, and it was--too fragrant.
franc	Little children carrying trays offer you coconut tarts — a filling treat for a franc or two.Thus, Belgium, Switzerland, and Luxembourg use franc ; Canada and The Bahamas choose dollar .
freeway	its really bad out here we just had a freeway shooting about three blocks from our houseIf she loses, they'll say its because voters disliked her position on building a local freeway.
freezing	How can we believe that when, even in freezing weather, to look good you won't wear a hat?"yeah it was nice it turned into it was like rain it because it was warm even it was above freezing
frenchman	A lawyer in "Hector Berlioz, Private Investigator," says, "I knew a Frenchman once.A Frenchman speaking his native tongue might tell you, Notre langue francaise, elle est trés belle.
friction	But everybody agrees that there is now considerable friction between Congress and Clinton.The friction between the second ply and the first can create a wrinkle in the first ply.
fried	Kentucky Fried Chicken and a host of tobacco companies, including Brown & Williamson, R.J.The basis is rice, soaked in stock coloured yellow with locally grown saffron, and fried.
fright	It also gives just the slightest salutary fright to colleagues and students.The men faint, run away, or become deathly ill of susto (fright).
frighten	Even the mere mention of the Buddha's virtues is enough to frighten them.i don't know it it kind of frighten me in in one way because it it seems like it's um it's kind of a personal you know your
frog	Figure . shows a frog and fly, each characterized by an NK landscape, coupled together.The latest collection of witty stories by Moore ( Self-Help , Who Will Run the Frog Hospital?
frost	but uh up until Thanksgiving really uh well we usually get our first frost middle of NovemberSo why don't we leave poor Morris behind to enjoy his Robert Frost and Edna Millay?
fry	8. Phony-Baloney Bipartisan Pledge of Campaign Finance Reform Press Conference and Fish FryThe resulting unidirectional charge transfer, Fry speculated, could stimulate neural tissue.
fur	To this, I offer only the standard fur-industry reply: Fur farming doesn't have to be cruel.Fur is back, too, as are delicious pile fabrics, so that luxury can be combined with utility.
furnished	EPA did, however, prepare a regulatory impact analysis which it furnished to this Office.You’ll find a completely furnished traditional Japanese living room on the fourth floor.
gale	But first, the Shopping Avenger will let Gale Hogsten tell the story.You possibly saw Cartlidge in supporting roles in Naked and Breaking the Waves . You haven't seen her in full gale force.
gallon	but for uh just shrubs say five gallon or one gallon shrubs any time of the year is fineand uh you know V-8s seem to be a return of the days of you know ten or twelve miles a gallon
gardening	oh yeah i enjoyed um working in the garden um my dad was a big um fan of organic gardeningso but yeah it it's interesting and i enjoy gardening my son does the mowing of the grass
garment	A computer pen is used to outline a panel of the garment with a sequence of contact points.3. Believes that Ronald Reagan's critics "weren't qualified to kiss the hem of his garment."
geometry	In other words joining and positioning also require cell growth of a particular geometry.The geometry of individual cell growth is ultimately responsible for the observed patterns.
giraffe	Cheetah spots merge with giraffe spots on bright green or purple Lycra stretch pants.Look out as well for a giraffe, which indicates the Indian west coast’s early contact with Africa.
glare	George W. doesn't glare much, as far as Chatterbox can tell, but his smirk may be an expression of disgust.Sweat popped out on his head in the close-up glare of television lights.
glasshouse	The four glasshouse groups, built between 1843 and 1868, have been magnificently restored.They include an alpine house, a palm and orchid house, and the Curvilinear Range, a spectacular curving glasshouse of cast iron.
globe	But the Globe also alleges he has been distraught over rumors that he's a child molester.According to the Globe , however, things aren't quite so hopeless at 1600 Pennsylvania Ave.
glue	Official-English supporters maintain that language is the glue that holds us together.The Yankees can actually be referred to as the glue that held the century together.
goat	Most of our goats were just regular farm goats, but this particular goat was registered.01% NaN 3 ). Cells were blocked by incubation on ice in goat Ig (Sigma), 2 mg/ml, for 45 min.
goldfish	Another carefully created rockery is reflected in a pond teeming with giant goldfish.we still have lots of little goldfish they propagate pretty well those little fish
goose	Now replace "a duck" with "$1 million" and replace "a goose" with "a 10/11 shot at $5 million."and good food in the Blue Goose yeah that is a good place where do you like to eat
gown	She is always described as having long hair, down below her waist, and is seen wearing a white gown.In other respects, the image is that of an Asian kewpie doll--powdered face, braids, tassels, and a silk gown.
graduation	We had prepared no graduation gift for their son, whom my husband and I do not know well.Upon graduation in 1975, she entered private law practice in Oxford, joining NMRLS in 1978.
gram	2 ± 3.5) × 10 5colony-forming units of bacteria per gram but almost no culturable fungi.All the propagules were counted and the count converted into density per gram of sample.
granddaughter	Weld comes from wealthy, pure WASP stock and married a great granddaughter of Theodore Roosevelt.His son Bill was a professor in the Princeton math department, and his granddaughter Julie was my best friend.
grandparents	oh sure i i'm uh i'm very familiar my grandparents and all my relatives are from WisconsinI thought I'd talk to you for a few minutes or eight, maybe starting about my grandparents.
grandson	Bradley, the son of sharecroppers and the grandson of slaves, was mayor from 1973 to 1993.France seized the chance to install the young grandson of Louis XIV on the Spanish throne.
granny	So Sunday comes around and this particular Sunday we're taking Granny to her home church.She wouldn't have changed her clothes since the last time Granny had seen her probably--
grape	It’s perfect with dessert and preserves all the sweet, distinctive flavour of a Muscat grape.They had a grape arbor, where the grapes grow, and my mother to this day hates having grapes.
graph	A week or two ago, I heard Lord Carrington pronounce graph as “GRAFF,” with a sharp “a.”Simultaneously percentage cytotoxicity (line graph) also rises from a basal value of 12.
greedy	Bloated, sloppy, and greedy, the band regurgitated a medley of '70s hits to vast applause.Ian Holm's portrayal of a guilt-wracked yet greedy lawyer is said to be especially skillful.
greeting	There'll be greeting cards filled with loving sentiments, and brightly wrapped gifts, too.We picked up pretty easily the, um, phrase for, you know, "Hello," or a greeting is "Hey!"
grill	fourteen fifteen pound catfish and sometimes those are good to uh do on a barbecue grillThis year Jameson Camp is planning an Inaugural fund-raising event: The Jameson Grill!
grocer	My dad sold them to the grocer and I wouldn't ever eat another chicken that came from the grocery store.so both guys paid it because the grocer was in essence collecting it
gruel	Alexander's survival strategy has been to slosh a thin gruel of artistic mediocrity around the country.In the courtyard is a huge iron cauldron that was used for distributing rice gruel to the poor during famines in the 17th and 19th centuries.
gymnastics	Figure skating and gymnastics remain square; just listen to the music, if you dare.Out on stone platforms, young men perform gymnastics, part of a devout self-discipline known as danda.
haircut	"haircut" for spending on programs other than Social Security, Medicare, and Medicaid.and then but what i'm going to do tomorrow i'm going to get up and go get my haircut
ham	Bonuresu hamu `boneless ham' is a school girl with a figure like a chunk of boneless ham.But we'd go out and get ham and, uh, beef and, you know all that kind of thing from them.
hamburger	i used to love hamburger joints and i don't go to them i don't eat hamburgers anymore butum-hum um-hum yeah we have we usually have most of it made into uh hamburger meat though
hammer	The only thing missing is the babe running up the aisle flinging a hammer at the screen.--Homeless Turkish carpenter Yusuf Okul, who often wields a hammer, reacts to recent aftershocks.
handbag	Who, by the way, can also be made into a durable and attractive handbag.i bought i haven't returned it but i bought a i went down to San Marcos to the Coach Store and bought a Coach handbag
handkerchief	· To the guys who carried an extra white handkerchief in the back pocket of their chinos.You can tell the difference by wetting a corner of a white handkerchief and rubbing the carpet.
handwriting	The disabilities include such dubious afflictions as "dysgraphia"--that is, bad handwriting.you don't think Parcells saw the handwriting and thought he'd be better to go out as a winner
handy	um-hum yeah and yeah that's handy and they're just there you know when you want to use themHandy or Ellington or Stevie Wonder in rap; it's a negation of a century of black music.
hardship	But somehow the mode of travel--and the hardship of that travel--becomes the movie's message.Can we ask her to have her dad pay for a portion of the dresses so it's not a financial hardship for us?
hardworking	They are as industrious and hardworking as their forefathers.Most individual practitioners were--and still are--impeccably honest, devoted to their patients and incredibly hardworking.
harmful	It's weaker: it's doing something in disregard of the fact that it's likely to be harmful.Adultery by one's parents, even über parents like Bill and Hillary, is harmful to the child.
harmless	It’s a relatively harmless place by day, but you should exercise some care after dark.system overreacts to the presence of harmless proteins normally not found in the body.
harmony	Purchasing information: I ordered the Tush-Cush from the Harmony catalog for $40, plus $6.But the chief reason for relative harmony is the object lesson of the last few elections.
harvest	Only a small proportion of the harvest goes into wine-making; they prefer beer and rakı.Avidin-coated beads were used to harvest the biotin-labeled DNA strand from 50 μl of product.
hatch	cc: The Honorable Orrin G. Hatch Chairman, Committee on the Judiciary United States SenateOrrin Hatch is considering holding hearings on Reno's conduct of the fund-raising inquiry.
hawk	Bird-watchers can spot, among many species, red-tailed hawk and the occasional bald eagle.A hawk is, in fact, simply another kind of tool, used to this day by plasterers and masons.
hay	Parents use her name to scare little children into obedience: “Hay viene La Llorona . .[And] if you're looking for a needle in a haystack, adding more hay doesn't help any."
headache	Common complaints are fatigue, joint pain, headache, difficulty sleeping, diarrhea, or nausea.Or should I just assume he'll find the bottle in the medicine cabinet when he gets a headache?
headmaster	(In the novel, a headmaster actually refers to the hero and his friend as "Dumb and Dumber."In a recent letter in Sunday Times Books [18 October 1992], a West Sussex headmaster wrote as follows:
headmistress	Twenty years after starring in the original horror classic Halloween , Jamie Lee Curtis is back in her original role as scream queen Laurie Strode (now an alcoholic headmistress), facing off with the knife-wielding maniac Michael Myers.
heap	It will not do to heap scorn on -athon and denounce athoninators as licentious with language.But like Sherman McCoy, Croker is a Master of the Universe who has run into a heap o' trouble.
hen	[W]hen you're a star of her magnitude, fashion will always return to you, hanging its head.The hen, just for that, Laid an egg in his hat, And thus did the hen reward Beecher.
heroine	In A Regular Guy , her latest novel, Simpson has yet another heroine looking for her father.[S]he established herself as a mythical heroine, questing but always true to herself.
hillside	Eight kilometers (5 miles) inland from Fuengirola and clinging to the hillside is Mijas.The capital, Pothia, is a splash of bright color climbing a hillside on the south coast.
hilly	Off Rua da Carreira is Calçada Santa Clara, a picturesque, hilly street full of interest.The golf courses here tend to be much more hilly than most in North America or Australia.
hive	He can't reach a beehive by climbing, so he jury-rigs a balloon to raid the hive from the air.This pattern is repeated multiple times, and is eagerly attended by unemployed bees in the hive.
hobby	okay what are your hobbies i hear you have kids right that's your full time uh hobby rightwell now it's kind of a hobby more than anything else but we're going to have uh wild boar
hometown	Iraq celebrated Saddam Hussein's birthday . Thousands of civilians marched in his hometown.Gates, as is well known, started Microsoft in Albuquerque before relocating to his hometown.
homework	and she seems to be studying and has just about the right amount of homework i would expectBut they won't be able to say they weren't helped with their math homework by the very best.
hooray	Hooray for David Plotz's "Domestic Goddess Dethroned," an assessment of Roseanne's self-made downfall.Today's Papers says hooray for Cohen and is still amazed that news stories don't routinely do this kind of math.
hopeful	‘I am not very hopeful that we'll ever be able to find out where it comes from,’ he says.but i i'm hopeful well i enjoyed talking to you and i wish i wish you luck there in Charlotte
hopeless	such hopeless, astonished pleading, such overwhelmed, untempered pity for the self dying;According to the Globe , however, things aren't quite so hopeless at 1600 Pennsylvania Ave.
hostess	The persona she cultivates--the warm, welcoming hostess with a close-knit family--is a fraud.Embarrassed, I gave my father-in-law money to give to the hostess to cover our meals.
housewife	no i just just a housewife i just heard about it and found it fun guess i like to talk that's allThe 17-year-old Jess Gupta (male student), for example, is listed as a "housewife" in another filing.
housework	that's a tough question we're now able to work full eight hours a day and still do our housework rightyou know a lot time is spent doing things as far as the yard work or housework or you know that type of thing
howl	Howl to the heavens that our earlier Russian policy was a failure.Imagine how Republicans would howl if a Democratic independent counsel let a Democratic administration off the hook.)
humorous	Fixed expressions that are open to humorous reshaping are, of course, not always reshaped.oh Lord right yeah i i saw the first one and i i thought that was you know pretty humorous
hunger	She struggles daily with a grossly distorted self-image and an unrequited hunger for love.There's the constant hunger for money, exacerbated by the decline in government funding.
hurricane	well i don't know do the nice thing i'm looking forward to is uh not having a hurricane seasonIt credited the improvement to its installation in June 1995 of a new hurricane tracking model.
hydrogen	Abundant catalase enzyme then converts the hydrogen peroxide into molecular oxygen and water.Energy terms included Van der Waals, electrostatic, hydrogen bond, and torsion terms [ 10 ] .
iceland	The reason that this experiment can be done is because of the remarkable records that exist in Iceland.The LAT "Column One" fascinates today with a story of breakthrough genetic research being done in Iceland.
idiom	At its best it can enrich the American idiom with phrases, words, and even bound morphemes.Some of the most striking pictures are by Indonesians working in a purely Western idiom.
incorrect	Lee (as quoted in the Bulletin 's profoundly politically incorrect account) the last word:Employers may have an incorrect estimate of the relative productivities of men and women.
ink	oh that sounds really neat did you do did you use like a stamp pad an ink okay so you justThe Times editorial board, I'm sure, would make this ethical boo-boo bleed with ink.
inland	Here you will discover a commanding view of Kobe, Osaka, Awaji Island, and the Inland Sea.Inland from Almería lies one of the most un-European landscapes on the European continent.
insure	One of the best ways to insure independence is to properly follow rigorous randomization procedures.When Professor Wright found out how much Philadelphians pay to insure their cars, he gave up driving.
interpreter	b) the portrayal of the interpreter as a person that speaks near-perfect English; andThe Times says the man later told an interpreter, "My roommates are going to follow up on Jerusalem."
invention	Within a month of the Bash's invention, the A's marketing department had cooked up a song.The invention of the telegraph reduced communication time from five days to five minutes.
inventor	The obituary mourns the death, at 84, of Otto Wichterle, inventor of the soft contact lens.(This, of course, was a lie--Al Gore was the inventor of corporate voice-mail routing systems.)
irrigate	The river is also used to irrigate the surrounding farmlands, which yield a cornucopia of rice, fruit, and vegetables.The longest river in the world brings abundant water from the heart of Africa to irrigate a narrow verdant valley snaking its way through the hundreds of thousands of square kilometers of parched desert that constitute the modern state.
irrigation	Last month, Alpaugh Irrigation customers approved a monthly fee increase from $20 to $68.Cactus plants are as common as palm trees and the small area of rice depends on irrigation.
jam	It was as though Jordan was funneling all his frustration into a single thermonuclear jam.That is the feeling that makes the children take out the broken tea pot and empty jam tin."
jeep	oh sure yeah we just recently bought a second car and we ended up getting a Jeep WranglerIf you hire a moped or Jeep from either hotel, there are virgin beaches to discover.
jewel	The jewel of the red stone courtyard, however, is the marble-clad Tomb of Shaikh Salim Chishti.The Kesava Temple, built in 1268, is a tiny, shining jewel in the crown of Indian architecture.
jog	yeah so i've just gotten up to um being able to jog one and a half to two miles and thenWe also tried the Jog Mate Protein Tube (the one you thought smelled like meat, Eliza).
juicy	Bradley's response looked like a juicy patch of exposed flesh for his crazed pit bull of a rival.and it seems to be a tough thing to do is to find a place that cooks up a real good juicy steak so
jungle	Beginning with the Johnny Weissmuller films, the jungle began eclipsing the English manor.Besides fishing, jet skiing, windsurfing, canoeing, and jungle trekking are all available.
junk	(Requisite statistic: On average, each American receives 553 pieces of junk mail a year.)and then you're you're if you're not informed as a consumer you end up with absolute junk
kangaroo	, Captain Kangaroo ) on 54 th Street--254 W. 54 th St., to be exact.Complaints abound that Nuremberg was a kangaroo court . Sen.
kettle	Each room is equipped with refrigerator, kettle, hair dryer, and coffee-making facilities.The chirping-bird kettle seemed to prove that high design could also be cute.
keyboard	The perception of pitch, then, is arranged along one dimension, as on a piano keyboard.When will keyboard and word process do something to typewriter and type (if they haven't already).
kilo	The efficiency of the term is undeniable--"Y" for "year," the number "2," and "K" for "thousand" (from the Greek "kilo")--and it eventually caught on.But more lucrative than the guano are the swiftlets’ edible nests, for which Chinese merchants are prepared to pay hundreds of dollars per kilo (of about 100 nests), reselling them for thousands, to make bird’s-nest soup.
kilogram	2 to 2.4 mg/kg/min in a 70-kilogram subject) to provide sufficient basal energy requirement and prevent hypoglycemia during surgery.2 units of insulin per kilogram per 24 hours.
kindergarten	If he doesn’t do well in kindergarten, should he repeat it or go into a “transition” class?well i've even noticed that with my five year old she started kindergarten this year and
kindness	Pet is a name for a woman treated with special kindness, indulged as a favorite companion.In part, this is a form of kindness: It is terribly difficult to, say, write a novel.
kite	At hung higher than Gilderoy's kite the author glosses kite as `body'; it is actually a word for `belly.Thus, kite was aptly made from Old English cáta `hawk,' since a kit hovers in the air in the manner of a hawk.
labourer	But the fact remains that, despite this diversity, the English word hut enjoyed a greater currency than any of the borrowings, being the usual word for the accommodation of the convict, the rural labourer, and the itinerant bushman.
lame	In Egypt, the semi-official press was determined not to write off Clinton as a lame duck.Next to these challenges, the official U.S. explanations for military inaction seem lame.
lantern	"There was not moonlight nor the prick of lantern light from some welcoming home.Great green cupolas, small spiky towers, a majolica lantern, and a bright green and gold roof top the ensemble.
latest	The result is that the debates are turning into press conferences on the latest headlines.It's just that Vogue 's latest scheme strikes us as an unusually innocuous way to pander.
laundry	And what a stroke, making the feminine ideal a mute (who does laundry--always a big plus)!my daughter's like mommy can i help you with the laundry of course you can absolutely yeah
lavatory	On another occasion, Zercher says, she pushed open an unlocked lavatory door to find Clinton standing there, unzipped.4. In our interviews of Shalawi and Qudhaieen, they both claimed that Qudhaieen was only looking for the lavatory on the plane.
lazy	They are staggeringly lazy, so slothful they avoid climbing trees because it's too tiring.But when the sun goes down and the music starts up, there’s nothing lazy about the dancing.
leak	2) The story quoted a White House spokesman saying point-blank that the leak was "false."Her announcement, prompted by the untimely leak of her book proposal, came as a surprise.
learned	"What we've learned," declares Samuelson, "is that the little picture is the big picture."and those are really neat and we learned to do the um transfer pictures on the sweatshirts
leftover	It has its own share of galleries and leftover beatniks, but is decidedly more laid back.In the days just before 9/11, the hijackers returned leftover funds to al Qaeda and assembled in their departure cities.
lemonade	Islanders often drink the somewhat acid wine mixed with lemonade (gaseosa).Here"--handing you a packet of lemonade powder--"just add water and stir."
liberate	Service, too, might be cathartic enough to liberate us from our Flytrap obsession.In fact, the seemingly farfetched act you suggest would liberate the movie.
librarian	University librarian Sally Haines told the Associated Press, "Librarians, we don't censor."Anything that costs more than 5 cents is prohibitive," says Head Librarian Rebecca Oliver.
lid	The revolution put the lid on the nightlife by banning gambling and deporting the Mafiosi.USAT refers to reporting "without fear of punishment," which suggests a pretty tight lid.
lightning	The Standard drools over the Starr report and calls for a lightning impeachment process.In his lightning trip through medicine, Blood and Guts: A Short History of Medicine (W.
litre	Explorative laparotomy revealed approximately one litre of blood in the peritoneal cavity and an enlarged spleen, measuring almost double its normal size with a tear on the inferior surface (grade II).
litter	Another difference is that the fuel is mostly leaf litter, not conifer needles or sticks.For analysis vertebral arch distance was averaged for each fetus and then for the litter.
loaf	But then, half a loaf to the Anglo-Saxons was only half , while a whole one was a half .let's see what did we have the last time we had guests over ah yeah we had a uh a turkey loaf
locust	Aside from Nathaniel West and The Day of the Locust , though, this is it, right?The last of those novels, The Day of the Locust , was filmed in 1975, which makes it the most famous of his titles today.
loudly	Consulate in St. Petersburg urges Americans not to speak English too loudly on the street.4) Russia and China are protesting loudly but aren't matching their harsh words with deeds.
loudspeaker	But neon's cool heat alone did not make the OPEN sign the visual loudspeaker of American small business.Sammy broadcasts into a small wooden block, his pretend loudspeaker.
luggage	Some editors prepare for trips by Federal Expressing their luggage to their destination.The high-rear form is also functional, improving both aerodynamics and luggage space.
maid	We suggest that the Septuagint sees the maid as Jerusalem, the virgin spouse of the Lord.That way, my maid of honor could catch the bouquet without my 6-year-old cousin tripping her.
mailbox	(We aim to have these magazines in SLATE even before they reach the newsstands or your mailbox.)Having a meeting over the Internet is still like walking to the mailbox in a 60-pound spacesuit.
mainland	At the same time, city-states began to grow in influence on the southern Greek mainland.However, Athenian involvement provoked the Persian king Darius to invade the Greek mainland.
mankind	Aldous Huxley excerpted words from Shakespeare's The Tempest (“How beauteous mankind is!Official­ly, it is termed the “largest basilica ever built in the history of mankind. ”
maple	This means that the user must have Maple installed and running before PKQuest can be used.From the woods I gathered crab apple, winterberry, and swamp maple that looked promising.
marathon	Jörg Haider will be in the States on Sunday, Nov. 7, to run in the New York City marathon.so hopefully this year i'll be able to do a half of a marathon which is thirteen miles so
mat	and these folks were you know about to go to the mat over TV stations that they had chosen orCodz-Pop means “rolled-up sleeping mat,” referring to the curled-up nose on the masks.
melon	I loved Au Naturel , that bare mattress piece with the melon breasts and erect cucumber.R: I saw desserts; I'd no lemons, alas, no melon; distressed was I .
memorize	They secured blueprints to the cities' water mains, staying up late to memorize every detail.Often they memorize those they like best and act them out in make-believe.
mend	But the Economist is uncertain whether Western pressure can persuade China to mend its ways.that seems to be on the mend and i think i'm pretty close to getting back on a program again
merciful	She replies, "But the God I don't believe in is a good God, a just God, a merciful God."Because there's no payoff in being merciful to House Republicans.
mercy	The carved portico is especially fine, with a statue of Our Lady of Mercy under a canopy."There is no mercy for the dead," commented the Italian newspaper La Stampa about this story.
merry	But apparently it was all a merry mix-up, judging by the response of the companies involved.well oh well all you have to do is go in and give a specimen then go on your merry way
messy	Our government, at work, on a messy problem with real consequences to our everyday lives.Real politics is messy and morally ambiguous and doesn't make for a compelling thriller.
microcomputer	Song was recorded directly through an AD converter into a microcomputer.And how did such a cold and unhuman thing like a telecommunications protocol for transferring files between a mainframe and a microcomputer get dubbed Kermit?
microscope	Images were captured with an Olympus FVX-IHRT Fluoview Confocal Laser Scanning Microscope.Prepared slides containing adhered BPAEC were examined using a BioRad confocal microscope.
microwave	The cost of keeping my microwave rather than giving it away is the sacrifice of about $6.The turntable in the microwave was chipped, and the toilet in their bathroom was clogged.
midday	Meanwhile, the cave itself is a good place to seek temporary shelter from the midday sun.Spaniards only eat paella at midday — often, unbelievably, as part of a four-course meal.
millionaire	He is restrained on Millionaire , forbidden to indulge in his stories, ad-libs, and insults.Nor does John Hurt's millionaire eccentric float around on "his own custom-made Mir."
minibus	(Or you can take a minibus, which runs from King’s Square to the fort every 15 minutes.)Another alternative is to take a minibus tour with an agency such as Blandy’s.
miniskirt	but uh the miniskirt many times will evoke comments you don't really wantThe original miniskirt had another revolutionary side--it was another theft by women from men, only disguised.
minus	On the minus side: Heather Graham doesn't match up to Elizabeth Hurley as Myers' ladylove.Special diligence was taken to measure the radiated power (forward minus reflected power).
mist	& as she spoke the room filled with a lightAs thick as the mist outside & softly lavenderBut I couldn't open my eyelids for a second& when I did the mist had cleared although a faint
mistaken	But I think Plotz may be mistaken in saying the recent Iraq bombing needed authorization.The mistaken notion that the more you press an elevator button the faster it will arrive.
misunderstand	When non-scientists misunderstand the science underpinning a business model, profits suffer.Regarding the Oct. 29 "Today's Papers," I'm afraid you misunderstand how the British legal system operates.
modem	Browsing at home, it's just you and your modem, and using the mouse only takes one hand.and uh so i use it for uh oh memos and for communications uh i have a modem on my uh computer
monkey	Wild elephants and a curious variety of primitive monkey are among the protected species.The extracellular domain of proHB-EGF interacts with monkey fibulin-1C (Additional file 1).
mop	basement, alas, a mop and bucket my squeezingremedy: and Phyllis off at a funeral:Kemp, velellidous mop shining like the crest of a blow-dried raptor, reached for their instruments.
moslem	How can you demand the extradition of a Moslem to an infidel state, even if he's a killer?"Egypt was caught up in the first wave of Moslem Arab expansion in the 630s (a.d. )
mosquito	In general, bednets and mosquito coils were the most reported mosquito-prevention activity.Mosquito infection status was noted as well as the corresponding location of the parasites.
motherland	I'd rather spend my days in prison than see settlers spend their days enjoying my motherland.The emotional connection to the motherland becomes more intense than the connection to reality.
motorbike	A cross between a motorbike and a small tractor, these fun vehicles are available from the Ostrich Farm at Eilat (tel.but and i have a neighbor with a big motorbike and he likes to run down the street with it and you you can probably hear him but um i don't know so do you enjoy reading anything like that um
motorcycle	The Guggenheim has been busy rationalizing its decision to mount the motorcycle exhibition.All but the NYT note that it was a motorcycle accident when the boy was four years old.
motto	Alas, the '90s motto, "Let it all hang out," has moved from emotions to body parts.''It's a perfect fit for the school's motto: law in the service of human needs.
mountainous	After a few minutes of collegial discussion, presided over with mountainous dignity by Rep.The interior of the island is a wonderful mixture of mountainous dark pine forest and farmland.
mourn	Arthur Schlesinger went on television to mourn the death of President John Kennedy.Douglas Brinkley goes on television to mourn the death of celebrity magazine editor John Kennedy Jr.
moustache	Each warrior is an individual, with his own headdress, moustache or beard, and unique expression.But then, again, Hitler wasn't taken very seriously at the start, either, with his preposterous rhetoric and silly little moustache.
mouthful	The water from the water-bottle is magically cool, but he pours no more than a mouthful at a time.A tapa is a mouthful of anything that tastes good and fits on a cocktail stick.
mr.	"My family was able to help me with school," said Mr. Rothenberg, a graduate of NYU Law. "A horse sitter mistakenly thought Mr. Ed was having a seizure and gave him a tranquilizer.
ms.	"For over five years, I've been in court practically every day on these abuse cases," Ms.As for your reference to Ann Landers and her sister, Prudie has particular regard for Ms.
muddy	Boardwalk trails and muddy paths take visitors through the forest to the feeding centers.if you get them out of real muddy water then they got a muddy taste to them but if you
multiply	Unless the country's habits change, this rate is forecast to multiply fourfold within fifty years.SLC4A9as a part of an ancient, multiply duplicated EGF-SLC4A-ANK-FGF gene cluster
mustard	Our results suggest that that LPS dramatically enhances the toxicity of sulfur mustard.He also wants the packets of hot mustard opened for him and spread over the chicken.
mutton	The "Maharaja Mac" is made from mutton, and customers can top it with sauces like "McMasala" and "McImli."In the 19th century totally different was cat's-head , it being a non-nautical term for the end of shoulder of mutton.
nationality	6 "Lawful permanent resident" is a term of art under the Immigration and Nationality ActIts population is mostly of the Dai nationality (closely related to the people of Thailand).
nationwide	2001; INS news release,"INS to Hire More than 800 Immigration Inspectors Nationwide," Jan.uh and the parents being informed better that in fact that the problems that are nationwide
necklace	Much of this adornment is gold filigree, like an emprendad, a necklace of Moorish design.Mom’s necklace is made out of a kind of abalone with a very colorful shell—pinks, purples, blues.
necktie	On the days I go to my office, I wear a flannel shirt with no necktie if the weather is cool.i absolutely never wore anything out in the tropics like a necktie
nephew	I tolerated my aunt and her proverbial wisdom until she began applying it to her nephew.Kazimierz’s death in 1370 left the crown to his nephew, Louis of Anjou, the King of Hungary.
niece	But it's Dinsmoor's niece, Estella, who becomes the focus of Finn's fantasy life--and art.well yeah but have you bought a place setting lately i have a niece that's getting married
ninth	Historically, Hangzhou enjoyed 237 years of imperial glory from the ninth century onward.By the ninth century, a large colony of Arabs, Jews, Persians, and others had settled here.
no.	John Chafee, R-R.I.; James Jeffords, R-Vt.; and Arlen Specter, R-Pa., say they'll vote no.The interim rule is considered a "significant regulatory action" under Executive Order No.
noble	After getting lost on a few Web sites, I completely wimped out and went to Barnes & Noble.They take their independence seriously, and--to be less noble about it--they love trouble.
noisily	One can easily imagine ladies in crinolines and bonnets walking along the thoroughfares, with carriages riding noisily over the cobbled streets.This spring, the government bolstered the myth of financial privacy by cynically folding its KYC hand when its regulatory methods and practices were noisily scrutinized.
noisy	so mostly it's just kind of one of those things that goes away ah they've got a noisy lineDs knock on tree trunks; Rs hold a leaf in their mouth and clip bits off in a noisy way.
noodle	Browsing is a real pleasure in Macau’s main streets and byways, where shops aimed at the tourist market are interspersed with the more workaday ironmongers, herbalists, and noodle stalls.A cornucopia of bizarre creatures adorn the buildings flanking this pedestrian mall: giant monsters slither down the buildings, restaurants, cinemas, theaters, games centers, and steamy noodle bars.
northwards	But in that case a linguistic amalgam cohered early and was only pushed back northwards after having established a local literature (Dunbar, Henryson).
novelist	… A piece lionizes Ed McBain (real name: Evan Hunter), America's first great cop novelist.A profile cheers Sherman Alexie, American Indian poet, essayist, novelist, and filmmaker.
numb	numb people to Picasso's art, making obeisance routine, like genuflecting in church."Taking in too much Stein too fast can provoke a numb panic, a clog in the head.
nursing	GAO's reports have also convinced some states to improve their oversight of nursing homes.i've always wanted to fly so with my nursing background i'm hoping that i will be able to
nutrition	I completely agree with your assessment of the Ironman Nutrition Bar in Cookies 'N Crème.Nonetheless, National Health and Nutrition Examination Survey III data showed that 60% of 38.
nylon	Nylon . Supermodel Helena Christensen starts her own magazine; critics are mildly interested.4 M formaldehyde RNA gel and transferred to Hybond N +nylon membrane (Amersham-Pharmacia, UK).
obey	TV and radio announcers seem to obey changes in pronunciation rather than initiating them.Women's legs obey mechanical laws, of course, and move apart while they are being used.
oceania	Examples abound in the writings of authors from the Caribbean, West Africa, Oceania, and so on.
offshore	The most famous is Crash Boat Beach, named after a shipwreck that happened just offshore.now the only offshore fishing i've done is from the Bahamas and caught a nice big barracuda
oilfield	Iraq is not just a waste of lives over an oilfield.
omelette	Spain’s golden potato omelette (tortilla española) makes another excellent budget meal.This is different from a French-style omelette, in that this one resembles a substantial egg-and-potato pie.
oneself	Ray Blanchard's theory of autogynephilia, a term described as love of oneself as a woman.(Today's Papers, incidentally, approves the concept of voting oneself deadline extensions.)
opener	A "defoliant, re-growth inhibitor, and boll opener," Finish is produced by Rhone-Poulenc.oh boy that'd be an eye opener wouldn't it i mean right next to us is such a pitiful country
optional	The global standard for identification is a digital photograph; fingerprints are optional.Alternative Allowance Allocation for Units in Certain Utility Systems With Optional Baseline.
ottawa	Skidi Pawnee arikara horns (from their hairstyle); Arikara Ojibwa atâwe to trade > OttawaThey dominate the Ottawa River from a bluff somewhat exaggeratedly known as Parliament Hill.
ouch	ouch ! Junior's mighty kick makes sharp contact with Dad's foot.ouch fifteen years bet they hated that
outdoors	Since a gruta is primarily outdoors it can be constructed as a yard or cemetery shrine.There are so many things for children to do in the great outdoors of the Lake District.
outgoing	Yet these same parental behaviors interfere with exploration in very active, outgoing children.Additionally, SSA shares outgoing information with federal agencies through more than 15 matches.
outing	Later, this was the waterway employed by imperial barges when the emperor desired an outing.Jerry Falwell's outing of Tinky Winky, the purple Teletubby, was widespread scorn and hilarity.
outspoken	Unlike Borges, Saramago is an outspoken political activist of a decidedly left-wing slant.The most outspoken opponent of renewed bombing has been Syria, Iraq's arch-rival.
outward	But within metropolitan areas the movement has been outward, from the cities to the suburbs.To all outward appearances, Disney remains among the strongest companies on the planet.
oval	When Reagan entered the Oval Office, the landscape looked dismal, both at home and abroad."I would take an expression in the Oval Office of 'Dear God, Help Me,' " Bush responded.
overcoat	Hotel residents can spend a whole night out on the town in the winter months without overcoat or galoshes.Lit. enveloping shirt: overcoat
overhead	Mintie said that all of the money has gone to her recipients -- none was spent on overhead.nExpenses of administration include an appropriate allocation of agency overhead costs.
overweight	Another related difficulty is that this cohort, though overweight, is not drastically obese.Most overweight and obese subjects had at least two risk factors for atherosclerosis.
ox	' To play a bugle is to blow on the horn of a wild ox, through Old French bugle , from Latin bōs `ox.broad and narrow oxgang the amount of land that could be cultivated by an ox, between eight and ten acres
paddle	In summer, kids and lovers rent rowboats and paddle about the small lake in the center of the park.Not like when we spank their delicious bare bottoms with that nasty paddle ...
pancake	While they were doing so, the NorthTower began its pancake collapse, killing some of these men.You are free to explore at your own pace and maybe enjoy a pannekoeken (pancake) while you’re there.
panda	It’s the climate in which bamboo thrives, and bamboo is the staple of the giant panda.George Schaller, a leading panda biologist, describes giant pandas as perfectly symbolic animals.
paperwork	, the Regulatory Flexibility Act, the Paperwork Reduction Act, and Executive Order 12866).1300-1600 hours: Shuffled paperwork; reviewed reports and signed the ship's official logs.
parcel	Speaking of delivery confirmation, it is currently available for Priority and Parcel Post.The Russians have been part and parcel of our effort to try to find a peaceful solution."
parrot	A parrot "perched suddenly on the windowsill and shuffled himself like a pack of cards."Another endangered species, the Bahamian Parrot, is under threat from loss of habitat.
passive	Thus, the number of passive vs. active investors will always fluctuate around an equilibrium.In his speech last August, Clinton used weasel words and passive verbs to minimize his deceit.
passport	well i personally uh you know uh i just went in limbo i had a passport and was ready to goMohamed Atta and Zakariya Essabar were reported to have been trained in passport alteration.
pea	um-hum do you go like home cooking like Black-Eyed Pea and that kind of thing or cafeteriaThe PEA identified a gradual increase in the proportion of resistant virus from 14-P2 (0.
peach	Um, and then she would read us, you know, chapter at a time of James and the Giant Peach.If you can afford it, we'll happily suck the fat out of a poodle or a peach cobbler.
pear	The retroviral vectors and ecotropic packaging cell line, BOSC23, used were obtained from W. Pear (U.yeah um i i don't i'm not familiar with that pear tree uh but it's a non bearing pear is that right yeah
pedestrian	The economics articles, while a good idea, have proven fairly trivial and even pedestrian.The street is now a pedestrian precinct, and boasts some of the city’s most stylish cafés.
perfume	that's right and my number one pet peeve in a magazine is when they put the perfume in itI cannot wait to see a new perfume marketed under the name Mephitis, Osmatique, or Puanteur.
pest	They called the place Contra-Aquincum; it is still at the core of the inner city of Pest.The ﬁrst record of Pest, meaning “lime furnace” or “ovens” in Slavic, comes from 1061.
physicist	The physicist studies redundancy in the context of order and disorder of physical systems.But abundant caution: I am not a physicist, the problems are profound, and we risk nonsense.
pianist	Hancock, a favored pianist in Blue Note's stable, was the most versatile of keyboardists."Barak the pianist has already started playing out of tune," it said.
picnic	we go out to the my dad's farm and uh and you know it is just a picnic and spend the nightAll 15 of us have been invited to a picnic/hot tub grand opening party, to use her words.
pineapple	Then she lifted her dress over her head and sang 'They Call Me the Pineapple Princess.Hopes were raised, and also fizzled, over Bahamian citrus and pineapple.
playground	um we we spend a lot of time at the playground and we go to the zoo and we go and we watchAnother is withdrawal of privileges, such as a visit to the playground or a weekly allowance.
playmate	"When he got famous, I was sure he'd forget us," says one old playmate, "but he hasn't."A WSJ piece quotes friendly-sounding singles ads, complete with descriptions like "Looking for a playmate?"
playroom	Downstairs we have like a playroom is like a big TV room and we keep them down there on one half of it.The children's playroom is upstairs and over the garage, so the rugrats can jump up and down to their hearts' content.
plug	NOTE: This article includes two live spreadsheets where you can plug in your own numbers.Salesmen will visit your home, plug you in, and explain all the machine's wonders to you.
poison	we had to put so much poison out on everything that we thought who'd want to eat that stuffChoose your poison: Slate attracts about 6,000 unique browsers a day and 80,000 a month.
poisonous	Other highlight: A visit to the "most poisonous place on earth," a Nevada nuclear-test site.Reassuring note: Unlike Martinique, Guadeloupe has no poisonous snakes or other harmful animals.
polite	The polite forms may still be hem and haw , but the polite forms are from a bygone era.) In other words, it functions as a polite observation naturally terminating the transaction.
pollute	The radioactive fuel is safely encased, and will not pollute the atmosphere if the spacecraft explodes.and they do all these studies on which ones pollute more and then there's the paper and plastic bag question
popcorn	easily yeah yeah and then if you want popcorn and stuff it's just i mean uh it's incredibleBut you can't see the Twentieth-Century Fund feeding policy popcorn to Democrats in Congress.
porridge	A more unusual dish is a«ure, a kind of sweet porridge made with cereals, nuts, and fruit sprinkled with rose water.English is reduced to a bland, verbal porridge.
portable	Portable Network Graphic (PNG) File showing that mature TGFβ 1 binds to α V β 6 integrin.um i have one uh a Wang or um sorry a Compaq portable that my son picked up at one point
porter	[I]n "You're the Top" Porter does not capitalize on the text's potential for realism.nd strike out with a good trekking guidebook but no Nepali guide or porter. Most pe
postage	8 million) and if the terminal dues in FY 2000 had been based on domestic postage (-$172.Source for householdlevel postage expenditures and other non-durable goods expenditures.
postcard	And filing your return on a postcard--or not having to file one at all--is a pretty appealing notion.The third mailing was a postcard reminding clinicians to return their surveys.
postcode	A delivery area represents a postcode (or several postcodes in some cases).
postman	We no longer are in the position evoked by Auden, passively awaiting a connection with the outside world through the postman.If we allow Tomorrow Never Dies the traditional James Bond logic waiver, only The Postman , of all the major releases, had true lunacy at its heart.
postpone	Andy and some of the SNL people took this to mean you could postpone the laugh forever.There, endless calls for more study postpone necessary but unpopular changes in policy.
prairie	A building in Wright’s unmistakable Prairie style, for example, simply looks like a knock-off.Alberta, Saskatchewan, and Manitoba form the Prairie Provinces, sharing the same rugged climate.
preview	A Preview of the 1999 Comprehensive Revision of the National Income and Product Accounts."After lunch, Nader will be given a sneak preview of Windows 98, to be made out of safety glass.
printing	[Too many replies were received in response to Mr Bayliss's EPISTOLA for printing here.You can print out the e-mail using fewer pages than printing out directly from the Web.
probable	He believed that there was sufficient probable cause for a criminal warrant at that time.It is probable that many CSEs located in promoter regions contain cis -regulatory elements.
pronounce	Critics pronounce Martin Scorsese's biopic about the young Dalai Lama beautiful but dull.), and run into the back room for her textbook in order to ask how to pronounce “banal.”
pronunciation	TV and radio announcers seem to obey changes in pronunciation rather than initiating them.Everyone has a pet peeve, be it a misused word, an unusual pronunciation, or what have you.
punctuate	The Japanese speaker, educated in Kanbun would punctuate this sentence with the aid of the symbol:Yaar or Da (meaning `chum' or `buddy'), often punctuate Inglish speech.
punctuation	Missing or misplaced punctuation marks naturally fall within the net of the E.T. gremlins.There are many examples of how sentences with improper punctuation marks sound ludicrous.
puzzled	HBO should never be puzzled again about its target demographic for Tyson fight broadcasts.Mintz seems puzzled, musing that it wasn't as though he'd said America had no literature.
pyramid	The main entrance is through an inverted glass pyramid designed by American architect I.M.He never gave up this ideal of marginality, even as he climbed to the top of the pyramid.
quake	The NYT focuses on the Turkish army's sluggish mobilization in the days following the quake.Christian millennial Web pages find biblical significance in every blizzard or quake.
quarrel	That herethe essence of a colony's defencewas the substance of the quarrel with its purpose:But he does concede that it is OK, intellectually speaking, to quarrel with Alan Greenspan's judgment.
queue	Newly arrived, I taxied to my office and found what seemed to be a queue by the elevators.Bicha in Portugal means a `queue'; in Brazil, it is very crude slang for a `homosexual man.
quilt	yeah we get help with the quilt so we enjoy that and then i do a lot of quilting on the sideit's very tedious if you don't have a whole group you're not finishing a quilt in a long time
quiz	News Quiz participants are still encouraged to attempt this far more demanding verse form:During the evaluation the supervisors administered a ten-question malaria knowledge quiz.
radioactive	The specific activity of the radioactive thiamine was the same for each concentration used.And Buchanan is "on the cusp of becoming radioactive politically," says Mark Shields ( NewsHour ).
rag	, about $100 if I use Strathmore, a competing paper, which is only 25 percent cotton rag.The island’s homecrafts include weaving the rough Québécois rag rugs known as catalognes.
rainbow	Oncorhynchus mykiss (rainbow trout) and Salvelinus fontinalis (brook trout) (Table 15).For the last two years, Latvia has been governed by a six-party "rainbow coalition."
raincoat	Currie wears a raincoat and stares uncomprehendingly at her companion over a cup of coffee.In any case, don’t forget a raincoat, especially for British Columbia.
rainfall	our normal rainfall is twenty nine inches and we're already up to over fifty inchesRainfall is much lighter here than in the east, and the forests are more temperate than tropical.
rainy	record what oh wow that's something we've had a really wonderful Spring it's been rainyDrunk, unable to move his tongue, desperately lonely, he fell into the rainy gutter.
razor	Suddenly, they attack you with razor blades, shanks, picks, shivs, or sharpened rebar.The plastic package is also embossed with parabolas, and the razor itself is festooned with them.
receptionist	After giving an American telephone receptionist my phone number, I added, My local is 222.But the receptionist who answered announced the office as that of another orthodontist named Joseph Cannon.
recite	Across the street, Catholic protestors in white berets recite Hail Marys into a megaphone.Every day thousands of children in our state recite the Pledge of Allegiance.
recorder	22, 2003); NEADS audio file, Identification Technician position, recorder 1, channel 7, 9:41.2) If Brill used a tape recorder, we'd know whether he misquoted Susan Schmidt or not.
recreation	There were generous kid recreation grounds, the unfenced backyards through which we swarmed.piddling room a craft shop for prisoner recreation, supervised by prison employees.
rectangle	Another large rectangle, a reflecting pool, is set into the lawn, level with the grass.The right edge of the rectangle was drawn to coincide with the left edge of the crush.
recycle	i feel guilty we don't recycle our our milk containers because they seem like a big wastewell i'm not sure of anything i can't really think of anything else that we could recycle
redirect	At worst they redirect investment capital from uses that make economic sense to those that don't.The resulting DNA, however, cannot redirect the synthesis of active compounds.
referee	This is exactly the kind of messy dispute that calls out for a referee--like the WTO.He will be a referee at the World Wrestling Federation's Aug. 22 "SummerSlam" event.
refresh	Why don't you refresh your recollection for a while, and we'll talk when I'm back.It might indicate only that Clinton was trying to refresh his recollection.
refreshments	There’s a reference library upstairs, and you can relax with refreshments at the small café.On these walks you’ll never be far from a café or pub, so it’s always possible to break for lunch or refreshments.
regards	I am writing in regards to our alma mater, Cathedral High School and her Annual Fund Drive.--the tension between how he regards himself and how the world regards him is heartbreaking.
relay	Imprinting relay: Do trans-silenced E82 and L91 loci acquire trans-silencing ability?The second comparison relates to the relay of epigenetic activity.
repairs	yeah i know that's i think it would be fun if you didn't have to pay for the repairs to itum-hum do you uh do you does it uh need a lot of repairs is it very reliable kind of car
retell	Do you remember any specific ones that you could retell?Can you retell the story?
reuse	don't know that i've ever had that problem i just try to reuse mine a lot at home too and(I'm happy to reuse my grocery bags--but don't expect me to walk to the supermarket.)
reviewer	As for this reviewer, he would have preferred looking at the trees rather than the paper.But when a reviewer misrepresents what one has written, I feel a counter is called for.
revision	A Preview of the 1999 Comprehensive Revision of the National Income and Product Accounts."Only now are the Times and the rest of the press belatedly offering a corrective revision.
rewind	um no but we we're lazy we like to rent and watch them and be able to rewind them and say what he sayMaybe it is still possible to push the reset button--to rewind the tape to mid-January and recapture that initial optimism.
rewrite	Rewrite the Endangered Species Act to require a vote of Congress on every species listed.Philosophers and theologians try to answer these questions, but smart politicians rewrite them.
rhyme	All this is called devolution, to rhyme with "evolution" (and not to rhyme with "revolution").Chaucer, after all, probably pronounced eye “ee” to rhyme with sea , as in “the smalle foules.
riddle	To answer this riddle, I went to the folks who know: the people who are funding his campaign.Another type of riddle is the riddling question, such as “Qué le dijo la luna al sol?”
ripe	'When ripe the fruit pulp exceeds in foul odour all that is abominable in nature' [ 76 ] .Today's WP features a particularly ripe target for the genre--a philosophers' convention.
ripen	When do the claims of seasonal agricultural workers generally ripen?A Florida court has ruled that the claims for the 3/4 guarantee do not ripen until after the end of the work period.
roast	"It's one of the great British foods like roast beef and pork crackling," he explained.roast chicken oh gosh yeah how do you usually cook your deer how do you usually cook your deer
rob	The next time you burn, call Rob and he'll say, "How old are you and what's your birthday?"Shore Revised , produced by David Axelrod and Associates for Rob Andrews for Governor.
robot	I Robot yeah that's pretty light reading for science fiction those kind of thingsThe robot system is safer than dispatching human rescuers and, when space is tight, more effective.
roller	And he went and he put on his roller skates and he beat everybody back to the pirate ship."The snack bar, the gift shop, the new roller coaster--the entire place is just Annetastic!"
rooster	Why not download the Ready Rooster coloring book, and learn that sometimes it's good to be a chicken.(French coq and Latin gallus both mean the same thing: rooster.)
rot	Most non-McLarian ROT members publicly disavow violence, but the possibility always lurks.Tommyrot compounds tommy, `simpleton, fool' (as in tomfoolery ) and rot, `worthless matter.
roundabout	Traditional country is a sidestepping, roundabout art, fond of coy and cagey divagations.A traffic circle (roundabout) past the airport leads left to St. George’s and right to St. David’s.
rubber	More recently we built a chamber using rubber spacers, double stick tape and a cover-slip.I'm not just endorsing retro-chic when I say that the guy in the rubber suit is more fun.
rude	These rude and unappreciated remarks just slip out; the verbal equivalent of being a klutz.uh-huh yeah yeah i i hardly ever give the people a second try if if somebody's rude to me or
sadness	Ben's dutiful recording of miniscule new shifts in foliage slips ever deeper into sadness.Students of human misery can savor its underlying sadness and futility.
sailing	This wide boulevard was formerly a major docking area for sailing boats from the colonies.The exhibit also details the role Bermuda has played in the world of competitive sailing.
sailor	Invigorated à la Popeye the Sailor Man, he proceeded to capture the enemy regiment single-handedly.The RNC says Gore "spends money" on Wolf "like a drunken sailor in port."
salesgirl	I marched up to a salesgirl in the men's department and inquired if she had any Slates.The salesgirl directed me (still sucking gratefully on her micro-gift) onward to the Macy's at the other end of the mall.
salesman	No one in America today believes that John Gotti was a simple plumbing-supply salesman.The humorless, stilted quality of Miller's writing makes Salesman feel like a dental extraction.
saleswoman	And then the saleswoman lets it slip: Cartier's paper is actually Crane's 32 pound paper.I wanted the timepiece I was used to, a normal watch, as I told the saleswoman, you know, with hands and--
salty	Europa has a large conductor, and this is most likely a global, salty layer of water.For salty and sour perception, the taste cell only needs to detect simple ions.
salute	In 1981 he was assassinated by an army officer while taking the salute at a military parade.Creators: the Denver Broncos' running backs, who unveiled the salute at preseason games this summer.
saucer	It's too bad Ricci's dry, flat voice--so wonderful in modern comedies, when it plays against those saucer eyes and angel-baby features--sounds amateurish amid all these declamatory Brits.The word itself, tapa, is translated as “lid” and derives from the old custom of offering a bite of food along with a drink, the food being served on a saucer sitting on top of the glass like a lid.
sausage	We believed they locked their boys in the sausage shed as punishment for missing shots.sausage oh like a a Owens mild you can i guess you could use the hot if you wanted to yeah and uh you
savage	If the process of slaughter becomes a savage yahoo spectacle, then we are indeed barbaric.The Sheikh emitted a low musical laugh and replied, "I am always gentle and always savage.
saying	9. If your candidate was blown out, you brush it off by saying it was never really a race.Children with recurrent otitis media bouts have trouble making out what others are saying.
scar	If the wound to Eappen's skull was new, asked Scheck, why had scar tissue formed around it?The next morning he woke up in a bathtub full of ice with a crude surgical scar in his side.
scarf	Often local Celtic patterns appear in bracelets, brooches (pins), and scarf rings.Unlike the yarmulke, which is strictly symbolic, the folded scarf is functional.
scenery	The scenery is not varied enough to make the bumpy two-hour ride to Amed worth the effort.For a complete change of scenery, take a drive northwest towards the hills and Bensafrim.
sceptical	When sceptical researchers took a look at the sequence, it turned out to be of human rather than dinosaur origin.She went on, "Perhaps we are more sceptical.
schoolmate	When I stayed with an old schoolmate on a business trip, it was in her small apartment with only one bathroom.An ambitious law student, Milosevic hitched his star to the rapidly advancing career of his older schoolmate Ivan Stambolic.
scissors	The scissors snip China, India, Algeria, and Mexico out of the map to reinforce the point.scenery is is very entertaining uh and what he does with the with the scissors and uh
scold	Many scold Ross for publishing her memoir while Shawn's 92-year-old widow is still alive.At the top of his short hate list resides popular scold William Bennett.
scores	Cumulative lesion scores (day 0-14) were then calculated from the individual daily scores.In fact, in 1998, base schools' scores in the national eighth-grade writing exam were No.
scratch	I swabbed, I purged, I itched The way I'm itching now to get this right So you'll scratch too.On the foreshore near the Bat Cave, a few people scratch a living by harvesting salt.
seagull	The seagull is also known as the mew , likewise an imitative name.You’ll need to use a good map, as the blue signposts with a white seagull in the center can be difficult to locate.
seaman	Seaman et al has also reported that administration 15 mg estradiol in this model was capable of raising estradiol to 9 times the normal level [ 37, 38].The state seal shows a farmer and a seaman and a moose, who seems faintly disapproving of the lifestyle of the farmer and the seaman, which strikes me as impertinent coming from a ruminant.
seashell	Inland from Marbella lie the high peaks of the Sierra Blanca, the most distinctive being La Concha (The Seashell), which rises directly above the town.Other traditional Acapulco wares are coconut shell carvings, usually monkey’s heads, as well as decorative seashell ornaments, and regional candies made of coconut and tamarind.
seaside	We are now by the seaside, where the gull has a name representing its repeated kyow, kyow .At Sóller and its seaside twin Port de Sóller, the cliffs and mountains at last relent.
seaweed	The tide gone out for good Thirty one words for seaweed Whiten on the foreshore.The region isn’t overly touristed, though; it isn’t unusual to see oxen pulling carts piled high with seaweed for fertilizer.
secondhand	The Winding Stair on Ormond Quay is an interesting, labyrinthine secondhand bookshop with a café.Philip Morris has subpoenaed data from an influential study linking secondhand smoke and lung cancer.
selfish	Dylan, the most inward looking of musicians, a selfish genius, gives that claim credence.Contrary to popular belief, only children are not destined to become spoiled and selﬁsh.
semicircle	“The podium erected in front of building A was surrounded by a semicircle of spectators on wooden chairs.“The podium erected in front of building A was surrounded by a semicircle of spectators on wooden chairs.”
settler	Barak's fragile coalition is equally vulnerable if terrorism or settler violence surges.First settler William Blackstone sold the 48-acre (19-hectare) parcel of land to Boston residents in 1634.
sew	uh-huh do you actually sew some clothes for them and that sort of stuff or have you beforeokay well some of the things i like to do are i like to knit i knit sometimes and i sew
shabby	James and Hemingway give way to the shabby backdrops of John Le Carré's novels.In his shabby house, he listens to the blue-collar wail of Bruce Springsteen.
shanghai	Its very name became a verb in English: “to shanghai” meant to abduct by trickery or force.Shanghai has over 300 skyscrapers, and most of them are in Pudong, in the new East Shanghai.
sharpen	Flints are knapped (and not with a knife) to sharpen them.Perhaps Aman will sharpen his perspective and techniques and institute such interviews as a regular feature of Maledicta .
shave	I was standing on the edge, trying to see my ass to shave it, when I slipped and cracked a disc.yeah they do and i told him i said well if you do it you can't shave your hair
shaver	If the user wants to find out about misplaced adjectives and adverbs , reference is made to the entry “Electric shaver for women with delicate floral design on the handle.”
shopkeeper	• The shopkeeper job aid was for a retailer to consult when selling anti-malarial drugs.The majority of the shopkeeper job aids were displayed in a visible location, such as on a wall.
shortcoming	Acting on that truth and playing around with form is anything but a moral shortcoming.Surprisingly, only a few groups have previously addressed this shortcoming [ 3, 4, 5].
shorts	They are supposed to wear matching cotton shirts and shorts and black-leather oxford shoes.They want to wear shorts, drink booze, and sing pop songs--all banned by the government.
sickness	yeah they do i mean it's amazing it's like a an an illness or a sickness or somethingand it was like every weekend i would just it's it was like sickness to me and i just got and just
sideways	Large-circulation American newspapers, to be sure, don't market philosophy, except sideways.From Thursday's London Evening Standard : "Blow to Singer With No Sideways."
sightseeing	The weather can be a critical factor in the pleasure of mountain rambles and sightseeing.The entire area makes for a great afternoon’s break from the pressures of Osaka sightseeing.
simplify	Both changes signal a stripping down, an old man's effort to simplify, relearn, restart.The smaller pilot data set was used to simplify the interpretation of the results.
sincerely	This prompted Bush to defend McCain, sincerely but somewhat patronizingly, as "a good man."Also, "The AKC sincerely regrets the distress caused to dog owners and breeders by the errors.
sixteenth	Amis' game is sixteenth notes or, in this case, a run through the candy store of American slang.Molly Ringwald yeah it was cute but it wasn't i like the um Sixteen Candles or sixteenth birthday or
skate	He acquired a skate from the fishmonger and painted a loose paraphrase of a Chardin still life.And we could skate to the movie or ride a bicycle to the movie and we would do that.
skateboard	Skateboard geniuses picked their pimples
skillful	And they are much more skillful at their business than Disney proved to be in Celebration."Christ Whitens Hearts, Freshens Lives"-- A skillful parody of the Crest toothpaste logo.
skillfully	Of course, when lobbying is done skillfully, linking is unnecessary--the money speaks for itself.Never has a show so skillfully exploited contemporary retro-chic to rewrite our visual image of history.
skip	I used to skip school during junior high and steal a pony and return it and go back home.So, uh, I skip a lot of things here that I could say, but they chose me and one more guy.
skipping	Our code reads these files by skipping the header and identifying any warning codes.Long Rope Day refers to the old Brighton or Hastings custom of skipping for luck on Good Friday.
skyscraper	In fact, the architects of the skyscraper considered themselves traditionalists.He was moderately successful, achieving local renown for the Tribune Building, an early New York skyscraper.
slavery	"If undocumented workers didn't have rights, it would amount to slavery," Cervantes said. "Jerusalem was razed, the Temple destroyed, and its people forced into exile and slavery.
sleepy	Sleepy Hollow is Tim Burton's first full-gallop, Grand Guignol, gutbucket horror picture."'Sleepy Hollow' has got to be the most gorgeous, sumptuous, painterly movie ever made ..."
slim	Behind the inflated rhetoric, the Franklin panel has only a slim mandate and little power.If it's Fatboy Slim, and the others, and confined to that, I don't see the counterculture.
smelly	it got warm it was pretty smelly by the time we got there which is not too far a drive butJack Maggs is arching its brow at Dickens' vaunted causes, making them potentially smelly.
smog	well not always depends if you don't there if there's a brief stop then you get the uh smogAnd the Los Angeles Times goes with smog--the EPA rejects California's smog control strategy as being too lax.
smoker	right there was a lot of uh controversy about that too i'm not a i'm not a smoker myselfThe lack of association with smoking could be explained by the 'healthy smoker effect' [ 45].
smoking	This would cause millionaires to eat less cake (and to quit smoking and to exercise more).yeah well you just have to ban the smoking to their to their little room that they want to
snack	In other words, we snack when snacking is, on net and in our best judgment, a good thing."The snack bar, the gift shop, the new roller coaster--the entire place is just Annetastic!"
snatch	They have flashy tastes, preferring to snatch at bright objects rather than dull ones.Now they're going to snatch them away from me and replace them with aliens or Arabs?
sneaker	More troubling, from the perspective of the advertisers themselves: Watch a sneaker ad with the sound off.Gardner says you can see it in action in people who know every kind of dinosaur, or sneaker, or automobile.
sneeze	Where everybody sneezes once or twice, I always sneeze at least five or six times--sometimes more.Using a squirt bottle, I simulated a big, soggy sneeze to test their absorbency.
sniff	"Few realize that just one sniff can cause death," asserts the Partnership for a Drug-Free America.And the wife of Aetna's CEO had to, sniff, go on a South America jaunt alone .
snowball	build the first snowball on Northampton Street she collectedyeah we're we're just kind of like losing and it it just seems to be a snowball effect i mean you know we keep losing more
snowman	Santa vs. the SnowmanThere are displays and videos, including excerpts of the famous video, The Snowman, which was produced — as were the original book illustrations — using Cumberland’s Derwent line of color pencils.
snowy	But, as in Washington, on snowy days like this, you take what you can get.It is surrounded by yurts, grazing sheep, and snowy peaks, capped by Mt.
sob	Jack and Bob subscribe to a new form of male bonding: They cling to each other and sob.Altman exploits Downey's image like the cold SOB he probably is.
socket	An article on the California governor's race notes the emergence of--groan--"socket moms."The socket cell is also polarized in the same direction as the shaft as it is higher on one side than the other.
sofa	The sofa you see there now is a replica, the original having been stolen during the Revolution.being the sofa and the blanket on the sofa nobody came near it when he was there
softball	a softball league down in Memphis we went and uh that's the most expensive place we went toso i'm not with the same softball team but they're starting up soon so i'll be playing again
sorrow	"It looks terrible," the Fox Washington bureau chief observed, more in anger than in sorrow.Hers is the face of a patient, drugged out of pain and sorrow, drifting on Demerol.
sour	Oxy comes from Greek oxus sharp < IE * ak , sharp and sour both being descriptive of acid.' Tory killjoys struck a sour note by calling the timing of the announcement a Labour stunt."
souvenirs	Specialty goods and souvenirs, often handmade, come from Hong Kong and elsewhere in China.This is the place to come to check out the full range of local handicrafts and souvenirs.
sow	"Sow according to your charity, but reap according to your lovingkindness" (Hosea 10:12).Randy, I'm always true to you, darling, in my fashion, but sometimes a girl needs to sow some wild oats.
spaceship	The spaceship comes down in your backyard, crushing a bed of petunias, and out steps the alien.The name SCOTTY would be iced in in green as if it were the name of the spaceship.
spade	Last year, when I finally got my own piece of dirt and took a spade to it, it landed with a thud.So I only wish that while delegitimizing Reed's Christian décor, the author could have called a spade a spade.
sparrow	Malcolm K. Sparrow, License to Steal; Why Fraud Plagues America's Health Care System, 1996At first I was prepared to offer “sparrow grass” (for asparagus ) as elevated Slurvian; I now retract the offer.
spear	St. George’s cross and a shaft suggest a spear being thrust into the dragon’s back.Another school saw al Qaeda as the "point of the spear of radical Islam."
spelling	"Yadda yadda yadda ," whose spelling he was uncertain of, "simply seemed funnier than blahIn the map of France it gives the proper spelling, with the English in parentheses below.
spit	” Obscene spoonerisms represent the pinnacle of spooner-type wit (or is that wooner-type spit?A spit of land reaches out south of the city across Kingston Bay, sheltering the famous harbor.
spoken	A majority of people speak English today as it should not be spoken according to purists.But the discrepancies between language in its spoken and written forms are often blatant.
spoonful	Spoonful after spoonful plays across the palate like an ocean breeze.shot a spoonful of dry instant coffee.
spy	An article details how the New York Times muffed its coverage of the Chinese spy "scandal.") Newsweek speculates about whether Democratic fund-raiser John Huang was a Chinese spy.
squid	The problem is learning how to tell the difference between the squid and the rocks they settle in.The first kinesin was identified in squid giant axons as a protein involved in transport of vesicles [ 9, 10].
squirrel	A particularly ugly squirrel named Gertrude was atop a tree 65,433,872 years ago.Human brains weigh on average 1,300 grams; a squirrel brain weighs six grams.
stain	Consistent with the binding data, this SP analog did not stain rSPR-transfected CHO cells.Kill video poker in South Carolina, and you erase the biggest stain on gambling's image.
stainless	Made of stainless steel, they are much bigger than the Adco 120, the most common model.Two stainless steel wires (100 μm diameter) attached to micromanipulators were used as electrodes.
starvation	Now the mandate also covers "the mass starvation of the Irish between 1845 and 1850."To incur the wrath of the gods would result in drought, a loss of crops, and certain starvation.
starve	you know gee Holly would starve to death if we you know we took her to another country soA mouse must eat about half its body weight every day not to starve; a human gets by on only 2%.
steak	This is like being asked how you want your steak cooked: Most people take the middle option.one of my favorite restaurants is Steak and Ale now that's a chain sort of a chain restaurant
steward	Asano’s clan steward, Oishi Kuranosuke, and forty-seven of his loyal retainers vowed revenge.J. Barrie Shepherd, First Presbyterian)--Would you ask the divine wine steward what goes with rats?
stewardess	But for all the papers say, the finding makes as much sense as holding a stewardess responsible for a commercial pilot's flight violations.Prostitutes are playfully known as gerla girl-a, super-gerla, spermatorka, spermara, sperm-usha, stewardess, and, because they walk the pavements, granit.
stocking	Drug stocking and source of drugs were found to differ significantly by type of outlet.There stands a young man wearing a black stocking cap, a navy pea coat, and a grim expression.
stomachache	Imagine taking your child to your HMO for a stomachache and having the two of you interviewed about her ability to deconstruct a Gap ad.It's not at all uncommon, he said, to see women go through an entire pregnancy without realizing it, come to the ER with a stomachache, and turn out to be in labor.
stopwatch	well i i got a stopwatch hereOther lowlights of Mir life: A cosmonaut gets drenched by an antifreeze leak, which burned his skin and nauseated him; Russian mission control tells the crew to calculate the soon-to-crash module's flight path by timing it with a stopwatch.
stout	English “pomp,” stout forts, and colonial houses attract history buffs.This incredibly fast and strong and durable thoroughbred, heroic of stature and stout of heart, was a genetic dead end.
strait	In a.d. 711 a great Muslim invasion fleet from North Africa crossed the Strait of Gibraltar.And the Strait of Juan de Fuca is named for a Greek navigator who likely never existed at all.
strawberry	Making plain a mystery, "is three-flavor ice-cream: strawberry, chocolate and vanilla."In the 1750s, he had begun a project to enlarge Strawberry Hill, his Thames-side villa near London.
stubborn	The energies he had previously invested in stubborn rebellion were channeled constructively.What suggestions do you have for disciplining a strong-willed, stubborn child?
subjective	Of course, numbers can never resolve the inherently subjective question of cultural health.Intimacy has two aspects--actual size and the subjective perception of size and scale.
subscribe	but other than that i don't really read i don't i don't really subscribe to anything elseno i i think that's an extremist position and i and i don't really subscribe to it either
substitute	A true need exists to compare this mercury substitute thermometer with the mercury device.The company began purchasing this chemical as a drop-in substitute for methylene chloride.
subtraction	I tried hard to give him insight into the concepts that underlie addition and subtraction.The samples were manually prepared and the data was posted with baseline subtraction.
suitcase	(If a character buries a suitcase full of money, we should find out what happens to it.)oh i forgot my i i had to dig through my suitcase and find my personal identification number
sunburnt	It has often been derives from the name of the clown Grock, an allusion to the red sunburnt noses of seaside holidaymakers.Be that as it may, a later Australian visitor to English drizzle might feel nostalgic when thinking of the parched and thirsty but water-obsessed vocabulary developed in the drier areas of our sunburnt land.
sunglasses	The site counts the number of times you visit SportsLine, and frequent users are given T-shirts and sunglasses.She makes her entrance in furs and a pair of sunglasses, with creamy lips and mussed red hair--both sleek and sexily bedraggled.
sunny	The Balearics’ fine sandy beaches and sunny weather make them an ideal family destination."Maybe I will locate in the sunny South," one sergeant wrote to his sister in Ohio in 1866.
sunrise	One of his early pictures, his Impression, Sunrise of 1874, gave the movement its name.It is an almost spiritual experience at sunrise when the sun’s rays break over a silent world.
sunset	Find a spot for a drink at sunset (which has to be one of the most spectacular on earth).At dawn, its color changes from milk to silver to rose-pink, and at sunset it is golden.
sunshine	oh well we're having sunshine i think it's gonna be up in the seventies today soHRC: If I had any voice, I'd break into "You Are the Sunshine of My Life" and dedicate it to Tipper.
superman	They went hand in hand with two world wars, Superman, and America's superpower status.Superman (the character) is not in, nor is there an entry for Mutt and Jeff.
surplus	State and local government net saving has been relatively small, ranging from a surplus ofSo far, the federal government has used surplus funds to reduce its debt held by the public.
swap	What a fun honor it is to swap opinions with you both, not to mention Roger Ebert tomorrow.SBC Communications has agreed to buy Ameritech in a stock swap worth about $60 billion.
sweater	and not so much our pants but you wear a sweater and a short sleeve shirt underneath thatCool means it is pleasantly warm by day, and fresh enough for a sweater in the evening.
swell	As with Social Security, Medicare spending will swell as the elderly population increases.As Columbus announced When he knew he was bounced, “It was swell, Isabel, swell.”
swift	You weren't vamping him, after all, and both of you made a swift effort to end the scene.Speakers called for the president's swift exit but disagreed on how best to approach it.
swiss	That was one factor in the recent electoral success of the right-wing Swiss People's Party.A proper language should click along like a Swiss watch, doing its job in a no-nonsense way.
symphony	did yeah have you ever been to the to to the Dallas Symphony have you is it are they good80, a hastily written occasional composition with amusing premonitions of Symphony No.
tailor	And, second, can we tailor these “nanoscale assembly lines” to perform new and unique tasks?At the very least, they say, schools are forced to tailor curricula to the test.
tanker	NEADS controllers were simultaneously working with a tanker to relocate close to the Otis fighters.The October 6, 2002, bombing of the French tanker Limburg in the Gulf of Aden also was Nashiri's handiwork.
tasteless	7. Sit and Watch Daytime TV and Eat Tasteless Food All Day Until You Just Waste AwayThis is just the act of two tasteless clods who fancy themselves "business minded."
tasty	now that i wouldn't probably i i'm sure that they probably were very delicious tastyIn the September Vanity Fair , profiler Marjorie Williams offers this tasty Larry King anecdote:
teamwork	This is one place in apparel manufacturing where teamwork has been quite successful.Teamwork, collaboration, and cooperation at an incident site are critical to a successful response.
teapot	right i don't have a a field for whether or not this is the equivalent of what was called the teapot domePicturesque images are often captured in names, as in Bridal Veil Falls in Utah, or Teapot Dome in Wyoming.
tease	Sophisticated research is required to tease apart the complex interactions between these variables.These may seem like imponderables, but we can tease out a few differences.
telegram	Spelwire and wire-spel for telegraph and telegram have already been suggested by the late Rev.That telegram is omitted from the script, which has Schultz dying immediately after being shot.
telegraph	The invention of the telegraph reduced communication time from five days to five minutes.In the North, the Protestant Belfast Telegraph said that "the mere fact of his presence ...
temptation	I think he's more likely to be caught by that kind of temptation than by a hunger for power.We don't have to resist temptation nearly as often as employees of traditional media companies.
tense	Her partner looked past tense, indeed, completely overwrought, and gratefully stood aside.Bob Barr, R-Ga., is the id of the Republican Congress, the rage beneath its tense smiles.
tentative	It will require most of this book to unfold the implications of this tentative definition.The column reports that a tentative settlement between Nicks and the feds is in the works.
terrify	but a lot of kids i mean if a child has uh claustrophobia i mean that's just going to terrify him you know andMay such terror terrify those in thrall to earthly error, for the horror of these images tells what awaits them. ”
thankful	I am very thankful to the Big Sisters program for allowing me this very special opportunity.uh the only thing i'm i'm thankful of is that we don't have to pay any income tax here in in Texas
theirs	Can you imagine who we'd turn to if our country was one-tenth as screwed up as theirs?yeah i have looked at some of the uh Toyota Toyota makes a real nice van i i like theirs a lot
thermos	Consider an isolated closed thermodynamic system, say, an ideal gas in a thermos bottle.Thermos and Zipper were both originally trademarks.
thirst	An essay says Washington's thirst for impeachment stems partly from a yen for parliamentary politics.Meticulous oral, nasal, and conjunctival hygiene help to allay concerns overt patient thirst [ 84 ] .
thirsty	Valedictorian is more than an appeal to the thirsty to drink Crown Royal.Many of the thirsty crowd were veterans, as were many of the bartenders.
thorough	The 24-part series, a pet project of Ted Turner, is evenhanded, thorough, and captivating.H: "Oh, our expert veterinary staff will of course be on available to you for a thorough
thread	The L5 and L6 spinal nerves were tightly ligated by a square knot with 6-0 silk thread.but i had the wrong side out i didn't know there was a right and wrong side the thread worked
thrill	Don't mind telling you, In my humble fash, That you thrill me through With a tender pash.The cover story claims that Americans have embarked on "a national orgy of thrill seeking."
thriller	Real politics is messy and morally ambiguous and doesn't make for a compelling thriller.and that was kind of another suspense type Alfred Hitchcock type thriller that was good
thunder	But The Heiress , for all its un-Jamesian blood and thunder, remains the truer adaptation.“That thunder is way up in the sky, far away,” Deb explains, pointing o in the distance.
thunderstorm	Mournful looks were crisply dismissed in Old Cornwall as looking like a dying duck in a thunderstorm.Apparently at one time people were choosing names like Thunderstorm or Fisherman, these being inspired by current events.
tibet	Handmade carpets from the far western provinces and from Tibet are popular in Beijing.Which one you choose to visit depends on whether you want to Free Tibet or Save Tibet.
tick	2 million Americans reported having used an illegal drug during the previous year, up a tick from 11.yeah i yeah my my very favorite one that the top of the tick for me is uh Excalibur i i loved that film um
tidy	They are kept neat and tidy, with water-sports facilities and areas for changing and showering.But if the writing is tidy, it's never glib--it has too much texture for glibness.
tiger	Here you can see tiger moths clinging to the leaves of trees, sometimes in vast numbers.Tiger Woods won the Masters golf tournament and was anointed a Transcendent Sports Phenomenon.
timetable	The ferry timetable runs on a winter (read curtailed) service until the first week in May.You can say timetable (horario) , and you can proyectar something, or programar it.
toast	so it wasn't too bad it really wasn't but i was more in the mood for French toast anyway so1919: Congress Votes for Prohibition, Celebrates With First Toast in Congressional Speakeasy
tokyo	But when it began to drop, subscribers were suddenly disconnected from the Tokyo Joe site.Monday, markets in Tokyo, London, and elsewhere prohibited the trading of specific stocks.
tomb	The Shrine, completed in 1953, is also the tomb of the Bab, the forerunner of Baha’u’llah.The third tomb, which belongs to the Bene Hezir, is the only one to have been authenticated.
toothache	Wade, it turns out, has a horrendous toothache, but Nolte isn't playing the physical pain.He's playing the metaphor--the toothache as existential agony.
toothbrush	The female half of a 25-year marriage, "a relationship so close that they shared an electric toothbrush" (Yuck.English words also sometimes combine with Japanese words, as for example haburashi toothbrush, from Japanese ha tooth and English brush .
toothpaste	One dentist I spoke with called Total "the first revolutionary toothpaste in a long time."Why, you and I, TV watchers, will pay, via the soft drinks and cars and toothpaste we buy.
tortoise	At the Tortoise Pond, visitors feed the creatures special vegetables and “tortoise biscuits. ”In a long accompanying profile, Starr says he is the "tortoise" to Clinton's "hare."
tractor	I was out there and my dad said I could drive the tractor while we were waiting on dinner.Another thing, uh, that I learned to, how to do very early on was drive a tractor.
tram	He probably didn’t expect to be run over by a tram while working feverishly on it, either.If you leave the park and walk up Cotton Tree Drive, you will find the Peak Tram terminal.
translator	4. Since 9/11, the FBI has recruited and processed more than 30,000 translator applicants.Why did this translator feel he had to change “anoint his head” to “bathe his head”?
transparent	Appending the coloring to the underlying data can allow transparent annotation by color.Most people would agree that in a well-run democracy, political power ought to be transparent.
triangle	For a good look at Downtown’s architecture, go to the green triangle of Post Office Square.It does indeed have virtuosic moments, but the central love triangle is entirely inert.
troublesome	More troublesome is the CIA's unprecedented role as purveyor of the official government line.Such children as there are grow troublesome during the '60s, when they rebel against tradition.
twelfth	Experiments were performed with cells in the twelfth to twentieth passage and 2-3 days post-confluency.I don't believe Shakespeare invented a twelfth of the words he used, either.
typewriter	i typed his Master's papers and things on a typewriter oh boy to have a computer back thensure yeah any more i don't even know if they have if a college kid would have a typewriter
typhoon	Her fervent Republican followers would go to the polls in a typhoon.Chinese has made many contributions to English, among them typhoon, sampan, taipan, tea, silk, tong, Shanghai as a verb, and tofu .
typist	uh you look at uh Frito Lay my wife used to work for Frito Lay as a typist you know transcribing stuff into the computerOf course, not every typographical error should be ascribed to a hidden unconscious motive on the part of the typesetter (or typist).
umbrella	I mean, I can still walk all over the city and I never remember having to walk with an umbrella.A dispatch reports that the Reform Party has turned into an umbrella organization for fruitcakes.
unbearable	Truth be told, it was not all that hard to come to terms with the unbearable Slateness of being.(Mickey Kaus first noted Stephanopoulos' unbearable sanctimony in this "Chatterbox" item in January.)
unbelievable	The central focus of everything is the bevy of unbelievable models and the way they work.you know oh yeah isn't it that's unbelievable how let me ask you this how how old are you
unconditional	Would Smith ever accept an unconditional release of money for birth-control aid?An unconditional defender is Capital Gang's Robert Novak, who thinks "it is a brilliant book in many ways.
unconscious	and i you know we felt really bad for putting her there and stuff she was unconscious and soWhen belief systems are unconscious, they may prove particularly resilient to change.
underground	Underground describes a nation bored and isolated by its successes and its failures alike.Soaks are shallow wells sunk near the base of an outcrop to tap an underground reservoir.
underline	These observations underline the need for meticulous quality control during the production of cRNA samples and accurate quantitation of the resulting material.We have to underline, however, that the conclusions drawn on the right ventricular oxygen supply/demand ratio in the two loading conditions are mainly speculative.
underwear	All items of underwear in my possession were purchased either by me or by my widowed mother.--No fancy symbolism, no easy irony, no dime-store Freud, just straightforward gun underwear.
undivided	my pure sound, my undivided speechtravelling to the edge of this silence.As if to find me.We try hard to give Victor and Jeannine our undivided attention, but they’re often whiny, demanding, and quarrelsome.
undo	And they can't undo whatever quick-tongued network-TV guests like Bill Kristol say in 10 seconds.1) If the political chasm is legitimate, and as wide as you describe, yes, undo from the girlfriend.
unfit	The Times editorial board shouldn't bother expounding on the News That's Unfit To Print.Because Hortman deemed Jarrah unfit to fly solo, he could fly this route only with an instructor.
unfold	It will require most of this book to unfold the implications of this tentative definition.To see the day unfold at the Ghats, you must rise before dawn to join the pilgrims.
unhealthy	His quest to defeat Microsoft (see Time below) is portrayed as an unhealthy obsession.Of the 22% who were unhealthy (fair or poor) at baseline, about 24% were healthy 7 years later.
unimportant	How high does this variation have to be, before such prescribed games become unimportant?State planning fails when groups of stakeholders feel ignored, marginalized or unimportant.
unmarried	When businesses offer benefits to unmarried partners, however, the cost is taxable income.Unmarried partners, of the same or opposite sex, must hire a lawyer to obtain this authority.
unpleasant	The buying experience is unpleasant because consumers suspect they're being fleeced.noisome Has nothing to do with sound or decibel level, but means simply unpleasant or disgusting.
unrest	A 30,000-man unit called Saddam's Commandos , led by one of his sons, also snuffs out unrest.As a result, Gradualist reform became discredited and civil unrest a feature of everyday life.
unsafe	so i don't know what you define as uh you know uh for being in an unsafe a less safe areaThe guns are considered unsafe if they do not meet standards designed to prevent misfiring.
unsuccessful	A reporter's memoir about his own unsuccessful attempt at running an Internet startup."The schematic of the rather messy, and sadly unsuccessful, 'pudding-filled airbags.
untrue	Clinton, though, has also faced a continuing barrage of unserious allegations--implausible and untrue.This was as vivid as Clinton's televised finger-wagging "that woman" sound bite, and just as flatly untrue.
unwilling	Because you report that the owner is unwilling to support you, you have limited options.The career folks are unwilling and unable to impose the policy changes the president may want.
upward	As a result, some manic Beanie speculators value their collections at upward of $100,000.Now, as we gain weight and push our setpoints upward, we are reprogrammed to eat even more.
useless	"Those old 4-inch magic elves were completely useless for anything except making shoes."Many of these new items came from suggestions, but most suggestions were ultimately useless.
vacant	Meanwhile, a four-member McKinsey "engagement team" set up shop in a vacant law school office.all around these vacant buildings there's a lot of vacant buildings and they're just being demolished
vain	[T]he historian warms to this vain, chippy, wild-eyed, paranoid, and fiercely patriotic seer.3) Loral's lawyers tried in vain to block the transmission just after it had occurred.
vanilla	Making plain a mystery, "is three-flavor ice-cream: strawberry, chocolate and vanilla."Is he saying that coming of age as a Jew means learning to embrace both chocolate and vanilla?
vase	Balusters—little columns—can have a single or a double swelling curve, or a vase shape.His simple gravestone is decorated daily with a small vase of fresh flowers.
veal	so you know it's like great we go to the Crab Shanty and i'm going to have veal you knowHearty portions of Israeli meat are served here, with lamb and veal dishes prominent on the menu.
vest	Here it's Bono (a bland Jay Underwood), dressed in a fur vest, plucking out "I Got You, Babe."“Laugh that off,” said the fat man's wife, as she sewed his vest button on with wire.
vice	' There is no way around it," said American Cancer Society Vice President Steve Dickinson.Keene, N.H., Sept. 14, Mayor Pat Russell endorsed Vice President Gore for president today.
videophone	The videophone intervention was a supplement to (not a substitute for) regular home health services.
vinegar	pour you know put that stuff over fresh pork chops and if you've got balsamic vinegar thereuh-huh um-hum yeah um what is it about the uh the vinegar that uh makes the crust better
violin	well actually i play i play the violin in in a string quartet that often plays at weddingsThe millionaire's daughter doesn't yearn for the violin virtuoso; she wants the rocker.
violinist	one of them um turned into a violinist and the other one is the boy is um guitar and and percussion so umUh, uh, going to see The Fiddler on the Roof, of course, as a violinist, that, you know, was part of our, our class, um, project, and that was part of our appreciation.
visa	As a French national who had overstayed his visa, Moussaoui could be detained immediately.I am not a lawyer but I can understand why Visa won't accept tax payments by credit card.
vivid	Or are all these vivid specters really just idle speculations that will never come to pass?The absence of any reinforcing visual actually makes the simple message all the more vivid.
vocabulary	(3): HEADWORD (4): a headword with its definition or identification (5): VOCABULARY ENTRY”Expressions and vocabulary used by Chicanos today come from the pachuco argot of the 1940s.
volcano	Brian and Lisha Crawford are the kings of bed & breakfast accommodations in the Volcano area.Scientists found three 500-year-old Inca mummies on top of a volcano in Argentina.
volleyball	i haven't worked out in quite awhile i play volleyball i guess that's good enough workoutHard bodies dance toward the volleyball net: "Jooky is fun and fruity"--it "make you really kooky."
voyage	But now, if the voyage goes ahead at all, the ship will sail only to Halifax, Nova Scotia.The site makes a weak attempt to enlist new members for the voyage to the Kingdom of Heaven.
wag	All the majors save the WSJ omit mention of "Wag the Dog" in their airstrike news stories.But absent such findings, it's irresponsible to talk about "Wag the Dog" in a news story.
waiter	(Waiter to diners: "Might I suggest the most expensive wine and the most expensive dinner."How often should one thank a waiter for service rendered during the course of a meal?
waitress	The waitress, who spoke a little English, recommended a dish which happened to be in season.a waitress wailed as one camera crew dragged its cable over a tray of cheeseburger.
walkman	my walkman broke so i'm upset now i just have to turn the stereo up real loudI suppose I first became aware of this with the appearance of the Walkman.
wallet	Those new 20s in your wallet with the Andrew Jackson watermark are Crane & Co.'s handiwork.Then we would laugh and laugh and laugh, until he passed out, and I would steal his wallet."
walnut	ledge, widen your alarmingbeak, but do not flee as others haveto the black walnut vaultingThe vestibule is decorated with handsome 17th-century Baroque walnut panelling.
watermelon	yeah and last year was the first year we tried two new things we tried corn and we tried a watermelonand i grew a thirty four and a half pound watermelon yeah absolutely tasteless had no taste whatsoever uh-huh
wax	"Let's laugh, if we want to, or let's wax indignant; but let us not forget to understand."They play host to terrorist groups, yet wax indignant when terrorists hijack an aircraft."
wayside	and i i really think that we're we're falling by the wayside with not incarcerating these peopleIt may be a personal bias, but Prudie has long wished the tit for tat principle would fall by the wayside.
weatherman	al for SDS, "You Don't Need a Weatherman to Know Which Way the Wind Blows" New Left Notes, June 18, 1969See A. Tarski and B. Dylan, Don't Need a Weatherman to Know Which Way the Wind Blows , Berkeley: Snow White & Dwarfs.
website	Polylysine coated slides were prepared as described in the Brown lab website (see above).My 20-month-old daughter and husband enjoy going to the Public Broadcasting System website.
weed	(Now that he's leaving, the full drama can be revealed: It's actually Alonzo Rogers Weed.)' " Weed shares Kennedy's tart views about his relatives' relations with the baby sitter.
weekday	On a typical weekday, 15,000 people (one tenth of Guam's population) visit the store.I must hate my job because I dread getting up every weekday morning.
weep	(In the privacy of night, I still weep for Che Guevara and the IWW.)If you watch the action closely, you can learn a lot about Indian people by what makes them cheer, laugh, or weep.
westerner	The vaquero or buckaroo is a westerner and the cowboy is a southerner.The first Westerner to reach Hawaii was Captain James Cook, the British commander whose mission was to dis­cover the mythic Northwest Passage linking the Atlantic and Pacific oceans.
westwards	Explore westwards from Charles Street, and you’ll come to the Esplanade, a long narrow park along the Charles River.The next major settlement, heading westwards, is Ribeira Brava (if in a hurry, it can be reached in just 15 minutes on the via rápida highway from Funchal).
whichever	It is tempting to apply this analysis only to whichever side you happen to disagree with.Whichever is true, the YS Falls make a beautiful attraction for an hour or a whole day of fun.
whistle	They have a spout-like whistle, and rather phallic versions are grounded in fertility lore.’ [The policeman held up his hand and blew his whistle and the driver then stopped the car.
willingly	2) Brokers and mutual funds handled "sell" orders more quickly and willingly than in 1987.The Star also has taken to congratulating itself for the people it gets to speak willingly.
windbreaker	(Moore is ostentatiously underdressed, wearing a windbreaker and a green baseball cap with a big letter S--for Starr?)in his windbreaker finishing the pizza.
windy	In an exposed, windy location this looks, considering the damage it did, exceedingly benign.4. "So fat and windy that they sit, with some exceptions, like hefty neglected lumps."
woo	A NYT Week in Review piece documents the supermarket tabloids' attempt to woo the AARP crowd.The Internet is frothing with missionaries bent on using the codes to woo unbelievers.
woollen	as does Webster's New World . According to Chambers , a plaid is “a long piece of woollen cloth, worn over the shoulder”—and it need not be of checked material, which is “plad,” as we generally think of it.
workday	Usual sleep was calculated as (5 × workday sleep + 2 × weekend sleep)/7.On any given workday, up to 50,000 office workers occupied the towers, and 40,000 people passed through the complex.
workmate	I received a small Christmas gift from a workmate.
worm	Particularly important in this regard is that some wellstudied organisms (notably the wormSkorping et al [ 24 ] showed a positive correlation between worm biomass and egg output.
worn	yeah is is there still blood stains on the altar or has it worn away all through the yearsi've worn them in the winter when it's like ten degrees and you know no one's going to look
worse	i had uh Mazda RX seven before that and that was the worse car i've ever driven in my lifei think it's going to have to get worse before it gets better you know the same old cliche
worst	Arnold proudly described the pair as: "America's worst nightmare--white trash with money."In the beginning, he was dismissed as a crackpot--at best an eccentric, at worst a threat.
worthless	The word "floccinaucinihilipilification" means "the estimation of something as worthless."Tommyrot compounds tommy, `simpleton, fool' (as in tomfoolery ) and rot, `worthless matter.
worthy	Kennedy's worthy democratic instincts inspired him to use entertainment to teach politics.Retiring MPAA head Jack Valenti thinks the former president would make a worthy successor.
wounded	Television correspondents agree that all this significantly wounded the government's case.A 14-year-old Pennsylvania boy fatally shot one teacher and wounded another and two boys.
wrestle	"These are issues that we wrestle with in practice groups of law firms," she said. "Interestingly, Prudie had to wrestle with this same problem with one of her ...
wrinkle	And eye jobs, tummy tucks, tooth whitening, wrinkle removal, and other cosmetic procedures.The friction between the second ply and the first can create a wrinkle in the first ply.
yawn	Can't bend, can't yawn, can't make a face Without my nostril-wad of Kleenex reddening.But you could use a bloodhound's tail as a jump rope and the worst you'd get is a fierce yawn.
yoghurt	Roman candles, Greek yoghurt, Spanish fly, navel oranges --they will all have to be changed.A traditional Turkish thirst-quencher is ayran, a 50–50 mixture of yoghurt and mineral water, seasoned with a pinch of salt.
yourselves	Why do you allow yourselves to be regarded as leaders without talent, leaders without a vision?"Through the picture windows you can monitor the progress, and the fish, yourselves.
yummy	we just had a bunch of people over and we had we did lasagna and garlic bread and ah yummyThis deceptively yummy packaging makes what you find inside even more disappointing.
zebra	But the right wing says 'No, no, we'll paint stripes on it and call it a zebra.I asked him which animals we saw at the zoo, and he mentioned girae and zebra.
zip	This would happen if two routes from the same 5-Digit ZIP Code were in separate quartiles.Suppose mailers can sort addresses on a computer and then print them in ZIP Code order.
zipper	No T-shirts or zipper jackets on the body; no cowboy hats or tank helmets on the head.but anymore it's pretty common that you do but when the zipper went on this one i said that's it
zoo	Barshefsky for failing to be 6 feet tall, like some specimen in his own private human zoo.um we we spend a lot of time at the playground and we go to the zoo and we go and we watch
zoom	Each of these books seemed to zoom us straight back in time to all the anger of that era.Apollo allows the view to be scaled using zoom buttons that magnify by 10×, 2×, 0.5×, and 0.1×.
