# OANC GrAF | sha256 5a26559a1becba41a527cb674fff4fb9c4fb70b276f60422c4f07a0ef23fd867 | pack cet6 | entries 2496
abbreviation	Or he may use the other half for his abbreviation and say, I'm going on the dab for this.It is more than a hundred years later before an efficient abbreviation for it is found.
abide	and they never had to attend but if if they missed it they had to abide by the rulesOne difference: Schröder hates emotional displays, claiming he "can't abide pathos."
abnormal	Her mother reported fatigue and was also noted to have an abnormal skeletal muscle biopsy.The abnormal factor V that causes APC resistance was subsequently termed factor V Leiden.
abrupt	Maybe so, but there's something opportunistic about Léger's abrupt embrace of urban life.[Click for Isikoff's explanation of his abrupt departure that evening on Pages 205-06.
absorption	However, his absorption in the eyes of Edvard is disrupted when he hears of the abduction.This light scattering and absorption reduces atmospheric clarity and is perceived as haze.
absurd	And make no mistake, a winery need not cram a label with absurd adjectives to sell a wine.There is, of course, much more about Ruddy's book that is equally absurd--or simply wrong.
abundance	The assessment of bias in dinucleotide relative abundance begins with the "odds ratios" rBoth are notable for the variety of species and the abundance of herons and white pelicans.
accelerate	However, PN-1 application did accelerate the biochemical differentiation of the axons.Later, new managerial and tactical innovations seemed to accelerate declines in crime.
accessory	It is not enough to specify that certain data and accessory information be provided.One possibility is that they could provide the binding sites for accessory proteins.
accidental	The Accidental Asian , by Slate Contributor Eric Liu, has been published by Random House.So maybe there is an accidental, pleiotropic connection between madness and mathematics.
accord	We're probably more in accord on Africana than not, but I think you were too easy on Gates.Accord yes and uh so the the things that personally if i ever if i had to buy another car uh
accordance	generally publicized in the Commerce Business Daily in accordance with federal regulations.the owner or operator offsets the excess emissions in accordance with paragraph (b)(1); and
accumulate	and apartments you can't accumulate a whole lot because you just don't have room to put itOur finding that hyperneddylated Pcu3p and Pcu1p accumulate in all csn mutants tested (Fig.
accustom	so that's probably you know the best thing i can think of the the bad thing is you get accustom to themit doesn't um accustom your your legs to the kind of strength that you have like when you're running for a long time they they tend to tighten up whenever you whenever you have to do something at a at a great length of time
accustomed	Today's TV parents are wisdom figures, not the adult buffoons we have grown accustomed to.Tae kwon do emphasizes sparring and gets students accustomed to dealing with an assault.
acquaint	To understand a people, acquaint yourself with their proverbs , or as another proverb puts it, Customs are the fifth element of the world .
acquaintance	An Austrian lady of my acquaintance was interned in Yorkshire during the Second World War.Why then do you let someone who has not the barest acquaintance with economics spout nonsense?
acquisitive	The Mycenaeans were an acquisitive race who came to conquer, not to trade.As the conservative, acquisitive 1980s took off, Miss Manners was conscripted for the conservative values crusade.
addict	The complaints have to do with the low limits on exchanges per addict, and poor timing.To these ends Levin has written a psychological profile of the president as sex addict.
adhere	The programs will need to adhere to the general XML structure described in this paper.Cells were seeded onto the coated wells and allowed to adhere for 30 min at 37°C.
adjacent	3a), we also tested ~100-bp deletions (double deletions of adjacent ~50-bp stretches, Fig.The biosphere’s advance into the adjacent possible is just exaptation over and over again.
adjoin	it's but it's in the estates that adjoin it
adjustable	In the present study, 300 of these parameters have a fixed value of 10, and 900 are adjustable.The other three functions have adjustable coefficients which are allowed to vary between -20 and 20.
admiration	His idols, Ambrose and Schlesinger, have won the admiration of the academy and the public.“Variety and vitality of the English language is worthy of admiration,” begins this note.
adore	I marvel How the body we're wired to adore Disgusts us when we cast it Out into the world.We should still adore the child as the angelic innocent Blake and Wordsworth wrote about.
advantageous	i see right but if you're rolling it over every three years it might be advantageous to do thatThe advantageous properties of full (bi-directional) USM become apparent when Fig.
adverse	Their dosing is limited by a ceiling effect, and they have a high risk of adverse effects.Certainly, large-scale treatment efforts will demand close monitoring of adverse effects.
advisable	It is not advisable to swim within 8 km (5 miles) of the city center because of pollution.As great as the views are, on a crowded day it may be advisable to turn off after 2.5 km (1.
aerial	The dense undergrowth of their aerial prop roots perform natural land reclamation.um-hum i didn't know how far of a of a distance i guess depending on what kind of aerial that you use
aeroplane	4. He said at a World Wildlife Fund function: "If it has got four legs and it's not a chair, if it has got two wings and it is not an aeroplane, and if it swims and it's not a submarine, the Cantonese will eat it."
aerospace	Ironically, the company's roots are as deep as any in the aerospace and defense industries.Oddly, if you're an entertainment person, you never meet anyone from the aerospace industry.
affective	17 The first is limited and circumscribed by the bonds of affective identification.Or seasonal affective disorder.
affiliate	[From Heartlines , a Washington affiliate newsletter of the American Heart Association, Vol.[From Heartlines , a Washington affiliate newsletter of the American Heart Association, Vol. VI, No. 2, .]
affirm	These data affirm a technically good separation of the periplasmic and cytoplasmic fractions.Clinton could have used his news conference to affirm this soothing message, as Sen.
afflict	Why do allergies afflict an increasing number of victims if they serve no useful purpose?Like greed, materialism is a vice that tends to afflict those with more money than oneself.
affluence	Recent affluence has eroded rather than expanded support for such programs.But there are human problems that persist in the shadow of affluence."
aggravate	These peculiar traits, Pye noted, aggravate another disturbing feature of modern China.This woman's demands suggest an underlying jealousy and immaturity that time will most likely aggravate.
aggression	Unfortunately, children are riveted by a character’s aggression and miss the caring message.First, when parents spank, they often do so in response to children’s deﬁance and aggression.
agitation	In order to assess for agitation and/or behavioral problems, we employed the NPI-Q.1. Cool soap and water bath, with two-minute agitation and cold rinse, times three
agony	Henley endured years of agony, and his poem, Invictus, was truly written from experience.know this, this anguish, this agony for a departing self wishing only to stay, to endure,
agreeable	Russo has never been less than agreeable, but here's she's something else: a movie star.agreeable, delightful, respectable (often used in vague commendation by those who are not nice...)
alas	Alas, you are right that there are negatives to John McCain, his humor and honesty aside.Our last friend, with the Persian rug, was alas trying for a remedy days after the spill.
alert	As its author told investigators, the Phoenix memo was not an alert about suicide pilots.Auditors should be alert to situations or transactions that could be indicative of abuse.
algebra	But many intellectuals who can't stand algebra are not willing to stay away from the subject.One of the most powerful ideas in linear algebra is the notion of basis vectors.
alignment	WGS3 scaffolds that did not show significant alignment were defined to be heterochromatic.For each regional alignment, flanking sequences were trimmed prior to generating the PWM.
allegiance	In the original version of the pledge, we swore allegiance to “one nation indivisible.Vigil’s work on gang culture explains the allegiance felt by gang members toward their barrio.
alleviate	The rosy spin: A decadeslong La Niña cycle will cool the Earth and alleviate global warming.enactment of a law to alleviate the Alternative Minimum Tax for middleincome taxpayers.
allied	"Allied Action Fails to Stop Serb Brutality," says Wednesday's Washington Post front page.Allied with men who prefer their women dutiful and demure, she herself has a macho side.
alloy	It is actually 95% tin, hardened with a 5% alloy of antimony and copper.Prince's metal A copper-brass or copper-arsenic alloy resembling brass.
alphabet	I am having difficulty remembering the alphabet, and I would appreciate help from a reader.In fact, Azusa was made from the first and last letters of the alphabet, followed by “USA.”
alternate	Well, one alternate juror hinted that one factor in the verdict might be an O.J. backlash.Fertile fields alternate with stony hills, miraculously sprouting trees, and wildflowers.
altitude	As the road gains altitude and temperatures fall, the views become ever more spectacular.Variations in soil, slope, and altitude give rise to five different types of forest:
aluminium	Specimens were then potted with plaster of Paris in aluminium pots of the loading jig.The word was transformed in aluminium in Britain because it seemed more classically consistent.
amateur	Is there another amateur among Slate 's readers who would like to pick up the challenge?"I figure you've got to put in 20 years before you get past amateur status," she said.
amaze	), I was so exhilarated to see films that gave themselves the liberty to surprise and amaze me.well see of not being particularly interested i don't keep track of prices on them but i'm i'm that does amaze amaze me
ambassador	USA Today leads with the defection to the U.S. of the North Korean ambassador to Egypt.Ambassador to Macedonia Christopher Hill likewise told CNN: "We're not negotiating right now.
ambient	(My fillings vibrated a little; though that could have been caused by the ambient noise.)High ambient glucose has been shown to induce CD36 protein synthesis in macrophages [9].
ambiguity	Accordingly, they display cynicism, or alas, lead the reader into ambiguity and paradox.In his didacticism he denies his characters ambiguity and hence a life of their own.
ambiguous	How Bauer could refute such perceptions, questions, and discomfort was equally ambiguous.Thernstrom's anecdote about how Powell became brigadier general is ambiguous on its face.
amends	Clinton has suggested that he can best make amends by being an excellent president.And I hope we stop the futile attempt to make amends for past injustice by wreaking new ones on innocent people.
ample	You will rarely get out of the lower gears, but the wonderful panoramas are ample reward.There is ample evidence that Lincoln regarded blacks as morally and socially inferior to whites.
amplify	As expected, the F1-BGH037 primer set failed to amplify from T +/+ embryo RNA (Figure 1B).Primer pairs were designed (Table 1) that would only amplify one of the four transcripts.
amplitude	The amplitude of the MMG RMS progressively increases (Figure 8) with developing fatigue.This effect of cry b is further underscored by an analogous effect on rhythm amplitude.
amuse	Useless spoonerisms produce correct words which, unfortunately, neither amuse not have current meaning.Prudie has a hunch that girls jumping out of cakes would amuse anyone ...
amusement	Next door to the amusement parks, a circus makes regular appearances throughout the year.The last stop on the DART is Bray, a seaside resort with a beach and amusement arcades.
analogous	Query genome numbers 3 and 4 are iteratively and separately analyzed in an analogous manner.This effect of cry b is further underscored by an analogous effect on rhythm amplitude.
analogue	About one in ten antibodies that bind the transition state analogue act as catalysts.Unbiased MP decompositions can be obtained by an analogue of Monte Carlo methods.
analogy	Consider as an analogy a long thin tube with two ends and a one-hole torus, like a donut.This similarity suggests an analogy between plant apoplasts and mammalian digestive tracts.
analytic	, there is no analytic solution available, and we have to resort to numerical simulations.See CIA analytic report, "Clandestine Travel Facilitators: Key Enablers of Terrorism,"Dec.
analytical	I could , as others have, about the civilizational paradigm's lack of analytical elegance.Luciferase activity was measured using a luminometer (Analytical Luminescence Laboratory).
anchor	This procedure, before the days of the stockless anchor, was known as catting the anchor .Anchor tenants in the local arts scene include the long-lived Nevada Ballet Theatre (Tel.
antarctic	In 1959, 12 nations including the U.S. and the Soviet Union signed the Antarctic Treaty.A major food source for Antarctic fish, penguins, pelagic seabirds, seals, and whales, krill (
antenna	The next scene is a closer rear view of the truck, the radar antenna relentlessly turning.Like Williams, Barthelme was a master ventriloquist with a dish antenna in his subconscious.
antique	It is as if, by this deliberate smudging, Bartoli were giving old songs an antique timbre.But even if your purchase only looks “antique,” it may still arouse suspicion at customs.
antisocial	Of course, most youngsters with preoccupied parents do not become antisocial and violent.very antisocial maybe it takes a while for them to say okay well i'll be with other people but
apparatus	The apparatus was made up of three contiguous plastic cubicles, each of which measured 24.The nation as a prepolitical reality finds its embodiment in the apparatus of state power.
appealing	Brinkley's sunniness and ardor are appealing, but his public history has its shortcomings.Earning a living from tourism here is, to most, more appealing than toiling in the fields.
appetite	The WSJ says the Republican leadership of the Senate has little appetite for Dole's deal.You can build an appetite for dinner by making your way from the beach to the restaurant.
applaud	Critics mostly applaud this movie about a female necrophiliac who works in a funeral home.Critics applaud Richard Gere's China-bashing activism but sneer at his China-bashing movie.
applause	Bloated, sloppy, and greedy, the band regurgitated a medley of '70s hits to vast applause.The paper notes that the non-media types in the audience responded to this with applause.
appliance	It uproots and homogenizes as it enriches--like a Ronco appliance, as Friedman might say.appliances and things like that and they're real good with their appliance and stuff like that so
applicable	Part III of this report analyzes applicable law and applies it to the findings in Part II.The rule and the procedures therein are applicable to the FCC's spectrum auction program.
appraisal	Agencies were to implement the new policies for the SES appraisal cycles that began in 2001.To encourage evidence-seeking, students have been taught critical appraisal of medical research.
appraise	There are a few material, tangible items that an assessor will have to come in to appraise.During the medicine clerkship, we taught the students how to find and appraise medical evidence.
appreciable	Single-exon (intronless) genes occur with appreciable frequency in the human genome [ 25].Each group contained only four animals, with appreciable scatter in the individual responses.
approximate	Approximate molecular weights were estimated using prestained standards (NEN, Boston, MA).AMIGA was then modified to approximate the assumptions behind each of the four scenarios.
apt	Indeed, the bellybutton might be an apt metaphor for Avedon's intimate, unsettling work.more uh they're less apt to vote in programs that involve the government running things
arabian	For difficulties traveling to Chechnya, see also Saudi Arabian Mabahith briefing (Oct.He later was recognized as the chief of al Qaeda operations in and around the Arabian Peninsula.
arbitrary	(The user can override the default values and input an arbitrary value for any parameter.)All other outcomes, as John Rawls argues, would be “arbitrary from a moral point of view.”
arc	Victor Hugo was given a magnificent funeral ceremony at the Arc de Triomphe in 1885.And in the arc that connects the two one can read the downfall of what was once a sustaining faith.
arch	For analysis vertebral arch distance was averaged for each fetus and then for the litter.They're not buying records or movie tickets or novels or Levi's or Arch Deluxes or Nikes.
arctic	Along the way he's crashed in (and been rescued from) the Canadian Arctic and the Atlantic.The Northeast is thus spared the jet stream's Arctic blasts, and enjoys a lovely winter.
arithmetic	This arithmetic error never would have happened had Aaron Donovan edited McFadden's story.If arithmetic is the measure, Gallant must be the quintessential New Yorker fiction writer.
arouse	But even if your purchase only looks “antique,” it may still arouse suspicion at customs.Hats arouse fully as much feeling as hairstyles--or they would if enough of them were being worn.
arrogant	"I don't know if the agency itself is aware of how arrogant and presumptuous it has become."Many of these players tend to be arrogant and believe that the end justifies the means.
articulate	The representatives will be asked to articulate in writing their concerns and objections.They frame lopsided yes/no questions and squelch attempts to articulate a middle ground.
ascend	Following his career as a diplomat, John Quincy went on to ascend ever higher in politics.This is one of the most difficult passes to ascend, but also, arguably, the prettiest.
ascertain	All we can do is ascertain probabilities, which do not definitively prove anything is anywhere. "Future investigation of this complex regulatory region will be needed to ascertain such a matter.
ascribe	Humans have the most annoying tendency to ascribe cutesy attributes to wild creatures.Others ascribe it to a high-school basketball player in a McDonald's All-America game.
ashore	Ashore, fields of sugarcane and banana plantations drape steep hills and rolling plains.In 1929, during Spanish naval manoeuvres just off Ibiza, King Alfonso XIII came ashore here.
aspiration	Shakespeare gives us plenitude at the expense of ethics or higher spiritual aspiration.Delimiting those circumstances is the central aspiration of 20 th -century psychology!
assassinate	And yet U.S. policy forbids America from actually trying to assassinate the chosen villain.George Stephanopoulos (ABC's This Week ) still thinks we have no alternative but to assassinate Saddam.
assertive	The third, in which we are still, is the phase of the assertive, theatrical leader-preacher.If it's really a no-hoper, you must be assertive and spare both of you more years of unhappiness.
assimilate	Did you seem to assimilate that into his descriptions and characters?Some even assimilate Buddhist and primitive, non-Hindu local deities.
assimilation	Outside Israel, intermarriage and assimilation are quickly eroding Jewish communities.Assimilation is just another word for acquiring a bit of the local status.
astonishment	As each new blow falls, we react with pity, astonishment, horror and compassion."“We're seeing breeding gentoo penguins at Palmer Station,” Fraser says, with a trace of astonishment.
astronaut	Time 's exclusive: the tale of American astronaut Michael Foale's harrowing Mir expedition.Astronaut Alan Shepard's death spurs Newsweek to profile the 12 men who have walked on the moon.
astronomy	They were welcomed for their erudite ideas on medicine, astronomy, and astrology.) Also, an appreciation of planets: Thanks to the Mars rock, they're the hottest field in astronomy.
atmospheric	Environmental Protection Agency Office of Air and Radiation Office of Atmospheric ProgramsThis light scattering and absorption reduces atmospheric clarity and is perceived as haze.
attachment	Anti-fibronectin antibodies also effectively blocked RASMC attachment to fibronectin (Fig.For the draft lead, see attachment to FBI email, Jane to Craig D., "Re: FFI Request,"Aug.
attain	5 volts for the two models with tissue perfusion to attain simulation data near 100°C.Haggling with dapper Gujaratis and the bright-eyed Kashmiris can attain the level of high art.
attendant	They stabbed members of the flight crew (reported by a flight attendant and one passenger).And when they got married I was her only attendant and, her son, Alvin, was daddy's best man.
attentive	Browsing is difficult as vendors are attentive and can be insistent, but you’ll have fun.Only rarely do Promise Keeper men become domineering; mostly they become more attentive.
augment	MAPPFinder can incorporate any MAPP file into its analysis to augment the GO hierarchy.State and local law enforcement were not marshaled to augment the FBI's efforts.
aural	Strange to say, it is in the US that one of the really weird aural hiccups occurs.Languages, though glibly spoken and written, often present formidable problems of perception, both visual and aural.
authentic	Participants are invited to submit similar authentic examples of rigorous self-assessment.Even the worst work demands from you the admission that at least the artists are authentic.
automate	However, the majority of these methods have many steps and are difficult to automate.A workflow management system is under development to automate the processing and update of proteomes.
automation	Additional billions have been invested in buildings, in part to house the automation.This is primarily a result of economies of scale, worksharing and the extensive use of automation.
auxiliary	and all the auxiliary personnel the school bureaucracy that exists mainly to perpetuate itselfauxiliary motor on there at least you can kind of drop the sails and putt on back in
avail	As Welsh's book has a list under PRONUNCIATION, I looked there, to no avail.But time spent on the phone to the utilities commission and the attorney general's office was to no avail.
avert	The West should admit that loans to Moscow are a naked effort to avert Russian implosion.The conventional wisdom says Clinton must avert conviction in order to safeguard his legacy.
aviation	The memo's references to aviation training were broad, including aeronautical engineering.For pilot's belief and the helicopter not hovering, see NYPD interview 12, Aviation (Mar.
awake	and you know i play with her most of the time she's awake and i think that is so importantI was asleep, but Luigi was awake, and he thought he detected a vague form nearing the bed.
axial	We observed increased stability in axial rotation, and in flexion-extension in both the cage groups.The range of axial rotation was significantly reduced after both types of cage insertion ( p < 0.05).
axis	Chang’an Avenue bisects these two sites and forms the capital’s long, wide east–west axis.In Streptococcus , the A+T3/C+G3 separation appeared principally on the second axis.
axle	You broke the radiator or twisted an axle of a truck and had to call your dad and tell him what happened.As a result, it is now necessary to qualify the noun in order to specify which axle is being referred to, so that bekex kidmi means, tout court, front back-axle.
bachelor	In the new movie The Bachelor , a character leaves his grandson $100 million in his will.ooh do you yes we snow ski we snow ski at Mount Bachelor mostly in Oregon have you ever been there
backbone	This process is repeated for pairs of angles separated by two, one and zero backbone bonds.[ 28 29 30 ] The problem of packing sidechains using a near native backbone has been solved.
bacon	oh did well did does your wife ever make uh a bake in a hot bacon dressing like for salad.. and make himself a hostage to fortune (to mis-cite Bacon in my turn) when doing so.
bacterium	If only the bacterium could tell us: “Did you see that truck of a paramecium coming at me?Consider a bacterium swimming upstream in a glucose gradient, its flagellar motor rotating.
badge	To be sent away was a badge of honor, to undergo electroshock a glorious martyrdom.uh that's well i now maybe i'm not the uh typical nonexempt that you deal with the badge is silver
badminton	The national sport, badminton, and is played wherever a net, real or makeshift, can be set up for players to thwack the shuttlecock across to each other.With the huge successes of Boris Becker, Steffi Graf, and Michael Stich, tennis has now become a favorite national sport, with squash and badminton catching on fast, too.
baffle	And although they may cause few problems for native English speakers, they can baffle foreigners.Entre nous and me , until then, I had believed that, in any baffle of wits, Jane Ace would have won, thumbs down.
bait	yeah my wife loved to fish she didn't like to uh she doesn't like to put the bait on butYes , he is saying, we'll use the roe as our next bait , and How about Saturday, early?
balcony	King was assassinated on April 4, 1968, while standing on the balcony of his Memphis motel.i think it's from the time he jumped off the balcony and lord knows what happened to him
bald	Bird-watchers can spot, among many species, red-tailed hawk and the occasional bald eagle.Well, I have a close friend, Pat, who is bald and wears a full beard and horn rim glasses.
bamboo	The main road descends by way of bamboo forest and banana plantations direct to Singaraja.The right-of-way travels past fancy apartment blocks, bamboo stands, and jungle flowers.
bandage	50 μl vehicle or cCAF were deposited through the bandage onto the wound using a 30-gauge needle.The wounds were photographed immediately after wounding and then covered with Biocclusive bandage.
bandit	He became a bandit and robber after many wrongs were committed against him by Americans.And so we started right then calling, so we started right then calling him The Butt Hole Bandit.
bang	So they take me to the hospital and I bang my head a couple of times on the way there.The universe, since the big bang, was and remains out of equilibrium, or vastly nonequilibrium.
bankrupt	To enemies, it refers to a legacy of bankrupt state government and failed social programs.okay well i've i have had some because i was working for P I E and they went bankrupt so
banquet	In 1811 Mohamed organized a grand banquet and called all the notable mamelukes to attend.Each member would organize a fortnightly banquet of game and fish he had caught himself.
bargain	Make me an offer" is hardly the best strategy if you're looking to drive a hard bargain.The accord may finally compel the Palestinians to live up to their part of the bargain.
barge	It’s also a good starting point for barge cruises on the Canal de Bourgogne (see page 45)., on a barge) and the use of modular construction of major FGD technology components.
bark	just a small patch of lawn and just flowers and bulch bark uh tree bark all over her lawnA sidebar examines a handful of less pressing scientific puzzles, such as why dogs bark.
barley	’ll see hill people working their terraced fields of maize (corn), barley, buckwhIt is caused by sensitivity to the dietary protein gluten, which is present in wheat, rye and barley.
barometer	It may be, too, that Internet rumor sites are a highly precise barometer of public opinion.Online cash intake is already being used as a barometer of grass-roots support.
baron	In the middle of the 19th century, it fell victim to the urban planning of Baron Haussmann.6), who gave $436,000 to Democrats and slept in the Lincoln Bedroom; oil baron David Koch (No.
barren	Barren Kahoolawe (kah-ho-oh-law-vay) is a tiny island just off the southwest coast of Maui.Kalymnos has a barren interior with dramatic cliffs and caves all around its coastline.
batch	The Jin capital was in turn completely razed by a fresh batch of northern nomadic usurpers.. One of the blots in each batch was probed for cyclophilin to act as a loading control.
bazaar	Continue through this bazaar until you pass the fortress-like Austrian Hospice on the left.It has the delightful, exotic chaos of a bustling bazaar, most of all on Saturday mornings.
bead	The only guaranteed way to get a bead on players is to watch for betting patterns to emerge.Lysates were prepared by glass bead disruption in 50 mM Tris Cl pH 7.5, 1 mM DTT, 40% glycerol.
bearing	(None of the above, incidentally, has any bearing on Lee's usage of the word "bumfuzzled.""But at Sinatra's funeral, the eternal Gregory Peck amazed us with his beauty and his bearing."
beetle	Newsweek likens Apple's new iMac to the Volkswagen Beetle, saying it's both fun and functional.with handfuls of red sand, dissolving aphid, Japanese beetle, horned tomato worm
beforehand	This book will probably find no reader fully conversant beforehand with even half its contents.Participants were instructed beforehand to keep lips closed once oral thermometers were in place.
beggar	In fact, they could do more, since the beggar is closer to perishing than your relatives are.Then he saw a religious beggar who seemed serene, and he realized the path his life must take.
beneficiary	The beneficiary family seems to be proving the old adage: No good deed goes unpunished.The unit has been a leading beneficiary of U.S. training, when it is not busy repressing peasants in East Timor.
benign	Some time later they can go on some benign morning talk show together and talk about this."In an exposed, windy location this looks, considering the damage it did, exceedingly benign.
bestow	"Stars," he concluded, "sometimes bestow their favors graciously, but they're never 'nice."I am truly grateful that we are able to bestow this priceless gift on generations to come.
betray	While Nerve hasn't violated many taboos yet, the site does betray some expectations.Some of these products betray a rather comforting lack of geographical precision.
beware	Just a few more words of warning: Beware of spiky sea urchins when swimming off rocks.It’s an awe-inspiring sight, but beware of the sheer drop, especially on a windy day.
bewilder	Another rhyming reduplication, mumbo jumbo, is probably borrowed from a word in African Mandingo: Mama Dyumbo was a deity who helped husbands to bewilder wives whom they suspected of talking too much.
biased	First, it is a single-center study, which makes it biased towards a certain case mix.Again, the library inserts were biased against stop codons as for the internal peptide library.
biotech	All column chromatography was carried out on an ÄKTA Explorer (Amersham Pharmacia Biotech).Sequencing gels were ran and processed in the Biotech Center (University of Connecticut)
bitterness	uh-huh in terms of the personal yeah the bitterness is more on a personal level than on a"There is bitterness in the party over her complete failure to bring in votes," it went on.
bizarre	The Sex Pistols' Sid Vicious recorded "My Way," a bizarre combination of homage and scorn."Brilliant and bizarre" is how experts characterized the scheme in the New York Times .
blacksmith	Incidentally, the chair in his study was made with wood from the chestnut tree of The Village Blacksmith poem.Although the laws on marriage changed over the years, the anvil weddings continued, still performed by the amiable blacksmith.
blast	Critics blast the sappy romance as well as the "dismayingly formulaic view of enchantment.This snarling munchkin gives the Dr. Evil scenes--which still run long--a blast of energy.
blaze	Help Blaze The Trail -- 1997 Jameson Camp Thank you for your last Annual Fund Gift!Derek's father was a fireman killed by a black drug dealer while battling a blaze in a crack den.
bleach	So I put the towels, shirts, and everything together, poured bleach all over them!In general, "color-safe" bleach just means oxygen bleach, which is much milder than chlorine bleach.
bleak	), their relationship becomes a bleak, absurdist parody of all artists and their moneymen.The bleak early '90s were defined by the allegedly darker and less materialistic Gen Xers.
bleed	The Times editorial board, I'm sure, would make this ethical boo-boo bleed with ink.A woman was gang-raped, butchered, and left to bleed to death, shorn of her limbs.
blink	But for eyelash it has pestana , matching Spanish pestaña (compare Sp pestañear blink).Which, from an investing perspective, means you should blink as often as you can.
blond	The spot shifts to a fresh-faced blond teen-ager lighting up in what appears to be a park., no significant mean differences between black and brown hair or blond and gray hair).
bloom	no they're they've they're died down i am sorry they are dead now they bloom in the SpringBut others--notably Harold Bloom and Helen Vendler--view the rise of the slam with alarm.
blossom	Yes, they count every blossom in town, and the figure regularly tops the 5 million mark.Arriaga is particularly pretty during late spring, when jacaranda trees are in full blossom.
blouse	I have a tawny silk blouse printed with a clever blend of black lace and leopard skin.Shen Chu, Sewing machine operator, Four Maples Ladies' Blouse Company, Chinatown, New York City.
blunder	Another military blunder made the front page of the South China Morning Post of Hong Kong.*ghost-word, a word that has originated in the blunder of a scribe or printer--common in dictionaries
blunt	Or the program could be restricted in various ways in order to blunt possible objections.And he had reason to believe he could change or blunt the impact of Tripp's testimony.
bluntly	If your desire is to spend forever with Fred, tell him so--bluntly--with no allusion to marriage.He might, however, be "the right person to talk bluntly to Arafat about terrorism," the Post said.
blur	These omissions blur the characters and allow them to operate at the level of myth.She thinks I will approve, imagines me the anti- climactic aging matron of her future: a beaming, wistful blur.
blush	I suspect Shawn did not blush at the "cunty fingers" remark out of prudery.Without a blush I eyed ground-hugging plants and reeled off their names: Hex, Ponder, Explicit, and Envy.
boast	Its proud boast in modern times is the building of the original Bluenose racing schooner.Most of the large resorts, and some smaller ones, boast of an array of cabaret attractions.
boiler	Therefore, an SCR retrofit project may require relocation of equipment in the boiler area.In contrast, a typical SCR installation is heavier, elevated, and adjacent to the boiler.
bolt	Incidentally, the cathedral was even taller until a lightning bolt lopped off the main tower in 1614.Sentences transmitted usually read something like Put bolt into L-shaped part.
bore	Portugal’s citizens, overburdened with taxes, bore the brunt of the king’s extravagances.Seated next to President Kennedy at a party, she panics that she'll bore him to death.
bosom	Others represent the tribes’ totemic animals, such as the bear, protecting a human being in his bosom.The first bras simply flattened the bosom with a band, to help create a radically immature-looking female form.
bough	But most of the elements didn't come out of The Golden Bough . They came out of all the other successful pseudo-mythical contrivances of American popular culture--Westerns, Flash Gordon , The Godfather , and so on.
bourgeois	"We should have emphasized that socialism also means the end of bourgeois ideas of love!"The concept of things happening is inherently bourgeois and ultimately capitalist-imperialist.
boycott	It is always embarrassing, but certainly not worth the boycott of a good restaurant.Last month, "" reported the student boycott at Obafemi Awolow University in Nigeria.
brace	Richards, The Meaning of the Meaning of Meaning , New New York: Harharcourt Brace & Co.See C. Ogden and I. Richards, The Meaning of Meaning . New York: Harcourt Brace & Co.
brandy	Sherry (jerez), a wine fortified with brandy, has been made in Spain for hundreds of years.Brandy is the sweetheart of black America--she's Whitney Houston before Bobby Brown.
breadth	Optimists said the survey revealed the breadth and robustness of the economic expansion.Bennett wants to believe that you can teach in depth and in breadth at the same time.
bribe	The rich get richer, not because they're more efficient but because their ability to bribe is greater.Hersh even pulls in Nixon, mentioning that the Kennedy-era CIA discovered he had taken a $100,000 bribe.
bridegroom	Primarily I was entranced at the entrance by the Royal Magna Carta appearance of Mr Bridegroom and the celestial and capital incorporated specifications of Mrs Bride.
bridle	Interior decorators and architects will bridle at this, but there is no doubt that dress comes first.A subtext to the reviews is outrage at the ending, which critics try not to give away but still bridle at.
brightness	We next corrected the large-scale variation in brightness found in most fundus photographs.Digitized images were adjusted for brightness and contrast in Corel Photopaint v. 4.0 (Corel Corp.).
brim	A primrose by a river's brim A yellow primrose was to him, And it was nothing more.She doesn't transcend the part, she fills it to the brim, anatomizes it.
brisk	Recently a brisk, chummy young woman whom I had just met asked me what my first name is.The shop does a brisk trade in kitchen towels, mugs, and, of course, packets of the precious leaves.
bristle	It's to the point where at least two of us bristle when we hear him come through the door.In Drosophila, many mutants make small modifications in bristle number, color, shape.
brittle	yeah but you you know as far as brittle as child abuse is these days you never knowDegas lived until 1917, when--blind, brittle, and beleaguered--he died at 82.
broaden	USAT reports that the White House is seeking to broaden support for military action against Iraq.This strategy would attempt to broaden the focus of current research activities to include the ED.
brood	In recent years, the term value-added has dallied with marketing to produce a new brood of connotations.Still, her stereotypes (in that play) brood engagingly over whether their behavior is too stereotypical.
brook	The vice president has staked out doomsday as a favored issue, and will brook no optimists.Try telling that to Jessica's current favorite Cleveland Indian, third baseman Brook Jacoby.
broom	Maybe a session in the broom closet killed their passion because, according to the Enquirer , "the honeymoon is over."On the other hand, many lands see the world with a single eye: a new broom does sweep better than one with worn-out bristles.
browse	Much more entertaining is a slow browse through the pages, which reveals items like this:Browse through the Arab market behind the mosque and wander the alleyways towards the port.
bruise	McCain leaves a bruise without looking mean.It is one giant black bruise.
brutal	Consolidating control over the rest of the country, though, was a long and brutal business.I am not sure when a simple "No, thanks" fell out of a favor for more brutal solutions.
brute	(This brute fact is reminiscent of the paper's recent story about how you can't sue your HMO.)They never forgave Arafat for bowing to what Ajami calls "the logic of brute, irreversible facts."
bud	As Detective Bud White, Crowe is a beefy thug with a compulsion to rough up wife-beaters."Argentine President Carlos Saúl Menem, drive down East 88 th Street holding a can of Bud."
buddhism	The Dalai Lama's pop Buddhism is appealingly self-centered: Happiness trumps everything.(Buddhism and Shinto get along quite peacefully in Japan, sharing ground and even deities. )
buffalo	According to the Buffalo News , however, she is "balancing the demands of work and family."The ruminative buffalo pulls plows and carts, then wallows in the mud of a village pond.
bugle	' To play a bugle is to blow on the horn of a wild ox, through Old French bugle , from Latin bōs `ox.But I admit that when a drum and bugle corps marches by playing the Star Wars theme, I get a lump in my throat.
bulb	green spiky leaves now it looks almost like a hyacinth only a a lot higher and it is a bulbSo: Do not lean the pleated shade on the bedside lamp against the bulb while it is lighted.
bulletin	Lee (as quoted in the Bulletin 's profoundly politically incorrect account) the last word:and of course you know i also run a bulletin board from here and i'm involved in FidoNet
bump	But since his report helped bump Net stocks up yesterday, they probably didn't even notice.But, notes the Post , neither the Globe nor the National Enquirer is seeing much of a bump.
bundle	This being done, he can then print together and bundle all of the addresses for one ZIP Code.Micronized CAP induces gp41 six-helix bundle formation and is virucidal against HIV-1
burglar	a burglar comes in and uh finds a gun and ends up using it against the owners of the house soand since that time everybody's gotten some sort of burglar system or you know uh burglar alarms
burial	It may not even represent the plural of Old English hlyw burial mound as usually explained.The solvation energy represents the change in energy due to the burial of various residues.
burner	for dry bottom wall-fired boilers (other than units applying cell burner technology),Between the first and second halls is the capital’s oldest incense burner (1747).
bushel	Double the ethanol market and raise the price of corn 40 cents a bushel by banning MTBE, the oil-based gasoline additive.uh probably the Pirates but only because of Steve Bushel i guess otherwise i really don't care that much but uh you know i'm i'm
butcher	And before you know it, the butcher knife came around and cut the little girl's head off.All of a sudden the butcher knife came out of the drawer and it began to roll around in the air.
butt	or unless we're sending thousands of troops down there to kick somebody's butt i meanAnd so we started right then calling, so we started right then calling him The Butt Hole Bandit.
buzz	"You live by buzz, you die by buzz," says an ex- New Yorker editor, with malicious glee.I see Dan Rather's ratings are sinking, setting off buzz that he may finally get dumped.
by-product	Acetate was predicted as a metabolic by-product upon oxygen limitations (all phases below the LO).However, usually water is either evaporated from the system or remains in the by-product or waste.
bypass	Officials naively thought they could bypass the press and speak directly to the public.And a lack of perfusion fluid to prime the heart bypass machine had held up all his operations.
cafe	One of my persistent fantasies used to be of sitting at a sidewalk table at a cafe in Paris.You've allied yourself with the kind of man who will always opt for the Road Kill Cafe.
cafeteria	um-hum do you go like home cooking like Black-Eyed Pea and that kind of thing or cafeteriablood pressure yeah they sit there in the cafeteria sometimes and take that on your way out
calculus	… The top 10 inventions include electrification, contraceptives, gunpowder, and calculus.Now, given Newton’s calculus, let us compute the forward trajectory of the balls on the table.
calendar	Both the news and calendar pages allow all users to submit their own articles and events.Some images, like Richard Kern's New York Girls , are as soft-porn as a Playboy calendar.
calibration	FASTA-formatted text files that contain the sequences used for calibration and comparison.The slope of this linear model was the single calibration factor for the entire dataset.
camel	Dunhuang has come a long way since the days when the Silk Road camel trains stopped here.Dad was a Camel man, and his offer usually came as he filled the air with smoke and ash.
cane	She was obviously blind, carrying a long white cane and keeping her eyes screwed shut.Rice, cotton, and sugar cane were also first cultivated on Spanish soil by the Moors.
cannon	The cannon sounded again for the 1918 Armistice and the funeral of Marshal Foch in 1929.Even as most of North Carolina's textile workers walked out, Cannon workers stayed put.
canoe	But when a movie nears production, that canoe is suddenly launched into Niagara Falls.and some of our longest trips went for about six days and covered about seventy miles where you you canoe
canteen	You can have a coal miner’s meal at the colliery canteen.(His Social Realist Construction Workers was displayed in the canteen of the Renault auto factory, to predictably tepid response.
capacitance	This capacitance causes the current to lag the voltage, creating a phase shift.Considering a mean cell capacitance of 240 pF, a typical maximum current density of 5 to 10 pA/pF (see Fig.
capacitor	Methylene chloride also had been used to dilute an adhesive used to seal the covers onto capacitor units.
cape	From Gloucester Routes 127 and 127A loop around Cape Ann to Rockport, a famous art colony.In summer, the traffic isn’t quite as appalling as on Cape Cod, but that’s not saying much.
capsule	With no means yet of safe re-entry, she was put to sleep inside the floating capsule.It is clear that the pneumococcal capsule interferes with various host clearance mechanisms [30].
captive	Sold to "husbands" for a few hundred dollars, the women spend years as captive breeders.(2) an “Anglo” woman kept captive in the U.S. by one or more persons of Latin-American origin.
cargo	For the cargo planes operation, see Intelligence report, interrogation of detainee, Apr.Reached from the Sanur-Kuta road by a long causeway, the harbor is where cargo ships tie up.
carpenter	I favor Bath, Bolton, and Barton-le-Beans for a plumber, carpenter, and farmer, respectively.--Homeless Turkish carpenter Yusuf Okul, who often wields a hammer, reacts to recent aftershocks.
carrot	Several participants reported less consumption of carrot juice at 7 months than at 2 months."The administration has got only one carrot--that is permanent trade status ."
cartridge	However, the final cartridge is an ORGANEX-Q® filter, followed by a final bacteria filter.Each solid-phase extraction cartridge (1 ml/100 mg) was conditioned with Methanol-water (50:50).
cassette	[Note: The publisher originally sent only the cassette, and that is what is reviewed here.]The pct1::kanMX cassette was PCR-amplified from the pPCT1Δ plasmid using primers LI and L4.
catalyst	SCR catalyst manufacturing is almost entirely dedicated to power generating applications.The catalyst, however, is a specialized product designed specifically for this purpose.
catastrophe	If drugs kill one in several thousand per year, this would be a public health catastrophe.the calm continuation of a national success story after the greatest imaginable catastrophe."
causal	Other inflammatory markers may also have causal properties, but are not as well understood.We repeated this calculation 10,000 times to obtain distributions for t* and d causal (t*).
caution	Nevertheless, bias cannot be excluded, and the results should be interpreted with caution.Extrapolation of these findings to other patient populations should be made with caution.
cautious	Bradley, more cautious by nature, has declined to take a pledge of unilateral disarmament.The cautious spin: Black churches are losing their tolerance for leaders who exploit them.
cavity	The survival in carcinoma of the tongue is poor compared to other subsites in oral cavity.We performed abdominal paracentesis, which demonstrated free blood in the peritoneal cavity.
cellar	eine Leiche im Keller, Lit. a corpse in the cellar: a skeleton in the cupboard (or closet)If you are keen to learn Israeli folk dancing, the Bicurei Ha’etim Cellar in Heftman Street (tel.
cement	All ceramic copings were made 0.6 mm thick and with a cement space corresponding to 60 μm.Hybridization mix was applied to sections and coverslips were sealed with rubber cement.
censor	University librarian Sally Haines told the Associated Press, "Librarians, we don't censor.The Church reinforced the Holy Office’s Inquisition and the Index to censor the arts.
cent	A recent estimate put the cost at less than one-millionth of one cent per transaction--i.e.Of course, one cannot be one hundred per cent certain about the exact meaning of every name.
centigrade	and we we sort of have to get accustomed to the fact that our body temperature is thirty seven degrees centigrade yesYeah i noticed my van has a uh a button on the temperature gauge that you can switch between centigrade and fahrenheit
centimetre	The number of knots per square centimetre ranges from 20 –30 for a coarse wool carpet to 100 –200 for the most expensive silk carpets, which can cost tens of thousands of pounds.
centralize	it it it was a big deal but uh they they tried to to centralize it in one spot so in the past couple of years they had it at um state park every yearManzanillo saw considerable growth until the mid-1500s, when, in order to centralize trade, Acapulco was declared the only authorized port in Mexico.
ceramic	All ceramic copings were made 0.6 mm thick and with a cement space corresponding to 60 μm.The front of the prayer hall is adorned with Arabic inscriptions and ceramic abstractions.
cereal	they think they have to have everything they have to have the latest cereal about you know justThe grain-filling process of cereal development typically has two processes: dilatory and filling.
chalk	Profiles chalk up the brothers' success to 1) good looks and 2) on-screen intensity.yeah right and uh the things that uh Bart will write on the uh chalk board at school
charcoal	My pants were slate-colored, my jacket a charcoal that certainly qualified as the same.yeah charcoal charcoal is nice if the ground is sopping wet otherwise grab a dead tree
charming	Moreover, it boasts two charming old quarters as full of character as any place in Europe.Most of the usual facilities, including a charming garden, swimming pool, and health club.
chasm	Salaries are too high, attendance is spotty, and the chasm between rich and poor teams is widening.1) If the political chasm is legitimate, and as wide as you describe, yes, undo from the girlfriend.
chatter	' Isn't it something stronger: `senseless chatter, needless noise, committing oral nuisance'?Here you can walk to forest waterfalls, while the black monkeys chatter, squeal, and swing in the trees.
cheer	The second selection's obscurity didn't cheer him up: "Ugh, can't do you the Washburn book."They are members of the major casino union, here to cheer on their employers and their union.
cheerful	By day it becomes a continuous market, with some unusually chatty, cheerful shopkeepers.I can't walk down the beach in my thong without somebody yelling a cheerful "Thai boy here!"
chemist	Nonetheless, Kovner procured some poison from a chemist in the future state of Israel.The Finnish chemist Gadolin isolated a new earth (metallic oxide) there in 1794 and called it yttria .
cherish	If he does renounce it he'll infuriate those who cherish it as a part of Southern history.The howlers in my collection that I most cherish, however, depend for their charm on skewed syntax.
chess	Before we started it was always filmed from the top, and it looked like a little chess set."And not one of the programmers could have beaten Kasparov in chess--not even close.
chestnut	The best time to see the square as a whole is in winter, when the lovely chestnut trees are bare.The behavioral parameters of this equation were taken from analysis of the Chestnut and Rowe data.
chew	Hand down the edict that the newly braces-free child may chew gum only when she is alone.JBM: -and they'd chew it, come back, and he have me, want me to chew it, I mean smoke it.
chill	they said it could be like six degrees outside and like negative forty one wind chill"You're Philip Roth, and you should probably chill before your next lover moves in."
chimney	uh-huh well the white but i have a problem i can't get up high and we can't paint the chimneyAh, perhaps there are thousands of ways to complete the house and to complete the house with the chimney.
choke	Should we be boycotting multimedia sites that make even my fractional T3 connection choke?His defenders argued that the award was what had caused him to choke in the first place.
chord	Michel P. Richard's article, “A Taxonomy of Epigrams’ [XV,2], strummed a responsive chord.E.A. Livingston's communication [XXI, 3] certainly struck a responsive chord in me.
chorus	The cover editorial joins the chorus proclaiming the Clinton presidency is on the brink.By the weekend, liberal pundits and conservative pols were joined in messageful chorus.
chronicle	In 1908 the Daily Chronicle used it figuratively to characterize a potato-peeling contest.The San Francisco Chronicle asked Bauer about the rumors and published his denial Tuesday.
cigar	I've still never smoked a cigarette, although I'll enjoy a Cuban cigar if you're buying.They also have a smoking café if you want to sit and enjoy your cigar on the premises.
circular	(circular intron + spliced intron) / (unreacted intron + circular intron + spliced intron)All gene-positive clones contained circular YACs with ~ 40 kb DNA inserts (data not shown).
circumference	The external diameter was calculated from the circumference of the external elastic lamella.The smaller the circumference of the circle created, the stronger the transitive power.
circus	The magazine excerpts a new oral biography of the members of Monty Python's Flying Circus.The media sulked that the trial was over before it could become another O.J.-style circus.
clamp	Two-electrode voltage clamp recordings were performed at room temperature with electrodes (0.0 kcal/mol, GC clamp stability to -10 kcal/mol, no acceptable loop, T m range 52.
clap	Rule 37, incidentally, states, "When a customer sings karaoke, please, everyone clap."OK, abracadabra: Clap your hands together three times and say, "All right, I'm out of this game."
clarify	If this debate is to yield fruit, we must therefore clarify what we mean when we speak of EBM.However, it is important to clarify what type of problem interveners are attempting to address.
clasp	1991), whereas a particular disease mutation may only impair the clasp and partially activate the receptor (Peyruchaud et al.For example, deletion of aIIb cytoplasmic tail completely removes the clasp and permanently activates the receptor (O'Toole et al.
clatter	From the halls of the Heritage Foundation to the shooting ranges of the National Rifle Association, you can hear the clang and the clatter of right-wing infighting.Kemp leaned closer, speaking more loudly than was necessary, perhaps to compensate for the rush of air around them and the clatter of steel wheels beneath and behind.
claw	He doesn't need the power and prestige of Washington and feels no compulsion to claw his way up.The cover story tracks four narcissistic young actors as they claw through Hollywood's casting maw.
cleanliness	De Hooch is at his most appealing when he is poking fun at the Dutch mania for cleanliness.The usual line is that Marthe, paranoid and neurotic, had a mania for cleanliness.
clearing	The default procedures provide for the sale of all allowances at a single, clearing price.So now that I'm clearing up those pesky little mood swings, prospective partners abound!
climax	I figure there's no better place to watch the climax of Flytrap than the place where it began.The violence reached a climax in 1951, with the assassination of High Commissioner Henry Gurney.
cloak	As has become common in merger reporting, some of the papers attempt to cloak the event in intrigue and drama.Unlike earlier black comedians, Pryor never tried to ingratiate himself with white audiences or cloak his rage.
clockwise	Let's consider each of these, beginning in the northeast corner and moving clockwise.Here is a list of some of the better courses, working clockwise around the island from San Juan:
clown	Just tell the cryptofascist clown troglodyte, I mean, your Significant Other, au revoir.and you know i mean this clown out in uh California he uh had a criminal record you know a mile long
clumsy	There are other ways in which diatoms could help us clumsy humans build nanoscale ‘widgets’.Though Bush's performance was otherwise clumsy and lackluster, he won by playing rope-a-dope.
clutch	Ornery is one of a clutch of bristly words with odd and often controversial etymologies.I honestly think I'm dependable in clutch situations, even after 36 hours on the job.
coarse	The beaches towards the south can be pebbly, while the sand is usually coarse.2. something vulgar, as an act or expression”; vulgarize “ 1. to make vulgar or coarse; lower; debase.
cock	Second, a clue may name a class of objects which includes the answer, like bird for COCK.Half cock does not give enough power to generate sparks and fire the pistol, so it is a futile gesture.
coefficient	The Pearson correlation coefficient was 0.96 for the RT-PCR values from triplicate assays.Figure 7.3 (page 114) plots the coefficient of variation for men’s single-breasted coats.
coherent	And while this kind of movie doesn't cry out for a coherent plot, it does need surprises.Not necessarily a correct answer--or honest or heartfelt or logically coherent--but easy.
coil	The heart begins to coil and blood flows on to the dorsal face of the yolk sac.However, the binding domain is a coiled coil and the tail of AtMAA21.
coincidence	and uh what a coincidence we got a baby sitter and we went to the movies this past weekendThis is no coincidence, since the Symposium portrays homosexuality as useful and ennobling.
collaborate	We not only get to explore a cool new technology; we get to collaborate with the composer.Sydney and her father collaborate in overcoming obstacles that Sydney encounters.
collide	"Exoatmospheric Kill Vehicles" orbiting Earth would be programmed to collide with warheads.Which brings us to Waco, where the symbolism and substance of Reno collide most alarmingly.
collision	This sounds like an important story--Zeitgeist and president on collision course over taxes.Then the Left won the 1936 elections and was immediately in violent collision with the Right.
colonist	It was the first colonist, Juan Ponce de León, who, admiring a bay on the north coast, declared it Puerto Rico (“rich port”).
comb	I once observed a photographer’s assistant during a photo shoot comb out the fringe of a rug.For example, if a food source is found in the direction of the sun, the dancer will waggle ‘straight up’ the vertical comb.
combustion	The term "combustion turbine" means any combustion turbine that is not self-propelled.However, for residential fuel combustion, the uncertainties may be somewhat greater.
commend	it is yeah i i commend Israel for their restraint in not responding to the Scud attacksRepublicans and Democrats commend Helms for his good sense, flexibility, and bipartisanship (?!)
commentary	There was a time when this idea flourished more widely--even in the pages of Commentary .I just had to comment on the commentary in "Today's Papers" (March 13 th ) on the "N word."
commonplace	She reads from her commonplace book, makes a notation in her crabbed half-Cyrillic hand.The paper reports these commonplace troubles cost $100 billion annually in lost productivity.
commonsense	So I believe that we can have commonsense ...Here is a commonsense style book, useful to those who have the education and common sense to be in doubt about questions of English usage.
communism	The difference: Catholicism will outlast Pope John Paul II; communism won't outlast Castro.For Reagan, Soviet communism was only the most grotesque version of the collectivist impulse.
commute	to commute back and forth to work and it has been it almost has two hundred thousand milesand i just you know i just drive it to work so it's just a ten minute commute everyday
comparative	The comparative advantage in QoL for AT III was also maintained from 28 to 56, and 90 days.Our strategy for microsynteny-based comparative mapping was straightforward and simple.
compass	Maybe I'll continue to breeze through Fodor's, Compass, and Frommer's in airport bookstores.Compass America, a Fodor's associate, is stylistically a synthesis of these two models.
compatibility	There are compatibility issues between CoreGenes and Macintosh (Netscape 4.7 and below).In fact, this hostility to compatibility permeated even the company's attitude toward itself.
compatible	Metrozoo, a cageless facility, displays animals compatible with the south Florida climate.well i don't i yeah i didn't mean compatible i meant comparable my brain is going to mush
competent	Ostensibly, this is a safety measure to ensure that only competent drivers are on the road.And it is very difficult to have technically competent contractors in specialty areas."
compile	Like you, I wish Gates and Appiah had taken the time to compile a truly comprehensive encyclopedia.To compile a truly unique exonic index, redundancies must also be resolved across transcript databases.
complement	Thus we consider the template-match method a useful complement to standard post hoc tests.xy is computed from frequencies of the sequence concatenated with its inverted complement.
complicate	What's more, kin selection itself may complicate race relations in various subtle ways.To complicate matters, they also used the plural of eyebrow ( supercilia ) to mean eyelashes.
complication	6°F, is the most severe neutropenic complication and can cause prolonged hospitalization.There is no state cost calculated for this complication as it is considered to be episodic.
compliment	Prudie is betting that's the only compliment he's received on his manners since, oh, January.In the meantime, compliment your own parents on their wish to promote the larger family circle.
composite	David Plotz's "Assessment" this week is a composite portrait of Bill Clinton's dream date.I don't think it will ever be resolved whether it was an actual person or a composite ...
comprehend	The position we settled on was "The Butterfly," which we had to read three times to comprehend.The ethicists who advise politicians and biotech firms can't comprehend the gravity of this step.
comprehension	By the time the light of comprehension flashes, the listener might have lost the thread completely.One prominent macro-economist calls today's globalized economy "almost beyond human comprehension."
compress	Then more work was done to compress and heat the gas by pushing on the piston from the outside.no there um a lot of them are recycling by trying to compress their trash into the bags as much as they can
compression	Significant compression was found if the hybridization time was too short or was too long.These issues include, for example, concerns over SES compensation and pay compression.
compute	Because there are no data on subjects first screened after a one year delay, we compute qNow, given Newton’s calculus, let us compute the forward trajectory of the balls on the table.
comrade	But tonight, for the first time in way too long, Lemmy is to meet his closest comrade.I came to Frankfurt to see my old comrade, (see Chap 46) but she made me leave after two days.
conceit	Howard Rosenberg of the Los Angeles Times calls the recurring gun conceit "ridiculous."The conceit of government by peaceable consensus was soon exposed as chimerical.
concentrated	Everything we love about biblical-movie kitsch is here, only concentrated and heightened.So why has American journalism concentrated on the least mysterious aspect of this story?
concise	USAT provides the most concise explanation: "The companies will share all patent rights.The struggle between concise code and bloated code plays out under the threat of a deadline.
condense	There is a time course therefore when fibers are formed, mature, condense to ball-like forms and ultimately decay.To condense from (but not otherwise alter) the 1960 edition of the World Book Encyclopedia: "About two thirds of the people of Colorado live no more.
conductor	but i think the conductor i don't know or one of the conductors is is from another country10/79), Kölner Runfunkchor, Kölner Rundfunk Sinfonie Orchester, Luciano Berio, conductor, DGG.
confer	By day 71, the matrigel would no longer confer an optimal growth environment for BG-1 cells.Regular physical activity has been recognized to confer health benefits since antiquity [1].
confidential	Such information will hereafter be referred to as privileged or confidential information.Confidential . Last week Alec's new action movie, Mercury Rising , opened to tepid reviews.
configuration	In turn, I was led to doubt that we can prestate the “configuration space” of a biosphere.Thus, the most likely scenario for application of ACI is in a configuration with ESP or FF.
confirmation	"Chatterbox bases this on the confirmation of his extramarital affair with Sally Hemings."Speaking of delivery confirmation, it is currently available for Priority and Parcel Post.
conform	Effective immediately, all media and editorial folks will conform to the following dress code:Like WTO critics, the McChesneyites hate anything that doesn't conform to their idea of democracy.
conformity	A Washington cliché even emerged to praise mindless conformity: "singing from the same songsheet."Ironically, those who spout off the most about Greek life and conformity are just as guilty of it.
congratulate	But Neil Simon doesn't congratulate his audience for being brave enough to laugh at his jokes.Senators congratulate themselves for conscience, bipartisanship, and fidelity to the Constitution.
conjunction	These other services may be performed in conjunction with an audit of financial statements.(Britain's Royal Mail is conducting a similar experiment in conjunction with Microsoft.)
conquer	Turkish corsairs, notably the infamous Barbarossa, helped to conquer Algiers and Tunis.INSIDE τ(1,M; 1,L)); and (3) the divide and conquer algorithm to recover an optimal alignment (e.g.
conqueror	When Hitler came to Paris as conqueror in 1940, this was the first place he wanted to see.The tombs of the Conqueror and his wife are in the walled graveyard behind the mosque.
conquest	At least irony is unlikely to be used to justify programmes of conquest or extermination."Forget about defeating Dr. Evil: Austin Powers represents the exuberant conquest of shame.
consecutive	The maximum number of consecutive days also was calculated for the same three parameters."For the fifth consecutive year, it's going to let pretty girls ship everything book rate."
consequent	From the specific to a general application was but a logical and consequent step.Carbon emissions and the consequent global warming are increasing both the temperature and nutrient supply.
conserve	Your contribution helps to conserve and protect these artists' great masterworks.Like was done on the open range, shall we conserve or farm the sea—or both?
considerate	Your petty antics of coal-raking put those of us who are sincere and considerate SUV owners at risk.. A reporter goes undercover as a PAC lobbyist, and finds that congressional staffers are incredibly considerate.
console	In Linux, it's a kernel with enough support to maintain a command console, something around 120k.The classic EEG is usually recorded on a ponderous console with 8 to 32 channels to improve sensitivity.
consolidate	The cynical spin: Hun Sen is protecting them to consolidate the power he won through a coup.For example, GAO has taken significant steps to consolidate its field office structure.
conspicuous	To that end, you might say that the conspicuous absence of Jewish issues is the problem.This is an elite that practices conscientious consumption instead of conspicuous consumption.
constrain	Neither country, the papers note, has signed the treaties that constrain nuclear tests.However, the extent to which energy and water availability constrain species richness varies.
consul	Everybody notes that the twelfth American victim identified was the consul general at the Nairobi Embassy, Julian Bartley, whose 20-year-old son also perished.Rising up ahead is the imposing façade of the Library of Celsus, built in a.d. 110 by a Roman consul as a memorial to his father, and restored during the 1970s.
consultancy	Is it because she's not a card-carrying member of the political consultancy consortium of America?But in an "outspoken" letter to the German Bishops' Conference, the gist of which was leaked Thursday to Frankfurter Allgemeine , the pope ordered the German church to stop participating in the state consultancy system.
contaminate	Some reports hint that unburied corpses could contaminate Turkey's water supply.that one pint of brake fluid can contaminate so many gallons of water you know like hundreds of gallons of water
contamination	Consequently, the cause of the contamination must occur at slaughter time, not on the farm.For comparison, we also simulated contamination at the 99 thpercentile and 67 thpercentile.
contempt	Ruling that the order was mutually binding, Judge Thornton also cited the men for contempt.The contempt scheme is such a stupid, vicious, wrongheaded idea that it is a joy to watch Rep.
contemptuous	But where Leonardo had a keen respect for mathematics, Goethe was openly contemptuous of it.)"Australia bows to Her Majesty" was the Sydney Morning Herald 's contemptuous headline Monday.
continual	LSC and our grantees live and work in a world that is marked by continual challenges and crises.This creates an incentive for continual improvement in environmental performance.
contradict	This doesn't contradict what Bush said--another wild swing by McCain--but never mind.When the data contradict his theory, a pollster knows what he must do: Dump the data.
contradictory	If I had to guess, I'd guess that this is the contradictory position she is actually in.(To cynical Gen Xers such as myself, this marketing talk seems both contradictory and fatuous.
contrary	On the contrary, it reveals that the Commies were even more inept than previously thought.The number of words in a language is irrelevant, contrary to what one respondent suggests.
contrived	2) The movie may stop Clinton from attacking Iraq, since that move would seem contrived.Somehow, current organisms have contrived themselves to be such that most mutations are of minor eect.
convene	Grantees can convene technology trainings, state planning sessions, and advocates meetings.Here you may find yourself in the middle of a parade to open parliament or convene the courts.
convenience	For your convenience, there is a list of all 54 neighborhood branches on the opposite side.it's just kind of convenient and she's the kind that goes for convenience over anything else
converge	The two initial states lie on trajectories that neither diverge nor converge in state space.Bus tours converge on Uluwatu toward sunset, and the romance of the place is somewhat spoiled.
converse	Foghorns converse into the night, long after the sound of car horns and bike bells has ceased.Abit of genuine morality at Nike (or Reebok or Converse) needn't be vastly expensive.
conversely	Conversely, I don't think the current music scene is half as bad as you make it out to be.Conversely, if perfectly error-free measurement of the target could be assumed, i.e., if σ
convincing	Embassy bombing, convincing Kenyans to sue both the U.S. government and Osama bin Laden.Sufficient detailed supporting data should be included to make convincing presentations.
coordinate	The tasks coordinate the flow of atoms among the molecules whereby the set reforms itself.On August 7, Atta flew from Fort Lauderdale to Newark, probably to coordinate with Hazmi.
cordial	Pundits were impressed by the cordial atmosphere, which was in contrast to last year's.Elizabeth Dole's campaign, though very cordial when we phoned, never got back to us with answers.
corps	The main danger of the press corps in America today is that they can knock your block off.yeah was it yeah wasn't Jimmy Carter's mama that was in the Peace Corps or some such thing
correction	(A 10 percent drop is termed a "correction," while a 20 percent drop means a bear market.)Individual conditions were compared using Student's t-test after the Bonferroni correction.
correlate	This might correlate with the increased complexity of animal-specific secretory functions.The calculated energy and relative intensity of hybridization correlate at | r | = 0.91.
corresponding	.., n ), we estimate the coefficients at a point u (not necessarily corresponding to any uAll ceramic copings were made 0.6 mm thick and with a cement space corresponding to 60 μm.
corrode	Unfortunately, the cement used for its construction contained sea sand, which caused the iron reinforcing rods to corrode.If a heater is immersed directly into the seawater, ensure that the heater materials do not corrode or leach any substances that would contaminate the brine.
corrosion	And some of the largest costs are paid in the corrosion of those personal and community standards that we claim to value most.Resist, though, the temptation to throw coins into the crystal clear lagoon; the attendant corrosion of the metal kills the crabs.
corrupt	Also, in what way is the Vogue deal corrupt if it doesn't directly affect editorial copy?But Dalí rapidly became slack, repetitious, corrupt, and in the end completely pathetic.
cosmic	It's a cosmic joke that someone so talented is so utterly clueless about the real world.Your letter comes at a cosmic time for Prudie, who recently made the mistake you write about.
cosmos	He has met with Monica at the Cosmos and once had an interview with Barbara Walters there.rom a biosphere and its mysteries, this investigation now steps gingerly toward the cosmos.
counteract	Hence, downregulation of TGFβ mediated gene expression may counteract malignancy of cancer cells.How do we counteract the peer pressure that tells them not to bother in class because it's "acting white"?
courageous	They're stunts, but courageous and spirited enough ones to earn you the ear of the public.How does Bush spin compassion, the world's most universal value, as a courageous "stand"?
courteous	But you may still like to use a few words of Malay as a courteous gesture to your hosts....Was it courteous to refer to black South Carolinians in a way I can't describe?"
courtesy	It was a courtesy call, but tensions between Kennedy and Johnson were at an all-time high.(Read the first chapter here, courtesy of the New York Times [free registration required].)
coward	Coward died in 1973 and is buried in the garden, at his favorite spot overlooking the coastline.OK, it's not Noel Coward, but it makes me as blissful as anything has since I was toilet-trained.
cozy	They are surprised at cozy the comfort of the lively toilet seat intimatist bidet and please.He himself avoided the tough life of the gold-miner for a cozy job at the local bank.
crab	From the woods I gathered crab apple, winterberry, and swamp maple that looked promising.Don't give me this crap about how the crab claws wouldn't fit on the smorgasbord table."
cradle	Annually 14 million visitors come to Faneuil Hall, the great “Cradle of Liberty” and marketplace.A priest will explain the faith and show you, among the guru’s relics, his cradle, shoes, and weapons.
crane	To compare Crane and Frazier is to compare a genuine, fibrous style with academic tissue.Those new 20s in your wallet with the Andrew Jackson watermark are Crane & Co.'s handiwork.
crank	Someone who writes book after book to refute what he doesn't understand is just a crank.Thank you for being a Prudie and offering a positive suggestion to our Crank.
credential	Rabbi Schonfeld's most impressive credential: "taught playwriting with the New York Shakespeare Festival."“I didn't want to be just another MBA,” says Pascal Herzer, one of the first recipients of a new graduate credential known as the professional science master's, or PSM.
cripple	The finish would be nauseating: Lee might cripple Seagal by kicking him in the throat or gouging out an eye.Just one lawsuit can empty a firm's coffers and cripple its reputation.
crippling	because you're crippling the very economy with which you're trying to survive inThese arrears are crippling the United Nations, which gets a quarter of its $2.
crisp	Most of these are crisp and pithy in the extreme, with an admirable precision of thought.The cinematography is surgically precise, the editing crisp, the music moody and unobtrusive.
crooked	yeah i don't know i i think that uh i know that judges aren't supposed to be crooked howeverA front-page WP piece reminds us that it's unfair to depict everybody in Congress as crooked clowns.
crow	The jackdaw also belongs to the crow family (Corvidae ), and daw represents its chak .Some names ( Beaver, Blackfoot, Crow, Dog-Rib, Hare, Stone ) are English translations of Indian ones.
crude	Difference feminists reject "the big time" as a crude, ugly, and destructive male pursuit.Bicha in Portugal means a `queue'; in Brazil, it is very crude slang for a `homosexual man.
cruelty	But Greene intends an element of cruelty, and Rea's blurry bewilderment is finally moving.But to criticize Dunlap for his cruelty is akin to scolding a lion for killing an antelope.
cruise	Night owls overcome their hangover with a stroll or boat cruise around the Lac des Sables.The cruise port, or Montego Bay Freeport, sits on an outcrop on the west side of the bay.
crust	uh-huh um-hum yeah um what is it about the uh the vinegar that uh makes the crust betteryeah that's it's a different kind of bread and it's somewhat of a harder crust it's not the soft
cube	And when Chatterbox was a wee cube, Pappy Chatterbox had an office in the Seagram Building.If the cubes are small enough, then each cube corresponds to a quite similar set of states.
cubic	However, quadratic and cubic polynomials fit the Incyte data reasonably well (R 2> 0.9).ij estimated in the above data analysis (Figure 4) and completed by cubic spline interpolation.
cuckoo	1 If you ever do something that's listed in the DSM as a symptom, it means psychiatrists think you're cuckoo.i was going to say that's a Black Forest cuckoo clock you have
cucumber	I loved Au Naturel , that bare mattress piece with the melon breasts and erect cucumber.They are sure to rise to the occasion of cucumber sandwiches, cakes, and scones served on fine bone china.
cue	The second is an endogenous circannual rhythm entrained by an environmental cue(s).There is a beat, as if to cue audience laughter, and then Shakespeare walks away.
culminate	( Time 's project will culminate in an issue ranking the top 100 people of the century.)Bareback riding and bronco-busting, bull riding and steer-wrestling, calf-roping, and Indian buffalo riding culminate in marvelous chuck-wagon races.
cultivate	Under Deng Xiaoping, Beijing actively sought to cultivate a good bilateral relationship.Cultivate listening, laughing at the right points, and occasionally saying: "Right on!"
cumulative	Cumulative lesion scores (day 0-14) were then calculated from the individual daily scores.The corresponding CCR maps have a cumulative length of 1,494 cM between the same markers.
cunning	A piece calls Hillary Clinton's campaign kickoff "cunning" and "brilliantly staged."Like the pioneers of the Old West, Pooh is endlessly greedy, and he is cunning in pursuit of that greed.
curative	Here, piping hot water with a curative mineral content bubbles from the spring year ‘round.Only Egyptians of the Hellenistic period washed off and imbibed (p. 11) curative spells.
curb	So my sisters are sitting on the curb thinking, "Oh, my God, we're going to die, right?"City Residential, Business All Businessb and Mixed Rural Park & Total All Foot Curb Loop Total
cure	To find out that it meant `able to cure flatulence' was the death of youth and innoncence.A more cynical view is that the sands provide a cure for which there is no known disease.
curiosity	At the same time, the old acquires the status of a curiosity, deserving of its own label.Curiosity led me to consult an Italian dictionary, where I found for egg yolk , `rosso d'uovo.
curl	Jackson, says Entertainment Weekly 's Tom Sinclair, has "gone the way of the Jheri Curl ...Could the decoherence of geometry aord a parallel way that extra dimensions can curl up?
curly	What's known around our office as "The Battle of the Curly Quotes" was fought this week.yeah and i make the clothes for them and um no you can get the little curly hair at the craft shop
curse	Jeepers creepers is nothing other than a euphemistic cover-up for the curse Jesus Christ.Unfortunately, with this famous Lipschitz diamond comes also the famous Lipschitz curse.”
curt	Curt Anderson, the site's designer, sounded sober on the phone, but he has certainly crafted some sloppy questions.This curiously curt coinage, based on cathartic, at least has the merit of getting out of the usual humdrum -ize rut.
cushion	Polysomal RNA was isolated from a detergent-generated supernatant on a 2 M sucrose cushion.The supernatant was layered on a 30% sucrose cushion and centrifuged at 245,000×g for 2 h at 4°C.
customary	In Canada, where I'm from, "You're welcome" is still the customary follow up to "Thank you."Upon entry, Atta received the customary authorization to stay six months as a tourist.
cutter	The frame also gives the cutter a place to grip the machine for hand-guided cutting.When a pattern piece is cut from the lay, the cutter then makes the notch cuts indicated on the marker.
cylinder	Before transferring seedlings to 2°C, the wick exterior to each cylinder was removed.Seedlings were transplanted to soil 5 d after starting germination, one per cylinder.
cynical	To offer deals that only benefit you isn't campaign finance reform--it's cynical politics.A more cynical view is that the sands provide a cure for which there is no known disease.
dairy	Pleasant, informal dairy restaurant in an old building with a lovely large summer patio.Our national nutrition policies are corrupted by the influence of the dairy industry."
daring	He remembers that one must be daring as an artist, but has forgotten to what end."Some are designed for the daring, others for the cocktails-on-the-poop-deck crowd.
dash	Mejillones (mussels) can be remarkably good steamed with a dash of white wine and garlic.As for Clinton, it's not too late to quit--dash off that letter to Albright now, for Chrissake!
datum	That is, six networks in agreement on a particular input datum would determine the classification of that input.An added datum weighs far less than does a novel accusation against someone previously considered a good family man.
dazzle	Because the barbarians are coming today and things like that dazzle the barbarians.Charisma now means little more than dazzle , says Allan Bloom, and he is correct.
decay	We ran these analyses with different decay constants for PCB content in GLSCF over time.Thus, detecting "adaptive decay" may require more dramatic modifications to the environment.
deceit	For more than a month, Clinton's debauchery and deceit have consumed journalists' attention.I had embarked on a life of deceit involving the names of nature's own flora and fauna.
deceive	"It seemed designed to deceive people," a representative for the company said.Nor are all lies deceptions--some lies are told without any intention to deceive ("You've lost weight!"
deceptive	Statistics gauging economic change since communism's collapse are deceptive.The informal atmosphere and casual-looking handicap starts can be deceptive.
decidedly	Unlike Borges, Saramago is an outspoken political activist of a decidedly left-wing slant.It has its own share of galleries and leftover beatniks, but is decidedly more laid back.
decimal	This had previously happened in Australia, which went over to decimal currency in 1966.It was also easier to remember than other systems because it was based on the decimal system.
decisive	But the decisive factor in the explosion of the Shepard story is the manner of his death.This consideration may not affect single men, but it can be a decisive turnoff for couples.
decompose	A cubist painter tried to decompose an object into the atoms that were its real essence.put them in a mulching not a mulching but uh to let them decompose
decorative	Throughout the building are superb 16th-century tapestries, furniture and decorative arts.They also greatly expanded the castle, for decorative purposes rather than for defense.
decree	According to British land records, the Jerusalem mufti's 1934 decree failed to prevent sales.but uh they call me i sent them a copy of the divorce decree and told them i refuse to pay it
deduce	We cannot deduce from the symmetry of the initial state how that symmetry will be broken.Hume told us long ago about the “naturalistic fallacy”: One cannot deduce “ought” from “is.”
deduct	okay so so you couldn't deduct state income uh state sales tax when you lived in Texasyeah about only the only interest you can deduct now are is a house payment mortgage interest and uh
deed	She declares that "Bill was incapable of engendering a cliché, in deed as well as in word."The beneficiary family seems to be proving the old adage: No good deed goes unpunished.
deepen	Then it will try to deepen Russia's economic crisis with a view to destroying its nuclear capability.And in negotiating rules in peer-organized games, children deepen their understanding of why rules are necessary and which ones work well.
default	(The user can override the default values and input an arbitrary value for any parameter.)The default procedures provide for the sale of all allowances at a single, clearing price.
deferential	Prudie thanks you for expanding on her answer, as she is always deferential to physicians.Until the late '60s, the Senate was deferential to the (many fewer) presidential nominees.
deficiency	In CVID, the most frequent pattern of IgG deficiency was that of IgG 1 + IgG 3 subclasses.In addition, infants with SI deficiency should have careful monitoring of serum calcium.
deficient	In fact, this pattern is even more exaggerated in the iron deficient animals at 1 month.To address these questions we have expressed Btk:ER in parental and PLCγ2-deficient DT40 cells.
deflect	Again, administration officials deflect it by contrasting it with a tougher word: "force."In such places, too, is found bog iron , sometimes concentrated enough to deflect compasses.
deflection	According to Ohm's law, this increases the voltage deflection recorded for a given current flowing through this extracellular resistance.First you get the secret hotel meetings, the furtive use of code names, the artful deflection of an outsider's nosy question about the relationship.
deform	Hence, the laws, forces, and particles can deform into one another in a space of laws, forces, and particles.Plate tectonics can deform the mountainous landscape.
deformation	used a 15 mm/sec deformation rate on Beagle dogs to study the strength of the ACL.The load and angular deformation data were captured from the third cycle.
defy	Meanwhile, Arafat continued to defy Israel's demands that he round up Islamic militants.However, classifications may contain a subset of cases that defy facile classification.
degenerate	As soon as one of them reaches the target, it is stabilised, while the others degenerate."Heroic" and civic journalism do often degenerate into idiotic rah-rah cheerleading.
degradation	It was the visual evidence of feet of clay, a heart of sloth, a general moral degradation.The ubiquitin-proteasome pathway is essential for degradation of many regulatory proteins.
degrade	After being engulfed, the bacterium secretes virulence factors to degrade the phagosome.To thermally degrade organics, place glassware in a high temperature oven at 400°C for 30 min.
deliberate	It is as if, by this deliberate smudging, Bartoli were giving old songs an antique timbre.The word carries the impression of firmness, even of deliberate effort in its production.
delicacy	But Jones' lead attorney, John Whitehead, lacked Buchanan's delicacy in making the point.The metaphor comes in particularly handy when conversations turn to matters of delicacy.
delusion	The delusion: Americans credit the president for national prosperity he has nothing to do with."Determine whether or not obsession really does lie between madness and delusion.
demography	An opposing opinion claims striver scoring would entrench the fallacy that "demography is destiny."If you believe demography, American Jewish life is disappearing: Fifty-two percent of American Jews marry non-Jews.
denial	And all but USAT have Clinton's renewed denial that he committed Lewinsky-related perjury.The San Francisco Chronicle asked Bauer about the rumors and published his denial Tuesday.
denote	Let k denote the probability of death from causes unrelated to either cancer or screening.Soon it came to denote `communion between persons' and `that which is spiritual or unseen.
denounce	It will not do to heap scorn on -athon and denounce athoninators as licentious with language.Liberals and conservatives do tend to mean different things when they denounce corporate welfare.
dense	Consider a sequence that lies near the center of a dense cluster of high-fitness sequences.Either I am dense and missing some subtlety, or you don't understand the origin of the quip.
dentist	come here to feel better about themselves," says Dr. Stephen Friedman, a Maryland dentist.One dentist I spoke with called Total "the first revolutionary toothpaste in a long time."
depart	The H-2A worker must depart the country and is subject to deportation for failing to do so.Would he depart on a negative note about his opponent or a positive one about himself?
dependant	One of the reasons is that viral vectors are dependant on membrane receptors to enter the cells.Thus it appears that the anti tumour activity of mhATF-BPTI is dependant on its systemic concentration.
deportation	The H-2A worker must depart the country and is subject to deportation for failing to do so.Greg Krikorian, "Detainee Facing Deportation Summoned to Probe," Los AngelesTimes, Jan.
deposition	All in all, the writer figures, in his deposition, Clinton admitted to 267 memory lapses.Coastal water and marine environment are also impacted by atmospheric deposition of nitrogen.
depress	This is a bad thing because the exuberance may end in a crash , and the crash may depress the general economy.Higher payroll taxes may depress personal saving to the extent that households have less disposable income to save.
derivation	Considering all that I have examined, I suggest the following background to a derivation:b are the uniformly distributed random values on [0,1) described in the previous derivation.
descendant	Finally, he is devoted to his maternal grandmother, a descendant of a dishworship of Scots .So too are descendant mutant molecules that might have arisen from further speciation from Tomasina’s tribe.
descent	Did you notice any differences between an American writer and someone of foreign descent?The DNA and RNA software of life is also common, indicating shared descent (Woese 1987).
designate	The report states that Congress should either create or designate an agency to take over.Indeed, the site doesn't allow you to designate which issues are most important to you.
desolate	Head north, however, and the desolate nature of the landscape is inescapable.Here, as far south as you can go on Martinique, the landscape is desolate.
despair	His private pictures from the time include some classics, but they are classics of despair.After a crash, the crowd's silence feeds an athlete's paranoia, depression, and despair.
despatch	His listing computer printout list helps him keep track of his customers and is used by his secretary for un mailing despatch of letters; mail drop.
despise	The archaeologists despise the New Agers, but need their money to fund research and preservation.But that's no reason to despise a candidate who tried hard, played fair, and will surely make a gracious exit.
destiny	"From the time he was a boy," she confides, "I knew that destiny had reserved him a seat."The proposed initiative equals an attempt to "buy people out" of their biological destiny.
destructive	Difference feminists reject "the big time" as a crude, ugly, and destructive male pursuit.But overworked engineers and sleepy dispatchers aren't creative, they're simply destructive.
detach	Here's how it works: Simply detach the Care Card from the top of this letter and keep it handy.Then detach the lower portion and return to us as soon as possible in the postage-paid envelope.
detain	New golf courses are being built in the area, but there’s little else to detain visitors.The village is neat and tidy, but there’s nothing to detain you for very long.
detection	Antigens were detected with a chemiluminescence detection system (femtoLUCENT, GENO TECH).PCR is widely used for the detection of HCV specific nucleic acids due to its sensitivity.
detector	ERCA reactions were performed in the Real-Time ABI 7700 Sequence Detector (Perkin Elmer).The resolution of the detector was 15,000, and the source temperature was kept constant at 80°C.
deteriorate	The economic situation continued to deteriorate and, as I now see, so did the political one.Chronic thoughtlessness on such matters can cause a marriage to deteriorate.
deviate	Those fold change numbers that deviate largely from 1.0 are considered to be false positives.Access time" is the time it takes a carrier to deviate from the route in order to make a delivery.
deviation	The background noise SD had a mean of 20 AD units, and a standard deviation of 5 AD units.where the values for were generated as normals with mean 0 and standard deviation 0.2, the
devotion	They wear their devotion on their shirts now, also on their baseball caps and their lapels.Kuttner tirelessly proclaims his devotion to the "mixed economy," as though this sets him apart.
devour	I mean, I would devour a book a day, and my mom would say, "Honey, take your nose out of a that book and SOCIALIZE!Children were routinely told horrifying tales about gruesome creatures lurking nearby, ready to devour them if they so much as left their beds.
dew	: "Oh, that this too too solid flesh would melt,/ Thaw, and resolve itself into a dew!"Nor swifter greyhound follow, Whose foot ne'er tainted, morning dew,
diagnostic	At the time covered by this study, a rapid clinic-based diagnostic test was not available.The sections of colon biopsies were histopathologically negative for diagnostic pathology.
dial	Before, many offices had to dial long distance numbers to connect at very slow speeds.if if it's a what kind of phone do they talk it's not a dial but if it's a touchtone it's okay
dialect	In my dialect of English, however, the plural of post is pronounced something like [poss].But now the student of Dialect C sees the word written posts and pronounces it [pos\?\s].
dialog	It provides the DataAdapter with any user information that is entered into the dialog window.The dialog box allows the user to tell the system what sequence they wish to examine.
diameter	Analysis of Variance was then performed on distensibility and 100 mmHg external diameter.Starting in infancy, her aortic root dilated rapidly to a diameter of 4.5 cm at age 6 yr.
dictate	An article worries that Ted Turner's $1-billion donation will let him dictate U.N. policy.Keys to success: Sit in a front seat on the shuttle and dictate an optimum route to cabbies.
dictation	This is not a mistake that a practicing lawyer would make, though it could be a mistake made in dictation.Conason, echoing Brill, argues that the Washington Post and the New York Times have been "taking dictation from the independent counsel."
dictator	Roosevelt lamented that the nation lacked a benevolent dictator to force through reforms."Several weekend warriors were ready to fly to Baghdad and grease the dictator themselves.
diesel	These methods are described in detail in the Heavy Duty Engine/Diesel Fuel RIA (USEPA, 2000b).and they were nearly all all diesel but as far as cars i've never never been involved with them
diffuse	Without H 2 O 2 treatment, stress fibers appeared thin and diffuse in control cells (Fig.The additional diffuse staining appeared to be in the pharyngeal mesenchyme (figure 2B).
digest	4. "Reader's Digest announced that it had doubled its earnings in its most recent quarter.Other than that, I get more out of reading Reader's Digest or Guide, Guideposts stories.
diligence	Special diligence was taken to measure the radiated power (forward minus reflected power).Meanwhile, Clinton and Podesta projected pacifism and public-spirited diligence.
diligent	A diligent search for embarrassing quotes found nothing better than a remark by SlateThat debate needs to be guided by a thorough understanding and diligent application of sound health policy science.
dilute	The presumption is that cases surfacing after t catch-up only dilute the estimated effect.Were our autonomous agent in a dilute solution, the rates of reaction would be very slow.
dim	The value of Nlung is determined by the user input parameter N1dim (Nlung = (2*N1dim) 2).By the dim light of their lanterns, a dingy rock surface, braced by rotting props, is visible.
dine	One is cautioned about eating food openly, as the monkeys are likely to view this as an invitation to dine.She'd rather raise a stein with Dan Than venture out and dine with Stan.
dioxide	TABLE A.- AFFECTED SOURCES AND UNITS IN PHASE I AND THEIR SULFUR DIOXIDE ALLOWANCES (TONS)has decreased its sulfur dioxide emissions rate by 60 percent or greater since 1980,and
dip	America doesn't have to have a dip in the GDP to consider flaky presidential candidates.(This had a long dip in the middle, with a short ending: That's right, very lucky to get out.
diploma	would look good on her on her uh diploma etcetera and so forth and and i kept pushing her towardsthey have more of these um sort of mandatory mandatory tests you have to take before you get a diploma but uh
disable	!," or smuggle a stun-gun into Toys-R-Us to disable the competition.have responded by secreting protease inhibitors to disable them is important if long-lasting solutions are to be found.
disagreement	The area of disagreement between methods concerned genes with low differential expression.Indeed, that one disagreement aside, we have a very high regard for Heilbrunn's writings.
disappearance	Can there be any significance in the disappearance of euphemisms for death?How could you explain the sudden disappearance of your signature anecdote?
disappoint	Early reviews of Danticat's latest novel suggest that, miraculously, she doesn't disappoint.This would seem to be kd's view of love: an addiction that must inevitably disappoint.
disapproval	And yet, of all O.J.'s lawyers, Scheck is the one who least deserves public disapproval.If he is afraid of her disapproval, he will surely be substandard husband material.
disastrous	A few such painful choices rescued what might otherwise have been a disastrous first term.Adventures abroad, however, proved disastrous during the second half of the 16th century.
discard	Therefore, relatively small variations may be enough to discard PD as a useful model to apply."Items that members of the Blair Cabinet have officially been 'urged to discard.
discern	After a few of these futile interviews, I begin to discern three distinct genres of nonanswer:The whole site is faded and aging, yet it is still possible to discern vestiges of its glory days.
discontented	To prevent any of his discontented subjects from revolting, Milosevic has reverted to the nastiest of his old apparatchik instincts.Finally, it should organize a "National Conference to discuss the sore problems that make us a disunited and grossly discontented people."
discrepancy	This discrepancy for methoxyflurane had been noted previously in the older literature.We do not know whether the discrepancy is more frequent in case studies than in other methods.
discrete	PRODUCT - Any discrete, traceable, or measurable good or service provided to a customer.No experimental structural data are available, but discrete state-space models [ 35, 36] (H.
disgrace	The movie merrily relates the ways in which he compensates for poverty and academic disgrace.I've had nightmares of our Fray reviews--"worst Breakfast Table ever," "a disgrace," "is this for real?
disguise	The Catholic chapel dates from 1680 when it was built in a style to disguise its purpose.For example, say a drug dealer wants to disguise $10,000 in monthly profits from cocaine sales.
disgust	* * This prompted widespread disgust among journalists, who viewed ABC's move as a sellout.The motives behind these outpourings of popular disgust, to be sure, were not unalloyed.
dishonour	The Telegraph said the indictment would put muscle into the United States because "though Bill Clinton might be happy to compromise with a fugitive from justice, the American people could not stomach such a peace with dishonour."
disillusion	He has "created a resonant parable of American innocence and disillusion" (Kakutani).“State of Washington charges for certified birth, death, marriage or disillusion.
disillusioned	The experience left him bitter and disillusioned, Dole has told audiences this year.Waiting for the first Spanish governor to arrive put a huge strain on the disillusioned society.
dislike	I, for one, can barely tell you which of the colors I dislike is mauve and which is fuchsia.okay this subject is magazines what do you like and what do you dislike about magazines
dismay	Imagine her dismay when she discovered that the library did not own most of the journals.Much to dad's dismay, we got the giggles as a guide provided highlights of Custer's Last Stand.
disobedience	There will be open, public debate of issues, as well as civil disobedience by political activists.Worried by the spread of his civil disobedience movement, the British jailed Gandhi in 1922 for two years.
disorient	It will disorient her totally.it it's gonna disorient it and confuse a lot of people for years and years and there are going to be people who die because of it because they don't understand
dispatch	21, 2003); UAL report, "United dispatch SMFDO activities-terrorist crisis," Sept. 11, 2001.21, 2003); UAL report, "Timeline: Dispatch/SMFDO Activities-Terrorist Crisis," undated.
dispense	Some dispense with jaunty graphics, delivering temperatures in sober gray text.Instead, Washington agreed to dispense $24 billion in block grants to help the states insure children.
disperse	MC 57 cells are fibroblastic in appearance and disperse across the surface of a tissue culture dish in a uniform manner.The larger size of many of these fruits results in their toppling over and thus in an inability to properly disperse the spores.
displace	Thus as outside pressures mounted, Bashir's supporters began to displace those of Turabi.Chemical libraries can be screened for the ability to displace ButaIT leading to the discovery of better pesticides.
displacement	Complete displacement was not seen in Lane 6 which was due to high titer of the antibody.In addition, of course, rapid reproduction requires finite displacement from equilibrium.
displease	Such a policy would displease many black politicians, since it stands to diminish black political representation in the short run.The jokes in Phantom Menace are broad and childish in a way that may displease sophisticates but will be endearing to everyone else."
disposition	For patient care and victim disposition, see Arlington County, "After-Action Report," pp.Very useful in its way no doubt, but rather limiting to someone of scholarly disposition.
disproportionate	Elderly and minority homeowners hold a disproportionate share of these higher-cost loans.The relationship between disease burden and disease spending is clearly disproportionate.
disregard	Discharge of a firearm on school property, with a reckless disregard for another's safety.It's weaker: it's doing something in disregard of the fact that it's likely to be harmful.
disrupt	This would disrupt the negative control of the receptor and potentiate the Ca 2+response.To examine the function of the ifk genes, we attempted to disrupt each gene individually.
disruptive	However, as mentioned, the occurrence of even one behavioral problem can be disruptive.B. "Wearing apparel that is unsafe or materially disruptive to the educative process"
dissatisfaction	Skeptics from Newt Gingrich to Jesse Jackson have registered dissatisfaction with the idea.For another thing, they are generally emotive—onomatopoeic expressions communicating dissatisfaction or disgust.
disservice	The public is done a disservice when science is presented incompletely; myths are then perpetuated.and i think Dallas is doing itself a disservice i think they ought to get on with something important
dissipate	Any local fluctuations in ink concentration soon dissipate back to equilibrium.The White House may be floating the idea simply to dissipate the last whiffs of the impeachment scandal.
distinctly	With the rediscovery of Greek and Roman Classicism, Gothic became distinctly unfashionable.Finally, one must be wary of elongation that carries with it a distinctly different meaning.
distort	MacKinnon argues that many journalists distort her work, by caricaturing her as a neopuritan.His newspapers and TV shows exaggerate and distort for the sake of sensationalism.
distortion	As to Japan, I don't think our cultural differences are merely related to media distortion.Segregation distortion and Hardy-Weinberg equilibrium expectation of allele fixation in RI sets
distract	The Washington Post says Clinton's foreign travels will distract attention from the scandal.He's engaging in military action to distract himself from his lack of sexual activity.
ditch	So in starting afresh, what should a new medical journal retain, and what should it ditch?How, for example, do we judge Ann Lewis compared to other last ditch Clinton defenders?
dive	Dozens of dive sites can be reached from resorts, typically a half-hour boat journey away.On completion, you will be allowed to dive with an instructor to a depth of 18 m (60 ft).
diverge	The two initial states lie on trajectories that neither diverge nor converge in state space.At the phase transition, nearby states tend to lie on trajectories that neither converge nor diverge.
diversify	When it comes to managing your personal portfolio, economists will tell you to diversify.So there has to be some other reason why people diversify their giving.
diversion	16,17 Moreover highly profitable non-delivered mail is much less vulnerable to diversion.Politics is diversion, not serious business, and the president is "Entertainer-in-Chief."
divert	Inoculating every child at $30 a dose would divert scarce resources from even better uses.China's spin: The findings were fabricated to divert attention from the embassy bombing.
dizzy	Carr explained that farm-bred dizzy pheasants mean more kids get to kill a bird.I turned my head and saw the woman next to me wearing a leopard-print scarf, and I felt a little dizzy.
dome	Down the road from the Russian church, the chapel’s dome is now in the grounds of a mosque.The characteristic snow-block dome measures 4 to 5 m (13 to 15 ft) in diameter at the base.
doom	But even among the good guys, a marginal physiognomy or a receding hairline can spell doom.The NYT , by contrast, implies that the co-pilot cut the engines in order to doom the plane.
dorm	well not really because you know i live i live here in a dorm i i still go to college butThe site promises that the women will "romp for your enjoyment in their own dorm room."
dormant	that's true that's true ours are well they're they're kind of dormant they're pretty mellow right nowbecause the the credit card was zero it was you know don't and it was dormant
dormitory	The station is a home for many: its entrance hall and platforms are dormitory and kitchen.Yet my classmates and I did not pay any attention to the dormitory when we visited Philadelphia years ago.
doubtful	It is doubtful that using adjusted costs would change the nature of the results obtained.It's not clear when the fetus can perceive, but it is doubtful that it can before 22 weeks.
doubtless	Doubtless, the most important unanswered question about reinforcement is how often it occurs.He doubtless had to fight the urge to make Summer of Sam a whole-hog whitesploitation picture.
dove	During a signing ceremony for a bill, he dove headfirst fully clothed into the Charles River.The hijacker pilot then advanced the throttles to maximum power and dove toward the Pentagon.
downturn	yeah California is really starting to feel the effects i think of the uh downturnThe paper says the recent criticisms represent a "downturn" in Clinton's standing with the military.
downward	In addition, the single rabbit myocilin band shifted downward slightly with deglycosylation.This effort is largely the responsibility of the CIO, and the focus is lateral and downward.
dragon	Pavilion Restaurant ❁❁❁ at Dragon Bay Beach Resort, Port Antonio; Tel. 993-8751, 993-8753.Careful geometric designs as well as dragon and bird motifs adorned bowls and implements.
drainage	This route is generally accepted to be the major drainage pathway for the aqueous [ 3].Independent variables were wealth, education, and the area's levels of planning and drainage.
drastic	These findings are in contrast with the drastic down-regulation of CD8 transcript levels exerted by cAMP.However, there was a drastic difference in %S between the two groups (p=0.
drawback	The drawback of ignoring phylogeny is a potentially high false positive rate (see below).One possible drawback to the study is that both healthy and sick infants were included.
dread	I finally said to Dr. Dread that he was a sleazy old fairy buying muscles instead of love.So now bond traders have as much reason to dread the end of summer as little children do."
dreadful	He thought it gave offense to the salmon industry, and he proposed to right this dreadful wrong.Of these, only the Synfuels Corp. vote and the mining vote were clearly dreadful.
drill	A drill hole is visible in the cranium, evidence that this was once a hanging skull-candle.This allows a campaign based on four key issues to "drill down" on each of them in great detail.
drip	If a thousand tears soak your final resting place, one will drip from my eyes.it's nice to not have a drip through from the ceiling from the roof isn't it
drought	All too frequently a cycle of drought, famine, and plague would decimate the population.The sacred relic was first worshipped in the Alicante region during a drought in 1489.
dubious	The inanity of the experts and the dubious casting make these films about as erotic as ...They circulate-even to the President-practically every reported threat, however dubious.
dully	And much of what he describes is dully familiar: There is a chimp Noam Chomsky and a chimp Liam Gallagher, and upper-class chimps read The New Yorker .Meaning has actually tended to be a pitfall for him, as is shown by his topical posters, only one of which is displayed here, a dully literal item for Earth Day 1970.
dumb	(In Julien Donkey-Boy , she looks like a dumb actress stuck in an improv that won't end.)And I'd rather people ask a foolish question now than have them make a dumb mistake later."
duplicate	the extent to which programs duplicate, overlap, or conflict with other related programs;RNA preparations were run in duplicate and each sample was hybridized to triplicate arrays.
durable	Not all the way--he has not yet succeeded in building a durable majority on the court.White clay from a nearby mountain made possible the very thin, durable, translucent porcelain.
dusk	And so on, as lunch turns into drinks, then dinner, and dusk slowly darkens the summer sky.If you are staying anywhere near, perhaps at Candi Dasa, you might time a visit here for dusk.
dwarf	A story reports from a dwarf convention that is the main courting ground for little people.Azaria's reluctance to marry stems from the fact that her earnings dwarf his--she is making $1.
dwell	But those who continue to dwell on these well-aired matters seldom exhibit much perspective.Its name means “sacred home of the dead” to the Kadazan who dwell on its lower slopes.
dwelling	A French carrier must, however, turn into the farmer's driveway and proceed to the dwelling.hogan A Navajo dwelling, usually earth-covered and built with the entrance facing east.
dye	Monofunctional Cy5 or Cy3 dye (Amersham) was subsequently coupled to the reactive residues.The reaction was incubated at 37°C for 30 minutes and then terminated with stop dye (5 μl).
dying	It might be a prayer before dying, as Batouti deliberately plunged the plane into the sea.Lewis went on to explain that one of the guests was an old friend who was dying of cancer.
dynamical	For a deterministic dynamical system, each state changes into a unique successor state.Figure .a shows several characteristic features of these very simple Boolean dynamical systems.
dynamo	A pert blond dynamo who could be Susan Molinari's big sister, she's also got the credentials.Third place went to Dynamo, which did a poor job on the jelly, and whose heavy scent couldn't completely mask the odor of barbecue sauce.
earnest	At this point, late 1998 to early 1999, planning for the 9/11 operation began in earnest.You're no longer enticingly innocent and desirable but boringly earnest, naive, and solemn.
earthenware	A group of rabbis were engaged in a debate about whether a particular earthenware oven was kosher or not.Walk to the north court where you enter the royal chambers — two giant píthoi (large earthenware pots) guard the entryway from the central court.
eastward	Oh, morning, at the brown brink eastward springs-- Because the Holy Ghost over the bentThe warm, moist El Niño air causes the jet stream to split as it flows eastward over North America.
eccentric	In the beginning, he was dismissed as a crackpot--at best an eccentric, at worst a threat.Critics swoon over the eccentric 67-year-old Carmelite nun's survey of Western painting.
eclipse	One of the initial frustrations of Enduring Love is the eclipse of the balloon accident.The slides were examined under Nikon microscope Eclipse E600 (Nikon Instruments Inc., Melville, NY).
ecology	we're we're really on an ecology kick up here i guess like all the rest of the country andt is no accident that the words for economics and ecology have the same Greek root, “house.”
economical	The compounding process is a simple, economical system of word formation is modern English.oh yeah the economy uh what i was thinking about is an economical issue concerning it uh
economically	i just basically my views i guess they tend to be more economically oriented in that i justLike the Soviet Union itself, the Caucasus has suffered economically since the break up.
ecosystem	Should the TAS withhold medical technology from the TPS to preserve their balanced ecosystem?Indeed, in the same way in an ecosystem, organisms create niches for other organisms.
edible	Edinburgh produces a range of edible (and drinkable) souvenirs that can make great presents for folks back home.But Chengdu has other attractions as well, some of them historical, some of them spiritual, and some of them edible.
editorial	In a Weekly Standard lead editorial, Executive Editor Fred Barnes writes, "The accused ...The New York Times lead editorial calls the shuttered approach "an affront to the public."
ego	But instead of achieving power and domination, I suffered a mammoth blow to my junkie ego.,’ just like the “Whirred ego’ quoted, with a little word-window-dressing, by Virginia Howard.
egyptian	Edfu was built in the classic Egyptian style and was little changed following its rebuilding.Egyptian: lion-headed goddess Sekhmet (1400 b.c. ) and the colossal Amenophis IV (1370 b.c. ).
eject	Despite protests, race officials have declined either to eject Haider or to reroute the event to keep him out of Williamsburg, a Hasidic neighborhood in Brooklyn.David Lubitz of D.C.'s Swidler Berlin Shereff Friedman, challenged an Annapolis, Md., ordinance allowing the police to eject people from designated "drug loitering-free zones."
elaborate	Elaborate exchanges of respect imply a degree of entanglement Americans now wish to avoid.Dedicated to the rice goddess, this is the most elaborate and ornate temple in the north.
elapse	However, in no case should more than 72 h elapse between collection and first use of the sample.And do let us all know how many seconds elapse before your conversational companion makes a getaway.
elastic	The external diameter was calculated from the circumference of the external elastic lamella.um-hum or sand even some of them well no they're elastic so i guess it wouldn't be sand
electrician	Lech Walesa, a shipyard electrician, led worker strikes in Gdansk.One studied to be a doctor, there was an electrician, a minister.
electrode	Electrode jelly was used on the electrode plates to ensure good electrical contact.At these frequencies, the wavelength is several orders of magnitude larger than the size of the ablation electrode.
elemental	"Titanic floods you with elemental passion in a way that invites comparison with ...1 mmol) in pyridine solution (3 ml) in the presence of elemental sulfur (5 mmol).
elevate	News ). Once you're a finalist representing a theme, the trick is to elevate your theme.Or should the TAS groups take it upon themselves to "elevate" the TPS to their level?
elevation	CK-MB elevations in other regions were less striking (median CK-MB elevation, 1.4 × ULN-2.Elevation of intracellular Ca 2+([Ca 2+] i ) accelerates exocytosis of insulin granules.
elicit	To elicit a response, the perceived signal must be conveyed to the cellular machinery.The hotline staff can elicit information that would be difficult, if not impossible, in English.
eligible	you know the it was skewed by the eligible voters being less than the total population ofSome claims of eligible aliens may arise while the alien is temporarily out of the country.
elimination	3 M) concentrations of glucose results in almost complete elimination of lipid breakdown.Pleas of Jewish organizations asking for the elimination of the horns have not been heeded.
elliptical	Scot's speech explains the elliptical style, and the best fix might be, “Temporary cripples.”Bartolomeo Ammanati’s three lovely elliptical arches follow drawings by Michelangelo.
eloquence	His Texas drawl and folksy eloquence are overpowering--like drinking a gallon of sweet, warm cream.The pundits also praise Gary Bauer's eloquence, though none thinks the evangelical is a serious threat.
eloquent	One of them, an old campaigner with the local Home Guard, was particularly eloquent.But by quoting Tucker's eloquent letter to him, he actually makes himself seem even more heartless.
embark	(U.S. Army chaplain in Vicenza, Italy, addressing troops soon to embark for Bosnia.)This is not, however, the place to embark on a disputatious wrangle leading nowhere.
embarrass	When Jackson implied that Will's attempt to embarrass him was racist, Will took offense.However, if it was the friends' mistake, we have no desire to embarrass them with their error.
embody	embody more optimistic assumptions about energy-efficiency demand and supply technologies.The Balearic Islands don’t have to work too hard to embody the perfect island vacation.
embroidery	The workers here are proudest of the double-faced embroidery, with a different picture on each side.The houses are built to a long-standing design and are filled with embroidery, lace, and crochet work.
emigrate	Most young Serbs are plotting to emigrate because there are no opportunities at home.The majority of older Arab youths have expressed a desire to emigrate to other countries, particularly those in Europe.
emit	But the torch does not emit a flame: instead a surprising little llama stands on its tip.Some of the light-hearted songs require the singer to emit a weird, guttural “ye-ye-ye” sound.
enchant	It's like watching Rowling rummage around for mice and rats to enchant into horses and coachmen.Charismatic Philip appears from the South (by way of Harvard Law) to rescue the grown-up Katharine, enchant the queen, and seduce King Eugene with his magic.
enclosure	The enclosure includes a reference to the applicable proposed revised paragraph(s) of GAGAS.Enclosure 1 June 22, 2001 letter from the General Counsel of GAO to the Counsel for the
endanger	Clinton's old spin: The House shouldn't endanger the peace talks by debating the troops issue.Threats to habitat retention, not least of which is wildfire, endanger every species.
endeavor	Through it all, he prescribed spontaneity, an oxymoronic endeavor if ever there was one.Funding agencies need to recognize the importance of the surgical endeavor to modern medicine.
endeavour	The goal of this endeavour is to improve existing methods and develop new ones to perform various facets of the genome/proteome modelling task in an automated fashion.For one thing, certain British spellings are retained, but those might have been left over from pre-Webster spelling reform: endeavour, moulding, humour; enamelling; fulfil .
ending	Um, I read at bedtime as a calming down for all of us, being together and ending our day.Ebert is beside himself: "It's not even clever enough to give us the right happy ending.
endow	Endow and Waligora [ 47] determined that the GN residues at the neck/motor core junction (Fig.How wise is it to endow the state with powers to force us into wellness even if we prefer risk?
endurance	Even the dashes, with their suspended, rising quality, suggest the vitality of endurance.His endurance is chalked up to his training as an architect and his embrace of bright colors.
energetic	During her absence, two of our earliest and most energetic "Fraygrants" have been filling in.My childhood was pastoral and energetic and rich in experiences which developed my character."
energize	The optimistic spin: Running as the underdog will energize Gore's campaign.Hillary must energize blacks and Hispanics without alienating white ethnic suburbanites who favor Giuliani.
enlarge	Expansion of the optic vesicles is obvious; they enlarge to hemispherical proportions.In Stock Market Miracles , Cook writes that "the way to wealth is to enlarge the pie."
enlighten	It would not just entertain but also enlighten.Attacks on the current system, often based on misleading anecdotes, have failed to enlighten participants or improve services to the public; and
enrich	At its best it can enrich the American idiom with phrases, words, and even bound morphemes.Future studies are needed to verify and enrich the details of the illustrated molecular events.
ensue	The other warned against watching a parting guest out of sight: bad luick would ensue.The same result would ensue from excluding LSCfunded lawyers from welfare litigation entirely.
entail	I knew what it would entail, why they do it, and that everybody is treated the same way.Reno seems to entail the same conclusion about compulsory labeling on the Internet.)
envious	Everybody is trying to do the same thing; some succeed, and those who don't are envious.If a person covets or is envious of a child he or she may give that child the evil eye.
envy	Americans mock the Frogs because we envy their intellectual arrogance, history, and glamour.They refrain from defacing Mercedes or Lexuses, these being objects of envy, not resentment.
epidemic	Countries in sub-Saharan Africa are faced with the most devastating epidemic of our times.Kentucky officials say there is a virtual epidemic of abusive relationships in the state.
epoch	There followed the epoch of leg warmers and other mutations into the aerobics class look.Thus began an 800-year epoch of Christian opposition to the newly arrived Muslims.
equate	Pro-choicers equate the American way with pluralism, threatened by radical fundamentalism.They want to equate the "story" of the trial--predation--with the story of the company.
equator	what was interesting Malaysia is a tropical country just uh two degrees above the equatorBy now, the first cleavage groove reaches halfway between the equator and the vegetal pole.
eradicate	Watching the sun's emergence from lunar shadow could damage or even eradicate their vision.2) If it turns out to be genetic, conservatives will just try to eradicate it with gene therapy.
erosion	In fact, the paper has run two stories reporting on the erosion of the man's credibility.Specifically, erosion requires that nuclease activities have access to the ends of the break.
errand	they never know for sure what time they're going to leave their job they never know when they want to run out and do an errand at noon you know they just feel they need their carGeorge Steiner has been writing his incandescent essays on high culture for nearly four decades now, steadily deepening his insights and widening his topical reach, but carrying on the same essential errand.
erroneous	During the course of the morning, there were multiple erroneous reports of hijacked aircraft.Taking aim at military slang because it is “itinerant and erroneous” misses the mark completely.
erupt	Witnesses claim to have seen a fiery volcano erupt from beneath the sea just before the first jolt."The sex drive in a man is almost volcanic in its latent ability to erupt at the slightest provocation."
eruption	In the early days of the Lewinsky eruption, Davis provided the same obfuscating service.His speech over, Reich is lambasted by a "John," and Reich's answer elicits an eruption of "Wrong!"
escort	nothing but problems with it so he finally traded it in and actually bought a Ford EscortHe says he had mixed feelings about being asked to serve as Gore's "security escort."
esthetic	Sometimes it is necessary to compromise structural simplicity to achieve an esthetic effect.exist at an esthetic altitude that few living painters will ever reach" (Hilton Kramer, the New York Observer ). (MoMA plugs the show here.)
eternal	The argument only works if you believe that mathematics is eternal and precedes the universe.Of course, she never quite conceded defeat: hope springs eternal in the human breast.
evacuate	For officers deciding to evacuate, see PAPD interview 10, GW Bridge Command (Sept.For civilians not being instructed not to evacuate up, see Port Authority briefing (May 13, 2004).
evaporate	Personal History's false modesty begins to evaporate after Phil's suicide in 1963.Gingrich resigns, and the practical chances of Clinton's removal evaporate.
evaporation	(If the aqueduct were above ground, the water would almost all be lost through evaporation.)The water should be aerated to prevent temperature stratification and to increase water evaporation.
evenly	As to the safety of current and future presidents, however, the commentariat is evenly split.Since its numerous attractions are spread evenly throughout the city, good maps are essential.
everlasting	The Everlasting Story of Nory , by Nicholson Baker (Random House).Book -- The Everlasting Story of Nory , by Nicholson Baker;
evoke	They are less chic now, but their majestic sweep can still evoke former glories.But the bloodshed by speeders doesn't evoke the same emotional revulsion as the bloodshed by drunks.
evolutionary	Evolutionary psychologists classify our species as having "high male parental investment."Figure 5 shows a notional comparison between the single-step and evolutionary approaches.
exaggerate	One answer is that psychic costs shouldn't count because they're too easy to exaggerate.Goldberg says he relies on discredited studies in order to exaggerate the "crisis."
exceedingly	In an exposed, windy location this looks, considering the damage it did, exceedingly benign.The risk is exceedingly small but the probability of something unusual happening is not zero."
excel	Data generated by Microarray Suite were exported to Microsoft Excel for further analysis.Data was tabulated in Microsoft Excel ®and analyzed using SigmaStat ®(SPSS, Chicago, IL).
excess	IVT protocols are reportedly sensitive to excess starting concentrations of the T7 primer.Then there's excess salt, another component of the average diet and a bone-killer as well.
excessively	Federal drug laws, in general, are excessively harsh, as the press occasionally observes.It therefore seems unlikely to be in any way connected with the excessively macho Constable.
excite	Excite will return a list of pages which "look like" the page you clicked on.If looking at the solar system doesn’t excite your child then getting close to tigers and elephants might.
exclaim	People now exclaim whew! after a close call, or humph or harrumph when impatient.My graduate adviser, Sydney Brenner, used to exclaim ‘Revenons à nos mutants!
exclamation	Digging up the roots of this exclamation has given many a scholar calluses and a bent back.bletch [from Yiddish/German brechen to vomit, poss. via comic-strip exclamation blech]
excrete	Marijuana makes rats slothful, and they excrete all over themselves.
excursion	If you are on a short visit to Japan, your excursion time might be better spent elsewhere.This excursion into beer science mainly raises the question: What kind of people are we?
exemplify	Cobuild and CED are far from being such polar opposites, but they exemplify this general point.Also, a story says the Promise Keepers exemplify the right's new strategy: Out-emote Bill Clinton.
exempt	those are what i carry beyond just that piece of paper that allows me to be an exempt at TIand if this guy is exempt from paying it we have to pay more that's exactly right so it's just
exert	Thus, CSN may exert negative control on Pcu1p and Pcu3p by promoting their deneddylation.Firstly, it is evident that individual polymorphisms exert extremely weak main effects.
exhaust	AC is assumed to be the principal reagent used to absorb the mercury in the exhaust gases.yeah the smokestacks or the exhaust pipes um i guess there's been a lot of pressure to um
exile	Jerusalem was razed, the Temple destroyed, and its people forced into exile and slavery.In his self-imposed exile in Tunisia, Arafat was joined by thousands of Palestinians.
expel	Ambassador Carney had instructions only to push the Sudanese to expel Bin Ladin.The Constitution requires a vote of at least two-thirds of the Senate to convict and expel a president.
experimentally	In general, this parameter must be experimentally determined for each solute (and organ).Five modules driving individual stripes and stripe pairs have been identified experimentally.
experimentation	As for your sexual experimentation, Prudie feels certain that the subject will not come up.Local Press Looking human experimentation lab Barak and Arafat Promote Good Citizenship?
expire	US drugs frequently fall to about one-third their original price when patents expire [12].The Star Wars toy contracts were scheduled to expire next year, which sparked a bidding war this fall.
exploitation	What's really showcased is the reciprocal exploitation at the heart of the antiques trade.The problem of exploitation in apparently voluntary sexual relations has long been with us.
explosive	Chatting has restraints, of course, in a network of burgeoning traffic and explosive costs.Another note of authenticity: The explosive sound effects come from the show's old episodes.
exposition	Barcelona used the 1888 Universal Exposition as an open house to show the world its new face.I have seldom seen so clear an exposition of any complex subject as that presented by Coulmas.
exquisite	Another way to see Furby's innards is to check out the exquisite Furby Autopsy Home Page .The first is whether RNAi's exquisite specificity is really an advantage beyond the bench.
exterior	MoMA’s entrance was not up a broad flight of exterior steps but through a revolving door.The exterior is a low-key International Style white box, but the interior is astonishing.
extinct	As love genes spread at the expense of indifference genes, Loveless Bobs slowly become extinct.But if it lasts in its niche, it may be well adapted, hence, resistant to being driven extinct.
extinction	Small and large avalanches of extinction and speciation events occur in our technologies.We discussed the power law distribution of extinction events in the biological record.
extinguish	To assert Spain’s authority and extinguish dissent, he ordered the execution of five Creole rebels.He doesn't need a censure deal to extinguish the threat of conviction.
extraction	CD8 +T cells were incubated for 3 hrs with PMA and anti-CD3 prior to total RNA extraction.15 ml), or the recovery test above, was diluted with 0.4 ml of water prior to extraction.
extracurricular	b) May have known about Clinton's extracurricular activities, yet turned a blind eye.Oh, that's an "extracurricular," unrelated to the union's "real" work.
extraordinarily	That's the theme here, too, and it's extraordinarily potent, at times even heartbreaking.Not since Anna Nicole Smith has such an extraordinarily big boob been mistaken for a celebrity.
extravagant	and so we budgeted and we said well we'll be extravagant we budgeted ten dollars a dayCommerce thrived, partly in response to the extravagant demands of the Tokugawa court.
eyesight	Sixpence's eyesight was failing badly when we first met, and he was disaster-prone.Java, although this has clearly escaped Shuman's keen eyesight, is not a programming language at all.
fable	This version came from the fable of the monkey which used a cat's paw to draw hot chestnuts from a fire.Compare that pale fable with the force of the words of Marcus, a student of the gnostic teacher Valentinus (c.
fabricate	2 Large-sized sheets are used to fabricate the absorber vessel, the ductwork, and supports.Feel free to substitute your favorite dessert or to embroider and fabricate generally.
fabrication	The term "construction" means fabrication, erection, or installation of an affected unit.(2) The term "construction" means fabrication, erection, or installation of an affected unit.
facet	The trip back to Guilin by bus provides yet another facet to the soaring scenery.The first facet of the problem exists within the normalization procedure.
faction	Karen Tumulty: "I can't tell what faction [of the Reform Party] Donald Trump represents.On its Web site, the nonviolent faction says McLaren has "gone completely off the deep end."
fahrenheit	Tradition has dictated to lay and professional caregivers the one degree Fahrenheit rule.To raise the temperature of one gallon of water by one degree Fahrenheit requires 2,100 calories.
faithful	On-screen, Stern says he's remained faithful to his wife--and by all accounts, that is true.The structures are broken up into small pieces and distributed to the faithful as talismans.
fake	It's a story , which he needs to smother with a bigger story--a fake war with Albania.A fake smile is seldom persuasive--it lasts too long, it looks wrong around the eyes.
fame	The Wall Street Journal front page presents a new candidate for the Chutzpah Hall of Fame.He's lied frequently about his education and military service, and he has a yen for fame.
famine	And the treasury was empty after earthquake, famine, and plague had crippled the economy.The Great Famine struck in 1845 with a blight on the staple food of the poor, the potato.
fantastic	And in the same caves stand more than 2,000 painted sculptures, realistic or fantastic.um now oh have you have you been on the Blue Ridge Parkway oh wow now that's fantastic
farewell	The WP admits that it was mistaken when it said previously that the farewell parties the U.S.They bid farewell to one another and then leave the homestead under the escort of their relatives.
farther	Back on the main road, a little farther west, keep an eye on the fields on the north side.Each day I've tested it, my Access Guide has lagged farther and farther behind the others.
fascinate	The WP runs 100 biographical sketches solicited from readers and many of them fascinate.Here, the very arrival of the product is enough to fascinate and move us; it is almost as if the future had just happened.
fashionable	At least one historically fashionable establishment still resides here in all its glory.This perennially fashionable resort is particularly popular for family skiing holidays.
fasten	[Lit. to fasten one's nail to somebody]What all appearances neglected to consider, but the Brookings study did not, was the 2.97 seconds that it takes, on average, to fasten a seat belt.
father-in-law	Embarrassed, I gave my father-in-law money to give to the hostess to cover our meals.uh-huh well my my uh stepfather and them have my stepfather my father-in-law and them have that
fatigue	, escape from predators) but fatigue when sustained periods of activity are required (e.g.Dyspnea is often associated with other common symptoms: fatigue, cough, anxiety, and pain.
faultless	Faulty geography is the basis for an error in Peter Winch's review of Hans Blumenburg's Holenausgänge that appeared in the usually faultless Times Literary Supplement [October 13-19, 1989].Selection would sift these insensible alterations, a bit more lift, a little less drag, until the wing flew faultless in the high-hoped sky, a falcon’s knot-winged, claw-latching dive to dine.
faulty	faulty accessing: a funfair of trumpets; a prawn in the game; I know you like the back of my head.In come the battle droids and out come the light sabers, which still hum like faulty fluorescents.
fearful	Their churches were violated and they were forced to convert, or to worship in fearful secrecy.Mitch, in contrast, scores low on fearful distress and high on positive mood.
fearless	The Rangers’ battles with Texas border Mexicans helped create the image of the fearless fighters.Paradoxically, caving in to her critics would bolster Reno's reputation for fearless independence.
feasible	7 mpg standard might exceed the "maximum feasible" level for 1998 indicated under 49 U.S.C.Establishing a set of logical rules for the precancers is, at this time, not feasible.
feast	People flock here on 23 April, the feast day of Barcelona’s patron saint, Sant Jordi (St.Columbus named the island after St. Martin on that saint’s feast day in 1493, or did he?
feather	Birds of a feather flock together Better proceed with caution here, could be tricky.A similar little/ great, low/high distinction--that is, birds that are not exactly of a feather.
feeble	Woodward doesn't know from context, though in recent books he has made feeble efforts to stipulate some.It is easy to reuse, and more important, each new usage reflects an attempt at creativity, however feeble.
fell	--it took me back to fifth grade because that's when I fell in love with my favorite book.As it fell out of favor as an international darling, its prices adjusted out of necessity.
fellowship	When the Ford Foundation does the same thing, they call it a prestigious fellowship! ...And the Coffin Fellowship Program provides money for attorneys who do domestic relations work.
feminine	And what a stroke, making the feminine ideal a mute (who does laundry--always a big plus)!The mythology of the feminine had a lot to do with the veiling of a woman's lower half.
ferry	and you uh everyday they drive on the ferry they go upstairs and have their morning coffeeThe ferry timetable runs on a winter (read curtailed) service until the first week in May.
fertile	That, of course, is precisely why Java has become such fertile ground for cyberevangelism.They developed into farmers with settlements and pastureland on the fertile Messará Plain.
fertilizer	Prudie also thinks the name unfortunate, sounding, as it does, like the well-known fertilizer.In exchange for 200,000 tons of fertilizer from South Korea, North Korea will discuss family reunions.
filament	Actin filament elongation would continue and RhoA dependent retraction of filamentous actin would be abrogated.This result also suggested that Triton X-100 extraction of cells may not preserve moesin-actin filament complexes.
filth	Dwell among them and let their purity wash away the filth of politics with which you are encrusted after lo!More frightening, he's turned Times Square and its menagerie of wonderful filth and decadence into Disney World North.
finely	Sentence by sentence, this book has more finely tuned prose than anything I've read in ages.The 124 finely carved seats in the choir include a slightly roomier one for Felipe II.
finite	For example, will the algorithm based on those primitives halt or not halt in finite time?In addition, of course, rapid reproduction requires finite displacement from equilibrium.
fireman	Derek's father was a fireman killed by a black drug dealer while battling a blaze in a crack den.let's see and we we found a part time fireman and policeman and in their so so called spare time they moonlight
fireplace	I noticed there were only a couple of beads of the carving left when I cleaned the fireplace.)The fireplace looks like an abstract sculpture, but it has a traditional mantelpiece.
firework	Firework displays are staged over her on Friday and Saturday nights during summer.The gardens also put on firework displays and open-air theater.
firmness	The word carries the impression of firmness, even of deliberate effort in its production.As for firmness, I was reasonably sure that any of these experienced firms would build soundly.
first-rate	It was not classy or first-rate, but it saved them what they perceived to be embarrassment.The Post runs a first-rate analysis of yesterday's 20 percent drop in IBM's share price.
fission	In addition, some of the juxtaposed gene pairs might have evolved by fission of a fused gene.2A), suggesting that CSN has a general role in the control of cullin neddylation in fission yeast.
fitting	Fitting a power law model (AD = k F n ) to the data in Figure 2yields the exponent n = 0.93.Loess is a nonparametric curve fitting technique that fits the data in a local fashion.
fixture	We inserted two types of screens beneath the UV fixture to adjust the level of irradiance.The Internet is quickly becoming a fixture—however mobile it might seem—of modern life.
flake	Flake Food -- TETRAMIN® and BIORIL® or equivalent are available at most pet supply shops.Flake Fish Food The flake foods, TETRAMIN® and BIORIL®, are available at most pet supply shops.
flank	These primers contain sequences that are homologous to those that flank both sides of theThe nucleotide sequence is strikingly similar to that of the 5' flank of the FGFR1 gene.
flannel	No mention of whether the uniform of the day was $1500 suit or flannel shirt and jeans.On the days I go to my office, I wear a flannel shirt with no necktie if the weather is cool.
flap	If the flap valve is opened, a wind will pass transiently from the left to the right box.The opercular flap, which is as wide as the eye, obscures the branchial arches in side view.
flare	The margin of the operculum is thickened but does not yet flare.The Washington Post photo department, says Quinn, thinks that the "brilliant shaft of multicolored light" is lens flare.
flask	RNA (10 μg) extracted from each individual flask was hybridized to a single gene chip (i.e.Add 1.20 g of CaSO4•2H20 to 1 L of MILLI-Q® or equivalent deionized water in a separate flask.
flatten	"The Blues flatten the Blacks" was the four-column front-page headline in Le Figaro of Paris.Teams helped flatten organizations by merging divisions and enhanced flexibility in meeting job demands.
flatter	" 'It should flatter us,' wrote the French novelist Fougeret de Montbron in 1757.Murdoch has chosen to flatter an odious regime in the hope of making a fortune from the Chinese market.
flaw	But TWA 800 appears to have suffered from a design flaw, a fatal crack in its technology.If you do happen to discover a flaw in Slate Explorer, just keep it to yourself, OK?
fling	I grant teenagers their last fling of childish freedom before adulthood begins to descend.Let's get one thing straight: Hollywood loves big grosses, everything else is just a passing fling.
flock	People flock here on 23 April, the feast day of Barcelona’s patron saint, Sant Jordi (St.Gardner wrote in a 1775 letter, “I have often wished for a good flock of Priory sheep.”
flourish	"Governments create an environment in which entrepreneurship and producers can flourish.No relationship can flourish without shared interests, and the president's are no exception.
flu	Some hospitals are delaying elective procedures to deal with the influx of flu patients.If you totally chicken out about stating your reservations, there is always the 24-hour flu.
fluctuate	Thus, the number of passive vs. active investors will always fluctuate around an equilibrium.Your expectations about the future, and the behavior that stems from them, could fluctuate wildly.
fluctuation	We take the range to be 1.4 as the allowed fluctuation in any single tripeptide is 0.7°A.Thus, a typical fluctuation from 50:50 heads and tails is 100/10,000 or 1 percent.
fluent	Although he doesn't know much Chinese or Urdu, he is fluent in French, German, and Italian.So I guessed that the old gentleman was Jewish, and I would bet that he was fluent only in Russian.
fluorescent	All five of the fluorescent probes were modified at the Lys 3position with aromatic groups.Flow cytometry was used to specifically identify green fluorescent, C/EBPα-expressing cells.
flush	And the actors constitute a royal flush--OK, OK, enough with the poker metaphors.(iv) adding to the flush language at the end a sentence to read as follows:".
flutter	A curve at the top of the stem causes the Hawera to flutter, giving it a disarming nervousness.She reaches out to touch the wall of the machine and it ripples, the way the highway seems to flutter on a hot day.
flux	When a metabolite was not available in the medium, the transport flux was constrained to zero., COP) that allow the flux of ethidium and propidium-based vital dyes into the cell.
foam	(Along with magnets and Swedish foam, ions make up the holy trinity of self-improvement.)First it cheaped out on maintenance, letting birds peck away the roof's foam covering.
fog	[19] cloned fog-2 , a gene required for spermatogenesis in hermaphrodites but not in males.(War, curiously, is full of meteorological metaphors: a "hail" of bullets, the "fog" of battle.)
foil	Kathie Lee, endlessly chipper and extra-perfect, serves as superb foil for Regis' peevishness.The crackly foil wrappers, the tempting names like Chocolate Chip Peanut Crunch and Wild Berry.
follower	In turn, Dr. Sun dispatched his 37-year-old follower, Chiang Kai-shek, as head of a mission to Moscow.His follower, Galileo Galilei (1564-1642), built a telescope and used it to piss in the soup even more.
fond	Prudie, for no particular reason, is quite fond of Microsoft and, perforce, their browser.GE's Jack Welch is fond of saying that the key to success is changing before you have to.
footpath	A stroll along the footpath allows you to read some of the sad ends that they suffered.With footpath access and picnic sites, it makes a restful place to spend an afternoon.
forbid	Beatty can forbid interviews, decline to answer questions, and refuse to appear in public.Did he have to settle for UCLA, Santa Cruz or, God forbid, one of the Cal State campuses?
fore	So I was like well, I'll let my dad handle that over Christmas, I'll be home `fore I know it, you know.wolf origins uh came to the fore particularly during the full moon and but i always had uh dogs i had a terrier
foreigner	On and off the beach, every foreigner was plagued by hawkers as adhesive as bush flies.It has been suggested that it’s impossible for any foreigner to understand the Israeli psyche.
foremost	Consistency: This is determined foremost by whether the toothpaste is a "gel" or a "paste."Still farther south is Kenchoji, founded in 1249, the foremost of the “Five Mountains. ”
foresee	but then i i foresee that being just a babysitting thing not much learning but you knowi don't foresee them uh building a new one for a long time because they can't afford it
forge	With those authors, they can forge highly varied and vastly expanded “zones” for learning.The operational mission training course taught operatives how to forge documents.
formidable	Despite these formidable challenges, Japan will probably end up confounding the pessimists.And Bin Ladin's security precautions and defenses became more elaborate and formidable.
formulation	A database schema is available on the SQL search page as an aid in SQL query formulation.The random effects decomposition in equation (2) was a special case of this formulation.
forsake	Our "responsibilities" come first, and to forsake "fiscal discipline" by cutting taxes would be immoral as well as imprudent.On television, he can be relied on consistently to connect the Topic of the Day to first principles, to forsake the cheap quip for a larger point.
fort	On August 7, Atta flew from Fort Lauderdale to Newark, probably to coordinate with Hazmi.(Or you can take a minibus, which runs from King’s Square to the fort every 15 minutes.)
fortress	The huge fortress of Rumeli Hisarı on the Bosphorus was built in just four months in 1452.Hanging at a dizzying angle above the sea, it was once the fortress of Ligurian brigands.
fortunate	but anyway i haven't uh haven't got so fortunate as to get into any of those companies yetwell we're kind of fortunate we're right about halfway between National Airport and Dallas
fossil	The first theory is flexible enough to withstand fossil evidence, but the second isn't.so we really don't know whether there's enough fossil fuel left or there isn't and uh and uh i
foul	'When ripe the fruit pulp exceeds in foul odour all that is abominable in nature' [ 76 ] .Both my mother and I have tried speaking with her, but that just unleashed foul behavior.
fountain	A copy of Verrocchio’s delightful bronze cherub tops the porphyry fountain in the center.Islamic homes centered around a large central hall called a qa’awith a fountain in the middle.
fowl	Decapitated fowl are chucked in to speed the plucking and goats are seared to remove the hair.•There’s plenty of meat on the menu as well: local pork and lamb, fowl, and game.
fox	On the other hand, the U.S. is emerging from Desert Fox as committed as ever to sanctions.Some of the questions Tony Snow and Brit Hume asked Starr on Fox News Sunday last weekend:
fracture	Femoral radiographs were made at fracture, at one week after fracture, and at euthanasia.One often hears the claim that resin cements decrease the fracture frequency of ceramics.
fragile	The cover essay defends Israel as the last hope for Judaism (and a fragile hope at that).Barak's fragile coalition is equally vulnerable if terrorism or settler violence surges.
fragrant	On the mantle, an old iron urn holds cascading ivy and some fragrant winter honeysuckle.The other, Narcissus Diskcissal , was said to be fragrant, and it was--too fragrant.
frail	But his grip on power, the paper reports, may be fragile: Wahid is frail and almost totally blind.Retirement benefits are for frail people, and there won't be any frail people.
freight	With horses, wagons carry freight and have four wheels; carts may carry anything but have two wheels.But if government can't reroute the freight train in a better direction, it's hard to see how it can derail it.
freshen	He must have wanted to freshen his approach this time out.
fret	So all the victims of the fears of August just had to find something new to fret about.Midlife hits Lincoln Center Hamptons feud and fret and playing with pain walk in clients' shoes
friction	But everybody agrees that there is now considerable friction between Congress and Clinton.The friction between the second ply and the first can create a wrinkle in the first ply.
fridge	If it had been a Bud or two from the fridge we wouldn't have given it a second thought.Sometimes a magnet's fridge magnet, (again not a possessive) might be given away.
fright	It also gives just the slightest salutary fright to colleagues and students.The men faint, run away, or become deathly ill of susto (fright).
frighten	Even the mere mention of the Buddha's virtues is enough to frighten them.i don't know it it kind of frighten me in in one way because it it seems like it's um it's kind of a personal you know your
frightful	Vice is rarely a solitary invader; it usually brings with it a frightful train of followers.Yet Greider's less bold (but still frightful) assertion that "the global system ...
fringe	I once observed a photographer’s assistant during a photo shoot comb out the fringe of a rug.For nearly five decades after that, the IRA existed only as a shadowy fringe group.
fro	"That book" is the referent, but other nouns rush to and fro like big, scary buses.Fortunes swayed to and fro for centuries, but it was not until 1212, at Las Navas de Tolosa in northern Spain, that the Christians gained their first decisive victory.
frock	of $100,000 for the frock, no matter what the result.Whether one is wearing a lounge-suit instead of a frock coat, or turning a baseball cap backwards, someone else is bound to be insulted.
frog	Figure . shows a frog and fly, each characterized by an NK landscape, coupled together.The latest collection of witty stories by Moore ( Self-Help , Who Will Run the Frog Hospital?
frost	but uh up until Thanksgiving really uh well we usually get our first frost middle of NovemberSo why don't we leave poor Morris behind to enjoy his Robert Frost and Edna Millay?
fruitful	Experimental screens for novel ncRNAs may prove more fruitful for unstructured ncRNAs.Future genetic studies may be more fruitful when the validity manipulation is included in the ANT.
frustrate	You're absolutely right about companies' trying to frustrate and annoy their customers.Gradually, spike one's guns came to mean `frustrate the enemy by blocking his intended plan of action.
fry	8. Phony-Baloney Bipartisan Pledge of Campaign Finance Reform Press Conference and Fish FryThe resulting unidirectional charge transfer, Fry speculated, could stimulate neural tissue.
fulfill	Even when make-believe does fulﬁll a child’s wishes, such pleasure is not unique to play.On the Internet, more of us will exercise our right and fulfill our civic responsibilities.
fur	To this, I offer only the standard fur-industry reply: Fur farming doesn't have to be cruel.Fur is back, too, as are delicious pile fabrics, so that luxury can be combined with utility.
furious	Clinton reportedly was furious but told Netanyahu they should put past snubs behind them.Every article also interprets the furious GOP-Democratic sparring as a depressing harbinger.
furnace	Far from being the perfect furnace of heaven, it has a face covered with celestial zits.The ﬁrst record of Pest, meaning “lime furnace” or “ovens” in Slavic, comes from 1061.
furnish	uh lately i've been on the whole very practical and uh i'm trying uh to to uh furnish a homeOnce you have created such a garden "room," you can furnish it with any seasonal delights you like.
fury	We all become cavemen and cavewomen, and the Hobbesian world erupts in all its grim fury.These hills have a cascading fury to them, and the dwelling seems to be under siege.
fuse	His skepticism and short fuse, which once seemed so radical, are taught at the Actors Studio.Stay where you are, you lit fuse,you dull spark of saltpeter and sulfur.
fuss	In a low-scoring game dominated by the pitchers, you might wonder what the fuss is about."This time," however, says the New York Times ' Janet Maslin, "the film is worth the fuss."
gallon	but for uh just shrubs say five gallon or one gallon shrubs any time of the year is fineand uh you know V-8s seem to be a return of the days of you know ten or twelve miles a gallon
gamble	He told us he knew of no one at the Pentagon or the CIA who thought it was a bad gamble.It's a word that seldom appears in public unaccompanied by the Procter & Gamble logo.
gangster	In the gangster farce Mickey Blue Eyes , Grant takes adorable abashment to delirious new heights.Many of us recall the old gangster movies of Humphrey Bogart and James Cagney.
gaol	Hartley is also aware of the issue, and he includes imbecile with the comment: “A common term of contempt in gaol, used particularly of the warders.”Muscle, muscular, gaol, iron,
gardener	uh just about anything you would want in Texas as a gardener is here just around us you knowAs every gardener knows, you can regenerate entire plants from the smallest cutting.
garment	A computer pen is used to outline a panel of the garment with a sequence of contact points.3. Believes that Ronald Reagan's critics "weren't qualified to kiss the hem of his garment."
gaseous	11360-070]; and 1 μg/ml FSH [NHPP, lot AFP-7028D]) and incubated at 37°C in a 5% CO 2 gaseous atmosphere.2) There can't be life on these planets, because they're too big, too gaseous, and too close to their star.
gasp	We would no longer need to debate dada legal technicalities and gasp over sordid details.Is it the last gasp of a former culture that wants to hold back the new one?
gauge	so but i i don't knit my something goes wrong with my knitting the the gauge doesn't workThe heart was removed from the chest and the aorta was cannulated with a 23 gauge needle.
generalization	Local regression is a generalization of the intuitive idea of smoothing by using a moving average.We discuss generalization of the normalization algorithm, which may be of interest to other researchers.
generalize	Another "push" technology to watch is Marimba's Castanet, which attempts to generalize the technique.Here we generalize gene shaving to incorporate full or partial supervision.
generator	“The plan is the generator” preached Le Corbusier, but with Gehry, the plan is the result.a unit that, during 1985, served a generator in any State that producedelectricity for sale.
generosity	Your generosity over the past four years has provided an extra bonus to the SPEA program.Your gift is appreciated by each and every student who will benefit from your generosity.
genetics	Osteoporosis, breast cancer, and sexual maturation are all highly influenced by genetics.Patients may be rendered incompetent to consent to a genetics study by the stroke itself.
geology	For such a small tract of land, the geology of the Lake District is actually very complex.Whatever you can contribute, you will be helping to support a geology student at IUPUI.
geometrical	In that prestated configuration space, a world-line is, indeed, merely a geometrical object.He could paint a violin as a number of superimposed geometrical shapes of varying shades of brown.
geometry	In other words joining and positioning also require cell growth of a particular geometry.The geometry of individual cell growth is ultimately responsible for the observed patterns.
germ	The results suggest that Dazap1 is expressed in both somatic and germ cells in the testis.The expression of DAZAP1 during germ cell development paralleled that of DAZL (Figure 5).
gigantic	At this moment, Jupiter should be on the receiving end of the first gigantic comet MASS.i was firmly convinced the entire front yard was nothing but one gigantic ant mound
ginger	Geri was Geri Halliwell (a k a "Ginger Spice"), one of the five Spice Girls.Inside, the air is heady with the mingled aromas of ginger, pepper, cinnamon, cloves, and freshly ground coffee.
glamour	Americans mock the Frogs because we envy their intellectual arrogance, history, and glamour.Vanity Fair 's massive Hollywood 1998 issue has all the glamour and sycophancy you'd expect.
glare	George W. doesn't glare much, as far as Chatterbox can tell, but his smirk may be an expression of disgust.Sweat popped out on his head in the close-up glare of television lights.
gleam	gallium - galling, gleam, galleon, gulling, gallon, gelling, gullying, gamilyFor half a second--strange--it felt permanent, indestructible as the tiny gleam that pearled in the dark pupil of her eye.
glide	Exotic trees and flowers are mingled with statuary, and black swans glide across a small pond.This is true even when they glide along country roads with large bundles balanced on their heads.
glider	i've been in a uh glider which as a student piot pilot i loved it immenselyIf you’re lucky, you may see a hang glider take off from a nearby platform.
glimpse	But as a glimpse into the world of conservative journalism, Brock's article is revealing.With some careful timing, modern visitors can capture a glimpse of that miracle of light.
glitter	Hidden beneath the glitter are veins of the old royal and romantic Waikiki (see page 28).Their showbiziness isn't just in the dramatic fabrics, bold cut, and applied glitter.
globe	But the Globe also alleges he has been distraught over rumors that he's a child molester.According to the Globe , however, things aren't quite so hopeless at 1600 Pennsylvania Ave.
gloomy	The rosy spin: The computer method is working . The gloomy spin: Playoffs would be better.Who needs some gloomy Gus who harangues you about torture, rape, and murder all the time?
glorify	Teen films no longer glorify drug use, but other than that, very little.yeah and it's funny how today in movies and all we really glorify those gangsters and that lifestyle it's kind of spooky
glorious	The roguish image of the city’s present might make it easy to forget the city’s glorious past.The ardent, pious wife, taming the young prince, guiding him to his glorious destiny.
glossary	Concerned with the revival of learning, he wrote a Latin grammar and Latin-English glossary.For easy access to definitions of key terms, we include a glossary at the end of this report.
glow	This morning's reference to McCarthy by Drew Pearson in his column had caused him to glow.The Bushes are positioned in such a way that the fading light infuses them with a honeyed glow.
glue	Official-English supporters maintain that language is the glue that holds us together.The Yankees can actually be referred to as the glue that held the century together.
gnaw	Animals need muzzles to carry things and to gnaw on their food, whereas possessors of hands can make a fire to tenderize their viands.The commentariat left nothing but furious gnaw marks on Issue 2, the fertility therapies behind the "miracle" of the McCaughey septuplets.
goat	Most of our goats were just regular farm goats, but this particular goat was registered.01% NaN 3 ). Cells were blocked by incubation on ice in goat Ig (Sigma), 2 mg/ml, for 45 min.
goddess	Next was the Age of Floods with the goddess of waters, Chalchiuhtlicue, as the fourth sun.Dedicated to the rice goddess, this is the most elaborate and ornate temple in the north.
goose	Now replace "a duck" with "$1 million" and replace "a goose" with "a 10/11 shot at $5 million."and good food in the Blue Goose yeah that is a good place where do you like to eat
gorgeous	West Lake Hills is a pretty place, lots of wood, stone, and gorgeous views of Lake Austin."'Sleepy Hollow' has got to be the most gorgeous, sumptuous, painterly movie ever made ..."
gorilla	When Tarzan introduces Jane to Kala, he grovels and whimpers before a disapproving Ma Gorilla.In "Gorilla Warfare," Robert Wright has misconstrued what gorillas can teach us.
gossip	I guess my question is: How do I distinguish "sanctioned" gossip from regular old slander?Others dismiss the book for its dearth of sources and persistent focus on malicious gossip.
gown	She is always described as having long hair, down below her waist, and is seen wearing a white gown.In other respects, the image is that of an Asian kewpie doll--powdered face, braids, tassels, and a silk gown.
graceful	Don’t miss the graceful, 19th-century statue of Leda and the Swan in the inner courtyard.The graceful open­work spire was added in the 15th century by Johannes Hültz of Cologne.
gracious	His father's gracious acceptance of death is a braver act than any macho journey could be.The western shores of the lake are lined with gracious villas nestling in perfumed gardens.
gradient	Brij 58) and exclusively in the light membrane fractions of a sucrose gradient [ 48 49 ] .PBMC were isolated from whole blood using Ficoll-Hypaque density gradient centrifugation.
gradual	The PEA identified a gradual increase in the proportion of resistant virus from 14-P2 (0.Gradual bleeding up to 15 ml/kg in these three rats led to a 30-40% reduction in MABP.
grammatical	But we do get several complaints a week about misspellings, grammatical errors, and so on.I have been intentionally vague regarding the grammatical subject and object of these verbs.
granddaughter	Weld comes from wealthy, pure WASP stock and married a great granddaughter of Theodore Roosevelt.His son Bill was a professor in the Princeton math department, and his granddaughter Julie was my best friend.
grandson	Bradley, the son of sharecroppers and the grandson of slaves, was mayor from 1973 to 1993.France seized the chance to install the young grandson of Louis XIV on the Spanish throne.
granite	The baths and gymnasia were of alabaster and granite, decorated with statues and frescoes.Notice how the shine of the granite has withstood the elements for over 2,200 years.
grants	But, with increasing frequency, Safire has been abusing the privileges he grants himself.Three grants in Texas helped with merger issues through integration of disparate systems.
grape	It’s perfect with dessert and preserves all the sweet, distinctive flavour of a Muscat grape.They had a grape arbor, where the grapes grow, and my mother to this day hates having grapes.
graph	A week or two ago, I heard Lord Carrington pronounce graph as “GRAFF,” with a sharp “a.”Simultaneously percentage cytotoxicity (line graph) also rises from a basal value of 12.
graphite	Also, the magazine says graphite rackets (power over technique) and charmless players are ruining tennis.It all began in the 15th century, when an important seam of graphite was found in neighboring Borrowdale.
grasshopper	In Mateo's version, capulín became chapulín , which means `grasshopper.The building’s most legendary feature is the grasshopper weathervane.
grassy	Take a bracing hike along the grassy cliff top west of town, but beware of the winds.Look out for a small grassy area, with sculptures of life-size iguanas and other large lizards.
gratitude	It is simple, dog-like gratitude for a reason to declare the presidential race more interesting.You made an "oral" expression of gratitude, which was, of course, also "verbal."
gravel	Speaking as though his mouth is full of aquarium gravel, he paints everything larger than it is.Its flat-topped hillock of white gravel, despite the inevitable comparison to Mt.
graze	Sheep graze alongside a rusty, disused cannon, standard armament of FWI forts.Sheep graze the courtyard lawns, bread is still made in the bakery, and the cookhouse provides lusty country fare.
grease	Several weekend warriors were ready to fly to Baghdad and grease the dictator themselves.Today, I am sorry to report, this Jew is doing a terrible job of resisting the grease.
greed	Like greed, materialism is a vice that tends to afflict those with more money than oneself.For straight cash greed, our Nobel laureates fall woefully short of their own standard.
greedy	Bloated, sloppy, and greedy, the band regurgitated a medley of '70s hits to vast applause.Ian Holm's portrayal of a guilt-wracked yet greedy lawyer is said to be especially skillful.
greenhouse	Energy-related activities are the primary source of U.S. man-made greenhouse gas emissions.um so i don't know what's happening if it's you know we are the greenhouse is i don't really know
greeting	There'll be greeting cards filled with loving sentiments, and brightly wrapped gifts, too.We picked up pretty easily the, um, phrase for, you know, "Hello," or a greeting is "Hey!"
grieve	If she conceives a conception and receives at a reception , why didn't she grieve a “greption” and believe a “beleption”?Rather than grieve for the homes they had left behind, the industrious Moors set about making Granada the grandest city of Al Andalus.
grim	and suggests that a vote for Dole would return us to the grim black and white of the past.A grim piece profiles Chevron's superintendent of operations along Nigeria's Niger River.
grind	And some economists with no particular ax to grind simply have doubts about the methodology.It was once used to grind paint from pigments, and was put here in 1737 as a distance marker.
groan	An article on the California governor's race notes the emergence of--groan--"socket moms."Finally, turning to her toilet, she rested her face in her hands, and gave a sort of groan.”
grocer	My dad sold them to the grocer and I wouldn't ever eat another chicken that came from the grocery store.so both guys paid it because the grocer was in essence collecting it
groove	This heightened the sense of groove, by playing against the beat rather than on top of it.Like the first groove, this one will ultimately reach the vegetal pole in some specimens.
grope	And as the century ends, let us grope our way toward a new liberalism.Clearly most of them are; we are expected to read them without recoiling, though we may grope for a dictionary.
grove	The Andy Grove of High Output Management couldn't have been Time 's Man of the Year.For what Grove succeeded in doing at Intel was this: He made the company stronger than just him.
growl	"Well, Monica honey, I think it's snack time," the president said with a sexy growl in his voice."Do not be surprised if, someday soon, you hear Gore growl.
grumble	But though I may grumble under my breath, I know my duty to the Revolution.Many grumble that the curators weren't more discriminating.
grunt	Basic grunt work, such as putting form documents and templates on the Web, is still needed. "I suggest some tin-eared grunt heard the Viêt Namese pronunciation of Mêi-Kúo, “M\?
gum	Hand down the edict that the newly braces-free child may chew gum only when she is alone.And Role feels that gum hasn't been adequately explored for its therapeutic potential.
gunpowder	… The top 10 inventions include electrification, contraceptives, gunpowder, and calculus.The explosion of gunpowder is evidently the same, as is the flight of the cannonball.
gust	Sometimes the author himself seems to float upward on a gust of wind, into the airy zones of fable, which seem to have been his instinctive home.if i have it do over again i will go with a major corporation because well gust because the guy retires and there goes your warranty when he retires
gutter	“My two offices were emptied and the contents of these offices were put in the gutter.”Drunk, unable to move his tongue, desperately lonely, he fell into the rainy gutter.
gymnasium	If that is not enough, there are also swimming pool, jacuzzi, sauna, and gymnasium.The USAir Arena sits on the edge of the Beltway, old and dim, not much more than a big gymnasium.
habitual	In the largest studied sample, elevated BMI occurred for habitual sleep amounts below 7–8 h [2].2000; Hawley 2002; Flück and Hoppeler 2003), including habitual level of contractile activity (e.g.
hail	Across the street, Catholic protestors in white berets recite Hail Marys into a megaphone.you know there's there's always at least one or two good hail storms before the season ends
haircut	"haircut" for spending on programs other than Social Security, Medicare, and Medicaid.and then but what i'm going to do tomorrow i'm going to get up and go get my haircut
halve	Such errors—but not halve for have—are unlikely if the text was written by a literate person.A Florida company charges 4 cents a pound for irradiation, and advocates say wider use would halve costs.
ham	Bonuresu hamu `boneless ham' is a school girl with a figure like a chunk of boneless ham.But we'd go out and get ham and, uh, beef and, you know all that kind of thing from them.
hamburger	i used to love hamburger joints and i don't go to them i don't eat hamburgers anymore butum-hum um-hum yeah we have we usually have most of it made into uh hamburger meat though
hammer	The only thing missing is the babe running up the aisle flinging a hammer at the screen.--Homeless Turkish carpenter Yusuf Okul, who often wields a hammer, reacts to recent aftershocks.
hamper	Is he actually suggesting that having a bazoomba fetish might hamper his career?Scientists at the University of Turku in Finland have established that air pollution can hamper the sex drive of birds.
handbook	1, 2003); FAA report, "Crisis Management Handbook for Significant Events," Feb. 15, 2000.References Flores 1992; Meed 1992; New Handbook of Texas 1996; Paredes 1958; Samora 1979
handkerchief	· To the guys who carried an extra white handkerchief in the back pocket of their chinos.You can tell the difference by wetting a corner of a white handkerchief and rubbing the carpet.
handout	But many are undoubtedly people who are simply proud that they don't depend on a handout.This handout for the rich is perhaps the purest example of corporate welfare in the federal budget.
handwriting	The disabilities include such dubious afflictions as "dysgraphia"--that is, bad handwriting.you don't think Parcells saw the handwriting and thought he'd be better to go out as a winner
handy	um-hum yeah and yeah that's handy and they're just there you know when you want to use themHandy or Ellington or Stevie Wonder in rap; it's a negation of a century of black music.
harbor	A big lift (sea, wave) came in the harbor and all the boats made a run on their rope ends.Its natural harbor, surrounded by green hills, is one of the most attractive in the world.
harden	First, these rules harden public attitudes toward everyone accused of a crime.In some ways they don't gel, in others they harden into cement.
hardship	But somehow the mode of travel--and the hardship of that travel--becomes the movie's message.Can we ask her to have her dad pay for a portion of the dresses so it's not a financial hardship for us?
hardy	The frequency of each genotype in each group conformed to the Hardy -Weinberg equilibrium.Chardonnay is a hardy grape, which is why it is so widely produced all over the world.
hare	In following years, Hare became more interested in the soul of Britain under Thatcherism.An embittered Hare pledged not to bring another play to New York until Rich stopped reviewing.
harmful	It's weaker: it's doing something in disregard of the fact that it's likely to be harmful.Adultery by one's parents, even über parents like Bill and Hillary, is harmful to the child.
harmonious	Visvanartha, built in 1002, is more compact and ultimately more harmonious than Lakshmana.The tranquil Seiwaen (Japanese Gardens) present a harmonious landscape of rock gardens, bridges, and carp pools.
harmony	Purchasing information: I ordered the Tush-Cush from the Harmony catalog for $40, plus $6.But the chief reason for relative harmony is the object lesson of the last few elections.
harness	So if computers are getting more powerful, shouldn't we developers harness that capacity?The cover story urges government action to harness the talents of retiring baby boomers.
harp	The chapter ends with three tough-on-crime quotes, all of which harp on this theme.Some groups may also include a harp, a guitarrón (bass guitar), or a string bass.
harvest	Only a small proportion of the harvest goes into wine-making; they prefer beer and rakı.Avidin-coated beads were used to harvest the biotin-labeled DNA strand from 50 μl of product.
hassle	Allen may be in a financial position to pay more to eliminate the hassle, but I'm not.and yeah so but it became a hassle trying to keep up and maintain both of them and yeah so that
haste	For their failure, haste, and return to Huffman, see FBI report,"Hijackers Timeline,"Dec.Naturally, there is less need to acknowledge service when one is enjoying haste cuisine.
hasten	I knew Govenot well, I hasten to say, but, from Morton's account, neither did anyone else.Of course, the Republicans hasten to make it clear that they don't actually advocate murdering Saddam.
hasty	If it looks clear, beat a hasty path up to Pico do Arieiro first thing in the morning.A guide demonstrates this by pouring water down a tube into the earth, then beating a hasty retreat.
hatch	cc: The Honorable Orrin G. Hatch Chairman, Committee on the Judiciary United States SenateOrrin Hatch is considering holding hearings on Reno's conduct of the fund-raising inquiry.
hateful	Doing the same thing to, let's say, blacks or Jews, is hateful and mean-spirited ...An excerpt of Oval Office recordings captures Richard Nixon's most hateful ravings.
hatred	Tim, let me just say this: In this heart, there is no malice or hatred of any individual.When Western troops cross the Yugoslav border, they will find nothing but graves and hatred.
haughty	The decaying, cream-colored building still exudes a certain haughty, if melancholy, grandeur.In the mid 14th century, it was sirly `like a sir,' or `lordly, haughty, imperious, arrogant, supercilious.
haunt	The use of the Freikorps to suppress the Spartacists was to haunt the Weimar Republic.In the 19th century it was a favorite haunt of Coleridge and other English Romantics.
hawk	Bird-watchers can spot, among many species, red-tailed hawk and the occasional bald eagle.A hawk is, in fact, simply another kind of tool, used to this day by plasterers and masons.
hay	Parents use her name to scare little children into obedience: “Hay viene La Llorona . .[And] if you're looking for a needle in a haystack, adding more hay doesn't help any."
hazardous	Guidelines for the handling and disposal of hazardous materials must be strictly followed.The phrase "alcohol problems" includes all those problems as well as the hazardous drinking.
headache	Common complaints are fatigue, joint pain, headache, difficulty sleeping, diarrhea, or nausea.Or should I just assume he'll find the bottle in the medicine cabinet when he gets a headache?
headlong	Of the modern masters, he came closest to capturing the dynamism and rhythm of our headlong century.But Phaëthon's fall, like the cascading forms in Michelangelo's Sistine Last Judgment , has its own headlong ecstasy.
headmaster	(In the novel, a headmaster actually refers to the hero and his friend as "Dumb and Dumber."In a recent letter in Sunday Times Books [18 October 1992], a West Sussex headmaster wrote as follows:
heap	It will not do to heap scorn on -athon and denounce athoninators as licentious with language.But like Sherman McCoy, Croker is a Master of the Universe who has run into a heap o' trouble.
hearth	project their insecurities, obsessions, and unfulfilled dreams on to the distant national hearth."Heritage Hearth (my local store brand)
hearty	A hearty welcome--or "HWELLLLL-kum," as AOL puts it--to our new readers from America Online.Hearty portions of Israeli meat are served here, with lamb and veal dishes prominent on the menu.
heater	stinger an electric water heater sold by the prison commissary for making coffee, tea, or soup.this is your little water uh heater in there for the uh the heat inside
heave	Like Shakespeare, he loved the heave and ho of a line in which each beat has its own word.Hyde, who's trying desperately to be patient, is fingering his gavel like he wants to heave it at Frank.
heighten	Most patients completely lose their appetite and stop drinking [ 79 80 ] . This may heighten onlookers' distress.It also noted that the July 4 holiday might heighten the threats.
heir	When Robert the Bruce died in 1329, his son and heir, David II, was only five years old.The two groups squabble over the legitimacy of Farrakhan's claim to be Muhammad's true heir.
helpless	As he barked instructions--keep your hands in the air, spread your legs -- I felt helpless.The point is, I liked the Salter piece, even though it left me feeling absolutely helpless.
hemisphere	An article notes the resurgence in the Western Hemisphere of disease-bearing mosquitoes.Brain/optic lobe consisted of one brain hemisphere including the optic lobe primordium.
henceforth	Paths produced using these interaction maps are henceforth referred to as "random pathways").In our view, between, within, and total levels of health inequality should be reported henceforth.
herald	"Australia bows to Her Majesty" was the Sydney Morning Herald 's contemptuous headline Monday.She whistles through the gap in her front teeth as she reads from the Herald Tribune:
herd	For example, border collies instinctively herd anything that moves--without any training.' A cutting horse is a mount trained to separate certain cattle out from the herd or bunch.
heroic	The steps of the tsamíko are slow and grand, reinforcing the status of these heroic figures.Bob Kerrey has the best organization and a heroic military background; former New Jersey Sen.
heroine	In A Regular Guy , her latest novel, Simpson has yet another heroine looking for her father.[S]he established herself as a mythical heroine, questing but always true to herself.
hillside	Eight kilometers (5 miles) inland from Fuengirola and clinging to the hillside is Mijas.The capital, Pothia, is a splash of bright color climbing a hillside on the south coast.
hinder	Heritage exists to aid and hinder legislation before Congress and often boasts about doing so.yeah yeah i can see where that would definitely hinder the problem definitely well
hindrance	Glu at 351 may provide steric hindrance that slows the rate of thrombin or plasmin inhibition.However, our club closes on Friday nights so she wasn't able to get in, which wasn't that much of a hindrance.
hinge	It would hinge on the question of when the fetus first becomes a perceiving being.Many of the policy issues confronting us hinge on quantities--on how much.
hiss	Unisex tweeds, seminars on family values, reminiscences of Alger Hiss, sherry all round.you know he'll slap at him and hiss at him and everything and the cat stays in all the time so
hoarse	Seagal can juke and wiggle and shout Japanese aphorisms till he's hoarse, but it won't matter.Answering the phone "in a rather hoarse and velvety voice," Monica said: "I was expecting your call.
hoe	yeah yeah course he he came after a legend too Tom Landry so he had some uh tough row to hoe thereoh yeah all that hoe down stuff yeah all that stuff that's bad for you
hoist	The word hawser has nothing whatever to do with the verb to hoist; neither does the `N.E.D.(To go all the way, Hitler had even planned to hoist the gate onto an artificial hill, in an attempt to create a mini-Acropolis.)
hollow	Hence it comes as no surprise to find in the town of Exeter a lowland called Tug Hollow .Sleepy Hollow is Tim Burton's first full-gallop, Grand Guignol, gutbucket horror picture.
homely	There are realities, homely details, and gorgeous originalities alongside the more sentimental visions.The homely Louisiana woman ensnared numerous Hollywood men into obsessive telephone affairs during the '80s.
homogeneous	Our data from RA SM revealed almost homogeneous CDR3 lengths of intermediate size [ 13].Unless the program is small and homogeneous, the evaluator faces two possibilities.
honesty	Alas, you are right that there are negatives to John McCain, his humor and honesty aside.In 1976, Jimmy Carter stressed his character, by which he meant his (alleged) honesty.
honeymoon	The companion story, a news analysis by Janet Hook, sees "the makings of a honeymoon" in D.C."America's honeymoon with Bush will begin to turn sour at the end of next spring," she predicted.
honourable	After mentioning these few, they conclude, “At this point the list of honourable exceptions begins to run out” (p.Moreover, the phrases embodied in these songs are to encourage the initiates to become worthy and honourable members of the adult community into which they are to be graduated.
hop	Hence, in this limit, the entire species can be said to hop between points on the landscape.Is our Book Club a sock hop, and you and I like the columns on Celebration's city hall?
hopeful	‘I am not very hopeful that we'll ever be able to find out where it comes from,’ he says.but i i'm hopeful well i enjoyed talking to you and i wish i wish you luck there in Charlotte
hopeless	such hopeless, astonished pleading, such overwhelmed, untempered pity for the self dying;According to the Globe , however, things aren't quite so hopeless at 1600 Pennsylvania Ave.
horizontal	, are generally regarded as having low horizontal transmission rates in human populations.These composite RE values are represented in Figure 5 as horizontal bars for each response.
horsepower	Or whether those less fortunate are envious of his horsepower.has the uh lean burn and all that stuff supposed to be very fuel efficient so it gives you about the same kind of horsepower
hose	Um, I'm becoming consumed by bile here, so I think I'd better go hose myself down or something.i mean socks um that you have to wear hose you know hose but i know of other schools
hospitality	Pat Robertson has blamed Orlando's nasty weather on Disney World's hospitality to gays.Traditional hospitality means of course that every tour ends with a tasting session.
hostess	The persona she cultivates--the warm, welcoming hostess with a close-knit family--is a fraud.Embarrassed, I gave my father-in-law money to give to the hostess to cover our meals.
hound	Perot and his followers continued to blame and hound Dole for keeping Perot out the debates.pet to grow up with so on my uh kid's fourth birthday his birthday present was a Basset Hound
housewife	no i just just a housewife i just heard about it and found it fun guess i like to talk that's allThe 17-year-old Jess Gupta (male student), for example, is listed as a "housewife" in another filing.
hover	Rugged mountains peek through the clouds, and microclimates hover over isolated villages.The two children hold hands fearfully as storm clouds hover ominously above them.
howl	Howl to the heavens that our earlier Russian policy was a failure.Imagine how Republicans would howl if a Democratic independent counsel let a Democratic administration off the hook.)
huddle	One of my favorite things about New York City is the way businesses huddle together.Her parents, anxious for their daughter who has only just resigned herself to undergo this procedure, huddle in a corner, dressed in sterile scrubs.
hull	Referees ruled that Hull had possession of the puck both inside and outside the crease.Walker's two clients, Jamie Harrison and Robin Hull, declined to be interviewed.
hum	hum well we um we just moved to our first home and we had lived in a condominium before sohum yeah that's interesting no ours you know wouldn't they were just regular plaster walls
humanitarian	To approach humanitarian aid from the perspective of a few of its providers, try the U.S.Maren views humanitarian intervention as an instance of what economists call "moral hazard."
humble	In contrast, Al Gore's contributions come more often from humble folks like my own family.Don't mind telling you, In my humble fash, That you thrill me through With a tender pash.
humid	They came to spend their weekends here, away from the hot and humid atmosphere of Kingston.all right and no and not the humidity i usually think of the South as being very humid
humidity	course you know you only remember the good stuff but um i just don't remember the humidityMany will let you monitor earthquake activity, ozone levels, humidity, and flood threats.
humiliation	Indeed, the very act of staring at her nakedness seems to only intensify her humiliation.Despite the pain and humiliation, the inmates love the rodeo and feel "free" for that one day.
humorous	Fixed expressions that are open to humorous reshaping are, of course, not always reshaped.oh Lord right yeah i i saw the first one and i i thought that was you know pretty humorous
hunger	She struggles daily with a grossly distorted self-image and an unrequited hunger for love.There's the constant hunger for money, exacerbated by the decline in government funding.
hurl	It's like the sideshow bozo above the tank of water; if they don't hurl the balls, we don't have a show.The Balinese and Sasaks hurl packets of cooked rice at each other in the October perang ketupet festival.
hurrah	However, some editors dare to predict that this may be the Princess's last media hurrah.Most people like to think of Henry V as a jolly patriot who conquered France for England--hurrah!
hurricane	well i don't know do the nice thing i'm looking forward to is uh not having a hurricane seasonIt credited the improvement to its installation in June 1995 of a new hurricane tracking model.
hush	..there's a hush among the audience, the music starts, the curtain rises-/he magic begins.Even though I'm a journalist now, the former staffer in me wants to hush the blatherers.
hydraulic	Hydraulic lifts are used to lower and raise both the front and rear ends of a car.well it's quite similar to a hydraulic jack isn't it
hydrocarbon	Hence, the tubeworm roots may provide an excellent habitat for anaerobic hydrocarbon oxidizers.In one set of calculations, the latter five groups were converted to the hydrocarbon analogs (CH
hydrogen	Abundant catalase enzyme then converts the hydrogen peroxide into molecular oxygen and water.Energy terms included Van der Waals, electrostatic, hydrogen bond, and torsion terms [ 10 ] .
hymn	Generations of children must have puzzled over Without a city wall, from the hymn,In recent times alabados have come to mean any religious hymn sung at wakes or religious ceremonies.
hypotheses	Technology and engineering are all about testing hypotheses against reality--aren't they?[ 19] tested two alternative hypotheses: that t < 0, being more like A , or t > 0, like B .
hysteria	A piece likens the recent surge in multiple personality disorder to 19 th century hysteria.(Many thanks to the readers who wrote in to thank us for not succumbing to Di'n'Dodi hysteria.
hysterical	(Bramwell Fletcher's hysterical laughter in the creature's wake--"He went for a little walk!"Markets get caught in self-perpetuating cycles of undue optimism and hysterical panic.
i.e.	Conversely, if perfectly error-free measurement of the target could be assumed, i.e., if σFor example, hospitals may screen and isolate patients who are likely to be carriers (i.e.
icy	..to observe someone or something that has it is to feel icy fingers running down our spine.It was in the old days in Atlantic City& as the icy rain began to clear the boardwalk
idealism	In "," William Saletan examines President Clinton's struggle between idealism and realism.. He concluded in a Hill column, "Idealism is, I believe, the new force in our politics.
ideally	but um ideally i would um i want to have a child and i'd like to be able to be home for a yearIdeally, they should also own their FL equivalent of Adrian Room's Dictionary of Great Britain.
idiom	At its best it can enrich the American idiom with phrases, words, and even bound morphemes.Some of the most striking pictures are by Indonesians working in a purely Western idiom.
idiot	Insisting otherwise makes him into a kind of idiot savant who could create but not choose.This is a man who was told on a daily basis that he was an idiot and he kept going anyway.
idle	Or are all these vivid specters really just idle speculations that will never come to pass?We asked if we could rent one of the many trucks sitting idle in the parking lot.
idleness	And, an essayist argues that the Internet is "a monument to idleness and wasted time," then explains why that's good.Capitalism is no longer able to find uses for the available investment funds, which waste in idleness in the account books of the banks.
ignite	… An editorial warns that the bombardment of Chechnya could ignite a war in the Caucasus.Later, Tinkerbell soars above the castle to ignite a splendid fireworks display.
ignorance	Of my own limitations, the one I had to compensate for most was my ignorance of city life.--You'd think at that point, mortified by his own ignorance, Largent would have resigned.
ignorant	More egregious are errors committed because the writer or speaker is ignorant of the facts.Chile is the country, and even the most ignorant Mexican would not call one tamal a tamale .
illiterate	And the film community is so technically uninterested and illiterate that there is no outcry.The last thing an illiterate person wants to advertise is the fact that he can't read.
illuminate	So far, its main contribution is to illuminate not epic enmity, but the everyday, subtle kind.The details of this case illuminate real management challenges, past and future.
imaginary	I broke imaginary eggs on the rim of a non-existent frying pan and made sizzling noises.I liked James Surowiecki's in the imaginary universe of The Phantom Menace ("Moneybox").
imaginative	But she was very imaginative and creative and she made up lots of little stories for us.But none of this imaginative freedom seems to have reached the ice, except on Russians.
imitate	Its scientists have made computers that imitate touch and sense emotion in human voices.22 Their responsiveness encourages parents to look at, talk to, and imitate in return.
imitation	The Boneless Pork Rib Shaped Patty is a shoddy imitation of McDonald's much beloved McRib.Even the Dalai Lama seems to have abandoned real Buddhism for the flaccid Western imitation.
immense	L.A. covers such an immense area that the first-time visitor can easily feel overwhelmed.The change in my ability to focus on my courses and the personal rewards have been immense.
immerse	At their best, these films immerse you once again in all the joys and anxieties of adolescence.In 1961, at the height of his career, he quit to immerse himself in Croat history.
immigrate	Concerns that Binalshibh intended to immigrate to the United States doomed his chances to participate firsthand in the 9/11 attacks.So You Want to Immigrate to the United States
immortal	Not surprisingly, many King fans see something grotesque in milking King's immortal words for cash.Besides, in the immortal words of my mother, parents are people, too.
immunity	Nor are QUASI's results incompatible with the silent face being silent to B-cell immunity.Republicans worried that an immunity grant might let Huang off the hook, à la Ollie North.
impair	HSV with TK mutations may impair activation of these drugs and confer a drug-resistant phenotype.However, colonies remaining white contain mutations to impair LacZ expression.
impart	Wild herbs and flowers on the hills impart a wonderful flavor, and you can buy it plain or with nuts added.A rifle is a `long-barreled firearm with spiral grooves [rifling] cut into the bore to impart a spin to the projectile.
impartial	As a host, you needn't pretend to be impartial or pretend to be all-knowing.We have sought to be independent, impartial, thorough, and nonpartisan.
impatient	I had never met anyone so certain, so intense, so observant, so impatient, so intelligent.Our whole society, not just drivers, has become increasingly impatient and always in a hurry.
imperative	Paul Kailor says that reproduction is not guided by a moral imperative toward humanity.1) The imperative that each state must have a vision that encompasses a full range of services;
impetus	Indeed, violations of our folk psychology are a major impetus for engaging in narrative.yeah it will be interesting to see if we have any any impetus to go on to the national
implicit	Each subject was making an implicit comparison, but the reference was never made explicit.) The implicit therapeutic element to consulting a psychic has thus been made more explicit.
implore	On the NYT op-ed page, British Prime Minister Tony Blair, French President Jacques Chirac, and German Chancellor Gerhard Schroeder implore the U.S.
impoverish	Do you worry that the national debt will impoverish your children?He argues that refraining from having a child may impoverish those who would have been your child's friends and mates.
imprison	He was sentenced to 7 years in imprison (sic) with hard labor and to indefinite restrictions thereafter.It appears, however, that if another country had been willing to imprison Bin Ladin, the CIA might have tried to work out a scenario for apprehending him.
improper	This group identified agencies that had implemented practices to reduce improper payments.improper selection of travel or transportation providers for the benefit of the employee.
impulse	And in hiding, it left itself with no real protection against the prohibitionist impulse.4 Corpse Fetish: Some anthropologists say the technology is new but the impulse is old.
impurity	RNA was further treated with bovine DNAse I (Sigma) to degrade impurity DNA.
inaccessible	Injury may also unmask inhibitors that are normally inaccessible to growing axons.Said is considered a prime offender when it comes to inaccessible communication.
inaccurate	Sequences of transposable elements remained inaccurate, being based on composite sequences.In fact, the inaccurate headline was necessary to prevent the story from seeming absurd.
inasmuch	Inasmuch as this happens, positive selection might contribute to the observed acceleration of evolution in duplicated genes.The story's details suggest he has a point, inasmuch as it relates that China is still providing missile and chemical/biological warfare technology to Iran and Pakistan.
inaugurate	We inaugurate a new feature this week called "Today's Papers."This week we inaugurate no fewer than three new features:
incandescent	In Love, Jack , Gunilla von Post's slight memoir of a brief affair during the 1950s, JFK again has a winning grin, both "incandescent" and "offhand."George Steiner has been writing his incandescent essays on high culture for nearly four decades now, steadily deepening his insights and widening his topical reach, but carrying on the same essential errand.
incapable	2 Are women by nature shrinking violets, innately repulsed by war, incapable of violence?She declares that "Bill was incapable of engendering a cliché, in deed as well as in word."
incense	Petra sat at the crossroad of two major ancient routes, the King's Highway and the Incense Route.Between the first and second halls is the capital’s oldest incense burner (1747).
incidentally	(None of the above, incidentally, has any bearing on Lee's usage of the word "bumfuzzled."(Today's Papers, incidentally, approves the concept of voting oneself deadline extensions.)
inclination	He acts therefore like a slave, not animated by inclination but goaded by fear.The inclination is to consider the implementation of this model prospectively.
incline	The absence of religious faith and norms, on the other hand, might incline someone toward homicide.yeah it is and it this has an you know my treadmill has an incline and you know you can get a really good workout on it
inclusive	The term "injury" is more inclusive and should be used, as "trauma" is a subset of injury.2.8 percent of the allocation of allowances for each year from 1995 through 1999 inclusive;and
incompatible	Nor are QUASI's results incompatible with the silent face being silent to B-cell immunity.Initially we were incompatible with too many browsers--including early versions of Netscape.
incomplete	The story of dissension within al Qaeda regarding the 9/11 attacks is probably incomplete.After 3 weeks, the animals were boosted with the antigen in incomplete Freund's adjuvant.
incorrect	Lee (as quoted in the Bulletin 's profoundly politically incorrect account) the last word:Employers may have an incorrect estimate of the relative productivities of men and women.
indefinite	For a start, there appears to be an indefinite hierarchy of autonomous agents.Both German and English employ the definite article where the indefinite would be equally appropriate.
indefinitely	But the CMP researchers have identified a way for an aristocracy to be sustained indefinitely.A city that falls into either category (for whatever random reasons) remains there indefinitely.
indicative	This is indicative of overutilization of resources through unjustifiable hospitalizations.Auditors should be alert to situations or transactions that could be indicative of abuse.
indifferent	But first there would have to be seizure of control by some group that was not indifferent.Shields: No, politicians are impervious and indifferent to large [amounts of money]--
indignant	"Let's laugh, if we want to, or let's wax indignant; but let us not forget to understand."But then Miss Manners' "peculiar profession" depends on "sensitive but indignant souls ...
indignation	Barr too may hope to ride right-wing indignation to national power, but don't count on it.Woolfe brings very little indignation to bear on the society that allows this to happen.
indiscriminately	o their insistent demands; this begging is due to trekkers in the past indiscriminately hanThey then expanded the terror to all East Timorese, killing and destroying indiscriminately.
indispensable	The large-scale electronic corpus is indispensable for any sort of dictionary work today.Ajami's book is an indispensable guide to why anyone in the Arab world still listens to it.
indoor	uh-huh um so those are more or less indoor sports how's the weather out there in Georgiawell i would like to we shall see i want it to be a you know indoor outdoor animal next time
indoors	Three employees were hospitalized, and 300,000 residents were ordered to remain indoors.Ferret: "Ferrets pose a threat when confined indoors," said mayoral spokeswoman Sunny Mindel.
induction	Clones were picked and screened for nuclear localized green fluorescence after induction.Induction of TRAIL by S. aureusrequires physical contact between bacteria and osteoblasts
indulge	He is restrained on Millionaire , forbidden to indulge in his stories, ad-libs, and insults.The papers indulge in much speculation about whether or not this means the end of Tyson's career.
industrialize	Customs anticipated that trade issues would assume greater prominence in the coming years as developing countries continue to industrialize, corporations continue to expand internationally, and trade barriers continue to fall.
industrious	Industrious CW-armed terrorists could kill thousands of New York subway riders in a day.Meanwhile, he has pursued a writing career that would fell a less industrious man.
inefficient	This makes the book subclass very inefficient at serving those for whom it was established.And surely government in the United States today is too large, or at least inefficient.
inertia	Rice told us she took Clarke's memo as a warning not to get dragged down by bureaucratic inertia."But again inertia is the name of the game and again tragedy is the outcome."
inexpensive	(So you're saying if I want an inexpensive private dance on Thanksgiving, too bad for me?291/764 598), where the facilities are excellent (including floodlights) and inexpensive.
infancy	Starting in infancy, her aortic root dilated rapidly to a diameter of 4.5 cm at age 6 yr.Analysis of tidal breathing was used to predict wheezing illness during infancy [ 9, 10, 13].
infect	A second question concerns whether both viruses can simultaneously infect a single neuron.They may even infect otherwise straightforward VERBATIM prose, as alert readers will have spotted.
infectious	Contact tracing should be instituted for HIV just as it is for other infectious diseases.Prions are infectious agents which (almost certainly) do not have a nucleic acid genome.
infer	Reading between the lines, one can infer that poisoning a pigeon is not a federal offense.This enabled us to infer the most likely history of the cluster duplications (Figure 6d).
inference	By inference, the multidimensional likelihood surfaces are expected to be fairly simple.The gametic phase of the remaining sites was determined by statistical inference.
inferior	Exact pressures were measured via a pressure transducer attached to the inferior catheter.Extraocular muscle (inferior rectus) from patient AVI1 was obtained during a diagnostic biopsy.
inferiority	Do people often say, "My friend believes in the intrinsic inferiority of the lower orders, but he's a really fun guy"?China's current saber rattling, Scheer reasons, stems from an inferiority complex about its relatively primitive nuclear arsenal.
infinite	John Updike remarked that language has bloomed from the infinite fumblings of anonymous men.DOD briefing materials, Joint Chiefs of Staff, "Operation Infinite Resolve Brief," June 2000.
infinitely	Behind the telling proverb is a salutary regard for something infinitely more powerful.The second tower houses the infinitely more boisterous, modern Toronto Stock Exchange.
infinity	Classical Phamacokinetics from Experimental Data (extrapolate to infinity): AUC = 3003.“All possible wavelengths, out to infinity, down to infinitesimal, all possible phase oVsets.
inflate	"It's a combination of groupies and the rock press both serving to inflate the egos of these guys.You are not the sort of folks who need to artificially inflate your in-boxes, thank you very much.
inflict	The ultimate goal of the Filegate suit appears to be to inflict this treatment on Hillary Clinton.vulcanize to inflict severe burns on a victim, causing him to become a stoon.
infusion	In both trials SU5416 was delivered twice weekly at a dose of 145 mg/m 2via I.V. infusion.Heart rate was unchanged from pre-norepinephrine infusion to peak response (p = 0.3905).
ingenious	Chekhov was an ingenious phrase maker, with many of the phrases scattered in his letters.Funny are the ingenious hybrids, elaborate euphemisms and novel insult-categories.
ingenuity	Yet human creative ingenuity is not satisfied with repetition; it wants something new.Each intense encounter demands alertness, ingenuity, and a willingness to overturn old assumptions.
inhabit	Bats inhabit the darker recesses, but the eerie waters that flow through the cave have no fish.The people who inhabit the new regime are the same as those who dominated the old detested order.
inherent	To see how The Bell Curve tries and fails to get around these inherent problems, see and .The inherent array error rate (determined by the significant difference rate in the N vs.
inhibit	Zebrafish primary motor neurons may inhibit primary motor neuron fate in neighboring cellsIt is possible that TGFβ does not require Smad3/4 or p38 to inhibit Ese-1/Esx-expression.
inject	Biotech companies now inject potato species with genes that make the potato itself pesticidal.Nevertheless, all of the sorbent-based approaches use similar hardware to inject sorbent as ACI.
injection	To circumvent this problem, we added a stopcock valve to allow for reagent injection (Fig.Within hours, Clinton administration officials rejected any early injection of U.S. funds.
ink	oh that sounds really neat did you do did you use like a stamp pad an ink okay so you justThe Times editorial board, I'm sure, would make this ethical boo-boo bleed with ink.
inland	Here you will discover a commanding view of Kobe, Osaka, Awaji Island, and the Inland Sea.Inland from Almería lies one of the most un-European landscapes on the European continent.
inlet	Nor was its use so overwhelming or constant, “inlet” or “bay” sometimes being substituted.However, one side of the inlet has been engulfed by an outburst of sleekly modern hotels.
innate	Some researchers believe that the infant’s capacity to share meaning with others is innate.Other genes of the innate immune system also seem to be subject to powerful positive selection.
innumerable	The New York Times has published innumerable editorial riffs on these themes.Resort hotels and innumerable bars and restaurants are camouflaged and shaded by the cooling vegetation.
inorganic	Census Bureau Summary Current Industrial Reports for the Inorganic Chemical Industry.attached a nanoscale inorganic “propeller” to the rotary stalk of ATP synthase, creating a “rotary biomolecular motor.”
inquire	Inquire at the tourism office or check local publications (see page 116) for schedules.The interested reader should inquire about the possibility of additional papers in the series.
insane	Time calls Bill Bradley's nascent presidential campaign strategy "charming" and "insane."i i know and isn't that insane i mean how does that happen it just doesn't make since to me
insanity	Mad for Words: A Tale of Murder, Insanity, and the Making of the Oxford English Dictionary1917, 9th ed.: Insanity characterized by loss or impairment of intellect, will, and memory.
insidious	Not with dramatic pathology as are filariasis, or schistosomiasis, but with damage silent and insidious.The Crusaders convinced themselves the Jews were a secret cabal with insidious powers, out to destroy Christendom.
insignificant	They either fail to find effects, or have produced statistically insignificant findings.This mail is insignificant, except for FY 1987, the first year the study was conducted.
insistent	Browsing is difficult as vendors are attentive and can be insistent, but you’ll have fun.o their insistent demands; this begging is due to trekkers in the past indiscriminately han
instability	2. cardiovascular instability - invasive hemodynamic monitoring with a Swan Ganz catheter;) Though Macedonia avoided the Balkan War, ethnic tensions and instability are a problem.
installment	And I bet kids are turning to other great books while they wait for the next installment.The fourth installment of The Nation 's attack on the "National Entertainment State."
instantaneous	At posh hotels with posh connections, supplies would be high-level and instantaneous.The peak instantaneous frequency also increased with increasing velocity of stretch.
instinctively	For example, border collies instinctively herd anything that moves--without any training.(Actually, Syd gets it instinctively, another way in which she's smugly annoying.)
instrumental	Hackworth was instrumental in Newsweek 's story a year ago that Navy Chief of Staff Adm.well actually most of the music that i listen to there's no theme it's instrumental
insufficient	Thus "inequity" (or, more accurately, "insufficient redistributive power") is not a good .Ten women declined to participate, mainly because of insufficient ability to speak Spanish.
insulate	There may not be anyone else involved to insulate them."The attempted restriction is designed to insulate the Government's interpretation of the Constitution from judicial challenge.
insult	("Putz" is a Yiddish insult that literally means "penis" but in common usage means "fool."His books read like good journalism--and that's no insult--but they are not great history.
insure	One of the best ways to insure independence is to properly follow rigorous randomization procedures.When Professor Wright found out how much Philadelphians pay to insure their cars, he gave up driving.
intact	The Ponte Vecchio, intact since 1345, was Florence’s first, and for centuries only, bridge.Individual cells were motile and often left the field, but the clusters remained intact.
intake	We did not detect a significant association between lung function and total alcohol intake.Studies from China [ 7] and Japan [ 8] did not detect a protective effect of soy intake.
integral	The A6L subunit is also an integral membrane protein associated with the F 0 sector [ 29].Funding charitable works is an integral function of the governments in the Islamic world.
intellect	1917, 9th ed.: Insanity characterized by loss or impairment of intellect, will, and memory.Global , meaning all aspects of intellect, is used by many medical authors, but is incorrect.
intellectually	It's convincing, and sober, and intellectually responsible, and it frustrates them to no end.a profound desire not to make what he does look costly to him, emotionally or intellectually."
intelligible	But in the process, the sentence would become less colloquial and less intelligible.When and where humankind made its first intelligible utterance will never be known.
intensify	Indeed, the very act of staring at her nakedness seems to only intensify her humiliation.Lincoln’s purpose on November 19, 1863, was not to intensify but to transcend the war effort.
intentional	The study leaves us with the question of how intentional weight loss could lead to excess mortality.Sign atop a gas station near entrance to Holland Tunnel in Jersey City bears an intentional misspelling.”
interconnect	At the Stamboul end of the bridge is the colourful district of Eminönü, a major transport hub where bus, ferry, tram, and train services interconnect.Therefore, the roles of heredity and environment, of the child and important people in his or her life, so closely interconnect that according to some experts, their inﬂuence is inseparable.
intercourse	For whatever reason, she is glued to her house and not interested in social intercourse.In sum, the estimated probability of condom usage for a given act of sexual intercourse is 53.
interference	Particularly low interference levels were observed in the frequency range around 1500 MHz.The initiates are guarded the whole night by senior warriors against outside interference.
intermediate	Transposable elements mobilize either directly through DNA or through an RNA intermediate.5 percent, according to the Social Security Trustees' intermediate actuarial projections.
intermittent	The least defensible of Safire's columns are his intermittent efforts at "Reading Bill's Mind."48 patients had continuous sedation (mean duration 53 hrs), 32 intermittent (mean duration 77 hrs).
interpreter	b) the portrayal of the interpreter as a person that speaks near-perfect English; andThe Times says the man later told an interpreter, "My roommates are going to follow up on Jerusalem."
interruption	A sudden interruption in electric service, sanity, continuity, or program function.“In almost every case, virus rebounded and no clinical benefit from the interruption could be determined.”
intersection	Back at Calle Fortaleza, take a right and continue to the intersection of Calle San José.Our analyses were conducted using the Bonferroni correction for the intersection test.
intimidate	3. In 1992, the Clinton campaign hired another private detective to intimidate bimbos.At its best, there is a certain nobility to the Kennedys' refusal to let life intimidate them."
intonation	Voice intonation and body language complicate the communication process further.Mood and personal intonation also play a part in many sounds: is oops meant to be ups , ups , or whoops ?
intricacy	This intricacy isn't just unlike minimalism; it is its ideological opposite.There’s something in the intricacy of its arcane rules and controlled passion that appeals to the Indian people.
intricate	um it depends on how intricate the the the design is and whether or not you're going to uhBeleke, east of the market town of Praya, specializes in the craft of intricate basketry.
intrigue	(The Washington Post , which usually plays up Capitol Hill intrigue, reefers this story.)I can't think of the writer's name, but the writer does so well with, um, with intrigue and irony.
intriguing	An intriguing detail is caught by the WP and NYT , but missed by all other early editions.that is an intriguing type of book to be reading and trying to keep up on things like that
intrinsic	I deliberately picked systems that purport to pinpoint something intrinsic in our natures.Asymmetric division may involve extrinsic (influence of adjacent cells) or intrinsic factors.
intuition	Well, one question: If the rankings just confirm intuition, then why buy them in the first place?And the truth is that the rankings' success actually depends on confounding most people's intuition.
invade	These phenoms invade from Japan--or, in the case of the Ninja Turtles, might as well have.yeah well there's there's all sorts of scare tactics i guess to to invade our privacy and
invalid	One can certainly construct special cases where the constant-mean assumption is invalid.If this assumption is invalid, then use of this definition can return very misleading results.
invaluable	Finally, mouse models have been invaluable to screen disease-specific therapeutic agents.Explainer thanks Yale contracts professor Ian Ayres for his invaluable assistance.
invention	Within a month of the Bash's invention, the A's marketing department had cooked up a song.The invention of the telegraph reduced communication time from five days to five minutes.
inventor	The obituary mourns the death, at 84, of Otto Wichterle, inventor of the soft contact lens.(This, of course, was a lie--Al Gore was the inventor of corporate voice-mail routing systems.)
inversely	Increased consumption of eggs was inversely associated with risk of breast cancer.Consumption of prelacteal feeds was strongly inversely related to the duration of exclusive breastfeeding.
invert	A new technique is used to invert the model equations in order to obtain an accurate solution for the PO absorption.We can use Q to construct fixed-level tests and to invert them to obtain confidence intervals (CI) for fold changes [ 5].
invoice	If necessary, the invoice was adjusted to reflect the items actually received and accepted.They had staff assisting them in reviewing each invoice prior to payment authorization.
inward	Dylan, the most inward looking of musicians, a selfish genius, gives that claim credence.Another family of two-transmembrane K +channels called inward rectifier K +channels exists as well.
ion	This enzyme-catalyzed oxidation generates hydroxyl ion (OH -) and radical (OH) (see (2)).Moreover this toxin can be utilized as a specific probe of tobacco budworm ion channels.
ironically	Ironically, the company's roots are as deep as any in the aerospace and defense industries."Ironically, Nixon was one of the few people who emerged from Watergate with credit ..."
irregular	At irregular intervals, vegetation-covered mounds indicate other pyramids yet to be freed.The pay is bad, the hours are irregular, and there's that nettlesome FBI background check.
irregularity	The median age at the onset of menstrual irregularity was 25 years (range 14 to 39, 25 thpercentile 18.If the lenticule is molded in situ onto the cornea its bottom surface will fill any corneal surface irregularity.
irrespective	In nine studies, the biopsy was performed irrespective of the findings on clinical examination.Under the Republican plan, irrespective of the numbers, it will grow at 7 or even more percent."
irrigation	Last month, Alpaugh Irrigation customers approved a monthly fee increase from $20 to $68.Cactus plants are as common as palm trees and the small area of rice depends on irrigation.
irritate	But it's not Dowd's views that irritate her critics so much as her style and her attitude.Which is fine, because wipes that are too wet must then be followed up with several dry-cloth swipes, which can irritate the skin.
ivory	The papers describe the Ivory Coast as a former oasis of stability in war-torn West Africa.But there is "libertarianism" in the Ivory Tower and there is "libertarianism" on the ground.
jam	It was as though Jordan was funneling all his frustration into a single thermonuclear jam.That is the feeling that makes the children take out the broken tea pot and empty jam tin."
jealous	The characters squabble like siblings, jealous regardless of whether they have cause to be.I'm jealous of the ideas that guy comes up with--always topical, hilarious, sardonic, smart.
jealousy	Kahlo seduced Trotsky because of her jealousy over the affair Rivera had with her sister.A person may give another the evil eye because of a feeling of jealousy or covetousness.
jelly	So off we went to Krispy Kreme for a dozen raspberry jelly doughnuts to squirt all over them.Electrode jelly was used on the electrode plates to ensure good electrical contact.
jeopardize	The consensus prediction is that this would jeopardize Hillary's senatorial ambitions.In DOD, current incentives are geared toward delaying knowledge so as not to jeopardize program funding.
jerk	Conley, who'd worked with Gerry since they were in medical school, thought he was a jerk.Of course, as soon as they pick it up my dad and his friend just would jerk that pocketbook.
jewel	The jewel of the red stone courtyard, however, is the marble-clad Tomb of Shaikh Salim Chishti.The Kesava Temple, built in 1268, is a tiny, shining jewel in the crown of Indian architecture.
jewellery	You will also see “hippie-made” jewellery on sale, especially at the market in Punta Arabí.The gold jewellery and objects attest to the artistry of Villena’s early inhabitants.
jingle	, showing variations on the theme Chla . Another jingle in the same text runs: otra peruth,.Then they included the jingle on Spiceworld . You hear the jingle, you buy the album.
jog	yeah so i've just gotten up to um being able to jog one and a half to two miles and thenWe also tried the Jog Mate Protein Tube (the one you thought smelled like meat, Eliza).
jolly	Reno called off her flamethrowers as well, and it was the beginning of a jolly evening.Clay Pigeons gets off to a jolly start before petering out into hiply modernist irresolution.
joyful	Willey may have been "joyful" that she was going to get the job she desperately wanted.(Well, white churches; the black church is always shown as a scene of joyful noise.
jug	"Ja . . aah . . . In the jugness of the jug, sky and earth dwell.There are restaurants specializing in them, offering three good courses, bread, and a jug of very reasonable vino de la casa (house wine).
jungle	Beginning with the Johnny Weissmuller films, the jungle began eclipsing the English manor.Besides fishing, jet skiing, windsurfing, canoeing, and jungle trekking are all available.
junk	(Requisite statistic: On average, each American receives 553 pieces of junk mail a year.)and then you're you're if you're not informed as a consumer you end up with absolute junk
jupiter	At this moment, Jupiter should be on the receiving end of the first gigantic comet MASS.The moon is an uneven and pockmarked rock, and Jupiter upstages Earth by having multiple moons.
kernel	There are several considerations that support this approach to selection of kernel documents:Kernel documents need to be selected more carefully, and a higher cut-off score might be used.
kettle	Each room is equipped with refrigerator, kettle, hair dryer, and coffee-making facilities.The chirping-bird kettle seemed to prove that high design could also be cute.
keyboard	The perception of pitch, then, is arranged along one dimension, as on a piano keyboard.When will keyboard and word process do something to typewriter and type (if they haven't already).
kidnap	"I could drive into that community and kidnap a little girl and no one would see."Latin American gangs routinely kidnap rich foreign executives and demand multimillion-dollar ransoms.
kidney	It appears to be expressed at the highest levels in liver, then testis, kidney and retina.Perhaps it would be better, as Fraser seems to suggest, to use the phrase of that kidney.
kilowatt	the kilowatt hours that would otherwise have been supplied by the utilityduring such year in the absence of such qualified energy conservation measures, by
kin	"Kin selection" accounts for the evolution of altruistic impulses toward close relatives.of uh of casual speech uh in an attempt to get some kin d of a model of what speech is like
kindle	He was, after all, recently handed $2 billion to kindle his own covert brush war in Colombia.I felt it kindle heavenly fires within me right down to the soles of my boots.
kindness	Pet is a name for a woman treated with special kindness, indulged as a favorite companion.In part, this is a form of kindness: It is terribly difficult to, say, write a novel.
kinetic	That's what he was thinking, that's, that's science, that's kinetic energy in his mind.Since this r(t) provides a nearly perfect kinetic description of this system (see fig.
kite	At hung higher than Gilderoy's kite the author glosses kite as `body'; it is actually a word for `belly.Thus, kite was aptly made from Old English cáta `hawk,' since a kit hovers in the air in the manner of a hawk.
kneel	Near it you’ll find relief for weary feet: several camel drivers often wait around the mosque entrance and will be glad to order their huge beasts to kneel so that you can climb aboard.The priest is surrounded by a circle of masked women, who, upon his command, doff their cloaks, kneel reverentially for a while longer in their G-strings, and then are sent off one by one.
knight	His partnership with American woman JZ Knight, his channel, still baffles scholars."Of course, that means Knight lost $310 million on Feb. 24, but such are the perils of ownership.
knob	we had uh Pine Knob you know to go skiing and stuff so there were things around there really was pretty niceThe top looks somewhat like a discus, made of hardwood with a steel knob of spike in the center and a lead rim.
knot	The L5 and L6 spinal nerves were tightly ligated by a square knot with 6-0 silk thread.I'm going to cut it with the, a knife, the knot, so the cow can go and she won't die."
lace	Loulé, north of Almancil, is a prosperous town known for its leather, lace, and copper goods.I have a tawny silk blouse printed with a clever blend of black lace and leopard skin.
lag	There is no specific scientific evidence of the existence or structure of a PM effects lag.The Distributed Lag Between Air Pollution and Daily Deaths" Epidemiology 11:320-326.
lame	In Egypt, the semi-official press was determined not to write off Clinton as a lame duck.Next to these challenges, the official U.S. explanations for military inaction seem lame.
lamentation	It was usually employed, as in English, to imply lamentation or disaster, as, e.g. Hé, dea!Among the most moving, look for the Kiss of Judas, the Crucifixion, and the Lamentation.
landlady	Not all my experiments were successful, and as I mop up the spills I can only hope that my landlady doesn't read Slate .8 White Sheet --A self-taught nightrider (James Cagney) seeks increased stature by literally dancing on the shoulders of his Jewish landlady (Judy Garland).
lantern	"There was not moonlight nor the prick of lantern light from some welcoming home.Great green cupolas, small spiky towers, a majolica lantern, and a bright green and gold roof top the ensemble.
latent	ik ) tend to have higher expression levels than those with smaller estimated latent factor.These latent factors are then used in a regression analysis of the observed phenotypes.
lathe	for wood working um let me see table saw scroll saw band saw lathe routers and that's about itLathe and co-workers [ 12] recently identified genomic regions in which gene order is especially highly conserved.
latitude	Bible writers have, presumably, a latitude of interpretation denied mere translators.The words in the Constitution, "high crimes and misdemeanors," give us much latitude.
lattice	This method also has been criticized for loss of the microtrabecular lattice [ 3, 40].lakeside - lattice, legislate, legalized, localized, leakiest, ladyship, regicide
laundry	And what a stroke, making the feminine ideal a mute (who does laundry--always a big plus)!my daughter's like mommy can i help you with the laundry of course you can absolutely yeah
lavatory	On another occasion, Zercher says, she pushed open an unlocked lavatory door to find Clinton standing there, unzipped.4. In our interviews of Shalawi and Qudhaieen, they both claimed that Qudhaieen was only looking for the lavatory on the plane.
layman	Interestingly, in spite of their obscure origins, these are the only three racquet sports whose names communicate something specific to the layman.In this writing, legal means `pertaining to the law,' rather than `lawful'; layman means `non-lawyer' (including the feminine); he, him and his include the feminine; and Anglo-Saxon means `Old English.
layoff	that's why they can say you know there's no layoff policy1. Tonya Harding is back on ice, this time as a pro, after a five-and-a-half year layoff for that whole clubbing Nancy Kerrigan thing.
layout	The complete layout of this figure (axes, labels, etc.) is determined without any user input.It has retained the grid-like layout of its origins as Taurinorum, a Roman castrum.
leak	2) The story quoted a White House spokesman saying point-blank that the leak was "false."Her announcement, prompted by the untimely leak of her book proposal, came as a surprise.
leakage	And, in general, this sort of "leakage" will be higher than in pre-Web days.In contrast, there is no leakage of the luciferase activity from the tumour after plasmid electroporation.
learned	"What we've learned," declares Samuelson, "is that the little picture is the big picture."and those are really neat and we learned to do the um transfer pictures on the sweatshirts
lengthen	This may lengthen the installation time slightly, but it will reduce crane rental fees.Nasal openings are still single, but elongating; and the snout begins to lengthen.
leopard	Our guide said that only the leopard walks like that--the lions just shamble and clump along.I have a tawny silk blouse printed with a clever blend of black lace and leopard skin.
lessen	The real immorality, of course, is failing to do whatever is possible to lessen illness and disease.15 an hour says the boost would neither lessen poverty nor slow the economy.
lest	I am on the verge of suggesting another restaurant, lest I "collide" with the other man.Subsequent issues of VERBATIM will consist entirely of blank pages, lest we offend somebody.
lever	well they made a couple trades this this year that uh well Fat Lever was hurt most of the year[ 1 ] assessed laterality using a left/right lever choice on a continuous reinforcement schedule.
liar	' " (The Liar Liar page is good for some lawyer bashing, and serves up stills and clips.)He must, as the phrase goes, test his own character: Am I going to be a sleazy liar forever?
liberate	Service, too, might be cathartic enough to liberate us from our Flytrap obsession.In fact, the seemingly farfetched act you suggest would liberate the movie.
librarian	University librarian Sally Haines told the Associated Press, "Librarians, we don't censor."Anything that costs more than 5 cents is prohibitive," says Head Librarian Rebecca Oliver.
lick	and uh huh yeah and he's um he's discovered pens and that you lick the backs of stampsBucks also lick soil on which does have urinated to ascertain their mating status.
lid	The revolution put the lid on the nightlife by banning gambling and deporting the Mafiosi.USAT refers to reporting "without fear of punishment," which suggests a pretty tight lid.
lieutenant	yeah no no i'm i'm still in the i'm still a second lieutenant i just graduated in eighty nineReports that he was a lieutenant colonel in the Iraqi Fedayeen have turned out to be incorrect.
lighten	But in general we seem to lighten up meanings rather than darken them.It is a language of humor and it can lighten the darkest of moments.
lighter	Norten, too, is preoccupied with industrial building technologies, the lighter the better.Last week, Perez agreed to cooperate with prosecutors in exchange for a lighter sentence.
lightning	The Standard drools over the Starr report and calls for a lightning impeachment process.In his lightning trip through medicine, Blood and Guts: A Short History of Medicine (W.
likelihood	Parsimony, likelihood, and distance methods all resulted in trees with the same topology.The lines further from the trend line indicate the range with a likelihood of 90 percent.
likeness	Included in this list was the name and likeness of a doctor shot by a sniper last fall in upstate New York.Hildegard Hammerschmidt-Hummel believes the closest likeness may be a death mask most other scholars think is a fake.
likewise	Likewise, C. pneumoniae, but not C. psittaci, has been described as a tryptophan auxotroph.Likewise, Clinton benefited because he engaged Jiang and didn't really give up anything.
lily	before they risk a word the poets at the lily pond drink three cups of winebut we have about sixteen acres that we have to plant i am going to bet you that is a lily because if it is
lime	if you uh sprinkle lime on your young plants before they get too big that should help thatThe ﬁrst record of Pest, meaning “lime furnace” or “ovens” in Slavic, comes from 1061.
limestone	Built of limestone, it honored generations of rulers who had passed on into the afterlife.6 It is not uncommon for modern FGD systems to achieve 97 percent utilization of limestone.
limp	Um, you know, one boy, in particular, I remember, had a, always had a limp after that.Dole's limp response was that he would honor his mother's word not to cut Medicare.
linear	Anti-CCP were detected using ELISA as previously described with the linear peptides [ 17].The linear B-cell epitope regions recognized by both polyclonal serum samples are similar.
linen	High on the Hill, the Jocks and the Poms are eating in style, elbows up on linen tablecloths.yeah i wonder i did i literally went in one day in my linen skirt and a sweatshirt
liner	Working with the distance and height, the estimator would assess the ball's trajectory--was it a liner?The only reference you'll find on the album to Mak's previous identity is in the small print on the liner notes: "Exit--2Pac.
linger	Last call at pubs is at 11 sharp, to ensure that guests don’t linger much beyond 11:15.Peck says bad feelings still linger among allies of the old program who feel left out.
lining	Although all are present in the lining of the GI tract, serotonin is particularly important.Still, it's odd that Viacom went public with its plans before lining up a prospective buyer.
lipstick	Do you think its rise in popularity parallels that of blue lipstick and blue nail polish?Written in lipstick on the mirror was the message, "Welcome to the world of Pennsylvania.
liquor	But pork or liquor, to which the Shariat (Muslim religious law) police objects, are not.1) Pleasant Taste : Many young people do not like the taste of liquor in its raw state.
liter	The value of rclr of 0.1 liter/min corresponds to the value directly measured by Odeh et.you know two liter SI with the the sun roof and the moon roof and i i bought it loaded
literacy	But this is not a crucial distinction for people concerned about literacy in this country.What does research say about the role of make-believe in children’s literacy development?
literal	..” [XVIII,4] refers to huevos in its slang sense, `balls,' not its literal sense, `eggs.The next level is less literal, more psychological, and involves several disparate strands.
litter	Another difference is that the fuel is mostly leaf litter, not conifer needles or sticks.For analysis vertebral arch distance was averaged for each fetus and then for the litter.
loaf	But then, half a loaf to the Anglo-Saxons was only half , while a whole one was a half .let's see what did we have the last time we had guests over ah yeah we had a uh a turkey loaf
locality	39 Textile mills at their outset often provided the principal employment in the locality.uh we just about had to get it because the reception in our particular locality was so poor
locomotive	so i understand that that locomotive is worth around seven hundred and fifty dollars nowSubject: Environmental Protection Agency: Emission Standards for Locomotives and Locomotive Engines
locust	Aside from Nathaniel West and The Day of the Locust , though, this is it, right?The last of those novels, The Day of the Locust , was filmed in 1975, which makes it the most famous of his titles today.
lodge	bru, Chongong, and Langtang Village, you reach the Langtang Valley, where there are lodgeThe Andros Island Bonefishing Lodge is a prime center for bonefishing expeditions (Tel.
lodging	The funding covers transportation, lodging and lecture fees for the artists and publicity.The ice around the house goes to water which finds its own level in my basement lodging.
lofty	"We use lofty phrases such as 'with justice for all,' when we talk about our legal system.Next door is the narrow, lofty Neoclassical façade of Catholic St. Audoen’s, built in 1847.
logistics	At the time of our review, the Logistics Center was on track to meet or exceed its goals.In turn, the U.S. military offered combat expertise, firepower, logistics, and communications.
longevity	your great grandmother oh my word and how old you have a longevity don't you in your familyyou know a bigger issue as you know the medical profession continues to you know increase longevity
longing	As a listener, one is both stimulated and frustrated, longing to get a word in edgewise.But that longing for a lost home, a secure sense of self, appears equally in Britain--or in Germany.
longitude	34" E longitude) lies in the Chandrapur district of Vidarbha Region of Maharashtra and is spread over 625.Unaware that the aircraft had already crashed, Cleveland passed to NEADS the aircraft's last known latitude and longitude.
loosely	Sometimes he made the children dance Las Palomitas, loosely translated as “the little doves.”The U.S. administration on Aging coordinates this loosely knit legal-services network.
loosen	Brush the inside of flasks with a stiff-bristle brush to loosen any attached material.For example, Ablaqueate ( to loosen ground around roots ): `Absalom, come up from the lake and help me ablaqueate.”
loudspeaker	But neon's cool heat alone did not make the OPEN sign the visual loudspeaker of American small business.Sammy broadcasts into a small wooden block, his pretend loudspeaker.
lubricate	Yet it is perfectly legal for them to lubricate such lobbying with big campaign donations.Come in and see me; I can lubricate and be ready in a minute.
luggage	Some editors prepare for trips by Federal Expressing their luggage to their destination.The high-rear form is also functional, improving both aerodynamics and luggage space.
lumber	I planted bomb disguised to look like scrap of lumber behind Rentech Compute store in Sacramento.is i make it up out of your regularly old forty CPI pressure treated lumber
luminous	Star-Spangled Bonds strings a series of luminous limnings aimed straight at the heart.The bed itself, with its red, patterned skirt and luminous china knobs, dominates the picture.
lunar	Watching the sun's emergence from lunar shadow could damage or even eradicate their vision.Festivals on the first and fifteenth of the lunar month are especially lively times to visit.
luncheon	luncheon appointment with a prospective client to do um marketing communications for themStarr's talk was received warmly by a luncheon crowd of 500 civic and business types.
luxurious	A banner at the top of a Web page just isn't the same as a luxurious two-page color spread.As the fortress grew bigger and more luxurious, it played a more significant historical role.
luxury	Both New Providence and Grand Bahama have a good range of luxury duty-free goods for sale.2. "Gucci announced that it won a quiet bidding war for luxury retailer Yves Saint Laurent.
magician	$500 summer sponsor pays for a visit from a professional artist, magician, or zookeeper.Attacks magician David Copperfield for no apparent reason.
magnet	The island is a magnet for fun seekers and serious shoppers, and it serves both very well.Also, an article notes scientists' inability to discover a magnet with only one pole.
magnetism	They aren't heroes but they have a bullying magnetism that Boorman calls "pagan."F. Scott Fitzgerald once remarked that the elite of his day consisted of animal magnetism married to money.
magnify	Apollo allows the view to be scaled using zoom buttons that magnify by 10×, 2×, 0.5×, and 0.1×.The ADGE technique is a method designed to magnify the ratios of gene expression before detection.
maid	We suggest that the Septuagint sees the maid as Jerusalem, the virgin spouse of the Lord.That way, my maid of honor could catch the bouquet without my 6-year-old cousin tripping her.
maiden	It was reprinted in 1984 by Bibliophile Books, 33 Maiden Lane, Covent Garden, London WC2E 7JS.Its sculptures include a flute-playing maiden and a small nymph pulling a thorn from her foot.
mainland	At the same time, city-states began to grow in influence on the southern Greek mainland.However, Athenian involvement provoked the Persian king Darius to invade the Greek mainland.
majesty	"This is a must-see, high-tech show presented with majesty and beauty in the Town Square.""Australia bows to Her Majesty" was the Sydney Morning Herald 's contemptuous headline Monday.
malice	Tim, let me just say this: In this heart, there is no malice or hatred of any individual.The Gore jokes, like the Quayle jokes, poisoned their target without projecting malice.
malicious	Others dismiss the book for its dearth of sources and persistent focus on malicious gossip."You live by buzz, you die by buzz," says an ex- New Yorker editor, with malicious glee.
malpractice	"A law firm specializing in medical malpractice suits (photo is of Pamela Anderson)."and you know he said i had to he had to earn gross two million to take home as much as his malpractice
mammal	The human brain is not just a scaled-up version of a mammal brain or even of an ape brain.For example, a reptile has a slower metabolic rate than a mammal of the same size.
managerial	4, Managerial Cost Accounting Concepts and Standards for the Federal Government, para.Later, new managerial and tactical innovations seemed to accelerate declines in crime.
manifest	A cut point with a high sensitivity and specificity should be manifest in an ideal test.Even opposition leaders agree that it is Serbia's manifest destiny to control Kosovo.
mankind	Aldous Huxley excerpted words from Shakespeare's The Tempest (“How beauteous mankind is!Official­ly, it is termed the “largest basilica ever built in the history of mankind. ”
manly	Bush is the manly governor of Texas, while Gore moderates Reinventing Government seminars.)She coached each to emphasize his manly strengths, relying on hoary, tired gender stereotypes.
manoeuvre	' he ejaculated, thrown quite off his guard by the beauty of the manoeuvre.”It would therefore not have been possible to predict from the coronarographic data the haemodynamic changes of the right ventricle that followed the passive leg raising manoeuvre.
mansion	This interesting museum and cultural center is in a lovely Georgian mansion built in 1784.Six weeks later the CEO attended a dinner for contributors at the vice president's mansion.
manufacture	Some will have been used to manufacture parts or components for other systems or products.Process development, cGMP manufacture and control, and pre-clinical testing of Na -ASP-2 from
manuscript	AN conceived the study, performed the bioinformatical analysis and drafted the manuscript.assisted with the interpretation of the data and drafted the manuscript and final Figures.
maple	This means that the user must have Maple installed and running before PKQuest can be used.From the woods I gathered crab apple, winterberry, and swamp maple that looked promising.
marathon	Jörg Haider will be in the States on Sunday, Nov. 7, to run in the New York City marathon.so hopefully this year i'll be able to do a half of a marathon which is thirteen miles so
maritime	The decision was made by a federal maritime commission and could be overturned by Clinton., and New Brunswick make up the Maritime Provinces, more commonly known as the Maritimes.
mars	The last Venus flytrap I saw was in Kew, and I've seen Mars bars in a shop in Basingstoke.On Mars, there is ice-rich ground in the cratered southern polar regions (Feldmann et al.
marsh	Marsh Harbour, in the center of Great Abaco Island, is the proverbial heart of the Abacos.The newest championship golf course, designed by Graham Marsh, is the Huatang International Golf.
marshal	The cannon sounded again for the 1918 Armistice and the funeral of Marshal Foch in 1929.Marshal Philippe Pétain, the hero of World War I, capitulated on behalf of the French on June 16.
martyr	3) China has thereby rid itself of an irksome "martyr" and his influence on the country.if they went in and got him he wouldn't be a martyr what's the word martyr martyr martyr
marvel	I marvel How the body we're wired to adore Disgusts us when we cast it Out into the world.The poor dear must have been reading Marvel comics in school when they talked about this.
marxism	Was the power of Marx and Marxism entirely bound up in the fate of Eastern Bloc capital "C" Communism?That comes from the influence of Marxism, and if you need any better indication of it, it was said at a Marxist study group."
marxist	They also cooperate with Colombia's Marxist insurgents, who control much of the country.Allende is the cousin of Salvador Allende, the Marxist president deposed by Pinochet in 1973.
masculine	Men have already recovered the masculine long hair, jewelry, and purses of medieval times.His voice was growlier, his temper quicker, and his shaky masculine pride always on the line.
masculinity	If there is a crisis of masculinity, then it truly can only be understood through history.One issue about masculinity that intrigues me revolves around the experience of dependence.
massacre	Their crisis came on 24 August 1572 with the infamous Saint Bar­thol­o­mew’s Day Massacre.Mounting evidence suggests that the massacre was premeditated and centrally orchestrated.
mast	We searched the non-redundant database with motifs 1 and 5 using the MAST algorithm.The section which opens is wide enough to allow the passage of only a boat’s mast!
masterpiece	His latest masterpiece, Prisoners Out of Control , was deemed too graphic by Fox execs.Ickey Woods, fullback for the Cincinnati Bengals, debuted this masterpiece in the fall of 1988.
mastery	Berlin showed its sense of the times with its mastery of film, the 20th-century art form.•Oer a scaffold for mastery of tasks that teach culturally valued concepts and skills.
mat	and these folks were you know about to go to the mat over TV stations that they had chosen orCodz-Pop means “rolled-up sleeping mat,” referring to the curled-up nose on the masks.
materialism	Like greed, materialism is a vice that tends to afflict those with more money than oneself.But we should worry that our materialism is making us lose our reverence for nature.
maternity	The interviews were conducted in waiting halls, consultant rooms and in the maternity wards.well yeah yeah i would imagine women would understand maternity a lot better than men
mathematical	We have shown that it is possible to obtain a mathematical solution to an equity problem.[ 1 ] describe a sophisticated mathematical approach using the fast fourier transform (FFT).
maths	“The jury is out—questions about the fundamental maths are worrying a few people.”
maturation	Osteoporosis, breast cancer, and sexual maturation are all highly influenced by genetics.6%) of nocodazole-treated cells regardless of the maturation stage of the recipient oocytes.
meadow	I think you're right, though: If Meadow heard the unadorned truth, she would be miserable.The image it suggests to your steadfast adviser is of two children dancing in a meadow ...
measurable	PRODUCT - Any discrete, traceable, or measurable good or service provided to a customer.but attempt to correlate the findings of a palpatory procedure with another measurable outcome.
mechanically	um-hum yeah i'm not about the only thing i can do mechanically with a a car is put gas in itPride of place goes to SL Dolly, the oldest mechanically powered boat in the world (c.
mechanics	No more than any other does Feynman overcome the fundamental linearity of quantum mechanics.We face no more challenging issue than the mechanics of "turning," i.e., becoming a vampire.
mediate	This suggests that the SWIRM domain is most likely to mediate protein-protein interactions.Several HDAC inhibitors mediate cell growth arrest and/or differentiation [ 15, 16, 17].
meditate	He bought a number of farms and apparently loved to sit in the pasture and meditate on his cows.The monks were supposed to meditate on these paintings all day.
mediterranean	At the same time, migrants from the Mediterranean countries were trickling into the south.Like resorts elsewhere in the Mediterranean, those on the Costa Blanca have no lifeguards.
melancholy	Melancholy reflections on European weakness and division also dominated the Italian press.oran-kori `without a date': oran `no one's there' + kori, the “-choly” part of melancholy
melody	Or simply an abstract rhythm, cadence, or melody to which you must give voice?Coming from a staunchly conservative, two-syllable past, I longed desperately for such melody in my life.
melon	I loved Au Naturel , that bare mattress piece with the melon breasts and erect cucumber.R: I saw desserts; I'd no lemons, alas, no melon; distressed was I .
menace	Infections with resistant organisms represent a serious menace in critically ill patients.I liked James Surowiecki's in the imaginary universe of The Phantom Menace ("Moneybox").
merchandise	you you got Service Merchandise yeah it used to be Service Merchandise was the place to goSince the first film came out, Star Wars merchandise sales have totaled more than $2.
merciful	She replies, "But the God I don't believe in is a good God, a just God, a merciful God."Because there's no payoff in being merciful to House Republicans.
mercury	A true need exists to compare this mercury substitute thermometer with the mercury device.AC is assumed to be the principal reagent used to absorb the mercury in the exhaust gases.
mercy	The carved portico is especially fine, with a statue of Our Lady of Mercy under a canopy."There is no mercy for the dead," commented the Italian newspaper La Stampa about this story.
merge	Double-label images were created using Photoshop to merge individual red and green images.But Druids have other reasons for averting their eyes when the sun and the moon merge.
merry	But apparently it was all a merry mix-up, judging by the response of the companies involved.well oh well all you have to do is go in and give a specimen then go on your merry way
mesh	The thesaurus of MANTIS and CINAHL are based on MeSH with supplements for certain subject areas.It was only in 1994 that the term Alternative Medicine was implemented in the NLM MeSH thesaurus.
messenger	The signal-intensity ratio of different cytokine messenger RNA (mRNA) to GAPDH was determined.The transcription and translation of the DNA code to messenger RNA and protein is one example.
metabolic	Can biologically restorative sleep be defined on the basis of metabolic hormone responses?Effects of diet and adrenalectomy on serum hormones, glucose tolerance and metabolic rate
metallic	(In the latter, his deep voice sounded great with a German accent, at once oily and metallic.)The Finnish chemist Gadolin isolated a new earth (metallic oxide) there in 1794 and called it yttria .
metallurgy	At home, in addition to traditional textiles, industry was expanding fast in metallurgy, chemicals, and machinery.Sofia's heavy-metal culture calls itself metalurgiya metallurgy, and the heavy-metal aficionado is known as a metalurg metallurgist, or metal for short.
meteorite	Researchers have found fossils, similar to those in the meteorite, in some of the oldest rock on Earth.and that's when you get hit by the meteorite."
metric	The computation of the distance metric in the original approach employs a base-2 logarithm.The year's marquee event, "Metric Week," begins this Sunday--the 10th day of the 10th month.
microcomputer	Song was recorded directly through an AD converter into a microcomputer.And how did such a cold and unhuman thing like a telecommunications protocol for transferring files between a mainframe and a microcomputer get dubbed Kermit?
microphone	Movement old-timers resent having to share the microphone and money with so many upstarts.Onstage she'd prop her leg up on the monitor and wail into the microphone like any guy.
microprocessor	The sensor was automatically calibrated with precision gases under microprocessor control, as per the manufacturer's recommendations, before insertion into the esophagus.I only made one because I had to engineer the mechanical arm to swing that "N"--plus, I had a small microprocessor designed and programmed to control the swing over when a gear motor turns on and switches the letter position.
microscope	Images were captured with an Olympus FVX-IHRT Fluoview Confocal Laser Scanning Microscope.Prepared slides containing adhered BPAEC were examined using a BioRad confocal microscope.
microscopic	Pathologic classification of tumors has been traditionally based on microscopic appearance.A CCD camera (Quantix, Photometrics Ltd., AR) was used to obtain the microscopic images.
microwave	The cost of keeping my microwave rather than giving it away is the sacrifice of about $6.The turntable in the microwave was chipped, and the toilet in their bathroom was clogged.
midday	Meanwhile, the cave itself is a good place to seek temporary shelter from the midday sun.Spaniards only eat paella at midday — often, unbelievably, as part of a four-course meal.
mighty	Re Seth Stevenson's "High and Mighty": I have one comment in regard to drugs--they kill!Which means, just like our grunting action heroes, the mighty Misha still has buns of steel.
migrant	The National Agricultural Workers Survey (NAWS), a statistical sampling of migrant and seasonalRecommitment to the provision of services to Native Americans and migrant workers.
migrate	TU2562 was chosen because it expresses GFP in its ALMs and these neurons migrate normally.This ALM/BDU cell might migrate anteriorly, like a BDU, and express mec-3gfp , like an ALM.
militant	Ahmed Rashid, Taliban: Militant Islam, Oil and Fundamentalism in Central Asia (Yale Univ.The NYT quotes his direct pitch to militant Israeli settlers: "You are us and we are you.
milky	it's it's just different kind of plastics like the clear plastic is different from that milky looking plastic know that's what the different types are
millionaire	He is restrained on Millionaire , forbidden to indulge in his stories, ad-libs, and insults.Nor does John Hurt's millionaire eccentric float around on "his own custom-made Mir."
mingle	Now representatives of both realms mix, mingle, and meddle in each other's business at will.Tweedy professors and porn starlets mingle at presentations such as "Cum Shots: History, Theory, and Research."
miniature	Fans of miniature golf gather for a round at Kaite Mini-Golf (north entrance, Ritan Park).yeah yeah i mean some people seem fairly well suited for for uh miniature poodles and such
mint	The Mint is situated on the west bank of the Dojima River (opposite Sakuranomiya Park).Mint1 and Mint2 can bind directly to neurexins via a PDZ domain-mediated interaction.
minus	On the minus side: Heather Graham doesn't match up to Elizabeth Hurley as Myers' ladylove.Special diligence was taken to measure the radiated power (forward minus reflected power).
mischief	to that criminal mischief element they're always going to create and find something to doWaugh's 1930s novels, such as Vile Bodies and Black Mischief , are wicked fun in the strict sense.
miser	One lacking in imagination could use Povero (poor) or Scarso (scarce) to name a pauper or a miser.Lamentabatur plurimum et dicebat: "Heu miser, quid facies!
miserable	I think you're right, though: If Meadow heard the unadorned truth, she would be miserable.Snakes, killing our kids, you know, two hours, it's hot; it was the most miserable time.
misery	He has been guiltily preoccupied with the mystery of female misery ever since.um actually have been to the movies um i think the last movie i saw was Misery
misfortune	Dark explanations may be given for misfortune in Cornwall such as, He bin awverlooked [ill wished].I had the misfortune of watching one of the Barnes-Perdue debates on C-SPAN.
mislead	Starr, by contrast, seems to think he can mislead us about truths that are right in front of our eyes."Spin" means the administration using the media to mislead the public.
missionary	A missionary in Africa and a fraygrant from India argued about the effects of missionary activity.Business was not everything: the Germans used Qingdao as a missionary base, too.
mist	& as she spoke the room filled with a lightAs thick as the mist outside & softly lavenderBut I couldn't open my eyelids for a second& when I did the mist had cleared although a faint
mister	Messrs is now the accepted plural of mister, even for the unrelated and separately domiciled.oh well i suspect that Mister Yeltsin probably knows a lot more about it than he's ever let on
mistress	Few married sweethearts will consider they are loved illicitly as a paramour or mistress!In the midst of the 1996 presidential campaign, it revealed that Bob Dole had had a mistress.
misunderstand	When non-scientists misunderstand the science underpinning a business model, profits suffer.Regarding the Oct. 29 "Today's Papers," I'm afraid you misunderstand how the British legal system operates.
mitten	Homeless man beams as he tries on mitten found in trash can."
mixer	got a uh a heavy duty mixer like a KitchenAid or something like that it's called so she's make she makes dough pizza dough and freezes itThis brooding hunk of manly sinew seized Hillary's heaving shoulders at a mixer for Capitol Hill interns during the summer of 1968 and murmured ...
moan	According to Rubén Campos as quoted by Gradante, “it is a moan and a sigh .This general problem is why I get steamed when pundits moan about how candidates are ignoring "the issues."
mob	Here comes a tyrannosaurus rex, charging down a stream bed after a mob of panicky humans.Of course, writers like me are always saying the mob is dead, and we're always too early.
mobilize	Transposable elements mobilize either directly through DNA or through an RNA intermediate.Opposition Social Democrats may use Klaus' austerity program to mobilize growing discontent.
mock	The 6-Fam-AR1 and the TET-AR1 were used for mock and HpaII-digested samples, respectively.Mock infections were carried out in parallel, omitting bacteria at the time of inoculation.
moderately	It is designed for moderately sized 16S rDNA libraries produced in individual laboratories.For tests performed to meet NPDES objectives, synthetic, moderately hard water should be used.
modesty	In "Flytrap's Trashy Books," David Plotz says William Bennett is guilty of false modesty.It was the day after the ceremony and, modesty aside, he was feeling pleased about the award.
modulate	Several lines of evidence now suggest that CD98 may modulate the functions of integrins.In at least some Kir's, these cytoplasmic domains modulate the activity of the channel.
moist	and they don't they don't seem to melt obviously but uh they keep it uh warm moist and tenderSlides were placed into a moist covered chamber and incubated for 30 minutes at room temperature.
moisture	The premium wiping papers are also embossed, which creates pockets to hold more "moisture."and then i know with all that moisture a lot of the lawns get a lot of disease problems
molecular	Approximate molecular weights were estimated using prestained standards (NEN, Boston, MA).carried out the tissue dissection, molecular biology study, in situ hybridization studies.
momentary	You will attract momentary attention from the other diners, but it will be worth it.Now there is no limit to upward growth, only momentary breaks for the market to catch its breath.
monarch	The emperor’s role today is mainly symbolic, not unlike that of a modern European monarch.Since then, almost every reigning monarch has spent time (or held soirées) at Holyrood.
monk	Carved from the cliffside by a monk starting in the year 713, its height is 71 m (233 ft).(The soft drink Old Monk , which was not perceived to threaten public morality, was permitted.)
monstrous	Where swamp gives way to dry land, you will see the fascinating, monstrous strangler-figs.This story was published in Granma this week under the headline "Monstrous Experiment."
mop	basement, alas, a mop and bucket my squeezingremedy: and Phyllis off at a funeral:Kemp, velellidous mop shining like the crest of a blow-dried raptor, reached for their instruments.
morality	Perversely, Weld lost the ideology/competence battle by winning the drugs/morality battle.This message changed the focus of the abortion debate from the morality of the choice (e.g.
mortal	" 'What I try to write about are the darkest things in the soul, the mortal dreads.While not in mortal danger, many celebrities seem to be having trouble staying conscious this month.
moslem	How can you demand the extradition of a Moslem to an infidel state, even if he's a killer?"Egypt was caught up in the first wave of Moslem Arab expansion in the 630s (a.d. )
mosque	The mosque was built in the year 1541 by Sher Shah, the Emperor Babur’s General in office.The centerpiece of the Citadel is the Mosque of Mohammed Ali built between 1824 and 1857.
mosquito	In general, bednets and mosquito coils were the most reported mosquito-prevention activity.Mosquito infection status was noted as well as the corresponding location of the parasites.
moss	Yeah, I mean it was just like moss or something grown on everybody's houses overnight.NSC memo, Berger to President Clinton, Dec. 24,1998; Randy Moss interview (Feb.
motel	King was assassinated on April 4, 1968, while standing on the balcony of his Memphis motel.The thing works on the Roach Motel principle--your blood gets in but it can't get out.
motorway	A motorway (autoroute) gives access from the city and the airports, Charles-de-Gaulle and Orly.Drive south on the motorway to Villajoyosa, then take the road that leads to Sella.
mould	Nor is mould like should and would.What had other translators done with this “sunny little psalm” that “has dried many tears and supplied the mould into which many hearts have poured their peaceful faith”?
mountainous	After a few minutes of collegial discussion, presided over with mountainous dignity by Rep.The interior of the island is a wonderful mixture of mountainous dark pine forest and farmland.
mourn	Arthur Schlesinger went on television to mourn the death of President John Kennedy.Douglas Brinkley goes on television to mourn the death of celebrity magazine editor John Kennedy Jr.
mouthful	The water from the water-bottle is magically cool, but he pours no more than a mouthful at a time.A tapa is a mouthful of anything that tastes good and fits on a cocktail stick.
muddy	Boardwalk trails and muddy paths take visitors through the forest to the feeding centers.if you get them out of real muddy water then they got a muddy taste to them but if you
mug	It consisted of a ladyfinger dipped between bites in a mug of hot chocolate, hence gedunk .Is it an accident that two of Close's favorite media are mug shots and fingerprints?
multiplication	The formal trick in Klein's pictures is the multiplication of focal points.At Tabgha is the Church of the Multiplication of the Loaves and Fishes, where it is said that Jesus fed the multitudes.
multiply	Unless the country's habits change, this rate is forecast to multiply fourfold within fifty years.SLC4A9as a part of an ancient, multiply duplicated EGF-SLC4A-ANK-FGF gene cluster
multitude	Executive branch agencies have searched records and produced a multitude of documents for us.These various types of geological formations and activities have created a multitude of environments.
municipal	•The municipal bus station is next to the bayfront promenade, virtually on the sea itself.An exchange occurred not long ago in California's Sacramento Superior and Municipal Courts.
murderer	The NYT says that he is probably the youngest murderer convicted as an adult this century.Working for Philip Morris isn't like defending an indigent murderer in a death penalty appeal.
muscular	Behind them is a chorus line of muscular women in babushkas; behind them, in turn, a rising sun.These mutants can be used to identify small molecules that push the fish into muscular dystrophy.
muse	A tip for visiting the big muse­ums in peak seasons: go at dinnertime on a late-closing day.Maybe Brooks' muse is showing him what happens when you satirize people who are so far beneath you.
mustard	Our results suggest that that LPS dramatically enhances the toxicity of sulfur mustard.He also wants the packets of hot mustard opened for him and spread over the chicken.
mute	And what a stroke, making the feminine ideal a mute (who does laundry--always a big plus)!The Senate is not a mute jury, maintained Harkin--it can set rules and make motions too.
mutton	The "Maharaja Mac" is made from mutton, and customers can top it with sauces like "McMasala" and "McImli."In the 19th century totally different was cat's-head , it being a non-nautical term for the end of shoulder of mutton.
naive	For comparison, the naive E82 locus as well as C73 alone were silenced in the leaves (Fig.I may be naive, but I think that even if this deal does go through, GM will not disappear.
nap	Companies offer dark, quiet nap rooms, reasoning that midday naps help workers maintain focus.And when both news and coloring are avoided, you get the Kuwait Times and a nice afternoon nap.
napkin	If one was to filch a cloth napkin, that would be stealing."The bigger profits are in sanitary napkin dispensers.
narration	"The CIA's conclusion: The eyewitnesses did not see a missile," the narration continues.Note the difference between the narration and the words written across the screen at the end.
nationality	6 "Lawful permanent resident" is a term of art under the Immigration and Nationality ActIts population is mostly of the Dai nationality (closely related to the people of Thailand).
naughty	(Although for the most part ignoramuses, these did know where to look for the naughty words.)Everybody has to know all of it, whether it's good or bad and sometimes it is bad, or naughty.
nave	In the nave are more glittering mosaics of Christ Pantocrator (Omnipotent Lord) with angels.In the center of the nave is a splendid Gothic choir with lacy spires of carved wood.
navigation	The "Navigation Banner," that maroon stripe that says " Slate " at the top and bottom of everyI promised to teach you how to use the Navigation Banner, didn't I? So, here goes.
necessitate	These noteworthy limitations necessitate the need for cautious interpretation in the context of previous work.Delaying reform until Social Security's insolvency is imminent would necessitate drastic changes over a shorter period.
necklace	Much of this adornment is gold filigree, like an emprendad, a necklace of Moorish design.Mom’s necklace is made out of a kind of abalone with a very colorful shell—pinks, purples, blues.
needless	Needless to say, these issues involve much more than just the fringes of postal activity.' Isn't it something stronger: `senseless chatter, needless noise, committing oral nuisance'?
negligible	Eappen remains convinced of Woodward's guilt, and is stunned at her negligible punishment.The second bee in Lang's bonnet was the negligible position of culture in day-to-day life.
negro	“Burned through several pages was the scorched imprint of the padre’s hand, La Mano Negro.”I can sympathize, therefore, with their rejection of the term Negro as a racist term.
neighbouring	In neighbouring Jaffa there are more nightspots offering touristy Oriental folklore entertainment.Of course, protected areas do bring some benefits to neighbouring communities, most notably through tourism.
nephew	I tolerated my aunt and her proverbial wisdom until she began applying it to her nephew.Kazimierz’s death in 1370 left the crown to his nephew, Louis of Anjou, the King of Hungary.
neuron	A second question concerns whether both viruses can simultaneously infect a single neuron.Zebrafish primary motor neurons may inhibit primary motor neuron fate in neighboring cells
neutron	B. -- defining either an inspiraling neutron star or Miss Liza Minnelli.
nickel	The sections were reacted with diaminobenzidine intensified with nickel ammonium sulfate.Maybe it was, no, I think it was a nickel picking these beans and they got a nickel for it.
nickname	I chose "Bojangles," the nickname of Bill Robinson, the famous movie and stage tap dancer.Elmers, the nickname for homicidal maniacs similar to the well-publicized one named Elmer .
niece	But it's Dinsmoor's niece, Estella, who becomes the focus of Finn's fantasy life--and art.well yeah but have you bought a place setting lately i have a niece that's getting married
nitrogen	nitrogen oxides for all affected units subject to subpart 2 of part C at the facility, andA small portion of luteal tissue was excised from each gland and frozen in liquid nitrogen.
noble	After getting lost on a few Web sites, I completely wimped out and went to Barnes & Noble.They take their independence seriously, and--to be less noble about it--they love trouble.
noisy	so mostly it's just kind of one of those things that goes away ah they've got a noisy lineDs knock on tree trunks; Rs hold a leaf in their mouth and clip bits off in a noisy way.
nominal	We were unable to detect even nominal evidence for linkage at any of the loci investigated.That would account for about a third of nominal GDP growth over the past five years.
nominate	3) They worried that if they rejected Stepashin, Yeltsin would nominate someone worse.Readers are invited to nominate religious doctrines they'd like to see jettisoned in the new year.
normalization	MAS4 introduces a normalization factor (a scaling factor in MAS4 serves the same purpose).Figure 10shows another pair of arrays where the normalization relationship is non-linear.
northward	As warfare became more sophisticated, Jerusalem slowly moved northward and uphill to more defensible ground.The move northward made the supervision of defense efforts on the ever-sensitive borders of the empire easier.
northwards	But in that case a linguistic amalgam cohered early and was only pushed back northwards after having established a local literature (Dunbar, Henryson).
notation	She reads from her commonplace book, makes a notation in her crabbed half-Cyrillic hand.Most point out that McCartney can't read musical notation and was aided by professional composers.
noted	An association between the Apa I polymorphism and insulin secretion index was noted [ 25].As noted above, NHTSA did not prepare an initial or final regulatory flexibility analysis.
noticeable	One noticeable fact is that rich women, unlike beautiful models, are not all tall and thin.The second point may well be valid, but the question is, would it be a noticeable difference?
notification	Would you condone such an action, provided that the group had given prior notification?In February 1999, another draft Memorandum of Notification went to President Clinton.
notify	McCain-Feingold would "codify" Beck , by requiring unions to notify their members of this right.In addition, we found that the CIA did not notify the FBI of this identification.
notorious	Crime-scene photos of Nicole Brown Simpson, notorious as her death was, caused little stir.Across from Shamian Island is China’s most notorious and colorful marketplace, Qingping.
notwithstanding	2 Notwithstanding, we use this restrictive definition of universal service for this paper.Fargo 's Oscar success notwithstanding, Miller's Crossing remains the Coen's best offering.
nought	Nought, empty, state of utter bankruptcy, total disappointment, zero: The desert is nothing but miles and miles of fxxx-all.Nought heeding that our friendship was betrayed,
noun	—noun, lealty Land o' the Leal, the home of the blessed after death; heaven, not Scotland.The Pidgin word tok by itself means “talk” and its synonyms, in both verb and noun forms.
nourish	America in Black and White will nourish such fears through its own embrace of laissez faire optimism.This helps to nourish and maintain auditory structures and might also contribute to healing processes when possible.
nourishment	um-hum well anything though to get some nourishment nourishment down you.. no child goes without nourishment ...
novelty	But, in the early '50s, novelties weren't so much a novelty as terrifyingly ubiquitous.Could this be the backlash to the never-ending search for novelty and virgin territory?
nucleus	6B, panels 1 & 2) and co-localization of Smad1 and HsN3 was detected in the nucleus (Fig.GFP-BLM accumulates in the nucleus of infected Sf9 cells as large aggregates (Figure 1A).
nuisance	But some consider blast voice mail a nuisance and, when unsolicited, an invasion of privacy.' Isn't it something stronger: `senseless chatter, needless noise, committing oral nuisance'?
numerical	, there is no analytic solution available, and we have to resort to numerical simulations.These equations can be solved using numerical packages such as Mathematica or Maple.
nun	The nun went out and found the portrait just as her dream had foretold.The Vatican barred an American priest and nun from ministering to gays.
nurture	We know that children do better when they have a network of caring adults to nurture and motivate them.It will nurture a cadre of multiculturally competent and innovative leaders.
nutrient	Soft drinks are loaded with phosphorus, which is an essential and widely available nutrient.Mutation under nutrient deprivation has been of interest from the dawn of bacterial genetics.
nutrition	I completely agree with your assessment of the Ironman Nutrition Bar in Cookies 'N Crème.Nonetheless, National Health and Nutrition Examination Survey III data showed that 60% of 38.
nylon	Nylon . Supermodel Helena Christensen starts her own magazine; critics are mildly interested.4 M formaldehyde RNA gel and transferred to Hybond N +nylon membrane (Amersham-Pharmacia, UK).
oar	ramener sa fraise, Lit. to declare one's strawberry: to put one's oar inSenf dazugeben, Lit. to add mustard: to put one's oar in
oath	Does anyone doubt that if Clinton lied under oath about sex he also lied about Whitewater?The president taking the oath of office has historically spoken the words "so help me God."
obedience	A scout obeys all to whom obedience is due and respects all duly constipated authorities .Parents use her name to scare little children into obedience: “Hay viene La Llorona . .
obedient	2. the conditioning by torture of a victim over an extended period to make him obedient.But she had to, so, the obedient little person that she was, she did it anyway.
obese	Another related difficulty is that this cohort, though overweight, is not drastically obese.For comparing obese to normal, only YHL for women showed a large and significant effect size.
obey	TV and radio announcers seem to obey changes in pronunciation rather than initiating them.Women's legs obey mechanical laws, of course, and move apart while they are being used.
oblige	But what began as noblesse oblige has morphed into something different during this generation.and uh and they uh their they oblige us by falling asleep so least that's pretty good
obscene	In that year, the Obscene Publications Act first introduced a defense of artistic merit.Election slogans, insults, obscene drawings — the tradition continued today is millennia old.
obscure	Nevertheless, while Adams's source remains obscure, his application of it does no longer.(a) Averages obscure the fact that most of Clinton's tax increase did fall on the affluent.
obsession	But they don't change the obsession idea-mongers and contemporary media have with polling.Would John feel I was betraying his trust, given his Kennedyesque obsession with privacy?
obstinate	i i i just don't see any problems with it i think it's just uh obstinate AmericanismA typical county boast still often expressed is Sussex won't be druv and anyone contrairy is reckoned to be obstinate.
occurrence	We have developed Perl scripts to scan the promoters for consensus binding site occurrence.However, as mentioned, the occurrence of even one behavioral problem can be disruptive.
oceania	Examples abound in the writings of authors from the Caribbean, West Africa, Oceania, and so on.
odor	Many of you wallowed in the olfactory, particularly in the odor of corruption and fish.It has a sweet, delicate fragrance, unlike the heady odor some narcissuses give off.
odour	'When ripe the fruit pulp exceeds in foul odour all that is abominable in nature' [ 76 ] .For this purpose the odour and other physical characteristics of the plant are very important.
offend	Subsequent issues of VERBATIM will consist entirely of blank pages, lest we offend somebody.Arab papers have even adopted an "expletives deleted" policy so as not to offend their readers.
offset	The 15-mer peptides were offset by 5 amino acids, and described the sequence of BPN' Y217L.Like other revolving funds, it earns exchange revenue, which is an offset to its gross cost.
offspring	Variables measured longitudinally in Exams 1-4 in the Framingham Offspring public-use filesHowever, within the Amish family offspring high IgG responders were significantly older.
ohm	Lord Kelvin is credited with coining mho by reversing the spelling of ohm .I moan ohm; I mow Nome: I'm going home.)
olive	Look, too, for fine filigree jewelry from Córdoba, and smooth, polished olive wood beads.so we have olive olives black olives and cucumbers and uh tomatoes we still have tomatoes
onward	Historically, Hangzhou enjoyed 237 years of imperial glory from the ninth century onward.The goddess Athena, his watchful patroness, soon arranges to get him saved and sent onward.
opaque	The cups were red opaque plastic, so tasters could judge the beer's color only from above.You can't always tell what Crowe is doing--his opacity is sometimes a little too opaque.
opium	An added lure was Francis Light’s decision to import large quantities of opium from India.Some 20,000 chests of opium were confiscated from British merchants in Guangzhou (Canton).
oppress	Keep up means to stay with the pace, whereas keep down is to oppress, or not to disgorge.2 delivers snoozy tirades against the Beauty Myth, "designed to oppress and exploit us all ...
optical	8Atop panel are quantified and plotted as Integrated Optical Density (IOD) of SNIP1 (Fig.The Journal of the Optical Society of America published Bela's second paper [Julesz 1963].)
optimal	For optimal sustained action, we chose a plasma protein binding range of 50 to 90 percent.Optimal proportions could not be determined because of the lack of detailed clinical data.
optimism	The EDF hoped, for fund-raising reasons, to stamp out optimism before it gained a foothold.Even the bland goofiness of the Grace Building recalls the naïve optimism of an earlier era.
optimum	Involve the entire team in creating the strategies for patients to accept optimum care."Keys to success: Sit in a front seat on the shuttle and dictate an optimum route to cabbies.
optional	The global standard for identification is a digital photograph; fingerprints are optional.Alternative Allowance Allocation for Units in Certain Utility Systems With Optional Baseline.
orchard	James Orchard Halliwell's Dictionary of Archaic Words (1850) gives GOTTED as a form of gotten .“Why, Grace, look across the lawn to the orchard.
orderly	We also don't know how life originates and to what extent it evolves in an orderly pattern.They advocate an orderly weeding, assembling, and categorizing of digital records.
ordinarily	United 93 would ordinarily have taken off about 15 minutes after pulling away from the gate.(The paintings are from the Met's collection but are ordinarily scattered around the museum.)
ore	The German word for gremlin is Kobold , an underground sprite believed to put curses on ore.; Edinboro, Pa.; and Springfield, Ore., are not exactly Madalyn Murray O'Hair country.
orient	You can orient the text horizontally or vertically and position the grip for left- or right-handed use.I wondered how he had scraped together the fare for the Orient Express.
oriental	yeah yeah i understand that i like oriental cooking and uh pasta and i have the same problem uhone day we were out just driving and they are always uh oriental people with their little stands
ornament	Long-range shots of the classic hood ornament, and of the car in profile--the stately rhythms hold.The International Style, in its effort to do away with ornament, outlawed trim.
ornamental	That formulation strikes me as emblematic of the very ornamental culture that Faludi derides.A second large question: "Ornamental culture," Faludi tells us, is "at its core ...
orphan	orphan" G-protein coupled receptors), because every sequence is most similar to something.What if he goes nuts one day and slaps the hell out an orphan, or even better, Trent Lott?
orthodox	Icons lie at the heart of Byzantine or Orthodox worship and they form a focus for prayer.Orthodox Israeli Jews are alienating American Jews by refusing to recognize them as Jews.
ounce	Editorial writers love to note that, ounce for ounce, the B-2 is five times pricier than gold.Further, the rate for additional ounces is considerably less than the rate for the first ounce.
outbreak	Within days of the war's outbreak, politicians and talking heads pronounced it a failure.The media have been in an uproar this month over the latest putative outbreak of creationism.
outcry	Across the Arab world, papers continued their outcry against America's policy toward Iraq.(The endorsement vote, which was narrow to begin with, was later rescinded after an outcry.
outdoors	Since a gruta is primarily outdoors it can be constructed as a yard or cemetery shrine.There are so many things for children to do in the great outdoors of the Lake District.
outermost	The two outermost husk layers were excluded, and all other inside layers were collected.yeah that one ninety that one ninety is just going to be the most outermost outermost loop around
outlaw	and they're illegal so i don't think it would do us any good to outlaw them all togetherBills are afoot in the House and Senate to outlaw online gambling before it really takes root.
outlet	yes i know i think one of the places i always hit in Colorado is that current outlet storeA piece describes how an outlet mall has transformed the sleepy town of Manchester, Vt.
outlook	The two men became close friends and became identified with their shared extremist outlook.The WSJ's "The Outlook" documents the country's extraordinary residential real estate boom.
outrage	The difference is that Richardson pleads for understanding while Gopnik brays for outrage.As one Web surfer noted: "The outrage of the freshly exposed readers is refreshing to see."
outset	39 Textile mills at their outset often provided the principal employment in the locality.Perhaps I can point again at the outset to the central question of an autonomous agent.
outskirt	There is a large, bright, new casino in Schoelcher, the northern outskirt of Fort-de-France.
outward	But within metropolitan areas the movement has been outward, from the cities to the suburbs.To all outward appearances, Disney remains among the strongest companies on the planet.
outwards	From its beginnings more than two thousand years ago, Barcelona has grown outwards in rings, like concentric ripples on a pond.subgraphs rooted at E states, generating subsequences of length 0), and iterates outwards to progessively longer subsequences and larger CM subgraphs.
oval	When Reagan entered the Oval Office, the landscape looked dismal, both at home and abroad."I would take an expression in the Oval Office of 'Dear God, Help Me,' " Bush responded.
overcoat	Hotel residents can spend a whole night out on the town in the winter months without overcoat or galoshes.Lit. enveloping shirt: overcoat
overestimate	It is impossible to overestimate the importance of the Acropolis to the ancient Greeks.It is difficult to overestimate the importance of the sacred island of Delos during ancient times.
overflow	This paper demonstrates the identity and presence of all three enzymes constituting the overflow pathway in a single organism.Housing the Museo Colonial, its rooms overflow with fine period furniture and carved woodwork and encircle two lovely courtyards.
overhang	The exterior is notable for its diamond pane windows, deep second-story overhang, and massive chimneys.The overhang appears similar to the dorsal blastopore lip in amphibian embryos, and we give it that name.
overhead	Mintie said that all of the money has gone to her recipients -- none was spent on overhead.nExpenses of administration include an appropriate allocation of agency overhead costs.
overhear	At least, that's the only one the New York Times reporter didn't overhear.Why do the Italians almost choke with mirth when they overhear an American calling his girl friend “My pet”?
overlap	There is very little overlap of the two distributions and very few double-labeled neurons.For instance, there's very little overlap between the product lines of the two companies.
overload	i think information overload for one thing um just just the technology like you mentionedThese patients may have coexisting total body volume overload and intravascular volume depletion.
overnight	Single colonies were selected and grown overnight in LB/amp media (200 ml, 37°C, 300 rpm)."The contents of an overnight bag tossed on a bed which you roll in screaming, 'I'm rich!
overt	A review of the tapes indicates that the president did not make any overt mention of Ms.Hill did not accuse Thomas of a single overt request for sex or a single unwelcome touching.
overtake	but when you anytime you see a nation go in and just overtake it and it's take it take authority take control it's a i believe it's a spiritualThe Wall Street Journal reports that the chief economist of the Conference Board says next year, Europe could overtake the U.S. as the world's strongest economy.
overthrow	does not at all mean that Egypt is inciting the Iraqi people to overthrow Saddam Hussein."The West knows bombs will not lead to his overthrow, but feels it has to do something.
overtime	This analysis also neglects overtime, which would reduce the demand for workers somewhat.But when I asked my boss about the overtime, he told me I could walk out the door anytime."
overwhelm	Global market conflicts overwhelm any national power: look at Sudan, Russia, Indonesia.Don't expect the path forward to be smooth but don't let the obstacles overwhelm you.
ox	' To play a bugle is to blow on the horn of a wild ox, through Old French bugle , from Latin bōs `ox.broad and narrow oxgang the amount of land that could be cultivated by an ox, between eight and ten acres
oxide	Chinoike Jigoku (“Blood Pool Hell”) is a steaming pond turned blood-red by its iron oxide.Additionally, a positive correlation was found between the level of nitric oxide and CI.
oxidize	Alternatively, they may oxidize polyamines in chromatin to alter the charge balance in the chromatin.ROIs in excess inactivate proteins, disrupt DNA, and oxidize lipids [ 22].
oyster	they have a fish that's called an oyster cracker i don't know if you've ever heard of itI mean, once you get to dipping out, you, you don't have to get an oyster, you know?
pail	you know where gasoline if you leave a little pail of gasoline out before long it's goneThis was Mr. Mug the Milkman, depicted with slopping-over pail and hand-bell, who maintained the alliterative pattern.
pal	Dole pal Tom Korologos explained that by "sitting on the beach," Dole "shows confidence.So before I wax too maudlin, let me just say, Jodi, that you've been a great morning pen pal.
pamphlet	The WP 's Al Kamen points to an odd passage in an anti-drug pamphlet with a foreword by Sen.Achmed-Oedipa for now-put down the illustrated pamphlet she was memorizing with little enthusiasm. "
pane	For those who made ends meet by sponging meals, Mangiapane ( pane bread) filled the bill.You'll also see a lot more cool features, such as HTML mail and Preview Pane, to name but two.)
panther	Bobby Rush, D-Ill., a former Black Panther, that Daley had neglected poor people.You know, at that time I was like you, panther here in North Carolina?
pantry	After watching 101 Dalmatians , I too wanted to drive to Pet Pantry to buy Dalmatian pups ...Parents drive to the Pet Pantry to buy Dalmatian pups for Christmas.
pants	The other moral: Superheroes should never travel without their codpiece under their pants.and not so much our pants but you wear a sweater and a short sleeve shirt underneath that
parachute	[It] served to secure--open as well as closed--a variety of things, parachute packs and hatches among them.”right they go around in their little coaching shorts or parachute pants
paradise	Charmed by the tropical paradise, they quickly spread the word about the beauty of Jamaica.Her new novel, Paradise , follows black families venturing westward after the Civil War.
paradox	Accordingly, they display cynicism, or alas, lead the reader into ambiguity and paradox.Consumption of fish from fresh and marine bodies of waters poses an interesting paradox.
paradoxically	Paradoxically, the timesaving is more real the smaller the amount of time to be saved.Paradoxically, we observed higher concentrations of the IgG1 isotype than of the IgG2a isotype.
paralysis	I think they all recovered, but a couple of them had a, a recur, recurring touch of paralysis.Musculoskeletal paralysis does not attenuate the effects of catecholamine release.
paralyze	11) A trial would be too awful because it would paralyze the government and force the Senate to delve into sexual details.An impasse on disarmament could paralyze the two-month-old power-sharing government in Belfast and may ultimately spur the UK to re-impose direct rule.
parcel	Speaking of delivery confirmation, it is currently available for Priority and Parcel Post.The Russians have been part and parcel of our effort to try to find a peaceful solution."
partition	k,B ) denote the observed similarity statistic for the k -cluster partition of the data.(b) Apply a clustering procedure to the learning set b to obtain a partition (·; b ).
passive	Thus, the number of passive vs. active investors will always fluctuate around an equilibrium.In his speech last August, Clinton used weasel words and passive verbs to minimize his deceit.
paste	Consistency: This is determined foremost by whether the toothpaste is a "gel" or a "paste."The statue’s face is entirely obscured by red paste that is smeared on by worshippers.
pastime	Pursuing a favorite pastime was known as riding one's hobby horse , the origin of hobbies .Bowling is also a popular pastime, and both Puerto Vallarta and Acapulco have good facilities.
pasture	He bought a number of farms and apparently loved to sit in the pasture and meditate on his cows.Throughout the entire region, high ground breaks up areas of rolling meadows and verdant pasture.
pathetic	It's this futile whoring after primary votes that has made Forbes such a pathetic figure.you know but gosh it's uh it's getting pathetic now if i get through a magazine i've been
patriot	On the early development of the Patriot Act, see, e.g., Brill, After, pp. 73-76, 120-125.The patriot is remembered through personal effects; he met his death in battle in 1873.
patriotic	[T]he historian warms to this vain, chippy, wild-eyed, paranoid, and fiercely patriotic seer.McCain's somewhat ungainly slogan, "The New Patriotic Challenge," owes a debt to this.
patron	People flock here on 23 April, the feast day of Barcelona’s patron saint, Sant Jordi (St.Sint Nicolaas is an important saint for Amsterdam, being patron of the city and of seafarers.
pave	U.S. strategists hope that killing these loyal soldiers will pave the way for a coup d'etat from within the ordinary army.(Even so, the LAT says in its lead's subheader that yesterday's votes "could pave way for public broadcast" of witness tapes.)
paw	puppy toes a plant of the genus Euonymous, also called cat's paw and burning bushThe paw swelling for each mouse was calculated by adding the four thicknesses of the individual paws.
payoff	Therefore, fewest rank changes will occur in linear sequences with large payoff intervals.His enemies are trying to deprive him of that payoff by binding the two stories together.
pea	um-hum do you go like home cooking like Black-Eyed Pea and that kind of thing or cafeteriaThe PEA identified a gradual increase in the proportion of resistant virus from 14-P2 (0.
peach	Um, and then she would read us, you know, chapter at a time of James and the Giant Peach.If you can afford it, we'll happily suck the fat out of a poodle or a peach cobbler.
peacock	Among them: lesser fish eagle, crested serpent eagle, osprey, peacock pheasant, and garnet pitta.Zitzewitz Spotswood L. Berten Bean Monica L. Spruance Munro Peacock Monica M.C.G.
pear	The retroviral vectors and ecotropic packaging cell line, BOSC23, used were obtained from W. Pear (U.yeah um i i don't i'm not familiar with that pear tree uh but it's a non bearing pear is that right yeah
pearl	Traders followed in his wake, setting up bases in several parts of the Pearl River estuary.If the audience could have half as much fun as Pearl is having, Payback would be a kick.
pebble	The tempting shops and first-class restaurants more than make up for the crowded pebble beach.All others are discarded and the collector can be seen caressing the pebble, rubbing all worries away.
peck	"Gregory Peck about Charlton Heston's moving up the list of Hollywood's All-Time Assholes."First it cheaped out on maintenance, letting birds peck away the roof's foam covering.
peculiarity	Ironically, this was one peculiarity the rest of the world came to consider typically Chinese.Here's the peculiarity: She also never refers to Bill Clinton by name.
pedal	You can take a pedal boat, a stable two-seater propelled by a bicycle-like waterwheel.You’ll quickly learn to listen for the warning bells and stand clear as their riders pedal by.
pedestrian	The economics articles, while a good idea, have proven fairly trivial and even pedestrian.The street is now a pedestrian precinct, and boasts some of the city’s most stylish cafés.
peep	5%) at PEEP opt as compared with PEEP baseline . The pH i at PEEP max was lower in 12 (70.It is also noteworthy that there may be individual variations in pH i in response to PEEP.
pendulum	Although the pendulum swung back after Angleton's forced retirement, it did not go very far.Exhibits include the Hall of Science, with a Foucault Pendulum and a Cosmic Ray Cloud Chamber.
penetrate	The needle must penetrate to the corpora cavernosa--the rods of spongy tissue in the penis core.The Moors failed to penetrate much further north than Aveiro about halfway up the Atlantic Coast.
penetration	His paper claims the highest reader penetration in the nation and is immensely profitable.The CDs get louder or softer, but the quality of penetration fails to vary.
peninsula	T he early history of Portugal is closely related to that of the entire Iberian peninsula.There are about 1,000 elephants on the peninsula, and twice that number in eastern Sabah.
perch	The observation deck around the house is the perfect perch from which to admire the view.A rod, pole, or perch was measured by a stick, the Old English rodd being 5½ yards.
perfection	As Salvadore Dali famously pointed out, “Have no fear of perfection—you'll never reach it.”I say surprising because their first movie, Blood Simple , came so close to perfection.
perfume	that's right and my number one pet peeve in a magazine is when they put the perfume in itI cannot wait to see a new perfume marketed under the name Mephitis, Osmatique, or Puanteur.
peril	"You turn down the president of the United States at your own peril," says one movie producer.A weaker America will result from the idea that we can triumph without peril to our armed forces.
perimeter	These new arrivals have created a series of shanty-towns around the perimeter of the city.Take a walk around the perimeter for breathtaking views of the valley below.
periodic	Sections were stained with hematoxylin and eosin (H&E) or by periodic acid-Schiff (PAS).Periodic checks of G418 resistance revealed no significant loss of the resistance phenotype.
periodical	Almost all Periodical mail rates will be lower than those proposed by the Postal Service.The third ranked medical education periodical was Medical Teacher with an IF of 0.574.
peripheral	Both SecB and the preprotein provide binding sites for SecA, a peripheral membrane ATPase.Flow cytometry of the bone marrow and peripheral blood revealed no evidence of malignancy.
perish	Government of the people, by the people, for the people shall not perish from the earth.The nation shall defeat “death:” it shall have “a new birth” and it “shall not perish.”
permanently	Poor day care doesn't seem permanently to harm kids whose lives are otherwise in OK shape.Today the stalls still float on the water but are permanently attached to the canal wall.
permeate	That is appropriate, too, for naturalism and artlessness permeate this charming scene.Recently the ashtray smell has begun to permeate our apartment--I presume through the wooden floors.
permissible	but uh apparently for some some crimes it's permissible to have six people sit in judgmentI mean to say only that if we ever did want to trash Earth, it would be morally permissible.)
perpendicular	Partitions are perpendicular to the direction of branches in the tree (Figure 1).In fact, neurite growth often occurred in directions perpendicular to the tract.
perpetual	Pope John Paul II envisions hell as a state of perpetual angst rather than as a fiery pit.At the New York Philharmonic and elsewhere, labor and administrative conflict seems perpetual.
perplex	•On the Spanish mainland, late dining hours perplex visitors.
persecute	Awed by his authority, the political leaders of his day embrace his legacy, distort his words, and persecute their enemies in his name.5) Analysts worry that Kabila is too beholden to foreign-backed Tutsi military commanders, who may persecute Hutus and inflame ethnic tensions.
persevere	But if you persevere, you will begin to understand what the Chinese see in this age-old art form.The alternative perspective goes overlooked: that the question is what NATO must do, that atrocities are a challenge rather than a verdict, and that NATO should persevere precisely because they continue.
persistence	To explain the persistence of the large tubeworm colonies in the Gulf of Mexico, Cordes et al.Guidance for determining the persistence of the sample is provided in Subsection 8.7.
persistent	The sad, persistent fact about Clinton is that he tells only as much truth as he needs to.Others dismiss the book for its dearth of sources and persistent focus on malicious gossip.
perspiration	She did not perceive any difference in perspiration between the two halves of her face.i remember i had a college professor who once said that genius is one percent inspiration and ninety nine percent perspiration
persuasion	Though it may not be apparent to everyone, my close friends are fully aware of my "persuasion."84 Rather than just asserting their own desires, they try friendly persuasion.
pertinent	)? That is not, strictly speaking, a subject pertinent to the title of the book.Below, pertinent details of stories in today's New York Times , each followed by a pair of headlines.
pessimistic	Our less pessimistic view of the future of these industries should not be misinterpreted.The pessimistic fine print: drug abuse among young adults and minority groups is rising steadily.
pest	They called the place Contra-Aquincum; it is still at the core of the inner city of Pest.The ﬁrst record of Pest, meaning “lime furnace” or “ovens” in Slavic, comes from 1061.
petroleum	The center of Terengganu’s petroleum industry is Kerteh, with its refineries and gasworks.the petroleum pretty much i mean those petroleum products i think are the big uh you know
petty	How wonderful that you are not beset by stupid everyday concerns and petty moral dilemmas.uh any need that's going to drive them to to petty theft or or to that type of crime
philanthropic	Churches, trade unions, philanthropic bodies, and clubs are examples of such institutions.Nonprofits are courting the new plutocrats in hopes of scoring philanthropic millions.
philanthropy	Unfortunately, our view of the importance of philanthropy is not shared by all Americans....a living tradition of voluntary action for the public good known as "philanthropy."
philosopher	But it's all connected, as some famous philosopher once said, or maybe that was my mother.Neuharth, it turns out, is a more important 20th-century philosopher than anyone expected.
photographic	Avedon has done much to revive the portrait as a central genre of photographic art.I mean, you basically just have, you know, it's not, like, um, photo, photographic.
physicist	The physicist studies redundancy in the context of order and disorder of physical systems.But abundant caution: I am not a physicist, the problems are profound, and we risk nonsense.
physiological	Effect of protein kinase inhibitors on physiological and PMA-potentiated response to IFNgBecause we attempted to determine physiological changes, a short study period was required.
pickle	Simmons' American Cookery included a recipe “to pickle or make Mangoes of Melons.”sandwiches and chips and a pickle you know but you still and that's five fifty
pier	And I mean hundreds and hundreds and hundreds of seals just started coming to this pier.At Eloúnda you can explore the remains of Ólous, and Mátala has a port and harbor pier.
pierce	Protein concentrations were determined using the BCA Protein Assay (Pierce, Rockford, IL).Protein amounts were measured using a BCA assay kit (Pierce, #23227) and spectrophotometry.
pigeon	Reading between the lines, one can infer that poisoning a pigeon is not a federal offense.My only regret is that I passed up a chance to order roasted pigeon in Florence.
pilgrim	There’s an even better view from the top of the 253-ft (77-m) Pilgrim Monument in Provincetown.The take-charge British prisoners dazzled us, as they had Vonnegut's Billy Pilgrim.
pillar	Pillar of Fire: America in the King Years, 1963-65 , by Taylor Branch (Simon & Schuster).His architect, Deepa, is also here, in the third row of pillars, first pillar on the right.
pinch	Adequate anesthesia was demonstrated by little or no withdrawal reflex to a toe pinch.In a pinch, the stage manager, who had seen Charlie at play, led the little boy onstage in her place.
pineapple	Then she lifted her dress over her head and sang 'They Call Me the Pineapple Princess.Hopes were raised, and also fizzled, over Bahamian citrus and pineapple.
pious	The ardent, pious wife, taming the young prince, guiding him to his glorious destiny.By contrast, pious Jimmy Carter once described himself as a "nuclear physicist."
pipeline	This was to ensure that the pipeline could easily be tuned to the needs of the curators.We also needed to adapt the pipeline to different types and qualities of input sequence.
pirate	And he went and he put on his roller skates and he beat everybody back to the pirate ship.If you're enough of a pirate to be worth bothering about, Spielberg's lawyers will get you.
pistol	was recording what was before it or more likely he didn't care, opening up with his pistol,or a UB forty i mean a a pistol would be fine it's more for a scare tactic than anything else
piston	Then more work was done to compress and heat the gas by pushing on the piston from the outside.There are exceptions, yes, such as Detroit Piston Grant Hill, who wears Fila shoes.
plague	Never mind that she thinks AIDS is a man-made plague to kill Africans," sneered Caprice. "And the treasury was empty after earthquake, famine, and plague had crippled the economy.
plantation	The hillsides that surround the monastery are the site of Hong Kong’s only tea plantation.It has a couple of sites worth visiting — the Sandwich Glass Museum and the Heritage Plantation.
plaster	hum yeah that's interesting no ours you know wouldn't they were just regular plaster wallsSlowly, I entered each battered room And saw the cracked plaster, the discolored walls.
plateau	At a window size of about ten genes, the net number of genes begins to plateau (Figure 1).The first plateau gives us 31 clusters, which is unrealistically large for the study area.
plausible	But it's plausible that in reality, that's not an upside and a downside--it's two upsides.A plausible estimate of the number of genes per cell is now available for many organisms.
playground	um we we spend a lot of time at the playground and we go to the zoo and we go and we watchAnother is withdrawal of privileges, such as a visit to the playground or a weekly allowance.
pledge	Bradley, more cautious by nature, has declined to take a pledge of unilateral disarmament.Soon, a representative of the IRT will be calling you to take your pledge over the phone.
plentiful	As befits the City of Plentiful Water, ponds make up the better part of the terrain.Weekly free time for privileged Americans with demanding careers is still plentiful.
plough	"The term comes from Greek words that describe the way an ox-drawn plough turns in a field."From here he would plough furlongs (i.e., a furrow long), of 10 chains or 220 yards.
pluck	by referring to the goings-on at a chicken-processing plant as a "gang pluck."Is it acceptable to pluck "Little Nut" Miller off St. Kitts?
plug	NOTE: This article includes two live spreadsheets where you can plug in your own numbers.Salesmen will visit your home, plug you in, and explain all the machine's wonders to you.
plump	That's the moneymaking way to appeal to the timid, the plump, and the contented-i.e.Her "plump, dumpy" watercolor portrait of Jane shows an unremarkable woman utterly lacking in energy.
plunder	The Los Angeles Times front goes with looters carrying their plunder by a blazing overturned car.It requires an entrance fee, as does the Tesoro (Treasury), a collection of the Crusaders’ plunder.
plunge	As you plunge into this fascinating city, you’ll find that planning your day is not easy.Sheer cliffs plunge dramatically to the Mediterranean, and the cape juts out to sea.
plural	In my dialect of English, however, the plural of post is pronounced something like [poss].It may not even represent the plural of Old English hlyw burial mound as usually explained.
plutocrat	All pairs are genuine, although Forbes and Archaeology may be an imperfect match; Forbes might more accurately be paired with Bloated Plutocrat , were there such a magazine.An article about Ted Turner and Jane Fonda's marriage asserts that Fonda always dissolves herself in her male partner, whether he's a radical like Tom Hayden or a plutocrat like Turner.
pneumatic	metering valve ■ A pneumatic or mechanical conveying system for moving the sorbent to the injection location
poison	we had to put so much poison out on everything that we thought who'd want to eat that stuffChoose your poison: Slate attracts about 6,000 unique browsers a day and 80,000 a month.
poisonous	Other highlight: A visit to the "most poisonous place on earth," a Nevada nuclear-test site.Reassuring note: Unlike Martinique, Guadeloupe has no poisonous snakes or other harmful animals.
poke	Still, the tip of political e-commerce is beginning to poke up through the Web's surface.And if you need more, there's two years' worth of our archive, "The Compost," to poke around in.
polar	c • (1/ratio of furrow cortex to cytoplasm), and the concentration in the polar cortex wasOn Mars, there is ice-rich ground in the cratered southern polar regions (Feldmann et al.
polarity	In this tissue the fz pathway controls polarity by regulating the R3/R4 cell fate decision [ 7 ] .The ss stretches are present in a unique orientation and therefore have only one type of polarity.
pollute	The radioactive fuel is safely encased, and will not pollute the atmosphere if the spacecraft explodes.and they do all these studies on which ones pollute more and then there's the paper and plastic bag question
polymer	The biotinylated proteins were detected using streptavidin HRP polymer (1:10,000 dilution).The procedure for constructing a wild-type polymer model is shown schematically in figure 2A.
ponder	(And everyone should now take a few minutes to ponder the meaning of it in the preceding sentence.)Without a blush I eyed ground-hugging plants and reeled off their names: Hex, Ponder, Explicit, and Envy.
porcelain	One turn of the ramp and you can get a pretty good education in the origins of porcelain.There is also some astonishing Rococo porcelain from Meissen, Vienna, Berlin, and Sèvres.
pore	‘They have a uniform nanoscale pore structure and are chemically inert and biocompatible’.He oozed empathy from every pore, getting all over every questioner like a cheap suit.
porridge	A more unusual dish is a«ure, a kind of sweet porridge made with cereals, nuts, and fruit sprinkled with rose water.English is reduced to a bland, verbal porridge.
portable	Portable Network Graphic (PNG) File showing that mature TGFβ 1 binds to α V β 6 integrin.um i have one uh a Wang or um sorry a Compaq portable that my son picked up at one point
porter	[I]n "You're the Top" Porter does not capitalize on the text's potential for realism.nd strike out with a good trekking guidebook but no Nepali guide or porter. Most pe
portuguese	Only the LAT front pages the award of a Nobel Prize to Portuguese novelist Jose Saramago.From the ramparts are superb views of the Portuguese plains and Spain across the border.
positively	Test organisms should be positively identified to species (see Section 6, Test Organisms).These data also suggest that IL-10 positively regulates IFN-γ, either directly or indirectly.
postage	8 million) and if the terminal dues in FY 2000 had been based on domestic postage (-$172.Source for householdlevel postage expenditures and other non-durable goods expenditures.
postal	An analysis of separate postal systems for bulk mailers is beyond the scope of this paper.In Current Directions in Postal Reform, edited by Michael A. Crew and Paul R. Kleindorfer.
postman	We no longer are in the position evoked by Auden, passively awaiting a connection with the outside world through the postman.If we allow Tomorrow Never Dies the traditional James Bond logic waiver, only The Postman , of all the major releases, had true lunacy at its heart.
postpone	Andy and some of the SNL people took this to mean you could postpone the laugh forever.There, endless calls for more study postpone necessary but unpopular changes in policy.
postulate	Some postulate that the “new genetics” will render conventional notions of race obsolete.The equality of nations has become a postulate of the international legal order.
poultry	Here fresh fish, poultry, and vegetables are sold, as well as clothes, newspapers, and CDs.Animal product consumption was very low, especially intakes of meat, poultry, and fish.
practicable	Here, unlike the situation in Kosovo, military intervention is neither necessary nor practicable.Therefore despite the inherent limitations, fecal examination is the only practicable way of collecting data on parasites.
prairie	A building in Wright’s unmistakable Prairie style, for example, simply looks like a knock-off.Alberta, Saskatchewan, and Manitoba form the Prairie Provinces, sharing the same rugged climate.
preach	Idealists preach responsibility and courage, which realists dismiss as hubris and folly.He chose not to attack Church corruption but instead to preach the values of a Christly life.
precaution	A negative control without DNA was run with each PCR as a precaution: no contamination was detected.The lysis buffer was used as a safety precaution to minimize work with potentially infectious virus.
precedent	The precedent exists at a primary research level for adopting remedication as an outcome.A precedent has been established by our sister school, IU School of Law - Bloomington.
preceding	And this $125 is divided between them exactly as we prescribed in the preceding paragraph.We began by deleting a portion of the loop-8 insert, described in the preceding section.
precipitate	The anti-Id mAb was also able to precipitate a 52,500 Da molecule in the NG 108-15 cells.Therefore, CAP would be expected to precipitate in a normal acidic vaginal environment.
precision	, those that met test acceptability criteria) that were used in the analysis of precision.Most of these are crisp and pithy in the extreme, with an admirable precision of thought.
preclude	A negative result from a chronic toxicity test does not preclude the presence of toxicity.This restriction does not preclude the requester from sharing the product with other Members.
predominant	2-kb predominant transcript is larger than the longest available mRNA sequence of 3,647 bp.Anti-Sa antibodies identify a male predominant subset of RA patients with severe disease
predominantly	The source of balances for some revolving funds may not be predominantly exchange revenue.The deaths occurred in the third trimester and predominantly after 32 weeks' gestation.
predominate	The carvings come in a bewildering variety, though animal and fish motifs seem to predominate.Unfortunately, specific biovars tend to predominate in certain geographical areas.
preface	As Whitcut carefully indicates in her Preface, chapters 3-14 and 18 are “almost pure Gowers.Rayfield says in his preface, "Biography is not criticism," and he assuredly keeps his word.
preferable	A much-less preferable bus service also operates from Barcelona by Transportes Julià (Tel.For most applications of genome polymorphism scans, higher STRP densities are preferable.
premature	Family history of premature coronary artery disease is a major but underused risk factor.All infants were positive for RSV and none were premature or had bronchopulmonary dysplasia.
preposition	Is it just because I am English that I resent the dropping of a small preposition?"Can you give an example of a sentence that does not contain a preposition?"
prerequisite	Hence, targeted degradation of TAF II 135 and TBP is a prerequisite for proper F9 celll differentiation.This oligonucleotide design strategy has been widely viewed as a prerequisite for accurate gene-expression measurements.
prescribe	The computer won't accept my drug orders if I prescribe the wrong dose or ignore an allergy.But doctors are afraid to prescribe high doses for fear of lawsuits and licensing investigations.
presently	Inspecting the Arab-looking beauty through a flat green lens, South presently says, "OK.The Board presently has an active project to address standards for natural resources.
preservation	Preservation Values for Visibility Protection at the National Parks: Draft Final Report.5 mM MgCl 2 and stored in viral preservation medium (25% glycerol/5 mM Tris pH8/50 mM NaCl/0.
preset	min are preset thresholds (see Parameters of the Clest procedure section below).On 9/11, there was no preset teleconference for a domestic terrorist attack.
preside	Still "poor Henry" must sit up on the dais, ashen-faced, and preside over this sorry, sorry Starr spectacle.Yes, the Constitution requires him only to preside over the Senate and to break any tied vote on verdict or procedure.
prestige	It's hard to believe that bohemian black is gone for good, because its prestige is so great.He believes he cannot afford the loss of prestige that would accompany a compromise on Kosovo.
presume	Stevenson's eagerness for violence is his own business; he should not presume the same of others.Recently the ashtray smell has begun to permeate our apartment--I presume through the wooden floors.
pretext	Hitler used the fire as a pretext to eliminate Communist and all left-wing opposition from German political life.Conservative judges, Schultz argues, have used sexual harassment law as a pretext for preserving "women's virtue."
prevail	Only such efforts will prevail in mitigating the effects of both HIV and conflict in Nepal.Yet understanding and tolerance among people of different faiths can and must prevail.
prevailing	Department of Labor reflecting the prevailing wages in the particular agricultural sector.It's not academic performance (or whatever the prevailing measure of the moment was) after all!
prevalence	More accurate, more recent research shows that the prevalence of adultery is not as high.The prevalence was defined as the proportion of samples showing the presence of parasite.
prevalent	Former smokers were most likely to have prevalent atherosclerotic cardiovascular disease.At inter-atomic distances greater than 6Å, SS and SB interactions are just as prevalent.
prick	"Listen you little prick, handgun registration is fine but licensing is a step too far."There was not moonlight nor the prick of lantern light from some welcoming home.
primate	It is the reason that, in many primate species, males are so much bigger and stronger than females.The genes within this family share a common genomic structure that is conserved with primate Ear genes.
principally	The extracellular domain of any receptor is concerned principally with ligand recognition.Of course, neither law enforcement nor education is principally a federal responsibility.
prism	All statistical analyses used GraphPad Prism (GraphPad Software Inc., San Diego, CA, USA).The analysis of drug activity was performed using PRISM software (GraphPad Software, Inc.
probable	He believed that there was sufficient probable cause for a criminal warrant at that time.It is probable that many CSEs located in promoter regions contain cis -regulatory elements.
probe	Each probe pair consists of two probe cells, the perfect match (PM) and the mismatch (MM).The T m for the 3' arm of the probe annealed to target was designed to be between 60-65°C.
procession	In late spring, the streets are carpeted with flowers for the procession of Corpus Christi.Every year the school organized a Las Posadas procession through the streets of Tucson.
proficiency	To do it yourself, or charter “bareboat,” you’ll need to demonstrate proficiency.WORD PROCESSORS - TEMPORARY - several positions open proficiency with at least 1 language necessary.
proficient	Any proficient lexicographer should be an acute observer of modernity in all its aspects.You probably have been using these tests for years and have become quite proficient at them.
prohibition	or even the kind of creative flights to which linguistic prohibition could inspire O'Casey.1919: Congress Votes for Prohibition, Celebrates With First Toast in Congressional Speakeasy
projecting	Its airy, projecting oriel-shaped balconies are seen as a symbolic image of Jaipur style.If Bush succeeds in projecting such sensitivity, the cure may prove worse than the disease.
projector	A superb Runco quadrupling projector, DVD as source, THX surround, 10-foot-wide screen, etc.well the you buy this little little piece of equipment and you use your video camera of course and uh your projector
prolong	Maybe those who want to prolong oh by more than a breath should learn to write ohhhhhh .1B, DBD), which still targeted to peri-centromeric chromatin, did not prolong G1 (Fig.
prominence	In any case, though, the idea is never to thrust actual breasts into actual prominence.As Eisen comments: ‘No other developmental model has risen to prominence so quickly’.
promptly	The airline returned him without charge to his concerned parents, who promptly grounded him.The employee and/or timekeeper should promptly disclose any discrepancies to the supervisor.
prone	They are also alarmingly prone to say things like "I'm a stickler for the Constitution."and i do uh twenty uh leg lifters on each side you know when you're prone laying on the floor
pronoun	so if you run for office, by all means use the first-person pronoun so that people won't make fun of you.Sometimes it is not the case that is wrong but the pronoun itself: the organization who; the people which .
pronounce	Critics pronounce Martin Scorsese's biopic about the young Dalai Lama beautiful but dull.), and run into the back room for her textbook in order to ask how to pronounce “banal.”
pronunciation	TV and radio announcers seem to obey changes in pronunciation rather than initiating them.Everyone has a pet peeve, be it a misused word, an unusual pronunciation, or what have you.
propaganda	But the worst of it isn't the propaganda that passes for conservative thought these days.This is Orwellian logic at its best; it is reminiscent of communist propaganda at its worst.
propagate	The trouble is that Stephanopoulos himself helped propagate those lies in the first place.To propagate successfully, they must exploit numerous machineries of the infected cell.
propagation	We must grapple with the emergence and propagation of organization itself on its own terms.If cells were supracritical, propagating organization would poison its own propagation.
propel	(Gorney introduces us to hundreds of other activists, but it is Widdicombe and Lee who propel the narrative.)We claim nostalgia for 19 th -century moral standards and propel the Book of Virtues to the top of the best-seller list.
propeller	The shooter was a jet fighter and the bogey was an unarmed reconnaissance propeller plane.Propeller-Head Jesus has a halo with a red cross in it that looks like a propeller.
prophecy	William Strauss and Neil Howe are co-authors of The Fourth Turning: An American Prophecy.As it turns out, Fleance escapes to fulfill the prophecy of Banquo begetting a line of kings.
prophet	Such is the fate of Washington's reigning prophet, Federal Reserve Chairman Alan Greenspan.Prophet Mohammed’s Birthday is commemorated by processions and public readings from the Koran.
proportional	There was a proportional decline in the viral titer of the postcentrifugation supernatant.These scores are proportional to our confidence in the accuracy of the predicted base pair.
propulsion	International Space Station Propulsion Module Procurement Process, GAO-01-576R, April 26, 2001.a new version of propulsion that they're looking at um are you familiar with uh the solar sail idea
prose	... Lewis's sparse prose gives her tale the mysterious inexorability of an ancient saga.Being able to anticipate story organization eases the task of making sense of written prose.
prospective	luncheon appointment with a prospective client to do um marketing communications for them1.9, formerly methodology transfer paper 9. Prospective Evaluation Methods: The Prospective
prosperity	Commentators opine that their childhood prosperity will make them generous and idealistic.Beijing’s announced policy of maintaining Hong Kong’s prosperity and stability makes sense.
prosperous	Prosperous and colorful, it is well prepared to take the country into the next millennium.Under the Moors, it was one of the many prosperous villages within the Kingdom of Granada.
proton	There are approximately 10 copies of subunit 9 involved in forming the proton channel [ 30].In bR, the ejected proton is thought to originate from a triad of amino acids, R82-E194-E204.
prototype	The remaining eigen vectors were used as prototype centroids for that clustering cycle.This suggested that ERF was the prototype of a family of conserved bacterial domains.
proverb	..” including, as far as I know, the age-old proverb, “Where there's life, there's hope.”Behind the telling proverb is a salutary regard for something infinitely more powerful.
provocative	Refreshingly provocative" Reversing these duos would have given a whole other impression.I began this column with the provocative thesis that software isn't anywhere near bloated enough.
provost	Don Michael Randel, currently provost at Cornell University, has been selected to succeed Hugo Sonnenschein, who stepped down in June.In the Rue des Forges, note the Hôtel Chambellan (at number 34) and the Hôtel Aubriot (at number 40), home of the Provost of Paris who built the Bastille prison.
proximity	Other methods include the chromosomal proximity method and the phylogenetic profile method.Human OCs arise from HSCs in close proximity to stromal cells or from blood monocytes.
prudent	The prudent response, however, is not to abolish probation and parole, but to reinvent them.In the world's current parlous condition, "US leadership and prudent US policies are vital," it said.
pudding	Now it seems to be more like rice pudding," and finds this to mean "Voter excitement has dimmed."uh well i made a a um a bread pudding uh fancy style and it came out really good
puff	As for Puff Daddy, isn't he the one who dates the girl with the much discussed big behind?His work ranges from routine commentaries on the day's political news to celebrity puff profiles.
pulley	so i was on my way to work one day and uh the water pump pulley split laterally in half95--And you'd be nuts to mess around with a pulley system without the panic snaps.
pumpkin	This was termed as giving cala-bazas (squash or pumpkin) and was a great insult to the wooer.*In a separate pot, boil spinach or pumpkin leaves for several minutes until tender.
puppet	The Los Angeles Times dismissed Sinn Fein boss Gerry Adams as "a puppet of the IRA's hard men."Barzani insists that he's not Hussein's puppet, and that Iraqi troops have withdrawn to the south.
puppy	we were trying to find some pictures of him recently we've got so many when he was a puppywell well i have a a a new puppy in this house it's been i've had her here about two weeks
purify	The rabbit serum was applied to an affinity column to purify the anti-III 1-C antibodies.The Muslims tried to purify the Islamic practice of the Hindu rituals which had accrued over the years.
purity	The Phenylsepharose column increases the purity level to 24%, with approximately 5% loss.Having hit 90 percent 15 years ago, you wouldn't think that heroin purity could keep rising.
pyjamas	Similar to the cat's whiskers is the cat's pyjamas meaning anything that is very good, attractive; American in origin from around 1920, it had become Briticized by 1923.
qualitative	Definition of "sequence signatures" is qualitative and has not been tested statistically.Surely there is a qualitative difference between a police state and a sclerotic republic.
quantify	Indirect, competitive ELISAs were used to quantify the tubulin isotypes in tissue samples.3 μl Quantum mRNA classic 18S primers from Ambion were used to quantify total RNA levels.
quantitative	Quantitative analysis of ERα expression in western blots and extent of syncytium formationAnother advantage is that carotid atherosclerosis can be treated as a quantitative trait.
quarrel	That herethe essence of a colony's defencewas the substance of the quarrel with its purpose:But he does concede that it is OK, intellectually speaking, to quarrel with Alan Greenspan's judgment.
quart	Simmons American Cookery tells us to use “a quart of emptins” when making plain cake.take about a quarter and a half of milk and i put it in a two quart saucepan and you put it on a really low heat
quarterly	Your gift can be made in one payment, in two semi-annual payments, or on a quarterly basis.Your gift can be made in one payment, two semi-annual payments, or on a quarterly basis.
quartz	His 1990 jeremiad, City of Quartz , was a classic of well-directed rage.At its best, it's a sequel to City of Quartz , using the environment as a window onto Los Angeles' social problems.
queer	"And," added my addled friend, "I have a whole idea about the history of queer culture.The too-long but hilarious cover essay exposes the ridiculous academic shenanigans of "queer theorists."
quench	Because an excess of unlabeled calmodulin was able to reverse 70-95% of the quench (Fig.Supplemental vitamin E was added to quench in vivo lipid peroxidation due to the diet.
questionable	Apparently, other members of the clown's family have also received questionable payments.Furthermore, a quality control (QC) filter is used to remove questionable array features.
queue	Newly arrived, I taxied to my office and found what seemed to be a queue by the elevators.Bicha in Portugal means a `queue'; in Brazil, it is very crude slang for a `homosexual man.
quicken	yeah i've i've got i've got direct direct deposit i find what i helps a often lot is i have Quickena NYT front piece announces "Florida Passes Bill to Quicken Execution Pace."
quilt	yeah we get help with the quilt so we enjoy that and then i do a lot of quilting on the sideit's very tedious if you don't have a whole group you're not finishing a quilt in a long time
quiver	Did Morris have documentation for a snake-like quiver rushing through the crowd, or for its foot-shuffling?I miss the translator's search for the quiver and the nightingale!
quiz	News Quiz participants are still encouraged to attempt this far more demanding verse form:During the evaluation the supervisors administered a ten-question malaria knowledge quiz.
quotation	For the quotation, see White House transcript, Libby interview with Newsweek, Nov. 2001.Randall, 357 U. S. 513, 519 (1958) (internal quotation marks omitted); see also Regan v.
racket	Most tennis courts and many hotels offer racket rentals ranging between US$3 and US$6 per day.(The Development and Foreign Aid section includes a piece by Maren titled "The Food-Aid Racket".)
radar	The next scene is a closer rear view of the truck, the radar antenna relentlessly turning.The babes with radar for difficult men have the idea that they can "fix" a guy or tame him.
radial	Figure 1summarizes the results of radial TAR cloning of the transgene with those vectors.Both initial binding and radial diffusion will decrease the concentration of free (i.e.
radiant	The Chenna Kesava Temple in Belur is also dedicated to Vishnu the Radiant, but it was built in 1117, 150 years before the Kesava.Plants were discarded when they received less than 0.80 relative units of radiant energy during the final 3 d prior to 2°C treatment.
radiate	Dear Prudence, by contrast, must radiate moral absolutism and be judgmental in the extreme.For Subtribe Artemisiinae, the Artemisia -group of species, are sister to the radiate genera.
radiator	Also, you would be well advised to carry spare water, just in case the radiator boils over.okay it's in the front of the engine uh say like directly behind the radiator or the water pump
radioactive	The specific activity of the radioactive thiamine was the same for each concentration used.And Buchanan is "on the cusp of becoming radioactive politically," says Mark Shields ( NewsHour ).
radioactivity	Radioactivity retained on the filters was measured using liquid scintillation counting.In these assays, RNAseH activity is measured as a reduction in TCA-precipitable radioactivity.
radish	raphanidoo thrust a radish up the fundament, a punishment of adulterers in Athens.The detection was brown precipitates as a result of the reaction of DAB with horse radish peroxidase.
radius	03 poise), Q is blood flow rate (mL/s), and r is arterial lumen radius (centimeter) [ 2 ] .To obtain an acceptable lower bound, we calculate the spectral radius at each frequency.
rag	, about $100 if I use Strathmore, a competing paper, which is only 25 percent cotton rag.The island’s homecrafts include weaving the rough Québécois rag rugs known as catalognes.
rainbow	Oncorhynchus mykiss (rainbow trout) and Salvelinus fontinalis (brook trout) (Table 15).For the last two years, Latvia has been governed by a six-party "rainbow coalition."
rainforest	Preserved from logging, most of the rainforest has remained.Chatterbox continues to worry that the rainforest is disappearing, but agrees the 40 percent figure is probably too high.
rainy	record what oh wow that's something we've had a really wonderful Spring it's been rainyDrunk, unable to move his tongue, desperately lonely, he fell into the rainy gutter.
raisin	Not long after settling here I asked for a raisin scone in one of the city's tonier tea-rooms.A Raisin in the Sun was the title?
rake	4) The main characters will get out of jail and launch new shows to rake in new jackpots.and she's good she'd think about bringing a rake so you can rake your area out and you know
ramble	I made up my mind that Muscat Ramble was almost certainly the original name of the tune.So, uh, thank you, thank you for this time for listening to me ramble about my stories.
rap	yeah yeah yeah i don't enjoy rap too much either that that doesn't appeal to uh uh my earsBoth magazines cover the Biggie Smalls murder and assert that gangsta rap has gone too far.
rapidity	Och, he intoned with Bren-gun rapidity, He's jeest a nyatterin' wee nyaff wi' a skelly cacke'e an' a manky, broony-kinna gansey.Trading in Malaysia has become legendary for the bewildering and profitable rapidity of calculations of ringgits and yuan, dollars and now euros.
rapture	Such is their exuberance and rapture that real outbreaks of violence can occur.Together, they drive the men, now sobbing and vocalizing their fearful rapture, to greasy black leather slings.
rascal	At school her children are surrounded by a rascal of boys and, on occasions, a flock of girls .It would be more true to say that Gopnik's need to see Picasso as a rascal deforms his view of Picasso's art.
rash	Still, it would be rash to consider Culeman-Beckman's paper (and Daley's story) dispositive.The new rash of teen movies seems heavily skewed toward quasi-remakes of the classics.
rattle	Despite many lucrative offers, Rattle has been loath to even spend much time visiting elsewhere.Its exhibits fascinating photographs of the railway, dubbed “the old rattle and shake” by locals.
razor	Suddenly, they attack you with razor blades, shanks, picks, shivs, or sharpened rebar.The plastic package is also embossed with parabolas, and the razor itself is festooned with them.
reactor	In some cases, long piping is run from the storage and unloading area to the SCR reactor.This permits erection of the catalyst reactor above existing equipment while the unit is on line.
realization	Absorbing these criticisms, Stoat came to the realization that the problem lay in verbs.After the Inauguration, each awoke to the realization that the president was a policy polygamist.
reap	"Sow according to your charity, but reap according to your lovingkindness" (Hosea 10:12).Those who hold capital reap profits off the backs of those whom they hire as their laborers.
reassure	We don't need Greenspan to reassure us that the world isn't going to fall apart anymore.Well, Congressman, just to reassure the nation, you wouldn't mind doing that now, would you?
rebellion	He is buried with 2,023 of his warriors, who died in the ill-fated 1877 Satsuma Rebellion.In 1803 there was yet another failed rebellion, led by the great Irish hero Robert Emmet.
rebuke	"Clinton off the hook without even a rebuke" was Friday's headline in the Independent .It is seen as a rebuke to Senate Majority Leader Trent Lott and a victory for Democrats, Sen.
reciprocal	What's really showcased is the reciprocal exploitation at the heart of the antiques trade.Equality flourishes in an environment of mutual sympathy and reciprocal identification.
recite	Across the street, Catholic protestors in white berets recite Hail Marys into a megaphone.Every day thousands of children in our state recite the Pledge of Allegiance.
reckless	Discharge of a firearm on school property, with a reckless disregard for another's safety.The Journal reports that Nick Leeson, whose reckless derivatives trades sunk Barings P.L.C.
reclaim	It was only with the aid of his brother, the eventual Richard III, that Edward was able to reclaim it.NOW doesn't like the way Promise Keepers urges men to "reclaim" their "role" as the head of the family.
recollect	do they like to listen to other people recollect thoughand they love to recollect i mean they just you know and they will just go on and on with these stories and they have such a memory
reconcile	Reality hit when he was unable to reconcile with his wife and ended up on the street.He is quite wonderful, but it is impossible to reconcile this with the exclusive club business.
recorder	22, 2003); NEADS audio file, Identification Technician position, recorder 1, channel 7, 9:41.2) If Brill used a tape recorder, we'd know whether he misquoted Susan Schmidt or not.
recreation	There were generous kid recreation grounds, the unfenced backyards through which we swarmed.piddling room a craft shop for prisoner recreation, supervised by prison employees.
rectangle	Another large rectangle, a reflecting pool, is set into the lawn, level with the grass.The right edge of the rectangle was drawn to coincide with the left edge of the crush.
rectangular	It is a walled rectangular island within a massive moat wide enough for naval engagements.It consists of a 10-foot-high clipped evergreen hedge bordering a large rectangular lawn.
rectify	Neither Kerry nor Bush, neither good cop nor bad cop, can pacify, let alone rectify, this mess.Adjusting "preference" settings on the local web browser may rectify this problem.
recur	I think they all recovered, but a couple of them had a, a recur, recurring touch of paralysis.Those amniotic reds recur in the wrenched body of the nude figure in After the Bath, Woman Drying Herself (c.
recurrence	=.022) in the probability of adenoma recurrence between the intervention and control groups.Figure . is a recurrence map, with Dt shown on the x-axis, D(t + ) shown on the y-axis.
recycle	i feel guilty we don't recycle our our milk containers because they seem like a big wastewell i'm not sure of anything i can't really think of anything else that we could recycle
redundant	Except for the elimination of several redundant items, this is the lexicon produced in 1945.Current transcript information still largely consists of anonymous and highly redundant ESTs.
reed	Jack Reed, D-R.I., said the United States should tie its Indonesian aid to the referendum.Reed called for racial "enlightenment" and predicted, "Bill will try to make that happen."
reef	did you go on the Barrier Reef did you see the Great Barrier Reef and and go snorkelingThe reef attracts many kinds of aquatic creatures that are free to come and go as they please.
reel	Lewinsky, appearing far more sophisticated than in the previous head shot or the CNN reel.Nauseated, I fixed on Hanks because I knew the star would survive until at least the last reel.
referee	This is exactly the kind of messy dispute that calls out for a referee--like the WTO.He will be a referee at the World Wrestling Federation's Aug. 22 "SummerSlam" event.
refine	Excite's site uses some of that artificial intelligence to help you refine your searches.We welcome challenges to our methodology and use them to refine and improve our rankings.
refinery	Controversy raged for years after the 1977 opening of this colorful “oil refinery.”refinery blowing up or something like that you don't ever i i need to get down that way i guess sometime when i retire
refrain	Can David Plotz (and everyone at Slate ) please refrain from speaking on behalf of History?It is haunting its recurring refrain, and keeps pulsing through my mind, now, every day.
refresh	Why don't you refresh your recollection for a while, and we'll talk when I'm back.It might indicate only that Clinton was trying to refresh his recollection.
refreshment	Finally you can allow yourself to head into Kritsá, perhaps to take some well-earned refreshment.For some this may sound like hard work, but don’t despair: beach-bar refreshment is never far away.
refuge	Blessed with their own microclimate, the mountains are a blessedly cool refuge from Trinidad.In addition, continental skeptics about the euro have been buying pounds as a refuge.
refute	How Bauer could refute such perceptions, questions, and discomfort was equally ambiguous.Someone who writes book after book to refute what he doesn't understand is just a crank.
regenerate	As every gardener knows, you can regenerate entire plants from the smallest cutting.The only way to regenerate a flagging faith was to allow people to read The Word in their own language.
regenerative	But this interest in using scientific knowledge to enhance the regenerative capacity in humans is not new.In this way, the input signal is amplified before it is detected—an active system functioning just like Gold's regenerative receiver.
regularity	Dexter does have copyright law on his side, a point that he makes with numbing regularity.uh-huh but those are probably about the only two that i that i usually with any regularity
rehearsal	The CIA planners conducted their third complete rehearsal in March, and they again briefed the CSG.Another theory: The burial is a " 'dress rehearsal' for the eventual burial of Boris Yeltsin himself."
reimburse	Mark Sanford, R-S.C., makes staffers buy him lunch but doesn't reimburse them; and Sen.as a after she works there a year as long as she takes business courses they'll reimburse her
rein	What rein can hold licentious wickedness When down the hill he holds his fierce career?Dole has promised to rein in auditors , calling their methods "crass and callous."
rejoice	Still others rejoice that the narcissistic characters finally got their comeuppance.In towns around Cuba you’ll meet tourists who — like jailbird escapees — rejoice at having gotten out of Varadero.
rejuvenate	But that is not a very original moral, and there aren't nearly enough sharp fin-de-siècle observations to rejuvenate it.
relativity	...Einstein's Special Theory of Relativity does not say that E = MC² and in leap year MC³.The set of possible solutions is the configuration space allowed by general relativity.
relay	Imprinting relay: Do trans-silenced E82 and L91 loci acquire trans-silencing ability?The second comparison relates to the relay of epigenetic activity.
relegate	Israel's fall would relegate Jews to curious obscurity--somewhat like the Amish.Some questions: Why does the NYT headline only mention the drop in black admissions and relegate the drop for Hispanics to the subhead?
reliance	Thom touts her reliance on "oral histories of many founders and long-time staff members."It's not just the increasing complexity of technology, but our increased reliance on it.
remnant	Rather than being an evolutionary remnant, it is a dynamic and continually adapting system.It's sad to see a great institution reduced to a tattered geriatric remnant of its former self.
renaissance	Looking at them was like looking at ancient Etruscan bronzes or Renaissance enameled boxes.The nearby Eglise Notre Dame also combines Flemish archi­tec­ture with a Renaissance porch.
renew	Please renew your support today for the opportunities and experiences your gift provides.For two decades, Congress repeatedly voted to renew fast track, and by large margins.
renovation	Although these are now completed, further renovation and work on an extension are underway.Jaye explained how much of the renovation had been merely uncovering what was already there.
repay	Curiously, these paintings don't repay prolonged viewing--or at least they didn't for me.And they thought, well once they got on their feet if they could repay people somehow.
repeal	"Certainly in the short term, or even the long term, I would not support repeal of Roe vs.The Convention of the protesters at Middletown, Connecticut, demanded repeal of pension.
repel	But to exchange public greetings with a mass murderer accords him a legitimacy which should repel most people."Remarkably, Poland retained enough military might to repel the Ottoman Turks in their advance through the Balkans.
repent	The hardhearted spin: Sharpton continues to rationalize rather than recant or repent.Critics assume that Clinton has to explain or repent his sexual sins.
repertoire	An over-representation of VH4 genes in the autoimmune repertoire has been described [ 7, 8].Our goal was to identify the complete repertoire of hOR genes encoding full-length receptors.
repetition	Once something is published by anyone, it becomes fair game for analysis and repetition.Codes were added to the scheme as there was repetition (approximately 5 or more times).
reproach	' I know with absolute certainty that Lamar Alexander is without reproach."It wasn't necessary to disclose that the "information" had come from Starr's office, since his office was above reproach.
reproduction	Let increased happiness become “increased rate of reproduction,” hence, increased fitness.In addition, of course, rapid reproduction requires finite displacement from equilibrium.
reptile	For example, a reptile has a slower metabolic rate than a mammal of the same size.I lit a match in an endeavor to locate the reptile.
requisite	(Requisite statistic: On average, each American receives 553 pieces of junk mail a year.)He supplies the requisite glut of cockroaches and the necessary quota of vicious guards.
resemblance	However, adhesive contacts with significant resemblance with zonula adherens were observed.It was designed by a Mr. Bird, although it also has a resemblance to “Tweetie Bird’s” cage.
resent	Movement old-timers resent having to share the microphone and money with so many upstarts.The child who feels less valued is likely to resent a sibling whom parents seem to prefer.
resentment	I don't seem to be able to get past the bitterness and resentment I feel for my parents.They refrain from defacing Mercedes or Lexuses, these being objects of envy, not resentment.
reservoir	Soaks are shallow wells sunk near the base of an outcrop to tap an underground reservoir.and now it's just uh it's just a reservoir that you tend to regularly i'm sure
reside	It is estimated that 30-60 full-length active L1s reside in the average human genome [ 37].The law school has more than 5,700 alumni, approximately 80% of whom reside in Indiana.
residual	ijk . This log-transformation did not change the conclusions or improve residual behavior.Residual muscle weakness in the lower extremities is being treated with physical therapy.
resistant	Bacterial endospores that are particularly resistant to agents such as disinfectants (e.g.Infections with resistant organisms represent a serious menace in critically ill patients.
resolute	She, fearing for her life but resolute, rose and turned to face the crowd of swarthy men.They were always moving about, depriving him of a proper home--and always resolute.
resonance	Plus it has biblical resonance, and there are biblical implications to the story Davis is telling.Functional magnetic resonance imaging—fMRI—opens a window onto the brain at work.
respectable	For journalists--even for respectable critics like you and me--"Sensation" is great copy.Pop fans know their idols are rich, and they consider excess a respectable musical tradition.
respectful	Respectful praise for PBS's two-part documentary on the "real" Jesus, served up for Holy Week.Respectful doubts about this film about a British war reporter who saves an orphaned Bosnian girl.
respective	identified common components in the respective silencing pathways (Denli and Hannon 2003).These antigens have detection limits of less than 1 ng/ml for their respective antibodies.
restless	okay you work then okay well we get the channel with Young and the Restless on itBoth actresses chronicle restless, unstable childhoods, capped, in each case, by a quick rise to fame.
restrain	Or, if it didn't exactly pull the trigger, it sure didn't tackle the gunman and restrain him.Love your mag, but can you do something to restrain the egomania of your diarists?
resultant	Integration of the resultant cDNA occurs via the host's recombination or repair mechanisms.The resultant assay correctly identified nearly all HPV type in the clinical samples.
retard	Both 0.3 M Glc and 0.4 M sorbitol + 0.03 M Glc also retard seed germination rates (Figure 4).Any, or a combination, of these biological changes may retard aging.
retell	Do you remember any specific ones that you could retell?Can you retell the story?
retention	ratings they received for their responsibilities, commitments, and retention standard.Threats to habitat retention, not least of which is wildfire, endanger every species.
retort	The Wall Street Journal 's retort: "Earth to Howard Schultz: Return from cyberspace.To this, I would attach my own definition: To qualify as wit, a retort must be no more than five words.
retreat	Disaster was inevitable: invaders from Manchuria forced the Song to retreat to the south.It is possible to retreat into the shopping mall next door for up-market fashions and food.
retrieve	Agency users send information to the database and then can retrieve it from the database.A Rolodex she crossed barricades to retrieve in the days after Sept. 11 is headed for the trash.
retrospect	One of the last transmissions from United Airlines Flight 175 is, in retrospect, chilling.Anyway, in retrospect, hasn't Kelly's "obsessive" anti-Clintonism been a wee bit vindicated?
reunion	and my son lives here but i think it's very unlikely we'll have a family reunion you knowokay so you must keep in touch with each other um other than at the reunion is that right
revenge	But General de Gaulle gained his revenge by starting his march of Liberation here in 1944.I liked Cook for giving Eleanor's Revenge a nice fat chapter near the start of this volume.
revise	After contacting attorneys about Take 2, Wagonheim is beginning to revise his projections.Does Kuttner therefore revise his view that more regulation is usually better than less?
revision	A Preview of the 1999 Comprehensive Revision of the National Income and Product Accounts."Only now are the Times and the rest of the press belatedly offering a corrective revision.
revive	It can also revive its mummified fellow priests and send them into battle against our heroes.Avedon has done much to revive the portrait as a central genre of photographic art.
revolt	Several passengers had terminated phone calls with loved ones in order to join the revolt.Nat Turner thought he was recreating the biblical story when he led a slave revolt in 1831.
revolve	A number of scenes actually revolve around the astoundingly dull theme of cellular communication.you know any you much as uh other cultures might disagree our lives don't revolve around our children
rib	as long as you know that it's okay but they have i think one just about the best prime ribThe Boneless Pork Rib Shaped Patty is a shoddy imitation of McDonald's much beloved McRib.
ribbon	yeah i have a friend that goes frequents she frequents and Indian place over there by The Blue Ribbon CafeWhite shirts with ribbon ties made into bows, and the traditional wide-brimmed sombrero complete the ensemble.
riddle	To answer this riddle, I went to the folks who know: the people who are funding his campaign.Another type of riddle is the riddling question, such as “Qué le dijo la luna al sol?”
ridicule	Regis and Kathie Lee quickly became figures of ridicule, the embodiment of unhip.Beatty referred to his critics as "those moneyed, honeyed voices of ridicule."
rig	City governments helped rig government contracts and turned a blind eye to other rackets.but as far as on the continent i don't think that anyone drilled a rig on the continent yet
rigorous	Participants are invited to submit similar authentic examples of rigorous self-assessment.But I fear that they have not been rigorous enough in exposing the press's hidden interests.
rim	Well, I have a close friend, Pat, who is bald and wears a full beard and horn rim glasses.I broke imaginary eggs on the rim of a non-existent frying pan and made sizzling noises.
rinse	It is sufficient to rinse new sample containers once with sample dilution water before use.and you can just um you know rinse that out it's kind off to the side it unscrews and
ripe	'When ripe the fruit pulp exceeds in foul odour all that is abominable in nature' [ 76 ] .Today's WP features a particularly ripe target for the genre--a philosophers' convention.
ripen	When do the claims of seasonal agricultural workers generally ripen?A Florida court has ruled that the claims for the 3/4 guarantee do not ripen until after the end of the work period.
ripple	One is the slight ripple on the surface of an otherwise flat sea, interpreted by sailors as portending a breeze.Dwelly gives a `ripple on the surface of water'; and MacLennan says, `bristles, anger, a girning expression of countenance.
roam	yeah yeah well you know that animals are like that they like to roam and investigate andHe said that he did not think that any president would roam around looking for something to do.
roar	Today its sidewalk cafés shaded by plane trees are a world away from the roar of the city.They may be slowing down in some more developed societies, but they roar along in others.
roast	"It's one of the great British foods like roast beef and pork crackling," he explained.roast chicken oh gosh yeah how do you usually cook your deer how do you usually cook your deer
rob	The next time you burn, call Rob and he'll say, "How old are you and what's your birthday?"Shore Revised , produced by David Axelrod and Associates for Rob Andrews for Governor.
robber	He became a bandit and robber after many wrongs were committed against him by Americans.“I have to hear people talk behind one's back,” as the robber said when the constable called, “Stop thief!”
robbery	The switch on ethanol, which you once called highway robbery, was this political for Iowa?An article investigates the $200-million Isabella Stewart Gardner Museum robbery of 1989.
robe	The Virgen is on the second floor, encased in glass and cloaked in a glittering gold robe.He wears a white robe and hovers over the thieves who have just dug up his grave.
robot	I Robot yeah that's pretty light reading for science fiction those kind of thingsThe robot system is safer than dispatching human rescuers and, when space is tight, more effective.
robust	K-S tests provide a nonparametric, sensitive and robust way to compare two distributions.The more specific you make it, the less robust the therapeutic activity is likely to be.”
roller	And he went and he put on his roller skates and he beat everybody back to the pirate ship."The snack bar, the gift shop, the new roller coaster--the entire place is just Annetastic!"
rooster	Why not download the Ready Rooster coloring book, and learn that sometimes it's good to be a chicken.(French coq and Latin gallus both mean the same thing: rooster.)
rot	Most non-McLarian ROT members publicly disavow violence, but the possibility always lurks.Tommyrot compounds tommy, `simpleton, fool' (as in tomfoolery ) and rot, `worthless matter.
rotary	Rotary phones have the familiar dial, with a circular motion and finger holes.just a straight table saw or to get one of these uh rotary arm saws radial arm saws i guess what they're called
rotate	In turn, the wind does work on the blades, causing the windmill to rotate.or you're on your way up from regular size and they're all in boxes or bags and they all rotate all the time
rotation	The PCs are divided into reliefs , each working a rotation of early, late, and night shifts.During continuous rotation, patients were turned from left to right six times per hour.
rotten	It may be legal, admits Mara Liasson ( Fox News Sunday ), but it's a rotten thing to do.Not that any of this justifies the truly rotten choices both Bloom and Farrow have made.
roundabout	Traditional country is a sidestepping, roundabout art, fond of coy and cagey divagations.A traffic circle (roundabout) past the airport leads left to St. George’s and right to St. David’s.
rouse	Hunt , hopes its makers, will give its viewers those facts and rouse them to action.To rouse the conscience of the world about perceived threats to "the Jews Hitler missed" in Israel.
royalty	And he still takes grand foreign tours on which he behaves as if he is visiting royalty.um-hum well when you use real people like that i think you know and royalty especially you know
rubber	More recently we built a chamber using rubber spacers, double stick tape and a cover-slip.I'm not just endorsing retro-chic when I say that the guy in the rubber suit is more fun.
ruby	(The Witch self-deprecatingly, after she touched the ruby slippers and burned herself.)In Ruby, founding families control the local bank and mete out justice as they see fit.
rude	These rude and unappreciated remarks just slip out; the verbal equivalent of being a klutz.uh-huh yeah yeah i i hardly ever give the people a second try if if somebody's rude to me or
rug	Our last friend, with the Persian rug, was alas trying for a remedy days after the spill.But pulling the rug out from under people who may have no practical recourse is unfair.
rupture	The administration was not ready to confront Islamabad and threaten to rupture relations.We report two cases of spontaneous rupture of malarial spleen treated with splenectomy.
rust	right or or they they die of rust years before their major systems would otherwise go outEven respondents agree that "the true speaker in Rust was not the government, but a doctor."
rusty	9. Dangerous toy--but not nearly as dangerous as rusty flying propellers coated with broken glass.yeah yes a a lot of times the the bolts are all rusty and makes it hard to get it apart anyway but
ruthless	Beatty has shown a ruthless, brilliant talent for manipulating the politics of his industry.In 538 b.c. , power fell into the hands of Polycrates, a ruthless but brilliant leader.
saddle	and uh it had the gray leather package in it and my Allante has um i guess saddle saddle coloredCortada, James W., Best Practices in Information Technology (Prentice Hall PTR, Upper Saddle River, New Jersey, 1998).
sadness	Ben's dutiful recording of miniscule new shifts in foliage slips ever deeper into sadness.Students of human misery can savor its underlying sadness and futility.
safeguard	The conventional wisdom says Clinton must avert conviction in order to safeguard his legacy.An agency must establish physical control to secure and safeguard vulnerable assets.
sailor	Invigorated à la Popeye the Sailor Man, he proceeded to capture the enemy regiment single-handedly.The RNC says Gore "spends money" on Wolf "like a drunken sailor in port."
saint	The province’s largest town (where it is the custom never to abbreviate “Saint” to ���St.”Their crisis came on 24 August 1572 with the infamous Saint Bar­thol­o­mew’s Day Massacre.
salesman	No one in America today believes that John Gotti was a simple plumbing-supply salesman.The humorless, stilted quality of Miller's writing makes Salesman feel like a dental extraction.
salute	In 1981 he was assassinated by an army officer while taking the salute at a military parade.Creators: the Denver Broncos' running backs, who unveiled the salute at preseason games this summer.
salvation	Does he think that it's possible for others to achieve salvation without accepting Christ?But the PDFA model offers only the salvation of abstinence or the perdition of addiction.
sandy	Lack of a sandy beach has kept the big hotels away, which is just fine with most visitors.The Balearics’ fine sandy beaches and sunny weather make them an ideal family destination.
sardine	It possesses a celebrated collection of Goya’s paintings, including Burial of the Sardine, and a superb self-portrait of the artist in his old age.But reforms led to more direct state supervision, more prison units were built, and the prison became less like a huge collection of hellish sardine cans.
satisfactorily	All this reportage looked backward, describing problems satisfactorily resolved.•Most menu prices include taxes and a service charge, but it’s customary to leave a tip if you were served satisfactorily.
saturate	For the limiting case where binding does not saturate (kc i << 1), γ i in eq.It will be assumed in this section that solute binding is linear and does not saturate (fw i = constant).
saturation	After growth to saturation, aliquots of the cultures were plated on SD(-Arg-Ura) agar medium.Arterial saturation following blood reinfusion was not significantly different from baseline.
saturn	Two editorials oppose NASA's plutonium-laden mission to Saturn (see Time , above).Appliances , produced by Hal Riney and Partners Advertising for the Saturn Corp.
saucer	It's too bad Ricci's dry, flat voice--so wonderful in modern comedies, when it plays against those saucer eyes and angel-baby features--sounds amateurish amid all these declamatory Brits.The word itself, tapa, is translated as “lid” and derives from the old custom of offering a bite of food along with a drink, the food being served on a saucer sitting on top of the glass like a lid.
sausage	We believed they locked their boys in the sausage shed as punishment for missing shots.sausage oh like a a Owens mild you can i guess you could use the hot if you wanted to yeah and uh you
savage	If the process of slaughter becomes a savage yahoo spectacle, then we are indeed barbaric.The Sheikh emitted a low musical laugh and replied, "I am always gentle and always savage.
saw	A few days ago I saw him for the first time since his brother died, and he still likes me.i was just thinking another good one i saw not too long ago was um Sleeping with the Enemy
scar	If the wound to Eappen's skull was new, asked Scheck, why had scar tissue formed around it?The next morning he woke up in a bathtub full of ice with a crude surgical scar in his side.
scarce	Inoculating every child at $30 a dose would divert scarce resources from even better uses.It is disingenuous to say we should do both: Money is scarce and so is political capital.
scarcity	As for time of plenty coming rapidly after scarcity, watch out for Lang want is nae maet hainin .Yankee Loyalists struggled valiantly with a region they called Nova Scarcity.
scarf	Often local Celtic patterns appear in bracelets, brooches (pins), and scarf rings.Unlike the yarmulke, which is strictly symbolic, the folded scarf is functional.
scarlet	In fact, I bet they even knew what it meant in 1850 when The Scarlet Letter hit the streets.Indeed, typical bird flowers with no UV reflectance, such as the scarlet gilia (
scenery	The scenery is not varied enough to make the bumpy two-hour ride to Amed worth the effort.For a complete change of scenery, take a drive northwest towards the hills and Bensafrim.
sceptical	When sceptical researchers took a look at the sequence, it turned out to be of human rather than dinosaur origin.She went on, "Perhaps we are more sceptical.
scissors	The scissors snip China, India, Algeria, and Mexico out of the map to reinforce the point.scenery is is very entertaining uh and what he does with the with the scissors and uh
scoff	It's all part of the culture war over sex education and other school controversies, they scoff.The pundits mostly snicker and scoff; Steve Roberts calls Trump a celebrity airhead without ideas.
scold	Many scold Ross for publishing her memoir while Shawn's 92-year-old widow is still alive.At the top of his short hate list resides popular scold William Bennett.
scorch	um we've tried them but again it's just like the sun scorch we've tried them in kind of halfway in the shade and halfway in the sun i mean it's justWhat Jonathan Pollard did do is warn Israel that Saddam Hussein had amassed American-approved and American-financed weapons of mass destruction, which he intended to use to scorch the Jewish state.
scorn	The Sex Pistols' Sid Vicious recorded "My Way," a bizarre combination of homage and scorn.No one could scorn them if they were meaningless; then they would simply be empty oddities.
scout	A scout obeys all to whom obedience is due and respects all duly constipated authorities .but yeah that's we uh my my wife and i took the uh the scout leadership training program
scrap	After it was used at the exhibition in St. Louis in 1904, the wheel was sold for scrap metal.The cover story endorses the state Legislature's plan to scrap New York City's rent-control law.
scrape	and what a lot of work that was and they had to scrape it and thenIsolation and introspection, those staples of the Bildungsroman , scrape at young Coetzee's sensibilities, refining them raw.
scratch	I swabbed, I purged, I itched The way I'm itching now to get this right So you'll scratch too.On the foreshore near the Bat Cave, a few people scratch a living by harvesting salt.
screw	In eect, the chair object extends a line to the screw object as it says, “I need a lean-on!Both polymers contain SAM subunits arranged as a left-handed helix with a 6 5 screw symmetry.
scripture	American Scripture: Making the Declaration of Independence , by Pauline Maier (Knopf).Book -- American Scripture: Making the Declaration of Independence , by Pauline Maier;
scrub	Soak 15 minutes in tap water and scrub with detergent, or clean in an automatic dishwasher.Soak 15 min in tap water, and scrub with detergent, or clean in an automatic dishwasher.
scrutiny	Now that Bradley is deemed viable by the press, he's beginning to receive harsher scrutiny.The mechanism of translation of the fs-α 1S clearly deserves closer scrutiny in the future.
seam	i mean it seam like they don't they don't want want you know hire me they want to own meA chain-stitch seam is strong and can be produced more quickly than a lockstitch seam.
seaman	Seaman et al has also reported that administration 15 mg estradiol in this model was capable of raising estradiol to 9 times the normal level [ 37, 38].The state seal shows a farmer and a seaman and a moose, who seems faintly disapproving of the lifestyle of the farmer and the seaman, which strikes me as impertinent coming from a ruminant.
seaport	On posters Law distributed in France, New Orleans was pictured as a prosperous seaport.It isn't a mill town or a railroad town, a seaport or fall-line entrepot.
seaside	We are now by the seaside, where the gull has a name representing its repeated kyow, kyow .At Sóller and its seaside twin Port de Sóller, the cliffs and mountains at last relent.
second-hand	Many Japanese are highly superstitious about acquiring second-hand goods, especially clothing.Then and only then was her new wooer free to marry this second-hand wife sans debts.
sedentary	He has had a 15-pound (lb) weight gain over the last year and has become more sedentary.Participants who did not report any physical activities were defined as sedentary.
segregate	Artemisia . Additionally, three segregate genera are placed outside of the Artemisia -clade.Artemisia , with the segregate genera and subgenera of Artemisia embedded within subg.
selfish	Dylan, the most inward looking of musicians, a selfish genius, gives that claim credence.Contrary to popular belief, only children are not destined to become spoiled and selﬁsh.
semester	i took one semester off and and i've been taking a class at least one class every semestera few years ago i was a student there and spent um a semester studying abroad in London
semiconductor	but uh in the manufacturing sectors and over in semiconductor and down in some of those labs and stuffSuch tedious techniques are currently used in the semiconductor industry.
senseless	' Isn't it something stronger: `senseless chatter, needless noise, committing oral nuisance'?The metaphor in canary is senseless, though, because the word is actually a misnomer.
sensor	DRS Technologies is currently responsible for the contract for the sensor suite., by the movement of the voltage sensor) and compared these two sets of data.
sermon	There are moments (like Flek's sermon) when this novel can make you wince.Can any TV watcher endure another Jonathan Turley sermon or Lanny Davis "wait and see" or Laura Ingraham huff?
serpent	With the play of light and shadow, the serpent appears to wriggle down into the earth.Among them: lesser fish eagle, crested serpent eagle, osprey, peacock pheasant, and garnet pitta.
setback	The NYT 's sampling editorial says the decision is "a setback for the democratic process."The NYT WTO story's angle: The lack of a trade deal is a major setback for Clinton.
sew	uh-huh do you actually sew some clothes for them and that sort of stuff or have you beforeokay well some of the things i like to do are i like to knit i knit sometimes and i sew
shabby	James and Hemingway give way to the shabby backdrops of John Le Carré's novels.In his shabby house, he listens to the blue-collar wail of Bruce Springsteen.
shadowy	For nearly five decades after that, the IRA existed only as a shadowy fringe group.The cover image--the president superimposed on a shadowy photo of Lewinsky--is wan.
shady	This traditional village has a small central square with shady trees and a couple of tavernas.As for your age, you are on the shady side of the actuarial table for new employment.
shaft	Vermeer's single shaft of luminosity from window or door evokes an otherworldly reality.Masons dug a shaft 10 m (33 ft) into the bedrock for Ramses III’s tomb (11) c.1151.
shaky	You may be correct, but where do you get your information that the stock market is "shaky"?His voice was growlier, his temper quicker, and his shaky masculine pride always on the line.
sham	A Palestinian state is a certainty, according to an article, but sovereignty will be a sham.A report from Iowa repeats the conventional wisdom that the Ames straw poll is a sham.
shameful	The only shameful note: Eleanor's seeming indifference to the plight of Europe's Jews.The release of Jonathan Pollard would bring this shameful episode to the forefront.
shampoo	You’ll see plenty of soap and shampoo and, on the Dhobi Ghat, laundry-washing, too.In the '70s, he bullied screenwriters and directors into making Shampoo and Heaven Can Wait his way.
sharpen	Flints are knapped (and not with a knife) to sharpen them.Perhaps Aman will sharpen his perspective and techniques and institute such interviews as a regular feature of Maledicta .
shatter	The flavor names are ridiculous: Powerade has Mountain Blast, Jagged Ice, and Arctic Shatter.largely designed to illustrate how a powerful woman can shatter glass ceilings."
shave	I was standing on the edge, trying to see my ass to shave it, when I slipped and cracked a disc.yeah they do and i told him i said well if you do it you can't shave your hair
shear	In recent weeks the SCMP has warned about wind shear at the airport, which opened last July.Thus resveratrol may act by a mechanism(s) closely resembling that triggered by shear stress.
shepherd	but our Shepherd was almost thirteen years old and it just you know it was almost cruelPresident Clinton must now shepherd the pact through Congress; passage is likely but not certain.
sheriff	"I look at you, sheriff," he says, "and I see a man who's waiting for something to do."Mo Tilden (De Niro) explains the situation to Sheriff Freddy Heflin (Stallone) (51 seconds) :
shilling	Last week, the Wall Street Journal editorial page accused Salon of shilling for President Clinton.In 1941 Dent re-issued the book as a Guild paperback at one shilling.
shipbuilding	It was a fiercely independent settlement with its own fishing fleet and shipbuilding industry.New Brunswick’s shipbuilding timber suffered in the age of steam and steel hulls.
shipment	After final inspection, the cloth is wound “without tension” on a roll for shipment.Once a week, this retailer places a replenishment order with its supplier and receives a shipment.
shipwreck	The most famous is Crash Boat Beach, named after a shipwreck that happened just offshore.Fitzedward Hall (1825-1901) traced his career as an etymologist to a shipwreck.
shiver	The shiver is accompanied by a murmur: "The President's on his way downstairs."A staircase creak in a dark old house makes him shiver.
shopkeeper	• The shopkeeper job aid was for a retailer to consult when selling anti-malarial drugs.The majority of the shopkeeper job aids were displayed in a visible location, such as on a wall.
shortcoming	Acting on that truth and playing around with form is anything but a moral shortcoming.Surprisingly, only a few groups have previously addressed this shortcoming [ 3, 4, 5].
shortcut	Netanyahu urged Clinton to host a Camp David-like summit , the climax to Netanyahu's proposed shortcut negotiations with the Palestinian Authority.To shortcut that debate, he is trying to lull Americans into assuming that we're objectively as well as morally committed--that the bombing is inevitable.
shorten	This proactive approach should shorten the time frame for new drug development.This is the tendency to shorten frequently used words and to allow less frequently used words to become longer.
shortfall	The shortfall is covered by the 8 percent federal tax on commercial airline tickets.That is, why should there be a shortfall in consumption merely because the economy produces more?
shorthand	There was once in this country--let's say the 60's for shorthand--a thriving Highish Midbrow Culture.Directed by the veteran John Frankenheimer, Ronin doesn't have the shorthand syntax of a '90s thriller.
shovel	and i would get up at five o'clock in the morning just to shovel out drivewayAnd nobody's worked them to death or bashed their heads in with a shovel.
shrewd	It does contain some elegantly rendered anecdotes, and several small but shrewd insights.If Microsoft is so shrewd and powerful, why isn't it winning this public-relations game?
shriek	A harsher note is sounded by the shrike , whose name is related to screech and shriek .She looks at the magazines for a moment, then throws them to the floor with a shriek.
shrill	It is a play with clear imperfections, such as an excessively shrill third act.Penderecki cranks up 19 th -century Baroque-style rhetoric into something both stentorian and shrill.
shrine	The Shrine, completed in 1953, is also the tomb of the Bab, the forerunner of Baha’u’llah.(Best anecdote: One Wall Street firm has built a shrine to Greenspan in an empty office.)
shrub	First Son , Fortunate Son , and Shrub are being written by independent authors.Far more interesting, though, was the idea of conservative activist government that the shrub articulated.
shutter	Every shutter on his house had blown away!During each experiment, phase and fluorescence image pairs were collected at 30 second intervals with shutter controllers switching between light and fluorescent illumination.
sickness	yeah they do i mean it's amazing it's like a an an illness or a sickness or somethingand it was like every weekend i would just it's it was like sickness to me and i just got and just
sideways	Large-circulation American newspapers, to be sure, don't market philosophy, except sideways.From Thursday's London Evening Standard : "Blow to Singer With No Sideways."
siege	It said that a president under siege couldn't give the world the leadership it needed.These hills have a cascading fury to them, and the dwelling seems to be under siege.
sift	Whence life is the stuV of all later questions about whence the forms to sift.It had the operational space to gather and sift recruits, indoctrinating them in isolated, desert camps.
sightseeing	The weather can be a critical factor in the pleasure of mountain rambles and sightseeing.The entire area makes for a great afternoon’s break from the pressures of Osaka sightseeing.
signify	There is general agreement that the Dylan honors signify Something Very Important about the '60s.Such a threshold is useful for defining a fluorescence ratio that would signify the presence of an antigen.
silicon	So the next time I'm in Silicon Valley, I'll give you a call and maybe we can have a beer.An LAT front page article reveals a "serious slump" among dozens of Silicon Valley firms.
simplicity	The mystery surrounding its origins does nothing to undermine the power of its simplicity.In this, too, the stunning simplicity of Tyndale's words caught the public's imagination.
simplify	Both changes signal a stripping down, an old man's effort to simplify, relearn, restart.The smaller pilot data set was used to simplify the interpretation of the results.
simulate	Maybe not--but if there's a way to simulate a digital equivalent, George Lucas will finance it.For instance, in one mock attack, an agency team was able to simulate bringing about a core meltdown.
simultaneous	In the present study, simultaneous amplification of both oncogenes was observed in 12.The simultaneous release of albums from '60s rock stars occasions studies in contrast.
sincere	I guess my question really is: How can you tell whether a letter is sincere or fraudulent?Our sincere thanks to all of you and to Kate & Jon Sage for another successful fish drive.
sincerity	I think Simon was wrong on the merits, but I never questioned his sincerity on the issue.With highly stylized sincerity, long eyelashes down, he tells Karen he is at her service. "
singular	They are singular and powerful works; gathered together, they possess a clobbering force.Then there is the question, Why are both singular and plural forms shown for the headwords?
siren	But the siren song that beckons me is not just the ring of a thousand cash registers opening.i could they could bring them in with my dogs and set a siren off and that's all they'd have to do
situated	It is situated in the diplomatic neighborhood of Chanakyapuri (behind the Bhutan Embassy).Many shops are situated along a stretch of Colorado Avenue between 9th and 10th streets.
skate	He acquired a skate from the fishmonger and painted a loose paraphrase of a Chardin still life.And we could skate to the movie or ride a bicycle to the movie and we would do that.
skeleton	eine Leiche im Keller, Lit. a corpse in the cellar: a skeleton in the cupboard (or closet)Last July, a couple of locals found a skeleton along the Columbia River in Kennewick, Wash.
skeptical	That's why economists are generally skeptical about allegations of "planned obsolescence."What I am skeptical of is turning one's back on so many aspects of everyday American life.
sketch	If the fabric was to have a pattern, there might also be a close-up colored sketch of it.They could sketch or describe new fashions as accurately as their spying talents permitted.
skillful	And they are much more skillful at their business than Disney proved to be in Celebration."Christ Whitens Hearts, Freshens Lives"-- A skillful parody of the Crest toothpaste logo.
skim	46 Efficient classification discourages cream skimmers because it leaves less cream to skim.but uh uh skim milk is what we drink now and that took a little getting use to
skip	I used to skip school during junior high and steal a pony and return it and go back home.So, uh, I skip a lot of things here that I could say, but they chose me and one more guy.
skyscraper	In fact, the architects of the skyscraper considered themselves traditionalists.He was moderately successful, achieving local renown for the Tribune Building, an early New York skyscraper.
slack	The last few chapters are truly disappointing--slack, dated, and filled with tired ideas.But Dalí rapidly became slack, repetitious, corrupt, and in the end completely pathetic.
slander	I guess my question is: How do I distinguish "sanctioned" gossip from regular old slander?sophisticated newspaper people, are allowed to slander--Southern white males.
slang	All the slang words collected here reveal aspects of prison life, which is never pleasant.hard dog US police slang of the 1980s for a dog owned by a criminal and trained to attack.
slaughter	If the process of slaughter becomes a savage yahoo spectacle, then we are indeed barbaric.Consequently, the cause of the contamination must occur at slaughter time, not on the farm.
slavery	"If undocumented workers didn't have rights, it would amount to slavery," Cervantes said. "Jerusalem was razed, the Temple destroyed, and its people forced into exile and slavery.
sleepy	Sleepy Hollow is Tim Burton's first full-gallop, Grand Guignol, gutbucket horror picture."'Sleepy Hollow' has got to be the most gorgeous, sumptuous, painterly movie ever made ..."
slender	[t]he entire evening is not unlike Kidman's much-discussed body: smooth, pale, and slender."Slender cells with a small, centrally localized nucleus were scored as fibroblast-like.
slim	Behind the inflated rhetoric, the Franklin panel has only a slim mandate and little power.If it's Fatboy Slim, and the others, and confined to that, I don't see the counterculture.
slipper	Or an archaeologist in the Yucatan who flies her own plane and owns a supper club called The Fuzzy Slipper."Another group of metaphors excluded is the names of natural species such as footman and emperor moths, lady's slipper, shepherd's purse, porpoise, etc.
slippery	3) It's a slippery slope to leaving consumers unprotected in product liability cases.It had been raining so he had to avoid un aquaplaning skid on the slippery surface.
slit	The base plate is a smooth cap with a slit to contain the moving end of the knife.Anterior chambers were examined with a slit lamp and photographs were taken using a 40X objective lens.
slogan	(Suggested slogan: "We do more surrendering before 9 o'clock than most soldiers do all day."Is that the subliminal message of the slogan: "The Right Warner for Virginia's Future"?
slot	2 slot, behind New Jersey's Passaic River, signs went up along its banks reading: "Peligro!Racetracks are getting clocked by casinos, lotteries, riverboat gambling, and slot machines.
slum	All of us agreed that the 1970s were a slum of a decade.The Liberties area, once a slum, is rapidly gentrifying, with new housing and restoration of the original small red-brick houses.
slumber	After five minutes, when the entire country has fallen into a deep slumber, the House can drop the matter.It went on for weeks, bulbs and branches rising from slumber into bloom.
sly	It's also given me the sly sense that I know why other people are acting their way.An article claims that sly telecom firms have figured out how to collude in U.S. spectrum auctions.
smog	well not always depends if you don't there if there's a brief stop then you get the uh smogAnd the Los Angeles Times goes with smog--the EPA rejects California's smog control strategy as being too lax.
smoothly	Many of these developments blend smoothly into their antecedents and later elaborations.The first section, in which Tripp receives legal-sounding advice, is smoothly and efficiently written.
smuggle	In 1993 he was caught trying to smuggle classified information out in his prison letters.China will let the triads extort, smuggle drugs and arms, pander, and counterfeit.
snack	In other words, we snack when snacking is, on net and in our best judgment, a good thing."The snack bar, the gift shop, the new roller coaster--the entire place is just Annetastic!"
snail	But still, the ratio of personal communication to garbage is higher than for snail mail.You sign it and send it--via snail mail--to your local election authorities.
snatch	They have flashy tastes, preferring to snatch at bright objects rather than dull ones.Now they're going to snatch them away from me and replace them with aliens or Arabs?
sneak	i love it when my husband decides to say fudge with the budget and uh sneak a big gift inSiskel gave Armageddon a "thumbs up" and named it his "flick of the week" on Sneak Previews .
sneer	Critics applaud Richard Gere's China-bashing activism but sneer at his China-bashing movie.Lifeless from the start, jewels sneer at death, and they require zero maintenance.
sneeze	Where everybody sneezes once or twice, I always sneeze at least five or six times--sometimes more.Using a squirt bottle, I simulated a big, soggy sneeze to test their absorbency.
sniff	"Few realize that just one sniff can cause death," asserts the Partnership for a Drug-Free America.And the wife of Aetna's CEO had to, sniff, go on a South America jaunt alone .
snob	McGreevey here is the un-Whitman: He doesn't reek of old money, and he isn't a snob.The best way to prove you're not a snob is by not letting your museum seem empty.
snobbish	No one will turn up a snobbish nose if you prefer beer, mineral water, or a soft drink.The Bostonian must have sensed that, compared with the Texan, he came off as snobbish, petulant, and obtusely rich.
snore	If one Furby sings a lullaby, the other will fall asleep and snore.Fuji-san last erupted in 1707, and today only an occasional puff of steam breaks through its crust, the fitful snore of a sleeping giant.
snowstorm	we might get one more little snowstorm in April but i don't think it will amount to muchHow it takes a three-foot snowstorm to shut it down, and even then the subways work.
snowy	But, as in Washington, on snowy days like this, you take what you can get.It is surrounded by yurts, grazing sheep, and snowy peaks, capped by Mt.
so-called	Among the best studied examples of cullin/RING enzymes are the so-called SCF complexes.Robert Novak, the columnist, promptly denounced Ingraham as a "so-called conservative."
soak	Soak 15 minutes in tap water and scrub with detergent, or clean in an automatic dishwasher.Soak 15 min in tap water, and scrub with detergent, or clean in an automatic dishwasher.
soar	Who cares if the Apostle E.F. is a madman if he can make people's spirits soar this high?We are not richer because of money printing, but it does cause stock market valuations to soar.
sob	Jack and Bob subscribe to a new form of male bonding: They cling to each other and sob.Altman exploits Downey's image like the cold SOB he probably is.
sober	The relatively sober Japanische Kammer contains some prized lacquered cabinets and tables.The soaring vaults of the sober interior have the monumentality of French or German Gothic.
soda	A lifespent thinking in the theaters, drinking inlike cherry soda with mind-numbing fizzThe baking soda is a mild respiratory irritant and for that reason, the workers wear dust masks.
sofa	The sofa you see there now is a replica, the original having been stolen during the Revolution.being the sofa and the blanket on the sofa nobody came near it when he was there
soften	Walls and pillars explode around them but the sleek, geometric lines of their bodies never soften.But the senators would soften the benefit cuts by offering workers a shot at higher private sector returns.
softness	919)--and read definitions emphasizing delicacy, softness, effeminacy in men, homosexuality, and masturbation.Perceptions of the treaty's softness on the third world, says the Times , have already prompted many Senators to come out against it.
solemn	You're no longer enticingly innocent and desirable but boringly earnest, naive, and solemn.“The land law was on the move--in a solemn progression of rules and technical evasions.
solidarity	The move, which the WP calls "unusual solidarity," is expected to send oil prices up.To show solidarity with you, I watched the whole encounter, larded up as it was with odd rules.
solidify	The gel is in liquid state when heated to solidify to a firm gel as its temperature lowers.In this way Marxist professors actually serve to solidify the current class structure.
solitary	Vice is rarely a solitary invader; it usually brings with it a frightful train of followers.Sirenians are solitary, travel in pairs, or associate in groups of three to about six individuals.
solo	4% of solo practitioners agreeing with three or more of the four breast screening questions.but uh that gets old too in a very short order i'm i'm hoping that this uh solo flex will uh
soluble	A smaller fraction of the tested antibodies gave accurate quantitation of soluble antigen.We also found that inducing at an A 600of 1.0 rather than 0.5 gave more soluble protein.
solvable	This problem was not solvable by using narrow review criteria created for one (conventional) system.The system becomes solvable by adding a constraint on the smoothness ("regularization") of the solution.
sometime	i know uh here sometime back you know they had had had given him a printout you know of uhwell it's oh it's nice to have the noise sometime it's nice that you don't need that noise
sophisticate	Namely, if you don't accept my argument then you are a smug, high-minded sophisticate.But once again, let me raise the question of who is the real sophisticate and who is the ignoramus.
sore	do they exercise much or i mean for skiing i know when i went you can get sore easily butSpecter has a reputation for being a sore winner that he bolstered during the Hackathlon.
sorrow	"It looks terrible," the Fox Washington bureau chief observed, more in anger than in sorrow.Hers is the face of a patient, drugged out of pain and sorrow, drifting on Demerol.
sorrowful	It is my sorrowful duty now to accuse President William Jefferson Clinton," etc., etc.He's both inside and outside the action: He knows when to rock your world and when to induce a state of sorrowful detachment.
sour	Oxy comes from Greek oxus sharp < IE * ak , sharp and sour both being descriptive of acid.' Tory killjoys struck a sour note by calling the timing of the announcement a Labour stunt."
southwards	Southwards from Elizabeth Bridge is the Szabadság híd (Liberty Bridge) opened in 1896 and originally called the Franz Joseph Bridge.Small bands of Asiatic hunters migrated across the Bering Strait land bridge before 12,000 b.c. and gradually spread southwards through the Americas.
souvenir	A number of souvenir shops in the houses have some interesting Bahamian and European gifts.But, the collector adds, "There is a difference between taking a trophy and a souvenir."
sovereign	An important part of U.S. diplomacy is getting sovereign states to work together voluntarily."White, padded, and one biblical quote away from declaring itself a sovereign nation."
sow	"Sow according to your charity, but reap according to your lovingkindness" (Hosea 10:12).Randy, I'm always true to you, darling, in my fashion, but sometimes a girl needs to sow some wild oats.
soy	The Native Hawaiian group, however, consumed even more soy foods than did the Asian women.and not too much soy sauce uh some chopped up scallions um you know slivers of scallions
spacecraft	What's involved is launching a spacecraft that can be stationed 1 million miles from Earth.They and their "crew of students" arrived on earth "in staged spacecraft (UFO) crashes."
spaceship	The spaceship comes down in your backyard, crushing a bed of petunias, and out steps the alien.The name SCOTTY would be iced in in green as if it were the name of the spaceship.
spacious	Just ahead is the spacious, serious Plaça de Sant Jaume, the heart of the Barri Gòtic.Rooms are comfortably large, with a small sitting area, and bathrooms are surprisingly spacious.
spade	Last year, when I finally got my own piece of dirt and took a spade to it, it landed with a thud.So I only wish that while delegitimizing Reed's Christian décor, the author could have called a spade a spade.
span	HGSC's initial approach to gap closure of 3L was to design primer pairs to span each gap.the hundred-plus-year life span of modern art are on every museum's agenda these days ...
spark	Conley had hoped to spark a general discussion of sexism in the medical academic profession.In the 1990s, after being sold and resold, Ms. lost its spark, but it still carries on.
sparkle	Just to free associate, Prudie, herself, loves jewelry and is known to intimates as Sparkle Plenty.Rent a canoe or kayak to explore some of the 500 lakes and rivers that sparkle across an area of 1,500 sq.
sparrow	Malcolm K. Sparrow, License to Steal; Why Fraud Plagues America's Health Care System, 1996At first I was prepared to offer “sparrow grass” (for asparagus ) as elevated Slurvian; I now retract the offer.
spatial	At least eight residues form a spatial cluster in the vicinity of the conserved arginines.First, there is an inherent loss of spatial information with the construction of a DVH plot.
spear	St. George’s cross and a shaft suggest a spear being thrust into the dragon’s back.Another school saw al Qaeda as the "point of the spear of radical Islam."
speciality	International cuisine with many interesting dishes; the pies are a house speciality.Ensaimadas — sweet rolls made with lard — are a Balearic speciality generally available on the island.
spectacle	If the process of slaughter becomes a savage yahoo spectacle, then we are indeed barbaric.Five times a day, scuba divers go in to feed the fish, a fascinating spectacle to watch.
spectator	For two years, Salon says, Dozhier used Spectator money to support Hale--an old friend.And I'm also sorry I wrote in the American Spectator that Vince Foster fondled you in public.
speculate	Using this diagram, we can speculate about how life might be different on Mars or Europa.But if she could write about fiscal policy, perhaps I can speculate a little about her.
spelling	"Yadda yadda yadda ," whose spelling he was uncertain of, "simply seemed funnier than blahIn the map of France it gives the proper spelling, with the English in parentheses below.
spherical	A general theorem considers hair on a spherical surface and combing the hair in any way you want.From the spherical stage to the cylindrical stage the amount of total cortical myosin-II remains constant.
spice	And don't forget to point out that "visiting" can certainly spice up the nighttime situation.It is hard to overstate the Spice Girls' influence on popular culture, especially in Britain.
spider	The paintings became sinuous lattices, like the web of a deranged and brilliant spider.WWW : Will Smith gets attacked by some kind of mechanical spider, probably not affiliated with the NYPD.
spinal	Virus-labeled neurons in lumbosacral spinal cord first appeared 2.25 days post-infection.Counts of each type of neuron were made from each section of a complete spinal cord series.
spiral	Inside, eight spiral columns support the canopy of the 17th-century carved oak baptistry.So she climbed the spiral staircase with him to her bedroom and just couldn't believe it.
spit	” Obscene spoonerisms represent the pinnacle of spooner-type wit (or is that wooner-type spit?A spit of land reaches out south of the city across Kingston Bay, sheltering the famous harbor.
splash	If the beach or pool begins to pall, kids can make a bigger splash on a giant waterslide.The capital, Pothia, is a splash of bright color climbing a hillside on the south coast.
sponge	He wants to know if Victoria sponge with a Bath bun and Malvern water is of interest.and this is an old older house and it's kind of a sponge is what it looks like to me
spontaneous	"Temperate and spontaneous fun" sounds like something one might have to do in a work camp.All spontaneous chemical reactions, if coupled to no other source of energy, are exergonic.
sportsman	yeah right more because of their personalities than their sportsmanNotice an unusual feature of the giant statue in Cave No. 13: the Buddha’s right wrist is supported by the small figure of a four-armed sportsman.
springtime	yeah we um we usually do probably usually in the springtime or in the fall in the summerthat's what i meant could be the springtime or something like that the kids are still in school then huh
sprinkle	if you uh sprinkle lime on your young plants before they get too big that should help thatHe is not a magical potion that you can sprinkle on your problems to make them go away.
spur	She did it not on the spur of the moment; she did it over a considerable period of time.While the strikes were ethically justified, they may spur further terrorism in revenge.
spy	An article details how the New York Times muffed its coverage of the Chinese spy "scandal.") Newsweek speculates about whether Democratic fund-raiser John Huang was a Chinese spy.
squash	However, the interchangeable terms, squash and squash racquets require some clarification.This was termed as giving cala-bazas (squash or pumpkin) and was a great insult to the wooer.
squat	He is obscured by his posture--a squat--and the big mitt he must position in front of himself.Mangrove swamps along the coast and squat nipa palms give rise to mangrove jungle.
squirrel	A particularly ugly squirrel named Gertrude was atop a tree 65,433,872 years ago.Human brains weigh on average 1,300 grams; a squirrel brain weighs six grams.
stab	Presidential aides used to fall on their swords for their boss; now they stab him in the back.The affidavits also attest that he watched friends stab a woman to death and bathe in her blood.
stabilize	Riggs says legal-aid agencies help stabilize society; they're a safety net for those in need.The US extended 40 billion dollars in loans to stabilize the monetary system.
stagger	yeah but but you did stagger stagger back and say oh doesn't this look niceSiegfried can only stagger to the greasy Biedermeyer sofa and collapse. "
stain	Consistent with the binding data, this SP analog did not stain rSPR-transfected CHO cells.Kill video poker in South Carolina, and you erase the biggest stain on gambling's image.
stainless	Made of stainless steel, they are much bigger than the Adco 120, the most common model.Two stainless steel wires (100 μm diameter) attached to micromanipulators were used as electrodes.
staircase	So she climbed the spiral staircase with him to her bedroom and just couldn't believe it.When staircase was induced, sarcomere length was set, and then the stimulation was applied.
stairway	Lastly, I ascended the old, open stairway, Once the pride of my joyful, young life.Above the stairway leading upstairs is a depiction of Felipe IV and his family.
stale	Before long, however, the buck-stops-here cliché grew stale, and the story line changed.Critics were equivocal; the Washington Post 's Rita Kempley called it "stale feminist fluff."
stalk	This is followed by a 22 amino acid stalk on which sit the 2 globular catalytic domains.Many of them show broad connections with the yolk cell, and many join it via a narrow stalk.
stall	People such as myself cannot get up from the seat in a conventional stall without handrails.Prudie often sees women take the handicapped stall simply because it becomes available first.
stammer	stammer of heart the naive tend to, in the face of what finally is only the world.Facing that riddle, we all stammer.
standardize	Both unions also sought to standardize wages by setting piece rates for assembly work.Standardize intake and case management software among programs to expedite intake and referrals.
standpoint	I think we're nationally recognized, uh, for what we do from just a managing standpoint.From the national standpoint, lower taxes are not necessarily better than higher ones.
startle	In contrast, the DNT includes tests of locomotor activity, acoustic startle, learning, and memory.He goes on to say, “Hispanic graveyards are places of color, where paints, flowers, and tiles combine to comfort the bereaved and startle the gringo” (88).
starve	you know gee Holly would starve to death if we you know we took her to another country soA mouse must eat about half its body weight every day not to starve; a human gets by on only 2%.
statesman	something and and if we could it's not wise that i guess i'm still looking for a statesmanToday, the elder statesman advises Cambodia's leaders to seek rapprochement with the West.
static	The range of static displacement discharge frequency for 1° afferents was found to be 18.Golgi tendon organs mean L init static discharge frequencies was 16 ± 2 spikes/sec (Fig.
stationary	i see um-hum um-hum and what kind of a bike do you have what kind of stationary bike do you useyou think so i bought a stationary bike but i find that if i sit on that seat too long it hurts
stationery	The town also specializes in bookbinding and beautiful stationery and paper products.It's true that if the programs aren't winnowed down, not much changes apart from the stationery.
steak	This is like being asked how you want your steak cooked: Most people take the middle option.one of my favorite restaurants is Steak and Ale now that's a chain sort of a chain restaurant
steamer	Instead of flying down, many people prefer to take the more leisurely steamer from Mumbai.A pleasant way to enjoy the lake is to take a trip on the Victorian steamer Gondola.
steer	The damage is cumulative, and eventually the boat takes on so much water it is impossible to steer."I want mine to include a few well-chosen pans, to steer me away from the overrated and the overpriced.
stereo	Sweet and Lowdown is a "small" comedy--it's monaural, not stereo, and purposefully distant.I have found that when the incoming music is routed through my stereo, I get excellent sound.
stereotype	It may be the last publicly acceptable stereotype in American journalism: the Appalachian.One of the greatest achievements of each is that he destroyed the stereotype about himself.
stern	In his memoir, however, Stern writes: "I find nothing attractive about the pregnant form.Shock jock Howard Stern successfully transforms himself into a likable American Everyman.
stew	a lot of the stew and soup they they boil you know they boil or broil a lot of their food*In a large stew pot over medium heat, sauté onions in butter until golden brown.
steward	Asano’s clan steward, Oishi Kuranosuke, and forty-seven of his loyal retainers vowed revenge.J. Barrie Shepherd, First Presbyterian)--Would you ask the divine wine steward what goes with rats?
stewardess	But for all the papers say, the finding makes as much sense as holding a stewardess responsible for a commercial pilot's flight violations.Prostitutes are playfully known as gerla girl-a, super-gerla, spermatorka, spermara, sperm-usha, stewardess, and, because they walk the pavements, granit.
sticky	and um the sticky buns of course would last you know three or four days and that would be itbut um she used to have you know two dozen sticky buns three bread rolls you know every week
stiffen	no the the only way they could do it i think would be to stiffen the penalties on anybody using a gun"It is up to his allies, in particular Tony Blair, to stiffen his resolve that NATO's demands be met in full.
stiffness	Stiffness achieved with anterior implantation decreased when the anterior annulus was damaged.Context, I replied with all the adult stiffness I could muster, and that seemed to convince her.
stillness	Out of her stillness she suddenly shrieks, not as an appeal but as a demand, "I'm a human being!""Then absolute stillness, fires brighten, the world disappears into light" M, 29
sting	When we meet them at a certain distance, we can usually manage to take the sting out of them.Third parties, as the saying goes, are like bees: They sting and then they die.
stockholder	Stockholder profits should not necessarily be squandered on the CEO's favorite charity.Also, the actor (and Nation stockholder) Paul Newman writes an editorial mocking Jesse Helms.
stocking	Drug stocking and source of drugs were found to differ significantly by type of outlet.There stands a young man wearing a black stocking cap, a navy pea coat, and a grim expression.
stony	Fertile fields alternate with stony hills, miraculously sprouting trees, and wildflowers.They can look at those stony fields and think that members of their families lived and worked there.
stool	Horsinek B. Miedema J. Noseworthy (vet) Dr. Saltpeter Sylvan Stool E. Rump D. Purpura L.J.M. avium was also detected in other clinical samples: urine, stool and sputum (Table 4).
stoop	No more so than when they stoop to cleaning bathrooms for minimum wage, he says.The movie opens with a spaceship depositing an infant Oscar Wilde on the stoop of a Dublin townhouse.
storey	Going via results for the FDR in Storey [ 12 ] (see also [ 13 14 ] ) it is possible to derive the estimateSee also NSC email, Storey to Berger and Clarke, June 24, 1999.
stormy	He could have thought of: "Stormy weather, can't go on, everything I had is gone."During these stormy years, the castle of Edinburgh was occupied several times by English garrisons.
stout	English “pomp,” stout forts, and colonial houses attract history buffs.This incredibly fast and strong and durable thoroughbred, heroic of stature and stout of heart, was a genetic dead end.
straighten	As for the $23, why don't you start PrudiePac and see if you can't straighten out the dolts in Washington?well we have an easy subject today i guess easier than trying to straighten the government out which was yesterday
strait	In a.d. 711 a great Muslim invasion fleet from North Africa crossed the Strait of Gibraltar.And the Strait of Juan de Fuca is named for a Greek navigator who likely never existed at all.
strangler	oh we had a frog strangler go sweeping sweeping through here uh yesterday and last night and we're expecting another one tonightuh-huh uh-huh cuddle up um-hum well i don't know i remember one time uh some cousins were in a tent and it was married cousins and they they had the tent and this you know frog strangler that we used to call him came through and
strap	Ninety-four degrees outside I got nothing on but a jock strap, I'm still dying it's so hot.No it didn't have flowers, just the swim caps with the, the strap that hooked all the way under.
strawberry	Making plain a mystery, "is three-flavor ice-cream: strawberry, chocolate and vanilla."In the 1750s, he had begun a project to enlarge Strawberry Hill, his Thames-side villa near London.
stray	But now the Enquirer reports there's hope for men who stray in even the most public ways.Last year we aided 1,418 stray animals but 1,191 of them were never claimed by their owners;
streamline	Agencies also took steps to streamline their processes by using a team approach.Organizational Alignment to Streamline Operations and Clarify Accountability
stride	Lions sculpted in relief stride along the street’s blue-and- ochre tiled walls towards the Ishtar Gate.In The Crossing McCarthy hits his stride in dialogue in colloquial Mexican Spanish and does himself proud.
strife	The film mixes father-daughter strife and cop romance and the search for a serial killer.Hungarians say that when Mátyás died so did justice, resulting in internal strife.
stripe	Five modules driving individual stripes and stripe pairs have been identified experimentally.Ahab predicts four of them (stripes 1, 5, 6, 7), only the stripe 3+4 element is not recovered.
strive	Indeed, art had to strive to achieve an instantaneity that bypasses laborious storytelling.Investigative reporters strive for truth, but political reporters strive for balance.
stroll	Night owls overcome their hangover with a stroll or boat cruise around the Lac des Sables.As you stroll along its various shopping streets look for significant Islamic monuments.
stubborn	The energies he had previously invested in stubborn rebellion were channeled constructively.What suggestions do you have for disciplining a strong-willed, stubborn child?
stuffy	For days, the royals were scorned as stuffy brutes for failing to display grief in public.Which means that the stuff risked being stuffy, if you can say that about jeweled ornaments.
stun	Where are the stun pistols and blast rays we were supposed to be using by the year 2000?The ossified state of European telecom monopolies would stun American Webheads.
sturdy	A special place is reserved for the sturdy little bushplanes used to cover the wilderness.but uh he is uh he's pretty sturdy but he's got to learn to get rid of it pretty quick
subdivide	An increase in the depth of annotation will be required to subdivide the large clusters that correspond to complex organ systems.We report here the complete mutant screen identifying 121 individual mutants that subdivide into at least 11 complementation groups.
subdue	He sent thousands of troops across the Pyrenees to subdue the Spaniards, who then revolted.Henry VIII and Elizabeth I were determined to subdue Ireland, and sent in massive military expeditions.
subjective	Of course, numbers can never resolve the inherently subjective question of cultural health.Intimacy has two aspects--actual size and the subjective perception of size and scale.
submarine	You will also find the ticket office for Atlantis Submarine in the Havensight Mall.Hence the (quite enthralling) cover story on life aboard a nuclear submarine.
submerge	Nautibus, Sub See Explorer, and Atlantis XII all submerge to 50 m (150 ft) to explore the reef eco-system.These attempts to stamp out free thinking suggest what is really going on inside the GOP: an effort to submerge the battle of ideas.
subordinate	For instance, she would prohibit men from having sex with subordinate female co-workers.Indeed, Mullah Omar had executed at least one subordinate who opposed his pro-Bin Ladin policy.
subscribe	but other than that i don't really read i don't i don't really subscribe to anything elseno i i think that's an extremist position and i and i don't really subscribe to it either
subscript	where "+" denotes summation over the indicated subscript.where the subscript A indicates artery, F CO is the cardiac output and c L v is the concentration in the venous blood leaving the lung.
subscription	If you're not satisfied with it, we will happily refund the balance of your subscription.You have just a few more days--until March 9--to sign up for your Charter Subscription to
substitute	A true need exists to compare this mercury substitute thermometer with the mercury device.The company began purchasing this chemical as a drop-in substitute for methylene chloride.
subtract	T value as an arbitrary constant to subtract from all other ΔC T sample values (Table 4).Subtract the shock value, and what you have here is the salon painting of the 1990s.
subway	You mentioned that you were asked to help reduce subway crime in New York during the 1980s.Industrious CW-armed terrorists could kill thousands of New York subway riders in a day.
suffice	and i think uh the thing that makes a lot of noise would would suffice i really doThe given complexity of desires and adaptations that make up the ego suffice.
suitcase	(If a character buries a suitcase full of money, we should find out what happens to it.)oh i forgot my i i had to dig through my suitcase and find my personal identification number
sullen	She tromps around dull-eyed in a gray skirt and thick, mustard-colored stockings--a sullen bottom-feeder.So when my aunt related gospel like Blood is thicker than water, I could think of no answer but a sullen nod.
sulphur	The springs, with their soothing sulphur baths, were developed by the Japanese during World War II.Rhodanese extracts a sulfur from sulphane sulphur containing anions (e.g.
summarize	Taken together the two Times summarize the to-the-moment budget state of play: IN: the $1.These seven propositions summarize the enduring content of the Reconstruction Amendments.
summon	Before the answer could be given, he had to summon up a variation on the venerable theme--But she can't summon up much curiosity about Owens, who rarely rises above portentously ironic clichés.
sunrise	One of his early pictures, his Impression, Sunrise of 1874, gave the movement its name.It is an almost spiritual experience at sunrise when the sun’s rays break over a silent world.
sunset	Find a spot for a drink at sunset (which has to be one of the most spectacular on earth).At dawn, its color changes from milk to silver to rose-pink, and at sunset it is golden.
sunshine	oh well we're having sunshine i think it's gonna be up in the seventies today soHRC: If I had any voice, I'd break into "You Are the Sunshine of My Life" and dedicate it to Tipper.
superficial	P53 and VEGF immunostaining was similar in GC patients with superficial and deep invasion.In the superficial layers most prominent staining was found at the epithelium surface (#3).
superficially	Whenever possible, study a few expression nodes thoroughly, rather than many superficially.Its design was superficially ethical, but science was not advanced, and the public health was ill-served.
superiority	The relative superiority of YHL to YOL would probably hold in trials with shorter follow-up.I'm a little uncomfortable with the way the question invites a sense of cultural superiority.
supersonic	Tucker can be trying when the script isn't good, but he's a great foil for Chan--physically gung-ho and with supersonic timing.The advent of jet travel--and supersonic jet travel--has made it possible for them to work virtually simultaneously not just in several cities but on several continents.
superstition	Trained scientists such as myself, however, do not succumb easily to superstition.It's a metaphor for our vainly putting our faith in modern technology instead of centuries-old superstition.
supervise	The law, however, requires that Defense Department officials supervise these procedures.leaders able to evaluate, approve, and supervise the planning and direction of the operation;
supplementary	Amphotropic viral producers were established in PA317 cells (see Supplementary Material).Federal Mission PP&E shall be reported as required supplementary stewardship information.
suppress	Communist leaders can't decide whether to suppress Li or co-opt him for their own agenda.But that's what happens when you suppress the powerful erotic and aggressive urges of youth.
surge	Newsweek 's says the aging of baby boomers has prompted a surge in research about memory.A piece likens the recent surge in multiple personality disorder to 19 th century hysteria.
surname	Years later, Rotcod became a doctor to realize the unfulfilled potential of his surname.Originally a Yorkshire place and surname, it had mainly masculine associations for centuries.
surpass	So, as computers get faster, they will surpass human capabilities in these limited domains.The "best wines of the new world can match or even surpass the great wines of the old world."
surplus	State and local government net saving has been relatively small, ranging from a surplus ofSo far, the federal government has used surplus funds to reduce its debt held by the public.
surrender	and who refused to surrender to the bullying of Mr. Starr's witchfinder-general"; the U.S.on Late Edition , citing the Serb surrender to the Dayton peace conference as an example.
surroundings	In its Greek form, Judea, it was applied to just Jerusalem and its immediate surroundings.Its Italianate style and restrained proportions ﬁt in exquisitely with its surroundings.
susceptible	and it seems like those countries are so easily susceptible to that kind of thing it justIsolated bacilli were considered susceptible if the inhibition zone was 11 mm or greater.
swamp	Where swamp gives way to dry land, you will see the fascinating, monstrous strangler-figs.From the woods I gathered crab apple, winterberry, and swamp maple that looked promising.
swan	2. cardiovascular instability - invasive hemodynamic monitoring with a Swan Ganz catheter;Don’t miss the graceful, 19th-century statue of Leda and the Swan in the inner courtyard.
swarm	He is nearly blind in the left eye, and he can't stand the mosquitoes that swarm around his hut.A swarm of government enforcers peering over a company's shoulder is a strong incentive for it to behave.
sway	He was a member of the Hohenzollern dynasty that was to hold sway here for over 450 years.But some skeptics disagree that any Internet issues will sway the electorate at large.
sweater	and not so much our pants but you wear a sweater and a short sleeve shirt underneath thatCool means it is pleasantly warm by day, and fresh enough for a sweater in the evening.
sweeten	To be fair, the White House wanted to sweeten the Medicare pot at the same time it was making these cuts by adding a prescription-drug benefit.
sweetness	Thanks to the wells, Turpan grows cotton, melons, and grapes of great sweetness and renown.I just remember, like, it about, it was being about candy and sweetness stuff like this.
swell	As with Social Security, Medicare spending will swell as the elderly population increases.As Columbus announced When he knew he was bounced, “It was swell, Isabel, swell.”
swift	You weren't vamping him, after all, and both of you made a swift effort to end the scene.Speakers called for the president's swift exit but disagreed on how best to approach it.
swiss	That was one factor in the recent electoral success of the right-wing Swiss People's Party.A proper language should click along like a Swiss watch, doing its job in a no-nonsense way.
symmetrical	His plan was a simple grid: a symmetrical design with straight streets and grand squares.It may be a sickening view, but there is something appropriately symmetrical about it.
symmetry	We cannot deduce from the symmetry of the initial state how that symmetry will be broken.Both polymers contain SAM subunits arranged as a left-handed helix with a 6 5 screw symmetry.
sympathize	I can sympathize, therefore, with their rejection of the term Negro as a racist term.I sympathize with both Buchanan and Warren Beatty viscerally, if not ideologically.
symphony	did yeah have you ever been to the to to the Dallas Symphony have you is it are they good80, a hastily written occasional composition with amusing premonitions of Symphony No.
symposium	This is no coincidence, since the Symposium portrays homosexuality as useful and ennobling.Ask any nonclassicist who has read the Symposium , and you will get this basic recollection.
synthesis	5-methyl dCTP was used during first-strand cDNA synthesis to protect internal Xho I sites.RT-PCR was performed using the RETROscript first strand synthesis kit for RT-PCR (Ambion).
synthesize	For organisms that are known to synthesize GSH, these sequences are likely to encode GshA.About 2 μg of poly (A) +RNA was used to synthesize fluorescently labeled cDNA targets.
synthetic	Fentanyl is a synthetic opioid ligand belonging to the phenylpiperidine family of ligands.For the completely synthetic data shown in Figure 1a,1bthe signal-to-noise ratios are 14.
systematically	In other words, sequence signatures have not yet been surveyed systematically and objectively.Every 15 thhouse was then systematically sampled for participation in a sero-survey.
tablet	For example, one tablet of Malaratab (the most popular AQ) ranged from $.07 to $.21.One hour after taking his fifth mefloquine tablet he experienced acute amnesia lasting approximately one hour.
tabulate	Therefore, we decided not to tabulate data on adverse events and perform quantitative pooling.The output consists of a table (crosstab - tabulate: word occurrence; display: category percent), which can be saved as a tab-delimited text file.
tack	yeah i'm sure they're yeah and you tack on the insurance they can add to it becausePossibly because he returned from Little Rock without the goods, Brock takes a new authorial tack.
tact	Yes, they were statesmen, bringing compromise and tact to everything that they did.Since you've tried tact, you must now be direct with this judgment-free fellow.
tactics	Without such a framework, even the cleverest organizing tactics will come to seem hollow.yeah well there's there's all sorts of scare tactics i guess to to invade our privacy and
tailor	And, second, can we tailor these “nanoscale assembly lines” to perform new and unique tasks?At the very least, they say, schools are forced to tailor curricula to the test.
tame	The babes with radar for difficult men have the idea that they can "fix" a guy or tame him.The birds in this Old San Juan park are almost tame and are sure to feed from the hand.
tan	I mean, they could have gone with the fashionably neutral colors--white, gray, maybe tan.Wolf had the guts to support the vice president's shift to brown, olive-green, and tan shades.
tangle	Yet Don't bite the man that feeds you makes satisfactory sense; so does It takes two to tangle .The title of The Bounty , Walcott's first book of poems since Omeros , is a tangle of associations.
tanker	NEADS controllers were simultaneously working with a tanker to relocate close to the Otis fighters.The October 6, 2002, bombing of the French tanker Limburg in the Gulf of Aden also was Nashiri's handiwork.
taper	When discontinuing benzodiazepines, taper them slowly to prevent rebound anxiety., performed at the Mark Taper Forum in Los Angeles in 1994.
tar	The TAR has a point mutation at (C37 -> T), which no longer responds (efficiently) to Tat.Figure 1summarizes the results of radial TAR cloning of the transgene with those vectors.
tariff	Up until the mid-1960s, presidents negotiated many bilateral tariff reductions, attracting little attention.In the 1890s, Mugwumps such as Godkin crusaded for free trade and against tariff protection for corrupt manufacturers.
tease	Sophisticated research is required to tease apart the complex interactions between these variables.These may seem like imponderables, but we can tease out a few differences.
technician	22, 2003); NEADS audio file, Identification Technician position, recorder 1, channel 7, 9:41.NEADS audio file, Identification Technician position, recorder 1, channel 4, 10:02:22.
tedious	As for The Hand , by California neurologist Frank R. Wilson, even the epigraphs are tedious.When I worked at Late Night (oh, no, not another of his tedious stories about the old days!)
telegram	Spelwire and wire-spel for telegraph and telegram have already been suggested by the late Rev.That telegram is omitted from the script, which has Schultz dying immediately after being shot.
telegraph	The invention of the telegraph reduced communication time from five days to five minutes.In the North, the Protestant Belfast Telegraph said that "the mere fact of his presence ...
telex	Olympic games participants must identify symbols in order to find everything from locker rooms to Telex machines.The company profiles section gives the addresses, telephone, facsimile, and telex numbers of all manufacturers and publishers, with their international affiliates and dealers.
temper	The heat is year-round (average 25º C/77º F), but so are the trade winds that temper it.That might begin to cure, or at least temper, his wicked and dangerous sense of entitlement.
temperament	Burne-Jones hated it no less, but there's little of the social critic in his temperament.Already isolated by temperament, he seems more vulnerable than a conventionally nice martyr.
tempo	okay they're progressive in that it's just the same up beat tempo type or instruments they useBut, in fact, they're quite pliable, lending themselves to dramatic shifts in tempo and voicing.
temptation	I think he's more likely to be caught by that kind of temptation than by a hunger for power.We don't have to resist temptation nearly as often as employees of traditional media companies.
tenable	But anti-Clintonism is not a tenable national strategy.In this era of comparative genomics, it is no longer tenable to use acronyms for genes and their gene products that differ from organism to organism.
tense	Her partner looked past tense, indeed, completely overwrought, and gratefully stood aside.Bob Barr, R-Ga., is the id of the Republican Congress, the rage beneath its tense smiles.
tensile	A number of observations have indicated that hyperglycemia impairs collagen formation and causes a decrease in the tensile strength of surgical wounds [1,2].
tentative	It will require most of this book to unfold the implications of this tentative definition.The column reports that a tentative settlement between Nicks and the feds is in the works.
terminate	so if you terminate him that's a loss of value so you know if you weight everyone equallyAt the occurrence of a component with nonsignificant F-statistics, we terminate the selection.
terminology	Here in the Western States, just as worldwide, ranch terminology varies from area to area.Rather, she strives for a standard terminology that cuts through the babble of winespeak.
terrify	but a lot of kids i mean if a child has uh claustrophobia i mean that's just going to terrify him you know andMay such terror terrify those in thrall to earthly error, for the horror of these images tells what awaits them. ”
textile	39 Textile mills at their outset often provided the principal employment in the locality.Currently, no more than approximately 35 percent of textile shipments are for apparel items.
theorem	They don't offer up the long-sought simple and "elegant" proof of Fermat's Last Theorem.More generally, I recall the no-free-lunch theorem of Bill Macready and David Wolpert.
thereafter	British and Israeli agents independently became aware of his presence shortly thereafter.Primary cultures were passaged when 40% confluent and maintained in GEC media thereafter.
therein	The rule and the procedures therein are applicable to the FCC's spectrum auction program.•Other villages are much less developed, and therein lies the essence of many delights.
thereof	In addition, the same invoices, or portions thereof, could be paid more than once.Expression (or lack thereof) of these antigens by each cell line was further confirmed by immunohistochemical staining.
thermal	Dispatched to do a thermal analysis, a general reports, "The thermal analyzers have jammed."because it will only take a minute to print one of those out and then run a thermal copy of it
thermometer	A true need exists to compare this mercury substitute thermometer with the mercury device.An ambient temperature thermometer with NIST traceable certificate of compliance was also used.
thicken	yep and then you know if you can put your cocoa in with your cornstarch if you wanted to the cocoa even seems to thicken it even morebecause by the vanilla doesn't seem to thicken as well as the sometimes the cocoa is like my husband really likes it thick he says i can stick the spoon right in this
thickness	It was then dehydrated in alcohol, embedded in fibrowax and sectioned at 5 μm thickness.The vacuum holds the cloth firmly and compresses the thickness of the lay, typically by half.
thirdly	Thirdly, it has been widely used as a model system of various therapeutic interventions in bladder cancer.Thirdly, the data obtained were insufficient to assess the effect of study location on diagnostic accuracy.
thirst	An essay says Washington's thirst for impeachment stems partly from a yen for parliamentary politics.Meticulous oral, nasal, and conjunctival hygiene help to allay concerns overt patient thirst [ 84 ] .
thorn	Its sculptures include a flute-playing maiden and a small nymph pulling a thorn from her foot.Thorn and wynn are borrowings from the Runic alphabet, once widely used in England and Scandinavia.
thorough	The 24-part series, a pet project of Ted Turner, is evenhanded, thorough, and captivating.H: "Oh, our expert veterinary staff will of course be on available to you for a thorough
thoughtful	(Disclosure: Today's Papers was once--it likes to think--one of those thoughtful voices.)On the left you will find a bronze statue of David Hume, depicted in calm, thoughtful pose.
thoughtless	' " Thoughtless assertion or not, this is what the Independent had been saying all along.People who presume to use a first name in a business call seem thoughtless.
thrash	They came to thrash the teacher and break up the school.) But McCain's best sport came when Keyes asked him a lunatic question premised on Keyes' not understanding that McCain was joking when he said he was a big fan of the thrash band Nine Inch Nails.
thread	The L5 and L6 spinal nerves were tightly ligated by a square knot with 6-0 silk thread.but i had the wrong side out i didn't know there was a right and wrong side the thread worked
threshold	Changes in expression above a certain fold-change threshold are deemed to be significant.P -values according to several different methods: (i) The normal P < 0.05 threshold (i.e.
thrifty	They have rooms and houses to fit many tastes and budgets, from the lavish to the thrifty.And the American left's infatuation with thrifty socialized medicine is made possible by their never having to deal with it.
thrill	Don't mind telling you, In my humble fash, That you thrill me through With a tender pash.The cover story claims that Americans have embarked on "a national orgy of thrill seeking."
thrive	Those that adapt and change (and yes, get “corrupted” once in a while) survive and thrive."Stock Hucksters Thrive on the Web," said the front page of the New York Times yesterday.
throne	France seized the chance to install the young grandson of Louis XIV on the Spanish throne.Philip finally gained the Spanish throne under the terms of the Treaty of Utrecht in 1713.
throng	On Saturday afternoons and evenings, the place is a teeming throng of humanity.The Los Angeles Times told readers that "the real news was the wall-to-wall press throng" at the news conference.
thrust	The assault was a failure, but it thrust into the limelight its young leader, Fidel Castro."Otherwise, the thrust to Pristina will have been a spectacular but ineffective action."
thunder	But The Heiress , for all its un-Jamesian blood and thunder, remains the truer adaptation.“That thunder is way up in the sky, far away,” Deb explains, pointing o in the distance.
tick	2 million Americans reported having used an illegal drug during the previous year, up a tick from 11.yeah i yeah my my very favorite one that the top of the tick for me is uh Excalibur i i loved that film um
tickle	And I can appreciate that they do, but personally it doesn't tickle my funny bone, but irony tickles me!And there is a whole array of American barrio slang to tickle one's fancy.
tidy	They are kept neat and tidy, with water-sports facilities and areas for changing and showering.But if the writing is tidy, it's never glib--it has too much texture for glibness.
tiger	Here you can see tiger moths clinging to the leaves of trees, sometimes in vast numbers.Tiger Woods won the Masters golf tournament and was anointed a Transcendent Sports Phenomenon.
tilt	To confirm the proper viewing angle, tilt series and stereo imaging were utilized.The whole idea is to produce a pelvic tilt for better access to the G spot.
timely	gun control seems to be a rather um timely topic with all that's going on legislation wiseIt is also recommended that the report be made available to the public in a timely manner.
timetable	The ferry timetable runs on a winter (read curtailed) service until the first week in May.You can say timetable (horario) , and you can proyectar something, or programar it.
timid	Bradley has played along, calling Gore "timid" and associating him with "entrenched power."And I once heard a Segovian graduate of Salamanca University say Venga to a small, timid dog.
tiresome	We thereby avoid the tiresome issue of whether anything improper actually has occurred.It is a clinical document, an anthology of unexamined prejudices, a tiresome Manhattan whine."
toad	Count your blessings, however meagre, as, a toad is a diamond in a duck's eye.Greed, too, was discouraged with a terse reminder, You don't need that any more than a toad needs side pockets.
toast	so it wasn't too bad it really wasn't but i was more in the mood for French toast anyway so1919: Congress Votes for Prohibition, Celebrates With First Toast in Congressional Speakeasy
token	(The movie would have been more fun, though, if DiPego had left in a token telepathic ape.Just lift the token on your enclosed membership invitation from the top right of the page.
tolerance	In fact, Americans seem to possess a tolerance and perhaps even a relish for gobbledygook.Popular attitudes even go beyond tolerance for the intrusion into our personal identities.
tolerant	("At the same time, we may all become more tolerant if everyone's flaws are more visible."They were glucose tolerant (fasting plasma glucose < 6.1 mM, interval plasma glucose < 11.
tomb	The Shrine, completed in 1953, is also the tomb of the Bab, the forerunner of Baha’u’llah.The third tomb, which belongs to the Bene Hezir, is the only one to have been authenticated.
torch	But the torch does not emit a flame: instead a surprising little llama stands on its tip.A year ago she wore an orange jumpsuit and brandished a torch, now she wears a look of remorse.
torment	His piercing blue eyes signal anger or torment while his manner stays glassy and querulous.saluggi (spelled in various other ways as well) a game intended to torment its victim
torpedo	yeah Gulf of Tonkin uh resolution and was it a dolphin or a torpedo things you remember thatHer breast starts around the collarbone and takes off like a torpedo.
torrent	James Hewitt, received an astonishing torrent of abuse from the British tabloid press.Watch for Pagla Jhora, the Mad Torrent, just after Gladstone’s Rock (shaped like the statesman’s head).
tortoise	At the Tortoise Pond, visitors feed the creatures special vegetables and “tortoise biscuits. ”In a long accompanying profile, Starr says he is the "tortoise" to Clinton's "hare."
torture	Who needs some gloomy Gus who harangues you about torture, rape, and murder all the time?No one else would criticize him for caving to torture--why did he beat himself up about it?
tow	If you dive or snorkel any distance from the shore, you are legally required to tow a marker buoy.One hears expressions like le snack bar, chequer (instead of verifier ), and un towing a tow truck.
tract	For such a small tract of land, the geology of the Lake District is actually very complex.Alternately used exon 10d contains an almost perfect 41 nucleotide polypyrimidine tract.
tractor	I was out there and my dad said I could drive the tractor while we were waiting on dinner.Another thing, uh, that I learned to, how to do very early on was drive a tractor.
trademark	Celluloid remained a trademark much longer, though it too has now become a generic term.If you stop selling a product for two or more years, you may lose the right to its trademark.
traitor	"I would do the same thing again," she said, as people outside her house shouted "Traitor!"My, my, how you have fallen down, you euro-communist, you revisionist traitor.
tram	He probably didn’t expect to be run over by a tram while working feverishly on it, either.If you leave the park and walk up Cotton Tree Drive, you will find the Peak Tram terminal.
tramp	The director, John Avildsen, keeps Stallone small in the frame, as dwarfed by his desolate environment as Chaplin's Little Tramp.Of unknown origin, doxy is variously the low term for sweetheart or mistress, female tramp or beggar, plaything or paramour [toy boy?], even a baby.
trample	Feet can kick and stomp and trample, or receive and give refined caresses; they can make us dance like angels or march like brutes.Xiong Guangkai insisted that the embassy strike had been a deliberate attempt by the United States to trample on Chinese sovereignty.
tranquil	But the ultimate venue to restore the spirit is tranquil Miyajima, just 30 minutes away.The town has a tranquil, inviting atmosphere, especially at the outdoor cafes of Plaça Major.
transcend	It is hardly necessary to add that syllothetics possesses the capacity to transcend logic.Marvelous as these actors are, they never transcend the limited conception of their roles.
transformer	pCR3/syk was used as a template for introduction of the mutations described in the text using the Transformer Site-Directed Mutagenesis Kit (Clontech, Palo Alto, CA) according to manufacturers instructions.
transient	However, we observed a transient 400-nm absorbance increase at an elevated pH of 9.5 (fig.The resulting β-galactosidase activity was used to normalize transient transfection results.
transistor	you know the T I came out with the with the transistor they didn't make beans off of itAnd falling asleep to baseball games that I listened to on a transistor radio I smuggled to bed.
transit	yeah on the other hand most people don't use rapid transit because it's so inconvenient5. "The New York Transit Authority is running an ad campaign pushing courtesy on its subways.
transmit	Rats do host fleas, which can transmit typhus, typhoid fever, plague, and other diseases.In brief, participating hospitals transmit electronic files to the DOHMH seven days per week.
transparent	Appending the coloring to the underlying data can allow transparent annotation by color.Most people would agree that in a well-run democracy, political power ought to be transparent.
transplant	After all, the Post notes, the U.S. suffers from an acute shortage of organs for transplant.When he was fired, Turner's son lost his insurance and his place in line for the transplant.
transverse	Briefly, transverse sections of cervical and thoracic cord (50 μm) were cut with a vibratome.The myosin was localized mainly to the transverse walls with some punctate labeling of the longitudinal walls.
traverse	Among the amazing sea life are the giant mantas and eagle mantas that traverse the bay.Most transmembrane proteins are formed from bundles of helices that traverse the membrane lipid bilayer.
tread	A similar tread was seen with AFA, although this did not reach statistical significance.right well if you if you can make yourself do the tread mill i mean gosh that's a good workout
treason	A Turkish court found him guilty of treason for waging a bloody drive for Kurdish self-rule.Of the 76 doges portrayed here, one is blackened out, Marino Faliero, beheaded for treason in 1355.
treasurer	In many states, the voters elect the attorney general, secretary of state, treasurer, etc.Voters elect the Texas attorney general, comptroller, general land commissioner, and state treasurer.
tremendously	The exhibition is tremendously popular, so be prepared for some long lines at the entrance.uh-huh yeah unless they're tremendously large they're not going to make that much difference
trench	Although we associate trench warfare with World War I, trenches were characteristic also of the Civil War.One compares Flytrap to World War I trench battles: "No one is getting overrun, but steady progress is being made."
triangle	For a good look at Downtown’s architecture, go to the green triangle of Post Office Square.It does indeed have virtuosic moments, but the central love triangle is entirely inert.
triangular	(Nepal’s is made of two superimposed triangular pennants with sun and moon emblems.)Many of those houses have sloping triangular roofs, called tesouros (treasures).
trifle	Director/co-writer Nora Ephron's pleasant trifle works because Tom Hanks and Meg Ryan star in it.lang's great quality is that she can pull off even the most anachronistic trifle without patronizing it.
trim	3. Keep your eye on the screen at all times, even when you are trying to trim a child's toenails.And, if the inflation-adjustment rules are changed, that will raise taxes as well as trim spending.
triple	Some meat producers in Sweden do, but their meat is double or even triple the usual price.The double and triple mutants had stronger phenotypes than the single mutants (Figure 2).
triumphant	American agriculture is triumphant, growing more than ever and growing it more cheaply.Can you identify the source of each of these descriptions of the triumphant negotiator?
trivial	The economics articles, while a good idea, have proven fairly trivial and even pedestrian.Trivia allows the junkie to master a small (by definition trivial) corner of the universe.
trolley	She had neighbors and a church close by and the trolley stopped not far from her home.Leave the car behind and experience being crushed by fans in a trolley on the MBTA Green Line to Kenmore.
tropic	and i remember hearing an interview with uh who was it the man who invented Hawaiian Tropic
trot	and then whenever we do trot lines and stuff they usually get catfishThe papers trot out a range of theories for the change in Russia.
troublesome	More troublesome is the CIA's unprecedented role as purveyor of the official government line.Such children as there are grow troublesome during the '60s, when they rebel against tradition.
trumpet	You said that you remembered the story of Trumpet the Dog and your cousins reading to you.most of the trumpet music's um um Baroque and um um um Romantic Baroque and Romantic
tub	All 15 of us have been invited to a picnic/hot tub grand opening party, to use her words.We feel pressured to attend and partake in the nude socializing in and outside the tub.
tuberculosis	However, an apparent independent fusion is seen in Mycobacterium tuberculosis (Figure 5a,5b).Two patients had coinfection by M. tuberculosis and M. avium in their sputum culture.
tug	Bog iron has found its way into the dictionary (viz. Webster ), and so, too, should tug .Hence it comes as no surprise to find in the town of Exeter a lowland called Tug Hollow .
tuition	College tuition is rising two to three times faster than inflation, another piece reports.HOPE scholarship tax credits for tuition payments for the first 2 years of college $4,210
tulip	Ahmet III was known as the “Tulip King,” and celebrated each spring with a tulip festival in the palace grounds.God only knows what would have happened had he mentioned "tulip bulbs" and "Internet stocks" in the same phrase.
tumble	Our successes and failures trickle, tumble, and torrentially build the future of our biosphere.Science, technology, and art tumble into the adjacent possible in roughly equal and yoked pace.
tuna	The peak season for billfish is May–October; for dolphin, tuna, and wahoo, November–April.and uh you know chopped up uh dill pickles and that sort of thing the standard old tuna fish
turbine	The OH-58D Helicopter is equipped with a Model 250 485kW turbine engine from Rolls-Royce.0.56 lb/MWh (15 ppm at 15 percent oxygen), if the unit is a simple cyclecombustion turbine;
turbulent	The strategic importance of its location has given rise to a long and turbulent history.The turbulent twenties gave Berlin a special place in the world’s popular imagination.
turmoil	It's now nearly impossible to find a conservative institution not in some sort of turmoil.In the middle of the 16th century, the whole of England underwent a period of great turmoil.
turning	But these potted wonders changed daily, stretching and budding and turning toward the sun.But turning to McKinsey was a bit odd since the company draws heavily on HLS for recruits.
turnip	yeah yeah i like to eat those green peppers just uh uh whole you know with turnip greensyeah actually just the with the greens not much of the turnips i don't like the turnip parts
turtle	and there's our shrimp nets are suppose to be turtle proof so the turtles can swim throughyeah that's correct turtle is very good that's the other thing wrong with the poor turtles
twilight	This "ornamental culture" is like a perpetual twilight of adolescence; it is a thwarted adulthood.The other remembers his twilight in Las Vegas, where female fans mobbed the auditorium every night.
twinkle	The owlish Bannen can twinkle without looking dear--there's something saturnine in that face.“Twinkle Twinkle Little Star” sung by a North Indian could have the le in twinkle pronounced “lay.”
typewriter	i typed his Master's papers and things on a typewriter oh boy to have a computer back thensure yeah any more i don't even know if they have if a college kid would have a typewriter
typhoon	Her fervent Republican followers would go to the polls in a typhoon.Chinese has made many contributions to English, among them typhoon, sampan, taipan, tea, silk, tong, Shanghai as a verb, and tofu .
typist	uh you look at uh Frito Lay my wife used to work for Frito Lay as a typist you know transcribing stuff into the computerOf course, not every typographical error should be ascribed to a hidden unconscious motive on the part of the typesetter (or typist).
tyranny	New Englanders, fearing British corruption and tyranny, provoked the American Revolution.However, even in these early days there were slaves who fought against the tyranny of the system.
tyrant	But these days the besieged tyrant of an ailing country can make the United States look mousy.(Last year, David Plotz wrote this appreciation of the much-misunderstood tyrant.)
ultrasonic	A second question is whether one can create an ultrasonic pulse that is approximately monophasic.The ultrasonic pulse (or pulses) would then push the potential past threshold.
ultraviolet	After the run, the gel was stained with ethidium bromide, and photographed under ultraviolet illumination.Following transfer, RNA was cross-linked to the membrane by ultraviolet irradiation for 1 min and stored at 4°C.
unanimous	With the Senate shading toward a unanimous impeachment, in August 1974, the president resigned.unless i guess if you request one you can but i think yeah making it unanimous sometimes might um
unavoidable	Bridging PCR is to a certain extent- ca 3%/kb- found in this work, unavoidable in PCR.Decreases in PGM activity could not be reliably measured because of this unavoidable background.
unbearable	Truth be told, it was not all that hard to come to terms with the unbearable Slateness of being.(Mickey Kaus first noted Stephanopoulos' unbearable sanctimony in this "Chatterbox" item in January.)
unconscious	and i you know we felt really bad for putting her there and stuff she was unconscious and soWhen belief systems are unconscious, they may prove particularly resilient to change.
unconventional	Slang is a means of unification; for those who use it, it is fun, unconventional, and sassy.forum in an unconventional way to suppress speech inherent in the nature of the medium.
underestimate	Critics worry that the kids underestimate the importance of blue-chip college credentials.38 One reason for this mistaken notion is that most Americans dramatically underestimate
undergraduate	President Routh, we read, advised an undergraduate, “Always verify your references, sir!”As an undergraduate in the early '80s, he became the College Republicans' master strategist.
underline	These observations underline the need for meticulous quality control during the production of cRNA samples and accurate quantitation of the resulting material.We have to underline, however, that the conclusions drawn on the right ventricular oxygen supply/demand ratio in the two loading conditions are mainly speculative.
underneath	everything all over the place and he had tried to dig his way out from underneath the doorSo, I have my sister's kid here and I'm going to kill him underneath this vehicle shortly.
underwear	All items of underwear in my possession were purchased either by me or by my widowed mother.--No fancy symbolism, no easy irony, no dime-store Freud, just straightforward gun underwear.
undesirable	Other toys should not be given to children because they encourage undesirable play behaviors.Courts consider it undesirable for someone to control property or land for hundreds of years after his death.
undo	And they can't undo whatever quick-tongued network-TV guests like Bill Kristol say in 10 seconds.1) If the political chasm is legitimate, and as wide as you describe, yes, undo from the girlfriend.
uneasy	Since you raise the question, you obviously feel uneasy about your frivolous use of the Web.But Beatty has always been, in the words of film critic David Thomson, "a very uneasy actor."
unfit	The Times editorial board shouldn't bother expounding on the News That's Unfit To Print.Because Hortman deemed Jarrah unfit to fly solo, he could fly this route only with an instructor.
unfold	It will require most of this book to unfold the implications of this tentative definition.To see the day unfold at the Ghats, you must rise before dawn to join the pilgrims.
uniformly	By doing so, tissue reaching a threshold temperature is assumed to be uniformly damaged.Despite the strength of the star power, the reviews are uniformly weak: "[T]he movie ...
unify	An effective design review process helps to unify and align all Design Review Processes?"They don't want to give us any chance to recover and distract from the Starr report and unify us.
universally	But what does that species have in common with the almost universally admired Coen brothers?Molecular phylogenies of universally conserved genes for better estimating distances
unjust	The Unjust War: Clinton's moral theory, point by point, as expressed in his testimony.Unjust private relationships do not cease existing just because one declares them not to exist.
unkind	Recently, my stepmother-in-law has taken to saying some unkind words about my mother-in-law.uh you know it's sort of somewhat unkind but producing graduates um you know as sort of
unlimited	In the realm of cybermedia, you have unlimited space in which to work--yet you limit yourself.The other 4 cents are payback for giving my aunt cheap and unlimited local calls.
unload	and then they say well if we unload them then how are we gonna have time to load themI don't want to unload on her if her behavior is normal, but I have my doubts.
unlock	Is it insulting to unlock her door first when we both know it's unnecessary?Now it is locked, and only Joe can unlock it with his private key, so only he and Bill can know the contents.
unlucky	In one case, police used a shoe print to link an unlucky Nike loyalist to 36 other crimes.Yet most people prefer B), because in case B) you never know whether you've been unlucky.
unorthodox	Hence Gloria Steinem, one among a large cast of path-breakers struggling to fulfill an unorthodox dream.He drafted a plan for the new library whose most unorthodox feature was the location of the main reading room.
unpaid	In 1982, Dole called for increasing the IRS staff in order to collect more unpaid taxes.Furthermore, what he considered seriously was not exactly a job but a full-time unpaid advisory role.
unpleasant	The buying experience is unpleasant because consumers suspect they're being fleeced.noisome Has nothing to do with sound or decibel level, but means simply unpleasant or disgusting.
unreasonable	All they've asked him to do is remove his clothes at an orgy, which seems not unreasonable.Am I being unreasonable to extend my desire to remain incommunicado to the next generation?
unreliable	Insert usual caveats here: "till Aug. 17," "DNA testing by the FBI," "unreliable witness," etc.)However, variations between studies in the methodology employed make such comparisons unreliable.
unsatisfactory	Once in Almy and Brown’s Pawtucket plant, Slater found the existing machinery totally unsatisfactory.The summary rating levels include "achieved results," "minimally satisfactory," and "unsatisfactory."
unstable	And the guy was never charged with murder or anything because he was so mentally unstable.However, sedimentation analysis indicates that the insertion mutants form unstable dimer.
unsuitable	Michigan , a state law barred distribution of material that might be unsuitable for minors., not only will donors suffer (see above) but some recipients will receive unsuitable organs.
untie	State-mandated course enables nearly 70 percent of divorcing couples to untie the knot without a lawyer.So, my brother said, "I'm going to cut her rope, I'm not going to be able to untie her," he said, "Because it's really difficult with, by the time I untie her, they'll kill me," he says. "
unusually	It's just that Vogue 's latest scheme strikes us as an unusually innocuous way to pander.By day it becomes a continuous market, with some unusually chatty, cheerful shopkeepers.
unwilling	Because you report that the owner is unwilling to support you, you have limited options.The career folks are unwilling and unable to impose the policy changes the president may want.
up-to-date	There are not a lot of such works available, especially ones as up-to-date as this one.One of the most essential elements of successful research is access to up-to-date information.
upgrade	Prudie heartily approves of your suggestions for the relationship upgrade nomenclature.Additionally, there is a tremendous need to upgrade the technological infrastructure of the school.
uphold	To uphold that image, magazine editors need to circulate at the top of New York society.Five justices voted to uphold the 1869 Act granting a monopoly to the Crescent City Company.
upright	Reagan's Alzheimer's shows in his slightly vacant expression but not in his upright, presidential bearing.Patients who are not able to be upright do not get light-headed or dizzy.
uproar	The media have been in an uproar this month over the latest putative outbreak of creationism.On the air, he encouraged police to shoot at rioters during the uproar in Los Angeles.
upside-down	As he flies around like George Jetson in his upside-down module, Gingrich is ever counting.It's "an upside-down argument to think that NATO or we have made this get worse," sputtered U.S.
upward	As a result, some manic Beanie speculators value their collections at upward of $100,000.Now, as we gain weight and push our setpoints upward, we are reprogrammed to eat even more.
uranium	Asahi Shimbun blames last week's uranium accident in Tokaimura on misguided Japanese cultural values.One of the al Qaeda representatives explained his mission: "it's easy to kill more people with uranium."
usage	("Putz" is a Yiddish insult that literally means "penis" but in common usage means "fool."(None of the above, incidentally, has any bearing on Lee's usage of the word "bumfuzzled."
useless	"Those old 4-inch magic elves were completely useless for anything except making shoes."Many of these new items came from suggestions, but most suggestions were ultimately useless.
utensil	Jerry first appeared in Hotten's Dictionary of Slang in 1859, defined as a chamber utensil.Terracotta pots have been the basic cooking utensil for generations of Mayan families.
utilization	6 It is not uncommon for modern FGD systems to achieve 97 percent utilization of limestone.Differential utilization of health care or access to health care appears more important.
utmost	As for me, I do my utmost to avoid language that may offend people, including men.As a result, even infinitesimal details are treated with the utmost seriousness.
utter	"I have imprisoned the most utter violence in every inch of their surface," he claimed.The president has yet to utter a truly memorable line (if you don't count "I didn't inhale").
vacant	Meanwhile, a four-member McKinsey "engagement team" set up shop in a vacant law school office.all around these vacant buildings there's a lot of vacant buildings and they're just being demolished
vaccinate	$2-- First they save the lives of innocent civilians in East Timor, then they vaccinate some infants, and the next thing you know, they're peacefully resolving international disputes.
vacuum	When the vacuum pump comes on, five pounds of force per square foot push down on the fabric.yeah well uh Craftsman put out a uh leaf vacuum a few years back craftsman Sears and Roebuck
vain	[T]he historian warms to this vain, chippy, wild-eyed, paranoid, and fiercely patriotic seer.3) Loral's lawyers tried in vain to block the transmission just after it had occurred.
validity	However, research is needed to assess the validity of the content of systematic textbooks.Validity of this instrument was assessed comparing the PPS score with length of survival.
valve	To circumvent this problem, we added a stopcock valve to allow for reagent injection (Fig.USAT says that 92 of the 291 patients in the group evaluated exhibited the valve problems.
vanity	Vanity in young girls is checked by, Nobody will stop their horse galloping to look at you.Since moving to Los Angeles, I've noticed that about every tenth car has a vanity plate.
vapour	] borrowing esprit d'escalier estuary, an arm of the sea; a only to translate it into the vapour bath.There is a cloud as far as he can perceive, and he supposes it will be charged with thicker vapour the longer it continues.
vase	Balusters—little columns—can have a single or a double swelling curve, or a vase shape.His simple gravestone is decorated daily with a small vase of fresh flowers.
vault	Vault 3, the smallest so far opened to the public, is a command post with 68 officers in war robes.The Lambeau Leap: A jubilant vault into the stands of Green Bay's Lambeau Field.
vector	COX-2 mRNA was most strongly induced in vector only or low IDO-expressing clones (Fig 8B).Dengue possesses several advantages which favor its choice as a vector for HIV immunogens.
vegetation	As at Garda, a mild climate nurtures luxuriant vegetation in the villa gardens and parks.It is wild and windswept, and its limited vegetation a far cry from the lush green interior.
veil	Oh, by the way, I happily and quite comfortably wear my veil when I go shopping downtown.This quasimodern Islamic "veil" makes a self-conscious religious point in a secular society.
velocity	The displacement was maintained for 3 seconds after the completion of the velocity ramp.the sheer velocity of a style that allowed no room for refinement and contemplation."
velvet	Perhaps, I thought, the army yielded power harshly while wielding a no-iron velvet fist?are the dashboard statuettes and the black velvet portraits," says Time 's Walter Kirn.
vengeance	Killing even the boys and old men doesn't sound much like the vengeance of honorable men.Going back to Sankt-Peterburg from Leningrad was reversion with a vengeance, literally.
vent	Vent polymerase lacking nuclease activity [ 15 ] is also expected to give a low noise level.whose home is in the strawand bailing twine threadedin the slots of a roof vent
venus	The last Venus flytrap I saw was in Kew, and I've seen Mars bars in a shop in Basingstoke.Greek: the winged Victory of Samothrace and the beautifully proportioned Venus de Milo.
verb	The Pidgin word tok by itself means “talk” and its synonyms, in both verb and noun forms.The word piñata derives from the verb apiñar, which means to cram, tie, or join together.
verge	I am on the verge of suggesting another restaurant, lest I "collide" with the other man.You may also be right that Meadow is on the verge of becoming the next great female character.
verify	Further studies are needed to verify the Ca 2+-binding ability of these putative EF-hands.A set of Bam HI, Eco RI and Hind III digests was used to verify the assembly of 618 BACs.
versatile	Hancock, a favored pianist in Blue Note's stable, was the most versatile of keyboardists.The examples mentioned here illustrate the versatile potential of thiol modifications.
vest	Here it's Bono (a bland Jay Underwood), dressed in a fur vest, plucking out "I Got You, Babe."“Laugh that off,” said the fat man's wife, as she sewed his vest button on with wire.
veto	Democrats gloated over the findings, and President Clinton threatened to veto the measure.The Washington Post leads with yet another use by President Clinton of the line-item veto.
vex	The coding region of Vex1 GFP [ 15 ] was subcloned into pDXA-3C [ 34 ] as described [ 8 ] , and the NLS-GFP expression cassette subcloned into p102.Further, the intensity of the Vex1 signal using a Bex1 excitation filter was 0.027 ± 0.00057 (n = 50) of the Vex1 signal using a Vex1 excitation filter.
vibrate	Most notably, string theory posits a background space-time in which strings and M-branes vibrate.Christian Soldiers Inc. "Baby Jesus" is the Nativity set that children can play with--Yes, but does he vibrate when he speaks?
vibration	This set up greatly reduces the effect of vibration and heat on the samples and the microscope.The sound of snoring is due to vibration of the soft palate and the vulva at the back of the throat.
vice	' There is no way around it," said American Cancer Society Vice President Steve Dickinson.Keene, N.H., Sept. 14, Mayor Pat Russell endorsed Vice President Gore for president today.
vicinity	At least eight residues form a spatial cluster in the vicinity of the conserved arginines.Subjects were recruited in the vicinity of New York Hospital via newspaper advertisement.
vicious	The Sex Pistols' Sid Vicious recorded "My Way," a bizarre combination of homage and scorn.He supplies the requisite glut of cockroaches and the necessary quota of vicious guards.
victorious	It is "a rather sad spectacle" from which nobody will emerge victorious, he replied.The English were victorious in the Picardy fields of Créc y (1346) and Azincourt (Agincourt, 1415).
viewpoint	Thus, from a therapeutic viewpoint, this permeability limitation is probably not important.From a public health viewpoint, it is vital to identify those influences that are modifiable.
vigor	Yet his parents regarded his emotional intensity as a sign of inner strength and vigor.Inbred variety seed can be saved from year to year without noticeable loss of vigor.
vigorous	Calcutta became the center of a vigorous free press and the intellectual capital of India.Anti-Giuliani sentiment was particularly vigorous among Hispanic and African-American gays.
vigour	Khajuraho was capital of the Rajput kingdom of the Chandellas, a clan that brought vigour to love and war, as is clear in the temples they built from the tenth to the 12th centuries.The Telegraph also said that "the prosecution of those suspected of war crimes in the 1994 massacre should be pursued with much greater vigour in the court set up for that purpose in Arusha, Tanzania."
vine	A big piece of tape seems to hold up some vine, dead stems of which obscure his feet.Alternatively a tincture is made with a piece of the vine and kept in a snake bottle.
vinegar	pour you know put that stuff over fresh pork chops and if you've got balsamic vinegar thereuh-huh um-hum yeah um what is it about the uh the vinegar that uh makes the crust better
violently	It was these routes which were fought over so violently between Solomon and the Edomites.Isn't it so violently at odds with reality that it threatens to do more harm than good?
violet	About noon, a frenzied mob of Glandelinians came swarming for the prison of Violet and her sisters.Although it seems to them that they would die of horror, [Violet and her sisters] thought it best to obey.
violin	well actually i play i play the violin in in a string quartet that often plays at weddingsThe millionaire's daughter doesn't yearn for the violin virtuoso; she wants the rocker.
visa	As a French national who had overstayed his visa, Moussaoui could be detained immediately.I am not a lawyer but I can understand why Visa won't accept tax payments by credit card.
viscous	If you killed a mule for food, wouldn't you end up with something more solid than a viscous gray paste?I ask you, can there be any food one wants less in the middle of a long jog than yogurt, only more viscous?
visualize	This enables one to extract and visualize the dominant effects on variance from the data.Rhodamine phalloidin was used to stain and visualize actin structures in the cell [ 61].
vivid	Or are all these vivid specters really just idle speculations that will never come to pass?The absence of any reinforcing visual actually makes the simple message all the more vivid.
vividly	I can still vividly remember the day I went to buy my first 45 rpm record, using my own funds.But, vividly, Rayfield presents the man: tall, energetic, socially scintillating.
vocabulary	(3): HEADWORD (4): a headword with its definition or identification (5): VOCABULARY ENTRY”Expressions and vocabulary used by Chicanos today come from the pachuco argot of the 1940s.
vocation	A "binge reader," he makes it his hidden vocation to amass clues to the secret of anorexia.She asks Merle, her Maltese, "Why must man's vocation always be to distinguish himself from animals?
vocational	Such fund are often used for college tuition, vocational training or a deposit on an apartment.70 provides 10 hours of vocational evaluation & training for an unemployed person aged 16 or over.
void	The DPs, who have inoculated themselves by attacking the president, have filled that void.To strike the restriction on welfare benefits suits is to void §504(a)(16) altogether.
volcano	Brian and Lisha Crawford are the kings of bed & breakfast accommodations in the Volcano area.Scientists found three 500-year-old Inca mummies on top of a volcano in Argentina.
volleyball	i haven't worked out in quite awhile i play volleyball i guess that's good enough workoutHard bodies dance toward the volleyball net: "Jooky is fun and fruity"--it "make you really kooky."
volt	Inside, it’s one thing to remember what your teacher told you about static electricity, and quite another to touch (without risk) the Centre’s 500,000-volt sphere and see your hair stand on end.Next there are the semilegit crossovers between country and rock or folk--Wilco, the Old 97's, Son Volt, Iris DeMent--who adorn themselves in the trappings of country but use a studied, shambling rawness to appeal to rock fans.
voltage	Two-electrode voltage clamp recordings were performed at room temperature with electrodes (0.The voltage dependence of ΔF/Fo measured at the peak of the transient is shown in Fig.
vow	And so I made a solemn vow: I would teach my wife and kids to watch sports with me.The Globe reports that Hillary pledged to the president a "vow of love" that "moved Bill to tears."
vowel	\/); in others, it is reduced to coloring the preceding vowel or diphthong ( card /kä\?I realized eventually that the W is the Welsh vowel and that FWY should be pronounced PHOOey.
voyage	But now, if the voyage goes ahead at all, the ship will sail only to Halifax, Nova Scotia.The site makes a weak attempt to enlist new members for the voyage to the Kingdom of Heaven.
vulgar	In it he refers to the 1785 edition of Captain Francis Grose's Dictionary of the Vulgar Tongue .Maledicta is instructive, funny, gross, informative, vulgar, impolite, and sometimes well written.
wade	Wade was likely to grant Pomeroy the control over Kansas appointments that had been Ross'.Wade, it turns out, has a horrendous toothache, but Nolte isn't playing the physical pain.
wag	All the majors save the WSJ omit mention of "Wag the Dog" in their airstrike news stories.But absent such findings, it's irresponsible to talk about "Wag the Dog" in a news story.
waiter	(Waiter to diners: "Might I suggest the most expensive wine and the most expensive dinner."How often should one thank a waiter for service rendered during the course of a meal?
waitress	The waitress, who spoke a little English, recommended a dish which happened to be in season.a waitress wailed as one camera crew dragged its cable over a tray of cheeseburger.
waken	i've seen uh you know Apocalypse Now and um uh what was the one with um Christopher Waken and um
wallet	Those new 20s in your wallet with the Andrew Jackson watermark are Crane & Co.'s handiwork.Then we would laugh and laugh and laugh, until he passed out, and I would steal his wallet."
walnut	ledge, widen your alarmingbeak, but do not flee as others haveto the black walnut vaultingThe vestibule is decorated with handsome 17th-century Baroque walnut panelling.
wardrobe	but it is this strange feeling to really realize that i really don't need a large wardrobeCuyler, send your order in quickly, for she appears to be in sad need of a wardrobe.
ware	Batik fabric designs, silver and pewter ware, and silk brocaded songket cloth are popular items.A few years ago, outcomes-research guru John Ware designed such a test, the SF-36.
warfare	The peninsula is best known, however, for its bloody role in clandestine political warfare.In the words of Heritage's president, Ed Feulner, "We conduct warfare in the battle of ideas."
warrant	He believed that there was sufficient probable cause for a criminal warrant at that time.Notwithstanding, I should not think it common enough to warrant occupying space in this book.
wasp	The WASP aristocracy still controlled Wall Street, the Ivy League, and much of the press.Weld comes from wealthy, pure WASP stock and married a great granddaughter of Theodore Roosevelt.
wasteful	Indeed it is an amusing, albeit utterly wasteful pastime to pursue the quest for Red Pants examples.i felt that was a little uh wasteful use of the tax dollars that we were paying
watchful	The goddess Athena, his watchful patroness, soon arranges to get him saved and sent onward.3 Therefore, we must be eternally watchful against overreaching by the state.
waterfall	One is an easy, flat, and short (about 30 minutes roundtrip) trip to the Risco waterfall.The 96-m (315-ft) Kegon-no-taki at the south end is the country’s most famous waterfall.
waterproof	A waterproof suit under his uniform holds in the embalming fluid.With the price of the ticket, you borrow some protective clothing, but nothing is totally waterproof against Niagara.
watertight	The boats are then sunk so that the wet cotton expands to make them watertight.In draft after draft, in script meeting after script meeting, every narrative line is examined for signs of warp, every motivation of every character is finely adjusted, until the story is as watertight as a birch-bark canoe.
watery	But Corot could as well be called a pleine-eau painter, so fluid and watery are his works.Or to judge by the milk itself: It is thin and watery--typical of species that nurse frequently.
watt	That, and replacing all the hall lighting with 40-watt bulbs and MIRV missiles?The open surface of the microcosm was placed approximately 50 cm from the 15-watt mercury vapor light source.
wavelength	Isolated RNA concentrations were estimated based on absorbance at the 260 nm wavelength.Humans perceive light with a wavelength above approximately 600 nm as red (Buser and Imbert 1968).
waver	i guess i kind of waver i guess sometimes it's like someone like Jeffrey Dahmer you kind of wantBy contrast, the CDs you waver over, though sometimes surprisingly good, are often unsurprisingly forgettable--and on average unlikely to be cherished.
wax	"Let's laugh, if we want to, or let's wax indignant; but let us not forget to understand."They play host to terrorist groups, yet wax indignant when terrorists hijack an aircraft."
weary	Reviewers claim to be weary of Northern Ireland political dramas but admire this one anyway.Gore dispensed with the vocalized sighs and weary head-shakings of the Meet the Press debate.
weave	Bush isn't the first guy to dodge and weave around awkward questions from reporters.Oh what a tangled web we weave when first we fib to act out against old boyfriends.
weaver	Sigourney Weaver, Nicole Kidman, and Drew Barrymore are each sexy in their own glamorous ways.Do you expect Sigourney Weaver to tote around an Uzi in real life, looking for aliens to shoot?
wedge	This drives a wedge between communitarian and rights-based liberals, isolating NOW from its usual allies.Any one of the following: pulmonary artery pressure > 40 systolic, wedge pressure > 18, cardiac index < 2.
weed	(Now that he's leaving, the full drama can be revealed: It's actually Alonzo Rogers Weed.)' " Weed shares Kennedy's tart views about his relatives' relations with the baby sitter.
weekday	On a typical weekday, 15,000 people (one tenth of Guam's population) visit the store.I must hate my job because I dread getting up every weekday morning.
weep	(In the privacy of night, I still weep for Che Guevara and the IWW.)If you watch the action closely, you can learn a lot about Indian people by what makes them cheer, laugh, or weep.
weld	Perversely, Weld lost the ideology/competence battle by winning the drugs/morality battle.Unlike Forbes and Perot, Weld never seems to be straining to garner the public's approval.
well-known	Microsoft execs in general are well-known for downplaying the company's future prospects... As a switch-blade knife it features in `Mac the knife,' a well-known song by Kurt Weill.
westward	Her new novel, Paradise , follows black families venturing westward after the Civil War.The city’s main shopping street, Calle San Rafael, traverses it from the Parque Central westward.
wharf	In fact, I bought, I got the recipe from the little, where we went to eat at Fisherman's Wharf.723-7800) operates a ferry from Long Wharf to Georges Island, the core of the group.
whichever	It is tempting to apply this analysis only to whichever side you happen to disagree with.Whichever is true, the YS Falls make a beautiful attraction for an hour or a whole day of fun.
whirl	The current whirl of diplomatic activity calls for especial vigilance on the West's part."Another plug: If you haven't tried our Web linking game, "Six Degrees of Francis Bacon," give it a whirl.
whisker	In an interview published Thursday in the conservative paper, Jones said his wife had been under such pressure that she had come "within a whisker" of abandoning the lawsuit.Maybe the early uses of the cat whisker or cat's whisker , a thin wire for establishing contact on a crystal (wireless) set was thought to be the same when the listener was successful.
whistle	They have a spout-like whistle, and rather phallic versions are grounded in fertility lore.’ [The policeman held up his hand and blew his whistle and the driver then stopped the car.
whitewash	One prominent critic called the story a "whitewash."Lorenz's thesis was greeted with accusations about attempts to whitewash human atrocities, all the more so given the Nobel Prize winner's native tongue, which was German.
wholesome	The atmosphere is supportive, even wholesome, until Anderson finally stirs in some sicko stuff.but it is a good healthy wholesome lifestyle and uh anything can be warped
wicked	for for doing all these wicked things you know but the government does it and it's all rightThat might begin to cure, or at least temper, his wicked and dangerous sense of entitlement.
widen	ledge, widen your alarmingbeak, but do not flee as others haveto the black walnut vaultingShouldn't the permission to widen have preceded the wire, which was in fact the widening?
width	The Shoden itself is just 6 m (20 ft) high, a little less in width, and 10 m (33 ft) long.To test this hypothesis, a pass of MEME was performed with a fixed width of 5 nucleotides.
wield	Power corrupts not only those who wield it, but also those who are subservient to it.Special prosecutors wield unchecked power, settle political scores, and waste money.
willow	The creek has been dammed to form a lake, with a bird sanctuary out on Willow Island.A strange human skull seems entangled in the reflected weeping willow branches scrawled at the lower left.
winding	Ut's photo is of a crowded highway winding eternally through hell, and it won't let you go.As you drive along the winding road up to Vernou, notice the trees with huge, strange roots.
windmill	The De Gooyer windmill was built in the early part of the 18th century to grind corn.Mishkenot Sha’ananim ❁❁❁❁ Yemin Moshe, steps below the Windmill; Tel. (02) 625 1042.
windy	In an exposed, windy location this looks, considering the damage it did, exceedingly benign.4. "So fat and windy that they sit, with some exceptions, like hefty neglected lumps."
wink	He refused to wink at the audience so as to let them know that his nonsense was a put-on.4. Rub the customer on the thigh and wink when asking, "Anything else?"
wireless	I brought my own laptop and wireless modem, the better to read Slate in its full framed glory.Judging by WIRELESS , a catalog for fans and friends of public radio, Jesse Helms can quit worrying.
wit	According to Time 's Richard Schickel, "The main things lost in the hubbub are wit and logic."Another drawing given to Cavalieri takes Michelangelo's transforming wit to a whole new level.
wither	Clinton twice said that Medicare would "wither on the vine" under Republican reforms.Last time the deflation was funny and it worked; this time the bad vibes make the whole picture wither.
withhold	Should the TAS withhold medical technology from the TPS to preserve their balanced ecosystem?The bill would withhold this particular piece of poetic license from everybody but ...
withstand	The first theory is flexible enough to withstand fossil evidence, but the second isn't.Newspapers' spin: They'll never get that far , since gun-makers can't withstand the federal onslaught.
witty	Although it is not always apparent in his writing, Bell can be witty, sometimes wickedly so.Especially wise or witty responses will be reprinted or excerpted on the article page itself.
woe	so that's good and it and it's kind of short because we don't woe don't have a lot of time“For it must needs be that offences come; but woe to that man by whom the offence cometh!”
woodpecker	The Christian-Democrat Avvenire compared him to a woodpecker and said he should be appointed state jester.Finding his woods "infested" with an endangered species, the red-cockaded woodpecker, a North Carolina landowner launched a preemptive strike.
woollen	as does Webster's New World . According to Chambers , a plaid is “a long piece of woollen cloth, worn over the shoulder”—and it need not be of checked material, which is “plad,” as we generally think of it.
workman	yeah yeah i don't think i'll attempt that myself i i know i won't yeah i'll hire somebody to do that but in fact i had a workman here for a leak that he had to fix andJust inside the entrance is a remarkable sculpture (1673) in black stone of Vishnu as Narsimha, the man-lion, disembowelling the demon Haranyakashipu with the relish of a workman opening his lunchbox.
world-wide	The Wall Street Journal puts this same story at the top of its "World-Wide" news column.The Wall Street Journal runs the Russian election at the top of its world-wide news box.
worm	Particularly important in this regard is that some wellstudied organisms (notably the wormSkorping et al [ 24 ] showed a positive correlation between worm biomass and egg output.
worse	i had uh Mazda RX seven before that and that was the worse car i've ever driven in my lifei think it's going to have to get worse before it gets better you know the same old cliche
worship	Icons lie at the heart of Byzantine or Orthodox worship and they form a focus for prayer.Tinos is a surprise because it is a center of Roman Catholic worship in an Orthodox land.
worst	Arnold proudly described the pair as: "America's worst nightmare--white trash with money."In the beginning, he was dismissed as a crackpot--at best an eccentric, at worst a threat.
worthless	The word "floccinaucinihilipilification" means "the estimation of something as worthless."Tommyrot compounds tommy, `simpleton, fool' (as in tomfoolery ) and rot, `worthless matter.
worthy	Kennedy's worthy democratic instincts inspired him to use entertainment to teach politics.Retiring MPAA head Jack Valenti thinks the former president would make a worthy successor.
wrath	None of these New York GOPers wants to incur the wrath of a possible President Bush.To incur the wrath of the gods would result in drought, a loss of crops, and certain starvation.
wreath	Hoge: A wreath on the casket had a "white card stuck in it with the word 'Mummy' written on it."Do we want him laying the wreath at the Tomb of the Unknown Soldier, comforting our mourners, saluting our heroes?
wreck	and hey i know at times when he's had emergency problems we're just a nervous wreckThe last part diminishes the movie, but not enough to wreck it: It's still an amazing piece of work.
wrench	you know you go in there with a wrench and you know oh golly it's not a metric it's a standardbut when one tried to lift the other one up with a pipe wrench i decided that wasn't funny anymore
wrestle	"These are issues that we wrestle with in practice groups of law firms," she said. "Interestingly, Prudie had to wrestle with this same problem with one of her ...
wretched	It's true that in The Hunchback of Notre Dame Disney has done a wretched job, though.His books are still, astonishingly, best sellers (even his wretched new ones).
wring	what kind of time frame frame would you guess that's going to take to wring itself outPress mavens wring their hands when news organizations are caught being brutal or irresponsible.
wrinkle	And eye jobs, tummy tucks, tooth whitening, wrinkle removal, and other cosmetic procedures.The friction between the second ply and the first can create a wrinkle in the first ply.
xerox	Xerox persists because unregulated use by others may cause a trademark to be deemed abandoned.Patricia M. Wallington Vice President & Chief Information Officer Xerox Corporation
yacht	Experienced sailors in search of a more seaworthy craft should ask at the local yacht harbor.The port is busy with boats from the Royal Yacht Club, cruise ships, and ferries to Mallorca.
yawn	Can't bend, can't yawn, can't make a face Without my nostril-wad of Kleenex reddening.But you could use a bloodhound's tail as a jump rope and the worst you'd get is a fierce yawn.
yearly	For the Ancient Egyptians, Aswan was the place where the yearly flood of the Nile began.right uh we used to have American Express and uh Visa that of course there's a yearly fee on
yearn	The millionaire's daughter doesn't yearn for the violin virtuoso; she wants the rocker.Now they don't trust him at all, and they yearn to nail him once and for all.
yeast	This is typical of current commercial arrays for several bacteria, yeast, mouse and human.2% Tryptone, 2.4% yeast extract, 0.4% glycerol) supplemented with 50 μg/ml carbenecillin.
yielding	This procedure was carried out for 3 days, yielding three replicates of each time window.Pipette resistances ranged from 1-3 MΩ, yielding uncompensated series resistances of 2-7 MΩ.
yoke	Later an acre was a strip of open field, large enough to be ploughed by a yoke of oxen in one day.Under the yoke of another foreign power, and with trade at an all time low, the Golden Age was truly dead.
yolk	The embryos were then separated from the yolk using pulled glass-needles, again under PBS.And I'd have at lunchtime, they was all, was out begging for yolk, begging for the yolk!
youthful	I had a youthful indiscretion and was married to a woman for six months almost 18 years ago.The context suggests that Sam, like Bradley, is admitting only youthful marijuana use .
zeal	b) Has pursued investigation into Clinton's private life with more zeal than seems appropriate.with a religiouslike zeal, denouncing all doubters as either heretics or ill-educated bumpkins."
zealous	A zealous Scotsman would have wished Mr. Johnson to be without one of his five senses upon this occasion.well that's pretty good my my sister is very over zealous too she's got
zebra	But the right wing says 'No, no, we'll paint stripes on it and call it a zebra.I asked him which animals we saw at the zoo, and he mentioned girae and zebra.
zinc	856 nm is the most intense for zinc and was used to determine the Zn content in the samples.The files are entitled 'EtOH.txt', 'SwiSnfMin.txt'and 'SwiSnfRich.txt', and 'Zinc.txt'.
