# UniMorph eng 66e0e9e8e2dcd196da081a25a48e5c1fe3d8b49b | sha256 743fff8ddb3ff26ae413af1fa859806106ffff69628be4cb7ed4d34f677deed2 | pack bnc | entries 15503
aback	back	a-	ADV	ADV
abandoned	abandon	-ed	N	ADJ
abandonment	abandon	-ment	N	N
abasement	abase	-ment	V	N
abashed	abash	-ed	V	ADJ
abatement	abate	-ment	V	N
abbreviated	abbreviate	-ed	V	ADJ
abbreviation	abbreviate	-ion	V	N
abdication	abdicate	-ion	V	N
abdominal	abdomen	-al	N	ADJ
abduct	abduce	-t	V	V
abduction	abduct	-ion	V	N
abduction	duction	ab-	N	N
abductor	abduct	-or	V	N
abe	be	a-	V	V
abed	bed	a-	N	ADV
aberdeenshire	aberdeen	-shire	N	ADJ
aberrant	aberr	-ant	V	ADJ
aberration	aberrate	-ion	V	N
abhorrence	abhor	-ence	V	N
abhorrence	abhorrent	-ence	ADJ	N
abhorrent	abhor	-ent	V	ADJ
abide	bide	a-	V	V
abiding	abide	-ing	N	ADJ
abiding	abide	-ing	N	N
abie	abe	-ie	N	N
abjectly	abject	-ly	ADJ	ADV
abkhazia	abkhaz	-ia	N	N
ablation	ablate	-ion	V	N
ablaze	blaze	a-	N	ADJ
ably	able	-ly	ADJ	U
abnormal	normal	ab-	ADJ	ADJ
abnormality	abnormal	-ity	ADJ	N
abnormally	abnormal	-ly	ADJ	ADV
aboard	board	a-	N	ADV
aboard	board	a-	N	N
abode	bode	a-	V	N
abolition	abolish	-tion	V	N
abolitionist	abolition	-ist	N	ADJ
abolitionist	abolition	-ist	N	N
abominably	abominable	-ly	ADJ	ADV
abominably	abominable	-ly	ADJ	U
abomination	abominate	-ion	V	N
aboriginal	aborigine	-al	N	ADJ
aborted	abort	-ed	N	ADJ
abortive	abort	-ive	N	ADJ
abrasion	abrade	-ion	V	N
abrasive	abrase	-ive	ADJ	ADJ
abrasive	abrasion	-ive	N	ADJ
abrasively	abrasive	-ly	N	ADV
abreast	breast	a-	N	ADV
abreast	breast	a-	N	ADJ
abridged	abridge	-ed	V	ADJ
abridgement	abridge	-ment	V	N
abrogation	abrogate	-ion	V	N
abruptly	abrupt	-ly	ADJ	ADV
abruptness	abrupt	-ness	ADJ	N
absentee	absent	-ee	ADJ	N
absenteeism	absentee	-ism	N	N
absently	absent	-ly	ADJ	ADV
absolution	absolute	-ion	ADJ	N
absolutism	absolute	-ism	ADJ	N
absolutist	absolute	-ist	ADJ	N
absorbance	absorb	-ance	V	N
absorbed	absorb	-ed	V	ADJ
absorbency	absorbance	-y	N	N
absorbency	absorbent	-cy	V	N
absorbency	absorb	-ency	V	N
absorbent	absorb	-ent	V	N
absorber	absorb	-er	V	N
absorbing	absorb	-ing	V	ADJ
absorptive	absorption	-ive	N	ADJ
abstainer	abstain	-er	V	N
abstinence	abstain	-ence	V	N
abstracted	abstract	-ed	N	ADJ
abstractedly	abstracted	-ly	ADJ	ADV
abstraction	abstract	-ion	N	N
abstractly	abstract	-ly	V	ADV
absurdist	absurd	-ist	ADJ	N
absurdity	absurd	-ity	ADJ	N
absurdly	absurd	-ly	ADJ	ADV
abundance	abundant	-ce	ADJ	N
abundantly	abundant	-ly	ADJ	ADV
abuser	abuse	-er	N	N
abusive	abuse	-ive	N	ADJ
abut	butt	a-	N	V
abutment	abut	-ment	V	N
abysmal	abysm	-al	N	ADJ
abysmally	abysmal	-ly	ADJ	ADV
abyssal	abyss	-al	N	ADJ
abyssinian	abyssinia	-n	N	ADJ
abyssinian	abyssinia	-an	N	ADJ
academia	academy	-ia	N	N
academical	academic	-al	ADJ	ADJ
academical	academy	-ical	N	ADJ
academically	academical	-ly	ADJ	ADV
academician	academic	-ian	ADJ	N
acceleration	accelerate	-ion	V	N
accelerator	accelerate	-or	V	N
accentuation	accentuate	-ion	V	N
acceptability	acceptable	-ity	ADJ	N
acceptability	accept	-ability	V	N
acceptably	acceptable	-ly	ADJ	ADV
acceptably	accept	-ably	V	ADV
accepted	accept	-ed	V	V
acceptor	accept	-or	V	N
accessibility	accessible	-ity	ADJ	N
accession	access	-ion	N	N
accessory	access	-ory	N	ADJ
accidental	accident	-al	N	ADJ
accidentally	accidental	-ly	ADJ	ADV
accidently	accident	-ly	N	ADV
acclaimed	acclaim	-ed	N	ADJ
acclamation	acclaim	-tion	N	N
acclimatization	acclimatize	-ation	V	N
acclimatize	acclimate	-ize	V	V
accommodating	accommodate	-ing	V	ADJ
accompaniment	accompany	-ment	V	N
accompanist	accompany	-ist	V	N
accomplished	accomplish	-ed	V	ADJ
accordance	accord	-ance	N	N
accordionist	accordion	-ist	N	N
accountability	accountable	-ity	ADJ	N
accountability	account	-ability	N	N
accountable	account	-able	N	ADJ
accountancy	account	-ancy	N	N
accountancy	accountant	-cy	N	N
accoutrement	accoutre	-ment	V	N
accredit	credit	ac-	N	V
accreditation	accredit	-ation	V	N
accreditation	accredit	-tion	V	N
accredited	accredit	-ed	V	V
accretion	accrete	-ion	V	N
accrual	accrue	-al	N	N
accumulation	accumulate	-ion	V	N
accumulative	accumulate	-ive	V	ADJ
accumulative	accumulation	-ive	N	ADJ
accumulator	accumulate	-or	V	N
accursed	accurse	-ed	V	ADJ
accusation	accuse	-ation	V	N
accusatory	accuse	-atory	V	ADJ
accused	accuse	-ed	V	V
accuser	accuse	-er	V	N
accusing	accuse	-ing	V	ADJ
accusingly	accusing	-ly	ADJ	ADV
accustomed	accustom	-ed	V	ADJ
acetylcholine	choline	acetyl-	N	N
acetylene	acetyl	-ene	N	N
acheson	adam	-son	N	N
achievable	achieve	-able	V	ADJ
achiever	achieve	-er	V	N
achingly	aching	-ly	ADJ	ADV
acidic	acid	-ic	ADJ	ADJ
acidification	acid	-ification	ADJ	N
acidify	acid	-ify	ADJ	V
acidity	acid	-ity	ADJ	N
acidly	acid	-ly	ADJ	ADV
acidosis	acid	-osis	ADJ	N
acinar	acinus	-ar	N	ADJ
acknowledged	acknowledge	-ed	V	ADJ
acknowledgement	acknowledge	-ment	V	N
acknowledgment	acknowledge	-ment	V	N
acoustically	acoustic	-ally	ADJ	ADV
acoustically	acoustical	-ly	ADJ	ADV
acquaintance	acquaint	-ance	V	N
acquaintanceship	acquaintance	-ship	N	N
acquiescence	acquiesce	-ence	V	N
acquiescence	acquiescent	-ence	ADJ	N
acquirer	acquire	-er	V	N
acquisitive	acquisition	-ive	N	ADJ
acquisitiveness	acquisitive	-ness	ADJ	N
acquit	quit	a-	V	V
acquittal	acquit	-al	N	N
acreage	acre	-age	N	N
acrimonious	acrimony	-ous	N	ADJ
acrobatic	acrobat	-ic	N	ADJ
acrylic	acryl	-ic	N	ADJ
acting	act	-ing	N	ADJ
actionable	action	-able	N	ADJ
activate	active	-ate	ADJ	V
activation	active	-ation	ADJ	N
activation	activate	-ion	V	N
activator	activate	-or	V	N
activism	active	-ism	N	N
actuality	actual	-ity	ADJ	N
actualization	actualize	-ation	V	N
actualize	actual	-ize	ADJ	V
actuarial	actuary	-al	N	ADJ
actuator	actuate	-or	V	N
acupuncturist	acupuncture	-ist	N	N
acutely	acute	-ly	N	ADV
acuteness	acute	-ness	ADJ	N
adamantine	adamant	-ine	ADJ	ADJ
adamantly	adamant	-ly	N	ADV
adams	adam	-s	N	N
adamson	adam	-son	N	N
adaptability	adaptable	-ity	ADJ	N
adaptability	adapt	-ability	V	N
adaptable	adapt	-able	V	ADJ
adaptation	adapt	-ation	V	N
adapter	adapt	-er	V	N
adaption	adapt	-ion	V	N
adaptive	adapt	-ive	V	ADJ
adaptor	adapt	-or	V	N
addendum	addenda	-um	N	N
adder	add	-er	V	N
addicted	addict	-ed	ADJ	ADJ
addiction	addict	-ion	ADJ	N
addictive	addiction	-ive	N	ADJ
addison	adam	-son	N	N
additionality	additional	-ity	ADJ	N
additionally	additional	-ly	ADJ	ADV
additive	addition	-ive	N	ADJ
addled	addle	-ed	V	V
addressee	address	-ee	N	N
adenocarcinoma	carcinoma	adeno-	N	N
adenoidectomy	adenoid	-ectomy	N	N
adenomatous	adenoma	-ous	N	ADJ
adequacy	adequate	-cy	ADJ	N
adequately	adequate	-ly	ADJ	ADV
adherence	adhere	-ence	V	N
adhesive	adhesion	-ive	N	ADJ
adjacency	adjacent	-cy	ADJ	N
adjectival	adjective	-al	ADJ	ADJ
adjoining	adjoin	-ing	V	ADJ
adjournment	adjourn	-ment	V	N
adjudication	adjudicate	-tion	V	N
adjudication	adjudicate	-ion	V	N
adjudicator	adjudicate	-or	V	N
adjustable	adjust	-able	V	ADJ
adjuster	adjust	-er	V	N
adman	ad	-man	N	N
adman	man	ad-	N	N
administratively	administrative	-ly	ADJ	ADV
admirable	admire	-able	V	ADJ
admirably	admirable	-ly	ADJ	ADV
admirably	admire	-ably	V	ADV
admiralty	admiral	-y	N	N
admiration	admire	-ation	V	N
admirer	admire	-er	V	N
admiring	admire	-ing	V	ADJ
admiringly	admiring	-ly	ADJ	ADV
admissibility	admissible	-ity	ADJ	N
admittance	admit	-ance	V	N
admitted	admit	-ed	V	V
admittedly	admitted	-ly	V	ADV
admitting	admit	-ing	V	V
admixture	mixture	ad-	N	N
admonishment	admonish	-ment	V	N
admonition	admonish	-tion	V	N
adolescence	adolescent	-ence	ADJ	N
adopted	adopt	-ed	V	V
adopter	adopt	-er	V	N
adoptive	adopt	-ive	ADJ	ADJ
adoptive	adoption	-ive	N	ADJ
adorable	adore	-able	V	ADJ
adoral	oral	ad-	ADJ	ADJ
adoration	adore	-ation	V	N
adoringly	adoring	-ly	ADJ	ADV
adornment	adorn	-ment	ADJ	N
adrenal	renal	ad-	ADJ	ADJ
adrenalin	adrenal	-in	ADJ	N
adrenaline	adrenal	-ine	ADJ	N
adrift	drift	a-	N	ADJ
adroitly	adroit	-ly	ADJ	ADV
adroitness	adroit	-ness	ADJ	N
adulation	adulate	-ion	V	N
adulatory	adulator	-y	N	ADJ
adulteration	adulterate	-ion	V	N
adulterer	adulter	-er	V	N
adulterer	adultery	-er	N	N
adulteress	adulterer	-ess	N	N
adulterous	adultery	-ous	N	ADJ
adulthood	adult	-hood	N	N
advancement	advance	-ment	ADJ	N
advantageous	advantage	-ous	N	ADJ
advantageously	advantageous	-ly	ADJ	ADV
adventist	advent	-ist	N	N
adventist	advent	-ist	N	ADJ
adventurer	adventure	-er	N	N
adventurism	adventure	-ism	N	N
adventurous	adventure	-ous	N	ADJ
adventurously	adventurous	-ly	ADJ	ADV
adverb	verb	ad-	N	N
adverbial	adverb	-ial	N	ADJ
adversarial	adversary	-al	N	ADJ
adversely	adverse	-ly	ADJ	ADV
adversity	adverse	-ity	ADJ	N
advertiser	advertise	-er	V	N
advisability	advisable	-ity	ADJ	N
advisable	advise	-able	V	ADJ
advisedly	advised	-ly	ADJ	ADV
advisor	advise	-or	V	N
advocacy	advocate	-acy	N	N
advocacy	advocate	-cy	N	N
aeration	aerate	-tion	V	N
aeration	aerate	-ion	V	N
aerobatics	aerobatic	-s	ADJ	N
aerobic	aerobe	-ic	N	ADJ
aerobics	aerobic	-s	ADJ	N
aerodynamic	dynamic	aero-	ADJ	ADJ
aerodynamically	aerodynamic	-ally	ADJ	ADV
aerodynamics	dynamics	aero-	N	N
aerodynamics	aerodynamic	-s	ADJ	N
aerofoil	foil	aero-	N	N
aeronautical	nautical	aero-	ADJ	ADJ
aeronautical	aeronautic	-al	ADJ	ADJ
aerosol	sol	aero-	N	N
aerospace	space	aero-	N	N
aesthetically	aesthetic	-ally	ADJ	ADV
aesthetically	aesthetical	-ly	ADJ	ADV
aestheticism	aesthetic	-ism	ADJ	N
aesthetics	aesthetic	-ics	ADJ	N
aesthetics	aesthetic	-s	ADJ	N
afar	far	a-	ADJ	ADV
afar	far	a-	ADJ	ADJ
affability	affable	-ity	ADJ	N
affably	affable	-ly	ADJ	ADV
affectation	affect	-ation	N	N
affected	affect	-ed	N	ADJ
affecting	affect	-ing	V	ADJ
affectionate	affection	-ate	N	ADJ
affectionately	affectionate	-ly	ADJ	ADV
affective	affect	-ive	V	ADJ
affiliation	affiliate	-tion	N	N
affiliation	affiliate	-ion	N	N
affinity	affine	-ity	ADJ	N
affirmation	affirm	-ation	V	N
affirmatively	affirmative	-ly	N	ADV
affix	fix	ad-	V	N
affliction	afflict	-ion	V	N
affluence	affluent	-ence	ADJ	N
affordability	afford	-ability	V	N
affordable	afford	-able	V	ADJ
afforestation	afforest	-ation	V	N
afghanistan	afghan	-stan	N	N
afield	field	a-	N	ADV
afield	field	a-	N	N
afire	fire	a-	N	ADV
afire	fire	a-	N	ADJ
aflame	flame	a-	N	ADJ
aflame	flame	a-	N	ADV
afloat	float	a-	N	ADV
afloat	float	a-	N	N
afoot	foot	a-	N	ADV
afoot	foot	a-	N	ADJ
afore	fore	a-	ADJ	ADV
aforementioned	mentioned	afore-	V	ADJ
aforesaid	said	afore-	V	ADJ
afresh	fresh	a-	ADJ	ADV
afresh	fresh	a-	ADJ	ADJ
afterbirth	birth	after-	V	N
aftercare	care	after-	N	N
afterglow	glow	after-	N	N
afterlife	life	after-	N	N
aftermath	math	after-	N	N
aftershave	shave	after-	V	N
aftershock	shock	after-	N	N
aftertaste	taste	after-	N	N
afterthought	thought	after-	N	N
agape	gape	a-	N	ADJ
agarose	agar	-ose	N	N
agate	gate	a-	N	ADV
ageing	age	-ing	N	V
ageism	age	-ism	N	N
ageist	age	-ist	N	ADJ
ageist	age	-ist	N	N
ageless	age	-less	N	ADJ
aggie	agate	-ie	N	N
aggie	agricultural	-ie	ADJ	N
agglomeration	agglomerate	-ion	V	N
aggrandizement	aggrandize	-ment	V	N
aggravating	aggravate	-ing	V	V
aggravation	aggravate	-ion	V	N
aggregation	aggregate	-ion	V	N
aggression	aggress	-ion	N	N
aggressively	aggressive	-ly	ADJ	ADV
aggressiveness	aggressive	-ness	ADJ	N
aggressor	aggression	-or	N	N
aggrieved	aggrieve	-ed	V	ADJ
aghast	ghast	a-	V	ADJ
agility	agile	-ity	ADJ	N
aging	age	-ing	N	N
agitated	agitate	-ed	ADJ	V
agitatedly	agitated	-ly	ADJ	ADV
agitation	agitate	-tion	ADJ	N
agitation	agitate	-ion	ADJ	N
agitator	agitate	-or	V	N
aglow	glow	a-	N	ADJ
agnostic	gnostic	a-	ADJ	ADJ
agnosticism	agnostic	-ism	N	N
agonise	agony	-ise	N	V
agonisingly	agonising	-ly	V	ADV
agonize	agony	-ize	N	V
agonizingly	agonizing	-ly	ADJ	ADV
agoraphobia	agora	-phobia	N	N
agoraphobic	agoraphobia	-ic	N	ADJ
agreeable	agree	-able	V	ADJ
agreeably	agreeable	-ly	ADJ	ADV
agreeably	agreeable	-y	ADJ	ADV
agribusiness	business	agri-	N	N
agriculturalist	agricultural	-ist	ADJ	N
agriculturally	agricultural	-ly	ADJ	ADV
agriculturist	agriculture	-ist	N	N
agrochemical	chemical	agro-	ADJ	N
agronomist	agronomy	-ist	N	N
aground	ground	a-	N	ADJ
ahistorical	historical	a-	ADJ	ADJ
aider	aid	-er	V	N
ailing	ail	-ing	V	ADJ
ailment	ail	-ment	N	N
aimless	aim	-less	V	ADJ
aimlessly	aimless	-ly	ADJ	ADV
aimlessness	aimless	-ness	ADJ	N
airborne	air	-borne	N	ADJ
airily	airy	-ly	ADJ	ADV
airing	air	-ing	N	V
airless	air	-less	N	ADJ
airliner	airline	-er	N	N
airlock	air	-lock	N	N
airman	air	-man	N	N
airship	air	-ship	N	N
airworthiness	airworthy	-ness	ADJ	N
airworthy	air	-worthy	N	ADJ
airy	air	-y	N	ADJ
aitchison	adam	-son	N	N
ajar	char	a-	V	ADV
ajar	jar	a-	N	ADV
akin	kin	a-	N	ADJ
alarming	alarm	-ing	N	ADJ
alarmingly	alarming	-ly	ADJ	ADV
alarmist	alarm	-ist	N	N
alarmist	alarm	-ist	N	ADJ
alaskan	alaska	-n	N	ADJ
alaskan	alaska	-an	N	N
albanian	caucasian albania	-ian	N	ADJ
albanian	albany	-ian	N	ADJ
albanian	albania	-an	N	ADJ
alberta	albert	-a	N	N
albie	albert	-ie	N	N
alchemical	alchemy	-ical	N	ADJ
alchemist	alchemy	-ist	N	N
alcoholic	alcohol	-ic	N	N
alcoholism	alcohol	-ism	N	N
alderson	alder	-son	N	N
alertly	alert	-ly	N	ADV
alertness	alert	-ness	N	N
aleutian	aleut	-ian	N	ADJ
aleutian	aleut	-an	N	ADJ
algal	alga	-al	N	ADJ
algebraic	algebra	-ic	N	ADJ
algebraically	algebraic	-ally	ADJ	ADV
algerian	algeria	-n	N	N
algerian	algeria	-an	N	ADJ
algorithmic	algorithm	-ic	N	ADJ
alienate	alien	-ate	ADJ	ADJ
alienation	alienate	-tion	ADJ	N
alienation	alienate	-ion	ADJ	N
alight	light	a-	N	V
alignment	align	-ment	V	N
alimentary	aliment	-ary	N	ADJ
aline	line	a-	N	V
alizarin	alizari	-in	N	N
alkalinity	alkaline	-ity	ADJ	N
alkaloid	alkali	-oid	N	N
allay	lay	a-	V	V
allegedly	alleged	-ly	ADJ	ADV
allegorical	allegory	-ical	N	ADJ
allergic	allergy	-ic	N	ADJ
alleviation	alleviate	-ion	V	N
allied	ally	-ed	N	ADJ
allied	allies	-ed	N	ADJ
allison	alice	-son	N	N
alliterative	alliterate	-ive	V	ADJ
alliterative	alliteration	-ive	N	ADJ
allocative	allocate	-ive	V	ADJ
allocative	allocation	-ive	N	ADJ
allocator	allocate	-or	V	N
allotment	allot	-ment	V	N
allowable	allow	-able	V	ADJ
allurement	allure	-ment	N	N
alluring	allure	-ing	N	V
allusion	allude	-ion	V	N
allusive	allusion	-ive	N	ADJ
alluvial	alluvium	-al	N	ADJ
aloft	loft	a-	N	ADV
aloneness	alone	-ness	ADJ	N
aloofness	aloof	-ness	ADJ	N
aloud	loud	a-	ADJ	ADV
alphabetic	alphabet	-ic	N	U
alphabetic	alphabet	-ic	N	ADJ
alphabetical	alphabetic	-al	ADJ	ADJ
alphabetically	alphabetical	-ly	ADJ	ADV
alphanumeric	numeric	alpha-	ADJ	ADJ
alpine	alp	-ine	N	ADJ
altercation	altercate	-ion	V	N
alternately	alternate	-ly	ADJ	ADV
alternating	alternate	-ing	ADJ	V
alternation	alternate	-ion	ADJ	N
alternator	alternate	-or	ADJ	N
altruistic	altruist	-ic	N	ADJ
alumina	aluminum	-a	N	N
aluminium	alumina	-ium	N	N
alumni	alumnus	-i	N	N
alveolar	alveolus	-ar	N	ADJ
amalgamation	amalgamate	-ion	V	N
amass	mass	a-	N	V
amateurish	amateur	-ish	ADJ	ADJ
amateurishness	amateurish	-ness	ADJ	N
amateurism	amateur	-ism	ADJ	N
amaze	maze	a-	N	V
amazement	amaze	-ment	V	N
amazingly	amazing	-ly	ADJ	ADV
amazonian	amazon	-ian	N	ADJ
ambassadorial	ambassador	-ial	N	ADJ
ambience	ambient	-ence	ADJ	N
ambiguity	ambiguous	-ity	ADJ	N
ambiguously	ambiguous	-ly	ADJ	ADV
ambitiously	ambitious	-ly	ADJ	ADV
ambivalence	valence	ambi-	N	N
ambivalence	ambivalent	-ence	ADJ	N
ambulanceman	ambulance	-man	N	N
ambulatory	ambulate	-ory	V	ADJ
amelioration	ameliorate	-ion	V	N
americana	america	-ana	N	N
americanism	american	-ism	ADJ	N
americas	america	-s	N	N
amiability	amiable	-ity	ADJ	N
amiably	amiable	-ly	ADJ	ADV
amicably	amicable	-ly	ADJ	ADV
amine	ammonia	-ine	N	N
amiss	miss	a-	V	ADJ
ammonite	ammon	-ite	N	N
ammonium	ammonia	-ium	N	N
ammonium	ammonia	-um	N	N
amniocentesis	amnion	-centesis	N	N
amniotic	amnion	-otic	N	ADJ
amoral	moral	a-	ADJ	ADJ
amorality	morality	a-	N	N
amorality	amoral	-ity	ADJ	N
amphitheatre	theatre	amphi-	N	N
amplification	amplify	-ification	V	N
amplifier	amplify	-er	V	N
amplify	ample	-ify	ADJ	V
amplitude	ample	-itude	ADJ	N
amply	ample	-ly	ADJ	ADV
amply	ample	-ly	ADJ	U
amputation	amputate	-ion	V	N
amputee	amputate	-ee	V	N
amused	amuse	-ed	V	V
amused	amuse	-ed	V	ADJ
amusement	amuse	-ment	V	N
amusing	amuse	-ing	V	ADJ
amusingly	amusing	-ly	ADJ	ADV
anachronism	anachronic	-ism	ADJ	N
anachronistic	anachronism	-ic	N	ADJ
anachronistic	anachronist	-ic	N	ADJ
anachronistic	anachronism	-istic	N	ADJ
anaemic	anaemia	-ic	N	ADJ
anaesthetist	anaesthetize	-ist	V	N
analgesia	algesia	an-	N	N
analgesic	analgesia	-ic	N	N
analogical	analogic	-al	ADJ	ADJ
analogous	analogy	-ous	N	ADJ
analogously	analogous	-ly	ADJ	ADV
analysable	analyse	-able	V	ADJ
analyser	analyse	-er	V	N
analytic	analysis	-ic	N	ADJ
analytical	analytic	-al	ADJ	ADJ
analytically	analytical	-ly	ADJ	ADV
anarchic	anarchy	-ic	N	ADJ
anarchical	anarchy	-ical	N	ADJ
anarchism	anarchy	-ism	N	N
anarchist	anarchy	-ist	N	N
anarchistic	anarchist	-ic	N	ADJ
anatomical	anatomy	-ical	N	ADJ
anatomically	anatomical	-ly	ADJ	ADV
anatomist	anatomy	-ist	N	N
anchorage	anchor	-age	N	N
anchoring	anchor	-ing	N	N
anchorman	anchor	-man	N	N
anciently	ancient	-ly	ADJ	ADV
andalusian	andalusia	-ian	N	ADJ
andalusian	andalusia	-an	N	ADJ
andean	andes	-an	N	ADJ
andrews	andrew	-s	N	N
androgynous	androgyne	-ous	N	ADJ
anecdotal	anecdote	-al	N	ADJ
anew	new	a-	ADJ	ADJ
angelic	angel	-ic	N	ADJ
angelina	angela	-ina	N	N
angled	angle	-ed	N	ADJ
angler	angle	-er	V	N
anglian	anglia	-n	N	ADJ
anglian	anglia	-an	N	ADJ
anglicanism	anglican	-ism	ADJ	N
anglicise	-ise	anglo-	V	V
anglicised	anglicise	-ed	V	ADJ
anglicize	-ize	anglo-	V	V
angling	angle	-ing	N	N
angolan	angola	-n	N	ADJ
angolan	angola	-an	N	ADJ
angrily	angry	-ly	ADJ	ADV
angular	angle	-ar	N	ADJ
angularity	angular	-ity	ADJ	N
animated	animate	-ed	ADJ	ADJ
animatedly	animated	-ly	ADJ	ADV
animation	animate	-ion	ADJ	N
animator	animate	-or	ADJ	N
animism	anima	-ism	N	N
anion	ion	an-	N	N
anklet	ankle	-et	N	N
annamese	annam	-ese	U	N
annexation	annex	-ation	N	N
annie	anne	-ie	N	N
annihilation	annihilate	-ion	V	N
annotation	annotate	-ion	V	N
announcer	announce	-er	V	N
annoyance	annoy	-ance	V	N
annoyed	annoy	-ed	V	V
annoying	annoy	-ing	V	ADJ
annoyingly	annoying	-ly	ADJ	ADV
annulment	annul	-ment	V	N
anointing	anoint	-ing	V	N
anomalous	anomaly	-ous	N	ADJ
anomalously	anomalous	-ly	ADJ	ADV
anonymity	anonym	-ity	N	N
anonymity	anonymous	-ity	ADJ	N
anonymously	anonymous	-ly	ADJ	ADV
anorexic	anorexia	-ic	N	ADJ
anoxic	anoxia	-ic	N	ADJ
answerable	answer	-able	N	ADJ
answering	answer	-ing	N	V
answerphone	answer	-phone	N	N
antacid	acid	anti-	ADJ	N
antagonism	antagonise	-ism	V	N
antagonist	agonist	ant-	N	N
antagonist	antagonise	-t	V	N
antagonist	antagonise	-ist	V	N
antagonistic	antagonist	-ic	N	ADJ
antechamber	chamber	ante-	N	N
antedate	date	ante-	N	V
antediluvian	diluvian	ante-	ADJ	ADJ
antenatal	natal	ante-	ADJ	ADJ
anteroom	room	ante-	N	N
anthill	hill	ant-	N	N
anthropological	anthropology	-ical	N	ADJ
anthropologist	anthropology	-ist	N	N
anthropomorphism	anthropomorphic	-ism	ADJ	N
antibacterial	bacterial	anti-	ADJ	ADJ
antibiotic	biotic	anti-	ADJ	N
antichrist	christ	anti-	N	N
anticipation	anticipate	-ion	V	N
anticipatory	anticipation	-ory	N	ADJ
anticipatory	anticipate	-ory	V	ADJ
anticlerical	clerical	anti-	ADJ	ADJ
anticlericalism	anticlerical	-ism	ADJ	N
anticlimax	climax	anti-	N	N
anticlockwise	clockwise	anti-	ADJ	ADJ
anticoagulant	coagulant	anti-	ADJ	N
antidepressant	depressant	anti-	N	N
antigenic	antigen	-ic	N	ADJ
antigenic	antigeny	-ic	N	ADJ
antihistamine	histamine	anti-	N	N
antimicrobial	microbial	anti-	ADJ	ADJ
antipathetic	antipathy	-etic	N	ADJ
antiphonal	antiphon	-al	N	N
antipodean	antipode	-an	N	ADJ
antiquarian	antiquary	-an	N	ADJ
antiquarian	antiquary	-ian	N	N
antiquary	antique	-ary	N	N
antiquity	antique	-ity	ADJ	N
antiracism	racism	anti-	N	ADJ
antiracist	racist	anti-	N	ADJ
antiseptic	septic	anti-	ADJ	ADJ
antiseptic	antisepsis	-ic	N	ADJ
antiserum	serum	anti-	N	N
antislavery	slavery	anti-	N	ADJ
antisocial	social	anti-	ADJ	ADJ
antithesis	thesis	anti-	N	N
antithetical	antithetic	-al	ADJ	ADJ
antitrust	trust	anti-	N	ADJ
antiviral	viral	anti-	ADJ	ADJ
antral	antrum	-al	N	ADJ
anxiously	anxious	-ly	ADJ	ADV
aortic	aorta	-ic	N	ADJ
apathetic	apathy	-etic	N	ADJ
apiece	piece	a-	N	N
aplenty	plenty	a-	ADJ	ADJ
apocryphal	apocrypha	-al	N	ADJ
apolitical	political	a-	ADJ	ADJ
apologetic	apology	-ic	N	ADJ
apologetic	apology	-etic	N	ADJ
apologetically	apologetic	-ally	ADJ	ADV
apologia	apology	-ia	N	N
apologise	apology	-ise	N	V
apologist	apology	-ist	N	N
apoptosis	ptosis	apo-	N	N
appalachian	appalachia	-an	N	ADJ
appalled	appall	-ed	V	ADJ
appalling	appall	-ing	V	ADJ
appallingly	appalling	-ly	ADJ	ADV
appealing	appeal	-ing	N	ADJ
appealingly	appealing	-ly	ADJ	ADV
appeasement	appease	-ment	V	N
appeaser	appease	-er	V	N
append	pend	ad-	V	V
appendage	append	-age	V	N
appendicitis	appendix	-itis	N	N
appetiser	appetise	-er	V	N
appetising	appetite	-ing	N	ADJ
appetizing	appetite	-ing	N	ADJ
appian	appius	-an	N	ADJ
appleton	apple	-ton	N	N
appliance	apply	-ance	V	N
applicability	applicable	-ity	ADJ	N
applicator	application	-or	N	N
applied	apply	-ed	V	ADJ
appointee	appoint	-ee	V	N
apportionment	apportion	-ment	V	N
appraisal	appraise	-al	V	N
appraiser	appraise	-er	V	N
appraisingly	appraising	-ly	V	ADV
appreciable	appreciate	-able	V	ADJ
appreciably	appreciable	-ly	ADJ	ADV
appreciative	appreciate	-ive	V	ADJ
appreciatively	appreciative	-ly	ADJ	ADV
apprehensive	apprehend	-ive	V	ADJ
apprehensively	apprehensive	-ly	ADJ	ADV
apprenticeship	apprentice	-ship	N	N
approachability	approach	-ability	V	N
approachable	approach	-able	V	ADJ
appropriately	appropriate	-ly	ADJ	ADV
appropriateness	appropriate	-ness	ADJ	N
appropriation	appropriate	-ion	ADJ	N
approved	approve	-ed	V	ADJ
approver	approve	-er	V	N
approving	approve	-ing	V	ADJ
approvingly	approving	-ly	ADJ	ADV
approximation	approximate	-ion	ADJ	N
appurtenance	appertain	-ance	V	N
appurtenance	appurtenant	-ce	ADJ	N
aproned	apron	-ed	N	ADJ
aptitude	apt	-itude	ADJ	N
aptly	apt	-ly	ADJ	ADV
aptness	apt	-ness	ADJ	N
aquarian	aquarius	-an	N	ADJ
arabia	arab	-ia	N	N
arabian	arabia	-n	N	ADJ
arabian	arabia	-an	N	ADJ
arabic	arabia	-ic	N	ADJ
arbitrarily	arbitrary	-ly	ADJ	ADV
arbitrariness	arbitrary	-ness	ADJ	N
arbitration	arbitrate	-ion	V	N
arbitrator	arbitrate	-or	V	N
arcade	arc	-ade	N	N
arcaded	arcade	-ed	N	ADJ
arcadian	arcade	-ian	N	ADJ
arcadian	arcadia	-n	N	N
arcadian	arcadia	-an	N	N
arcading	arcade	-ing	N	N
archaeological	archaeology	-ical	N	ADJ
archaeologist	archaeology	-ist	N	N
archaism	archaic	-ism	ADJ	N
archangel	angel	arch-	N	N
archbishopric	archbishop	-ric	N	N
archbishopric	bishopric	arch-	N	N
archdeacon	deacon	arch-	N	N
archdeaconry	archdeacon	-ry	N	N
archdiocese	diocese	arch-	N	N
archduke	duke	arch-	N	N
arched	arch	-ed	N	ADJ
archery	archer	-ery	N	N
archery	archer	-ry	N	N
archery	archer	-y	N	N
archetypal	archetype	-al	N	ADJ
archie	archibald	-ie	N	N
architectural	architecture	-al	N	ADJ
architecturally	architectural	-ly	ADJ	ADV
archival	archive	-al	N	N
archival	archive	-al	N	ADJ
archivist	archive	-ist	N	N
archly	arch	-ly	N	ADV
ardently	ardent	-ly	ADJ	ADV
areal	area	-al	N	ADJ
argentine	argent	-ine	N	ADJ
argentinian	argentina	-ian	N	N
argentinian	argentine	-ian	N	ADJ
arguable	argue	-able	N	ADJ
arguably	arguable	-ly	ADJ	ADV
argumentation	argument	-ation	N	N
argumentative	argumentation	-ive	N	ADJ
aridity	arid	-ity	ADJ	N
aright	right	a-	V	ADV
aright	right	a-	V	V
aristocracy	aristocrat	-cy	N	N
aristocratic	aristocrat	-ic	N	ADJ
arithmetical	arithmetic	-al	N	ADJ
arithmetically	arithmetical	-ly	ADJ	ADV
armenian	armenia	-an	N	ADJ
armful	arm	-ful	N	N
armless	arm	-less	N	ADJ
armorial	armory	-al	N	ADJ
armoured	armour	-ed	N	V
armourer	armour	-er	N	N
arms	arm	-s	N	N
aromatherapist	aromatherapy	-ist	N	N
aromatic	aroma	-ic	N	ADJ
arousal	arouse	-al	V	N
arouse	rouse	a-	N	V
arranger	arrange	-er	V	N
arrestable	arrest	-able	N	ADJ
arresting	arrest	-ing	V	ADJ
arrogance	arrogant	-ce	ADJ	N
arrogantly	arrogant	-ly	ADJ	ADV
arrowhead	arrow	-head	N	N
arsenical	arsenic	-al	N	ADJ
arsonist	arson	-ist	N	N
arterial	artery	-al	N	ADJ
artful	art	-ful	N	ADJ
artfully	artful	-ly	ADJ	ADV
arthritic	arthritis	-ic	N	ADJ
arthurian	arthur	-ian	N	ADJ
articulation	articulate	-ation	ADJ	N
articulation	articulate	-ion	ADJ	N
articulatory	articulation	-ory	N	ADJ
artificiality	artificial	-ity	ADJ	N
artificially	artificial	-ly	ADJ	ADV
artisanal	artisan	-al	N	ADJ
artistically	artistic	-ally	ADJ	ADV
artistry	artist	-ry	N	N
artless	art	-less	N	ADJ
artlessly	artless	-ly	ADJ	ADV
artwork	art	-work	N	N
arty	art	-y	N	ADJ
arty	art	-y	N	N
asbestosis	asbestos	-osis	N	N
ascendancy	ascend	-ancy	V	N
ascendancy	ascendant	-cy	ADJ	N
ascendant	ascend	-ant	V	N
ascending	ascend	-ing	V	V
ascertainable	ascertain	-able	V	ADJ
ascertainment	ascertain	-ment	V	N
asceticism	ascetic	-ism	ADJ	N
ascribe	scribe	a-	N	V
asea	sea	a-	N	ADJ
aseptic	septic	a-	ADJ	ADJ
asexual	sexual	a-	ADJ	ADJ
ashen	ash	-en	N	ADJ
ashen	ash	-en	N	V
ashore	shore	a-	N	ADV
ashore	shore	a-	N	N
ashy	ash	-y	N	ADJ
asiatic	asia	-ic	N	ADJ
asinine	ass	-ine	N	ADJ
askew	skew	a-	V	ADJ
asking	ask	-ing	V	V
asocial	social	a-	ADJ	ADJ
aspen	asp	-en	N	ADJ
asphyxiate	asphyxia	-ate	V	V
asphyxiation	asphyxiate	-ion	V	N
aspirant	aspire	-ant	V	ADJ
aspirate	aspire	-ate	V	N
aspiration	aspire	-ation	V	N
aspiration	aspirate	-ion	N	N
aspirational	aspiration	-al	N	ADJ
aspiring	aspire	-ing	V	ADJ
assailant	assail	-ant	V	N
assassinate	assassin	-ate	N	V
assassination	assassinate	-ion	V	N
assemblage	assemble	-age	V	N
assembled	assembly	-ed	N	ADJ
assembler	assemble	-er	V	N
assertion	assert	-ion	V	N
assertive	assert	-ive	V	ADJ
assertively	assertive	-ly	ADJ	ADV
assertiveness	assertive	-ness	ADJ	N
assessable	assess	-able	V	ADJ
assessor	assess	-or	V	N
assiduity	assiduous	-ity	ADJ	N
assiduously	assiduous	-ly	ADJ	ADV
assignable	assign	-able	V	ADJ
assignation	assign	-ation	V	N
assignee	assign	-ee	V	N
assimilation	assimilate	-ion	ADJ	N
associateship	associate	-ship	ADJ	N
associational	association	-al	N	ADJ
associative	associate	-ive	N	ADJ
assorted	assort	-ed	V	ADJ
assortment	assort	-ment	N	N
assumed	assume	-ed	V	V
assured	assure	-ed	V	V
assuredly	assured	-ly	ADJ	ADV
assyrian	assyria	-an	N	N
astern	stern	a-	ADJ	ADV
astern	stern	a-	ADJ	ADJ
asteroid	aster	-oid	N	N
asthmatic	asthma	-ic	N	ADJ
astonish	stun	a-	V	V
astonished	astonish	-ed	V	ADJ
astonishing	astonish	-ing	V	ADJ
astonishingly	astonishing	-ly	ADJ	ADV
astonishment	astonish	-ment	V	N
astounded	astound	-ed	V	V
astounding	astound	-ing	V	ADJ
astoundingly	astounding	-ly	ADJ	ADV
astray	stray	a-	N	N
astride	stride	a-	N	ADV
astride	stride	a-	N	N
astrologer	astrology	-er	N	N
astrological	astrologic	-al	ADJ	ADJ
astrological	astrology	-ical	N	ADJ
astronomic	astronomy	-ic	N	ADJ
astronomical	astronomy	-ical	N	ADJ
astronomically	astronomical	-ly	ADJ	ADV
astrophysicist	physicist	astro-	N	N
asturian	asturia	-an	N	ADJ
asturian	asturias	-an	N	ADJ
astutely	astute	-ly	ADJ	ADV
astuteness	astute	-ness	ADJ	N
asunder	sunder	a-	V	V
asymmetric	symmetric	a-	ADJ	ADJ
asymmetric	asymmetry	-ic	N	ADJ
asymmetrical	symmetrical	a-	ADJ	ADJ
asymmetrical	asymmetry	-ical	N	ADJ
asymmetrically	asymmetric	-ally	ADJ	ADV
asymmetrically	symmetrically	a-	ADV	ADV
asymmetry	symmetry	a-	N	N
asymptomatic	symptomatic	a-	ADJ	ADJ
asymptotic	asymptote	-ic	N	ADJ
asymptotically	asymptotic	-ally	ADJ	ADV
asymptotically	asymptotical	-ly	ADJ	ADV
asynchronous	synchronous	a-	ADJ	ADJ
atavistic	atavism	-istic	N	ADJ
atavistic	atavist	-ic	N	ADJ
atheist	atheism	-ist	N	N
atheistic	atheist	-ic	N	ADJ
athenian	athens	-ian	N	N
atherosclerosis	sclerosis	athero-	N	N
athletically	athletic	-ally	ADJ	ADV
athleticism	athletic	-ism	ADJ	N
athletics	athlete	-ics	N	N
athletics	athletic	-s	ADJ	N
athwart	thwart	a-	ADJ	ADV
athwart	thwart	a-	ADJ	ADJ
atkinson	atkin	-son	N	N
atmospheric	atmosphere	-ic	N	ADJ
atomic	atom	-ic	N	ADJ
atomism	atom	-ism	N	N
atomistic	atom	-istic	N	ADJ
atonal	tonal	a-	ADJ	ADJ
atonement	atone	-ment	ADJ	N
atop	top	a-	N	N
atrocity	atrocious	-ity	ADJ	N
atrophic	atrophy	-ic	N	ADJ
attached	attach	-ed	V	ADJ
attachment	attach	-ment	V	N
attacker	attack	-er	N	N
attacking	attack	-ing	N	N
attainable	attain	-able	V	ADJ
attainer	attain	-er	V	N
attainment	attain	-ment	V	N
attendant	attend	-ant	V	ADJ
attendee	attend	-ee	V	N
attender	attend	-er	V	N
attentional	attention	-al	N	ADJ
attentive	attention	-ive	N	ADJ
attentively	attentive	-ly	ADJ	ADV
attentiveness	attentive	-ness	ADJ	N
attenuation	attenuate	-ion	V	N
attestation	attest	-ation	N	N
attestation	attest	-tion	N	N
attested	attest	-ed	V	V
attitudinal	attitude	-al	N	ADJ
attractively	attractive	-ly	ADJ	ADV
attractiveness	attractive	-ness	ADJ	N
attributable	attribute	-able	N	ADJ
attribution	attribute	-ion	N	N
attributive	attribute	-ive	N	ADJ
attune	tune	ad-	N	V
attune	tune	at-	N	V
atypical	typical	a-	ADJ	ADJ
aubrey	aubree	-y	N	N
auctioneer	auction	-eer	N	N
audaciously	audacious	-ly	ADJ	ADV
audacity	audacious	-ity	ADJ	N
audibility	audible	-ity	ADJ	N
audibly	audible	-ly	ADJ	ADV
audiovisual	visual	audio-	ADJ	ADJ
audition	audit	-ion	N	N
auditorium	auditory	-ium	ADJ	N
auditorium	audit	-orium	N	N
auditory	auditor	-y	N	ADJ
augmentation	augment	-ation	N	N
augmented	augment	-ed	N	ADJ
augury	augur	-y	N	N
augustan	august	-an	N	ADJ
augustine	august	-ine	N	N
auntie	aunt	-ie	N	N
aunty	aunt	-y	N	N
auspicious	auspice	-ious	N	ADJ
aussie	australia	-ie	N	N
austerely	austere	-ly	ADJ	ADV
austerity	austere	-ity	ADJ	N
australasian	australasia	-an	N	ADJ
austrian	austria	-n	N	ADJ
austrian	austria	-an	N	N
authentically	authentic	-ally	ADJ	ADV
authenticate	authentic	-ate	ADJ	V
authentication	authenticate	-ation	V	N
authentication	authenticate	-ion	V	N
authenticity	authentic	-ity	ADJ	N
authoress	author	-ess	N	N
authorial	author	-ial	N	ADJ
authorisation	authorise	-ation	V	N
authorised	authorise	-ed	V	ADJ
authoritarian	authority	-arian	N	ADJ
authoritarianism	authoritarian	-ism	ADJ	N
authoritative	authority	-ative	N	ADJ
authoritatively	authoritative	-ly	ADJ	ADV
authorization	authorize	-ation	V	N
authorized	authorize	-ed	V	ADJ
authorship	author	-ship	N	N
autistic	autism	-istic	N	ADJ
autobiographical	autobiography	-ical	N	ADJ
autobiographical	biographical	auto-	ADJ	ADJ
autobiography	biography	auto-	N	N
autocratic	autocrat	-ic	N	ADJ
autocratically	autocratic	-ally	ADJ	ADV
autocue	cue	auto-	N	N
autoimmune	immune	auto-	ADJ	ADJ
automation	automatic	-ion	ADJ	N
automation	automate	-ion	ADJ	N
automaton	automat	-on	N	N
automotive	motive	auto-	N	ADJ
autonomic	autonomy	-ic	N	ADJ
autonomous	autonomy	-ous	N	ADJ
autonomously	autonomous	-ly	ADJ	ADV
autopilot	pilot	auto-	N	N
autoradiography	autoradiograph	-y	N	N
autumnal	autumn	-al	N	ADJ
avaricious	avarice	-ious	N	ADJ
avenger	avenge	-er	V	N
avenging	avenge	-ing	V	V
averagely	average	-ly	N	ADV
aversion	averse	-ion	ADJ	N
aviation	aviate	-ion	V	N
aviator	aviate	-or	V	N
avidity	avid	-ity	ADJ	N
avidly	avid	-ly	ADJ	ADV
avoidable	avoid	-able	V	ADJ
avoidance	avoid	-ance	V	N
avow	vow	a-	N	V
avowal	avow	-al	V	N
avowed	avow	-ed	V	V
avowed	avow	-ed	V	ADJ
avowedly	avowed	-ly	ADJ	ADV
awake	wake	a-	N	V
awake	wake	a-	N	ADJ
awaken	awake	-en	V	V
awakening	awaken	-ing	V	N
awarding	award	-ing	V	V
awash	wash	a-	N	ADJ
awed	awe	-ed	V	V
awesome	awe	-some	N	ADJ
awesomely	awesome	-ly	ADJ	ADV
awfully	awful	-ly	ADJ	ADV
awfulness	awful	-ness	ADJ	N
awkwardly	awkward	-ly	ADJ	ADV
awkwardness	awkward	-ness	ADJ	N
awry	wry	a-	ADJ	ADV
awry	wry	a-	ADJ	ADJ
axeman	axe	-man	N	N
axial	axis	-al	N	ADJ
axial	axe	-ial	N	ADJ
axiomatic	axiom	-ic	N	ADJ
axiomatic	axiom	-atic	N	ADJ
ayrshire	ayr	-shire	N	N
azerbaijani	azerbaijan	-i	N	N
babyhood	baby	-hood	N	N
babyish	baby	-ish	N	ADJ
babylonian	babylon	-ian	N	ADJ
babysitter	babysit	-er	V	N
backache	ache	back-	N	N
backbencher	backbench	-er	ADJ	N
backbone	bone	back-	N	N
backchat	chat	back-	V	N
backer	back	-er	U	N
backhander	backhand	-er	N	N
backing	back	-ing	N	N
backless	back	-less	U	ADJ
backlog	log	back-	N	N
backpack	pack	back-	N	N
backpacker	backpack	-er	N	N
backpacking	backpack	-ing	N	N
backroom	room	back-	N	N
backseat	seat	back-	N	N
backspace	space	back-	N	N
backstroke	stroke	back-	N	N
backward	back	-ward	N	ADJ
backwardness	backward	-ness	ADJ	N
backwash	wash	back-	N	N
backwater	water	back-	N	N
bacterial	bacteria	-al	N	ADJ
bacterial	bacterium	-al	N	ADJ
bacteriological	bacteriology	-ical	N	ADJ
bacteriologist	bacteriology	-ist	N	N
bacteriology	bacteria	-logy	N	N
bacteriology	bacteria	-ology	N	N
baddie	bad	-ie	N	N
baddy	bad	-y	N	N
badger	badge	-er	N	N
badness	bad	-ness	N	N
bafflement	baffle	-ment	N	N
baffling	baffle	-ing	V	V
bagful	bag	-ful	N	N
baggage	bag	-age	N	N
bagger	bag	-er	N	N
baggy	bag	-y	N	ADJ
bahamian	bahamas	-ian	N	ADJ
bailee	bail	-ee	N	N
baiting	bait	-ing	N	V
baked	bake	-ed	V	ADJ
bakery	bake	-ery	V	N
bakery	baker	-y	N	N
baking	bake	-ing	V	V
baking	bake	-ing	V	N
balanced	balance	-ed	N	V
balancer	balance	-er	N	N
balancing	balance	-ing	N	V
balding	bald	-ing	ADJ	V
baldly	bald	-ly	ADJ	ADV
baldness	bald	-ness	ADJ	N
baleful	bale	-ful	N	ADJ
balefully	baleful	-ly	ADJ	ADV
baler	bale	-er	N	N
balinese	bali	-ese	N	N
balkans	balkan	-s	ADJ	N
balladeer	ballad	-eer	N	N
balletic	ballet	-ic	N	ADJ
ballistic	ballista	-ic	N	ADJ
ballistics	ballistic	-s	ADJ	N
ballooning	balloon	-ing	N	ADJ
balloonist	balloon	-ist	N	N
balmy	balm	-y	N	ADJ
banality	banal	-ity	ADJ	N
bandage	band	-age	N	N
banded	band	-ed	N	ADJ
banding	band	-ing	N	N
banditry	bandit	-ry	N	N
bandsman	band	-man	N	N
banffshire	banff	-shire	N	N
banger	bang	-er	N	N
banging	bang	-ing	N	ADJ
bangladeshi	bangladesh	-i	N	ADJ
bangle	bang	-le	N	V
bangle	bang	-le	N	N
banishment	banish	-ment	V	N
bankable	bank	-able	N	ADJ
banked	bank	-ed	V	V
bankhead	bank	-head	N	N
bankside	bank	-side	N	N
banner	ban	-er	V	N
banqueting	banquet	-ing	V	V
baptism	baptise	-ism	V	N
baptismal	baptism	-al	N	ADJ
baptist	baptism	-ist	N	N
baptize	baptism	-ize	N	V
barbadian	barbados	-ian	N	N
barbaric	barbarian	-ic	N	ADJ
barbarism	barbarian	-ism	N	N
barbecued	barbecue	-ed	N	ADJ
barbed	barb	-ed	N	ADJ
barbie	barbara	-ie	N	N
bardic	bard	-ic	N	ADJ
bareness	bare	-ness	V	N
bargainer	bargain	-er	N	N
bargaining	bargain	-ing	N	N
bargee	barge	-ee	N	N
barium	baryta	-ium	N	N
barker	bark	-er	N	N
barking	bark	-ing	V	V
barking	bark	-ing	V	N
barman	bar	-man	N	N
barometric	barometer	-ic	N	ADJ
baroness	baron	-ess	N	N
baronet	baron	-et	N	N
baronetcy	baronet	-cy	N	N
baronial	baron	-ial	N	ADJ
barony	baron	-y	N	N
barracks	barrack	-s	N	N
barrenness	barren	-ness	ADJ	N
basal	base	-al	N	ADJ
basaltic	basalt	-ic	N	ADJ
baseless	base	-less	N	ADJ
baseline	base	-ine	N	N
basher	bash	-er	V	N
bashful	abashed	-ful	ADJ	ADJ
bashful	abash	-ful	V	ADJ
bashfully	bashful	-ly	ADJ	ADV
bassist	bass	-ist	ADJ	N
bastardy	bastard	-y	ADJ	N
bateson	bartholomew	-son	N	N
bather	bathe	-er	V	N
bathetic	bathos	-etic	N	ADJ
bathing	bathe	-ing	V	ADJ
batman	bat	-man	N	N
batsman	bat	-man	N	N
batter	bat	-er	N	N
batter	batting	-er	N	N
battered	batter	-ed	V	ADJ
batting	bat	-ing	N	N
battlemented	battlement	-ed	N	ADJ
battler	battle	-er	N	N
battleship	battle	-ship	N	N
batty	bat	-y	N	ADJ
bavarian	bavaria	-an	N	ADJ
bavarian	bavaria	-an	N	N
bawdy	bawd	-y	ADJ	ADJ
beached	beach	-ed	N	ADJ
beachy	beach	-y	N	ADJ
beadle	bid	-le	V	N
beady	bead	-y	N	ADJ
beaky	beak	-y	N	ADJ
beaming	beam	-ing	N	ADJ
beamish	beam	-ish	N	ADJ
bearable	bear	-able	N	ADJ
bearded	beard	-ed	N	V
bearded	beard	-ed	N	ADJ
bearer	bear	-er	N	N
bearer	bear	-er	N	ADJ
bearing	bear	-ing	N	V
bearing	bear	-ing	N	N
bearish	bear	-ish	N	ADJ
beastie	beast	-ie	N	N
beastliness	beastly	-ness	ADJ	N
beastly	beast	-ly	N	ADJ
beaten	beat	-en	V	ADJ
beater	beat	-er	N	N
beating	beat	-ing	V	N
beauteous	beauty	-ous	N	ADJ
beautician	beauty	-ician	N	N
beautifully	beautiful	-ly	ADJ	ADV
beautify	beauty	-fy	N	V
becalm	calm	be-	V	V
becoming	become	-ing	V	V
bedding	bed	-ing	N	N
bedding	bed	-ing	N	V
bedeck	deck	be-	V	V
bedevil	devil	be-	N	V
bedraggled	bedraggle	-ed	V	ADJ
bedridden	bed	-ridden	N	ADJ
bedside	bed	-side	N	N
beefburger	beef	-burger	N	N
beefy	beef	-y	N	ADJ
beeline	bee	-ine	N	N
beery	beer	-y	N	ADJ
beetle	bite	-le	V	ADJ
befall	fall	be-	V	V
befit	fit	be-	ADJ	V
befriend	friend	be-	N	V
befuddle	fuddle	be-	V	V
befuddle	fundle	be-	V	V
beget	get	be-	V	V
begetter	beget	-er	V	N
beggar	beg	-ar	N	N
begging	beg	-ing	V	N
begging	beg	-ing	V	V
beginner	begin	-er	V	N
begrudge	grudge	be-	N	V
begrudgingly	begrudging	-ly	ADJ	ADV
beguile	guile	be-	N	V
beguiling	beguile	-ing	V	ADJ
begum	gum	be-	N	V
behavioural	behaviour	-al	N	ADJ
behaviourally	behavioural	-ly	ADJ	ADV
behaviourism	behaviour	-ism	N	N
behaviourist	behaviour	-ist	N	N
behead	head	be-	N	V
beheading	behead	-ing	V	V
behold	hold	be-	N	V
beholden	behold	-en	V	ADJ
beholder	behold	-er	V	N
belabour	labour	be-	N	V
belated	belate	-ed	V	ADJ
belatedly	belated	-ly	ADJ	ADV
belay	lay	be-	V	V
belcher	belch	-er	V	N
beleaguered	beleaguer	-ed	V	ADJ
belgian	belgium	-an	N	N
belgian	belgium	-an	N	ADJ
belgian	belgium	-ian	N	ADJ
belie	lie	be-	N	V
believable	believe	-able	V	ADJ
believer	believe	-er	V	N
believing	believe	-ing	V	V
believing	believe	-ing	V	N
belinda	belle	-inda	U	N
belittle	little	be-	ADJ	V
belligerence	belligerent	-ence	ADJ	N
belligerently	belligerent	-ly	ADJ	ADV
bellman	bell	-man	N	N
bellows	bellow	-s	N	N
bellyful	belly	-ful	N	N
belongings	belonging	-s	N	N
beloved	belove	-ed	V	ADJ
beloved	love	be-	N	ADJ
belted	belt	-ed	N	V
bemoan	moan	be-	V	V
bemuse	muse	be-	N	V
bemused	bemuse	-ed	V	V
bemusedly	bemused	-ly	V	ADV
bemusement	bemuse	-ment	V	N
bencher	bench	-er	N	N
bender	bend	-er	V	N
bending	bend	-ing	V	N
bendy	bend	-y	N	ADJ
beneficially	beneficial	-ly	ADJ	ADV
benevolence	benevolent	-ence	ADJ	N
benevolently	benevolent	-ly	ADJ	ADV
bengali	bengal	-i	N	ADJ
benighted	benight	-ed	V	ADJ
benignly	benign	-ly	ADJ	ADV
benny	benzedrine	-y	N	N
bent	bend	-t	V	V
benthamite	bentham	-ite	N	ADJ
benzodiazepine	diazepine	benzo-	N	N
bequeath	quethe	be-	V	V
berate	rate	be-	N	V
bereave	reave	be-	V	V
bereavement	bereave	-ment	V	N
bering	prefix	be-	N	V
berliner	berlin	-er	N	N
berth	bear	-th	N	N
beryllium	beryl	-ium	N	N
beseechingly	beseeching	-ly	V	ADV
beset	set	be-	ADJ	V
besetting	beset	-ing	V	V
besiege	siege	be-	N	V
besieger	besiege	-er	V	N
besmirch	smirch	be-	V	V
besot	sot	be-	V	V
besotted	besot	-ed	V	ADJ
bespeak	speak	be-	V	V
bestiality	bestial	-ity	ADJ	N
bestir	stir	be-	V	V
bestow	stow	be-	U	V
bestow	stow	be-	V	V
betide	tide	be-	N	V
betoken	token	be-	V	V
betray	tray	be-	N	V
betrayal	betray	-al	V	N
betrayed	betray	-ed	V	V
betrayer	betray	-er	V	N
betraying	betray	-ing	V	V
betroth	troth	be-	N	V
betrothal	betroth	-al	V	N
betrothed	betroth	-ed	V	V
betterment	better	-ment	V	N
bewail	wail	be-	U	V
bewail	wail	be-	V	V
beware	ware	be-	ADJ	V
bewilder	intensifier	be-	N	V
bewilder	wilder	be-	V	V
bewildered	bewilder	-ed	V	ADJ
bewildering	bewilder	-ing	V	V
bewildering	bewilder	-ing	V	N
bewilderingly	bewildering	-ly	V	ADV
bewilderment	bewilder	-ment	V	N
bewitch	witch	be-	N	V
bewitching	bewitch	-ing	V	N
biafran	biafra	-an	N	ADJ
biannual	annual	bi-	N	ADJ
biased	bias	-ed	N	ADJ
biblical	bible	-ical	N	ADJ
biblically	biblical	-ly	ADJ	ADV
bibliographic	bibliography	-ic	N	ADJ
bibliographical	bibliography	-ical	N	ADJ
bibliophile	-phile	biblio-	N	N
bicameral	cameral	bi-	ADJ	ADJ
bicarbonate	carbonate	bi-	N	N
bicentenary	centenary	bi-	ADJ	N
bicentennial	centennial	bi-	N	ADJ
bickering	bicker	-ing	N	N
biddable	bid	-able	V	ADJ
bidder	bid	-er	V	N
bidding	bid	-ing	V	N
biennial	biennium	-al	N	ADJ
bifocal	focal	bi-	ADJ	ADJ
bifurcation	bifurcate	-ion	ADJ	N
biggie	big	-ie	ADJ	N
biggish	big	-ish	ADJ	ADJ
bigoted	bigot	-ed	N	ADJ
bigotry	bigot	-ry	N	N
biker	bike	-er	N	N
bilateral	lateral	bi-	ADJ	ADJ
bilaterally	bilateral	-ly	ADJ	ADV
bilingual	lingual	bi-	ADJ	ADJ
bilingualism	bilingual	-ism	ADJ	N
bilious	bile	-ious	N	ADJ
billie	bill	-ie	N	N
billionaire	billion	-aire	N	N
bimodal	modal	bi-	ADJ	ADJ
binder	bind	-er	V	N
binding	bind	-ing	V	ADJ
binoculars	binocular	-s	ADJ	U
biochemical	chemical	bio-	ADJ	ADJ
biochemically	biochemical	-ly	ADJ	ADV
biochemistry	chemistry	bio-	N	N
biochemistry	biochemist	-ry	N	N
biodegradable	degradable	bio-	ADJ	ADJ
biodegradable	biodegrade	-able	V	ADJ
biodiversity	diversity	bio-	N	N
biogeography	geography	bio-	N	N
biographer	biography	-er	N	N
biographical	biography	-ical	N	ADJ
biologically	biological	-ly	ADJ	ADV
biologist	biology	-ist	N	N
biomass	mass	bio-	N	N
biomedical	medical	bio-	ADJ	ADJ
biosynthesis	synthesis	bio-	N	N
biotechnology	technology	bio-	N	N
bipartisan	partisan	bi-	N	ADJ
bipartite	partite	bi-	ADJ	ADJ
biphenyl	phenyl	bi-	N	N
biplane	plane	bi-	N	ADJ
bipolar	polar	bi-	N	ADJ
birdie	bird	-ie	N	N
birdwatcher	birdwatch	-er	V	N
birdy	bird	-y	N	ADJ
birdy	bird	-y	N	N
birthing	birth	-ing	V	N
bisexual	sexual	bi-	ADJ	ADJ
bisexuality	bisexual	-ity	ADJ	N
bisexuality	sexuality	bi-	N	N
bishopric	bishop	-ric	N	N
bistable	stable	bi-	ADJ	ADJ
bitchiness	bitchy	-ness	ADJ	N
bitchy	bitch	-y	N	ADJ
biter	bite	-er	V	N
biter	bit	-er	N	N
biting	bite	-ing	N	V
bitten	bit	-en	N	V
bitterly	bitter	-ly	N	ADV
bitterness	bitter	-ness	N	N
bitty	bit	-y	N	ADJ
bituminous	bitumen	-ous	N	N
bivalve	valve	bi-	N	N
bizarrely	bizarre	-ly	ADJ	ADV
blacken	black	-en	ADJ	V
blackened	blacken	-ed	V	ADJ
blacker	black	-er	V	N
blackhead	black	-head	ADJ	N
blackish	black	-ish	ADJ	ADJ
blackly	black	-ly	ADJ	ADV
blackmailer	blackmail	-er	N	N
blackness	black	-ness	ADJ	N
blameless	blame	-less	N	ADJ
blameworthy	blame	-worthy	N	ADJ
blandly	bland	-ly	ADJ	ADV
blandness	bland	-ness	ADJ	N
blankly	blank	-ly	N	ADV
blankness	blank	-ness	N	N
blasphemous	blasphemy	-ous	N	ADJ
blasphemous	blaspheme	-ous	N	ADJ
blasphemy	blaspheme	-y	N	N
blasted	blast	-ed	N	ADJ
blaster	blast	-er	N	N
blasting	blast	-ing	N	N
blatantly	blatant	-ly	ADJ	ADV
blazer	blaze	-er	ADV	N
blazing	blaze	-ing	N	ADJ
bleacher	bleach	-er	ADJ	N
bleakly	bleak	-ly	ADJ	ADV
bleakness	bleak	-ness	ADJ	N
blearily	bleary	-ly	ADJ	ADV
bleary	blear	-y	V	ADJ
bleeder	bleed	-er	N	N
bleeding	bleed	-ing	V	V
bleeper	bleep	-er	V	N
blender	blend	-er	N	N
blessed	bless	-ed	V	ADJ
blessedly	blessed	-ly	ADJ	ADV
blessing	bless	-ing	V	N
blighted	blight	-ed	N	V
blighter	blight	-er	N	N
blighty	blight	-y	N	N
blindfolded	blindfold	-ed	N	V
blinding	blind	-ing	V	V
blindingly	blinding	-ly	V	ADV
blindly	blind	-ly	N	ADV
blindness	blind	-ness	N	N
blinker	blink	-er	V	N
blissful	bliss	-ful	N	ADJ
blissfully	blissful	-ly	ADJ	ADV
blistering	blister	-ing	N	V
blisteringly	blistering	-ly	ADJ	ADV
blithely	blithe	-ly	ADJ	ADV
blitzed	blitz	-ed	N	ADJ
blobby	blob	-y	U	ADJ
blockade	block	-ade	N	N
blockade	block	-ade	N	V
blockage	block	-age	N	N
blocker	block	-er	N	N
blocky	block	-y	N	ADJ
blooded	blood	-ed	N	ADJ
bloodied	bloody	-ed	ADJ	ADJ
bloodily	bloody	-ly	ADJ	ADV
bloodless	blood	-less	ADJ	ADJ
bloodletting	bloodlet	-ing	V	N
bloodline	blood	-ine	N	N
bloodstained	bloodstain	-ed	N	ADJ
bloomer	bloom	-er	V	N
bloomer	bloom	-er	N	N
blooming	bloom	-ing	V	ADJ
blossoming	blossom	-ing	N	V
blotched	blotch	-ed	V	ADJ
blotchy	blotch	-y	N	ADJ
blotter	blot	-er	N	N
blower	blow	-er	N	N
blowing	blow	-ing	N	V
blowing	blow	-ing	N	N
blown	blow	-n	V	ADJ
blueness	blue	-ness	ADJ	N
bluesy	blues	-y	N	ADJ
bluey	blue	-y	ADJ	N
bluey	blue	-y	ADJ	ADJ
bluish	blue	-ish	ADJ	ADJ
blunder	blend	-er	N	N
bluntly	blunt	-ly	N	ADV
bluntness	blunt	-ness	N	N
blurred	blur	-ed	N	ADJ
blurry	blur	-y	N	ADJ
blusher	blush	-er	N	N
blushing	blush	-ing	N	N
blustering	bluster	-ing	N	N
blustery	bluster	-y	N	ADJ
boarder	board	-er	N	N
boarding	board	-ing	N	N
boastful	boast	-ful	N	ADJ
boater	boat	-er	N	N
boating	boat	-ing	N	N
boatman	boat	-man	N	N
bobble	bob	-le	N	N
bobby	bob	-y	N	N
bodied	body	-ed	N	ADJ
bodily	body	-ly	N	ADJ
bodily	body	-ly	N	ADV
bodleian	bodley	-an	N	ADJ
bodybuilder	bodybuilding	-er	N	N
bodywork	body	-work	N	N
bogey	bogart	-y	N	N
bogeyman	bogey	-man	N	N
boggy	bog	-y	N	ADJ
bohemian	bohemia	-ian	N	N
bohemian	bohemia	-an	N	ADJ
bohemianism	bohemian	-ism	N	N
boiler	boil	-er	N	N
boiling	boil	-ing	N	V
boldly	bold	-ly	ADJ	ADV
boldness	bold	-ness	ADJ	N
bolivian	bolivia	-an	N	N
bolivian	bolivia	-an	N	ADJ
bollard	bole	-ard	N	N
bollock	ball	-ock	N	N
bolognese	bologna	-ese	N	ADJ
bombardment	bombard	-ment	N	N
bombastic	bombast	-ic	N	ADJ
bomber	bomb	-er	N	N
bondage	bond	-age	N	N
bonding	bond	-ing	N	V
bondsman	bond	-man	N	N
boneless	bone	-less	U	ADJ
bonker	bonk	-er	V	N
bony	bone	-y	N	ADJ
booing	boo	-ing	N	N
bookable	book	-able	N	ADJ
bookbinding	bookbinder	-ing	N	N
booker	book	-er	N	N
bookie	book	-ie	N	N
booking	book	-ing	N	N
bookish	book	-ish	N	ADJ
bookkeeper	bookkeeping	-er	N	N
bookkeeping	bookkeeper	-ing	N	N
booklet	book	-let	N	N
bookman	book	-man	N	N
booky	book	-y	N	ADJ
boolean	boole	-ean	N	ADJ
boolean	boole	-an	N	ADJ
boomer	boom	-er	V	N
boorish	boor	-ish	N	ADJ
booster	boost	-er	N	N
bootee	boot	-ee	N	N
bootlegger	bootleg	-er	V	N
boozer	booze	-er	N	N
boozy	booze	-y	N	ADJ
bopper	bop	-er	N	N
borderer	border	-er	N	N
borderland	border	-land	N	N
bored	bore	-ed	N	V
boredom	bore	-dom	N	N
boringly	boring	-ly	ADJ	ADV
borrower	borrow	-er	V	N
bosnian	bosnia	-an	N	ADJ
bossiness	bossy	-ness	ADJ	N
bossy	boss	-y	N	ADJ
botanic	botany	-ic	N	ADJ
botanical	botany	-ical	N	ADJ
botanically	botanical	-ly	ADJ	ADV
botanist	botany	-ist	N	N
bothersome	bother	-some	N	ADJ
bothy	booth	-y	N	N
bottled	bottle	-ed	N	V
bottling	bottle	-ing	N	N
bottomless	bottom	-less	N	ADJ
bouncer	bounce	-er	V	N
bouncing	bounce	-ing	V	ADJ
bouncy	bounce	-y	V	ADJ
bounden	bound	-en	V	ADJ
bounder	bound	-er	V	N
boundless	bound	-less	N	ADJ
bountiful	bounty	-ful	N	ADJ
bower	bow	-er	V	N
bowler	bowl	-er	N	N
bowling	bowl	-ing	N	N
bowman	bow	-man	N	N
bowyer	bow	-yer	N	N
boxed	box	-ed	V	V
boxer	box	-er	N	N
boxful	box	-ful	N	N
boxing	box	-ing	N	V
boxing	box	-ing	N	N
boxy	box	-y	N	ADJ
boyhood	boy	-hood	N	N
boyish	boy	-ish	N	ADJ
boyishly	boyish	-ly	ADJ	ADV
boyz	boy	-z	N	N
bracing	brace	-ing	N	ADJ
brainless	brain	-less	N	ADJ
brainstorming	brainstorm	-ing	N	N
brainwave	brain	-wave	N	N
brainy	brain	-y	N	ADJ
branched	branch	-ed	N	ADJ
branding	brand	-ing	N	N
brandish	brand	-ish	N	V
brashly	brash	-ly	ADJ	ADV
brashness	brash	-ness	ADJ	N
brasilia	brasil	-ia	N	N
brassy	brass	-y	N	ADJ
bravely	brave	-ly	ADJ	ADV
bravery	brave	-ry	ADJ	N
brawling	brawl	-ing	V	V
brawny	brawn	-y	N	ADJ
braying	bray	-ing	V	V
brazen	brass	-en	N	ADJ
brazenly	brazen	-ly	ADJ	ADV
brazilian	brazil	-ian	N	N
breadline	bread	-ine	N	N
breadth	broad	-th	ADJ	N
breakable	break	-able	N	ADJ
breakage	break	-age	N	N
breaker	break	-er	N	N
breakwater	break	-water	N	N
breasted	breast	-ed	N	ADJ
breastfeeding	breastfeed	-ing	V	N
breathable	breathe	-able	V	ADJ
breathable	breath	-able	N	ADJ
breather	breathe	-er	V	N
breather	breath	-er	N	N
breathing	breathe	-ing	V	N
breathing	breath	-ing	N	V
breathless	breath	-less	N	ADJ
breathlessly	breathless	-ly	ADJ	ADV
breathlessness	breathless	-ness	ADJ	N
breathtakingly	breathtaking	-ly	ADJ	ADV
breathy	breath	-y	N	ADJ
breeder	breed	-er	N	N
breezily	breezy	-ly	ADJ	ADV
breezy	breeze	-y	N	ADJ
brewer	brew	-er	N	N
brewery	brew	-ery	N	N
brewing	brew	-ing	N	V
brewing	brew	-ing	N	N
brewster	brew	-ster	V	N
bribery	bribe	-ery	N	N
bribery	bribe	-ry	N	N
brickie	brick	-ie	N	N
brickwork	brick	-work	N	N
bridal	bride	-al	N	N
bridgehead	bridge	-head	N	N
bridie	bride	-ie	N	N
bridle	braid	-le	V	N
briefing	brief	-ing	N	N
brigadier	brigade	-ier	N	N
brighten	bright	-en	ADJ	V
brightly	bright	-ly	ADJ	ADV
brightness	bright	-ness	ADJ	N
brilliance	brilliant	-ance	ADJ	N
brilliance	brilliant	-ce	ADJ	N
brilliantly	brilliant	-ly	ADJ	ADV
brimful	brim	-ful	N	N
brimful	brim	-ful	N	ADJ
brimmer	brim	-er	N	N
bringer	bring	-er	V	N
brinkmanship	brink	-manship	N	N
briskly	brisk	-ly	ADJ	ADV
briskness	brisk	-ness	ADJ	N
bristling	bristle	-ing	V	ADJ
bristly	bristle	-y	N	ADJ
britisher	british	-er	ADJ	N
britishness	british	-ness	N	N
brittle	brit	-le	U	ADJ
brittleness	brittle	-ness	ADJ	N
broadcaster	broadcast	-er	N	N
broaden	broad	-en	ADJ	V
broiler	broil	-er	V	N
brokenly	broken	-ly	ADJ	ADV
brokerage	broker	-age	N	N
bromide	bromine	-ide	N	N
bronchial	bronchus	-ial	N	ADJ
bronchitis	bronchus	-itis	N	N
broodingly	brooding	-ly	ADJ	ADV
broody	brood	-y	N	N
brotherhood	brother	-hood	N	N
brotherly	brother	-ly	N	ADJ
brownie	brown	-ie	ADJ	N
brownie	brown	-ie	N	N
brownish	brown	-ish	N	ADJ
browny	brown	-y	N	ADJ
browny	brown	-y	N	N
browser	browse	-er	V	N
bruised	bruise	-ed	N	ADJ
bruiser	bruise	-er	V	N
bruising	bruise	-ing	V	V
brummie	brum	-ie	N	N
brunette	brunet	-ette	N	N
brushed	brush	-ed	V	ADJ
brusquely	brusque	-ly	ADJ	ADV
brutal	brute	-al	N	ADJ
brutalise	brutal	-ise	ADJ	V
brutality	brutal	-ity	N	N
brutalize	brutal	-ize	N	V
brutally	brutal	-ly	N	ADV
brutish	brute	-ish	N	ADJ
bruton	brue	-ton	N	N
bubbly	bubble	-y	N	ADJ
bubonic	bubo	-ic	N	ADJ
buccal	bucca	-al	N	ADJ
buccaneering	buccaneer	-ing	N	ADJ
bucketful	bucket	-ful	N	N
buckinghamshire	buckingham	-shire	N	N
buckle	buck	-le	N	V
buckler	buckle	-er	N	N
buddhism	buddha	-ism	N	N
buddhist	buddha	-ist	N	ADJ
buddhist	buddhism	-ist	N	ADJ
budgetary	budget	-ary	N	ADJ
budgie	budgerigar	-ie	N	N
buffy	buff	-y	N	ADJ
bugger	bug	-er	N	N
buggery	bugger	-y	N	N
buggy	bug	-y	N	N
bugler	bugle	-er	N	N
bulbous	bulb	-ous	N	ADJ
bulgaria	bulgar	-ia	N	N
bulgarian	bulgaria	-an	N	ADJ
bulgarian	bulgar	-ian	N	ADJ
bulger	bulge	-er	N	N
bulimic	bulimia	-ic	N	N
bulkhead	bulk	-head	N	N
bulky	bulk	-y	N	ADJ
bulldozer	bulldoze	-er	V	N
buller	bull	-er	N	N
bulletin	bullet	-in	N	N
bullish	bull	-ish	N	ADJ
bullock	bull	-ock	N	N
bully	bull	-y	N	N
bullying	bully	-ing	N	N
bullying	bully	-ing	N	V
bumble	bum	-le	N	V
bummer	bum	-er	N	N
bumper	bump	-er	N	N
bumpkin	boom	-kin	V	N
bumptious	bump	-ious	N	ADJ
bumpy	bump	-y	N	ADJ
bungling	bungle	-ing	V	ADJ
bunny	bun	-y	N	N
bunny	bun	-y	N	ADJ
bunter	bunt	-er	N	N
buoyancy	buoyant	-cy	ADJ	N
buoyant	buoy	-ant	N	ADJ
burdensome	burden	-some	N	ADJ
bureaucrat	bureau	-crat	N	N
bureaucratic	bureaucracy	-tic	N	ADJ
bureaucratic	bureaucrat	-ic	N	ADJ
bureaucratically	bureaucratic	-ally	ADJ	ADV
bureaucratization	bureaucrat	-ization	N	N
burgeoning	burgeon	-ing	V	V
burgher	burgh	-er	N	N
burglary	burglar	-y	N	N
burglary	burglar	-ry	N	N
burgundian	burgundy	-ian	N	N
buried	bury	-ed	V	ADJ
burlington	burling	-ton	N	N
burman	burma	-n	N	ADJ
burman	burma	-an	N	ADJ
burmese	burma	-ese	N	ADJ
burner	burn	-er	N	N
burnish	burn	-ish	N	V
burnt	burn	-t	N	V
bursary	bursar	-y	N	N
bushman	bush	-man	N	N
bushy	bush	-y	N	ADJ
busily	busy	-ly	ADJ	ADV
businesslike	business	-like	N	ADJ
businesswoman	business	-woman	N	N
busker	busk	-er	V	N
busman	bus	-man	N	N
busted	bust	-ed	U	ADJ
buster	bust	-er	N	N
bustling	bustle	-ing	N	ADJ
busty	bust	-y	N	ADJ
busyness	busy	-ness	ADJ	N
butane	but-	-ane	U	N
butcher	butch	-er	ADJ	ADJ
butchery	butch	-ery	ADJ	N
butchery	butcher	-y	N	N
butler	bottle	-er	N	N
buttery	butter	-y	N	ADJ
buttock	butt	-ock	N	N
butty	butt	-y	N	ADJ
butyl	butane	-yl	N	N
butyrate	butyric	-ate	ADJ	N
buying	buy	-ing	V	V
buying	buy	-ing	V	N
buzzer	buzz	-er	V	N
buzzing	buzz	-ing	V	N
bylaw	law	by-	N	N
bypass	pass	by-	N	N
byproduct	product	by-	N	N
bystander	stander	by-	N	N
byway	way	by-	N	N
byword	word	by-	N	N
cabbie	cab	-ie	N	N
cabby	cab	-y	N	N
cabling	cable	-ing	N	N
cacophonous	cacophony	-ous	N	ADJ
cadaverous	cadaver	-ous	N	ADJ
caddy	cadillac	-y	N	N
caesarean	caesarea	-an	N	ADJ
caesarean	caesar	-ean	N	ADJ
caesarean	caesar	-ean	N	N
caesarian	caesar	-ian	N	ADJ
cagey	cage	-y	N	ADJ
calamitous	calamity	-ous	N	ADJ
calculable	calculate	-able	V	ADJ
calculating	calculate	-ing	V	V
calculative	calculate	-ive	V	ADJ
calculator	calculate	-or	V	N
caledonian	caledonia	-an	N	ADJ
calibrate	calibre	-ate	N	V
calibration	calibrate	-ion	V	N
californian	california	-an	N	ADJ
californian	california	-an	N	N
calligrapher	calligraphy	-er	N	N
calligraphic	calligraphy	-ic	N	ADJ
calling	call	-ing	N	V
callously	callous	-ly	ADJ	ADV
callousness	callous	-ness	ADJ	N
calming	calm	-ing	ADJ	V
calmly	calm	-ly	V	ADV
calmness	calm	-ness	V	N
calorimetry	calorimeter	-y	N	N
calver	calve	-er	V	N
calving	calve	-ing	V	N
calvinism	calvin	-ism	N	N
calvinist	calvin	-ist	N	N
calvinist	calvinism	-ist	N	N
calvinistic	calvin	-istic	N	ADJ
calvinistic	calvinism	-istic	N	ADJ
cambodian	cambodia	-an	N	ADJ
cambrian	cambria	-an	N	ADJ
cambridgeshire	cambridge	-shire	N	N
cameraman	camera	-man	N	N
campaigner	campaign	-er	N	N
campaigning	campaign	-ing	N	N
camper	camp	-er	N	N
camping	camper	-ing	N	N
campo	campus	-o	N	N
campsite	camp	-ite	N	N
canalize	canal	-ize	N	V
canalside	canal	-side	N	N
cancellation	cancel	-ation	N	N
cancerous	cancer	-ous	N	ADJ
candidacy	candidate	-cy	N	N
candidature	candidate	-ure	N	N
candidly	candid	-ly	ADJ	ADV
candied	candy	-ed	N	ADJ
cannibalise	cannibal	-ise	N	V
cannibalism	cannibal	-ism	N	N
cannibalistic	cannibal	-istic	N	ADJ
cannibalize	cannibal	-ize	N	V
cannily	canny	-ly	ADJ	ADV
canny	can	-y	V	ADJ
canoeing	canoe	-ing	N	N
canoeist	canoe	-ist	N	N
canonical	canon	-ical	N	ADJ
canonisation	canon	-isation	N	N
canonise	canon	-ise	N	V
canonization	canonize	-ation	V	N
canonize	canon	-ize	N	V
canopied	canopy	-ed	N	ADJ
canter	cant	-er	N	N
cantonal	canton	-al	N	ADJ
cantonese	canton	-ese	N	ADJ
canvasser	canvass	-er	V	N
canvassing	canvass	-ing	V	N
capably	capable	-ly	ADJ	ADV
capacious	capacity	-ous	N	ADJ
capacitor	capacity	-or	N	N
capacitor	capacitance	-or	N	N
caped	cape	-ed	N	ADJ
capitalisation	capitalise	-ation	V	N
capitalise	capital	-ise	N	V
capitalistic	capital	-istic	N	ADJ
capitalistic	capitalist	-ic	N	ADJ
capitalization	capitalize	-ation	V	N
capitalization	capitalise	-ation	V	N
capitalize	capital	-ize	N	V
capitulation	capitulate	-tion	V	N
capitulation	capitulate	-ion	V	N
capper	cap	-er	N	N
capping	cap	-ing	N	V
capriciously	capricious	-ly	ADJ	ADV
captaincy	captain	-cy	N	N
captivate	captive	-ate	N	V
captivating	captivate	-ing	V	ADJ
captivity	captive	-ity	N	N
carbonaceous	carbon	-aceous	N	ADJ
carbonate	carbon	-ate	N	N
carbonic	carbon	-ic	N	ADJ
carboniferous	carbon	-ferous	N	ADJ
carboniferous	carbon	-iferous	N	ADJ
carbonyl	carbon	-yl	N	N
carcinogenic	carcinogen	-ic	N	ADJ
cardiganshire	cardigan	-shire	N	N
cardiologist	-logist	cardio-	N	N
cardiologist	cardiology	-ist	N	N
cardiovascular	vascular	cardio-	ADJ	ADJ
cardy	cardigan	-y	N	N
careerist	career	-ist	N	N
carefree	care	-free	N	ADJ
carefulness	careful	-ness	ADJ	N
careless	care	-less	N	ADJ
carelessly	careless	-ly	ADJ	ADV
carelessness	careless	-ness	ADJ	N
caressingly	caressing	-ly	V	ADV
caring	care	-ing	N	ADJ
carling	care	-ling	N	U
carmarthenshire	carmarthen	-shire	N	N
carmelite	carmel	-ite	N	N
carnality	carnal	-ity	ADJ	N
carnivorous	carnivore	-ous	ADJ	ADJ
caron	caret	-on	N	N
carotene	carrot	-ene	N	N
carpentry	carpenter	-ry	N	N
carpentry	carpenter	-y	N	N
carpeting	carpet	-ing	N	N
carter	cart	-er	N	N
carting	cart	-ing	N	V
cartographer	cartography	-er	N	N
cartographic	cartography	-ic	N	ADJ
cartoonist	cartoon	-ist	N	N
carver	carve	-er	N	N
carvery	carve	-ry	V	N
carvery	carve	-ery	V	N
carving	carve	-ing	N	N
cascading	cascade	-ing	N	ADJ
cashier	cash	-ier	N	N
casing	case	-ing	N	N
casket	cask	-et	N	N
cassie	cass	-ie	N	N
caster	cast	-er	N	N
castilian	castile	-ian	N	N
casting	cast	-ing	V	V
casting	cast	-ing	V	N
castor	cast	-or	V	N
castrated	castrate	-ed	N	ADJ
castration	castrate	-ion	V	N
casually	casual	-ly	ADJ	ADV
casualness	casual	-ness	ADJ	N
casuistry	casuist	-ry	N	N
cataclysmic	cataclysm	-ic	N	ADJ
cataloguer	catalogue	-er	N	N
cataloguing	catalogue	-ing	V	V
catalyst	catalyse	-t	V	N
catalytic	catalysis	-ic	N	ADJ
catastrophic	catastrophe	-ic	N	ADJ
catastrophically	catastrophic	-ally	ADJ	ADV
catatonic	catatonia	-ic	N	ADJ
catcher	catch	-er	N	N
catching	catch	-ing	N	N
catchment	catch	-ment	V	N
catchy	catch	-y	N	ADJ
catechetical	catechetic	-al	ADJ	ADJ
catechist	catechize	-ist	V	N
catechist	catechesis	-ist	N	N
categorical	category	-ical	N	ADJ
categorically	categorical	-ly	ADJ	ADV
categorisation	category	-isation	N	N
categorisation	categorise	-ation	V	N
categorise	category	-ise	N	V
categorization	categorize	-ation	V	N
categorize	category	-ize	N	V
caterer	cater	-er	V	N
caterham	cater	-ham	N	N
catering	cater	-ing	V	N
catholicism	catholic	-ism	ADJ	N
catholicity	catholic	-ity	ADJ	N
cationic	cation	-ic	N	ADJ
catkin	cat	-kin	N	N
cattleman	cattle	-man	N	N
catty	cat	-y	N	ADJ
caucasian	caucasus	-ian	N	ADJ
causal	cause	-al	N	ADJ
causality	causal	-ity	ADJ	N
causally	causal	-ly	ADJ	ADV
causation	cause	-ation	N	N
causative	causation	-ive	N	ADJ
caustically	caustic	-ally	ADJ	ADV
cautionary	caution	-ary	N	ADJ
cautious	caution	-ous	N	ADJ
cautiously	cautious	-ly	ADJ	ADV
cautiousness	cautious	-ness	ADJ	N
cavalierly	cavalier	-ly	N	ADV
cavalryman	cavalry	-man	N	N
caveman	cave	-man	N	N
cavernous	cavern	-ous	N	ADJ
ceaseless	cease	-less	V	ADJ
ceaselessly	ceaseless	-ly	ADJ	ADV
cecilia	cecil	-ia	N	N
celebrant	celebrate	-ant	V	N
celebrated	celebrate	-ed	V	ADJ
celebratory	celebrate	-ory	V	ADJ
celibacy	celibate	-cy	ADJ	N
cellist	cello	-ist	N	N
cellmate	cell	-mate	N	N
celluloid	cellulose	-oid	N	N
celtic	celt	-ic	N	N
cementation	cement	-ation	N	N
censorious	censor	-ious	N	ADJ
censorship	censor	-ship	N	N
censorship	censure	-ship	N	N
cent	c	-ent	V	N
centenarian	centenary	-an	N	ADJ
centigrade	grade	centi-	N	ADJ
centimetre	metre	centi-	V	N
centralisation	centralise	-ation	V	N
centralise	central	-ise	ADJ	V
centralism	central	-ism	ADJ	N
centralist	centralism	-ist	N	N
centralist	centralism	-ist	N	ADJ
centrality	central	-ity	ADJ	N
centralization	centralize	-ation	V	N
centralize	central	-ize	ADJ	V
centrally	central	-ly	ADJ	ADV
centrifugal	centrifuge	-al	N	ADJ
centrifugation	centrifuge	-ation	N	N
centrist	centre	-ist	N	ADJ
cerebral	cerebrum	-al	N	ADJ
cerebrospinal	spinal	cerebro-	ADJ	ADJ
cerebrovascular	vascular	cerebro-	ADJ	ADJ
ceremonial	ceremony	-al	N	N
ceremonially	ceremonial	-ly	ADJ	ADV
ceremonious	ceremony	-ous	N	ADJ
ceremoniously	ceremonious	-ly	ADJ	ADV
certifiable	certify	-able	V	ADJ
certification	certificate	-ion	N	N
chad	had	ch-	V	N
chairmanship	chairman	-ship	N	N
chairperson	chair	-person	N	N
chairwoman	chair	-woman	N	N
chalker	chalk	-er	N	N
chalky	chalk	-y	N	ADJ
challenger	challenge	-er	N	N
challenging	challenge	-ing	N	V
challenging	challenge	-ing	N	ADJ
challengingly	challenging	-ly	ADJ	ADV
chambered	chamber	-ed	N	ADJ
chancellorship	chancellor	-ship	N	N
chancer	chance	-er	N	N
chancy	chance	-y	N	ADJ
changeability	change	-ability	N	N
changeable	change	-able	N	ADJ
changeless	change	-less	N	ADJ
changeling	change	-ling	V	N
changer	change	-er	N	N
chanter	chant	-er	N	N
chanting	chant	-ing	V	V
chaotic	chaos	-otic	N	ADJ
chaotically	chaotic	-ally	ADJ	ADV
chaperone	chaperon	-one	N	N
chaplaincy	chaplain	-cy	N	N
chapped	chap	-ed	V	ADJ
chappie	chap	-ie	N	N
chappy	chap	-y	N	N
characterful	character	-ful	N	ADJ
characterisation	character	-isation	N	N
characterise	character	-ise	N	V
characteristically	characteristic	-ally	ADJ	ADV
characteristically	characteristical	-ly	ADJ	ADV
characterization	characterize	-ation	V	N
characterless	character	-less	N	ADJ
charades	charade	-s	N	N
chargeable	charge	-able	N	ADJ
chargee	charge	-ee	N	N
charger	charge	-er	N	N
charioteer	chariot	-eer	N	N
charioteer	chariot	-er	N	N
charismatic	charisma	-ic	N	ADJ
charitably	charitable	-ly	ADJ	ADV
charleston	charles	-ton	N	N
charmer	charm	-er	N	N
charming	charm	-ing	N	ADJ
charmingly	charming	-ly	ADJ	ADV
charmless	charm	-less	N	ADJ
charred	char	-ed	V	ADJ
chartered	charter	-ed	N	ADJ
charterer	charter	-er	N	N
chartism	chart	-ism	N	N
chartist	chart	-ist	N	N
chary	care	-y	N	ADJ
chaser	chase	-er	N	N
chasing	chase	-ing	N	V
chastisement	chastise	-ment	V	N
chastity	chaste	-ity	ADJ	N
chatter	chat	-er	N	N
chatterer	chatter	-er	N	N
chattering	chatter	-ing	V	V
chattily	chatty	-ly	ADJ	ADV
chatty	chat	-y	N	ADJ
chauvinist	chauvinism	-ist	N	ADJ
chauvinistic	chauvinist	-ic	N	ADJ
cheapen	cheap	-en	ADJ	V
cheaply	cheap	-ly	ADJ	ADV
cheapness	cheap	-ness	ADJ	N
cheapo	cheap	-o	N	ADJ
cheater	cheat	-er	N	N
cheater	escheat	-er	N	N
cheating	cheat	-ing	N	V
checker	check	-er	N	N
checkmate	check	-mate	N	N
cheekily	cheeky	-ly	ADJ	ADV
cheeky	cheek	-y	N	ADJ
cheerful	cheer	-ful	N	ADJ
cheerfully	cheerful	-ly	ADJ	ADV
cheerfulness	cheerful	-ness	ADJ	N
cheerily	cheery	-ly	ADJ	ADV
cheering	cheer	-ing	N	V
cheerless	cheer	-less	N	ADJ
cheers	cheer	-s	N	V
cheery	cheer	-y	N	ADJ
cheeseburger	cheese	-burger	N	N
cheesy	cheese	-y	N	ADJ
chemically	chemical	-ly	N	ADV
chemically	chemical	-y	N	ADJ
chemiluminescence	luminescence	chemi-	N	N
chemotherapy	therapy	chemo-	N	N
chequered	chequer	-ed	V	ADJ
cherished	cherish	-ed	V	ADJ
cherubic	cherub	-ic	N	ADJ
chesty	chest	-y	N	ADJ
chewing	chew	-ing	V	V
chewing	chew	-ing	V	N
chewy	chew	-y	V	ADJ
chicanery	chicane	-ry	N	N
chiefly	chief	-ly	N	ADV
chiefly	chief	-ly	N	ADJ
childish	child	-ish	N	ADJ
childishly	childish	-ly	N	ADV
childishness	childish	-ness	N	N
childless	child	-less	N	ADJ
childlessness	childless	-ness	ADJ	N
childlike	child	-like	N	ADJ
childminder	childmind	-er	V	N
children	child	-ren	N	N
chilean	chile	-an	N	ADJ
chill	will	ch-	V	V
chiller	chill	-er	N	N
chillingly	chilling	-ly	ADJ	ADV
chilly	chill	-y	ADJ	ADJ
chilly	chill	-y	ADJ	N
chinaman	china	-man	N	N
chintzy	chintz	-y	N	ADJ
chipped	chip	-ed	N	ADJ
chippie	chip	-ie	N	N
chipping	chip	-ing	V	V
chipping	chip	-ing	V	N
chippy	chip	-y	N	N
chiropodist	chiropody	-ist	N	N
chirpy	chirp	-y	N	ADJ
chiswick	cheese	-wick	N	N
chitty	chit	-y	N	ADJ
chivalric	chivalry	-ic	N	ADJ
chivalrous	chivalry	-ous	N	ADJ
chloride	chlorine	-ide	N	N
chlorinate	chlorine	-ate	N	V
chlorinated	chlorinate	-ed	V	V
choker	choke	-er	V	N
cholecystectomy	cholecyst	-ectomy	N	N
chomskyan	chomsky	-an	N	ADJ
chooser	choose	-er	V	N
choosy	choose	-y	V	ADJ
chopper	chop	-er	N	N
choppy	chop	-y	U	ADJ
choreographer	choreograph	-er	V	N
choreographic	choreography	-ic	N	ADJ
choreography	choreograph	-y	V	N
chorionic	chorion	-ic	N	ADJ
chorister	choir	-ster	N	N
chosen	chose	-n	V	V
chrissy	chris	-y	N	N
christen	christ	-en	N	V
christendom	christen	-dom	ADJ	N
christening	christen	-ing	N	N
christmassy	christmas	-y	N	ADJ
christology	christ	-ology	N	N
chromatic	chroma	-atic	N	ADJ
chromatic	chromatin	-ic	N	ADJ
chromatography	chromatograph	-y	N	N
chromosomal	chromosome	-al	N	ADJ
chronically	chronic	-ally	ADJ	ADV
chronicler	chronicle	-er	N	N
chronological	chronology	-ical	N	ADJ
chronologically	chronological	-ly	ADJ	ADV
chubby	chub	-y	N	ADJ
chuckle	chuck	-le	N	N
chuffed	chuff	-ed	ADJ	V
chummy	chum	-y	N	ADJ
chunky	chunk	-y	N	ADJ
churchillian	churchill	-ian	N	ADJ
churchman	church	-man	N	N
churlish	churl	-ish	N	ADJ
cinderella	cinder	-ella	N	N
cinematic	cinema	-ic	N	ADJ
cinematographer	cinematography	-er	N	N
cinematography	cinematograph	-y	N	N
circlet	circle	-et	N	N
circuitous	circuit	-ous	N	ADJ
circuitry	circuit	-ry	N	N
circularity	circular	-ity	ADJ	N
circulatory	circulate	-ory	V	ADJ
circumcision	circumcise	-ion	V	N
circumlocution	locution	circum-	N	N
circumnavigate	navigate	circum-	V	V
circumnavigation	navigation	circum-	N	N
circumnavigation	circumnavigate	-tion	V	N
circumnavigation	circumnavigate	-ion	V	N
circumscribe	scribe	circum-	N	V
circumspection	circumspect	-ion	ADJ	N
circumspectly	circumspect	-ly	ADJ	ADV
circumstantial	circumstance	-ial	N	ADJ
citation	cite	-ation	V	N
citizenry	citizen	-ry	N	N
citizenship	citizen	-ship	N	N
citrate	citric	-ate	ADJ	N
citric	citron	-ic	N	ADJ
cityscape	city	-scape	N	N
civilisation	civilise	-ation	V	N
civilise	civil	-ise	ADJ	V
civilised	civilise	-ed	V	ADJ
civilising	civilise	-ing	V	V
civility	civil	-ity	ADJ	N
civilize	civil	-ize	ADJ	V
civilized	civilize	-ed	V	ADJ
civilizing	civilize	-ing	V	V
civilly	civil	-ly	ADJ	ADV
cladding	clad	-ing	V	N
claimant	claim	-ant	N	N
clairvoyance	clairvoyant	-ance	N	N
clamorous	clamor	-ous	N	ADJ
clandestinely	clandestine	-ly	ADJ	ADV
clanger	clang	-er	V	N
clanging	clang	-ing	V	V
clapper	clap	-er	V	N
clapping	clap	-ing	N	V
clarification	clarify	-ification	V	N
clarify	clarity	-fy	N	V
clarify	clarity	-ify	N	V
clarinettist	clarinet	-ist	N	N
clasper	clasp	-er	N	N
classically	classical	-ly	ADJ	ADV
classicism	classic	-ism	ADJ	N
classicist	classic	-ist	ADJ	N
classified	classify	-ed	V	V
classified	classify	-ed	V	ADJ
classifier	classify	-er	V	N
classless	class	-less	ADJ	ADJ
classlessness	classless	-ness	ADJ	N
classy	class	-y	ADJ	ADJ
clattering	clatter	-ing	N	V
claudia	claude	-ia	N	N
claustrophobic	claustrophobia	-ic	N	ADJ
claustrophobic	claustrophobia	-ic	N	N
clayton	clay	-ton	N	N
cleaner	clean	-er	ADJ	N
cleaning	clean	-ing	ADJ	V
cleanliness	cleanly	-ness	ADJ	N
cleanly	clean	-ly	ADJ	ADJ
cleanness	clean	-ness	ADJ	N
cleanser	cleanse	-er	V	N
cleansing	cleanse	-ing	V	N
clearance	clear	-ance	ADJ	N
clearing	clear	-ing	ADJ	V
clearness	clear	-ness	ADJ	N
cleary	clear	-y	ADJ	N
cleavage	cleave	-age	V	N
cleaver	cleave	-er	V	N
clemency	clement	-cy	ADJ	N
clergyman	clergy	-man	N	N
clerical	cleric	-al	N	ADJ
clerkly	clerk	-ly	N	ADJ
clerkship	clerk	-ship	N	N
cleverly	clever	-ly	ADJ	ADV
cleverness	clever	-ness	ADJ	N
clicking	click	-ing	N	N
climactic	climax	-ic	N	ADJ
climatic	climate	-ic	N	ADJ
climatological	climatology	-ical	N	ADJ
climatology	climate	-ology	N	N
climber	climb	-er	N	N
climbing	climb	-ing	N	N
clincher	clinch	-er	N	N
clingy	cling	-y	V	ADJ
clinically	clinical	-ly	ADJ	ADV
clinician	clinic	-ian	N	N
clinker	clink	-er	V	N
clipper	clip	-er	N	N
clipping	clip	-ing	N	N
clockwise	clock	-wise	N	ADV
clockwise	clock	-wise	N	ADJ
clockwork	clock	-work	N	N
cloistered	cloister	-ed	V	ADJ
cloning	clone	-ing	N	N
closeness	close	-ness	ADJ	N
closeted	closet	-ed	N	ADJ
closing	close	-ing	ADJ	N
clothed	clothe	-ed	V	V
clothed	cloth	-ed	N	ADJ
clothier	cloth	-er	N	N
clothier	cloth	-ier	N	N
clotted	clot	-ed	N	ADJ
cloudiness	cloudy	-ness	ADJ	N
cloudless	cloud	-less	N	ADJ
cloudy	cloud	-y	N	ADJ
clowning	clown	-ing	N	V
clownish	clown	-ish	N	ADJ
cloying	cloy	-ing	V	V
clubbable	club	-able	N	ADJ
clueless	clue	-less	N	ADJ
clumpy	clump	-y	N	ADJ
clumsily	clumsy	-ly	ADJ	ADV
clumsiness	clumsy	-ness	ADJ	N
clumsy	clumse	-y	N	ADJ
clustering	cluster	-ing	N	V
clutter	clot	-er	N	N
cluttered	clutter	-ed	N	ADJ
coachman	coach	-man	N	N
coachwork	coach	-work	N	N
coagulation	coagulate	-ion	V	N
coalescence	coalesce	-ence	V	N
coalite	coal	-ite	N	N
coalman	coal	-man	N	N
coarsely	coarse	-ly	ADJ	ADV
coarsen	coarse	-en	ADJ	V
coarseness	coarse	-ness	ADJ	N
coaster	coast	-er	N	N
coastland	coast	-land	N	N
coastline	coast	-ine	N	N
coating	coat	-ing	N	N
coaxial	axial	co-	ADJ	ADJ
coaxial	coax	-ial	V	ADJ
coaxingly	coaxing	-ly	V	ADV
cobble	cob	-le	N	N
cobbler	cobble	-er	N	N
cocked	cock	-ed	N	ADJ
cocker	cock	-er	N	N
cockerel	cock	-rel	N	N
cockiness	cocky	-ness	ADJ	N
cocky	cock	-y	N	ADJ
codification	codify	-ification	V	N
codify	code	-ify	N	V
codify	code	-fy	N	V
coding	code	-ing	N	N
codling	cod	-ling	N	N
codling	codle	-ing	V	V
codon	code	-on	N	N
coercion	coerce	-ion	V	N
coercive	coerce	-ive	V	ADJ
coexist	exist	co-	V	V
coexistence	existence	co-	N	N
coexistence	coexist	-ence	V	N
coextensive	extensive	co-	ADJ	ADJ
cogency	cogent	-cy	ADJ	N
cogently	cogent	-ly	ADJ	ADV
cognitively	cognitive	-ly	ADJ	ADV
cohabitation	cohabit	-ation	V	N
cohabitee	cohabit	-ee	V	N
coherence	cohere	-ence	V	N
coherence	coherent	-ence	ADJ	N
coherently	coherent	-ly	ADJ	ADV
cohesive	cohesion	-ive	N	ADJ
cohesiveness	cohesive	-ness	ADJ	N
coinage	coin	-age	N	N
coincidence	coincide	-ence	V	N
coincidence	coincident	-ence	ADJ	N
coincident	incident	co-	N	ADJ
coincidental	incidental	co-	ADJ	ADJ
coincidental	coincident	-al	ADJ	ADJ
coincidentally	coincidental	-ly	ADJ	ADV
coker	coke	-er	N	N
coldly	cold	-ly	ADJ	ADV
coldness	cold	-ness	ADJ	N
coles	cole	-s	N	N
collaborationist	collaboration	-ist	N	N
collaborative	collaborate	-ive	V	ADJ
collaboratively	collaborative	-ly	ADJ	ADV
collaborator	collaborate	-or	V	N
collapsible	collapse	-ible	N	ADJ
collarless	collar	-less	N	ADJ
collation	collate	-ion	V	N
collectable	collect	-able	N	ADJ
collected	collect	-ed	N	ADJ
collecting	collect	-ing	V	N
collectively	collective	-ly	N	ADV
collectivism	collective	-ism	ADJ	N
collectivist	collective	-ist	ADJ	ADJ
collectivist	collective	-ist	ADJ	N
collectivity	collective	-ity	ADJ	N
collectivization	collective	-ization	ADJ	N
collectivize	collective	-ize	ADJ	V
collegiality	collegial	-ity	ADJ	N
colliery	collier	-y	N	N
collinson	colin	-son	N	N
collocation	collocate	-ion	V	N
colloidal	colloid	-al	N	ADJ
colloquial	colloquy	-al	N	ADJ
colloquialism	colloquial	-ism	ADJ	N
colloquially	colloquial	-ly	ADJ	ADV
colloquium	colloquy	-ium	N	N
collusion	collude	-ion	V	N
colombian	colombia	-an	N	N
colombian	colombia	-an	N	ADJ
colonialism	colonial	-ism	ADJ	N
colonialist	colonial	-ist	ADJ	ADJ
colonic	colon	-ic	N	ADJ
colonisation	colonise	-ation	V	N
colonise	colony	-ise	N	V
colonist	colony	-ist	N	N
colonization	colonize	-ation	V	N
colonize	colony	-ize	N	V
colonizer	colonize	-er	V	N
colonnaded	colonnade	-ed	N	ADJ
colonoscopy	colon	-scopy	N	N
coloration	color	-ation	N	N
colorectal	rectal	colo-	ADJ	ADJ
colored	color	-ed	N	ADJ
colouration	colour	-ation	N	N
colourful	colour	-ful	N	ADJ
colourfully	colourful	-ly	ADJ	ADV
colourist	colour	-ist	N	N
colourless	colour	-less	N	ADJ
colson	coll	-son	N	N
columbia	columbus	-ia	N	N
columbian	columbia	-an	N	ADJ
columbian	columbia	-an	N	N
columnar	column	-ar	N	ADJ
columned	column	-ed	N	ADJ
comatose	coma	-ose	N	ADJ
combatant	combat	-ant	N	N
combative	combat	-ive	N	ADJ
combustible	combust	-ible	V	ADJ
combustion	combust	-ion	V	N
comedian	comedy	-ian	N	N
comer	come	-er	V	N
comeuppance	come up	-ance	V	N
comfortably	comfortable	-ly	ADJ	ADV
comforter	comfort	-er	N	N
comforting	comfort	-ing	V	ADJ
comfortingly	comforting	-ly	ADJ	ADV
comfortless	comfort	-less	N	ADJ
comical	comic	-al	ADJ	ADJ
comically	comical	-ly	ADJ	ADV
coming	come	-ing	V	V
coming	come	-ing	V	N
coming	come	-ing	V	ADJ
commanding	command	-ing	N	ADJ
commandingly	commanding	-ly	ADJ	ADV
commandment	command	-ment	N	N
commemoration	commemorate	-ion	V	N
commemorative	commemorate	-ive	V	ADJ
commencement	commence	-ment	V	N
commendable	commend	-able	V	ADJ
commendably	commendable	-ly	ADJ	ADV
commendation	commend	-tion	V	N
commendation	commend	-ation	V	N
commensurately	commensurate	-ly	ADJ	ADV
commentary	comment	-ary	N	N
commentate	comment	-ate	N	V
commentator	comment	-ator	N	N
commercialisation	commercialise	-ation	V	N
commercialise	commercial	-ise	ADJ	V
commercialism	commercial	-ism	ADJ	N
commercialization	commercialize	-ation	V	N
commercialize	commercial	-ize	ADJ	V
commercially	commercial	-ly	ADJ	ADV
commie	commodore	-ie	N	N
commie	communist	-ie	N	N
commiseration	commiserate	-ion	V	N
committal	commit	-al	V	N
committed	commit	-ed	V	V
commodification	commodify	-ification	V	N
commonality	common	-ality	ADJ	N
commoner	common	-er	ADJ	ADJ
commoner	common	-er	ADJ	N
commonsensical	common sense	-ical	N	ADJ
communal	commune	-al	N	ADJ
communality	communal	-ity	ADJ	N
communally	communal	-ly	ADJ	ADV
communicable	communicate	-able	V	ADJ
communicant	communicate	-ant	V	ADJ
communicating	communicate	-ing	V	V
communicative	communicate	-ive	V	ADJ
communicator	communicate	-or	V	N
communion	commune	-ion	V	N
communism	communise	-ism	V	N
communitarian	community	-arian	N	ADJ
commutation	commute	-ation	V	N
commuter	commute	-er	V	N
compaction	compact	-ion	N	N
compactly	compact	-ly	ADJ	ADV
compactness	compact	-ness	N	N
companionable	companion	-able	N	ADJ
companionably	companionable	-ly	ADJ	ADV
companionably	companionable	-ly	ADJ	U
companionship	companion	-ship	N	N
comparability	comparable	-ity	ADJ	N
comparably	comparable	-ly	ADJ	ADV
comparative	compare	-ative	V	ADJ
comparatively	comparative	-ly	ADJ	ADV
compartmentalise	compartmental	-ise	ADJ	V
compartmentalize	compartmental	-ize	ADJ	V
compassionate	compassion	-ate	N	ADJ
compassionately	compassionate	-ly	ADJ	ADV
compatibility	compatible	-ity	ADJ	N
compelling	compel	-ling	V	ADJ
compellingly	compelling	-ly	ADJ	ADV
compensatory	compensate	-ory	V	ADJ
comper	comp	-er	ADJ	N
competency	competent	-cy	ADJ	N
competently	competent	-ly	ADJ	ADV
competitively	competitive	-ly	ADJ	ADV
competitiveness	competitive	-ness	ADJ	N
compilation	compile	-ation	V	N
compiler	compile	-er	V	N
complacency	complacent	-cy	ADJ	N
complacently	complacent	-ly	ADJ	ADV
complainant	complain	-ant	V	N
complainer	complain	-er	V	N
complementarity	complementary	-ity	ADJ	N
complementary	complement	-ary	N	ADJ
completeness	complete	-ness	ADJ	N
compliance	comply	-ance	V	N
compliant	comply	-ant	V	ADJ
compliant	compliance	-ant	N	ADJ
complication	complicate	-ion	V	N
complicity	complicit	-ity	ADJ	N
complicity	complicit	-y	ADJ	N
complimentary	compliment	-ary	N	ADJ
composed	compose	-ed	V	ADJ
compositional	composition	-al	N	ADJ
composure	compose	-ure	V	N
comprehensively	comprehensive	-ly	ADJ	ADV
comprehensiveness	comprehensive	-ness	ADJ	N
compressed	compress	-ed	V	ADJ
compression	compress	-ion	V	N
compressor	compress	-or	V	N
compromised	compromise	-ed	N	V
compromiser	compromise	-er	V	N
compromising	compromise	-ing	V	V
compulsive	compulsion	-ive	N	ADJ
compulsively	compulsive	-ly	ADJ	ADV
compulsorily	compulsory	-ly	ADJ	ADV
computation	compute	-ation	V	N
computational	computation	-al	N	ADJ
computationally	computational	-ly	ADJ	ADV
computerisation	computerise	-ation	V	N
computerise	computer	-ise	N	V
computerization	computerize	-ation	V	N
computerize	computer	-ize	N	V
comradely	comrade	-ly	N	ADJ
comradely	comrade	-ly	N	ADV
comradeship	comrade	-ship	N	N
concatenation	concatenate	-ion	V	N
concealing	conceal	-ing	V	N
concealment	conceal	-ment	V	N
conceited	conceit	-ed	N	ADJ
conceivable	conceive	-able	V	ADJ
conceivably	conceivable	-ly	ADJ	ADV
conceivably	conceive	-ably	V	ADV
concentrated	concentrate	-ed	V	ADJ
concentric	concentre	-ic	V	ADJ
conceptual	concept	-al	N	ADJ
conceptual	concept	-ual	N	ADJ
conceptualise	conceptual	-ise	ADJ	V
conceptualization	conceptual	-ization	ADJ	N
conceptualization	conceptualize	-ation	V	N
conceptualize	conceptual	-ize	ADJ	V
conceptually	conceptual	-ly	ADJ	ADV
concessional	concession	-al	N	ADJ
concessionary	concession	-ary	N	N
conciliation	conciliate	-ion	V	N
conciliator	conciliate	-or	V	N
conciliatory	conciliate	-ory	V	ADJ
concisely	concise	-ly	ADJ	ADV
conciseness	concise	-ness	ADJ	N
concluding	conclude	-ing	V	ADJ
conclusive	conclude	-ive	V	ADJ
conclusive	conclusion	-ive	N	ADJ
conclusively	conclusive	-ly	ADJ	ADV
concoction	concoct	-ion	V	N
concomitantly	concomitant	-ly	ADJ	ADV
concordance	concord	-ance	N	N
concordant	concord	-ant	N	ADJ
concretely	concrete	-ly	N	ADV
concreteness	concrete	-ness	ADJ	N
concurrence	concurrent	-ence	ADJ	N
concurrently	concurrent	-ly	ADJ	ADV
concussion	concuss	-ion	V	N
condemnation	condemn	-ation	V	N
condensate	condense	-ate	V	N
condensation	condense	-ation	V	N
condenser	condense	-er	V	N
conder	cond	-er	ADJ	N
condescending	condescend	-ing	V	ADJ
condescendingly	condescending	-ly	ADJ	ADV
conditional	condition	-al	N	N
conditionally	conditional	-ly	ADJ	ADV
conditioner	condition	-er	N	N
condolence	condole	-ence	V	N
conducive	conduce	-ive	V	ADJ
conductance	conduct	-ance	N	N
conduction	conduct	-ion	N	N
conductive	conduct	-ive	N	ADJ
conductivity	conductive	-ity	ADJ	N
conductor	conduct	-or	N	N
confectioner	confection	-er	N	N
confectionery	confection	-ery	N	N
confederacy	federacy	con-	N	N
confederation	confederate	-ion	N	N
confederation	federation	con-	N	N
confession	confess	-ion	V	N
confessional	confession	-al	N	ADJ
confessional	confession	-al	N	N
confessor	confess	-or	V	N
confidant	confide	-ant	V	N
confidentiality	confidential	-ity	ADJ	N
confidentially	confidential	-ly	ADJ	ADV
confidently	confident	-ly	ADJ	ADV
confiding	confide	-ing	V	ADJ
confidingly	confiding	-ly	ADJ	ADV
configuration	configure	-ation	V	N
confinement	confine	-ment	V	N
confirmation	confirm	-ation	V	N
confirmatory	confirm	-atory	V	ADJ
confiscation	confiscate	-ion	V	N
conflation	conflate	-ion	V	N
conflicting	conflict	-ing	N	ADJ
conflictual	conflict	-ual	N	ADJ
confluence	confluent	-ence	ADJ	N
conformance	conform	-ance	V	N
conformation	conform	-ation	V	N
conformational	conformation	-al	N	ADJ
conformism	conform	-ism	V	N
conformist	conform	-ist	V	N
conformist	conformism	-ist	N	ADJ
conformity	conform	-ity	V	N
confounded	confound	-ed	V	ADJ
confrontational	confrontation	-al	N	ADJ
confucian	confucius	-ian	N	ADJ
confucian	confucius	-an	N	ADJ
confucianism	confucian	-ism	ADJ	N
confusedly	confused	-ly	ADJ	ADV
confusing	confuse	-ing	ADJ	ADJ
confusingly	confusing	-ly	ADJ	ADV
congenial	genial	con-	ADJ	ADJ
congenitally	congenital	-ly	ADJ	ADV
congested	congest	-ed	N	V
congestion	congest	-tion	V	N
congestion	congest	-ion	V	N
congestive	congest	-ive	N	ADJ
congestive	congestion	-ive	N	ADJ
conglomeration	conglomerate	-ion	N	N
congratulation	congratulate	-ion	V	N
congratulation	gratulation	con-	N	N
congratulatory	congratulate	-ory	V	ADJ
congregation	congregate	-ion	V	N
congregational	congregation	-al	N	ADJ
congregationalist	congregational	-ist	ADJ	N
congregationalist	congregational	-ist	ADJ	ADJ
congressman	congress	-man	N	N
congruence	congruent	-ence	ADJ	N
conical	conic	-al	ADJ	ADJ
conical	cone	-ical	N	ADJ
coniferous	cone	-ferous	N	ADJ
coniferous	conifer	-ous	N	ADJ
conjectural	conjecture	-al	N	ADJ
conjoin	join	con-	N	V
conjugation	conjugate	-ion	ADJ	N
conjunction	conjunct	-ion	N	N
conjurer	conjure	-er	V	N
conman	con	-man	V	N
connected	connect	-ed	V	ADJ
connectedness	connected	-ness	ADJ	N
connective	connect	-ive	V	ADJ
connective	connect	-ive	V	N
connectivity	connective	-ity	N	N
connector	connect	-or	V	N
connivance	connive	-ance	V	N
connoisseurship	connoisseur	-ship	N	N
connotation	connote	-ation	V	N
conquering	conquer	-ing	V	N
conqueror	conquer	-or	V	N
consanguinity	sanguinity	con-	N	N
conscientiously	conscientious	-ly	ADJ	ADV
conscientiousness	conscientious	-ness	ADJ	N
consciously	conscious	-ly	ADJ	ADV
conscript	script	con-	N	N
conscription	conscript	-tion	N	N
conscription	conscript	-ion	N	N
consecration	consecrate	-ion	V	N
consecutively	consecutive	-ly	ADJ	ADV
consensual	consensus	-ual	N	ADJ
consensual	consensus	-al	N	ADJ
consenting	consent	-ing	V	V
consequent	sequent	con-	ADJ	ADJ
consequential	consequent	-al	ADJ	ADJ
consequential	consequence	-ial	N	ADJ
conservancy	conservant	-cy	ADJ	N
conservationist	conservation	-ist	N	N
conservatism	conservative	-ism	ADJ	N
conservatively	conservative	-ly	ADJ	ADV
conservator	conservation	-or	N	N
conservatory	conserve	-atory	V	ADJ
considerate	consider	-ate	V	ADJ
considerately	considerate	-ly	ADJ	ADV
considered	consider	-ed	V	V
considering	consider	-ing	V	V
consignee	consign	-ee	V	N
consignment	consign	-ment	V	N
consignment	consign	-ment	V	ADJ
consistency	consistence	-y	N	N
consolation	console	-ation	N	N
consolidation	consolidate	-ion	V	N
consoling	console	-ing	V	V
consolingly	consoling	-ly	V	ADV
consonance	consonant	-ce	ADJ	N
conspicuously	conspicuous	-ly	ADJ	ADV
conspirator	conspire	-ator	V	N
conspiratorial	conspirator	-ial	N	ADJ
conspiratorially	conspiratorial	-ly	ADJ	ADV
constabulary	constable	-ary	N	ADJ
constancy	constant	-cy	ADJ	N
consternation	consternate	-ion	V	N
constipated	constipate	-ed	V	ADJ
constipation	constipate	-ion	V	N
constitutionalism	constitutional	-ism	ADJ	N
constitutionalist	constitutional	-ist	ADJ	N
constitutionality	constitutional	-ity	ADJ	N
constitutionally	constitutional	-ly	ADJ	ADV
constitutionally	constitution	-ally	N	ADV
constitutive	constitute	-ive	V	ADJ
constriction	constrict	-ion	V	N
constrictor	constrict	-or	V	N
constructional	construction	-al	N	ADJ
constructive	construct	-ive	N	ADJ
constructively	constructive	-ly	ADJ	ADV
constructivism	constructive	-ism	ADJ	N
constructivist	constructive	-ist	ADJ	ADJ
constructor	construct	-or	N	N
consular	consul	-ar	N	ADJ
consulate	consul	-ate	N	N
consultancy	consultant	-cy	N	N
consultative	consultation	-ive	N	ADJ
consulting	consult	-ing	N	ADJ
consumable	consume	-able	V	ADJ
consumerism	consumer	-ism	V	N
consumerist	consumer	-ist	V	ADJ
consumerist	consumerism	-ist	N	N
consummately	consummate	-ly	ADJ	ADV
consummation	consummate	-ion	ADJ	N
consumptive	consume	-ive	V	ADJ
contagious	contagion	-ous	N	ADJ
containable	contain	-able	V	ADJ
containment	contain	-ment	V	N
contaminant	contaminate	-ant	V	N
contaminated	contaminate	-ed	V	ADJ
contamination	contaminate	-ion	V	N
contemplation	contemplate	-ion	V	N
contemplative	contemplate	-ive	V	ADJ
contemporaneously	contemporaneous	-ly	ADJ	ADV
contemptible	contempt	-ible	N	ADJ
contemptuous	contempt	-uous	N	ADJ
contemptuously	contemptuous	-ly	ADJ	ADV
contender	contend	-er	V	N
contented	content	-ed	ADJ	ADJ
contentedly	contented	-ly	ADJ	ADV
contentious	contention	-ous	N	ADJ
contentment	content	-ment	ADJ	N
contestable	contest	-able	N	ADJ
contestant	contest	-ant	N	N
contextual	context	-ual	N	ADJ
contextualise	contextual	-ise	ADJ	V
contextualize	contextual	-ize	ADJ	V
contextually	contextual	-ly	ADJ	ADV
continence	continent	-ence	ADJ	N
contingency	contingent	-cy	N	N
contingently	contingent	-ly	ADJ	ADV
continual	continue	-al	N	ADJ
continually	continual	-ly	ADJ	ADV
continuance	continue	-ance	V	N
continuation	continue	-ation	N	N
continuity	continuous	-ity	ADJ	N
continuously	continuous	-ly	ADJ	ADV
contortion	contort	-ion	V	N
contortionist	contortion	-ist	N	N
contraceptive	conceptive	contra-	ADJ	ADJ
contracted	contract	-ed	N	ADJ
contraction	contract	-ion	N	N
contractual	contract	-ual	N	ADJ
contractually	contractual	-ly	ADJ	ADV
contradictory	contradict	-ory	V	ADJ
contradistinction	distinction	contra-	N	N
contraflow	flow	contra-	N	N
contrarily	contrary	-ly	ADJ	ADV
contrariness	contrary	-ness	ADJ	N
contrariwise	contrary	-wise	ADJ	ADV
contrasted	contrast	-ed	N	V
contrasting	contrast	-ing	V	ADJ
contrastive	contrast	-ive	N	ADJ
contravention	contravene	-ion	V	N
contravention	contravene	-tion	V	N
contributor	contribute	-or	V	N
contributory	contributor	-y	N	ADJ
contrition	contrite	-tion	ADJ	N
contrition	contrite	-ion	ADJ	N
contrivance	contrive	-ance	V	N
contrived	contrive	-ed	V	V
controllable	control	-able	N	ADJ
controller	control	-er	N	N
controlling	control	-ling	N	ADJ
controversially	controversial	-ly	ADJ	ADV
contusion	contuse	-ion	V	N
convalescence	convalesce	-ence	V	N
convection	convect	-ion	V	N
convective	convect	-ive	V	ADJ
convector	convect	-or	V	N
convener	convene	-er	V	N
convenience	convenient	-ence	ADJ	N
conveniently	convenient	-ly	ADJ	ADV
convenor	convene	-or	V	N
conventionalism	conventional	-ism	ADJ	N
conventionality	conventional	-ity	ADJ	N
conventionally	conventional	-ly	ADJ	ADV
converge	verge	con-	V	V
convergence	converge	-ence	V	N
convergence	convergent	-ence	ADJ	N
conversant	converse	-ant	V	ADJ
conversational	conversation	-al	N	ADJ
conversationalist	conversational	-ist	ADJ	N
conversationally	conversational	-ly	ADJ	ADV
conversely	converse	-ly	N	ADV
converter	convert	-er	N	U
converter	convert	-er	N	N
convertibility	convertible	-ity	N	N
convertible	convert	-ible	N	ADJ
convertor	convert	-or	V	U
convexity	convex	-ity	ADJ	N
conveyance	convey	-ance	V	N
conveyancer	conveyance	-er	N	N
conveyancing	conveyance	-ing	N	N
conveyer	convey	-er	V	N
conveyor	convey	-or	V	N
convincing	convince	-ing	V	ADJ
convincingly	convincing	-ly	ADJ	ADV
conviviality	convivial	-ity	ADJ	N
convocation	convoke	-ation	V	N
convoluted	convolute	-d	V	ADJ
convoluted	convolute	-ed	V	ADJ
convolution	convolute	-ion	V	N
convulsion	convulse	-ion	V	N
convulsive	convulse	-ive	V	ADJ
convulsively	convulsive	-ly	ADJ	ADV
cooked	cook	-ed	V	ADJ
cooker	cook	-er	N	N
cookery	cook	-ery	N	N
cooky	cook	-y	V	N
coolant	cool	-ant	ADJ	N
cooler	cool	-er	ADJ	N
cooling	cool	-ing	ADJ	V
coolly	cool	-ly	ADJ	ADV
coolly	cool	-ly	ADJ	ADJ
coolness	cool	-ness	ADJ	N
cooney	coon	-ey	N	ADJ
cooper	coop	-er	N	N
cooperatively	cooperative	-ly	ADJ	ADV
coordinating	coordination	-ing	N	ADJ
coordination	coordinate	-ion	N	N
copernican	copernicus	-an	N	ADJ
copier	copy	-er	N	N
copious	copy	-ous	N	ADJ
copiously	copious	-ly	ADJ	ADV
coppery	copper	-y	N	ADJ
coprocessor	processor	co-	N	N
coptic	copt	-ic	N	ADJ
copulation	copulate	-ion	V	N
copying	copy	-ing	N	N
copyist	copy	-ist	N	N
corded	cord	-ed	N	ADJ
cordiality	cordial	-ity	N	N
cordially	cordial	-ly	N	ADV
cordite	cord	-ite	N	N
cordless	cord	-less	N	ADJ
corinthian	corinth	-ian	N	ADJ
corker	cork	-er	N	N
corky	cork	-y	N	ADJ
corky	cork	-y	N	N
corneal	cornea	-al	N	ADJ
cornish	cornwall	-ish	N	ADJ
cornishman	cornish	-man	ADJ	N
corny	corn	-y	N	ADJ
corporately	corporate	-ly	ADJ	ADV
corporatism	corporate	-ism	ADJ	N
corporatist	corporate	-ist	ADJ	ADJ
correction	correct	-ion	ADJ	N
correctional	correction	-al	N	ADJ
corrective	correction	-ive	N	ADJ
correctness	correct	-ness	ADJ	N
correlative	correlate	-ive	V	ADJ
correlative	correlation	-ive	N	ADJ
corresponding	correspond	-ing	V	ADJ
correspondingly	corresponding	-ly	ADJ	ADV
corroboration	corroborate	-ion	V	N
corroborative	corroborate	-ive	V	ADJ
corroborative	corroborate	-ive	V	N
corrosion	corrode	-ion	V	N
corrosive	corrosion	-ive	N	ADJ
corrugated	corrugate	-ed	V	V
corrugation	corrugate	-ion	V	N
corrupted	corrupt	-ed	ADJ	ADJ
corruptible	corrupt	-ible	ADJ	ADJ
corruptly	corrupt	-ly	ADJ	ADV
corsican	corsica	-an	N	ADJ
corticosteroid	steroid	cortico-	N	N
cosily	cosy	-ly	ADJ	ADV
cosine	sine	co-	N	N
cosiness	cosy	-ness	ADJ	N
cosmic	cosmos	-ic	N	ADJ
cosmological	cosmology	-ical	N	ADJ
cosmologist	cosmology	-ist	N	N
cosmonaut	cosmos	-naut	N	N
cosmopolitan	cosmopolite	-an	N	ADJ
cosmopolitanism	cosmopolitan	-ism	N	N
costain	stain	co-	N	V
costless	cost	-less	U	ADJ
costumier	costume	-ier	N	N
cottager	cottage	-er	N	N
coulson	cole	-son	N	N
counselling	counsel	-ling	N	N
counsellor	counsel	-or	N	N
countable	count	-able	N	ADJ
counteract	act	counter-	V	N
counterbalance	balance	counter-	N	N
counterclaim	claim	counter-	N	N
counterfeiter	counterfeit	-er	ADJ	N
counterfoil	foil	counter-	N	N
counterintuitive	intuitive	counter-	ADJ	ADJ
countermeasure	measure	counter-	N	N
counterparty	party	counter-	N	N
counterparty	counterpart	-y	N	N
counterpoint	point	counter-	N	N
counterpoise	poise	counter-	V	V
counterpose	pose	counter-	N	V
counterproductive	productive	counter-	ADJ	ADJ
countersign	sign	counter-	N	N
counterweight	weight	counter-	N	N
countess	count	-ess	N	N
countless	count	-less	N	ADJ
countryman	country	-man	N	N
countrywide	country	-wide	N	ADJ
countrywoman	country	-woman	N	N
coupler	couple	-er	N	N
coupling	couple	-ing	N	N
courageous	courage	-ous	N	ADJ
courageously	courageous	-ly	ADJ	ADV
courteously	courteous	-ly	ADJ	ADV
courtier	court	-ier	N	N
courtly	court	-ly	N	ADJ
courtly	court	-ly	N	ADV
courtship	court	-ship	N	N
covalent	valent	co-	ADJ	ADJ
covalently	covalent	-ly	ADJ	ADV
covariance	variance	co-	N	N
covariance	covariant	-ce	ADJ	N
covering	cover	-ing	N	V
covering	cover	-ing	N	N
coverlet	cover	-let	N	N
covertly	covert	-ly	ADJ	ADV
covetous	covet	-ous	V	ADJ
covetousness	covetous	-ness	ADJ	N
cowardly	coward	-ly	N	ADJ
cowed	cow	-ed	V	ADJ
cowled	cowl	-ed	N	ADJ
cowles	cole	-s	N	N
cowling	cow	-ling	N	N
cowling	cowl	-ing	N	N
coworker	worker	co-	N	N
coyly	coy	-ly	ADJ	ADV
coyness	coy	-ness	ADJ	N
crabbed	crab	-ed	N	ADJ
crabby	crab	-y	N	ADJ
crabwise	crab	-wise	N	ADJ
cracked	crack	-ed	V	ADJ
cracker	crack	-er	N	N
cracking	crack	-ing	N	N
crackle	crack	-le	V	N
crackling	crackle	-ing	N	N
crackly	crackle	-y	N	ADJ
craftily	crafty	-ly	ADJ	ADV
craftsman	craft	-man	N	N
craftsmanship	craftsman	-ship	N	N
craftwork	craft	-work	N	N
crafty	craft	-y	N	ADJ
craggy	crag	-y	N	ADJ
crammer	cram	-er	N	N
cramped	cramp	-ed	N	V
cranial	cranium	-al	N	ADJ
cranky	crank	-y	N	ADJ
crappy	crap	-y	N	ADJ
crassly	crass	-ly	ADJ	ADV
crassness	crass	-ness	ADJ	N
cravenly	craven	-ly	ADJ	ADV
craving	crave	-ing	V	N
crawler	crawl	-er	N	N
crawling	crawl	-ing	N	V
crazily	crazy	-ly	ADJ	ADV
craziness	crazy	-ness	ADJ	N
creaky	creak	-y	V	ADJ
creamed	cream	-ed	N	ADJ
creamery	cream	-ery	N	N
creamy	cream	-y	N	ADJ
creatively	creative	-ly	ADJ	ADV
creator	create	-or	V	N
credibly	credible	-ly	ADJ	ADV
creditable	credit	-able	N	ADJ
creditably	creditable	-ly	ADJ	ADV
creditworthiness	creditworthy	-ness	ADJ	N
creditworthy	credit	-worthy	V	ADJ
credulity	credulous	-ity	ADJ	N
creeper	creep	-er	V	N
creeping	creep	-ing	V	V
creeping	creep	-ing	V	N
creepy	creep	-y	N	ADJ
cremation	cremate	-ion	V	N
crematorium	crematory	-ium	N	N
crenellate	crenel	-ate	N	V
crenellated	crenellate	-ed	V	V
crested	crest	-ed	N	ADJ
cretan	crete	-an	N	ADJ
cretinous	cretin	-ous	N	ADJ
crewman	crew	-man	N	N
cricketer	cricket	-er	N	N
crier	cry	-er	N	N
crimean	crimea	-an	N	ADJ
criminalise	criminal	-ise	ADJ	V
criminality	criminal	-ity	ADJ	N
criminalize	criminal	-ize	ADJ	V
criminally	criminal	-ly	N	ADV
criminological	criminology	-ical	N	ADJ
criminologist	criminology	-ist	N	N
criminology	criminal	-logy	ADJ	N
crinkly	crinkle	-y	N	ADJ
cripple	creep	-le	V	ADJ
crippled	cripple	-ed	ADJ	ADJ
crisply	crisp	-ly	ADJ	ADV
crispness	crisp	-ness	ADJ	N
crispy	crisp	-y	ADJ	ADJ
critically	critical	-ly	ADJ	ADV
critically	critic	-ally	N	ADV
croatia	croat	-ia	N	N
croatian	croat	-ian	N	ADJ
croatian	croatia	-an	N	ADJ
crocker	crock	-er	U	N
crockery	crock	-ery	U	N
crofter	croft	-er	N	N
crofting	croft	-ing	V	N
cromwellian	cromwell	-ian	N	ADJ
crooked	crook	-ed	N	V
crooked	crook	-ed	N	ADJ
crookedly	crooked	-ly	ADJ	ADV
crooner	croon	-er	V	N
cropper	crop	-er	N	N
crossbar	bar	cross-	N	N
crossbow	bow	cross-	N	N
crossfire	fire	cross-	N	N
crossing	cross	-ing	N	N
crossly	cross	-ly	N	ADV
crossroads	crossroad	-s	N	N
crosswind	wind	cross-	N	N
crossword	word	cross-	N	N
croucher	crouch	-er	V	N
crowded	crowd	-ed	N	ADJ
crowned	crown	-ed	V	V
crowning	crown	-ing	N	V
crowning	crown	-ing	N	N
crucially	crucial	-ly	ADJ	ADV
crucifixion	crucifix	-ion	N	N
crudely	crude	-ly	ADJ	ADV
crudeness	crude	-ness	ADJ	N
crudity	crude	-ity	ADJ	N
cruelly	cruel	-ly	ADJ	ADV
cruelty	cruel	-ty	ADJ	N
cruiser	cruise	-er	N	N
cruising	cruise	-ing	N	N
crumble	crumb	-le	N	V
crumbly	crumble	-y	N	ADJ
crumple	crump	-le	N	N
crumpled	crumple	-ed	N	V
cruncher	crunch	-er	V	N
crunchy	crunch	-y	N	ADJ
crusader	crusade	-er	N	N
crusher	crush	-er	V	N
crushing	crush	-ing	N	V
crushingly	crushing	-ly	V	ADV
crustal	crust	-al	N	ADJ
crusty	crust	-y	N	ADJ
crying	cry	-ing	N	ADJ
cryptically	cryptic	-ally	ADJ	ADV
crystalline	crystal	-ine	N	ADJ
crystallise	crystal	-ise	N	V
crystallite	crystal	-ite	N	N
crystallization	crystal	-ization	N	N
crystallization	crystallize	-ation	V	N
crystallize	crystal	-ize	N	V
crystallographic	crystallography	-ic	N	ADJ
crystallography	crystal	-graphy	N	N
cubic	cube	-ic	N	ADJ
cubist	cube	-ist	N	N
cubist	cubism	-ist	N	ADJ
cuddle	couth	-le	ADJ	N
cuddly	cuddle	-y	N	ADJ
cudgel	cog	-el	N	N
culmination	culminate	-ion	V	N
culmination	culminate	-tion	V	N
culpability	culpable	-ity	ADJ	N
culpably	culpable	-ly	ADJ	ADV
culpably	culpable	-ly	ADJ	U
cultivated	cultivate	-ed	V	V
cultivation	cultivate	-ion	V	N
cultivator	cultivate	-or	V	N
culturally	cultural	-ly	ADJ	ADV
cultured	culture	-ed	N	ADJ
cumbersome	cumber	-some	V	ADJ
cumbrian	cumbria	-an	N	ADJ
cumbrous	cumber	-ous	V	ADJ
cumulation	cumulate	-ion	V	N
cumulative	cumulate	-ive	V	ADJ
cumulatively	cumulative	-ly	ADJ	ADV
cunning	con	-ing	V	ADJ
cunning	con	-ing	V	N
cunningly	cunning	-ly	ADJ	ADV
cupful	cup	-ful	N	N
curable	cure	-able	N	ADJ
curacy	curate	-acy	N	N
curacy	curate	-cy	N	N
curate	curium	-ate	N	N
curative	cure	-ative	N	ADJ
curator	curate	-or	N	N
curatorial	curator	-ial	N	ADJ
curdle	curd	-le	V	V
curdled	curdle	-ed	V	V
curiosity	curious	-ity	ADJ	N
curiously	curious	-ly	ADJ	ADV
curled	curl	-ed	V	V
curler	curl	-er	V	N
curling	curl	-ing	V	N
curly	curl	-y	N	ADJ
curricular	curriculum	-ar	N	ADJ
cursed	curse	-ed	N	ADJ
cursing	curse	-ing	N	V
cursing	curse	-ing	N	N
cursorily	cursory	-ly	ADJ	ADV
curtailment	curtail	-ment	V	N
curtly	curt	-ly	ADJ	ADV
curvaceous	curve	-aceous	N	ADJ
curved	curve	-ed	N	ADJ
curvilinear	linear	curvi-	ADJ	ADJ
curvy	curve	-y	N	ADJ
custodial	custody	-al	N	ADJ
custodian	custody	-ian	N	N
custodianship	custodian	-ship	N	N
customarily	customary	-ly	ADJ	ADV
customary	custom	-ary	N	N
customise	custom	-ise	N	V
customize	custom	-ize	N	V
cutlet	cut	-let	ADJ	N
cutter	cut	-er	ADJ	N
cutty	cut	-y	V	ADJ
cyanide	cyan	-ide	N	N
cyclase	cycle	-ase	N	N
cyclic	cycle	-ic	N	ADJ
cyclical	cyclic	-al	ADJ	ADJ
cyclically	cyclic	-ally	ADJ	ADV
cyclically	cyclical	-ly	ADJ	ADV
cycling	cycle	-ing	N	V
cyclist	cycle	-ist	N	N
cylindrical	cylindric	-al	ADJ	ADJ
cylindrical	cylinder	-ical	N	ADJ
cynical	cynic	-al	N	ADJ
cynically	cynical	-ly	ADJ	ADV
cynicism	cynic	-ism	N	N
cypriot	cyprus	-iot	N	N
cyrillic	cyril	-ic	N	ADJ
cystic	cyst	-ic	N	ADJ
cystitis	-itis	cysto-	U	N
cytogenetic	genetic	cyto-	ADJ	ADJ
cytoplasm	plasm	cyto-	N	N
cytoplasmic	cytoplasm	-ic	N	ADJ
czechoslovakian	czechoslovakia	-an	N	ADJ
dabbler	dabble	-er	V	N
daffy	daff	-y	N	ADJ
daintily	dainty	-ly	ADJ	ADV
dairying	dairy	-ing	N	N
dairyman	dairy	-man	N	N
dakin	david	-kin	N	N
dalian	dalí	-an	N	ADJ
dalmatian	dalmatia	-an	N	ADJ
damaged	damage	-ed	N	V
damaging	damage	-ing	N	V
damagingly	damaging	-ly	V	ADV
damnable	damn	-able	V	ADJ
damnably	damnable	-ly	ADJ	ADV
damnation	damn	-ation	ADJ	N
damned	damn	-ed	ADJ	ADJ
damning	damn	-ing	ADJ	V
dampen	damp	-en	ADJ	V
damper	damp	-er	N	N
damping	damp	-ing	N	N
damply	damp	-ly	N	ADV
dampness	damp	-ness	ADJ	N
dancing	dance	-ing	N	N
dandyish	dandy	-ish	N	ADJ
dangerously	dangerous	-ly	ADJ	ADV
dangerousness	dangerous	-ness	ADJ	N
daniels	daniel	-s	N	N
danish	dane	-ish	N	N
danny	dan	-y	N	N
dappled	dapple	-ed	ADJ	ADJ
daring	dare	-ing	V	ADJ
daringly	daring	-ly	ADJ	ADV
darken	dark	-en	ADJ	V
darkish	dark	-ish	N	ADJ
darkly	dark	-ly	ADJ	ADV
darkly	dark	-ly	ADJ	ADJ
darned	darn	-ed	N	ADJ
darwinian	darwin	-ian	N	ADJ
darwinism	darwin	-ism	N	N
dashing	dash	-ing	N	ADJ
dashing	dash	-ing	N	N
dastardly	dastard	-ly	ADJ	ADJ
datable	date	-able	N	ADJ
dateline	date	-ine	N	N
dating	date	-ing	N	N
daunting	daunt	-ing	V	ADJ
dauntingly	daunting	-ly	ADJ	ADV
dauntless	daunt	-less	V	ADJ
davidson	david	-son	N	N
davina	david	-ina	N	N
davison	david	-son	N	N
dawkins	dawkin	-s	N	N
dawson	david	-son	N	N
dazed	daze	-ed	V	ADJ
dazedly	dazed	-ly	ADJ	ADV
dazzle	daze	-le	V	V
dazzling	dazzle	-ing	N	V
dazzlingly	dazzling	-ly	ADJ	ADV
deaconess	deacon	-ess	N	N
deactivate	activate	de-	V	V
deaden	dead	-en	ADJ	V
deadlock	dead	-lock	ADJ	N
deadness	dead	-ness	N	N
deafen	deaf	-en	ADJ	V
deafening	deafen	-ing	V	ADJ
deafeningly	deafening	-ly	ADJ	ADV
deafness	deaf	-ness	ADJ	N
dealership	dealer	-ship	N	N
dealing	deal	-ing	V	N
deanery	dean	-ery	N	N
dearie	dear	-ie	ADJ	N
dearly	dear	-ly	ADJ	ADV
dearth	dear	-th	ADJ	N
deary	dear	-y	ADJ	N
deathless	death	-less	N	ADJ
deathly	death	-ly	N	ADJ
debar	bar	de-	N	V
debase	base	de-	N	V
debased	debase	-ed	V	V
debasement	debase	-ment	V	N
debatable	debate	-able	N	ADJ
debater	debate	-er	N	N
debating	debate	-ing	V	V
debauchery	debauch	-ery	V	N
debby	deb	-y	N	ADJ
debrief	brief	de-	V	V
debriefing	debrief	-ing	N	N
debriefing	briefing	de-	N	N
debtor	debt	-or	N	N
debug	bug	de-	N	V
debugger	debug	-er	V	N
debunk	bunk	de-	N	V
debutant	debut	-ant	N	N
decadence	decadent	-ence	N	N
decamp	camp	de-	N	V
decanter	decant	-er	V	N
decapitation	decapitate	-ion	V	N
decayed	decay	-ed	N	ADJ
decaying	decay	-ing	N	V
deceased	decease	-ed	N	ADJ
deceitful	deceit	-ful	N	ADJ
deceiver	deceive	-er	V	N
decelerate	accelerate	de-	V	V
deceleration	decelerate	-ion	V	N
decency	decent	-cy	ADJ	N
decently	decent	-ly	ADJ	ADV
decentralisation	centralisation	de-	N	N
decentralisation	decentralise	-ation	V	N
decentralise	centralise	de-	V	V
decentralization	centralization	de-	N	N
decentralization	decentralize	-ation	V	N
decentralize	centralize	de-	V	V
deception	deceive	-ion	V	N
deceptive	deception	-ive	N	ADJ
deceptively	deceptive	-ly	ADJ	ADV
decibel	bel	deci-	N	N
decided	decide	-ed	V	ADJ
decidedly	decided	-ly	ADJ	ADV
decider	decide	-er	V	N
decimation	decimate	-ion	V	N
decipher	cipher	de-	N	V
decisive	decision	-ive	N	ADJ
decisively	decisive	-ly	ADJ	ADV
decisiveness	decisive	-ness	ADJ	N
decker	deck	-er	N	N
declamatory	declaim	-atory	V	ADJ
declamatory	declamation	-ory	N	ADJ
declarative	declaration	-ive	N	ADJ
declaratory	declare	-atory	V	ADJ
decode	code	de-	N	V
decoder	decode	-er	V	N
decoding	decoder	-ing	N	N
decolonization	colonization	de-	N	N
decolonization	decolonize	-ation	V	N
decommission	commission	de-	N	V
decompose	compose	de-	V	V
decomposition	composition	de-	N	N
decomposition	decompose	-ition	V	N
decomposition	decompose	-tion	V	N
decompression	compression	de-	N	N
decompression	decompress	-ion	V	N
deconstruct	construct	de-	V	V
deconstruction	construction	de-	N	N
deconstruction	deconstruct	-ion	V	N
deconstructionist	deconstruction	-ist	N	ADJ
deconstructive	constructive	de-	ADJ	ADJ
deconstructive	deconstruct	-ive	V	ADJ
decontaminate	contaminate	de-	V	V
decontamination	decontaminate	-ion	V	N
decontrol	control	de-	V	V
decoration	decorate	-ion	ADJ	N
decoration	decor	-ation	N	N
decorative	decorate	-ive	ADJ	ADJ
decoratively	decorative	-ly	ADJ	ADV
decorator	decorate	-or	V	N
decorously	decorous	-ly	ADJ	ADV
decouple	couple	de-	V	V
decrement	decrease	-ment	V	N
decrepitude	decrepit	-tude	ADJ	N
dedicated	dedicate	-ed	V	ADJ
dedicatee	dedicate	-ee	V	N
dedication	dedicate	-ion	V	N
deducible	deduce	-ible	V	ADJ
deductible	deduct	-ible	V	ADJ
deduction	deduct	-ion	V	N
deductive	deduct	-ive	V	ADJ
deepen	deep	-en	ADJ	V
deepening	deepen	-ing	V	V
defamation	defame	-ation	V	N
defamatory	defame	-atory	V	ADJ
defame	fame	de-	N	V
defaulter	default	-er	N	N
defeatism	defeat	-ism	N	N
defeatist	defeat	-ist	N	ADJ
defecation	defecate	-ion	V	N
defection	defect	-ion	N	N
defective	defect	-ive	N	ADJ
defector	defect	-or	N	N
defenceless	defence	-less	N	ADJ
defensible	defend	-ible	V	ADJ
defensible	defense	-ible	N	ADJ
defensively	defensive	-ly	ADJ	ADV
defensiveness	defensive	-ness	ADJ	N
deference	defer	-ence	V	N
deferential	deference	-ial	N	ADJ
deferentially	deferential	-ly	ADJ	ADV
deferment	defer	-ment	V	N
deferral	defer	-al	V	N
defiance	defiant	-ce	ADJ	N
defiantly	defiant	-ly	ADJ	ADV
defibrillator	defibrillate	-or	V	N
deficiency	deficit	-ency	N	N
deficiency	deficient	-cy	ADJ	N
defile	file	de-	N	V
defilement	defile	-ment	V	N
definable	define	-able	V	ADJ
definer	define	-er	V	N
definiteness	definite	-ness	ADJ	N
definitional	definition	-al	N	ADJ
definitive	definition	-ive	N	ADJ
definitively	definitive	-ly	ADJ	ADV
deflate	inflate	de-	V	V
deflation	deflate	-ion	V	N
deflationary	deflation	-ary	N	ADJ
deflection	deflect	-ion	V	N
deflower	flower	de-	N	V
defoliate	foliate	de-	ADJ	V
defoliation	defoliate	-ion	V	N
deforestation	deforest	-ation	V	N
deform	form	de-	N	V
deformation	deform	-ation	V	N
deformed	deform	-ed	V	ADJ
deformity	deform	-ity	V	N
defraud	fraud	de-	N	V
defrost	frost	de-	ADJ	V
deftly	deft	-ly	N	ADV
deftness	deft	-ness	ADJ	N
defuse	fuse	de-	N	V
degas	gas	de-	N	V
degeneracy	degenerate	-cy	V	N
degeneration	degenerate	-ion	V	N
degenerative	degenerate	-ive	ADJ	ADJ
degenerative	degeneration	-ive	N	ADJ
degenerative	generative	de-	ADJ	ADJ
degradation	degrade	-ation	V	N
degrading	degrade	-ing	V	ADJ
dehumanize	humanize	de-	V	V
dehydrate	hydrate	de-	N	V
dehydration	hydration	de-	N	N
dehydration	dehydrate	-ion	V	N
deictic	deixis	-ic	N	ADJ
deify	deity	-fy	N	V
deify	deity	-ify	N	V
deindustrialization	industrialization	de-	N	N
deindustrialization	deindustrialize	-ation	V	N
dejected	deject	-ed	V	ADJ
dejectedly	dejected	-ly	ADJ	ADV
dejection	deject	-ion	V	N
delayed	delay	-ed	N	ADJ
delaying	delay	-ing	N	V
deletion	delete	-ion	V	N
deliberation	deliberate	-ion	ADJ	N
deliberative	deliberate	-ive	ADJ	ADJ
delicacy	delicate	-cy	ADJ	N
delicately	delicate	-ly	ADJ	ADV
deliciously	delicious	-ly	ADJ	ADV
delightedly	delighted	-ly	ADJ	ADV
delightful	delight	-ful	N	ADJ
delightfully	delightful	-ly	ADJ	ADV
delimitation	delimit	-ation	V	N
delineation	delineate	-ion	V	N
delinquency	delinquent	-cy	ADJ	N
delirious	delirium	-ous	N	ADJ
deliriously	delirious	-ly	ADJ	ADV
deliverance	deliver	-ance	V	N
deliverer	deliver	-er	V	N
delphic	delphi	-ic	N	ADJ
delusion	delude	-ion	V	N
delusive	delude	-ive	V	ADJ
delusive	delusion	-ive	N	ADJ
demagogic	demagogy	-ic	N	ADJ
demagogy	demagogue	-y	N	N
demanding	demand	-ing	N	ADJ
demarcation	demarcate	-ion	V	N
demean	mean	de-	V	V
demeaning	demean	-ing	V	ADJ
demeanour	demean	-our	V	N
demerge	merge	de-	V	V
demerger	merger	de-	N	N
demerit	merit	de-	N	N
demigod	god	demi-	ADJ	N
demobilisation	mobilisation	de-	N	N
demobilise	mobilise	de-	V	V
demobilization	mobilization	de-	N	N
demobilization	demobilize	-ation	V	N
demobilize	mobilize	de-	V	V
democratically	democratic	-ally	ADJ	ADV
democratisation	democratise	-ation	V	N
democratise	democrat	-ise	N	V
democratization	democratize	-ation	V	N
democratize	democrat	-ize	N	V
demographer	demography	-er	N	N
demographic	demography	-ic	N	ADJ
demographically	demographic	-ally	ADJ	ADV
demographically	demographical	-ly	ADJ	ADV
demolition	demolish	-tion	V	N
demonic	demon	-ic	N	ADJ
demonology	demon	-ology	N	N
demonstrable	demonstrate	-able	V	ADJ
demonstrably	demonstrable	-ly	ADJ	ADV
demonstrably	demonstrable	-ly	ADJ	U
demonstrative	demonstrate	-ive	V	ADJ
demonstratively	demonstrative	-ly	ADJ	ADV
demonstrator	demonstrate	-or	V	N
demoralization	demoralize	-ation	V	N
demote	promote	de-	V	V
demotion	demote	-ion	V	N
demotivate	motivate	de-	V	V
demountable	demount	-able	V	ADJ
demurely	demure	-ly	ADJ	ADV
demystification	mystification	de-	N	N
demystification	demystify	-ification	V	N
demystify	mystify	de-	V	V
denationalization	nationalization	de-	N	N
denationalization	denationalize	-ation	V	N
dendritic	dendrite	-ic	N	ADJ
denial	deny	-al	N	N
denigration	denigrate	-ion	V	N
denison	denis	-son	N	N
denitrification	nitrification	de-	N	N
denitrification	denitrify	-ification	V	N
dennison	dennis	-son	N	N
denominate	nominate	de-	ADJ	V
denominational	denomination	-al	N	ADJ
denotation	denote	-ation	V	N
densely	dense	-ly	ADJ	ADV
dentistry	dentist	-ry	N	N
denude	nude	de-	ADJ	V
denuded	denude	-ed	V	ADJ
deodorant	odorant	de-	V	N
departing	depart	-ing	V	ADJ
departmental	department	-al	N	ADJ
departmentally	departmental	-ly	ADJ	ADV
dependability	depend	-ability	V	N
dependable	depend	-able	V	ADJ
dependant	depend	-ant	V	N
dependence	depend	-ence	V	N
dependence	dependent	-ence	ADJ	N
dependency	dependent	-cy	ADJ	N
depersonalize	personalize	de-	V	V
depiction	depict	-ion	V	N
depletion	deplete	-ion	V	N
deplorable	deplore	-able	V	ADJ
deplorably	deplorable	-ly	ADJ	ADV
deployment	ployment	de-	N	N
deployment	deploy	-ment	V	N
depopulate	populate	de-	V	V
depopulation	population	de-	N	N
depopulation	depopulate	-ion	V	N
deportation	deport	-ation	V	N
deportee	deport	-ee	V	N
deposition	depose	-ition	V	N
deposition	depose	-tion	V	N
depositor	deposit	-or	N	N
depraved	deprave	-ed	V	ADJ
depravity	deprave	-ity	V	N
depreciation	depreciate	-ion	V	N
depress	press	de-	N	V
depressing	depress	-ing	V	ADJ
depressingly	depressing	-ly	ADJ	ADV
depressive	depress	-ive	V	ADJ
deprivation	deprive	-ation	V	N
deprivation	privation	de-	N	N
deputize	deputy	-ize	N	U
derail	rail	de-	N	N
derailment	derail	-ment	V	N
deranged	derange	-ed	V	ADJ
derangement	derange	-ment	V	N
derbyshire	derby	-shire	N	N
deregulate	regulate	de-	V	V
deregulation	regulation	de-	N	N
deregulation	deregulate	-ion	V	N
dereliction	derelict	-ion	ADJ	N
derision	deride	-ion	V	N
derisive	derision	-ive	N	ADJ
derisively	derisive	-ly	ADJ	ADV
derisory	derision	-ory	N	ADJ
derivation	derive	-ation	V	N
derivative	derivation	-ive	N	ADJ
dermatologist	dermatology	-ist	N	N
derogation	derogate	-ion	V	N
derogatory	derogate	-ory	V	ADJ
derwentwater	derwent	-water	N	N
desalination	salination	de-	N	N
desalination	desalinate	-ion	V	N
descendant	descend	-ant	V	N
descending	descend	-ing	V	V
describable	describe	-able	V	ADJ
descriptive	description	-ive	N	ADJ
descriptively	descriptive	-ly	ADJ	ADV
descriptor	description	-or	N	N
desecration	desecrate	-ion	V	N
desegregation	segregation	de-	N	N
deselect	select	de-	V	V
deserted	desert	-ed	N	V
deserter	desert	-er	N	N
desertification	desert	-ification	ADJ	N
desertion	desert	-ion	N	N
deserved	deserve	-ed	V	ADJ
deservedly	deserved	-ly	ADJ	ADV
desiccation	desiccate	-ion	V	N
designated	designate	-ed	V	V
designation	designate	-ion	ADJ	N
designation	design	-ation	N	N
designed	design	-ed	V	V
designing	design	-ing	N	V
desirability	desire	-ability	N	N
desirability	desirable	-ity	ADJ	N
desirous	desire	-ous	N	ADJ
desolation	desolate	-ion	ADJ	N
despairing	despair	-ing	V	ADJ
despairingly	despairing	-ly	ADJ	ADV
despatcher	despatch	-er	N	N
desperation	desperate	-ion	ADJ	N
despondency	despondent	-cy	ADJ	N
despondently	despondent	-ly	ADJ	ADV
despotic	despot	-ic	N	ADJ
despotism	despot	-ism	N	N
destabilise	stabilise	de-	V	V
destabilization	stabilization	de-	N	N
destabilization	destabilize	-ation	V	N
destabilize	stabilize	de-	V	V
destiny	destine	-y	V	N
destitution	destitute	-ion	ADJ	N
destroyer	destroy	-er	ADJ	N
destructive	destruct	-ive	V	ADJ
destructively	destructive	-ly	ADJ	ADV
destructiveness	destructive	-ness	ADJ	N
desulphurisation	desulphurise	-ation	V	N
desultorily	desultory	-ly	ADJ	ADV
detachable	detach	-able	V	ADJ
detachment	detach	-ment	V	N
detailing	detail	-ing	V	V
detainee	detain	-ee	V	N
detectable	detect	-able	V	ADJ
detection	detect	-ion	V	N
detector	detect	-or	V	N
deterioration	deteriorate	-ion	V	N
determinable	determine	-able	V	ADJ
determinant	determine	-ant	V	N
determinate	determine	-ate	V	ADJ
determinedly	determined	-ly	ADJ	ADV
determiner	determine	-er	V	N
determinism	determine	-ism	V	N
determinist	determine	-ist	V	N
deterministic	determinist	-ic	ADJ	ADJ
deterrence	deter	-ence	V	N
deterrence	deterrent	-ence	ADJ	N
deterrent	deter	-ent	V	ADJ
detestable	detest	-able	V	ADJ
detestation	detest	-ation	V	N
detonation	detonate	-ion	V	N
detonator	detonate	-or	V	N
detoxification	toxification	de-	N	N
detoxification	detoxify	-ification	V	N
detoxify	toxify	de-	V	V
detractor	detract	-or	V	N
detrimental	detriment	-al	N	ADJ
detrimentally	detrimental	-ly	ADJ	ADV
devaluation	valuation	de-	N	N
devaluation	devalue	-ation	V	N
devalue	value	de-	N	V
devastated	devastate	-ed	V	ADJ
devastating	devastation	-ing	N	ADJ
devastatingly	devastating	-ly	ADJ	ADV
devastation	devastate	-ion	V	N
developmental	development	-al	N	ADJ
developmentally	developmental	-ly	ADJ	ADV
deviance	deviant	-ce	ADJ	N
deviancy	deviant	-cy	ADJ	N
deviant	devious	-ant	ADJ	N
deviation	deviate	-ion	N	N
devilish	devil	-ish	N	ADJ
devilishly	devilish	-ly	ADJ	ADV
devilment	devil	-ment	N	N
devious	deviate	-ous	N	ADJ
deviousness	devious	-ness	ADJ	N
devoid	void	de-	ADJ	ADJ
devonian	devon	-ian	U	ADJ
devoted	devote	-ed	ADJ	V
devotedly	devoted	-ly	ADJ	ADV
devotee	devote	-ee	V	N
devotion	devote	-ion	ADJ	N
devotional	devotion	-al	N	N
devotional	devotion	-al	N	ADJ
devoutly	devout	-ly	ADJ	ADV
dewy	dew	-y	N	ADJ
dexterity	dexterous	-ity	ADJ	N
dexterously	dexterous	-ly	ADJ	ADV
diabetic	diabetes	-ic	N	ADJ
diabolical	diabolic	-al	ADJ	ADJ
diabolically	diabolical	-ly	ADJ	ADV
diachronic	chronic	dia-	ADJ	ADJ
diagenetic	genetic	dia-	ADJ	ADJ
diagenetic	diagenesis	-ic	N	ADJ
diagnostically	diagnostic	-ally	ADJ	ADV
diagnostician	diagnostic	-ian	ADJ	N
diagnostics	diagnostic	-s	ADJ	N
diagonally	diagonal	-ly	ADJ	ADV
diagrammatically	diagrammatical	-ly	ADJ	ADV
diagrammatically	diagrammatic	-ally	ADJ	ADV
dialectal	dialect	-al	N	ADJ
dialectic	dialect	-ic	N	N
dialectical	dialectic	-al	N	ADJ
dialectically	dialectical	-ly	ADJ	ADV
dialectically	dialectic	-ally	N	ADV
dialogic	dialog	-ic	N	ADJ
diametrically	diametric	-ally	ADJ	ADV
diametrically	diametrical	-ly	ADJ	ADV
diarist	diary	-ist	N	N
diarrhoeal	diarrhoea	-al	N	ADJ
diastolic	diastole	-ic	N	ADJ
dibble	dib	-le	V	N
dicey	dice	-y	N	ADJ
dichotomous	dichotomy	-ous	N	ADJ
dickensian	dickens	-ian	N	ADJ
dickenson	dicken	-son	N	N
dickhead	dick	-head	N	N
dickie	dick	-ie	N	N
dickinson	dickin	-son	N	N
dickson	dick	-son	N	U
dicky	dick	-y	N	N
dicky	dick	-y	N	ADJ
dictation	dictate	-ion	N	N
dictator	dictate	-or	N	N
dictatorial	dictator	-ial	N	ADJ
dictatorship	dictator	-ship	N	N
didactic	didact	-ic	U	ADJ
didacticism	didactic	-ism	ADJ	N
dielectric	electric	dia-	ADJ	N
dietary	diet	-ary	N	ADJ
dieter	diet	-er	N	N
dietician	diet	-ician	N	N
differential	difference	-ial	N	ADJ
differentially	differential	-ly	ADJ	ADV
differentiate	differential	-ate	ADJ	V
differentiated	differentiate	-ed	V	ADJ
differentiation	differentiate	-ion	V	N
diffidence	diffident	-ence	ADJ	N
diffidently	diffident	-ly	ADJ	ADV
diffraction	diffract	-ion	V	N
diffuser	diffuse	-er	ADJ	ADJ
diffuser	diffuse	-er	ADJ	N
diffusion	diffuse	-ion	ADJ	N
digestible	digest	-ible	V	ADJ
digestion	digest	-ion	V	N
digestive	digest	-ive	V	ADJ
digger	dig	-er	V	N
digitally	digital	-ly	ADJ	ADV
dignified	dignify	-ed	N	ADJ
dignify	dignity	-fy	N	V
dignify	dignity	-ify	N	V
dignitary	dignity	-ary	N	N
digression	digress	-ion	V	N
dilapidated	dilapidate	-ed	V	ADJ
dilatation	dilate	-ation	V	N
dilation	dilate	-ion	V	N
diligence	diligent	-ence	ADJ	N
diligently	diligent	-ly	N	ADV
dilution	dilute	-ion	V	N
dimensional	dimension	-al	N	ADJ
dimensionless	dimension	-less	N	ADJ
dimethyl	methyl	di-	N	N
diminishing	diminish	-ing	V	ADJ
dimly	dim	-ly	ADJ	ADV
dimmer	dim	-er	ADJ	N
dimness	dim	-ness	ADJ	N
dimple	dump	-le	N	N
diner	dine	-er	N	N
dingle	dung	-le	N	N
dingy	dung	-y	N	ADJ
diocesan	diocese	-an	N	ADJ
dioxide	oxide	di-	N	N
dioxin	prefix	di-	N	N
diplomacy	diplomat	-cy	N	N
diplomatically	diplomatic	-ally	ADJ	ADV
dipole	pole	di-	N	N
dipper	dip	-er	N	N
dippy	dip	-y	N	ADJ
directional	direction	-al	N	ADJ
directionally	directional	-ly	ADJ	ADV
directionless	direction	-less	N	ADJ
directness	direct	-ness	ADJ	N
directorate	director	-ate	N	N
directorial	director	-ial	N	ADJ
directorship	director	-ship	N	N
dirtiness	dirty	-ness	ADJ	N
disable	able	dis-	N	V
disablement	disable	-ment	ADJ	N
disabling	disable	-ing	V	ADJ
disabuse	abuse	dis-	V	V
disadvantaged	disadvantage	-ed	N	V
disadvantageous	disadvantage	-ous	N	ADJ
disadvantageous	advantageous	dis-	ADJ	ADJ
disaffected	disaffect	-ed	V	ADJ
disaffection	disaffect	-ion	V	N
disaggregate	aggregate	dis-	N	ADJ
disaggregation	aggregation	dis-	N	N
disaggregation	disaggregate	-ion	V	N
disagreeable	agreeable	dis-	ADJ	ADJ
disagreeable	disagree	-able	V	ADJ
disagreeably	disagreeable	-ly	ADJ	ADV
disagreeably	agreeably	dis-	ADV	ADV
disagreement	agreement	dis-	N	N
disagreement	disagree	-ment	V	N
disallow	allow	dis-	V	V
disambiguate	ambiguate	dis-	V	V
disappearance	disappear	-ance	V	N
disappearance	appearance	dis-	N	N
disappoint	appoint	dis-	V	V
disappointing	disappoint	-ing	V	ADJ
disappointingly	disappointing	-ly	ADJ	ADV
disapprobation	approbation	dis-	N	N
disapproval	approval	dis-	N	N
disapproval	disapprove	-al	V	N
disapprove	approve	dis-	V	V
disapproving	disapprove	-ing	V	V
disapprovingly	disapproving	-ly	V	ADV
disarm	arm	dis-	N	V
disarmament	disarm	-ment	V	N
disarmament	armament	dis-	N	N
disarming	disarm	-ing	V	ADJ
disarmingly	disarming	-ly	ADJ	ADV
disarray	array	dis-	N	V
disassemble	assemble	dis-	V	V
disassociate	associate	dis-	N	V
disassociation	association	dis-	N	N
disastrous	disaster	-ous	N	ADJ
disastrously	disastrous	-ly	ADJ	ADV
disavow	avow	dis-	V	V
disavowal	disavow	-al	V	N
disband	band	dis-	N	V
disbandment	disband	-ment	V	N
disbar	bar	dis-	N	V
disbelief	belief	dis-	N	N
disbelieve	believe	dis-	V	V
disbelievingly	disbelieving	-ly	V	ADV
disburse	burse	dis-	N	V
disbursement	disburse	-ment	V	N
discard	card	dis-	N	V
discernable	discern	-able	V	ADJ
discernible	discern	-ible	V	ADJ
discernible	discern	-able	V	ADJ
discerning	discern	-ing	V	V
discernment	discern	-ment	V	N
discharger	discharge	-er	V	N
discipleship	disciple	-ship	N	N
disciplinarian	discipline	-arian	N	N
disciplinarian	disciplinary	-an	ADJ	ADJ
disciplinary	discipline	-ary	N	ADJ
disciplined	discipline	-ed	N	ADJ
disclaimer	disclaim	-er	V	N
disclosure	disclose	-ure	V	N
discography	disc	-graphy	N	N
discolour	colour	dis-	N	V
discolouration	discolour	-ation	V	N
discoloured	coloured	dis-	ADJ	ADJ
discoloured	discolour	-ed	V	ADJ
discomfiture	discomfit	-ure	V	N
discomfort	comfort	dis-	N	N
disconcerted	disconcerted	-ed	V	V
disconcerted	disconcert	-ed	V	ADJ
disconcerting	disconcert	-ing	V	ADJ
disconcertingly	disconcerting	-ly	ADJ	ADV
disconnect	connect	dis-	V	V
disconnected	disconnect	-ed	V	ADJ
disconnection	connection	dis-	N	N
disconnection	disconnect	-ion	V	N
disconsolately	disconsolate	-ly	ADJ	ADV
discontent	content	dis-	N	N
discontented	contented	dis-	V	ADJ
discontinuance	discontinue	-ance	V	N
discontinuation	continuation	dis-	N	N
discontinuation	discontinue	-ation	V	N
discontinue	continue	dis-	V	V
discontinuity	continuity	dis-	N	N
discontinuity	discontinue	-ity	V	N
discontinuous	continuous	dis-	ADJ	ADJ
discontinuous	discontinuity	-ous	N	ADJ
discordance	discord	-ance	N	N
discordant	discord	-ant	N	ADJ
discounting	discount	-ing	N	N
discouragement	discourage	-ment	V	N
discourteous	courteous	dis-	ADJ	ADJ
discourtesy	courtesy	dis-	N	N
discoverable	discover	-able	V	ADJ
discoverer	discover	-er	V	N
discredit	credit	dis-	V	V
discreditable	discredit	-able	V	ADJ
discreetly	discreet	-ly	ADJ	ADV
discretely	discrete	-ly	ADJ	ADV
discretionary	discretion	-ary	N	ADJ
discriminate	criminate	dis-	V	V
discriminative	discriminate	-ive	V	ADJ
discriminator	discriminate	-or	V	N
discriminatory	discriminate	-ory	V	ADJ
discursively	discursive	-ly	ADJ	ADV
disdainful	disdain	-ful	N	ADJ
disdainfully	disdainful	-ly	ADJ	ADV
diseased	disease	-ed	N	ADJ
diseconomy	economy	dis-	N	N
disembark	embark	dis-	V	V
disembarkation	disembark	-tion	V	N
disembarkation	disembark	-ation	V	N
disembodied	disembody	-ed	V	ADJ
disembody	embody	dis-	V	V
disembowel	embowel	dis-	V	V
disempower	empower	dis-	V	V
disenchanted	enchant	dis-	N	V
disenchanted	disenchant	-ed	V	V
disenchantment	enchantment	dis-	N	N
disenchantment	enchant	dis-	N	N
disenchantment	disenchant	-ment	V	N
disenfranchise	enfranchise	dis-	V	V
disenfranchised	enfranchised	dis-	V	V
disenfranchisement	enfranchisement	dis-	N	N
disenfranchisement	disenfranchise	-ment	V	N
disengage	engage	dis-	V	N
disengage	engage	dis-	V	V
disengagement	disengage	-ment	V	N
disengagement	engagement	dis-	N	N
disentangle	entangle	dis-	V	V
disentitle	entitle	dis-	V	V
disequilibrium	equilibrium	dis-	N	N
disestablish	establish	dis-	V	V
disestablishment	establishment	dis-	N	N
disestablishment	disestablish	-ment	V	N
disfigurement	disfigure	-ment	V	N
disgorge	gorge	dis-	V	V
disgraceful	disgrace	-ful	N	ADJ
disgracefully	disgraceful	-ly	ADJ	ADV
disgruntled	gruntle	dis-	V	V
disgruntlement	disgruntled	-ment	V	N
disgruntlement	disgruntle	-ment	V	N
disgusted	disgust	-ed	N	ADJ
disgustedly	disgusted	-ly	ADJ	ADV
disgusting	disgust	-ing	N	ADJ
disgustingly	disgusting	-ly	ADJ	ADV
disharmony	harmony	dis-	N	N
dishearten	hearten	dis-	V	V
disheartened	dishearten	-ed	V	ADJ
disheartening	dishearten	-ing	V	ADJ
dishonest	honest	dis-	ADJ	ADJ
dishonestly	dishonest	-ly	ADJ	ADV
dishonestly	honestly	dis-	ADV	ADV
dishonesty	dishonest	-y	ADJ	N
dishonourable	honourable	dis-	ADJ	ADJ
dishonourable	dishonour	-able	N	ADJ
dishy	dish	-y	N	ADJ
disillusion	illusion	dis-	N	V
disillusioned	disillusion	-ed	V	ADJ
disillusionment	disillusion	-ment	V	N
disincentive	incentive	dis-	N	N
disinclination	inclination	dis-	N	N
disinclined	inclined	dis-	ADJ	ADJ
disinfectant	disinfect	-ant	V	N
disinfection	infection	dis-	N	N
disinfection	disinfect	-ion	V	N
disinformation	information	dis-	N	N
disingenuous	ingenuous	dis-	ADJ	ADJ
disinherit	inherit	dis-	V	V
disintegrate	integrate	dis-	V	V
disintegration	integration	dis-	N	N
disintegration	disintegrate	-ion	V	N
disinterest	interest	dis-	N	N
disinterested	interested	dis-	ADJ	ADJ
disinterested	disinterest	-ed	N	ADJ
disinterestedly	disinterested	-ly	ADJ	ADV
disjointed	disjoint	-ed	ADJ	ADJ
disjointed	disjoin	-ed	V	ADJ
disjointed	jointed	dis-	ADJ	ADJ
disjunct	junctus	dis-	N	N
disjuncture	juncture	dis-	N	N
diskette	disk	-ette	N	N
dislike	like	dis-	ADJ	N
dislocate	locate	dis-	V	V
dislocation	dislocate	-ion	V	N
dislodge	lodge	dis-	N	V
disloyal	loyal	dis-	ADJ	ADJ
disloyalty	disloyal	-ty	ADJ	N
dismally	dismal	-ly	ADJ	ADV
dismember	member	dis-	N	V
dismemberment	dismember	-ment	V	N
dismissive	dismiss	-ive	V	ADJ
dismissively	dismissive	-ly	ADJ	ADV
dismount	mount	dis-	N	V
disneyland	disney	-land	N	N
disobedience	obedience	dis-	N	N
disobedience	disobedient	-ence	ADJ	N
disobedient	obedient	dis-	ADJ	ADJ
disobey	obey	dis-	V	V
disordered	disorder	-ed	N	ADJ
disorderly	disorder	-ly	N	ADJ
disorganisation	organisation	dis-	N	N
disorganisation	disorganize	-ation	V	N
disorganization	organization	dis-	N	N
disorganized	disorganize	-ed	V	ADJ
disorient	orient	dis-	N	V
disorientate	disorient	-ate	V	V
disorientation	orientation	dis-	N	N
disorientation	disorientate	-ion	V	N
disoriented	oriented	dis-	ADJ	V
disown	own	dis-	V	V
disparaging	disparage	-ing	V	ADJ
disparagingly	disparaging	-ly	ADJ	ADV
dispassion	passion	dis-	N	N
dispassionate	passionate	dis-	ADJ	ADJ
dispassionately	dispassionate	-ly	ADJ	ADV
dispatcher	dispatch	-er	N	N
dispensable	dispense	-able	V	ADJ
dispensary	dispense	-ary	V	N
dispensation	dispense	-ation	V	N
dispenser	dispense	-er	V	N
dispersal	disperse	-al	V	N
dispersion	disperse	-ion	V	N
dispersive	disperse	-ive	V	ADJ
dispirit	spirit	dis-	N	V
dispirited	dispirit	-ed	V	V
displacement	displace	-ment	V	N
displease	please	dis-	V	V
displeasure	pleasure	dis-	N	N
displeasure	displease	-ure	V	N
disposable	dispose	-able	V	N
disposable	dispose	-able	V	ADJ
disposer	dispose	-er	V	N
disposition	dispose	-ition	V	N
disposition	dispose	-tion	V	N
dispossess	possess	dis-	V	V
dispossession	possession	dis-	N	N
dispossession	dispossess	-ion	V	N
disproportion	proportion	dis-	N	N
disproportionate	proportionate	dis-	ADJ	ADJ
disproportionate	disproportion	-ate	N	ADJ
disproportionately	disproportionate	-ly	ADJ	ADV
disprove	prove	dis-	V	V
disputable	dispute	-able	N	ADJ
disputation	dispute	-ation	V	N
disputatious	disputation	-ous	N	ADJ
disqualification	qualification	dis-	N	N
disqualification	disqualify	-ification	V	N
disqualify	qualify	dis-	V	V
disquiet	quiet	dis-	ADJ	N
disquieting	disquiet	-ing	ADJ	ADJ
disregard	regard	dis-	N	N
disregard	regard	dis-	N	V
disrepair	repair	dis-	N	N
disreputable	reputable	dis-	ADJ	ADJ
disrepute	repute	dis-	N	N
disrepute	repute	dis-	N	V
disrespect	respect	dis-	V	N
disrespectful	respectful	dis-	ADJ	ADJ
disrespectful	disrespect	-ful	N	ADJ
disruption	disrupt	-ion	V	N
disruptive	disrupt	-ive	V	ADJ
disruptive	ruptive	dis-	ADJ	ADJ
dissatisfaction	satisfaction	dis-	N	N
dissatisfaction	dissatisfy	-tion	V	N
dissatisfied	satisfied	dis-	V	ADJ
dissatisfied	dissatisfy	-ed	V	ADJ
dissection	section	dis-	N	N
dissection	dissect	-ion	V	N
dissemination	disseminate	-ion	V	N
disseminator	disseminate	-or	V	N
disseminator	dissemination	-or	N	N
dissenter	dissent	-er	V	N
disservice	service	dis-	N	N
dissidence	dissident	-ence	ADJ	N
dissident	dissent	-ent	V	ADJ
dissimilar	similar	dis-	ADJ	ADJ
dissimilarity	similarity	dis-	N	N
dissimilarity	dissimilar	-ity	ADJ	N
dissimulation	dissimulate	-ion	V	N
dissipation	dissipate	-ion	V	N
dissociation	dissociate	-ion	ADJ	N
dissolution	solution	dis-	N	N
dissonance	dissonant	-ce	ADJ	N
distal	distant	-al	ADJ	ADJ
distally	distal	-ly	ADJ	ADV
distancing	distance	-ing	N	N
distantly	distant	-ly	ADJ	ADV
distaste	taste	dis-	N	N
distasteful	tasteful	dis-	ADJ	ADJ
distasteful	distaste	-ful	N	ADJ
distastefully	distasteful	-ly	ADJ	ADV
distillation	distill	-ation	V	N
distiller	distill	-er	V	N
distillery	distill	-ery	V	N
distillery	distiller	-y	N	N
distinctively	distinctive	-ly	ADJ	ADV
distinctiveness	distinctive	-ness	ADJ	N
distinctly	distinct	-ly	ADJ	ADV
distinctness	distinct	-ness	ADJ	N
distinguishable	distinguish	-able	V	ADJ
distinguished	distinguish	-ed	V	ADJ
distinguishing	distinguish	-ing	V	V
distortion	distort	-ion	V	N
distracted	distract	-ed	V	ADJ
distractedly	distracted	-ly	ADJ	ADV
distracting	distract	-ing	V	V
distractingly	distracting	-ly	V	ADV
distraction	distract	-ion	V	N
distraint	distrain	-t	V	N
distressed	distress	-ed	N	ADJ
distressing	stress	dis-	N	ADJ
distressing	distress	-ing	N	ADJ
distressingly	distressing	-ly	ADJ	ADV
distributable	distribute	-able	V	ADJ
distributed	distribute	-ed	V	V
distributional	distribution	-al	N	ADJ
distributive	distribute	-ive	V	ADJ
distributor	distribute	-or	V	N
distributorship	distributor	-ship	N	N
distrust	trust	dis-	N	N
distrustful	distrust	-ful	V	ADJ
disturbing	disturb	-ing	V	ADJ
disturbingly	disturbing	-ly	ADJ	ADV
disulphate	sulphate	di-	V	N
disunity	unity	dis-	N	N
disunity	disunite	-y	V	N
disuse	use	dis-	V	V
disused	disuse	-ed	N	ADJ
dithering	dither	-ing	V	V
diver	dive	-er	ADJ	N
diverge	verge	di-	V	V
divergence	diverge	-ence	V	N
divergence	divergent	-ence	ADJ	N
diversification	diverse	-ification	ADJ	N
diversification	diversify	-ification	V	N
diversified	diversify	-ed	V	V
diversify	diversity	-fy	N	V
diversify	diversity	-ify	N	V
diversion	diverse	-ion	ADJ	N
diversionary	diversion	-ary	N	ADJ
divestment	divest	-ment	V	N
divided	divide	-ed	V	ADJ
divider	divide	-er	V	N
dividing	divider	-ing	N	ADJ
divinely	divine	-ly	ADJ	ADV
diving	dive	-ing	V	V
divinity	divine	-ity	ADJ	N
divisional	division	-al	N	ADJ
divisive	division	-ive	N	ADJ
divisiveness	divisive	-ness	ADJ	N
divorced	divorce	-ed	N	ADJ
divorcee	divorce	-ee	N	N
dizzily	dizzy	-ly	ADJ	ADV
dizziness	dizzy	-ness	ADJ	N
dizzying	dizzy	-ing	ADJ	ADJ
docility	docile	-ity	ADJ	N
docker	dock	-er	N	N
dockside	dock	-side	N	N
doctoral	doctor	-al	N	ADJ
doctorate	doctor	-ate	N	N
doctrinal	doctrine	-al	N	ADJ
doctrinally	doctrinal	-ly	ADJ	ADV
documentation	document	-ation	N	N
dodger	dodge	-er	N	N
dodgson	dodge	-son	N	N
dodgy	dodge	-y	N	ADJ
dodson	dodge	-son	N	N
doer	do	-er	N	N
dogged	dog	-ed	N	ADJ
dogged	dog	-ed	N	V
doggedly	dogged	-ly	ADJ	ADV
doggedness	dogged	-ness	U	N
doggerel	dog	-rel	N	ADJ
doggie	dog	-ie	N	N
doggy	dog	-y	N	N
dogmatic	dogma	-ic	N	ADJ
dogmatically	dogmatic	-ally	ADJ	ADV
dogmatically	dogmatic	-ly	ADJ	ADV
dogmatism	dogmatic	-ism	ADJ	N
dogs	dog	-s	N	N
doing	doer	-ing	N	N
doleful	dole	-ful	V	ADJ
dolefully	doleful	-ly	ADJ	ADV
dolly	doll	-y	N	N
domed	dome	-ed	N	ADJ
domestically	domestic	-ally	ADJ	ADV
domesticate	domestic	-ate	ADJ	V
domesticated	domesticate	-ed	V	V
domestication	domesticate	-ion	V	N
domesticity	domestic	-ity	ADJ	N
dominance	dominant	-ance	N	N
dominance	dominate	-ance	V	N
dominantly	dominant	-ly	ADJ	ADV
domination	dominate	-ion	V	N
dominican	dominica	-an	N	N
donaldson	donald	-son	N	N
donnish	don	-ish	N	ADJ
donny	donald	-y	N	N
doomed	doom	-ed	N	ADJ
doorman	door	-man	N	N
dopamine	dopa	-amine	N	N
dopey	dope	-y	N	ADJ
doping	dope	-ing	N	V
doping	dope	-ing	N	N
doreen	dora	-een	N	N
dormancy	dormant	-cy	ADJ	N
dormant	dorm	-ant	N	ADJ
dormer	dorm	-er	N	N
dorsal	dorsum	-al	N	ADJ
dosage	dose	-age	N	N
dosing	doser	-ing	N	N
dosser	doss	-er	V	N
dost	do	-st	N	V
dotage	dote	-age	V	N
doting	dote	-ing	V	V
dotted	dot	-ed	N	V
dotty	dot	-y	N	ADJ
doublet	double	-et	ADJ	N
doubly	double	-ly	N	ADV
doubter	doubt	-er	N	N
doubtful	doubt	-ful	N	ADJ
doubtfully	doubtful	-ly	ADJ	ADV
doubting	doubt	-ing	V	V
doubtless	doubt	-less	N	ADJ
doubtless	doubt	-less	N	ADV
doubtlessly	doubtless	-ly	ADV	ADV
doughty	dought	-y	N	ADJ
doughy	dough	-y	N	ADJ
dougie	doug	-ie	N	N
dourly	dour	-ly	ADJ	ADV
dovetailing	dovetail	-ing	N	V
downbeat	beat	down-	N	N
downcast	cast	down-	V	ADJ
downer	down	-er	ADV	N
downfall	fall	down-	N	N
downgrade	grade	down-	N	N
downhearted	hearted	down-	ADJ	ADJ
downhill	hill	down-	N	ADV
downhill	hill	down-	N	ADJ
downland	down	-land	N	N
download	load	down-	N	N
downmarket	market	down-	N	ADJ
downpipe	pipe	down-	N	N
downpour	pour	down-	V	N
downright	right	down-	ADJ	ADJ
downriver	river	down-	N	ADJ
downriver	river	down-	N	ADV
downsize	size	down-	N	V
downstream	stream	down-	N	ADJ
downswing	swing	down-	V	N
downtrodden	trodden	down-	V	ADJ
downturn	turn	down-	V	N
downward	down	-ward	ADV	ADV
downwardly	downward	-ly	ADJ	ADV
downwards	down	-wards	ADV	ADV
downwards	downward	-s	ADJ	ADV
downwind	wind	down-	N	ADV
downwind	wind	down-	N	N
downy	down	-y	ADV	ADJ
dowry	dower	-y	N	N
dozy	doze	-y	N	ADJ
dozy	dose	-y	N	ADJ
drabness	drab	-ness	N	N
drafter	draft	-er	N	N
drafting	draft	-ing	N	N
drafty	draft	-y	N	ADJ
dragging	drag	-ing	N	ADJ
drainage	drain	-age	N	N
drained	drain	-ed	N	ADJ
drainer	drain	-er	N	N
draining	drain	-ing	V	N
dramatise	dramatic	-ise	ADJ	V
dramatist	drama	-ist	N	N
dramatization	dramatize	-ation	V	N
dramatize	drama	-ize	N	V
dramatize	dramatic	-ize	ADJ	V
draper	drape	-er	N	N
drapery	drape	-ry	N	N
drastically	drastic	-ally	ADJ	ADV
draught	draw	-t	V	N
draughtsman	draught	-man	N	N
draughtsmanship	draughtsman	-ship	N	N
draughty	draught	-y	N	ADJ
dreadful	dread	-ful	N	ADJ
dreadfully	dreadful	-ly	ADJ	ADV
dreadlock	dread	-lock	N	N
dreamer	dream	-er	V	N
dreamily	dreamy	-ly	ADJ	ADV
dreamland	dream	-land	N	N
dreamless	dream	-less	V	ADJ
dreamlike	dream	-like	V	ADJ
dreamy	dream	-y	N	ADJ
drearily	dreary	-ly	ADJ	ADV
dreariness	dreary	-ness	ADJ	N
dreary	drear	-y	ADJ	ADJ
dredger	dredge	-er	V	N
dredging	dredge	-ing	V	N
dressed	dress	-ed	V	V
dresser	dress	-er	N	N
dressing	dress	-ing	N	N
dressing	dress	-ing	N	V
dressy	dress	-y	V	ADJ
dribble	drib	-le	V	V
dribbling	dribble	-ing	V	N
drier	dry	-er	ADJ	ADJ
drier	dry	-er	ADJ	N
drifter	drift	-er	N	N
driller	drill	-er	N	N
drilling	drill	-ing	V	V
drily	dry	-ly	ADJ	ADV
drinkable	drink	-able	N	ADJ
drinker	drink	-er	N	N
dripping	drip	-ing	N	N
drippy	drip	-y	N	ADJ
driven	drive	-n	V	V
driven	drive	-en	V	V
drizzly	drizzle	-y	N	ADJ
drooping	droop	-ing	V	V
droopy	droop	-y	V	ADJ
droplet	drop	-let	N	N
dropper	drop	-er	N	N
drover	drove	-er	N	N
drowned	drown	-ed	V	V
drowning	drown	-ing	V	N
drowsily	drowsy	-ly	ADJ	ADV
drowsiness	drowsy	-ness	ADJ	N
drowsy	drowse	-y	V	ADJ
drubbing	drub	-ing	U	V
drudgery	drudge	-ery	N	N
drudgery	drudge	-ry	N	N
druidical	druid	-ical	N	ADJ
drummer	drum	-er	N	N
drumming	drum	-ing	V	N
drunkard	drunk	-ard	ADJ	N
drunken	drink	-en	V	V
drunken	drunk	-en	ADJ	V
drunkenly	drunken	-ly	ADJ	ADV
drunkenness	drunken	-ness	ADJ	N
dryer	dry	-er	ADJ	N
dryer	dry	-er	ADJ	ADJ
drying	dry	-ing	ADJ	V
dryish	dry	-ish	ADJ	ADJ
dryly	dry	-ly	ADJ	ADV
dryness	dry	-ness	ADJ	N
dualism	dual	-ism	ADJ	N
dualist	dual	-ist	ADJ	ADJ
dualist	dualism	-ist	N	N
dualistic	dual	-istic	ADJ	ADJ
dualistic	dualist	-ic	N	ADJ
duality	dual	-ity	ADJ	N
dubbing	dub	-ing	V	N
dubiously	dubious	-ly	ADJ	ADV
dubliner	dublin	-er	N	N
duchess	duke	-ess	N	N
duckie	duck	-ie	N	N
duckling	duck	-ling	N	N
ducky	duck	-y	N	ADJ
dues	due	-s	ADJ	N
duffer	duff	-er	N	N
dukedom	duke	-dom	N	N
dullard	dull	-ard	ADJ	N
dullness	dull	-ness	ADJ	N
dully	dull	-ly	ADJ	ADV
duly	due	-ly	ADJ	ADV
dumbfounded	dumbfound	-ed	V	ADJ
dumbly	dumb	-ly	ADJ	ADV
dumbo	dumb	-o	ADJ	N
dumfriesshire	dumfries	-shire	N	N
dummy	dumb	-y	V	N
dumper	dump	-er	V	N
dumping	dump	-ing	N	V
duodenal	duodenum	-al	N	ADJ
duodenitis	duodenum	-itis	N	N
duplication	duplicate	-ion	N	N
duplicitous	duplicity	-ous	N	ADJ
duplicity	duplex	-ity	ADJ	N
durability	durable	-ity	ADJ	N
dusky	dusk	-y	N	ADJ
dustbin	dust	-in	N	N
duster	dust	-er	N	N
dustman	dust	-man	N	N
dusty	dust	-y	N	ADJ
dutchman	dutch	-man	ADJ	N
dutiful	duty	-ful	N	ADJ
dutifully	dutiful	-ly	ADJ	ADV
dwarfish	dwarf	-ish	N	ADJ
dweller	dwell	-er	V	N
dwelling	dwell	-ing	V	V
dwelling	dwell	-ing	V	N
dwindle	dwine	-le	V	V
dwindling	dwindle	-ing	V	V
dyadic	dyad	-ic	N	ADJ
dyed	dye	-ed	V	V
dyeing	dye	-ing	V	V
dyer	dye	-er	N	N
dying	die	-ing	N	ADJ
dying	dye	-ing	N	V
dynamical	dynamic	-al	ADJ	ADJ
dynamically	dynamic	-ally	ADJ	ADV
dynamically	dynamical	-ly	ADJ	ADV
dynamism	dynamic	-ism	ADJ	N
dynastic	dynasty	-ic	N	ADJ
dynastic	dynast	-ic	N	ADJ
dynasty	dynast	-y	N	N
dysfunction	function	dys-	N	N
dysfunctional	dysfunction	-al	N	ADJ
dyslexic	dyslexia	-ic	N	ADJ
eagerly	eager	-ly	ADJ	ADV
eagerness	eager	-ness	ADJ	N
earful	ear	-ful	N	N
earldom	earl	-dom	N	N
earner	earn	-er	V	N
earnest	earn	-est	V	V
earnestly	earnest	-ly	ADJ	ADV
earnestness	earnest	-ness	ADJ	N
earphone	ear	-phone	N	N
earthbound	earth	-bound	N	ADJ
earthen	earth	-en	N	ADJ
earthen	earth	-en	N	V
earthenware	earthen	-ware	ADJ	N
earthiness	earthy	-ness	ADJ	N
earthling	earth	-ling	N	N
earthly	earth	-ly	N	ADJ
earthy	earth	-y	N	ADJ
easiness	easy	-ness	ADJ	N
eastbound	east	-bound	N	ADJ
easterly	easter	-ly	ADJ	N
eastward	east	-ward	N	N
eastwards	east	-wards	N	ADV
eatable	eat	-able	V	ADJ
eater	eat	-er	V	N
eatery	eat	-ery	V	N
eavesdropper	eavesdrop	-er	V	N
eavesdropping	eavesdrop	-ing	V	N
ebony	ebon	-y	ADJ	N
ebullience	ebullient	-ence	ADJ	N
eccentrically	eccentric	-ally	N	ADV
eccentricity	eccentric	-ity	ADJ	N
ecclesiastic	ecclesiast	-ic	N	ADJ
ecclesiastical	ecclesiastic	-al	ADJ	ADJ
eclecticism	eclectic	-ism	ADJ	N
ecologically	ecological	-ly	ADJ	ADV
ecologist	ecology	-ist	N	N
economical	economic	-al	ADJ	ADJ
economically	economical	-ly	ADJ	ADV
economise	economy	-ise	N	V
economize	economy	-ize	ADJ	V
economize	economic	-ize	ADJ	V
ecosystem	system	eco-	N	N
ecstatic	ecstasy	-atic	N	ADJ
ecstatic	ecstasy	-ic	N	ADJ
ecstatically	ecstatic	-ally	ADJ	ADV
ectopic	ectopia	-ic	N	ADJ
ecuadorian	ecuador	-ian	N	U
ecuadorian	ecuador	-ian	N	ADJ
ecumenical	ecumenic	-al	ADJ	ADJ
ecumenically	ecumenical	-ly	ADJ	ADV
ecumenism	ecumene	-ism	N	N
eddy	ea	ed-	N	N
edged	edge	-ed	N	V
edgily	edgy	-ly	ADJ	ADV
edginess	edgy	-ness	ADJ	N
edging	edge	-ing	N	V
edgy	edge	-y	N	ADJ
edification	edify	-ification	V	N
editorial	editor	-ial	N	ADJ
editorially	editorial	-ly	ADJ	ADV
editorship	editor	-ship	N	N
edmondson	edmond	-son	N	N
edmunds	edmund	-s	N	N
educated	educate	-ed	V	ADJ
educationalist	educational	-ist	ADJ	N
educationally	educational	-ly	ADJ	ADV
educationist	education	-ist	N	N
educative	educate	-ive	V	ADJ
edwardian	edward	-ian	N	ADJ
edwards	edward	-s	N	N
eerily	eerie	-ly	ADJ	ADV
eerily	eery	-ly	ADJ	ADV
effector	effect	-or	N	N
effectually	effectual	-ly	ADJ	ADV
effervescence	effervescent	-ce	ADJ	N
effervescence	effervescent	-ence	ADJ	N
effervescence	effervesce	-ence	V	N
efficiently	efficient	-ly	ADJ	ADV
effing	eff	-ing	V	ADJ
effortless	effort	-less	N	ADJ
effortlessly	effortless	-ly	ADJ	ADV
effusive	effuse	-ive	V	ADJ
effusively	effusive	-ly	ADJ	ADV
egalitarianism	egalitarian	-ism	ADJ	N
egghead	egg	-head	N	N
egocentric	ego	-centric	N	ADJ
egocentricity	egocentric	-ity	ADJ	N
egoism	ego	-ism	N	N
egoistic	egoist	-ic	N	ADJ
egotism	ego	-ism	N	N
egotist	egotism	-ist	N	N
egotistical	egotistic	-al	ADJ	ADJ
egyptian	egypt	-ian	N	ADJ
egyptologist	egyptology	-ist	N	N
eigenvalue	value	eigen-	N	N
eightfold	eight	-fold	N	ADJ
eightfold	eight	-fold	N	ADV
eightieth	eighty	-eth	N	ADJ
ejaculation	ejaculate	-ion	V	N
ejection	eject	-ion	V	N
elaborately	elaborate	-ly	ADJ	ADV
elaboration	elaborate	-ion	ADJ	N
elasticated	elastic	-ated	N	ADJ
elasticity	elastic	-ity	ADJ	N
elated	elate	-ed	ADJ	ADJ
elation	elate	-ion	ADJ	N
electioneer	election	-eer	N	V
elective	elect	-ive	V	ADJ
elector	elect	-or	V	N
electorally	electoral	-ly	ADJ	ADV
electorate	elector	-ate	N	N
electrically	electric	-ally	ADJ	ADV
electrically	electrical	-ly	ADJ	ADV
electrician	electric	-ian	ADJ	N
electrification	electrify	-ation	V	N
electrification	electrify	-ification	V	N
electrify	electric	-ify	ADJ	V
electrocardiogram	cardiogram	electro-	N	N
electrochemical	chemical	electro-	ADJ	ADJ
electrochemistry	chemistry	electro-	N	N
electrocution	electrocute	-ion	V	N
electroencephalogram	encephalogram	electro-	N	N
electrolytic	electrolyte	-ic	N	ADJ
electromagnetic	magnetic	electro-	ADJ	ADJ
electromagnetic	electromagnet	-ic	N	ADJ
electromagnetism	magnetism	electro-	N	N
electromechanical	mechanical	electro-	ADJ	U
electromechanical	mechanical	electro-	ADJ	ADJ
electromechanical	electromechanics	-al	N	ADJ
electronically	electronic	-ally	ADJ	ADV
electrophoresis	phoresis	electro-	N	N
electrophysiological	physiological	electro-	ADJ	ADJ
electroplate	plate	electro-	V	V
electrostatic	static	electro-	ADJ	ADJ
elegance	elegant	-ce	ADJ	N
elegantly	elegant	-ly	N	ADV
elegiac	elegy	-ac	N	ADJ
elemental	element	-al	N	ADJ
elephantine	elephant	-ine	N	ADJ
elevation	elevate	-ion	V	N
eleventh	eleven	-th	ADJ	ADJ
elfin	elf	-in	N	N
elicitation	elicit	-ation	V	N
eligibility	eligible	-ity	ADJ	N
elimination	eliminate	-tion	V	N
elimination	eliminate	-ion	V	N
eliminator	eliminate	-or	V	N
elision	elide	-ion	V	N
elitism	elite	-ism	N	N
elitist	elite	-ist	N	ADJ
elizabethan	elizabeth	-an	N	ADJ
elliptical	elliptic	-al	ADJ	ADJ
elliptically	elliptical	-ly	ADJ	ADV
ellison	ellis	-son	N	N
elongation	elongate	-ion	V	N
elope	lope	and-	V	V
eloquence	eloquent	-ence	ADJ	N
eloquently	eloquent	-ly	ADJ	ADV
elucidation	elucidate	-ion	V	N
elusive	elude	-ive	V	ADJ
elusively	elusive	-ly	ADJ	ADV
elusiveness	elusive	-ness	ADJ	N
elysian	elysium	-an	N	N
emaciated	emaciate	-ed	V	ADJ
emaciation	emaciate	-ion	V	N
emanation	emanate	-ion	V	N
emancipation	emancipate	-tion	V	N
emancipation	emancipate	-ion	V	N
emancipatory	emancipate	-ory	V	ADJ
embalm	balm	em-	N	V
embalmer	embalm	-er	V	N
embalming	embalm	-ing	V	N
embankment	embank	-ment	V	N
embarkation	embark	-ation	V	N
embarrassed	embarrass	-ed	V	ADJ
embarrassedly	embarrassed	-ly	ADJ	ADV
embarrassing	embarrass	-ing	V	ADJ
embarrassingly	embarrassing	-ly	ADJ	ADV
embattle	battle	em-	N	V
embattled	embattle	-ed	V	ADJ
embed	bed	en-	N	V
embed	bed	em-	N	V
embedding	embed	-ing	V	N
embellishment	embellish	-ment	V	N
ember	run	umb-	V	ADJ
embezzlement	embezzle	-ment	V	N
embitter	bitter	en-	ADJ	V
emblazon	blazon	en-	N	V
emblematic	emblem	-atic	N	ADJ
embodiment	embody	-ment	V	N
embody	body	em-	N	V
embolden	bold	em-	ADJ	V
embolism	embolus	-ism	N	N
emboss	boss	em-	N	V
embroider	broider	em-	V	V
embroidery	embroider	-y	V	N
embryology	embryo	-logy	N	N
embryonic	embryo	-ic	N	ADJ
emendation	emend	-ation	V	N
emergence	emerge	-ence	V	N
emergence	emergent	-ence	ADJ	N
emerson	emery	-son	N	N
emetic	emesis	-ic	N	ADJ
emigrant	emigrate	-ant	V	N
emigrate	emigre	-ate	N	V
emigration	emigrate	-ion	V	N
emilia	emily	-ia	N	N
eminence	eminent	-ence	ADJ	N
eminently	eminent	-ly	ADJ	ADV
emirate	emir	-ate	N	N
emitter	emit	-er	V	N
emmerson	emery	-son	N	N
emotionalism	emotional	-ism	ADJ	N
emotionality	emotional	-ity	ADJ	N
emotionally	emotional	-ly	ADJ	ADV
emotionless	emotion	-less	N	ADJ
empathetic	empathy	-etic	N	ADJ
empathic	empathy	-ic	N	ADJ
empathise	empathy	-ise	N	V
empathize	empathy	-ize	N	V
emphatic	emphasis	-ic	N	ADJ
emphatically	emphatic	-ally	ADJ	ADV
emphatically	emphatical	-ly	ADJ	ADV
empirically	empirical	-ly	ADJ	ADV
empiricism	empiric	-ism	ADJ	N
empiricist	empiric	-ist	ADJ	N
emplace	place	en-	N	V
emplacement	emplace	-ment	V	N
employability	employable	-ity	ADJ	N
employable	employ	-able	V	ADJ
employing	employ	-ing	N	V
empower	power	en-	N	V
empower	power	em-	N	V
empowerment	empower	-ment	V	N
empress	emperor	-ess	N	V
empress	empire	-ess	N	N
emptily	empty	-ly	ADJ	ADV
emptiness	empty	-ness	ADJ	N
emptying	empty	-ing	ADJ	V
emulation	emulate	-ion	V	N
emulator	emulate	-or	V	N
enabler	enable	-er	V	N
enact	act	en-	V	V
enactment	enact	-ment	V	N
encamp	camp	en-	N	V
encampment	encamp	-ment	V	N
encapsulation	capsule	en-	N	N
encapsulation	encapsulate	-ion	V	N
encase	case	en-	N	V
encash	cash	en-	N	V
enchanted	enchant	-ed	N	V
enchanter	enchant	-er	V	N
enchanting	enchant	-ing	V	V
enchantment	enchant	-ment	N	N
enchantress	enchanter	-ess	N	N
enchantress	enchant	-ress	V	N
encircle	circle	en-	N	V
encirclement	encircle	-ment	V	N
enclosed	enclose	-ed	V	ADJ
enclosure	enclose	-ure	V	N
encode	code	en-	N	V
encoding	encode	-ing	V	N
encompass	compass	en-	N	V
encourager	encourage	-er	V	N
encouragingly	encouraging	-ly	ADJ	ADV
encroachment	encroach	-ment	V	N
encrust	crust	en-	N	V
encrustation	encrust	-ation	V	N
encumbrance	encumber	-ance	V	N
encyclopaedic	encyclopaedia	-ic	N	ADJ
encyclopedic	encyclopedia	-ic	N	ADJ
endanger	danger	en-	N	V
endangered	endanger	-ed	V	ADJ
endear	dear	en-	ADJ	V
endearing	endear	-ing	V	ADJ
endearing	dear	en-	ADJ	ADJ
endearingly	endearing	-ly	ADJ	ADV
endearment	endear	-ment	V	N
ender	end	-er	N	N
ending	end	-ing	N	N
ending	end	-ing	N	V
endlessly	endless	-ly	ADJ	ADV
endogenously	endogenous	-ly	ADJ	ADV
endometriosis	endometrium	-osis	N	N
endorsement	endorse	-ment	V	N
endoscope	scope	endo-	N	N
endoscopic	endoscope	-ic	N	ADJ
endoscopically	endoscopic	-ally	ADJ	ADV
endoscopy	endoscope	-y	N	N
endothelial	endothelium	-al	N	ADJ
endothelium	thelium	endo-	N	N
endotoxin	toxin	endo-	N	N
endowment	endow	-ment	V	N
endurable	endure	-able	V	ADJ
endurance	endure	-ance	V	N
enduring	endure	-ing	V	ADJ
energetic	energy	-etic	N	ADJ
energetically	energetic	-ally	ADJ	ADV
energize	energy	-ize	N	V
enfeeble	feeble	en-	ADJ	V
enfold	fold	en-	V	V
enforceability	enforce	-ability	V	N
enforceable	enforce	-able	V	ADJ
enforced	enforce	-ed	V	ADJ
enforcer	enforce	-er	V	N
enfranchise	franchise	en-	N	V
enfranchisement	enfranchise	-ment	V	N
engaged	engage	-ed	V	ADJ
engaging	engage	-ing	V	ADJ
engagingly	engaging	-ly	ADJ	ADV
engender	gender	en-	N	V
engined	engine	-ed	N	ADJ
engineered	engineer	-ed	V	ADJ
englander	england	-er	N	N
englishman	english	-man	ADJ	N
englishness	english	-ness	N	N
englishwoman	english	-woman	ADJ	N
engorge	gorge	en-	N	V
engrave	grave	en-	N	V
engraver	engrave	-er	V	N
engraving	engrave	-ing	V	N
engulf	gulf	en-	N	V
enhanced	enhance	-ed	V	ADJ
enhancement	enhance	-ment	V	N
enhancer	enhance	-er	V	N
enigmatic	enigma	-ic	N	ADJ
enigmatically	enigmatic	-ally	ADJ	ADV
enigmatically	enigmatical	-ly	ADJ	ADV
enjoyable	enjoy	-able	V	ADJ
enjoyably	enjoyable	-ly	ADJ	ADV
enjoyment	enjoy	-ment	V	N
enlarge	large	en-	ADJ	V
enlarged	enlarge	-ed	V	V
enlargement	enlarge	-ment	V	N
enlarger	enlarge	-er	V	N
enlighten	light	-en	ADJ	V
enlightened	enlighten	-ed	V	ADJ
enlightenment	enlighten	-ment	V	N
enlist	list	en-	V	V
enlistment	enlist	-ment	V	N
enliven	live	en-	V	V
enmesh	mesh	en-	N	V
ennoble	noble	en-	ADJ	V
enormity	enormous	-ity	ADJ	N
enormously	enormous	-ly	ADJ	ADV
enquirer	enquire	-er	V	N
enrage	rage	en-	N	V
enrapture	rapture	en-	N	V
enrich	rich	en-	N	V
enrichment	enrich	-ment	V	N
enrolment	enrol	-ment	V	N
ensconce	sconce	en-	N	V
enshrine	shrine	en-	N	V
enshroud	shroud	en-	N	V
enslave	slave	en-	ADJ	V
enslavement	enslave	-ment	V	N
ensnare	snare	en-	N	V
entail	tail	en-	N	V
entangle	tangle	en-	V	V
entanglement	entangle	-ment	V	N
enteritis	enteric	-itis	ADJ	N
enterprising	enterprise	-ing	N	ADJ
entertainer	entertain	-er	V	N
entertaining	entertain	-ing	V	ADJ
entertainingly	entertaining	-ly	ADJ	ADV
enthronement	enthrone	-ment	V	N
enthusiastically	enthusiastic	-ally	ADJ	ADV
enticement	entice	-ment	V	N
enticing	entice	-ing	V	ADJ
enticingly	enticing	-ly	ADJ	ADV
entirety	entire	-ty	ADJ	N
entitlement	entitle	-ment	V	N
entomb	tomb	en-	N	V
entomological	entomology	-ical	N	ADJ
entomologist	entomology	-ist	N	N
entrain	train	en-	N	V
entranced	entrance	-ed	N	ADJ
entrap	trap	en-	N	V
entrapment	entrap	-ment	V	N
entreaty	entreat	-y	V	N
entrench	trench	en-	N	V
entrenchment	entrench	-ment	V	N
entrepreneurial	entrepreneur	-ial	N	ADJ
entrepreneurship	entrepreneur	-ship	N	N
entrust	trust	en-	N	V
entwine	twine	en-	N	V
enumeration	enumerate	-ion	V	N
enunciation	enunciate	-ion	V	N
enviable	envy	-able	N	ADJ
envious	envy	-ous	N	ADJ
enviously	envious	-ly	ADJ	ADV
environmentalism	environmental	-ism	ADJ	N
environmentalist	environmental	-ist	ADJ	N
environmentally	environmental	-ly	ADJ	ADV
enzymatic	enzyme	-atic	N	ADJ
ephesian	ephesus	-ian	N	ADJ
epicentre	centre	epi-	N	N
epidemic	demic	epi-	ADJ	N
epidemiological	epidemiology	-ical	N	ADJ
epidemiologist	epidemiology	-ist	N	N
epidermal	epidermis	-al	N	ADJ
epidermis	dermis	epi-	N	N
epidural	dural	epi-	ADJ	ADJ
epileptic	epilepsy	-ic	N	ADJ
episcopalian	episcopal	-ian	ADJ	N
episodic	episode	-ic	N	ADJ
epistemological	epistemology	-ical	N	ADJ
epithelial	epithelium	-al	N	ADJ
epitomize	epitome	-ize	N	V
epochal	epoch	-al	N	ADJ
eponymous	eponym	-ous	N	ADJ
equably	equable	-ly	ADJ	ADV
equably	equable	-ly	ADJ	U
equalisation	equal	-isation	ADJ	N
equalisation	equalise	-ation	V	N
equalise	equal	-ise	ADJ	V
equaliser	equalise	-er	V	N
equalization	equalize	-ation	V	N
equalize	equal	-ize	ADJ	V
equalizer	equalize	-er	V	N
equate	equal	-ate	ADJ	V
equator	equation	-or	N	N
equatorial	equator	-ial	N	ADJ
equestrianism	equestrian	-ism	ADJ	N
equilateral	lateral	equi-	ADJ	ADJ
equilibrate	equilibrium	-ate	N	N
equitably	equitable	-ly	ADJ	ADV
equivalence	valence	equi-	N	V
equivalence	equivalent	-ence	N	N
equivalently	equivalent	-ly	ADJ	ADV
equivocation	equivocate	-ion	V	N
eradication	eradicate	-tion	V	N
eradication	eradicate	-ion	V	N
eraser	erase	-er	V	N
erasure	erase	-ure	V	N
erection	erect	-ion	V	N
erector	erect	-or	V	N
ergonomically	ergonomic	-ally	ADJ	ADV
ergonomics	ergonomic	-s	ADJ	N
eritrean	eritrea	-an	N	ADJ
ernie	ernest	-ie	N	N
erosive	erosion	-ive	N	ADJ
erotically	erotic	-ally	ADJ	ADV
eroticise	erotic	-ise	ADJ	V
eroticism	erotic	-ism	ADJ	N
errant	err	-ant	N	N
erratically	erratic	-ally	ADJ	ADV
erroneously	erroneous	-ly	ADJ	ADV
erudition	erudite	-tion	ADJ	N
erudition	erudite	-ion	ADJ	N
eruption	erupt	-ion	V	N
eruptive	erupt	-ive	V	ADJ
es	e	-s	N	N
escalation	escalate	-ion	V	N
escapee	escape	-ee	N	N
escapement	escape	-ment	V	N
escaper	escape	-er	V	N
escapism	escape	-ism	N	N
escapist	escape	-ist	N	ADJ
escapologist	escapology	-ist	N	N
escarpment	escarp	-ment	N	N
escutcheon	scutcheon	e-	N	N
espousal	espouse	-al	V	N
essayist	essay	-ist	N	N
essentialism	essential	-ism	ADJ	N
essentialist	essential	-ist	ADJ	N
esteemed	esteem	-ed	N	ADJ
estimation	estimate	-ion	N	N
estimator	estimate	-or	N	N
estonian	estonia	-an	N	ADJ
estrangement	estrange	-ment	V	N
estuarine	estuary	-ine	N	ADJ
etching	etch	-ing	V	N
eternally	eternal	-ly	ADJ	ADV
eternity	eternal	-ity	ADJ	N
ethane	eth-	-ane	U	N
ethanol	ethane	-ol	N	N
ethically	ethical	-ly	ADJ	ADV
ethiopian	ethiopia	-an	N	N
ethiopian	ethiopia	-an	N	ADJ
ethnically	ethnic	-ally	ADJ	ADV
ethnicity	ethnic	-ity	ADJ	N
ethnocentrism	ethnocentric	-ism	ADJ	N
ethnographic	ethnography	-ic	N	ADJ
ethnological	ethnology	-ical	N	ADJ
ethnomethodology	methodology	ethno-	N	N
ethologist	ethology	-ist	N	N
ethologist	ethologic	-ist	ADJ	N
ethylene	ethyl	-ene	N	N
etonian	eton	-ian	N	N
etymological	etymology	-ical	N	ADJ
etymologically	etymological	-ly	ADJ	ADV
eucharistic	eucharist	-ic	N	ADJ
euclidean	euclid	-ian	N	ADJ
euclidean	euclid	-ean	N	ADJ
eugenia	eugene	-ia	N	N
eugenie	eugene	-ie	N	N
eukaryotic	eukaryote	-ic	N	ADJ
eulogise	eulogy	-ise	N	V
eulogy	logia	eu-	N	N
euphemistic	euphemism	-istic	N	ADJ
euphemistically	euphemistic	-ally	ADJ	ADV
euphoric	euphoria	-ic	N	ADJ
eurasian	asian	Euro-	N	ADJ
eurasian	eurasia	-an	N	ADJ
eurobond	bond	Euro-	N	N
eurocurrency	currency	Euro-	N	N
eurodollar	dollar	Euro-	N	N
europeanisation	european	-isation	ADJ	N
europeanisation	europeanise	-ation	V	N
eurotunnel	tunnel	Euro-	N	N
eurovision	vision	Euro-	N	N
eurythmic	eurythmy	-ic	N	ADJ
eutrophication	eutrophicate	-ion	V	N
eutrophication	eutrophic	-ation	ADJ	N
evacuation	evacuate	-ion	V	N
evacuee	evacuate	-ee	V	N
evaluative	evaluate	-ive	V	ADJ
evaluator	evaluate	-or	V	N
evangelical	evangelic	-al	ADJ	ADJ
evangelicalism	evangelical	-ism	ADJ	N
evangelisation	evangelize	-ation	V	N
evangelism	evangel	-ism	N	N
evangelistic	evangelist	-ic	N	ADJ
evaporation	evaporate	-ion	V	N
evasion	evade	-ion	V	N
evasive	evade	-ive	V	ADJ
evasively	evasive	-ly	ADJ	ADV
evasiveness	evasive	-ness	ADJ	N
evenly	even	-ly	ADJ	ADV
evenness	even	-ness	ADJ	N
eventful	event	-ful	N	ADJ
eventing	event	-ing	N	N
eventual	event	-ual	N	ADJ
eventuality	eventual	-ity	ADJ	N
eventuate	event	-ate	N	V
evergreen	green	ever-	ADJ	ADJ
everlastingly	everlasting	-ly	ADJ	ADV
evermore	ever	-more	ADJ	ADV
eviction	evict	-ion	V	N
evidential	evidence	-ial	N	ADJ
evilly	evil	-ly	N	ADV
evocation	evoke	-ation	V	N
evocative	evocation	-ive	N	ADJ
evocatively	evocative	-ly	ADJ	ADV
evolutionarily	evolutionary	-ly	ADJ	ADV
evolutionary	evolution	-ary	N	ADJ
evolutionism	evolution	-ism	N	N
evolutionist	evolution	-ist	N	N
exacerbate	acerbate	ex-	V	V
exacerbation	exacerbate	-ion	V	N
exacting	exact	-ing	V	ADJ
exaction	exact	-ion	V	N
exactitude	exact	-itude	ADJ	N
exactness	exact	-ness	V	N
exaggerated	exaggerate	-ed	V	ADJ
exaggeratedly	exaggerated	-ly	ADJ	ADV
exaggeration	exaggerate	-ion	V	N
exaltation	exalt	-ation	V	N
examiner	examine	-er	V	N
exasperated	exasperate	-ed	V	V
exasperatedly	exasperated	-ly	V	ADV
exasperating	exasperate	-ing	V	V
exasperation	exasperate	-ion	V	N
excavation	excavate	-ion	V	N
excavator	excavate	-or	V	N
exceedingly	exceeding	-ly	V	ADV
excellence	excellent	-ence	ADJ	N
excellency	excellent	-cy	ADJ	N
excellently	excellent	-ly	ADJ	ADV
excepting	except	-ing	V	ADJ
exceptionally	exceptional	-ly	ADJ	ADV
excessively	excessive	-ly	ADJ	ADV
exchangeable	exchange	-able	ADJ	ADJ
exchanger	exchange	-er	ADJ	N
excision	excise	-ion	N	N
excitability	excite	-ability	V	N
excitable	excite	-able	V	ADJ
excitation	excite	-ation	V	N
excitedly	excited	-ly	ADJ	ADV
excitingly	exciting	-ly	ADJ	ADV
exclamation	exclaim	-tion	N	N
excluder	exclude	-er	V	N
exclusionary	exclusion	-ary	N	ADJ
exclusiveness	exclusive	-ness	ADJ	N
exclusivity	exclusive	-ity	ADJ	N
excommunication	communication	ex-	N	N
excommunication	excommunicate	-ion	V	N
excretion	excrete	-ion	V	N
excruciatingly	excruciating	-ly	ADJ	ADV
excusable	excuse	-able	V	ADJ
execrable	execrate	-able	V	ADJ
executable	execute	-able	V	ADJ
executioner	execution	-er	N	N
executor	execute	-or	V	N
exemplary	exemplar	-y	N	ADJ
exemplification	exemplify	-ification	V	N
exemption	exempt	-ion	ADJ	N
exercisable	exercise	-able	N	ADJ
exertion	exert	-ion	V	N
exfoliating	exfoliate	-ing	V	V
exhalation	exhale	-ation	V	N
exhausted	exhaust	-ed	N	ADJ
exhausting	exhaust	-ing	N	ADJ
exhaustion	exhaust	-ion	N	N
exhaustive	exhaust	-ive	N	ADJ
exhaustively	exhaustive	-ly	ADJ	ADV
exhibitionism	exhibition	-ism	N	N
exhibitionist	exhibition	-ist	N	N
exhibitor	exhibit	-or	V	N
exhilarating	exhilarate	-ing	V	V
exhilaration	exhilarate	-ion	V	N
exhortation	exhort	-ation	V	N
exhumation	exhume	-ation	V	N
exigency	exigent	-cy	ADJ	N
existent	exist	-ent	V	ADJ
existential	existence	-ial	N	ADJ
existentialism	existential	-ism	ADJ	N
existentialist	existential	-ist	ADJ	N
existentialist	existential	-ist	ADJ	ADJ
exogenously	exogenous	-ly	ADJ	ADV
exon	express	-on	ADJ	N
exorbitantly	exorbitant	-ly	ADJ	ADV
exorcism	exorcise	-ism	V	N
exorcist	exorcism	-ist	N	N
exotically	exotic	-ally	ADJ	ADV
exoticism	exotic	-ism	ADJ	N
expandable	expand	-able	V	ADJ
expansionary	expansion	-ary	N	ADJ
expansionism	expansion	-ism	N	N
expansionist	expansion	-ist	N	ADJ
expansionist	expansion	-ist	N	N
expansive	expanse	-ive	N	ADJ
expansively	expansive	-ly	ADJ	ADV
expectancy	expectant	-cy	ADJ	N
expectant	expect	-ant	V	ADJ
expectantly	expectant	-ly	ADJ	ADV
expediency	expedient	-cy	ADJ	N
expeditionary	expedition	-ary	N	ADJ
expeditious	expedite	-ous	V	ADJ
expeditious	expedition	-ous	N	ADJ
expeditiously	expeditious	-ly	ADJ	ADV
expendable	expend	-able	V	ADJ
expensively	expensive	-ly	ADJ	ADV
experiential	experience	-ial	N	ADJ
experimentalist	experimental	-ist	ADJ	N
experimentally	experimental	-ly	ADJ	ADV
experimentation	experiment	-ation	N	N
experimenter	experiment	-er	N	N
expertly	expert	-ly	N	ADV
expiation	expiate	-tion	V	N
expiation	expiate	-ion	V	N
expiration	expire	-ation	V	N
expiry	expire	-y	V	N
explainable	explain	-able	V	ADJ
explanatory	explanation	-ory	N	ADJ
explication	explicate	-ion	V	N
explicitly	explicit	-ly	ADJ	ADV
explicitness	explicit	-ness	ADJ	N
exploding	explode	-ing	V	V
exploitable	exploit	-able	N	ADJ
exploitation	exploit	-ation	N	N
exploitative	exploitation	-ive	N	ADJ
exploiter	exploit	-er	N	N
exploratory	explore	-atory	V	ADJ
explorer	explore	-er	V	N
explosive	explosion	-ive	N	ADJ
explosively	explosive	-ly	N	ADV
exponential	exponent	-ial	N	N
exponentially	exponential	-ly	ADJ	ADV
exportable	export	-able	N	ADJ
exportable	portable	ex-	ADJ	ADJ
exporter	export	-er	N	N
exposition	expose	-ition	V	N
exposition	expose	-tion	V	N
expository	exposition	-ory	N	ADJ
expressed	express	-ed	V	V
expressible	express	-ible	V	ADJ
expressionism	expression	-ism	N	N
expressionist	expression	-ist	N	ADJ
expressionless	expression	-less	N	ADJ
expressionlessly	expressionless	-ly	ADJ	ADV
expressive	express	-ive	V	ADJ
expressively	expressive	-ly	ADJ	ADV
expressiveness	expressive	-ness	ADJ	N
expressly	express	-ly	V	ADV
expropriation	expropriate	-ion	V	N
exquisitely	exquisite	-ly	ADJ	ADV
extendable	extend	-able	V	ADJ
extender	extend	-er	V	N
extensible	extend	-ible	V	ADJ
extensional	extension	-al	N	ADJ
extensively	extensive	-ly	ADJ	ADV
exterminate	terminate	ex-	V	V
extermination	exterminate	-ion	V	N
extermination	termination	ex-	N	N
externality	external	-ity	ADJ	N
externalize	external	-ize	ADJ	V
externally	external	-ly	ADJ	ADV
extinction	extinct	-ion	ADJ	N
extinguisher	extinguish	-er	V	N
extortion	extort	-tion	V	N
extortion	extort	-ion	V	N
extortionate	extortion	-ate	N	ADJ
extracellular	cellular	extra-	ADJ	ADJ
extraction	extract	-ion	N	N
extractive	extract	-ive	N	ADJ
extractor	extract	-or	N	N
extradition	extradite	-ion	V	N
extrajudicial	judicial	extra-	ADJ	ADJ
extramarital	marital	extra-	ADJ	ADJ
extraordinarily	extraordinary	-ly	ADJ	ADV
extrapolate	interpolate	extra-	V	V
extrapolation	extrapolate	-ion	V	N
extraterrestrial	terrestrial	extra-	N	ADJ
extravagantly	extravagant	-ly	ADJ	ADV
extremism	extreme	-ism	ADJ	N
extremist	extreme	-ist	ADJ	N
extremist	extreme	-ist	ADJ	ADJ
extremity	extreme	-ity	ADJ	N
extrovert	vert	extro-	N	N
extrusion	extrude	-ion	V	N
exuberance	exuberant	-ce	ADJ	N
exuberantly	exuberant	-ly	ADJ	ADV
exudate	exude	-ate	V	N
exultant	exult	-ant	V	ADJ
exultantly	exultant	-ly	ADJ	ADV
exultation	exult	-ation	V	N
eyed	eye	-ed	N	ADJ
eyeful	eye	-ful	N	N
eyeful	eye	-ful	N	ADJ
eyeless	eye	-less	N	ADJ
eyelet	eye	-let	N	N
fabled	fable	-ed	N	ADJ
fabrication	fabricate	-ion	V	N
fabricator	fabricate	-or	V	N
fabulous	fable	-ous	N	ADJ
fabulously	fabulous	-ly	ADJ	ADV
faced	face	-ed	N	V
faceless	face	-less	N	ADJ
facetiously	facetious	-ly	ADJ	ADV
facial	face	-ial	N	ADJ
facilitation	facilitate	-ion	V	N
facilitator	facilitate	-or	V	N
facing	face	-ing	N	ADJ
factional	faction	-al	N	ADJ
factionalism	factional	-ism	ADJ	N
factious	faction	-ous	N	ADJ
factual	fact	-al	N	ADJ
factual	fact	-ual	N	ADJ
factually	factual	-ly	ADJ	ADV
faddy	fad	-y	N	ADJ
faded	fade	-ed	ADJ	V
fading	fade	-ing	ADJ	V
faecal	faeces	-al	N	ADJ
fainting	faint	-ing	V	V
fainting	faint	-ing	V	N
faintly	faint	-ly	V	ADV
faintness	faint	-ness	V	N
fairish	fair	-ish	ADJ	ADJ
fairness	fair	-ness	ADJ	N
fairy	fey	-ry	ADJ	N
fairyland	fairy	-land	N	N
faithful	faith	-ful	N	ADJ
faithfully	faithful	-ly	ADJ	ADV
faithfulness	faithful	-ness	ADJ	N
faithless	faith	-less	N	ADJ
falangist	falange	-ist	N	N
falconer	falcon	-er	N	N
falconry	falcon	-ry	N	N
falklands	falkland	-s	N	N
fallacious	fallacy	-ous	N	ADJ
fallen	fall	-en	N	V
fallen	fall	-en	N	ADJ
fallibility	fallible	-ity	ADJ	N
fallible	fall	-ible	N	ADJ
falls	fall	-s	N	N
falsehood	false	-hood	ADJ	N
falsely	false	-ly	ADJ	ADV
falseness	false	-ness	ADJ	N
falsifiable	falsify	-able	V	ADJ
falsification	false	-ification	ADJ	N
falsification	falsify	-ification	V	N
falsificationist	falsification	-ist	N	ADJ
falsify	false	-ify	ADJ	V
falsity	false	-ity	ADJ	N
faltering	falter	-ing	N	ADJ
falteringly	faltering	-ly	ADJ	ADV
familial	family	-al	N	ADJ
familiarisation	familiar	-isation	ADJ	N
familiarise	familiar	-ise	ADJ	V
familiarity	familiar	-ity	ADJ	N
familiarization	familiar	-ization	ADJ	N
familiarization	familiarize	-ation	V	N
familiarize	familiar	-ize	ADJ	V
familiarly	familiar	-ly	ADJ	ADV
famously	famous	-ly	ADJ	ADV
fanatical	fanatic	-al	ADJ	ADJ
fanatically	fanatical	-ly	ADJ	ADV
fanaticism	fanatic	-ism	ADJ	N
fancier	fancy	-er	ADJ	ADJ
fancier	fancy	-er	ADJ	N
fanciful	fancy	-ful	N	ADJ
fancifully	fanciful	-ly	ADJ	ADV
fanon	fan	-on	N	N
fantasise	fantasy	-ise	N	V
fantasist	fantasy	-ist	N	N
fantasize	fantasy	-ize	N	V
fantastical	fantastic	-al	ADJ	ADJ
fantastically	fantastical	-ly	ADJ	ADV
fantastically	fantastic	-ally	ADJ	ADV
farcical	farce	-ical	N	ADJ
farcical	farce	-ic	N	ADJ
farquharson	farquhar	-son	N	N
farsighted	farsight	-ed	N	ADJ
fascinatingly	fascinating	-ly	ADJ	ADV
fascination	fascinate	-ion	V	N
fascist	fascism	-ist	N	ADJ
fashionable	fashion	-able	N	ADJ
fashionably	fashionable	-ly	ADJ	ADV
fashionably	fashion	-ably	N	ADV
fasten	fast	-en	N	V
fastener	fasten	-er	V	N
fastening	fasten	-ing	V	V
fastening	fasten	-ing	V	N
fastest	fast	-est	ADJ	ADJ
fastidiously	fastidious	-ly	ADJ	ADV
fastidiousness	fastidious	-ness	ADJ	N
fasting	fast	-ing	ADJ	V
fastness	fast	-ness	N	N
fatalism	fatal	-ism	ADJ	N
fatalistic	fatalist	-ic	N	ADJ
fatality	fatal	-ity	ADJ	N
fatally	fatal	-ly	ADJ	ADV
fated	fate	-ed	ADJ	ADJ
fateful	fate	-ful	N	ADJ
fatherhood	father	-hood	N	N
fatherland	father	-land	N	N
fatherless	father	-less	N	ADJ
fatherly	father	-ly	N	ADJ
fathomless	fathom	-less	V	ADJ
fatness	fat	-ness	N	N
fatten	fat	-en	N	V
fattening	fatten	-ing	V	ADJ
fatty	fat	-y	N	ADJ
fatty	fat	-y	N	U
fatuous	fatuity	-ous	N	ADJ
faultless	fault	-less	N	ADJ
faultlessly	faultless	-ly	ADJ	ADV
faulty	fault	-y	N	ADJ
faunal	fauna	-al	N	ADJ
faustian	faust	-ian	N	ADJ
favourably	favourable	-ly	ADJ	ADV
favouritism	favourite	-ism	ADJ	N
faxed	fax	-ed	N	ADJ
fealty	feal	-ty	ADJ	N
feared	fear	-ed	N	ADJ
feared	fear	-ed	N	V
fearful	fear	-ful	N	ADJ
fearfully	fearful	-ly	ADJ	ADV
fearfulness	fearful	-ness	ADJ	N
fearless	fear	-less	N	ADJ
fearlessly	fearless	-ly	ADJ	ADV
fearlessness	fearless	-ness	ADJ	N
fearsome	fear	-some	N	ADJ
fearsomely	fearsome	-ly	ADJ	ADV
feasibility	feasible	-ity	ADJ	N
feasibly	feasible	-ly	ADJ	ADV
feasibly	feasible	-ly	ADJ	U
feathered	feather	-ed	N	ADJ
feathery	feather	-y	N	ADJ
featured	feature	-ed	N	ADJ
featureless	feature	-less	N	ADJ
feckless	effect	-less	N	ADJ
feckless	feck	-less	N	ADJ
fecklessness	feckless	-ness	ADJ	N
fecundity	fecund	-ity	ADJ	N
federalism	federal	-ism	ADJ	N
federalist	federal	-ist	ADJ	N
federally	federal	-ly	ADJ	ADV
feebleness	feeble	-ness	ADJ	N
feebly	feeble	-ly	ADJ	ADV
feeder	feed	-er	V	N
feeding	feed	-ing	V	V
feeler	feel	-er	V	N
feelingly	feeling	-ly	N	ADV
feigned	feign	-ed	V	ADJ
feisty	feist	-y	N	ADJ
felicitous	felicity	-ous	N	ADJ
feller	fell	-er	V	N
feller	fell	-er	V	ADJ
fellowship	fellow	-ship	N	N
felony	felon	-y	ADJ	N
femaleness	female	-ness	ADJ	N
femininity	feminine	-ity	ADJ	N
feminist	feminism	-ist	N	ADJ
fencing	fence	-ing	N	V
fender	fend	-er	V	N
fenland	fen	-land	N	N
fenny	fen	-y	N	ADJ
fenny	fen	-y	N	N
ferguson	fergus	-son	N	N
fermentation	ferment	-ation	N	N
ferny	fern	-y	N	ADJ
ferociously	ferocious	-ly	ADJ	ADV
ferrier	ferry	-er	V	N
ferryman	ferry	-man	N	N
fertilisation	fertilise	-ation	V	N
fertilise	fertile	-ise	ADJ	V
fertiliser	fertilise	-er	V	N
fertility	fertile	-ity	ADJ	N
fertilization	fertilize	-ation	V	N
fertilize	fertile	-ize	ADJ	V
fertilizer	fertilize	-er	V	N
fervently	fervent	-ly	ADJ	ADV
festive	feast	-ive	N	ADJ
festivity	festive	-ity	ADJ	N
fetal	fetus	-al	N	ADJ
fetching	fetch	-ing	N	ADJ
fetching	fetch	-ing	N	N
fetishism	fetish	-ism	N	N
fetishist	fetish	-ist	N	N
fetishistic	fetishist	-ic	N	ADJ
fetishistic	fetish	-istic	N	ADJ
feud	foe	-d	ADJ	U
feudal	feud	-al	N	ADJ
feudalism	feudal	-ism	ADJ	N
fevered	fever	-ed	N	ADJ
feverish	fever	-ish	N	ADJ
feverishly	feverish	-ly	ADJ	ADV
fiancee	fiance	-ee	N	N
fibrinogen	fibrin	-gen	N	N
fibrosis	fibre	-osis	N	N
fibrous	fibre	-ous	N	ADJ
fibrous	fiber	-ous	N	ADJ
fickle	fike	-le	V	ADJ
fickleness	fickle	-ness	ADJ	N
fictional	fiction	-al	N	ADJ
fiddler	fiddle	-er	N	N
fiddly	fiddle	-y	N	ADJ
fidget	fidge	-et	V	V
fidgety	fidget	-y	N	ADJ
fiefdom	fief	-dom	N	N
fielden	field	-en	N	ADJ
fielder	field	-er	N	N
fielding	field	-ing	N	N
fieldwork	field	-work	N	N
fiendish	fiend	-ish	N	ADJ
fiendishly	fiendish	-ly	ADJ	ADV
fiercely	fierce	-ly	ADJ	ADV
fierceness	fierce	-ness	ADJ	N
fiery	fire	-y	N	ADJ
fifteenth	fifteen	-th	N	ADJ
fifthly	fifth	-ly	N	ADV
fiftieth	fifty	-eth	N	ADJ
figural	figure	-al	N	ADJ
figuration	figurate	-ion	V	N
figurative	figure	-ative	N	ADJ
figuratively	figurative	-ly	ADJ	ADV
figurehead	figure	-head	N	N
figurine	figure	-ine	N	N
fijian	fiji	-an	N	N
filamentous	filament	-ous	N	ADJ
filing	file	-ing	N	N
filler	fill	-er	N	N
filling	fill	-ing	N	N
filmer	film	-er	N	N
filmic	film	-ic	N	ADJ
filmy	film	-y	N	ADJ
filth	foul	-th	ADJ	N
filthy	filth	-y	N	ADJ
filtration	filtrate	-ion	V	N
finalise	final	-ise	N	V
finalist	final	-ist	ADJ	N
finality	final	-ity	N	N
finalize	final	-ize	N	V
financially	financial	-ly	ADJ	ADV
financier	finance	-ier	N	N
finder	find	-er	V	N
finely	fine	-ly	N	ADV
fineness	fine	-ness	N	N
finery	fine	-ry	N	N
fingering	finger	-ing	N	N
finisher	finish	-er	N	N
finnish	finn	-ish	N	ADJ
fired	fire	-ed	N	ADJ
firefighter	firefight	-er	N	N
fireman	fire	-man	N	N
fireproof	fire	-proof	N	ADJ
fireside	fire	-side	N	N
firework	fire	-work	N	N
firmness	firm	-ness	N	N
fiscally	fiscal	-ly	ADJ	ADV
fisher	fish	-er	V	N
fishery	fish	-ery	ADJ	N
fishery	fisher	-y	N	N
fishman	fish	-man	N	N
fishy	fish	-y	N	N
fissured	fissure	-ed	V	V
fistful	fist	-ful	V	N
fitful	fit	-ful	ADJ	ADJ
fitfully	fitful	-ly	ADJ	ADV
fitment	fit	-ment	V	N
fitter	fit	-er	V	ADJ
fitter	fit	-er	V	N
fitting	fit	-ing	ADJ	V
fittingly	fitting	-ly	N	ADV
fittingly	fitting	-ly	N	V
fitzgerald	gerald	Fitz-	N	N
fitzroy	roy	Fitz-	N	N
fitzwilliam	william	Fitz-	N	N
fivefold	five	-fold	N	ADJ
fiver	five	-er	N	N
fixate	fix	-ate	N	V
fixation	fixate	-ion	V	N
fixedly	fixed	-ly	ADJ	ADV
fixer	fix	-er	N	N
fixing	fix	-ing	N	N
fixity	fix	-ity	V	N
fixture	fix	-ture	N	N
fizzy	fizz	-y	N	ADJ
flabbergasted	flabbergast	-ed	V	ADJ
flabby	flap	-y	N	ADJ
flagellation	flagellate	-ion	V	N
flagrantly	flagrant	-ly	ADJ	ADV
flaky	flake	-y	N	ADJ
flamboyance	flamboyant	-ce	ADJ	N
flamboyantly	flamboyant	-ly	ADJ	ADV
flaming	flame	-ing	N	ADJ
flanged	flange	-ed	N	ADJ
flanker	flank	-er	V	N
flannelette	flannel	-ette	N	N
flapper	flap	-er	U	N
flasher	flash	-er	N	N
flashing	flash	-ing	V	N
flashman	flash	-man	V	N
flashy	flash	-y	N	ADJ
flatland	flat	-land	N	N
flatlet	flat	-let	ADJ	N
flatly	flat	-ly	ADJ	ADV
flatness	flat	-ness	ADJ	N
flatten	flat	-en	ADJ	V
flatter	flat	-er	V	ADJ
flatter	flat	-er	V	N
flatterer	flatter	-er	V	N
flattering	flatter	-ing	V	ADJ
flatteringly	flattering	-ly	ADJ	ADV
flattery	flatter	-y	V	N
flattish	flat	-ish	N	ADJ
flatulence	flatulent	-ence	ADJ	N
flaunting	flaunt	-ing	V	N
flavouring	flavour	-ing	N	N
flavoursome	flavour	-some	N	ADJ
flawed	flaw	-ed	N	ADJ
flawless	flaw	-less	N	ADJ
flawlessly	flawless	-ly	ADJ	ADV
flaxen	flax	-en	N	ADJ
fledgling	fledge	-ling	V	ADJ
fledgling	fledge	-ing	V	ADJ
fleecy	fleece	-y	N	ADJ
fleeting	fleet	-ing	N	ADJ
fleetingly	fleeting	-ly	ADJ	ADV
flemish	flanders	-ish	N	ADJ
fleshless	flesh	-less	N	ADJ
fleshly	flesh	-ly	N	ADJ
fleshy	flesh	-y	N	ADJ
fletcher	fletch	-er	N	N
flexibly	flexible	-ly	ADJ	ADV
flicker	flick	-er	N	N
flickering	flicker	-ing	N	ADJ
flier	fly	-er	N	N
flightless	flight	-less	N	ADJ
flighty	flight	-y	N	ADJ
flinty	flint	-y	N	ADJ
flippancy	flippant	-cy	ADJ	N
flippantly	flippant	-ly	ADJ	ADV
flipper	flip	-er	N	N
flipside	flip	-side	N	N
flirtation	flirt	-ation	N	N
flirtation	flirt	-tion	N	N
flirtatious	flirtation	-ous	N	ADJ
flirtatious	flirt	-acious	N	ADJ
flirtatiously	flirtatious	-ly	ADJ	ADV
flirting	flirt	-ing	N	V
flirty	flirt	-y	N	ADJ
floater	float	-er	N	N
floaty	float	-y	V	ADJ
flogging	flog	-ing	V	N
flooded	flood	-ed	N	V
floodgate	flood	-gate	N	N
flooding	flood	-ing	N	N
floodwater	flood	-water	N	N
flooring	floor	-ing	N	N
floppy	flop	-y	N	ADJ
flotation	float	-ation	N	N
floury	flour	-y	N	ADJ
flowering	flower	-ing	N	V
flowerless	flower	-less	N	ADJ
flowery	flower	-y	N	ADJ
flowing	flow	-ing	N	V
fluctuation	fluctuate	-ion	V	N
fluctuation	fluctuate	-tion	V	N
fluency	fluent	-cy	ADJ	N
fluently	fluent	-ly	ADJ	ADV
fluffy	fluff	-y	N	ADJ
fluidity	fluid	-ity	N	N
flummoxed	flummox	-ed	V	ADJ
fluoresce	fluor	-esce	N	V
fluorescence	fluorescent	-ence	ADJ	N
fluorescence	fluoresce	-ence	V	N
fluoride	fluorine	-ide	N	N
flushing	flush	-ing	N	V
flushing	flush	-ing	N	N
flustered	fluster	-ed	V	ADJ
fluted	flute	-ed	N	ADJ
flutter	float	-er	V	V
flyer	fly	-er	N	N
foaming	foam	-ing	V	V
foamy	foam	-y	N	ADJ
focal	focus	-al	N	ADJ
foetal	foetus	-al	N	ADJ
fogey	fog	-y	N	N
fogey	fog	-ey	N	N
foggy	fog	-y	N	ADJ
fogy	fog	-y	N	N
folder	fold	-er	V	N
folklorist	folklore	-ist	N	N
folksy	folks	-y	N	ADJ
folksy	folk	-y	N	ADJ
follower	follow	-er	V	N
fond	fon	-d	N	ADJ
fondle	fond	-le	U	V
fondly	fond	-ly	ADJ	ADV
fondness	fond	-ness	ADJ	N
foolish	fool	-ish	N	ADJ
foolishly	foolish	-ly	ADJ	ADV
foolishness	foolish	-ness	ADJ	N
foolproof	fool	-proof	N	ADJ
footage	foot	-age	N	N
footballer	football	-er	N	N
footballing	football	-ing	N	ADJ
footer	foot	-er	N	N
footer	football	-er	N	N
footing	foot	-ing	N	N
footman	foot	-man	N	N
footsie	foot	-sie	N	N
footwear	foot	-wear	N	N
footwork	foot	-work	N	N
foppish	fop	-ish	N	ADJ
forager	forage	-er	N	N
forbear	bear	for-	V	N
forbear	bear	for-	V	V
forbearance	forbear	-ance	N	N
forbid	bid	for-	V	V
forbiddingly	forbidding	-ly	ADJ	ADV
forceful	force	-ful	N	ADJ
forcefully	forceful	-ly	ADJ	ADV
forcefulness	forceful	-ness	ADJ	N
forcible	force	-ible	N	ADJ
forcibly	forcible	-ly	ADJ	ADV
forcing	force	-ing	N	ADJ
forearm	arm	fore-	ADJ	N
foreboding	boding	fore-	ADJ	N
forebrain	brain	fore-	N	N
forecaster	forecast	-er	N	N
forecasting	forecast	-ing	V	V
forecasting	forecast	-ing	V	N
foreclose	close	for-	V	V
foreclose	close	fore-	V	V
foreclosure	foreclose	-ure	V	N
forecourt	court	fore-	N	N
foredeck	deck	fore-	N	N
forefather	father	fore-	N	N
forefinger	finger	fore-	N	N
forefront	front	fore-	N	N
foregather	gather	fore-	N	V
forego	go	fore-	N	V
foregoing	forego	-ing	V	ADJ
foreground	ground	fore-	N	N
forehand	hand	fore-	N	N
forehand	hand	fore-	N	ADJ
foreigner	foreign	-er	ADJ	N
foreland	land	fore-	N	N
foreleg	leg	fore-	N	N
forelimb	limb	fore-	N	N
forelock	lock	fore-	N	N
foreman	man	fore-	N	N
foremost	fore	-most	N	ADJ
forename	name	fore-	N	N
forenoon	noon	fore-	N	N
forepaw	paw	fore-	N	N
foreplay	play	fore-	V	N
forerunner	runner	fore-	N	N
foresee	see	fore-	N	V
foreseeable	foresee	-able	V	ADJ
foreshadow	shadow	fore-	V	V
foreshore	shore	fore-	N	N
foreshorten	shorten	fore-	V	V
foreshorten	shorten	for-	V	U
foresight	sight	fore-	N	N
foreskin	skin	fore-	N	N
forestal	forest	-al	N	ADJ
forestall	stall	fore-	V	V
forestall	stall	fore-	V	U
forested	forest	-ed	N	ADJ
forester	forest	-er	N	N
forestry	forest	-ry	N	N
foretaste	taste	fore-	N	N
foretaste	taste	fore-	N	V
foretell	tell	fore-	V	V
forethought	thought	fore-	N	N
forewarn	warn	fore-	V	V
forewarned	forewarn	-ed	V	V
forewarning	forewarn	-ing	V	V
forewarning	forewarn	-ing	V	N
foreword	word	fore-	N	N
forfeiture	forfeit	-ure	N	N
forged	forge	-ed	V	ADJ
forger	forge	-er	N	N
forgery	forge	-ry	N	N
forgetful	forget	-ful	V	ADJ
forgetfulness	forgetful	-ness	ADJ	N
forgettable	forget	-able	V	ADJ
forging	forge	-ing	V	N
forgivable	forgive	-able	V	ADJ
forgiveness	forgiven	-ness	V	N
forgiveness	forgive	-ness	V	N
forgo	go	for-	N	V
forgotten	forgot	-en	V	ADJ
forked	fork	-ed	N	ADJ
forkful	fork	-ful	N	N
forlorn	lorn	for-	ADJ	ADJ
forlornly	forlorn	-ly	ADJ	ADV
formalise	formal	-ise	ADJ	V
formalism	formal	-ism	ADJ	N
formalist	formal	-ist	ADJ	N
formalistic	formalist	-ic	ADJ	ADJ
formality	formal	-ity	ADJ	N
formalization	formal	-ization	ADJ	N
formalization	formalize	-ation	V	N
formalize	formal	-ize	ADJ	V
formatting	format	-ing	V	N
formidably	formidable	-ly	ADJ	ADV
formless	form	-less	N	ADJ
formlessness	formless	-ness	ADJ	N
formulaic	formula	-ic	N	ADJ
formulary	formula	-ry	N	N
formulation	formulate	-ion	V	N
fornicate	fornix	-ate	N	ADJ
fornication	fornicate	-ion	V	N
fornicator	fornicate	-or	V	N
forsake	sake	for-	N	V
forsaken	forsake	-n	V	ADJ
forswear	swear	for-	V	V
forswear	swear	fore-	V	V
forthright	right	forth-	ADJ	ADJ
forthrightness	forthright	-ness	U	N
fortieth	forty	-eth	N	ADJ
fortification	fortify	-ification	V	N
fortified	fortify	-ed	V	ADJ
fortify	fort	-ify	N	V
fortnightly	fortnight	-ly	N	N
fortuitous	fortuity	-ous	N	ADJ
fortuitously	fortuitous	-ly	ADJ	ADV
fortunate	fortune	-ate	N	ADJ
fortyish	forty	-ish	N	ADJ
forwards	forward	-s	ADJ	ADV
fossilise	fossil	-ise	N	V
fossilize	fossil	-ize	ADJ	V
fostering	foster	-ing	V	V
foully	foul	-ly	N	ADV
foulness	foul	-ness	N	N
foundational	foundation	-al	N	ADJ
foundationalism	foundational	-ism	ADJ	N
founding	found	-ing	V	N
foundling	found	-ling	N	N
foundry	found	-ry	N	N
fourfold	four	-fold	ADJ	ADJ
foursome	four	-some	ADJ	N
fourteenth	fourteen	-th	N	ADJ
fourthly	fourth	-ly	ADJ	ADV
fowler	fowl	-er	V	N
foxy	fox	-y	N	ADJ
foxy	fox	-y	N	N
fractional	fraction	-al	N	ADJ
fractionally	fractional	-ly	ADJ	ADV
fractionate	fraction	-ate	N	V
fractionation	fraction	-ation	N	N
fractionation	fractionate	-ion	V	N
fractious	fraction	-ous	N	ADJ
fragility	fragile	-ity	ADJ	N
fragmentary	fragment	-ary	N	ADJ
fragmentation	fragment	-ation	N	N
fragrance	fragrant	-ce	ADJ	N
frailty	frail	-ty	ADJ	N
framer	frame	-er	N	N
framing	frame	-ing	N	V
francesca	francesco	-a	N	N
franchisee	franchise	-ee	N	N
franchising	franchise	-ing	N	V
franchisor	franchise	-or	N	N
francine	francis	-ine	N	N
francophile	france	-phile	N	N
francophone	france	-phone	N	N
frankfurter	frankfurt	-er	N	N
frankish	frank	-ish	N	ADJ
frankness	frank	-ness	ADJ	N
frantically	frantic	-ally	ADJ	ADV
fraternity	fraternal	-ity	ADJ	N
fraternize	fraternal	-ize	ADJ	V
fratricidal	fratricide	-al	N	ADJ
fraudster	fraud	-ster	N	N
fraudulently	fraudulent	-ly	ADJ	ADV
freakish	freak	-ish	N	ADJ
freckled	freckle	-ed	N	ADJ
freddie	fred	-ie	N	N
freddy	fred	-y	N	N
freebie	free	-bie	ADJ	N
freed	free	-ed	ADJ	ADJ
freeholder	freehold	-er	N	N
freelancer	freelance	-er	N	N
freeman	free	-man	ADJ	N
freemasonry	freemason	-ry	N	N
freewheeling	freewheel	-ing	N	ADJ
freezer	freeze	-er	V	N
freezing	freeze	-ing	V	ADJ
freight	aught	for-	N	N
freighter	freight	-er	N	N
frenchman	french	-man	ADJ	N
frenchwoman	french	-woman	ADJ	N
frenetically	frenetic	-ally	ADJ	ADV
frenzied	frenzy	-ed	N	ADJ
frenziedly	frenzied	-ly	ADJ	ADV
freshen	fresh	-en	ADJ	V
freshener	freshen	-er	V	N
fresher	fresh	-er	ADJ	ADJ
fresher	fresh	-er	ADJ	N
freshly	fresh	-ly	ADJ	ADV
freshness	fresh	-ness	ADJ	N
fret	eat	for-	V	V
fretful	fret	-ful	N	ADJ
fretfully	fretful	-ly	ADJ	ADV
fretwork	fret	-work	N	N
freudian	freud	-ian	N	ADJ
freudianism	freudian	-ism	ADJ	N
friary	friar	-y	N	N
frictional	friction	-al	N	ADJ
frictionless	friction	-less	N	ADJ
fried	fry	-ed	N	V
friendless	friend	-less	N	ADJ
friendliness	friendly	-ness	ADJ	N
frigging	frig	-ing	V	V
frighten	fright	-en	N	V
frightener	frighten	-er	V	N
frightening	frighten	-ing	V	ADJ
frighteningly	frightening	-ly	ADJ	ADV
frightful	fright	-ful	N	ADJ
frightfully	frightful	-ly	ADJ	ADV
frigidity	frigid	-ity	ADJ	N
frilly	frill	-y	N	ADJ
fringed	fringe	-ed	N	ADJ
frisky	frisk	-y	ADJ	ADJ
frivolity	frivol	-ity	N	N
frivolous	frivol	-ous	N	ADJ
frivolously	frivolous	-ly	ADJ	ADV
frizzy	frizz	-y	V	ADJ
froggy	frog	-y	N	N
frogman	frog	-man	N	N
frontage	front	-age	N	N
frontal	front	-al	N	ADJ
frontline	front	-ine	N	ADJ
frosted	frost	-ed	N	ADJ
frosted	frosting	-ed	N	ADJ
frostily	frosty	-ly	ADJ	ADV
frosting	frost	-ing	N	N
frosty	frost	-y	N	ADJ
frothy	froth	-y	N	ADJ
frugality	frugal	-ity	ADJ	N
frugally	frugal	-ly	ADJ	ADV
fruitful	fruit	-ful	N	ADJ
fruitfully	fruitful	-ly	ADJ	ADV
fruitfulness	fruitful	-ness	ADJ	N
fruiting	fruit	-ing	N	V
fruition	fruit	-ion	N	N
fruitless	fruit	-less	N	ADJ
fruitlessly	fruitless	-ly	ADJ	ADV
fruity	fruit	-y	N	ADJ
frumpy	frump	-y	N	ADJ
frustratedly	frustrated	-ly	ADJ	ADV
frustrating	frustrate	-ing	V	ADJ
frustratingly	frustrating	-ly	ADJ	ADV
fryer	fry	-er	V	N
frying	fry	-ing	V	N
fucked	fuck	-ed	N	ADJ
fucker	fuck	-er	N	N
fulfill	fill	ful-	V	V
fulfilled	fulfill	-ed	V	V
fulfilling	fulfill	-ing	V	ADJ
fulfillment	fulfill	-ment	V	N
fulfilment	fulfill	-ment	V	N
fulfilment	fulfil	-ment	V	N
fuller	full	-er	N	N
fuller	full	-er	N	ADJ
fulling	full	-ing	V	N
fulling	full	-ing	V	V
fullness	full	-ness	N	N
fulsomely	fulsome	-ly	ADJ	ADV
fumigation	fumigate	-ion	V	N
functionalism	functional	-ism	ADJ	N
functionalist	functional	-ist	ADJ	N
functionality	functional	-ity	ADJ	N
functionally	functional	-ly	ADJ	ADV
functionless	function	-less	N	ADJ
fundamentalism	fundamental	-ism	ADJ	N
fundamentalist	fundamental	-ist	ADJ	N
fundamentally	fundamental	-ly	ADJ	ADV
funder	fund	-er	N	N
fundic	fundus	-ic	N	ADJ
fundraiser	fundraise	-er	V	N
fundraising	fundraise	-ing	V	ADJ
fungal	fungus	-al	N	ADJ
fungicide	fungus	-cide	N	N
funky	funk	-y	N	ADJ
funnily	funny	-ly	ADJ	ADV
furious	fury	-ous	N	ADJ
furiously	furious	-ly	ADJ	ADV
furnisher	furnish	-er	V	N
furnishing	furnish	-ing	V	V
furred	fur	-ed	N	V
furred	fur	-red	N	V
furry	fur	-y	N	ADJ
furtherance	further	-ance	ADJ	N
furtively	furtive	-ly	ADJ	ADV
furtiveness	furtive	-ness	ADJ	N
fusion	fuse	-ion	N	N
fussily	fussy	-ly	ADJ	ADV
fussiness	fussy	-ness	ADJ	N
fussy	fuss	-y	N	ADJ
fusty	fust	-y	N	ADJ
futility	futile	-ity	ADJ	N
futurism	future	-ism	N	N
futurist	future	-ist	N	N
futuristic	future	-istic	N	ADJ
futurologist	futurology	-ist	N	N
fuzziness	fuzzy	-ness	ADJ	N
fuzzy	fuzz	-y	N	ADJ
gabble	gab	-le	N	V
gabby	gab	-y	N	ADJ
gabled	gable	-ed	N	ADJ
gadgetry	gadget	-ry	N	N
gaelic	gael	-ic	N	N
gaffer	gaff	-er	U	N
gagging	gag	-ing	N	V
gaily	gay	-ly	N	ADV
gainer	gain	-er	V	N
gainful	gain	-ful	N	ADJ
gainfully	gainful	-ly	ADJ	ADV
gainsay	say	gain-	V	V
galatian	galatia	-an	N	ADJ
gallantly	gallant	-ly	ADJ	ADV
gallantry	gallant	-ry	ADJ	N
galleried	gallery	-ed	N	ADJ
gallic	gall	-ic	N	ADJ
galling	gall	-ing	N	ADJ
gallows	gallow	-s	V	N
galvanic	galvanize	-ic	V	ADJ
gambian	gambia	-an	N	ADJ
gamble	game	-le	N	N
gambler	gamble	-er	V	N
gambling	gamble	-ing	V	V
gamely	game	-ly	N	ADJ
gaming	game	-ing	N	V
gangland	gang	-land	N	N
gangling	gang	-ling	V	N
gangling	gang	-ling	V	ADJ
gangrenous	gangrene	-ous	N	ADJ
gangster	gang	-ster	N	N
gangsterism	gangster	-ism	N	N
gaoler	gaol	-er	N	N
gaping	gape	-ing	N	V
gaping	gape	-ing	N	N
garbled	garble	-ed	V	ADJ
gardener	garden	-er	N	N
gardenia	garden	-ia	N	N
gardening	garden	-ing	N	N
garishly	garish	-ly	ADJ	ADV
gaseous	gas	-eous	N	ADJ
gasifier	gasify	-er	V	N
gasping	gasp	-ing	N	V
gassy	gas	-y	N	ADJ
gastritis	gastric	-itis	ADJ	N
gastroenteritis	enteritis	gastro-	N	N
gastrointestinal	intestinal	gastro-	U	ADJ
gastrointestinal	intestinal	gastro-	ADJ	ADJ
gastronomic	gastronomy	-ic	N	ADJ
gated	gate	-ed	N	V
gatherer	gather	-er	N	N
gatwick	goat	-wick	N	N
gaudily	gaudy	-ly	ADJ	ADV
gaudy	gaud	-y	N	ADJ
gaussian	gauss	-ian	N	ADJ
gauzy	gauze	-y	N	ADJ
gavel	give	-el	V	N
gawk	gaw	-k	V	V
gawky	gawk	-y	N	ADJ
gazebo	gaze	-ebo	V	N
gazetteer	gazette	-eer	N	N
gazetteer	gazette	-er	N	N
gelatinous	gelatin	-ous	N	ADJ
gelder	geld	-er	N	N
gelding	geld	-ing	N	N
gendarmerie	gendarme	-erie	N	N
gendered	gender	-ed	N	V
genealogical	genealogy	-ical	N	ADJ
genealogist	genealogy	-ist	N	N
generalisable	generalise	-able	V	ADJ
generalisation	generalise	-ation	V	N
generalise	general	-ise	ADJ	V
generalist	general	-ist	N	N
generality	general	-ity	ADJ	N
generalization	general	-ization	ADJ	N
generalization	generalize	-ation	V	N
generalize	general	-ize	ADJ	V
generalship	general	-ship	N	N
generational	generation	-al	N	ADJ
generative	generate	-ive	V	ADJ
generator	generation	-or	N	N
generically	generic	-ally	ADJ	ADV
generosity	generous	-ity	ADJ	N
generously	generous	-ly	ADJ	ADV
genet	gene	-et	N	N
genetically	genetic	-ally	ADJ	ADV
geneticist	genetic	-ist	ADJ	N
geneticist	genetics	-ist	N	N
genetics	genetic	-s	ADJ	N
geniality	genial	-ity	ADJ	N
genially	genial	-ly	ADJ	ADV
genitalia	genital	-ia	ADJ	N
genocidal	genocide	-al	N	ADJ
genocide	-cide	geno-	N	N
genoese	genoa	-ese	N	N
genome	gene	-ome	N	N
genomic	genome	-ic	N	ADJ
genotype	type	geno-	N	N
gentlemanly	gentleman	-ly	N	ADJ
gentleness	gentle	-ness	ADJ	N
gentlewoman	gentle	-woman	ADJ	N
gentrification	gentry	-ification	N	N
gentrification	gentrify	-ification	V	N
genuflection	genuflect	-ion	V	N
genuineness	genuine	-ness	ADJ	N
geochemical	chemical	geo-	ADJ	ADJ
geochemistry	chemistry	geo-	N	N
geodesic	geodesy	-ic	N	ADJ
geographer	geography	-er	N	N
geographic	geography	-ic	N	ADJ
geographically	geographic	-ally	ADJ	ADV
geographically	geographical	-ly	ADJ	ADV
geological	geology	-ical	N	ADJ
geologically	geological	-ly	ADJ	ADV
geologist	geology	-ist	N	N
geomagnetic	magnetic	geo-	ADJ	ADJ
geometric	geometry	-ic	N	ADJ
geometrical	geometry	-ical	N	ADJ
geometrically	geometric	-ally	ADJ	ADV
geometrically	geometrical	-ly	ADJ	ADV
geometry	geometer	-y	N	N
geomorphological	morphological	geo-	ADJ	ADJ
geomorphological	geomorphologic	-al	ADJ	ADJ
geomorphology	morphology	geo-	N	N
geophysical	physical	geo-	ADJ	ADJ
geophysical	geophysics	-al	N	ADJ
geophysicist	physicist	geo-	N	N
geophysicist	geophysics	-ist	N	N
geopolitical	political	geo-	ADJ	ADJ
geopolitical	geopolitics	-al	N	ADJ
georgia	george	-ia	N	N
georgian	georgia	-an	N	N
georgian	george	-ian	N	N
georgian	georgia	-an	N	ADJ
georgiana	george	-iana	N	N
georgie	george	-ie	N	N
geostationary	stationary	geo-	ADJ	ADJ
geothermal	thermal	geo-	ADJ	ADJ
geraldine	gerald	-ine	N	N
geriatrician	geriatric	-ian	ADJ	N
germanic	germanium	-ic	N	ADJ
germanic	german	-ic	N	ADJ
germination	germinate	-ion	V	N
gestation	gestate	-tion	V	N
gestational	gestation	-al	N	ADJ
gestural	gesture	-al	N	ADJ
gettysburg	gettys	-burg	N	N
ghanaian	ghana	-ian	N	ADJ
ghastly	ghast	-ly	V	ADJ
ghostly	ghost	-ly	N	ADJ
ghoulish	ghoul	-ish	N	ADJ
giantess	giant	-ess	ADJ	N
gibber	gib	-er	N	N
gibbs	gibb	-s	N	N
gibson	gibb	-son	N	N
giddily	giddy	-ly	ADJ	ADV
giddiness	giddy	-ness	ADJ	N
giddy	god	-y	N	ADJ
giggly	giggle	-y	V	ADJ
gilded	gild	-ed	V	ADJ
gilding	gild	-ing	V	N
gimmickry	gimmick	-ry	N	N
gimmicky	gimmick	-y	N	ADJ
gingerly	ginger	-ly	N	ADV
gingery	ginger	-y	N	ADJ
ginny	gin	-y	N	ADJ
girdle	gird	-le	V	N
girdle	gird	-le	V	V
girlhood	girl	-hood	N	N
girlie	girl	-ie	N	N
girlie	girl	-ie	N	ADJ
girlish	girl	-ish	N	ADJ
girlishly	girlish	-ly	ADJ	ADV
girly	girl	-y	N	ADJ
giver	give	-er	N	N
giving	give	-ing	V	N
glaciation	glaciate	-ion	V	N
gladden	glad	-en	ADJ	V
gladiatorial	gladiator	-ial	N	ADJ
gladly	glad	-ly	ADJ	ADV
gladness	glad	-ness	ADJ	N
glamorize	glamor	-ize	N	V
glamorous	glamour	-ous	N	ADJ
glamorous	glamor	-ous	N	ADJ
glamourous	glamour	-ous	N	ADJ
glaring	glare	-ing	N	ADJ
glaringly	glaring	-ly	ADJ	ADV
glassful	glass	-ful	ADJ	N
glassful	glass	-ful	ADJ	ADJ
glassware	glass	-ware	N	N
glassy	glass	-y	N	ADJ
glazing	glaze	-ing	N	V
glazy	glaze	-y	N	ADJ
gleeful	glee	-ful	N	ADJ
gleefully	gleeful	-ly	ADJ	ADV
glibly	glib	-ly	ADJ	ADV
glider	glide	-er	N	N
gliding	glide	-ing	V	N
glimmer	glim	-er	N	N
glistening	glisten	-ing	N	V
glittery	glitter	-y	N	ADJ
gloaming	gloom	-ing	N	N
globalisation	globalise	-ation	V	N
globally	global	-ly	ADJ	ADV
globular	globule	-ar	N	ADJ
globule	glob	-ule	N	N
gloomily	gloomy	-ly	ADJ	ADV
gloomy	gloom	-y	N	ADJ
glorification	glorify	-ification	V	N
glorify	glory	-fy	N	V
glorious	glory	-ous	N	ADJ
gloriously	glorious	-ly	ADJ	ADV
glossary	gloss	-ary	N	N
glossy	gloss	-y	N	ADJ
glottal	glottis	-al	N	ADJ
gloved	glove	-ed	N	ADJ
glover	glove	-er	N	N
glower	glow	-er	V	N
glowering	glower	-ing	N	V
glumly	glum	-ly	ADJ	ADV
glutamate	glutamic	-ate	ADJ	N
glutathione	thione	gluta-	N	N
gluten	glut	-en	N	N
glutinous	gluten	-ous	N	ADJ
gluttony	glutton	-y	N	N
glycerol	glycerine	-ol	N	N
glycerol	glyceric	-ol	ADJ	N
glycoprotein	protein	glyco-	N	N
gnarled	gnarl	-ed	N	ADJ
gnawing	gnaw	-ing	V	ADJ
gnomic	gnome	-ic	N	ADJ
goalie	goal	-ie	N	N
goalless	goal	-less	N	ADJ
goatee	goat	-ee	N	N
gobble	gob	-le	N	V
goddess	god	-ess	ADJ	N
goddess	god	-ess	N	N
godhead	god	-head	N	N
godless	god	-less	N	ADJ
godlike	god	-like	ADJ	ADJ
godlike	god	-like	N	ADJ
godliness	godly	-ness	ADJ	N
godly	god	-ly	N	ADJ
goer	go	-er	N	N
goldie	gold	-ie	N	N
golding	gold	-ing	N	N
golding	gold	-ing	N	V
golfer	golf	-er	N	N
goner	gone	-er	V	N
goodie	good	-ie	ADJ	U
gooding	good	-ing	V	V
goodly	good	-ly	N	ADJ
goodly	good	-ly	N	ADV
goody	good	-y	N	U
goody	good	-y	N	N
gooey	goo	-y	N	ADJ
gooey	goo	-ey	N	ADJ
goofy	goof	-y	N	ADJ
gordian	gordius	-an	N	ADJ
gorgeously	gorgeous	-ly	ADJ	ADV
gormless	gaum	-less	N	ADJ
gormless	gorm	-less	V	ADJ
gory	gore	-y	N	ADJ
gosling	goose	-ling	N	N
gossipy	gossip	-y	N	ADJ
gotcha	got	-cha	V	U
gothic	goth	-ic	N	N
gothic	goth	-ic	N	ADJ
governance	govern	-ance	N	N
governess	govern	-ess	V	N
governmental	government	-al	N	ADJ
governorship	governor	-ship	N	N
grabber	grab	-er	V	N
graceful	grace	-ful	N	ADJ
gracefully	graceful	-ly	ADJ	ADV
graceless	grace	-less	N	ADJ
gracie	grace	-ie	N	N
gracious	grace	-ious	N	ADJ
graciously	gracious	-ly	ADJ	ADV
graciousness	gracious	-ness	ADJ	N
grader	grade	-er	N	N
grading	grade	-ing	N	V
gradualism	gradual	-ism	ADJ	N
gradualist	gradual	-ist	ADJ	N
graduation	graduate	-ation	N	N
graduation	graduate	-ion	N	N
grafting	graft	-ing	N	N
grainy	grain	-y	N	ADJ
grammarian	grammar	-ian	N	N
grammatical	grammatic	-al	ADJ	ADJ
grammatically	grammatical	-ly	ADJ	ADV
granary	grain	-ary	N	N
granddad	dad	grand-	N	N
granddaughter	daughter	grand-	N	N
grandly	grand	-ly	ADJ	ADV
grandpa	pa	grand-	N	N
grandparent	parent	grand-	N	N
grandson	son	grand-	N	N
grandson	grand	-son	N	N
grandstand	stand	grand-	N	N
grantor	grant	-or	N	N
granular	granule	-ar	N	ADJ
granulation	granulate	-ion	V	N
graphical	graphic	-al	ADJ	ADJ
graphically	graphic	-ally	ADJ	ADV
graphically	graphical	-ly	ADJ	ADV
grapple	grab	-le	V	V
grappling	grapple	-ing	V	N
grassland	grass	-land	N	N
grassy	grass	-y	N	ADJ
gratefully	grateful	-ly	ADJ	ADV
grater	grate	-er	N	N
gratification	gratify	-ification	V	N
gratifying	gratify	-ing	V	V
gratifyingly	gratifying	-ly	V	ADV
grating	grate	-ing	N	ADJ
gratuitously	gratuitous	-ly	ADJ	ADV
gravelly	gravel	-y	N	ADJ
gravelly	gravel	-ly	N	ADJ
gravely	grave	-ly	ADJ	ADV
gravely	gravel	-y	N	U
gravely	grave	-ly	ADJ	ADJ
graven	grave	-en	N	V
graveside	grave	-side	N	N
gravitation	gravity	-ation	N	N
gravitation	gravitate	-ion	V	N
gravitational	gravitation	-al	N	ADJ
grazer	graze	-er	N	N
greaseproof	grease	-proof	N	ADJ
greaser	grease	-er	N	N
greasy	grease	-y	N	ADJ
greater	great	-er	ADJ	ADJ
greater	great	-er	ADJ	N
greatness	great	-ness	ADJ	N
greedily	greedy	-ly	ADJ	ADV
greedy	greed	-y	N	ADJ
greenery	green	-ery	N	N
greengrocery	greengrocer	-y	N	N
greening	green	-ing	V	V
greenish	green	-ish	N	ADJ
greenness	green	-ness	N	N
greeny	green	-y	ADJ	N
greeny	green	-y	N	N
greeny	green	-y	ADJ	ADJ
greeting	greet	-ing	V	ADJ
gregson	greg	-son	N	N
grenadier	grenade	-ier	N	N
grenadine	grenade	-ine	N	N
greyish	grey	-ish	ADJ	ADJ
greyness	grey	-ness	ADJ	N
grievance	grieve	-ance	V	N
grievous	grieve	-ous	V	ADJ
grievously	grievous	-ly	ADJ	ADV
griffiths	griffith	-s	N	N
grilled	grill	-ed	N	V
grilled	grille	-ed	N	ADJ
grilling	grill	-ing	N	V
grimly	grim	-ly	ADJ	ADJ
grimly	grim	-ly	ADJ	ADV
grimness	grim	-ness	ADJ	N
grimy	grime	-y	N	ADJ
grinder	grind	-er	V	N
grinding	grind	-ing	V	V
gripping	grip	-ing	N	ADJ
gristle	grist	-le	N	N
gritty	grit	-y	N	ADJ
grizzly	grizzle	-y	N	ADJ
groaning	groan	-ing	N	ADJ
groggily	groggy	-ly	ADJ	ADV
groggy	grog	-y	N	ADJ
grooming	groom	-ing	N	V
grooved	groove	-ed	V	V
groovy	groove	-y	N	ADJ
grossly	gross	-ly	ADJ	ADV
grossness	gross	-ness	ADJ	N
grotesquely	grotesque	-ly	N	ADV
grounded	ground	-ed	N	ADJ
grounding	ground	-ing	N	N
groundless	ground	-less	N	ADJ
groundsman	grounds	-man	N	N
groundsman	ground	-man	N	N
groundwork	ground	-work	N	N
grouper	group	-er	N	N
groupie	group	-ie	N	N
groupy	group	-y	N	ADJ
grovelling	grovel	-ing	V	V
grover	grove	-er	N	N
grower	grow	-er	V	N
grown	grow	-n	V	V
grubby	grub	-y	N	ADJ
grudging	grudge	-ing	N	ADJ
grudgingly	grudging	-ly	ADJ	ADV
gruelling	gruel	-ling	N	ADJ
gruesome	grue	-some	V	ADJ
gruffly	gruff	-ly	ADJ	ADV
grumpily	grumpy	-ly	ADJ	ADV
grumpy	grump	-y	N	ADJ
grunting	grunt	-ing	N	V
guaranteed	guarantee	-ed	N	V
guarantor	guarantee	-or	N	N
guarded	guard	-ed	V	ADJ
guardedly	guarded	-ly	ADJ	ADV
guardianship	guardian	-ship	N	N
guatemalan	guatemala	-an	N	N
guatemalan	guatemala	-an	N	ADJ
guessing	guess	-ing	V	N
guessing	guess	-ing	V	V
guesswork	guess	-work	N	N
guider	guide	-er	N	N
guileless	guile	-less	N	ADJ
guiltily	guilty	-ly	ADJ	ADV
guiltless	guilt	-less	N	ADJ
guitarist	guitar	-ist	N	N
gullibility	gullible	-ity	ADJ	ADJ
gullibility	gull	-ibility	V	N
gullible	gull	-ible	N	ADJ
gummer	gum	-er	N	N
gummy	gum	-y	N	ADJ
gummy	gum	-y	N	N
gunman	gun	-man	N	N
gunner	gun	-er	N	N
gunnery	gun	-ery	N	N
gunship	gun	-ship	N	N
gusher	gush	-er	N	N
gushing	gush	-ing	N	ADJ
gusty	gust	-y	N	ADJ
gutless	gut	-less	N	ADJ
guts	gut	-s	N	N
gutsy	guts	-y	N	ADJ
gutted	gut	-ed	N	ADJ
gutter	gut	-er	N	N
gymnastics	gymnast	-ics	N	N
gynaecological	gynaecology	-ical	N	ADJ
gynaecologist	gynaecology	-ist	N	N
gyration	gyrate	-ion	V	N
gyroscope	scope	gyro-	N	N
haberdashery	haberdasher	-y	N	N
habitual	habit	-ual	N	ADJ
habitually	habitual	-ly	ADJ	ADV
habituation	habituate	-ion	V	N
hacker	hack	-er	V	N
hacking	hack	-ing	V	ADJ
hacking	hack	-ing	V	N
hackle	hack	-le	V	N
hackman	hack	-man	V	N
hackneyed	hackney	-ed	N	ADJ
haemoglobin	globin	haemo-	N	N
haemophiliac	haemophilia	-ac	N	N
haemorrhagic	haemorrhage	-ic	N	ADJ
haggis	haggi	-s	N	N
haggle	hack	-le	V	V
hailer	hail	-er	V	N
hairdo	hair	-o	N	N
haired	hair	-ed	N	ADJ
hairless	hair	-less	N	ADJ
hairy	hair	-y	N	ADJ
haitian	haiti	-an	N	N
haitian	haiti	-an	N	ADJ
halfheartedly	halfhearted	-ly	ADJ	ADV
halfpenny	penny	half-	N	N
halfway	way	half-	N	ADV
hallowed	hallow	-ed	V	ADJ
hallucination	hallucinate	-ion	V	N
hallucinatory	hallucinate	-ory	V	ADJ
hallucinogenic	hallucinogen	-ic	N	ADJ
halter	halt	-er	V	N
haltingly	halting	-ly	ADJ	ADV
hamburger	hamburg	-er	N	N
hammer	west ham	-er	N	N
hammered	hammer	-ed	N	ADJ
hammering	hammer	-ing	N	N
hammy	ham	-y	N	ADJ
hammy	hamster	-y	N	N
hammy	ham	-y	N	N
handedness	handed	-ness	ADJ	N
hander	hand	-er	N	N
handicapped	handicap	-ed	N	V
handicapper	handicap	-er	N	N
handily	handy	-ly	ADJ	ADV
handler	handle	-er	N	N
handshaking	handshake	-ing	N	V
handsomely	handsome	-ly	ADJ	ADV
handsomeness	handsome	-ness	ADJ	N
handy	hand	-y	N	ADJ
handy	hand	-y	N	N
handyman	handy	-man	ADJ	N
hanger	hang	-er	N	N
hanging	hang	-ing	V	N
hangman	hang	-man	V	N
hankering	hanker	-ing	V	N
hankin	hann	-kin	N	N
hanoverian	hanover	-ian	N	ADJ
hanson	hann	-son	N	N
haphazardly	haphazard	-ly	ADJ	ADV
hapless	hap	-less	N	ADJ
happening	happen	-ing	V	V
happening	happen	-ing	V	N
harassed	harass	-ed	V	V
harassment	harass	-ment	V	N
harden	hard	-en	ADJ	V
hardened	harden	-ed	V	V
hardener	harden	-er	V	N
hardening	lynch	-ing	V	V
hardening	harden	-ing	V	V
harder	hard	-er	ADJ	ADJ
hardiness	hardy	-ness	ADJ	N
hardliner	hardline	-er	ADJ	N
hardness	hard	-ness	ADV	N
hardship	hard	-ship	ADV	N
hardy	hard	-y	ADV	ADJ
hark	hear	-k	V	V
harmer	harm	-er	N	N
harmful	harm	-ful	N	ADJ
harmless	harm	-less	N	ADJ
harmlessly	harmless	-ly	ADJ	ADV
harmonic	harmony	-ic	N	ADJ
harmonious	harmony	-ous	N	ADJ
harmoniously	harmonious	-ly	ADJ	ADV
harmonisation	harmony	-isation	N	N
harmonisation	harmonise	-ation	V	N
harmonise	harmony	-ise	N	V
harmonization	harmonize	-ation	V	N
harmonization	harmonize	-tion	V	N
harmonize	harmony	-ize	N	V
harper	harp	-er	N	N
harpist	harp	-ist	N	N
harpy	harp	-y	N	N
harried	harry	-ed	V	ADJ
harrier	harry	-er	V	N
harrisburg	harris	-burg	N	N
harrison	harry	-son	N	N
harrowing	harrow	-ing	N	ADJ
harshly	harsh	-ly	ADJ	ADV
harshness	harsh	-ness	ADJ	N
harvester	harvest	-er	N	N
harvesting	harvest	-ing	N	N
hassle	haste	-le	N	N
hasten	haste	-en	N	V
hastily	hasty	-ly	ADJ	ADV
hasty	haste	-y	N	ADJ
hatchery	hatch	-ery	N	N
hatching	hatch	-ing	N	N
hateful	hate	-ful	N	ADJ
hater	hate	-er	V	N
hatful	hat	-ful	N	N
hath	have	-th	V	V
hatless	hat	-less	N	ADJ
hatred	hate	-red	V	N
hatter	hat	-er	N	N
haughtily	haughty	-ly	ADJ	ADV
haulage	haul	-age	N	N
haulier	haul	-ier	N	N
hauntingly	haunting	-ly	V	ADV
havering	haver	-ing	V	V
hawaiian	hawaii	-an	N	ADJ
hawaiian	hawaii	-an	N	N
hawker	hawk	-er	N	N
hawking	hawk	-ing	V	V
hawkish	hawk	-ish	N	ADJ
hayward	hay	-ward	N	N
hazardous	hazard	-ous	N	ADJ
hazily	hazy	-ly	ADJ	ADV
hazy	haze	-y	N	ADJ
headed	head	-ed	N	ADJ
header	head	-er	N	N
headhunter	headhunt	-er	V	N
headhunting	headhunt	-ing	V	V
headland	head	-land	N	N
headless	head	-less	N	ADJ
headliner	headline	-er	N	N
headlong	head	-long	N	ADV
headman	head	-man	N	N
headphone	head	-phone	N	N
headship	head	-ship	N	N
heady	head	-y	N	ADJ
healer	heal	-er	V	N
healing	heal	-ing	V	N
healing	heal	-ing	V	V
healthily	healthy	-ly	ADJ	ADV
heaped	heap	-ed	V	ADJ
hearer	hear	-er	V	N
hearken	hark	-en	V	V
heartbreaking	heartbreak	-ing	N	ADJ
hearted	heart	-ed	N	V
hearten	heart	-en	N	V
heartening	hearten	-ing	V	ADJ
heartily	hearty	-ly	ADJ	ADV
heartiness	hearty	-ness	ADJ	N
heartland	heart	-land	N	N
heartless	heart	-less	N	ADJ
heartlessly	heartless	-ly	ADJ	ADV
hearts	heart	-s	N	N
hearty	heart	-y	N	ADJ
heated	heat	-ed	N	ADJ
heatedly	heated	-ly	ADJ	ADV
heatedly	heated	-ly	ADJ	ADJ
heater	heat	-er	N	N
heathen	heath	-en	N	ADJ
heather	heath	-er	N	N
heathery	heather	-y	N	ADJ
heathery	heath	-ery	N	N
heathery	heather	-y	N	N
heatwave	heat	-wave	N	N
heavenly	heaven	-ly	N	ADJ
heavenward	heaven	-ward	N	ADV
heavenward	heaven	-ward	N	ADJ
heavenwards	heaven	-wards	N	ADV
heaviness	heavy	-ness	ADJ	N
hebridean	hebrides	-an	N	ADJ
heckler	heckle	-er	V	N
hectare	are	hect-	N	N
hectically	hectic	-ally	ADJ	ADV
hectolitre	litre	hecto-	N	N
hedging	hedge	-ing	N	V
hedonism	hedonic	-ism	ADJ	N
hedonist	hedonism	-ist	N	N
hedonistic	hedonist	-ic	N	ADJ
heedless	heed	-less	N	ADJ
heeled	heel	-ed	N	V
hefty	heft	-y	N	ADJ
hegelian	hegel	-ian	N	ADJ
hegemonic	hegemony	-ic	N	ADJ
hegemony	hegemon	-y	N	N
heighten	height	-en	N	V
heiress	heir	-ess	N	N
hella	hell	-a	N	N
hellenic	hellen	-ic	N	ADJ
hellenic	hellene	-ic	N	ADJ
hellenistic	hellenist	-ic	N	ADJ
hellenistic	hellenism	-istic	N	ADJ
hellish	hell	-ish	N	ADJ
helmeted	helmet	-ed	N	ADJ
helmsman	helm	-s	N	N
helmsman	helm	-man	N	N
helper	help	-er	V	N
helpfully	helpful	-ly	ADJ	ADV
helpfulness	helpful	-ness	ADJ	N
helping	help	-ing	V	ADJ
helpless	help	-less	V	ADJ
helplessly	helpless	-ly	ADJ	ADV
helplessness	helpless	-ness	ADJ	N
helpline	help	-ine	N	N
helpmate	help	-mate	N	N
hemisphere	sphere	hemi-	N	N
hemispheric	hemisphere	-ic	N	ADJ
hemispherical	spherical	hemi-	ADJ	ADJ
hemispherical	hemisphere	-ical	N	ADJ
hemline	line	hem-	N	N
hemline	hem	-ine	N	N
henderson	henry	-son	N	N
henson	henry	-son	N	N
heparin	hepar	-in	N	N
heraldic	herald	-ic	N	N
heraldry	herald	-ry	N	N
herbaceous	herb	-aceous	N	ADJ
herbage	herb	-age	N	N
herbal	herb	-al	N	ADJ
herbalist	herbal	-ist	ADJ	N
herbicide	herb	-cide	N	N
herbivorous	herbivore	-ous	ADJ	ADJ
herby	herb	-y	N	ADJ
herculean	hercules	-an	N	ADJ
herder	herd	-er	N	N
herding	herd	-ing	N	N
hereabouts	hereabout	-s	ADV	ADV
hereditary	heredity	-ary	N	ADJ
heretical	heretic	-al	N	ADJ
hermaphroditic	hermaphrodite	-ic	N	ADJ
hermetically	hermetic	-ally	ADJ	ADV
hermitage	hermit	-age	N	N
heroic	hero	-ic	N	ADJ
heroically	heroic	-ally	ADJ	ADV
heroically	heroical	-ly	ADJ	ADV
heroics	hero	-ics	N	N
heroine	hero	-ine	N	N
heroism	hero	-ism	N	N
hertfordshire	hertford	-shire	N	N
hesitancy	hesitant	-cy	ADJ	N
hesitant	hesitate	-ant	V	ADJ
hesitantly	hesitant	-ly	ADJ	ADV
hesitatingly	hesitating	-ly	V	ADV
hesitation	hesitate	-ion	V	N
hessian	hesse	-ian	N	ADJ
heterogeneity	heterogeneous	-ity	ADJ	N
heterosexism	sexism	hetero-	N	N
heterosexist	sexist	hetero-	N	N
heterosexual	sexual	hetero-	ADJ	ADJ
heterosexuality	sexuality	hetero-	N	N
heterosexuality	heterosexual	-ity	ADJ	N
heterosexually	heterosexual	-ly	ADJ	ADJ
hetty	het	-y	N	N
hewer	hew	-er	U	N
hewn	hew	-n	V	ADJ
hewson	hugh	-son	N	N
hexagonal	hexagon	-al	N	ADJ
hibernate	hibernal	-ate	ADJ	V
hibernation	hibernate	-ion	V	N
hibernian	hibernia	-an	N	ADJ
hickson	hick	-son	N	N
hideously	hideous	-ly	ADJ	ADV
hierarchic	hierarchy	-ic	N	ADJ
hierarchical	hierarchy	-ical	N	ADJ
hierarchically	hierarchical	-ly	ADJ	ADV
hieroglyphic	hieroglyph	-ic	N	ADJ
higginson	higgin	-son	N	N
higher	high	-er	ADJ	N
highlander	highland	-er	N	N
highlander	highlands	-er	N	N
highlighter	highlight	-er	V	N
highness	high	-ness	ADJ	N
highwayman	highway	-man	N	N
hijacker	hijack	-er	V	N
hijacking	hijack	-ing	V	V
hijacking	hijack	-ing	V	N
hiker	hike	-er	N	N
hiking	hike	-ing	N	V
hilariously	hilarious	-ly	ADJ	ADV
hilarity	hilarious	-ity	ADJ	N
hillock	hill	-ock	N	N
hillside	hill	-side	N	N
hilly	hill	-y	N	ADJ
himalayan	himalayas	-an	N	ADJ
hindrance	hinder	-ance	V	N
hindsight	sight	hind-	N	N
hinduism	hindu	-ism	ADJ	N
hipped	hip	-ed	N	ADJ
hippocampal	hippocampus	-al	N	ADJ
hippy	hip	-y	N	N
hipster	hip	-ster	ADJ	N
hireling	hire	-ling	N	N
hirer	hire	-er	N	N
hisself	his	-self	N	U
hissing	hiss	-ing	V	N
histamine	histidine	-amine	N	N
histological	histology	-ical	N	ADJ
histologically	histological	-ly	ADJ	ADV
historicism	historic	-ism	ADJ	N
historicist	historic	-ist	ADJ	ADJ
historicist	historic	-ist	ADJ	N
historicity	historic	-ity	ADJ	N
historiographical	historiography	-ical	N	ADJ
histrionic	histrion	-ic	N	ADJ
histrionics	histrionic	-s	ADJ	U
hitman	hit	-man	V	N
hitter	hit	-er	N	N
hitting	hit	-ing	N	N
hoarder	hoard	-er	N	N
hoarding	hoard	-ing	N	N
hoarsely	hoarse	-ly	ADJ	ADV
hoarseness	hoarse	-ness	ADJ	N
hoary	hoar	-y	ADJ	ADJ
hobbesian	hobbes	-ian	N	ADJ
hobbyist	hobby	-ist	N	N
hodder	hod	-er	V	N
hodgkinson	hodgkin	-son	N	N
hodgson	hodge	-son	N	N
hodkinson	hodgkin	-son	N	N
hodson	hodge	-son	N	N
holey	hole	-y	N	ADJ
holiness	holy	-ness	ADJ	N
holist	holism	-ist	N	ADJ
holistic	holist	-ic	ADJ	ADJ
holistic	holism	-istic	N	ADJ
hollowly	hollow	-ly	ADJ	ADV
hollowness	hollow	-ness	ADJ	N
holographic	holograph	-ic	N	ADJ
homelessness	homeless	-ness	ADJ	N
homely	home	-ly	N	ADJ
homeopathic	homeopath	-ic	N	ADJ
homeopathy	homeopath	-y	N	N
homeostatic	homeostasis	-ic	N	ADJ
homer	home	-er	N	N
homer	home	-er	N	V
homeric	homer	-ic	N	ADJ
homesickness	homesick	-ness	ADJ	N
homeward	home	-ward	N	ADJ
homeward	home	-ward	N	ADV
homewards	home	-wards	N	ADJ
homework	home	-work	N	N
homicidal	homicide	-al	N	ADJ
homing	home	-ing	N	ADJ
homoeopathic	homoeopath	-ic	N	ADJ
homoeopathy	homoeopath	-y	N	N
homoerotic	erotic	homo-	ADJ	ADJ
homogeneity	homogeneous	-ity	ADJ	N
homogeneously	homogeneous	-ly	ADJ	ADV
homogenize	homogeneous	-ize	ADJ	V
homologous	homology	-ous	N	ADJ
homophobia	homophobe	-ia	N	N
homophobic	homo	-phobic	N	ADJ
homophobic	-phobic	homo-	ADJ	ADJ
homophobic	homophobe	-ic	N	ADJ
homosexual	sexual	homo-	ADJ	ADJ
homosexual	homo	-sexual	N	ADJ
homosexuality	sexuality	homo-	N	N
homosexuality	homosexual	-ity	ADJ	N
homozygous	-zygous	homo-	ADJ	ADJ
honduran	honduras	-an	N	ADJ
honestly	honest	-ly	ADJ	ADV
honesty	honest	-y	ADJ	N
honeyed	honey	-ed	N	ADJ
honeymooner	honeymoon	-er	N	N
honorarium	honor	-arium	N	N
honorary	honor	-ary	N	ADJ
honorific	honor	-ific	N	ADJ
honourable	honour	-able	N	ADJ
honourably	honourable	-ly	ADJ	ADV
honourably	honour	-ably	N	ADV
hooded	hood	-ed	V	ADJ
hooked	hook	-ed	N	V
hooker	hook	-er	N	N
hooliganism	hooligan	-ism	N	N
hooper	hoop	-er	V	N
hooter	hoot	-er	N	N
hopeful	hope	-ful	N	ADJ
hopeless	hope	-less	N	ADJ
hopeless	home	-less	N	ADJ
hopelessly	hopeless	-ly	ADJ	ADV
hopelessness	hopeless	-ness	ADJ	N
hopkin	hob	-kin	N	N
hopkinson	hopkin	-son	N	N
hopper	hop	-er	N	N
horizontally	horizontal	-ly	ADJ	ADV
hormonal	hormone	-al	N	ADJ
horned	horn	-ed	N	ADJ
horner	horn	-er	N	N
horny	horn	-y	N	ADJ
horrendously	horrendous	-ly	ADJ	ADV
horribly	horrible	-ly	ADJ	ADV
horrifically	horrific	-ally	ADJ	ADV
horrified	horrify	-ed	V	ADJ
horrify	horror	-ify	N	V
horseless	horse	-less	N	ADJ
horseman	horse	-man	N	N
horsemanship	horseman	-ship	N	N
horsewoman	horse	-woman	N	N
horsey	horse	-ey	N	ADJ
horsey	horse	-y	N	ADJ
horsy	horse	-y	N	ADJ
horticultural	horticulture	-al	N	ADJ
horticulturalist	horticultural	-ist	ADJ	N
horticulturist	horticulture	-ist	N	N
hosiery	hose	-ery	N	N
hosiery	hosier	-y	N	N
hospitably	hospitable	-ly	ADJ	ADV
hospitalisation	hospitalise	-ation	V	N
hospitalise	hospital	-ise	N	V
hospitality	hospital	-ity	N	N
hospitalization	hospital	-ization	N	N
hospitalization	hospitalize	-ation	V	N
hospitalize	hospital	-ize	N	V
hospitaller	hospital	-er	N	N
hostel	host	-el	N	N
hostelry	hostel	-ry	N	N
hostess	host	-ess	N	N
hotelier	hotel	-ier	N	N
hothead	hot	-head	ADJ	N
hotly	hot	-ly	ADJ	ADV
hotness	hot	-ness	ADJ	N
hourly	hour	-ly	N	ADJ
housebound	house	-bound	N	ADJ
houseful	house	-ful	N	N
householder	household	-er	N	N
houseman	house	-man	N	N
housework	house	-work	N	N
hovel	howf	-el	N	N
hover	hove	-er	V	V
hovercraft	hover	-craft	N	N
howie	howard	-ie	N	N
howler	howl	-er	V	N
howling	howl	-ing	N	N
howling	howl	-ing	N	V
howson	hugh	-son	N	N
hubby	hub	-y	N	ADJ
huddle	hide	-le	V	N
hudson	hudd	-son	N	N
huffily	huffy	-ly	ADJ	ADV
huffy	huff	-y	V	ADJ
hugely	huge	-ly	ADJ	ADV
hugeness	huge	-ness	ADJ	N
hughie	hugh	-ie	N	N
hulking	hulk	-ing	V	ADJ
humanely	humane	-ly	ADJ	ADV
humanise	human	-ise	ADJ	V
humanism	human	-ism	ADJ	N
humanist	human	-ist	ADJ	N
humanistic	humanist	-ic	N	ADJ
humanitarian	humanity	-arian	N	ADJ
humanitarianism	humanitarian	-ism	ADJ	N
humanize	human	-ize	ADJ	V
humanize	humane	-ize	ADJ	V
humankind	human	-kind	ADJ	N
humanly	human	-ly	ADJ	ADV
humanness	human	-ness	N	N
humanoid	human	-oid	ADJ	ADJ
humberside	humber	-side	N	N
humble	hum	-le	N	V
humbly	humble	-ly	ADJ	ADV
humbly	humble	-ly	ADJ	U
humidifier	humidify	-er	V	N
humidity	humid	-ity	ADJ	N
humiliating	humiliate	-ing	V	ADJ
humiliatingly	humiliating	-ly	ADJ	ADV
humiliation	humiliate	-ion	V	N
humility	humble	-ity	ADJ	N
humming	hum	-ing	N	V
humming	hum	-ing	N	N
hummock	hump	-ock	N	N
humorist	humor	-ist	N	N
humorous	humor	-ous	N	ADJ
humorously	humorous	-ly	ADJ	ADV
humourless	humour	-less	N	ADJ
humourous	humour	-ous	N	ADJ
hundredfold	hundred	-fold	N	ADJ
hundredth	hundred	-th	N	ADJ
hungarian	hungary	-an	N	ADJ
hungrily	hungry	-ly	ADJ	ADV
hunky	hunk	-y	N	ADJ
huntingdonshire	huntingdon	-shire	N	N
huntsman	hunt	-man	N	N
hurdler	hurdle	-er	N	N
hurried	hurry	-ed	N	ADJ
hurriedly	hurried	-ly	ADJ	ADV
hurtful	hurt	-ful	N	ADJ
hurtle	hurt	-le	V	V
husbandman	husband	-man	N	N
husbandry	husband	-ry	N	N
huskily	husky	-ly	ADJ	ADV
husky	husk	-y	N	ADJ
hustler	hustle	-er	N	N
hutson	hudd	-son	N	N
hybridization	hybrid	-ization	N	N
hybridization	hybridize	-ation	V	N
hybridize	hybrid	-ize	N	V
hydrant	-ant	hydr-	N	N
hydration	hydrate	-ion	N	N
hydraulically	hydraulic	-ally	ADJ	ADV
hydraulics	hydraulic	-ics	ADJ	N
hydrocarbon	carbon	hydro-	N	N
hydrochloric	chloric	hydro-	ADJ	ADJ
hydrodynamic	dynamic	hydro-	ADJ	ADJ
hydroelectric	electric	hydro-	ADJ	ADJ
hydrofoil	foil	hydro-	N	N
hydrological	hydrologic	-al	ADJ	ADJ
hydrological	hydrology	-ical	N	ADJ
hydrophobic	hydrophobia	-ic	N	ADJ
hydrophobic	hydrophobe	-ic	N	ADJ
hydrostatic	static	hydro-	N	ADJ
hydrotherapy	therapy	hydro-	N	N
hydrothermal	thermal	hydro-	ADJ	ADJ
hydroxide	oxide	hydro-	N	N
hydroxide	oxide	hydr-	N	N
hygienic	hygiene	-ic	N	ADJ
hygienically	hygienic	-ally	ADJ	ADV
hygienist	hygiene	-ist	N	N
hyperactive	active	hyper-	ADJ	ADJ
hyperactivity	activity	hyper-	N	N
hyperactivity	hyperactive	-ity	ADJ	N
hyperbolic	hyperbole	-ic	N	ADJ
hyperbolic	hyperbola	-ic	N	ADJ
hyperinflation	inflation	hyper-	N	N
hypermarket	market	hyper-	N	N
hypermedia	media	hyper-	N	N
hypersensitive	sensitive	hyper-	ADJ	ADJ
hypersensitivity	sensitivity	hyper-	N	N
hypersensitivity	hypersensitive	-ity	ADJ	N
hyperspace	space	hyper-	N	N
hyperspace	space	hyper-	N	V
hypertension	tension	hyper-	N	N
hypertext	text	hyper-	N	N
hypertrophic	hypertrophy	-ic	N	ADJ
hyperventilate	ventilate	hyper-	V	V
hyperventilation	ventilation	hyper-	N	N
hyphenated	hyphenate	-ed	V	V
hypnosis	hypnotic	-osis	ADJ	N
hypnotherapist	therapist	hypno-	N	N
hypnotherapist	hypnotherapy	-ist	N	N
hypnotherapy	therapy	hypno-	N	N
hypnotically	hypnotic	-ally	ADJ	ADV
hypnotism	hypnotise	-ism	V	N
hypnotism	hypnotic	-ism	ADJ	N
hypnotist	hypnotise	-ist	V	N
hypnotist	hypnotism	-ist	N	N
hypnotize	hypnotic	-ize	ADJ	V
hypnotize	hypnotism	-ize	N	V
hypochlorite	chlorite	hypo-	N	N
hypochondriac	hypochondria	-ac	N	ADJ
hypocritical	hypocrite	-ical	N	ADJ
hypocritically	hypocritical	-ly	ADJ	ADV
hypodermic	hypodermis	-ic	N	ADJ
hypotension	tension	hypo-	N	N
hypothalamus	thalamus	hypo-	N	N
hypothesize	hypothesis	-ize	N	V
hypothetical	hypothetic	-al	ADJ	ADJ
hypothetically	hypothetical	-ly	ADJ	ADV
hysterical	hysteric	-al	N	ADJ
hysterically	hysterical	-ly	ADJ	ADV
iambic	iamb	-ic	N	ADJ
iberia	iberian	-a	ADJ	N
iberian	iberia	-an	N	ADJ
iced	ice	-ed	N	ADJ
icelandic	iceland	-ic	N	N
icicle	ice	-cle	N	N
icily	icy	-ly	ADJ	ADV
iciness	icy	-ness	ADJ	N
icing	ice	-ing	N	N
iconic	icon	-ic	N	ADJ
iconoclastic	iconoclast	-ic	N	ADJ
iconography	icon	-graphy	N	N
icy	ice	-y	N	ADJ
idealism	ideal	-ism	ADJ	N
idealist	ideal	-ist	ADJ	N
idealistic	idealist	-ic	N	ADJ
idealistically	idealistic	-ally	ADJ	ADV
idealization	idealize	-ation	V	N
idealize	ideal	-ize	ADJ	V
ideally	ideal	-ly	ADJ	ADV
ideational	ideation	-al	N	ADJ
identically	identical	-ly	ADJ	ADV
identifiable	identify	-able	V	ADJ
identifiable	identify	-able	V	ADV
identifiably	identifiable	-ly	ADJ	ADV
identifier	identify	-er	V	N
ideologically	ideological	-ly	ADJ	ADV
ideologist	ideology	-ist	N	N
idiocy	idiot	-cy	N	N
idiomatic	idiom	-atic	N	ADJ
idiopathic	idiopathy	-ic	N	ADJ
idiosyncratic	idiosyncrasy	-ic	N	ADJ
idiosyncratic	idiosyncrasy	-atic	N	ADJ
idiotic	idiot	-ic	N	ADJ
idiotically	idiotic	-ally	ADJ	ADV
idleness	idle	-ness	ADJ	N
idler	idle	-er	ADJ	N
idly	idle	-ly	ADJ	ADV
idly	idle	-ly	ADJ	U
idolatrous	idolatry	-ous	N	ADJ
idolatry	idolater	-y	N	N
idolise	idol	-ise	N	V
idolize	idol	-ize	N	V
idyllic	idyll	-ic	N	ADJ
idyllically	idyllic	-ally	ADJ	ADV
iffy	if	-y	N	ADJ
ignition	ignite	-ion	V	N
ignominious	ignominy	-ious	N	ADJ
ignominious	ignominy	-ous	N	ADJ
ignominiously	ignominious	-ly	ADJ	ADV
ignorance	ignore	-ance	V	N
ignorant	ignore	-ant	V	ADJ
ignorantly	ignorant	-ly	ADJ	ADV
ileal	ileum	-al	N	ADJ
illegality	illegal	-ity	N	N
illegality	legality	il-	N	N
illegally	illegal	-ly	N	ADV
illegible	legible	in-	ADJ	ADJ
illegible	legible	il-	ADJ	ADJ
illegitimacy	illegitimate	-cy	ADJ	N
illegitimate	legitimate	in-	ADJ	ADJ
illegitimate	legitimate	il-	ADJ	ADJ
illegitimately	illegitimate	-ly	ADJ	ADV
illicitly	illicit	-ly	ADJ	ADV
illiquid	liquid	in-	N	ADJ
illiquid	liquid	il-	N	ADJ
illiteracy	literacy	in-	N	N
illiteracy	literacy	il-	N	ADJ
illiterate	literate	il-	ADJ	ADJ
illogical	logical	in-	ADJ	ADJ
illogical	logical	il-	ADJ	ADJ
illogicality	illogical	-ity	ADJ	N
illogically	illogical	-ly	ADJ	ADV
illuminating	illuminate	-ing	V	ADJ
illumination	illuminate	-ion	V	N
illuminator	illuminate	-or	V	N
illusionist	illusion	-ist	N	N
illusory	illusion	-ory	N	ADJ
illustrative	illustrate	-ive	V	ADJ
illustrator	illustrate	-or	V	N
imagery	image	-ry	N	N
imagery	image	-ery	N	N
imaginable	imagine	-able	V	ADJ
imaginary	imagine	-ary	V	ADJ
imaginative	imagination	-ive	N	ADJ
imaginatively	imaginative	-ly	ADJ	ADV
imaging	image	-ing	N	N
imbalance	balance	in-	N	N
imbalance	balance	im-	N	N
imbecility	imbecile	-ity	N	N
imbed	bed	im-	N	V
imitation	imitate	-ion	V	N
imitative	imitate	-ive	V	ADJ
imitator	imitate	-or	V	N
immaculately	immaculate	-ly	ADJ	ADV
immaterial	material	in-	ADJ	ADJ
immature	mature	im-	ADJ	ADJ
immaturity	maturity	im-	N	N
immaturity	immature	-ity	ADJ	N
immeasurable	measurable	in-	ADJ	ADJ
immeasurable	measurable	im-	ADJ	ADJ
immeasurably	immeasurable	-ly	ADJ	ADV
immeasurably	measurably	im-	ADV	ADV
immeasurably	immeasurable	-ly	ADJ	U
immediacy	immediate	-cy	ADJ	N
immensely	immense	-ly	ADJ	ADV
immensity	immense	-ity	ADJ	N
immersion	immerse	-ion	V	N
imminence	imminent	-ence	ADJ	N
imminently	imminent	-ly	ADJ	ADV
immobile	mobile	im-	ADJ	ADJ
immobility	immobile	-ity	ADJ	N
immobility	mobility	im-	N	N
immobilization	mobilization	im-	N	N
immobilization	immobilize	-ation	V	N
immobilize	immobile	-ize	ADJ	V
immoderate	moderate	in-	ADJ	ADJ
immoderate	moderate	im-	ADJ	ADJ
immodest	modest	in-	ADJ	ADJ
immoral	moral	in-	ADJ	ADJ
immorality	immoral	-ity	ADJ	N
immortal	mortal	im-	N	ADJ
immortalise	immortal	-ise	ADJ	V
immortality	immortal	-ity	ADJ	N
immortality	mortality	im-	N	N
immortalize	immortal	-ize	ADJ	V
immovable	movable	in-	ADJ	ADJ
immovable	movable	im-	ADJ	ADJ
immunisation	immunise	-ation	V	N
immunise	immune	-ise	ADJ	V
immunity	immune	-ity	ADJ	N
immunization	immunize	-ation	V	N
immunize	immune	-ize	ADJ	V
immunodeficiency	deficiency	immuno-	N	N
immunofluorescence	fluorescence	immuno-	N	N
immunoglobulin	globulin	immuno-	N	N
immunohistochemical	histochemical	immuno-	ADJ	ADJ
immunological	immunology	-ical	N	ADJ
immunologically	immunological	-ly	ADJ	ADV
immunology	immune	-ology	ADJ	N
immunoreactivity	reactivity	immuno-	N	N
immunosuppressive	suppressive	immuno-	ADJ	ADJ
immutability	immutable	-ity	ADJ	N
immutable	mutable	in-	ADJ	ADJ
immutable	mutable	im-	ADJ	ADJ
impaired	impair	-ed	V	ADJ
impairment	impair	-ment	V	N
impartial	partial	in-	ADJ	ADJ
impartial	partial	im-	ADJ	ADJ
impartial	impart	-ial	V	ADJ
impartiality	impartial	-ity	ADJ	N
impartiality	partiality	im-	N	N
impartially	impartial	-ly	ADJ	ADV
impassable	passable	im-	ADJ	ADJ
impassioned	impassion	-ed	V	ADJ
impassive	passive	im-	ADJ	ADJ
impassively	impassive	-ly	ADJ	ADV
impassivity	impassive	-ity	ADJ	N
impatience	patience	im-	N	N
impatience	impatient	-ence	ADJ	N
impatiently	impatient	-ly	ADJ	ADV
impatiently	patiently	im-	ADV	ADV
impeachment	impeach	-ment	V	N
impeccably	impeccable	-ly	ADJ	ADV
impecunious	pecunious	in-	ADJ	ADJ
impedance	impede	-ance	V	N
impedimenta	impediment	-a	N	N
impending	impend	-ing	V	ADJ
impending	impend	-ing	V	N
imperceptible	perceptible	in-	ADJ	ADJ
imperceptible	perceptible	im-	ADJ	ADJ
imperceptibly	imperceptible	-ly	ADJ	ADV
imperceptibly	imperceptible	-ly	ADJ	U
imperceptibly	perceptibly	im-	ADV	ADV
imperfect	perfect	in-	N	ADJ
imperfect	perfect	im-	N	ADJ
imperfection	perfection	in-	N	N
imperfection	imperfect	-ion	ADJ	N
imperfection	perfection	im-	N	N
imperfectly	imperfect	-ly	ADJ	ADV
imperfectly	perfectly	im-	ADV	ADV
imperialism	imperial	-ism	ADJ	N
imperialist	imperial	-ist	ADJ	ADJ
imperialistic	imperialist	-ic	ADJ	ADJ
imperialistic	imperial	-istic	ADJ	ADJ
imperil	peril	im-	N	V
imperious	imperial	-ous	ADJ	ADJ
imperiously	imperious	-ly	ADJ	ADV
imperishable	perishable	in-	ADJ	ADJ
imperishable	perishable	im-	ADJ	ADJ
impermanence	permanence	in-	N	N
impermanence	permanence	im-	N	N
impermanence	impermanent	-ence	ADJ	N
impermanent	permanent	in-	ADJ	ADJ
impermanent	permanent	im-	ADJ	ADJ
impermeable	permeable	im-	ADJ	ADJ
impermissible	permissible	in-	ADJ	ADJ
impersonality	impersonal	-ity	ADJ	N
impersonally	impersonal	-ly	ADJ	ADV
impersonate	impersonal	-ate	ADJ	V
impersonation	impersonate	-ion	V	N
impersonator	impersonate	-or	V	N
impertinence	impertinent	-ence	ADJ	N
impertinent	pertinent	im-	ADJ	ADJ
imperturbably	imperturbable	-ly	ADJ	ADV
impetuosity	impetuous	-ity	ADJ	N
impetuously	impetuous	-ly	ADJ	ADV
impiety	impious	-ety	ADJ	N
impious	pious	im-	ADJ	ADJ
impish	imp	-ish	N	ADJ
impishly	impish	-ly	ADJ	ADV
implacably	implacable	-ly	ADJ	ADV
implacably	implacable	-ly	ADJ	U
implantation	implant	-ation	N	N
implausibility	plausibility	im-	N	N
implausibility	implausible	-ity	ADJ	N
implausible	plausible	in-	ADJ	ADJ
implausible	plausible	im-	ADJ	ADJ
implausibly	implausible	-ly	ADJ	ADV
implementer	implement	-er	V	N
implicitly	implicit	-ly	ADJ	ADV
impliedly	implied	-ly	ADJ	ADV
imploringly	imploring	-ly	V	ADV
implosion	explosion	in-	N	N
implosion	implode	-ion	V	N
impolite	polite	im-	ADJ	ADJ
impolitic	politic	in-	ADJ	ADJ
impolitic	impolite	-ic	ADJ	ADJ
imponderable	ponderable	in-	ADJ	ADJ
importantly	important	-ly	ADJ	ADV
importation	import	-ation	N	N
importer	import	-er	N	N
importunate	importune	-ate	V	ADJ
importunity	importune	-ity	V	N
imposing	impose	-ing	V	V
imposition	impose	-ition	V	N
imposition	impose	-tion	V	N
impossibility	possibility	im-	N	N
impossibility	impossible	-ity	ADJ	N
impossibly	impossible	-ly	ADJ	ADV
impossibly	possibly	im-	ADV	ADV
impotence	impotent	-ence	N	N
impotency	impotent	-cy	N	N
impotently	impotent	-ly	N	ADV
impotently	potently	im-	ADV	ADV
impound	pound	in-	N	V
impound	pound	im-	N	V
impoverishment	impoverish	-ment	V	N
impracticability	impracticable	-ity	ADJ	N
impracticability	practicability	im-	N	N
impracticable	practicable	in-	ADJ	ADJ
impracticable	practicable	im-	ADJ	ADJ
impractical	practical	in-	ADJ	ADJ
impractical	practical	im-	ADJ	ADJ
impracticality	impractical	-ity	ADJ	N
imprecation	imprecate	-ion	V	N
imprecise	precise	in-	ADJ	ADJ
imprecise	precise	im-	ADJ	ADJ
imprecisely	imprecise	-ly	ADJ	ADV
imprecision	precision	in-	N	N
imprecision	imprecise	-ion	ADJ	N
impregnable	impregnate	-able	V	ADJ
impregnation	impregnate	-ion	V	N
impressionable	impression	-able	N	ADJ
impressionism	impression	-ism	N	N
impressionist	impression	-ist	N	N
impressionistic	impressionist	-ic	N	ADJ
impressionistic	impressionism	-istic	N	ADJ
impressively	impressive	-ly	ADJ	ADV
imprint	print	im-	N	N
imprison	prison	im-	N	V
improbability	probability	in-	N	N
improbability	improbable	-ity	ADJ	N
improbability	probability	im-	N	N
improbable	probable	in-	ADJ	ADJ
improbable	probable	im-	ADJ	ADJ
improbably	improbable	-ly	ADJ	ADV
improbably	probably	im-	ADV	ADV
improper	proper	im-	ADJ	ADJ
improperly	improper	-ly	ADJ	ADV
improperly	properly	im-	ADV	ADV
impropriety	propriety	im-	N	N
improver	improve	-er	V	N
improvidence	providence	in-	N	N
improvidence	improvident	-ence	ADJ	N
improving	improve	-ing	V	ADJ
improvisation	improvise	-ation	V	N
improvisatory	improvise	-atory	V	ADJ
improviser	improvise	-er	V	N
imprudent	prudent	im-	ADJ	ADJ
imprudently	imprudent	-ly	ADJ	ADV
imprudently	prudently	im-	ADV	ADV
impudence	impudent	-ence	ADJ	N
impulsive	impulse	-ive	V	ADJ
impulsively	impulsive	-ly	ADJ	ADV
impulsiveness	impulsive	-ness	ADJ	N
impure	pure	im-	ADJ	ADJ
impurity	impure	-ity	ADJ	N
impurity	purity	im-	N	N
imputation	impute	-ation	V	N
inability	ability	in-	N	N
inaccessibility	inaccessible	-ity	ADJ	N
inaccessible	accessible	in-	ADJ	ADJ
inaccuracy	accuracy	in-	N	N
inaccuracy	inaccurate	-cy	ADJ	N
inaccurate	accurate	in-	ADJ	ADJ
inaccurately	inaccurate	-ly	ADJ	ADV
inaccurately	accurately	in-	ADV	ADV
inaction	action	in-	N	N
inactivate	inactive	-ate	ADJ	V
inactivation	activation	in-	N	N
inactive	active	in-	ADJ	ADJ
inactivity	activity	in-	N	N
inactivity	inactive	-ity	ADJ	N
inadequacy	inadequate	-cy	ADJ	N
inadequacy	adequacy	in-	N	N
inadequately	inadequate	-ly	ADJ	ADV
inadequately	adequately	in-	ADV	ADV
inadmissible	admissible	in-	ADJ	ADJ
inadvertently	inadvertent	-ly	ADJ	ADV
inadvertently	advertently	in-	ADV	ADV
inadvisable	advisable	in-	ADJ	ADJ
inalienable	alienable	in-	ADJ	ADJ
inanely	inane	-ly	ADJ	ADV
inanimate	animate	in-	ADJ	ADJ
inanity	inane	-ity	ADJ	N
inapplicable	applicable	in-	ADJ	ADJ
inappropriate	appropriate	in-	ADJ	ADJ
inappropriately	inappropriate	-ly	ADJ	ADV
inappropriately	appropriately	in-	ADV	ADV
inappropriateness	inappropriate	-ness	ADJ	N
inappropriateness	appropriateness	in-	N	N
inarticulate	articulate	in-	ADJ	ADJ
inattentive	attentive	in-	ADJ	ADJ
inaudible	audible	in-	ADJ	ADJ
inaudibly	inaudible	-ly	ADJ	ADV
inaudibly	audibly	in-	ADV	ADV
inauguration	inaugurate	-ion	V	N
inauspicious	auspicious	in-	ADJ	ADJ
inborn	born	in-	ADJ	ADJ
inbreeding	breeding	in-	N	V
inbreeding	inbreed	-ing	V	N
incalculable	calculable	in-	ADJ	ADJ
incandescence	incandesce	-ence	V	N
incandescence	incandescent	-ence	ADJ	N
incapable	capable	in-	ADJ	ADJ
incapacitate	incapacity	-ate	N	V
incapacitate	capacitate	in-	V	V
incapacitated	incapacitate	-ed	V	V
incapacitating	incapacitate	-ing	V	V
incapacity	capacity	in-	N	N
incarceration	incarcerate	-ion	V	N
incarnate	carnate	in-	ADJ	ADJ
incarnation	incarnate	-ion	ADJ	N
incautious	cautious	in-	ADJ	ADJ
incautiously	incautious	-ly	ADJ	ADV
incense	cense	in-	V	N
inception	incept	-ion	V	N
incessantly	incessant	-ly	ADJ	ADV
incestuous	incest	-ous	N	ADJ
incestuous	incest	-uous	N	ADJ
incidental	incident	-al	ADJ	ADJ
incidentally	incidental	-ly	ADJ	ADV
incineration	incinerate	-ion	V	N
incinerator	incinerate	-or	V	N
incision	incise	-ion	V	N
incisive	incise	-ive	V	ADJ
incisiveness	incisive	-ness	N	N
incisor	incise	-or	V	N
incitement	incite	-ment	V	N
inclination	incline	-ation	V	N
inclined	incline	-ed	V	ADJ
inclusion	include	-tion	V	N
inclusion	include	-ion	V	N
incoherence	incoherent	-ence	ADJ	N
incoherence	coherence	in-	N	N
incoherent	coherent	in-	ADJ	ADJ
incoherently	incoherent	-ly	ADJ	ADV
incoherently	coherently	in-	ADV	ADV
incoming	income	-ing	N	ADJ
incommensurate	commensurate	in-	ADJ	ADJ
incomparable	comparable	in-	ADJ	ADJ
incomparably	incomparable	-ly	ADJ	ADV
incomparably	incomparable	-ly	ADJ	U
incompatibility	incompatible	-ity	ADJ	N
incompatibility	compatibility	in-	N	N
incompatible	compatible	in-	ADJ	ADJ
incompetence	incompetent	-ence	ADJ	N
incompetent	competent	in-	ADJ	ADJ
incompetently	incompetent	-ly	ADJ	ADV
incompetently	competently	in-	ADV	ADV
incomplete	complete	in-	ADJ	ADJ
incompletely	incomplete	-ly	ADJ	ADV
incompletely	completely	in-	ADV	ADV
incompleteness	incomplete	-ness	ADJ	N
incomprehensibility	incomprehensible	-ity	ADJ	N
incomprehensible	comprehensible	in-	ADJ	ADJ
incomprehensibly	incomprehensible	-ly	ADJ	ADV
incomprehensibly	comprehensibly	in-	ADV	ADV
incomprehension	comprehension	in-	N	N
inconceivable	conceivable	in-	ADJ	ADJ
inconceivably	inconceivable	-ly	ADJ	ADV
inconceivably	conceivably	in-	ADV	ADV
inconclusive	conclusive	in-	ADJ	ADJ
inconclusively	inconclusive	-ly	ADJ	ADV
inconclusively	conclusively	in-	ADV	ADV
incongruity	incongruous	-ity	ADJ	N
incongruously	incongruous	-ly	ADJ	ADV
inconsequential	consequential	in-	ADJ	ADJ
inconsequentially	inconsequential	-ly	ADJ	ADV
inconsequentially	consequentially	in-	ADV	ADV
inconsiderable	considerable	in-	ADJ	ADJ
inconsiderate	considerate	in-	ADJ	ADJ
inconsistency	inconsistent	-cy	ADJ	N
inconsistent	consistent	in-	ADJ	ADJ
inconsistently	inconsistent	-ly	ADJ	ADV
inconsistently	consistently	in-	ADV	ADV
inconsolable	consolable	in-	ADJ	ADJ
inconsolably	inconsolable	-ly	ADJ	ADV
inconsolably	inconsolable	-ly	ADJ	U
inconspicuous	conspicuous	in-	ADJ	ADJ
inconspicuously	inconspicuous	-ly	ADJ	ADV
inconspicuously	conspicuously	in-	ADV	ADV
incontestable	contestable	in-	ADJ	ADJ
incontinence	continence	in-	N	N
incontinence	incontinent	-ence	ADJ	N
incontrovertible	controvertible	in-	ADJ	ADJ
incontrovertibly	incontrovertible	-ly	ADJ	ADV
incontrovertibly	incontrovertible	-ly	ADJ	U
inconvenience	convenience	in-	N	N
inconvenience	inconvenient	-ence	ADJ	N
inconvenient	convenient	in-	ADJ	ADJ
inconveniently	inconvenient	-ly	ADJ	ADV
incorporation	incorporate	-ion	V	N
incorporeal	corporeal	in-	ADJ	ADJ
incorrect	correct	in-	ADJ	ADJ
incorrectly	incorrect	-ly	ADJ	ADV
incorrectly	correctly	in-	ADV	ADV
incorrigibly	incorrigible	-ly	ADJ	ADV
incorrigibly	incorrigible	-ly	ADJ	U
incorruptible	corruptible	in-	ADJ	ADJ
incredulity	incredulous	-ity	ADJ	N
incredulity	credulity	in-	N	N
incredulous	credulous	in-	ADJ	ADJ
incredulously	incredulous	-ly	ADJ	ADV
increment	increase	-ment	V	N
incremental	increment	-al	N	ADJ
incrementally	incremental	-ly	ADJ	ADV
incriminate	criminate	in-	V	V
incriminating	incriminate	-ing	V	ADJ
incubation	incubate	-ion	V	N
incubator	incubate	-or	V	N
inculcation	inculcate	-ion	V	N
incumbency	incumbent	-cy	ADJ	N
incurable	incur	-able	V	ADJ
incurable	curable	in-	ADJ	ADJ
incurably	incurable	-ly	ADJ	ADV
incurably	incur	-ably	V	ADV
indebted	indebt	-ed	V	V
indebtedness	indebted	-ness	ADJ	N
indecency	decency	in-	N	N
indecency	indecent	-cy	ADJ	N
indecent	decent	in-	ADJ	ADJ
indecently	indecent	-ly	ADJ	ADV
indecently	decently	in-	ADV	ADV
indecipherable	decipherable	in-	ADJ	ADJ
indecision	decision	in-	N	N
indecisive	decisive	in-	ADJ	ADJ
indecisively	indecisive	-ly	ADJ	ADV
indecisively	decisively	in-	ADV	ADV
indecisiveness	indecisive	-ness	ADJ	N
indecisiveness	decisiveness	in-	N	N
indefensible	defensible	in-	ADJ	ADJ
indefinable	definable	in-	ADJ	ADJ
indefinably	indefinable	-ly	ADJ	ADV
indefinite	definite	in-	ADJ	ADJ
indefinitely	indefinite	-ly	ADJ	ADV
indefinitely	definitely	in-	ADV	ADV
indelibly	indelible	-ly	ADJ	ADV
indelicate	delicate	in-	ADJ	ADJ
indemnify	indemn	-ify	ADJ	V
indemnity	indemn	-ity	ADJ	N
indent	dent	in-	N	N
indentation	dent	in-	N	N
indentation	indent	-ation	N	N
independently	independent	-ly	ADJ	ADV
indescribable	describable	in-	ADJ	ADJ
indescribably	indescribable	-ly	ADJ	ADV
indestructible	destructible	in-	ADJ	ADJ
indeterminacy	indeterminate	-cy	ADJ	N
indeterminate	determinate	in-	ADJ	ADJ
indexation	index	-ation	N	N
indexical	index	-ical	N	ADJ
indiana	india	-ana	N	N
indicative	indicate	-ive	V	ADJ
indictable	indict	-able	V	ADJ
indictment	indict	-ment	N	N
indifference	indifferent	-ence	ADJ	N
indifferent	different	in-	ADJ	ADJ
indifferently	indifferent	-ly	ADJ	ADV
indigestible	digestible	in-	ADJ	ADJ
indignantly	indignant	-ly	ADJ	ADV
indignity	indign	-ity	ADJ	N
indignity	dignity	in-	N	N
indirection	indirect	-ion	ADJ	N
indirectly	indirect	-ly	ADJ	ADV
indirectly	directly	in-	ADV	ADV
indiscipline	discipline	in-	N	N
indiscreet	discreet	in-	ADJ	ADJ
indiscretion	discretion	in-	N	N
indiscriminate	discriminate	in-	V	ADJ
indiscriminately	indiscriminate	-ly	ADJ	ADV
indispensable	dispensable	in-	ADJ	ADJ
indisposed	disposed	in-	V	ADJ
indisposed	indispose	-ed	V	ADJ
indisputable	disputable	in-	ADJ	ADJ
indisputably	indisputable	-ly	ADJ	ADV
indissolubly	indissoluble	-ly	ADJ	ADV
indissolubly	indissoluble	-ly	ADJ	U
indistinct	distinct	in-	ADJ	ADJ
indistinctly	indistinct	-ly	ADJ	ADV
indistinctly	distinctly	in-	ADV	ADV
indistinguishable	distinguishable	in-	ADJ	ADJ
indistinguishably	indistinguishable	-ly	ADJ	ADV
individualise	individual	-ise	N	V
individualism	individual	-ism	ADJ	N
individualist	individual	-ist	ADJ	N
individualistic	individualist	-ic	N	ADJ
individuality	individual	-ity	N	N
individualize	individual	-ize	ADJ	V
individually	individual	-ly	N	ADV
individuation	individuate	-ion	V	N
indivisibility	indivisible	-ity	ADJ	N
indivisible	divisible	in-	ADJ	ADJ
indochina	china	Indo-	N	N
indoctrination	indoctrinate	-tion	V	N
indoctrination	indoctrinate	-ion	V	N
indolence	indolent	-ence	ADJ	N
indonesian	indonesia	-an	N	ADJ
indoor	door	in-	N	ADJ
indoors	indoor	-s	ADJ	N
indrawn	drawn	in-	V	ADJ
indubitably	indubitable	-ly	ADJ	ADV
inducement	induce	-ment	V	N
inductance	induction	-ance	N	N
induction	induct	-ion	V	N
inductive	induct	-ive	V	ADJ
inductively	inductive	-ly	ADJ	ADV
inductivist	inductive	-ist	ADJ	N
indulgence	indulgent	-ence	ADJ	N
indulgence	indulge	-ence	V	N
indulgently	indulgent	-ly	ADJ	ADV
industrialisation	industrialise	-ation	V	N
industrialise	industrial	-ise	ADJ	V
industrialism	industrial	-ism	ADJ	N
industrialist	industrial	-ist	ADJ	N
industrialization	industrialize	-ation	V	N
industrialize	industrial	-ize	ADJ	V
industrially	industrial	-ly	ADJ	ADV
industriously	industrious	-ly	ADJ	ADV
indwelling	dwelling	in-	N	N
indwelling	dwelling	in-	N	ADJ
indwelling	indwell	-ing	V	N
inedible	edible	in-	ADJ	ADJ
ineffective	effective	in-	ADJ	ADJ
ineffectively	ineffective	-ly	ADJ	ADV
ineffectively	effectively	in-	ADV	ADV
ineffectiveness	ineffective	-ness	ADJ	N
ineffectiveness	effectiveness	in-	N	N
ineffectual	effectual	in-	ADJ	ADJ
ineffectually	ineffectual	-ly	ADJ	ADV
inefficiency	efficiency	in-	N	N
inefficiency	inefficient	-cy	ADJ	N
inefficient	efficient	in-	ADJ	ADJ
inefficiently	inefficient	-ly	ADJ	ADV
inefficiently	efficiently	in-	ADV	ADV
inelastic	elastic	in-	ADJ	ADJ
inelegant	elegant	in-	ADJ	ADJ
inelegantly	inelegant	-ly	ADJ	ADV
ineligible	eligible	in-	ADJ	ADJ
ineluctably	ineluctable	-ly	ADJ	ADV
ineptitude	inept	-itude	ADJ	N
ineptly	inept	-ly	ADJ	ADV
inequitable	equitable	in-	ADJ	ADJ
inequity	equity	in-	N	N
ineradicable	eradicable	in-	ADJ	ADJ
inertial	inertia	-al	N	ADJ
inescapable	escapable	in-	ADJ	ADJ
inescapably	inescapable	-ly	ADJ	ADV
inescapably	inescapable	-ly	ADJ	U
inessential	essential	in-	ADJ	ADJ
inestimable	estimable	in-	ADJ	ADJ
inevitability	inevitable	-ity	ADJ	N
inexact	exact	in-	ADJ	ADJ
inexcusable	excusable	in-	ADJ	ADJ
inexcusably	inexcusable	-ly	ADJ	ADV
inexhaustible	exhaustible	in-	ADJ	ADJ
inexorably	inexorable	-ly	ADJ	ADV
inexpensive	expensive	in-	ADJ	ADJ
inexpensively	inexpensive	-ly	ADJ	ADV
inexpensively	expensively	in-	ADV	ADV
inexperience	experience	in-	N	N
inexperienced	experienced	in-	ADJ	ADJ
inexperienced	inexperience	-ed	N	ADJ
inexpert	expert	in-	ADJ	ADJ
inexpertly	inexpert	-ly	ADJ	ADV
inexplicable	explicable	in-	ADJ	ADJ
inexplicably	inexplicable	-ly	ADJ	ADV
inexpressible	expressible	in-	ADJ	ADJ
inextricably	inextricable	-ly	ADJ	ADV
infallibility	infallible	-ity	ADJ	N
infallibility	fallibility	in-	N	N
infallible	fallible	in-	ADJ	ADJ
infallibly	infallible	-ly	ADJ	ADV
infamous	famous	in-	ADJ	ADJ
infamy	infamous	-y	ADJ	N
infancy	infant	-cy	N	N
infanticide	infant	-cide	N	N
infantryman	infantry	-man	N	N
infarction	infarct	-ion	N	N
infatuated	infatuate	-ed	V	V
infatuated	infatuate	-ed	V	ADJ
infatuation	infatuate	-ion	V	N
infectious	infect	-ious	ADJ	ADJ
infectious	infection	-ous	N	ADJ
infective	infect	-ive	V	ADJ
inference	infer	-ence	V	N
inferential	inference	-ial	N	ADJ
inferiority	inferior	-ity	ADJ	U
inferiority	inferior	-ity	ADJ	N
infertile	fertile	in-	ADJ	ADJ
infertility	infertile	-ity	ADJ	N
infertility	fertility	in-	N	N
infestation	infest	-ation	V	N
infidelity	infidel	-ity	ADJ	N
infidelity	fidelity	in-	N	N
infighting	fighting	in-	ADJ	N
infilling	infill	-ing	V	V
infilling	infill	-ing	V	N
infiltration	infiltrate	-ion	V	N
infiltration	infiltrate	-tion	V	N
infiltrator	infiltrate	-or	V	N
infinite	finite	in-	ADJ	ADJ
infinitely	infinite	-ly	ADJ	ADV
infinitesimally	infinitesimal	-ly	ADJ	ADV
infinity	infinite	-y	ADJ	N
infirmary	infirm	-ary	ADJ	N
infirmity	infirm	-ity	ADJ	N
inflame	flame	in-	N	V
inflammable	flammable	in-	ADJ	ADJ
inflammatory	inflammation	-ory	N	ADJ
inflatable	inflate	-able	V	ADJ
inflated	inflate	-ed	V	ADJ
inflationary	inflation	-ary	N	ADJ
inflection	inflect	-tion	V	N
inflection	inflect	-ion	V	N
inflectional	inflection	-al	N	ADJ
inflexibility	inflexible	-ity	ADJ	N
inflexibility	flexibility	in-	N	N
inflexible	flexible	in-	ADJ	ADJ
inflexibly	inflexible	-ly	ADJ	ADV
infliction	inflict	-ion	V	N
inflow	flow	in-	N	N
informality	informal	-ity	ADJ	N
informally	informal	-ly	ADJ	ADV
informant	inform	-ant	V	N
informational	information	-al	N	ADJ
informative	inform	-ative	V	ADJ
informatively	informative	-ly	ADJ	ADV
informed	inform	-ed	V	V
informed	formed	in-	V	ADJ
informer	inform	-er	V	N
infrared	red	infra-	ADJ	N
infrastructural	infrastructure	-al	N	ADJ
infrequency	infrequent	-cy	ADJ	N
infrequent	frequent	in-	ADJ	ADJ
infrequently	infrequent	-ly	ADJ	ADV
infrequently	frequently	in-	ADV	ADV
infringement	infringe	-ment	V	N
infuriated	infuriate	-ed	V	ADJ
infuriating	infuriate	-ing	V	ADJ
infuriatingly	infuriating	-ly	ADJ	ADV
infusion	infuse	-ion	V	N
ingeniously	ingenious	-ly	ADJ	ADV
ingenuously	ingenuous	-ly	ADJ	ADV
ingestion	ingest	-ion	V	N
inglorious	glorious	in-	ADJ	ADJ
ingot	gote	in-	N	N
ingrain	grain	in-	N	V
ingrained	ingrain	-ed	V	ADJ
ingratiating	ingratiate	-ing	V	ADJ
ingratiatingly	ingratiating	-ly	ADJ	ADV
ingratitude	gratitude	in-	N	N
ingrow	grow	in-	V	V
inhalation	inhale	-ation	V	N
inhaler	inhale	-er	V	N
inherently	inherent	-ly	ADJ	ADV
inheritance	inherit	-ance	V	N
inheritor	inherit	-or	V	N
inhibition	inhibit	-ion	V	N
inhibitor	inhibit	-or	V	N
inhibitory	inhibit	-ory	V	ADJ
inhibitory	inhibitor	-y	N	ADJ
inhomogeneity	homogeneity	in-	N	N
inhospitable	hospitable	in-	ADJ	ADJ
inhuman	human	in-	ADJ	ADJ
inhumane	humane	in-	ADJ	ADJ
inhumanity	inhuman	-ity	ADJ	N
inhumanity	humanity	in-	N	N
inimitable	imitable	in-	ADJ	ADJ
iniquitous	iniquity	-ous	N	ADJ
initiation	initiate	-ion	V	N
initiator	initiate	-or	V	N
injectable	inject	-able	V	ADJ
injection	inject	-ion	V	N
injector	inject	-or	V	N
injudicious	judicious	in-	ADJ	ADJ
injured	injure	-ed	V	V
injurious	injury	-ous	N	ADJ
injustice	justice	in-	N	N
inkling	inkle	-ing	N	N
inkling	inkle	-ing	N	V
inky	ink	-y	N	ADJ
inland	land	in-	N	ADJ
inlay	lay	in-	ADJ	V
inlet	let	in-	V	V
inlet	let	in-	V	N
inmost	in	-most	U	ADJ
innately	innate	-ly	ADJ	ADV
innermost	inner	-most	ADJ	ADJ
innervation	innervate	-ion	V	N
innings	inning	-s	N	N
innocence	innocent	-ence	N	N
innocently	innocent	-ly	N	ADV
innovator	innovate	-or	V	N
innumerable	numerable	in-	ADJ	ADJ
inoculation	inoculate	-ion	V	N
inoffensive	offensive	in-	N	ADJ
inoperable	operable	in-	ADJ	ADJ
inoperative	operative	in-	ADJ	ADJ
inopportune	opportune	in-	ADJ	ADJ
inordinate	ordinate	in-	N	ADJ
inordinately	inordinate	-ly	ADJ	ADV
inorganic	organic	in-	ADJ	ADJ
inpatient	patient	in-	N	ADJ
inquirer	inquire	-er	V	N
inquiring	inquire	-ing	V	ADJ
inquiringly	inquiring	-ly	ADJ	ADV
inquisition	inquire	-ition	V	N
inquisitive	inquisitor	-ive	N	ADJ
inquisitively	inquisitive	-ly	ADJ	ADV
inquisitiveness	inquisitive	-ness	ADJ	N
inquisitor	inquisition	-or	N	N
inquisitorial	inquisitor	-ial	N	ADJ
inroad	road	in-	N	N
insane	sane	in-	ADJ	ADJ
insanely	insane	-ly	ADJ	ADV
insanely	sanely	in-	ADV	ADV
insanitary	sanitary	in-	ADJ	ADJ
insanity	insane	-ity	ADJ	N
insanity	sanity	in-	N	N
insatiable	insatiate	-able	ADJ	ADJ
inscrutable	scrutable	in-	ADJ	ADJ
inscrutably	inscrutable	-ly	ADJ	ADV
inscrutably	inscrutable	-ly	ADJ	U
insecticide	insect	-icide	N	N
insecticide	insect	-cide	N	N
insectivorous	insectivore	-ous	ADJ	ADJ
insecure	secure	in-	ADJ	ADJ
insecurely	insecure	-ly	ADJ	ADV
insecurity	insecure	-ity	ADJ	N
insecurity	security	in-	N	N
insemination	inseminate	-ion	V	N
insensibility	insensible	-ity	ADJ	N
insensibility	sensibility	in-	N	N
insensitive	sensitive	in-	ADJ	ADJ
insensitively	insensitive	-ly	ADJ	ADV
insensitivity	sensitivity	in-	N	N
insensitivity	insensitive	-ity	ADJ	N
inseparable	separable	in-	ADJ	ADJ
inseparably	inseparable	-ly	ADJ	ADV
inseparably	separably	in-	ADV	ADV
insertion	insert	-ion	V	N
inset	set	in-	ADJ	V
inshore	shore	in-	N	ADJ
insider	inside	-er	N	N
insidiously	insidious	-ly	ADJ	ADV
insightful	insight	-ful	N	ADJ
insignificance	significance	in-	N	N
insignificance	insignificant	-ce	ADJ	N
insignificant	significant	in-	ADJ	ADJ
insincerely	insincere	-ly	ADJ	ADV
insincerity	sincerity	in-	N	N
insincerity	insincere	-ity	ADJ	N
insinuation	insinuate	-ion	V	N
insistence	insist	-ence	V	N
insistence	insistent	-ce	V	N
insistent	insist	-ent	V	ADJ
insistently	insistent	-ly	ADJ	ADV
insolence	insolent	-ence	ADJ	N
insolently	insolent	-ly	ADJ	ADV
insoluble	soluble	in-	ADJ	ADJ
insolvency	insolvent	-cy	ADJ	N
insolvency	solvency	in-	N	N
insolvent	solvent	in-	ADJ	ADJ
insomniac	insomnia	-ac	N	N
insouciance	insouciant	-ce	ADJ	N
inspectorate	inspector	-ate	N	N
inspirational	inspiration	-al	N	ADJ
inspirer	inspire	-er	V	N
instability	stability	in-	N	N
instability	instable	-ity	ADJ	N
installed	install	-ed	V	V
installer	install	-er	V	N
instantaneously	instantaneous	-ly	ADJ	ADV
instigation	instigate	-ion	V	N
instigator	instigate	-or	V	N
instillation	instill	-ation	V	N
instinctive	instinct	-ive	N	ADJ
instinctively	instinctive	-ly	ADJ	ADV
instinctual	instinct	-ual	N	ADJ
institutionalisation	institutionalise	-ation	V	N
institutionalization	institutional	-ization	ADJ	N
institutionalization	institutionalize	-ation	V	N
institutionalize	institutional	-ize	ADJ	V
institutionalized	institutionalize	-ed	V	ADJ
institutionally	institutional	-ly	ADJ	ADV
instructive	instruct	-ive	V	ADJ
instrumental	instrument	-al	N	ADJ
instrumentalism	instrumental	-ism	ADJ	N
instrumentalist	instrumental	-ist	ADJ	N
instrumentally	instrumental	-ly	ADJ	ADV
instrumentation	instrument	-ation	N	N
insubordination	insubordinate	-ion	ADJ	N
insubordination	subordination	in-	N	N
insubstantial	substantial	in-	ADJ	ADJ
insufferable	sufferable	in-	ADJ	ADJ
insufferably	insufferable	-ly	ADJ	ADV
insufferably	insufferable	-ly	ADJ	U
insufficiency	sufficiency	in-	N	N
insufficiency	insufficient	-cy	ADJ	N
insufficient	sufficient	in-	ADJ	ADJ
insufficiently	insufficient	-ly	ADJ	ADV
insufficiently	sufficiently	in-	ADV	ADV
insularity	insular	-ity	ADJ	N
insulating	insulate	-ing	V	V
insulation	insulate	-ion	V	N
insulator	insulate	-or	V	N
insultingly	insulting	-ly	ADJ	ADV
insupportable	supportable	in-	ADJ	ADJ
insure	sure	in-	ADJ	V
insurer	insure	-er	V	N
insurgency	insurgent	-cy	N	N
insurmountable	surmountable	in-	ADJ	ADJ
intake	take	in-	V	N
intangible	tangible	in-	ADJ	ADJ
integral	integer	-al	N	ADJ
integrally	integral	-ly	N	ADV
integrationist	integration	-ist	N	N
integrative	integrate	-ive	V	ADJ
integrator	integrate	-or	V	N
intellectualism	intellectual	-ism	ADJ	N
intellectually	intellectual	-ly	N	ADV
intelligently	intelligent	-ly	ADJ	ADV
intelligibility	intelligible	-ity	ADJ	N
intelligibly	intelligible	-ly	ADJ	ADV
intemperate	temperate	in-	ADJ	ADJ
intended	intend	-ed	V	ADJ
intensely	intense	-ly	ADJ	ADV
intensification	intense	-ification	ADJ	N
intensification	intensify	-ification	V	N
intensify	intense	-ify	ADJ	V
intensional	intension	-al	N	ADJ
intensively	intensive	-ly	ADJ	ADV
intentional	intention	-al	N	ADJ
intentionality	intentional	-ity	ADJ	N
intentionally	intentional	-ly	ADJ	ADV
intentioned	intention	-ed	N	ADJ
intently	intent	-ly	N	ADV
interactional	interaction	-al	N	ADJ
interactionism	interaction	-ism	N	N
interactionist	interaction	-ist	N	N
interactive	active	inter-	ADJ	ADJ
interactive	interact	-ive	V	ADJ
interactively	interactive	-ly	ADJ	ADV
interagency	agency	inter-	N	ADJ
interbank	bank	inter-	N	ADJ
interbreed	breed	inter-	ADJ	V
intercellular	cellular	inter-	ADJ	ADJ
interception	intercept	-ion	V	N
interceptor	intercept	-or	V	N
intercessor	intercession	-or	N	N
interchangeability	interchange	-ability	V	N
interchangeable	interchange	-able	V	ADJ
interchangeably	interchangeable	-ly	ADJ	ADV
interchangeably	interchange	-ably	V	ADV
intercity	city	inter-	N	ADJ
intercom	com	inter-	N	N
interconnect	connect	inter-	V	V
interconnectedness	interconnected	-ness	ADJ	N
interconnection	connection	inter-	N	N
interconnection	interconnect	-ion	V	N
intercontinental	continental	inter-	ADJ	ADJ
intercut	cut	inter-	V	V
interdependence	dependence	inter-	N	N
interdependence	interdependent	-ence	ADJ	N
interdependency	dependency	inter-	N	N
interdependent	dependent	inter-	ADJ	ADJ
interdisciplinary	disciplinary	inter-	ADJ	ADJ
interestedly	interested	-ly	ADJ	ADV
interestingly	interesting	-ly	ADJ	ADV
interfacial	facial	inter-	ADJ	ADJ
interfacial	interface	-ial	N	ADJ
interference	interfere	-ence	V	N
interferon	interfere	-on	V	N
intergalactic	galactic	inter-	ADJ	ADJ
intergenerational	generational	inter-	ADJ	ADJ
intergenerational	generation	inter-	N	ADJ
interglacial	glacial	inter-	ADJ	ADJ
intergovernmental	governmental	inter-	ADJ	ADJ
intergroup	group	inter-	N	ADJ
interjection	interject	-ion	V	N
interlace	lace	inter-	N	V
interlaced	interlace	-ed	V	V
interleave	leave	inter-	V	V
interlink	link	inter-	N	V
interlock	lock	inter-	N	V
interlocutory	interlocutor	-y	N	N
interloper	loper	inter-	N	N
intermarriage	marriage	inter-	N	N
intermarriage	intermarry	-age	V	N
intermarry	marry	inter-	V	V
interment	inter	-ment	N	N
intermesh	mesh	inter-	N	V
interminable	terminable	in-	ADJ	ADJ
interminably	interminable	-ly	ADJ	ADV
intermingle	mingle	inter-	V	V
intermission	mission	inter-	N	N
intermittently	intermittent	-ly	ADJ	ADV
intermix	mix	inter-	V	V
internalise	internal	-ise	ADJ	V
internalization	internal	-ization	ADJ	N
internalization	internalize	-ation	V	N
internalize	internal	-ize	ADJ	V
internally	internal	-ly	ADJ	ADV
internationalisation	internationalise	-ation	V	N
internationalise	international	-ise	ADJ	V
internationalism	international	-ism	ADJ	N
internationalist	international	-ist	ADJ	ADJ
internationalist	international	-ist	ADJ	N
internationalization	international	-ization	ADJ	N
internationalization	internationalize	-ation	V	N
internationally	international	-ly	ADJ	ADV
internee	intern	-ee	V	N
internment	intern	-ment	N	N
interoperability	operability	inter-	N	N
interoperability	interoperable	-ity	ADJ	N
interpenetrate	penetrate	inter-	V	V
interpenetration	penetration	inter-	N	N
interpersonal	personal	inter-	ADJ	ADJ
interplanetary	planetary	inter-	ADJ	ADJ
interplay	play	inter-	V	N
interpolation	interpolate	-ion	V	N
interpretable	interpret	-able	V	ADJ
interpretative	interpret	-ative	V	ADJ
interpreter	interpret	-er	N	N
interpretive	interpret	-ive	V	ADJ
interracial	racial	inter-	ADJ	ADJ
interradial	radial	inter-	ADJ	ADJ
interrelate	relate	inter-	V	V
interrelated	related	inter-	ADJ	ADJ
interrelatedness	interrelated	-ness	ADJ	N
interrelation	relation	inter-	N	N
interrelation	interrelate	-ion	V	N
interrelationship	relationship	inter-	N	ADJ
interrelationship	interrelation	-ship	N	N
interrogation	interrogate	-ion	V	N
interrogative	interrogate	-ive	V	ADJ
interrogator	interrogate	-or	V	N
interrogatory	interrogator	-y	N	ADJ
interruption	interrupt	-ion	V	N
intersection	intersect	-ion	V	N
interstate	state	inter-	N	ADJ
interstate	state	inter-	N	N
interstellar	stellar	inter-	ADJ	ADJ
interstitial	interstitium	-al	N	ADJ
intertwine	twine	inter-	N	V
interventionism	intervention	-ism	N	N
interventionist	intervention	-ist	N	ADJ
interviewee	interview	-ee	N	N
interviewer	interview	-er	N	N
interwar	war	inter-	N	ADJ
interweave	weave	inter-	V	V
intestinal	intestine	-al	N	ADJ
intimacy	intimate	-cy	ADJ	N
intimately	intimate	-ly	ADJ	ADV
intimation	intimate	-ion	ADJ	N
intimidation	intimidate	-ion	V	N
intimidatory	intimidate	-ory	V	ADJ
intolerable	tolerable	in-	ADJ	ADJ
intolerable	tolerate	in-	V	ADJ
intolerably	intolerable	-ly	ADJ	ADV
intolerably	intolerable	-ly	ADJ	U
intolerance	tolerance	in-	N	N
intolerance	intolerant	-ce	ADJ	N
intolerant	tolerant	in-	ADJ	ADJ
intonation	intone	-ation	V	N
intone	tone	in-	N	V
intoxicant	intoxicate	-ant	V	N
intoxicated	intoxicate	-ed	V	ADJ
intoxication	intoxicate	-ion	V	N
intracellular	cellular	intra-	ADJ	ADJ
intractability	intractable	-ity	ADJ	N
intractable	tractable	in-	ADJ	ADJ
intraepithelial	epithelial	intra-	ADJ	ADJ
intragastric	gastric	intra-	ADJ	ADJ
intraluminal	luminal	intra-	ADJ	ADJ
intramuscular	muscular	intra-	ADJ	ADJ
intransigence	intransigent	-ence	ADJ	N
intravenous	venous	intra-	ADJ	ADJ
intravenously	intravenous	-ly	ADJ	ADV
intricacy	intricate	-cy	ADJ	N
intricately	intricate	-ly	ADJ	ADV
intriguer	intrigue	-er	N	N
intriguing	intrigue	-ing	N	ADJ
intriguingly	intriguing	-ly	ADJ	ADV
intrinsically	intrinsic	-ally	ADJ	ADV
introductory	introduction	-ory	N	ADJ
introspective	introspection	-ive	N	ADJ
introversion	introvert	-sion	N	N
introverted	introvert	-ed	V	V
intruder	intrude	-er	V	N
intrusion	intrude	-tion	V	N
intrusion	intrude	-ion	V	N
intrusive	intrude	-ive	V	ADJ
intrusiveness	intrusive	-ness	ADJ	N
intuitive	intuition	-ive	N	ADJ
intuitively	intuitive	-ly	ADJ	ADV
inundation	inundate	-ion	V	N
inure	ure	in-	N	V
invader	invade	-er	V	N
invalid	valid	in-	ADJ	ADJ
invalid	valid	in-	ADJ	V
invalidate	validate	in-	V	V
invalidate	invalid	-ate	ADJ	V
invalidity	invalid	-ity	ADJ	N
invalidity	validity	in-	N	N
invaluable	valuable	in-	ADJ	ADJ
invariable	variable	in-	ADJ	ADJ
invariance	variance	in-	N	N
invariance	invariant	-ance	N	N
invariant	variant	in-	ADJ	ADJ
invasive	invasion	-ive	N	ADJ
invention	invent	-ion	V	N
inventive	invent	-ive	V	ADJ
inventiveness	inventive	-ness	ADJ	N
inventor	invent	-or	V	N
invercargill	cargill	Inver-	N	N
inverclyde	clyde	Inver-	N	N
inverness	ness	Inver-	N	N
inversely	inverse	-ly	ADJ	ADV
inversion	invert	-sion	V	N
invertebrate	vertebrate	in-	ADJ	N
inverted	invert	-ed	V	ADJ
investigative	investigate	-ive	V	ADJ
invincibility	invincible	-ity	ADJ	N
inviolability	inviolable	-ity	ADJ	N
inviolate	violate	in-	ADJ	ADJ
invisibility	invisible	-ity	ADJ	N
invisibility	visibility	in-	N	N
invisibly	invisible	-ly	ADJ	ADV
invisibly	visibly	in-	ADV	ADV
invitingly	inviting	-ly	ADJ	ADV
invocation	invoke	-ation	V	N
involuntarily	involuntary	-ly	ADJ	ADV
involuntarily	voluntarily	in-	ADV	ADV
involuntary	voluntary	in-	ADJ	ADJ
invulnerability	vulnerability	in-	N	N
invulnerability	invulnerable	-ity	ADJ	N
invulnerable	vulnerable	in-	ADJ	ADJ
inward	in	-ward	V	ADJ
inwardly	inward	-ly	ADJ	ADV
inwardness	inward	-ness	ADJ	N
inwards	in	-wards	V	ADV
inwards	inward	-s	ADV	ADV
iodide	iodine	-ide	N	N
ionic	ion	-ic	N	ADJ
ionise	ion	-ise	N	V
ionization	ionize	-ation	N	N
ionize	ion	-ize	N	V
irangate	iran	-gate	N	N
iranian	iran	-ian	N	N
irascibility	irascible	-ity	ADJ	N
iridescence	iridescent	-ence	ADJ	N
irishman	irish	-man	ADJ	N
irksome	irk	-some	V	ADJ
ironic	irony	-ic	N	ADJ
ironical	ironic	-al	ADJ	ADJ
ironical	irony	-ical	N	ADJ
ironically	ironic	-ally	ADJ	ADV
ironically	ironical	-ly	ADJ	ADV
ironing	iron	-ing	V	V
ironmongery	ironmonger	-y	N	N
ironwork	iron	-work	ADJ	N
irradiation	irradiate	-ion	V	N
irrational	rational	ir-	ADJ	ADJ
irrationality	irrational	-ity	ADJ	N
irrationality	rationality	ir-	N	N
irrationally	irrational	-ly	ADJ	ADV
irrecoverable	recoverable	ir-	ADJ	ADJ
irrecoverable	recoverable	in-	ADJ	ADJ
irredeemable	redeemable	ir-	ADJ	ADJ
irreducible	reducible	in-	ADJ	ADJ
irreducibly	irreducible	-ly	ADJ	ADV
irreducibly	irreducible	-ly	ADJ	U
irregular	regular	ir-	ADJ	ADJ
irregularity	irregular	-ity	ADJ	N
irregularity	regularity	ir-	N	N
irregularly	irregular	-ly	ADJ	ADV
irrelevance	relevance	ir-	N	N
irrelevance	irrelevant	-ce	ADJ	N
irrelevancy	relevancy	in-	N	N
irrelevancy	relevancy	ir-	N	N
irrelevant	relevant	ir-	ADJ	ADJ
irrelevantly	irrelevant	-ly	ADJ	ADV
irreligious	religious	ir-	ADJ	ADJ
irremediable	remediable	in-	ADJ	ADJ
irreparable	reparable	ir-	ADJ	ADJ
irreparably	irreparable	-ly	ADJ	ADV
irreparably	irreparable	-ly	ADJ	U
irreplaceable	replaceable	in-	ADJ	ADJ
irreplaceable	re-	in-	ADJ	ADJ
irreplaceable	replaceable	ir-	ADJ	ADJ
irrepressible	repressible	in-	ADJ	ADJ
irrepressible	repressible	ir-	ADJ	ADJ
irrepressibly	irrepressible	-ly	ADJ	ADV
irreproachable	reproachable	in-	ADJ	ADJ
irreproachable	reproach	ir-	N	ADJ
irresistible	resistible	in-	ADJ	ADJ
irresistible	resist	ir-	V	ADJ
irresistible	resistible	ir-	ADJ	ADJ
irresistibly	irresistible	-ly	ADJ	ADV
irresolute	resolute	in-	ADJ	ADJ
irresponsibility	responsibility	in-	N	N
irresponsibility	irresponsible	-ity	ADJ	N
irresponsible	responsible	in-	ADJ	ADJ
irresponsible	responsible	ir-	ADJ	ADJ
irresponsibly	irresponsible	-ly	ADJ	ADV
irretrievable	retrievable	ir-	ADJ	ADJ
irretrievable	retrievable	in-	ADJ	ADJ
irretrievably	irretrievable	-ly	ADJ	ADV
irreverence	reverence	ir-	N	N
irreverence	irreverent	-ence	ADJ	N
irreverent	reverent	ir-	ADJ	ADJ
irreverently	irreverent	-ly	ADJ	ADV
irreversibility	irreversible	-ity	ADJ	N
irreversible	reversible	in-	ADJ	ADJ
irreversible	reversible	ir-	ADJ	ADJ
irreversibly	irreversible	-ly	ADJ	ADV
irrevocably	irrevocable	-ly	ADJ	ADV
irrigation	irrigate	-ion	V	N
irritability	irritable	-ity	ADJ	N
irritable	irritate	-able	V	ADJ
irritably	irritable	-ly	ADJ	ADV
irritably	irritable	-ly	ADJ	U
irritant	irritate	-ant	V	ADJ
irritated	irritate	-ed	ADJ	V
irritating	irritate	-ing	ADJ	ADJ
irritatingly	irritating	-ly	ADJ	ADV
irritation	irritate	-ion	ADJ	N
is	i	-s	N	N
islander	island	-er	N	N
islet	isle	-let	N	N
isoform	form	iso-	N	N
isolationism	isolation	-ism	N	N
isolationist	isolation	-ist	N	ADJ
isolationist	isolation	-ist	N	N
isomorphism	morphism	iso-	N	N
isomorphism	isomorphic	-ism	ADJ	N
isotonic	tonic	iso-	ADJ	ADJ
isotopic	isotope	-ic	V	ADJ
isotropic	isotropy	-ic	N	ADJ
israelite	israel	-ite	N	N
issuance	issue	-ance	N	N
issuer	issue	-er	N	N
italianate	italian	-ate	ADJ	ADJ
italic	italy	-ic	N	ADJ
italicise	italic	-ise	ADJ	V
italicize	italic	-ize	ADJ	V
itching	itch	-ing	N	V
itching	itch	-ing	N	N
itching	itch	-ing	N	ADJ
itchy	itch	-y	N	ADJ
itemise	item	-ise	N	V
itemize	item	-ize	N	V
iteration	iterate	-ion	V	N
iterative	iterate	-ive	V	ADJ
iteratively	iterative	-ly	ADJ	ADV
ith	i	-th	N	N
jabber	jab	-er	N	N
jackie	jack	-ie	N	N
jackman	jack	-man	N	N
jacko	jack	-o	N	N
jacko	laughing jackass	-o	N	N
jacksonville	jackson	-ville	N	N
jacky	jack	-y	N	N
jacobean	jacob	-ean	N	ADJ
jacobitism	jacobite	-ism	N	N
jacobson	jacob	-son	N	N
jaded	jade	-ed	V	ADJ
jagger	jag	-er	U	N
jailer	jail	-er	N	N
jamaican	jamaica	-an	N	N
jameson	james	-son	N	N
jamieson	jamie	-son	N	N
jammer	jam	-er	N	N
jamming	jam	-ing	N	V
jammy	jam	-y	N	ADJ
janey	jane	-y	N	N
janie	jane	-ie	N	N
jaundiced	jaundice	-ed	N	ADJ
jauntily	jaunty	-ly	ADJ	ADV
jaunty	jaunt	-y	N	ADJ
javanese	java	-ese	N	N
jawline	jaw	-ine	N	N
jazzy	jazz	-y	N	ADJ
jealously	jealous	-ly	ADJ	ADV
jealousy	jealous	-y	ADJ	N
jeanie	jean	-ie	N	N
jeannie	jean	-ie	N	N
jefferson	jeffrey	-son	N	N
jenkinson	jenkin	-son	N	N
jennings	jenning	-s	N	N
jeopardise	jeopardy	-ise	N	V
jeopardize	jeopardy	-ize	N	V
jepson	jeffrey	-son	N	N
jerkily	jerky	-ly	ADJ	ADV
jerky	jerk	-y	N	ADJ
jester	jest	-er	N	N
jetty	jet	-y	N	ADJ
jewelled	jewel	-ed	N	ADJ
jeweller	jewel	-er	N	N
jewellery	jewel	-ery	N	N
jewellery	jeweller	-y	N	N
jewess	jew	-ess	N	N
jewishness	jewish	-ness	ADJ	N
jewry	jew	-ry	N	N
jiggle	jig	-le	N	N
jingoism	jingo	-ism	N	N
jingoistic	jingo	-istic	N	ADJ
jitter	jit	-er	V	N
jittery	jitter	-y	V	ADJ
jobber	job	-er	N	N
jobless	job	-less	N	ADJ
joblessness	jobless	-ness	ADJ	N
jobson	job	-son	N	N
jockey	jock	-ey	N	N
jocularly	jocular	-ly	ADJ	ADV
joey	joe	-y	N	N
jogger	jog	-er	V	N
jogging	jog	-ing	V	N
jogging	jog	-ing	V	V
johnnie	john	-ie	N	N
johns	john	-s	N	N
johnsonian	johnson	-ian	N	ADJ
joiner	join	-er	N	N
joinery	joiner	-ry	N	N
joinery	joiner	-y	N	N
jointly	joint	-ly	N	ADV
joker	joke	-er	N	N
jokey	joke	-y	N	ADJ
joking	joke	-ing	N	V
jokingly	joking	-ly	V	ADV
joky	joke	-y	N	ADJ
jollity	jolly	-ity	ADJ	N
jolting	jolt	-ing	V	ADJ
jonson	john	-son	N	N
jordanian	jordan	-ian	N	N
josephine	joseph	-ine	N	ADJ
josephine	joseph	-ine	N	N
jostle	joust	-le	N	V
journalism	journal	-ism	N	N
journalistic	journal	-istic	N	ADJ
journalistic	journalist	-ic	N	ADJ
journeying	journey	-ing	N	V
journeyman	journey	-man	N	N
journo	journalist	-o	N	N
jovial	jove	-ial	N	ADJ
joviality	jovial	-ity	ADJ	N
jovially	jovial	-ly	ADJ	ADV
jovian	jove	-ian	N	ADJ
joyful	joy	-ful	N	ADJ
joyfully	joyful	-ly	ADJ	ADV
joyless	joy	-less	N	ADJ
joyous	joy	-ous	N	ADJ
joyously	joyous	-ly	ADJ	ADV
joyrider	joyride	-er	N	N
jubilantly	jubilant	-ly	ADJ	ADV
jubilation	jubilate	-ion	V	N
judaism	judah	-ism	N	N
judea	jude	-a	N	N
judgemental	judgement	-al	N	ADJ
judgmental	judgment	-al	N	ADJ
judicially	judicial	-ly	ADJ	ADV
judiciously	judicious	-ly	ADJ	ADV
juggler	juggle	-er	V	N
juggling	juggle	-ing	V	V
juggling	juggle	-ing	V	N
juicy	juice	-y	N	ADJ
julian	july	-ian	N	N
jumble	jump	-le	V	V
jumper	jump	-er	N	N
jumpy	jump	-y	N	ADJ
jungian	jung	-ian	N	ADJ
junker	junk	-er	N	N
junkie	junk	-ie	ADJ	N
junky	junk	-y	N	ADJ
juridical	juridic	-al	ADJ	ADJ
jurisdictional	jurisdiction	-al	N	ADJ
justifiable	justify	-able	V	ADJ
justifiably	justifiable	-ly	ADJ	ADV
justly	just	-ly	ADV	ADV
juxtaposition	position	juxta-	N	N
juxtaposition	juxtapose	-ition	V	N
juxtaposition	juxtapose	-tion	V	N
kaleidoscopic	kaleidoscope	-ic	N	ADJ
kantian	kant	-ian	N	ADJ
kashmiri	kashmir	-i	N	ADJ
katie	kate	-ie	N	N
kazakhstan	kazakh	-stan	N	N
keeler	keel	-er	N	N
keenly	keen	-ly	ADJ	ADV
keenness	keen	-ness	ADJ	N
kenny	kenneth	-y	N	N
kentish	kent	-ish	N	N
kenyan	kenya	-an	N	N
kerfuffle	fuffle	ker-	N	N
keswick	cheese	-wick	N	N
kev	ev	k-	N	N
keynesian	keynes	-ian	N	ADJ
keynesianism	keynesian	-ism	ADJ	N
kicker	kick	-er	N	N
kidder	kid	-er	N	N
kiddy	kid	-y	N	N
kidnap	kid	-nap	N	V
kidnapper	kidnap	-er	N	N
kidnapping	kidnap	-ing	N	V
kilobyte	byte	kilo-	N	N
kilogram	gram	kilo-	N	N
kilometer	meter	kilo-	N	N
kilometre	metre	kilo-	V	N
kilowatt	watt	kilo-	N	N
kilt	kill	-t	V	N
kilted	kilt	-ed	V	ADJ
kinder	kind	-er	N	ADJ
kindliness	kindly	-ness	ADJ	N
kindling	kindle	-ing	V	N
kindly	kind	-ly	N	ADJ
kindly	kind	-ly	N	ADV
kindness	kind	-ness	N	N
kindred	kin	-red	N	N
kindred	kin	-red	N	ADJ
kinetics	kinetic	-s	ADJ	N
kingly	king	-ly	N	ADJ
kingly	king	-ly	N	ADV
kings	king	-s	N	N
kingship	king	-ship	N	N
kinky	kink	-y	N	ADJ
kinship	kin	-ship	N	N
kinsman	kin	-man	N	N
kinswoman	kin	-woman	N	N
kirby	kirk	-by	N	N
kirkland	kirk	-land	N	N
kirkman	kirk	-man	N	N
kisser	kiss	-er	N	N
kissing	kiss	-ing	N	V
kissing	kiss	-ing	N	N
kitchener	kitchen	-er	N	N
kitchenette	kitchen	-ette	N	N
kitchenware	kitchen	-ware	N	N
kittenish	kitten	-ish	N	ADJ
kitty	kit	-y	N	N
kneading	knead	-ing	V	V
kneeler	kneel	-er	V	N
kneeling	kneel	-ing	V	V
kneeling	kneel	-ing	V	N
knighthood	knight	-hood	N	N
knightly	knight	-ly	N	ADJ
knightly	knight	-ly	N	ADV
knitted	knit	-ed	ADJ	ADJ
knitter	knit	-er	V	N
knitting	knit	-ing	ADJ	V
knitwear	knit	-wear	V	N
knobbly	knobble	-y	N	ADJ
knobbly	knob	-ly	N	ADJ
knocker	knock	-er	N	N
knotty	knot	-y	N	ADJ
knowable	know	-able	N	ADJ
knower	know	-er	V	N
knowing	know	-ing	N	ADJ
knowingly	knowing	-ly	ADJ	ADV
knowingness	knowing	-ness	ADJ	N
knowledgeable	knowledge	-able	N	ADJ
knowledgeably	knowledgeable	-ly	ADJ	ADV
knowledgeably	knowledgeable	-ly	ADJ	U
kooky	kook	-y	N	ADJ
koranic	koran	-ic	N	ADJ
kurdish	kurd	-ish	N	ADJ
kurdistan	kurd	-stan	N	N
kuwaiti	kuwait	-i	N	N
laborious	labor	-ious	V	ADJ
laboriously	laborious	-ly	ADJ	ADV
labourer	labour	-er	V	N
labourism	labour	-ism	V	N
labyrinthine	labyrinth	-ine	N	ADJ
laceration	lacerate	-ion	V	N
lacking	lack	-ing	N	ADJ
laconically	laconic	-ally	ADJ	ADV
lactation	lactate	-ion	N	N
lactose	lac	-ose	N	N
lacy	lace	-y	N	ADJ
laddie	lad	-ie	N	N
ladle	lade	-le	V	N
ladylike	lady	-like	N	ADJ
ladyship	lady	-ship	N	N
laggard	lag	-ard	N	ADJ
lagging	lag	-ing	N	ADJ
laity	lay	-ity	ADJ	N
laker	lake	-er	N	N
lakeside	lake	-side	N	N
lamarckism	lamarck	-ism	N	N
lambing	lamb	-ing	N	N
lamely	lame	-ly	ADJ	ADV
lameness	lame	-ness	ADJ	N
lamentable	lament	-able	N	ADJ
lamentably	lamentable	-ly	ADJ	ADV
lamentation	lament	-ation	N	N
laminate	lamina	-ate	N	V
lanarkshire	lanark	-shire	N	N
lancastrian	lancaster	-ian	N	ADJ
lancer	lance	-er	N	N
landed	land	-ed	N	ADJ
lander	land	-er	N	N
landless	land	-less	N	ADJ
landlordism	landlord	-ism	N	N
landownership	landowner	-ship	N	N
landscaping	landscape	-ing	N	N
landward	land	-ward	N	ADJ
languidly	languid	-ly	ADJ	ADV
languorous	languor	-ous	N	ADJ
lanky	lank	-y	ADJ	ADJ
laparoscopic	laparoscope	-ic	N	ADJ
laparoscopic	laparoscopy	-ic	N	ADJ
lapel	lap	-el	N	N
lapland	lapp	-land	N	N
lapping	lap	-ing	N	V
lapping	lap	-ing	N	N
largeness	large	-ness	ADJ	N
largish	large	-ish	ADJ	ADJ
larson	lawrence	-son	N	N
larval	larva	-al	N	ADJ
lasciviousness	lascivious	-ness	ADJ	N
lashing	lash	-ing	V	N
lassie	lass	-ie	N	N
lassy	lass	-y	N	N
lasting	last	-ing	N	ADJ
lastly	last	-ly	N	ADV
latency	latent	-cy	ADJ	N
lateness	late	-ness	N	N
laterality	lateral	-ity	ADJ	N
laterally	lateral	-ly	ADJ	ADV
latitudinal	latitude	-al	N	ADJ
latterly	latter	-ly	N	ADV
latticed	lattice	-ed	N	ADJ
latticework	lattice	-work	N	N
latvian	latvia	-an	N	ADJ
laudable	laud	-able	N	ADJ
lauder	laud	-er	N	N
laughable	laugh	-able	N	ADJ
laughably	laughable	-ly	ADJ	ADV
laughably	laugh	-ably	N	ADV
laughing	laugh	-ing	N	N
laughingly	laughing	-ly	N	ADV
launcher	launch	-er	V	N
launching	launch	-ing	V	ADJ
launderette	launder	-ette	N	N
laundrette	laundry	-ette	N	N
lavatorial	lavatory	-al	N	ADJ
lavishly	lavish	-ly	ADJ	ADV
lavishness	lavish	-ness	ADJ	N
lawful	law	-ful	N	ADJ
lawfully	lawful	-ly	ADJ	ADV
lawfulness	lawful	-ness	ADJ	N
lawless	law	-less	N	ADJ
lawlessness	lawless	-ness	ADJ	N
lawrie	lawrence	-ie	N	N
lawson	lawrence	-son	N	N
laxity	lax	-ity	ADJ	N
layered	layer	-ed	N	ADJ
layering	layer	-ing	N	N
layman	lay	-man	ADJ	N
lazily	lazy	-ly	ADJ	ADV
laziness	lazy	-ness	ADJ	N
lazy	lays	-y	N	ADJ
lazy	laze	-y	V	ADJ
leaching	leach	-ing	V	N
leaded	lead	-ed	N	ADJ
leaden	lead	-en	N	ADJ
leaderless	leader	-less	N	ADJ
leafed	leaf	-ed	N	V
leafless	leaf	-less	N	ADJ
leafy	leaf	-y	N	ADJ
leakage	leak	-age	N	N
leaky	leak	-y	V	ADJ
leaning	lean	-ing	ADJ	N
leanness	lean	-ness	ADJ	N
learned	learn	-ed	V	U
learned	learn	-ed	V	ADJ
learner	learn	-er	V	N
leasing	lease	-ing	N	N
leatherette	leather	-ette	N	N
leathery	leather	-y	N	ADJ
leaved	leaf	-ed	N	ADJ
leavening	leaven	-ing	N	N
leaver	leave	-er	V	N
leaving	leave	-ing	V	N
lebanese	lebanon	-ese	N	N
lecher	lech	-er	N	N
lecherous	lecher	-ous	N	ADJ
lechery	lech	-ery	N	N
lectureship	lecture	-ship	N	N
leery	leer	-y	V	ADJ
leeward	lee	-ward	N	ADJ
leftish	left	-ish	ADJ	ADJ
leftism	left	-ism	ADJ	N
leftist	left	-ist	ADJ	N
leftward	left	-ward	ADJ	ADJ
leftwards	left	-wards	ADJ	ADV
lefty	left	-y	ADJ	N
legalisation	legalise	-ation	V	N
legalise	legal	-ise	ADJ	V
legalism	legal	-ism	ADJ	N
legalistic	legal	-istic	ADJ	ADJ
legalistic	legalist	-ic	N	ADJ
legality	legal	-ity	ADJ	N
legalization	legalize	-ation	V	N
legalize	legal	-ize	ADJ	V
legally	legal	-ly	ADJ	ADV
legatee	legate	-ee	N	N
legation	legate	-ion	N	N
legendary	legend	-ary	N	ADJ
legged	leg	-ed	N	ADJ
legged	leg	-ed	N	V
legging	leg	-ing	N	N
leggy	leg	-y	N	ADJ
legibility	legible	-ity	ADJ	N
legibly	legible	-ly	ADJ	ADV
legionary	legion	-ary	N	ADJ
legionary	legion	-ary	N	N
legionnaire	legion	-aire	N	N
legislator	legislate	-or	V	N
legitimacy	legitimate	-cy	ADJ	N
legitimately	legitimate	-ly	ADJ	ADV
legitimation	legitimate	-ion	ADJ	N
legitimise	legitimate	-ise	ADJ	V
legitimization	legitimize	-ation	V	N
legitimize	legitimate	-ize	ADJ	V
legless	leg	-less	N	ADJ
leguminous	legume	-ous	N	ADJ
legwork	leg	-work	N	N
leicestershire	leicester	-shire	N	N
leisured	leisure	-ed	N	ADJ
leisurely	leisure	-ly	N	ADJ
leisurely	leisure	-ly	N	ADV
leisurewear	leisure	-wear	N	N
lemonade	lemon	-ade	N	N
lemony	lemon	-y	N	ADJ
lender	lend	-er	N	N
lengthen	length	-en	N	V
lengthways	length	-ways	N	ADJ
lengthwise	length	-wise	N	ADJ
lengthy	length	-y	N	ADJ
leniency	lenient	-cy	ADJ	N
leniently	lenient	-ly	ADJ	ADV
leninist	lenin	-ist	N	ADJ
leninist	leninism	-ist	N	ADJ
lensman	lens	-man	N	N
lenten	lent	-en	N	ADJ
leonard	leon	-ard	N	N
leonardo	leonard	-o	N	N
leonine	leo	-ine	N	N
leprous	leper	-ous	N	ADJ
lesbianism	lesbian	-ism	N	N
lesbo	lesbian	-o	ADJ	N
lessen	less	-en	N	V
lethally	lethal	-ly	ADJ	ADV
lethargic	lethargy	-ic	N	ADJ
letterhead	letter	-head	N	N
letterman	letter	-man	N	N
leukotriene	triene	leuko-	N	N
levantine	levant	-ine	N	ADJ
leveller	level	-er	N	ADJ
leveller	level	-er	N	N
levelling	level	-ling	N	N
levelly	level	-ly	N	ADV
lever	lief	-er	ADJ	N
leverage	lever	-age	N	N
levinson	levin	-son	N	N
levitation	levitate	-ion	V	N
lexical	lexicon	-al	N	ADJ
lexically	lexical	-ly	ADJ	ADV
lexicographer	lexicography	-er	N	N
lexicography	lexicon	-graphy	N	N
libber	lib	-er	N	N
liberalisation	liberalise	-ation	V	N
liberalism	liberal	-ism	ADJ	N
liberality	liberal	-ity	ADJ	N
liberalization	liberalize	-ation	V	N
liberalize	liberal	-ize	ADJ	V
liberally	liberal	-ly	ADJ	ADV
liberated	liberate	-ed	V	ADJ
liberationist	liberation	-ist	N	N
liberator	liberate	-or	V	N
liberian	liberia	-an	N	N
libertarian	liberty	-arian	N	N
libertarianism	libertarian	-ism	N	N
libertine	liberty	-ine	N	N
librarian	library	-an	N	N
librarian	library	-ian	N	N
librarianship	librarian	-ship	N	N
librettist	libretto	-ist	N	N
libyan	libya	-an	N	ADJ
licencee	licence	-ee	N	N
licensed	license	-ed	N	ADJ
licensee	license	-ee	N	N
licentiousness	licentious	-ness	ADJ	N
licking	lick	-ing	V	N
lieutenancy	lieutenant	-cy	N	N
lifeless	life	-less	N	ADJ
lifelessness	lifeless	-ness	ADJ	N
lifelike	life	-like	N	ADJ
lifeline	life	-ine	N	N
lifelong	life	-long	N	ADJ
lifer	life	-er	N	N
lifter	lift	-er	N	N
lifting	lift	-ing	V	N
lighten	light	-en	ADJ	V
lighter	light	-er	V	ADJ
lighter	light	-er	V	N
lightheartedly	lighthearted	-ly	ADJ	ADV
lightless	light	-less	N	ADJ
lightness	light	-ness	ADJ	N
lightning	lighten	-ing	V	N
likeable	like	-able	ADJ	ADJ
likelihood	likely	-hood	ADJ	N
liken	like	-en	V	V
likeness	like	-ness	ADJ	N
likewise	like	-wise	ADJ	ADV
liking	like	-ing	ADJ	V
liking	like	-ing	ADJ	N
limbless	limb	-less	N	ADJ
limey	lime	-y	N	ADJ
limiter	limit	-er	N	N
limitless	limit	-less	N	ADJ
limply	limp	-ly	V	ADV
lincolnshire	lincoln	-shire	N	N
linden	lind	-en	N	ADJ
lindy	linda	-y	N	N
lineage	line	-age	N	N
lineal	line	-al	N	ADJ
linearity	linear	-ity	ADJ	N
linearly	linear	-ly	ADJ	ADV
linen	line	-en	N	N
liner	line	-er	N	N
linesman	line	-man	N	N
lingering	linger	-ing	V	N
lingeringly	lingering	-ly	N	ADV
linguistically	linguistic	-ally	ADJ	ADV
linguistically	linguistic	-ly	ADJ	ADV
linguistically	linguistical	-ly	ADJ	ADV
linguistics	linguist	-ics	N	N
lining	line	-ing	N	N
linkage	link	-age	N	N
linker	link	-er	N	N
links	link	-s	ADJ	N
lionel	lion	-el	N	N
lioness	lion	-ess	N	N
lipoprotein	protein	lipo-	N	N
lippy	lip	-y	N	ADJ
lipsticked	lipstick	-ed	N	ADJ
liquidate	liquid	-ate	N	V
liquidation	liquidate	-ion	V	N
liquidator	liquidate	-or	V	N
liquidise	liquid	-ise	N	V
liquidity	liquid	-ity	N	N
listener	listen	-er	N	N
listening	listen	-ing	V	ADJ
listening	listen	-ing	V	N
lister	list	-er	V	N
listeria	lister	-ia	N	N
listless	list	-less	V	ADJ
listlessly	listless	-ly	ADJ	ADV
listlessness	listless	-ness	ADJ	N
listlessness	list	-less	N	N
literacy	literate	-cy	ADJ	N
literalism	literal	-ism	ADJ	N
lithely	lithe	-ly	ADJ	ADV
lithographic	lithograph	-ic	N	ADJ
lithographic	lithography	-ic	N	ADJ
lithography	lithograph	-y	N	N
lithuanian	lithuania	-an	N	ADJ
litigant	litigate	-ant	V	N
litigation	litigate	-ion	V	N
littleness	little	-ness	ADJ	N
liturgical	liturgy	-ical	N	ADJ
liveliness	lively	-ness	ADJ	N
liven	live	-en	ADJ	V
liveried	livery	-ed	N	V
liverpudlian	liverpool	-ian	N	ADJ
livery	liver	-y	N	ADJ
livery	liver	-y	N	N
lizzie	liz	-ie	N	N
loaded	load	-ed	N	V
loader	load	-er	N	N
loading	load	-ing	N	N
loafer	loaf	-er	N	N
loamy	loam	-y	N	ADJ
loathing	loathe	-ing	V	N
loathsome	loath	-some	ADJ	ADJ
lobbying	lobby	-ing	N	N
lobbyist	lobby	-ist	N	N
lobster	lop	-ster	V	ADJ
localisation	localise	-ation	V	N
localise	local	-ise	ADJ	V
localism	local	-ism	ADJ	N
locality	local	-ity	ADJ	N
localization	localize	-ation	V	N
localize	local	-ize	ADJ	V
locational	location	-al	N	ADJ
lockable	lock	-able	N	ADJ
locker	lock	-er	N	N
lodgement	lodge	-ment	N	N
lodger	lodge	-er	V	N
lodging	lodge	-ing	V	N
lodgings	lodging	-s	N	N
loftily	lofty	-ly	ADJ	ADV
lofty	loft	-y	N	ADJ
logarithmic	logarithm	-ic	N	ADJ
logged	log	-ed	N	V
logger	log	-er	N	N
logging	log	-ing	N	V
logically	logical	-ly	ADJ	ADV
logician	logic	-ician	N	N
logician	logic	-ian	N	N
logistical	logistics	-al	N	ADJ
logistically	logistical	-ly	ADJ	ADV
logistics	logistic	-s	ADJ	N
loitering	loiter	-ing	V	N
londoner	london	-er	N	N
loneliness	lonely	-ness	ADJ	N
loner	lone	-er	ADJ	N
lonesome	lone	-some	ADJ	ADJ
longest	long	-est	ADJ	ADJ
longevity	long	-ity	ADJ	N
longing	long	-ing	ADJ	V
longing	long	-ing	ADJ	N
longingly	longing	-ly	N	ADV
longish	long	-ish	ADJ	ADJ
longitude	long	-itude	ADJ	N
longitudinal	longitude	-al	N	ADJ
longitudinally	longitudinal	-ly	ADJ	ADV
looker	look	-er	N	N
looking	look	-ing	V	V
looking	look	-ing	V	N
loopy	loop	-y	N	ADJ
loosely	loose	-ly	ADJ	ADV
loosen	loose	-en	N	V
looseness	loose	-ness	ADJ	N
looter	loot	-er	V	N
looting	loot	-ing	V	N
lopsidedly	lopsided	-ly	ADJ	ADV
lordly	lord	-ly	N	ADJ
lordship	lord	-ship	N	N
loser	lose	-er	N	N
losing	lose	-ing	N	V
loudly	loud	-ly	ADJ	ADV
loudness	loud	-ness	ADJ	N
louisville	louis	-ville	N	N
lounger	lounge	-er	N	N
lousy	louse	-y	N	ADJ
loutish	lout	-ish	N	ADJ
lovable	love	-able	V	ADJ
loveable	love	-able	V	ADJ
loved	love	-ed	N	V
loveless	love	-less	V	ADJ
loveliness	lovely	-ness	ADJ	N
lovey	love	-y	V	N
loving	love	-ing	V	N
lovingly	loving	-ly	ADJ	ADV
lowered	lower	-ed	V	V
lowering	lour	-ing	V	ADJ
lowering	lower	-ing	ADJ	V
lowish	low	-ish	ADJ	ADJ
lowland	low	-land	ADJ	N
lowly	low	-ly	ADJ	ADJ
loyalist	loyal	-ist	ADJ	N
loyally	loyal	-ly	ADJ	ADV
lubricant	lubricate	-ant	V	N
lubrication	lubricate	-ion	V	N
lucas	luca	-s	N	N
lucidity	lucid	-ity	ADJ	N
lucidly	lucid	-ly	ADJ	ADV
lucker	luck	-er	N	N
luckily	lucky	-ly	ADJ	ADV
luckless	luck	-less	N	ADJ
lucrative	lucre	-ative	N	ADJ
ludicrously	ludicrous	-ly	ADJ	ADV
luger	luge	-er	N	N
luggage	lug	-age	N	N
lumbering	lumber	-ing	N	N
luminal	lumen	-al	N	ADJ
luminescence	luminescent	-ence	ADJ	N
luminosity	luminous	-ty	ADJ	N
luminosity	luminous	-ity	ADJ	N
luminously	luminous	-ly	ADJ	ADV
lumpen	lump	-en	N	ADJ
lumpen	lump	-en	N	V
lumpish	lump	-ish	N	ADJ
lumpy	lump	-y	N	ADJ
lunacy	lunatic	-cy	N	N
lungful	lung	-ful	N	N
lurcher	lurch	-er	N	N
luridly	lurid	-ly	ADJ	ADV
luscious	lusty	-ous	ADJ	ADJ
lushness	lush	-ness	ADJ	N
lustful	lust	-ful	N	ADJ
lustily	lusty	-ly	ADJ	ADV
lustreless	lustre	-less	N	ADJ
lustrous	lustre	-ous	N	ADJ
lusty	lust	-y	N	ADJ
luxuriance	luxuriant	-ce	ADJ	N
luxuriantly	luxuriant	-ly	ADJ	ADV
luxurious	luxury	-ous	N	ADJ
luxuriously	luxurious	-ly	ADJ	ADV
lymphatic	lymph	-atic	N	ADJ
lymphocytic	lymphocyte	-ic	N	ADJ
lymphoid	lymph	-oid	N	ADJ
lynching	lynch	-ing	N	N
lyrical	lyric	-al	N	ADJ
lyrically	lyrical	-ly	ADJ	ADV
lyricism	lyric	-ism	N	N
lyricist	lyric	-ist	N	N
lysate	lyse	-ate	V	N
lysosomal	lysosome	-al	N	ADJ
lysozyme	enzyme	lyso-	N	N
macedonian	macedonia	-an	N	ADJ
machination	machinate	-ion	V	N
machinist	machine	-ist	N	N
macroeconomic	economic	macro-	ADJ	ADJ
macromolecule	molecule	macro-	N	N
madden	mad	-en	N	V
maddening	madden	-ing	V	ADJ
maddeningly	maddening	-ly	ADJ	ADV
maddock	made	-ock	N	N
madly	mad	-ly	ADJ	ADV
madman	mad	-man	N	N
madness	mad	-ness	ADJ	N
madwoman	mad	-woman	ADJ	N
magical	magic	-al	ADJ	ADJ
magically	magic	-ally	ADJ	ADV
magically	magical	-ly	ADJ	ADV
magician	magic	-ian	ADJ	N
magisterially	magisterial	-ly	ADJ	ADV
magistracy	magistrate	-cy	N	N
magnanimity	magnanimous	-ity	ADJ	N
magnanimously	magnanimous	-ly	ADJ	ADV
magnesium	magnesia	-ium	N	N
magnetically	magnetic	-ally	ADJ	ADV
magnetise	magnet	-ise	N	V
magnetism	magnet	-ism	N	N
magneto	magnet	-o	N	N
magnification	magnify	-ification	V	N
magnificence	magnificent	-ence	ADJ	N
magnificently	magnificent	-ly	ADJ	ADV
maiden	maid	-en	N	N
maidenhead	maiden	-head	N	N
maidenly	maiden	-ly	ADJ	ADJ
mailed	mail	-ed	N	V
mailer	mail	-er	N	N
mailing	mail	-ing	V	N
mainland	main	-land	N	N
mainline	main	-ine	N	ADJ
mains	main	-s	N	N
maintainable	maintain	-able	V	ADJ
majestic	majesty	-ic	N	ADJ
majestically	majestic	-ally	ADJ	ADV
majestically	majestical	-ly	ADJ	ADV
majorette	major	-ette	N	N
malabsorption	absorption	mal-	N	N
maladaptive	adaptive	mal-	ADJ	ADJ
maladjusted	adjusted	mal-	ADJ	ADJ
maladjustment	adjustment	mal-	N	N
maladministration	administration	mal-	N	N
malarial	malaria	-al	N	ADJ
malawian	malawi	-an	N	N
malawian	malawi	-an	N	ADJ
malayan	malaya	-an	N	N
malaysia	malaya	-ia	N	N
malaysian	malaysia	-an	N	ADJ
malaysian	malaysia	-an	N	N
malcontent	content	mal-	N	ADJ
maldistribution	distribution	mal-	N	N
maleness	male	-ness	ADJ	N
malevolence	malevolent	-ence	ADJ	N
malevolently	malevolent	-ly	ADJ	ADV
malformation	formation	mal-	N	N
malformation	malform	-ation	V	N
malformed	formed	mal-	V	ADJ
malformed	malform	-ed	V	ADJ
malfunction	function	mal-	N	N
malicious	malice	-ious	N	ADJ
maliciously	malicious	-ly	ADJ	ADV
malignancy	malignant	-cy	ADJ	N
malignant	malign	-ant	ADJ	ADJ
malingerer	malinger	-er	V	N
malleability	malleable	-ity	ADJ	N
malling	mall	-ing	N	N
malnutrition	nutrition	mal-	N	N
malodorous	odorous	mal-	ADJ	ADJ
malodorous	malodor	-ous	N	ADJ
malpractice	practice	mal-	N	N
maltese	malta	-ese	N	N
malthusian	malthus	-ian	N	ADJ
maltreat	treat	mal-	V	V
maltreatment	treatment	mal-	N	N
maltster	malt	-ster	N	N
mammal	mamma	-al	N	N
mammalian	mammal	-ian	N	ADJ
mammalian	mammal	-ian	N	N
mammary	mamma	-ry	N	N
mammy	mam	-y	N	N
manageable	manage	-able	V	ADJ
manageress	manager	-ess	N	N
managerial	manager	-ial	N	ADJ
managerially	managerial	-ly	ADJ	ADV
manchuria	manchu	-ia	N	N
mandatory	mandate	-ory	N	ADJ
manfully	manful	-ly	ADJ	ADV
mangled	mangle	-ed	V	ADJ
mangy	mange	-y	N	ADJ
manhood	man	-hood	N	N
maniac	mania	-ac	N	N
maniacal	maniac	-al	N	ADJ
maniacally	maniacal	-ly	ADJ	ADV
manic	mania	-ic	N	ADJ
manically	manic	-ally	ADJ	ADV
manifestation	manifest	-ation	ADJ	N
manifestly	manifest	-ly	ADJ	ADV
manifesto	manifest	-o	N	N
manifold	many	-fold	U	ADJ
manifold	many	-fold	U	V
manipulation	manipulate	-ion	V	N
manipulative	manipulate	-ive	V	ADJ
manipulator	manipulate	-or	V	N
mankind	man	-kind	N	N
manliness	manly	-ness	ADJ	N
manly	man	-ly	V	ADJ
mannered	manner	-ed	N	ADJ
mannerism	manner	-ism	N	N
mannerist	manner	-ist	N	N
mannerist	mannerism	-ist	N	N
manners	manner	-s	N	N
manning	man	-ing	N	N
mannish	man	-ish	N	ADJ
manoeuvrability	manoeuvre	-ability	V	N
manoeuvrability	manoeuvrable	-ity	ADJ	N
manoeuvrable	manoeuvre	-able	V	ADJ
manometric	manometry	-ic	N	ADJ
manometric	manometer	-ic	N	ADJ
manorial	manor	-ial	N	ADJ
manually	manual	-ly	N	ADV
maoist	mao	-ist	N	ADJ
marauder	maraud	-er	V	N
marbled	marble	-ed	N	ADJ
marcher	march	-er	N	N
marching	march	-ing	N	V
marginalisation	marginalise	-ation	V	N
marginalise	marginal	-ise	ADJ	V
marginality	marginal	-ity	ADJ	N
marginalization	marginal	-ization	ADJ	N
marginalization	marginalize	-ation	V	N
marginalize	marginal	-ize	ADJ	V
marginally	marginal	-ly	ADJ	ADV
marian	mary	-an	N	ADJ
marian	mari	-an	N	ADJ
marian	mary	-ian	N	N
mariner	marine	-er	N	N
markedly	marked	-ly	ADJ	ADV
marker	mark	-er	N	N
marketability	market	-ability	N	N
marketable	market	-able	N	ADJ
marketeer	market	-eer	N	N
marketer	market	-er	N	N
marking	mark	-ing	N	N
marksman	mark	-man	N	N
marksmanship	marksman	-ship	N	N
marler	marl	-er	N	N
maronite	maron	-ite	N	N
marriageable	marriage	-able	N	ADJ
marshland	marsh	-land	N	N
marshy	marsh	-y	N	ADJ
marsupial	marsupium	-al	N	N
martinet	martin	-et	N	N
marty	martin	-y	N	N
martyrdom	martyr	-dom	N	N
marvellously	marvellous	-ly	ADJ	ADV
marxian	marx	-ian	N	ADJ
marxism	marx	-ism	N	N
marxist	marx	-ist	N	ADJ
maryland	mary	-land	N	N
masculinity	masculine	-ity	ADJ	N
masher	mash	-er	V	N
masochist	masochism	-ist	N	N
masochistic	masochist	-ic	N	ADJ
masochistically	masochistic	-ally	ADJ	ADV
masonic	mason	-ic	N	ADJ
masonry	mason	-ry	N	N
massachusetts	massachusett	-s	N	N
masseuse	masseur	-euse	N	N
massively	massive	-ly	ADJ	ADV
masterful	master	-ful	N	ADJ
masterfully	masterful	-ly	ADJ	ADV
masterly	master	-ly	N	ADJ
masterman	master	-man	N	N
mastership	master	-ship	N	N
masterwork	master	-work	N	N
mastery	master	-ry	N	N
mastery	master	-y	N	N
masthead	mast	-head	N	N
mastitis	-itis	masto-	U	N
masturbation	masturbate	-ion	V	N
masturbatory	masturbate	-ory	V	ADJ
matchless	match	-less	N	ADJ
matchmaker	matchmake	-er	V	N
mater	mate	-er	N	N
materialise	material	-ise	N	V
materialism	material	-ism	N	N
materialist	material	-ist	N	N
materialistic	material	-istic	N	ADJ
materialistic	materialist	-ic	N	ADJ
materiality	material	-ity	N	N
materialize	material	-ize	N	V
materially	material	-ly	N	ADV
maternity	maternal	-ity	ADJ	N
matey	mate	-y	N	ADJ
mathematical	mathematics	-al	N	ADJ
mathematically	mathematical	-ly	ADJ	ADV
mathematician	mathematics	-ian	N	N
matheson	matthew	-son	N	N
mathieson	matthew	-son	N	N
mating	mate	-ing	N	ADJ
matriarchal	matriarch	-al	N	ADJ
matriculation	matriculate	-ion	V	N
matrilineal	lineal	matri-	ADJ	ADJ
matrimonial	matrimony	-al	N	ADJ
matronly	matron	-ly	N	ADJ
matronly	matron	-ly	N	ADV
maturation	mature	-ation	ADJ	N
mawkish	mawk	-ish	N	ADJ
maximal	maximum	-al	N	ADJ
maximally	maximal	-ly	ADJ	ADV
maximization	maximize	-ation	V	N
maximize	maximum	-ize	N	V
maxine	max	-ine	N	N
mayan	maya	-an	N	ADJ
mayoral	mayor	-al	N	ADJ
mayoress	mayor	-ess	N	N
mazy	maze	-y	N	U
mazy	maze	-y	N	ADJ
mccarthyism	mccarthy	-ism	N	N
mchugh	hugh	Mc-	N	N
mckenna	kenna	Mc-	N	U
meadowland	meadow	-land	N	N
mealy	meal	-y	N	ADJ
meandering	meander	-ing	N	V
meaningfully	meaningful	-ly	ADJ	ADV
meaningfulness	meaningful	-ness	ADJ	N
meaningless	meaning	-less	N	ADJ
meaninglessly	meaningless	-ly	ADJ	ADV
meaninglessness	meaningless	-ness	ADJ	N
meanly	mean	-ly	ADJ	ADV
meanness	mean	-ness	ADJ	N
measurable	measure	-able	N	ADJ
measurably	measurable	-ly	ADJ	ADV
measureless	measure	-less	N	ADJ
measuring	measure	-ing	N	N
meaty	meat	-y	N	ADJ
mechanically	mechanical	-ly	ADJ	ADV
mechanistic	mechanism	-istic	N	ADJ
mechanization	mechanize	-ation	V	N
mechanize	mechanistic	-ize	ADJ	V
medallist	medal	-ist	N	N
meddler	meddle	-er	V	N
meddlesome	meddle	-some	V	ADJ
medial	media	-al	N	ADJ
median	media	-n	N	ADJ
median	media	-an	N	ADJ
mediation	mediate	-ion	V	N
mediator	mediate	-or	V	N
medic	mede	-ic	N	N
medically	medical	-ly	N	ADV
medicinal	medicine	-al	N	ADJ
medievalist	medieval	-ist	ADJ	N
mediocrity	mediocre	-ity	ADJ	N
meditation	meditate	-ion	ADJ	N
meditative	meditate	-ive	V	ADJ
meditatively	meditative	-ly	ADJ	ADV
meditator	meditate	-or	V	N
meekly	meek	-ly	ADJ	ADV
meekness	meek	-ness	ADJ	N
megabyte	byte	mega-	N	N
megalithic	megalith	-ic	N	ADJ
megalomaniac	megalomania	-ac	N	N
megastar	star	mega-	N	N
megastore	store	mega-	N	N
megawatt	watt	mega-	N	N
melancholia	melancholy	-ia	N	N
melancholic	melancholy	-ic	N	ADJ
melanesian	melanesia	-an	N	ADJ
melodic	melody	-ic	N	ADJ
melodious	melody	-ous	N	ADJ
melodrama	drama	melo-	N	N
melodramatic	melodrama	-ic	N	ADJ
melodramatically	melodramatic	-ally	ADJ	ADV
melting	melt	-ing	N	N
memorably	memorable	-ly	ADJ	ADV
memorably	memorable	-ly	ADJ	U
memorise	memory	-ise	N	V
memorize	memory	-ize	N	V
menacing	menace	-ing	N	ADJ
menacingly	menacing	-ly	ADJ	ADV
mendacity	mendacious	-ity	ADJ	N
mendelian	mendel	-ian	N	ADJ
mender	mend	-er	V	N
meningitis	meninx	-itis	N	N
menopausal	menopause	-al	N	ADJ
menstruate	menstruum	-ate	N	V
menstruation	menstruum	-ation	N	N
menstruation	menstrual	-ation	ADJ	N
menstruation	menstruate	-ion	V	N
mentality	mental	-ity	ADJ	N
merchandise	merchant	-ise	N	N
merchandiser	merchandise	-er	N	N
merchantable	merchant	-able	N	ADJ
merchantman	merchant	-man	N	N
merciful	mercy	-ful	N	ADJ
mercifully	merciful	-ly	ADJ	ADV
merciless	mercy	-less	N	ADJ
mercilessly	merciless	-ly	ADJ	ADV
mercurial	mercury	-al	N	N
mercuric	mercury	-ic	N	ADJ
meritocracy	merit	-cracy	N	N
meritocracy	merit	-ocracy	N	N
meritocratic	meritocracy	-ic	N	ADJ
mermaid	maid	mer-	N	N
merrily	merry	-ly	ADJ	ADV
merriment	merry	-ment	ADJ	N
merseyside	mersey	-side	N	N
merseysider	merseyside	-er	N	N
meself	me	-self	ADJ	U
mesmeric	mesmerism	-ic	N	ADJ
mesmerize	mesmerism	-ize	N	V
mesopotamian	mesopotamia	-an	N	N
mesothelioma	mesothelium	-oma	N	N
messenger	message	-er	N	N
messily	messy	-ly	ADJ	ADV
messiness	messy	-ness	ADJ	N
messy	mess	-y	N	ADJ
metabolically	metabolic	-ally	ADJ	ADV
metabolism	metabolic	-ism	ADJ	N
metabolite	metabolism	-ite	N	N
metabolize	metabola	-ize	N	V
metabolize	metabolic	-ize	ADJ	V
metalinguistic	linguistic	meta-	ADJ	ADJ
metallic	metal	-ic	N	ADJ
metallurgical	metallurgy	-ical	N	ADJ
metallurgist	metallurgy	-ist	N	N
metalwork	metal	-work	N	N
metamorphic	metamorphosis	-ic	N	ADJ
metamorphism	metamorphosis	-ism	N	N
metamorphosis	metamorphic	-osis	ADJ	N
metaphoric	metaphor	-ic	N	ADJ
metaphorical	metaphoric	-al	ADJ	ADJ
metaphorically	metaphorical	-ly	ADJ	ADV
metaphysic	physic	meta-	ADJ	ADJ
metaphysical	metaphysic	-al	ADJ	ADJ
metaphysician	metaphysics	-ian	N	N
metaphysics	physics	meta-	N	N
metaphysics	metaphysic	-s	ADJ	N
meteoric	meteor	-ic	N	ADJ
meteorite	meteor	-ite	N	N
meteorological	meteorology	-ical	N	ADJ
meteorologist	meteorology	-ist	N	N
meteorology	meteor	-logy	N	N
meteorology	meteor	-ology	N	N
methane	methyl	-ane	N	N
methanol	methane	-ol	N	N
methodical	methodic	-al	ADJ	ADJ
methodical	method	-ical	N	ADJ
methodically	methodical	-ly	ADJ	ADV
methodism	method	-ism	N	N
methodist	method	-ist	N	N
methodological	methodology	-ical	N	ADJ
methodologically	methodological	-ly	ADJ	ADV
methodology	method	-ology	N	N
methylated	methyl	-ated	N	ADJ
methylation	methyl	-ation	N	N
meticulously	meticulous	-ly	ADJ	ADV
metric	metre	-ic	V	ADJ
metrical	metric	-al	N	ADJ
metronomic	metronome	-ic	N	ADJ
michaela	michael	-a	N	N
michaelmas	michael	-mas	N	N
michaels	michael	-s	N	N
microalbuminuria	albuminuria	micro-	N	N
microbial	microbe	-ial	N	ADJ
microbiological	biological	micro-	ADJ	ADJ
microbiological	microbiology	-ical	N	ADJ
microbiologist	biologist	micro-	N	N
microbiologist	microbiology	-ist	N	N
microbiology	biology	micro-	N	N
microchip	chip	micro-	N	N
microclimate	climate	micro-	N	N
microcomputer	computer	micro-	V	N
microcosmic	microcosm	-ic	N	ADJ
microeconomic	economic	micro-	ADJ	ADJ
microelectronic	electronic	micro-	ADJ	ADJ
microfilm	film	micro-	N	N
microform	form	micro-	N	N
microkernel	kernel	micro-	N	N
microlight	light	micro-	N	N
micrometer	meter	micro-	N	N
microorganism	organism	micro-	N	N
microporous	porous	micro-	ADJ	ADJ
microprocessor	processor	micro-	N	N
microscopic	microscope	-ic	N	ADJ
microscopical	microscope	-ical	N	ADJ
microscopical	microscopic	-al	ADJ	ADJ
microscopically	microscopic	-ally	ADJ	ADV
microscopy	microscope	-y	N	N
microsecond	second	micro-	ADJ	N
microsystem	system	micro-	N	N
microwave	wave	micro-	N	N
midday	day	mid-	N	N
middleman	middle	-man	ADJ	N
middling	middle	-ing	N	ADJ
midfield	field	mid-	N	N
midfielder	midfield	-er	N	N
midfielder	fielder	mid-	N	N
midget	midge	-et	N	N
midlife	life	mid-	N	ADJ
midline	line	mid-	N	N
midpoint	point	mid-	N	N
midriff	riff	mid-	N	N
midship	ship	mid-	N	ADJ
midsole	sole	mid-	V	N
midstream	stream	mid-	N	N
midsummer	summer	mid-	N	N
midway	way	mid-	N	N
midweek	week	mid-	N	N
midwest	west	mid-	N	N
midwestern	western	mid-	ADJ	ADJ
midwife	wife	mid-	N	N
midwifery	midwife	-ery	N	N
midwifery	midwife	-ry	N	N
midwinter	winter	mid-	N	N
mightily	mighty	-ly	ADJ	ADV
mighty	might	-y	N	N
migration	migrate	-ion	V	N
migratory	migrator	-y	N	ADJ
mikey	mike	-y	N	N
milanese	milan	-ese	N	N
mildly	mild	-ly	ADJ	ADV
mildness	mild	-ness	ADJ	N
mileage	mile	-age	N	N
miler	mile	-er	N	N
militancy	militant	-cy	N	N
militantly	militant	-ly	N	ADV
militarily	military	-ly	N	ADV
militarism	military	-ism	N	N
militarist	military	-ist	N	N
militaristic	militarist	-ic	N	ADJ
militaristic	military	-istic	N	ADJ
militarization	militarize	-ation	V	N
militiaman	militia	-man	N	N
milken	milk	-en	N	ADJ
milker	milk	-er	N	N
milking	milk	-ing	N	V
milking	milk	-ing	N	N
milkman	milk	-man	N	N
milky	milk	-y	N	ADJ
millennial	millennium	-al	N	ADJ
millennial	millennium	-al	N	N
milligram	gram	milli-	N	N
millilitre	litre	milli-	N	N
millimetre	metre	milli-	V	N
millinery	milliner	-y	N	N
milling	mill	-ing	N	N
millionaire	million	-aire	N	N
millionairess	millionaire	-ess	N	N
millionth	million	-th	N	ADJ
millisecond	second	milli-	N	N
mimetic	mimesis	-ic	N	ADJ
mimicry	mimic	-ry	V	N
minced	mince	-ed	N	ADJ
minced	mince	-ed	N	V
mincer	mince	-er	ADJ	N
minded	mind	-ed	N	ADJ
mindedness	minded	-ness	ADJ	N
minder	mind	-er	N	N
mindful	mind	-ful	N	ADJ
mindful	mind	-ful	N	N
mindless	mind	-less	N	ADJ
mindlessly	mindless	-ly	ADJ	ADV
mineralisation	mineral	-ation	N	N
mineralogical	mineralogy	-ical	N	ADJ
mineralogy	mineral	-logy	N	N
mingle	ming	-le	V	V
miniaturisation	miniature	-isation	N	N
miniaturist	miniature	-ist	N	N
minibus	bus	mini-	N	N
minicab	cab	mini-	N	N
minicomputer	computer	mini-	V	N
minimalism	minimal	-ism	ADJ	N
minimalist	minimal	-ist	ADJ	ADJ
minimalist	minimal	-ist	ADJ	N
minimally	minimal	-ly	ADJ	ADV
minimisation	minimise	-ation	V	N
minimization	minimize	-ation	V	N
miniskirt	skirt	mini-	N	N
ministerial	minister	-ial	N	ADJ
ministership	minister	-ship	N	N
ministration	minister	-ation	N	N
minter	mint	-er	N	N
minty	mint	-y	N	ADJ
minutely	minute	-ly	N	ADV
minutely	minute	-ly	N	ADJ
minutia	minute	-ia	N	N
miraculous	miracle	-ous	N	ADJ
miraculously	miraculous	-ly	ADJ	ADV
mirth	merry	-th	ADJ	N
mirthless	mirth	-less	N	ADJ
mirthlessly	mirthless	-ly	ADJ	ADV
misadventure	adventure	mis-	N	N
misalignment	alignment	mis-	N	N
misanthropic	misanthrope	-ic	N	ADJ
misanthropic	misanthropy	-ic	N	ADJ
misanthropic	anthropic	mis-	ADJ	ADJ
misapplication	application	mis-	N	N
misapplication	misapply	-ation	V	N
misapply	apply	mis-	V	V
misapprehension	apprehension	mis-	N	N
misappropriate	appropriate	mis-	ADJ	V
misappropriation	appropriation	mis-	N	N
misappropriation	misappropriate	-ion	V	N
misbegotten	begotten	mis-	ADJ	ADJ
misbehave	behave	mis-	V	V
misbehaviour	behaviour	mis-	N	N
miscalculate	calculate	mis-	V	V
miscalculation	calculation	mis-	N	N
miscalculation	miscalculate	-ion	V	N
miscarriage	carriage	mis-	N	N
miscarriage	miscarry	-age	V	N
miscarry	carry	mis-	V	V
miscast	cast	mis-	V	V
miscellaneous	miscellanea	-ous	N	ADJ
mischievous	mischief	-ous	N	ADJ
mischievously	mischievous	-ly	ADJ	ADV
misconceive	conceive	mis-	V	V
misconception	conception	mis-	N	N
misconception	misconceive	-ion	V	N
misconduct	conduct	mis-	V	N
misconduct	conduct	mis-	V	V
misconstrue	construe	mis-	N	V
misdeed	deed	mis-	N	N
misdescribe	describe	mis-	V	V
misdirect	direct	mis-	V	V
misdirection	direction	mis-	N	N
miserable	miser	-able	N	ADJ
miserably	miserable	-ly	ADJ	ADV
miserly	miser	-ly	V	ADJ
misfire	fire	mis-	N	N
misfit	fit	mis-	ADJ	N
misfortune	fortune	mis-	N	N
misgiving	give	mis-	V	N
misgiving	giving	mis-	N	N
misgiving	misgive	-ing	V	N
misgovernment	government	mis-	N	N
misgovernment	misgovern	-ment	V	N
misguidedly	misguided	-ly	ADJ	ADV
mishandle	handle	mis-	N	V
mishandle	handle	mis-	N	N
mishap	hap	mis-	N	N
mishap	hap	mis-	N	V
misinform	inform	mis-	V	V
misinformation	information	mis-	N	N
misinterpret	interpret	mis-	N	V
misinterpretation	interpretation	mis-	N	N
misinterpretation	misinterpret	-ation	V	N
misjudge	judge	mis-	N	V
misjudgement	judgement	mis-	N	N
misjudgement	misjudge	-ment	V	N
misjudgment	judgment	mis-	N	N
mislay	lay	mis-	V	V
mislead	lead	mis-	V	V
misleading	mislead	-ing	V	ADJ
misleadingly	misleading	-ly	ADJ	ADV
mismanage	manage	mis-	V	V
mismanagement	management	mis-	N	N
mismanagement	mismanage	-ment	V	N
mismatch	match	mis-	N	V
mismatch	match	mis-	N	N
misname	name	mis-	V	N
misogynist	misogyny	-ist	N	N
misogynistic	misogynist	-ic	N	ADJ
misperception	perception	mis-	N	N
misplace	place	mis-	N	V
misprint	print	mis-	V	N
misprint	print	mis-	V	V
misquote	quote	mis-	V	V
misread	read	mis-	V	V
misrepresent	represent	mis-	V	V
misrepresentation	representation	mis-	N	N
misrepresentation	misrepresent	-ation	V	N
misrule	rule	mis-	N	N
misrule	rule	mis-	N	V
misshapen	shapen	mis-	U	ADJ
misshapen	shapen	mis-	ADJ	ADJ
missionary	mission	-ary	N	N
missionary	mission	-ary	N	ADJ
missioner	mission	-er	N	N
misspelling	spelling	mis-	N	N
misspelt	spelt	mis-	V	V
mistaken	mistake	-n	N	V
mistaken	mistake	-en	N	V
mistakenly	mistaken	-ly	ADJ	ADV
mister	mist	-er	N	N
mistily	misty	-ly	ADJ	ADV
mistime	time	mis-	V	V
mistreat	treat	mis-	V	V
mistreatment	mistreat	-ment	V	N
mistress	mister	-ess	N	N
mistrust	trust	mis-	V	N
mistrustful	mistrust	-ful	N	ADJ
misty	mist	-y	N	ADJ
misunderstand	understand	mis-	V	V
misunderstanding	misunderstand	-ing	V	N
misunderstanding	understanding	mis-	N	N
misuse	use	mis-	V	N
misuse	use	mis-	V	V
misuser	misuse	-er	N	N
misuser	user	mis-	N	N
mitigation	mitigate	-ion	V	N
mitochondria	mitochondrion	-a	N	N
mitochondrial	mitochondria	-al	N	ADJ
mitochondrial	mitochondrion	-al	N	ADJ
mitotic	mitosis	-ic	N	ADJ
mitred	mitre	-ed	N	ADJ
mixer	mix	-er	V	N
mixing	mix	-ing	V	V
moaner	moan	-er	V	N
moated	moat	-ed	N	ADJ
mobilisation	mobilise	-ation	V	N
mobilise	mobile	-ise	ADJ	V
mobilization	mobilize	-ation	V	N
mobilize	mobile	-ize	N	V
mobster	mob	-ster	N	N
moby	mobile	-y	ADJ	N
mockery	mock	-ery	N	N
mocking	mock	-ing	V	ADJ
mockingly	mocking	-ly	ADJ	ADV
modality	modal	-ity	ADJ	N
modeller	model	-er	N	N
moderately	moderate	-ly	ADJ	ADV
moderating	moderate	-ing	V	V
moderation	moderate	-ion	ADJ	N
moderator	moderate	-or	ADJ	N
modernisation	modernise	-ation	V	N
modernise	modern	-ise	ADJ	V
modernised	modernise	-ed	V	V
modernism	modern	-ism	ADJ	N
modernist	modern	-ist	ADJ	ADJ
modernity	modern	-ity	ADJ	N
modernization	modernize	-ation	V	N
modernize	modern	-ize	ADJ	V
modernized	modernize	-ed	V	V
modestly	modest	-ly	ADJ	ADV
modesty	modest	-y	ADJ	N
modifiable	modify	-able	V	ADJ
modifier	modify	-er	V	N
modish	mode	-ish	N	ADJ
modular	module	-ar	N	ADJ
modulate	module	-ate	N	V
modulation	modulate	-ion	V	N
modulator	modulate	-or	V	N
mohammedan	mohammed	-an	N	N
mohammedan	mohammed	-an	N	ADJ
moisten	moist	-en	ADJ	V
moistness	moist	-ness	ADJ	N
moisture	moist	-ure	ADJ	N
moisturise	moisture	-ise	N	V
moisturiser	moisturise	-er	V	N
moisturizer	moisturize	-er	V	N
molar	mole	-ar	N	ADJ
moldavian	moldavia	-an	N	N
moldavian	moldavia	-an	N	ADJ
molecular	molecule	-ar	N	ADJ
molestation	molest	-ation	V	N
molester	molest	-er	V	N
momentarily	momentary	-ly	ADJ	ADV
momentary	moment	-ary	N	ADJ
momentous	moment	-ous	N	ADJ
mommy	mom	-y	N	N
monarchical	monarch	-ical	N	ADJ
monarchical	monarchy	-ical	N	ADJ
monarchist	monarch	-ist	N	N
monarchy	monarch	-y	N	N
monasticism	monastic	-ism	ADJ	N
monetarism	monetary	-ism	ADJ	N
monetarist	monetary	-ist	ADJ	ADJ
monetarist	monetarism	-ist	N	N
moneyed	money	-ed	N	ADJ
mongolia	mongol	-ia	N	N
mongolian	mongol	-ian	N	ADJ
mongolian	mongolia	-an	N	ADJ
mongrel	mong	-rel	N	N
monkish	monk	-ish	N	ADJ
monmouthshire	monmouth	-shire	N	N
monochromatic	chromatic	mono-	ADJ	ADJ
monoclonal	clonal	mono-	ADJ	ADJ
monocular	ocular	mono-	ADJ	ADJ
monoculture	culture	mono-	N	N
monofilament	filament	mono-	N	N
monogamous	monogamy	-ous	N	ADJ
monolayer	layer	mono-	N	N
monolingual	lingual	mono-	ADJ	ADJ
monolithic	monolith	-ic	N	ADJ
mononuclear	nuclear	mono-	ADJ	ADJ
monoplane	plane	mono-	N	ADJ
monopolist	monopoly	-ist	N	N
monopolistic	monopoly	-istic	N	ADJ
monopolistic	monopolist	-ic	N	ADJ
monopolize	monopoly	-ize	N	V
monorail	rail	mono-	N	N
monosodium	sodium	mono-	N	N
monosyllabic	syllabic	mono-	ADJ	ADJ
monosyllable	syllable	mono-	N	N
monotheism	theism	mono-	N	N
monotheistic	theistic	mono-	ADJ	ADJ
monotone	tone	mono-	N	N
monotonous	monotone	-ous	N	ADJ
monotonously	monotonous	-ly	ADJ	ADV
monotony	monotone	-y	N	N
monoxide	oxide	mono-	N	N
monoxide	oxide	mon-	N	N
monstrosity	monstrous	-ity	ADJ	N
monstrous	monster	-ous	N	ADJ
monstrously	monstrous	-ly	ADJ	ADV
monumental	monument	-al	N	ADJ
monumentally	monumental	-ly	ADJ	ADV
moodily	moody	-ly	ADJ	ADV
moody	mood	-y	N	ADJ
moonless	moon	-less	N	ADJ
moony	moon	-y	N	ADJ
mooring	moor	-ing	V	V
moorish	moor	-ish	N	ADJ
moorland	moor	-land	N	N
moped	mope	-ed	V	V
moralist	moral	-ist	N	N
moralistic	moral	-istic	N	ADJ
moralistic	moralist	-ic	N	ADJ
morality	moral	-ity	ADJ	N
moralize	moral	-ize	N	V
morally	moral	-ly	N	ADV
moravian	moravia	-an	N	ADJ
morbidity	morbid	-ity	ADJ	N
morbidly	morbid	-ly	ADJ	ADV
moroccan	morocco	-an	N	N
moronic	moron	-ic	N	ADJ
morosely	morose	-ly	ADJ	ADV
morphological	morphology	-ical	N	ADJ
morphologically	morphological	-ly	ADJ	ADV
morrison	morris	-son	N	N
morrison	morris	-on	N	N
mortally	mortal	-ly	N	ADV
mortgagee	mortgage	-ee	N	N
mortgagor	mortgage	-or	N	N
mortification	mortify	-ification	V	N
mortified	mortify	-ed	V	ADJ
mosaicist	mosaic	-ist	N	N
mossy	moss	-y	N	ADJ
motherhood	mother	-hood	N	N
motherland	mother	-land	N	N
motherless	mother	-less	N	ADJ
motherly	mother	-ly	N	ADJ
motility	motile	-ty	ADJ	N
motility	motile	-ity	ADJ	N
motionless	motion	-less	N	ADJ
motivational	motivation	-al	N	ADJ
motivator	motivate	-or	V	N
motiveless	motive	-less	N	ADJ
motley	mottle	-y	V	ADJ
motorcycling	motorcycle	-ing	N	N
motorcyclist	motorcycle	-ist	N	N
motoring	motor	-ing	N	V
motorist	motor	-ist	N	N
motorola	motor	-ola	N	N
mottled	mottle	-ed	N	ADJ
moulder	mould	-er	N	N
moulding	mould	-ing	N	V
mouldy	mould	-y	N	ADJ
mountaineer	mountain	-eer	N	N
mountaineering	mountaineer	-ing	N	N
mountainous	mountain	-ous	N	ADJ
mountainside	mountain	-side	N	N
mourner	mourn	-er	V	N
mournful	mourn	-ful	V	ADJ
mournfully	mournful	-ly	ADJ	ADV
mourning	mourn	-ing	V	N
moustached	moustache	-ed	N	ADJ
mousy	mouse	-y	N	ADJ
mousy	mouse	-y	N	N
mouthful	mouth	-ful	N	N
mouthful	mouth	-ful	N	ADJ
movable	move	-able	N	ADJ
moveable	move	-able	N	ADJ
mover	move	-er	N	N
moving	move	-ing	N	ADJ
movingly	moving	-ly	ADJ	ADV
mower	mow	-er	V	N
mowing	mow	-ing	V	V
mown	mow	-n	N	V
mozambican	mozambique	-an	N	ADJ
mrna	rna	m-	N	N
mth	m	-th	ADJ	U
mucky	muck	-y	N	ADJ
mucosal	mucosa	-al	N	ADJ
mucous	mucus	-ous	N	ADJ
muddle	mud	-le	N	V
muddy	mud	-y	ADJ	ADJ
muffin	muff	-in	N	N
muffled	muffle	-ed	V	ADJ
muffler	muffle	-er	N	N
mugger	mug	-er	N	N
mugging	mugger	-ing	N	N
muller	mull	-er	V	N
mullioned	mullion	-ed	N	ADJ
multicellular	cellular	multi-	ADJ	ADJ
multichannel	channel	multi-	N	ADJ
multicoloured	colour	multi-	N	ADJ
multicultural	cultural	multi-	ADJ	ADJ
multiculturalism	multicultural	-ism	ADJ	N
multidimensional	dimensional	multi-	ADJ	ADJ
multidisciplinary	disciplinary	multi-	ADJ	ADJ
multifunctional	functional	multi-	ADJ	ADJ
multilateral	lateral	multi-	ADJ	ADJ
multilingual	lingual	multi-	ADJ	ADJ
multilingual	-lingual	multi-	ADJ	ADJ
multimedia	media	multi-	N	N
multimillion	million	multi-	U	ADJ
multimillion	million	multi-	ADJ	ADJ
multinational	national	multi-	ADJ	ADJ
multiparty	party	multi-	N	ADJ
multiplex	complex	multi-	ADJ	ADJ
multiplication	multiplicate	-ion	ADJ	N
multiplicity	multiple	-icity	ADJ	N
multiplier	multiply	-er	V	N
multiply	multiple	-ly	ADJ	ADV
multiprocess	process	multi-	N	ADJ
multiprocessing	processing	multi-	N	N
multiprocessor	processor	multi-	N	N
multipurpose	purpose	multi-	N	ADJ
multiracial	racial	multi-	ADJ	ADJ
multitudinous	multitude	-ous	N	ADJ
mummery	mummer	-y	N	N
municipality	municipal	-ity	ADJ	N
munificence	munificent	-ence	ADJ	N
muon	mu	-on	N	N
murdered	murder	-ed	N	V
murderer	murder	-er	ADJ	N
murderess	murder	-ess	ADJ	N
murdering	murder	-ing	N	V
murderous	murder	-ous	ADJ	ADJ
murderously	murderous	-ly	ADJ	ADV
murky	murk	-y	N	ADJ
murmuring	murmur	-ing	V	V
muscled	muscle	-ed	N	ADJ
muscly	muscle	-ly	N	ADJ
muscly	muscle	-y	N	ADJ
muscular	musculous	-ar	ADJ	ADJ
muscular	muscle	-ar	N	ADJ
muscularity	muscular	-ity	ADJ	N
mushrooming	mushroom	-ing	N	V
mushy	mush	-y	N	ADJ
musicality	musical	-ity	N	N
musically	musical	-ly	ADJ	ADV
musicianship	musician	-ship	N	N
musicologist	musicology	-ist	N	N
musingly	musing	-ly	ADJ	ADV
musketeer	musket	-eer	N	N
musky	musk	-y	N	ADJ
muso	musician	-o	N	N
musty	must	-y	V	ADJ
mutability	mutable	-ity	ADJ	N
mutable	mutate	-able	V	ADJ
mutant	mutate	-ant	V	ADJ
mutation	mutate	-ion	V	N
muted	mute	-ed	N	ADJ
mutely	mute	-ly	ADJ	ADV
mutilation	mutilate	-ion	V	N
mutineer	mutiny	-eer	N	N
mutinous	mutiny	-ous	N	ADJ
mutinously	mutinous	-ly	ADJ	ADV
muttering	mutter	-ing	N	V
mutuality	mutual	-ity	ADJ	N
mutually	mutual	-ly	ADJ	ADV
myocardial	myocardium	-al	N	ADJ
myopic	myopia	-ic	N	ADJ
mysteriously	mysterious	-ly	ADJ	ADV
mystical	mystic	-al	N	ADJ
mystically	mystical	-ly	ADJ	ADV
mysticism	mystic	-ism	N	N
mystification	mystify	-ification	V	N
mythic	myth	-ic	N	ADJ
mythical	myth	-ical	N	ADJ
mythical	mythic	-al	ADJ	ADJ
mythological	mythology	-ical	N	ADJ
mythology	myth	-ology	N	N
nagging	nag	-ing	N	ADJ
naively	naive	-ly	ADJ	ADV
naivety	naivete	-y	N	N
nakedly	naked	-ly	ADJ	ADV
nakedness	naked	-ness	ADJ	N
nameless	name	-less	N	ADJ
namibian	namibia	-an	N	ADJ
naming	name	-ing	N	N
nanny	nan	-y	N	N
nanosecond	second	nano-	N	N
napkin	nape	-kin	N	N
napoleonic	napoleon	-ic	N	ADJ
nappy	nap	-y	N	ADJ
narcissistic	narcissist	-ic	N	ADJ
narration	narrate	-ion	V	N
narrator	narrate	-or	V	N
narrowing	narrow	-ing	ADJ	V
narrowly	narrow	-ly	ADJ	ADV
narrowness	narrow	-ness	ADJ	N
nashville	nash	-ville	N	N
nasogastric	gastric	naso-	ADJ	ADJ
nastily	nasty	-ly	ADJ	ADV
nastiness	nasty	-ness	ADJ	N
nationalisation	nationalise	-ation	V	N
nationalise	national	-ise	ADJ	V
nationalism	national	-ism	ADJ	N
nationalist	national	-ist	ADJ	ADJ
nationalistic	nationalist	-ic	ADJ	ADJ
nationalistic	national	-istic	ADJ	ADJ
nationality	national	-ity	ADJ	N
nationalization	national	-ization	ADJ	N
nationalization	nationalize	-ation	V	N
nationalize	national	-ize	ADJ	V
nationally	national	-ly	ADJ	ADV
nationhood	nation	-hood	N	N
nationwide	nation	-wide	N	ADJ
nativity	native	-ity	ADJ	N
naturalise	natural	-ise	ADJ	V
naturalism	natural	-ism	ADJ	N
naturalist	natural	-ist	ADJ	N
naturalistic	naturalist	-ic	N	ADJ
naturalization	naturalize	-ation	V	N
naturalization	natural	-ization	ADJ	N
naturalize	natural	-ize	ADJ	V
naturalness	natural	-ness	ADJ	N
natured	nature	-ed	N	ADJ
naturist	nature	-ist	N	N
naturist	naturism	-ist	N	N
naughtiness	naughty	-ness	ADJ	N
naughty	naught	-y	N	ADJ
nauseate	nausea	-ate	N	V
nauseating	nauseate	-ing	ADJ	ADJ
nauseous	nausea	-ous	N	ADJ
navel	nave	-el	N	N
navigable	navigate	-able	V	ADJ
navigation	navigate	-ion	ADJ	N
navigational	navigation	-al	N	ADJ
navigator	navigate	-or	ADJ	N
nazism	nazi	-ism	N	N
nearest	near	-est	ADV	ADJ
nearness	near	-ness	ADJ	N
neaten	neat	-en	ADJ	V
neatly	neat	-ly	ADJ	ADV
neatness	neat	-ness	ADJ	N
nebulous	nebula	-ous	N	ADJ
necessitate	necessity	-ate	N	V
necked	neck	-ed	N	ADJ
neckline	neck	-ine	N	N
necktie	neck	-ie	N	N
necrotic	necrosis	-ic	N	ADJ
nectarine	nectar	-ine	N	N
neddy	ned	-y	N	N
needed	need	-ed	V	ADJ
needful	need	-ful	N	ADJ
needless	need	-less	N	ADJ
needlessly	needless	-ly	ADJ	ADV
needlework	needle	-work	N	N
needy	need	-y	N	ADJ
negation	negate	-ion	V	N
negatively	negative	-ly	N	ADV
negativity	negative	-ity	N	N
neglected	neglect	-ed	N	V
neglectful	neglect	-ful	N	ADJ
negligence	negligent	-ence	ADJ	N
negligently	negligent	-ly	ADJ	ADV
negotiable	negotiate	-able	V	ADJ
negotiator	negotiate	-ator	V	N
negotiator	negotiate	-or	V	N
neighbouring	neighbor	-ing	N	ADJ
neighbouring	neighbour	-ing	N	ADJ
neighbourliness	neighbourly	-ness	ADJ	N
neighbourly	neighbour	-ly	N	ADJ
neilson	neil	-son	N	N
nellie	nell	-ie	N	N
nelly	nell	-y	N	N
nelson	neil	-son	N	N
neoclassical	classical	neo-	ADJ	ADJ
neonatal	natal	neo-	ADJ	ADJ
neonatal	neonate	-al	N	ADJ
neoprene	isoprene	neo-	N	N
nepalese	nepal	-ese	N	ADJ
nerveless	nerve	-less	V	ADJ
nervously	nervous	-ly	ADJ	ADV
nervousness	nervous	-ness	ADJ	N
nervy	nerve	-y	V	ADJ
nessie	ness	-ie	N	N
nestle	nest	-le	N	V
nestling	nest	-ling	N	N
nestling	nestle	-ing	V	V
nestling	nestle	-ing	V	N
netting	net	-ing	N	N
netting	net	-ing	N	V
networking	network	-ing	N	V
neural	neuron	-al	N	ADJ
neurological	neurology	-ical	N	ADJ
neurologist	neurology	-ist	N	N
neurology	neuron	-logy	N	N
neuromuscular	muscular	neuro-	ADJ	ADJ
neuronal	neuron	-al	N	ADJ
neuropathy	neuropath	-y	N	N
neurophysiological	physiological	neuro-	ADJ	ADJ
neurophysiology	physiology	neuro-	N	N
neuropsychological	psychological	neuro-	ADJ	ADJ
neuroscience	science	neuro-	N	N
neuroscientist	scientist	neuro-	N	N
neuroscientist	neuroscience	-ist	N	N
neurosurgeon	surgeon	neuro-	N	N
neurosurgery	surgery	neuro-	N	N
neurosurgical	surgical	neuro-	ADJ	ADJ
neurotic	neuron	-otic	N	ADJ
neurotransmitter	transmitter	neuro-	N	N
neutralisation	neutralise	-ation	V	N
neutralise	neutral	-ise	ADJ	V
neutrality	neutral	-ity	ADJ	N
neutralization	neutral	-ization	ADJ	N
neutralization	neutralize	-ation	V	N
neutralize	neutral	-ize	ADJ	V
neutrally	neutral	-ly	ADJ	ADV
neutron	neutral	-on	ADJ	N
newby	new	-by	ADJ	N
newcomer	comer	new-	N	N
newcomer	newcome	-er	ADJ	N
newel	new	-el	ADJ	N
newish	new	-ish	ADJ	ADJ
newness	new	-ness	ADJ	N
newsman	news	-man	N	N
newspaperman	newspaper	-man	N	N
newspeak	speak	new-	N	N
newspeak	new	-speak	ADJ	N
newsworthy	news	-worthy	N	ADJ
newtonian	newton	-ian	N	ADJ
nibble	nip	-le	N	N
nibbling	nibble	-ing	N	N
nicaraguan	nicaragua	-an	N	ADJ
nicely	nice	-ly	ADJ	ADV
niceness	nice	-ness	ADJ	N
nicety	nice	-ity	ADJ	N
nicety	nice	-ty	ADJ	N
nicholson	nicholas	-son	N	N
nicked	nick	-ed	N	V
nigeria	niger	-ia	N	N
nigerian	nigeria	-an	N	N
niggardly	niggard	-ly	N	ADJ
niggardly	niggard	-ly	N	ADV
niggling	niggle	-ing	N	ADJ
nightie	night	-ie	N	N
nightly	night	-ly	N	ADJ
nightly	night	-ly	N	ADV
nightmarish	nightmare	-ish	N	ADJ
nightwear	night	-wear	N	N
nihilist	nihilism	-ist	N	N
nihilistic	nihilist	-ic	N	ADJ
nimble	nim	-le	V	ADJ
nimbleness	nimble	-ness	ADJ	N
nimbly	nimble	-ly	ADJ	ADV
ninetieth	ninety	-eth	N	ADJ
nipper	nip	-er	N	N
nipple	nib	-le	N	N
nippy	nip	-y	N	ADJ
nitric	nitride	-ic	N	ADJ
nitrite	niter	-ite	N	N
nitrogenous	nitrogen	-ous	N	ADJ
nitroglycerine	glycerine	nitro-	N	N
nitty	nit	-y	N	ADJ
nobby	nob	-y	N	ADJ
nobility	noble	-ity	ADJ	N
nobleman	noble	-man	ADJ	N
noblewoman	noble	-woman	ADJ	N
nobly	noble	-ly	ADJ	ADV
nodal	node	-al	N	ADJ
noddy	nod	-y	V	N
nodular	nodule	-ar	N	ADJ
noiseless	noise	-less	N	ADJ
noiselessly	noiseless	-ly	ADJ	ADV
noisily	noisy	-ly	ADJ	ADV
noisome	noy	-some	V	ADJ
noisy	noise	-y	N	ADJ
nomadic	nomad	-ic	N	ADJ
nominally	nominal	-ly	ADJ	ADV
nonchalance	nonchalant	-ce	ADJ	N
nonchalantly	nonchalant	-ly	ADJ	ADV
noncommittal	committal	non-	N	ADJ
noncommittally	noncommittal	-ly	ADJ	ADV
noncompliance	compliance	non-	N	N
nonconformist	conformist	non-	N	N
nonconformist	conformist	non-	N	ADJ
nonconformity	conformity	non-	N	N
nondescript	descript	non-	ADJ	ADJ
nonentity	entity	non-	N	N
nonexistent	existent	non-	ADJ	ADJ
nonlinear	linear	non-	ADJ	ADJ
nonsensical	nonsense	-ical	N	ADJ
nonstop	stop	non-	V	ADJ
normalcy	normal	-cy	ADJ	N
normalisation	normalise	-ation	V	N
normalise	normal	-ise	ADJ	V
normality	normal	-ity	ADJ	N
normalization	normal	-ization	ADJ	N
normalize	normal	-ize	ADJ	V
normandy	norman	-y	N	N
normative	norm	-ative	N	ADJ
norseman	norse	-man	ADJ	N
northerly	northern	-ly	ADJ	N
northerly	norther	-ly	ADJ	N
northerner	northern	-er	ADJ	N
northernmost	northern	-most	ADJ	ADJ
northland	north	-land	ADJ	N
northumbrian	northumbria	-an	N	N
northward	north	-ward	ADJ	N
northwards	north	-wards	ADJ	ADV
nosey	nose	-y	N	ADJ
nostalgic	nostalgia	-ic	N	ADJ
nostalgically	nostalgic	-ally	ADJ	ADV
nosy	nose	-y	N	ADJ
notational	notation	-al	N	ADJ
noted	note	-ed	N	ADJ
noteworthy	note	-worthy	N	ADJ
nothingness	nothing	-ness	N	N
noticeable	notice	-able	N	ADJ
noticeably	noticeable	-ly	ADJ	ADV
noticeably	notice	-ably	N	ADV
notifiable	notify	-able	V	ADJ
notification	notify	-ification	V	N
notional	notion	-al	N	ADJ
notionally	notional	-ly	ADJ	ADV
notoriously	notorious	-ly	ADJ	ADV
nottinghamshire	nottingham	-shire	N	N
nourishing	nourish	-ing	V	ADJ
nourishment	nourish	-ment	V	N
novelette	novel	-ette	N	N
novelist	novel	-ist	ADJ	N
novelistic	novelist	-ic	N	ADJ
novelistic	novel	-istic	N	ADJ
novelty	novel	-y	N	N
nozzle	nose	-le	N	N
nuanced	nuance	-ed	N	ADJ
nubian	nubia	-an	N	N
nubian	nubia	-an	N	ADJ
nudist	nude	-ist	ADJ	N
nudist	nude	-ist	ADJ	ADJ
nudity	nude	-ity	ADJ	N
nugget	nug	-et	N	N
nullify	null	-ify	N	V
nullity	null	-ity	ADJ	N
numbered	number	-ed	N	V
numbering	number	-ing	N	N
numberless	number	-less	N	ADJ
numbly	numb	-ly	V	ADV
numbness	numb	-ness	ADJ	N
numeracy	numerate	-cy	V	N
numerical	numeric	-al	ADJ	ADJ
numerically	numerical	-ly	ADJ	ADV
nunnery	nun	-ery	N	N
nursing	nurse	-ing	N	ADJ
nurturer	nurture	-er	N	N
nutritional	nutrition	-al	N	ADJ
nutritionally	nutritional	-ly	ADJ	ADV
nutritionist	nutrition	-ist	N	N
nutritious	nutrition	-ous	N	ADJ
nutritive	nutrition	-ive	N	ADJ
nutter	nut	-er	N	N
nutter	nuts	-er	ADJ	N
nutty	nut	-y	N	ADJ
nuzzle	nose	-le	N	V
nuzzle	nose	-lyng	N	V
nymphet	nymph	-et	N	N
nymphomaniac	nymphomania	-ac	N	N
oafish	oaf	-ish	N	ADJ
oaken	oak	-en	N	ADJ
oarsman	oar	-man	N	N
oats	oat	-s	N	N
obduracy	obdurate	-cy	ADJ	N
obedience	obedient	-ence	ADJ	N
obediently	obedient	-ly	ADJ	ADV
obesity	obese	-ity	ADJ	N
obfuscation	obfuscate	-ion	V	N
objectification	object	-ification	N	N
objectification	objectify	-ification	V	N
objectify	object	-ify	N	V
objectionable	objection	-able	N	ADJ
objectively	objective	-ly	ADJ	ADV
objectivity	objective	-ity	ADJ	N
objector	object	-or	N	N
obligate	oblige	-ate	V	V
obligatory	obligate	-ory	V	ADJ
obliging	oblige	-ing	V	ADJ
obligingly	obliging	-ly	ADJ	ADV
obliquely	oblique	-ly	ADJ	ADV
obliquity	oblique	-ity	ADJ	N
obliteration	obliterate	-tion	V	N
obliteration	obliterate	-ion	V	N
oblivious	oblivion	-ous	N	ADJ
obscenely	obscene	-ly	ADJ	ADV
obscenity	obscene	-ity	ADJ	N
obscurantist	obscurant	-ist	ADJ	N
obscurantist	obscurantism	-ist	N	N
obscurely	obscure	-ly	ADJ	ADV
obscurity	obscure	-ity	ADJ	N
obsequiously	obsequious	-ly	ADJ	ADV
observable	observe	-able	V	ADJ
observance	observe	-ance	V	N
observant	observe	-ant	V	ADJ
observational	observation	-al	N	ADJ
obsession	obsess	-ion	V	N
obsessional	obsession	-al	N	ADJ
obsessive	obsess	-ive	V	ADJ
obsessively	obsessive	-ly	ADJ	ADV
obsolescence	obsolescent	-ence	ADJ	N
obstetrician	obstetrics	-ician	N	N
obstetrician	obstetric	-ian	ADJ	N
obstetrics	obstetric	-s	ADJ	N
obstinacy	obstinate	-cy	ADJ	U
obstinacy	obstinate	-cy	ADJ	N
obstinately	obstinate	-ly	ADJ	ADV
obstructed	obstruct	-ed	V	V
obstruction	obstruct	-ion	V	N
obstructionism	obstruction	-ism	N	N
obstructive	obstruct	-ive	V	ADJ
obtainable	obtain	-able	V	ADJ
obtrusive	obtrusion	-ive	N	ADJ
obtuseness	obtuse	-ness	ADJ	N
obviousness	obvious	-ness	ADJ	N
occidental	occident	-al	N	ADJ
occlusion	occlude	-ion	V	N
occultism	occult	-ism	N	N
occupancy	occupant	-cy	N	N
occupationally	occupational	-ly	ADJ	ADV
occupied	occupy	-ed	V	ADJ
occupier	occupy	-er	V	N
occurrence	occur	-ence	V	N
oceanic	ocean	-ic	N	ADJ
oceanographer	oceanography	-er	N	N
oceanographic	oceanography	-ic	N	ADJ
oceanography	ocean	-graphy	N	N
octagonal	octagon	-al	N	ADJ
oddity	odd	-ity	ADJ	N
oddly	odd	-ly	ADJ	ADV
oddment	odd	-ment	ADJ	N
oddness	odd	-ness	ADJ	N
odorous	odor	-ous	N	ADJ
odourless	odour	-less	N	ADJ
oedipal	oedipus	-al	N	ADJ
oesophagitis	oesophagus	-itis	N	N
oestrogen	oestrus	-gen	N	N
offbeat	beat	off-	N	N
offcut	cut	off-	ADJ	V
offensively	offensive	-ly	N	ADV
offensiveness	offensive	-ness	N	N
offeror	offer	-or	N	N
offhand	hand	off-	N	ADJ
offhandedly	offhanded	-ly	ADJ	ADV
officialdom	official	-dom	ADJ	N
officious	office	-ious	N	ADJ
offline	line	off-	N	ADJ
offload	load	off-	N	V
offset	set	off-	ADJ	N
offshoot	shoot	off-	V	N
offshore	shore	off-	N	ADJ
offspring	spring	off-	N	N
oiled	oil	-ed	N	V
oiliness	oily	-ness	ADJ	N
oilman	oil	-man	N	N
oily	oil	-y	ADV	ADJ
ointment	oint	-ment	V	N
olden	old	-en	ADJ	ADJ
olden	old	-en	ADJ	V
oldie	old	-ie	ADJ	N
oldish	old	-ish	ADJ	ADJ
oldy	old	-y	ADJ	N
oligarchic	oligarchy	-ic	N	ADJ
oligarchy	oligarch	-y	N	N
oligonucleotide	nucleotide	oligo-	N	N
oligopolistic	oligopoly	-istic	N	ADJ
olympian	suffix	an-	N	ADJ
olympian	olympia	-an	N	ADJ
ominously	ominous	-ly	ADJ	ADV
omnipotence	omnipotent	-ence	ADJ	N
omnipotent	potent	omni-	N	ADJ
omnipresent	present	omni-	ADJ	ADJ
omniscience	science	omni-	N	N
omniscience	omniscient	-ence	ADJ	N
omnivorous	omnivore	-ous	N	ADJ
onboard	board	on-	N	ADJ
oncogene	gene	onco-	N	N
oncoming	coming	on-	V	N
oneness	one	-ness	N	N
oneself	one	-self	N	U
onomatopoeic	onomatopoeia	-ic	N	ADJ
onrush	rush	on-	V	N
onset	set	on-	V	N
onshore	shore	on-	N	V
onslaught	slaught	on-	N	N
ontological	ontology	-ical	N	ADJ
onward	on	-ward	ADJ	ADJ
opacity	opaque	-ity	ADJ	N
opalescent	opal	-escent	N	ADJ
opener	open	-er	ADJ	N
openness	open	-ness	ADJ	N
operable	operate	-able	V	ADJ
operatic	opera	-ic	N	ADJ
operationalize	operational	-ize	ADJ	V
operationally	operational	-ly	ADJ	ADV
operative	operate	-ive	V	ADJ
ophthalmologist	ophthalmology	-ist	N	N
opiate	opium	-ate	N	ADJ
opinionate	opinion	-ate	N	V
opinionated	opinionate	-ed	V	ADJ
opioid	opium	-oid	N	N
opportunism	opportune	-ism	ADJ	N
opportunist	opportune	-ist	ADJ	N
opportunistic	opportunist	-ic	N	ADJ
oppositely	opposite	-ly	ADJ	ADV
oppositional	opposition	-al	N	ADJ
oppositionist	opposition	-ist	N	N
oppressed	oppress	-ed	V	ADJ
oppression	oppress	-ion	V	N
oppressive	oppress	-ive	V	ADJ
oppressively	oppressive	-ly	ADJ	ADV
oppressor	oppress	-or	V	N
optical	optic	-al	ADJ	ADJ
optically	optical	-ly	ADJ	ADV
optics	optic	-ics	ADJ	N
optics	optic	-s	ADJ	N
optimality	optimal	-ity	ADJ	N
optimally	optimal	-ly	ADJ	ADV
optimisation	optimise	-ation	V	N
optimist	optimism	-ist	N	N
optimistically	optimistic	-ally	ADJ	ADV
optimization	optimize	-ation	V	N
optional	option	-al	N	ADJ
optionally	optional	-ly	ADJ	ADV
opulence	opulent	-ce	ADJ	N
opulence	opulent	-ence	ADJ	N
oracular	oracle	-ar	N	ADJ
orally	oral	-ly	ADJ	ADV
orangeman	orange	-man	N	N
orangery	orange	-ery	N	N
orangery	orange	-ry	N	N
orangey	orange	-y	N	ADJ
oration	orate	-ion	V	N
orator	orate	-or	V	N
oratorical	oratory	-ical	N	ADJ
oratory	orator	-y	N	N
orbital	orbit	-al	N	ADJ
orchestral	orchestra	-al	N	ADJ
orchestrate	orchestra	-ate	N	V
orchestration	orchestrate	-ion	V	N
ordeal	deal	or-	N	N
ordered	order	-ed	V	ADJ
ordering	order	-ing	V	V
orderliness	orderly	-ness	N	N
orderly	order	-ly	V	ADJ
ordinarily	ordinary	-ly	ADJ	ADV
ordinariness	ordinary	-ness	ADJ	N
ordination	ordinate	-ion	N	N
organelle	organ	-elle	N	N
organically	organic	-ally	ADJ	ADV
organisational	organisation	-al	N	ADJ
organisationally	organisational	-ly	ADJ	ADV
organist	organ	-ist	N	N
organizationally	organizational	-ly	ADJ	ADV
organized	organize	-ed	V	ADJ
organizer	organize	-er	V	N
orgasmic	orgasm	-ic	N	ADJ
oriental	orient	-al	N	ADJ
orientate	orient	-ate	V	V
oriented	orient	-ed	N	ADJ
originality	original	-ity	ADJ	N
origination	originate	-ation	ADJ	N
origination	origin	-ation	N	N
originator	originate	-or	V	N
ornamental	ornament	-al	N	ADJ
ornamentation	ornament	-ation	N	N
ornately	ornate	-ly	ADJ	ADV
ornithological	ornithology	-ical	N	ADJ
ornithologist	ornithology	-ist	N	N
orphanage	orphan	-age	ADJ	N
orthodoxy	orthodox	-y	ADJ	N
orthogonal	orthogon	-al	N	ADJ
orthographic	orthography	-ic	N	ADJ
orwellian	orwell	-ian	N	ADJ
os	o	-s	N	N
oscillation	oscillate	-ion	V	N
oscillator	oscillate	-or	V	N
oscillatory	oscillator	-y	N	ADJ
oscilloscope	oscillate	-scope	V	N
osmotic	osmosis	-ic	N	ADJ
ossification	ossify	-ification	V	N
ostensibly	ostensible	-ly	ADJ	ADV
ostentatious	ostentation	-ious	N	ADJ
ostentatiously	ostentatious	-ly	ADJ	ADV
osteoarthritis	arthritis	osteo-	N	N
osteopathy	osteopath	-y	N	N
ostracize	ostracism	-ize	N	V
otherness	other	-ness	ADJ	N
ourself	our	-self	V	U
ouster	oust	-er	V	N
outback	back	out-	N	N
outbid	bid	out-	V	V
outboard	board	out-	N	ADJ
outbound	bound	out-	V	ADJ
outbreak	break	out-	N	N
outbuilding	building	out-	N	N
outburst	burst	out-	N	V
outcast	cast	out-	ADJ	V
outcast	cast	out-	ADJ	N
outclass	class	out-	N	V
outcrop	crop	out-	V	N
outcry	cry	out-	V	N
outdate	date	out-	N	ADJ
outdated	dated	out-	ADJ	ADJ
outdo	do	out-	V	V
outdoors	outdoor	-s	N	N
outermost	outer	-most	V	ADJ
outermost	outer	-most	V	N
outface	face	out-	N	V
outfall	fall	out-	V	V
outfall	fall	out-	V	N
outfield	field	out-	N	N
outfitter	outfit	-er	N	N
outflank	flank	out-	N	V
outflow	flow	out-	N	N
outflung	flung	out-	V	ADJ
outgrow	grow	out-	V	V
outgrowth	growth	out-	N	N
outgrowth	outgrow	-th	V	N
outgun	gun	out-	V	V
outhouse	house	out-	N	N
outing	out	-ing	ADJ	N
outlandish	outland	-ish	N	ADJ
outlast	last	out-	ADJ	V
outlaw	law	out-	N	N
outlay	lay	out-	V	N
outlet	let	out-	V	N
outlier	outlie	-er	U	N
outlive	live	out-	V	V
outlook	look	out-	N	N
outlying	outlie	-ing	U	ADJ
outmanoeuvre	manoeuvre	out-	V	V
outnumber	number	out-	N	V
outpace	pace	out-	N	V
outpatient	patient	out-	N	N
outperform	perform	out-	V	V
outplay	play	out-	V	V
outpoint	point	out-	N	V
outpost	post	out-	N	N
outpouring	pouring	out-	V	N
outrage	rage	out-	N	N
outrageous	outrage	-ous	N	ADJ
outrageously	outrageous	-ly	ADJ	ADV
outrank	rank	out-	V	V
outreach	reach	out-	V	N
outrider	outride	-er	V	N
outright	right	out-	ADJ	ADJ
outrun	run	out-	N	V
outscore	score	out-	N	V
outsell	sell	out-	V	V
outset	set#verb	out-	N	N
outset	set	out-	U	V
outset	set	out-	N	N
outshine	shine	out-	V	V
outsize	size	out-	N	N
outskirts	skirt	out-	N	N
outskirts	outskirt	-s	N	N
outsmart	smart	out-	N	V
outspoken	spoken	out-	ADJ	ADJ
outspokenly	outspoken	-ly	ADJ	ADV
outspokenness	outspoken	-ness	ADJ	N
outspread	spread	out-	V	V
outstandingly	outstanding	-ly	ADJ	ADV
outstation	station	out-	N	N
outstay	stay	out-	V	V
outstrip	prefix	out-	N	V
outstrip	strip	out-	N	V
outturn	turn	out-	V	N
outvote	vote	out-	V	V
outward	out	-ward	ADV	ADJ
outward	ward	out-	N	V
outwardly	outward	-ly	ADJ	ADV
outwards	outward	-s	ADJ	ADV
outweigh	weigh	out-	V	V
outwit	wit	out-	N	V
outwork	work	out-	V	V
outworn	worn	out-	V	V
ovarian	ovary	-an	N	ADJ
ovenproof	oven	-proof	N	ADJ
overactive	active	over-	ADJ	ADJ
overarch	arch	over-	N	V
overarching	overarch	-ing	V	ADJ
overawe	awe	over-	N	V
overawed	overawe	-ed	V	V
overbalance	balance	over-	N	V
overbearing	overbear	-ing	V	V
overblown	overblow	-n	V	ADJ
overboard	board	over-	N	ADJ
overburden	burden	over-	N	V
overcapacity	capacity	over-	N	N
overcast	cast	over-	ADJ	N
overcharge	charge	over-	V	V
overcoat	coat	over-	N	N
overcompensate	compensate	over-	V	V
overconfident	confident	over-	ADJ	ADJ
overcook	cook	over-	N	V
overcrowd	crowd	over-	V	V
overcrowded	overcrowd	-ed	V	ADJ
overcrowding	overcrowd	-ing	V	N
overdetermine	determine	over-	V	V
overdo	do	over-	N	V
overdone	done	over-	ADJ	ADJ
overdose	dose#noun	over-	N	N
overdose	dose#verb	over-	V	V
overdose	dose	over-	N	N
overdraft	draft	over-	N	N
overdress	dress	over-	V	V
overdressed	dressed	over-	V	ADJ
overdrive	drive	over-	V	V
overdrive	drive	over-	V	N
overdue	due	over-	ADJ	ADJ
overeat	eat	over-	V	V
overemphasise	emphasise	over-	V	V
overemphasize	emphasize	over-	V	V
overestimate	estimate	over-	V	V
overestimation	estimation	over-	N	N
overestimation	overestimate	-ion	V	N
overfed	fed	over-	N	ADJ
overfeed	feed	over-	U	V
overfeed	feed	over-	V	V
overfish	fish	over-	N	V
overflow	flow	over-	V	N
overfly	fly	over-	N	V
overfull	full	over-	N	ADJ
overfull	full house	over-	N	N
overground	ground	over-	N	ADJ
overground	ground	over-	N	N
overgrow	grow	over-	V	V
overgrown	grown	over-	V	ADJ
overgrown	overgrow	-n	V	ADJ
overgrowth	growth	over-	N	N
overgrowth	overgrow	-th	V	N
overhang	hang	over-	V	V
overhaul	haul	over-	N	N
overhead	head	over-	ADJ	ADJ
overhear	hear	over-	V	V
overheat	heat	over-	V	V
overjoyed	overjoy	-ed	V	ADJ
overkill	kill	over-	V	N
overlap	lap	over-	V	V
overlay	lay	over-	N	V
overleaf	leaf	over-	N	ADV
overlie	lie	over-	V	V
overload	load	over-	N	V
overlong	long	over-	ADJ	ADJ
overlord	lord	over-	N	N
overlordship	overlord	-ship	N	N
overly	over	-ly	ADJ	ADV
overly	over	-ly	ADJ	ADJ
overlying	lying	over-	V	ADJ
overman	man	over-	U	N
overman	man	over-	U	V
overman	man	over-	V	V
overmuch	much	over-	N	U
overmuch	much	over-	N	ADJ
overnight	night	over-	N	ADJ
overpay	pay	over-	V	V
overpayment	payment	over-	N	N
overpayment	overpay	-ment	V	N
overplay	play	over-	V	V
overpopulation	population	over-	N	N
overpower	power	over-	N	V
overpoweringly	overpowering	-ly	V	ADV
overprice	price	over-	N	V
overprint	print	over-	ADJ	N
overproduction	production	over-	N	N
overprotective	protective	over-	ADJ	ADJ
overprotective	overprotect	-ive	V	ADJ
overrate	rate	over-	N	V
overrated	rated	over-	ADJ	ADJ
overrated	overrate	-ed	V	ADJ
overreach	reach	over-	V	V
overreact	react	over-	V	V
overreaction	reaction	over-	N	N
overreaction	overreact	-ion	V	N
overridden	ridden	over-	V	V
override	ride	over-	V	V
overriding	override	-ing	V	ADJ
overripe	ripe	over-	ADJ	ADJ
overrule	rule	over-	N	V
overrun	run	over-	V	V
overseer	oversee	-er	V	N
oversensitive	sensitive	over-	ADJ	ADJ
overshadow	shadow	over-	N	V
overshoot	shoot	over-	V	N
oversight	sight	over-	N	N
oversight	oversee	-t	V	N
oversimplification	simplification	over-	N	N
oversimplification	oversimplify	-ification	V	N
oversimplified	simplified	over-	ADJ	ADJ
oversimplified	oversimplify	-ed	V	ADJ
oversimplify	simplify	over-	V	V
oversize	size	over-	N	ADJ
oversized	sized	over-	ADJ	ADJ
overspend	spend	over-	V	V
overspill	spill	over-	V	N
overstaffed	staffed	over-	ADJ	V
overstate	state	over-	N	V
overstatement	overstate	-ment	V	N
overstay	stay	over-	V	V
overstep	step	over-	N	V
overstock	stock	over-	N	V
overstrain	strain	over-	N	V
overstress	stress	over-	N	V
overstretch	stretch	over-	V	V
overstretched	overstretch	-ed	V	V
overstuffed	stuffed	over-	ADJ	ADJ
oversubscribe	subscribe	over-	V	V
oversupply	supply	over-	V	V
overtake	take	over-	N	V
overtax	tax	over-	N	V
overthrow	throw	over-	N	V
overtime	time	over-	V	N
overtire	tire	over-	V	V
overtly	overt	-ly	ADJ	ADV
overtone	tone	over-	N	N
overturn	turn	over-	V	V
overuse	use	over-	V	V
overvalue	value	over-	N	V
overview	view	over-	N	N
overweening	overween	-ing	V	ADJ
overweening	overween	-ing	V	N
overweight	weight	over-	N	ADJ
overwhelm	whelm	over-	V	V
overwhelmingly	overwhelming	-ly	ADJ	ADV
overwinter	winter	over-	V	V
overwork	work	over-	N	V
overwork	work	over-	N	N
overworked	worked	over-	V	ADJ
overworked	overwork	-ed	V	ADJ
overwrite	write	over-	V	V
overwrought	wrought	over-	V	ADJ
ovulate	ovule	-ate	N	V
ovulation	ovulate	-ion	V	N
ovum	ova	-um	N	N
owens	owen	-s	N	N
owlish	owl	-ish	N	ADJ
owlishly	owlish	-ly	ADJ	ADV
oxidase	oxide	-ase	N	N
oxidation	oxide	-ation	N	N
oxidise	oxide	-ise	N	V
oxidize	oxide	-ize	N	V
oxygenate	oxygen	-ate	N	V
oxygenation	oxygen	-ation	N	N
oxygenation	oxygenate	-ion	V	N
pacer	pace	-er	N	N
pacey	pace	-y	N	ADJ
pacification	pacify	-ification	V	N
pacifism	pacific	-ism	ADJ	N
pacifist	pacifism	-ist	N	N
packed	pack	-ed	N	ADJ
packer	pack	-er	N	N
packing	pack	-ing	N	V
packing	pack	-ing	N	N
packman	pack	-man	N	N
padding	pad	-ing	N	V
paddler	paddle	-er	N	N
paddling	paddle	-ing	N	V
paddling	paddle	-ing	N	N
paddock	pad	-ock	N	N
paediatrician	paediatrics	-ian	N	N
paganism	pagan	-ism	N	N
pageantry	pageant	-ry	N	N
pager	page	-er	N	N
pagination	paginate	-tion	V	N
pagination	paginate	-ion	V	N
paging	page	-ing	N	N
pained	pain	-ed	N	ADJ
painfully	painful	-ly	ADJ	ADV
painless	pain	-less	N	ADJ
painlessly	painless	-ly	ADJ	ADV
painstaking	painstaker	-ing	N	ADJ
painstakingly	painstaking	-ly	ADJ	ADV
painterly	painter	-ly	N	ADJ
pairing	pair	-ing	V	N
pairwise	pair	-wise	N	ADJ
pakistani	pakistan	-i	N	N
palaeolithic	palaeolith	-ic	N	ADJ
palatable	palate	-able	V	ADJ
palatial	palace	-ial	N	ADJ
palatinate	palatine	-ate	ADJ	N
palely	pale	-ly	ADJ	ADV
paleness	pale	-ness	ADJ	N
palladian	palladium	-ian	N	ADJ
palliative	palliate	-ive	V	ADJ
pally	pal	-y	N	ADJ
palmer	palm	-er	N	N
palmist	palm	-ist	N	N
palpable	palpate	-able	V	ADJ
palpably	palpable	-ly	ADJ	ADV
palpitation	palpitate	-ion	V	N
palsy	pals	-y	N	ADJ
pamper	pamp	-er	V	V
pamphleteer	pamphlet	-eer	N	N
panamanian	panama	-ian	N	N
pancake	cake	pan-	N	N
pancreatitis	pancreas	-itis	N	N
panelled	panel	-ed	N	ADJ
panelling	panel	-ling	N	N
panellist	panel	-ist	N	N
panicked	panic	-ed	ADJ	V
panicky	panic	-y	N	ADJ
panoramic	panorama	-ic	N	ADJ
pantheistic	theistic	pan-	ADJ	ADJ
pantheistic	pantheism	-istic	N	ADJ
pantile	tile	pan-	N	N
panty	pant	-y	N	N
papacy	papal	-cy	ADJ	N
paperless	paper	-less	N	ADJ
paperwork	paper	-work	V	N
papery	paper	-y	N	ADJ
papist	papism	-ist	N	ADJ
parabolic	parabola	-ic	N	ADJ
parachutist	parachute	-ist	N	N
paradigmatic	paradigm	-atic	N	ADJ
paradigmatic	paradigm	-ic	N	ADJ
paradoxical	paradox	-ical	N	ADJ
paradoxically	paradoxical	-ly	ADJ	ADV
paraglide	glide	para-	V	V
parallelism	parallel	-ism	N	N
paralysed	paralyse	-ed	V	ADJ
paramedic	medic	para-	ADJ	N
paramedical	medical	para-	ADJ	ADJ
paramedical	paramedic	-al	N	ADJ
paramilitary	military	para-	N	N
paramilitary	military	para-	N	ADJ
paranoiac	paranoia	-ac	N	ADJ
paranoid	paranoia	-oid	N	ADJ
paranoid	paranoia	-id	N	ADJ
paranormal	normal	para-	ADJ	ADJ
paraplegic	paraplegia	-ic	N	N
parasitic	parasite	-ic	N	ADJ
parasitical	parasitic	-al	ADJ	ADJ
parasitism	parasite	-ism	N	N
parasitology	parasite	-ology	N	N
paratroop	troop	para-	N	N
paratrooper	paratroop	-er	N	N
paratuberculosis	tuberculosis	para-	N	N
parched	parch	-ed	V	ADJ
pardonable	pardon	-able	N	ADJ
parentage	parent	-age	N	N
parenthetically	parenthetical	-ly	ADJ	ADV
parenthood	parent	-hood	N	N
parenting	parent	-ing	N	N
pargeter	parget	-er	V	N
paring	pare	-ing	V	V
parishioner	parish	-er	N	N
parisian	paris	-ian	N	N
parker	park	-er	N	N
parkinson	peter	-son	N	N
parkland	park	-land	N	N
parliamentarian	parliament	-arian	N	N
parochialism	parochial	-ism	ADJ	N
parser	parse	-er	ADJ	N
parsimonious	parsimony	-ious	N	ADJ
parsimonious	parsimony	-ous	N	ADJ
parsonage	parson	-age	N	N
parted	part	-ed	N	ADJ
partiality	partial	-ity	N	N
participative	participate	-ive	V	ADJ
participator	participate	-or	V	N
participatory	participate	-ory	V	ADJ
particularistic	particularism	-istic	N	ADJ
particularity	particular	-ity	ADJ	N
parting	part	-ing	N	ADJ
partisanship	partisan	-ship	N	U
partisanship	partisan	-ship	N	N
parton	part	-on	N	N
passable	pass	-able	N	ADJ
passably	passable	-ly	ADJ	ADV
passably	passable	-y	ADJ	ADJ
passer	pass	-er	N	N
passionate	passion	-ate	N	ADJ
passionately	passionate	-ly	ADJ	ADV
passionless	passion	-less	N	ADJ
passively	passive	-ly	ADJ	ADV
passivity	passive	-ity	ADJ	N
pasting	paste	-ing	N	N
pastoral	pasture	-al	N	ADJ
pastoral	pastor	-al	N	ADJ
pastoralism	pastoral	-ism	ADJ	N
pastoralist	pastoral	-ist	ADJ	ADJ
pastry	paste	-ry	N	N
pastureland	pasture	-land	N	N
pasty	paste	-y	N	ADJ
patched	patch	-ed	N	ADJ
patchily	patchy	-ly	ADJ	ADV
patchwork	patch	-work	N	N
patchy	patch	-y	N	ADJ
patency	patent	-cy	ADJ	N
patentable	patent	-able	ADJ	ADJ
patented	patent	-ed	ADJ	V
patently	patent	-ly	N	ADV
paternal	pater	-al	N	ADJ
paternalism	paternal	-ism	ADJ	N
paternalist	paternal	-ist	ADJ	ADJ
paternalistic	paternal	-istic	ADJ	ADJ
paternally	paternal	-ly	ADJ	ADV
paterson	patrick	-son	N	N
pathetic	path	-etic	N	ADJ
pathetically	pathetic	-ally	ADJ	ADV
pathless	path	-less	N	ADJ
pathogenic	pathogen	-ic	N	ADJ
pathological	pathology	-ical	N	ADJ
pathologically	pathological	-ly	ADJ	ADV
pathologist	pathology	-ist	N	N
patiently	patient	-ly	N	ADV
patriarchal	patriarch	-al	N	ADJ
patriarchate	patriarch	-ate	N	N
patriarchy	patriarch	-y	N	N
patrilineal	lineal	patri-	ADJ	ADJ
patriotic	patriot	-ic	N	ADJ
patriotism	patriot	-ism	N	N
patrolman	patrol	-man	N	N
patronage	patron	-age	N	N
patroness	patron	-ess	N	N
patronise	patron	-ise	N	V
patronize	patron	-ize	N	V
patronizingly	patronizing	-ly	ADJ	ADV
patter	pat	-er	N	N
pattison	patrick	-son	N	N
patty	pat	-y	N	N
paula	paul	-a	N	N
paulette	paul	-ette	N	N
pauline	paul	-ine	N	ADJ
pauline	paul	-ine	N	N
paunchy	paunch	-y	N	ADJ
paved	pave	-ed	V	ADJ
paver	pave	-er	V	N
paving	pave	-ing	V	V
payee	pay	-ee	V	N
payer	pay	-er	V	N
paying	pay	-ing	N	V
payoff	pay	-off	N	N
peaceable	peace	-able	N	ADJ
peaceably	peaceable	-ly	ADJ	ADV
peaceably	peace	-ably	N	ADV
peacefully	peaceful	-ly	ADJ	ADV
peacefulness	peaceful	-ness	ADJ	N
peachy	peach	-y	N	ADJ
peaky	peak	-y	N	ADJ
pearly	pearl	-y	N	N
pearson	piers	-son	N	N
peasantry	peasant	-ry	N	N
peaty	peat	-y	N	ADJ
pebbly	pebble	-y	N	ADJ
peckish	peck	-ish	V	ADJ
peculiarity	peculiar	-ity	ADJ	N
peculiarly	peculiar	-ly	ADJ	ADV
pedagogic	pedagogy	-ic	N	ADJ
pedagogical	pedagogic	-al	ADJ	ADJ
pedagogical	pedagogy	-ical	N	ADJ
pedagogically	pedagogical	-ly	ADJ	ADV
pedantic	pedant	-ic	N	ADJ
pedantry	pedant	-ry	N	N
peddler	peddle	-er	V	N
pedimented	pediment	-ed	N	ADJ
peeler	peel	-er	N	N
peeling	peel	-ing	N	N
peerage	peer	-age	N	N
peerless	peer	-less	N	ADJ
peeved	peeve	-ed	V	ADJ
peevish	pue	-ish	V	ADJ
peevish	peeve	-ish	N	ADJ
peevishly	peevish	-ly	ADJ	ADV
pejoratively	pejorative	-ly	ADJ	ADV
pellucid	lucid	per-	ADJ	ADJ
pelvic	pelvis	-ic	N	ADJ
pembrokeshire	pembroke	-shire	N	N
penalise	penal	-ise	ADJ	V
penalize	penal	-ize	ADJ	V
pendulous	pendulum	-ous	N	ADJ
penetrating	penetrate	-ing	V	ADJ
penetratingly	penetrating	-ly	ADJ	ADV
penetration	penetrate	-ion	V	N
penetrative	penetrate	-ive	V	ADJ
penile	penis	-ile	N	ADJ
peninsular	peninsula	-ar	N	ADJ
penitence	penitent	-ence	N	N
penitential	penitent	-ial	N	ADJ
penman	pen	-man	N	N
penniless	penny	-less	N	ADJ
pennsylvanian	pennsylvania	-an	N	N
pennsylvanian	pennsylvania	-an	N	ADJ
pensionable	pension	-able	N	ADJ
pensively	pensive	-ly	ADJ	ADV
pent	pen	-t	V	N
pentagastrin	gastrin	penta-	N	N
pentagonal	pentagon	-al	N	ADJ
pentecostal	pentecost	-al	N	ADJ
penthouse	house	pent-	N	N
peppery	pepper	-y	N	ADJ
pepsinogen	pepsin	-gen	N	N
perambulation	ambulation	per-	N	N
perambulation	perambulate	-ion	V	N
perceivable	perceive	-able	V	ADJ
perceiver	perceive	-er	V	N
perceptibly	perceptible	-ly	ADJ	ADV
perceptibly	perceptible	-ly	ADJ	U
perceptively	perceptive	-ly	ADJ	ADV
perceptiveness	perceptive	-ness	ADJ	N
perceptual	perception	-ual	N	ADJ
perchance	chance	per-	N	N
percolator	percolate	-or	V	N
percussionist	percussion	-ist	N	N
percussive	percuss	-ive	V	ADJ
percutaneous	cutaneous	per-	ADJ	ADJ
peregrination	peregrinate	-ion	V	N
peremptorily	peremptory	-ly	ADJ	ADV
perennially	perennial	-ly	N	ADV
perfectibility	perfectible	-ity	ADJ	N
perfection	perfect	-ion	ADJ	N
perfectionism	perfection	-ism	N	N
perfectionist	perfection	-ist	N	N
perforation	perforate	-ion	V	N
performing	perform	-ing	V	V
perfumery	perfume	-ery	N	N
perfunctorily	perfunctory	-ly	ADJ	ADV
perilous	peril	-ous	N	ADJ
perilously	perilous	-ly	ADJ	ADV
perimeter	meter	peri-	N	N
perinatal	natal	peri-	ADJ	ADJ
periodic	period	-ic	N	ADJ
periodic	iodic	per-	ADJ	ADJ
periodical	period	-ical	N	N
periodical	period	-ical	N	ADJ
periodically	periodic	-ally	ADJ	ADV
periodicity	periodic	-ity	ADJ	N
peripheral	periphery	-al	N	ADJ
peripherally	peripheral	-ly	N	ADV
periscope	scope	peri-	N	N
perishable	perish	-able	V	N
perishable	perish	-able	V	ADJ
peristaltic	peristalsis	-ic	N	ADJ
peritoneal	peritoneum	-al	N	ADJ
peritonitis	peritoneum	-itis	N	N
perjury	perjure	-y	V	N
perky	perk	-y	N	ADJ
permafrost	frost	perma-	N	N
permanence	permanent	-ence	ADJ	N
permanency	permanent	-cy	ADJ	N
permanently	permanent	-ly	ADJ	ADV
permanganate	manganate	per-	N	N
permeability	permeable	-ity	ADJ	N
permeable	permeate	-able	V	ADJ
permeation	permeate	-ion	V	N
permian	perm	-ian	N	N
permissive	permission	-ive	N	ADJ
permissiveness	permissive	-ness	ADJ	N
permutation	permute	-ation	V	N
peronist	peron	-ist	N	N
peroxidase	peroxide	-ase	N	N
peroxide	oxide	per-	N	N
perpendicularly	perpendicular	-ly	ADJ	ADV
perpetration	perpetrate	-ion	V	N
perpetrator	perpetrate	-or	V	N
perpetually	perpetual	-ly	ADJ	ADV
perpetuate	perpetual	-ate	ADJ	V
perpetuation	perpetuate	-ion	V	N
perpetuity	perpetual	-ity	ADJ	N
perplexed	perplex	-ed	ADJ	ADJ
perplexing	perplex	-ing	ADJ	ADJ
perplexity	perplex	-ity	ADJ	N
persecution	persecute	-ion	V	N
persecutor	persecute	-or	V	N
perseverance	persevere	-ance	V	N
persian	persia	-an	N	ADJ
persistence	persistent	-ence	ADJ	N
persistent	persist	-ent	V	ADJ
persistently	persistent	-ly	ADJ	ADV
persona	person	-a	N	N
personable	person	-able	N	ADJ
personage	person	-age	N	N
personalise	personal	-ise	ADJ	V
personalize	personal	-ize	ADJ	V
personhood	person	-hood	N	N
personification	personify	-ification	V	N
personification	personify	-ation	V	N
personification	person	-ification	N	N
personify	person	-ify	N	V
perspicacity	perspicacious	-ity	ADJ	N
perspiration	perspire	-ation	V	N
persuader	persuade	-er	V	N
persuasion	persuade	-ion	V	N
persuasion	suasion	per-	N	N
persuasive	persuasion	-ive	N	ADJ
persuasively	persuasive	-ly	ADJ	ADV
persuasiveness	persuasive	-ness	ADJ	N
perthshire	perth	-shire	N	N
pertinacity	pertinacious	-ity	ADJ	N
pertinence	pertinent	-ence	ADJ	N
pertinently	pertinent	-ly	ADJ	ADV
pertly	pert	-ly	ADJ	ADV
perturbation	perturbate	-ion	V	N
perturbed	perturb	-ed	V	V
perusal	peruse	-al	V	N
peruse	use	per-	N	V
peruvian	peru	-v	N	N
pervasive	pervade	-ive	V	ADJ
pervasiveness	pervasive	-ness	ADJ	N
perversely	perverse	-ly	ADJ	ADV
perversion	pervert	-sion	N	N
perversity	perverse	-ity	ADJ	N
pessimist	pessimism	-ist	N	N
pessimistic	pessimist	-ic	N	ADJ
pessimistically	pessimistic	-ally	ADJ	ADV
pesticide	pest	-cide	N	N
pestilence	pestilent	-ence	ADJ	N
pestilential	pestilence	-ial	N	ADJ
petersburg	peters	-burg	N	N
peterson	peter	-son	N	N
petitioner	petition	-er	N	N
petrel	peter	-el	N	N
petrochemical	chemical	petro-	ADJ	N
petrological	petrology	-ical	N	ADJ
pettiness	petty	-ness	ADJ	N
petting	pet	-ing	N	N
petulance	petulant	-ce	ADJ	N
petulantly	petulant	-ly	ADJ	ADV
phallic	phallus	-ic	N	ADJ
pharmaceutical	pharmaceutic	-al	ADJ	ADJ
pharmacist	pharmacy	-ist	N	N
pharmacological	pharmacology	-ical	N	ADJ
pharmacologist	pharmacology	-ist	N	N
pharyngeal	pharynx	-al	N	ADJ
phenolic	phenol	-ic	N	ADJ
phenomenal	phenomenon	-al	N	ADJ
phenomenally	phenomenal	-ly	ADJ	ADV
phenomenological	phenomenology	-ical	N	ADJ
phenomenology	phenomenon	-logy	N	N
phenotypic	phenotype	-ic	N	ADJ
phenylketonuria	phenylketone	-uria	N	N
philanderer	philander	-er	N	N
philandering	philander	-ing	V	V
philanthropic	philanthropy	-ic	N	ADJ
philanthropist	philanthropy	-ist	N	N
philatelic	philately	-ic	N	ADJ
philippian	philippi	-an	N	ADJ
philippines	philippine	-s	N	N
philistinism	philistine	-ism	N	N
phillips	phillip	-s	N	N
phillipson	phillip	-son	N	N
philological	philology	-ical	N	ADJ
philologist	philology	-ist	N	N
philosopher	philosophy	-er	N	N
philosophic	philosophy	-ic	N	ADJ
philosophical	philosophy	-ical	N	ADJ
philosophically	philosophical	-ly	ADJ	ADV
philosophize	philosophy	-ize	N	V
phoenician	phoenicia	-an	N	N
phonemic	phoneme	-ic	N	ADJ
phonetically	phonetic	-ally	ADJ	ADV
phonetician	phonetic	-ian	ADJ	N
phonetics	phonetic	-ics	ADJ	N
phonetics	phonetic	-s	ADJ	N
phonological	phonology	-ical	N	ADJ
phonologically	phonological	-ly	ADJ	ADV
phosphatase	phosphate	-ase	N	N
phospholipid	lipid	phospho-	N	N
phosphorescence	phosphoresce	-ence	V	N
phosphorescence	phosphorescent	-ence	ADJ	N
phosphorous	phosphorus	-ous	N	ADJ
phosphorylate	phosphoryl	-ate	N	V
phosphorylation	phosphoryl	-ation	N	N
photochemical	chemical	photo-	ADJ	ADJ
photocopier	photocopy	-er	N	N
photocopy	copy	photo-	N	N
photographic	photograph	-ic	N	ADJ
photographically	photographic	-ally	ADJ	ADV
photomontage	montage	photo-	N	N
photon	-on	photo-	N	N
photosynthesis	synthesis	photo-	N	N
photosynthetic	synthetic	photo-	ADJ	ADJ
photosynthetic	photosynthesis	-ic	N	ADJ
photovoltaic	voltaic	photo-	ADJ	ADJ
phraseology	phrase	-ology	N	N
phrasing	phrase	-ing	V	V
phylogenetic	phylogenesis	-ic	N	ADJ
physicality	physical	-ity	ADJ	N
physicist	physics	-ist	N	N
physiological	physiology	-ical	N	ADJ
physiologically	physiological	-ly	ADJ	ADV
physiologist	physiology	-ist	N	N
physiotherapist	therapist	physio-	N	N
physiotherapist	physiotherapy	-ist	N	N
physiotherapy	therapy	physio-	N	N
phytoplankton	plankton	phyto-	N	N
pianist	piano	-ist	ADJ	N
picker	pick	-er	N	N
picketing	picket	-ing	V	V
pickle	pick	-le	N	N
pickled	pickle	-ed	N	V
picky	pick	-y	N	ADJ
picnicker	picnic	-er	N	N
picnicking	picnic	-ing	N	V
pictish	pict	-ish	N	ADJ
pictogram	picture	-gram	N	U
pictorial	picture	-ial	N	ADJ
pictorially	pictorial	-ly	ADJ	ADV
picturesque	picture	-esque	N	ADJ
picturesquely	picturesque	-ly	ADJ	ADV
piddling	piddle	-ing	V	ADJ
piecemeal	piece	-meal	N	ADJ
piecework	piece	-work	N	N
piercing	pierce	-ing	V	V
piercing	pierce	-ing	V	ADJ
piercingly	piercing	-ly	N	ADV
piet	pie	-et	N	N
piety	pious	-ety	ADJ	N
piggery	pig	-ery	N	N
piggy	pig	-y	N	N
piglet	pig	-let	N	N
pigmentation	pigment	-ation	N	N
pilar	pilus	-ar	N	ADJ
pilaster	pillar	-aster	N	N
pilcher	pilch	-er	N	N
pilgrimage	pilgrim	-age	N	N
pillared	pillar	-ed	N	ADJ
pillared	pillar	-ed	N	V
pimpled	pimple	-ed	N	ADJ
pimply	pimple	-y	N	ADJ
pincers	pincer	-s	N	N
pincher	pinch	-er	V	N
pinder	pend	-er	V	N
pineal	pine	-al	N	ADJ
pinhead	pin	-head	N	N
pinkish	pink	-ish	ADJ	ADJ
pinkness	pink	-ness	N	N
pinky	pink	-y	ADJ	ADJ
pinky	pink	-y	ADJ	N
pinned	pin	-ed	N	V
pinner	pin	-er	N	N
pinner	pend	-er	V	N
pinstriped	pinstripe	-ed	N	ADJ
pinter	pint	-er	N	N
pioneering	pioneer	-ing	N	N
piously	pious	-ly	ADJ	ADV
pipeline	pipe	-ine	N	N
piper	pipe	-er	N	N
pipette	pip	-ette	N	N
pipework	pipe	-work	N	N
piping	pipe	-ing	N	N
pipkin	pipe	-kin	N	N
piquancy	piquant	-cy	ADJ	N
piracy	pirate	-cy	N	N
piratical	pirate	-ical	N	ADJ
pissed	piss	-ed	N	V
piteous	pity	-ous	N	ADJ
piteously	piteous	-ly	ADJ	ADV
pith	pi	-th	N	N
pithead	pit	-head	U	N
pithily	pithy	-ly	ADJ	ADV
pithy	pith	-y	N	ADJ
pitiable	pity	-able	N	ADJ
pitiful	pity	-ful	N	ADJ
pitifully	pitiful	-ly	ADJ	ADV
pitiless	pity	-less	N	ADJ
pitman	pit	-man	N	N
pittsburg	pitt	-burg	N	N
pituitary	pituita	-ary	N	ADJ
pitying	pity	-ing	N	ADJ
pityingly	pitying	-ly	V	ADV
pivotal	pivot	-al	N	ADJ
pixel	pix	-el	N	N
placard	plaque	-ard	N	N
placatory	placate	-ory	V	ADJ
placeman	place	-man	N	N
placental	placenta	-al	N	ADJ
placidity	placid	-ity	ADJ	N
placidly	placid	-ly	ADJ	ADV
plagiarism	plagiary	-ism	N	N
plagiarize	plagiary	-ize	N	U
plagiarize	plagiarism	-ize	N	V
plainly	plain	-ly	N	ADV
plainness	plain	-ness	ADJ	N
plaintively	plaintive	-ly	ADJ	ADV
planar	plane	-ar	N	ADJ
planetarium	planet	-arium	N	N
planetary	planet	-ary	N	ADJ
planking	plank	-ing	N	N
planktonic	plankton	-ic	N	ADJ
planner	plan	-er	N	N
plantation	plant	-ation	N	N
planted	plant	-ed	N	V
planter	plant	-er	N	N
plasmid	plasma	-id	N	N
plasminogen	plasmin	-gen	N	N
plastered	plaster	-ed	N	ADJ
plasterer	plaster	-er	N	N
plasticine	plastic	-ine	N	N
plasticine	plastic	-ine	ADJ	N
plasticity	plastic	-ity	ADJ	N
plateful	plate	-ful	N	N
platelet	plate	-let	N	N
plating	plate	-ing	N	N
platonic	plato	-ic	N	ADJ
platter	plat	-er	N	N
plausibility	plausible	-ity	ADJ	N
plausibly	plausible	-ly	ADJ	ADV
playability	play	-ability	V	N
playability	playable	-ity	ADJ	N
playable	play	-able	V	ADJ
playful	play	-ful	N	ADJ
playfully	playful	-ly	ADJ	ADV
playfulness	playful	-ness	ADJ	N
playing	play	-ing	N	N
playmate	play	-mate	V	N
pleadingly	pleading	-ly	ADJ	ADV
pleasantly	pleasant	-ly	ADJ	ADV
pleasantness	pleasant	-ness	ADJ	N
pleasantry	pleasant	-ry	ADJ	N
pleasing	please	-ing	V	ADJ
pleasing	please	-ing	V	N
pleasingly	pleasing	-ly	ADJ	ADV
pleasurable	pleasure	-able	N	ADJ
pleasurably	pleasurable	-ly	ADJ	ADV
pleasurably	pleasurable	-ly	ADJ	U
pleasurably	pleasure	-ably	N	ADV
pleated	pleat	-ed	N	V
pleated	pleat	-ed	N	ADJ
plenteous	plenty	-ous	N	ADJ
plentiful	plenty	-ful	N	ADJ
plentifully	plentiful	-ly	ADJ	ADV
plier	ply	-er	V	N
plodder	plod	-er	V	N
plodding	plod	-ing	V	V
plonker	plonk	-er	N	N
plotter	plot	-er	N	N
ploughland	plough	-land	N	N
ploughman	plough	-man	N	N
plucky	pluck	-y	N	ADJ
plumage	plume	-age	N	N
plumber	plumb	-er	N	N
plumbing	plumb	-ing	ADJ	N
plumed	plume	-ed	V	ADJ
plummy	plum	-y	N	ADJ
plumpness	plump	-ness	ADJ	N
plunderer	plunder	-er	V	N
plundering	plunder	-ing	V	N
plunger	plunge	-er	N	N
plural	plus	-alis	N	ADJ
pluralism	plural	-ism	N	N
pluralist	plural	-ist	N	N
pluralistic	plural	-istic	N	ADJ
pluralistic	pluralist	-ic	N	ADJ
plurality	plural	-ity	ADJ	N
plutocracy	plutocrat	-cy	N	N
pneumatic	pneuma	-ic	N	ADJ
poacher	poach	-er	V	N
poaching	poach	-ing	V	N
pocketful	pocket	-ful	N	N
pockmarked	pockmark	-ed	N	V
poetess	poet	-ess	N	N
poetic	poet	-ic	N	ADJ
poetical	poetic	-al	ADJ	ADJ
poetically	poetic	-ally	ADJ	ADV
poetically	poetical	-ly	ADJ	ADV
poignancy	poignant	-cy	ADJ	N
poignantly	poignant	-ly	ADJ	ADV
poinsettia	poinsett	-ia	N	N
pointed	point	-ed	N	V
pointedly	pointed	-ly	ADJ	ADV
pointer	point	-er	N	N
pointing	point	-ing	N	N
pointless	point	-less	N	ADJ
pointlessly	pointless	-ly	ADJ	ADV
pointlessness	pointless	-ness	ADJ	N
pointy	point	-y	N	ADJ
poised	poise	-ed	N	ADJ
poisoner	poison	-er	N	N
poisoning	poison	-ing	N	N
poisonous	poison	-ous	N	ADJ
poker	poke	-er	V	N
polar	pole	-ar	N	ADJ
polarisation	polar	-isation	N	N
polarity	polar	-ity	N	N
polarization	polarize	-ation	V	N
polarize	polar	-ize	N	V
polemical	polemic	-al	N	ADJ
polemicist	polemic	-ist	N	N
policewoman	police	-woman	N	N
polished	polish	-ed	V	ADJ
polisher	polish	-er	V	N
polishing	polish	-ing	N	N
politely	polite	-ly	ADJ	ADV
politicise	politic	-ise	ADJ	V
politicization	politicize	-ation	V	N
politicize	politic	-ize	ADJ	V
politicize	political	-ize	ADJ	V
politicking	politic	-ing	ADJ	N
pollinate	pollen	-ate	N	V
pollination	pollinate	-ion	V	N
pollinator	pollinate	-or	V	N
polling	poll	-ing	N	V
pollster	poll	-ster	N	N
pollutant	pollute	-ant	V	U
pollutant	pollute	-ant	V	N
polluter	pollute	-er	V	N
polyacrylamide	acrylamide	poly-	N	N
polyamide	amide	poly-	N	N
polycarbonate	carbonate	poly-	N	N
polychlorinated	chlorinated	poly-	V	ADJ
polycrystalline	crystalline	poly-	ADJ	ADJ
polyester	ester	poly-	N	N
polyethylene	ethylene	poly-	N	N
polygamous	polygamy	-ous	N	ADJ
polygonal	polygon	-al	N	ADJ
polymerase	polymer	-ase	N	N
polymeric	polymer	-ic	N	ADJ
polymerization	polymerize	-ation	V	N
polymerization	polymer	-ization	N	N
polymorphic	polymorph	-ic	N	ADJ
polymorphism	polymorphic	-ism	ADJ	N
polynesian	polynesia	-an	N	ADJ
polypeptide	peptide	poly-	N	N
polyphonic	polyphony	-ic	N	ADJ
polyposis	polyp	-osis	N	N
polypropylene	propylene	poly-	N	N
polysaccharide	saccharide	poly-	N	N
polystyrene	styrene	poly-	N	N
polysyllabic	syllabic	poly-	ADJ	ADJ
polytheism	theism	poly-	N	N
polytheistic	theistic	poly-	ADJ	ADJ
polytheistic	polytheism	-istic	N	ADJ
polyunsaturate	unsaturate	poly-	N	N
polyunsaturated	unsaturated	poly-	ADJ	ADJ
polyurethane	urethane	poly-	N	N
polyvinyl	vinyl	poly-	N	ADJ
pomposity	pompous	-ity	ADJ	N
pompous	pomp	-ous	N	ADJ
pompously	pompous	-ly	ADJ	ADV
ponderously	ponderous	-ly	ADJ	ADV
poofter	poof	-er	N	N
pooling	pool	-ing	N	N
poolside	pool	-side	N	ADJ
poorly	poor	-ly	ADJ	ADV
poorly	poor	-ly	ADJ	ADJ
popery	pope	-ery	N	N
popish	pope	-ish	N	ADJ
popper	pop	-er	N	N
pops	pop	-s	N	N
popularisation	popular	-isation	ADJ	N
popularise	popular	-ise	ADJ	V
popularize	popular	-ize	ADJ	V
popularly	popular	-ly	ADJ	ADV
populist	populism	-ist	N	N
porky	pork	-y	N	ADJ
porno	porn	-o	N	ADJ
pornographer	pornography	-er	N	N
pornographic	pornography	-ic	N	ADJ
pornography	porn	-graphy	N	N
porosity	porous	-ity	ADJ	N
porous	pore	-ous	N	ADJ
portability	port	-ability	N	N
portentous	portent	-ous	N	ADJ
portentously	portentous	-ly	ADJ	ADV
porter	port	-er	N	N
portly	port	-ly	V	ADJ
portraitist	portrait	-ist	N	N
portraiture	portrait	-ure	N	N
portrayal	portray	-al	V	N
poser	pose	-er	N	N
positional	position	-al	N	ADJ
positioning	position	-ing	N	N
positively	positive	-ly	ADJ	ADV
positivism	positive	-ism	ADJ	N
positivist	positive	-ist	ADJ	N
positivistic	positivist	-ic	N	ADJ
positivistic	positivism	-istic	N	ADJ
positivity	positive	-ity	ADJ	N
positron	positive	-tron	ADJ	N
possessed	possess	-ed	V	V
possessive	possess	-ive	V	ADJ
possessively	possessive	-ly	ADJ	ADV
possessiveness	possessive	-ness	ADJ	N
possessor	possess	-or	V	N
postage	age	post-	N	N
postage	post	-age	N	N
postal	post	-al	N	ADJ
postbox	box	post-	N	N
postcard	card	post-	N	N
postdate	date	post-	N	V
postdoctoral	doctoral	post-	ADJ	ADJ
postgraduate	graduate	post-	N	N
posthumously	posthumous	-ly	ADJ	ADV
postman	post	-man	N	N
postmaster	master	post-	N	N
postmistress	mistress	post-	N	N
postmodern	modern	post-	ADJ	ADJ
postmodernism	modernism	post-	N	N
postmodernism	postmodern	-ism	ADJ	N
postmodernist	postmodern	-ist	ADJ	ADJ
postmodernist	modernist	post-	U	ADJ
postmodernist	modernist	post-	ADJ	ADJ
postmortem	mortem	post-	N	N
postnatal	natal	post-	ADJ	ADJ
postoperative	operative	post-	ADJ	ADJ
postponement	postpone	-ment	V	N
postprandial	prandial	post-	ADJ	ADJ
poststructuralism	structuralism	post-	N	N
poststructuralist	structuralist	post-	ADJ	ADJ
postsynaptic	synaptic	post-	ADJ	ADJ
postural	posture	-al	N	ADJ
potassium	potassa	-ium	N	N
potency	potent	-cy	ADJ	N
potentiality	potential	-ity	N	N
potentiation	potentiate	-ion	V	N
potently	potent	-ly	ADJ	ADV
pottage	pot	-age	N	N
potter	pot	-er	N	N
potter	pote	-er	V	U
pottery	potter	-y	N	ADJ
potty	pot	-y	N	N
pouchitis	pouch	-itis	N	N
poultry	poult	-ry	N	N
poundage	pound	-age	N	N
pounder	pound	-er	N	N
pounding	pound	-ing	V	V
pouting	pout	-ing	N	V
pouting	pout	-ing	N	N
powdery	powder	-y	N	ADJ
powerfully	powerful	-ly	ADJ	ADV
powerless	power	-less	N	ADJ
powerlessness	powerless	-ness	ADJ	N
poxy	pox	-y	N	ADJ
practicability	practicable	-ity	ADJ	N
practicality	practical	-ity	ADJ	N
practised	practise	-ed	V	ADJ
practising	practise	-ing	V	V
pragmatically	pragmatic	-ally	ADJ	ADV
pragmatics	pragmatic	-s	ADJ	N
praiseworthy	praise	-worthy	N	ADJ
prankster	prank	-ster	N	N
prattle	prate	-le	N	V
prayerful	prayer	-ful	N	ADJ
prayerfully	prayerful	-ly	ADJ	ADV
preacher	preach	-er	V	N
preaching	preach	-ing	V	N
preamp	amp	pre-	N	N
prebend	bend	pre-	V	V
prebendary	prebend	-ary	N	N
precambrian	cambrian	pre-	ADJ	ADJ
precariously	precarious	-ly	ADJ	ADV
precariousness	precarious	-ness	ADJ	N
precast	cast	pre-	V	ADJ
precaution	caution	pre-	N	N
precautionary	precaution	-ary	N	ADJ
precedence	precede	-ence	V	N
precedence	precedent	-ence	ADJ	N
precedent	precede	-ent	V	N
preceding	precede	-ing	V	ADJ
preciously	precious	-ly	ADJ	ADV
precipitately	precipitate	-ly	V	ADV
precipitation	precipitate	-ion	N	N
precipitous	precipice	-ous	N	ADJ
precipitous	precipitate	-ous	N	ADJ
precipitously	precipitous	-ly	ADJ	ADV
precision	precise	-ion	ADJ	N
precociously	precocious	-ly	ADJ	ADV
precocity	precocious	-ity	ADJ	N
precognition	cognition	pre-	N	N
preconceive	conceive	pre-	V	V
preconceived	preconceive	-ed	V	ADJ
preconception	conception	pre-	N	N
preconception	preconceive	-ion	V	N
precondition	condition	pre-	N	N
predate	date	pre-	N	V
predator	predation	-or	N	N
predatory	predator	-y	N	ADJ
predecease	decease	pre-	N	N
predestination	predestine	-ation	V	N
predetermine	determine	pre-	V	V
predetermined	predetermine	-ed	V	V
predication	predicate	-ion	V	N
predicative	predicate	-ive	V	ADJ
predictability	predict	-ability	V	N
predictable	predict	-able	V	ADJ
predictably	predictable	-ly	ADJ	ADV
predictive	predict	-ive	V	ADJ
predictor	predict	-or	V	N
predisposition	disposition	pre-	N	N
predisposition	predispose	-ition	V	N
predisposition	predispose	-tion	V	N
predominance	predominant	-ance	ADJ	N
predominance	predominant	-ce	ADJ	N
predominantly	predominant	-ly	ADJ	ADV
predominately	predominate	-ly	V	ADV
preeminent	eminent	pre-	ADJ	ADJ
preexist	exist	pre-	V	V
prefab	fab	pre-	ADJ	ADJ
prefabricated	fabricated	pre-	V	ADJ
prefabricated	prefabricate	-ed	V	V
prefabricated	prefabricate	-ed	V	ADJ
preferable	prefer	-able	V	ADJ
preferably	preferable	-ly	ADJ	ADV
preferential	preference	-ial	N	ADJ
preferentially	preferential	-ly	ADJ	ADV
preferment	prefer	-ment	V	N
preferred	prefer	-ed	V	ADJ
prefigure	figure	pre-	V	V
preheat	heat	pre-	N	V
prehistoric	historic	pre-	ADJ	ADJ
prehistoric	prehistory	-ic	N	ADJ
prehistory	history	pre-	N	N
prejudge	judge	pre-	N	V
prejudiced	prejudice	-ed	N	V
prejudicial	prejudice	-ial	N	ADJ
premarital	marital	pre-	ADJ	ADJ
premature	mature	pre-	ADJ	ADJ
prematurely	premature	-ly	ADJ	ADV
premenstrual	menstrual	pre-	ADJ	ADJ
premiership	premier	-ship	N	N
premonitory	premonition	-ory	N	ADJ
prenatal	natal	pre-	ADJ	ADJ
preoccupation	occupation	pre-	N	N
preoccupy	occupy	pre-	V	V
preoperative	operative	pre-	ADJ	ADJ
preordain	ordain	pre-	V	V
prepacked	packed	pre-	V	ADJ
preparatory	prepare	-atory	V	ADJ
preparedness	prepared	-ness	ADJ	N
prepatent	patent	pre-	ADJ	ADJ
prepayment	payment	pre-	N	N
preponderance	preponderant	-ce	ADJ	N
preponderant	preponderate	-ant	V	ADJ
preponderantly	preponderant	-ly	ADJ	ADV
preposition	position	pre-	N	U
prepositional	preposition	-al	N	ADJ
prerequisite	requisite	pre-	N	ADJ
prerequisite	requisite	pre-	N	N
presbyterian	presbyter	-ian	N	ADJ
presbyterianism	presbyterian	-ism	ADJ	N
presbytery	presbyter	-y	N	N
preschool	school	pre-	N	ADJ
prescience	prescient	-ence	ADJ	N
prescribed	prescribe	-ed	V	ADJ
prescriptive	prescription	-ive	N	ADJ
preselect	select	pre-	ADJ	V
presentable	present	-able	N	ADJ
presentational	presentation	-al	N	ADJ
presenter	present	-er	N	N
presentiment	sentiment	pre-	N	N
presently	present	-ly	ADJ	ADV
preservation	preserve	-ation	V	N
preservation	preserve	-tion	V	N
preserver	preserve	-er	V	N
preset	set	pre-	N	ADJ
pressman	press	-man	N	N
pressurise	pressure	-ise	N	V
pressurize	pressure	-ize	N	V
prestigious	prestige	-ious	N	ADJ
presumption	presume	-ion	V	N
presumptive	presume	-ive	V	ADJ
presumptive	presumption	-ive	N	ADJ
presuppose	suppose	pre-	V	V
presupposition	presuppose	-ition	V	N
presupposition	presuppose	-tion	V	N
presynaptic	synaptic	pre-	ADJ	ADJ
pretended	pretend	-ed	V	V
pretender	pretend	-er	V	N
pretension	tension	pre-	N	N
pretentiously	pretentious	-ly	ADJ	ADV
pretentiousness	pretentious	-ness	ADJ	N
preternaturally	preternatural	-ly	ADJ	ADV
pretext	text	pre-	N	N
pretreatment	treatment	pre-	N	ADJ
pretreatment	treatment	pre-	N	N
prettify	pretty	-fy	ADJ	V
prettily	pretty	-ly	ADJ	ADV
prettiness	pretty	-ness	ADJ	N
prevalence	prevalent	-ence	ADJ	N
prevarication	prevaricate	-ion	V	N
preventable	prevent	-able	V	ADJ
preventative	prevent	-ative	V	ADJ
preventive	prevent	-ive	V	ADJ
preview	view	pre-	V	N
prewar	war	pre-	N	ADJ
priapic	priapus	-ic	N	ADJ
priceless	price	-less	V	ADJ
pricey	price	-y	V	ADJ
pricey	price	-y	N	N
pricing	price	-ing	V	V
prickle	prick	-le	N	V
prickly	prickle	-y	N	ADJ
prickly	prick	-ly	N	ADJ
pricy	price	-y	V	ADJ
priestess	priest	-ess	N	N
priesthood	priest	-hood	N	N
priestly	priest	-ly	N	ADJ
priggish	prig	-ish	N	ADJ
primer	prime	-er	N	N
primeval	primevous	-al	ADJ	ADJ
priming	prime	-ing	N	N
primitiveness	primitive	-ness	ADJ	N
primitivism	primitive	-ism	N	N
primly	prim	-ly	ADJ	ADV
primness	prim	-ness	ADJ	N
princeling	prince	-ling	N	N
princely	prince	-ly	N	ADJ
princely	prince	-ly	N	ADV
princeton	prince	-ton	N	N
principality	principal	-ity	ADJ	N
principally	principal	-ly	ADJ	ADV
principled	principle	-ed	N	ADJ
printable	print	-able	V	ADJ
printed	print	-ed	ADJ	ADJ
printing	print	-ing	N	N
prioress	prior	-ess	N	N
prioritise	priority	-ise	N	V
prioritization	prioritize	-ation	V	N
prioritization	priority	-ization	N	N
prioritize	priority	-ize	N	V
priory	prior	-y	N	N
prismatic	prism	-atic	N	ADJ
prissy	priscilla	-y	N	N
privateer	private	-eer	ADJ	N
privately	private	-ly	N	ADV
privatisation	privatise	-ation	V	N
privatise	private	-ise	N	V
privatization	privatize	-ation	V	N
privatize	private	-ize	ADJ	V
privileged	privilege	-ed	N	V
privily	privy	-ly	N	ADV
proactive	active	pro-	ADJ	ADJ
probabilistic	probability	-istic	N	ADJ
probabilistic	probabilism	-istic	N	ADJ
probationary	probation	-ary	N	ADJ
probationary	probation	-ary	N	N
probationer	probation	-er	N	N
problematic	problem	-atic	N	ADJ
problematical	problematic	-al	ADJ	ADJ
procedural	procedure	-al	N	ADJ
procedurally	procedural	-ly	ADJ	ADV
processed	process	-ed	V	ADJ
processional	procession	-al	N	ADJ
procrastination	procrastinate	-ion	V	N
procreation	procreate	-ion	V	N
proctocolectomy	colectomy	procto-	N	N
procurator	procure	-ator	V	N
procurement	procure	-ment	V	N
prodding	prod	-ing	N	V
prodigal	prodigy	-al	N	ADJ
prodigality	prodigal	-ity	ADJ	N
prodigious	prodigy	-ous	N	ADJ
prodigiously	prodigious	-ly	ADJ	ADV
productively	productive	-ly	ADJ	ADV
profanity	profane	-ity	ADJ	N
professed	profess	-ed	V	ADJ
professionalism	professional	-ism	N	N
professionalization	professionalize	-ation	V	N
professionalization	professional	-ization	N	N
professionalize	professional	-ize	N	V
professionally	professional	-ly	N	ADV
professorial	professor	-ial	N	ADJ
professorship	professor	-ship	N	N
proficiency	proficient	-cy	ADJ	N
profitability	profitable	-ity	ADJ	N
profitability	profit	-ability	N	N
profitably	profitable	-ly	ADJ	ADV
profiteer	profit	-eer	N	N
profitless	profit	-less	N	ADJ
profligacy	profligate	-cy	N	N
profoundly	profound	-ly	ADJ	ADV
profundity	profound	-ity	ADJ	N
profusely	profuse	-ly	ADJ	ADV
profusion	profuse	-ion	ADJ	N
programmable	program	-able	N	ADJ
programmable	programme	-able	N	ADJ
programmatic	programme	-atic	N	ADJ
programmer	program	-er	N	N
programmer	programme	-er	N	N
programming	program	-ing	N	N
programming	programme	-ing	N	N
progression	progress	-ion	N	N
progressively	progressive	-ly	ADJ	ADV
progressiveness	progressive	-ness	ADJ	N
progressivism	progressive	-ism	ADJ	N
prohibition	prohibit	-ion	N	N
prohibitive	prohibit	-ive	N	ADJ
prohibitively	prohibitive	-ly	ADJ	ADV
projected	project	-ed	N	ADJ
projection	project	-ion	N	N
projectionist	projection	-ist	N	N
projective	projection	-ive	N	ADJ
projector	project	-or	N	N
proliferation	proliferate	-ion	V	N
proliferative	proliferate	-ive	V	ADJ
prolifically	prolific	-ally	ADJ	ADV
prolongation	prolong	-ation	N	N
prominence	prominent	-ence	ADJ	N
prominently	prominent	-ly	N	ADV
promiscuity	promiscuous	-ity	ADJ	N
promiscuously	promiscuous	-ly	ADJ	ADV
promisingly	promising	-ly	ADJ	ADV
promoter	promote	-er	V	N
promotional	promotion	-al	N	ADJ
promptly	prompt	-ly	ADJ	ADV
promptness	prompt	-ness	ADJ	N
promulgation	promulgate	-ion	V	N
proneness	prone	-ness	ADJ	N
pronged	prong	-ed	N	ADJ
pronoun	noun	pro-	N	N
pronounced	pronounce	-ed	V	ADJ
pronouncement	pronounce	-ment	V	N
proofing	proof	-ing	V	N
propagandist	propaganda	-ist	N	N
propagation	propagate	-ion	V	N
propagator	propagate	-or	V	N
propane	prop-	-ane	U	N
propellant	propel	-ant	V	N
propeller	propel	-er	V	N
propensity	propense	-ity	ADJ	N
propertied	property	-ed	N	ADJ
prophecy	prophet	-cy	N	N
prophetess	prophet	-ess	N	N
prophetic	prophet	-ic	N	ADJ
prophetically	prophetic	-ally	ADJ	ADV
prophetically	prophetical	-ly	ADJ	ADV
prophylactic	prophylaxis	-ic	N	ADJ
propinquity	propinquent	-ity	ADJ	N
propitiation	propitiate	-ion	V	N
proportional	proportion	-al	N	ADJ
proportionality	proportional	-ity	ADJ	N
proportionally	proportional	-ly	ADJ	ADV
proportionate	proportion	-ate	N	ADJ
proportionate	proportion	-ate	N	V
proportionately	proportionate	-ly	ADJ	ADV
proposer	propose	-er	V	N
propositional	proposition	-al	N	ADJ
proprietor	proprietary	-or	ADJ	N
proprietorial	proprietor	-ial	N	ADJ
proprietorship	proprietor	-ship	N	N
proprietress	proprietor	-ess	N	N
prosaically	prosaic	-ally	ADJ	ADV
proselytize	proselyte	-ize	N	V
prospective	prospect	-ive	N	ADJ
prospectively	prospective	-ly	ADJ	ADV
prospector	prospect	-or	N	N
prosperity	prosper	-ity	ADJ	N
prosperous	prosper	-ous	ADJ	ADJ
prostate	state	pro-	N	ADJ
prostatic	prostate	-ic	N	ADJ
prostitution	prostitute	-ion	N	N
prostration	prostrate	-ion	ADJ	N
protagonist	agonist	prot-	N	N
protean	proteus	-an	N	ADJ
protecting	protect	-ing	V	V
protectionism	protection	-ism	N	N
protectionist	protection	-ist	N	ADJ
protectively	protective	-ly	ADJ	ADV
protectiveness	protective	-ness	ADJ	N
protector	protect	-or	V	N
protectorate	protector	-ate	N	N
protestant	protest	-ant	N	ADJ
protestant	protest	-ant	N	N
protestantism	protestant	-ism	N	N
protestation	protest	-ation	N	N
protester	protest	-er	N	N
protestor	protest	-or	N	N
prototypical	prototype	-ical	N	ADJ
protract	tract	pro-	N	V
protracted	protract	-ed	V	ADJ
protractor	protract	-or	V	N
protruding	protrude	-ing	V	V
protrusion	protrude	-sion	V	N
protrusion	protrude	-ion	V	N
protuberance	protuberant	-ce	ADJ	N
proudly	proud	-ly	ADJ	ADV
provable	prove	-able	N	ADJ
proven	prove	-n	V	ADJ
proverbial	proverb	-ial	N	ADJ
proverbially	proverbial	-ly	ADJ	ADV
providence	provide	-ence	V	N
providential	providence	-ial	N	ADJ
providentially	providential	-ly	ADJ	ADV
provincialism	provincial	-ism	ADJ	N
proving	prove	-ing	V	V
proving	prove	-ing	V	N
provisional	provision	-al	N	ADJ
provisionally	provisional	-ly	ADJ	ADV
provisioning	provision	-ing	N	V
provocation	provoke	-ation	V	N
provocative	provocation	-ive	N	ADJ
provocatively	provocative	-ly	ADJ	ADV
prowess	prow	-ess	N	N
prowler	prowl	-er	N	N
proximally	proximal	-ly	ADJ	ADV
proximity	proximate	-ity	ADJ	N
prudence	prudent	-ence	ADJ	N
prudent	prude	-ent	N	ADJ
prudential	prudent	-ial	ADJ	ADJ
prudently	prudent	-ly	ADJ	ADV
prudery	prude	-ery	N	N
prudery	prude	-ry	N	N
prudish	prude	-ish	N	ADJ
pruning	prune	-ing	V	N
prurience	prurient	-ence	ADJ	N
prussian	prussia	-an	N	ADJ
prying	pry	-ing	V	ADJ
psalmist	psalm	-ist	N	N
psychiatric	psychiatry	-ic	N	ADJ
psychiatrist	psychiatry	-ist	N	N
psychically	psychic	-ally	N	ADV
psychoanalysis	analysis	psycho-	N	N
psychoanalyst	analyst	psycho-	N	N
psychoanalytic	analytic	psycho-	ADJ	ADJ
psychoanalytic	psychoanalysis	-ic	N	ADJ
psychoanalytical	analytical	psycho-	ADJ	ADJ
psychodynamic	dynamic	psycho-	ADJ	ADJ
psychogeriatric	geriatric	psycho-	ADJ	ADJ
psycholinguistic	linguistic	psycho-	ADJ	ADJ
psychologically	psychological	-ly	ADJ	ADV
psychometric	psychometry	-ic	N	ADJ
psychopathic	psychopathy	-ic	N	ADJ
psychopathic	psychopath	-ic	N	ADJ
psychopathology	pathology	psycho-	N	N
psychopathology	psychopathy	-ology	N	N
psychosexual	sexual	psycho-	ADJ	ADJ
psychosocial	social	psycho-	ADJ	ADJ
psychosomatic	somatic	psycho-	ADJ	ADJ
psychotherapeutic	therapeutic	psycho-	ADJ	ADJ
psychotherapist	therapist	psycho-	N	N
psychotherapist	psychotherapy	-ist	N	N
psychotherapy	therapy	psycho-	N	N
psychotic	psychosis	-otic	N	ADJ
psychotic	psycho	-ic	N	ADJ
ptolemaic	ptolemy	-ic	N	ADJ
pubic	pubis	-ic	N	ADJ
publican	public	-an	ADJ	N
publicise	public	-ise	ADJ	V
publicist	public	-ist	ADJ	N
publicize	public	-ize	ADJ	V
publishable	publish	-able	V	ADJ
puckish	puck	-ish	N	ADJ
pudgy	pudge	-y	N	ADJ
puffed	puff	-ed	V	V
puffer	puff	-er	V	N
puffing	puff	-ing	N	V
puffy	puff	-y	V	ADJ
pugilist	pugilism	-ist	N	N
pugilistic	pugilist	-ic	N	ADJ
pugnaciously	pugnacious	-ly	ADJ	ADV
puller	pull	-er	V	N
pulling	pull	-ing	N	V
pulling	pull	-ing	N	N
pulpy	pulp	-y	N	ADJ
pulsatance	pulsate	-ance	V	N
pulsate	pulse	-ate	N	V
pulsation	pulsate	-ion	V	N
pulsed	pulse	-ed	V	V
pulsing	pulse	-ing	V	V
puncher	punch	-er	V	N
punching	punch	-ing	N	V
punchy	punch	-y	N	ADJ
punctilious	punctilio	-ous	N	ADJ
punctuality	punctual	-ity	ADJ	N
punctually	punctual	-ly	ADJ	ADV
punctuation	punctuate	-ion	V	N
pungency	pungent	-cy	ADJ	N
punishable	punish	-able	V	ADJ
punisher	punish	-er	V	N
punishing	punish	-ing	V	ADJ
punitively	punitive	-ly	ADJ	ADV
punjabi	punjab	-i	N	ADJ
punky	punk	-y	U	ADJ
punter	punt	-er	V	N
pupal	pupa	-al	N	ADJ
puppeteer	puppet	-eer	N	N
puppetry	puppet	-ry	N	N
puppy	pup	-y	N	N
purgative	purge	-ative	N	ADJ
purification	purify	-ification	V	N
purify	pure	-ify	ADJ	V
purist	pure	-ist	ADJ	N
puritan	purity	-an	N	N
puritanical	puritanic	-al	ADJ	ADJ
puritanical	puritan	-ical	N	N
puritanism	puritan	-ism	N	N
purity	pure	-ity	N	N
purplish	purple	-ish	ADJ	ADJ
purported	purport	-ed	V	ADJ
purportedly	purported	-ly	ADJ	ADV
purposeful	purpose	-ful	N	ADJ
purposefully	purposeful	-ly	ADJ	ADV
purposefulness	purposeful	-ness	ADJ	N
purposeless	purpose	-less	N	ADJ
purposely	purpose	-ly	N	ADV
purposive	purpose	-ive	N	ADJ
purser	purse	-er	N	N
pursuance	pursue	-ance	V	N
pursuer	pursue	-er	V	N
purveyor	purvey	-or	V	N
pusher	push	-er	N	N
pushy	push	-y	N	ADJ
pussy	puss	-y	N	N
pussy	pus	-y	N	ADJ
pussy	puss	-y	N	ADJ
putatively	putative	-ly	ADJ	ADV
putrefaction	putrefy	-tion	V	N
putter	put	-er	V	N
putter	putt	-er	N	N
putting	put	-ing	V	V
putting	putt	-ing	N	V
puzzled	puzzle	-ed	N	ADJ
puzzlement	puzzle	-ment	N	N
puzzler	puzzle	-er	N	N
puzzling	puzzle	-ing	N	V
pyjamas	pyjama	-s	ADJ	N
pyloric	pylorus	-ic	N	ADJ
pyramidal	pyramid	-al	N	ADJ
pyrenean	pyrenees	-ean	N	ADJ
pyrotechnic	technic	pyro-	N	ADJ
pyrotechnic	pyrotechny	-ic	N	ADJ
quackery	quack	-ery	N	N
quadripartite	partite	quadri-	ADJ	ADJ
quaintly	quaint	-ly	ADJ	ADV
quaintness	quaint	-ness	ADJ	N
quaker	quake	-er	V	N
quaking	quake	-ing	N	ADJ
qualifier	qualify	-er	V	N
qualitative	quality	-ative	N	ADJ
qualitatively	qualitative	-ly	ADJ	ADV
quantifiable	quantify	-able	V	ADJ
quantification	quantify	-ification	V	N
quantify	quantity	-fy	N	V
quantify	quantity	-ify	N	V
quantitative	quantity	-ative	N	ADJ
quantitatively	quantitative	-ly	ADJ	ADV
quarrelsome	quarrel	-some	N	ADJ
quarried	quarry	-ed	N	ADJ
quarrying	quarry	-ing	N	V
quarryman	quarry	-man	N	N
quarterly	quarter	-ly	V	ADJ
quartzite	quartz	-ite	N	N
quaver	quave	-er	V	N
quayside	quay	-side	N	N
queasiness	queasy	-ness	ADJ	N
queenie	queen	-ie	N	N
queerly	queer	-ly	ADJ	ADV
querulously	querulous	-ly	ADJ	ADV
questionable	question	-able	N	ADJ
questioner	question	-er	N	N
questioning	question	-ing	N	N
questioningly	questioning	-ly	ADJ	ADV
quibble	quib	-le	N	N
quicken	quick	-en	ADJ	V
quickie	quick	-ie	ADJ	N
quickness	quick	-ness	ADJ	N
quiescence	quiescent	-ence	ADJ	N
quieten	quiet	-en	ADJ	V
quietness	quiet	-ness	ADJ	N
quilted	quilt	-ed	N	ADJ
quintessential	quintessence	-al	N	ADJ
quintessential	quintessence	-ial	N	ADJ
quintessentially	quintessential	-ly	ADJ	ADV
quirky	quirk	-y	N	ADJ
quitter	quit	-er	V	N
quixotic	quixote	-ic	N	ADJ
quizzical	quiz	-ical	N	ADJ
quizzically	quizzical	-ly	ADJ	ADV
quotable	quote	-able	N	ADJ
quotation	quote	-ation	N	N
rabbinic	rabbi	-ic	N	ADJ
rabbinical	rabbi	-ical	N	ADJ
rabbinical	rabbinic	-al	ADJ	ADJ
rabidly	rabid	-ly	ADJ	ADV
racecourse	course	race-	N	N
racehorse	horse	race-	N	N
racer	race	-er	N	N
racialism	racial	-ism	ADJ	N
racialist	racial	-ist	ADJ	N
racially	racial	-ly	ADJ	ADV
racing	race	-ing	N	N
racist	race	-ist	N	N
racketeer	racket	-eer	N	N
racketeering	racketeer	-ing	N	N
racking	rack	-ing	N	N
racy	race	-y	N	ADJ
radial	radius	-al	N	ADJ
radially	radial	-ly	ADJ	ADV
radiance	radiant	-ce	ADJ	N
radiant	radiate	-ant	V	ADJ
radiantly	radiant	-ly	ADJ	ADV
radiator	radiate	-or	ADJ	N
radicalism	radical	-ism	N	N
radicalize	radical	-ize	N	V
radically	radical	-ly	N	ADV
radioactive	active	radio-	N	ADJ
radioactively	radioactive	-ly	ADJ	ADV
radioactivity	radioactive	-ity	ADJ	U
radioactivity	activity	radio-	N	N
radioactivity	radioactive	-ity	ADJ	N
radiocarbon	carbon	radio-	N	N
radiographer	radiography	-er	N	N
radiography	radiograph	-y	N	N
radioimmunoassay	immunoassay	radio-	N	N
radiological	radiology	-ical	N	ADJ
radiologist	radiology	-ist	N	N
radiometric	radiometry	-ic	N	ADJ
radionuclide	nuclideradionuclide	radio-	U	U
radionuclide	nuclide	radio-	N	N
radiotherapy	therapy	radio-	N	N
radon	radium	-on	N	N
raffish	raff	-ish	N	ADJ
rafter	raft	-er	N	N
rafting	raft	-ing	N	V
ragged	rag	-ed	N	ADJ
raggedly	ragged	-ly	ADJ	ADV
raider	raid	-er	N	N
railhead	rail	-head	N	N
railing	rail	-ing	N	N
railwayman	railway	-man	N	N
rainer	rain	-er	N	N
rainwater	rain	-water	N	N
rainy	rain	-y	N	ADJ
raiser	raise	-er	V	N
raising	raise	-ing	V	V
rakish	rake	-ish	N	ADJ
ramble	roam	-le	V	N
rambler	ramble	-er	N	N
rambling	ramble	-ing	N	ADJ
ramekin	ream	-kin	N	N
ramification	ramify	-ification	V	N
rancher	ranch	-er	N	N
rancorous	rancor	-ous	N	ADJ
randomise	random	-ise	ADJ	V
randomize	random	-ize	ADJ	V
randomly	random	-ly	ADJ	ADV
randomness	random	-ness	ADJ	N
ranger	range	-er	N	N
rangy	range	-y	N	ADJ
ranker	rank	-er	N	ADJ
ranker	rank	-er	N	N
ranking	rank	-ing	N	N
ranting	rant	-ing	V	V
ranting	rant	-ing	V	N
rapacity	rapacious	-ity	ADJ	N
raper	rape	-er	N	N
rapidity	rapid	-ity	ADJ	N
rapist	rape	-ist	N	N
rapper	rap	-er	N	N
rapturous	rapture	-ous	N	ADJ
rapturously	rapturous	-ly	ADJ	ADV
rarefied	rarefy	-ed	V	ADJ
rarefy	rare	-fy	ADJ	V
rarity	rare	-ity	ADJ	N
rascally	rascal	-y	N	ADJ
rascally	rascal	-ly	N	ADJ
rasher	rash	-er	ADJ	ADJ
rashly	rash	-ly	N	ADV
rashness	rash	-ness	N	N
rasping	rasp	-ing	N	ADJ
rastafarian	rastafari	-an	N	N
rateable	rate	-able	N	ADJ
ratification	ratify	-ification	V	N
rationalisation	rationalize	-ation	V	N
rationalise	rational	-ise	ADJ	V
rationalism	rational	-ism	ADJ	N
rationalist	rational	-ist	ADJ	N
rationalistic	rationalist	-ic	N	ADJ
rationality	rational	-ity	ADJ	N
rationalization	rationalize	-ation	V	N
rationalize	rational	-ize	ADJ	V
rationally	rational	-ly	ADJ	ADV
rationing	ration	-ing	N	V
rattler	rattle	-er	V	N
ratty	rat	-y	N	ADJ
raucously	raucous	-ly	ADJ	ADV
ravening	raven	-ing	N	ADJ
ravenous	raven	-ous	N	ADJ
ravenously	ravenous	-ly	ADJ	ADV
raver	rave	-er	N	N
ravishing	ravish	-ing	V	ADJ
rawlinson	ralph	-son	N	N
rawness	raw	-ness	ADJ	N
rawson	ralph	-son	N	N
reabsorb	absorb	re-	V	V
reachable	reach	-able	V	ADJ
reactant	react	-ant	V	N
reactionary	reaction	-ary	N	ADJ
reactivate	activate	re-	V	V
reactivation	activation	re-	N	N
reactivation	reactivate	-ion	V	N
reactive	react	-ive	V	ADJ
reactivity	reactive	-ity	ADJ	N
reactor	react	-or	V	N
readability	readable	-ity	ADJ	N
readability	read	-ability	N	N
readable	read	-able	V	ADJ
readdress	address	re-	N	V
readership	reader	-ship	N	N
readiness	ready	-ness	ADJ	N
readjust	adjust	re-	N	V
readjustment	adjustment	re-	N	N
readjustment	readjust	-ment	V	N
readmission	admission	re-	N	N
readmit	admit	re-	V	V
reaffirm	affirm	re-	V	V
reaffirmation	affirmation	re-	N	N
realign	align	re-	V	V
realignment	alignment	re-	N	N
realisable	realise	-able	V	ADJ
realisation	realise	-ation	V	N
realism	real	-ism	N	N
realist	real	-ist	N	N
realistically	realistic	-ally	ADJ	ADV
realizable	realize	-able	V	ADJ
realization	realize	-ation	V	N
reallocate	allocate	re-	V	V
reallocation	allocation	re-	N	N
reanalysis	analysis	re-	N	N
reanimate	animate	re-	ADJ	ADJ
reanimate	animate	re-	ADJ	V
reaper	reap	-er	V	N
reappear	appear	re-	V	V
reappearance	appearance	re-	N	N
reappearance	reappear	-ance	V	N
reapply	apply	re-	V	V
reappoint	appoint	re-	V	V
reappointment	appointment	re-	N	N
reappointment	reappoint	-ment	V	N
reappraisal	appraisal	re-	N	N
reappraisal	reappraise	-al	V	N
reappraise	appraise	re-	V	V
rearm	arm	re-	V	V
rearmament	rearm	-ment	V	N
rearrange	arrange	re-	V	V
rearrangement	arrangement	re-	N	N
rearrangement	rearrange	-ment	V	N
rearrest	arrest	re-	N	V
reasonableness	reasonable	-ness	ADJ	N
reasoning	reason	-ing	N	N
reassemble	assemble	re-	V	V
reassembly	assembly	re-	N	N
reassert	assert	re-	V	V
reassertion	assertion	re-	N	N
reassertion	reassert	-ion	V	N
reassess	assess	re-	V	V
reassessment	assessment	re-	N	N
reassessment	reassess	-ment	V	N
reassign	assign	re-	V	V
reassume	assume	re-	V	V
reassurance	reassure	-ance	V	N
reassurance	assurance	re-	N	N
reassure	assure	re-	V	V
reassuringly	reassuring	-ly	V	ADV
reawaken	awaken	re-	V	V
rebellious	rebel	-ious	ADJ	ADJ
rebellious	rebellion	-ous	N	ADJ
rebelliousness	rebellious	-ness	ADJ	N
rebirth	birth	re-	N	N
reboot	boot	re-	N	N
reborn	born	re-	ADJ	ADJ
rebound	bound	re-	ADJ	N
rebuff	buff	re-	N	V
rebuke	bush	re-	N	N
rebury	bury	re-	V	V
rebuttal	rebut	-al	V	N
recalcitrance	recalcitrant	-ce	ADJ	N
recalculate	calculate	re-	V	V
recalculation	calculation	re-	N	N
recalculation	recalculate	-ion	V	N
recantation	recant	-ation	V	N
recap	cap	re-	N	V
recapitulation	recapitulate	-ion	V	N
recapture	capture	re-	N	N
recapture	capture	re-	N	V
recast	cast	re-	ADJ	V
receding	recede	-ing	V	V
receivable	receive	-able	V	ADJ
receivership	receiver	-ship	N	N
receptionist	reception	-ist	N	N
receptive	reception	-ive	N	ADJ
receptiveness	receptive	-ness	ADJ	N
receptivity	receptive	-ity	ADJ	N
recessed	recess	-ed	N	ADJ
recessionary	recession	-ary	N	ADJ
recessive	recess	-ive	V	ADJ
recharge	chargier	re-	V	V
recharge	charge	re-	V	V
rechargeable	recharge	-able	V	ADJ
recheck	check	re-	N	V
rechristen	christen	re-	V	V
recidivist	recidivism	-ist	N	N
reciprocally	reciprocal	-ly	ADJ	ADV
reciprocate	reciprocal	-ate	ADJ	V
reciprocating	reciprocate	-ing	V	ADJ
reciprocation	reciprocate	-ion	V	N
reciprocity	reciprocal	-ity	ADJ	N
recirculate	circulate	re-	V	V
recirculation	recirculate	-ion	V	N
recital	recite	-al	V	N
recitation	recite	-ation	V	N
reckless	reck	-less	V	ADJ
recklessly	reckless	-ly	ADJ	ADV
recklessness	reckless	-ness	ADJ	N
reckoning	reckon	-ing	V	V
reckoning	reckon	-ing	V	N
reclamation	reclaim	-tion	N	N
reclassification	classification	re-	N	N
reclassification	reclassify	-ification	V	N
reclassify	classify	re-	V	V
reclining	recline	-ing	V	ADJ
reclusive	recluse	-ive	N	ADJ
recognisable	recognise	-able	V	ADJ
recognizable	recognize	-able	V	ADJ
recognizably	recognizable	-ly	ADJ	ADV
recoil	coil	re-	N	N
recollect	collect	re-	U	V
recollect	collect	re-	V	V
recollection	collection	re-	N	N
recollection	recollect	-ion	V	N
recombinant	recombine	-ant	V	N
recombination	combination	re-	N	N
recombination	recombine	-ation	V	N
recombine	combine	re-	N	V
recommended	recommend	-ed	V	V
reconcilable	reconcile	-able	V	ADJ
recondition	condition	re-	V	V
reconfigure	configure	re-	V	V
reconfirm	confirm	re-	V	V
reconnect	connect	re-	V	V
reconquer	conquer	re-	V	V
reconsider	consider	re-	V	V
reconsideration	reconsider	-ation	V	N
reconsideration	consideration	re-	N	N
reconstitute	constitute	re-	V	V
reconstitution	constitution	re-	N	N
reconstitution	reconstitute	-tion	V	N
reconstruct	construct	re-	N	V
reconstruction	construction	re-	N	N
reconstruction	reconstruct	-ion	V	N
reconvene	convene	re-	V	V
reconvert	convert	re-	V	V
recorder	record	-er	N	N
recordist	record	-ist	N	N
recount	count	re-	V	N
recount	count	re-	V	V
recoverability	recover	-ability	V	N
recoverability	recoverable	-ity	ADJ	N
recoverable	recover	-able	V	ADJ
recreate	create	re-	V	U
recreate	create	re-	V	V
recreation	creation	re-	N	U
recreational	recreation	-al	N	ADJ
recrimination	recriminate	-ion	V	N
recross	cross	re-	N	N
recruiter	recruit	-er	N	N
rectal	rectum	-al	N	ADJ
rectangular	rectangle	-ar	N	ADJ
rectification	rectify	-ification	V	N
rectory	rector	-y	N	N
recuperation	recuperate	-ion	V	N
recurrence	recurrent	-ence	ADJ	N
recurrent	recur	-ent	V	ADJ
recurrently	recurrent	-ly	N	ADV
recursive	recurs	-ive	V	ADJ
recursively	recursive	-ly	ADJ	ADV
recyclable	recycle	-able	V	ADJ
recycle	cycle	re-	N	V
recycler	recycle	-er	V	N
recycling	recycle	-ing	V	N
redden	red	-en	N	V
reddish	red	-ish	N	ADJ
reddy	red	-y	N	ADJ
redecorate	decorate	re-	V	V
redecoration	decoration	re-	N	N
redecoration	redecorate	-ion	V	N
redeemable	redeem	-able	V	ADJ
redeemer	redeem	-er	V	N
redeeming	redeem	-ing	V	ADJ
redefine	define	re-	V	V
redefinition	definition	re-	N	N
redefinition	redefine	-ition	V	N
redefinition	redefine	-tion	V	N
redemptive	redemption	-ive	N	ADJ
redeploy	deploy	re-	V	V
redeployment	deployment	re-	N	N
redeployment	redeploy	-ment	V	N
redeposit	deposit	re-	N	V
redesign	design	re-	N	N
redesign	design	re-	N	V
redesignate	designate	re-	ADJ	V
redevelop	develop	re-	V	V
redevelopment	development	re-	N	N
redevelopment	redevelop	-ment	V	N
redhead	red	-head	N	N
redirect	direct	re-	V	V
redirection	direction	re-	N	N
redirection	redirect	-ion	V	N
rediscover	discover	re-	V	V
rediscovery	discovery	re-	N	N
rediscovery	rediscover	-y	V	N
redistribute	distribute	re-	V	V
redistribution	distribution	re-	N	N
redistribution	redistribute	-ion	V	N
redistributive	distributive	re-	ADJ	ADJ
redistributive	redistribute	-ive	V	ADJ
redness	red	-ness	N	N
redo	do	re-	N	V
redouble	double	re-	N	V
redouble	double	re-	N	N
redoubt	doubt	re-	N	U
redoubt	doubt	re-	N	N
redoubtable	redoubt	-able	V	ADJ
redraft	draft	re-	N	V
redraw	draw	re-	V	V
redress	dress	re-	V	V
reducible	reduce	-ible	V	ADJ
reductionism	reduction	-ism	N	N
reductionist	reduction	-ist	N	ADJ
reductive	reduction	-ive	N	ADJ
reductivist	reductive	-ist	ADJ	N
reedy	reed	-y	N	ADJ
reefer	reef	-er	N	N
reelection	election	re-	N	N
reelection	reelect	-ion	V	N
reenter	enter	re-	N	V
reestablish	establish	re-	V	V
reevaluate	evaluate	re-	V	V
reexamine	examine	re-	V	V
refashion	fashion	re-	V	V
referable	refer	-able	V	ADJ
referee	refer	-ee	V	N
referent	refer	-ent	V	N
referential	reference	-ial	N	ADJ
referential	referent	-ial	N	ADJ
referral	refer	-al	V	N
refill	fill	re-	N	N
refill	fill	re-	N	V
refillable	refill	-able	N	ADJ
refinance	finance	re-	V	V
refine	fine	re-	ADJ	V
refined	refine	-ed	V	ADJ
refinement	refine	-ment	V	N
refiner	refine	-er	V	N
refinery	refine	-ery	V	N
refinery	refiner	-y	N	N
refining	refine	-ing	V	N
refit	fit	re-	V	N
refit	fit	re-	V	V
refitting	refit	-ing	V	V
refix	fix	re-	V	V
reflation	reflate	-ion	V	N
reflectance	reflect	-ance	V	N
reflective	reflect	-ive	V	ADJ
reflectively	reflective	-ly	ADJ	ADV
reflectivity	reflective	-ity	ADJ	N
reflector	reflect	-or	V	N
reflexive	reflex	-ive	N	ADJ
reflexively	reflexive	-ly	ADJ	ADV
reflexivity	reflexive	-ity	ADJ	N
reflexology	reflex	-ology	N	N
refloat	float	re-	V	V
refocus	focus	re-	N	V
refold	fold	re-	V	V
reformation	reform	-ation	N	N
reformer	reform	-er	N	N
reformism	reform	-ism	N	N
reformist	reform	-ist	N	ADJ
reformulate	formulate	re-	V	V
reformulation	formulation	re-	N	N
refound	found	re-	V	V
refraction	refract	-ion	V	N
refractive	refract	-ive	V	ADJ
refractory	refractor	-y	N	ADJ
refresh	fresh	re-	ADJ	V
refresher	refresh	-er	V	N
refreshing	refresh	-ing	V	ADJ
refreshingly	refreshing	-ly	ADJ	ADV
refreshment	refresh	-ment	V	N
refrigerant	refrigerate	-ant	V	N
refrigeration	refrigerate	-tion	V	N
refrigeration	refrigerate	-ion	V	N
refuel	fuel	re-	N	V
refundable	refund	-able	V	ADJ
refurbish	furbish	re-	V	V
refurbishment	refurbish	-ment	V	N
refurnish	furnish	re-	N	V
refusenik	refuse	-nik	ADJ	N
refutation	refute	-ation	V	N
regain	gain	re-	V	V
regally	regal	-ly	ADJ	ADV
regenerate	generate	re-	V	V
regenerated	regenerate	-ed	V	V
regeneration	generation	re-	N	N
regeneration	regenerate	-ion	V	N
regenerative	regenerate	-ive	V	ADJ
reggie	reg	-ie	N	N
regimen	regime	-n	N	N
regimental	regiment	-al	N	ADJ
regimentation	regiment	-ation	N	N
regionalism	regional	-ism	ADJ	N
regionally	regional	-ly	ADJ	ADV
registry	register	-y	N	N
regrade	grade	re-	N	V
regression	regress	-ion	N	N
regressive	regress	-ive	N	ADJ
regretful	regret	-ful	N	ADJ
regretfully	regretful	-ly	ADJ	ADV
regrettable	regret	-able	N	ADJ
regrettably	regrettable	-ly	ADJ	ADV
regroup	group	re-	N	V
regrow	grow	re-	V	V
regrowth	growth	re-	N	N
regularise	regular	-ise	ADJ	V
regularity	regular	-ity	ADJ	N
regularize	regular	-ize	ADJ	V
regulative	regulate	-ive	V	ADJ
regulative	regulation	-ive	N	ADJ
regulator	regulate	-or	V	N
regurgitation	regurgitate	-tion	V	N
regurgitation	regurgitate	-ion	V	N
rehabilitation	rehabilitate	-ion	V	N
rehabilitative	rehabilitate	-ive	V	ADJ
rehash	hash	re-	N	V
rehearsal	rehearse	-al	V	N
reheat	heat	re-	N	N
reheat	heat	re-	N	V
rehire	hire	re-	N	V
rehouse	house	re-	N	V
rehydrate	hydrate	re-	N	V
rehydration	hydration	re-	N	N
reification	reify	-ification	V	N
reimburse	imburse	re-	V	V
reimbursement	reimburse	-ment	V	N
reimpose	impose	re-	V	V
reimposition	imposition	re-	N	N
reincarnate	incarnate	re-	ADJ	V
reincarnation	reincarnate	-ion	V	N
reincarnation	incarnation	re-	N	N
reincorporate	incorporate	re-	V	V
reinforced	reinforce	-ed	V	V
reinforcement	reinforce	-ment	V	N
reinforcer	reinforce	-er	V	N
reinsert	insert	re-	N	V
reinstate	instate	re-	V	V
reinstatement	reinstate	-ment	V	N
reinsurance	insurance	re-	N	N
reinsurance	reinsure	-ance	V	N
reintegrate	integrate	re-	V	V
reintegration	integration	re-	N	N
reintegration	reintegrate	-ion	V	N
reinterpret	interpret	re-	V	V
reinterpretation	interpretation	re-	N	N
reinterpretation	reinterpret	-ation	V	N
reintroduce	introduce	re-	V	V
reintroduction	introduction	re-	N	N
reintroduction	reintroduce	-ion	V	N
reintroduction	reintroduce	-tion	V	N
reinvent	invent	re-	V	V
reinvest	invest	re-	V	V
reinvestment	investment	re-	N	N
reinvestment	reinvest	-ment	V	N
reinvigorate	invigorate	re-	V	V
reissue	issue	re-	N	V
reiterate	iterate	re-	N	V
reiteration	iteration	re-	N	N
reiteration	reiterate	-ion	V	N
rejig	jig	re-	N	V
rejoin	join	re-	N	V
rejuvenation	rejuvenate	-ion	V	N
rekindle	kindle	re-	V	V
relabel	label	re-	N	V
relapse	lapse	re-	N	V
relatedness	related	-ness	ADJ	N
relational	relation	-al	N	ADJ
relativism	relative	-ism	N	N
relativist	relative	-ist	ADJ	N
relativistic	relativist	-ic	N	ADJ
relativity	relative	-ity	N	N
relaunch	launch	re-	N	V
relaxation	relax	-ation	V	N
relaxing	relax	-ing	V	ADJ
relay	lay	re-	V	V
relearn	learn	re-	V	V
relegated	relegate	-ed	V	V
relegation	relegate	-ion	V	N
relentless	relent	-less	N	ADJ
relentlessly	relentless	-ly	ADJ	ADV
relevancy	relevant	-ancy	ADJ	N
relevantly	relevant	-ly	ADJ	ADV
reliably	reliable	-ly	ADJ	ADV
reliance	rely	-ance	V	N
reliance	reliant	-ce	ADJ	N
reliant	rely	-ant	V	ADJ
relieved	relieve	-ed	V	ADJ
relieving	relieve	-ing	V	V
relight	light	re-	N	V
religiosity	religious	-ity	ADJ	N
religiously	religious	-ly	ADJ	ADV
relive	live	re-	V	V
reload	load	re-	V	V
relocate	locate	re-	V	V
relocation	location	re-	N	N
relocation	relocate	-ion	V	N
reluctance	reluct	-ance	V	N
reluctantly	reluctant	-ly	ADJ	ADV
remake	make	re-	V	V
remarriage	marriage	re-	N	N
remarriage	remarry	-age	V	N
remarry	marry	re-	V	V
rematch	match	re-	N	N
remediable	remedy	-able	N	ADJ
remedial	remedy	-al	N	ADJ
remediation	remediate	-ion	V	N
remembrance	remember	-ance	V	N
reminiscence	reminisce	-ence	V	N
reminiscence	reminiscent	-ence	ADJ	N
reminiscently	reminiscent	-ly	ADJ	ADV
remission	mission	re-	N	N
remittance	remit	-ance	V	N
remix	mix	re-	N	N
remodel	model	re-	N	V
remonstrance	remonstrate	-ance	V	N
remorseful	remorse	-ful	N	ADJ
remorseless	remorse	-less	N	ADJ
remorselessly	remorseless	-ly	ADJ	ADV
remortgage	mortgage	re-	N	V
remotely	remote	-ly	ADJ	ADV
remoteness	remote	-ness	ADJ	N
remould	mould	re-	N	V
remount	mount	re-	N	V
removable	remove	-able	V	ADJ
remover	remove	-er	V	N
remuneration	remunerate	-tion	V	N
remuneration	remunerate	-ion	V	N
remunerative	remunerate	-ive	V	ADJ
renal	ren	-al	N	ADJ
rename	name	re-	N	V
renationalise	nationalise	re-	V	V
rendering	render	-ing	V	N
renegotiate	negotiate	re-	V	V
renegotiation	negotiation	re-	N	N
renegotiation	renegotiate	-ion	V	N
renew	new	re-	ADJ	V
renewable	renew	-able	V	ADJ
renewal	renew	-al	V	N
renfrewshire	renfrew	-shire	N	N
renovation	renovate	-ion	V	N
renowned	renown	-ed	N	ADJ
rental	rent	-al	V	N
renting	rent	-ing	N	V
renumber	number	re-	N	V
reoccupy	occupy	re-	V	V
reoccur	occur	re-	V	V
reopen	open	re-	ADJ	V
reorder	order	re-	N	V
reorganisation	organisation	re-	N	N
reorganisation	reorganise	-ation	V	N
reorganise	organise	re-	V	V
reorganization	organization	re-	N	N
reorganization	reorganize	-ation	V	N
reorganize	organize	re-	V	V
reorientate	orientate	re-	V	V
reorientation	orientation	re-	N	N
reorientation	reorient	-ation	V	N
repack	pack	re-	N	V
repackage	package	re-	N	V
repaint	paint	re-	N	V
repairer	repair	-er	V	N
repairman	repair	-man	V	N
reparation	repair	-ation	N	N
repatriation	repatriate	-ion	V	N
repayable	repay	-able	V	ADJ
repayment	payment	re-	N	N
repayment	repay	-ment	V	N
repeatable	repeat	-able	V	ADJ
repeated	repeat	-ed	V	ADJ
repeater	repeat	-er	V	N
repellent	repel	-ent	V	ADJ
repellent	repel	-ent	V	N
repentance	repent	-ance	V	N
repentant	repent	-ant	V	ADJ
repetition	petition	re-	N	N
repetitious	repetition	-ous	N	ADJ
repetitive	repetition	-ive	N	ADJ
repetitively	repetitive	-ly	ADJ	ADV
repetitiveness	repetitive	-ness	ADJ	N
rephrase	phrase	re-	N	V
replaceable	replace	-able	V	ADJ
replan	plan	re-	N	V
replant	plant	re-	N	V
replay	play	re-	V	V
replenishment	replenish	-ment	V	N
replicable	replica	-able	N	ADJ
replication	replicate	-ion	V	N
replicator	replicate	-or	V	N
repoint	point	re-	N	V
repopulate	populate	re-	V	V
repose	pose	re-	N	V
reposition	position	re-	N	V
repossess	possess	re-	V	V
repossession	possession	re-	N	N
repot	pot	re-	N	V
reprehensible	reprehend	-ible	V	ADJ
representational	representation	-al	N	ADJ
representativeness	representative	-ness	ADJ	N
repress	press	re-	N	V
repressed	repress	-ed	V	V
repressed	pressed	re-	V	V
repression	repress	-ion	V	N
repressive	repress	-ive	V	ADJ
repressively	repressive	-ly	ADJ	ADV
reprint	print	re-	V	N
reprint	print	re-	V	V
reprisal	reprise	-al	N	N
reproachful	reproach	-ful	N	ADJ
reproachfully	reproachful	-ly	ADJ	ADV
reprocess	process	re-	N	V
reproducibility	reproducible	-ity	ADJ	N
reproducible	reproduce	-ible	V	ADJ
reproduction	production	re-	N	N
reproduction	reproduce	-ion	V	N
reproduction	reproduce	-tion	V	N
reprogram	program	re-	N	V
reproof	proof	re-	V	U
reproof	proof	re-	V	N
reprove	prove	re-	V	U
reprovingly	reproving	-ly	V	ADV
reptilian	reptile	-ian	N	ADJ
repton	reptation	-on	N	N
republicanism	republican	-ism	ADJ	N
republish	publish	re-	V	V
repudiation	repudiate	-ion	V	N
repugnance	repugnant	-ce	ADJ	N
repulsion	repulse	-ion	V	N
repulsive	repulse	-ive	V	ADJ
repulsive	repulsion	-ive	N	ADJ
repurchase	purchase	re-	N	V
reputable	repute	-able	N	ADJ
reputed	repute	-ed	N	ADJ
reputedly	reputed	-ly	ADJ	ADV
requisition	requisite	-ion	ADJ	N
reread	read	re-	N	V
rerun	run	re-	N	N
resale	sale	re-	N	N
reschedule	schedule	re-	N	V
rescuer	rescue	-er	N	N
reseal	seal	re-	V	V
resection	resect	-ion	V	N
reseed	seed	re-	N	V
resell	sell	re-	V	V
reseller	resell	-er	V	N
reseller	seller	re-	N	N
resemblance	resemble	-ance	V	N
resemblance	semblance	re-	N	N
resentful	resent	-ful	V	ADJ
resentfully	resentful	-ly	ADJ	ADV
reservist	reserve	-ist	N	N
reset	set	re-	ADJ	V
resettle	settle	re-	V	V
resettlement	settlement	re-	N	N
resettlement	resettle	-ment	V	N
reshape	shape	re-	N	V
reshuffle	shuffle	re-	N	V
residency	resident	-cy	N	N
residual	residue	-al	N	N
residuary	residue	-ary	N	N
resigned	resign	-ed	V	ADJ
resignedly	resigned	-ly	ADJ	ADV
resilience	resilient	-ence	ADJ	N
resinous	resin	-ous	N	ADJ
resistant	resist	-ant	V	ADJ
resister	resist	-er	V	N
resistible	resist	-ible	V	ADJ
resistivity	resistive	-ity	ADJ	N
resistor	resist	-or	V	N
resit	sit	re-	V	V
resolutely	resolute	-ly	ADJ	ADV
resolvable	resolve	-able	V	ADJ
resolved	resolve	-ed	N	V
resonance	resonate	-ance	V	N
resonant	resonance	-ant	N	ADJ
resonator	resonate	-or	V	N
resound	sound	re-	N	V
resounding	resound	-ing	V	N
resounding	resound	-ing	V	V
resounding	resound	-ing	V	ADJ
resoundingly	resounding	-ly	ADJ	ADV
resourceful	resource	-ful	V	ADJ
resourcefulness	resourceful	-ness	ADJ	N
resourcing	resource	-ing	N	N
respectability	respect	-ability	N	N
respectability	respectable	-ity	ADJ	N
respectable	respect	-able	N	ADJ
respectably	respectable	-ly	ADJ	ADV
respected	respect	-ed	V	ADJ
respecter	respect	-er	N	N
respectful	respect	-ful	N	ADJ
respectfully	respectful	-ly	ADJ	ADV
respective	respect	-ive	N	ADJ
respiration	respire	-ation	N	N
respirator	respirate	-or	V	N
respirator	respire	-ator	V	N
respiratory	respire	-atory	N	ADJ
respiratory	respirator	-y	N	ADJ
resplendent	resplend	-ent	V	ADJ
responder	respond	-er	V	N
responsibly	responsible	-ly	ADJ	ADV
responsive	response	-ive	N	ADJ
responsiveness	responsive	-ness	ADJ	N
restart	start	re-	N	N
restart	start	re-	N	V
restate	state	re-	N	V
restatement	statement	re-	N	N
restful	rest	-ful	N	ADJ
restitution	restitute	-ion	N	N
restiveness	restive	-ness	ADJ	N
restless	rest	-less	N	ADJ
restlessly	restless	-ly	ADJ	ADV
restlessness	restless	-ness	ADJ	N
restock	stock	re-	N	V
restorative	restoration	-ive	N	ADJ
restorer	restore	-er	V	N
restrictive	restrict	-ive	V	ADJ
restrictively	restrictive	-ly	ADJ	ADV
restructure	structure	re-	N	V
restructuring	restructure	-ing	V	N
restyle	style	re-	N	V
resubmit	submit	re-	V	V
resultant	result	-ant	N	ADJ
resurface	surface	re-	N	V
resurgence	resurge	-ence	V	N
resurgent	surgent	re-	ADJ	ADJ
resurrection	resurrect	-ion	V	N
resuscitation	resuscitate	-ion	V	N
retailer	retail	-er	N	N
retainer	retain	-er	V	N
retake	take	re-	N	V
retaliation	retaliate	-ion	V	N
retaliatory	retaliate	-ory	V	ADJ
retardation	retard	-ation	V	N
retarded	retard	-ed	N	ADJ
retell	tell	re-	V	V
retentive	retention	-ive	N	ADJ
retest	test	re-	N	N
retest	test	re-	N	V
rethink	think	re-	V	V
reticence	reticent	-ence	ADJ	N
retinal	retina	-al	N	ADJ
retinal	retina	-al	N	N
retinoic	retina	-oic	N	ADJ
retinopathy	retina	-pathy	N	N
retiral	retire	-al	V	N
retiree	retire	-ee	V	N
retiring	retire	-ing	V	ADJ
retractable	retract	-able	V	ADJ
retraction	traction	re-	N	N
retraction	retract	-ion	V	N
retrain	train	re-	N	V
retreat	treat	re-	V	V
retreat	treat	re-	V	N
retrench	trench	re-	N	V
retrenchment	retrench	-ment	V	N
retrial	trial	re-	N	N
retrial	retry	-al	V	N
retrial	retry	-ial	V	N
retributive	retribution	-ive	N	ADJ
retrievable	retrieve	-able	V	ADJ
retrieval	retrieve	-al	V	N
retriever	retrieve	-er	V	N
retroactive	active	retro-	N	ADJ
retroactively	retroactive	-ly	ADJ	ADV
retroactively	actively	retro-	ADV	ADV
retrofit	fit	retro-	ADJ	V
retrogressive	retrogression	-ive	N	ADJ
retrospection	retrospect	-ion	N	N
retrospective	retrospect	-ive	N	ADJ
retrospectively	retrospective	-ly	ADJ	ADV
retune	tune	re-	N	V
returnable	return	-able	N	ADJ
returnee	return	-ee	N	N
returner	return	-er	N	N
retype	type	re-	N	V
reunification	unification	re-	N	N
reunification	reunify	-ification	V	N
reunify	unify	re-	V	V
reunion	union	re-	N	N
reunite	unite	re-	ADJ	V
reusable	reuse	-able	V	ADJ
reuse	use	re-	V	N
revaluation	valuation	re-	N	N
revaluation	revalue	-ation	V	N
revalue	value	re-	N	V
revamp	prefix	re-	N	V
revamp	vamp	re-	N	V
revealing	reveal	-ing	N	ADJ
revealingly	revealing	-ly	ADJ	ADV
reveller	revel	-er	V	N
revelry	revel	-ry	N	N
reverberation	reverberate	-ion	V	N
reverence	reverent	-ence	ADJ	N
reverential	reverence	-ial	N	ADJ
reverentially	reverential	-ly	ADJ	ADV
reverently	reverent	-ly	ADJ	ADV
reversal	reverse	-al	N	N
reversibility	reversible	-ity	ADJ	N
reversible	reverse	-ible	N	ADJ
reversion	revert	-sion	V	N
reversionary	reversion	-ary	N	N
revie	vie	re-	V	V
reviewable	review	-able	V	ADJ
reviewer	review	-er	N	N
revision	vision	re-	N	V
revision	revise	-ion	V	N
revisionism	revision	-ism	N	N
revisionist	revision	-ist	N	ADJ
revisit	visit	re-	N	V
revitalization	revitalize	-ation	V	U
revitalization	revitalize	-ation	V	N
revitalize	vitalize	re-	V	V
revival	revive	-al	V	N
revivalism	revival	-ism	N	N
revivalist	revival	-ist	N	N
revivify	vivify	re-	V	V
revocation	revoke	-ation	V	N
revolting	revolt	-ing	N	ADJ
revolutionise	revolution	-ise	N	V
revolutionize	revolution	-ize	N	V
revolver	revolve	-er	V	N
rewarding	reward	-ing	N	ADJ
rewind	wind	re-	N	V
rewire	wire	re-	N	V
rework	work	re-	V	N
rework	work	re-	V	V
rewrite	write	re-	V	N
rhapsody	rhapsode	-y	N	N
rhenish	rhine	-ish	N	ADJ
rhetorical	rhetoric	-al	N	ADJ
rhetorically	rhetorical	-ly	ADJ	ADV
rhetorician	rhetoric	-ian	N	N
rheumatic	rheum	-atic	N	ADJ
rheumatism	rheumatic	-ism	ADJ	N
rheumy	rheum	-y	N	ADJ
rhineland	rhine	-land	N	N
rhodesia	rhodes	-ia	N	N
rhodesian	rhodesia	-an	N	ADJ
rhythmic	rhythm	-ic	N	ADJ
rhythmical	rhythmic	-al	ADJ	ADJ
rhythmically	rhythmical	-ly	ADJ	ADV
ribaldry	ribald	-ry	N	N
ribber	rib	-er	N	N
ribbing	rib	-ing	N	V
ribosomal	ribosome	-al	N	ADJ
richardson	richard	-son	N	N
richly	rich	-ly	ADJ	ADV
richness	rich	-ness	ADJ	N
rickie	rick	-ie	N	N
ricky	rick	-y	N	N
riddle	rede	-le	N	N
ridged	ridge	-ed	N	ADJ
ridiculously	ridiculous	-ly	ADJ	ADV
ridiculousness	ridiculous	-ness	ADJ	N
riding	ride	-ing	V	V
rifleman	rifle	-man	N	N
rigged	rig	-ed	N	ADJ
rigger	rig	-er	N	N
rigging	rig	-ing	N	N
rigging	rig	-ing	N	V
righteous	right	-wise	ADJ	ADJ
righteously	righteous	-ly	ADJ	ADV
righteousness	righteous	-ness	ADJ	N
rightful	right	-ful	ADJ	ADJ
rightfully	rightful	-ly	ADJ	ADV
rightist	right	-ist	ADJ	N
rightness	right	-ness	ADJ	N
righto	right	-o	ADJ	U
rightward	right	-ward	ADJ	ADJ
rightwards	right	-wards	ADJ	ADV
rigidity	rigid	-ity	ADJ	N
rigidly	rigid	-ly	ADJ	ADV
rigorous	rigor	-ous	N	ADJ
rigorously	rigorous	-ly	ADJ	ADV
riley	rile	-y	V	ADJ
rimless	rim	-less	N	ADJ
rimmer	rim	-er	N	N
ringed	ring	-ed	N	ADJ
ringer	ring	-er	N	N
ringing	ring	-ing	V	N
ringlet	ring	-let	N	N
ringo	ring	-o	N	N
ringside	ring	-side	N	ADJ
rioter	riot	-er	N	N
rioting	riot	-ing	N	N
riotous	riot	-ous	N	ADJ
riotously	riotous	-ly	ADJ	ADV
ripen	ripe	-en	N	V
ripeness	ripe	-ness	N	N
ripening	ripen	-ing	V	N
ripper	rip	-er	V	N
ripping	rip	-ing	N	V
ripple	rip	-le	N	V
risen	rise	-n	V	V
riser	rise	-er	V	N
riskiness	risky	-ness	ADJ	N
riskless	risk	-less	N	ADJ
ritualistic	ritual	-istic	N	ADJ
ritually	ritual	-ly	N	ADV
rivalry	rival	-ry	ADJ	N
riverside	river	-side	N	ADJ
roadie	road	-ie	N	N
roadside	road	-side	N	ADJ
roadwork	road	-work	N	N
roadworthy	road	-worthy	N	ADJ
roaming	roam	-ing	N	V
roasting	roast	-ing	N	V
roasting	roast	-ing	N	N
robber	rob	-er	N	N
robbery	rob	-ery	N	N
robbery	robber	-y	N	N
roberta	robert	-a	N	N
robertson	robert	-son	N	N
robins	robin	-s	N	N
robocop	cop	robo-	N	N
robotic	robot	-ic	N	ADJ
robotics	robot	-ics	N	N
robson	rob	-son	N	N
robustly	robust	-ly	ADJ	ADV
robustness	robust	-ness	ADJ	N
rocker	rock	-er	N	N
rockery	rock	-ery	N	N
rocking	rock	-ing	N	ADJ
rocky	rock	-y	N	ADJ
roddy	rod	-y	N	ADJ
roguish	rogue	-ish	N	ADJ
roller	roll	-er	N	N
rollicking	rollick	-ing	V	ADJ
romanesque	roman	-esque	N	ADJ
romanesque	roman	-esque	ADJ	ADJ
romanian	romania	-an	N	ADJ
romantically	romantic	-ally	N	ADV
romanticise	romantic	-ise	ADJ	V
romanticism	romantic	-ism	ADJ	N
romanticize	romantic	-ize	ADJ	V
romper	romp	-er	V	N
ronny	ronald	-y	N	N
roofer	roof	-er	N	N
roofing	roof	-ing	N	N
roofless	roof	-less	N	ADJ
rooker	rook	-er	N	N
rookery	rook	-ery	N	N
rookie	recruit	-ie	N	N
roomful	room	-ful	N	N
roomful	room	-ful	N	ADJ
roomy	room	-y	N	ADJ
rooster	roost	-er	N	N
rooted	root	-ed	V	ADJ
rooting	root	-ing	N	N
rootless	root	-less	N	ADJ
roped	rope	-ed	V	V
roper	rope	-er	N	N
ropey	rope	-y	N	ADJ
ropy	rope	-y	N	ADJ
roseate	rose	-ate	N	ADJ
rosen	rose	-en	N	ADJ
rosen	rose	-n	N	ADJ
rosy	rose	-y	U	ADJ
rotation	rotate	-ion	V	N
rotational	rotation	-al	N	ADJ
rotten	rot	-en	N	ADJ
rottenness	rotten	-ness	ADJ	N
rotter	rot	-er	V	N
rotting	rot	-ing	V	V
roughage	rough	-age	ADJ	N
roughen	rough	-en	ADJ	V
roughness	rough	-ness	N	N
rounded	round	-ed	ADJ	ADJ
roundel	round	-el	ADJ	N
rounders	rounder	-s	N	N
roundhead	round	-head	N	ADJ
rounding	round	-ing	ADJ	N
roundly	round	-ly	ADJ	ADV
roundness	round	-ness	ADJ	N
router	route	-er	N	N
router	rout	-er	V	N
routinely	routine	-ly	N	ADV
routing	rout	-ing	V	N
rover	rove	-er	V	N
roving	rove	-ing	V	ADJ
rowdiness	rowdy	-ness	ADJ	N
rower	row	-er	N	N
rowing	row	-ing	N	ADJ
royalist	royal	-ist	ADJ	N
royally	royal	-ly	ADJ	ADV
royalty	royal	-ty	ADJ	N
rubber	rub	-er	V	N
rubbery	rubber	-y	N	ADJ
rubbing	rub	-ing	N	N
rubbing	rub	-ing	N	V
rubbishy	rubbish	-y	N	ADJ
ruched	ruche	-ed	N	ADJ
rudderless	rudder	-less	N	ADJ
ruddock	rud	-ock	N	N
ruddy	rud	-y	N	ADJ
rudely	rude	-ly	ADJ	ADV
rudeness	rude	-ness	ADJ	N
rudimentary	rudiment	-ary	N	ADJ
rudy	rudolph	-y	N	N
rueful	rue	-ful	N	ADJ
ruefully	rueful	-ly	ADJ	ADV
rugged	rug	-ed	N	ADJ
ruggedly	rugged	-ly	ADJ	ADV
ruggedness	rugged	-ness	ADJ	N
rugger	rugby	-er	U	N
ruination	ruin	-ation	V	N
ruinous	ruin	-ous	V	ADJ
rumanian	rumania	-an	N	N
ruminant	ruminate	-ant	V	ADJ
rumination	ruminate	-ion	V	N
runic	rune	-ic	N	N
runic	rune	-ic	N	ADJ
runnel	run	-el	V	N
runny	run	-y	N	ADJ
rushing	rush	-ing	V	V
rusted	rust	-ed	N	ADJ
rustler	rustle	-er	V	N
rustling	rustle	-ing	N	V
rustling	rustle	-ing	N	N
rusty	rust	-y	N	ADJ
ruthless	ruth	-less	N	ADJ
ruthlessly	ruthless	-ly	ADJ	ADV
ruthlessness	ruthless	-ness	ADJ	N
rutted	rut	-ed	N	V
rutted	rut	-ed	N	ADJ
rutter	rut	-er	N	N
sackful	sack	-ful	N	N
sackful	sack	-ful	N	ADJ
sacking	sack	-ing	N	N
sacral	sacrum	-al	N	ADJ
sacramental	sacrament	-al	N	ADJ
sacredness	sacred	-ness	ADJ	N
sacrificial	sacrifice	-ial	N	ADJ
sacrilegious	sacrilege	-ious	N	ADJ
sadden	sad	-en	N	V
saddler	saddle	-er	N	N
saddlery	saddle	-ery	N	N
saddlery	saddle	-ry	N	N
sadist	sadism	-ist	N	N
sadistic	sadist	-ic	N	ADJ
sadness	sad	-ness	N	N
sagacious	sagacity	-ous	N	ADJ
sagacity	sagacious	-ity	ADJ	N
sagely	sage	-ly	ADJ	ADV
saggy	sag	-y	ADJ	ADJ
sailing	sail	-ing	N	ADJ
sailing	sail	-ing	N	N
sailing	sail	-ing	N	V
sailor	sail	-or	V	N
sainthood	saint	-hood	N	N
saintliness	saintly	-ness	ADJ	N
saintly	saint	-ly	N	ADJ
salaried	salary	-ed	N	ADJ
saleability	sale	-ability	N	N
saleability	saleable	-ity	ADJ	N
saleable	sale	-able	N	ADJ
salesman	sale	-man	N	N
salesmanship	salesman	-ship	N	N
saleswoman	sale	-woman	N	N
salience	salient	-ence	ADJ	N
salinity	saline	-ity	N	N
salivary	saliva	-ary	N	ADJ
salivary	saliva	-y	N	ADJ
salivate	saliva	-ate	N	V
salted	salt	-ed	N	ADJ
salter	salt	-er	N	N
saltiness	salty	-ness	ADJ	N
salty	salt	-y	N	ADJ
salutation	salute	-ation	N	N
salvage	salve	-age	V	N
salver	salve	-er	V	N
samaria	samarium	-a	N	N
samaria	samarium	-ia	N	N
sameness	same	-ness	ADV	N
samian	samos	-ian	N	ADJ
sammy	sam	-y	N	N
samoan	samoa	-an	N	N
sampler	sample	-er	N	N
sampling	sample	-ing	N	V
samuelson	samuel	-son	N	N
sanctification	sanctify	-ification	V	N
sanctimonious	sanctimony	-ous	N	ADJ
sandal	sand	-al	N	N
sandalled	sandal	-ed	N	ADJ
sander	sand	-er	N	N
sanders	sander	-s	N	N
sanderson	sander	-son	N	N
sanding	sand	-ing	N	V
sanding	sand	-ing	N	N
sanding	sander	-ing	N	N
sandy	sand	-y	N	ADJ
sanitation	sanitary	-ation	ADJ	N
sanity	sane	-ity	ADJ	N
sapling	sap	-ling	N	N
sapper	sap	-er	N	N
sappy	sap	-y	N	ADJ
sarcastic	sarcasm	-ic	N	ADJ
sarcastically	sarcastic	-ally	ADJ	ADV
sardinian	sardinia	-an	N	ADJ
sardonically	sardonic	-ally	ADJ	ADV
sarky	sarcastic	-y	ADJ	ADJ
sassy	sass	-y	N	ADJ
satanism	satan	-ism	N	N
satanism	satanic	-ism	ADJ	N
satanist	satan	-ist	N	N
satiation	satiate	-ion	V	N
satiric	satire	-ic	N	ADJ
satirical	satire	-ical	N	ADJ
satirical	satiric	-al	ADJ	ADJ
satirically	satiric	-ally	ADJ	ADV
satirically	satirical	-ly	ADJ	ADV
satirise	satire	-ise	N	V
satirist	satire	-ist	N	N
satirize	satire	-ize	N	V
satisfactorily	satisfactory	-ly	ADJ	ADV
satisfying	satisfy	-ing	V	ADJ
satisfyingly	satisfying	-ly	ADJ	ADV
saturated	saturate	-ed	V	ADJ
saturation	saturate	-ion	V	N
saturnine	saturn	-ine	N	ADJ
saucer	sauce	-er	N	N
saucy	sauce	-y	N	ADJ
savagely	savage	-ly	ADJ	ADV
savagery	savage	-ry	ADJ	N
saver	save	-er	V	N
savory	savor	-y	N	ADJ
sawn	saw	-n	N	V
sawyer	saw	-yer	N	N
saxony	saxon	-y	N	N
saxophonist	saxophone	-ist	N	N
sayer	say	-er	N	N
saying	say	-ing	N	V
scabby	scab	-y	N	ADJ
scaffolding	scaffold	-ing	N	N
scalable	scale	-able	N	ADJ
scalding	scald	-ing	V	ADJ
scaled	scale	-ed	N	V
scalloped	scallop	-ed	N	V
scaly	scale	-y	N	ADJ
scamper	scamp	-er	N	N
scandalise	scandal	-ise	N	V
scandalize	scandal	-ize	N	V
scandalous	scandal	-ous	N	ADJ
scandalously	scandalous	-ly	ADJ	ADV
scandinavian	scandinavia	-an	N	N
scanner	scan	-er	V	N
scanning	scan	-ing	V	ADJ
scantily	scanty	-ly	ADJ	ADV
scanty	scant	-y	ADJ	ADJ
scarcity	scarce	-ity	ADJ	N
scathing	scathe	-ing	N	ADJ
scathingly	scathing	-ly	ADJ	ADV
scatological	scatology	-ical	N	ADJ
scattered	scatter	-ed	V	V
scattering	scatter	-ing	V	N
scatty	scat	-y	N	ADJ
scavenger	scavenge	-er	V	N
scenery	scene	-ry	N	N
scenic	scene	-ic	N	ADJ
scenically	scenic	-ally	ADJ	ADV
scented	scent	-ed	N	ADJ
scentless	scent	-less	N	ADJ
sceptical	sceptic	-al	N	ADJ
sceptically	sceptic	-ally	N	ADV
sceptically	sceptical	-ly	ADJ	ADV
scepticism	sceptic	-ism	N	N
scheduled	schedule	-ed	N	V
scheduler	schedule	-er	N	N
schematic	schema	-ic	N	ADJ
schematically	schematic	-ally	ADJ	ADV
schemer	scheme	-er	N	N
scheming	scheme	-ing	N	V
scheming	scheme	-ing	N	N
schizophrenic	schizophrenia	-ic	N	ADJ
scholarly	scholar	-ly	N	ADJ
scholarly	scholar	-ly	N	ADV
scholasticism	scholastic	-ism	ADJ	N
schooling	school	-ing	N	N
schoolwork	school	-work	N	N
scientifically	scientific	-ally	ADJ	ADV
scientificity	scientific	-ity	ADJ	N
scientism	science	-ism	N	N
scintillating	scintillate	-ing	V	V
scintillation	scintillate	-ion	V	N
sclerotherapy	therapy	sclero-	N	N
scolding	scold	-ing	V	N
scooped	scoop	-ed	V	V
scooter	scoot	-er	V	N
scorcher	scorch	-er	V	N
scorching	scorch	-ing	V	ADJ
scorer	score	-er	N	N
scornful	scorn	-ful	N	ADJ
scornfully	scornful	-ly	ADJ	ADV
scotch	scot	-ish	N	N
scots	scot	-s	N	N
scotsman	scots	-man	ADJ	N
scottie	scott	-ie	N	N
scotty	scott	-y	N	N
scourer	scour	-er	V	N
scouser	scouse	-er	N	N
scouser	scouse	-er	ADJ	N
scouting	scout	-ing	N	N
scrabble	scrab	-le	V	V
scraggy	scrag	-y	N	ADJ
scrambler	scramble	-er	N	N
scraper	scrape	-er	V	N
scraper	scrap	-er	N	N
scraping	scrape	-ing	V	N
scraping	scrape	-ing	V	V
scrappy	scrap	-y	N	ADJ
scratching	scratch	-ing	V	N
scratchy	scratch	-y	V	ADJ
screamer	scream	-er	N	N
screeching	screech	-ing	V	N
screed	scree	-ed	N	ADJ
screening	screen	-ing	N	N
scribble	scribe	-le	N	V
scribbler	scribble	-er	V	N
scriptorium	script	-orium	N	N
scriptural	scripture	-al	N	ADJ
scrounger	scrounge	-er	V	N
scrubber	scrub	-er	N	N
scrubby	scrub	-y	N	ADJ
scrubland	scrub	-land	N	N
scruffy	scruff	-y	N	ADJ
scrumpy	scrump	-y	N	N
scrupulous	scruple	-ous	N	ADJ
scrupulously	scrupulous	-ly	ADJ	ADV
scrutineer	scrutiny	-eer	N	N
scrutinize	scrutiny	-ize	N	V
scuffling	scuffle	-ing	N	ADJ
sculptor	sculpt	-or	V	N
sculptress	sculptor	-ess	N	N
sculptural	sculpture	-al	N	ADJ
sculptured	sculpture	-ed	N	ADJ
scummy	scum	-y	N	ADJ
scythian	scythia	-an	N	N
scythian	scythia	-an	N	ADJ
seafarer	seafaring	-er	ADJ	N
seafaring	seafarer	-ing	N	ADJ
seafront	sea	-front	N	N
sealant	seal	-ant	N	N
sealed	seal	-ed	V	V
sealer	seal	-er	V	N
sealing	seal	-ing	V	ADJ
sealing	seal	-ing	V	V
seaman	sea	-man	N	N
seamanship	seaman	-ship	N	N
seamed	seam	-ed	N	ADJ
seamer	seam	-er	N	N
seamless	seam	-less	N	ADJ
seamlessly	seamless	-ly	ADJ	ADV
seamstress	seamster	-ess	N	N
seamy	seam	-y	N	ADJ
searcher	search	-er	V	N
searching	search	-ing	V	ADJ
searchingly	searching	-ly	ADJ	ADV
seascape	sea	-scape	N	N
seasickness	seasick	-ness	ADJ	N
seaside	sea	-side	N	N
seasonable	season	-able	N	ADJ
seasonal	season	-al	N	ADJ
seasonality	seasonal	-ity	ADJ	N
seasonally	seasonal	-ly	ADJ	ADV
seasoned	season	-ed	N	V
seasoning	season	-ing	N	N
seasoning	season	-ing	N	V
seater	seat	-er	N	N
seating	seat	-ing	N	V
seaward	sea	-ward	N	ADJ
seawards	sea	-wards	N	ADV
seawater	sea	-water	N	N
seaworthy	sea	-worthy	N	ADJ
secessionist	secession	-ist	N	N
secluded	seclude	-ed	V	ADJ
seclusion	seclude	-ion	V	N
secondarily	secondary	-ly	ADJ	ADV
secondee	second	-ee	N	N
seconder	second	-er	N	N
secondment	second	-ment	V	N
secrecy	secret	-cy	N	N
secretarial	secretary	-al	N	ADJ
secretaryship	secretary	-ship	N	N
secretion	secrete	-ion	ADJ	N
secretive	secret	-ive	N	ADJ
secretively	secretive	-ly	ADJ	ADV
secretiveness	secretive	-ness	ADJ	N
secretly	secret	-ly	ADJ	ADV
sectarian	sect	-arian	N	ADJ
sectarianism	sectarian	-ism	ADJ	N
sectional	section	-al	N	ADJ
sectoral	sector	-al	N	ADJ
secularism	secular	-ism	ADJ	N
secularist	secular	-ist	ADJ	N
secularization	secular	-ization	ADJ	N
secularization	secularize	-ation	V	N
securely	secure	-ly	ADJ	ADV
sedately	sedate	-ly	ADJ	ADV
sedation	sedate	-ion	ADJ	N
sedative	sedation	-ive	N	ADJ
sedimentary	sediment	-ary	N	ADJ
sedimentation	sediment	-ation	N	N
sedimentological	sedimentology	-ical	N	ADJ
seducer	seduce	-er	V	N
seduction	seduce	-ion	V	N
seduction	seduce	-tion	V	N
seductive	seduction	-ive	N	ADJ
seductively	seductive	-ly	ADJ	ADV
sedulously	sedulous	-ly	ADJ	ADV
seediness	seedy	-ness	ADJ	N
seedless	seed	-less	N	ADJ
seedling	seed	-ling	N	N
seedy	seed	-y	N	ADJ
seeing	see	-ing	V	V
seeker	seek	-er	V	N
seeking	seek	-ing	V	N
seeming	seem	-ing	V	V
seemly	seem	-ly	V	ADJ
seepage	seep	-age	N	N
seer	see	-er	N	N
seething	seethe	-ing	V	ADJ
segmental	segment	-al	N	ADJ
segmentation	segment	-ation	N	N
segregation	segregate	-ion	V	N
seigneurial	seigneur	-ial	N	ADJ
seizing	seize	-ing	V	V
seizure	seize	-ure	V	N
selectable	select	-able	ADJ	ADJ
selective	selection	-ive	N	ADJ
selectively	selective	-ly	ADJ	ADV
selectivity	selective	-ity	ADJ	N
selector	select	-or	ADJ	N
selfhood	self	-hood	N	N
selfish	self	-ish	N	ADJ
selfishly	selfish	-ly	ADJ	ADV
selfishness	selfish	-ness	ADJ	N
selfless	self	-less	N	ADJ
selflessly	selfless	-ly	ADJ	ADV
selflessness	selfless	-ness	ADJ	N
selly	seld	-ly	N	ADJ
semantically	semantic	-ally	ADJ	ADV
semantics	semantic	-s	ADJ	N
semicircle	circle	semi-	N	N
semicircle	circle	semi-	N	V
semicircular	circular	semi-	ADJ	ADJ
semicircular	semicircle	-ar	N	ADJ
semiconductor	conductor	semi-	N	N
seminal	semen	-al	N	ADJ
seminary	seminar	-y	N	N
semiotics	semiotic	-s	ADJ	N
semitic	semite	-ic	N	ADJ
semitone	tone	semi-	N	N
senatorial	senator	-ial	N	ADJ
sender	send	-er	N	N
sending	send	-ing	N	V
senegalese	senegal	-ese	N	ADJ
senescence	senescent	-ence	ADJ	N
senility	senile	-ity	ADJ	U
senility	senile	-ity	ADJ	N
seniority	senior	-ity	ADJ	N
sensational	sensation	-al	N	ADJ
sensationalism	sensational	-ism	ADJ	N
sensationalist	sensational	-ist	ADJ	ADJ
sensationally	sensational	-ly	ADJ	ADV
senseless	sense	-less	N	ADJ
sensibility	sensible	-ity	ADJ	N
sensibly	sensible	-ly	ADJ	ADV
sensitise	sensitive	-ise	ADJ	V
sensitively	sensitive	-ly	ADJ	ADV
sensitize	sensitive	-ize	ADJ	V
sensor	sense	-or	N	N
sensory	sense	-ory	N	ADJ
sensory	sensor	-y	N	ADJ
sensuality	sensual	-ity	ADJ	N
sensually	sensual	-ly	ADJ	ADV
sensuous	sensual	-ous	ADJ	ADJ
sensuously	sensuous	-ly	ADJ	ADV
sentencer	sentence	-er	N	N
sentience	sentient	-ence	ADJ	N
sentimental	sentiment	-al	N	ADJ
sentimentalist	sentimental	-ist	ADJ	N
sentimentality	sentimental	-ity	ADJ	N
sentimentally	sentimental	-ly	ADJ	ADV
separable	separate	-able	ADJ	ADJ
separated	separate	-ed	V	V
separateness	separate	-ness	ADJ	N
separatism	separate	-ism	ADJ	N
separatist	separate	-ist	ADJ	N
separatist	separate	-ist	ADJ	ADJ
separator	separate	-or	ADJ	N
sequencer	sequence	-er	N	N
sequencing	sequence	-ing	N	N
sequential	sequence	-al	N	ADJ
sequential	sequence	-ial	N	ADJ
sequentially	sequential	-ly	ADJ	ADV
sequestered	sequester	-ed	V	V
sequinned	sequin	-ed	N	ADJ
seraphic	seraph	-ic	N	ADJ
serbia	serb	-ia	N	N
serbian	serb	-ian	N	N
serbian	serbia	-an	N	N
serendipity	serendip	-ity	N	N
serenely	serene	-ly	ADJ	ADV
serenity	serene	-ity	ADJ	N
serfdom	serf	-dom	N	N
serial	series	-al	N	ADJ
serialise	serial	-ise	ADJ	V
serialize	serial	-ize	N	V
serially	serial	-ly	N	ADV
seriousness	serious	-ness	ADJ	N
seroconversion	conversion	sero-	N	N
serological	serology	-ical	N	ADJ
serpentine	serpent	-ine	N	ADJ
serrated	serrate	-ed	ADJ	ADJ
serviceable	service	-able	N	ADJ
serviceman	service	-man	N	N
servility	servile	-ity	ADJ	N
sessional	session	-al	N	ADJ
settee	settle	-ee	V	N
setter	set	-er	N	N
settler	settle	-er	N	N
settlor	settle	-or	V	N
sevenfold	seven	-fold	N	ADJ
seventeenth	seventeen	-th	N	ADJ
seventieth	seventy	-eth	N	ADJ
severally	several	-ly	U	ADV
severance	sever	-ance	V	N
severity	severe	-ity	ADJ	N
sewage	sewer	-age	N	N
sewer	sew	-er	V	N
sewerage	sewer	-age	N	N
sewing	sew	-ing	V	V
sewing	sew	-ing	V	N
sexiness	sexy	-ness	U	N
sexism	sex	-ism	N	N
sexist	sex	-ist	N	N
sexless	sex	-less	N	ADJ
sexuality	sexual	-ity	ADJ	N
shabbily	shabby	-ly	ADJ	ADV
shabbiness	shabby	-ness	ADJ	N
shabby	shab	-y	N	ADJ
shackle	shake	-le	V	N
shackle	shack	-le	N	V
shading	shade	-ing	U	N
shading	shader	-ing	N	N
shadowy	shadow	-y	N	ADJ
shady	shade	-y	N	ADJ
shaggy	shag	-y	N	ADJ
shaker	shake	-er	V	N
shakespearean	shakespeare	-ean	N	ADJ
shakespearean	shakespeare	-an	N	ADJ
shakespearian	shakespeare	-ian	N	ADJ
shakily	shaky	-ly	ADJ	ADV
shaky	shake	-y	V	ADJ
shallowly	shallow	-ly	ADJ	ADV
shallowness	shallow	-ness	ADJ	N
shalt	shall	-t	V	V
shamanic	shaman	-ic	N	ADJ
shamanism	shaman	-ism	N	N
shamanistic	shaman	-istic	N	ADJ
shambles	shamble	-s	V	N
shambling	shamble	-ing	V	ADJ
shamefacedly	shamefaced	-ly	ADJ	ADV
shameful	shame	-ful	N	ADJ
shamefully	shameful	-ly	ADJ	ADV
shameless	shame	-less	N	ADJ
shamelessly	shameless	-ly	ADJ	ADV
shandy	shand	-y	N	ADJ
shaped	shape	-ed	N	ADJ
shapeless	shape	-less	N	ADJ
shapely	shape	-ly	N	ADJ
shaper	shape	-er	N	N
shaping	shape	-ing	N	N
sharer	share	-er	N	N
shareware	share	-ware	V	N
sharpen	sharp	-en	N	V
sharpener	sharpen	-er	V	N
sharpish	sharp	-ish	ADJ	ADJ
sharpness	sharp	-ness	N	N
sharpshooter	sharpshoot	-er	V	N
shattered	shatter	-ed	V	V
shattering	shatter	-ing	V	ADJ
shatteringly	shattering	-ly	V	ADV
shaver	shave	-er	V	N
shearer	shear	-er	V	N
shearing	shear	-ing	V	ADJ
shearing	shear	-ing	V	N
shearman	shear	-man	V	N
shearwater	shear	-water	N	N
sheepish	sheep	-ish	N	ADJ
sheepishly	sheepish	-ly	ADJ	ADV
sheerness	sheer	-ness	ADJ	N
sheeting	sheet	-ing	N	N
shelling	shell	-ing	N	V
shelly	shell	-y	N	ADJ
sheltered	shelter	-ed	N	ADJ
shepherdess	shepherd	-ess	N	N
shielding	shield	-ing	N	V
shifter	shift	-er	N	N
shiftless	shift	-less	N	ADJ
shiftwork	shift	-work	N	N
shifty	shift	-y	N	ADJ
shiite	shia	-ite	N	ADJ
shilling	skill	-ing	N	N
shimmy	shim	-y	N	N
shingles	shingle	-s	N	N
shining	shine	-ing	V	ADJ
shiny	shine	-y	V	ADJ
shipbuilder	shipbuilding	-er	N	N
shipbuilding	shipbuilder	-ing	N	N
shipman	ship	-man	N	N
shipmate	ship	-mate	N	N
shipment	ship	-ment	N	N
shipper	ship	-er	N	N
shipping	ship	-ing	N	N
shipping	ship	-ing	N	V
shirty	shirt	-y	N	ADJ
shitless	shit	-less	N	ADJ
shitty	shit	-y	ADJ	ADJ
shivering	shiver	-ing	V	ADJ
shivery	shiver	-y	V	ADJ
shocker	shock	-er	N	N
shocking	shock	-ing	N	ADJ
shockingly	shocking	-ly	ADJ	ADV
shoddy	shoad	-y	N	ADJ
shoeless	shoe	-less	N	ADJ
shooter	shoot	-er	N	N
shopfront	shop	-front	N	N
shoplifter	shoplift	-er	V	N
shoplifting	shoplift	-ing	V	N
shopper	shop	-er	N	N
shoreline	shore	-ine	N	N
shorewards	shore	-wards	N	ADV
shorten	short	-en	ADJ	V
shortening	shorten	-ing	V	N
shortish	short	-ish	ADJ	ADJ
shortlisted	shortlist	-ed	V	V
shortness	short	-ness	ADJ	N
shorts	short	-s	N	N
shortsightedness	shortsighted	-ness	ADJ	N
shouldered	shoulder	-ed	N	V
shovel	shove	-el	V	N
shovelful	shovel	-ful	N	N
showery	shower	-y	N	ADJ
showing	show	-ing	V	V
showing	show	-ing	V	N
showman	show	-man	N	N
showmanship	showman	-ship	N	N
showy	show	-y	N	ADJ
shredder	shred	-er	N	N
shrewd	shrew	-d	N	ADJ
shrewdly	shrewd	-ly	ADJ	ADV
shrewdness	shrewd	-ness	ADJ	N
shrewish	shrew	-ish	N	ADJ
shrieking	shriek	-ing	N	ADJ
shrift	shrive	-t	V	N
shrilly	shrill	-ly	ADJ	ADV
shrilly	shrill	-y	ADJ	ADJ
shrinkage	shrink	-age	V	N
shrinking	shrink	-ing	N	V
shrivelled	shrivel	-ed	V	ADJ
shriver	shrive	-er	V	N
shrouded	shroud	-ed	N	ADJ
shrubbery	shrub	-ery	N	N
shrubby	shrub	-y	N	ADJ
shuddering	shudder	-ing	N	N
shuffling	shuffle	-ing	V	N
shunter	shunt	-er	V	N
shutter	shut	-er	V	N
shyly	shy	-ly	ADJ	ADV
shyness	shy	-ness	ADJ	N
siamese	siam	-ese	N	ADJ
siberian	siberia	-an	N	ADJ
sicilian	sicily	-an	N	ADJ
sicken	sick	-en	ADJ	V
sickened	sicken	-ed	V	ADJ
sickening	sicken	-ing	V	ADJ
sickeningly	sickening	-ly	ADJ	ADV
sickly	sick	-ly	ADJ	ADJ
sickness	sick	-ness	N	N
sideline	side	-ine	N	N
sidelong	side	-long	N	ADJ
siding	side	-ing	N	N
sienese	siena	-ese	N	ADJ
sighing	sigh	-ing	V	N
sighted	sight	-ed	N	V
sightless	sight	-less	N	ADJ
sightlessly	sightless	-ly	ADJ	ADV
sightseeing	sightsee	-ing	N	N
sigmoid	sigma	-oid	N	ADJ
sigmoidoscopy	sigmoid	-scopy	N	N
signaller	signal	-er	N	N
signalling	signal	-ling	N	ADJ
signally	signal	-ly	N	ADV
signalman	signal	-man	N	N
signatory	sign	-atory	N	N
signer	sign	-er	N	N
signification	signify	-ification	V	N
signifier	signify	-er	V	N
silencer	silence	-er	N	N
silently	silent	-ly	ADJ	ADV
silesian	silesia	-an	N	ADJ
silesian	silesia	-an	N	N
silicate	silicon	-ate	N	N
siliceous	silica	-eous	N	ADJ
silicone	silicon	-one	N	N
silken	silk	-en	N	ADJ
silkily	silky	-ly	ADJ	ADV
silky	silk	-y	N	ADJ
silky	silk	-y	N	N
silliness	silly	-ness	ADJ	N
silt	sile	-t	N	N
silting	silt	-ing	V	V
silty	silt	-y	N	ADJ
silvered	silver	-ed	ADJ	ADJ
silverware	silver	-ware	N	N
silvery	silver	-y	N	ADJ
simmer	sim	-er	N	N
simone	simon	-one	N	N
simons	simon	-s	N	N
simpleton	simple	-ton	ADJ	N
simplicity	simple	-icity	ADJ	N
simplification	simplify	-ification	V	N
simplified	simplify	-ed	V	ADJ
simplify	simple	-ify	ADJ	V
simplistic	simple	-istic	ADJ	ADJ
simplistically	simplistic	-ally	ADJ	ADV
simulation	simulate	-ion	ADJ	N
simulator	simulate	-or	V	N
simultaneity	simultaneous	-ity	ADJ	N
sincerely	sincere	-ly	ADJ	ADV
sincerity	sincere	-ity	ADJ	N
sinewy	sinew	-y	N	ADJ
sinful	sin	-ful	N	ADJ
sinfulness	sinful	-ness	ADJ	N
singing	sing	-ing	N	N
singleness	single	-ness	N	N
singlet	single	-let	ADJ	N
singlet	single	-et	ADJ	N
singleton	single	-ton	ADJ	N
singly	single	-ly	ADJ	ADV
singularity	singular	-ity	N	N
singularly	singular	-ly	N	ADV
sinhalese	sinhala	-ese	N	ADJ
sinker	sink	-er	N	N
sinking	sink	-ing	V	V
sinner	sin	-er	N	N
sinuously	sinuous	-ly	ADJ	ADV
sinusitis	sinus	-itis	N	N
sinusoidal	sinusoid	-al	N	ADJ
sinusoidally	sinusoidal	-ly	ADJ	ADV
sissy	sis	-y	N	N
sisterhood	sister	-hood	N	N
sisterly	sister	-ly	N	ADJ
siting	site	-ing	N	V
sitter	sit	-er	V	N
sitting	sit	-ing	V	N
sitting	sit	-ing	V	V
situational	situation	-al	N	ADJ
situationist	situation	-ist	N	ADJ
situationist	situationism	-ist	N	ADJ
sixfold	six	-fold	N	ADJ
sixteenth	sixteen	-th	N	ADJ
sixthly	sixth	-ly	N	ADV
sixtieth	sixty	-eth	N	ADJ
sizable	size	-able	N	ADJ
sizeable	size	-able	N	ADJ
sized	size	-ed	N	ADJ
sizzle	siss	-le	V	V
skater	skate	-er	N	V
skater	skate	-er	N	N
skating	skate	-ing	N	N
skeletal	skeleton	-al	N	ADJ
sketchily	sketchy	-ly	ADJ	ADV
sketchy	sketch	-y	N	ADJ
skewed	skew	-ed	V	ADJ
skewer	skew	-er	V	N
skier	ski	-er	N	N
skier	sky	-er	N	N
skiing	ski	-ing	N	V
skilful	skill	-ful	N	ADJ
skilfully	skilful	-ly	ADJ	ADV
skillful	skill	-ful	N	ADJ
skimmed	skim	-ed	V	ADJ
skimmer	skim	-er	V	N
skimpy	skimp	-y	V	ADJ
skinful	skin	-ful	N	N
skinhead	skin	-head	N	N
skinless	skin	-less	N	ADJ
skinner	skin	-er	N	N
skinny	skin	-y	N	ADJ
skipper	skip	-er	N	N
skirting	skirt	-ing	N	V
skittish	skite	-ish	N	ADJ
skittishly	skittish	-ly	ADJ	ADV
skyline	sky	-ine	N	N
skyscape	sky	-scape	N	N
skyward	sky	-ward	N	ADV
skyward	sky	-ward	N	ADJ
skywards	sky	-wards	N	ADV
slacken	slack	-en	ADJ	V
slackly	slack	-ly	ADJ	ADV
slackness	slack	-ness	ADJ	N
slammer	slam	-er	V	N
slanderous	slander	-ous	N	ADJ
slanted	slant	-ed	N	ADJ
slanting	slant	-ing	N	ADJ
slashing	slash	-ing	N	V
slater	slate	-er	N	N
slater	slate	-er	N	ADJ
slattery	slatter	-y	V	ADJ
slaty	slate	-y	N	ADJ
slaughter	slay	-ter	V	N
slaver	slave	-er	N	N
slaver	slave	-er	N	V
slavery	slave	-ery	ADJ	N
slavery	slaver	-y	V	ADJ
slavery	slave	-ry	ADJ	N
slavic	slav	-ic	N	ADJ
slavish	slave	-ish	N	ADJ
slavishly	slavish	-ly	ADJ	ADV
slayer	slay	-er	V	N
sleazy	sleaze	-y	N	ADJ
sleekly	sleek	-ly	ADJ	ADV
sleeper	sleep	-er	V	N
sleepily	sleepy	-ly	ADJ	ADV
sleepiness	sleepy	-ness	ADJ	N
sleeping	sleep	-ing	V	ADJ
sleepless	sleep	-less	V	ADJ
sleeplessness	sleepless	-ness	ADJ	N
sleepwalker	sleepwalk	-er	V	N
sleepy	sleep	-y	N	ADJ
sleeved	sleeve	-ed	N	ADJ
sleeved	sleeve	-ed	N	V
sleeveless	sleeve	-less	N	ADJ
slenderness	slender	-ness	ADJ	N
slicer	slice	-er	V	N
slicker	slick	-er	ADJ	N
slickly	slick	-ly	N	ADV
slider	slide	-er	V	N
slimmer	slim	-er	ADJ	N
slimness	slim	-ness	ADJ	N
slimy	slime	-y	N	ADJ
slinky	slink	-y	V	ADJ
slippage	slip	-age	N	N
slipper	slip	-er	N	N
slippered	slipper	-ed	N	ADJ
slippy	slip	-y	N	ADJ
slither	slide	-er	V	V
slithery	slither	-y	V	ADJ
sloping	slope	-ing	V	ADJ
sloppily	sloppy	-ly	ADJ	ADV
sloppiness	sloppy	-ness	ADJ	N
sloppy	slop	-y	N	ADJ
sloth	slow	-th	ADJ	N
slovakia	slovak	-ia	N	N
slovenia	slovene	-ia	N	N
slovenian	slovenia	-an	N	ADJ
slovenian	slovene	-ian	N	ADJ
slovenly	sloven	-ly	N	ADJ
slower	slow	-er	V	N
slowness	slow	-ness	ADJ	N
sludgy	sludge	-y	N	ADJ
sluggish	slug	-ish	N	ADJ
sluggishly	sluggish	-ly	ADJ	ADV
sluggishness	sluggish	-ness	ADJ	N
slumber	sloom	-er	N	N
slushy	slush	-y	N	ADJ
slyly	sly	-ly	ADJ	ADV
smacker	smack	-er	N	N
smallish	small	-ish	ADJ	ADJ
smallness	small	-ness	ADJ	N
smarmy	smarm	-y	N	ADJ
smarten	smart	-en	V	V
smartly	smart	-ly	N	ADV
smartness	smart	-ness	N	N
smarty	smart	-y	V	N
smashed	smash	-ed	N	ADJ
smasher	smash	-er	N	N
smashing	smash	-ing	V	ADJ
smattering	smatter	-ing	V	N
smattering	smatter	-ing	V	V
smelly	smell	-y	V	ADJ
smelly	smell	-ly	V	ADJ
smelter	smelt	-er	V	N
smiler	smile	-er	V	N
smiler	smile	-er	N	N
smiley	smile	-y	N	N
smiling	smile	-ing	N	N
smilingly	smiling	-ly	N	ADV
smithson	smith	-son	N	N
smithsonian	smithson	-ian	N	ADJ
smithy	smith	-y	N	N
smoked	smoke	-ed	N	ADJ
smokeless	smoke	-less	N	ADJ
smoker	smoke	-er	N	N
smokey	smoke	-y	N	ADJ
smoking	smoke	-ing	N	V
smoking	smoke	-ing	N	N
smoky	smoke	-y	N	ADJ
smoochy	smooch	-y	N	ADJ
smoothie	smooth	-ie	ADJ	N
smoothly	smooth	-ly	ADJ	ADV
smoothness	smooth	-ness	ADJ	N
smothering	smother	-ing	V	N
smudgy	smudge	-y	N	ADJ
smuggler	smuggle	-er	V	N
smuggling	smuggle	-ing	V	N
smugly	smug	-ly	ADJ	ADV
smugness	smug	-ness	ADJ	N
smutty	smut	-y	V	ADJ
snapper	snap	-er	N	N
snappily	snappy	-ly	ADJ	ADV
snappy	snap	-y	N	ADJ
snatcher	snatch	-er	V	N
sneaker	sneak	-er	N	N
sneakily	sneaky	-ly	ADJ	ADV
sneaking	sneak	-ing	V	ADJ
sneaky	sneak	-y	N	ADJ
sneeringly	sneering	-ly	V	ADV
snicker	snick	-er	V	N
sniffer	sniff	-er	V	N
sniffle	sniff	-le	V	V
sniffy	sniff	-y	V	ADJ
sniper	snipe	-er	N	N
snippet	snip	-et	V	N
snivelling	snivel	-ing	N	V
snobbery	snob	-ery	ADJ	N
snobbery	snob	-ry	ADJ	N
snobbish	snob	-ish	ADJ	ADJ
snobbish	snobby	-ish	ADJ	ADJ
snobbishness	snobbish	-ness	ADJ	N
snobby	snob	-y	ADJ	ADJ
snooker	snook	-er	N	N
snooper	snoop	-er	N	N
snoopy	snoop	-y	V	ADJ
snooty	snoot	-y	N	ADJ
snoring	snore	-ing	V	N
snorting	snort	-ing	V	V
snotty	snot	-y	N	ADJ
snowballing	snowball	-ing	V	V
snowbound	snow	-bound	N	ADJ
snowman	snow	-man	N	N
snowy	snow	-y	N	ADJ
snuffle	snuff	-le	N	V
snuggle	snug	-le	ADJ	N
snugly	snug	-ly	ADJ	ADV
soapy	soap	-y	N	ADJ
sobering	sober	-ing	ADJ	ADJ
soberly	sober	-ly	ADJ	ADV
sociability	sociable	-ity	ADJ	N
socialisation	socialise	-ation	V	N
socialise	social	-ise	ADJ	V
socialistic	socialist	-ic	N	ADJ
socialite	social	-ite	ADJ	N
socialization	socialize	-ation	V	N
socialize	social	-ize	ADJ	V
societal	society	-al	N	ADJ
sociobiology	biology	socio-	N	N
sociocultural	cultural	socio-	ADJ	ADJ
socioeconomic	economic	socio-	ADJ	ADJ
sociolinguistic	linguistic	socio-	ADJ	ADJ
sociological	sociology	-ical	N	ADJ
sociologically	sociological	-ly	ADJ	ADV
sociologist	sociology	-ist	N	N
socratic	socrates	-ic	N	ADJ
soften	soft	-en	ADJ	V
softener	soften	-er	V	N
softening	soften	-ing	V	V
softening	soften	-ing	V	N
softie	soft	-ie	ADJ	N
softness	soft	-ness	ADJ	N
softy	soft	-y	ADJ	N
soggy	sog	-y	V	ADJ
soiled	soil	-ed	N	V
solarium	solar	-ium	ADJ	N
soldering	solder	-ing	N	N
soldierly	soldier	-ly	N	ADJ
soldierly	soldier	-ly	N	ADV
soldiery	soldier	-y	N	N
solemnity	solemn	-ity	ADJ	N
solemnly	solemn	-ly	ADJ	ADV
solicitation	solicit	-ation	V	N
solicitous	solicit	-ous	V	ADJ
solicitously	solicitous	-ly	ADJ	ADV
solidify	solid	-ify	ADJ	V
solidity	solid	-ity	ADJ	N
solidly	solid	-ly	ADJ	ADV
solipsistic	solipsism	-istic	N	ADJ
solitude	sole	-itude	N	N
soloist	solo	-ist	ADJ	N
solubility	soluble	-ity	ADJ	N
solvency	solvent	-cy	N	N
solvent	solve	-ent	V	N
solver	solve	-er	V	N
somalia	somali	-a	N	N
somatic	soma	-ic	N	ADJ
sombrely	sombre	-ly	ADJ	ADV
songster	song	-ster	N	N
sonny	son	-y	N	N
sonority	sonorous	-ity	ADJ	N
soothing	soothe	-ing	V	ADJ
soothingly	soothing	-ly	ADJ	ADV
soothsayer	soothsay	-er	V	N
sooty	soot	-y	N	ADJ
sophistication	sophisticate	-ion	N	N
sophistry	sophister	-y	N	N
sorcerer	sorcery	-er	N	N
sorceress	sorcerer	-ess	N	N
sorely	sore	-ly	ADJ	ADV
soreness	sore	-ness	ADJ	N
sorrel	sour	-el	ADJ	N
sorrel	sore	-el	ADJ	N
sorrowful	sorrow	-ful	N	ADJ
sorrowfully	sorrowful	-ly	ADJ	ADV
sorted	sort	-ed	V	V
sorter	sort	-er	N	N
sorting	sort	-ing	V	V
soulful	soul	-ful	ADJ	ADJ
soulful	soul	-ful	ADJ	N
soulfully	soulful	-ly	ADJ	ADV
soulless	soul	-less	N	ADJ
sounder	sound	-er	V	ADJ
sounder	sound	-er	V	N
sounding	sound	-ing	ADJ	N
soundless	sound	-less	N	ADJ
soundlessly	soundless	-ly	ADJ	ADV
soundly	sound	-ly	N	ADV
soundness	sound	-ness	N	N
soundproof	sound	-proof	N	ADJ
soupy	soup	-y	N	ADJ
sourcing	source	-ing	V	V
sourly	sour	-ly	ADJ	ADV
sourness	sour	-ness	ADJ	N
southbound	south	-bound	N	ADJ
southerly	souther	-ly	N	N
southerner	southern	-er	ADJ	N
southernmost	southern	-most	ADJ	ADJ
southland	south	-land	N	N
southward	south	-ward	N	N
southwards	south	-wards	N	ADV
sovereignty	sovereign	-y	N	N
sower	sow	-er	N	N
sowing	sow	-ing	N	N
soya	soy	-a	N	N
spacecraft	space	-craft	N	N
spaced	space	-ed	V	V
spaceman	space	-man	N	N
spacer	space	-er	N	N
spaceship	space	-ship	ADJ	N
spacey	space	-y	N	ADJ
spacious	space	-ious	N	ADJ
spaciousness	spacious	-ness	ADJ	N
spangle	spang	-le	U	N
spangled	spangle	-ed	V	V
spanking	spank	-ing	V	V
spanner	span	-er	N	N
sparing	spare	-ing	V	ADJ
sparingly	sparing	-ly	ADJ	ADV
sparkle	spark	-le	N	N
sparkle	spark	-le	N	U
sparkler	sparkle	-er	V	N
sparkling	sparkle	-ing	V	ADJ
sparkly	sparkle	-y	N	ADJ
sparky	spark	-y	N	ADJ
sparring	spar	-ing	V	N
sparsely	sparse	-ly	ADJ	ADV
sparsity	sparse	-ity	ADJ	N
spartan	sparta	-an	N	ADJ
spartan	sparta	-an	N	N
spasmodically	spasmodic	-ally	ADJ	ADV
spastic	spasm	-ic	N	ADJ
spasticity	spastic	-ity	ADJ	N
spatially	spatial	-ly	ADJ	ADV
spawning	spawn	-ing	N	V
speaking	speak	-ing	V	ADJ
speaking	speak	-ing	V	N
speaking	speaker	-ing	N	ADJ
spearhead	spear	-head	N	N
spearman	spear	-man	N	N
specialisation	specialise	-ation	V	N
specialise	special	-ise	N	V
specialism	special	-ism	ADJ	N
speciality	special	-ity	N	N
specialization	specialize	-ation	V	N
specialty	special	-y	N	N
specifiable	specify	-able	V	ADJ
specificity	specific	-ity	ADJ	N
specifier	specify	-er	V	N
speckled	speckle	-ed	V	ADJ
spectacularly	spectacular	-ly	ADJ	ADV
spectator	spectate	-or	V	N
spectral	spectre	-al	N	ADJ
spectrometry	spectrometer	-y	N	N
spectrophotometer	photometer	spectro-	N	N
spectroscopic	spectroscope	-ic	N	ADJ
spectroscopy	spectroscope	-y	N	N
speculative	speculate	-ive	V	ADJ
speculatively	speculative	-ly	ADJ	ADV
speculator	speculate	-or	V	N
speechless	speech	-less	N	ADJ
speeder	speed	-er	N	N
speedily	speedy	-ly	ADJ	ADV
speeding	speed	-ing	N	V
speedometer	speed	-meter	N	N
speedy	speed	-y	N	ADJ
spellbound	spell	-bound	N	ADJ
speller	spell	-er	N	N
spelling	spell	-ing	N	V
spencer	spence	-er	N	N
spender	spend	-er	V	N
spermicide	sperm	-cide	N	N
spherical	sphere	-ical	N	ADJ
sphincterotomy	sphincter	-otomy	N	N
spicer	spice	-er	N	N
spicy	spice	-y	N	ADJ
spidery	spider	-y	N	ADJ
spiky	spike	-y	N	ADJ
spillage	spill	-age	N	N
spilt	spill	-t	V	ADJ
spinal	spine	-al	N	ADJ
spindle	spin	-le	V	N
spindly	spindle	-y	N	ADJ
spineless	spine	-less	N	ADJ
spinelet	spine	-let	N	N
spinner	spin	-er	N	N
spinster	spin	-ster	V	N
spinsterhood	spinster	-hood	N	N
spiny	spine	-y	N	ADJ
spirited	spirit	-ed	N	V
spiritedly	spirited	-ly	V	ADV
spiritualism	spiritual	-ism	N	N
spiritualism	spiritual	-ism	ADJ	N
spiritualist	spiritual	-ist	N	N
spirituality	spiritual	-ity	N	N
spiritually	spiritual	-ly	N	ADV
spiteful	spite	-ful	N	ADJ
spitefully	spiteful	-ly	ADJ	ADV
spittle	spit	-le	N	N
spittoon	spit	-oon	N	N
splashy	splash	-y	V	ADJ
splatter	splat	-er	N	N
splayed	splay	-ed	V	ADJ
splendidly	splendid	-ly	ADJ	ADV
splinter	splint	-er	N	N
splitter	split	-er	V	N
splitting	split	-ing	V	N
spoiled	spoil	-ed	V	ADJ
spoiler	spoil	-er	V	N
spoken	spoke	-n	N	ADJ
sponger	sponge	-er	N	N
sponginess	spongy	-ness	ADJ	N
spongy	sponge	-y	N	ADJ
sponsoring	sponsor	-ing	N	V
sponsorship	sponsor	-ship	N	N
spontaneity	spontaneous	-ity	ADJ	N
spontaneously	spontaneous	-ly	ADJ	ADV
spooky	spook	-y	N	ADJ
spooner	spoon	-er	V	N
spoonful	spoon	-ful	N	N
sporadically	sporadic	-ally	ADJ	ADV
sporting	sport	-ing	N	ADJ
sportingly	sporting	-ly	ADJ	ADV
sportsman	sports	-man	N	N
sportsman	sport	-man	N	N
sportsmanship	sportsman	-ship	N	N
sportswear	sports	-wear	N	N
sportswoman	sports	-woman	N	N
sportswoman	sport	-woman	N	N
sporty	sport	-y	N	ADJ
spotless	spot	-less	N	ADJ
spotlessly	spotless	-ly	ADJ	ADV
spotter	spot	-er	N	N
spotty	spot	-y	N	ADJ
sprayer	spray	-er	N	N
spraying	spray	-ing	N	V
spreader	spread	-er	N	N
spreading	spread	-ing	V	V
sprightly	spright	-ly	N	ADJ
springer	spring	-er	V	N
springing	spring	-ing	V	V
springy	spring	-y	N	ADJ
sprinkle	sprink	-le	V	V
sprinkler	sprinkle	-er	V	N
sprinter	sprint	-er	N	N
spunky	spunk	-y	N	ADJ
spuriously	spurious	-ly	ADJ	ADV
sputter	spout	-er	N	N
spying	spy	-ing	N	N
squabbling	squabble	-ing	N	V
squaddie	squad	-ie	N	N
squally	squall	-y	N	ADJ
squandering	squander	-ing	V	V
squarely	square	-ly	ADJ	ADV
squarish	square	-ish	N	ADJ
squashy	squash	-y	N	ADJ
squatter	squat	-er	N	N
squatting	squat	-ing	N	N
squeaky	squeak	-y	V	ADJ
squeamishness	squeamish	-ness	ADJ	N
squelchy	squelch	-y	N	ADJ
squirearchy	squire	-archy	N	N
stabilisation	stabilise	-ation	V	N
stabilise	stable	-ise	ADJ	V
stabiliser	stabilise	-er	V	N
stabilization	stabilize	-ation	V	N
stabilize	stable	-ize	ADJ	U
stabilize	stable	-ize	ADJ	V
stabilizer	stabilize	-er	V	N
stablemate	stable	-mate	N	N
stably	stable	-ly	N	ADV
staffer	staff	-er	N	N
staffing	staff	-ing	V	V
staffordshire	stafford	-shire	N	N
staged	stage	-ed	N	ADJ
stager	stage	-er	N	N
staggering	stagger	-ing	V	ADJ
staggeringly	staggering	-ly	ADJ	ADV
staging	stage	-ing	N	V
stagnant	stagnate	-ant	V	ADJ
stagnation	stagnate	-ion	V	N
stainless	stain	-less	N	ADJ
stalemate	stale	-mate	N	N
staleness	stale	-ness	N	N
stalinism	stalin	-ism	N	N
stalinist	stalin	-ist	N	ADJ
stalker	stalk	-er	N	N
stalking	stalk	-ing	N	N
stalking	stalk	-ing	N	V
standardisation	standardise	-ation	V	N
standardise	standard	-ise	N	V
standardization	standardize	-ation	V	N
standardize	standard	-ize	ADJ	V
standoffish	stand off	-ish	V	ADJ
standoffish	standoff	-ish	N	ADJ
staphylococcal	staphylococcus	-al	N	ADJ
stapler	staple	-er	N	N
stapleton	staple	-ton	N	N
starchy	starch	-y	N	ADJ
stardom	star	-dom	N	N
starkly	stark	-ly	ADJ	ADV
starkness	stark	-ness	ADJ	N
starless	star	-less	N	ADJ
starlet	star	-let	N	N
starring	star	-ing	N	ADJ
starry	star	-y	N	ADJ
starship	star	-ship	N	N
startle	start	-le	N	V
startled	startle	-ed	V	ADJ
startling	startle	-ing	V	V
startlingly	startling	-ly	ADJ	ADV
starvation	starve	-ation	V	N
starvation	starve	-tion	V	N
starved	starve	-ed	V	ADJ
starving	starve	-ing	V	V
statecraft	state	-craft	N	N
statehood	state	-hood	N	N
stateless	state	-less	N	ADJ
stately	state	-ly	N	ADJ
stateside	state	-side	N	ADJ
statesman	state	-man	N	N
statesmanlike	statesman	-like	N	ADJ
statesmanship	statesman	-ship	N	N
statically	static	-ally	ADJ	ADV
stationary	station	-ary	N	ADJ
stationer	station	-er	N	N
stationery	stationer	-y	N	N
statist	state	-ist	N	N
statist	statism	-ist	N	N
statistically	statistical	-ly	ADJ	ADV
statistically	statistic	-ally	N	ADV
statistician	statistic	-ian	N	N
statuary	statue	-ary	N	N
statuesque	statue	-esque	N	ADJ
statuette	statue	-ette	N	N
statutorily	statutory	-ly	ADJ	ADV
staunchly	staunch	-ly	ADJ	ADV
stayer	stay	-er	N	N
steadfastly	steadfast	-ly	ADJ	ADV
steadfastness	steadfast	-ness	ADJ	N
steadiness	steady	-ness	ADJ	N
stealer	steal	-er	V	N
stealth	steal	-th	V	N
stealthily	stealthy	-ly	ADJ	ADV
stealthy	stealth	-y	N	ADJ
steamed	steam	-ed	N	ADJ
steamer	steam	-er	N	N
steaming	steam	-ing	V	N
steamship	steam	-ship	N	N
steamy	steam	-y	N	ADJ
steelwork	steel	-work	N	N
steely	steel	-y	V	ADJ
steepen	steep	-en	U	V
steeple	steep	-le	ADJ	N
steeplechaser	steeplechase	-er	N	N
steeply	steep	-ly	ADJ	ADV
steepness	steep	-ness	ADJ	N
steerage	steer	-age	V	N
steering	steer	-ing	N	V
stellar	stella	-ar	N	ADJ
stemmed	stem	-ed	N	ADJ
stenographer	stenography	-er	N	N
stenographer	stenograph	-er	N	N
stentorian	stentor	-ian	N	ADJ
stepbrother	brother	step-	N	N
stepchildren	children	step-	N	N
stepdaughter	daughter	step-	N	N
stepfather	father	step-	N	N
stephens	stephen	-s	N	N
stephenson	stephen	-son	N	N
stepladder	ladder	step-	N	N
stepmother	mother	step-	N	N
stepping	step	-ing	N	V
stepson	son	step-	N	N
stepwise	step	-wise	N	ADJ
stereoscopic	stereoscope	-ic	N	ADJ
stereotype	type	stereo-	N	N
stereotypical	stereotype	-ical	N	ADJ
sterilisation	sterilize	-ation	V	N
steriliser	sterilise	-er	V	N
sterility	sterile	-ity	ADJ	N
sterilization	sterile	-ization	ADJ	N
sterilization	sterilize	-ation	V	N
sterilize	sterile	-ize	ADJ	V
sternly	stern	-ly	ADJ	ADV
sternness	stern	-ness	ADJ	N
steroid	sterol	-oid	N	N
stevenson	stephen	-son	N	N
stevie	steve	-ie	N	N
stewardess	steward	-ess	N	N
stewardship	steward	-ship	N	N
stewed	stew	-ed	N	ADJ
sticker	stick	-er	N	N
sticker	stick	-er	N	ADJ
stickiness	sticky	-ness	ADJ	N
stickler	stickle	-er	V	N
sticky	stick	-y	N	ADJ
stiffen	stiff	-en	ADJ	V
stiffly	stiff	-ly	ADJ	ADV
stiffness	stiff	-ness	ADJ	N
stifling	stifle	-ing	V	ADJ
stigmatize	stigma	-ize	N	V
stile	sty	-le	N	N
stillness	still	-ness	ADJ	N
stilted	stilt	-ed	N	ADJ
stimulant	stimulate	-ant	V	N
stimulating	stimulation	-ing	N	ADJ
stimulation	stimulate	-ion	V	N
stimulator	stimulate	-or	V	N
stinger	sting	-er	N	N
stinging	sting	-ing	N	ADJ
stingy	sting	-y	N	ADJ
stinker	stink	-er	V	N
stinking	stink	-ing	V	ADJ
stinking	stink	-ing	V	N
stinky	stink	-y	N	ADJ
stipulate	stipule	-ate	N	ADJ
stipulate	stipule	-ate	N	V
stipulated	stipulate	-ed	V	ADJ
stipulation	stipulate	-ion	V	N
stirlingshire	stirling	-shire	N	N
stirrer	stir	-er	N	N
stirring	stir	-ing	N	ADJ
stitching	stitch	-ing	N	N
stockade	stock	-ade	N	N
stockade	stock	-ade	N	V
stocker	stock	-er	N	N
stocking	stock	-ing	N	N
stocking	stock	-ing	N	V
stockinged	stocking	-ed	N	ADJ
stockist	stock	-ist	N	N
stocklist	stock	-ist	N	N
stockman	stock	-man	N	N
stocky	stock	-y	N	ADJ
stodgy	stodge	-y	V	ADJ
stoical	stoic	-al	N	ADJ
stoically	stoical	-ly	ADJ	ADV
stoicism	stoic	-ism	N	N
stoker	stoke	-er	V	N
stolen	stole	-en	N	V
stolen	stole	-n	N	ADJ
stolidity	stolid	-ity	ADJ	N
stolidly	stolid	-ly	ADJ	ADV
stoned	stone	-ed	N	V
stoned	stone	-ed	N	ADJ
stoneware	stone	-ware	N	N
stonework	stone	-work	N	N
stoney	stone	-y	N	ADJ
stonily	stony	-ly	ADJ	ADV
stony	stone	-y	N	ADJ
stoppage	stop	-age	N	N
stopped	stop	-ed	V	V
stopper	stop	-er	N	N
storeman	store	-man	N	N
stormer	storm	-er	N	N
stormy	storm	-y	N	ADJ
storyline	story	-ine	N	N
storyteller	storytelling	-er	N	N
storytelling	storyteller	-ing	N	N
stoutly	stout	-ly	N	ADV
stowage	stow	-age	V	N
straggler	straggle	-er	V	N
straggly	straggle	-y	V	ADJ
straighten	straight	-en	ADJ	V
straightforwardly	straightforward	-ly	ADJ	ADV
straightforwardness	straightforward	-ness	ADJ	N
straightness	straight	-ness	ADJ	N
strained	strain	-ed	N	ADJ
strainer	strain	-er	N	N
stranded	strand	-ed	N	ADJ
strangely	strange	-ly	ADJ	ADV
strangeness	strange	-ness	ADJ	N
strangler	strangle	-er	V	N
strangling	strangle	-ing	V	V
strapless	strap	-less	N	ADJ
strategically	strategic	-ally	ADJ	ADV
strategist	strategy	-ist	N	N
stratification	stratum	-ification	N	N
stratification	stratify	-ification	V	N
stratify	stratum	-ify	N	V
stratigraphic	stratigraphy	-ic	N	ADJ
stratigraphical	stratigraphy	-ical	N	ADJ
stratospheric	stratosphere	-ic	N	ADJ
streaky	streak	-y	N	ADJ
streamer	stream	-er	N	N
streaming	stream	-ing	N	ADJ
streaming	stream	-ing	N	N
streamline	stream	-ine	N	N
streamlined	streamline	-ed	V	ADJ
streamliner	streamline	-er	N	N
streetwise	street	-wise	N	ADJ
strengthener	strengthen	-er	V	N
strengthening	strengthen	-ing	V	N
strenuously	strenuous	-ly	ADJ	ADV
streptococcal	streptococcus	-al	N	ADJ
stressed	stress	-ed	V	V
stressful	stress	-ful	N	ADJ
stretcher	stretch	-er	N	N
stretching	stretch	-ing	V	N
stretching	stretch	-ing	V	ADJ
stretchy	stretch	-y	V	ADJ
stretchy	stretch	-y	V	N
striation	striate	-ion	V	N
striation	stria	-ation	N	N
strictness	strict	-ness	ADJ	N
stridency	strident	-cy	ADJ	N
stridently	strident	-ly	ADJ	ADV
striding	stride	-ing	V	V
striding	stride	-ing	V	N
strikingly	striking	-ly	N	ADV
stringency	stringent	-cy	ADJ	N
stringently	stringent	-ly	ADJ	ADV
stringer	string	-er	V	N
stringy	string	-y	V	ADJ
striped	stripe	-ed	N	ADJ
stripling	strip	-ling	N	N
stripper	strip	-er	V	N
stripy	stripe	-y	N	ADJ
stroller	stroll	-er	N	N
strolling	stroll	-ing	N	V
strongman	strong	-man	ADJ	N
strontium	strontian	-um	N	N
structuralism	structural	-ism	ADJ	N
structuralist	structural	-ist	ADJ	ADJ
structuralist	structural	-ist	ADJ	N
structurally	structural	-ly	ADJ	ADV
struggler	struggle	-er	N	N
strutting	strut	-ing	V	V
stubbly	stubble	-y	N	ADJ
stubbornly	stubborn	-ly	ADJ	ADV
stubbornness	stubborn	-ness	ADJ	N
stubby	stub	-y	N	ADJ
studded	stud	-ed	N	ADJ
studentship	student	-ship	N	N
studied	study	-ed	V	V
studious	study	-ous	N	ADJ
studiously	studious	-ly	ADJ	ADV
stuffed	stuff	-ed	V	V
stuffiness	stuffy	-ness	ADJ	N
stuffing	stuff	-ing	N	N
stuffy	stuff	-y	V	ADJ
stumbling	stumble	-ing	V	ADJ
stumpy	stump	-y	N	ADJ
stunned	stun	-ed	V	ADJ
stunner	stun	-er	V	N
stunning	stun	-ing	V	ADJ
stunning	stun	-ing	V	N
stunningly	stunning	-ly	ADJ	ADV
stunted	stunt	-ed	N	V
stuntman	stunt	-man	N	N
stupefaction	stupefy	-tion	V	N
stupefied	stupefy	-ed	V	V
stupefyingly	stupefying	-ly	V	ADV
stupendously	stupendous	-ly	ADJ	ADV
stupidity	stupid	-ity	ADJ	N
stupidly	stupid	-ly	ADJ	ADV
sturdily	sturdy	-ly	ADJ	ADV
stuttering	stutter	-ing	V	N
styler	style	-er	V	N
stylise	style	-ise	N	V
stylish	style	-ish	N	ADJ
stylishly	stylish	-ly	ADJ	ADV
stylishness	stylish	-ness	ADJ	N
stylist	style	-ist	N	N
stylistic	style	-istic	N	ADJ
stylistic	stylist	-ic	N	ADJ
stylistically	stylistic	-ally	ADJ	ADV
stylistics	stylist	-ics	N	N
stylize	style	-ize	N	V
stylized	stylize	-ed	V	ADJ
suavely	suave	-ly	ADJ	ADV
subatomic	atomic	sub-	ADJ	ADJ
subcategory	category	sub-	N	N
subclass	class	sub-	ADJ	N
subcommittee	committee	sub-	N	N
subconscious	conscious	sub-	ADJ	ADJ
subconsciously	subconscious	-ly	ADJ	ADV
subcontinent	continent	sub-	ADJ	N
subcontract	contract	sub-	N	V
subcontractor	contractor	sub-	N	N
subcontractor	subcontract	-or	N	N
subcultural	cultural	sub-	ADJ	ADJ
subculture	culture	sub-	N	N
subcutaneous	cutaneous	sub-	ADJ	ADJ
subdivide	divide	sub-	V	V
subdivision	division	sub-	N	N
subdivision	subdivide	-ion	V	N
subdued	subdue	-ed	V	ADJ
subgroup	group	sub-	N	N
subheading	heading	sub-	N	N
subhuman	human	sub-	ADJ	ADJ
subjection	subject	-ion	ADJ	N
subjective	subject	-ive	N	ADJ
subjectively	subjective	-ly	ADJ	ADV
subjectivism	subjective	-ism	ADJ	N
subjectivity	subjective	-ity	ADJ	N
subjugation	subjugate	-ion	V	N
sublet	let	sub-	V	V
sublimation	sublimate	-ion	V	N
sublimely	sublime	-ly	ADJ	ADV
subliminal	liminal	sub-	ADJ	ADJ
subliminally	subliminal	-ly	ADJ	ADV
sublimity	sublime	-ity	V	N
submachine	machine	sub-	N	N
submarine	marine	sub-	N	ADJ
submatrix	matrix	sub-	N	N
submerge	merge	sub-	V	V
submergence	submerge	-ence	V	N
submersible	submerse	-ible	V	ADJ
submissively	submissive	-ly	ADJ	ADV
submissiveness	submissive	-ness	ADJ	N
subnormal	normal	sub-	ADJ	ADJ
suboptimal	optimal	sub-	ADJ	ADJ
subordination	subordinate	-ion	ADJ	N
subplot	plot	sub-	N	N
subroutine	routine	sub-	N	N
subscriber	subscribe	-er	V	N
subscript	script	sub-	N	N
subsection	section	sub-	N	N
subservience	subservient	-ence	ADJ	N
subset	set	sub-	N	N
subsidence	subside	-ence	V	N
subsidiarity	subsidiary	-ity	ADJ	N
subsidise	subsidy	-ise	N	V
subsidize	subsidy	-ize	N	V
subsistence	subsist	-ence	V	N
subsoil	soil	sub-	N	N
subspecies	species	sub-	N	N
substandard	standard	sub-	N	ADJ
substantiation	substantiate	-ion	V	N
substantively	substantive	-ly	ADJ	ADV
substation	station	sub-	N	N
substitutability	substitute	-ability	V	N
substitution	substitute	-ion	V	N
substructure	structure	sub-	N	N
subsurface	surface	sub-	N	N
subsystem	system	sub-	N	N
subtext	text	sub-	N	N
subtitle	title	sub-	N	N
subtitled	subtitle	-ed	N	ADJ
subtlety	subtle	-ty	ADJ	N
subtly	subtle	-ly	ADJ	ADV
subtraction	subtract	-ion	V	N
subtropical	tropical	sub-	ADJ	ADJ
subtype	type	sub-	N	N
subunit	unit	sub-	N	N
suburbanite	suburban	-ite	ADJ	N
suburbia	suburb	-ia	N	N
subversion	version	sub-	N	N
subversion	subvert	-sion	V	N
subversive	subversion	-ive	N	ADJ
subway	way	sub-	N	N
successively	successive	-ly	ADJ	ADV
succinctly	succinct	-ly	ADJ	ADV
sucker	suck	-er	V	N
suckle	suck	-le	V	N
suckler	suckle	-er	N	N
suckling	suck	-ling	V	N
suckling	suckle	-ing	V	V
suckling	suckle	-ing	V	N
sudanese	sudan	-ese	N	ADJ
suddenness	sudden	-ness	ADJ	N
sudetenland	sudeten	-land	N	N
sufferance	suffer	-ance	V	N
sufferer	suffer	-er	V	N
sufficiency	sufficient	-cy	ADJ	N
suffocating	suffocate	-ing	V	V
suffocation	suffocate	-ion	V	N
suffragette	suffrage	-ette	N	N
sugared	sugar	-ed	V	V
sugary	sugar	-y	N	ADJ
suggestible	suggest	-ible	V	ADJ
suggestive	suggest	-ive	V	ADJ
suggestively	suggestive	-ly	ADJ	ADV
suggestiveness	suggestive	-ness	ADJ	N
suicidal	suicide	-al	N	ADJ
suicidally	suicidal	-ly	ADJ	ADV
suitability	suit	-ability	N	N
suitability	suitable	-ity	ADJ	N
suitably	suitable	-ly	ADJ	ADV
suitably	suitable	-ly	ADJ	U
suited	suit	-ed	N	ADJ
suitor	suit	-or	ADJ	N
sulkily	sulky	-ly	N	ADV
sulky	sulk	-y	V	ADJ
sulky	sulk	-y	V	N
sullenly	sullen	-ly	ADJ	ADV
sulphuric	sulphur	-ic	N	ADJ
sulphurous	sulphur	-ous	N	ADJ
sultana	sultan	-a	N	N
sultanate	sultan	-ate	N	N
sultry	swelter	-y	V	ADJ
sumatran	sumatra	-an	N	ADJ
sumerian	sumer	-ian	N	ADJ
summarily	summary	-ly	N	ADV
summarise	summary	-ise	N	V
summarize	summary	-ize	ADJ	V
summers	summer	-s	N	N
summery	summer	-y	N	ADJ
summoning	summon	-ing	V	V
summons	summon	-s	V	N
sumptuously	sumptuous	-ly	ADJ	ADV
sunbather	sunbathe	-er	V	N
sunbathing	sunbathe	-ing	V	N
sunburnt	sunburn	-t	N	ADJ
sunderland	sunder	-land	ADJ	N
sundry	sunder	-y	ADJ	ADJ
sunless	sun	-less	N	ADJ
sunny	sun	-y	N	ADJ
suntanned	suntan	-ed	N	ADJ
sup	up	s-	ADJ	ADJ
superabundance	abundance	super-	N	N
superabundance	superabundant	-ce	ADJ	N
superannuated	superannuate	-ed	V	ADJ
superannuation	superannuate	-ion	V	N
superbly	superb	-ly	ADJ	ADV
supercar	car	super-	N	N
supercomputer	computer	super-	V	N
superconducting	conducting	super-	V	ADJ
superconductivity	conductivity	super-	N	N
superconductivity	superconductive	-ity	ADJ	N
superconductor	conductor	super-	N	N
superconductor	superconduct	-or	V	N
superego	ego	super-	N	N
superficiality	superficial	-ity	ADJ	N
superficially	superficial	-ly	ADJ	ADV
superfine	fine	super-	N	ADJ
superfluity	superfluous	-ity	ADJ	N
superglue	glue	super-	N	N
supergroup	group	super-	N	N
superhero	hero	super-	N	N
superhuman	human	super-	ADJ	ADJ
superimpose	impose	super-	V	V
superimposition	imposition	super-	N	N
superintendent	superintend	-ent	V	N
superiority	superior	-ity	ADJ	N
superman	man	super-	N	N
supermodel	model	super-	N	N
supernatant	natant	super-	ADJ	ADJ
supernatural	natural	super-	ADJ	ADJ
supernova	nova	super-	N	N
superoxide	oxide	super-	N	N
superpower	power	super-	N	N
superscalar	scalar	super-	N	ADJ
supersonic	sonic	super-	ADJ	ADJ
superstar	star	super-	N	N
superstate	state	super-	N	N
superstitious	superstition	-ous	N	ADJ
superstitiously	superstitious	-ly	ADJ	ADV
superstore	store	super-	N	N
superstructure	structure	super-	N	N
supertanker	tanker	super-	N	N
supervised	supervise	-ed	V	ADJ
supervisory	supervisor	-y	N	ADJ
superwoman	woman	super-	N	N
supplemental	supplement	-al	N	ADJ
supplementary	supplement	-ary	N	ADJ
supplementation	supplement	-ation	N	N
suppleness	supple	-ness	ADJ	N
supplication	supplicate	-ion	V	N
supportable	support	-able	V	ADJ
supported	support	-ed	V	ADJ
supportive	support	-ive	N	ADJ
supposedly	supposed	-ly	ADJ	ADV
supposition	suppose	-ition	V	N
supposition	suppose	-tion	V	N
suppressant	suppress	-ant	V	N
suppression	suppress	-ion	V	N
suppressor	suppress	-or	V	N
supranational	national	supra-	ADJ	ADJ
supremacist	supremacy	-ist	N	N
supremacy	supreme	-acy	ADJ	N
supremely	supreme	-ly	ADJ	ADV
surcharge	charge	sur-	N	N
sureness	sure	-ness	ADJ	N
surety	sure	-ty	ADJ	N
surfacing	surface	-ing	N	V
surfer	surf	-er	N	N
surgically	surgical	-ly	ADJ	ADV
surly	sir	-ly	N	ADJ
surname	name	sur-	N	N
surpass	pass	sur-	V	V
surrealism	realism	sur-	N	N
surrealism	surreal	-ism	ADJ	N
surrealist	surreal	-ist	ADJ	ADJ
surrealistic	surreal	-istic	ADJ	ADJ
surreptitiously	surreptitious	-ly	ADJ	ADV
surrogacy	surrogate	-cy	N	N
surroundings	surrounding	-s	N	N
surtax	tax	sur-	N	V
surveying	survey	-ing	N	N
surveyor	survey	-or	N	N
survivable	survive	-able	V	ADJ
surviving	survive	-ing	V	V
susceptibility	susceptible	-ity	ADJ	N
suspiciously	suspicious	-ly	ADJ	ADV
sustainability	sustain	-ability	V	N
sustainable	sustain	-able	N	ADJ
sustainably	sustainable	-ly	ADJ	ADV
sustainer	sustain	-er	V	N
suzerainty	suzerain	-ty	N	N
suzerainty	suzerain	-y	N	N
swaddle	swathe	-le	N	V
swaddling	swaddle	-ing	V	V
swampland	swamp	-land	N	N
swampy	swamp	-y	N	ADJ
swanky	swank	-y	N	ADJ
swarthy	swart	-y	ADJ	ADJ
swearing	swear	-ing	N	V
sweater	sweat	-er	N	N
sweating	sweat	-ing	N	N
sweaty	sweat	-y	N	ADJ
swedish	swede	-ish	N	N
sweeper	sweep	-er	N	N
sweeping	sweep	-ing	V	ADJ
sweeten	sweet	-en	ADJ	V
sweetened	sweeten	-ed	V	V
sweetener	sweeten	-er	V	N
sweetie	sweet	-ie	N	N
sweetish	sweet	-ish	N	ADJ
sweetly	sweet	-ly	ADJ	ADV
sweetness	sweet	-ness	ADJ	N
sweety	sweet	-y	ADJ	N
swelling	swell	-ing	N	N
swelter	swelt	-er	V	V
sweltering	swelter	-ing	V	ADJ
swiftly	swift	-ly	ADJ	ADV
swiftness	swift	-ness	N	N
swimmer	swim	-er	V	N
swimwear	swim	-wear	V	N
swindler	swindle	-er	N	N
swingeing	swinge	-ing	V	ADJ
swinger	swing	-er	N	N
swinger	swinge	-er	V	N
swirling	swirl	-ing	V	ADJ
switching	switch	-ing	N	N
swivel	swive	-el	V	N
swordsman	sword	-man	N	N
sybaritic	sybarite	-ic	N	ADJ
sycophancy	sycophant	-cy	N	N
sycophantic	sycophant	-ic	N	ADJ
symbiotic	symbiosis	-otic	N	ADJ
symbiotic	symbiosis	-ic	N	ADJ
symbolically	symbolical	-ly	ADJ	ADV
symbolise	symbol	-ise	N	V
symbolism	symbol	-ism	N	N
symbolist	symbolism	-ist	N	N
symbolize	symbol	-ize	N	V
symmetric	symmetry	-ic	N	ADJ
symmetrical	symmetry	-ical	N	ADJ
symmetrically	symmetrical	-ly	ADJ	ADV
sympathetically	sympathetical	-ly	ADJ	ADV
sympathetically	sympathetic	-ally	ADJ	ADV
sympathise	sympathy	-ise	N	V
sympathiser	sympathise	-er	V	N
sympathize	sympathy	-ize	N	V
sympathizer	sympathize	-er	V	N
symphonic	symphony	-ic	N	ADJ
symptomatic	symptom	-atic	N	ADJ
synchronicity	synchronous	-icity	ADJ	N
synchronicity	synchronic	-ity	ADJ	N
synchronisation	synchronise	-ation	V	N
synchronise	synchrony	-ise	N	V
synchronization	synchronize	-ation	V	N
synchronize	synchrony	-ize	N	V
synchronously	synchronous	-ly	ADJ	ADV
syncopation	syncopate	-ion	N	N
syncopation	syncope	-ation	N	N
syncretism	syncretic	-ism	ADJ	N
syndicalist	syndical	-ist	ADJ	N
synergistic	synergy	-istic	N	ADJ
synonymous	synonym	-ous	N	ADJ
synonymously	synonymous	-ly	ADJ	ADV
synoptic	synopsis	-ic	N	ADJ
syntactic	syntax	-ic	N	ADJ
syntactical	syntactic	-al	ADJ	ADJ
syntactically	syntactic	-ally	ADJ	ADV
synthesiser	synthesise	-er	V	N
synthesize	synthesis	-ize	N	V
synthesizer	synthesize	-er	V	N
synthetic	synthesis	-ic	N	ADJ
syrian	syria	-an	N	ADJ
syrupy	syrup	-y	N	ADJ
systematically	systematic	-ally	ADJ	ADV
systematise	systematic	-ise	ADJ	V
systematize	systematic	-ize	ADJ	V
systemic	system	-ic	N	ADJ
systolic	systole	-ic	N	ADJ
tableware	table	-ware	N	N
tabular	table	-ar	N	ADJ
tabulate	table	-ate	N	V
tabulated	tabulate	-ed	V	V
tabulation	tabulate	-ion	V	N
tabulation	tabulate	-ation	V	N
tacitly	tacit	-ly	ADJ	ADV
tackler	tackle	-er	N	N
tacky	tack	-y	N	ADJ
tactful	tact	-ful	N	ADJ
tactfully	tactful	-ly	ADJ	ADV
tactical	tactic	-al	N	ADJ
tactically	tactical	-ly	ADJ	ADV
tactician	tactic	-ian	N	N
tactless	tact	-less	N	ADJ
tactlessly	tactless	-ly	ADJ	ADV
tactlessness	tactless	-ness	ADJ	N
tailed	tail	-ed	N	V
tailgate	tail	-gate	N	N
tailoring	tailor	-ing	N	N
tainted	taint	-ed	V	ADJ
taiwanese	taiwan	-ese	N	ADJ
taken	take	-n	V	ADJ
taker	take	-er	V	N
talentless	talent	-less	N	ADJ
talkative	talk	-ative	N	ADJ
talker	talk	-er	N	N
talking	talk	-ing	V	N
talking	talk	-ing	V	V
talky	talk	-y	N	ADJ
tallish	tall	-ish	ADJ	ADJ
tally	tall	-ly	ADJ	ADV
tamely	tame	-ly	ADJ	ADV
tameness	tame	-ness	ADJ	N
tamer	tame	-er	ADJ	N
tamper	tamp	-er	V	N
tangential	tangent	-ial	N	ADJ
tangentially	tangential	-ly	ADJ	ADV
tangibly	tangible	-ly	ADJ	ADV
tangy	tang	-y	ADJ	ADJ
tanker	tank	-er	N	N
tankful	tank	-ful	N	N
tanner	tan	-er	V	N
tannery	tan	-ery	N	N
tantalisingly	tantalising	-ly	V	ADV
tantalizing	tantalize	-ing	V	ADJ
tantalizingly	tantalizing	-ly	ADJ	ADV
tanzanian	tanzania	-an	N	N
taper	tape	-er	N	N
tapered	taper	-ed	V	V
tapper	tap	-er	N	N
tardily	tardy	-ly	ADJ	ADV
tardiness	tardy	-ness	ADJ	N
targeting	target	-ing	N	ADJ
tarnished	tarnish	-ed	N	V
tarry	tar	-y	N	ADJ
tarry	tar	-y	N	V
tartly	tart	-ly	N	ADV
tarty	tart	-y	ADJ	ADJ
tasmania	tasman	-ia	N	N
tasmanian	tasmania	-an	N	ADJ
tasselled	tassel	-ed	N	ADJ
tasteful	taste	-ful	N	ADJ
tastefully	tasteful	-ly	ADJ	ADV
tasteless	taste	-less	N	ADJ
taster	taste	-er	N	N
tasting	taste	-ing	N	N
tasting	taste	-ing	N	V
tasty	taste	-y	N	ADJ
tatter	tat	-er	N	N
tattered	tatter	-ed	N	ADJ
tattooed	tattoo	-ed	N	ADJ
tatty	tatter	-y	N	ADJ
tauntingly	taunting	-ly	V	ADV
tauten	taut	-en	ADJ	V
tautly	taut	-ly	ADJ	ADV
tautness	taut	-ness	ADJ	N
tautological	tautology	-ical	N	ADJ
tautologous	tautology	-ous	N	ADJ
taverner	tavern	-er	N	N
taxable	tax	-able	N	ADJ
taxed	tax	-ed	N	ADJ
taxidermist	taxidermy	-ist	N	N
taxman	tax	-man	N	N
taxonomic	taxonomy	-ic	N	ADJ
taxonomist	taxonomy	-ist	N	N
tayside	tay	-side	N	N
teamwork	team	-work	N	N
tearful	tear	-ful	N	ADJ
tearfully	tearful	-ly	ADJ	ADV
teaser	tease	-er	V	N
teasing	tease	-ing	V	V
teasingly	teasing	-ly	V	ADV
teaspoonful	teaspoon	-ful	N	N
technicality	technical	-ity	ADJ	N
technically	technical	-ly	ADJ	ADV
technician	technic	-ian	N	N
technocratic	technocrat	-ic	N	ADJ
technologically	technological	-ly	ADJ	ADV
technologist	technology	-ist	N	N
tectonics	tectonic	-s	ADJ	N
tediously	tedious	-ly	ADJ	ADV
teeny	teen	-y	N	ADJ
teesside	tees	-side	N	N
teething	teethe	-ing	V	N
teetotaller	teetotal	-er	ADJ	N
telecom	com	tele-	N	N
telecommunication	communication	tele-	N	N
telegraphic	telegraph	-ic	N	ADJ
telemetry	-metry	tele-	N	N
teleological	teleologic	-al	ADJ	ADJ
teleological	teleology	-ical	N	ADJ
telepathic	telepathy	-ic	N	ADJ
telepathically	telepathic	-ally	ADJ	ADV
telephonic	telephone	-ic	N	ADJ
telephonist	telephone	-ist	N	N
telephony	telephone	-y	N	N
telephoto	photo	tele-	N	ADJ
teleprinter	printer	tele-	N	N
telesale	sale	tele-	N	N
telescopic	telescope	-ic	N	ADJ
teletext	text	tele-	N	N
televisual	visual	tele-	ADJ	ADJ
teller	tell	-er	V	N
telling	tell	-ing	V	N
telling	tell	-ing	V	V
tellingly	telling	-ly	U	ADV
telly	television	-y	N	N
telly	motel	-y	N	N
temerity	temerarious	-ity	ADJ	N
temperamental	temperament	-al	N	ADJ
temperamentally	temperamental	-ly	ADJ	ADV
tempered	temper	-ed	N	ADJ
tempered	temper	-ed	N	V
tempestuous	tempest	-uous	N	ADJ
templar	temple	-ar	N	ADJ
temporality	temporal	-ity	ADJ	N
temporally	temporal	-ly	ADJ	ADV
temporarily	temporary	-ly	ADJ	ADV
temptation	tempt	-ation	V	N
tempter	tempt	-er	V	N
tempting	tempt	-ing	V	ADJ
temptingly	tempting	-ly	ADJ	ADV
temptress	tempter	-ess	N	N
temptress	tempt	-ress	V	N
tenaciously	tenacious	-ly	ADJ	ADV
tenacity	tenacious	-ity	ADJ	N
tenancy	tenant	-cy	N	N
tendentious	tendency	-ious	N	ADJ
tendentious	tendency	-ous	N	ADJ
tenderer	tender	-er	ADJ	ADJ
tenderly	tender	-ly	N	ADV
tenderness	tender	-ness	N	N
tenfold	ten	-fold	N	ADJ
tenner	ten	-er	N	N
tennyson	dennis	-son	N	N
tensely	tense	-ly	N	ADV
tenseness	tense	-ness	N	N
tensor	tense	-or	N	N
tentatively	tentative	-ly	N	ADV
tenth	ten	-th	N	ADJ
tenuous	tenuis	-ous	ADJ	ADJ
tenuously	tenuous	-ly	ADJ	ADV
tenurial	tenure	-ial	N	ADJ
terminally	terminal	-ly	N	ADV
terminate	terminus	-ate	N	V
terminated	terminate	-ed	V	V
termination	terminate	-ion	V	N
terminator	terminate	-or	V	N
terminological	terminology	-ical	N	ADJ
termly	term	-ly	N	ADJ
terribly	terrible	-ly	ADJ	ADV
terrifically	terrific	-ally	ADJ	ADV
terrifyingly	terrifying	-ly	ADJ	ADV
territorial	territory	-al	N	ADJ
territoriality	territorial	-ity	ADJ	N
territorially	territorial	-ly	ADJ	ADV
terrorise	terror	-ise	N	V
terrorize	terror	-ize	N	V
tersely	terse	-ly	ADJ	ADV
testable	test	-able	N	ADJ
testamentary	testament	-ary	N	ADJ
tester	test	-er	N	N
testicular	testicle	-ar	N	ADJ
testily	testy	-ly	ADJ	ADV
testimonial	testimony	-al	N	N
tethered	tether	-ed	N	ADJ
tetrachloride	chloride	tetra-	N	N
tetracycline	tetracyclic	-ine	ADJ	N
teutonic	teuton	-ic	N	ADJ
texan	texas	-an	N	ADJ
textual	text	-ual	N	ADJ
textuality	textual	-ity	ADJ	N
textually	textual	-ly	ADJ	ADV
textural	texture	-al	N	ADJ
textured	texture	-ed	N	ADJ
thailand	thai	-land	N	N
thankful	thank	-ful	V	ADJ
thankfully	thankful	-ly	ADJ	ADV
thankfulness	thankful	-ness	ADJ	N
thankless	thank	-less	V	ADJ
thatcherism	thatcher	-ism	N	N
thatcherite	thatcher	-ite	N	ADJ
theatrical	theatre	-ical	N	ADJ
theatricality	theatrical	-ity	ADJ	N
theatrically	theatrical	-ly	ADJ	ADV
theirs	their	-s	ADV	U
thematic	theme	-atic	N	ADJ
thematically	thematic	-ally	ADJ	ADV
themed	theme	-ed	N	ADJ
theologian	theology	-ian	N	N
theological	theology	-ical	N	ADJ
theologically	theological	-ly	ADJ	ADV
theoretically	theoretical	-ly	ADJ	ADV
theoretician	theoretic	-ian	ADJ	N
theorist	theory	-ist	N	N
theorize	theory	-ize	N	V
therapeutic	therapy	-ic	N	ADJ
therapeutically	therapeutic	-ally	ADJ	ADV
therapeutics	therapeutic	-s	ADJ	N
thereabouts	thereabout	-s	ADV	ADV
thermally	thermal	-ly	ADJ	ADV
thermocouple	couple	thermo-	N	N
thermodynamic	dynamic	thermo-	ADJ	ADJ
thermodynamics	dynamics	thermo-	N	N
thermonuclear	nuclear	thermo-	ADJ	ADJ
thermoplastic	plastic	thermo-	ADJ	ADJ
thermostatic	thermostat	-ic	N	ADJ
thermostatically	thermostatic	-ally	ADJ	ADV
thicken	thick	-en	ADJ	V
thickening	thicken	-ing	V	N
thicket	thick	-et	ADJ	N
thickly	thick	-ly	ADJ	ADV
thickness	thick	-ness	ADJ	N
thieving	thieve	-ing	V	ADJ
thimble	thumb	-le	N	N
thimbleful	thimble	-ful	N	N
thingy	thing	-y	N	N
thinkable	think	-able	V	ADJ
thinker	think	-er	V	N
thinly	thin	-ly	ADJ	ADV
thinner	thin	-er	ADJ	ADJ
thinner	thinning	-er	N	N
thinness	thin	-ness	ADJ	N
thinning	thinner	-ing	N	N
thinnish	thin	-ish	ADJ	ADJ
thirdly	third	-ly	ADJ	ADV
thirstily	thirsty	-ly	ADJ	ADV
thirsty	thirst	-y	N	ADJ
thirteenth	thirteen	-th	N	ADJ
thirtieth	thirty	-eth	N	ADJ
thomason	thomas	-son	N	N
thompson	tom	-son	N	N
thomson	tom	-son	N	N
thoracic	thorax	-ic	N	ADJ
thorium	thor	-ium	N	N
thorny	thorn	-y	N	ADJ
thoroughgoing	thoroughgo	-ing	V	ADJ
thoroughness	thorough	-ness	ADJ	N
thoughtful	thought	-ful	N	ADJ
thoughtfully	thoughtful	-ly	ADJ	ADV
thoughtfulness	thoughtful	-ness	ADJ	N
thoughtless	thought	-less	N	ADJ
thoughtlessly	thoughtless	-ly	ADJ	ADV
thoughtlessness	thoughtless	-ness	ADJ	N
thousandfold	thousand	-fold	U	ADJ
thousandth	thousand	-th	N	ADJ
thrashing	thrash	-ing	V	N
threaded	thread	-ed	V	ADJ
threatening	threaten	-ing	V	V
threatening	threaten	-ing	V	ADJ
threateningly	threatening	-ly	ADJ	ADV
threefold	three	-fold	N	ADJ
threefold	three	-fold	N	ADV
threesome	three	-some	N	N
thresher	thresh	-er	V	N
threshing	thresh	-ing	V	V
thrift	thrive	-t	V	N
thrifty	thrift	-y	N	ADJ
thriller	thrill	-er	N	N
thrilling	thrill	-ing	N	V
thrillingly	thrilling	-ly	ADJ	ADV
throatily	throaty	-ly	ADJ	ADV
throaty	throat	-y	N	ADJ
thrombosis	thrombus	-osis	N	N
thromboxane	oxane	thromb-	N	N
throttle	throat	-le	N	N
thrower	throw	-er	N	N
throwing	throw	-ing	V	V
thruster	thrust	-er	V	N
thuggery	thug	-ery	N	N
thuggish	thug	-ish	N	ADJ
thundering	thunder	-ing	N	V
thundering	thunder	-ing	N	N
thunderous	thunder	-ous	N	ADJ
thunderously	thunderous	-ly	ADJ	ADV
thundery	thunder	-y	N	ADJ
thwaites	thwaite	-s	N	N
tibetan	tibet	-an	N	ADJ
ticker	tick	-er	N	N
ticking	tick	-ing	N	N
tickle	tick	-le	N	N
ticklish	tickle	-ish	N	ADJ
tidal	tide	-al	N	ADJ
tidily	tidy	-ly	V	ADV
tidiness	tidy	-ness	V	N
tidy	tide	-y	N	ADJ
tied	tie	-ed	N	ADJ
tier	tie	-er	N	N
tigerish	tiger	-ish	V	ADJ
tighter	tight	-er	ADJ	ADJ
tightness	tight	-ness	ADJ	N
tigress	tiger	-ess	N	N
tiled	tile	-ed	N	V
tiler	tile	-er	N	N
tiller	till	-er	N	N
tilly	till	-y	N	ADJ
timbered	timber	-ed	N	ADJ
timed	time	-ed	V	V
timeless	time	-less	N	ADJ
timelessness	timeless	-ness	ADJ	N
timeliness	timely	-ness	ADV	N
timely	time	-ly	N	ADJ
timer	time	-er	N	N
times	time	-s	N	N
timetabled	timetable	-ed	V	V
timetabling	timetable	-ing	V	V
timidity	timid	-ity	ADJ	N
timidly	timid	-ly	ADJ	ADV
timmy	tim	-y	N	N
tingling	tingle	-ing	N	N
tinkering	tinker	-ing	V	V
tinkle	tink	-le	V	V
tinkling	tinkle	-ing	N	ADJ
tinkly	tinkle	-y	N	ADJ
tinny	tin	-y	N	ADJ
tipper	tip	-er	N	N
tipping	tip	-ing	V	N
tipple	tip	-le	N	N
tipster	tip	-ster	U	N
tipsy	tips	-y	N	ADJ
tiredly	tired	-ly	ADJ	ADV
tiredness	tired	-ness	ADJ	N
tireless	tire	-less	N	ADJ
tirelessly	tireless	-ly	ADJ	ADV
tiresome	tire	-some	N	ADJ
tiresomely	tiresome	-ly	ADJ	ADV
tiring	tire	-ing	N	V
titanic	titan	-ic	N	ADJ
titanic	titanium	-ic	N	ADJ
titanium	titan	-ium	N	N
titillation	titillate	-ion	V	N
titrate	titre	-ate	ADJ	V
titration	titrate	-ion	V	N
titty	tit	-y	N	N
titular	title	-ar	N	ADJ
toady	toadeater	-y	N	N
toady	toad	-y	N	ADJ
toady	toad	-y	N	N
toaster	toast	-er	N	N
tobacconist	tobacco	-ist	N	N
toddler	toddle	-er	V	N
togetherness	together	-ness	ADJ	N
toggle	tug	-le	V	N
togo	go	to-	V	V
toiler	toil	-er	N	N
toileting	toilet	-ing	N	V
toiletry	toilet	-ry	N	N
tokenism	token	-ism	N	N
tolerable	tolerate	-able	V	ADJ
tolerably	tolerable	-ly	ADJ	ADV
tolerably	tolerable	-ly	ADJ	U
tolerance	tolerant	-ce	ADJ	N
tolerantly	tolerant	-ly	ADJ	ADV
toleration	tolerate	-ion	V	N
toluene	tolu	-ene	N	N
tomfoolery	tomfool	-ery	V	N
tomlinson	thomas	-son	N	N
tommy	tom	-y	N	N
tonal	tone	-al	N	ADJ
tonality	tonal	-ity	ADJ	N
tonally	tonal	-ly	ADJ	ADV
toneless	tone	-less	N	ADJ
tonelessly	toneless	-ly	ADJ	ADV
toner	tone	-er	N	N
tonic	tone	-ic	N	ADJ
tonic	tone	-ic	N	N
tonnage	tonne	-age	N	N
tonsillitis	tonsil	-itis	N	N
tooled	tool	-ed	N	V
toothed	tooth	-ed	N	ADJ
toothless	tooth	-less	N	ADJ
toothsome	tooth	-some	N	ADJ
toothy	tooth	-y	N	ADJ
tootle	toot	-le	N	V
toper	tope	-er	U	N
topical	topic	-al	N	ADJ
topicality	topical	-ity	ADJ	N
topically	topical	-ly	ADJ	ADV
topless	top	-less	N	ADJ
topmost	top	-most	N	ADJ
topographer	topography	-er	N	N
topographic	topography	-ic	N	ADJ
topographical	topography	-ical	N	ADJ
topographically	topographic	-ally	ADJ	ADV
topographically	topographical	-ly	ADJ	ADV
topological	topology	-ical	N	ADJ
topper	top	-er	N	N
topping	top	-ing	N	V
topple	top	-le	N	V
tormentor	torment	-or	N	N
torrential	torrent	-ial	N	ADJ
torsional	torsion	-al	N	ADJ
tortious	tort	-ious	N	ADJ
tortuously	tortuous	-ly	ADJ	ADV
torturer	torture	-er	N	N
torturous	torture	-ous	N	ADJ
toryism	tory	-ism	N	N
tosser	toss	-er	N	N
totalitarian	totality	-arian	N	ADJ
totalitarianism	totalitarian	-ism	ADJ	N
totality	total	-ity	ADJ	N
totalization	total	-ization	N	N
totemic	totem	-ic	N	ADJ
tottering	totter	-ing	V	V
touching	touch	-ing	V	V
touching	touch	-ing	V	N
touchingly	touching	-ly	V	ADV
touchy	touch	-y	V	ADJ
toughen	tough	-en	ADJ	V
toughie	tough	-ie	ADJ	N
toughness	tough	-ness	ADJ	N
tourer	tour	-er	N	N
touristy	tourist	-y	N	ADJ
tousle	touse	-le	V	V
tousled	tousle	-ed	V	ADJ
towing	tow	-ing	N	V
townscape	town	-scape	N	N
township	town	-ship	N	N
townsman	town	-man	N	N
towny	town	-y	N	N
toxicity	toxic	-ity	ADJ	N
toxicological	toxicology	-ical	N	ADJ
traceable	trace	-able	N	ADJ
tracer	trace	-er	V	N
tracery	trace	-ery	N	N
tracheal	trachea	-al	N	ADJ
tracing	trace	-ing	N	N
tracker	track	-er	N	N
tracking	track	-ing	N	ADJ
trackless	track	-less	N	ADJ
trackside	track	-side	N	ADJ
tractor	tract	-or	N	N
tradable	trade	-able	V	ADJ
tradesman	trade	-man	N	N
traditionalism	traditional	-ism	ADJ	N
traditionalist	traditional	-ist	ADJ	N
trafficker	traffic	-er	N	N
trafficking	traffic	-ing	V	V
tragedian	tragedy	-ian	N	N
tragically	tragic	-ally	ADJ	ADV
trainee	train	-ee	N	N
traitorous	traitor	-ous	N	ADJ
tramline	tram	-ine	N	N
trample	tramp	-le	N	V
tranquility	tranquil	-ity	ADJ	N
tranquillity	tranquil	-ity	ADJ	N
tranquilly	tranquil	-ly	ADJ	ADV
transactional	transaction	-al	N	ADJ
transatlantic	atlantic	trans-	N	ADJ
transboundary	boundary	trans-	N	ADJ
transcendence	transcend	-ence	V	N
transcendence	transcendent	-ence	ADJ	N
transcendent	transcend	-ent	V	ADJ
transcendental	transcendent	-al	ADJ	ADJ
transcontinental	continental	trans-	ADJ	ADJ
transcription	transcript	-ion	N	N
transcriptional	transcription	-al	N	ADJ
transducer	transduce	-er	V	N
transduction	transduce	-ion	V	N
transferability	transfer	-ability	V	N
transferable	transfer	-able	N	ADJ
transferee	transfer	-ee	N	N
transferor	transfer	-or	N	N
transferred	transfer	-ed	V	V
transformational	transformation	-al	N	ADJ
transformer	transform	-er	N	N
transfusion	transfuse	-ion	V	N
transgene	gene	trans-	N	N
transgression	transgress	-ion	V	N
transgressive	transgress	-ive	V	ADJ
transgressive	transgression	-ive	N	ADJ
transgressor	transgress	-or	V	N
transience	transient	-ence	ADJ	N
transiently	transient	-ly	ADJ	ADV
transitional	transition	-al	N	ADJ
transitive	transition	-ive	N	ADJ
transitory	transit	-ory	N	ADJ
transkei	kei	trans-	N	N
translatable	translate	-able	V	ADJ
translational	translation	-al	N	ADJ
translator	translate	-or	V	N
translocation	location	trans-	N	N
translocation	translocate	-ion	V	N
translucence	translucent	-ence	ADJ	N
translucency	translucent	-cy	ADJ	N
transmitter	transmit	-er	V	N
transmutation	transmute	-ation	V	N
transnational	national	trans-	ADJ	ADJ
transparency	transparent	-cy	N	N
transparently	transparent	-ly	N	ADV
transpiration	transpire	-ation	V	N
transplant	plant	trans-	N	V
transplantation	transplant	-ation	V	N
transportable	transport	-able	N	ADJ
transporter	transport	-er	N	N
transposition	transpose	-ition	V	N
transposition	transpose	-tion	V	N
transsexual	sexual	trans-	ADJ	ADJ
transvaal	vaal	trans-	N	N
transworld	world	trans-	N	ADJ
transylvanian	transylvania	-an	N	ADJ
tranter	trant	-er	V	N
trapper	trap	-er	N	N
trapping	trap	-ing	N	N
trashy	trash	-y	N	ADJ
traumatic	trauma	-ic	N	ADJ
traumatize	traumatic	-ize	ADJ	V
trawler	trawl	-er	N	N
treacherous	treachery	-ous	N	ADJ
treacherously	treacherous	-ly	ADJ	ADV
treacly	treacle	-ly	N	ADJ
treacly	treacle	-y	N	ADJ
treadle	tread	-le	N	N
treasonable	treason	-able	N	ADJ
treasurer	treasure	-er	N	N
treatable	treat	-able	V	ADJ
treatise	treat	-ise	N	N
treeless	tree	-less	N	ADJ
treeline	tree	-ine	N	N
trekker	trek	-er	N	N
trembling	tremble	-ing	N	ADJ
trembly	tremble	-y	V	ADJ
tremendously	tremendous	-ly	ADJ	ADV
tremulously	tremulous	-ly	ADJ	ADV
trenchantly	trenchant	-ly	ADJ	ADV
trendy	trend	-y	N	ADJ
trepidation	trepid	-ation	ADJ	N
trespasser	trespass	-er	N	N
trialist	trial	-ist	N	N
triangle	angle	tri-	N	N
triangular	triangle	-ar	N	ADJ
triangulation	triangulate	-ion	V	N
tribalism	tribal	-ism	N	N
tribesman	tribe	-man	N	N
tributary	tribute	-ary	N	N
trickery	trick	-ery	N	N
trickster	trick	-ster	N	N
tricky	trick	-y	N	ADJ
tricolor	color	tri-	N	ADJ
tricolor	color	tri-	N	N
tricolour	colour	tri-	N	N
tried	try	-ed	V	ADJ
trier	try	-er	V	N
trifling	trifle	-ing	N	ADJ
triglyceride	glyceride	tri-	N	N
trimmer	trim	-er	ADJ	ADJ
trimmer	trim	-er	ADJ	N
trimmer	trimming	-er	N	N
trimming	trimmer	-ing	N	N
trinidadian	trinidad	-ian	N	N
trinity	trine	-ity	ADJ	N
tripartite	partite	tri-	ADJ	ADJ
triplicate	plicate	tri-	ADJ	ADJ
tripper	trip	-er	N	N
trippy	trip	-y	N	ADJ
tristar	star	tri-	N	ADJ
triteness	trite	-ness	ADJ	N
triton	tritium	-on	N	N
triumphal	triumph	-al	V	ADJ
triumphalism	triumphal	-ism	ADJ	N
triumphalist	triumphal	-ist	ADJ	ADJ
triumphant	triumph	-ant	N	ADJ
triumphantly	triumphant	-ly	ADJ	ADV
trivia	trivium	-a	N	N
trivia	trivium	-ia	N	N
trivial	trivium	-al	N	ADJ
trivialise	trivial	-ise	ADJ	V
triviality	trivial	-ity	ADJ	N
trivialize	trivial	-ize	ADJ	V
trivially	trivial	-ly	ADJ	ADV
trooper	troop	-er	N	N
troopship	troop	-ship	N	N
tropics	tropic	-s	N	N
troth	true	-th	ADJ	N
trotskyist	trotsky	-ist	N	N
trotskyite	trotsky	-ite	N	N
trotter	trot	-er	N	N
troubled	trouble	-ed	ADJ	ADJ
troublesome	trouble	-some	ADJ	ADJ
troubling	trouble	-ing	ADJ	ADJ
trouncing	trounce	-ing	V	N
trouper	troupe	-er	N	N
trousered	trouser	-ed	N	ADJ
truancy	truant	-cy	ADJ	N
trucker	truck	-er	N	N
trucker	truck	-er	N	ADJ
truculence	truculent	-ce	ADJ	N
truculence	truculent	-ence	ADJ	N
truculently	truculent	-ly	ADJ	ADV
trudy	gertrude	-y	N	N
truism	true	-ism	ADJ	N
trumper	trump	-er	N	N
trumpet	trump	-et	N	N
trumpeter	trumpet	-er	N	N
truncated	truncate	-ed	V	ADJ
truncation	truncate	-ion	V	N
trusteeship	trustee	-ship	N	N
trusting	trust	-ing	V	V
trusting	trust	-ing	V	ADJ
trustingly	trusting	-ly	V	ADV
trustworthiness	trustworthy	-ness	ADJ	N
trustworthy	trust	-worthy	N	ADJ
trusty	trust	-y	V	ADJ
truthful	truth	-ful	N	ADJ
truthfully	truthful	-ly	ADJ	ADV
truthfulness	truthful	-ness	ADJ	N
trying	try	-ing	N	ADJ
tsarist	tsar	-ist	N	N
tubby	tub	-y	N	ADJ
tubing	tube	-ing	N	N
tubular	tubule	-ar	N	ADJ
tubule	tube	-ule	N	N
tucker	tuck	-er	V	V
tucker	tuck	-er	V	N
tumbler	tumble	-er	N	N
tumultuous	tumult	-uous	N	ADJ
tuneful	tune	-ful	N	ADJ
tuneless	tune	-less	N	ADJ
tunelessly	tuneless	-ly	ADJ	ADV
tuner	tune	-er	N	N
tunisia	tunis	-ia	N	N
tunisian	tunisia	-an	N	N
tupperware	tupper	-ware	N	N
turbidity	turbid	-ity	ADJ	N
turbocharge	charge	turbo-	N	V
turbocharged	charged	turbo-	V	ADJ
turbocharger	turbocharge	-er	V	N
turbulence	turbulent	-ence	ADJ	N
turkic	turk	-ic	N	N
turkish	turk	-ish	N	N
turkish	turk	-ish	N	ADJ
turkmenistan	turkmen	-stan	N	N
turned	turn	-ed	V	V
turner	turn	-er	V	N
turning	turn	-ing	N	N
turreted	turret	-ed	N	ADJ
tussock	tusk	-ock	N	N
tussocky	tussock	-y	N	ADJ
tutelary	tutelar	-ary	ADJ	ADJ
tutorial	tutor	-ial	N	ADJ
tweedy	tweed	-y	N	ADJ
tweezers	tweezer	-s	ADJ	N
twelfth	twelve	-th	N	ADJ
twiddly	twiddle	-y	V	ADJ
twiggy	twig	-y	N	ADJ
twilight	light	twi-	N	N
twinkle	twink	-le	V	V
twinkling	twinkle	-ing	V	ADJ
twinkling	twinkle	-ing	V	N
twisted	twist	-ed	N	V
twister	twist	-er	N	N
twisty	twist	-y	N	ADJ
twitcher	twitch	-er	N	N
twitching	twitch	-ing	N	V
twitchy	twitch	-y	N	ADJ
twofold	two	-fold	N	ADJ
twosome	two	-some	N	ADJ
tying	tie	-ing	N	N
typecast	type	-cast	N	V
typesetter	typeset	-er	V	N
typesetting	typeset	-ing	V	N
typewriter	typewrite	-er	V	N
typewriting	typewrite	-ing	V	V
typhoid	typhus	-oid	N	ADJ
typification	type	-ification	N	N
typify	type	-fy	N	V
typify	type	-ify	N	V
typing	type	-ing	N	N
typist	type	-ist	N	N
typographic	typography	-ic	N	ADJ
typographical	typography	-ical	N	ADJ
typography	type	-graphy	N	N
typological	typology	-ical	N	ADJ
typology	type	-ology	N	N
tyrannical	tyranny	-ical	N	ADJ
tyson	dennis	-son	N	N
ubiquitous	ubiquity	-ous	N	ADJ
ugandan	uganda	-an	N	N
ugliness	ugly	-ness	ADJ	N
ukrainian	ukraine	-ian	N	ADJ
ulcerated	ulcer	-ated	N	ADJ
ulceration	ulcer	-ation	N	N
ulceration	ulcerate	-ion	V	N
ulcerative	ulcerate	-ive	V	ADJ
ulsterman	ulster	-man	N	N
ultramarine	marine	ultra-	ADJ	N
ultrasonic	sonic	ultra-	ADJ	ADJ
ultrasonography	sonography	ultra-	N	N
ultrasonography	ultrasonograph	-y	N	N
ultrasound	sound	ultra-	N	N
ultraviolet	violet	ultra-	ADJ	ADJ
umbilical	umbilicus	-al	N	ADJ
umpteen	umpty	-teen	ADJ	U
umpteenth	umpteen	-th	U	ADJ
unabashed	abashed	un-	ADJ	ADJ
unabashed	bashed	un-	V	ADJ
unabated	abated	un-	V	ADJ
unacceptable	acceptable	un-	ADJ	ADJ
unacceptably	unacceptable	-ly	ADJ	ADV
unacceptably	unacceptable	-ly	ADJ	U
unacceptably	acceptably	un-	ADV	ADV
unaccompanied	accompanied	un-	ADJ	ADJ
unaccompanied	accompany	un-	V	ADJ
unaccountable	accountable	un-	ADJ	ADJ
unaccountable	account	un-	N	ADJ
unaccountably	unaccountable	-ly	ADJ	ADV
unaccountably	accountable	un-	ADJ	ADJ
unaccounted	accounted	un-	V	ADJ
unaccustomed	accustomed	un-	ADJ	ADJ
unachievable	achievable	un-	ADJ	ADJ
unacknowledged	acknowledged	un-	ADJ	ADJ
unacquainted	acquainted	un-	ADJ	ADJ
unaddressed	addressed	un-	ADJ	ADJ
unadjusted	adjusted	un-	ADJ	ADJ
unadorned	adorned	un-	V	ADJ
unadulterated	adulterated	un-	ADJ	ADJ
unadventurous	adventurous	un-	ADJ	ADJ
unaffected	affected	un-	ADJ	ADJ
unaffordable	affordable	un-	ADJ	ADJ
unaided	aided	un-	V	ADJ
unallocated	allocated	un-	ADJ	ADJ
unalloyed	alloyed	un-	ADJ	ADJ
unalterable	alterable	un-	ADJ	ADJ
unaltered	altered	un-	V	ADJ
unambiguous	ambiguous	un-	ADJ	ADJ
unambiguously	unambiguous	-ly	ADJ	ADV
unambiguously	ambiguously	un-	ADV	ADV
unambitious	ambitious	un-	ADJ	ADJ
unamused	amused	un-	V	ADJ
unanalysed	analysed	un-	V	ADJ
unanimity	unanimous	-ity	ADJ	N
unanimously	unanimous	-ly	ADJ	ADV
unannounced	announced	un-	V	ADJ
unanswerable	answerable	un-	ADJ	ADJ
unanswered	answered	un-	V	ADJ
unanticipated	anticipated	un-	ADJ	ADJ
unapologetic	apologetic	un-	ADJ	ADJ
unappealing	appealing	un-	ADJ	ADJ
unappreciated	appreciated	un-	V	ADJ
unappreciative	appreciative	un-	ADJ	ADJ
unapproachable	approachable	un-	ADJ	ADJ
unapproved	approved	un-	ADJ	ADJ
unarguable	arguable	un-	ADJ	ADJ
unarmed	armed	un-	ADJ	ADJ
unarticulated	articulated	un-	V	ADJ
unashamed	ashamed	un-	ADJ	ADJ
unashamedly	unashamed	-ly	ADJ	ADV
unashamedly	ashamedly	un-	ADV	ADV
unasked	asked	un-	V	ADJ
unassailable	assailable	un-	ADJ	ADJ
unassisted	assisted	un-	V	ADJ
unassociated	associated	un-	ADJ	ADJ
unassuming	assuming	un-	V	ADJ
unattached	attached	un-	ADJ	ADJ
unattainable	attainable	un-	ADJ	ADJ
unattended	attended	un-	V	ADJ
unattractive	attractive	un-	ADJ	ADJ
unauthorised	authorised	un-	ADJ	ADJ
unauthorized	authorized	un-	ADJ	ADJ
unauthorized	authorize	un-	V	ADJ
unavailability	availability	un-	N	N
unavailability	unavailable	-ity	ADJ	N
unavailable	available	un-	ADJ	ADJ
unavailing	availing	un-	V	ADJ
unavailing	avail	un-	N	ADJ
unavoidable	avoidable	un-	ADJ	ADJ
unavoidably	unavoidable	-ly	ADJ	ADV
unaware	aware	un-	ADJ	ADJ
unawareness	unaware	-ness	ADJ	N
unawareness	awareness	un-	N	N
unawares	unaware	-s	ADJ	ADV
unbalance	balance	un-	N	V
unbalanced	balanced	un-	V	ADJ
unbalanced	unbalance	-ed	N	ADJ
unbearable	bearable	un-	ADJ	ADJ
unbearably	unbearable	-ly	ADJ	ADV
unbearably	bearably	un-	ADV	ADV
unbeaten	beaten	un-	ADJ	ADJ
unbecoming	becoming	un-	V	ADJ
unbeknown	beknown	un-	ADJ	ADJ
unbeknownst	unbeknown	-st	ADJ	ADV
unbelief	belief	un-	N	N
unbelievable	believable	un-	ADJ	ADJ
unbelievably	unbelievable	-ly	ADJ	ADV
unbelievably	unbelievable	-ly	ADJ	U
unbelievably	believably	un-	ADV	ADV
unbeliever	believer	un-	N	N
unbend	bend	un-	V	V
unbiased	biased	un-	ADJ	ADJ
unbidden	bidden	un-	V	ADJ
unbind	bind	un-	V	V
unbleached	bleached	un-	ADJ	ADJ
unblemished	blemished	un-	V	ADJ
unblinking	blinking	un-	ADJ	ADJ
unblinkingly	unblinking	-ly	ADJ	ADV
unblinkingly	blinking	un-	ADJ	ADJ
unblock	block	un-	N	V
unblocked	blocked	un-	ADJ	ADJ
unblocked	unblock	-ed	V	V
unblocked	unblock	-ed	V	ADJ
unborn	born	un-	ADJ	ADJ
unbound	bound	un-	V	ADJ
unbounded	bounded	un-	ADJ	ADJ
unbounded	unbound	-ed	ADJ	ADJ
unbowed	bowed	un-	V	ADJ
unbranded	branded	un-	V	ADJ
unbreakable	breakable	un-	ADJ	ADJ
unbridgeable	bridgeable	un-	ADJ	ADJ
unbridled	bridled	un-	V	ADJ
unbridled	unbridle	-ed	V	ADJ
unbroken	broken	un-	ADJ	ADJ
unbuckle	buckle	un-	N	V
unburden	burden	un-	N	V
unburned	burned	un-	V	ADJ
unburnt	burnt	un-	V	ADJ
unbutton	button	un-	N	V
unbuttoned	unbutton	-ed	V	ADJ
uncalled	called	un-	V	ADJ
uncannily	uncanny	-ly	ADJ	ADV
uncanny	canny	un-	ADJ	ADJ
uncapped	capped	un-	V	ADJ
uncapped	uncap	-ed	V	V
uncared	cared	un-	V	ADJ
uncaring	caring	un-	ADJ	ADJ
uncarpeted	carpeted	un-	V	ADJ
unceasing	ceasing	un-	V	ADJ
unceasingly	unceasing	-ly	ADJ	ADV
uncensored	censored	un-	ADJ	ADJ
unceremonious	ceremonious	un-	ADJ	ADJ
unceremoniously	unceremonious	-ly	ADJ	ADV
unceremoniously	ceremoniously	un-	ADV	ADV
uncertainly	uncertain	-ly	ADJ	ADV
uncertainly	certainly	un-	ADV	ADV
unchallengeable	challengeable	un-	ADJ	ADJ
unchallenged	challenged	un-	ADJ	ADJ
unchangeable	changeable	un-	ADJ	ADJ
unchanged	changed	un-	V	ADJ
unchanging	changing	un-	ADJ	ADJ
unchaperoned	chaperoned	un-	V	ADJ
uncharacteristic	characteristic	un-	ADJ	ADJ
uncharacteristically	uncharacteristic	-ally	ADJ	ADV
uncharacteristically	characteristically	un-	ADV	ADV
uncharged	charged	un-	V	ADJ
uncharitable	charitable	un-	ADJ	ADJ
uncharitably	uncharitable	-ly	ADJ	ADV
uncharted	charted	un-	V	ADJ
unchecked	checked	un-	ADJ	ADJ
uncivilized	civilized	un-	ADJ	ADJ
unclaimed	claimed	un-	V	ADJ
unclasped	clasped	un-	V	ADJ
unclassified	classified	un-	V	ADJ
unclean	clean	un-	ADJ	ADJ
unclear	clear	un-	ADJ	ADJ
uncleared	cleared	un-	V	ADJ
unclench	clench	un-	V	V
unclipped	clipped	un-	V	ADJ
unclipped	unclip	-ed	V	V
unclouded	clouded	un-	ADJ	ADJ
uncoil	coil	un-	N	V
uncollected	collected	un-	ADJ	ADJ
uncombed	combed	un-	ADJ	ADJ
uncomfortably	uncomfortable	-ly	ADJ	ADV
uncomfortably	comfortably	un-	ADV	ADV
uncommercial	commercial	un-	N	ADJ
uncommitted	committed	un-	V	ADJ
uncommon	common	un-	N	ADJ
uncommonly	uncommon	-ly	ADJ	ADV
uncommonly	commonly	un-	ADV	ADV
uncommunicative	communicative	un-	ADJ	ADJ
uncompetitive	competitive	un-	ADJ	ADJ
uncompetitiveness	uncompetitive	-ness	ADJ	N
uncompetitiveness	competitiveness	un-	N	N
uncompleted	completed	un-	V	ADJ
uncomplicated	complicated	un-	ADJ	ADJ
uncomplimentary	complimentary	un-	ADJ	ADJ
uncomprehending	comprehending	un-	V	ADJ
uncompromising	compromising	un-	V	ADJ
uncompromisingly	uncompromising	-ly	ADJ	ADV
unconcealed	concealed	un-	V	ADJ
unconcern	concern	un-	N	N
unconcerned	concerned	un-	ADJ	ADJ
unconcernedly	unconcerned	-ly	ADJ	ADV
unconditional	conditional	un-	ADJ	ADJ
unconditionally	unconditional	-ly	ADJ	ADV
unconditionally	conditionally	un-	ADV	ADV
unconditioned	conditioned	un-	V	ADJ
unconfined	confined	un-	V	ADJ
unconfirmed	confirmed	un-	V	ADJ
uncongenial	congenial	un-	ADJ	ADJ
unconnected	connected	un-	ADJ	ADJ
unconquerable	conquerable	un-	ADJ	ADJ
unconquered	conquered	un-	V	ADJ
unconscionable	conscionable	un-	ADJ	ADJ
unconscionably	unconscionable	-ly	ADJ	ADV
unconscious	conscious	un-	ADJ	ADJ
unconsciously	consciously	un-	ADV	ADV
unconsciously	unconscious	-ly	ADJ	ADV
unconsciousness	unconscious	-ness	ADJ	N
unconsciousness	consciousness	un-	N	N
unconsidered	considered	un-	V	ADJ
unconsolidated	consolidated	un-	ADJ	ADJ
unconstitutional	constitutional	un-	ADJ	ADJ
unconstitutional	constitution	un-	N	ADJ
unconstitutionally	unconstitutional	-ly	ADJ	ADV
unconstitutionally	constitution	un-	N	ADV
unconstrained	constrained	un-	V	ADJ
uncontainable	containable	un-	ADJ	ADJ
uncontaminated	contaminated	un-	ADJ	ADJ
uncontentious	contentious	un-	ADJ	ADJ
uncontested	contested	un-	ADJ	ADJ
uncontrollable	controllable	un-	ADJ	ADJ
uncontrollably	uncontrollable	-ly	ADJ	ADV
uncontrolled	controlled	un-	ADJ	ADJ
uncontroversial	controversial	un-	ADJ	ADJ
unconventional	conventional	un-	ADJ	ADJ
unconverted	converted	un-	ADJ	ADJ
unconvicted	convicted	un-	V	ADJ
unconvinced	convinced	un-	ADJ	ADJ
unconvincing	convincing	un-	ADJ	ADJ
unconvincingly	unconvincing	-ly	ADJ	ADV
uncooked	cooked	un-	ADJ	ADJ
uncooked	uncook	-ed	V	ADJ
uncooperative	cooperative	un-	ADJ	ADJ
uncoordinated	coordinated	un-	ADJ	ADJ
uncork	cork	un-	N	V
uncorrected	corrected	un-	V	ADJ
uncorrelated	correlated	un-	V	ADJ
uncorroborated	corroborated	un-	ADJ	ADJ
uncorrupted	corrupted	un-	ADJ	ADJ
uncounted	counted	un-	V	ADJ
uncouple	couple	un-	V	V
uncoupled	coupled	un-	V	ADJ
uncoupled	uncouple	-ed	V	ADJ
uncouth	couth	un-	ADJ	ADJ
uncovered	covered	un-	ADJ	ADJ
uncreative	creative	un-	ADJ	ADJ
uncritical	critical	un-	ADJ	ADJ
uncritical	crticial	un-	ADJ	ADJ
uncritically	uncritical	-ly	ADJ	ADV
uncritically	critically	un-	ADV	ADV
uncrossed	crossed	un-	V	ADJ
uncrowded	crowded	un-	ADJ	ADJ
uncrowned	crowned	un-	V	ADJ
unctuously	unctuous	-ly	ADJ	ADV
uncultivated	cultivated	un-	V	ADJ
uncurl	curl	un-	V	V
uncurtained	curtained	un-	V	ADJ
uncut	cut	un-	ADJ	ADJ
undamaged	damaged	un-	V	ADJ
undated	dated	un-	ADJ	ADJ
undaunted	daunted	un-	V	ADJ
undecided	decided	un-	ADJ	ADJ
undeclared	declared	un-	V	ADJ
undefeated	defeated	un-	ADJ	ADJ
undefended	defended	un-	V	ADJ
undefiled	defiled	un-	ADJ	ADJ
undefinable	definable	un-	ADJ	ADJ
undefined	defined	un-	ADJ	ADJ
undefined	undefine	-ed	V	ADJ
undemanding	demanding	un-	ADJ	ADJ
undemocratic	democratic	un-	ADJ	ADJ
undemonstrative	demonstrative	un-	ADJ	ADJ
undeniable	deniable	un-	ADJ	ADJ
undeniably	undeniable	-ly	ADJ	ADV
underachieve	achieve	under-	V	V
underachievement	achievement	under-	N	N
underarm	arm	under-	N	N
underbelly	belly	under-	N	N
underbidder	bidder	under-	N	N
underbidder	underbid	-er	N	N
underbrush	brush	under-	V	N
undercarriage	carriage	under-	N	N
underclass	class	under-	N	N
underclothe	clothe	under-	V	V
undercoat	coat	under-	N	N
undercurrent	current	under-	ADJ	N
undercut	cut	under-	ADJ	N
underdevelopment	development	under-	N	N
underdog	dog	under-	N	N
underemployed	employed	under-	ADJ	ADJ
underemployment	employment	under-	N	N
underestimate	estimate	under-	V	V
underestimation	estimation	under-	N	N
underfed	fed	under-	N	ADJ
underfinanced	financed	under-	V	ADJ
underfloor	floor	under-	N	ADJ
underfoot	foot	under-	N	ADJ
underfunded	funded	under-	V	ADJ
underfunded	underfund	-ed	V	V
undergarment	garment	under-	N	N
undergraduate	graduate	under-	N	N
underground	ground	under-	N	ADV
undergrowth	growth	under-	N	N
underhand	hand	under-	N	ADV
underhill	hill	under-	N	ADJ
underlay	lay	under-	V	V
underlay	lay	under-	V	N
underlie	lie	under-	N	V
underline	line	under-	N	N
underling	under	-ling	U	N
undernourished	nourished	under-	V	ADJ
underpaid	paid	under-	V	ADJ
underpart	part	under-	N	V
underpass	pass	under-	N	N
underpay	pay	under-	V	V
underpayment	payment	under-	N	N
underpayment	underpay	-ment	V	N
underperformance	performance	under-	N	N
underperformance	underperform	-ance	V	N
underpin	pin	under-	N	V
underplay	play	under-	V	N
underpowered	powered	under-	ADJ	V
underpriced	priced	under-	V	ADJ
underprivileged	privileged	under-	ADJ	ADJ
underrate	rate	under-	N	V
underrated	underrate	-ed	V	ADJ
underscore	score	under-	N	N
undersea	sea	under-	N	ADJ
undersecretary	secretary	under-	N	N
undershirt	shirt	under-	N	N
underside	side	under-	N	N
undersigned	signed	under-	ADJ	ADJ
undersized	sized	under-	ADJ	ADJ
underskirt	skirt	under-	N	N
underspend	spend	under-	V	V
understaffed	staffed	under-	ADJ	ADJ
understandable	understand	-able	V	ADJ
understandably	understandable	-ly	ADJ	ADV
understandingly	understanding	-ly	N	ADV
understate	state	under-	N	V
understated	stated	under-	V	ADJ
understatement	statement	under-	N	N
understatement	understate	-ment	V	N
understudy	study	under-	N	V
undertaker	undertake	-er	V	N
undertone	tone	under-	N	N
undertow	tow	under-	N	V
undervaluation	valuation	under-	N	N
undervaluation	undervalue	-ation	V	N
undervalue	value	under-	N	V
underwater	water	under-	N	ADJ
underway	wayunderway	under-	U	U
underway	way	under-	N	N
underwear	wear	under-	N	N
underweight	weight	under-	N	ADJ
underwood	wood	under-	N	N
underworld	world	under-	N	N
underwrite	write	under-	V	V
underwriter	underwrite	-er	V	N
underwriting	underwrite	-ing	V	V
undeserved	deserved	un-	ADJ	ADJ
undeservedly	undeserved	-ly	ADJ	ADV
undeserving	deserving	un-	ADJ	ADJ
undesirability	desirability	un-	N	N
undesirability	undesirable	-ity	ADJ	N
undesirable	desirable	un-	ADJ	ADJ
undesired	desired	un-	V	ADJ
undetectable	detectable	un-	ADJ	ADJ
undetected	detected	un-	ADJ	ADJ
undetermined	determined	un-	ADJ	ADJ
undeterred	deterred	un-	V	ADJ
undeveloped	developed	un-	ADJ	ADJ
undiagnosed	diagnosed	un-	ADJ	ADJ
undifferentiated	differentiated	un-	V	ADJ
undigested	digested	un-	V	ADJ
undignified	dignified	un-	ADJ	ADJ
undiluted	diluted	un-	V	ADJ
undiminished	diminished	un-	V	ADJ
undimmed	dimmed	un-	V	ADJ
undiplomatic	diplomatic	un-	ADJ	ADJ
undirected	directed	un-	ADJ	ADJ
undischarged	discharged	un-	V	ADJ
undisciplined	disciplined	un-	ADJ	ADJ
undisclosed	disclosed	un-	V	ADJ
undiscovered	discovered	un-	V	ADJ
undiscovered	undiscover	-ed	V	V
undiscriminating	discriminating	un-	ADJ	ADJ
undisguised	disguised	un-	V	ADJ
undismayed	dismayed	un-	ADJ	ADJ
undisputed	disputed	un-	ADJ	ADJ
undistinguished	distinguished	un-	ADJ	ADJ
undistorted	distorted	un-	V	ADJ
undisturbed	disturbed	un-	ADJ	ADJ
undivided	divided	un-	V	ADJ
undo	do	un-	N	V
undocumented	documented	un-	V	ADJ
undoing	undo	-ing	V	N
undone	done	un-	ADJ	ADJ
undoubted	doubted	un-	V	ADJ
undramatic	dramatic	un-	ADJ	ADJ
undreamed	dreamed	un-	V	ADJ
undreamt	dreamt	un-	ADJ	ADJ
undress	dress	un-	N	V
undue	due	un-	ADJ	ADJ
undulating	undulate	-ing	V	ADJ
undulation	undulate	-ion	ADJ	N
undulation	undulate	-tion	ADJ	N
unduly	undue	-ly	ADJ	ADV
unduly	duly	un-	ADV	ADV
undying	dying	un-	ADJ	ADJ
unearned	earned	un-	V	ADJ
unearth	earth	un-	N	V
unearthly	earthly	un-	ADJ	ADJ
unease	ease	un-	V	N
unease	ease	un-	V	V
uneasily	uneasy	-ly	ADJ	ADV
uneasiness	uneasy	-ness	ADJ	N
uneasy	easy	un-	ADJ	ADJ
uneasy	unease	-y	N	ADJ
uneatable	eatable	un-	ADJ	ADJ
uneaten	eaten	un-	ADJ	ADJ
uneconomic	economic	un-	ADJ	ADJ
uneconomical	economical	un-	ADJ	ADJ
uneconomical	uneconomic	-al	ADJ	ADJ
unedifying	edifying	un-	ADJ	ADJ
unedited	edited	un-	V	ADJ
uneducated	educated	un-	ADJ	ADJ
unelected	elected	un-	V	ADJ
unembarrassed	embarrassed	un-	ADJ	ADJ
unemotional	emotional	un-	ADJ	ADJ
unemotionally	unemotional	-ly	ADJ	ADV
unemotionally	emotionally	un-	ADV	ADV
unemployable	employable	un-	ADJ	ADJ
unencumbered	encumbered	un-	ADJ	ADJ
unending	ending	un-	N	ADJ
unendurable	endurable	un-	ADJ	ADJ
unenforceable	enforceable	un-	ADJ	ADJ
unenlightened	enlightened	un-	ADJ	ADJ
unenthusiastic	enthusiastic	un-	ADJ	ADJ
unenviable	enviable	un-	ADJ	ADJ
unequal	equal	un-	ADJ	ADJ
unequalled	equalled	un-	ADJ	ADJ
unequally	unequal	-ly	ADJ	ADV
unequivocal	equivocal	un-	ADJ	ADJ
unequivocally	unequivocal	-ly	ADJ	ADV
unequivocally	equivocally	un-	ADV	ADV
unerring	erring	un-	V	ADJ
unerringly	unerring	-ly	ADJ	ADV
unescorted	escorted	un-	ADJ	ADJ
unethical	ethical	un-	ADJ	ADJ
uneven	even	un-	ADJ	ADJ
unevenly	uneven	-ly	ADJ	ADV
unevenly	evenly	un-	ADV	ADV
unevenness	uneven	-ness	ADJ	N
uneventful	eventful	un-	ADJ	ADJ
uneventfully	uneventful	-ly	ADJ	ADV
unexamined	examined	un-	V	ADJ
unexceptionable	exceptionable	un-	ADJ	ADJ
unexceptional	exceptional	un-	ADJ	ADJ
unexciting	exciting	un-	V	ADJ
unexpectedly	unexpected	-ly	ADJ	ADV
unexpectedly	expected	un-	ADJ	ADV
unexpectedly	expectedly	un-	ADV	ADV
unexpectedness	unexpected	-ness	ADJ	N
unexpired	expired	un-	V	ADJ
unexplainable	explainable	un-	ADJ	ADJ
unexplained	explained	un-	V	ADJ
unexploded	exploded	un-	V	ADJ
unexploited	exploited	un-	V	ADJ
unexplored	explored	un-	V	ADJ
unexpressed	expressed	un-	V	ADJ
unfailing	failing	un-	V	ADJ
unfailingly	unfailing	-ly	ADJ	ADV
unfairly	unfair	-ly	ADJ	ADV
unfairly	fairly	un-	ADV	ADV
unfairness	unfair	-ness	ADJ	N
unfairness	fairness	un-	N	N
unfaithful	faithful	un-	ADJ	ADJ
unfaithfulness	unfaithful	-ness	ADJ	N
unfaithfulness	faithfulness	un-	N	N
unfaltering	faltering	un-	ADJ	ADJ
unfamiliar	familiar	un-	ADJ	ADJ
unfamiliarity	familiarity	un-	N	N
unfamiliarity	unfamiliar	-ity	ADJ	N
unfashionable	fashionable	un-	ADJ	ADJ
unfasten	fasten	un-	V	V
unfathomable	fathom	un-	N	ADJ
unfavourable	favourable	un-	ADJ	ADJ
unfavourably	unfavourable	-ly	ADJ	ADV
unfavourably	favourably	un-	ADV	ADV
unfazed	fazed	un-	ADJ	ADJ
unfeasible	feasible	un-	ADJ	ADJ
unfed	fed	un-	N	ADJ
unfeeling	feeling	un-	N	ADJ
unfeeling	feel	un-	N	ADJ
unfeminine	feminine	un-	ADJ	ADJ
unfenced	fenced	un-	V	ADJ
unfertilized	fertilized	un-	V	ADJ
unfetter	fetter	un-	N	V
unfilled	filled	un-	ADJ	ADJ
unfilled	unfill	-ed	V	V
unfiltered	filtered	un-	ADJ	ADJ
unfinished	finished	un-	ADJ	ADJ
unfit	fit	un-	ADJ	ADJ
unfitness	unfit	-ness	ADJ	N
unfitted	fitted	un-	V	ADJ
unflagging	flagging	un-	V	ADJ
unflattering	flattering	un-	ADJ	ADJ
unflinching	flinching	un-	V	ADJ
unflinchingly	unflinching	-ly	ADJ	ADV
unfocused	focused	un-	ADJ	ADJ
unfold	fold	un-	V	V
unforced	forced	un-	V	ADJ
unforeseeable	foreseeable	un-	ADJ	ADJ
unforeseen	foreseen	un-	V	ADJ
unforgivable	forgivable	un-	ADJ	ADJ
unforgivably	unforgivable	-ly	ADJ	ADV
unforgiving	forgiving	un-	ADJ	ADJ
unfounded	founded	un-	V	ADJ
unfree	free	un-	N	ADJ
unfreeze	freeze	un-	V	V
unfrequented	frequented	un-	V	ADJ
unfriendly	friendly	un-	ADJ	ADJ
unfriendly	unfriend	-ly	N	ADV
unfrozen	frozen	un-	ADJ	ADJ
unfruitful	fruitful	un-	ADJ	ADJ
unfulfilled	fulfilled	un-	V	ADJ
unfunded	funded	un-	V	ADJ
unfunny	funny	un-	ADJ	ADJ
unfurl	furl	un-	V	V
unfurnished	furnished	un-	ADJ	ADJ
unfussy	fussy	un-	ADJ	ADJ
ungainly	gainly	un-	ADJ	ADJ
ungainly	ungain	-ly	ADJ	ADJ
ungenerous	generous	un-	ADJ	ADJ
ungentlemanly	gentlemanly	un-	ADJ	ADJ
ungentlemanly	gentlemanly	un-	ADJ	ADV
unglamorous	glamorous	un-	ADJ	ADJ
unglazed	glazed	un-	ADJ	ADJ
ungodly	godly	un-	ADJ	ADJ
ungovernable	governable	un-	ADJ	ADJ
ungracious	gracious	un-	ADJ	ADJ
ungraciously	ungracious	-ly	ADJ	ADV
ungraciously	graciously	un-	ADV	ADV
ungrammatical	grammatical	un-	ADJ	ADJ
ungrateful	grateful	un-	ADJ	ADJ
unguarded	guarded	un-	V	ADJ
unhampered	hampered	un-	V	ADJ
unhappily	unhappy	-ly	ADJ	ADV
unhappiness	unhappy	-ness	ADJ	N
unhappiness	happiness	un-	N	N
unharmed	harmed	un-	V	ADJ
unhealthily	unhealthy	-ly	ADJ	ADV
unhealthy	healthy	un-	ADJ	ADJ
unheard	heard	un-	V	ADJ
unheated	heated	un-	V	ADJ
unheeded	heeded	un-	V	ADJ
unhelpful	helpful	un-	ADJ	ADJ
unhelpfully	unhelpful	-ly	ADJ	ADV
unhelpfully	helpfully	un-	ADV	ADV
unheralded	heralded	un-	V	ADJ
unheroic	heroic	un-	ADJ	ADJ
unhesitating	hesitating	un-	V	ADJ
unhesitatingly	unhesitating	-ly	ADJ	ADV
unhesitatingly	hesitatingly	un-	ADV	ADV
unhindered	hindered	un-	V	ADJ
unhinge	hinge	un-	N	V
unhinged	unhinge	-ed	V	V
unhinged	hinged	un-	ADJ	ADJ
unhistorical	historical	un-	ADJ	ADJ
unhitch	hitch	un-	V	V
unholy	holy	un-	ADJ	ADJ
unhook	hook	un-	N	V
unhurried	hurried	un-	ADJ	ADJ
unhurriedly	unhurried	-ly	ADJ	ADV
unhurt	hurt	un-	N	ADJ
unhygienic	hygienic	un-	ADJ	ADJ
unicameral	cameral	uni-	ADJ	ADJ
unicellular	cellular	uni-	ADJ	ADJ
unidentifiable	identifiable	un-	ADJ	ADJ
unidentified	identified	un-	V	ADJ
unidirectional	directional	uni-	ADJ	ADJ
unidirectional	direction	uni-	N	ADJ
unification	unify	-ification	V	N
unification	unify	-fication	V	N
unified	unify	-ed	V	ADJ
uniformed	uniform	-ed	ADJ	ADJ
uniformity	uniform	-ity	N	N
uniformly	uniform	-ly	N	ADV
unifying	unify	-ing	V	ADJ
unilateral	lateral	uni-	ADJ	ADJ
unilateralism	unilateral	-ism	ADJ	N
unilateralist	unilateral	-ist	ADJ	ADJ
unilaterally	unilateral	-ly	ADJ	ADV
unimaginable	imaginable	un-	ADJ	ADJ
unimaginably	unimaginable	-ly	ADJ	ADV
unimaginably	imaginably	un-	ADV	ADV
unimaginative	imaginative	un-	ADJ	ADJ
unimagined	imagined	un-	ADJ	ADJ
unimpaired	impaired	un-	ADJ	ADJ
unimpeachable	impeachable	un-	ADJ	ADJ
unimpeded	impeded	un-	V	ADJ
unimportance	importance	un-	N	N
unimportance	unimportant	-ce	ADJ	N
unimportant	important	un-	ADJ	ADJ
unimpressed	impressed	un-	ADJ	ADJ
unimpressive	impressive	un-	ADJ	ADJ
unimproved	improved	un-	ADJ	ADJ
unincorporated	incorporated	un-	N	ADJ
uninfluenced	influenced	un-	V	ADJ
uninformative	informative	un-	ADJ	ADJ
uninformed	informed	un-	V	ADJ
uninhabitable	inhabitable	un-	ADJ	ADJ
uninhabited	inhabited	un-	ADJ	ADJ
uninhibited	inhibited	un-	ADJ	ADJ
uninitiated	initiated	un-	V	ADJ
uninjured	injured	un-	V	ADJ
uninspired	inspired	un-	ADJ	ADJ
uninspiring	inspiring	un-	ADJ	ADJ
uninsured	insured	un-	ADJ	ADJ
unintelligent	intelligent	un-	ADJ	ADJ
unintelligible	intelligible	un-	ADJ	ADJ
unintended	intended	un-	ADJ	ADJ
unintentional	intentional	un-	ADJ	ADJ
unintentionally	unintentional	-ly	ADJ	ADV
unintentionally	intentionally	un-	ADV	ADV
uninterested	interested	un-	ADJ	ADJ
uninteresting	interesting	un-	ADJ	ADJ
uninterrupted	interrupted	un-	V	ADJ
uninterruptedly	uninterrupted	-ly	ADJ	ADV
uninvited	invited	un-	V	ADJ
uninviting	inviting	un-	ADJ	ADJ
uninvolved	involved	un-	ADJ	ADJ
unionism	union	-ism	N	N
unionist	union	-ist	N	ADJ
unionist	union	-ist	N	N
unionist	unionism	-ist	N	N
unionization	union	-ization	N	N
unionization	ionization	un-	N	N
unionization	unionize	-ation	V	N
unionized	ionized	un-	V	ADJ
unipolar	polar	uni-	ADJ	ADJ
uniprocessor	processor	uni-	N	N
uniquely	unique	-ly	N	ADV
uniqueness	unique	-ness	N	N
unisex	prefix	uni-	N	ADJ
unisex	sex	uni-	N	ADJ
unissued	issued	un-	V	ADJ
unitarian	unitary	-ian	ADJ	ADJ
unitarianism	unitarian	-ism	ADJ	N
unitarianism	unitarian	-ism	N	N
unitary	unit	-ary	N	ADJ
universalism	universal	-ism	ADJ	N
universalist	universal	-ist	ADJ	ADJ
universalistic	universalist	-ic	ADJ	ADJ
universality	universal	-ity	ADJ	N
universally	universal	-ly	ADJ	ADV
unjust	just	un-	ADV	ADJ
unjustifiable	justifiable	un-	ADJ	ADJ
unjustifiably	unjustifiable	-ly	ADJ	ADV
unjustifiably	justifiably	un-	ADV	ADV
unjustified	justified	un-	ADJ	ADJ
unjustly	unjust	-ly	ADJ	ADV
unjustly	just	un-	ADV	ADV
unjustly	justly	un-	ADV	ADV
unkempt	kempt	un-	ADJ	ADJ
unkind	kind	un-	N	ADJ
unkindly	unkind	-ly	ADJ	ADJ
unkindly	unkind	-ly	ADJ	ADV
unkindly	kindly	un-	ADJ	ADV
unkindness	unkind	-ness	ADJ	N
unknowing	knowing	un-	ADJ	ADJ
unknowingly	unknowing	-ly	ADJ	ADV
unknowingly	knowingly	un-	ADV	ADV
unlabelled	labelled	un-	ADJ	ADJ
unlace	lace	un-	N	V
unladen	laden	un-	ADJ	ADJ
unladen	unlade	-n	V	ADJ
unladylike	ladylike	un-	ADJ	ADJ
unlamented	lamented	un-	V	ADJ
unlatch	latch	un-	V	V
unlawful	lawful	un-	ADJ	ADJ
unlawfully	unlawful	-ly	ADJ	ADV
unlawfully	lawfully	un-	ADV	ADV
unleaded	leaded	un-	ADJ	ADJ
unlearn	learn	un-	V	V
unlearned	learned	un-	ADJ	ADJ
unleash	leash	un-	N	V
unleavened	leavened	un-	V	ADJ
unlettered	lettered	un-	ADJ	ADJ
unlicensed	licensed	un-	ADJ	ADJ
unlikelihood	unlikely	-hood	ADJ	N
unlimited	limited	un-	ADJ	ADJ
unlined	lined	un-	ADJ	ADJ
unlit	lit	un-	N	ADJ
unload	load	un-	N	V
unloading	unload	-ing	V	V
unlock	lock	un-	V	V
unlovable	lovable	un-	ADJ	ADJ
unlove	love	un-	N	N
unlove	love	un-	N	V
unloved	loved	un-	V	ADJ
unlovely	lovely	un-	ADJ	ADJ
unluckily	unlucky	-ly	ADJ	ADV
unluckily	luckily	un-	ADV	ADV
unlucky	lucky	un-	ADJ	ADJ
unmade	made	un-	N	ADJ
unmake	make	un-	V	V
unmanageable	manageable	un-	ADJ	ADJ
unmanaged	managed	un-	V	ADJ
unmanly	manly	un-	ADJ	ADJ
unmanned	manned	un-	ADJ	ADJ
unmannerly	mannerly	un-	ADJ	ADJ
unmannerly	mannerly	un-	ADJ	ADV
unmapped	mapped	un-	V	ADJ
unmarked	marked	un-	ADJ	ADJ
unmarried	married	un-	ADJ	ADJ
unmarried	unmarry	-ed	V	ADJ
unmask	mask	un-	N	V
unmeasurable	measurable	un-	ADJ	ADJ
unmeasured	measured	un-	ADJ	ADJ
unmediated	mediated	un-	V	ADJ
unmemorable	memorable	un-	ADJ	ADJ
unmentionable	mentionable	un-	ADJ	ADJ
unmentioned	mentioned	un-	V	ADJ
unmentioned	unmention	-ed	V	V
unmercifully	unmerciful	-ly	ADJ	ADV
unmercifully	mercifully	un-	ADV	ADV
unmerited	merited	un-	ADJ	ADJ
unmet	met	un-	N	ADJ
unmissable	missable	un-	ADJ	ADJ
unmistakable	mistakable	un-	ADJ	ADJ
unmistakably	unmistakable	-ly	ADJ	ADV
unmistakably	unmistakable	-ly	ADJ	U
unmitigated	mitigated	un-	ADJ	ADJ
unmixed	mixed	un-	ADJ	ADJ
unmodified	modified	un-	ADJ	ADJ
unmolested	molested	un-	V	ADJ
unmotivated	motivated	un-	V	ADJ
unmoved	moved	un-	ADJ	ADJ
unmoving	moving	un-	ADJ	ADJ
unmusical	musical	un-	ADJ	ADJ
unnamed	named	un-	ADJ	ADJ
unnatural	natural	un-	ADJ	ADJ
unnaturally	unnatural	-ly	ADJ	ADV
unnaturally	naturally	un-	ADV	ADV
unnecessarily	unnecessary	-ly	ADJ	ADV
unnecessarily	necessarily	un-	ADV	ADV
unneeded	needed	un-	ADJ	ADJ
unnerve	nerve	un-	V	V
unnervingly	unnerving	-ly	V	ADV
unnoticeable	noticeable	un-	ADJ	ADJ
unnoticed	noticed	un-	V	ADJ
unnumbered	numbered	un-	V	ADJ
unobjectionable	objectionable	un-	ADJ	ADJ
unobservable	observable	un-	ADJ	ADJ
unobserved	observed	un-	V	ADJ
unobstructed	obstructed	un-	V	ADJ
unobtainable	obtainable	un-	ADJ	ADJ
unobtrusive	obtrusive	un-	ADJ	ADJ
unobtrusively	unobtrusive	-ly	ADJ	ADV
unobtrusively	obtrusively	un-	ADV	ADV
unoccupied	occupied	un-	ADJ	ADJ
unofficial	official	un-	ADJ	ADJ
unofficially	unofficial	-ly	ADJ	ADV
unofficially	officially	un-	ADV	ADV
unopened	opened	un-	V	ADJ
unopposed	opposed	un-	ADJ	ADJ
unorganized	organized	un-	ADJ	ADJ
unoriginal	original	un-	N	ADJ
unorthodox	orthodox	un-	ADJ	ADJ
unorthodoxy	orthodoxy	un-	N	N
unpack	pack	un-	N	V
unpaid	paid	un-	ADJ	ADJ
unpainted	painted	un-	ADJ	ADJ
unpalatable	palatable	un-	ADJ	ADJ
unparalleled	paralleled	un-	V	ADJ
unpardonable	pardonable	un-	ADJ	ADJ
unpatriotic	patriotic	un-	ADJ	ADJ
unpaved	paved	un-	ADJ	ADJ
unpeeled	unpeel	-ed	V	V
unpeeled	peeled	un-	ADJ	ADJ
unpeopled	peopled	un-	V	ADJ
unperceived	perceived	un-	ADJ	ADJ
unperturbed	perturbed	un-	V	ADJ
unperturbed	perturb	un-	V	ADJ
unpick	pick	un-	N	V
unplaced	placed	un-	V	ADJ
unplanned	planned	un-	V	ADJ
unplayable	playable	un-	ADJ	ADJ
unpleasant	pleasant	un-	ADJ	ADJ
unpleasantly	unpleasant	-ly	ADJ	ADV
unpleasantly	pleasantly	un-	ADV	ADV
unpleasantness	unpleasant	-ness	ADJ	N
unpleasantness	pleasantness	un-	N	N
unpleasing	pleasing	un-	ADJ	ADJ
unplug	plug	un-	N	V
unplugged	unplug	-ed	V	ADJ
unpolished	polished	un-	ADJ	ADJ
unpolitical	political	un-	ADJ	ADJ
unpolluted	polluted	un-	ADJ	ADJ
unpopular	popular	un-	ADJ	ADJ
unpopularity	popularity	un-	N	N
unpopularity	unpopular	-ity	ADJ	N
unpopulated	populated	un-	ADJ	ADJ
unpractical	practical	un-	N	ADJ
unpractised	practised	un-	ADJ	ADJ
unprecedentedly	unprecedented	-ly	ADJ	ADV
unpredictability	predictability	un-	N	N
unpredictability	unpredictable	-ity	ADJ	N
unpredictable	predictable	un-	ADJ	ADJ
unpredictably	unpredictable	-ly	ADJ	ADV
unpredictably	unpredictable	-ly	ADJ	U
unpredicted	predicted	un-	V	ADJ
unpredicted	unpredict	-ed	V	V
unprejudiced	prejudiced	un-	ADJ	ADJ
unpremeditated	premeditated	un-	V	ADJ
unprepared	prepared	un-	ADJ	ADJ
unpreparedness	unprepared	-ness	ADJ	N
unprepossessing	prepossessing	un-	ADJ	ADJ
unpretentious	pretentious	un-	ADJ	ADJ
unprincipled	principled	un-	ADJ	ADJ
unprintable	printable	un-	ADJ	ADJ
unprintable	print	un-	ADJ	ADJ
unproblematic	problematic	un-	ADJ	ADJ
unprocessed	processed	un-	ADJ	ADJ
unproductive	productive	un-	ADJ	ADJ
unprofessional	professional	un-	N	ADJ
unprofitable	unprofit	-able	N	ADJ
unprofitable	profitable	un-	ADJ	ADJ
unpromising	promising	un-	ADJ	ADJ
unprompted	prompted	un-	V	ADJ
unpronounceable	pronounceable	un-	ADJ	ADJ
unpropitious	propitious	un-	ADJ	ADJ
unprotected	protected	un-	ADJ	ADJ
unprotected	unprotect	-ed	V	ADJ
unprovable	provable	un-	ADJ	ADJ
unproved	proved	un-	V	ADJ
unproven	proven	un-	ADJ	ADJ
unprovoked	provoked	un-	V	ADJ
unpublished	published	un-	V	ADJ
unpunished	punished	un-	V	ADJ
unqualified	qualified	un-	ADJ	ADJ
unquantifiable	quantifiable	un-	ADJ	ADJ
unquenchable	quenchable	un-	ADJ	ADJ
unquestionable	questionable	un-	ADJ	ADJ
unquestionably	unquestionable	-ly	ADJ	ADV
unquestionably	questionably	un-	ADV	ADV
unquestioned	questioned	un-	V	ADJ
unquestioning	questioning	un-	N	ADJ
unquestioningly	unquestioning	-ly	ADJ	ADV
unquiet	quiet	un-	ADJ	ADJ
unquote	quote	un-	V	U
unquote	quote	un-	V	V
unquoted	quoted	un-	V	ADJ
unravel	ravel	un-	N	V
unread	read	un-	N	ADJ
unreadable	readable	un-	ADJ	ADJ
unreadable	unread	-able	ADJ	ADJ
unready	ready	un-	ADJ	ADJ
unreal	real	un-	N	ADJ
unrealistic	realistic	un-	ADJ	ADJ
unrealistic	unreal	-istic	ADJ	ADJ
unrealistically	unrealistic	-ally	ADJ	ADV
unrealistically	realistically	un-	ADV	ADV
unreality	reality	un-	N	N
unreality	unreal	-ity	ADJ	N
unrealized	realized	un-	V	ADJ
unreason	reason	un-	N	N
unreasonable	reasonable	un-	ADJ	ADJ
unreasonableness	unreasonable	-ness	ADJ	N
unreasonably	unreasonable	-ly	ADJ	ADV
unreasonably	reasonably	un-	ADV	ADV
unreasoning	reasoning	un-	N	ADJ
unreceptive	receptive	un-	ADJ	ADJ
unrecognisable	recognisable	un-	ADJ	ADJ
unrecognizable	recognizable	un-	ADJ	ADJ
unrecognized	recognized	un-	ADJ	ADJ
unreconstructed	reconstructed	un-	V	ADJ
unrecorded	recorded	un-	V	ADJ
unredeemed	redeemed	un-	ADJ	ADJ
unrefined	refined	un-	V	ADJ
unreflective	reflective	un-	ADJ	ADJ
unreformed	reformed	un-	V	ADJ
unregarded	regarded	un-	V	ADJ
unregenerate	regenerate	un-	V	ADJ
unregistered	registered	un-	V	ADJ
unregulated	regulated	un-	V	ADJ
unrelated	related	un-	ADJ	ADJ
unreleased	released	un-	V	ADJ
unrelenting	relenting	un-	V	ADJ
unrelentingly	unrelenting	-ly	ADJ	ADV
unreliability	reliability	un-	N	N
unreliability	unreliable	-ity	ADJ	N
unreliable	reliable	un-	ADJ	ADJ
unrelieved	relieved	un-	ADJ	ADJ
unremarkable	remarkable	un-	ADJ	ADJ
unremarked	remarked	un-	V	ADJ
unremembered	remembered	un-	V	ADJ
unremitting	remitting	un-	V	ADJ
unremittingly	unremitting	-ly	ADJ	ADV
unrepeatable	repeatable	un-	ADJ	ADJ
unrepentant	repentant	un-	ADJ	ADJ
unreported	reported	un-	V	ADJ
unrepresentative	representative	un-	N	ADJ
unrepresented	represented	un-	V	ADJ
unrequited	requited	un-	V	ADJ
unreserved	reserved	un-	V	ADJ
unreservedly	unreserved	-ly	ADJ	ADV
unresolvable	resolvable	un-	ADJ	ADJ
unresponsive	responsive	un-	ADJ	ADJ
unrest	rest	un-	N	N
unrestricted	restricted	un-	V	ADJ
unrevealing	revealing	un-	ADJ	ADJ
unrewarded	rewarded	un-	V	ADJ
unrewarding	rewarding	un-	ADJ	ADJ
unroll	roll	un-	N	V
unromantic	romantic	un-	ADJ	ADJ
unruffled	ruffled	un-	ADJ	ADJ
unruly	roolie	un-	ADJ	ADJ
unsafe	safe	un-	ADJ	ADJ
unsaleable	saleable	un-	ADJ	ADJ
unsalted	salted	un-	ADJ	ADJ
unsanitary	sanitary	un-	ADJ	ADJ
unsatisfactorily	unsatisfactory	-ly	ADJ	ADV
unsatisfactorily	satisfactorily	un-	ADV	ADV
unsatisfactory	satisfactory	un-	ADJ	ADJ
unsatisfied	satisfied	un-	V	ADJ
unsatisfy	satisfy	un-	V	V
unsaturated	saturated	un-	ADJ	ADJ
unsavoury	savoury	un-	ADJ	ADJ
unsay	say	un-	V	V
unscathed	scathed	un-	V	ADJ
unscheduled	scheduled	un-	V	ADJ
unschooled	schooled	un-	V	ADJ
unscientific	scientific	un-	ADJ	ADJ
unscramble	scramble	un-	V	V
unscreened	screened	un-	V	ADJ
unscrew	screw	un-	N	V
unscripted	scripted	un-	V	ADJ
unscrupulous	scrupulous	un-	ADJ	ADJ
unseal	seal	un-	N	V
unseasonable	seasonable	un-	ADJ	ADJ
unseasonably	unseasonable	-ly	ADJ	ADV
unseasonably	unseasonable	-ly	ADJ	U
unseasonal	seasonal	un-	ADJ	ADJ
unseat	seat	un-	N	V
unsecured	secured	un-	V	ADJ
unseeded	seeded	un-	ADJ	ADJ
unseeing	seeing	un-	V	ADJ
unseeingly	seeingly	un-	ADV	ADV
unseemly	seemly	un-	ADJ	ADJ
unseen	seen	un-	N	ADJ
unseen	seen	un-	N	V
unselfconscious	selfconscious	un-	ADJ	ADJ
unselfish	selfish	un-	ADJ	ADJ
unselfishly	unselfish	-ly	ADJ	ADV
unselfishly	selfishly	un-	ADV	ADV
unselfishness	unselfish	-ness	ADJ	N
unselfishness	selfishness	un-	N	N
unsentimental	sentimental	un-	ADJ	ADJ
unserviceable	serviceable	un-	ADJ	ADJ
unsettle	settle	un-	V	V
unsettled	unsettle	-ed	V	ADJ
unshaded	shaded	un-	ADJ	ADJ
unshaven	shaven	un-	ADJ	ADJ
unshed	shed	un-	V	ADJ
unshielded	shielded	un-	V	ADJ
unsighted	sighted	un-	V	ADJ
unsightly	sightly	un-	ADJ	ADJ
unsigned	signed	un-	ADJ	ADJ
unskilled	skilled	un-	ADJ	ADJ
unsmiling	smiling	un-	ADJ	ADJ
unsociable	sociable	un-	ADJ	ADJ
unsocial	social	un-	ADJ	ADJ
unsold	sold	un-	N	ADJ
unsolicited	solicited	un-	V	ADJ
unsolved	solved	un-	ADJ	ADJ
unsophisticated	sophisticated	un-	ADJ	ADJ
unsorted	sorted	un-	V	ADJ
unsought	sought	un-	V	ADJ
unsound	sound	un-	N	ADJ
unspeakable	speakable	un-	ADJ	ADJ
unspeakably	unspeakable	-ly	ADJ	ADV
unspeakably	unspeakable	-ly	ADJ	U
unspecific	specific	un-	ADJ	ADJ
unspecified	specified	un-	ADJ	ADJ
unspectacular	spectacular	un-	ADJ	ADJ
unspent	spent	un-	ADJ	ADJ
unspoiled	spoiled	un-	V	ADJ
unspoilt	spoilt	un-	ADJ	ADJ
unspoken	spoken	un-	ADJ	ADJ
unstable	stable	un-	ADJ	ADJ
unstained	stained	un-	ADJ	ADJ
unstated	stated	un-	V	ADJ
unsteadily	unsteady	-ly	ADJ	ADV
unsteadily	steadily	un-	ADV	ADV
unsteadiness	unsteady	-ness	ADJ	N
unsteady	steady	un-	ADJ	ADJ
unstinted	stinted	un-	ADJ	ADJ
unstintingly	unstinting	-ly	ADJ	ADV
unstoppable	stoppable	un-	ADJ	ADJ
unstoppably	unstoppable	-ly	ADJ	ADV
unstoppably	unstoppable	-ly	ADJ	U
unstressed	stressed	un-	V	ADJ
unstructured	structured	un-	ADJ	ADJ
unsubstantiated	substantiated	un-	V	ADJ
unsubtle	subtle	un-	ADJ	ADJ
unsuccessful	successful	un-	ADJ	ADJ
unsuccessfully	unsuccessful	-ly	ADJ	ADV
unsuccessfully	successfully	un-	ADV	ADV
unsuitability	unsuitable	-ity	ADJ	N
unsuitable	suitable	un-	ADJ	ADJ
unsuitably	unsuitable	-ly	ADJ	ADV
unsuitably	unsuitable	-ly	ADJ	U
unsuited	suited	un-	V	ADJ
unsullied	sullied	un-	ADJ	ADJ
unsung	sung	un-	V	ADJ
unsupervised	supervised	un-	V	ADJ
unsupportable	supportable	un-	ADJ	ADJ
unsupported	supported	un-	ADJ	ADJ
unsure	sure	un-	ADJ	ADJ
unsurpassed	surpassed	un-	V	ADJ
unsurprised	surprised	un-	ADJ	ADJ
unsurprising	surprising	un-	V	ADJ
unsurprisingly	unsurprising	-ly	ADJ	ADV
unsurprisingly	surprisingly	un-	ADV	ADV
unsuspected	suspected	un-	ADJ	ADJ
unsuspecting	suspecting	un-	V	ADJ
unsustainable	sustainable	un-	ADJ	ADJ
unsweetened	sweetened	un-	V	ADJ
unswerving	swerving	un-	ADJ	ADJ
unsympathetic	sympathetic	un-	ADJ	ADJ
unsympathetically	unsympathetic	-ally	ADJ	ADV
unsympathetically	sympathetically	un-	ADV	ADV
unsystematic	systematic	un-	ADJ	ADJ
untainted	tainted	un-	ADJ	ADJ
untalented	talented	un-	ADJ	ADJ
untamed	tamed	un-	ADJ	ADJ
untangle	tangle	un-	V	V
untapped	tapped	un-	V	ADJ
untarnished	tarnished	un-	V	ADJ
untaxed	taxed	un-	V	ADJ
untenable	tenable	un-	ADJ	ADJ
untended	tended	un-	V	ADJ
untestable	testable	un-	ADJ	ADJ
untested	tested	un-	V	ADJ
unthinking	thinking	un-	N	ADJ
unthinkingly	unthinking	-ly	ADJ	ADV
untidily	untidy	-ly	ADJ	ADV
untidily	tidily	un-	ADV	ADV
untidiness	untidy	-ness	ADJ	N
untidiness	tidiness	un-	N	N
untidy	tidy	un-	V	ADJ
untie	tie	un-	N	V
untimely	timely	un-	ADJ	ADJ
untiring	tiring	un-	ADJ	ADJ
untiring	tire	un-	V	ADJ
untitled	titled	un-	ADJ	ADJ
unto	to	un-	N	N
untold	told	un-	N	ADJ
untouchable	touchable	un-	ADJ	ADJ
untouched	touched	un-	ADJ	ADJ
untraceable	traceable	un-	ADJ	ADJ
untrained	trained	un-	ADJ	ADJ
untrammelled	trammelled	un-	V	ADJ
untranslatable	translatable	un-	ADJ	ADJ
untreatable	treatable	un-	ADJ	ADJ
untreated	treated	un-	V	ADJ
untried	tried	un-	ADJ	ADJ
untroubled	troubled	un-	ADJ	ADJ
untrue	true	un-	ADJ	ADJ
untrustworthy	trustworthy	un-	ADJ	ADJ
untruth	truth	un-	N	N
untruth	untrue	-th	ADJ	N
untruthful	truthful	un-	ADJ	ADJ
untruthful	untruth	-ful	N	ADJ
untruthfully	untruthful	-ly	ADJ	ADV
untruthfully	truthfully	un-	ADV	ADV
unturned	turned	un-	V	ADJ
untutored	tutored	un-	V	ADJ
untypical	typical	un-	ADJ	ADJ
unusable	usable	un-	ADJ	ADJ
unused	used	un-	ADJ	ADJ
unusually	unusual	-ly	ADJ	ADV
unusually	usually	un-	ADV	ADV
unutterable	utterable	un-	ADJ	ADJ
unutterably	unutterable	-ly	ADJ	ADV
unutterably	unutterable	-ly	ADJ	U
unvarnished	varnished	un-	V	ADJ
unvarying	varying	un-	V	ADJ
unveil	veil	un-	N	V
unventilated	ventilated	un-	V	ADJ
unviable	viable	un-	ADJ	ADJ
unwaged	waged	un-	V	ADJ
unwanted	wanted	un-	ADJ	ADJ
unwarrantable	warrantable	un-	ADJ	ADJ
unwarranted	warranted	un-	V	ADJ
unwary	wary	un-	ADJ	ADJ
unwashed	washed	un-	V	ADJ
unwavering	wavering	un-	ADJ	ADJ
unwed	wed	un-	V	ADJ
unwelcome	welcome	un-	V	ADJ
unwelcoming	welcoming	un-	ADJ	ADJ
unwell	well	un-	ADV	ADJ
unwholesome	wholesome	un-	ADJ	ADJ
unwieldy	wieldy	un-	ADJ	ADJ
unwilling	willing	un-	ADJ	ADJ
unwillingly	unwilling	-ly	ADJ	ADV
unwillingly	willingly	un-	ADV	ADV
unwillingness	unwilling	-ness	ADJ	N
unwillingness	willingness	un-	N	N
unwind	wind	un-	V	V
unwise	wise	un-	ADJ	ADJ
unwisely	wisely	un-	ADV	ADV
unwisely	unwise	-ly	ADJ	ADV
unwitting	witting	un-	N	ADJ
unwittingly	unwitting	-ly	ADJ	ADV
unwonted	wonted	un-	ADJ	ADJ
unworkable	workable	un-	ADJ	ADJ
unworked	worked	un-	V	ADJ
unworked	work	un-	N	ADJ
unworldly	worldly	un-	ADJ	ADJ
unworldly	world	un-	N	ADJ
unworried	worried	un-	ADJ	ADJ
unworthiness	unworthy	-ness	ADJ	N
unworthy	worthy	un-	ADJ	ADJ
unwrap	wrap	un-	N	V
unwritten	written	un-	ADJ	ADJ
unyielding	yielding	un-	V	ADJ
unzip	zip	un-	N	V
upbeat	beat	up-	N	ADJ
upbeat	beat	u-	N	ADJ
upbraid	braid	up-	V	V
upbringing	upbring	-ing	V	N
upend	end	up-	N	V
upfield	field	up-	N	ADJ
upfront	front	up-	N	V
upgrade	grade	up-	N	N
upheaval	upheave	-al	V	N
uphill	hill	up-	N	ADJ
uphold	hold	up-	N	V
upholder	uphold	-er	V	N
upholster	uphold	-ster	V	V
upholstered	upholster	-ed	V	ADJ
upholsterer	upholster	-er	V	N
upholstery	upholdster	-ery	N	N
upholstery	upholster	-y	V	N
upkeep	keep	up-	V	N
upland	land	up-	N	N
uplift	lift	up-	V	V
uplifting	uplift	-ing	V	ADJ
upmarket	market	up-	N	ADJ
uppermost	upper	-most	ADJ	ADJ
uppity	up	-ity	ADJ	ADJ
upraise	raise	up-	V	V
uprate	rate	up-	N	V
upright	right	up-	ADJ	ADJ
uprightness	upright	-ness	ADJ	N
uprising	uprise	-ing	V	N
upriver	river	up-	N	ADV
uproarious	uproar	-ious	N	ADJ
uproarious	uproar	-ous	N	ADJ
uproariously	uproarious	-ly	ADJ	ADV
uproot	root	up-	N	V
uprooted	uproot	-ed	V	V
upsetting	upset	-ing	N	V
upshot	shot	up-	ADJ	N
upside	up	-side	ADJ	N
upstage	stage	up-	N	N
upstanding	standing	up-	V	ADJ
upstart	start	up-	N	N
upstate	state	up-	N	ADV
upstream	stream	up-	N	ADJ
upsurge	surge	up-	ADJ	N
upsurge	surge	up-	ADJ	V
upswept	swept	up-	V	ADJ
upswing	swing	up-	V	N
uptake	take	up-	N	N
uptake	take	up-	N	V
upthrust	thrust	up-	N	N
uptight	tight	up-	ADJ	ADJ
uptown	town	up-	N	N
upturn	turn	up-	V	N
upturned	turned	up-	V	ADJ
upturned	upturn	-ed	N	ADJ
upward	up	-ward	ADJ	ADV
upward	up	-ward	ADJ	N
upwardly	upward	-ly	ADV	ADV
upwind	wind	up-	N	ADJ
upwind	wind	up-	N	V
urbanely	urbane	-ly	ADJ	ADV
urbanisation	urban	-isation	ADJ	N
urbanise	urban	-ise	ADJ	V
urbanism	urban	-ism	ADJ	N
urbanity	urban	-ity	ADJ	N
urbanization	urbanize	-ation	V	N
urethritis	urethra	-itis	N	N
urgency	urgent	-cy	ADJ	N
urgency	urgent	-y	ADJ	N
urgently	urgent	-ly	ADJ	ADV
urging	urge	-ing	N	N
urinal	urine	-al	N	N
urinary	urine	-ary	N	ADJ
urinate	urine	-ate	N	V
urination	urinate	-ion	V	N
urologist	urology	-ist	N	N
uruguayan	uruguay	-an	N	N
usability	usable	-ity	ADJ	N
usable	use	-able	V	ADJ
usage	use	-age	N	N
useable	use	-able	N	ADJ
usefully	useful	-ly	ADJ	ADV
usefulness	useful	-ness	ADJ	N
useless	use	-less	V	ADJ
uselessly	useless	-ly	ADJ	ADV
uselessness	useless	-ness	ADJ	N
usherette	usher	-ette	N	N
usurer	usury	-er	N	N
usurpation	usurp	-ation	V	N
usurper	usurp	-er	V	N
uterine	uterus	-ine	N	ADJ
utilisation	utilise	-ation	V	N
utilitarian	utility	-arian	N	ADJ
utilitarian	utility	-tarian	N	ADJ
utilitarianism	utilitarian	-ism	ADJ	N
utilization	utilize	-ation	V	N
utopian	utopia	-an	N	ADJ
utopianism	utopian	-ism	ADJ	N
utterance	utter	-ance	ADJ	N
utterly	utter	-ly	ADJ	ADV
uttermost	utter	-most	ADJ	ADJ
uzbekistan	uzbek	-stan	N	N
vacancy	vacant	-ancy	ADJ	N
vacancy	vacant	-cy	ADJ	N
vacant	vacate	-ant	V	ADJ
vacantly	vacant	-ly	ADJ	ADV
vaccinate	vaccine	-ate	N	V
vaccination	vaccinate	-ion	V	N
vacillation	vacillate	-ion	V	N
vacuity	vacuous	-ity	ADJ	N
vaginal	vagina	-al	N	ADJ
vagrancy	vagrant	-cy	N	N
vaguely	vague	-ly	ADJ	ADV
vagueness	vague	-ness	ADJ	N
vainglorious	vainglory	-ous	N	ADJ
vainly	vain	-ly	ADJ	ADV
valiantly	valiant	-ly	ADJ	ADV
validate	valid	-ate	ADJ	V
validation	validate	-ion	V	N
validity	valid	-ity	ADJ	N
validly	valid	-ly	ADJ	ADV
valuables	valuable	-s	ADJ	N
valuation	valuate	-ion	V	N
valuation	value	-ation	N	N
valueless	value	-less	N	ADJ
valuer	value	-er	N	N
vandalise	vandal	-ise	N	V
vandalism	vandal	-ism	N	N
vandalize	vandal	-ize	N	V
vanishing	vanish	-ing	V	ADJ
vanishingly	vanishing	-ly	ADJ	ADV
vanity	vain	-ity	ADJ	N
vaporise	vapor	-ise	N	V
vaporize	vapor	-ize	N	V
vaporous	vapour	-ous	N	ADJ
variability	variable	-ity	ADJ	N
variably	variable	-ly	ADJ	ADV
variance	variant	-ance	N	N
variance	vary	-ance	N	N
variant	variance	-ant	N	ADJ
variegated	variegate	-ed	V	ADJ
variously	various	-ly	ADJ	ADV
varying	vary	-ing	N	V
vasectomy	vas	-ectomy	N	N
vasodilator	dilator	vaso-	N	N
vasodilator	vasodilation	-or	N	N
vastly	vast	-ly	ADJ	ADV
vastness	vast	-ness	ADJ	N
vaulting	vault	-ing	V	N
vaunted	vaunt	-ed	V	ADJ
vegan	vega	-an	N	ADJ
vegetarian	vegetable	-arian	N	N
vegetarian	vegetable	-arian	N	ADJ
vegetarianism	vegetarian	-ism	N	N
vegetation	vegetate	-ion	V	N
vegetative	vegetate	-ive	V	ADJ
vehemence	vehement	-ence	ADJ	N
vehemently	vehement	-ly	ADJ	ADV
vehicular	vehicle	-ar	N	ADJ
veined	vein	-ed	N	ADJ
velveteen	velvet	-een	N	N
velvety	velvet	-y	N	ADJ
venality	venal	-ity	ADJ	N
vending	vend	-ing	N	N
venerable	venerate	-able	V	ADJ
veneration	venerate	-ion	V	N
venetian	venetia	-an	N	ADJ
venetian	venice	-ian	N	ADJ
venezuelan	venezuela	-an	N	N
vengeance	venge	-ance	V	N
vengeful	venge	-ful	V	ADJ
venomous	venom	-ous	N	ADJ
venomously	venomous	-ly	ADJ	ADV
ventilation	ventilate	-ion	ADJ	N
ventilation	ventilate	-tion	ADJ	N
ventilator	ventilate	-or	V	N
ventricular	ventricle	-ar	N	ADJ
ventriloquist	ventriloquy	-ist	N	N
venturer	venture	-er	N	N
venturous	venture	-ous	N	ADJ
verbally	verbal	-ly	ADJ	ADV
verbosity	verbose	-ity	ADJ	N
verger	verge	-er	N	N
verifiable	verify	-able	V	ADJ
verification	verify	-ification	V	N
verifier	verify	-er	V	N
verminous	vermin	-ous	N	ADJ
veronese	verona	-ese	N	ADJ
versatility	versatile	-ity	ADJ	N
vertebral	vertebra	-al	N	ADJ
verticality	vertical	-ity	N	N
vertically	vertical	-ly	ADJ	ADV
vestal	vesta	-al	N	ADJ
vestigial	vestige	-ial	N	ADJ
vestigial	vestige	-al	N	ADJ
vestment	vest	-ment	N	N
veterinarian	veterinary	-an	ADJ	N
vexation	vex	-ation	V	N
vexatious	vexation	-ous	N	ADJ
vexed	vex	-ed	V	ADJ
vexing	vex	-ing	V	V
viability	viable	-ity	ADJ	N
vibrancy	vibrant	-cy	ADJ	N
vibrantly	vibrant	-ly	ADJ	ADV
vibration	vibrate	-ion	V	N
vibrational	vibration	-al	N	ADJ
vibrator	vibrate	-or	V	N
vicarage	vicar	-age	N	N
vicariously	vicarious	-ly	ADJ	ADV
vicinity	vicine	-ity	N	N
vicious	vice	-ous	N	ADJ
vicious	vice	-ious	N	ADJ
viciously	vicious	-ly	ADJ	ADV
viciousness	vicious	-ness	ADJ	N
victimisation	victim	-isation	N	N
victimise	victim	-ise	N	V
victimization	victim	-ization	N	N
victimization	victimize	-ation	V	N
victimize	victim	-ize	N	V
victimless	victim	-less	N	ADJ
victoriana	victorian	-ana	ADJ	N
victorious	victory	-ous	N	ADJ
victualler	victual	-er	N	N
videocassette	cassette	video-	N	N
videoconferencing	videoconference	-ing	V	N
videotape	tape	video-	N	N
viennese	vienna	-ese	N	N
vietnamese	vietnam	-ese	N	ADJ
viewable	view	-able	N	ADJ
viewing	view	-ing	V	V
vigilance	vigilant	-ce	ADJ	N
vigilance	vigil	-ance	N	N
vigilant	vigil	-ant	N	ADJ
vigorous	vigor	-ous	N	ADJ
vigorous	vigour	-ous	N	ADJ
vigorously	vigorous	-ly	ADJ	ADV
vilely	vile	-ly	ADJ	ADV
vileness	vile	-ness	ADJ	N
vilification	vilify	-ification	V	N
vilify	vile	-ify	ADJ	V
villager	village	-er	N	N
villainous	villainy	-ous	N	ADJ
villainy	villain	-y	ADJ	ADJ
villainy	villain	-y	ADJ	N
vindication	vindicate	-ion	V	N
vindictiveness	vindictive	-ness	ADJ	N
vinegary	vinegar	-y	N	ADJ
vinny	vincent	-y	N	N
violator	violate	-or	ADJ	N
violently	violent	-ly	ADJ	ADV
violin	viola	-in	N	N
violinist	violin	-ist	N	N
viral	virus	-al	N	ADJ
virginal	virgin	-al	N	N
virginian	virginia	-an	N	ADJ
virginity	virgin	-ity	ADJ	N
virility	virile	-ity	ADJ	N
virtuosic	virtuoso	-ic	N	ADJ
virtuosity	virtuoso	-ity	ADJ	N
virtuous	virtue	-ous	N	ADJ
virtuously	virtuous	-ly	ADJ	ADV
virulence	virulent	-ence	ADJ	N
virulently	virulent	-ly	ADJ	ADV
visceral	viscera	-al	N	ADJ
viscosity	viscous	-ity	ADJ	N
viscountess	viscount	-ess	N	N
visibility	visible	-ity	ADJ	N
visibly	visible	-ly	ADJ	ADV
visibly	visible	-ly	ADJ	U
visionary	vision	-ary	N	ADJ
visionary	vision	-ary	N	N
visitation	visit	-ation	N	N
visiting	visit	-ing	N	ADJ
visualise	visual	-ise	ADJ	V
visualization	visualize	-ation	V	U
visualization	visualize	-ation	V	N
visualize	visual	-ize	ADJ	V
visually	visual	-ly	ADJ	ADV
vitality	vital	-ity	ADJ	N
vitally	vital	-ly	ADJ	ADV
vitriolic	vitriol	-ic	N	ADJ
vituperation	vituperate	-ion	V	N
vivacity	vivacious	-ity	ADJ	N
vividly	vivid	-ly	ADJ	ADV
vividness	vivid	-ness	ADJ	N
vixen	fox	-en	N	N
vocalise	vocal	-ise	ADJ	V
vocalist	vocal	-ist	ADJ	N
vocally	vocal	-ly	ADJ	ADV
vocational	vocation	-al	N	ADJ
vocationally	vocational	-ly	ADJ	ADV
vociferous	voice	-ferous	N	ADJ
vociferously	vociferous	-ly	ADJ	ADV
voiced	voice	-ed	N	ADJ
voiceless	voice	-less	N	ADJ
voidable	void	-able	ADJ	ADJ
volatility	volatile	-ity	ADJ	N
volcanic	volcano	-ic	N	ADJ
volcanism	volcano	-ism	N	N
volcanism	volcanic	-ism	ADJ	N
voltage	volt	-age	N	N
volubly	voluble	-ly	ADJ	ADV
volumetric	volume	-metric	N	ADJ
voluminous	volume	-ous	N	ADJ
voluntarily	voluntary	-ly	ADJ	ADV
voluntarism	voluntary	-ism	ADJ	N
voluptuously	voluptuous	-ly	ADJ	ADV
voluptuousness	voluptuous	-ness	ADJ	N
vomiting	vomit	-ing	V	N
voraciously	voracious	-ly	ADJ	ADV
voucher	vouch	-er	N	N
vowel	vow	-el	N	N
voyager	voyage	-er	N	N
voyeurism	voyeur	-ism	N	N
voyeuristic	voyeur	-istic	N	ADJ
vulgarity	vulgar	-ity	ADJ	N
vulgarly	vulgar	-ly	ADJ	ADV
vulnerability	vulnerable	-ability	ADJ	N
vulnerability	vulnerable	-ity	ADJ	N
wadding	wad	-ing	N	N
waddington	wadding	-ton	N	N
waddle	wade	-le	V	N
wader	wade	-er	V	N
wading	wad	-ing	N	ADJ
wager	wage	-er	N	N
wager	wage	-er	N	V
waggle	wag	-le	V	V
wagnerian	wagner	-ian	N	ADJ
wailing	wail	-ing	V	N
waistline	waist	-ine	N	N
waiter	wait	-er	N	N
waiting	wait	-ing	N	N
waitress	waiter	-ess	N	N
waiver	waive	-er	V	N
wakeful	wake	-ful	V	ADJ
wakefulness	wakeful	-ness	ADJ	N
walkman	walk	-man	N	N
waller	wall	-er	N	N
walters	walter	-s	N	N
wanderer	wander	-er	N	N
wandering	wander	-ing	V	ADJ
waning	wane	-ing	V	V
waning	wane	-ing	V	N
waning	wane	-ing	V	ADJ
wanker	wank	-er	V	N
wanly	wan	-ly	ADJ	ADV
wanted	want	-ed	N	ADJ
wanting	want	-ing	N	ADJ
wanting	want	-ing	N	N
wanton	towed	wan-	V	ADJ
wantonly	wanton	-ly	ADJ	ADV
wantonness	wanton	-ness	ADJ	N
warbler	warble	-er	V	N
warden	ward	-en	N	N
warder	ward	-er	N	N
wardship	ward	-ship	N	N
warehouseman	warehouse	-man	N	N
warehousing	warehouse	-ing	N	N
warfare	war	-fare	N	N
warhead	war	-head	N	N
warily	wary	-ly	ADJ	ADV
wariness	wary	-ness	ADJ	N
warlike	war	-like	N	ADJ
warmer	warm	-er	ADJ	ADJ
warmer	warm	-er	ADJ	N
warming	warm	-ing	ADJ	V
warming	warm	-ing	ADJ	N
warmly	warm	-ly	ADJ	ADV
warner	warn	-er	V	N
warningly	warning	-ly	V	ADV
warped	warp	-ed	V	ADJ
warping	warp	-ing	N	V
warranty	warrant	-y	N	N
warring	war	-ing	N	ADJ
warship	war	-ship	N	N
warty	wart	-y	N	ADJ
warwickshire	warwick	-shire	N	N
wary	ware	-y	ADJ	ADJ
washable	wash	-able	V	ADJ
washer	wash	-er	V	N
washerwoman	washer	-woman	N	N
waspish	wasp	-ish	N	ADJ
waspishly	waspish	-ly	ADJ	ADV
wastage	waste	-age	N	N
wasted	waste	-ed	N	ADJ
wasteful	waste	-ful	N	ADJ
wastefully	wasteful	-ly	ADJ	ADV
wastefulness	wasteful	-ness	ADJ	N
wasteland	waste	-land	ADJ	N
waster	waste	-er	N	N
wasting	waste	-ing	V	ADJ
wastrel	waste	-rel	N	N
watchable	watch	-able	N	ADJ
watcher	watch	-er	N	N
watchful	watch	-ful	N	ADJ
watchfulness	watchful	-ness	ADJ	N
watchman	watch	-man	V	N
waterborne	water	-borne	N	ADJ
watercolourist	watercolour	-ist	N	N
watered	water	-ed	N	V
watered	water	-ed	N	ADJ
waterfront	water	-front	N	N
watergate	water	-gate	N	N
watering	water	-ing	V	N
waterless	water	-less	N	ADJ
waterline	water	-ine	N	N
waterman	water	-man	N	N
waterproof	water	-proof	N	ADJ
waterside	water	-side	N	N
waterski	water	-ski	N	N
waterworks	waterwork	-s	N	N
watery	water	-y	N	ADJ
watkinson	watkin	-son	N	N
watson	wat	-son	N	N
wattage	watt	-age	N	N
wavelet	wave	-let	N	N
waver	wave	-er	N	V
waverer	waver	-er	V	N
wavy	wave	-y	N	ADJ
waxed	wax	-ed	V	V
waxen	wax	-en	N	ADJ
waxing	wax	-ing	V	V
waxwork	wax	-work	N	N
waxy	wax	-y	N	ADJ
waymarked	waymark	-ed	N	ADJ
wayside	way	-side	N	ADJ
wayward	away	-ward	ADJ	ADJ
wayward	way	-ward	N	ADJ
waywardness	wayward	-ness	ADJ	N
weakling	weak	-ling	ADJ	ADJ
weakly	weak	-ly	ADJ	ADJ
weakly	weak	-ly	ADJ	ADV
wealden	weald	-en	N	ADJ
weaning	wean	-ing	V	V
weaponry	weapon	-ry	N	N
wearable	wear	-able	N	ADJ
wearer	wear	-er	V	N
wearily	weary	-ly	ADJ	ADV
weariness	weary	-ness	ADJ	N
wearing	wear	-ing	N	ADJ
wearisome	weary	-some	ADJ	ADJ
wearying	weary	-ing	ADJ	V
weathered	weather	-ed	N	ADJ
weathering	weather	-ing	N	N
weatherman	weather	-man	N	N
weatherproof	weather	-proof	N	ADJ
weaver	weave	-er	N	N
weaving	weave	-ing	V	N
webbed	web	-ed	N	ADJ
webber	web	-er	N	N
webbing	web	-ing	N	N
weberian	weber	-ian	N	ADJ
webster	web	-ster	N	N
wedlock	wed	-lock	ADJ	N
weeding	weed	-ing	N	N
weedy	weed	-y	N	ADJ
weekender	weekend	-er	N	N
weepy	weep	-y	V	ADJ
weighted	weight	-ed	N	V
weightily	weighty	-ly	ADJ	ADV
weighting	weight	-ing	N	V
weightless	weight	-less	N	ADJ
weightlessness	weightless	-ness	ADJ	N
weighty	weight	-y	N	ADJ
weirdly	weird	-ly	ADJ	ADV
weirdness	weird	-ness	ADJ	N
weirdo	weird	-o	ADJ	N
welcoming	welcome	-ing	N	ADJ
welcoming	welcome	-ing	N	V
welcoming	welcome	-ing	N	N
welder	weld	-er	N	N
welding	weld	-ing	N	V
weller	well	-er	ADJ	ADJ
welly	wellington boot	-y	N	N
welshman	welsh	-man	ADJ	N
welter	welt	-er	V	N
werewolf	wolf	were-	N	N
wesleyan	wesley	-an	N	ADJ
wesson	wes	-son	N	N
westbury	west	-bury	N	N
wester	west	-er	N	N
westerner	western	-er	N	N
westernize	western	-ize	N	V
westernize	western	-ize	ADJ	V
westernmost	western	-most	N	ADJ
westphalian	westphalia	-an	N	ADJ
westward	west	-ward	N	ADJ
westwards	west	-wards	N	ADV
wetland	wet	-land	ADJ	N
wetly	wet	-ly	N	ADV
wetness	wet	-ness	N	N
wetting	wet	-ing	V	V
whacking	whack	-ing	N	ADJ
whacky	whack	-y	N	ADJ
whaler	whale	-er	N	N
whaling	whale	-ing	N	N
whammy	wham	-y	V	N
wheaten	wheat	-en	N	ADJ
wheedling	wheedle	-ing	V	V
wheeled	wheel	-ed	N	V
wheeler	wheel	-er	N	N
wheelie	wheel	-ie	N	N
wheely	wheel	-y	N	ADJ
wheely	wheel	-y	N	N
wheezy	wheeze	-y	V	ADJ
whereabouts	whereabout	-s	ADV	ADV
whereabouts	whereabout	-s	ADV	U
wherefore	for	where-	ADV	ADV
wherein	in	where-	V	ADV
wherein	where	-in	N	N
whereupon	upon	where-	U	U
whimsical	whimsy	-ical	N	ADJ
whimsically	whimsical	-ly	ADJ	ADV
whimsy	whim	-y	N	N
whinger	whinge	-er	V	N
whining	whine	-ing	N	V
whipping	whip	-ing	V	N
whippy	whip	-y	N	ADJ
whirling	whirl	-ing	N	ADJ
whirring	whirr	-ing	V	N
whisker	whisk	-er	N	N
whiskered	whisker	-ed	N	ADJ
whiskery	whisker	-y	N	ADJ
whistler	whistle	-er	N	N
whistling	whistle	-ing	N	V
whistling	whistle	-ing	N	N
whitby	white	-by	ADJ	N
whitely	white	-ly	N	ADJ
whitely	white	-ly	N	ADV
whiten	white	-en	ADJ	V
whiteness	white	-ness	N	N
whitewash	white	-wash	ADJ	N
whitewashed	whitewash	-ed	N	V
whiting	white	-ing	ADJ	N
whitish	white	-ish	ADJ	ADJ
whitsuntide	whitsun	-tide	N	N
whittle	white	-le	ADJ	N
wholeheartedly	wholehearted	-ly	ADJ	ADV
wholeness	whole	-ness	N	N
wholesaler	wholesale	-er	N	N
wholesome	whole	-some	ADJ	ADJ
wholesomeness	wholesome	-ness	ADJ	N
whoops	whoop	-s	N	N
whopper	whop	-er	V	N
whopping	whop	-ing	V	ADJ
whorled	whorl	-ed	N	ADJ
wickedly	wicked	-ly	ADJ	ADV
wickedness	wicked	-ness	ADJ	N
wickerwork	wicker	-work	N	N
widen	wide	-en	ADJ	V
widening	widen	-ing	V	ADJ
widowed	widow	-ed	N	ADJ
widower	widow	-er	N	N
widowhood	widow	-hood	N	N
width	wide	-th	ADJ	N
wifely	wife	-ly	N	ADJ
wiggly	wiggle	-y	N	ADJ
wilder	wild	-er	ADJ	V
wilding	wild	-ing	ADJ	N
wilding	wild	-ing	ADJ	V
wildly	wild	-ly	ADJ	ADV
wildness	wild	-ness	ADJ	N
wilful	will	-ful	N	ADJ
wilfully	wilful	-ly	ADJ	ADV
wilfulness	wilful	-ness	ADJ	N
wilkins	wilkin	-s	N	N
wilkinson	wilkin	-son	N	N
willed	will	-ed	V	ADJ
williamsburg	williams	-burg	N	N
williamson	william	-son	N	N
willingly	willing	-ly	ADJ	ADV
willowy	willow	-y	N	ADJ
willy	will	-y	V	ADJ
wilting	wilt	-ing	V	V
wily	wile	-y	N	ADJ
wimpish	wimp	-ish	N	ADJ
wimpy	wimp	-y	N	ADJ
winder	wind	-er	N	N
winding	wind	-ing	V	V
windle	wind	-le	N	N
windless	wind	-less	N	ADJ
windless	wind	-less	N	N
windowed	window	-ed	N	ADJ
windowless	window	-less	N	ADJ
windproof	wind	-proof	N	ADJ
windsurfer	windsurf	-er	V	N
windsurfer	windsurfing	-er	N	N
windsurfing	windsurf	-ing	V	N
windward	wind	-ward	N	ADJ
windy	wind	-y	N	ADJ
winery	wine	-ry	N	N
winged	wing	-ed	N	ADJ
winger	wing	-er	N	N
wingless	wing	-less	N	ADJ
winnable	win	-able	V	ADJ
winning	winner	-ing	N	N
winningly	winning	-ly	ADJ	ADV
wino	wine	-o	N	N
winsome	winne	-some	N	ADJ
wintering	winter	-ing	V	V
winters	winter	-s	N	N
wintry	winter	-y	N	ADJ
wiper	wipe	-er	V	N
wired	wire	-ed	N	ADJ
wireless	wire	-less	N	ADJ
wiring	wire	-ing	V	V
wiry	wire	-y	N	ADJ
wisely	wise	-ly	ADJ	ADV
wisher	wish	-er	V	N
wishful	wish	-ful	N	ADJ
wispy	wisp	-y	N	ADJ
wistfully	wistful	-ly	ADJ	ADV
wistfulness	wistful	-ness	ADJ	N
witchcraft	witch	-craft	N	N
witching	witch	-ing	N	V
witching	witch	-ing	N	N
withering	wither	-ing	V	ADJ
witheringly	withering	-ly	ADJ	ADV
withers	wither	-s	V	N
withhold	hold	with-	N	V
withstand	stand	with-	V	V
witless	wit	-less	ADJ	ADJ
witter	white	-er	ADJ	N
witticism	witty	-icism	ADJ	N
witticism	witty	-ism	ADJ	N
wittily	witty	-ly	ADJ	ADV
wittingly	witting	-ly	N	ADV
witty	wit	-y	ADJ	ADJ
wizard	wise	-ard	ADJ	N
wizardry	wizard	-ry	N	N
wobbler	wobble	-er	V	N
wobbly	wobble	-y	N	ADJ
woeful	woe	-ful	N	ADJ
woefully	woeful	-ly	ADJ	ADV
wolfish	wolf	-ish	N	ADJ
womanhood	woman	-hood	N	N
womaniser	womanise	-er	V	N
womanizer	womanize	-er	V	N
womankind	woman	-kind	N	N
womanly	woman	-ly	N	ADJ
wonderfully	wonderful	-ly	ADJ	ADV
wonderingly	wondering	-ly	V	ADV
wonderland	wonder	-land	N	N
wonderment	wonder	-ment	N	N
wondrous	wonder	-ous	N	ADJ
wondrously	wondrous	-ly	ADJ	ADV
wonky	wonk	-y	N	ADJ
wooded	wood	-ed	N	ADJ
woodenly	wooden	-ly	ADJ	ADV
woodman	wood	-man	N	N
woods	wood	-s	N	N
woodside	wood	-side	N	N
woodsman	woods	-man	N	N
woodward	wood	-ward	N	N
woodwork	wood	-work	N	N
woodworker	woodwork	-er	N	N
woody	wood	-y	N	ADJ
woollen	wool	-en	N	ADJ
woolly	wool	-y	N	ADJ
woolly	wool	-ly	N	ADJ
worcestershire	worcester	-shire	N	N
wording	word	-ing	N	N
wordless	word	-less	N	ADJ
wordlessly	wordless	-ly	ADJ	ADV
wordsworthian	wordsworth	-ian	N	N
wordy	word	-y	N	ADJ
workable	work	-able	V	ADJ
workaholic	work	-aholic	N	N
workman	work	-man	N	N
workmanlike	workman	-like	N	ADJ
workmanship	workman	-ship	N	N
workmate	work	-mate	N	N
worldliness	worldly	-ness	ADJ	N
worldly	world	-ly	N	ADJ
worldly	world	-ly	N	ADV
wormy	worm	-y	N	ADJ
worriedly	worried	-ly	ADJ	ADV
worrier	worry	-er	N	N
worrisome	worry	-some	N	ADJ
worrying	worry	-ing	N	ADJ
worrying	worry	-ing	N	N
worryingly	worrying	-ly	ADJ	ADV
worsen	worse	-en	ADJ	V
worsening	worsen	-ing	V	N
worship	worth	-ship	ADJ	N
worshipful	worship	-ful	N	ADJ
worshipper	worship	-er	N	N
worshipping	worship	-ing	N	V
worthily	worthy	-ly	ADJ	ADV
worthiness	worthy	-ness	ADJ	N
worthless	worth	-less	N	ADJ
worthlessness	worthless	-ness	ADJ	N
worthy	worth	-y	N	ADJ
wounded	wound	-ed	V	ADJ
wrangle	wring	-le	V	V
wrangler	wrangle	-er	N	N
wrangling	wrangle	-ing	V	N
wrangling	wrangle	-ing	V	V
wrapped	wrap	-ed	N	ADJ
wrapper	wrap	-er	N	N
wrapping	wrap	-ing	V	N
wrapping	wrap	-ing	V	V
wrath	wroth	-th	ADJ	N
wrathful	wrath	-ful	N	ADJ
wrathfully	wrathful	-ly	ADJ	ADV
wreckage	wreck	-age	N	N
wrecker	wreck	-er	N	N
wrecking	wreck	-ing	N	N
wrestle	wrest	-le	V	N
wrestler	wrestle	-er	V	N
wrestling	wrestle	-ing	V	N
wretched	wretch	-ed	N	ADJ
wretchedly	wretched	-ly	ADJ	ADV
wretchedness	wretched	-ness	ADJ	N
wriggle	wrig	-le	V	V
wringer	wring	-er	V	N
wrinkly	wrinkle	-y	N	ADJ
wrinkly	wrinkle	-y	N	N
writhing	writhe	-ing	V	ADJ
wrongful	wrong	-ful	N	ADJ
wrongfully	wrongful	-ly	ADJ	ADV
wrongly	wrong	-ly	N	ADV
wrongness	wrong	-ness	N	N
wryly	wry	-ly	ADJ	ADV
xenophobia	xenophobe	-ia	N	N
xenophobic	xenophobe	-ic	N	ADJ
xmas	x	-mas	N	N
yachting	yacht	-ing	N	ADJ
yachtsman	yacht	-man	N	N
yardage	yard	-age	N	N
yearling	year	-ling	N	N
yearly	year	-ly	N	ADJ
yearly	year	-ly	N	ADV
yearning	yearn	-ing	V	N
yellowish	yellow	-ish	ADJ	ADJ
yellowy	yellow	-y	N	ADJ
yemeni	yemen	-i	N	ADJ
yeomanry	yeoman	-ry	N	N
yer	y	-er	N	N
yer	ye	-er	N	N
yesteryear	year	yester-	N	N
yielding	yield	-ing	V	V
yielding	yield	-ing	V	N
yielding	yield	-ing	V	ADJ
yobbo	yob	-o	N	N
yorkie	yorkshire	-ie	N	N
yorkie	york	-ie	N	N
yorkist	york	-ist	N	N
yorks	york	-s	N	N
yorkshireman	yorkshire	-man	N	N
youngish	young	-ish	ADJ	ADJ
yous	you	-s	V	U
youthful	youth	-ful	N	ADJ
youthfulness	youthful	-ness	ADJ	N
yugoslavia	yugoslav	-ia	ADJ	N
yugoslavian	yugoslavia	-an	N	ADJ
yuletide	yule	-tide	N	N
yummy	yum	-y	ADJ	ADJ
zambian	zambia	-an	N	N
zambian	zambia	-an	N	ADJ
zealander	zealand	-er	N	N
zealous	zeal	-ous	N	ADJ
zealously	zealous	-ly	ADJ	ADV
zimbabwean	zimbabwe	-an	N	N
zionism	zion	-ism	N	N
zionist	zion	-ist	N	N
zipper	zip	-er	N	N
zippo	zip	-o	N	ADJ
zippy	zip	-y	N	ADJ
zonal	zone	-al	N	ADJ
zoning	zone	-ing	V	V
zoological	zoology	-ical	N	ADJ
zoologist	zoology	-ist	N	N
zoology	zoo	-logy	N	N
zooplankton	plankton	zoo-	N	N
zoroastrian	zoroaster	-ian	N	ADJ
