# WordNet 3.1 | sha256 3f7d8be8ef6ecc7167d39b10d66954ec734280b5bdcd57f7d9eafe429d11c22a | pack ky | entries 1651
abdomen	venterstomachbellyabdominal cavity
abide	digestendurestick outstomachbearstandtoleratesupportbrooksufferput upbidestay
abnormal	unnatural
aboard	on boardalongside
abound	burstbristle
abrupt	precipitoussharpdisconnected
absurd	the absurdcockeyedderisoryidioticlaughableludicrousnonsensicalpreposterousridiculous
abundance	copiousnessteemingness
accelerate	speed upspeedquicken
accessory	appurtenancesupplementadd-onaccoutrementaccoutermentaccessaryadjunctancillaryadjuvantappurtenantauxiliary
accidental	incidentalnonessentialinadvertent
acclaim	acclamationplauditsplauditeclathailheraldapplaudclapspat
accord	treatypactconformityaccordanceagreementallotgrantharmonizeharmoniseconsortconcordfit inagree
accordance	accordance of rightsaccordconformity
accumulate	cumulateconglomeratepile upgatheramassroll upcollectcompilehoard
accustom	habituate
accustomed	customaryhabitualwonted(a)
ache	achingyearnyenpinelanguishhurtsuffersmart
acquaint	familiarizefamiliariseintroducepresent
acquaintance	familiarityconversanceconversancyfriendacquaintanceship
activate	aeratetripactuatetriggerset offspark offsparktrigger offtouch off
addict	nutfreakjunkiejunkyhook
adhere	clingcleavestickcoherehold fastbondbindstick tostand bystick by
adjacent	nextside by side(p)conterminouscontiguousneighboring(a)
adjective	proceduraladjectival
adjoin	touchmeetcontactborderedgeabutmarchbuttbutt againstbutt on
administrate	administer
advent	comingsecond comingsecond coming of christsecond adventparousia
adverse	contraryinauspiciousuntoward
aerial	forward passantennatransmitting aerialaeriformairyaeryethereal
aeroplane	airplaneplane
affiliate	consortassociateassort
affiliation	associationtietie-up
affirm	confirmcorroboratesustainsubstantiatesupportverifyassertavowaverswanswear
affluent	feedertributaryconfluentflushloadedmoneyedwealthysubstantial
aggravate	worsenexacerbateexasperate
agitate	vexdisturbcommoveshake upstir upraise uprouseturn onchargeexcitecharge upshakestirshiftbudgefomentcrusadefightpresscampaignpush
agony	tormenttorturesufferingexcruciation
agreeable	accordantconformableconsonantconcordant
alert	alarmwarning signalalarumalertingqui vivewatchfulalive(p)awake(p)brisklivelymerryrattlingsnappyspankingzippy
alleviate	relievepalliateassuagefacilitateease
allied	confederateconfederative
alloy	admixturemetaldebase
aloud	out loudloudlyloud
alphabet	rudimentsfirst principlesabcabc'sabcs
alternate	surrogatereplacementtake turnsjumpinterchangetackswitchflipflip-flopunderstudyalternativesubstitute
altitude	heightelevationelalt
amateur	recreationalunpaidamateurishinexpertunskilled
amaze	perplexvexstickgetpuzzlemystifybafflebeatposebewilderflummoxstupefynonplusgraveldumbfoundastonishastound
ambassador	embassador
ambiguous	equivocal
amend	rectifyremediateremedyrepairbetterimproveamelioratemeliorate
amiable	affablecordialgenialgood-humoredgood-humoured
ample	copiousplenteousplentifulrichsizablesizeable
amplify	inflateblow upexpandmagnifyoverstateexaggerateoverdrawhyperbolizehyperbolise
amuse	divertdisport
analogue	analogparallellinear
analogy	doctrine of analogy
analytic	analyticaluninflected
anchor	ground tacklemainstaykeystonebackbonelinchpinlynchpinanchormananchorpersoncast anchordrop anchorground
anemia	genus anemiaanaemia
anguish	tormenttorturepainhurt
ant	emmetpismire
antenna	feeleraerialtransmitting aerial
antique	old-timeroldtimergafferold geezerantiquatedemodeexold-fashionedold-hat(p)outmodedpassepasseeage-old
anyhow	anywayanywaysin any caseat any ratein any event
apologise	apologizeexcuserationalizerationalise
apology	excuseapologia
appal	dismayalarmappallhorrifyshockoffendscandalizescandaliseoutrage
appall	dismayalarmappalhorrifyshockoffendscandalizescandaliseoutrage
apparatus	setup
appetite	appetencyappetence
applaud	clapspatacclaim
applause	hand clappingclapping
appliance	contraptioncontrivanceconveniencegadgetgizmogismowidget
appraisal	assessmentestimateestimation
appraise	surveymeasureevaluatevaluateassessvalue
apprehend	grokget the picturecomprehendsavvydiggraspcompasscollarnailarrestpick upnabcopquail at
apprehensive	worrieddiscerning
approximate	estimategaugeguessjudgecome closeclose together(p)nearapproximativerough
apt	appositepertinentclever
arch	archwaycurvearcimpishimplikemischievouspixilatedprankishpuckishwickedcondescendingpatronizingpatronising
archive	file away
arithmetic	arithmetical
arouse	wake upawakeawakenwakecome alivewakenrousestimulatebraceenergizeenergiseperk upraiseconjureconjure upinvokeevokestircall downbring upput forwardcall forthelicitenkindlekindlefireprovokesexexciteturn onwind up
arrogant	chestyself-important
artery	arteriaarterial blood vessel
articulate	enunciatevocalizevocalisepronounceenouncesound outsaygive voiceformulatewordphrasejointarticulated
ascend	go upmove uprisecome upupriseclimb up
ascertain	seecheckinsuresee to itensurecontrolassuredeterminefindfind outwatchlearn
ash	ash tree
aspire	draw a bead onaimshoot for
assimilate	absorbingesttake inimbibe
astonish	amazeastound
astronaut	spacemancosmonaut
astronomy	uranology
attain	reachhitmakearrive atgainfall uponstrikecome uponlight uponchance uponcome acrosschance onhappen upondiscoverachieveaccomplish
attendant	accompanimentconcomitantco-occurrenceattenderattendeemeetertenderconsequentaccompanyingincidentalensuantresultantsequentcollateral
attentive	heedfulthoughtfulpaying attention
audio	sound recordingaudio recordingaudio frequencysound
authentic	bona fideunquestionableveritablereliable
automation	mechanizationmechanisation
auxiliary	aidesubsidiarysupplementalsupplementaryaccessoryadjunctancillaryadjuvantappurtenant
avail	helpservice
avert	turn awaydebarforefendforfendobviatedeflecthead offstave offfend offavoidward off
aviation	air travelairairmanshipair power
awake	wake uparouseawakenwakecome alivewaken
awe	fearreverenceveneration
axe	ax
axis	axis of rotationaxis vertebrabloc
bachelor	unmarried manknight bachelorbachelor-at-armsbach
backward	half-wittedslow-wittedfeeblemindedbackbackwardsrearwardrearwards
bacon	francis baconsir francis baconbaron verulam1st baron verulamviscount st. albansroger bacon
bacterium	bacteria
baggage	luggage
bait	decoylurecome-onhooksweetenerteaserazzragcodtantalizetantalisetaunttwitrallyride
bald	bald-headedbald-pateddenudeddenudatebarefaced
balloon	inflatebillow
bandage	patchbind
bang	hitsmashsmasherstrikefringeclaperuptionblastbamknockbashbeltbootchargerushflushthrillkickspangslamsleep togetherroll in the haylovemake outmake lovesleep withget laidhave sexknowdo itbe intimatehave intercoursehave it awayhave it offscrewfuckjazzeffhumplie withbedhave a go at itget it onbonkslapslapdashsmackbolt
bankrupt	insolventruinbreaksmashbelly-up(p)
banner	streamerstandard
banquet	feastspreadjunket
barbecue	barbequecook out
barber	samuel barber
bargain	dealbuystealdicker
bark	barqueskin
barren	wastewastelanddestitutedevoidfreeinnocentbarebleakdesolatestark
batch	clutchdealflockgood dealgreat dealhatfulheaplotmassmessmicklemintmountainmucklepasselpeckpileplentypotquite a littleraftsightslewspatestacktidy sumwad
beard	byssusface funguswhiskers
bearing	chargeheraldic bearingarmorial bearingcomportmentpresencemiencarriagepostureheadingaim
beforehand	aheadin advance
beloved	deardearesthoneylovedarling
beneficial	good
benign	benignant
betray	denouncetell ongive awayratgrassshitshopsnitchstagdeceivelead astraybewrayfailsellcheat oncheatcuckoldwander
beverage	drinkdrinkablepotable
beware	mind
bewilder	perplexvexstickgetpuzzlemystifybafflebeatposeflummoxstupefynonplusgravelamazedumbfoundbemusediscombobulatethrow
bin	bank identification numberaba transit numberbinful
biography	lifelife storylife history
bipedal	bipedtwo-footed
bizarre	eccentricfreakishfreakyflakyflakeygonzooff-the-walloutlandishoutre
blackmail	blackjackpressure
blast	fireattackflakflackgood timebangclaperuptionbamgustblowknock downsavagepillorycrucifyshootshellsmashnailboomblare
blaze	hellglarebrillianceblazingblaze awayblaze out
bleak	blackdimbarebarrendesolatestarkcuttingraw
bleed	shed bloodhemorrhageleechphlebotomizephlebotomiserun
bloom	efflorescenceflowerblossombloomingblushflushrosinessbloom of youthsalad daysprimepeakheyday
blossom	flowerbloomprimepeakheydayefflorescenceflushblossom outblossom forthunfold
blueprint	designpatterndraftdraught
blunder	blooperbloomerbunglepratfallfoul-upfuckupflubbotchbonerboo-booblurt outblurtblunder outejaculatefumbledrop the ballsinboobgoof
blunt	deadendullnumbbenumbcrude(a)stark(a)candidforthrightfrankfree-spokenoutspokenplainspokenpoint-blankstraight-from-the-shoulder
blur	fuzzdimslurblearconfuseobscureobnubilatesmearsmudgesmutchfilm overglaze over
blush	flushbloomrosinesscrimsonredden
boast	boastingself-praisejactitationtoutswashshoot a linebraggasblowblustervauntgasconadesportfeature
bolt	dashdeadboltthunderboltbolt of lightninggobblerun offrun outbolt outbeetle offabscondabsquatulatedecampgo offmake offrigidlystifflybangslapslapdashsmack
bore	bore-holedrill holegaugecalibercalibretidal boreeagreaegireagerdullarddrilltire
bosom	embracebreastknockerboobtittittyhearthugsqueeze
brace	bracingbitstockbracesorthodontic bracessuspendergalluspaircoupletwosometwainspanyokecoupletdistichduoduetdyadduadstimulatearouseenergizeenergiseperk upsteadystabilizestabilisepoise
bracket	wall bracketsquare bracketangle bracketbracket out
brake	brackenpasture brakepteridium aquilinum
breadth	widthcomprehensivenesslargeness
bribe	payoffcorruptbuygrease one's palms
bride	bridgetsaint bridgetst. bridgetbrigidsaint brigidst. brigidsaint bridest. bride
brim	rimlip
brisk	brisk upbriskenalertlivelymerryrattlingsnappyspankingzippybracingfreshrefreshingrefreshfultonic
brittle	toffeetoffybricklebricklyunannealed
brochure	bookletfolderleafletpamphlet
brook	creekdigestendurestick outstomachbearstandtoleratesupportabidesufferput up
broom	heatherlingscots heathercalluna vulgarissweep
brow	eyebrowsuperciliumforeheadhilltop
browse	browsinggrazesurfcroprangepastureshop
bruise	contusioncontusehurtwoundinjureoffendspite
brutal	barbarouscruelfellroughshodsavageviciousbeastlybestialbrute(a)brutishunrelenting
buffet	countersideboardsnack barsnack counterbuffknock aboutbatter
bulb	light bulblightbulbincandescent lampelectric lightelectric-light bulbmedulla oblongatamedulla
bully	toughhooliganruffianroughneckrowdyyobyoboyobbobrowbeatswaggerstrong-armbullyragballyragboss aroundhectorpush aroundbang-upcorkingcrackingdandygreatgroovykeenneatniftynot bad(p)peachyslap-upswellsmashingold(a)
bump	blowbulgehumpswellinggibbositygibbousnessjutprominenceprotuberanceprotrusionextrusionexcrescenceknockdislodgefindhappenchanceencounterdemoterelegatebreakkick downstairs
bundle	sheafpackagepacketparcelpilebig bucksmegabucksbig moneypractice bundlingpackwadcompactbunchclusterclumpbundle uproll up
butcher	bunglerblundererfumblerbumblerstumblersad sackbotcherfuckupslaughterermeatmanslaughter
butterfly	butterfly strokechat upflirtdallycoquetcoquetteromancephilandermash
bypass	beltwayring roadringwayshuntelectrical shuntshort-circuitgo aroundget around
cabbage	choucultivated cabbagebrassica oleraceaboodlebreadclamsdinerodoughgeltkalelettucelollylucrelootmoolahpelfscratchshekelssimoleonssugarwampumpilferpurloinpinchabstractsnarfswipehooksneakfilchnobblelift
cafe	coffeehousecoffee shopcoffee bar
calcium	caatomic number 20
calorie	gram caloriesmall caloriekilogram caloriekilocalorielarge calorienutritionist's calorie
cannon	caromshank
canteen	mobile canteen
cape	mantleness
capsule	ejection seatejector seatspace capsulecondensationabridgementabridgmentencapsulatecapsulizecapsulisecapsulate
captive	prisonerabsorbedengrossedenwrappedintentwrappedconfinedimprisonedjailed
cardinal	cardinal grosbeakrichmondena cardinaliscardinalis cardinalisredbirdcarminecardinal numbercentralfundamentalkeyprimal
caress	fondle
cargo	ladingfreightloadloadingpayloadshipmentconsignment
carrot	cultivated carrotdaucus carota sativa
catastrophe	calamitydisastertragedycataclysm
caution	cautiousnesscarefulnesscircumspectionprecautioncareforethoughtcaveatadmonishmonish
cautious	timidconservative
cellar	basementwine cellarroot cellar
cement	cementum
cemetery	graveyardburial siteburial groundburying groundmemorial parknecropolis
census	nose countnosecount
cent	pennycentime
centimetre	centimetercm
cereal	grainfood graincereal grass
certify	attestmanifestdemonstrateevidencelicenselicenceendorseindorse
chalk	methamphetaminemethamphetamine hydrochloridemethedrinemethdeoxyephedrinechicken feedcrankglassiceshabutrash
chat	old world chatnew world chatconfabconfabulationschmoozeschmoosechew the fatshoot the breezeconfabulatechitchatchit-chatchatterchaffernattergossipjawclavervisit
cheer	cheerfulnesssunninesssunshineroot oninspireurgebarrackurge onexhortpep upcheer upchirk upjolly alongjolly upheartenrecreateembolden
chemist	pharmacistdruggistapothecarypill pusherpill roller
cherish	care forhold deartreasure
cherry	cerisecherry redcherry treeredreddishruddyblood-redcarminecherry-redcrimsonrubyruby-redscarlet
chess	chess gamecheatbromus secalinus
chew	chewingmasticationmanductionchawcudquidplugwadmasticatemanducatejaw
chill	icinessgelidityfrissonshiverquivershudderthrilltinglepallshiveringcoolcool down
chimney	lamp chimney
choke	choke coilchoking coilgagstranglesuffocatethrottlediedeceaseperishgoexitpass awayexpirepasskick the bucketcash in one's chipsbuy the farmconkgive-up the ghostdrop deadpop offcroaksnuff itstifleasphyxiateclogchoke offclog upback upcongestfoulfretscrag
chorus	refraingreek choruschorus linechoir
cigaret	cigarettecoffin nailbuttfag
circular	handbillbillbroadsidebroadsheetflierflyerthrowawayrotaryorbitualround
circumference	perimetercircuit
circus	carnivalgenus circus
civility	politeness
civilize	civiliseeducateschooltraincultivate
clap	bangeruptionblastbamclackgonorrheagonorrhoeaspatapplaudacclaim
clarify	clear upelucidate
clarity	clearnessuncloudednessluciditylucidnesspelluciditylimpidity
clasp	clenchclutchclutchesgraspgripholdbucklebrooch
classmate	schoolmateschoolfellowclass fellow
claw	chelanipperpincerhook
climax	orgasmsexual climaxcomingculminationflood tideculminate
cloak	clothedraperobedissemblemask
clone	knockoffclonringerdead ringer
clothe	dressenclothegarbraimenttoggarmenthabilitatefit outapparelcloakdraperobeinvestadorn
clumsy	awkwardcumbersomeinaptineptill-chosengawkyclunkyungainlyunwieldybunglingfumblingincompetentbunglesome
clutch	claspclenchclutchesgraspgripholdclutch pedalclutch bagbatchseizeget hold ofprehendcling tohold closehold tight
coarse	commonrough-cutuncouthvulgarharsh
cock	roosterhammerstopcockturncockprickdickshaftpeckertoolputztittupswaggerruffleprancestrutsashay
coherent	tenaciousconsistentlogicalorderedlucid
coil	spiralvolutewhorlhelixrollcurlcurlicueringletgyrescrollloophandbuildhand-buildgyrate
coincidence	concurrenceconjunctionco-occurrencehappenstance
collaborate	join forcescooperateget together
collide	clashjar
collision	hit
comb	combingcockscombcoxcombcomb outdisentangleransack
comic	comedianamusingcomicalfunnylaughablemirthfulrisible
commemorate	remembermemorializememorialiseimmortalizeimmortalisemark
commend	rememberrecommend
commonplace	platitudeclichebanalitybromidehumdrumprosaicunglamorousunglamourousbanalhackneyedold-hatshopwornstock(a)threadbaretimeworntiredtritewell-worn
commute	changeexchangeconvertpermutetranspose
comparative	comparative degreerelative
compass	scoperangereachorbitambitgraspgrokget the picturecomprehendsavvydigapprehendcircumnavigate
compassion	pitycompassionateness
compile	composeroll upcollectaccumulatepile upamasshoard
complement	accompanimentfull complement
compliance	submissionconformityconformationabidancecomplaisancecompliancyobligingnessdeference
complicate	refinerarifyelaborateperplex
complication	complicatednessknottinesstortuousnessramification
compliment	congratulate
composite	complexcomposite plant
comprehend	grokget the picturesavvydiggraspcompassapprehendperceiveembraceencompasscover
comprehension	inclusion
compress	constrictsqueezecompactcontractpresspack together
compute	calculateciphercypherwork outreckonfigure
comrade	brothercompanionfellowfamiliarassociate
condense	digestconcentratedistilldistilcontract
conductor	music directordirector
confer	confabulateconfabconsultbestow
confidential	secret
conform	adjustadapt
conformity	conformationcomplianceabidanceconformanceossificationconformismaccordaccordance
congratulate	complimentfelicitatepreenprideplume
congratulation	felicitation
conjunction	junctionconcurrencecoincidenceco-occurrenceconjunctiveconnectivecontinuativealignmentconjugationcolligation
connotation	intension
conquer	suppressstamp downsubdueappropriatecaptureseize
conquest	conqueringsubjectionsubjugationseduction
conscientious	painstakingscrupulous
consecutive	back-to-backstraightsequentsequentialserialsuccessivesequentially
conserve	preserveconservespreserveshusbandeconomizeeconomisemaintainkeep up
console	cabinetconsole tablecomfortsoothesolace
conspicuous	blatantblazing
conspire	cabalcomplotconjuremachinatecollude
constrain	stiffentightentighten uprestrainconfineholdenforceimpose
contaminate	pollutefoul
contempt	disrespectscorndisdaindespite
contention	competitionrivalrycontroversycontestationdisputationdisceptationtiltargumentarguing
contradict	negateopposecontrovertcontravenebelie
contrary	reverseoppositeadverseobstinateperversewayward
contrive	inventdeviseexcogitateformulateforgeprojectcastthrowplandesign
convenience	appliancecontraptioncontrivancegadgetgizmogismowidgetpublic toiletcomfort stationpublic conveniencepublic lavatoryrestroomtoilet facilitywash room
coordinate	co-ordinateorganizeorganisealignordinate
copyright	right of first publication
cordial	liqueuraffableamiablegenial
correlate	correlativecorrelated
corresponding	comparablelike
corrode	rusteat
corrupt	spoildefilesullytaintcloudbribebuygrease one's palmspervertsubvertdemoralizedemoralisedebauchdebaseprofanevitiatedepravemisdirecttaintedcorruptedcrooked
cosy	tea cosycozytea cozysnug
cough	coughing
coupon	voucher
courtesy	good manners
courtyard	court
coward	noel cowardsir noel pierce coward
crab	crab lousepubic lousephthirius pubiscrabmeatcancercancer the crabcrabby persongripebitchgrousebeefsquawkbellyacheholler
cradle	rockerbirthplaceplace of originprovenanceprovenience
crane	grushart craneharold hart cranestephen cranestretch out
credential	certificatecertificationcredentials
credentials	certificatecertificationcredential
cripple	lamestultify
crisp	chippotato chipsaratoga chipcrispentoastwrinklerucklecreasecrinklescrunchscrunch upcurtlaconictersesharpfrizzlyfrizzykinkynappyfrostynippingnippysnappycrispy
crow	bragbraggingcrowingvaporingline-shootinggasconadecorvusgloattriumph
crude	petroleumcrude oilrock oilfossil oiloilrawearthygrossvulgarprimitiverudeunrefinedunprocessedrough
cruise	sail
crust	gallimpertinenceimpudenceinsolencecheekinessfreshnessearth's crustincrustationencrustation
cube	square blockthird powerblockregular hexahedrondice
cucumber	cukecucumber vinecucumis sativus
cue	cue stickpool cuepool stickdiscriminative stimulusclueclewpromptremind
cultivate	domesticatenaturalizenaturalisetamecropworkeducateschooltraincivilizecivilise
cunning	craftcraftinessfoxinessguileslynesswilinesscleveringeniouscraftydodgyfoxyguilefulknavishslickslytricksytrickywilycute
curb	bridlecheckamerican stock exchangeamexcurbingkerbcurb bitrestrictcurtailcut backcontrolhold inholdcontainmoderate
cure	remedycurativetherapeuticbring aroundheal
curiosity	curiooddityoddmentpeculiarityraritywonder
curl	lockringletwhorlrobert curlrobert f. curlrobert floyd curl jr.coilrollcurlicuegyrescrollcurvekinkwaveloopcurl updraw in
curse	curse wordexpletiveoathswearingswearwordcusshexjinxwhammyexecrationcondemnationtormentbanescourgenemesisblasphemeswearimprecatebeshrewdamnbedamnanathemizeanathemisemaledictexcommunicateunchurch
cushion	shock absorbershockbuffersoften
customary	accustomedhabitualwonted(a)
cyberspace	internetnet
cylinder	piston chamber
dairy	dairy farm
dash	sprintboltelanflairpanachestyledahhyphensmashcrashdauntscare offpallfrighten offscare awayfrighten awayscaredartscootscudflashshoot
datum	data point
daylight	daydaytime
daytime	daydaylight
dazzle	bedazzledaze
decay	decompositiondeclineradioactive decaydisintegrationcrumbledilapidatedisintegratedecompose
deceit	deceptiondissemblingdissimulationfraudulencemisrepresentation
deceive	betraylead astraylead ondeludecozen
decimal	decimal fractiondenary
decisive	critical
decompose	break upbreak downrotmoldermoulderdisintegratedecay
deduce	inferdeductderive
deduct	deduceinferderivesubtracttake offwithholdrecoup
deed	acthuman actionhuman activitydeed of conveyancetitle
deficiency	insufficiencyinadequacylackwant
deform	change shapechange formdistortstrainflexbendtwistturncontortwring
defy	darewithstandholdhold upresistrefuse
degenerate	pervertdeviantdeviatedevolvedeterioratedropdebaucheddegradeddissipateddissolutelibertineprofligateriotousfast
delete	editblue-pencilerasecancel
deliberate	debateconsidermootturn overcarefulmeasuredcalculatedintentionalknowing
delicious	delightfuldelectablelusciouspleasant-tastingscrumptioustoothsomeyummy
denial	abnegationself-abnegationself-denialself-renunciationdefensedefencedemurrerdisaffirmation
denote	referannounce
denounce	tell onbetraygive awayratgrassshitshopsnitchstagstigmatizestigmatisebrandmark
dense	dimdulldumbobtuseslowthickheavyimpenetrable
dental	alveolar consonantdental consonantalveolar
dentist	tooth doctordental practitioner
depart	gogo awaytake leavequitpartstartstart outset forthset offset outtake offsidetrackdigressstraggleleavepull up stakesdeviatevarydiverge
depress	press downlowerdejectcast downget downdismaydispiritdemoralizedemoralise
descendant	descendent
descent	originextractionlineagelineline of descentbloodlineblood linebloodpedigreeancestryparentagestemmastockdeclivityfalldeclinedeclinationdeclensiondownslopefiliation
designate	intenddestinespecifyfatedoomindicatepointshowdenominatedelegatedeputeassign
desolate	lay waste towastedevastateravagescourgedepopulateabandonforsakedesertbarebarrenbleakstark
despair	desperation
despatch	dispatchshipmentexpeditionexpeditiousnesscommuniquesend off
despise	contemnscorndisdain
destiny	fatefortunelucklotcircumstancesportion
detach	come offcome away
detain	delayhold upstayconfine
detector	sensorsensing elementdemodulator
deteriorate	devolvedropdegenerate
deviate	pervertdeviantdegeneratedivertvarydivergedepartaberrant
dial	telephone dial
dialect	idiomaccent
dialog	dialogueduologue
diameter	diam
dictate	orderprescribe
dictation	commandbidbidding
differentiate	speciatespecializespecialisedistinguishseparatesecernsecernateseveralizeseveralisetelltell apartmark
diffuse	circulatecircularizecircularisedistributedisseminatepropagatebroadcastspreaddispersepass aroundpermeatepervadepenetrateinterpenetrateimbueriddlespread outfan outsoftdiffused
digest	compilationcondenseconcentrateendurestick outstomachbearstandtoleratesupportbrookabidesufferput up
diligent	persevering
dilute	thinthin outreducecutloadadulteratestretchdebasediluted
dim	blurslurblinddipsubdueddimmeddensedulldumbobtuseslowfaintshadowyvaguewispyblackbleak
dip	plungedropfallfree fallpickpocketcutpurseangle of dipmagnetic dipmagnetic inclinationinclinationdunksousedouseducksinkdim
diploma	sheepskin
diplomat	diplomatist
disable	invalidincapacitatehandicapdisenable
disappoint	let down
disastrous	blackcalamitousfatalfateful
discard	throwing awayflingtosstoss outtoss awaychuck outcast asidedisposethrow outcast outthrow awaycast awayput away
discern	spotrecognizerecognisedistinguishpick outmake outtell apart
discreet	circumspectdiscerning
discrepancy	disagreementdivergencevariancevariant
discriminate	know apartseparatesingle out
disdain	condescensionpatronagecontemptscorndespiterejectspurnfreeze offpooh-poohturn downcontemndespise
disgrace	shameignominydiscredittake downdegradedemeanput downdishonordishonourattaint
disguise	camouflagemask
disgust	revoltnauseatesickenchurn upgross outrepel
dislike	disfavordisfavourdisapproval
dismay	alarmconsternationdiscouragementdisheartenmentappalappallhorrifydepressdejectcast downget downdispiritdemoralizedemoralise
disperse	break upscattercirculatecircularizecircularisedistributedisseminatepropagatebroadcastspreaddiffusepass aroundsprinkledotdustdissipatespread outdispel
displace	movefiregive noticecandismissgive the axesend awaysackforce outgive the sackterminatepreempt
disposition	disposaltemperamentinclinationtendency
disregard	neglectignoredismissbrush asidebrush offdiscountpush asidesnubcut
disrupt	interruptbreak upcut off
dissipate	fritterfrivol awayshootfritter awayfoolfool awaydispersescatterspread outdispelbreak up
distill	distilextractcondensepurifysublimatemake pure
distort	deformstrainfalsifygarblewarptingecolorcolourtwisttwinecontortwring
distract	perturbunhingedisquiettroublecarkdisorderdeflect
ditch	trenchdumpchuck
dive	nose divenosedivedivinghonkytonkplungeplunk
diversion	deviationdigressiondeflectiondeflexiondivagationrecreationdiversionary attack
divert	deviatehive offamusedisport
dizzy	airheadedempty-headedfeatherbrainedgiddylight-headedlightheadedsillywoozyvertiginous
doctorate	doctor's degree
dome	domed stadiumcovered stadiumatticbeanboncenoodlenoggin
donkey	domestic assequus asinus
doom	doomsdayday of reckoningend of the worlddestinefatedesignatesentencecondemn
dorm	dormitoryresidence hallhallstudent residence
dormant	abeyantinactivehibernating(a)torpid
dove	squabcolumbapeacenik
downward	downdownwardsdownwardly
doze	drowsesnooze
dragon	flying dragonflying lizarddracofiredraketartar
dramatize	embroiderpadlardembellishaggrandizeaggrandiseblow updramatiseadopt
dread	apprehensionapprehensivenessfear
drill	exercisepracticepractice sessionrecitationmandrillus leucophaeuspractisebore
drip	drip molddrip moulddrippingtrickledribbledrop
drought	drouth
dubious	doubtfuldubitablein question(p)
dumb	mutesilentspeechlessdensedimdullobtuseslow
duplicate	duplicationextradoublereduplicaterepeatreplicatetwinparallelmatchingtwin(a)twinned
durable	lastinglong-lastinglong-livedindestructibleperdurableundestroyablelong-wearing
dusk	twilightgloaminggloamnightfallevenfallfallcrepusculecrepuscle
dwarf	gnomemidgetnanusshadowovershadow
dwell	broodharppopulateliveinhabitconsistlielie in
dwelling	homedomicileabodehabitationdwelling house
dye	dyestuff
earnest	businesslikesinceresolemndeardevoutheartfelt
easter	east windeasterly
ebb	refluxebbingwaneebb awayebb downebb outebb off
eccentric	charactertypecaseeccentric personflakeoddballgeeknonconcentricbizarrefreakishfreakyflakyflakeygonzooff-the-walloutlandishoutre
eclipse	occultationoccultovershadowdominate
ecology	bionomicsenvironmental science
economical	economicfrugalscotchsparingstinting
edible	comestibleeatablepabulumvictualvictuals
editorial	columnnewspaper column
ego	selfegotismself-importance
eject	exhaustdischargeexpelreleasesquirtforce outsqueeze outchuck outexcludeturf outboot outturn out
elaborate	work outcomplicaterefinerarifylucubrateexpatiateexpositenlargeflesh outexpandexpounddilatedetailedelaboratedluxuriant
elapse	lapsepassslip byglide byslip awaygo byslide bygo along
elastic	rubber bandelastic bandflexiblepliablepliant
electrician	linemanlinesman
elevate	liftraiseget upbring uppromoteupgradeadvancekick upstairs
eloquent	facilefluentsilversilver-tonguedsmooth-spoken
embark	entershipventure
embarrass	abashobstructblockadeblockhinderstymiestymy
embed	implantengraftimbedplant
embody	bepersonifyincarnatebody forthsubstantiate
eminent	loftysoaringtoweringhigh
emit	breathepass offutterlet outlet loosegive outgive off
enclosure	enclosingenvelopmentinclosurenatural enclosure
encyclopedia	cyclopediaencyclopaediacyclopaedia
endeavor	attempteffortendeavourtryenterprisestrive
ending	terminationconclusionendcloseclosingfinish
endow	dowerinduegiftempowerinvestendue
endurance	survival
energetic	gumptiousindustriousup-and-coming
enlarge	blow upmagnifyelaboratelucubrateexpatiateexpositflesh outexpandexpounddilate
enlighten	clearclear upshed light oncrystallizecrystallisecrystalizecrystalisestraighten outsort outilluminateelucidateirradiateedify
enlist	draftmuster inengage
entail	fee-tailimplicateimplymean
envy	invidiaenviousnessbegrudge
epoch	eradate of reference
erase	wipe outdeleterub outscore outeffacewipe off
erosion	corrosioncorrodingerodingeating awaywearingwearing away
erupt	belchextravasateirruptflare upflarebreak openburst outrecrudescebreak outcome outbreak throughpush throughbreakburstignitecatch firetake firecombustconflagrate
escalate	intensifystep up
escort	accompanimentbodyguarddatesee
esteem	respectregardadmirationthink ofreputeknow asbe known asregard aslook uponlook ontake to bevalueprizeprise
eternal	endlessinterminableagelessaeonianeonianeverlastingperpetualunendingunceasing
evacuate	voidempty
evade	hedgefudgeput offcircumventparryeludeskirtdodgeducksidestepbilk
evaporate	meltdisappearvaporizevaporise
eve	eveningeveneventide
evoke	suggestpaint a pictureraiseconjureconjure upinvokestircall downarousebring upput forwardcall fortheduceelicitextractdraw outprovokekick upenkindlekindlefire
exaggerate	overstateoverdrawhyperbolizehyperbolisemagnifyamplifyoverdo
exceedingly	extremelysuperdeathly
excel	stand outsurpass
excerpt	excerptionextractselectiontake out
excess	overindulgenceexcessivenessinordinatenesssurplussurplusagenimietysurfeitoverabundanceextraredundantsparesupererogatorysuperfluoussupernumerary
excite	stimulateenergizeenergiseshakeshake upstirarousesexturn onwind upagitaterousechargecommovecharge up
exclaim	crycry outoutcrycall outshoutproclaimpromulgate
excursion	digressionjauntoutingjunketpleasure tripexpeditionsashay
exemplify	illustrateinstancerepresent
exempt	excuserelievelet offfreenontaxable
exert	exercisewieldmaintain
exhaust	exhaust systemexhaust fumesfumeswash upbeattuckertucker outdischargeexpelejectreleaseconsumeeat upuse upeatdepleterun throughwipe outrun downplay outsaptire
exile	deportationexpatriationtransportationdeporteeexpatriateexpatdeport
expel	exhaustdischargeejectreleaseroutrout outoustthrow outdrum outboot outkick out
expend	usespenddrop
expire	exhalebreathe outdiedeceaseperishgoexitpass awaypasskick the bucketcash in one's chipsbuy the farmconkgive-up the ghostdrop deadpop offchokecroaksnuff itrun out
exploitation	victimizationvictimisationusingdevelopment
explosive	volatile
exquisite	daintyrecherchekeen
exterior	outside
extinct	out(p)nonextant
extinguish	eliminateannihilateeradicatewipe outdecimatecarry offget rid ofdo away withsnuff outstub outcrush outpress outblow outquench
extravagant	excessiveexuberantoverweeningprodigalprofligatespendthrift
eyesight	seeingsightedness
fable	legendparableallegoryapologuefabricationfiction
fabricate	manufacturecook upmake upinventconstruct
fabulous	fabmythicmythicalmythologicmythological
fairy	faeryfaeriefayspritefagotfaggotfagnancepansyqueenqueerpoofpoovepouf
faithful	congregationfoldclose
fake	jukeshamposticheimposterimpostorpretenderfakerfraudshammerpseudopseudrole playertalk through one's hatbullshitbullforgecounterfeitfudgemanipulatefalsifycookwanglemisrepresentbogusphonyphoneybastardfalsefauximitationsimulated
falter	hesitationwaverfalteringbumblestutterstammerstumble
fame	celebrityrenown
famine	dearthshortage
fantastic	anticfantasticalgrotesquegrandhowling(a)marvelousmarvellousrattling(a)terrifictremendouswonderfulwondrouswild
farewell	leaveleave-takingpartingword of farewell
farther	further
fascinate	captureenamourtrancecatchbecharmenamorcaptivatebeguilecharmbewitchentranceenchanttransfixgripspellbindintrigue
fashionable	stylishin fashion
fasten	tightenfixsecure
fatigue	fatigue dutywearinesstirednesstirewear upontire outwearwearyjadewear outoutwearwear downfag outfagpall
faulty	incorrectwrongdefective
favorable	advantageousfavourablegoldenluckyprosperous
fax	facsimilefacsimile machinetelefax
fearful	awfuldiredirefuldread(a)dreadeddreadfulfearsomefrighteninghorrendoushorrificterribletimoroustrepidcowardlyfrightful
feasible	executablepracticableviableworkable
feast	fetefiestabanquetspreadfeedjunket
feat	effortexploit
feather	featheringplumeplumagefledgesquare
feeble	nervelessdecrepitdebileinfirmricketysaplessweakweaklyfaintlame
fell	felled seamhidedropstrike downcut downflyvanishbarbarousbrutalcruelroughshodsavagevicious
fellowship	familycompanycompanionshipsociety
feminine	womanly
ferry	ferryingferryboat
fertile	fatproductiverichprolificfecund
fertilizer	fertiliserplant food
feudal	feudalistic
fireman	firefighterfire fighterfire-eaterrelieverrelief pitcherstoker
fireplace	hearthopen fireplace
fishery	piscary
fitting	try-ontrying onappointmentadjustmentaccommodationmeetdecent
fixture	repairfixfixingmendmendingreparationfastnessfixednessfixitysecurenessregularhabitue
flap	flapsflappingflutterflutteringditherpotherfusstizzyrollundulatewavebeat
flare	flare passflashsolar flareflairflare outeruptirruptflare upbreak openburst outflame upblaze upburn upflame
flatter	blandish
flaw	defectfaultblemish
fling	spreecrackgopasswhirlofferdiscardtosstoss outtoss awaychuck outcast asidedisposethrow outcast outthrow awaycast awayput awaysplurge
flock	foldtroopbatchdealgood dealgreat dealhatfulheaplotmassmessmicklemintmountainmucklepasselpeckpileplentypotquite a littleraftsightslewspatestacktidy sumwadclusterconstellateclump
flourish	fanfaretucketbrandishboomthriveexpandwaveprosperfly high
flu	influenzagrippe
fluctuate	vacillatewaver
fluent	eloquentfacilesilversilver-tonguedsmooth-spokenfluidliquidsmooth
flush	blushgushoutpouringbangbootchargerushthrillkickbloomrosinesshot flashflowerprimepeakheydayblossomefflorescencecrimsonreddensluicescourpurgeleveleven outevenaffluentloadedmoneyedwealthysubstantial
foam	frothfizzeffervescesparkleform bubbles
fog	dazehazefogginessmurkmurkinessobscurebefogbecloudobnubilatehaze overcloudmist
fond	adoringdotingaffectionatelovesometender
foolish	anserinedopydopeygooseygoosygooselikejerky
footstep	footfallsteppacestride
forbid	prohibitinterdictproscribevetodisallownixpreventforestallforeclosepreclude
fore	bowprowstemforward
foreigner	aliennoncitizenoutlanderoutsider
foremost	frontmostfirstworld-classfirstlyfirst of allfirst off
foresee	anticipatepreviseforeknowenvisionforestallcounter
forfeit	forfeituresacrificegive upthrow overboardwaiveforgoforegoconfiscateforfeited
forge	smithyinventcontrivedeviseexcogitateformulatefakecounterfeitfashionshapeformworkmoldmouldhammerspurtspirt
formidable	redoubtableunnerving
formulation	conceptualizationconceptualisationexpressionpreparation
fortunate	rosygolden
fossil	dodofogyfogey
foul	befouldefilemaculatepollutecontaminateclogchoke offclog upback upcongestchokeafoul(ip)fouledfilthynastycruddysmuttycheating(a)dirtyunsportingunsportsmanlikefetidfoetidfoul-smellingfunkynoisomesmellystinkingill-scentedmarked-updisgustingdisgustfuldistastefulloathlyloathsomerepellentrepellantrepellingrevoltingskankywickedyucky
fountain	fountjetspringoutflowoutpouringnatural spring
fox	dodgerslybootsgeorge foxcharles james foxconfusethrowbefuddlefuddlebedevilconfounddiscombobulateflim-flamplay a joke onplay trickstrickfobpull a fast one onplay a trick on
fracture	crackcrackingfaultfaultinggeological faultshiftbreak
fragile	delicatefrailflimsyslighttenuousthin
freight	freightagecargoladingloadloadingpayloadshipmentconsignmentfreight rate
friction	detritionrubbingclash
fridge	electric refrigerator
fright	fearfearfulnessfrightenscareaffright
frighten	frightscareaffright
fringe	bangoutskirtinterference fringeperipheryouter boundary
frog	toadtoad froganuranbatrachiansalientiangaul
frost	robert frostrobert lee frostfreezeicinghoarhoarfrostrimeice
frustrate	tormentragbedevilcrucifydunthwartqueerspoilscotchfoilcrossbafflebilk
fry	childkidyoungsterminorshavernippersmall frytiddlertiketykenestlingchristopher fryroger fryroger eliot fryelectrocute
fulfill	fitconform tomeetsatisfyfillfulfilcarry throughaccomplishexecutecarry outactionlive up to
fume	smokereekfumigate
fur	pelt
furious	angeredenragedinfuriatedmaddenedangryragingtempestuouswildferociousfiercesavage
furnish	supplyproviderender
fury	ferocityfiercenessfuriousnessvehemenceviolencewildnessragemadnesseumenideserinyescrazedeliriumfrenzyhysteria
fuse	fuzefuseefuzeeprimerprimingelectrical fusesafety fuseblendfluxmixconflatecommingleimmixcoalescemeldcombinemerge
fuss	bustlehustleflurryadostirbickerbickeringspattiffsquabblepettifoggerytroublebotherhassleditherpothertizzyflapnigglefretmotheroverprotect
futile	bootlessfruitlesssleevelessvainineffectualotioseunavailingmeaningless
gallon	galimperial galloncongius
gallop	extend
gamble	chanceriskhazardtake chancesadventurerun a risktake a chance
gaol	jailjailhouseclinkslammerpokypokeyimprisonincarceratelagimmureput behind barsjugput awayremand
garment	dressclotheenclothegarbraimenttoghabilitatefit outapparel
gasp	pantpuffheave
gauge	gageborecalibercalibrestandard of measurementestimateapproximateguessjudge
generalize	generalisepopularizepopularisevulgarizevulgariseextrapolateinfer
generator	sourceauthor
germ	microbebugsourceseed
gigantic	mammoth
giggle	titter
glamor	glamour
glamour	glamorhexbewitchwitchenchantjinx
glare	glowerblazebrilliancelimelightspotlightpublic eye
glide	glidingsailplaningsoaringsailingslidecoastsemivowel
glimpse	glancecoup d'oeil
glitter	glisterglistenscintillationsparklecoruscationglintgleamshine
globe	earthworldballorb
gloomy	gloominggloomfulsulkybluedarkdingydisconsolatedismalgrimsorrydrabdreardrearydepresseddispiriteddown(p)downcastdownhearteddown in the mouthlowlow-spirited
glorious	resplendentsplendidsplendiferousbrilliantmagnificent
glow	gleamgleaminglambencyluminescenceradianceglowingincandescencefreshnessbeamradiateshineburn
glue	gummucilagepaste
goat	caprine animalcapricorncapricorn the goatbuttlaughingstockstooge
goodby	adieuadiosarrivederciauf wiedersehenau revoirbyebye-byecheeriogood-bygood-byegoodbyegood daysayonaraso long
goose	fatheadgoofgoofballbozojackasscuckootwatzany
gossip	chitchatchit-chatchit chatsmall talkgabgabfesttittle-tattlechin wagchin-wagchin waggingchin-waggingcauseriecommentscuttlebuttgossipergossipmongerrumormongerrumourmongernewsmongerchew the fatshoot the breezechatconfabulateconfabchatterchaffernatterjawclavervisitdish the dirt
gown	robesurgical gownscrubsnightgownnightienight-robenightdress
graceful	elegantrefined
gracious	courteousnicebenignant
gramme	gramgmg
grape	grapeshotgrapevinegrape vine
graph	charactergraphemegraphic symbolchartgraphical recordgraphical recording
graphic	computer graphiclifelikepictorialvividgraphicalin writing(p)
graze	grazingbrowsecreaserakecroprangepasture
grease	dirtfilthgrimesoilstaingrungelubricating oil
greedy	avariciouscovetousgrabbygraspingprehensileaviddevouring(a)esurient
greenhouse	glasshouse
greeting	salutation
grieve	sorrowaggrieve
grim	ghastlygrislygruesomemacabresickbluedarkdingydisconsolatedismalgloomysorrydrabdreardrearydepresseddispiriteddown(p)downcastdownhearteddown in the mouthlowlow-spiritedinexorablerelentlesssternunappeasableunforgivingunrelentingdourforbiddingblackmordant
grind	millpulverizationpulverisationdrudgeryploddingdonkeyworkswotnerdwonkdweebmashcrunchbraycomminutegratecranchcraunchlaborlabourtoilfagtravaildrudgedigmoil
groan	moan
grope	fumble
gum	gingivachewing gumgum treegumwoodgluemucilagemumble
gymnasium	gymsecondary schoollyceumlyceemiddle school
hail	acclaimheraldcome
ham	jambongammonham actoroveractham it upoverplay
hamburger	ground beefbeefburgerburger
hammer	poundhammeringpoundingpower hammercockmalletmalleusforge
hamper	shacklebondtrammelhaltercrampstranglehandicaphinder
handbook	enchiridionvade mecum
handkerchief	hankiehankyhankey
handwriting	handscript
handy	w. c. handywilliam christopher handyready to hand(p)
harass	hassleharrychivychivvychevychevvybesetplaguemolestprovoke
harassment	molestationtorment
harbor	harbourseaporthavenholdentertainnurseshield
harden	inureindurateseasontemper
hardship	asperitygrimnessrigorrigourseverityseverenessrigorousnessrigourousnessadversityhard knocks
harmony	harmoniousnessmusical harmonyconcordconcordance
harness	rulereintacklerein indraw rein
harvest	harvest timeharvestingharvest homecropreapglean
haste	hurryrushrushinghastinesshurriednessprecipitation
hasty	headlongoverhastyprecipitateprecipitantprecipitous
hatch	hatchbackhatchback doorliftgatehatchingcrosshatchhachurebroodcoverincubatethink upthink ofdream upconcoct
hatred	hate
hawk	mortarboardwar hawkclear the throatpeddlemongerhuckstervendpitch
headache	concernworryvexationhead achecephalalgia
headmaster	schoolmastermaster
heap	busjalopypilemoundagglomeratecumulationcumulusbatchdealflockgood dealgreat dealhatfullotmassmessmicklemintmountainmucklepasselpeckplentypotquite a littleraftsightslewspatestacktidy sumwad
heave	heavingliftraiseretchpantpuffgaspgagbucklewarpheave upheftheft upbillowsurge
heighten	intensifycompounddeepenenhanceraisesharpenrise
heir	inheritorheritorsuccessor
hemisphere	cerebral hemisphere
hen	biddy
henceforth	henceforward
herd	ruckcrowd
heroic	heroic verseheroic meterheroicaldesperateexpansivegrandepiclarger-than-life
heroin	diacetylmorphine
highland	upland
hijack	highjackcommandeerpirate
hinder	handicaphamperimpedeobstructblockadeblockstymiestymyembarrass
hinge	flexible joint
hoist	liftwindrun up
hollow	holehollerhollow outcore outexcavatedigemptyvacuous
homogeneous	homogenous
honorable	honesthonourableestimablegoodrespectableethical
hop	record hophopsskiphop-skip
hopeful	aspirantaspirerwannabewannabeebrightpromising
horsepower	hph.p.
hose	hosepipehosieryhose down
hospitality	cordial reception
hostess	stewardessair hostess
hound	hound dogcadbounderblackguarddogheelhunttrace
housewife	homemakerlady of the housewoman of the house
housework	housekeeping
hover	levitatelingervibratevacillateoscillatebroodloombulk large
howl	howlingululationroarululatewailyawlyaupwrawlyammeryowl
huddle	powwowhuddle togethercower
hum	hummingharkat-ul-mujahidinharkat ul-ansarhuaharkat ul-mujahedeenal faranmovement of holy warriorsbusynessthrumbuzzseethe
humble	humiliatemortifychagrinabasebasebasebornlowlymeniallowmodestsmall
humidity	humidness
humiliate	mortifychagrinhumbleabase
humorous	humourous
hunger	hungrinessthirstthirstinessstarvefamishcravelust
hurl	castthrowhurtlelungethrust
hydrogen	hatomic number 1
hypocrisy	lip service
hysterical	hysteric
idiom	artistic styleparlanceidiomatic expressionphrasal idiomset phrasephrasedialectaccent
idiot	imbecilecretinmoronchangelinghalf-witretard
idle	tick overlazeslugstagnateunusedjoblessout of workdeadlooselightbaselessgroundlessunfoundedunwarrantedwild
ignite	firelightinflamestir upwakeheatfire uperuptcatch firetake firecombustconflagrate
ignorant	illiteratenescientunlearnedunletteredunknowledgeableunknowingunwitting
illiterate	illiterate personnonreaderignorant
illuminate	lightillumeilluminelight upclearclear upshed light oncrystallizecrystallisecrystalizecrystalisestraighten outsort outenlightenelucidate
imaginary	complex numbercomplex quantityimaginary numberfancifulnotional
imaginative	inventive
imitate	copysimulate
imitation	caricatureimpersonationfakefalsefauxsimulated
immense	hugevastbrobdingnagian
immerse	steepengulfplungeengrossabsorbsoak upswallowswallow upburyeat up
impair	marspoildeflowervitiate
impart	conducttransmitconveycarrychannelleavegivepass onlendbestowcontributeaddbring
impartial	unprejudiced
imperative	imperative moodjussive moodimperative form
impetus	impulseimpulsiondrift
implicit	unquestioninginexplicit
impulse	impulsionimpetusmomentumnerve impulsenervous impulseneural impulsepulsationpulsingpulsecapricewhimurge
inaccessible	unaccessibleunobtainableunprocurableuntouchable
incidentally	by the wayby the byeaproposaccidentally
incline	rampslopesidedisposepitchtendbe givenleanrun
indicative	indicative mooddeclarative mooddeclarativecommon moodfact moodindicatoryrevelatorysignificativesuggestive
indifferent	immaterialapatheticso-so(p)unbiasedunbiassedinertneutral
indignant	incensedoutragedumbrageous
indignation	outrage
indispensable	essential
indulge	gratifypanderluxuriatepamperfeatherbedcossetcockerbabycoddlemollycoddlespoil
industrialize	industrialise
inertia	inactivenessinactivity
infancy	babyhoodearly childhood
infect	taint
infectious	infective
infer	understandguessdeducedeductderivegeneralizegeneraliseextrapolate
inference	illation
inferior	subscriptdeficientsubstandard
infinite	spacecountlessinnumerableinnumerousmultitudinousmyriadnumberlessuncountedunnumberableunnumberedunnumerablenon-finitenonfinite
infrared	infrared frequencyinfrared lightinfrared radiationinfrared emission
ingenious	clevercunning
inhabit	populatedwelllive
inhale	inspirebreathe in
inherent	implicit in(p)underlyingbuilt-inconstitutionalinbuiltintegral
inhibit	bottle upsuppress
inject	shootinterjectcome ininterposeput inthrow in
inlet	intakerecess
innovate	introduce
innumerable	countlessinfiniteinnumerousmultitudinousmyriadnumberlessuncountedunnumberableunnumberedunnumerable
installment	installationinstallinginstalmentepisode
instantaneous	instant(a)
instrumental	implementalsubservient
instrumentalist	musicianplayer
insulate	isolate
insult	affrontabuserevilementcontumelyvilificationdiss
insure	seechecksee to itensurecontrolascertainassureguaranteesecurecoverunderwrite
intact	integralentireinviolate
integral	entireintactbuilt-inconstitutionalinbuiltinherent
intelligible	apprehensiblegraspableperceivableunderstandable
intercourse	sexual intercoursesex actcopulationcoituscoitionsexual congresssexual relationrelationcarnal knowledgesocial intercourse
interference	hindrancehinderancehitchpreventivepreventativeencumbranceincumbranceinterventionnoisedisturbance
intermediate	intercedemediateliaisearbitrateaveragemedium
intersect	cross
intersection	crossroadcrosswaycrossingcarrefouroverlapconvergenceintersection pointpoint of intersectionproductcartesian product
intrigue	machinationschemeconnivefascinate
intriguing	challenging
intrinsic	intrinsical
intrude	obtrudeirrupthorn inprynosepoketrespass
intuition	hunchsuspicion
invade	occupyintrude onobtrude uponencroach uponoverruninfest
invalid	shut-indisableincapacitatehandicap
invaluable	priceless
invariable	constantconstant quantity
invention	innovationexcogitationconceptiondesign
inverse	oppositereverse
invert	turn backreverse
inward	inboundinwardsin
ironic	ironicaldrywry
irrespective	regardlessdisregardlessno matterdisregarding
irrigate	water
irritate	annoyragget tobotherget atrilenarknettlegravelvexchafedevil
jam	jammingelectronic jammingcrushpressfixholemessmuddlepicklekettle of fishblockobstructobturateimpedeoccludeclose upjampackramchock upcramwadthrongmobpackpile
jargon	slangcantlingoargotpatoisvernacularjargoon
jealous	covetousenviousgreen-eyedoverjealous
jewel	gemprecious stonebejewel
jog	nudgetrotlopeclipsquare upeven upramble onramble
jolly	jolly boatkidchaffjoshbantergayjocundjovialmerrymirthfulreasonablymoderatelyprettysomewhatfairlymiddlingpassably
jug	jugfulimprisonincarceratelagimmureput behind barsjailgaolput awayremand
juggle	jugglingbeguilehoodwink
jungle	hobo camp
junk	debrisdustrubbledetritustrashscrap
juvenile	juvenile personadolescentjejunepuerile
kettle	boilerkettledrumtympanumtympanitimpanikettle holekettleful
kidnap	nobbleabductsnatch
kilo	kilogramkg
kilometre	kilometerkmklick
kin	kin groupkinship groupkindredclantribekinspersonfamily
kindness	benignityforgivingness
kinship	affinityfamily relationshiprelationship
kneel	kneeling
knob	bosspommelnodethickening
knot	greybackgraybackcalidris canutusslubburlgnarlraveltangle
lace	lacingspikefortifyintertwinetwineentwineenlaceinterlacelace upbraidplait
lag	slowdownretardationstaveinterimmeantimemeanwhiledawdlefall backfall behindimprisonincarcerateimmureput behind barsjailjuggaolput awayremand
lame	squarecripplecrippledhalthaltinggimpygamefeeble
lapse	backslidinglapsingrelapserelapsingreversionrevertingoversightrecidivateregressretrogressfall backbackslidesinkpasselapseslip byglide byslip awaygo byslide bygo along
laptop	laptop computer
lash	whipwhiplashthongeyelashciliumflogweltlatherslashstraptrounce
lateral	lateral passsidelong
latitude	line of latitudeparallel of latitudeparallel
laundry	washwashingwashables
lavatory	flush toilettoiletlavcanjohnprivybathroomwashbasinbasinwashbowlwashstand
layman	laypersonsecular
lazy	faineantindolentotioseslothfulwork-shy
leak	news leakescapeleakageoutflowwettingmaking waterpassing waterleak out
learned	knowingknowledgeableletteredwell-educatedwell-readconditionederudite
lever	lever tumblerprypriseprizejimmy
levy	levy en masserecruitraiseimpose
liberate	releasefreeunlooseunloosenlooseset freeemancipate
librarian	bibliothec
lick	punchcloutpokebiffsluglapsalt licksolvework outfigure outpuzzle outworklap upcreambatclobberdrubthrash
lid	hatchapeaueyelidpalpebra
likelihood	likeliness
likewise	besidestooalsoas wellalikesimilarly
limp	hitchhobblegimpwilted
linear	analogueanalogone-dimensionaladditiverunning(a)elongate
linen	linen paper
liner	line driveocean linerlining
linger	tarrydawdleloiterloungefootlelollygagloaflallygaghang aroundmess aboutlurkmill aboutmill aroundhover
liquor	pot liquorpot likkerspiritsboozehard drinkhard liquorjohn barleycornstrong drink
literate	literate person
litre	literlcubic decimetercubic decimetre
litter	bedding materialbedding
loaf	loaf of breadloiterloungefootlelollygaglallygaghang aroundmess abouttarrylingerlurkmill aboutmill aroundbumbum aroundbum aboutarse aroundarse aboutfuck offfrig aroundwaste one's timelounge aroundlollloll aroundlounge about
locality	vicinityneighborhoodneighbourhoodneck of the woods
locker	cabinetstorage lockerfootlocker
locomotive	enginelocomotive enginerailway locomotivelocomotor
lodge	hostelhostelryinnaubergeindian lodgehunting lodgeclubsocial clubsocietyguildgildordersir oliver lodgesir oliver joseph lodgechargefilewedgestickdepositaccommodate
lofty	eminentsoaringtoweringgallantmajesticproudexaltedelevatedsublimegrandhigh-flownhigh-mindedrarefiedrarifiedidealisticnoble-minded
loom	towerpredominatehulkbroodhoverbulk large
loosen	relaxlooseuntieundoteasetease apart
lottery	drawing
loudspeaker	speakerspeaker unitloudspeaker systemspeaker system
lubricate	lube
luggage	baggage
lumber	baseball battimberlogpound
lure	baitdecoyenticementcome-onhooksweetenerenticetempt
luxury	lavishnesssumptuositysumptuousnessluxuriousnessopulence
magnet	attractionattractorattracterattractive feature
magnify	blow upenlargeamplifyoverstateexaggerateoverdrawhyperbolizehyperbolise
maid	maidenmaidservanthousemaidamah
maiden	maidmaiden overinauguralinitiativeinitiatoryfirst
majesty	statelinessloftiness
malfunction	misfunction
malign	badmouthtraducedrag through the mudmaleficmalevolentevil
maltreat	mistreatabuseill-usestepill-treat
mammal	mammalian
maneuver	manoeuvreevasive actiontactical maneuvertactical manoeuvreplaysimulated military operationtactictacticsmanoeuveroperatesteerdirectpointheadguidechannelizechannelise
mania	passioncacoethesmanic disorder
manifest	attestcertifydemonstrateevidenceapparentevidentpalpablepatentplainunmistakable
mankind	worldhuman racehumanityhumankindhuman beingshumansman
manoeuvre	maneuverevasive actiontactical maneuvertactical manoeuvreplaysimulated military operationtactictacticsmanoeuveroperatesteerdirectpointheadguidechannelizechannelise
manufacture	industryfabricationmanufacturingfabricatecook upmake upinventconstruct
manuscript	msholograph
marital	matrimonialmarried
marvelous	improbablemarvelloustall(a)miraculousfantasticgrandhowling(a)rattling(a)terrifictremendouswonderfulwondrous
marxist	bolshevikredbolshiebolshy
massacre	slaughtermass murdercarnagebutcherymow down
masterpiece	chef-d'oeuvre
mat	gym matmattingraft foundationraftflatnesslusterlessnesslustrelessnessmattmattemaster of arts in teachingfeltfelt upmat upmatt-upmatte upentangletanglesnarlflatmatted
mathematical	numerical
maths	mathematicsmath
meadow	hayfield
meditate	chew overthink overponderexcogitatecontemplatemusereflectmullmull overruminatespeculatestudy
meditation	speculation
melody	tonal patterntuneairstrainmelodic linelinemelodic phrase
melon	melon vine
memo	memorandummemoranda
menace	threatendangerjeopardizejeopardisethreatenimperilperil
merchandise	wareproducttrade
mercury	quicksilverhydrargyrumhgatomic number 80
mercy	clemencymercifulness
merge	uniteunifyblendfluxmixconflatecommingleimmixfusecoalescemeldcombine
merry	alertbrisklivelyrattlingsnappyspankingzippygayfestalfestivejocundjollyjovialmirthful
messenger	courier
metric	system of measurementmetric unitmetric functionmeasuredmetrical
microphone	mikemic
migrate	transmigrate
militant	activistcompetitivebelligerentwar-riddenwarringhawkishwarlike
millimeter	millimetremm
mingle	mixcommixunifyamalgamatejumble
miniature	toyillumination
minus	subtractionnegative
mischief	mischief-makingmischievousnessdeviltrydevilrydevilmentrascalityrogueryroguishnessshenaniganmaleficencebalefulness
miserable	measlypaltrywretchedabjectlowlow-downscummyscurvyhaplessmisfortunatepatheticpiteouspitiablepitifulpoorsufferingdeplorableexecrablewoeful
misery	wretchednessmiserableness
misfortune	bad lucktough luckill luck
mislead	misinformmisdirectmisguidelead astray
missionary	missionermissional
mist	mist overobscurebefogbecloudobnubilatehaze overfogcloud
mistress	kept womanfancy womanschoolmarmschoolma'amschoolmistress
misunderstand	misconstruemisinterpretmisconceivemisapprehendbe amiss
moan	groan
mob	rabbleroutgangpackringsyndicatecrime syndicatefamilythrongpilejam
mobilize	mobilisemarshalsummoncall uprally
mock	bemock
modernization	modernisation
moist	dampdampish
moisture	wet
momentary	fleetingfugitivemomentaneous
monarch	monarch butterflymilkweed butterflydanaus plexippussovereigncrowned head
monkey	impscamprascalrapscallionscalawagscallywagputtermess aroundpottertinkermonkey aroundmuck aboutmuck aroundtamperfiddle
monotonous	humdrumflatmonotonemonotonic
morality	ethical motiveethicsmorals
mortal	personindividualsomeonesomebodysouldeadlydeathly
mosaic	arial mosaicphotomosaic
mould	moldcastmoldingmouldingmodelingclay sculpturemildewstampshapeformworkforgemodel
mug	countenancephysiognomyphizvisagekissersmilerchumpfoolgullmarkpatsyfall guysuckersoft touchmugful
multiply	reproduceprocreatebreedmanifold
multitude	massesmasshoi polloipeoplethe great unwashedthrongconcoursebattalionlarge numberpluralitypack
muscular	mesomorphicbrawnyheftypowerfulsinewy
mute	deaf-mutedeaf-and-dumb personmuffledulldampdampentone downdumbsilenttonguelessunspokenwordless
muted	dullmuffledsoftenedhushedsubduedquiet
mutton	mouton
naive	uninitiateuninitiateduninstructedunenlightenedprimitivenaif
nap	napoleoncatnaplight sleepshort sleepforty winkssnoozepilesleepcatch a wink
napkin	diapernappytable napkinserviette
narrate	tellrecountrecite
naughty	bluegamygameyjuicyracyrisquespicy
navigation	seafaringsailingpilotagepiloting
necessitate	askpostulateneedrequiretakeinvolvecall fordemand
negligible	paltrytrifling
negro	blackafrican-americannegroidcoloredcoloured
neurology	clinical neurology
nickel	nickel noteniatomic number 28
nickname	monikercognomensobriquetsoubriquetbynamedub
nitrogen	natomic number 7
noble	lordnoblemanbaronialimposingstately
nominal	noun phrasenominal phrasetitularnominativetoken(a)tokenish
nominate	put upput forwardappointnameconstitutemakepropose
noodle	atticbeanboncenoggindome
normalization	standardizationstandardisationnormalisation
noteworthy	remarkablenotable
noticeable	detectable
notify	advisegive noticesend wordappriseapprize
notorious	ill-famedinfamous
notwithstanding	howeverneverthelesswithalstillyetall the sameeven sononethelessat the same time
nourish	nurturesustainnutrifyaliment
novelty	banglebaublegaudgewgawfallaltrinketknickknackfreshness
nucleus	lens nucleuscell nucleuskaryoncorecore group
nuisance	painpain in the neck
numb	benumbbluntdullasleep(p)benumbed
numerical	numericmathematicalnumeral
nurture	breedingbringing upfosteringfosterageraisingrearingupbringingfosternourishsustainrearraisebring upparent
nutrition	nutrimentnourishmentsustenancealimentalimentationvictuals
oath	swearingcursecurse wordexpletiveswearwordcuss
obedience	respectobeisance
oblige	bindholdobligateaccommodatecompel
obscure	bedimovercloudblot outobliterateveilhideconfuseblurobnubilatebefogbecloudhaze overfogcloudmistvaguedarkapart(p)isolatedunnoticeableunknownunsunghidden
obsess	hauntghost
obsession	fixationcompulsion
obsolete	disused
obstinate	contraryperversewaywardcussedobdurateunrepentantstubbornunregenerate
obstruct	obturateimpedeoccludejamblockclose upblockadehinderstymiestymyembarrass
obstruction	obstructorobstructerimpedimentimpedimentaobstacleblockage
occurrence	happeningoccurrentnatural event
odor	olfactory propertysmellaromaodourscentolfactory sensationolfactory perception
offend	piquehurtwoundinjurebruisespiteshockscandalizescandaliseappalappalloutragetransgressinfractviolatego againstbreachbreak
offset	set-backsetoffoffset printingoutgrowthbranchoffshootstolonrunnercounterbalancebeginningcommencementfirstoutsetget-gostartkickoffstarting timeshowtimecancelset offcountervail
offspring	youngmaterializationmaterialisationprogenyissue
opaque	unintelligible
oppress	suppresscrushpersecute
optical	ocularopticvisualophthalmic
optimize	optimise
optimum	optimal
orchard	grovewoodletplantation
orderly	hospital attendantneat
orient	eastern hemisphereeasttailororientatepoint
ornament	decorationornamentationdecorateadorngraceembellishbeautify
orthodox	jewish-orthodoxeastern orthodoxrussian orthodoxgreek orthodox
ounce	snow leopardpanthera unciaoz.troy ounceapothecaries' ounce
outbreak	eruptionirruption
outing	excursionjauntjunketpleasure tripexpeditionsashayfield daypicnic
outlet	releaseventexitissueway outmercantile establishmentretail storesales outletwall socketwall plugelectric outletelectrical outletelectric receptacle
outlook	lookoutexpectationprospectmentalitymindsetmind-set
outrage	scandalizationscandalisationscandalindignationshockoffendscandalizescandaliseappalappallraperavishviolateassaultdishonordishonourdesecrateprofane
outset	beginningcommencementfirstget-gostartkickoffstarting timeshowtimeoffset
outward	outboundoutward-boundoutwards
oval	ellipseegg-shapedellipticellipticaloval-shapedovateoviformovoidprolate
overcoat	greatcoattopcoatovercoating
overflow	floodoutpouringrunoffoverspillbubble overspill overoverrunwell overrun overbrim over
overhaul	renovationredevelopmentinspection and repairservicemodernizemodernisepassovertake
overhead	smashviewgraphdisk overheadoperating expenseoperating costbudget itemscommand processing overhead timecommand processing overheadcommand overhead
overhear	catchtake in
overlap	lapconvergenceintersection
overnight	nightlongall-night
overpass	flyover
overtake	catchcatch up withoverwhelmoverpowersweep overwhelmovercomepassoverhaul
overthrow	upsetderangementoverruleoverturnoverridereversesubvertbring down
overtime	extra time
overturn	upsetturnoverrevolutionizerevolutioniseoverruleoverrideoverthrowreverserevokeannulliftcountermandrepealrescindvacateturn overtip overtump overknock overbowl oversubvertbring down
overwhelm	delugeflood outoverpowerovermastersubmergedrownsweep overwhelmovercomeovertake
ox	wild ox
pact	treatyaccord
paddle	boat paddlespanklarruptoddlecoggletotterdodderwaddledabblesplash around
pail	bucketpailful
pamphlet	tractbookletbrochurefolderleaflet
panda	lesser pandared pandabear catcat bearailurus fulgensgiant pandapanda bearcoon bearailuropoda melanoleuca
panorama	cycloramadioramaviewaspectprospectscenevista
pants	bloomersdrawersknickers
paperback	paperback bookpaper-back booksoftback booksoftbacksoft-cover booksoft-coverpaperbacked
parachute	chutejump
paradigm	prototypeepitomeimagesubstitution class
paradoxical	self-contradictory
paralyze	paralyse
parasite	leechspongesponger
parcel	portionsharepackagebundlepackettractpiece of landpiece of groundparcel of land
passerby	passer-bypasser
passive	passive voiceinactivepeaceful
paste	spreadlibrary pasteglue
pastime	interestpursuit
pasture	eatageforagepasturagegrasspasturelandgrazing landlealeycropbrowsegrazerange
paternal	parentalmaternalagnateagnatic
pathetic	ridiculoussillypitiablepitifulhaplessmiserablemisfortunatepiteouspoorwretched
patriotic	loyal
patron	frequentersponsorsupporter
paw	handmanusmitt
pea	pea plant
peach	yellowish pinkapricotsalmon pinksmasherstunnerknockoutbeautyravishersweetheartlululookermantrapdishpeach treeprunus persicaspill the beanslet the cat out of the bagtalktattleblabbabblesingbabble outblab out
peanut	earthnutgoobergoober peagroundnutmonkey nutpeanut vinearachis hypogaeainsignificant
pear	pear treepyrus communis
pearl	boneivoryoff-whitedropbead
pedal	treadlefoot pedalfoot leverpedal pointbicyclecyclebikewheel
pedestrian	walkerfooterprosaicprosyearthbound
peep	peekcheepchirpchirrup
penetrate	clickget throughdawncome homeget acrosssink infall into placefathombottomperforatepermeatepervadeinterpenetratediffuseimbueriddleinfiltrate
perfection	paragonidolbeau idealflawlessnessne plus ultra
perfume	essencearomafragrancescentaromatizearomatise
periodical	periodic
perish	diedeceasegoexitpass awayexpirepasskick the bucketcash in one's chipsbuy the farmconkgive-up the ghostdrop deadpop offchokecroaksnuff it
permeate	interpenetratepervadepenetratediffuseimbueriddlepercolatesink infilter
perpetual	ceaselessconstantincessantnever-endingunceasingunremittingagelessaeonianeonianeternaleverlastingunending
perplex	complicatevexstickgetpuzzlemystifybafflebeatposebewilderflummoxstupefynonplusgravelamazedumbfound
persecute	oppress
perseverance	persistenceperseverationdoggednesspersistencytenacitytenaciousnesspertinacity
persevere	persisthang inhang onhold on
persuasion	opinionsentimentviewthoughtsuasion
pest	blightercusspesterergadflyplaguepestilencepestis
petroleum	crude oilcruderock oilfossil oiloil
petty	petit larcenypetty larcenysmall-mindedfiddlingfootlinglilliputianlittlenigglingpiddlingpifflingpicayunetrivial
pharmacy	drugstoreapothecary's shopchemist'schemist's shoppharmaceutics
philharmonic	symphony orchestrasymphony
physiological	physiologic
picnic	cinchbreezesnapduck soupchild's playpushoverwalkoverpiece of cakefield dayouting
pierce	franklin piercepresident piercethrust
pilgrim	pilgrim father
pillar	columnmainstaytower
pinch	apprehensionarrestcatchcollartaking into custodytweaknipemergencyexigencytouchhinttingemitejotspecksoupconvellicatetopsqueezetwingetweettwitchcrimppilfercabbagepurloinabstractsnarfswipehooksneakfilchnobblelift
pirate	pirate shipbuccaneersea robbersea roverplagiaristplagiarizerplagiariserliterary piratecommandeerhijackhighjack
pistol	handgunside armshooting iron
piston	plungerwalter piston
plague	infestationpestilencepestpestisharasshassleharrychivychivvychevychevvybesetmolestprovokeblight
plantation	grovewoodletorchard
plaster	adhesive plastersticking plasterplasterworkpoulticecataplasmplaster of parisdaubplaster overstick onbeplaster
plateau	tableland
playground	resort areavacation spot
pledge	assurancetoastplightdrinksalutewassailsubscribe
plentiful	amplecopiousplenteousrichbountiful
plight	trothpredicamentquandarypledgebetrothengageaffiance
plough	plowbig dipperdippercharles's wainwainwagonturn
plug	hackjadenagfireplugfire hydrantstopperstopplemale plugspark plugsparking plugballyhoohooplahypechewchawcudquidwadplug awaypunchstop upsecure
plumber	pipe fitter
plunge	diplaunchsteepimmerseengulfengrossabsorbsoak updunksousedousediveplunkdump
plural	plural form
poison	toxicantpoisonous substanceenvenom
poisonous	venomousvicioustoxicant
poke	punchcloutlickbiffslugjabjabbingpokingthrustthrustingsackpaper bagcarrier bagdawdlerdronelaggardlaggertrailerpigeon berrygargetscokephytolacca americanaprodstabdigthumppoundintrudehorn inprynose
polar	pivotalarcticfrigidgelidglacialicydiametricdiametricalopposite
polarize	polarise
pollute	foulcontaminate
ponder	chew overthink overmeditateexcogitatecontemplatemusereflectmullmull overruminatespeculate
porter	porter's beerdoorkeeperdoormandoor guardhall portergatekeeperostiarypullman porterwilliam sydney portero. henrycole portercole albert porterkatherine anne porter
postage	postage stampstamp
postcard	post cardpostal cardmailing-card
postman	mailmanmail carrierletter carriercarrier
postpone	proroguehold overput overtableshelveset backdeferremitput off
posture	carriagebearingpositionattitudemilitary capabilitymilitary strengthstrengthmilitary posturestancemodelposesit
poultry	domestic fowlfowl
preach	advocateprophesy
precaution	safeguardguardcautioncareforethought
precedent	case in pointcase lawcommon law
precision	preciseness
preclude	preventforestallforecloseforbidrule outclose out
predominant	overridingparamountpredominatepreponderantpreponderatingprevailingprevalentdominantrife
preface	forewordprolusionprecedepremiseintroduce
preferable	preferred
preoccupation	preoccupancyabsorptionengrossment
prescribe	orderdictate
presently	soonshortlybefore longcurrently
prestige	prestigiousness
prestigious	esteemedhonored
presume	assumetake for grantedmake bolddare
pretext	guisepretensepretencestalking-horse
prevail	triumphpredominatedominaterulereignpersistdie hardrunendureholdobtain
prevalent	prevailingpredominantdominantrife
prick	prickingcockdickshaftpeckertoolputzassholebastardcocksuckerdickheadshitmother fuckermotherfuckerwhoresonson of a bitchsobincisionscratchslitdentgoadpricklestingbiteprick upcock uptwinge
probable	likely
probe	investigationexaminedig intopoke into
procession	progressprogressionadvanceadvancementforward motiononward motionemanationrise
proficiency	technique
prolong	protractextenddraw outsustainkeep up
prone	prostrate
pronounce	labeljudgearticulateenouncesound outenunciatesay
pronunciation	orthoepy
propel	impelmotivateactuatemovepromptincite
prophet	prophesieroracleseervaticinator
prosecute	engagepursue
prosper	thrivefly highflourish
prosperity	successfulness
prosperous	goldenfavorablefavourableluckyhalcyoncomfortableeasywell-fixedwell-heeledwell-offwell-situatedwell-to-doboomingflourishingpalmyprosperingroaringthriving
prototype	paradigmepitomeimage
provocation	aggravationirritationincitementincitation
prudence	discretiondiscreetnesscircumspection
psychiatry	psychopathologypsychological medicine
publicize	publiciseairbareadvertiseadvertize
puff	blowdragpullottomanpoufpouffehassockpowderpuffquiltcomfortercomfortpuff of airwhiffpantgaspheavehuffchuffpuff upblow uppuff outdrawpuffed
punctual	on time
puppet	marionettecreaturetool
purify	sublimatemake puredistillpurgesanctify
pyramid	great pyramidpyramids of egypt
quantify	measure
quarrel	wranglerowwordsrun-industupdisputescrapargufyaltercate
quart	dry quart
quarterly	every quarter
quartz	quartz glassvitreous silicalechatelieritecrystal
queer	fagotfaggotfagfairynancepansyqueenpoofpoovepoufexposescupperendangerperilthwartspoilscotchfoilcrossfrustratebafflebilkcuriousfunnyoddpeculiarrumrummysingulargayhomophile(a)
quench	squelchquellslakeallayassuagesnuff outblow outextinguish
questionable	refutableconfutableconfutative
queue	waiting lineline upqueue up
quilt	comfortercomfortpuff
quirk	oddityqueernessquirkinesscrotchet
quiver	vibrationquiveringfrissonshiverchillshudderthrilltingleshakingshakinesstremblingpalpitationflickerwaverflitterflutterpulsatebeatquakepalpitate
quiz	test
racket	fraudulent schemeillegitimate enterpriseracquetnoisedissonancerevelmake whoopiemake merrymake happywhoop it upjollifywassail
radar	microwave radarradio detection and rangingradiolocation
radiant	beamingbeamyeffulgentrefulgent
radiate	diversifyglowbeamshinerayradialstellate
radius	spokewheel spoker
rag	shredtagtag endtattertabloidsheetragtimerag weekcall on the carpettake to taskrebuketrouncelecturereprimandjawdress downcall downscoldchideberatebawl outremonstratechew outchew uphave wordslambastelambastteaserazzcodtantalizetantalisebaittaunttwitrallyrideannoyget tobotherget atirritaterilenarknettlegravelvexchafedeviltormentbedevilcrucifydunfrustrate
rake	pitchslantrakehellprofligateripbloodrouegrazecreasescanskimglance overrun down
rap	knockbeltwhackwhangblamerap musichip-hoppattapstrikeknappink
rash	blizzardroseolaefflorescenceskin rashfoolhardyheadyreckless
reap	harvestgleandraw
reasoning	logical thinkingabstract thought
reassure	assure
rebellion	insurrectionrevoltrisinguprising
recede	fall backdrop offfall behindwithdrawretreatpull awaydraw backpull backretiremove back
reciprocal	reciprocal crossmultiplicative inversemutual
recite	enumerateitemizeitemisetellnarraterecountdeclaimretell
reckless	foolhardyheadyrashheedless
reclaim	domesticatedomesticizedomesticisetamereformregeneraterectifyrecoverrepossess
recollect	rememberretrieverecallcall backcall upthink
reconcile	harmonizeharmoniseaccommodateconciliateresignsubmitpatch upmake upsettle
recorder	fipple flutefipple pipevertical fluterecording equipmentrecording machineregistrarrecord-keeper
recreation	refreshmentdiversion
rectify	correctrightremediateremedyrepairamendreformreclaimregeneraterefine
recur	repeatgo backfall backresort
recurrence	return
recurrent	perennialrepeated
recycle	reprocessreuse
redundant	pleonastictautologictautologicalexcessextrasparesupererogatorysuperfluoussupernumerarysurplus
reed	beating-reed instrumentreed instrumentvibrating reedwalter reedjohn reed
reel	virginia reelscottish reelbobbinspoolstaggerkeellurchswagcareenspinspin aroundwhirlgyrate
referee	refreviewerreaderpeer reviewumpire
refine	complicaterarifyelaboratepolishfine-tunedownrectify
refrain	chorusabstaindesistforbear
refresh	freshenrefreshenfreshen upreviewbrush up
refreshment	recreation
refuge	recourseresortsanctuaryasylumsafety
refund	repaymentreturnrepaygive back
refute	rebutcontrovert
regenerate	revitalizerestorerejuvenatereformreclaimrectifyrenew
rehearsal	dry run
rein	ruleharnessrein indraw rein
rejoice	exuberateexulttriumphjubilatejoywallow
relativity	theory of relativityrelativity theoryeinstein's theory of relativity
relay	electrical relayrelay race
reliance	trust
relish	flavorflavoursapiditysavorsavoursmackniptanggustozestzestfulnessenjoybask
remnant	endremainderoddmentleftover
renaissance	rebirthrenascence
renew	reincarnateregenerate
renovate	animaterecreatereanimatereviverepairquickenvivifyrevivifyrefurbishfreshen uprestitute
repay	retortcome backreturnriposterejoinrefundgive backrequiterewardpay back
repel	rebuffsnubrepulsefight offdrive backdriveforce backpush backbeat backdisgustgross outrevolt
repent	regretrueatone
repertoire	repertory
repetition	repeatingrepeat
repress	suppresssmotherstiflestranglemufflequashkeep downsubduesubjugatereduce
repressive	inhibitoryrepressing
reproach	upbraid
reptile	reptilian
resent	begrudge
reservoir	artificial lakeman-made lakesource
resistant	repellentinsubordinateresistiveimmunetolerant
resolute	unhesitating
restless	ungratifiedunsatisfieduneasy
restrain	keepkeep backhold backencumbercumberconfineholdconstrain
resultant	vector sumresultfinal resultoutcometerminationend pointattendantconsequentaccompanyingconcomitantincidentalensuantsequentcollateral
retention	keepingholdingretentivenessretentivitymemory
retort	rejoinderreturnripostereplicationcomebackcountercome backrepayrejoin
retreat	retirementhideawaypull backback outback awaycrawfishcrawfish outpull in one's hornswithdrawpull awaydraw backrecederetiremove backretrograde
retrieve	rememberrecallcall backcall uprecollectthinkrecoverfindregain
retrospect	reviewlook back
revenge	retaliationavengeretaliate
revise	revisionrevisalrescriptretool
revive	come toresuscitateanimaterecreatereanimaterenovaterepairquickenvivifyrevivifyresurrect
revolt	rebellioninsurrectionrisinguprisingdisgustnauseatesickenchurn upgross outrepel
revolve	rollorborbitgo aroundrotate
rib	costaridiculeroastguyblackguardlaugh atjest atmake funpoke fun
ribbon	typewriter ribbondecorationlaurel wreathmedalmedallionpalmthread
riddle	conundrumenigmabrain-teaserpermeatepervadepenetrateinterpenetratediffuseimbuescreen
rigorous	stringenttightstrict
rigour	severityseverenessharshnessrigorrigorousnessrigourousnessinclemencyhardnessstiffnessasperitygrimnesshardshipcogencyvalidity
rim	brimlipflange
ripe	advancedmaturegoodright
roar	bellowbellowinghollahollerholleringholloholloaroaringyowlboomthunderhowlululatewailyawlyaup
roast	knockjointridiculeguyblackguardlaugh atjest atribmake funpoke funroasted
rob	overchargesoaksurchargegazumpfleeceplumepluckhook
robe	gownvestclothecloakdrape
robot	automatongolem
robust	full-bodiedracyrich
rot	bunkbunkumbuncombeguffhogwashdecompositionrottingputrefactionbreakdownwastedecomposemoldermoulder
rotary	synchronous converterrotary convertertraffic circlecircleroundaboutcircularorbitual
rotate	revolvego aroundturn outsplayspread outcircumvolve
rotten	ickycrappylousyshittystinkingstinkydecayedrotted
roundabout	carouselcarrouselmerry-go-roundwhirligigtraffic circlecirclerotarydeviouscircuitous
rouse	awakenwakewakenwake uparouseagitateturn onchargecommoveexcitecharge uprout outdrive outforce outbestir
royalty	royal familyroyal lineroyal house
rubber	arcticgaloshgoloshgumshoecondomsafetysafeprophylacticrubber eraserpencil erasernatural rubberindia rubbergum elasticcaoutchoucsynthetic rubberrubberizerubberiseno-good
ruby	crimsondeep redredreddishruddyblood-redcarminecerisecherrycherry-redruby-redscarlet
rude	ill-manneredbad-manneredunmanneredunmannerlyuncivilcrudeprimitiveill-bredbounderishlowbredunderbredyokelish
rug	carpetcarpeting
rust	rust fungusrustingcorrodeeatrustyrust-brown
rut	grooveestrusoestrusheatfurrow
ruthless	pitilessremorselessunpitying
saddle	bicycle seatsaddlebackchargeburden
safeguard	precautionguardsafe-conduct
sailor	boaterleghornpanamapanama hatskimmerstraw hatbluejacketnavy mansailor boycrewman
saint	idealparagonnonpareilapotheosisnonesuchnonsuchholy manholy personangelcanonizecanoniseenshrine
saliva	spitspittle
salute	military greetingsalutationpresenttoastdrinkpledgewassail
salvation	redemption
sane	reasonable
sarcasm	ironysatirecaustic remark
satire	sarcasmironycaustic remark
saturate	impregnate
saucer	discusdishdish aerialdish antennadiskdisc
sausage	blimpsausage balloon
savage	beastwolfbrutewildcatbarbarianblastpillorycrucifybarbaricuncivilizeduncivilisedwildbarbarousbrutalcruelfellroughshodviciousferalferineferociousfiercefurious
saw	power sawsawing machineproverbadagebyword
scar	scratchscrapemarkcicatrixcicatricepockpit
scarce	barelyhardlyjustscarcely
scarf	scarf joint
scenery	scene
sceptical	disbelievingskepticalunbelievingdoubtingquestioning
scissors	scissors holdscissor holdscissor gripscissors grippair of scissors
scold	scoldernagnaggercommon scoldcall on the carpettake to taskrebukeragtrouncelecturereprimandjawdress downcall downchideberatebawl outremonstratechew outchew uphave wordslambastelambastgrouchgrumble
scorn	contemptdisdaindespiterejectspurnfreeze offpooh-poohturn downcontemndespise
scout	lookoutlookout mansentinelsentrywatchspotterpicketpathfinderguidetalent scoutreconnoiterreconnoitre
scrap	fightfightingcombatbitchipflakefleckrubbishtrashquarreldisputeargufyaltercatejunk
scrape	scratchscarmarkscrapingscratchingabrasionexcoriationgratescratch upskinscrape upcome upkowtowgenuflect
scratch	scrapescarmarkscribblescrawlcacographyscrapingscratchingchicken feedstartstarting linescratch lineboodlebreadcabbageclamsdinerodoughgeltkalelettucelollylucrelootmoolahpelfshekelssimoleonssugarwampumincisionprickslitdentabrasionexcoriationrubfrayfretchafescratch upengravegraveinscribescrape upcome upstrikeexpungeexciseitchcancelcall offscrub
screw	fuckfuckingscrewingassnookynookiepiece of asspiece of tailroll in the hayshagshtupscrew propellerprison guardjailerjailorgaolerturnkeycheatchouseshaftchicanejockeydrive insleep togetherlovemake outmake lovesleep withget laidhave sexknowdo itbe intimatehave intercoursehave it awayhave it offjazzeffhumplie withbedhave a go at itbangget it onbonk
scrutinize	auditscrutiniseinspectsize uptake stock
scrutiny	examination
seam	bedwrinklefurrowcreasecrinkleline
seaside	seaboard
semiconductor	semiconductor devicesemiconductor unitsemiconducting material
sentimental	batheticdrippyhokeymaudlinmawkishkitschymushyschmaltzyschmalzysappysoppysoupyslushy
serial	seriesserial publicationconsecutivesequentsequentialsuccessivein series(p)nonparallel
sermon	preachingdiscourse
setback	reversereversalblowblack eye
sew	run upsew togetherstitchtailortailor-make
shabby	moth-eatenrattytatty
shady	shadowedshadowyumbrageousfishyfunnysuspectsuspicious
shaft	quillcalamusrotating shaftscapespearlancecockprickdickpeckertoolputzdiaphysisshotslamdigbarbjibegibebeambeam of lightlight beamrayray of lightshaft of lightirradiationcheatchousescrewchicanejockey
sham	fakeposticheimposterimpostorpretenderfakerfraudshammerpseudopseudrole playerfeignpretendaffectdissemblesimulateassumeassumedfalsefictitiousfictivepretendedput on
shave	shavingtrimplaneknock off
shear	fleece
shepherd	sheepherdersheepman
shilling	british shillingbobkenyan shillingsomalian shillingtanzanian shillingugandan shilling
shipment	dispatchdespatchcargoladingfreightloadloadingpayloadconsignment
shiver	trembleshakefrissonchillquivershudderthrilltinglethrob
shopkeeper	tradesmanstorekeepermarket keeper
shortcoming	defect
shorthand	stenographytachygraphy
shrewd	astutesharpcalculatingcalculativeconnivingscheming
sideways	crabwisesidelongobliquelysidewaysidewise
siege	besiegingbeleagueringmilitary blockade
sightseeing	rubber-necking
signify	meanintendstand for
silicon	siatomic number 14
simplicity	chastenessrestraintsimplenesseaseeasinesssimmplenesssimple mindedness
simulate	assumeshamfeignmodelimitatecopy
simultaneous	coincidentcoincidentalcoincidingconcurrentco-occurrentcooccurring
sincere	earnestsolemn
singular	singular formcuriousfunnyoddpeculiarqueerrumrummyremarkableunique
siren	enchantresstemptressdelilahfemme fatale
situated	locatedplacedset
skeleton	skeletal frameframeunderframeskeletal systemsystema skeletaleskeleton in the closetskeleton in the cupboard
skeptic	scepticdoubter
skeptical	disbelievingscepticalunbelievingdoubtingquestioning
sketch	studysurveyresumecartoonvignetteoutlineadumbratechalk out
skillful	niceadeptexpertgoodpracticedproficientskilful
skim	skimmingskim overskim offcream offcreamskipskitterplanescanrakeglance overrun downskimmed
skip	omissionjumppass overskip overskimskitterbound offhophop-skipdecampvamoosecut
slack	slacknessmirequagmirequagmorassslack waterslumpdrop-offfallofffalling offslakeabatelet upslack offdie awayslowslow downslow upslackenslack uprelaxlaxloose
slaughter	massacremass murdercarnagebutcherythrashingwallopingdebacledrubbingtrouncingwhippingmow downbutcher
slender	slightslimsveltethin
slim	reducemelt offslenderizethinslim downslenderslightsvelte
slipper	carpet slipperskidderslider
slippery	slippytricky
slit	cuntpusspussysnatchtwatincisionscratchprickdentslice
slogan	mottocatchwordshibboleth
slot	one-armed banditexpansion slottime slot
slum	slum area
sly	craftycunningdodgyfoxyguilefulknavishslicktricksytrickywily
smog	smogginess
snack	bitecollationnosh
snatch	catchgrabsnapkidnappingcuntpusspussyslittwatbitsnatch upkidnapnobbleabduct
sneak	finksnitchsnitcherstoolpigeonstool pigeonstooliesneakercanaryprowlerstalkermousecreeppussyfootslippilfercabbagepurloinpinchabstractsnarfswipehookfilchnobblelift
sneeze	sneezingsternutation
sniff	snuffsnifflewhiff
snob	prigsnotsnoot
snowstorm	blizzard
soak	soakingsoakagedrenchdousedowsesopsouseimbueinebriatehit it upintoxicateoverchargesurchargegazumpfleeceplumepluckrobhookpawnhock
soar	zoomsailplanesoar upsoar upwardssurgehang glide
soaring	glideglidingsailplaningsailingeminentloftytowering
sob	sobbingassholebastardcocksuckerdickheadshitmother fuckermotherfuckerprickwhoresonson of a bitchshortness of breathbreathlessness
sober	sober updrabsombersombregravesedatesolemnunplayfulserious
sociable	socialmixer
soda	popsoda popsoda watertonicsodium carbonatewashing sodasal sodasoda ash
sofa	couchlounge
solemn	earnestsinceregravesedatesober
solitary	hermitreclusesolitudinariantroglodytesolitary confinementlonelyunfrequentedlone(a)lonely(a)alone(p)nongregariousnonsocial
solitude	purdah
solo	aloneunaccompanied
sophomore	soph
sore	huffymadsensitiverawtenderafflictivepainful
sorrow	griefregretrueruefulnesssadnesssorrowfulnessgrieve
sour	sournessaciditytartnessturnfermentworkacidifyacidulateacetifyranciddarkdourgloweringglummoodymorosesaturninesullenfalseoff-keyoffturned
sovereign	crowned headmonarchsupremeautonomousindependentself-governing
sow	seedinseminatesow in
spacecraft	ballistic capsulespace vehicle
spaceship	starship
spacious	roomybroadwide
span	straddlebridgecouplepairtwosometwainbraceyokecoupletdistichduoduetdyadduadcrosstraversesweep
spark	sparkletwinklelightflickerglintmuriel sparkdame muriel sparkmuriel sarah sparkdischargearcelectric arcelectric dischargetripactuatetriggeractivateset offspark offtrigger offtouch off
sparkle	glitterglisterglistenscintillationtwinklesparklightcoruscationscintillatecoruscatefoamfrothfizzeffervesceform bubbles
spear	lanceshaftgigfizgigfishgigspear up
speciality	specializationspecialisationspecialtyspecialismpeculiarityspecialnessdistinctivenessfortestrong suitlong suitmetierstrong pointstrength
spectator	spectator pumpwitnessviewerwatcherlooker
speculate	chew overthink overmeditateponderexcogitatecontemplatemusereflectmullmull overruminatetheorizetheoriseconjecturehypothesizehypothesisehypothecatesupposejob
spicy	bluegamygameyjuicynaughtyracyrisquehot
spider	wanderer
spiral	coilvolutewhorlhelixgyratecorkscrewcoilinghelicalspiralingvolutedwhorledturbinate
spit	spittingexpectorationsalivaspittletongueptyalizeptyalisespewspuespit outskewersprinklespatterpatterpitter-patter
splash	splashingspatterspatteringsplatteringplashdabsplatterstirsploshswashsprinklesquelchsquishsloshslopslush
sponge	poriferanparazoanleechparasitespongerquick studymoochbumcadgegrub
spontaneous	ad-libunwrittenself-generated
sportsman	sportsportswoman
sprinkle	sprinklingspargescatteringbesprinklesplashsploshscatterdotdustdispersespitspatterpatterpitter-patter
sprout	stockshootspudgerminatepullulatebourgeonburgeon forth
spur	branch linespur trackgadgoadgoadingprodproddingurgingspurringspineacantha
spy	undercover agentstagsnoopsleuthdescryspotespysight
stab	shotthrustknife thrustpangtwingejabprodpokedigknife
stagger	lurchstumbledistributereelkeelswagcareenflounder
staggering	astonishingastoundingstupefying
stain	blotsmearsmirchspotdiscolorationdiscolourationmarkstigmabranddirtfilthgrimesoilgreasegrungetarnishmaculatesullydefile
staircase	stairway
stale	colddustymoth-eaten
stalk	angry walkstalkingstill huntstemchaffhuskshuckstrawstubblehaunt
stall	stallingboothcubiclekioskcarrelcarrellstandsales boothconkprocrastinatedrag one's feetdrag one's heelsshillyshallydilly-dallydillydally
standpoint	point of viewviewpointstand
staple	basicraw materialstaple fiberstaple fibre
startle	jumpstartgalvanizegalvanise
starve	famishhungercravethirstlust
statesman	solonnational leader
static	atmosphericsatmospheric staticstableunchanginginactivemotionlessstillelectrostatic
stationery	letter paper
steamer	soft-shell clamsteamer clamlong-neck clammya arenariasteamshipsteam
steer	bullocktipleadconfidential informationwindhintmaneuvermanoeuvermanoeuvredirectpointheadguidechannelizechannelise
stereo	stereophonystereo systemstereophonic systemstereoscopic picturestereoscopic photographstereophonictwo-channel
stereotype	pigeonholestamp
stereotyped	stereotypicstereotypicalunimaginative
stern	after partquarterpooptailbuttocksnatesarsebuttbacksidebumbunscanfundamenthindquartershind endkeisterposteriorpratrearrear endrumpseattail endtooshietushbottombehindderrierefannyassisaac sternstrictexactingausteregriminexorablerelentlessunappeasableunforgivingunrelentingseverestark
steward	custodiankeepershop stewardflight attendant
sticky	glueyglutinousgummymucilaginouspastyviscidviscousawkwardembarrassingunenviablemuggysteamy
sting	sting operationbuncobunco gamebunkobunko gameconconfidence trickconfidence gamecon gamehustleflimflambiteinsect bitepangstingingstickprickburntwinge
stool	toiletcancommodecrapperpotpottythronefecal matterfaecal matterfecesfaecesbmorduredejectiondefecateshittake a shittake a crapca-cacrapmaketiller
stoop	stoepstoupcrouchbendbowcondescendlower oneself
storey	floorlevelstory
strap	shoulder strapflogweltwhiplatherlashslashtrounce
strawberry	strawberry markhemangioma simplex
strenuous	arduousstraining
stride	pacetreadfootstepstep
strife	discord
stripe	bandbandingstreakbarchevronstripesgrade insignia
strive	reachstrainendeavorendeavour
stroll	amblepromenadesaunterperambulation
stubborn	obstinateunregeneraterefractory
stun	stupefysandbagbedazedaze
stunning	arrestingsensational
sturdy	toughuncompromisinginflexiblehardystalwartstout
subjective	immanent
submarine	pigboatsubu-boatbombergrinderherohero sandwichhoagiehoagycuban sandwichitalian sandwichpoor boysubmarine sandwichtorpedowedgezepundersea
submerge	inundatedelugedrownoverwhelmsubmerse
subordinate	hyponymsubordinate wordsubsidiaryunderlingfoot soldiersubduedependentlow-level
subscribe	supportsignsubscribe totakepledge
subsidize	subsidise
substitute	replacementstand-inreliefrelieverbackupbackup manfill-inreservesecond-stringerreplaceinterchangeexchangesubstand infill indeputizedeputisestep inersatzalternatealternative
subtract	deducttake off
subway	metrotubeundergroundsubway systemunderpass
suffice	doanswerserve
sufficiency	adequacyenough
sulfur	ssulphuratomic number 16
summarize	sum upsummariseresumesum
summon	mobilizemobilisemarshalsummonscitemusterrallycome upmuster upcall up
sunrise	dawndawningmorningaurorafirst lightdaybreakbreak of daybreak of the daydayspringsunupcockcrow
sunset	sundown
sunshine	cheerfulnesscheersunninessfair weathertemperatenesssunlightsun
superficial	casualcursorypassing(a)perfunctorytrivial
superfluous	excessextraredundantsparesupererogatorysupernumerarysurplusotiosepointlesspurposelesssenselesswasted
superiority	high qualityfavorable positionfavourable positiontranscendencetranscendency
supersonic	ultrasonic
superstition	superstitious notion
supervise	monitoroverseesuperintendmanage
suppress	stamp downsubdueconquerrepressinhibitbottle upoppresscrush
surge	upsurgebillowrushspatescendtidesoarsoar upsoar upwardszoomheave
surname	family namecognomenlast name
surpass	outstripoutmatchoutgoexceedoutdosurmountoutperformtravel bypass bygo pastgo bypasstranscendexcelstand out
surplus	excesssurplusagenimietyextraredundantsparesupererogatorysuperfluoussupernumerary
surrender	capitulationfallgiving upyieldingresignationgive upcededeliver
surroundings	environmentenvironssurroundmilieu
swamp	swamplanddelugefloodinundatedrench
swan	affirmverifyassertavowaverswearrollwanderstraytramproamcastrambleroverangedriftvagabond
swarm	clouddrovehordepourstreamteempullulate
sway	rockcareentiltshakeswingcarrypersuade
sweater	jumperperspirer
swell	crestless wavedandydudefopgallantsheikbeaufashion plateclotheshorseswell upintumescetumefytumescewellpuff upwell upbang-upbullycorkingcrackinggreatgroovykeenneatniftynot bad(p)peachyslap-upsmashingold(a)
swift	western fence lizardblue-bellysceloporus occidentalisjonathan swiftdean swiftgustavus franklin swiftfleet
symmetry	isotropysymmetricalnesscorrespondencebalanceproportion
sympathize	sympathiseempathizeempathiseunderstandcommiserate
symphony	symphonic musicsymphony orchestraphilharmonic
synchronize	synchronisesynccontemporizecontemporise
synthesis	deductiondeductive reasoningsynthetic thinking
synthetic	synthetic substancesyntheticalcelluloidman-madesemisynthetic
tablet	pilllozengetabpadpad of paper
taboo	tabuforbiddenout(p)prohibitedproscribedverboten
tailor	seamstersartororientsewtailor-makecut
tame	chastensubduedomesticatedomesticizedomesticisereclaimcultivatenaturalizenaturalisetone downmoderatemeektamed
tan	topaztangentsuntansunburnburnbronze
tangle	snarlmazeentanglemattousledishevelravelknotembroilsweepsweep updragdrag in
tanker	oil tankeroilertank shiptank driver
tar	marinerseamanjack-tarjackold saltseafarergobsea dogpitch
tariff	duty
tease	teasingribbingtantalizationcoquetteflirtvampvamperminxprickteaserteaserannoyervexerfluffrazzragcodtantalizetantalisebaittaunttwitrallyridecardtease apartloosenbadgerpesterbugbeleaguer
tedious	long-windedverbosewindywordyboringdeadeningdullho-humirksomeslowtiresomewearisome
telegram	wire
telegraph	telegraphycablewire
temper	biliousnessirritabilitypeevishnesspettishnesssnappishnesssurlinesstoughnesspiqueirritationmoodhumorhumourchastenseasonmollifymoderatehardenannealnormalize
temperament	disposition
temperamental	erraticmoody
tempo	pacingpace
temptation	enticement
tense	straintense up
tentative	probationaryprovisionalprovisionarydoubtful
terminate	enddisplacefiregive noticecandismissgive the axesend awaysackforce outgive the sackstopfinishcease
terrify	terrorizeterrorise
textile	fabricclothmaterial
thereafter	thenceforth
thermal	thermiccaloric
thirst	hungerhungrinessthirstinesscravestarvelust
thorn	irritantspineprickleprickerstickerspikelet
thorough	exhaustivethoroughgoing
thoughtful	heedfulattentivepaying attentionserious-minded
thread	screw threadyarntrain of thoughtribbonstringdrawweavewindmeanderwander
threshold	doorsilldoorstepdoorwaydoorroom accesslimenbrinkverge
thrift	parsimonyparsimoniousnesspenny-pinching
thrifty	careful
thrill	frissonshiverchillquivershuddertinglebangbootchargerushflushkickticklevibrateexhilaratetickle pinkinebriateexaltbeatifythrob
thrive	boomflourishexpandprosperfly high
throne	toiletcancommodecrapperpotpottystoolenthrone
thrust	drivedriving forcejabjabbingpokepokingthrustingstabknife thrustpushforcepiercethrowlungehurlhurtlestuffshovesqueezepush up
thunder	big hhell dustnose dropssmackskagscagboomroarroaring
tick	check markchecktickingcheck offmarkmark offtick offretickticktockticktackbeatclick
tidy	tidy upclean upneatenstraightenstraighten outsquare awaygoodlygoodishhealthyheftyrespectablesizablesizeablekempt
tiger	panthera tigris
tilt	rockcareenswaylistinclinationleanleaningcontroversycontentioncontestationdisputationdisceptationargumentarguingjoustcantcant overslantpitchwobbleshifttipangle
timely	seasonablewell-timed(a)well timed(p)seasonablywell-timedapropos
timid	cautiousfaintfaintheartedfaint-hearteddiffidentshyunsure
tiresome	boringdeadeningdullho-humirksomeslowtediouswearisome
toast	pledgegonercrispencrispdrinksalutewassail
token	keepsakesouvenirrelicitem
tolerance	permissivenessallowanceleewaymargin
tolerant	broadlarge-mindedliberalkindpatient ofresistant
toll	pricecostbell
tomb	grave
torch	blowtorchblowlampflashlightcommon mulleingreat mulleinaaron's rodflannel mulleinwoolly mulleinverbascum thapsus
torment	badgeringworryingbedevilmentcurseagonytortureanguishharassmentexcruciaterackragbedevilcrucifydunfrustrate
torrent	violent streamdownpourcloudburstdelugewaterspoutpeltersoakerfloodinundation
torture	torturingdistortionoverrefinementstrainingtwistingagonytormentanguishexcruciaterack
tow	towage
trademark	hallmarkearmarkstylemarkbrandbrandmark
traitor	double-crosserdouble-dealertwo-timerbetrayertreasonist
tram	streetcartramcartrolleytrolley cartramwayaerial tramwaycable tramwayropeway
tramp	hikehikingtramp steamerhikertramperswingerhobobumrollwanderswanstrayroamcastrambleroverangedriftvagabondslogfootslogplodtrudgepad
transcend	exceedoversteppassgo pasttopsurpass
transcendent	surpassing
transcendental	nonnaturalotherworldlypreternatural
transient	transeuntephemeralpassingshort-livedtransitoryfugacious
transistor	junction transistorelectronic transistor
transmit	airsendbroadcastbeamtransfertransportchannelchannelizechanneliseimpartconductconveycarrycommunicate
transparent	crystallinecrystal clearlimpidlucidpellucidguilelessdiaphanousfilmygauzygauze-likegossamersee-throughsheervaporousvapourouscobwebby
transplant	transplantationtransplantingorgan transplantgrafttransfertranspose
treason	treacherybetrayalperfidyhigh treasonlese majestysubversivenesstraitorousness
trench	deepoceanic abyssditchimpingeencroachentrench
triangle	triangulumtrigontrilateral
trifle	trivialitytriviasmall beerdallyplayfrivolpiddlewantonwanton awaypiddle away
trim	trimmingclippingpassementerietrimnessreducecut downcut backtrim downtrim backcutbring downshaveparesnipclipcroplopdressprunegarnishsparetailoredclean-cuttrigshipshapewell-kept
triple	three-base hitthree-baggertriotriadtriplettrebleternarytriplexthreefoldthree-fold
trivial	fiddlingfootlinglilliputianlittlenigglingpiddlingpifflingpettypicayunesuperficial
trolley	streetcartramtramcartrolley car
tropic	tropical
troupe	company
trumpet	cornethorntrump
tub	bathtubbathing tubvattubful
tug	jerktugboattowboattowerlugtotelaborlabourpushdrive
tuition	tutelagetutorshiptuition fee
tumble	spillfallcatch onget wiseget ontolatch oncotton ontwigget ittopplecrumblecrumplebreak downcollapsewhirlwhirl aroundtip
turbulent	churningroilingroiledroilydisruptiveriotoustroubledtumultuous
twinkle	sparklesparklightscintillationsparklingflashblinkwinkwinklescintillate
ultraviolet	ultraviolet radiationultraviolet lightultraviolet illuminationuv
unanimous	consentaneousconsentientsolidwhole
underestimate	underestimationunderratingunderreckoningunderratelowballundervalue
undergraduate	undergrad
underline	underscoreemphasizeemphasise
undesirable	unwantedunsuitable
undo	unwrapuntieloosenunmake
uneasy	awkwardill at ease(p)restlessanxiousnervousqueasyunquiet
unfold	blossomblossom outblossom forthspreadspread outopenstretchstretch outextend
unify	unitemergemixminglecommixamalgamate
unload	unladeoffloaddropdrop offset downput downdischarge
upgrade	riserising slopeascentacclivityraiseclimbpromoteadvancekick upstairselevate
uphold	maintaincontinuecarry onbear onpreserve
upright	upright pianoverticalunslopederectgoodjust
uproar	hubbubbrouhahakatzenjammertumulttumultuousnessgarboil
upward	upupwardsupwardly
usage	customusanceuseutilizationutilisationemploymentexercise
utmost	uttermostmaximumlevel bestfarthermostfarthestfurthermostfurthestlast
utter	expressverbalizeverbalisegive tongue totalkspeakmouthemitlet outlet looseblank
vacuum	vacuum cleanervacuityvoidvacancyemptinessvacuum-cleanhoover
vain	bootlessfruitlessfutilesleevelessconceitedegotisticegotisticalself-conceitedswollenswollen-headed
vanity	dressing tabledressertoilet tableconceitconceitednessemptinessamour propreself-love
vapour	vaporizationvaporisationvaporevaporation
vegetation	florabotany
veil	head coveringhumeral veilcaulembryonic membranevelumobscureblot outobliteratehide
velocity	speed
velvet	velvetyvelvet-textured
ventilate	ventair outairgive vent
verge	brinksceptersceptrewandthreshold
verify	affirmassertavowaverswanswearcontrol
versatile	various
vest	singletundershirtwaistcoatrobeinvestenthrone
veto	forbidprohibitinterdictproscribedisallownixblackballnegative
vibrate	thrilltickleoscillateresonatehovervacillate
vice	frailty
vicinity	localityneighborhoodneighbourhoodneck of the woods
vicious	poisonousvenomousbarbarousbrutalcruelfellroughshodsavagecondemnablecriminaldeplorablereprehensibleevil
viewpoint	point of viewstandstandpointvantage point
vigor	energymuscularityvigourvimdynamismheartinesszip
vinegar	acetum
violet	reddish bluepurplepurplish
violin	fiddle
vivid	intensebrightbrilliantgraphiclifelikepictorial
vocabulary	lexiconmental lexicon
vocation	careercallingoccupational group
void	vacancyemptinessvacuumnothingnessnullitynihilityevacuateemptyinvalidatevitiateannulquashavoidnullifynull
volcano	vent
volleyball	volleyball game
volt	v
voltage	electric potentialpotentialpotential differencepotential dropelectromotive forceemf
vowel	vowel sound
voyage	ocean tripsailnavigate
vulgar	crudeearthygrosscommonvernacularplebeianunwashedcoarserough-cutuncouth
waiter	server
waitress	wait
waken	wake upawakearouseawakenwakecome aliverouse
wallet	billfoldnotecasepocketbook
wardrobe	closetpress
warfare	war
warrant	guaranteewarranteewarrantysanctioncountenanceendorsementindorsementimprimaturstock warrantstock-purchase warrant
waterfall	falls
waterproof	raincoatrainproofwaterproofed
watt	james wattw
wax	mountclimbrisefull
weary	tirewear upontire outwearjadewear outoutwearwear downfag outfagfatiguepallaweary
weave	interweavetissuewaverwindthreadmeanderwander
wedge	chockwedge heelhacekbombergrinderherohero sandwichhoagiehoagycuban sandwichitalian sandwichpoor boysubsubmarinesubmarine sandwichtorpedozepwedge shapecuneussqueezeforcelodgestickdeposit
weed	potgrassgreen goddessdopegagesesssenssmokeskunklocoweedmary janemourning band
weep	cry
weld	theodore dwight welddyer's rocketdyer's mignonettereseda luteola
whatsoever	any(a)whatever
whirl	spintwirltwisttwistingcrackflinggopassoffercommotionswirlvortexconvolutionspin aroundreelgyrateeddypurlwhirlpooltumblewhirl aroundbirltwiddle
whistle	pennywhistletin whistlewhistlingsing
whitewash	gloss oversleek overhush up
wicked	severeterribledisgustingdisgustfuldistastefulfoulloathlyloathsomerepellentrepellantrepellingrevoltingskankyyuckysinfulunholyarchimpishimplikemischievouspixilatedprankishpuckish
width	breadth
wink	blinkeye blinkblinkingwinkingnictitationnictationblink of an eyeflashheartbeatinstantjiffysplit secondtricetwinklingnew york minutenictitatenictateblink awaytwinklewinkle
wit	brainbrainpowerlearning abilitymental capacitymentalityhumorhumourwitticismwittinesswagcard
witch	enchantresshagbeldambeldamecronewiccanhexbewitchglamourenchantjinx
withhold	keep backdeductrecoup
withstand	resisthold outstand firmdefyholdhold up
worm	louseinsectdirt ballwrithewrestlewrigglesquirmtwist
worse	worsened
worship	adorationidolizeidolisehero-worshiprevere
worst	pipmop upwhiprack up
worthy	desirablesuitable
wreath	garlandcoronalchapletlei
wreck	crashshipwreckbust upwrack
wrench	spannertwistpullsprainturnwrickrickwring
wretched	miserablehaplessmisfortunatepatheticpiteouspitiablepitifulpoordespicableuglyvileslimyunworthyworthlesssufferingdeplorableexecrablewoeful
wrinkle	furrowcreasecrinkleseamlinerumplecrumplerucklescrunchscrunch upcrisppurse
xerox	xerographic copierxerox machinexerox copyphotocopyrun off
yawn	yawningoscitanceoscitancygapeyaw
yearly	annualyearbookannuallyevery yeareach year
zeal	readinesseagernessforwardnessardorardourelan
zigzag	zigzagcrankzig-zag
zinc	znatomic number 30
zip	slide fastenerzipperzip fastenerenergyvigorvigourzip codepostcodepostal codenothingnilnixnadanullaughtciphercyphergoose eggnaughtzerozilchzippozip uptravel rapidlyspeedhurry
zoom	soarrapid climbrapid growthsoar upsoar upwardssurgezoom alongwhizzwhizz along
